ISO-10303-21;
HEADER;
/* Generated by software containing ST-Developer
 * from STEP Tools, Inc. (www.steptools.com) 
 */

FILE_DESCRIPTION(
/* description */ ('STEP AP214'),
/* implementation_level */ '2;1');

FILE_NAME(
/* name */ 'z tensioner opt bottom.step',
/* time_stamp */ '2026-03-07T13:23:17-05:00',
/* author */ (''),
/* organization */ (''),
/* preprocessor_version */ 'ST-DEVELOPER v20.1',
/* originating_system */ 'Autodesk Translation Framework v14.24.0.0',
/* authorisation */ '');

FILE_SCHEMA (('AUTOMOTIVE_DESIGN { 1 0 10303 214 3 1 1 }'));
ENDSEC;

DATA;
#10=MECHANICAL_DESIGN_GEOMETRIC_PRESENTATION_REPRESENTATION('',(#17),#6902);
#11=ITEM_DEFINED_TRANSFORMATION($,$,#3507,#3733);
#12=(
REPRESENTATION_RELATIONSHIP($,$,#6913,#6912)
REPRESENTATION_RELATIONSHIP_WITH_TRANSFORMATION(#11)
SHAPE_REPRESENTATION_RELATIONSHIP()
);
#13=CONTEXT_DEPENDENT_SHAPE_REPRESENTATION(#12,#6911);
#14=NEXT_ASSEMBLY_USAGE_OCCURRENCE('Component1:1','Component1:1',
'Component1:1',#6915,#6916,'Component1:1');
#15=SHAPE_REPRESENTATION_RELATIONSHIP('SRR','None',#6913,#16);
#16=ADVANCED_BREP_SHAPE_REPRESENTATION('',(#3493),#6901);
#17=STYLED_ITEM('',(#6927),#3493);
#18=ORIENTED_CLOSED_SHELL('',*,#3492,.F.);
#19=CONICAL_SURFACE('',#3562,1.45226682679645,0.778416846389453);
#20=CONICAL_SURFACE('',#3564,1.43125728962179,0.0139626340159916);
#21=CONICAL_SURFACE('',#3569,2.99153864336787,0.0139626340159445);
#22=CONICAL_SURFACE('',#3575,2.75,0.785398163397449);
#23=CONICAL_SURFACE('',#3578,2.57916296257176,0.792379480405462);
#24=CONICAL_SURFACE('',#3581,2.57916296257176,0.79237948040546);
#25=CONICAL_SURFACE('',#3583,2.43125728962106,0.01396263401603);
#26=CONICAL_SURFACE('',#3587,2.57916296257123,0.792379480405463);
#27=CONICAL_SURFACE('',#3590,2.57916296257212,0.79237948040547);
#28=CONICAL_SURFACE('',#3592,2.43125728962141,0.01396263401603);
#29=CONICAL_SURFACE('',#3597,2.72083703742795,0.792379480405419);
#30=CONICAL_SURFACE('',#3600,4.52083703742789,0.792379480405408);
#31=CONICAL_SURFACE('',#3603,4.52083703742789,0.792379480405403);
#32=CONICAL_SURFACE('',#3605,5.27916296257196,0.792379480405464);
#33=CONICAL_SURFACE('',#3608,7.72083703742856,0.79237948040542);
#34=CONICAL_SURFACE('',#3611,5.27916296257304,0.792379480405464);
#35=CONICAL_SURFACE('',#3613,4.52083703742721,0.792379480405413);
#36=CONICAL_SURFACE('',#3616,4.5208370374281,0.792379480405411);
#37=CONICAL_SURFACE('',#3619,2.72083703742882,0.792379480405408);
#38=CONICAL_SURFACE('',#3623,5.13125728962393,0.01396263401603);
#39=CONICAL_SURFACE('',#3626,4.78045104196767,0.013962634015919);
#40=CONICAL_SURFACE('',#3629,4.78045104196856,0.013962634015919);
#41=CONICAL_SURFACE('',#3632,3.00000000638522,0.0139626340159297);
#42=CONICAL_SURFACE('',#3636,1.9,0.785398163397448);
#43=CONICAL_SURFACE('',#3640,2.45,0.785398163397447);
#44=CONICAL_SURFACE('',#3648,3.5,0.0872664625997165);
#45=CONICAL_SURFACE('',#3651,3.72556482329665,0.792379480405421);
#46=CONICAL_SURFACE('',#3658,3.49999999997408,0.698131700807167);
#47=CONICAL_SURFACE('',#3662,2.43125728962106,0.01396263401603);
#48=CONICAL_SURFACE('',#3665,2.43125728962053,0.01396263401603);
#49=CONICAL_SURFACE('',#3668,3.00000000638435,0.0139626340159297);
#50=CONICAL_SURFACE('',#3671,7.92878557689368,0.0139626340159548);
#51=CONICAL_SURFACE('',#3674,5.13125728962284,0.01396263401603);
#52=CONICAL_SURFACE('',#3677,4.78045104196834,0.013962634015919);
#53=CONICAL_SURFACE('',#3680,4.78045104196834,0.013962634015919);
#54=FACE_BOUND('',#649,.T.);
#55=FACE_BOUND('',#652,.T.);
#56=FACE_BOUND('',#653,.T.);
#57=FACE_BOUND('',#654,.T.);
#58=FACE_BOUND('',#655,.T.);
#59=FACE_BOUND('',#656,.T.);
#60=FACE_BOUND('',#665,.T.);
#61=FACE_BOUND('',#712,.T.);
#62=FACE_BOUND('',#714,.T.);
#63=FACE_BOUND('',#719,.T.);
#64=FACE_BOUND('',#720,.T.);
#65=FACE_BOUND('',#740,.T.);
#66=FACE_BOUND('',#742,.T.);
#67=FACE_BOUND('',#804,.T.);
#68=FACE_BOUND('',#806,.T.);
#69=CIRCLE('',#3520,2.52574168456749);
#70=CIRCLE('',#3521,2.52574168456749);
#71=CIRCLE('',#3529,2.83874708933152);
#72=CIRCLE('',#3530,2.83874708933152);
#73=CIRCLE('',#3536,2.75819995823881);
#74=CIRCLE('',#3537,2.75819995823881);
#75=CIRCLE('',#3544,2.56874271037795);
#76=CIRCLE('',#3545,4.36874271037723);
#77=CIRCLE('',#3546,4.36874271037634);
#78=CIRCLE('',#3547,5.43125728962393);
#79=CIRCLE('',#3548,7.56874271037769);
#80=CIRCLE('',#3549,5.43125728962284);
#81=CIRCLE('',#3550,4.36874271037702);
#82=CIRCLE('',#3551,4.36874271037702);
#83=CIRCLE('',#3552,2.56874271037708);
#84=CIRCLE('',#3553,2.9);
#85=CIRCLE('',#3554,2.731257289623);
#86=CIRCLE('',#3555,2.73125728962212);
#87=CIRCLE('',#3556,2.05);
#88=CIRCLE('',#3557,2.73125728962264);
#89=CIRCLE('',#3558,2.73125728962264);
#90=CIRCLE('',#3560,1.5);
#91=CIRCLE('',#3561,1.5);
#92=CIRCLE('',#3563,1.41282531401002);
#93=CIRCLE('',#3565,1.43125728962179);
#94=CIRCLE('',#3568,2.6);
#95=CIRCLE('',#3570,2.9650931880423);
#96=CIRCLE('',#3571,2.99153864330037);
#97=CIRCLE('',#3572,2.86874271037796);
#98=CIRCLE('',#3573,2.99153864330037);
#99=CIRCLE('',#3579,2.42706863552088);
#100=CIRCLE('',#3582,2.42706863552088);
#101=CIRCLE('',#3584,2.31954895802885);
#102=CIRCLE('',#3588,2.42706863552035);
#103=CIRCLE('',#3591,2.42706863552123);
#104=CIRCLE('',#3593,2.31954895802921);
#105=CIRCLE('',#3598,2.87293136447881);
#106=CIRCLE('',#3601,4.67293136447875);
#107=CIRCLE('',#3604,4.67293136447875);
#108=CIRCLE('',#3606,5.12706863552108);
#109=CIRCLE('',#3609,7.87293136447944);
#110=CIRCLE('',#3612,5.12706863552216);
#111=CIRCLE('',#3614,4.67293136447808);
#112=CIRCLE('',#3617,4.67293136447897);
#113=CIRCLE('',#3620,2.87293136447969);
#114=CIRCLE('',#3624,5.01954895803013);
#115=CIRCLE('',#3627,4.78045104196925);
#116=CIRCLE('',#3630,4.78045104197014);
#117=CIRCLE('',#3633,3.00000000000042);
#118=CIRCLE('',#3637,1.75);
#119=CIRCLE('',#3639,1.75);
#120=CIRCLE('',#3641,2.6);
#121=CIRCLE('',#3642,2.3);
#122=CIRCLE('',#3644,2.3);
#123=CIRCLE('',#3646,3.5);
#124=CIRCLE('',#3649,3.67497732705185);
#125=CIRCLE('',#3652,4.486036458551);
#126=CIRCLE('',#3659,3.49999999997408);
#127=CIRCLE('',#3660,3.49999999997408);
#128=CIRCLE('',#3663,2.31954895802885);
#129=CIRCLE('',#3666,2.31954895802832);
#130=CIRCLE('',#3669,3.00000000638435);
#131=CIRCLE('',#3676,5.01954895802905);
#132=CIRCLE('',#3678,4.78045104196993);
#133=CIRCLE('',#3681,4.78045104196993);
#134=CIRCLE('',#3710,0.252574168456749);
#135=CIRCLE('',#3711,0.252574168456749);
#136=CIRCLE('',#3719,0.283874708933152);
#137=CIRCLE('',#3720,0.283874708933152);
#138=CIRCLE('',#3726,0.275819995823882);
#139=CIRCLE('',#3727,0.275819995823882);
#140=CYLINDRICAL_SURFACE('',#3519,2.52574168456749);
#141=CYLINDRICAL_SURFACE('',#3528,2.83874708933152);
#142=CYLINDRICAL_SURFACE('',#3535,2.75819995823881);
#143=CYLINDRICAL_SURFACE('',#3559,1.5);
#144=CYLINDRICAL_SURFACE('',#3567,2.6);
#145=CYLINDRICAL_SURFACE('',#3638,1.75);
#146=CYLINDRICAL_SURFACE('',#3643,2.3);
#147=CYLINDRICAL_SURFACE('',#3709,0.252574168456749);
#148=CYLINDRICAL_SURFACE('',#3718,0.283874708933152);
#149=CYLINDRICAL_SURFACE('',#3725,0.275819995823882);
#150=PLANE('',#3516);
#151=PLANE('',#3538);
#152=PLANE('',#3541);
#153=PLANE('',#3542);
#154=PLANE('',#3543);
#155=PLANE('',#3566);
#156=PLANE('',#3574);
#157=PLANE('',#3576);
#158=PLANE('',#3577);
#159=PLANE('',#3580);
#160=PLANE('',#3585);
#161=PLANE('',#3586);
#162=PLANE('',#3589);
#163=PLANE('',#3594);
#164=PLANE('',#3595);
#165=PLANE('',#3596);
#166=PLANE('',#3599);
#167=PLANE('',#3602);
#168=PLANE('',#3607);
#169=PLANE('',#3610);
#170=PLANE('',#3615);
#171=PLANE('',#3618);
#172=PLANE('',#3621);
#173=PLANE('',#3622);
#174=PLANE('',#3628);
#175=PLANE('',#3631);
#176=PLANE('',#3634);
#177=PLANE('',#3635);
#178=PLANE('',#3645);
#179=PLANE('',#3647);
#180=PLANE('',#3650);
#181=PLANE('',#3653);
#182=PLANE('',#3654);
#183=PLANE('',#3655);
#184=PLANE('',#3656);
#185=PLANE('',#3657);
#186=PLANE('',#3661);
#187=PLANE('',#3664);
#188=PLANE('',#3667);
#189=PLANE('',#3670);
#190=PLANE('',#3673);
#191=PLANE('',#3679);
#192=PLANE('',#3682);
#193=PLANE('',#3683);
#194=PLANE('',#3684);
#195=PLANE('',#3685);
#196=PLANE('',#3686);
#197=PLANE('',#3687);
#198=PLANE('',#3688);
#199=PLANE('',#3689);
#200=PLANE('',#3690);
#201=PLANE('',#3691);
#202=PLANE('',#3692);
#203=PLANE('',#3693);
#204=PLANE('',#3694);
#205=PLANE('',#3695);
#206=PLANE('',#3696);
#207=PLANE('',#3697);
#208=PLANE('',#3706);
#209=PLANE('',#3728);
#210=PLANE('',#3731);
#211=PLANE('',#3732);
#212=ELLIPSE('',#3508,1.6702162224775,1.52787423223202);
#213=ELLIPSE('',#3509,1.6702162224775,1.52787423223202);
#214=ELLIPSE('',#3510,1.62558814874365,1.38696057574437);
#215=ELLIPSE('',#3511,1.62558814874365,1.38696057574437);
#216=ELLIPSE('',#3512,2.9549969406202,2.08946934099219);
#217=ELLIPSE('',#3513,2.9549969406202,2.08946934099219);
#218=ELLIPSE('',#3514,1.17592274930693,0.448944090214681);
#219=ELLIPSE('',#3515,1.17592274930693,0.448944090214681);
#220=ELLIPSE('',#3517,3.50842338438042,2.99925233002631);
#221=ELLIPSE('',#3518,3.50842338438042,2.99925233002631);
#222=ELLIPSE('',#3522,4.06828346466655,3.23965208823794);
#223=ELLIPSE('',#3523,4.06828346466655,3.23965208823794);
#224=ELLIPSE('',#3524,3.67669248022047,3.15788000340488);
#225=ELLIPSE('',#3525,3.67669248022047,3.15788000340488);
#226=ELLIPSE('',#3526,3.22455757066441,2.88800217528004);
#227=ELLIPSE('',#3527,3.22455757066441,2.88800217528004);
#228=ELLIPSE('',#3531,3.59464207394172,3.04496900395142);
#229=ELLIPSE('',#3532,3.59464207394172,3.04496900395142);
#230=ELLIPSE('',#3533,3.39285731911461,2.96437443454178);
#231=ELLIPSE('',#3534,3.39285731911461,2.96437443454178);
#232=ELLIPSE('',#3539,2.60918977389338,1.97366722890547);
#233=ELLIPSE('',#3540,2.60918977389338,1.97366722890547);
#234=ELLIPSE('',#3625,5.07128713120543,5.07079270607125);
#235=ELLIPSE('',#3672,7.92920067645537,7.92842761905494);
#236=ELLIPSE('',#3675,5.0712871312077,5.0707927060772);
#237=ELLIPSE('',#3698,0.16702162224775,0.152787423223202);
#238=ELLIPSE('',#3699,0.16702162224775,0.152787423223202);
#239=ELLIPSE('',#3700,0.162558814874365,0.138696057574437);
#240=ELLIPSE('',#3701,0.162558814874365,0.138696057574437);
#241=ELLIPSE('',#3702,0.29549969406202,0.208946934099219);
#242=ELLIPSE('',#3703,0.29549969406202,0.208946934099219);
#243=ELLIPSE('',#3704,0.117592274930693,0.0448944090214681);
#244=ELLIPSE('',#3705,0.117592274930693,0.0448944090214681);
#245=ELLIPSE('',#3707,0.350842338438042,0.299925233002631);
#246=ELLIPSE('',#3708,0.350842338438042,0.299925233002631);
#247=ELLIPSE('',#3712,0.406828346466655,0.323965208823794);
#248=ELLIPSE('',#3713,0.406828346466655,0.323965208823794);
#249=ELLIPSE('',#3714,0.367669248022047,0.315788000340488);
#250=ELLIPSE('',#3715,0.367669248022047,0.315788000340488);
#251=ELLIPSE('',#3716,0.322455757066441,0.288800217528004);
#252=ELLIPSE('',#3717,0.322455757066441,0.288800217528004);
#253=ELLIPSE('',#3721,0.359464207394172,0.304496900395142);
#254=ELLIPSE('',#3722,0.359464207394172,0.304496900395142);
#255=ELLIPSE('',#3723,0.339285731911461,0.296437443454178);
#256=ELLIPSE('',#3724,0.339285731911461,0.296437443454178);
#257=ELLIPSE('',#3729,0.260918977389338,0.197366722890547);
#258=ELLIPSE('',#3730,0.260918977389338,0.197366722890547);
#259=(
BOUNDED_CURVE()
B_SPLINE_CURVE(3,(#4531,#4532,#4533,#4534),.UNSPECIFIED.,.F.,.F.)
B_SPLINE_CURVE_WITH_KNOTS((4,4),(0.,1.),.UNSPECIFIED.)
CURVE()
GEOMETRIC_REPRESENTATION_ITEM()
RATIONAL_B_SPLINE_CURVE((1.,1.,1.,1.))
REPRESENTATION_ITEM('')
);
#260=(
BOUNDED_CURVE()
B_SPLINE_CURVE(3,(#4537,#4538,#4539,#4540),.UNSPECIFIED.,.F.,.F.)
B_SPLINE_CURVE_WITH_KNOTS((4,4),(0.,1.),.UNSPECIFIED.)
CURVE()
GEOMETRIC_REPRESENTATION_ITEM()
RATIONAL_B_SPLINE_CURVE((1.,1.,1.,1.))
REPRESENTATION_ITEM('')
);
#261=(
BOUNDED_CURVE()
B_SPLINE_CURVE(3,(#4550,#4551,#4552,#4553),.UNSPECIFIED.,.F.,.F.)
B_SPLINE_CURVE_WITH_KNOTS((4,4),(0.,1.),.UNSPECIFIED.)
CURVE()
GEOMETRIC_REPRESENTATION_ITEM()
RATIONAL_B_SPLINE_CURVE((1.,1.,1.,1.))
REPRESENTATION_ITEM('')
);
#262=(
BOUNDED_CURVE()
B_SPLINE_CURVE(3,(#4556,#4557,#4558,#4559),.UNSPECIFIED.,.F.,.F.)
B_SPLINE_CURVE_WITH_KNOTS((4,4),(0.,1.),.UNSPECIFIED.)
CURVE()
GEOMETRIC_REPRESENTATION_ITEM()
RATIONAL_B_SPLINE_CURVE((1.,1.,1.,1.))
REPRESENTATION_ITEM('')
);
#263=(
BOUNDED_CURVE()
B_SPLINE_CURVE(3,(#4569,#4570,#4571,#4572),.UNSPECIFIED.,.F.,.F.)
B_SPLINE_CURVE_WITH_KNOTS((4,4),(0.,1.),.UNSPECIFIED.)
CURVE()
GEOMETRIC_REPRESENTATION_ITEM()
RATIONAL_B_SPLINE_CURVE((1.,1.,1.,1.))
REPRESENTATION_ITEM('')
);
#264=(
BOUNDED_CURVE()
B_SPLINE_CURVE(3,(#4575,#4576,#4577,#4578),.UNSPECIFIED.,.F.,.F.)
B_SPLINE_CURVE_WITH_KNOTS((4,4),(0.,1.),.UNSPECIFIED.)
CURVE()
GEOMETRIC_REPRESENTATION_ITEM()
RATIONAL_B_SPLINE_CURVE((1.,1.,1.,1.))
REPRESENTATION_ITEM('')
);
#265=(
BOUNDED_CURVE()
B_SPLINE_CURVE(3,(#4588,#4589,#4590,#4591),.UNSPECIFIED.,.F.,.F.)
B_SPLINE_CURVE_WITH_KNOTS((4,4),(0.,1.),.UNSPECIFIED.)
CURVE()
GEOMETRIC_REPRESENTATION_ITEM()
RATIONAL_B_SPLINE_CURVE((1.,1.,1.,1.))
REPRESENTATION_ITEM('')
);
#266=(
BOUNDED_CURVE()
B_SPLINE_CURVE(3,(#4594,#4595,#4596,#4597),.UNSPECIFIED.,.F.,.F.)
B_SPLINE_CURVE_WITH_KNOTS((4,4),(0.,1.),.UNSPECIFIED.)
CURVE()
GEOMETRIC_REPRESENTATION_ITEM()
RATIONAL_B_SPLINE_CURVE((1.,1.,1.,1.))
REPRESENTATION_ITEM('')
);
#267=(
BOUNDED_CURVE()
B_SPLINE_CURVE(3,(#4607,#4608,#4609,#4610),.UNSPECIFIED.,.F.,.F.)
B_SPLINE_CURVE_WITH_KNOTS((4,4),(0.,1.),.UNSPECIFIED.)
CURVE()
GEOMETRIC_REPRESENTATION_ITEM()
RATIONAL_B_SPLINE_CURVE((1.,1.,1.,1.))
REPRESENTATION_ITEM('')
);
#268=(
BOUNDED_CURVE()
B_SPLINE_CURVE(3,(#4613,#4614,#4615,#4616),.UNSPECIFIED.,.F.,.F.)
B_SPLINE_CURVE_WITH_KNOTS((4,4),(0.,1.),.UNSPECIFIED.)
CURVE()
GEOMETRIC_REPRESENTATION_ITEM()
RATIONAL_B_SPLINE_CURVE((1.,1.,1.,1.))
REPRESENTATION_ITEM('')
);
#269=(
BOUNDED_CURVE()
B_SPLINE_CURVE(3,(#4626,#4627,#4628,#4629),.UNSPECIFIED.,.F.,.F.)
B_SPLINE_CURVE_WITH_KNOTS((4,4),(0.0362016358774113,1.),.UNSPECIFIED.)
CURVE()
GEOMETRIC_REPRESENTATION_ITEM()
RATIONAL_B_SPLINE_CURVE((1.,1.,1.,1.))
REPRESENTATION_ITEM('')
);
#270=(
BOUNDED_CURVE()
B_SPLINE_CURVE(3,(#4632,#4633,#4634,#4635),.UNSPECIFIED.,.F.,.F.)
B_SPLINE_CURVE_WITH_KNOTS((4,4),(0.0362016358774113,1.),.UNSPECIFIED.)
CURVE()
GEOMETRIC_REPRESENTATION_ITEM()
RATIONAL_B_SPLINE_CURVE((1.,1.,1.,1.))
REPRESENTATION_ITEM('')
);
#271=(
BOUNDED_CURVE()
B_SPLINE_CURVE(3,(#4664,#4665,#4666,#4667),.UNSPECIFIED.,.F.,.F.)
B_SPLINE_CURVE_WITH_KNOTS((4,4),(0.,1.),.UNSPECIFIED.)
CURVE()
GEOMETRIC_REPRESENTATION_ITEM()
RATIONAL_B_SPLINE_CURVE((1.,1.,1.,1.))
REPRESENTATION_ITEM('')
);
#272=(
BOUNDED_CURVE()
B_SPLINE_CURVE(3,(#4670,#4671,#4672,#4673),.UNSPECIFIED.,.F.,.F.)
B_SPLINE_CURVE_WITH_KNOTS((4,4),(0.,1.),.UNSPECIFIED.)
CURVE()
GEOMETRIC_REPRESENTATION_ITEM()
RATIONAL_B_SPLINE_CURVE((1.,1.,1.,1.))
REPRESENTATION_ITEM('')
);
#273=(
BOUNDED_CURVE()
B_SPLINE_CURVE(3,(#4778,#4779,#4780,#4781),.UNSPECIFIED.,.F.,.F.)
B_SPLINE_CURVE_WITH_KNOTS((4,4),(0.,1.),.UNSPECIFIED.)
CURVE()
GEOMETRIC_REPRESENTATION_ITEM()
RATIONAL_B_SPLINE_CURVE((1.,1.,1.,1.))
REPRESENTATION_ITEM('')
);
#274=(
BOUNDED_CURVE()
B_SPLINE_CURVE(3,(#4784,#4785,#4786,#4787),.UNSPECIFIED.,.F.,.F.)
B_SPLINE_CURVE_WITH_KNOTS((4,4),(0.,1.),.UNSPECIFIED.)
CURVE()
GEOMETRIC_REPRESENTATION_ITEM()
RATIONAL_B_SPLINE_CURVE((1.,1.,1.,1.))
REPRESENTATION_ITEM('')
);
#275=(
BOUNDED_CURVE()
B_SPLINE_CURVE(3,(#4797,#4798,#4799,#4800),.UNSPECIFIED.,.F.,.F.)
B_SPLINE_CURVE_WITH_KNOTS((4,4),(0.,1.),.UNSPECIFIED.)
CURVE()
GEOMETRIC_REPRESENTATION_ITEM()
RATIONAL_B_SPLINE_CURVE((1.,1.,1.,1.))
REPRESENTATION_ITEM('')
);
#276=(
BOUNDED_CURVE()
B_SPLINE_CURVE(3,(#4803,#4804,#4805,#4806),.UNSPECIFIED.,.F.,.F.)
B_SPLINE_CURVE_WITH_KNOTS((4,4),(0.,1.),.UNSPECIFIED.)
CURVE()
GEOMETRIC_REPRESENTATION_ITEM()
RATIONAL_B_SPLINE_CURVE((1.,1.,1.,1.))
REPRESENTATION_ITEM('')
);
#277=(
BOUNDED_CURVE()
B_SPLINE_CURVE(3,(#4865,#4866,#4867,#4868),.UNSPECIFIED.,.F.,.F.)
B_SPLINE_CURVE_WITH_KNOTS((4,4),(0.0373110261308425,1.),.UNSPECIFIED.)
CURVE()
GEOMETRIC_REPRESENTATION_ITEM()
RATIONAL_B_SPLINE_CURVE((1.,1.,1.,1.))
REPRESENTATION_ITEM('')
);
#278=(
BOUNDED_CURVE()
B_SPLINE_CURVE(3,(#4871,#4872,#4873,#4874),.UNSPECIFIED.,.F.,.F.)
B_SPLINE_CURVE_WITH_KNOTS((4,4),(0.0373110261308425,1.),.UNSPECIFIED.)
CURVE()
GEOMETRIC_REPRESENTATION_ITEM()
RATIONAL_B_SPLINE_CURVE((1.,1.,1.,1.))
REPRESENTATION_ITEM('')
);
#279=(
BOUNDED_CURVE()
B_SPLINE_CURVE(3,(#4884,#4885,#4886,#4887),.UNSPECIFIED.,.F.,.F.)
B_SPLINE_CURVE_WITH_KNOTS((4,4),(-1.,-0.180924469168394),.UNSPECIFIED.)
CURVE()
GEOMETRIC_REPRESENTATION_ITEM()
RATIONAL_B_SPLINE_CURVE((1.,1.,1.,1.))
REPRESENTATION_ITEM('')
);
#280=(
BOUNDED_CURVE()
B_SPLINE_CURVE(3,(#4890,#4891,#4892,#4893),.UNSPECIFIED.,.F.,.F.)
B_SPLINE_CURVE_WITH_KNOTS((4,4),(-1.,-0.180924469168394),.UNSPECIFIED.)
CURVE()
GEOMETRIC_REPRESENTATION_ITEM()
RATIONAL_B_SPLINE_CURVE((1.,1.,1.,1.))
REPRESENTATION_ITEM('')
);
#281=(
BOUNDED_CURVE()
B_SPLINE_CURVE(3,(#4903,#4904,#4905,#4906),.UNSPECIFIED.,.F.,.F.)
B_SPLINE_CURVE_WITH_KNOTS((4,4),(0.,1.),.UNSPECIFIED.)
CURVE()
GEOMETRIC_REPRESENTATION_ITEM()
RATIONAL_B_SPLINE_CURVE((1.,1.,1.,1.))
REPRESENTATION_ITEM('')
);
#282=(
BOUNDED_CURVE()
B_SPLINE_CURVE(3,(#4909,#4910,#4911,#4912),.UNSPECIFIED.,.F.,.F.)
B_SPLINE_CURVE_WITH_KNOTS((4,4),(0.,1.),.UNSPECIFIED.)
CURVE()
GEOMETRIC_REPRESENTATION_ITEM()
RATIONAL_B_SPLINE_CURVE((1.,1.,1.,1.))
REPRESENTATION_ITEM('')
);
#283=(
BOUNDED_CURVE()
B_SPLINE_CURVE(3,(#4922,#4923,#4924,#4925),.UNSPECIFIED.,.F.,.F.)
B_SPLINE_CURVE_WITH_KNOTS((4,4),(0.0050789873113008,1.),.UNSPECIFIED.)
CURVE()
GEOMETRIC_REPRESENTATION_ITEM()
RATIONAL_B_SPLINE_CURVE((1.,1.,1.,1.))
REPRESENTATION_ITEM('')
);
#284=(
BOUNDED_CURVE()
B_SPLINE_CURVE(3,(#4928,#4929,#4930,#4931),.UNSPECIFIED.,.F.,.F.)
B_SPLINE_CURVE_WITH_KNOTS((4,4),(0.00507898731130081,1.),.UNSPECIFIED.)
CURVE()
GEOMETRIC_REPRESENTATION_ITEM()
RATIONAL_B_SPLINE_CURVE((1.,1.,1.,1.))
REPRESENTATION_ITEM('')
);
#285=(
BOUNDED_CURVE()
B_SPLINE_CURVE(3,(#4941,#4942,#4943,#4944),.UNSPECIFIED.,.F.,.F.)
B_SPLINE_CURVE_WITH_KNOTS((4,4),(-1.,-0.0608725872633385),.UNSPECIFIED.)
CURVE()
GEOMETRIC_REPRESENTATION_ITEM()
RATIONAL_B_SPLINE_CURVE((1.,1.,1.,1.))
REPRESENTATION_ITEM('')
);
#286=(
BOUNDED_CURVE()
B_SPLINE_CURVE(3,(#4947,#4948,#4949,#4950),.UNSPECIFIED.,.F.,.F.)
B_SPLINE_CURVE_WITH_KNOTS((4,4),(-1.,-0.0608725872633385),.UNSPECIFIED.)
CURVE()
GEOMETRIC_REPRESENTATION_ITEM()
RATIONAL_B_SPLINE_CURVE((1.,1.,1.,1.))
REPRESENTATION_ITEM('')
);
#287=(
BOUNDED_CURVE()
B_SPLINE_CURVE(3,(#4971,#4972,#4973,#4974),.UNSPECIFIED.,.F.,.F.)
B_SPLINE_CURVE_WITH_KNOTS((4,4),(0.,1.),.UNSPECIFIED.)
CURVE()
GEOMETRIC_REPRESENTATION_ITEM()
RATIONAL_B_SPLINE_CURVE((1.,1.,1.,1.))
REPRESENTATION_ITEM('')
);
#288=(
BOUNDED_CURVE()
B_SPLINE_CURVE(3,(#4977,#4978,#4979,#4980),.UNSPECIFIED.,.F.,.F.)
B_SPLINE_CURVE_WITH_KNOTS((4,4),(0.,1.),.UNSPECIFIED.)
CURVE()
GEOMETRIC_REPRESENTATION_ITEM()
RATIONAL_B_SPLINE_CURVE((1.,1.,1.,1.))
REPRESENTATION_ITEM('')
);
#289=(
BOUNDED_CURVE()
B_SPLINE_CURVE(3,(#5044,#5045,#5046,#5047),.UNSPECIFIED.,.F.,.F.)
B_SPLINE_CURVE_WITH_KNOTS((4,4),(0.0288068616775596,1.),.UNSPECIFIED.)
CURVE()
GEOMETRIC_REPRESENTATION_ITEM()
RATIONAL_B_SPLINE_CURVE((1.,1.,1.,1.))
REPRESENTATION_ITEM('')
);
#290=(
BOUNDED_CURVE()
B_SPLINE_CURVE(3,(#5050,#5051,#5052,#5053),.UNSPECIFIED.,.F.,.F.)
B_SPLINE_CURVE_WITH_KNOTS((4,4),(0.0288068616775596,1.),.UNSPECIFIED.)
CURVE()
GEOMETRIC_REPRESENTATION_ITEM()
RATIONAL_B_SPLINE_CURVE((1.,1.,1.,1.))
REPRESENTATION_ITEM('')
);
#291=(
BOUNDED_CURVE()
B_SPLINE_CURVE(3,(#5093,#5094,#5095,#5096),.UNSPECIFIED.,.F.,.F.)
B_SPLINE_CURVE_WITH_KNOTS((4,4),(-1.,-0.0569521929502635),.UNSPECIFIED.)
CURVE()
GEOMETRIC_REPRESENTATION_ITEM()
RATIONAL_B_SPLINE_CURVE((1.,1.,1.,1.))
REPRESENTATION_ITEM('')
);
#292=(
BOUNDED_CURVE()
B_SPLINE_CURVE(3,(#5099,#5100,#5101,#5102),.UNSPECIFIED.,.F.,.F.)
B_SPLINE_CURVE_WITH_KNOTS((4,4),(-1.,-0.0569521929502635),.UNSPECIFIED.)
CURVE()
GEOMETRIC_REPRESENTATION_ITEM()
RATIONAL_B_SPLINE_CURVE((1.,1.,1.,1.))
REPRESENTATION_ITEM('')
);
#293=(
BOUNDED_CURVE()
B_SPLINE_CURVE(3,(#5232,#5233,#5234,#5235),.UNSPECIFIED.,.F.,.F.)
B_SPLINE_CURVE_WITH_KNOTS((4,4),(0.,1.),.UNSPECIFIED.)
CURVE()
GEOMETRIC_REPRESENTATION_ITEM()
RATIONAL_B_SPLINE_CURVE((1.,1.,1.,1.))
REPRESENTATION_ITEM('')
);
#294=(
BOUNDED_CURVE()
B_SPLINE_CURVE(3,(#5238,#5239,#5240,#5241),.UNSPECIFIED.,.F.,.F.)
B_SPLINE_CURVE_WITH_KNOTS((4,4),(0.,1.),.UNSPECIFIED.)
CURVE()
GEOMETRIC_REPRESENTATION_ITEM()
RATIONAL_B_SPLINE_CURVE((1.,1.,1.,1.))
REPRESENTATION_ITEM('')
);
#295=(
BOUNDED_CURVE()
B_SPLINE_CURVE(3,(#5287,#5288,#5289,#5290),.UNSPECIFIED.,.F.,.F.)
B_SPLINE_CURVE_WITH_KNOTS((4,4),(0.,1.),.UNSPECIFIED.)
CURVE()
GEOMETRIC_REPRESENTATION_ITEM()
RATIONAL_B_SPLINE_CURVE((1.,1.,1.,1.))
REPRESENTATION_ITEM('')
);
#296=(
BOUNDED_CURVE()
B_SPLINE_CURVE(3,(#5293,#5294,#5295,#5296),.UNSPECIFIED.,.F.,.F.)
B_SPLINE_CURVE_WITH_KNOTS((4,4),(0.,1.),.UNSPECIFIED.)
CURVE()
GEOMETRIC_REPRESENTATION_ITEM()
RATIONAL_B_SPLINE_CURVE((1.,1.,1.,1.))
REPRESENTATION_ITEM('')
);
#297=(
BOUNDED_CURVE()
B_SPLINE_CURVE(3,(#5327,#5328,#5329,#5330),.UNSPECIFIED.,.T.,.F.)
B_SPLINE_CURVE_WITH_KNOTS((4,4),(-1.,0.),.UNSPECIFIED.)
CURVE()
GEOMETRIC_REPRESENTATION_ITEM()
RATIONAL_B_SPLINE_CURVE((1.,1.,1.,1.))
REPRESENTATION_ITEM('')
);
#298=(
BOUNDED_CURVE()
B_SPLINE_CURVE(3,(#5332,#5333,#5334,#5335),.UNSPECIFIED.,.T.,.F.)
B_SPLINE_CURVE_WITH_KNOTS((4,4),(-1.,0.),.UNSPECIFIED.)
CURVE()
GEOMETRIC_REPRESENTATION_ITEM()
RATIONAL_B_SPLINE_CURVE((1.,1.,1.,1.))
REPRESENTATION_ITEM('')
);
#299=(
BOUNDED_CURVE()
B_SPLINE_CURVE(3,(#5357,#5358,#5359,#5360),.UNSPECIFIED.,.F.,.F.)
B_SPLINE_CURVE_WITH_KNOTS((4,4),(0.00688200813118507,1.),.UNSPECIFIED.)
CURVE()
GEOMETRIC_REPRESENTATION_ITEM()
RATIONAL_B_SPLINE_CURVE((1.,1.,1.,1.))
REPRESENTATION_ITEM('')
);
#300=(
BOUNDED_CURVE()
B_SPLINE_CURVE(3,(#5363,#5364,#5365,#5366),.UNSPECIFIED.,.F.,.F.)
B_SPLINE_CURVE_WITH_KNOTS((4,4),(0.00688200813118507,1.),.UNSPECIFIED.)
CURVE()
GEOMETRIC_REPRESENTATION_ITEM()
RATIONAL_B_SPLINE_CURVE((1.,1.,1.,1.))
REPRESENTATION_ITEM('')
);
#301=(
BOUNDED_CURVE()
B_SPLINE_CURVE(2,(#5619,#5620,#5621,#5622,#5623),.UNSPECIFIED.,.F.,.F.)
B_SPLINE_CURVE_WITH_KNOTS((3,2,3),(9652.17303366884,9652.72007484581,9654.80994779628),
 .UNSPECIFIED.)
CURVE()
GEOMETRIC_REPRESENTATION_ITEM()
RATIONAL_B_SPLINE_CURVE((0.99999999923583,0.999999999235828,0.999999999235827,
0.999999999235827,0.999999999235827))
REPRESENTATION_ITEM('')
);
#302=(
BOUNDED_CURVE()
B_SPLINE_CURVE(2,(#5627,#5628,#5629,#5630,#5631),.UNSPECIFIED.,.F.,.F.)
B_SPLINE_CURVE_WITH_KNOTS((3,2,3),(0.6927015631404,0.840785027416406,0.87954707396716),
 .UNSPECIFIED.)
CURVE()
GEOMETRIC_REPRESENTATION_ITEM()
RATIONAL_B_SPLINE_CURVE((1.,1.,1.,1.,1.))
REPRESENTATION_ITEM('')
);
#303=(
BOUNDED_CURVE()
B_SPLINE_CURVE(2,(#5778,#5779,#5780),.UNSPECIFIED.,.F.,.F.)
B_SPLINE_CURVE_WITH_KNOTS((3,3),(-1.77577723891685,-1.43362662643502),
 .UNSPECIFIED.)
CURVE()
GEOMETRIC_REPRESENTATION_ITEM()
RATIONAL_B_SPLINE_CURVE((1.00748803265862,1.01079068821225,1.01254266769588))
REPRESENTATION_ITEM('')
);
#304=(
BOUNDED_CURVE()
B_SPLINE_CURVE(2,(#5857,#5858,#5859),.UNSPECIFIED.,.F.,.F.)
B_SPLINE_CURVE_WITH_KNOTS((3,3),(0.,0.214988270332743),.UNSPECIFIED.)
CURVE()
GEOMETRIC_REPRESENTATION_ITEM()
RATIONAL_B_SPLINE_CURVE((1.,1.02217312956321,1.))
REPRESENTATION_ITEM('')
);
#305=(
BOUNDED_CURVE()
B_SPLINE_CURVE(2,(#5861,#5862,#5863),.UNSPECIFIED.,.F.,.F.)
B_SPLINE_CURVE_WITH_KNOTS((3,3),(0.,0.214988270332743),.UNSPECIFIED.)
CURVE()
GEOMETRIC_REPRESENTATION_ITEM()
RATIONAL_B_SPLINE_CURVE((1.,1.02217312956363,1.))
REPRESENTATION_ITEM('')
);
#306=(
BOUNDED_CURVE()
B_SPLINE_CURVE(2,(#5900,#5901,#5902),.UNSPECIFIED.,.F.,.F.)
B_SPLINE_CURVE_WITH_KNOTS((3,3),(-0.660491779026463,-0.318341166492951),
 .UNSPECIFIED.)
CURVE()
GEOMETRIC_REPRESENTATION_ITEM()
RATIONAL_B_SPLINE_CURVE((1.0125426676959,1.01079068821204,1.0074880326577))
REPRESENTATION_ITEM('')
);
#307=(
BOUNDED_CURVE()
B_SPLINE_CURVE(2,(#5920,#5921,#5922),.UNSPECIFIED.,.F.,.F.)
B_SPLINE_CURVE_WITH_KNOTS((3,3),(-0.464621650268475,-0.411787718620051),
 .UNSPECIFIED.)
CURVE()
GEOMETRIC_REPRESENTATION_ITEM()
RATIONAL_B_SPLINE_CURVE((1.074934218611,1.09975491152693,1.11796172681977))
REPRESENTATION_ITEM('')
);
#308=(
BOUNDED_CURVE()
B_SPLINE_CURVE(2,(#5926,#5927,#5928),.UNSPECIFIED.,.F.,.F.)
B_SPLINE_CURVE_WITH_KNOTS((3,3),(0.411787718620613,0.464621650269124),
 .UNSPECIFIED.)
CURVE()
GEOMETRIC_REPRESENTATION_ITEM()
RATIONAL_B_SPLINE_CURVE((1.11796172682048,1.09975491152767,1.07493421861176))
REPRESENTATION_ITEM('')
);
#309=(
BOUNDED_CURVE()
B_SPLINE_CURVE(3,(#6099,#6100,#6101,#6102),.UNSPECIFIED.,.F.,.F.)
B_SPLINE_CURVE_WITH_KNOTS((4,4),(0.,1.),.UNSPECIFIED.)
CURVE()
GEOMETRIC_REPRESENTATION_ITEM()
RATIONAL_B_SPLINE_CURVE((1.,1.,1.,1.))
REPRESENTATION_ITEM('')
);
#310=(
BOUNDED_CURVE()
B_SPLINE_CURVE(3,(#6105,#6106,#6107,#6108),.UNSPECIFIED.,.F.,.F.)
B_SPLINE_CURVE_WITH_KNOTS((4,4),(0.,1.),.UNSPECIFIED.)
CURVE()
GEOMETRIC_REPRESENTATION_ITEM()
RATIONAL_B_SPLINE_CURVE((1.,1.,1.,1.))
REPRESENTATION_ITEM('')
);
#311=(
BOUNDED_CURVE()
B_SPLINE_CURVE(3,(#6118,#6119,#6120,#6121),.UNSPECIFIED.,.F.,.F.)
B_SPLINE_CURVE_WITH_KNOTS((4,4),(0.,1.),.UNSPECIFIED.)
CURVE()
GEOMETRIC_REPRESENTATION_ITEM()
RATIONAL_B_SPLINE_CURVE((1.,1.,1.,1.))
REPRESENTATION_ITEM('')
);
#312=(
BOUNDED_CURVE()
B_SPLINE_CURVE(3,(#6124,#6125,#6126,#6127),.UNSPECIFIED.,.F.,.F.)
B_SPLINE_CURVE_WITH_KNOTS((4,4),(0.,1.),.UNSPECIFIED.)
CURVE()
GEOMETRIC_REPRESENTATION_ITEM()
RATIONAL_B_SPLINE_CURVE((1.,1.,1.,1.))
REPRESENTATION_ITEM('')
);
#313=(
BOUNDED_CURVE()
B_SPLINE_CURVE(3,(#6137,#6138,#6139,#6140),.UNSPECIFIED.,.F.,.F.)
B_SPLINE_CURVE_WITH_KNOTS((4,4),(0.,1.),.UNSPECIFIED.)
CURVE()
GEOMETRIC_REPRESENTATION_ITEM()
RATIONAL_B_SPLINE_CURVE((1.,1.,1.,1.))
REPRESENTATION_ITEM('')
);
#314=(
BOUNDED_CURVE()
B_SPLINE_CURVE(3,(#6143,#6144,#6145,#6146),.UNSPECIFIED.,.F.,.F.)
B_SPLINE_CURVE_WITH_KNOTS((4,4),(0.,1.),.UNSPECIFIED.)
CURVE()
GEOMETRIC_REPRESENTATION_ITEM()
RATIONAL_B_SPLINE_CURVE((1.,1.,1.,1.))
REPRESENTATION_ITEM('')
);
#315=(
BOUNDED_CURVE()
B_SPLINE_CURVE(3,(#6156,#6157,#6158,#6159),.UNSPECIFIED.,.F.,.F.)
B_SPLINE_CURVE_WITH_KNOTS((4,4),(0.,1.),.UNSPECIFIED.)
CURVE()
GEOMETRIC_REPRESENTATION_ITEM()
RATIONAL_B_SPLINE_CURVE((1.,1.,1.,1.))
REPRESENTATION_ITEM('')
);
#316=(
BOUNDED_CURVE()
B_SPLINE_CURVE(3,(#6162,#6163,#6164,#6165),.UNSPECIFIED.,.F.,.F.)
B_SPLINE_CURVE_WITH_KNOTS((4,4),(0.,1.),.UNSPECIFIED.)
CURVE()
GEOMETRIC_REPRESENTATION_ITEM()
RATIONAL_B_SPLINE_CURVE((1.,1.,1.,1.))
REPRESENTATION_ITEM('')
);
#317=(
BOUNDED_CURVE()
B_SPLINE_CURVE(3,(#6175,#6176,#6177,#6178),.UNSPECIFIED.,.F.,.F.)
B_SPLINE_CURVE_WITH_KNOTS((4,4),(0.,1.),.UNSPECIFIED.)
CURVE()
GEOMETRIC_REPRESENTATION_ITEM()
RATIONAL_B_SPLINE_CURVE((1.,1.,1.,1.))
REPRESENTATION_ITEM('')
);
#318=(
BOUNDED_CURVE()
B_SPLINE_CURVE(3,(#6181,#6182,#6183,#6184),.UNSPECIFIED.,.F.,.F.)
B_SPLINE_CURVE_WITH_KNOTS((4,4),(0.,1.),.UNSPECIFIED.)
CURVE()
GEOMETRIC_REPRESENTATION_ITEM()
RATIONAL_B_SPLINE_CURVE((1.,1.,1.,1.))
REPRESENTATION_ITEM('')
);
#319=(
BOUNDED_CURVE()
B_SPLINE_CURVE(3,(#6194,#6195,#6196,#6197),.UNSPECIFIED.,.F.,.F.)
B_SPLINE_CURVE_WITH_KNOTS((4,4),(0.0362016358774113,1.),.UNSPECIFIED.)
CURVE()
GEOMETRIC_REPRESENTATION_ITEM()
RATIONAL_B_SPLINE_CURVE((1.,1.,1.,1.))
REPRESENTATION_ITEM('')
);
#320=(
BOUNDED_CURVE()
B_SPLINE_CURVE(3,(#6200,#6201,#6202,#6203),.UNSPECIFIED.,.F.,.F.)
B_SPLINE_CURVE_WITH_KNOTS((4,4),(0.0362016358774113,1.),.UNSPECIFIED.)
CURVE()
GEOMETRIC_REPRESENTATION_ITEM()
RATIONAL_B_SPLINE_CURVE((1.,1.,1.,1.))
REPRESENTATION_ITEM('')
);
#321=(
BOUNDED_CURVE()
B_SPLINE_CURVE(3,(#6232,#6233,#6234,#6235),.UNSPECIFIED.,.F.,.F.)
B_SPLINE_CURVE_WITH_KNOTS((4,4),(0.,1.),.UNSPECIFIED.)
CURVE()
GEOMETRIC_REPRESENTATION_ITEM()
RATIONAL_B_SPLINE_CURVE((1.,1.,1.,1.))
REPRESENTATION_ITEM('')
);
#322=(
BOUNDED_CURVE()
B_SPLINE_CURVE(3,(#6238,#6239,#6240,#6241),.UNSPECIFIED.,.F.,.F.)
B_SPLINE_CURVE_WITH_KNOTS((4,4),(0.,1.),.UNSPECIFIED.)
CURVE()
GEOMETRIC_REPRESENTATION_ITEM()
RATIONAL_B_SPLINE_CURVE((1.,1.,1.,1.))
REPRESENTATION_ITEM('')
);
#323=(
BOUNDED_CURVE()
B_SPLINE_CURVE(3,(#6346,#6347,#6348,#6349),.UNSPECIFIED.,.F.,.F.)
B_SPLINE_CURVE_WITH_KNOTS((4,4),(0.,1.),.UNSPECIFIED.)
CURVE()
GEOMETRIC_REPRESENTATION_ITEM()
RATIONAL_B_SPLINE_CURVE((1.,1.,1.,1.))
REPRESENTATION_ITEM('')
);
#324=(
BOUNDED_CURVE()
B_SPLINE_CURVE(3,(#6352,#6353,#6354,#6355),.UNSPECIFIED.,.F.,.F.)
B_SPLINE_CURVE_WITH_KNOTS((4,4),(0.,1.),.UNSPECIFIED.)
CURVE()
GEOMETRIC_REPRESENTATION_ITEM()
RATIONAL_B_SPLINE_CURVE((1.,1.,1.,1.))
REPRESENTATION_ITEM('')
);
#325=(
BOUNDED_CURVE()
B_SPLINE_CURVE(3,(#6365,#6366,#6367,#6368),.UNSPECIFIED.,.F.,.F.)
B_SPLINE_CURVE_WITH_KNOTS((4,4),(0.,1.),.UNSPECIFIED.)
CURVE()
GEOMETRIC_REPRESENTATION_ITEM()
RATIONAL_B_SPLINE_CURVE((1.,1.,1.,1.))
REPRESENTATION_ITEM('')
);
#326=(
BOUNDED_CURVE()
B_SPLINE_CURVE(3,(#6371,#6372,#6373,#6374),.UNSPECIFIED.,.F.,.F.)
B_SPLINE_CURVE_WITH_KNOTS((4,4),(0.,1.),.UNSPECIFIED.)
CURVE()
GEOMETRIC_REPRESENTATION_ITEM()
RATIONAL_B_SPLINE_CURVE((1.,1.,1.,1.))
REPRESENTATION_ITEM('')
);
#327=(
BOUNDED_CURVE()
B_SPLINE_CURVE(3,(#6433,#6434,#6435,#6436),.UNSPECIFIED.,.F.,.F.)
B_SPLINE_CURVE_WITH_KNOTS((4,4),(0.0373110261308425,1.),.UNSPECIFIED.)
CURVE()
GEOMETRIC_REPRESENTATION_ITEM()
RATIONAL_B_SPLINE_CURVE((1.,1.,1.,1.))
REPRESENTATION_ITEM('')
);
#328=(
BOUNDED_CURVE()
B_SPLINE_CURVE(3,(#6439,#6440,#6441,#6442),.UNSPECIFIED.,.F.,.F.)
B_SPLINE_CURVE_WITH_KNOTS((4,4),(0.0373110261308425,1.),.UNSPECIFIED.)
CURVE()
GEOMETRIC_REPRESENTATION_ITEM()
RATIONAL_B_SPLINE_CURVE((1.,1.,1.,1.))
REPRESENTATION_ITEM('')
);
#329=(
BOUNDED_CURVE()
B_SPLINE_CURVE(3,(#6452,#6453,#6454,#6455),.UNSPECIFIED.,.F.,.F.)
B_SPLINE_CURVE_WITH_KNOTS((4,4),(0.,1.),.UNSPECIFIED.)
CURVE()
GEOMETRIC_REPRESENTATION_ITEM()
RATIONAL_B_SPLINE_CURVE((1.,1.,1.,1.))
REPRESENTATION_ITEM('')
);
#330=(
BOUNDED_CURVE()
B_SPLINE_CURVE(3,(#6458,#6459,#6460,#6461),.UNSPECIFIED.,.F.,.F.)
B_SPLINE_CURVE_WITH_KNOTS((4,4),(0.,1.),.UNSPECIFIED.)
CURVE()
GEOMETRIC_REPRESENTATION_ITEM()
RATIONAL_B_SPLINE_CURVE((1.,1.,1.,1.))
REPRESENTATION_ITEM('')
);
#331=(
BOUNDED_CURVE()
B_SPLINE_CURVE(3,(#6471,#6472,#6473,#6474),.UNSPECIFIED.,.F.,.F.)
B_SPLINE_CURVE_WITH_KNOTS((4,4),(0.00507898731130081,1.),.UNSPECIFIED.)
CURVE()
GEOMETRIC_REPRESENTATION_ITEM()
RATIONAL_B_SPLINE_CURVE((1.,1.,1.,1.))
REPRESENTATION_ITEM('')
);
#332=(
BOUNDED_CURVE()
B_SPLINE_CURVE(3,(#6477,#6478,#6479,#6480),.UNSPECIFIED.,.F.,.F.)
B_SPLINE_CURVE_WITH_KNOTS((4,4),(0.00507898731130081,1.),.UNSPECIFIED.)
CURVE()
GEOMETRIC_REPRESENTATION_ITEM()
RATIONAL_B_SPLINE_CURVE((1.,1.,1.,1.))
REPRESENTATION_ITEM('')
);
#333=(
BOUNDED_CURVE()
B_SPLINE_CURVE(3,(#6501,#6502,#6503,#6504),.UNSPECIFIED.,.F.,.F.)
B_SPLINE_CURVE_WITH_KNOTS((4,4),(0.,1.),.UNSPECIFIED.)
CURVE()
GEOMETRIC_REPRESENTATION_ITEM()
RATIONAL_B_SPLINE_CURVE((1.,1.,1.,1.))
REPRESENTATION_ITEM('')
);
#334=(
BOUNDED_CURVE()
B_SPLINE_CURVE(3,(#6507,#6508,#6509,#6510),.UNSPECIFIED.,.F.,.F.)
B_SPLINE_CURVE_WITH_KNOTS((4,4),(0.,1.),.UNSPECIFIED.)
CURVE()
GEOMETRIC_REPRESENTATION_ITEM()
RATIONAL_B_SPLINE_CURVE((1.,1.,1.,1.))
REPRESENTATION_ITEM('')
);
#335=(
BOUNDED_CURVE()
B_SPLINE_CURVE(3,(#6582,#6583,#6584,#6585),.UNSPECIFIED.,.F.,.F.)
B_SPLINE_CURVE_WITH_KNOTS((4,4),(0.0288068616775596,1.),.UNSPECIFIED.)
CURVE()
GEOMETRIC_REPRESENTATION_ITEM()
RATIONAL_B_SPLINE_CURVE((1.,1.,1.,1.))
REPRESENTATION_ITEM('')
);
#336=(
BOUNDED_CURVE()
B_SPLINE_CURVE(3,(#6588,#6589,#6590,#6591),.UNSPECIFIED.,.F.,.F.)
B_SPLINE_CURVE_WITH_KNOTS((4,4),(0.0288068616775596,1.),.UNSPECIFIED.)
CURVE()
GEOMETRIC_REPRESENTATION_ITEM()
RATIONAL_B_SPLINE_CURVE((1.,1.,1.,1.))
REPRESENTATION_ITEM('')
);
#337=(
BOUNDED_CURVE()
B_SPLINE_CURVE(3,(#6751,#6752,#6753,#6754),.UNSPECIFIED.,.F.,.F.)
B_SPLINE_CURVE_WITH_KNOTS((4,4),(0.,1.),.UNSPECIFIED.)
CURVE()
GEOMETRIC_REPRESENTATION_ITEM()
RATIONAL_B_SPLINE_CURVE((1.,1.,1.,1.))
REPRESENTATION_ITEM('')
);
#338=(
BOUNDED_CURVE()
B_SPLINE_CURVE(3,(#6757,#6758,#6759,#6760),.UNSPECIFIED.,.F.,.F.)
B_SPLINE_CURVE_WITH_KNOTS((4,4),(0.,1.),.UNSPECIFIED.)
CURVE()
GEOMETRIC_REPRESENTATION_ITEM()
RATIONAL_B_SPLINE_CURVE((1.,1.,1.,1.))
REPRESENTATION_ITEM('')
);
#339=(
BOUNDED_CURVE()
B_SPLINE_CURVE(3,(#6806,#6807,#6808,#6809),.UNSPECIFIED.,.F.,.F.)
B_SPLINE_CURVE_WITH_KNOTS((4,4),(0.,1.),.UNSPECIFIED.)
CURVE()
GEOMETRIC_REPRESENTATION_ITEM()
RATIONAL_B_SPLINE_CURVE((1.,1.,1.,1.))
REPRESENTATION_ITEM('')
);
#340=(
BOUNDED_CURVE()
B_SPLINE_CURVE(3,(#6812,#6813,#6814,#6815),.UNSPECIFIED.,.F.,.F.)
B_SPLINE_CURVE_WITH_KNOTS((4,4),(0.,1.),.UNSPECIFIED.)
CURVE()
GEOMETRIC_REPRESENTATION_ITEM()
RATIONAL_B_SPLINE_CURVE((1.,1.,1.,1.))
REPRESENTATION_ITEM('')
);
#341=(
BOUNDED_CURVE()
B_SPLINE_CURVE(3,(#6846,#6847,#6848,#6849),.UNSPECIFIED.,.T.,.F.)
B_SPLINE_CURVE_WITH_KNOTS((4,4),(-1.,0.),.UNSPECIFIED.)
CURVE()
GEOMETRIC_REPRESENTATION_ITEM()
RATIONAL_B_SPLINE_CURVE((1.,1.,1.,1.))
REPRESENTATION_ITEM('')
);
#342=(
BOUNDED_CURVE()
B_SPLINE_CURVE(3,(#6851,#6852,#6853,#6854),.UNSPECIFIED.,.T.,.F.)
B_SPLINE_CURVE_WITH_KNOTS((4,4),(-1.,0.),.UNSPECIFIED.)
CURVE()
GEOMETRIC_REPRESENTATION_ITEM()
RATIONAL_B_SPLINE_CURVE((1.,1.,1.,1.))
REPRESENTATION_ITEM('')
);
#343=(
BOUNDED_CURVE()
B_SPLINE_CURVE(3,(#6876,#6877,#6878,#6879),.UNSPECIFIED.,.F.,.F.)
B_SPLINE_CURVE_WITH_KNOTS((4,4),(0.00688200813118507,1.),.UNSPECIFIED.)
CURVE()
GEOMETRIC_REPRESENTATION_ITEM()
RATIONAL_B_SPLINE_CURVE((1.,1.,1.,1.))
REPRESENTATION_ITEM('')
);
#344=(
BOUNDED_CURVE()
B_SPLINE_CURVE(3,(#6882,#6883,#6884,#6885),.UNSPECIFIED.,.F.,.F.)
B_SPLINE_CURVE_WITH_KNOTS((4,4),(0.00688200813118507,1.),.UNSPECIFIED.)
CURVE()
GEOMETRIC_REPRESENTATION_ITEM()
RATIONAL_B_SPLINE_CURVE((1.,1.,1.,1.))
REPRESENTATION_ITEM('')
);
#345=(
BOUNDED_SURFACE()
B_SPLINE_SURFACE(3,1,((#4522,#4523),(#4524,#4525),(#4526,#4527),(#4528,
#4529)),.UNSPECIFIED.,.F.,.F.,.F.)
B_SPLINE_SURFACE_WITH_KNOTS((4,4),(2,2),(0.,1.),(0.,0.02),.UNSPECIFIED.)
GEOMETRIC_REPRESENTATION_ITEM()
RATIONAL_B_SPLINE_SURFACE(((1.,1.),(1.,1.),(1.,1.),(1.,1.)))
REPRESENTATION_ITEM('')
SURFACE()
);
#346=(
BOUNDED_SURFACE()
B_SPLINE_SURFACE(3,1,((#4541,#4542),(#4543,#4544),(#4545,#4546),(#4547,
#4548)),.UNSPECIFIED.,.F.,.F.,.F.)
B_SPLINE_SURFACE_WITH_KNOTS((4,4),(2,2),(0.,1.),(0.,0.02),.UNSPECIFIED.)
GEOMETRIC_REPRESENTATION_ITEM()
RATIONAL_B_SPLINE_SURFACE(((1.,1.),(1.,1.),(1.,1.),(1.,1.)))
REPRESENTATION_ITEM('')
SURFACE()
);
#347=(
BOUNDED_SURFACE()
B_SPLINE_SURFACE(3,1,((#4560,#4561),(#4562,#4563),(#4564,#4565),(#4566,
#4567)),.UNSPECIFIED.,.F.,.F.,.F.)
B_SPLINE_SURFACE_WITH_KNOTS((4,4),(2,2),(0.,1.),(0.,0.02),.UNSPECIFIED.)
GEOMETRIC_REPRESENTATION_ITEM()
RATIONAL_B_SPLINE_SURFACE(((1.,1.),(1.,1.),(1.,1.),(1.,1.)))
REPRESENTATION_ITEM('')
SURFACE()
);
#348=(
BOUNDED_SURFACE()
B_SPLINE_SURFACE(3,1,((#4579,#4580),(#4581,#4582),(#4583,#4584),(#4585,
#4586)),.UNSPECIFIED.,.F.,.F.,.F.)
B_SPLINE_SURFACE_WITH_KNOTS((4,4),(2,2),(0.,1.),(0.,0.02),.UNSPECIFIED.)
GEOMETRIC_REPRESENTATION_ITEM()
RATIONAL_B_SPLINE_SURFACE(((1.,1.),(1.,1.),(1.,1.),(1.,1.)))
REPRESENTATION_ITEM('')
SURFACE()
);
#349=(
BOUNDED_SURFACE()
B_SPLINE_SURFACE(3,1,((#4598,#4599),(#4600,#4601),(#4602,#4603),(#4604,
#4605)),.UNSPECIFIED.,.F.,.F.,.F.)
B_SPLINE_SURFACE_WITH_KNOTS((4,4),(2,2),(0.,1.),(0.,0.02),.UNSPECIFIED.)
GEOMETRIC_REPRESENTATION_ITEM()
RATIONAL_B_SPLINE_SURFACE(((1.,1.),(1.,1.),(1.,1.),(1.,1.)))
REPRESENTATION_ITEM('')
SURFACE()
);
#350=(
BOUNDED_SURFACE()
B_SPLINE_SURFACE(3,1,((#4617,#4618),(#4619,#4620),(#4621,#4622),(#4623,
#4624)),.UNSPECIFIED.,.F.,.F.,.F.)
B_SPLINE_SURFACE_WITH_KNOTS((4,4),(2,2),(0.0362016358774113,1.),(0.,0.02),
 .UNSPECIFIED.)
GEOMETRIC_REPRESENTATION_ITEM()
RATIONAL_B_SPLINE_SURFACE(((1.,1.),(1.,1.),(1.,1.),(1.,1.)))
REPRESENTATION_ITEM('')
SURFACE()
);
#351=(
BOUNDED_SURFACE()
B_SPLINE_SURFACE(3,1,((#4655,#4656),(#4657,#4658),(#4659,#4660),(#4661,
#4662)),.UNSPECIFIED.,.F.,.F.,.F.)
B_SPLINE_SURFACE_WITH_KNOTS((4,4),(2,2),(0.,1.),(0.,0.02),.UNSPECIFIED.)
GEOMETRIC_REPRESENTATION_ITEM()
RATIONAL_B_SPLINE_SURFACE(((1.,1.),(1.,1.),(1.,1.),(1.,1.)))
REPRESENTATION_ITEM('')
SURFACE()
);
#352=(
BOUNDED_SURFACE()
B_SPLINE_SURFACE(1,2,((#4755,#4756,#4757),(#4758,#4759,#4760)),
 .UNSPECIFIED.,.F.,.F.,.F.)
B_SPLINE_SURFACE_WITH_KNOTS((2,2),(3,3),(0.,0.119744975116654),(0.641757200755252,
1.21082867834315),.UNSPECIFIED.)
GEOMETRIC_REPRESENTATION_ITEM()
RATIONAL_B_SPLINE_SURFACE(((1.,0.959792079728141,1.),(1.,0.959792079728141,
1.)))
REPRESENTATION_ITEM('')
SURFACE()
);
#353=(
BOUNDED_SURFACE()
B_SPLINE_SURFACE(3,1,((#4769,#4770),(#4771,#4772),(#4773,#4774),(#4775,
#4776)),.UNSPECIFIED.,.F.,.F.,.F.)
B_SPLINE_SURFACE_WITH_KNOTS((4,4),(2,2),(0.,1.),(0.,0.02),.UNSPECIFIED.)
GEOMETRIC_REPRESENTATION_ITEM()
RATIONAL_B_SPLINE_SURFACE(((1.,1.),(1.,1.),(1.,1.),(1.,1.)))
REPRESENTATION_ITEM('')
SURFACE()
);
#354=(
BOUNDED_SURFACE()
B_SPLINE_SURFACE(3,1,((#4788,#4789),(#4790,#4791),(#4792,#4793),(#4794,
#4795)),.UNSPECIFIED.,.F.,.F.,.F.)
B_SPLINE_SURFACE_WITH_KNOTS((4,4),(2,2),(0.,1.),(0.,0.02),.UNSPECIFIED.)
GEOMETRIC_REPRESENTATION_ITEM()
RATIONAL_B_SPLINE_SURFACE(((1.,1.),(1.,1.),(1.,1.),(1.,1.)))
REPRESENTATION_ITEM('')
SURFACE()
);
#355=(
BOUNDED_SURFACE()
B_SPLINE_SURFACE(1,2,((#4807,#4808,#4809),(#4810,#4811,#4812)),
 .UNSPECIFIED.,.F.,.F.,.F.)
B_SPLINE_SURFACE_WITH_KNOTS((2,2),(3,3),(0.,0.123032393016996),(1.90374108887183,
2.17626088805532),.UNSPECIFIED.)
GEOMETRIC_REPRESENTATION_ITEM()
RATIONAL_B_SPLINE_SURFACE(((1.,0.990730974519504,1.),(1.,0.990730974519504,
1.)))
REPRESENTATION_ITEM('')
SURFACE()
);
#356=(
BOUNDED_SURFACE()
B_SPLINE_SURFACE(1,2,((#4845,#4846,#4847),(#4848,#4849,#4850)),
 .UNSPECIFIED.,.F.,.F.,.F.)
B_SPLINE_SURFACE_WITH_KNOTS((2,2),(3,3),(0.,0.0676819651657656),(2.74712510963563,
3.19383614173799),.UNSPECIFIED.)
GEOMETRIC_REPRESENTATION_ITEM()
RATIONAL_B_SPLINE_SURFACE(((1.,0.975159683654043,1.),(1.,0.975159683654043,
1.)))
REPRESENTATION_ITEM('')
SURFACE()
);
#357=(
BOUNDED_SURFACE()
B_SPLINE_SURFACE(3,1,((#4856,#4857),(#4858,#4859),(#4860,#4861),(#4862,
#4863)),.UNSPECIFIED.,.F.,.F.,.F.)
B_SPLINE_SURFACE_WITH_KNOTS((4,4),(2,2),(0.0373110261308425,1.),(0.,0.02),
 .UNSPECIFIED.)
GEOMETRIC_REPRESENTATION_ITEM()
RATIONAL_B_SPLINE_SURFACE(((1.,1.),(1.,1.),(1.,1.),(1.,1.)))
REPRESENTATION_ITEM('')
SURFACE()
);
#358=(
BOUNDED_SURFACE()
B_SPLINE_SURFACE(3,1,((#4875,#4876),(#4877,#4878),(#4879,#4880),(#4881,
#4882)),.UNSPECIFIED.,.F.,.F.,.F.)
B_SPLINE_SURFACE_WITH_KNOTS((4,4),(2,2),(-1.,-0.180924469168394),(0.,0.02),
 .UNSPECIFIED.)
GEOMETRIC_REPRESENTATION_ITEM()
RATIONAL_B_SPLINE_SURFACE(((1.,1.),(1.,1.),(1.,1.),(1.,1.)))
REPRESENTATION_ITEM('')
SURFACE()
);
#359=(
BOUNDED_SURFACE()
B_SPLINE_SURFACE(3,1,((#4894,#4895),(#4896,#4897),(#4898,#4899),(#4900,
#4901)),.UNSPECIFIED.,.F.,.F.,.F.)
B_SPLINE_SURFACE_WITH_KNOTS((4,4),(2,2),(0.,1.),(0.,0.02),.UNSPECIFIED.)
GEOMETRIC_REPRESENTATION_ITEM()
RATIONAL_B_SPLINE_SURFACE(((1.,1.),(1.,1.),(1.,1.),(1.,1.)))
REPRESENTATION_ITEM('')
SURFACE()
);
#360=(
BOUNDED_SURFACE()
B_SPLINE_SURFACE(3,1,((#4913,#4914),(#4915,#4916),(#4917,#4918),(#4919,
#4920)),.UNSPECIFIED.,.F.,.F.,.F.)
B_SPLINE_SURFACE_WITH_KNOTS((4,4),(2,2),(0.0050789873113008,1.),(0.,0.02),
 .UNSPECIFIED.)
GEOMETRIC_REPRESENTATION_ITEM()
RATIONAL_B_SPLINE_SURFACE(((1.,1.),(1.,1.),(1.,1.),(1.,1.)))
REPRESENTATION_ITEM('')
SURFACE()
);
#361=(
BOUNDED_SURFACE()
B_SPLINE_SURFACE(3,1,((#4932,#4933),(#4934,#4935),(#4936,#4937),(#4938,
#4939)),.UNSPECIFIED.,.F.,.F.,.F.)
B_SPLINE_SURFACE_WITH_KNOTS((4,4),(2,2),(-1.,-0.0608725872633385),(0.,0.02),
 .UNSPECIFIED.)
GEOMETRIC_REPRESENTATION_ITEM()
RATIONAL_B_SPLINE_SURFACE(((1.,1.),(1.,1.),(1.,1.),(1.,1.)))
REPRESENTATION_ITEM('')
SURFACE()
);
#362=(
BOUNDED_SURFACE()
B_SPLINE_SURFACE(1,2,((#4951,#4952,#4953),(#4954,#4955,#4956)),
 .UNSPECIFIED.,.F.,.F.,.F.)
B_SPLINE_SURFACE_WITH_KNOTS((2,2),(3,3),(0.,0.170079199605482),(-0.946648312914504,
-0.839534619080535),.UNSPECIFIED.)
GEOMETRIC_REPRESENTATION_ITEM()
RATIONAL_B_SPLINE_SURFACE(((1.,0.998566174847654,1.),(1.,0.998566174847654,
1.)))
REPRESENTATION_ITEM('')
SURFACE()
);
#363=(
BOUNDED_SURFACE()
B_SPLINE_SURFACE(3,1,((#4962,#4963),(#4964,#4965),(#4966,#4967),(#4968,
#4969)),.UNSPECIFIED.,.F.,.F.,.F.)
B_SPLINE_SURFACE_WITH_KNOTS((4,4),(2,2),(0.,1.),(0.,0.02),.UNSPECIFIED.)
GEOMETRIC_REPRESENTATION_ITEM()
RATIONAL_B_SPLINE_SURFACE(((1.,1.),(1.,1.),(1.,1.),(1.,1.)))
REPRESENTATION_ITEM('')
SURFACE()
);
#364=(
BOUNDED_SURFACE()
B_SPLINE_SURFACE(1,2,((#5018,#5019,#5020),(#5021,#5022,#5023)),
 .UNSPECIFIED.,.F.,.F.,.F.)
B_SPLINE_SURFACE_WITH_KNOTS((2,2),(3,3),(0.,0.0570056626832452),(-0.087901579797132,
0.769148386383061),.UNSPECIFIED.)
GEOMETRIC_REPRESENTATION_ITEM()
RATIONAL_B_SPLINE_SURFACE(((1.,0.909579652127949,1.),(1.,0.909579652127949,
1.)))
REPRESENTATION_ITEM('')
SURFACE()
);
#365=(
BOUNDED_SURFACE()
B_SPLINE_SURFACE(3,1,((#5035,#5036),(#5037,#5038),(#5039,#5040),(#5041,
#5042)),.UNSPECIFIED.,.F.,.F.,.F.)
B_SPLINE_SURFACE_WITH_KNOTS((4,4),(2,2),(0.0288068616775596,1.),(0.,0.02),
 .UNSPECIFIED.)
GEOMETRIC_REPRESENTATION_ITEM()
RATIONAL_B_SPLINE_SURFACE(((1.,1.),(1.,1.),(1.,1.),(1.,1.)))
REPRESENTATION_ITEM('')
SURFACE()
);
#366=(
BOUNDED_SURFACE()
B_SPLINE_SURFACE(1,2,((#5073,#5074,#5075),(#5076,#5077,#5078)),
 .UNSPECIFIED.,.F.,.F.,.F.)
B_SPLINE_SURFACE_WITH_KNOTS((2,2),(3,3),(0.,0.0491607828552313),(-0.346455967962851,
0.075178318422935),.UNSPECIFIED.)
GEOMETRIC_REPRESENTATION_ITEM()
RATIONAL_B_SPLINE_SURFACE(((1.,0.977860246628106,1.),(1.,0.977860246628106,
1.)))
REPRESENTATION_ITEM('')
SURFACE()
);
#367=(
BOUNDED_SURFACE()
B_SPLINE_SURFACE(3,1,((#5084,#5085),(#5086,#5087),(#5088,#5089),(#5090,
#5091)),.UNSPECIFIED.,.F.,.F.,.F.)
B_SPLINE_SURFACE_WITH_KNOTS((4,4),(2,2),(-1.,-0.0569521929502635),(0.,0.02),
 .UNSPECIFIED.)
GEOMETRIC_REPRESENTATION_ITEM()
RATIONAL_B_SPLINE_SURFACE(((1.,1.),(1.,1.),(1.,1.),(1.,1.)))
REPRESENTATION_ITEM('')
SURFACE()
);
#368=(
BOUNDED_SURFACE()
B_SPLINE_SURFACE(1,2,((#5212,#5213,#5214),(#5215,#5216,#5217)),
 .UNSPECIFIED.,.F.,.F.,.F.)
B_SPLINE_SURFACE_WITH_KNOTS((2,2),(3,3),(0.,0.0543967169068236),(-3.09818145559796,
-2.66851124678188),.UNSPECIFIED.)
GEOMETRIC_REPRESENTATION_ITEM()
RATIONAL_B_SPLINE_SURFACE(((1.,0.977011560974919,1.),(1.,0.977011560974919,
1.)))
REPRESENTATION_ITEM('')
SURFACE()
);
#369=(
BOUNDED_SURFACE()
B_SPLINE_SURFACE(3,1,((#5223,#5224),(#5225,#5226),(#5227,#5228),(#5229,
#5230)),.UNSPECIFIED.,.F.,.F.,.F.)
B_SPLINE_SURFACE_WITH_KNOTS((4,4),(2,2),(0.,1.),(0.,0.02),.UNSPECIFIED.)
GEOMETRIC_REPRESENTATION_ITEM()
RATIONAL_B_SPLINE_SURFACE(((1.,1.),(1.,1.),(1.,1.),(1.,1.)))
REPRESENTATION_ITEM('')
SURFACE()
);
#370=(
BOUNDED_SURFACE()
B_SPLINE_SURFACE(1,2,((#5242,#5243,#5244),(#5245,#5246,#5247)),
 .UNSPECIFIED.,.F.,.F.,.F.)
B_SPLINE_SURFACE_WITH_KNOTS((2,2),(3,3),(-8.60756088467353E-17,0.0620240127884553),
(-3.8198983963453,-2.82718173871398),.UNSPECIFIED.)
GEOMETRIC_REPRESENTATION_ITEM()
RATIONAL_B_SPLINE_SURFACE(((1.,0.879322649058187,1.),(1.,0.879322649058187,
1.)))
REPRESENTATION_ITEM('')
SURFACE()
);
#371=(
BOUNDED_SURFACE()
B_SPLINE_SURFACE(3,1,((#5278,#5279),(#5280,#5281),(#5282,#5283),(#5284,
#5285)),.UNSPECIFIED.,.F.,.F.,.F.)
B_SPLINE_SURFACE_WITH_KNOTS((4,4),(2,2),(0.,1.),(0.,0.02),.UNSPECIFIED.)
GEOMETRIC_REPRESENTATION_ITEM()
RATIONAL_B_SPLINE_SURFACE(((1.,1.),(1.,1.),(1.,1.),(1.,1.)))
REPRESENTATION_ITEM('')
SURFACE()
);
#372=(
BOUNDED_SURFACE()
B_SPLINE_SURFACE(1,2,((#5297,#5298,#5299),(#5300,#5301,#5302)),
 .UNSPECIFIED.,.F.,.F.,.F.)
B_SPLINE_SURFACE_WITH_KNOTS((2,2),(3,3),(-7.72137393506705E-17,0.0556383628428099),
(-3.51087469630793,-3.03374949659816),.UNSPECIFIED.)
GEOMETRIC_REPRESENTATION_ITEM()
RATIONAL_B_SPLINE_SURFACE(((1.,0.971678645074258,1.),(1.,0.971678645074258,
1.)))
REPRESENTATION_ITEM('')
SURFACE()
);
#373=(
BOUNDED_SURFACE()
B_SPLINE_SURFACE(1,2,((#5308,#5309,#5310),(#5311,#5312,#5313)),
 .UNSPECIFIED.,.F.,.F.,.F.)
B_SPLINE_SURFACE_WITH_KNOTS((2,2),(3,3),(-8.18059028278617E-17,0.0589473653587624),
(-3.51222950668501,-2.2392520595057),.UNSPECIFIED.)
GEOMETRIC_REPRESENTATION_ITEM()
RATIONAL_B_SPLINE_SURFACE(((1.,0.804187727301982,1.),(1.,0.804187727301982,
1.)))
REPRESENTATION_ITEM('')
SURFACE()
);
#374=(
BOUNDED_SURFACE()
B_SPLINE_SURFACE(3,1,((#5319,#5320),(#5321,#5322),(#5323,#5324),(#5325,
#5326)),.UNSPECIFIED.,.T.,.F.,.F.)
B_SPLINE_SURFACE_WITH_KNOTS((4,4),(2,2),(-1.,0.),(0.,0.02),
 .UNSPECIFIED.)
GEOMETRIC_REPRESENTATION_ITEM()
RATIONAL_B_SPLINE_SURFACE(((1.,1.),(1.,1.),(1.,1.),(1.,1.)))
REPRESENTATION_ITEM('')
SURFACE()
);
#375=(
BOUNDED_SURFACE()
B_SPLINE_SURFACE(3,1,((#5348,#5349),(#5350,#5351),(#5352,#5353),(#5354,
#5355)),.UNSPECIFIED.,.F.,.F.,.F.)
B_SPLINE_SURFACE_WITH_KNOTS((4,4),(2,2),(0.00688200813118507,1.),(0.,0.02),
 .UNSPECIFIED.)
GEOMETRIC_REPRESENTATION_ITEM()
RATIONAL_B_SPLINE_SURFACE(((1.,1.),(1.,1.),(1.,1.),(1.,1.)))
REPRESENTATION_ITEM('')
SURFACE()
);
#376=(
BOUNDED_SURFACE()
B_SPLINE_SURFACE(1,2,((#5367,#5368,#5369),(#5370,#5371,#5372)),
 .UNSPECIFIED.,.F.,.F.,.F.)
B_SPLINE_SURFACE_WITH_KNOTS((2,2),(3,3),(0.,0.076652147728436),(-0.315341048132664,
0.165915205605988),.UNSPECIFIED.)
GEOMETRIC_REPRESENTATION_ITEM()
RATIONAL_B_SPLINE_SURFACE(((1.,0.97118847583781,1.),(1.,0.97118847583781,
1.)))
REPRESENTATION_ITEM('')
SURFACE()
);
#377=(
BOUNDED_SURFACE()
B_SPLINE_SURFACE(3,1,((#6090,#6091),(#6092,#6093),(#6094,#6095),(#6096,
#6097)),.UNSPECIFIED.,.F.,.F.,.F.)
B_SPLINE_SURFACE_WITH_KNOTS((4,4),(2,2),(0.,1.),(0.,0.001),
 .UNSPECIFIED.)
GEOMETRIC_REPRESENTATION_ITEM()
RATIONAL_B_SPLINE_SURFACE(((1.,1.),(1.,1.),(1.,1.),(1.,1.)))
REPRESENTATION_ITEM('')
SURFACE()
);
#378=(
BOUNDED_SURFACE()
B_SPLINE_SURFACE(3,1,((#6109,#6110),(#6111,#6112),(#6113,#6114),(#6115,
#6116)),.UNSPECIFIED.,.F.,.F.,.F.)
B_SPLINE_SURFACE_WITH_KNOTS((4,4),(2,2),(0.,1.),(0.,0.001),
 .UNSPECIFIED.)
GEOMETRIC_REPRESENTATION_ITEM()
RATIONAL_B_SPLINE_SURFACE(((1.,1.),(1.,1.),(1.,1.),(1.,1.)))
REPRESENTATION_ITEM('')
SURFACE()
);
#379=(
BOUNDED_SURFACE()
B_SPLINE_SURFACE(3,1,((#6128,#6129),(#6130,#6131),(#6132,#6133),(#6134,
#6135)),.UNSPECIFIED.,.F.,.F.,.F.)
B_SPLINE_SURFACE_WITH_KNOTS((4,4),(2,2),(0.,1.),(0.,0.001),
 .UNSPECIFIED.)
GEOMETRIC_REPRESENTATION_ITEM()
RATIONAL_B_SPLINE_SURFACE(((1.,1.),(1.,1.),(1.,1.),(1.,1.)))
REPRESENTATION_ITEM('')
SURFACE()
);
#380=(
BOUNDED_SURFACE()
B_SPLINE_SURFACE(3,1,((#6147,#6148),(#6149,#6150),(#6151,#6152),(#6153,
#6154)),.UNSPECIFIED.,.F.,.F.,.F.)
B_SPLINE_SURFACE_WITH_KNOTS((4,4),(2,2),(0.,1.),(0.,0.001),
 .UNSPECIFIED.)
GEOMETRIC_REPRESENTATION_ITEM()
RATIONAL_B_SPLINE_SURFACE(((1.,1.),(1.,1.),(1.,1.),(1.,1.)))
REPRESENTATION_ITEM('')
SURFACE()
);
#381=(
BOUNDED_SURFACE()
B_SPLINE_SURFACE(3,1,((#6166,#6167),(#6168,#6169),(#6170,#6171),(#6172,
#6173)),.UNSPECIFIED.,.F.,.F.,.F.)
B_SPLINE_SURFACE_WITH_KNOTS((4,4),(2,2),(0.,1.),(0.,0.001),
 .UNSPECIFIED.)
GEOMETRIC_REPRESENTATION_ITEM()
RATIONAL_B_SPLINE_SURFACE(((1.,1.),(1.,1.),(1.,1.),(1.,1.)))
REPRESENTATION_ITEM('')
SURFACE()
);
#382=(
BOUNDED_SURFACE()
B_SPLINE_SURFACE(3,1,((#6185,#6186),(#6187,#6188),(#6189,#6190),(#6191,
#6192)),.UNSPECIFIED.,.F.,.F.,.F.)
B_SPLINE_SURFACE_WITH_KNOTS((4,4),(2,2),(0.0362016358774113,1.),(0.,0.001),
 .UNSPECIFIED.)
GEOMETRIC_REPRESENTATION_ITEM()
RATIONAL_B_SPLINE_SURFACE(((1.,1.),(1.,1.),(1.,1.),(1.,1.)))
REPRESENTATION_ITEM('')
SURFACE()
);
#383=(
BOUNDED_SURFACE()
B_SPLINE_SURFACE(3,1,((#6223,#6224),(#6225,#6226),(#6227,#6228),(#6229,
#6230)),.UNSPECIFIED.,.F.,.F.,.F.)
B_SPLINE_SURFACE_WITH_KNOTS((4,4),(2,2),(0.,1.),(0.,0.001),
 .UNSPECIFIED.)
GEOMETRIC_REPRESENTATION_ITEM()
RATIONAL_B_SPLINE_SURFACE(((1.,1.),(1.,1.),(1.,1.),(1.,1.)))
REPRESENTATION_ITEM('')
SURFACE()
);
#384=(
BOUNDED_SURFACE()
B_SPLINE_SURFACE(1,2,((#6323,#6324,#6325),(#6326,#6327,#6328)),
 .UNSPECIFIED.,.F.,.F.,.F.)
B_SPLINE_SURFACE_WITH_KNOTS((2,2),(3,3),(1.12407642620588E-16,0.0598724875583273),
(0.641757200755248,1.21082867834315),.UNSPECIFIED.)
GEOMETRIC_REPRESENTATION_ITEM()
RATIONAL_B_SPLINE_SURFACE(((1.,0.95979207972814,1.),(1.,0.95979207972814,
1.)))
REPRESENTATION_ITEM('')
SURFACE()
);
#385=(
BOUNDED_SURFACE()
B_SPLINE_SURFACE(3,1,((#6337,#6338),(#6339,#6340),(#6341,#6342),(#6343,
#6344)),.UNSPECIFIED.,.F.,.F.,.F.)
B_SPLINE_SURFACE_WITH_KNOTS((4,4),(2,2),(0.,1.),(0.,0.001),
 .UNSPECIFIED.)
GEOMETRIC_REPRESENTATION_ITEM()
RATIONAL_B_SPLINE_SURFACE(((1.,1.),(1.,1.),(1.,1.),(1.,1.)))
REPRESENTATION_ITEM('')
SURFACE()
);
#386=(
BOUNDED_SURFACE()
B_SPLINE_SURFACE(3,1,((#6356,#6357),(#6358,#6359),(#6360,#6361),(#6362,
#6363)),.UNSPECIFIED.,.F.,.F.,.F.)
B_SPLINE_SURFACE_WITH_KNOTS((4,4),(2,2),(0.,1.),(0.,0.001),
 .UNSPECIFIED.)
GEOMETRIC_REPRESENTATION_ITEM()
RATIONAL_B_SPLINE_SURFACE(((1.,1.),(1.,1.),(1.,1.),(1.,1.)))
REPRESENTATION_ITEM('')
SURFACE()
);
#387=(
BOUNDED_SURFACE()
B_SPLINE_SURFACE(1,2,((#6375,#6376,#6377),(#6378,#6379,#6380)),
 .UNSPECIFIED.,.F.,.F.,.F.)
B_SPLINE_SURFACE_WITH_KNOTS((2,2),(3,3),(1.59873111725951E-16,0.0615161965084982),
(1.90374108887183,2.17626088805533),.UNSPECIFIED.)
GEOMETRIC_REPRESENTATION_ITEM()
RATIONAL_B_SPLINE_SURFACE(((1.,0.990730974519503,1.),(1.,0.990730974519503,
1.)))
REPRESENTATION_ITEM('')
SURFACE()
);
#388=(
BOUNDED_SURFACE()
B_SPLINE_SURFACE(1,2,((#6413,#6414,#6415),(#6416,#6417,#6418)),
 .UNSPECIFIED.,.F.,.F.,.F.)
B_SPLINE_SURFACE_WITH_KNOTS((2,2),(3,3),(5.19392747107004E-17,0.0338409825828829),
(2.74712510963563,3.19383614173799),.UNSPECIFIED.)
GEOMETRIC_REPRESENTATION_ITEM()
RATIONAL_B_SPLINE_SURFACE(((1.,0.975159683654043,1.),(1.,0.975159683654043,
1.)))
REPRESENTATION_ITEM('')
SURFACE()
);
#389=(
BOUNDED_SURFACE()
B_SPLINE_SURFACE(3,1,((#6424,#6425),(#6426,#6427),(#6428,#6429),(#6430,
#6431)),.UNSPECIFIED.,.F.,.F.,.F.)
B_SPLINE_SURFACE_WITH_KNOTS((4,4),(2,2),(0.0373110261308425,1.),(0.,0.001),
 .UNSPECIFIED.)
GEOMETRIC_REPRESENTATION_ITEM()
RATIONAL_B_SPLINE_SURFACE(((1.,1.),(1.,1.),(1.,1.),(1.,1.)))
REPRESENTATION_ITEM('')
SURFACE()
);
#390=(
BOUNDED_SURFACE()
B_SPLINE_SURFACE(3,1,((#6443,#6444),(#6445,#6446),(#6447,#6448),(#6449,
#6450)),.UNSPECIFIED.,.F.,.F.,.F.)
B_SPLINE_SURFACE_WITH_KNOTS((4,4),(2,2),(0.,1.),(0.,0.001),
 .UNSPECIFIED.)
GEOMETRIC_REPRESENTATION_ITEM()
RATIONAL_B_SPLINE_SURFACE(((1.,1.),(1.,1.),(1.,1.),(1.,1.)))
REPRESENTATION_ITEM('')
SURFACE()
);
#391=(
BOUNDED_SURFACE()
B_SPLINE_SURFACE(3,1,((#6462,#6463),(#6464,#6465),(#6466,#6467),(#6468,
#6469)),.UNSPECIFIED.,.F.,.F.,.F.)
B_SPLINE_SURFACE_WITH_KNOTS((4,4),(2,2),(0.00507898731130081,1.),(0.,0.001),
 .UNSPECIFIED.)
GEOMETRIC_REPRESENTATION_ITEM()
RATIONAL_B_SPLINE_SURFACE(((1.,1.),(1.,1.),(1.,1.),(1.,1.)))
REPRESENTATION_ITEM('')
SURFACE()
);
#392=(
BOUNDED_SURFACE()
B_SPLINE_SURFACE(1,2,((#6481,#6482,#6483),(#6484,#6485,#6486)),
 .UNSPECIFIED.,.F.,.F.,.F.)
B_SPLINE_SURFACE_WITH_KNOTS((2,2),(3,3),(-1.49794117091676E-16,0.085039599802741),
(-0.946901097822116,-0.839534619080536),.UNSPECIFIED.)
GEOMETRIC_REPRESENTATION_ITEM()
RATIONAL_B_SPLINE_SURFACE(((1.,0.998559400925882,1.),(1.,0.998559400925882,
1.)))
REPRESENTATION_ITEM('')
SURFACE()
);
#393=(
BOUNDED_SURFACE()
B_SPLINE_SURFACE(3,1,((#6492,#6493),(#6494,#6495),(#6496,#6497),(#6498,
#6499)),.UNSPECIFIED.,.F.,.F.,.F.)
B_SPLINE_SURFACE_WITH_KNOTS((4,4),(2,2),(0.,1.),(0.,0.001),
 .UNSPECIFIED.)
GEOMETRIC_REPRESENTATION_ITEM()
RATIONAL_B_SPLINE_SURFACE(((1.,1.),(1.,1.),(1.,1.),(1.,1.)))
REPRESENTATION_ITEM('')
SURFACE()
);
#394=(
BOUNDED_SURFACE()
B_SPLINE_SURFACE(1,2,((#6556,#6557,#6558),(#6559,#6560,#6561)),
 .UNSPECIFIED.,.F.,.F.,.F.)
B_SPLINE_SURFACE_WITH_KNOTS((2,2),(3,3),(8.60327962441791E-18,0.0285028313416228),
(-0.0879015797971338,0.769148386383006),.UNSPECIFIED.)
GEOMETRIC_REPRESENTATION_ITEM()
RATIONAL_B_SPLINE_SURFACE(((1.,0.90957965212796,1.),(1.,0.90957965212796,
1.)))
REPRESENTATION_ITEM('')
SURFACE()
);
#395=(
BOUNDED_SURFACE()
B_SPLINE_SURFACE(3,1,((#6573,#6574),(#6575,#6576),(#6577,#6578),(#6579,
#6580)),.UNSPECIFIED.,.F.,.F.,.F.)
B_SPLINE_SURFACE_WITH_KNOTS((4,4),(2,2),(0.0288068616775596,1.),(0.,0.001),
 .UNSPECIFIED.)
GEOMETRIC_REPRESENTATION_ITEM()
RATIONAL_B_SPLINE_SURFACE(((1.,1.),(1.,1.),(1.,1.),(1.,1.)))
REPRESENTATION_ITEM('')
SURFACE()
);
#396=(
BOUNDED_SURFACE()
B_SPLINE_SURFACE(1,2,((#6611,#6612,#6613),(#6614,#6615,#6616)),
 .UNSPECIFIED.,.F.,.F.,.F.)
B_SPLINE_SURFACE_WITH_KNOTS((2,2),(3,3),(-1.90386697498621E-16,0.0245803914276155),
(-0.346455967962851,0.0751783184229379),.UNSPECIFIED.)
GEOMETRIC_REPRESENTATION_ITEM()
RATIONAL_B_SPLINE_SURFACE(((1.,0.977860246628105,1.),(1.,0.977860246628105,
1.)))
REPRESENTATION_ITEM('')
SURFACE()
);
#397=(
BOUNDED_SURFACE()
B_SPLINE_SURFACE(1,2,((#6731,#6732,#6733),(#6734,#6735,#6736)),
 .UNSPECIFIED.,.F.,.F.,.F.)
B_SPLINE_SURFACE_WITH_KNOTS((2,2),(3,3),(-4.87057461630249E-16,0.0271983584534121),
(-3.09818145559797,-2.66851124678188),.UNSPECIFIED.)
GEOMETRIC_REPRESENTATION_ITEM()
RATIONAL_B_SPLINE_SURFACE(((1.,0.977011560974919,1.),(1.,0.977011560974919,
1.)))
REPRESENTATION_ITEM('')
SURFACE()
);
#398=(
BOUNDED_SURFACE()
B_SPLINE_SURFACE(3,1,((#6742,#6743),(#6744,#6745),(#6746,#6747),(#6748,
#6749)),.UNSPECIFIED.,.F.,.F.,.F.)
B_SPLINE_SURFACE_WITH_KNOTS((4,4),(2,2),(0.,1.),(0.,0.001),
 .UNSPECIFIED.)
GEOMETRIC_REPRESENTATION_ITEM()
RATIONAL_B_SPLINE_SURFACE(((1.,1.),(1.,1.),(1.,1.),(1.,1.)))
REPRESENTATION_ITEM('')
SURFACE()
);
#399=(
BOUNDED_SURFACE()
B_SPLINE_SURFACE(1,2,((#6761,#6762,#6763),(#6764,#6765,#6766)),
 .UNSPECIFIED.,.F.,.F.,.F.)
B_SPLINE_SURFACE_WITH_KNOTS((2,2),(3,3),(3.09170241050308E-17,0.0310120063942279),
(-3.8198983963453,-2.82718173871398),.UNSPECIFIED.)
GEOMETRIC_REPRESENTATION_ITEM()
RATIONAL_B_SPLINE_SURFACE(((1.,0.879322649058187,1.),(1.,0.879322649058187,
1.)))
REPRESENTATION_ITEM('')
SURFACE()
);
#400=(
BOUNDED_SURFACE()
B_SPLINE_SURFACE(3,1,((#6797,#6798),(#6799,#6800),(#6801,#6802),(#6803,
#6804)),.UNSPECIFIED.,.F.,.F.,.F.)
B_SPLINE_SURFACE_WITH_KNOTS((4,4),(2,2),(0.,1.),(0.,0.001),
 .UNSPECIFIED.)
GEOMETRIC_REPRESENTATION_ITEM()
RATIONAL_B_SPLINE_SURFACE(((1.,1.),(1.,1.),(1.,1.),(1.,1.)))
REPRESENTATION_ITEM('')
SURFACE()
);
#401=(
BOUNDED_SURFACE()
B_SPLINE_SURFACE(1,2,((#6816,#6817,#6818),(#6819,#6820,#6821)),
 .UNSPECIFIED.,.F.,.F.,.F.)
B_SPLINE_SURFACE_WITH_KNOTS((2,2),(3,3),(1.01391609520961E-16,0.0278191814214052),
(-3.51087469630793,-3.03374949659816),.UNSPECIFIED.)
GEOMETRIC_REPRESENTATION_ITEM()
RATIONAL_B_SPLINE_SURFACE(((1.,0.971678645074258,1.),(1.,0.971678645074258,
1.)))
REPRESENTATION_ITEM('')
SURFACE()
);
#402=(
BOUNDED_SURFACE()
B_SPLINE_SURFACE(1,2,((#6827,#6828,#6829),(#6830,#6831,#6832)),
 .UNSPECIFIED.,.F.,.F.,.F.)
B_SPLINE_SURFACE_WITH_KNOTS((2,2),(3,3),(-2.3619331178313E-16,0.0294736826793813),
(-3.51222950668501,-2.2392520595057),.UNSPECIFIED.)
GEOMETRIC_REPRESENTATION_ITEM()
RATIONAL_B_SPLINE_SURFACE(((1.,0.804187727301982,1.),(1.,0.804187727301982,
1.)))
REPRESENTATION_ITEM('')
SURFACE()
);
#403=(
BOUNDED_SURFACE()
B_SPLINE_SURFACE(3,1,((#6838,#6839),(#6840,#6841),(#6842,#6843),(#6844,
#6845)),.UNSPECIFIED.,.T.,.F.,.F.)
B_SPLINE_SURFACE_WITH_KNOTS((4,4),(2,2),(-1.,0.),(0.,0.001),
 .UNSPECIFIED.)
GEOMETRIC_REPRESENTATION_ITEM()
RATIONAL_B_SPLINE_SURFACE(((1.,1.),(1.,1.),(1.,1.),(1.,1.)))
REPRESENTATION_ITEM('')
SURFACE()
);
#404=(
BOUNDED_SURFACE()
B_SPLINE_SURFACE(3,1,((#6867,#6868),(#6869,#6870),(#6871,#6872),(#6873,
#6874)),.UNSPECIFIED.,.F.,.F.,.F.)
B_SPLINE_SURFACE_WITH_KNOTS((4,4),(2,2),(0.00688200813118507,1.),(0.,0.001),
 .UNSPECIFIED.)
GEOMETRIC_REPRESENTATION_ITEM()
RATIONAL_B_SPLINE_SURFACE(((1.,1.),(1.,1.),(1.,1.),(1.,1.)))
REPRESENTATION_ITEM('')
SURFACE()
);
#405=(
BOUNDED_SURFACE()
B_SPLINE_SURFACE(1,2,((#6886,#6887,#6888),(#6889,#6890,#6891)),
 .UNSPECIFIED.,.F.,.F.,.F.)
B_SPLINE_SURFACE_WITH_KNOTS((2,2),(3,3),(1.54106319047655E-17,0.0383260738642181),
(-0.315341048132667,0.165915205605988),.UNSPECIFIED.)
GEOMETRIC_REPRESENTATION_ITEM()
RATIONAL_B_SPLINE_SURFACE(((1.,0.971188475837809,1.),(1.,0.971188475837809,
1.)))
REPRESENTATION_ITEM('')
SURFACE()
);
#406=FACE_OUTER_BOUND('',#599,.T.);
#407=FACE_OUTER_BOUND('',#600,.T.);
#408=FACE_OUTER_BOUND('',#601,.T.);
#409=FACE_OUTER_BOUND('',#602,.T.);
#410=FACE_OUTER_BOUND('',#603,.T.);
#411=FACE_OUTER_BOUND('',#604,.T.);
#412=FACE_OUTER_BOUND('',#605,.T.);
#413=FACE_OUTER_BOUND('',#606,.T.);
#414=FACE_OUTER_BOUND('',#607,.T.);
#415=FACE_OUTER_BOUND('',#608,.T.);
#416=FACE_OUTER_BOUND('',#609,.T.);
#417=FACE_OUTER_BOUND('',#610,.T.);
#418=FACE_OUTER_BOUND('',#611,.T.);
#419=FACE_OUTER_BOUND('',#612,.T.);
#420=FACE_OUTER_BOUND('',#613,.T.);
#421=FACE_OUTER_BOUND('',#614,.T.);
#422=FACE_OUTER_BOUND('',#615,.T.);
#423=FACE_OUTER_BOUND('',#616,.T.);
#424=FACE_OUTER_BOUND('',#617,.T.);
#425=FACE_OUTER_BOUND('',#618,.T.);
#426=FACE_OUTER_BOUND('',#619,.T.);
#427=FACE_OUTER_BOUND('',#620,.T.);
#428=FACE_OUTER_BOUND('',#621,.T.);
#429=FACE_OUTER_BOUND('',#622,.T.);
#430=FACE_OUTER_BOUND('',#623,.T.);
#431=FACE_OUTER_BOUND('',#624,.T.);
#432=FACE_OUTER_BOUND('',#625,.T.);
#433=FACE_OUTER_BOUND('',#626,.T.);
#434=FACE_OUTER_BOUND('',#627,.T.);
#435=FACE_OUTER_BOUND('',#628,.T.);
#436=FACE_OUTER_BOUND('',#629,.T.);
#437=FACE_OUTER_BOUND('',#630,.T.);
#438=FACE_OUTER_BOUND('',#631,.T.);
#439=FACE_OUTER_BOUND('',#632,.T.);
#440=FACE_OUTER_BOUND('',#633,.T.);
#441=FACE_OUTER_BOUND('',#634,.T.);
#442=FACE_OUTER_BOUND('',#635,.T.);
#443=FACE_OUTER_BOUND('',#636,.T.);
#444=FACE_OUTER_BOUND('',#637,.T.);
#445=FACE_OUTER_BOUND('',#638,.T.);
#446=FACE_OUTER_BOUND('',#639,.T.);
#447=FACE_OUTER_BOUND('',#640,.T.);
#448=FACE_OUTER_BOUND('',#641,.T.);
#449=FACE_OUTER_BOUND('',#642,.T.);
#450=FACE_OUTER_BOUND('',#643,.T.);
#451=FACE_OUTER_BOUND('',#644,.T.);
#452=FACE_OUTER_BOUND('',#645,.T.);
#453=FACE_OUTER_BOUND('',#646,.T.);
#454=FACE_OUTER_BOUND('',#647,.T.);
#455=FACE_OUTER_BOUND('',#648,.T.);
#456=FACE_OUTER_BOUND('',#650,.T.);
#457=FACE_OUTER_BOUND('',#651,.T.);
#458=FACE_OUTER_BOUND('',#657,.T.);
#459=FACE_OUTER_BOUND('',#658,.T.);
#460=FACE_OUTER_BOUND('',#659,.T.);
#461=FACE_OUTER_BOUND('',#660,.T.);
#462=FACE_OUTER_BOUND('',#661,.T.);
#463=FACE_OUTER_BOUND('',#662,.T.);
#464=FACE_OUTER_BOUND('',#663,.T.);
#465=FACE_OUTER_BOUND('',#664,.T.);
#466=FACE_OUTER_BOUND('',#666,.T.);
#467=FACE_OUTER_BOUND('',#667,.T.);
#468=FACE_OUTER_BOUND('',#668,.T.);
#469=FACE_OUTER_BOUND('',#669,.T.);
#470=FACE_OUTER_BOUND('',#670,.T.);
#471=FACE_OUTER_BOUND('',#671,.T.);
#472=FACE_OUTER_BOUND('',#672,.T.);
#473=FACE_OUTER_BOUND('',#673,.T.);
#474=FACE_OUTER_BOUND('',#674,.T.);
#475=FACE_OUTER_BOUND('',#675,.T.);
#476=FACE_OUTER_BOUND('',#676,.T.);
#477=FACE_OUTER_BOUND('',#677,.T.);
#478=FACE_OUTER_BOUND('',#678,.T.);
#479=FACE_OUTER_BOUND('',#679,.T.);
#480=FACE_OUTER_BOUND('',#680,.T.);
#481=FACE_OUTER_BOUND('',#681,.T.);
#482=FACE_OUTER_BOUND('',#682,.T.);
#483=FACE_OUTER_BOUND('',#683,.T.);
#484=FACE_OUTER_BOUND('',#684,.T.);
#485=FACE_OUTER_BOUND('',#685,.T.);
#486=FACE_OUTER_BOUND('',#686,.T.);
#487=FACE_OUTER_BOUND('',#687,.T.);
#488=FACE_OUTER_BOUND('',#688,.T.);
#489=FACE_OUTER_BOUND('',#689,.T.);
#490=FACE_OUTER_BOUND('',#690,.T.);
#491=FACE_OUTER_BOUND('',#691,.T.);
#492=FACE_OUTER_BOUND('',#692,.T.);
#493=FACE_OUTER_BOUND('',#693,.T.);
#494=FACE_OUTER_BOUND('',#694,.T.);
#495=FACE_OUTER_BOUND('',#695,.T.);
#496=FACE_OUTER_BOUND('',#696,.T.);
#497=FACE_OUTER_BOUND('',#697,.T.);
#498=FACE_OUTER_BOUND('',#698,.T.);
#499=FACE_OUTER_BOUND('',#699,.T.);
#500=FACE_OUTER_BOUND('',#700,.T.);
#501=FACE_OUTER_BOUND('',#701,.T.);
#502=FACE_OUTER_BOUND('',#702,.T.);
#503=FACE_OUTER_BOUND('',#703,.T.);
#504=FACE_OUTER_BOUND('',#704,.T.);
#505=FACE_OUTER_BOUND('',#705,.T.);
#506=FACE_OUTER_BOUND('',#706,.T.);
#507=FACE_OUTER_BOUND('',#707,.T.);
#508=FACE_OUTER_BOUND('',#708,.T.);
#509=FACE_OUTER_BOUND('',#709,.T.);
#510=FACE_OUTER_BOUND('',#710,.T.);
#511=FACE_OUTER_BOUND('',#711,.T.);
#512=FACE_OUTER_BOUND('',#713,.T.);
#513=FACE_OUTER_BOUND('',#715,.T.);
#514=FACE_OUTER_BOUND('',#716,.T.);
#515=FACE_OUTER_BOUND('',#717,.T.);
#516=FACE_OUTER_BOUND('',#718,.T.);
#517=FACE_OUTER_BOUND('',#721,.T.);
#518=FACE_OUTER_BOUND('',#722,.T.);
#519=FACE_OUTER_BOUND('',#723,.T.);
#520=FACE_OUTER_BOUND('',#724,.T.);
#521=FACE_OUTER_BOUND('',#725,.T.);
#522=FACE_OUTER_BOUND('',#726,.T.);
#523=FACE_OUTER_BOUND('',#727,.T.);
#524=FACE_OUTER_BOUND('',#728,.T.);
#525=FACE_OUTER_BOUND('',#729,.T.);
#526=FACE_OUTER_BOUND('',#730,.T.);
#527=FACE_OUTER_BOUND('',#731,.T.);
#528=FACE_OUTER_BOUND('',#732,.T.);
#529=FACE_OUTER_BOUND('',#733,.T.);
#530=FACE_OUTER_BOUND('',#734,.T.);
#531=FACE_OUTER_BOUND('',#735,.T.);
#532=FACE_OUTER_BOUND('',#736,.T.);
#533=FACE_OUTER_BOUND('',#737,.T.);
#534=FACE_OUTER_BOUND('',#738,.T.);
#535=FACE_OUTER_BOUND('',#739,.T.);
#536=FACE_OUTER_BOUND('',#741,.T.);
#537=FACE_OUTER_BOUND('',#743,.T.);
#538=FACE_OUTER_BOUND('',#744,.T.);
#539=FACE_OUTER_BOUND('',#745,.T.);
#540=FACE_OUTER_BOUND('',#746,.T.);
#541=FACE_OUTER_BOUND('',#747,.T.);
#542=FACE_OUTER_BOUND('',#748,.T.);
#543=FACE_OUTER_BOUND('',#749,.T.);
#544=FACE_OUTER_BOUND('',#750,.T.);
#545=FACE_OUTER_BOUND('',#751,.T.);
#546=FACE_OUTER_BOUND('',#752,.T.);
#547=FACE_OUTER_BOUND('',#753,.T.);
#548=FACE_OUTER_BOUND('',#754,.T.);
#549=FACE_OUTER_BOUND('',#755,.T.);
#550=FACE_OUTER_BOUND('',#756,.T.);
#551=FACE_OUTER_BOUND('',#757,.T.);
#552=FACE_OUTER_BOUND('',#758,.T.);
#553=FACE_OUTER_BOUND('',#759,.T.);
#554=FACE_OUTER_BOUND('',#760,.T.);
#555=FACE_OUTER_BOUND('',#761,.T.);
#556=FACE_OUTER_BOUND('',#762,.T.);
#557=FACE_OUTER_BOUND('',#763,.T.);
#558=FACE_OUTER_BOUND('',#764,.T.);
#559=FACE_OUTER_BOUND('',#765,.T.);
#560=FACE_OUTER_BOUND('',#766,.T.);
#561=FACE_OUTER_BOUND('',#767,.T.);
#562=FACE_OUTER_BOUND('',#768,.T.);
#563=FACE_OUTER_BOUND('',#769,.T.);
#564=FACE_OUTER_BOUND('',#770,.T.);
#565=FACE_OUTER_BOUND('',#771,.T.);
#566=FACE_OUTER_BOUND('',#772,.T.);
#567=FACE_OUTER_BOUND('',#773,.T.);
#568=FACE_OUTER_BOUND('',#774,.T.);
#569=FACE_OUTER_BOUND('',#775,.T.);
#570=FACE_OUTER_BOUND('',#776,.T.);
#571=FACE_OUTER_BOUND('',#777,.T.);
#572=FACE_OUTER_BOUND('',#778,.T.);
#573=FACE_OUTER_BOUND('',#779,.T.);
#574=FACE_OUTER_BOUND('',#780,.T.);
#575=FACE_OUTER_BOUND('',#781,.T.);
#576=FACE_OUTER_BOUND('',#782,.T.);
#577=FACE_OUTER_BOUND('',#783,.T.);
#578=FACE_OUTER_BOUND('',#784,.T.);
#579=FACE_OUTER_BOUND('',#785,.T.);
#580=FACE_OUTER_BOUND('',#786,.T.);
#581=FACE_OUTER_BOUND('',#787,.T.);
#582=FACE_OUTER_BOUND('',#788,.T.);
#583=FACE_OUTER_BOUND('',#789,.T.);
#584=FACE_OUTER_BOUND('',#790,.T.);
#585=FACE_OUTER_BOUND('',#791,.T.);
#586=FACE_OUTER_BOUND('',#792,.T.);
#587=FACE_OUTER_BOUND('',#793,.T.);
#588=FACE_OUTER_BOUND('',#794,.T.);
#589=FACE_OUTER_BOUND('',#795,.T.);
#590=FACE_OUTER_BOUND('',#796,.T.);
#591=FACE_OUTER_BOUND('',#797,.T.);
#592=FACE_OUTER_BOUND('',#798,.T.);
#593=FACE_OUTER_BOUND('',#799,.T.);
#594=FACE_OUTER_BOUND('',#800,.T.);
#595=FACE_OUTER_BOUND('',#801,.T.);
#596=FACE_OUTER_BOUND('',#802,.T.);
#597=FACE_OUTER_BOUND('',#803,.T.);
#598=FACE_OUTER_BOUND('',#805,.T.);
#599=EDGE_LOOP('',(#2233,#2234,#2235,#2236));
#600=EDGE_LOOP('',(#2237,#2238,#2239,#2240));
#601=EDGE_LOOP('',(#2241,#2242,#2243,#2244));
#602=EDGE_LOOP('',(#2245,#2246,#2247,#2248));
#603=EDGE_LOOP('',(#2249,#2250,#2251,#2252));
#604=EDGE_LOOP('',(#2253,#2254,#2255,#2256));
#605=EDGE_LOOP('',(#2257,#2258,#2259,#2260));
#606=EDGE_LOOP('',(#2261,#2262,#2263,#2264));
#607=EDGE_LOOP('',(#2265,#2266,#2267,#2268));
#608=EDGE_LOOP('',(#2269,#2270,#2271,#2272));
#609=EDGE_LOOP('',(#2273,#2274,#2275,#2276));
#610=EDGE_LOOP('',(#2277,#2278,#2279,#2280));
#611=EDGE_LOOP('',(#2281,#2282,#2283,#2284));
#612=EDGE_LOOP('',(#2285,#2286,#2287,#2288));
#613=EDGE_LOOP('',(#2289,#2290,#2291,#2292));
#614=EDGE_LOOP('',(#2293,#2294,#2295,#2296));
#615=EDGE_LOOP('',(#2297,#2298,#2299,#2300));
#616=EDGE_LOOP('',(#2301,#2302,#2303,#2304));
#617=EDGE_LOOP('',(#2305,#2306,#2307,#2308));
#618=EDGE_LOOP('',(#2309,#2310,#2311,#2312));
#619=EDGE_LOOP('',(#2313,#2314,#2315,#2316));
#620=EDGE_LOOP('',(#2317,#2318,#2319,#2320));
#621=EDGE_LOOP('',(#2321,#2322,#2323,#2324));
#622=EDGE_LOOP('',(#2325,#2326,#2327,#2328));
#623=EDGE_LOOP('',(#2329,#2330,#2331,#2332));
#624=EDGE_LOOP('',(#2333,#2334,#2335,#2336));
#625=EDGE_LOOP('',(#2337,#2338,#2339,#2340));
#626=EDGE_LOOP('',(#2341,#2342,#2343,#2344));
#627=EDGE_LOOP('',(#2345,#2346,#2347,#2348));
#628=EDGE_LOOP('',(#2349,#2350,#2351,#2352));
#629=EDGE_LOOP('',(#2353,#2354,#2355,#2356));
#630=EDGE_LOOP('',(#2357,#2358,#2359,#2360));
#631=EDGE_LOOP('',(#2361,#2362,#2363,#2364));
#632=EDGE_LOOP('',(#2365,#2366,#2367,#2368));
#633=EDGE_LOOP('',(#2369,#2370,#2371,#2372));
#634=EDGE_LOOP('',(#2373,#2374,#2375,#2376));
#635=EDGE_LOOP('',(#2377,#2378,#2379,#2380));
#636=EDGE_LOOP('',(#2381,#2382,#2383,#2384));
#637=EDGE_LOOP('',(#2385,#2386,#2387,#2388));
#638=EDGE_LOOP('',(#2389,#2390,#2391,#2392));
#639=EDGE_LOOP('',(#2393,#2394,#2395,#2396));
#640=EDGE_LOOP('',(#2397,#2398,#2399,#2400));
#641=EDGE_LOOP('',(#2401,#2402,#2403,#2404));
#642=EDGE_LOOP('',(#2405,#2406,#2407,#2408));
#643=EDGE_LOOP('',(#2409,#2410,#2411,#2412));
#644=EDGE_LOOP('',(#2413,#2414,#2415,#2416));
#645=EDGE_LOOP('',(#2417,#2418,#2419,#2420));
#646=EDGE_LOOP('',(#2421,#2422,#2423,#2424));
#647=EDGE_LOOP('',(#2425,#2426,#2427,#2428));
#648=EDGE_LOOP('',(#2429,#2430,#2431,#2432,#2433,#2434,#2435,#2436,#2437,
#2438,#2439,#2440,#2441,#2442,#2443,#2444,#2445,#2446,#2447,#2448,#2449,
#2450,#2451,#2452,#2453,#2454,#2455,#2456,#2457,#2458,#2459,#2460,#2461,
#2462,#2463,#2464,#2465));
#649=EDGE_LOOP('',(#2466,#2467,#2468,#2469,#2470,#2471,#2472,#2473,#2474,
#2475,#2476,#2477));
#650=EDGE_LOOP('',(#2478));
#651=EDGE_LOOP('',(#2479,#2480,#2481,#2482,#2483,#2484,#2485,#2486,#2487,
#2488,#2489,#2490,#2491,#2492,#2493,#2494,#2495,#2496));
#652=EDGE_LOOP('',(#2497));
#653=EDGE_LOOP('',(#2498,#2499,#2500,#2501));
#654=EDGE_LOOP('',(#2502));
#655=EDGE_LOOP('',(#2503,#2504,#2505,#2506));
#656=EDGE_LOOP('',(#2507,#2508,#2509,#2510,#2511,#2512,#2513,#2514,#2515,
#2516,#2517,#2518,#2519,#2520,#2521,#2522,#2523,#2524,#2525,#2526,#2527,
#2528,#2529,#2530,#2531,#2532,#2533,#2534,#2535,#2536,#2537,#2538,#2539,
#2540,#2541,#2542));
#657=EDGE_LOOP('',(#2543,#2544,#2545,#2546));
#658=EDGE_LOOP('',(#2547,#2548,#2549,#2550));
#659=EDGE_LOOP('',(#2551,#2552,#2553,#2554));
#660=EDGE_LOOP('',(#2555,#2556,#2557,#2558,#2559,#2560,#2561,#2562,#2563));
#661=EDGE_LOOP('',(#2564,#2565,#2566,#2567));
#662=EDGE_LOOP('',(#2568,#2569,#2570,#2571,#2572));
#663=EDGE_LOOP('',(#2573,#2574,#2575,#2576,#2577,#2578,#2579,#2580));
#664=EDGE_LOOP('',(#2581));
#665=EDGE_LOOP('',(#2582));
#666=EDGE_LOOP('',(#2583,#2584,#2585,#2586));
#667=EDGE_LOOP('',(#2587,#2588,#2589,#2590,#2591,#2592,#2593,#2594,#2595,
#2596,#2597,#2598));
#668=EDGE_LOOP('',(#2599,#2600,#2601,#2602));
#669=EDGE_LOOP('',(#2603,#2604,#2605,#2606));
#670=EDGE_LOOP('',(#2607,#2608,#2609,#2610));
#671=EDGE_LOOP('',(#2611,#2612,#2613,#2614));
#672=EDGE_LOOP('',(#2615,#2616,#2617,#2618));
#673=EDGE_LOOP('',(#2619,#2620,#2621,#2622));
#674=EDGE_LOOP('',(#2623,#2624,#2625,#2626));
#675=EDGE_LOOP('',(#2627,#2628,#2629,#2630));
#676=EDGE_LOOP('',(#2631,#2632,#2633,#2634));
#677=EDGE_LOOP('',(#2635,#2636,#2637,#2638));
#678=EDGE_LOOP('',(#2639,#2640,#2641,#2642));
#679=EDGE_LOOP('',(#2643,#2644,#2645,#2646));
#680=EDGE_LOOP('',(#2647,#2648,#2649,#2650));
#681=EDGE_LOOP('',(#2651,#2652,#2653,#2654));
#682=EDGE_LOOP('',(#2655,#2656,#2657,#2658));
#683=EDGE_LOOP('',(#2659,#2660,#2661,#2662));
#684=EDGE_LOOP('',(#2663,#2664,#2665,#2666));
#685=EDGE_LOOP('',(#2667,#2668,#2669,#2670));
#686=EDGE_LOOP('',(#2671,#2672,#2673,#2674));
#687=EDGE_LOOP('',(#2675,#2676,#2677,#2678));
#688=EDGE_LOOP('',(#2679,#2680,#2681,#2682));
#689=EDGE_LOOP('',(#2683,#2684,#2685,#2686));
#690=EDGE_LOOP('',(#2687,#2688,#2689,#2690));
#691=EDGE_LOOP('',(#2691,#2692,#2693,#2694));
#692=EDGE_LOOP('',(#2695,#2696,#2697,#2698));
#693=EDGE_LOOP('',(#2699,#2700,#2701,#2702));
#694=EDGE_LOOP('',(#2703,#2704,#2705,#2706));
#695=EDGE_LOOP('',(#2707,#2708,#2709,#2710));
#696=EDGE_LOOP('',(#2711,#2712,#2713,#2714));
#697=EDGE_LOOP('',(#2715,#2716,#2717,#2718));
#698=EDGE_LOOP('',(#2719,#2720,#2721,#2722));
#699=EDGE_LOOP('',(#2723,#2724,#2725,#2726,#2727,#2728));
#700=EDGE_LOOP('',(#2729,#2730,#2731,#2732));
#701=EDGE_LOOP('',(#2733,#2734,#2735,#2736));
#702=EDGE_LOOP('',(#2737,#2738,#2739,#2740));
#703=EDGE_LOOP('',(#2741,#2742,#2743,#2744));
#704=EDGE_LOOP('',(#2745,#2746,#2747,#2748,#2749));
#705=EDGE_LOOP('',(#2750,#2751,#2752,#2753));
#706=EDGE_LOOP('',(#2754,#2755,#2756,#2757,#2758,#2759,#2760,#2761));
#707=EDGE_LOOP('',(#2762,#2763,#2764,#2765));
#708=EDGE_LOOP('',(#2766,#2767,#2768,#2769));
#709=EDGE_LOOP('',(#2770,#2771,#2772,#2773));
#710=EDGE_LOOP('',(#2774,#2775,#2776,#2777));
#711=EDGE_LOOP('',(#2778));
#712=EDGE_LOOP('',(#2779));
#713=EDGE_LOOP('',(#2780));
#714=EDGE_LOOP('',(#2781));
#715=EDGE_LOOP('',(#2782,#2783,#2784,#2785));
#716=EDGE_LOOP('',(#2786,#2787,#2788,#2789));
#717=EDGE_LOOP('',(#2790,#2791,#2792,#2793));
#718=EDGE_LOOP('',(#2794,#2795,#2796,#2797));
#719=EDGE_LOOP('',(#2798));
#720=EDGE_LOOP('',(#2799));
#721=EDGE_LOOP('',(#2800,#2801,#2802,#2803,#2804));
#722=EDGE_LOOP('',(#2805,#2806,#2807,#2808,#2809,#2810));
#723=EDGE_LOOP('',(#2811,#2812,#2813,#2814,#2815));
#724=EDGE_LOOP('',(#2816,#2817,#2818,#2819,#2820,#2821,#2822,#2823,#2824,
#2825,#2826,#2827,#2828,#2829,#2830,#2831));
#725=EDGE_LOOP('',(#2832,#2833,#2834,#2835,#2836,#2837,#2838));
#726=EDGE_LOOP('',(#2839,#2840,#2841,#2842));
#727=EDGE_LOOP('',(#2843,#2844,#2845,#2846));
#728=EDGE_LOOP('',(#2847,#2848,#2849,#2850));
#729=EDGE_LOOP('',(#2851,#2852,#2853,#2854));
#730=EDGE_LOOP('',(#2855,#2856,#2857,#2858));
#731=EDGE_LOOP('',(#2859,#2860,#2861,#2862,#2863));
#732=EDGE_LOOP('',(#2864,#2865,#2866,#2867));
#733=EDGE_LOOP('',(#2868,#2869,#2870,#2871));
#734=EDGE_LOOP('',(#2872,#2873,#2874,#2875));
#735=EDGE_LOOP('',(#2876,#2877,#2878,#2879,#2880,#2881));
#736=EDGE_LOOP('',(#2882,#2883,#2884,#2885));
#737=EDGE_LOOP('',(#2886,#2887,#2888,#2889));
#738=EDGE_LOOP('',(#2890,#2891,#2892,#2893));
#739=EDGE_LOOP('',(#2894,#2895,#2896,#2897,#2898,#2899,#2900));
#740=EDGE_LOOP('',(#2901,#2902,#2903,#2904));
#741=EDGE_LOOP('',(#2905,#2906,#2907,#2908,#2909,#2910,#2911));
#742=EDGE_LOOP('',(#2912,#2913,#2914,#2915));
#743=EDGE_LOOP('',(#2916,#2917,#2918,#2919,#2920,#2921));
#744=EDGE_LOOP('',(#2922,#2923,#2924,#2925,#2926,#2927));
#745=EDGE_LOOP('',(#2928,#2929,#2930,#2931,#2932,#2933,#2934));
#746=EDGE_LOOP('',(#2935,#2936,#2937,#2938,#2939,#2940,#2941));
#747=EDGE_LOOP('',(#2942,#2943,#2944,#2945,#2946,#2947,#2948,#2949,#2950,
#2951,#2952,#2953,#2954,#2955,#2956));
#748=EDGE_LOOP('',(#2957,#2958,#2959,#2960));
#749=EDGE_LOOP('',(#2961,#2962,#2963,#2964));
#750=EDGE_LOOP('',(#2965,#2966,#2967,#2968));
#751=EDGE_LOOP('',(#2969,#2970,#2971,#2972));
#752=EDGE_LOOP('',(#2973,#2974,#2975,#2976));
#753=EDGE_LOOP('',(#2977,#2978,#2979,#2980,#2981,#2982));
#754=EDGE_LOOP('',(#2983,#2984,#2985,#2986,#2987,#2988));
#755=EDGE_LOOP('',(#2989,#2990,#2991,#2992));
#756=EDGE_LOOP('',(#2993,#2994,#2995,#2996));
#757=EDGE_LOOP('',(#2997,#2998,#2999,#3000));
#758=EDGE_LOOP('',(#3001,#3002,#3003,#3004));
#759=EDGE_LOOP('',(#3005,#3006,#3007,#3008));
#760=EDGE_LOOP('',(#3009,#3010,#3011,#3012));
#761=EDGE_LOOP('',(#3013,#3014,#3015,#3016));
#762=EDGE_LOOP('',(#3017,#3018,#3019,#3020));
#763=EDGE_LOOP('',(#3021,#3022,#3023,#3024));
#764=EDGE_LOOP('',(#3025,#3026,#3027,#3028));
#765=EDGE_LOOP('',(#3029,#3030,#3031,#3032));
#766=EDGE_LOOP('',(#3033,#3034,#3035,#3036));
#767=EDGE_LOOP('',(#3037,#3038,#3039,#3040));
#768=EDGE_LOOP('',(#3041,#3042,#3043,#3044));
#769=EDGE_LOOP('',(#3045,#3046,#3047,#3048));
#770=EDGE_LOOP('',(#3049,#3050,#3051,#3052));
#771=EDGE_LOOP('',(#3053,#3054,#3055,#3056));
#772=EDGE_LOOP('',(#3057,#3058,#3059,#3060));
#773=EDGE_LOOP('',(#3061,#3062,#3063,#3064));
#774=EDGE_LOOP('',(#3065,#3066,#3067,#3068));
#775=EDGE_LOOP('',(#3069,#3070,#3071,#3072));
#776=EDGE_LOOP('',(#3073,#3074,#3075,#3076));
#777=EDGE_LOOP('',(#3077,#3078,#3079,#3080));
#778=EDGE_LOOP('',(#3081,#3082,#3083,#3084));
#779=EDGE_LOOP('',(#3085,#3086,#3087,#3088));
#780=EDGE_LOOP('',(#3089,#3090,#3091,#3092));
#781=EDGE_LOOP('',(#3093,#3094,#3095,#3096));
#782=EDGE_LOOP('',(#3097,#3098,#3099,#3100));
#783=EDGE_LOOP('',(#3101,#3102,#3103,#3104));
#784=EDGE_LOOP('',(#3105,#3106,#3107,#3108));
#785=EDGE_LOOP('',(#3109,#3110,#3111,#3112));
#786=EDGE_LOOP('',(#3113,#3114,#3115,#3116));
#787=EDGE_LOOP('',(#3117,#3118,#3119,#3120));
#788=EDGE_LOOP('',(#3121,#3122,#3123,#3124));
#789=EDGE_LOOP('',(#3125,#3126,#3127,#3128));
#790=EDGE_LOOP('',(#3129,#3130,#3131,#3132));
#791=EDGE_LOOP('',(#3133,#3134,#3135,#3136));
#792=EDGE_LOOP('',(#3137,#3138,#3139,#3140));
#793=EDGE_LOOP('',(#3141,#3142,#3143,#3144));
#794=EDGE_LOOP('',(#3145,#3146,#3147,#3148));
#795=EDGE_LOOP('',(#3149,#3150,#3151,#3152));
#796=EDGE_LOOP('',(#3153,#3154,#3155,#3156));
#797=EDGE_LOOP('',(#3157,#3158,#3159,#3160));
#798=EDGE_LOOP('',(#3161,#3162,#3163,#3164));
#799=EDGE_LOOP('',(#3165,#3166,#3167,#3168));
#800=EDGE_LOOP('',(#3169,#3170,#3171,#3172));
#801=EDGE_LOOP('',(#3173,#3174,#3175,#3176));
#802=EDGE_LOOP('',(#3177,#3178,#3179,#3180));
#803=EDGE_LOOP('',(#3181,#3182,#3183,#3184,#3185,#3186,#3187,#3188,#3189,
#3190,#3191,#3192,#3193,#3194,#3195,#3196,#3197,#3198,#3199,#3200,#3201,
#3202,#3203,#3204,#3205,#3206,#3207,#3208,#3209,#3210,#3211,#3212,#3213,
#3214));
#804=EDGE_LOOP('',(#3215,#3216,#3217,#3218,#3219,#3220,#3221,#3222,#3223,
#3224,#3225,#3226));
#805=EDGE_LOOP('',(#3227,#3228,#3229,#3230,#3231,#3232,#3233,#3234,#3235,
#3236,#3237,#3238,#3239,#3240,#3241,#3242,#3243,#3244,#3245,#3246,#3247,
#3248,#3249,#3250,#3251,#3252,#3253,#3254,#3255,#3256,#3257,#3258,#3259,
#3260));
#806=EDGE_LOOP('',(#3261,#3262,#3263,#3264,#3265,#3266,#3267,#3268,#3269,
#3270,#3271,#3272));
#807=LINE('',#4466,#1066);
#808=LINE('',#4472,#1067);
#809=LINE('',#4508,#1068);
#810=LINE('',#4536,#1069);
#811=LINE('',#4555,#1070);
#812=LINE('',#4574,#1071);
#813=LINE('',#4593,#1072);
#814=LINE('',#4612,#1073);
#815=LINE('',#4631,#1074);
#816=LINE('',#4650,#1075);
#817=LINE('',#4669,#1076);
#818=LINE('',#4709,#1077);
#819=LINE('',#4765,#1078);
#820=LINE('',#4768,#1079);
#821=LINE('',#4783,#1080);
#822=LINE('',#4802,#1081);
#823=LINE('',#4816,#1082);
#824=LINE('',#4838,#1083);
#825=LINE('',#4854,#1084);
#826=LINE('',#4870,#1085);
#827=LINE('',#4889,#1086);
#828=LINE('',#4908,#1087);
#829=LINE('',#4927,#1088);
#830=LINE('',#4946,#1089);
#831=LINE('',#4960,#1090);
#832=LINE('',#4976,#1091);
#833=LINE('',#4983,#1092);
#834=LINE('',#4985,#1093);
#835=LINE('',#4986,#1094);
#836=LINE('',#5010,#1095);
#837=LINE('',#5027,#1096);
#838=LINE('',#5033,#1097);
#839=LINE('',#5049,#1098);
#840=LINE('',#5068,#1099);
#841=LINE('',#5082,#1100);
#842=LINE('',#5098,#1101);
#843=LINE('',#5124,#1102);
#844=LINE('',#5153,#1103);
#845=LINE('',#5199,#1104);
#846=LINE('',#5221,#1105);
#847=LINE('',#5237,#1106);
#848=LINE('',#5251,#1107);
#849=LINE('',#5257,#1108);
#850=LINE('',#5273,#1109);
#851=LINE('',#5292,#1110);
#852=LINE('',#5306,#1111);
#853=LINE('',#5317,#1112);
#854=LINE('',#5331,#1113);
#855=LINE('',#5340,#1114);
#856=LINE('',#5344,#1115);
#857=LINE('',#5346,#1116);
#858=LINE('',#5347,#1117);
#859=LINE('',#5362,#1118);
#860=LINE('',#5380,#1119);
#861=LINE('',#5382,#1120);
#862=LINE('',#5386,#1121);
#863=LINE('',#5390,#1122);
#864=LINE('',#5396,#1123);
#865=LINE('',#5400,#1124);
#866=LINE('',#5406,#1125);
#867=LINE('',#5410,#1126);
#868=LINE('',#5413,#1127);
#869=LINE('',#5418,#1128);
#870=LINE('',#5422,#1129);
#871=LINE('',#5428,#1130);
#872=LINE('',#5432,#1131);
#873=LINE('',#5438,#1132);
#874=LINE('',#5443,#1133);
#875=LINE('',#5446,#1134);
#876=LINE('',#5537,#1135);
#877=LINE('',#5608,#1136);
#878=LINE('',#5610,#1137);
#879=LINE('',#5611,#1138);
#880=LINE('',#5615,#1139);
#881=LINE('',#5635,#1140);
#882=LINE('',#5640,#1141);
#883=LINE('',#5644,#1142);
#884=LINE('',#5646,#1143);
#885=LINE('',#5647,#1144);
#886=LINE('',#5650,#1145);
#887=LINE('',#5654,#1146);
#888=LINE('',#5655,#1147);
#889=LINE('',#5660,#1148);
#890=LINE('',#5663,#1149);
#891=LINE('',#5666,#1150);
#892=LINE('',#5667,#1151);
#893=LINE('',#5670,#1152);
#894=LINE('',#5672,#1153);
#895=LINE('',#5673,#1154);
#896=LINE('',#5676,#1155);
#897=LINE('',#5680,#1156);
#898=LINE('',#5681,#1157);
#899=LINE('',#5686,#1158);
#900=LINE('',#5689,#1159);
#901=LINE('',#5692,#1160);
#902=LINE('',#5693,#1161);
#903=LINE('',#5696,#1162);
#904=LINE('',#5698,#1163);
#905=LINE('',#5699,#1164);
#906=LINE('',#5702,#1165);
#907=LINE('',#5703,#1166);
#908=LINE('',#5706,#1167);
#909=LINE('',#5710,#1168);
#910=LINE('',#5711,#1169);
#911=LINE('',#5714,#1170);
#912=LINE('',#5718,#1171);
#913=LINE('',#5719,#1172);
#914=LINE('',#5722,#1173);
#915=LINE('',#5726,#1174);
#916=LINE('',#5730,#1175);
#917=LINE('',#5731,#1176);
#918=LINE('',#5734,#1177);
#919=LINE('',#5738,#1178);
#920=LINE('',#5739,#1179);
#921=LINE('',#5742,#1180);
#922=LINE('',#5746,#1181);
#923=LINE('',#5750,#1182);
#924=LINE('',#5751,#1183);
#925=LINE('',#5754,#1184);
#926=LINE('',#5758,#1185);
#927=LINE('',#5759,#1186);
#928=LINE('',#5762,#1187);
#929=LINE('',#5765,#1188);
#930=LINE('',#5768,#1189);
#931=LINE('',#5770,#1190);
#932=LINE('',#5771,#1191);
#933=LINE('',#5774,#1192);
#934=LINE('',#5784,#1193);
#935=LINE('',#5788,#1194);
#936=LINE('',#5789,#1195);
#937=LINE('',#5792,#1196);
#938=LINE('',#5796,#1197);
#939=LINE('',#5797,#1198);
#940=LINE('',#5800,#1199);
#941=LINE('',#5809,#1200);
#942=LINE('',#5810,#1201);
#943=LINE('',#5813,#1202);
#944=LINE('',#5815,#1203);
#945=LINE('',#5817,#1204);
#946=LINE('',#5819,#1205);
#947=LINE('',#5821,#1206);
#948=LINE('',#5822,#1207);
#949=LINE('',#5825,#1208);
#950=LINE('',#5830,#1209);
#951=LINE('',#5835,#1210);
#952=LINE('',#5839,#1211);
#953=LINE('',#5848,#1212);
#954=LINE('',#5851,#1213);
#955=LINE('',#5853,#1214);
#956=LINE('',#5854,#1215);
#957=LINE('',#5868,#1216);
#958=LINE('',#5870,#1217);
#959=LINE('',#5872,#1218);
#960=LINE('',#5873,#1219);
#961=LINE('',#5876,#1220);
#962=LINE('',#5883,#1221);
#963=LINE('',#5884,#1222);
#964=LINE('',#5886,#1223);
#965=LINE('',#5888,#1224);
#966=LINE('',#5890,#1225);
#967=LINE('',#5891,#1226);
#968=LINE('',#5894,#1227);
#969=LINE('',#5895,#1228);
#970=LINE('',#5898,#1229);
#971=LINE('',#5904,#1230);
#972=LINE('',#5906,#1231);
#973=LINE('',#5908,#1232);
#974=LINE('',#5909,#1233);
#975=LINE('',#5911,#1234);
#976=LINE('',#5913,#1235);
#977=LINE('',#5915,#1236);
#978=LINE('',#5916,#1237);
#979=LINE('',#5917,#1238);
#980=LINE('',#5931,#1239);
#981=LINE('',#5932,#1240);
#982=LINE('',#5937,#1241);
#983=LINE('',#5938,#1242);
#984=LINE('',#5943,#1243);
#985=LINE('',#5944,#1244);
#986=LINE('',#5945,#1245);
#987=LINE('',#5949,#1246);
#988=LINE('',#5951,#1247);
#989=LINE('',#5955,#1248);
#990=LINE('',#5958,#1249);
#991=LINE('',#5959,#1250);
#992=LINE('',#5964,#1251);
#993=LINE('',#5968,#1252);
#994=LINE('',#5971,#1253);
#995=LINE('',#5972,#1254);
#996=LINE('',#5978,#1255);
#997=LINE('',#5980,#1256);
#998=LINE('',#5982,#1257);
#999=LINE('',#5984,#1258);
#1000=LINE('',#5987,#1259);
#1001=LINE('',#5989,#1260);
#1002=LINE('',#5990,#1261);
#1003=LINE('',#5992,#1262);
#1004=LINE('',#5994,#1263);
#1005=LINE('',#5995,#1264);
#1006=LINE('',#6000,#1265);
#1007=LINE('',#6001,#1266);
#1008=LINE('',#6002,#1267);
#1009=LINE('',#6004,#1268);
#1010=LINE('',#6007,#1269);
#1011=LINE('',#6008,#1270);
#1012=LINE('',#6011,#1271);
#1013=LINE('',#6012,#1272);
#1014=LINE('',#6014,#1273);
#1015=LINE('',#6016,#1274);
#1016=LINE('',#6034,#1275);
#1017=LINE('',#6040,#1276);
#1018=LINE('',#6076,#1277);
#1019=LINE('',#6104,#1278);
#1020=LINE('',#6123,#1279);
#1021=LINE('',#6142,#1280);
#1022=LINE('',#6161,#1281);
#1023=LINE('',#6180,#1282);
#1024=LINE('',#6199,#1283);
#1025=LINE('',#6218,#1284);
#1026=LINE('',#6237,#1285);
#1027=LINE('',#6277,#1286);
#1028=LINE('',#6333,#1287);
#1029=LINE('',#6336,#1288);
#1030=LINE('',#6351,#1289);
#1031=LINE('',#6370,#1290);
#1032=LINE('',#6384,#1291);
#1033=LINE('',#6406,#1292);
#1034=LINE('',#6422,#1293);
#1035=LINE('',#6438,#1294);
#1036=LINE('',#6457,#1295);
#1037=LINE('',#6476,#1296);
#1038=LINE('',#6490,#1297);
#1039=LINE('',#6506,#1298);
#1040=LINE('',#6513,#1299);
#1041=LINE('',#6515,#1300);
#1042=LINE('',#6516,#1301);
#1043=LINE('',#6545,#1302);
#1044=LINE('',#6565,#1303);
#1045=LINE('',#6571,#1304);
#1046=LINE('',#6587,#1305);
#1047=LINE('',#6606,#1306);
#1048=LINE('',#6620,#1307);
#1049=LINE('',#6643,#1308);
#1050=LINE('',#6672,#1309);
#1051=LINE('',#6718,#1310);
#1052=LINE('',#6740,#1311);
#1053=LINE('',#6756,#1312);
#1054=LINE('',#6770,#1313);
#1055=LINE('',#6776,#1314);
#1056=LINE('',#6792,#1315);
#1057=LINE('',#6811,#1316);
#1058=LINE('',#6825,#1317);
#1059=LINE('',#6836,#1318);
#1060=LINE('',#6850,#1319);
#1061=LINE('',#6859,#1320);
#1062=LINE('',#6863,#1321);
#1063=LINE('',#6865,#1322);
#1064=LINE('',#6866,#1323);
#1065=LINE('',#6881,#1324);
#1066=VECTOR('',#3738,10.);
#1067=VECTOR('',#3739,10.);
#1068=VECTOR('',#3740,10.);
#1069=VECTOR('',#3741,10.);
#1070=VECTOR('',#3742,10.);
#1071=VECTOR('',#3743,10.);
#1072=VECTOR('',#3744,10.);
#1073=VECTOR('',#3745,10.);
#1074=VECTOR('',#3746,10.);
#1075=VECTOR('',#3747,10.);
#1076=VECTOR('',#3748,10.);
#1077=VECTOR('',#3749,10.);
#1078=VECTOR('',#3752,10.);
#1079=VECTOR('',#3755,10.);
#1080=VECTOR('',#3756,10.);
#1081=VECTOR('',#3757,10.);
#1082=VECTOR('',#3760,10.);
#1083=VECTOR('',#3763,10.);
#1084=VECTOR('',#3766,10.);
#1085=VECTOR('',#3769,10.);
#1086=VECTOR('',#3770,10.);
#1087=VECTOR('',#3771,10.);
#1088=VECTOR('',#3772,10.);
#1089=VECTOR('',#3773,10.);
#1090=VECTOR('',#3776,10.);
#1091=VECTOR('',#3779,10.);
#1092=VECTOR('',#3782,10.);
#1093=VECTOR('',#3783,10.);
#1094=VECTOR('',#3784,60.);
#1095=VECTOR('',#3785,10.);
#1096=VECTOR('',#3788,10.);
#1097=VECTOR('',#3795,10.);
#1098=VECTOR('',#3798,10.);
#1099=VECTOR('',#3799,10.);
#1100=VECTOR('',#3802,10.);
#1101=VECTOR('',#3805,10.);
#1102=VECTOR('',#3806,10.);
#1103=VECTOR('',#3807,10.);
#1104=VECTOR('',#3808,10.);
#1105=VECTOR('',#3811,10.);
#1106=VECTOR('',#3814,10.);
#1107=VECTOR('',#3817,10.);
#1108=VECTOR('',#3824,10.);
#1109=VECTOR('',#3827,10.);
#1110=VECTOR('',#3828,10.);
#1111=VECTOR('',#3831,10.);
#1112=VECTOR('',#3836,10.);
#1113=VECTOR('',#3839,10.);
#1114=VECTOR('',#3844,10.);
#1115=VECTOR('',#3849,10.);
#1116=VECTOR('',#3850,10.);
#1117=VECTOR('',#3851,60.);
#1118=VECTOR('',#3852,10.);
#1119=VECTOR('',#3863,10.);
#1120=VECTOR('',#3864,10.);
#1121=VECTOR('',#3867,10.);
#1122=VECTOR('',#3870,10.);
#1123=VECTOR('',#3875,10.);
#1124=VECTOR('',#3878,10.);
#1125=VECTOR('',#3883,10.);
#1126=VECTOR('',#3886,10.);
#1127=VECTOR('',#3889,10.);
#1128=VECTOR('',#3892,10.);
#1129=VECTOR('',#3895,10.);
#1130=VECTOR('',#3900,10.);
#1131=VECTOR('',#3903,10.);
#1132=VECTOR('',#3910,1.55);
#1133=VECTOR('',#3917,1.45226682679645);
#1134=VECTOR('',#3920,1.43125728962179);
#1135=VECTOR('',#3923,10.);
#1136=VECTOR('',#3926,1000.);
#1137=VECTOR('',#3927,1000.);
#1138=VECTOR('',#3928,1000.);
#1139=VECTOR('',#3933,2.5);
#1140=VECTOR('',#3940,2.99153864336787);
#1141=VECTOR('',#3949,2.75);
#1142=VECTOR('',#3954,10.);
#1143=VECTOR('',#3955,10.);
#1144=VECTOR('',#3956,10.);
#1145=VECTOR('',#3959,10.);
#1146=VECTOR('',#3964,10.);
#1147=VECTOR('',#3965,10.);
#1148=VECTOR('',#3972,1000.);
#1149=VECTOR('',#3975,1000.);
#1150=VECTOR('',#3978,1000.);
#1151=VECTOR('',#3979,1000.);
#1152=VECTOR('',#3982,10.);
#1153=VECTOR('',#3983,10.);
#1154=VECTOR('',#3984,10.);
#1155=VECTOR('',#3987,10.);
#1156=VECTOR('',#3992,10.);
#1157=VECTOR('',#3993,10.);
#1158=VECTOR('',#4000,1000.);
#1159=VECTOR('',#4003,1000.);
#1160=VECTOR('',#4006,1000.);
#1161=VECTOR('',#4007,1000.);
#1162=VECTOR('',#4010,10.);
#1163=VECTOR('',#4011,10.);
#1164=VECTOR('',#4012,10.);
#1165=VECTOR('',#4015,10.);
#1166=VECTOR('',#4016,10.);
#1167=VECTOR('',#4019,10.);
#1168=VECTOR('',#4024,10.);
#1169=VECTOR('',#4025,10.);
#1170=VECTOR('',#4028,10.);
#1171=VECTOR('',#4033,10.);
#1172=VECTOR('',#4034,10.);
#1173=VECTOR('',#4037,10.);
#1174=VECTOR('',#4042,10.);
#1175=VECTOR('',#4047,10.);
#1176=VECTOR('',#4048,10.);
#1177=VECTOR('',#4051,10.);
#1178=VECTOR('',#4056,10.);
#1179=VECTOR('',#4057,10.);
#1180=VECTOR('',#4060,10.);
#1181=VECTOR('',#4065,10.);
#1182=VECTOR('',#4070,10.);
#1183=VECTOR('',#4071,10.);
#1184=VECTOR('',#4074,10.);
#1185=VECTOR('',#4079,10.);
#1186=VECTOR('',#4080,10.);
#1187=VECTOR('',#4083,10.);
#1188=VECTOR('',#4088,10.);
#1189=VECTOR('',#4091,1000.);
#1190=VECTOR('',#4092,1000.);
#1191=VECTOR('',#4093,1000.);
#1192=VECTOR('',#4096,1000.);
#1193=VECTOR('',#4103,1000.);
#1194=VECTOR('',#4108,1000.);
#1195=VECTOR('',#4109,1000.);
#1196=VECTOR('',#4112,1000.);
#1197=VECTOR('',#4117,1000.);
#1198=VECTOR('',#4118,1000.);
#1199=VECTOR('',#4121,1000.);
#1200=VECTOR('',#4126,1000.);
#1201=VECTOR('',#4127,1000.);
#1202=VECTOR('',#4130,1000.);
#1203=VECTOR('',#4131,1000.);
#1204=VECTOR('',#4132,1000.);
#1205=VECTOR('',#4133,10.);
#1206=VECTOR('',#4134,1000.);
#1207=VECTOR('',#4135,1000.);
#1208=VECTOR('',#4138,1.9);
#1209=VECTOR('',#4145,1.5);
#1210=VECTOR('',#4150,2.45);
#1211=VECTOR('',#4155,2.3);
#1212=VECTOR('',#4168,3.5);
#1213=VECTOR('',#4171,10.);
#1214=VECTOR('',#4172,10.);
#1215=VECTOR('',#4173,10.);
#1216=VECTOR('',#4180,10.);
#1217=VECTOR('',#4181,10.);
#1218=VECTOR('',#4182,10.);
#1219=VECTOR('',#4183,10.);
#1220=VECTOR('',#4186,1000.);
#1221=VECTOR('',#4187,1000.);
#1222=VECTOR('',#4188,1000.);
#1223=VECTOR('',#4191,1000.);
#1224=VECTOR('',#4192,1000.);
#1225=VECTOR('',#4193,1000.);
#1226=VECTOR('',#4194,1000.);
#1227=VECTOR('',#4197,1000.);
#1228=VECTOR('',#4198,1000.);
#1229=VECTOR('',#4201,1000.);
#1230=VECTOR('',#4202,1000.);
#1231=VECTOR('',#4203,1000.);
#1232=VECTOR('',#4204,1000.);
#1233=VECTOR('',#4205,1000.);
#1234=VECTOR('',#4206,1000.);
#1235=VECTOR('',#4207,1000.);
#1236=VECTOR('',#4208,1000.);
#1237=VECTOR('',#4209,1000.);
#1238=VECTOR('',#4210,1000.);
#1239=VECTOR('',#4219,1000.);
#1240=VECTOR('',#4220,1000.);
#1241=VECTOR('',#4227,1000.);
#1242=VECTOR('',#4228,1000.);
#1243=VECTOR('',#4235,1000.);
#1244=VECTOR('',#4236,1000.);
#1245=VECTOR('',#4237,1000.);
#1246=VECTOR('',#4242,1000.);
#1247=VECTOR('',#4245,1000.);
#1248=VECTOR('',#4250,1000.);
#1249=VECTOR('',#4253,1000.);
#1250=VECTOR('',#4254,1000.);
#1251=VECTOR('',#4261,1000.);
#1252=VECTOR('',#4266,1000.);
#1253=VECTOR('',#4269,1000.);
#1254=VECTOR('',#4270,1000.);
#1255=VECTOR('',#4281,1000.);
#1256=VECTOR('',#4284,1000.);
#1257=VECTOR('',#4287,10.);
#1258=VECTOR('',#4290,10.);
#1259=VECTOR('',#4293,1000.);
#1260=VECTOR('',#4294,1000.);
#1261=VECTOR('',#4295,1000.);
#1262=VECTOR('',#4296,1000.);
#1263=VECTOR('',#4297,1000.);
#1264=VECTOR('',#4298,1000.);
#1265=VECTOR('',#4303,1000.);
#1266=VECTOR('',#4304,1000.);
#1267=VECTOR('',#4305,1000.);
#1268=VECTOR('',#4308,1000.);
#1269=VECTOR('',#4311,1000.);
#1270=VECTOR('',#4312,1000.);
#1271=VECTOR('',#4315,1000.);
#1272=VECTOR('',#4316,1000.);
#1273=VECTOR('',#4319,1000.);
#1274=VECTOR('',#4322,1000.);
#1275=VECTOR('',#4327,10.);
#1276=VECTOR('',#4328,10.);
#1277=VECTOR('',#4329,10.);
#1278=VECTOR('',#4330,10.);
#1279=VECTOR('',#4331,10.);
#1280=VECTOR('',#4332,10.);
#1281=VECTOR('',#4333,10.);
#1282=VECTOR('',#4334,10.);
#1283=VECTOR('',#4335,10.);
#1284=VECTOR('',#4336,10.);
#1285=VECTOR('',#4337,10.);
#1286=VECTOR('',#4338,10.);
#1287=VECTOR('',#4341,10.);
#1288=VECTOR('',#4344,10.);
#1289=VECTOR('',#4345,10.);
#1290=VECTOR('',#4346,10.);
#1291=VECTOR('',#4349,10.);
#1292=VECTOR('',#4352,10.);
#1293=VECTOR('',#4355,10.);
#1294=VECTOR('',#4358,10.);
#1295=VECTOR('',#4359,10.);
#1296=VECTOR('',#4360,10.);
#1297=VECTOR('',#4363,10.);
#1298=VECTOR('',#4366,10.);
#1299=VECTOR('',#4369,6.);
#1300=VECTOR('',#4370,10.);
#1301=VECTOR('',#4371,6.);
#1302=VECTOR('',#4372,10.);
#1303=VECTOR('',#4375,10.);
#1304=VECTOR('',#4382,10.);
#1305=VECTOR('',#4385,10.);
#1306=VECTOR('',#4386,10.);
#1307=VECTOR('',#4389,10.);
#1308=VECTOR('',#4392,10.);
#1309=VECTOR('',#4393,10.);
#1310=VECTOR('',#4394,10.);
#1311=VECTOR('',#4397,10.);
#1312=VECTOR('',#4400,10.);
#1313=VECTOR('',#4403,10.);
#1314=VECTOR('',#4410,10.);
#1315=VECTOR('',#4413,10.);
#1316=VECTOR('',#4414,10.);
#1317=VECTOR('',#4417,10.);
#1318=VECTOR('',#4422,10.);
#1319=VECTOR('',#4425,10.);
#1320=VECTOR('',#4430,10.);
#1321=VECTOR('',#4435,6.);
#1322=VECTOR('',#4436,10.);
#1323=VECTOR('',#4437,6.);
#1324=VECTOR('',#4438,10.);
#1325=B_SPLINE_CURVE_WITH_KNOTS('',3,(#4461,#4462,#4463,#4464),
 .UNSPECIFIED.,.F.,.F.,(4,4),(-0.00290299646124328,0.),.UNSPECIFIED.);
#1326=B_SPLINE_CURVE_WITH_KNOTS('',3,(#4468,#4469,#4470,#4471),
 .UNSPECIFIED.,.F.,.F.,(4,4),(-0.00290299646124328,0.),.UNSPECIFIED.);
#1327=B_SPLINE_CURVE_WITH_KNOTS('',3,(#4494,#4495,#4496,#4497,#4498,#4499,
#4500,#4501,#4502,#4503,#4504,#4505,#4506),.UNSPECIFIED.,.F.,.F.,(4,3,3,
3,4),(-0.0166081275702853,-0.0153760061856631,-0.0148281455708906,-0.0143498182944103,
-0.0134688832785829),.UNSPECIFIED.);
#1328=B_SPLINE_CURVE_WITH_KNOTS('',3,(#4509,#4510,#4511,#4512,#4513,#4514,
#4515,#4516,#4517,#4518,#4519,#4520,#4521),.UNSPECIFIED.,.F.,.F.,(4,3,3,
3,4),(-0.0166081275702853,-0.0153760061856631,-0.0148281455708906,-0.0143498182944103,
-0.0134688832785829),.UNSPECIFIED.);
#1329=B_SPLINE_CURVE_WITH_KNOTS('',3,(#4645,#4646,#4647,#4648),
 .UNSPECIFIED.,.F.,.F.,(4,4),(-0.0103666969733317,-0.00423939373785812),
 .UNSPECIFIED.);
#1330=B_SPLINE_CURVE_WITH_KNOTS('',3,(#4651,#4652,#4653,#4654),
 .UNSPECIFIED.,.F.,.F.,(4,4),(-0.0103666969733317,-0.00423939373785812),
 .UNSPECIFIED.);
#1331=B_SPLINE_CURVE_WITH_KNOTS('',3,(#4695,#4696,#4697,#4698,#4699,#4700,
#4701,#4702,#4703,#4704,#4705,#4706,#4707),.UNSPECIFIED.,.F.,.F.,(4,3,3,
3,4),(-0.0405527847498441,-0.0336933042506864,-0.0232124251297671,-0.01153207646508,
0.),.UNSPECIFIED.);
#1332=B_SPLINE_CURVE_WITH_KNOTS('',3,(#4710,#4711,#4712,#4713,#4714,#4715,
#4716,#4717,#4718,#4719,#4720,#4721,#4722),.UNSPECIFIED.,.F.,.F.,(4,3,3,
3,4),(-0.0405527847498441,-0.0336933042506864,-0.0232124251297671,-0.01153207646508,
0.),.UNSPECIFIED.);
#1333=B_SPLINE_CURVE_WITH_KNOTS('',3,(#4739,#4740,#4741,#4742,#4743,#4744,
#4745,#4746),.UNSPECIFIED.,.F.,.F.,(4,2,2,4),(-0.0252958034771493,-0.0192624956045943,
-0.0130311073799033,-0.00920608192686871),.UNSPECIFIED.);
#1334=B_SPLINE_CURVE_WITH_KNOTS('',3,(#4747,#4748,#4749,#4750,#4751,#4752,
#4753,#4754),.UNSPECIFIED.,.F.,.F.,(4,2,2,4),(-0.0252958034771493,-0.0192624956045943,
-0.0130311073799033,-0.00920608192686871),.UNSPECIFIED.);
#1335=B_SPLINE_CURVE_WITH_KNOTS('',3,(#4831,#4832,#4833,#4834,#4835,#4836),
 .UNSPECIFIED.,.F.,.F.,(4,2,4),(-0.00241828377130307,-0.000465381771044508,
0.),.UNSPECIFIED.);
#1336=B_SPLINE_CURVE_WITH_KNOTS('',3,(#4839,#4840,#4841,#4842,#4843,#4844),
 .UNSPECIFIED.,.F.,.F.,(4,2,4),(-0.00241828377130307,-0.000465381771044508,
0.),.UNSPECIFIED.);
#1337=B_SPLINE_CURVE_WITH_KNOTS('',3,(#5002,#5003,#5004,#5005,#5006,#5007,
#5008),.UNSPECIFIED.,.F.,.F.,(4,3,4),(-0.0511410384604184,-0.0423181738776807,
0.),.UNSPECIFIED.);
#1338=B_SPLINE_CURVE_WITH_KNOTS('',3,(#5011,#5012,#5013,#5014,#5015,#5016,
#5017),.UNSPECIFIED.,.F.,.F.,(4,3,4),(-0.0511410384604184,-0.0423181738776807,
0.),.UNSPECIFIED.);
#1339=B_SPLINE_CURVE_WITH_KNOTS('',3,(#5063,#5064,#5065,#5066),
 .UNSPECIFIED.,.F.,.F.,(4,4),(-0.00395469174593363,-0.00228992251593269),
 .UNSPECIFIED.);
#1340=B_SPLINE_CURVE_WITH_KNOTS('',3,(#5069,#5070,#5071,#5072),
 .UNSPECIFIED.,.F.,.F.,(4,4),(-0.00395469174593363,-0.00228992251593269),
 .UNSPECIFIED.);
#1341=B_SPLINE_CURVE_WITH_KNOTS('',3,(#5116,#5117,#5118,#5119,#5120,#5121,
#5122),.UNSPECIFIED.,.F.,.F.,(4,3,4),(-0.00601271971844057,-0.00500341557924824,
0.),.UNSPECIFIED.);
#1342=B_SPLINE_CURVE_WITH_KNOTS('',3,(#5125,#5126,#5127,#5128,#5129,#5130,
#5131),.UNSPECIFIED.,.F.,.F.,(4,3,4),(-0.00601271971844057,-0.00500341557924824,
0.),.UNSPECIFIED.);
#1343=B_SPLINE_CURVE_WITH_KNOTS('',3,(#5145,#5146,#5147,#5148,#5149,#5150,
#5151),.UNSPECIFIED.,.F.,.F.,(4,3,4),(-0.00276846825856487,-0.00186107632061514,
0.),.UNSPECIFIED.);
#1344=B_SPLINE_CURVE_WITH_KNOTS('',3,(#5154,#5155,#5156,#5157,#5158,#5159,
#5160),.UNSPECIFIED.,.F.,.F.,(4,3,4),(-0.00276846825856487,-0.00186107632061514,
0.),.UNSPECIFIED.);
#1345=B_SPLINE_CURVE_WITH_KNOTS('',3,(#5186,#5187,#5188,#5189,#5190,#5191,
#5192,#5193,#5194,#5195,#5196,#5197),.UNSPECIFIED.,.F.,.F.,(4,2,2,2,2,4),
(-0.0827518506267183,-0.0718997078133325,-0.0615502807712563,-0.0433758627344782,
-0.0250399500341402,-0.00521217060368432),.UNSPECIFIED.);
#1346=B_SPLINE_CURVE_WITH_KNOTS('',3,(#5200,#5201,#5202,#5203,#5204,#5205,
#5206,#5207,#5208,#5209,#5210,#5211),.UNSPECIFIED.,.F.,.F.,(4,2,2,2,2,4),
(-0.0827518506267183,-0.0718997078133325,-0.0615502807712563,-0.0433758627344782,
-0.0250399500341402,-0.00521217060368432),.UNSPECIFIED.);
#1347=B_SPLINE_CURVE_WITH_KNOTS('',3,(#5268,#5269,#5270,#5271),
 .UNSPECIFIED.,.F.,.F.,(4,4),(-0.047106814072003,-0.0188283862381096),
 .UNSPECIFIED.);
#1348=B_SPLINE_CURVE_WITH_KNOTS('',3,(#5274,#5275,#5276,#5277),
 .UNSPECIFIED.,.F.,.F.,(4,4),(-0.047106814072003,-0.0188283862381096),
 .UNSPECIFIED.);
#1349=B_SPLINE_CURVE_WITH_KNOTS('',3,(#5490,#5491,#5492,#5493,#5494,#5495,
#5496,#5497,#5498,#5499,#5500,#5501,#5502,#5503,#5504,#5505,#5506,#5507,
#5508,#5509,#5510,#5511,#5512,#5513,#5514,#5515,#5516,#5517,#5518,#5519,
#5520,#5521,#5522,#5523,#5524,#5525,#5526,#5527,#5528,#5529),
 .UNSPECIFIED.,.F.,.F.,(4,3,3,3,3,3,3,3,3,3,3,3,3,4),(0.,0.0105968916662968,
0.0326259728780467,0.0546550540897966,0.060298109805601,0.0626751516408621,
0.064657452906667,0.0666900951103998,0.0696557900117729,0.0774567865471351,
0.0945994415498406,0.114864223921079,0.12717847624344,0.129285779354717),
 .UNSPECIFIED.);
#1350=B_SPLINE_CURVE_WITH_KNOTS('',3,(#5531,#5532,#5533,#5534,#5535),
 .UNSPECIFIED.,.F.,.F.,(4,1,4),(1.7846780675492,2.24399475256948,3.14159265359513),
 .UNSPECIFIED.);
#1351=B_SPLINE_CURVE_WITH_KNOTS('',3,(#5539,#5540,#5541,#5542,#5543),
 .UNSPECIFIED.,.F.,.F.,(4,1,4),(-3.14159265359513,-2.24399475256948,-1.57240734606334),
 .UNSPECIFIED.);
#1352=B_SPLINE_CURVE_WITH_KNOTS('',3,(#5544,#5545,#5546,#5547,#5548,#5549,
#5550,#5551,#5552),.UNSPECIFIED.,.F.,.F.,(4,1,1,1,1,1,4),(-1.57240734606334,
-1.34639685154382,-0.448798950518166,0.448798950507489,1.34639685153314,
2.2439947525588,3.14159265358445),.UNSPECIFIED.);
#1353=B_SPLINE_CURVE_WITH_KNOTS('',3,(#5554,#5555,#5556,#5557,#5558),
 .UNSPECIFIED.,.F.,.F.,(4,1,4),(-3.14159265358445,-2.2439947525588,-1.78467804313141),
 .UNSPECIFIED.);
#1354=B_SPLINE_CURVE_WITH_KNOTS('',3,(#5560,#5561,#5562,#5563,#5564,#5565,
#5566,#5567,#5568,#5569,#5570,#5571,#5572,#5573,#5574,#5575,#5576,#5577,
#5578,#5579,#5580,#5581,#5582,#5583,#5584,#5585,#5586,#5587,#5588,#5589,
#5590,#5591,#5592,#5593,#5594,#5595,#5596,#5597,#5598,#5599),
 .UNSPECIFIED.,.F.,.F.,(4,3,3,3,3,3,3,3,3,3,3,3,3,4),(0.,0.00210705356831347,
0.010654350694522,0.032748541464739,0.0548427322349561,0.0604908390830283,
0.0628687704266829,0.0648512555329838,0.0668835481245116,0.0698477556283291,
0.0776393809637327,0.0947381545380713,0.115056396815278,0.129281300369827),
 .UNSPECIFIED.);
#1355=B_SPLINE_CURVE_WITH_KNOTS('',3,(#5600,#5601,#5602,#5603,#5604,#5605),
 .UNSPECIFIED.,.F.,.F.,(4,1,1,4),(-1.33946133437993,-0.448798950507489,
0.448798950518166,1.33946133526113),.UNSPECIFIED.);
#1356=B_SPLINE_CURVE_WITH_KNOTS('',3,(#5803,#5804,#5805,#5806),
 .UNSPECIFIED.,.F.,.F.,(4,4),(9.40424939867489E-16,0.0014002728163448),
 .UNSPECIFIED.);
#1357=B_SPLINE_CURVE_WITH_KNOTS('',3,(#5878,#5879,#5880,#5881),
 .UNSPECIFIED.,.F.,.F.,(4,4),(4.68375338513738E-17,0.00140027282573342),
 .UNSPECIFIED.);
#1358=B_SPLINE_CURVE_WITH_KNOTS('',3,(#6029,#6030,#6031,#6032),
 .UNSPECIFIED.,.F.,.F.,(4,4),(-0.00290299646124328,0.),.UNSPECIFIED.);
#1359=B_SPLINE_CURVE_WITH_KNOTS('',3,(#6036,#6037,#6038,#6039),
 .UNSPECIFIED.,.F.,.F.,(4,4),(-0.00290299646124328,0.),.UNSPECIFIED.);
#1360=B_SPLINE_CURVE_WITH_KNOTS('',3,(#6062,#6063,#6064,#6065,#6066,#6067,
#6068,#6069,#6070,#6071,#6072,#6073,#6074),.UNSPECIFIED.,.F.,.F.,(4,3,3,
3,4),(-0.0166081275702853,-0.0153760061856631,-0.0148281455708906,-0.0143498182944103,
-0.0134688832785829),.UNSPECIFIED.);
#1361=B_SPLINE_CURVE_WITH_KNOTS('',3,(#6077,#6078,#6079,#6080,#6081,#6082,
#6083,#6084,#6085,#6086,#6087,#6088,#6089),.UNSPECIFIED.,.F.,.F.,(4,3,3,
3,4),(-0.0166081275702853,-0.0153760061856631,-0.0148281455708906,-0.0143498182944103,
-0.0134688832785829),.UNSPECIFIED.);
#1362=B_SPLINE_CURVE_WITH_KNOTS('',3,(#6213,#6214,#6215,#6216),
 .UNSPECIFIED.,.F.,.F.,(4,4),(-0.0103666969733317,-0.00423939373785812),
 .UNSPECIFIED.);
#1363=B_SPLINE_CURVE_WITH_KNOTS('',3,(#6219,#6220,#6221,#6222),
 .UNSPECIFIED.,.F.,.F.,(4,4),(-0.0103666969733317,-0.00423939373785812),
 .UNSPECIFIED.);
#1364=B_SPLINE_CURVE_WITH_KNOTS('',3,(#6263,#6264,#6265,#6266,#6267,#6268,
#6269,#6270,#6271,#6272,#6273,#6274,#6275),.UNSPECIFIED.,.F.,.F.,(4,3,3,
3,4),(-0.0405527847498441,-0.0336933042506864,-0.0232124251297671,-0.01153207646508,
0.),.UNSPECIFIED.);
#1365=B_SPLINE_CURVE_WITH_KNOTS('',3,(#6278,#6279,#6280,#6281,#6282,#6283,
#6284,#6285,#6286,#6287,#6288,#6289,#6290),.UNSPECIFIED.,.F.,.F.,(4,3,3,
3,4),(-0.0405527847498441,-0.0336933042506864,-0.0232124251297671,-0.01153207646508,
0.),.UNSPECIFIED.);
#1366=B_SPLINE_CURVE_WITH_KNOTS('',3,(#6307,#6308,#6309,#6310,#6311,#6312,
#6313,#6314),.UNSPECIFIED.,.F.,.F.,(4,2,2,4),(-0.0252958034771493,-0.0192624956045943,
-0.0130311073799033,-0.00920608192686871),.UNSPECIFIED.);
#1367=B_SPLINE_CURVE_WITH_KNOTS('',3,(#6315,#6316,#6317,#6318,#6319,#6320,
#6321,#6322),.UNSPECIFIED.,.F.,.F.,(4,2,2,4),(-0.0252958034771493,-0.0192624956045943,
-0.0130311073799033,-0.00920608192686871),.UNSPECIFIED.);
#1368=B_SPLINE_CURVE_WITH_KNOTS('',3,(#6399,#6400,#6401,#6402,#6403,#6404),
 .UNSPECIFIED.,.F.,.F.,(4,2,4),(-0.00241828377130307,-0.000465381771044508,
0.),.UNSPECIFIED.);
#1369=B_SPLINE_CURVE_WITH_KNOTS('',3,(#6407,#6408,#6409,#6410,#6411,#6412),
 .UNSPECIFIED.,.F.,.F.,(4,2,4),(-0.00241828377130307,-0.000465381771044508,
0.),.UNSPECIFIED.);
#1370=B_SPLINE_CURVE_WITH_KNOTS('',3,(#6534,#6535,#6536,#6537,#6538,#6539,
#6540,#6541,#6542,#6543),.UNSPECIFIED.,.F.,.F.,(4,3,3,4),(-0.0511410384604213,
-0.0348012792291168,-0.0177620547597663,0.),.UNSPECIFIED.);
#1371=B_SPLINE_CURVE_WITH_KNOTS('',3,(#6546,#6547,#6548,#6549,#6550,#6551,
#6552,#6553,#6554,#6555),.UNSPECIFIED.,.F.,.F.,(4,3,3,4),(-0.0511410384604213,
-0.0348012792291168,-0.0177620547597663,0.),.UNSPECIFIED.);
#1372=B_SPLINE_CURVE_WITH_KNOTS('',3,(#6601,#6602,#6603,#6604),
 .UNSPECIFIED.,.F.,.F.,(4,4),(-0.00395469174593363,-0.00228992251593269),
 .UNSPECIFIED.);
#1373=B_SPLINE_CURVE_WITH_KNOTS('',3,(#6607,#6608,#6609,#6610),
 .UNSPECIFIED.,.F.,.F.,(4,4),(-0.00395469174593363,-0.00228992251593269),
 .UNSPECIFIED.);
#1374=B_SPLINE_CURVE_WITH_KNOTS('',3,(#6635,#6636,#6637,#6638,#6639,#6640,
#6641),.UNSPECIFIED.,.F.,.F.,(4,3,4),(-0.00601271971844057,-0.00500341557924824,
0.),.UNSPECIFIED.);
#1375=B_SPLINE_CURVE_WITH_KNOTS('',3,(#6644,#6645,#6646,#6647,#6648,#6649,
#6650),.UNSPECIFIED.,.F.,.F.,(4,3,4),(-0.00601271971844057,-0.00500341557924824,
0.),.UNSPECIFIED.);
#1376=B_SPLINE_CURVE_WITH_KNOTS('',3,(#6664,#6665,#6666,#6667,#6668,#6669,
#6670),.UNSPECIFIED.,.F.,.F.,(4,3,4),(-0.00276846825856487,-0.00186107632061514,
0.),.UNSPECIFIED.);
#1377=B_SPLINE_CURVE_WITH_KNOTS('',3,(#6673,#6674,#6675,#6676,#6677,#6678,
#6679),.UNSPECIFIED.,.F.,.F.,(4,3,4),(-0.00276846825856487,-0.00186107632061514,
0.),.UNSPECIFIED.);
#1378=B_SPLINE_CURVE_WITH_KNOTS('',3,(#6705,#6706,#6707,#6708,#6709,#6710,
#6711,#6712,#6713,#6714,#6715,#6716),.UNSPECIFIED.,.F.,.F.,(4,2,2,2,2,4),
(-0.0827518506267183,-0.0718997078133325,-0.0615502807712563,-0.0433758627344782,
-0.0250399500341402,-0.00521217060368432),.UNSPECIFIED.);
#1379=B_SPLINE_CURVE_WITH_KNOTS('',3,(#6719,#6720,#6721,#6722,#6723,#6724,
#6725,#6726,#6727,#6728,#6729,#6730),.UNSPECIFIED.,.F.,.F.,(4,2,2,2,2,4),
(-0.0827518506267183,-0.0718997078133325,-0.0615502807712563,-0.0433758627344782,
-0.0250399500341402,-0.00521217060368432),.UNSPECIFIED.);
#1380=B_SPLINE_CURVE_WITH_KNOTS('',3,(#6787,#6788,#6789,#6790),
 .UNSPECIFIED.,.F.,.F.,(4,4),(-0.047106814072003,-0.0188283862381096),
 .UNSPECIFIED.);
#1381=B_SPLINE_CURVE_WITH_KNOTS('',3,(#6793,#6794,#6795,#6796),
 .UNSPECIFIED.,.F.,.F.,(4,4),(-0.047106814072003,-0.0188283862381096),
 .UNSPECIFIED.);
#1382=VERTEX_POINT('',#4459);
#1383=VERTEX_POINT('',#4460);
#1384=VERTEX_POINT('',#4465);
#1385=VERTEX_POINT('',#4467);
#1386=VERTEX_POINT('',#4493);
#1387=VERTEX_POINT('',#4507);
#1388=VERTEX_POINT('',#4530);
#1389=VERTEX_POINT('',#4535);
#1390=VERTEX_POINT('',#4549);
#1391=VERTEX_POINT('',#4554);
#1392=VERTEX_POINT('',#4568);
#1393=VERTEX_POINT('',#4573);
#1394=VERTEX_POINT('',#4587);
#1395=VERTEX_POINT('',#4592);
#1396=VERTEX_POINT('',#4606);
#1397=VERTEX_POINT('',#4611);
#1398=VERTEX_POINT('',#4625);
#1399=VERTEX_POINT('',#4630);
#1400=VERTEX_POINT('',#4644);
#1401=VERTEX_POINT('',#4649);
#1402=VERTEX_POINT('',#4663);
#1403=VERTEX_POINT('',#4668);
#1404=VERTEX_POINT('',#4694);
#1405=VERTEX_POINT('',#4708);
#1406=VERTEX_POINT('',#4761);
#1407=VERTEX_POINT('',#4762);
#1408=VERTEX_POINT('',#4764);
#1409=VERTEX_POINT('',#4766);
#1410=VERTEX_POINT('',#4777);
#1411=VERTEX_POINT('',#4782);
#1412=VERTEX_POINT('',#4796);
#1413=VERTEX_POINT('',#4801);
#1414=VERTEX_POINT('',#4813);
#1415=VERTEX_POINT('',#4815);
#1416=VERTEX_POINT('',#4830);
#1417=VERTEX_POINT('',#4837);
#1418=VERTEX_POINT('',#4851);
#1419=VERTEX_POINT('',#4853);
#1420=VERTEX_POINT('',#4864);
#1421=VERTEX_POINT('',#4869);
#1422=VERTEX_POINT('',#4883);
#1423=VERTEX_POINT('',#4888);
#1424=VERTEX_POINT('',#4902);
#1425=VERTEX_POINT('',#4907);
#1426=VERTEX_POINT('',#4921);
#1427=VERTEX_POINT('',#4926);
#1428=VERTEX_POINT('',#4940);
#1429=VERTEX_POINT('',#4945);
#1430=VERTEX_POINT('',#4957);
#1431=VERTEX_POINT('',#4959);
#1432=VERTEX_POINT('',#4970);
#1433=VERTEX_POINT('',#4975);
#1434=VERTEX_POINT('',#4982);
#1435=VERTEX_POINT('',#4984);
#1436=VERTEX_POINT('',#5001);
#1437=VERTEX_POINT('',#5009);
#1438=VERTEX_POINT('',#5024);
#1439=VERTEX_POINT('',#5026);
#1440=VERTEX_POINT('',#5030);
#1441=VERTEX_POINT('',#5032);
#1442=VERTEX_POINT('',#5043);
#1443=VERTEX_POINT('',#5048);
#1444=VERTEX_POINT('',#5062);
#1445=VERTEX_POINT('',#5067);
#1446=VERTEX_POINT('',#5079);
#1447=VERTEX_POINT('',#5081);
#1448=VERTEX_POINT('',#5092);
#1449=VERTEX_POINT('',#5097);
#1450=VERTEX_POINT('',#5115);
#1451=VERTEX_POINT('',#5123);
#1452=VERTEX_POINT('',#5144);
#1453=VERTEX_POINT('',#5152);
#1454=VERTEX_POINT('',#5185);
#1455=VERTEX_POINT('',#5198);
#1456=VERTEX_POINT('',#5218);
#1457=VERTEX_POINT('',#5220);
#1458=VERTEX_POINT('',#5231);
#1459=VERTEX_POINT('',#5236);
#1460=VERTEX_POINT('',#5248);
#1461=VERTEX_POINT('',#5250);
#1462=VERTEX_POINT('',#5254);
#1463=VERTEX_POINT('',#5256);
#1464=VERTEX_POINT('',#5267);
#1465=VERTEX_POINT('',#5272);
#1466=VERTEX_POINT('',#5286);
#1467=VERTEX_POINT('',#5291);
#1468=VERTEX_POINT('',#5303);
#1469=VERTEX_POINT('',#5305);
#1470=VERTEX_POINT('',#5314);
#1471=VERTEX_POINT('',#5316);
#1472=VERTEX_POINT('',#5337);
#1473=VERTEX_POINT('',#5339);
#1474=VERTEX_POINT('',#5343);
#1475=VERTEX_POINT('',#5345);
#1476=VERTEX_POINT('',#5356);
#1477=VERTEX_POINT('',#5361);
#1478=VERTEX_POINT('',#5378);
#1479=VERTEX_POINT('',#5379);
#1480=VERTEX_POINT('',#5381);
#1481=VERTEX_POINT('',#5383);
#1482=VERTEX_POINT('',#5385);
#1483=VERTEX_POINT('',#5387);
#1484=VERTEX_POINT('',#5389);
#1485=VERTEX_POINT('',#5391);
#1486=VERTEX_POINT('',#5393);
#1487=VERTEX_POINT('',#5395);
#1488=VERTEX_POINT('',#5397);
#1489=VERTEX_POINT('',#5399);
#1490=VERTEX_POINT('',#5401);
#1491=VERTEX_POINT('',#5403);
#1492=VERTEX_POINT('',#5405);
#1493=VERTEX_POINT('',#5407);
#1494=VERTEX_POINT('',#5409);
#1495=VERTEX_POINT('',#5411);
#1496=VERTEX_POINT('',#5414);
#1497=VERTEX_POINT('',#5416);
#1498=VERTEX_POINT('',#5417);
#1499=VERTEX_POINT('',#5419);
#1500=VERTEX_POINT('',#5421);
#1501=VERTEX_POINT('',#5424);
#1502=VERTEX_POINT('',#5426);
#1503=VERTEX_POINT('',#5427);
#1504=VERTEX_POINT('',#5429);
#1505=VERTEX_POINT('',#5431);
#1506=VERTEX_POINT('',#5435);
#1507=VERTEX_POINT('',#5437);
#1508=VERTEX_POINT('',#5441);
#1509=VERTEX_POINT('',#5445);
#1510=VERTEX_POINT('',#5488);
#1511=VERTEX_POINT('',#5489);
#1512=VERTEX_POINT('',#5530);
#1513=VERTEX_POINT('',#5536);
#1514=VERTEX_POINT('',#5538);
#1515=VERTEX_POINT('',#5553);
#1516=VERTEX_POINT('',#5559);
#1517=VERTEX_POINT('',#5607);
#1518=VERTEX_POINT('',#5609);
#1519=VERTEX_POINT('',#5613);
#1520=VERTEX_POINT('',#5617);
#1521=VERTEX_POINT('',#5618);
#1522=VERTEX_POINT('',#5624);
#1523=VERTEX_POINT('',#5626);
#1524=VERTEX_POINT('',#5632);
#1525=VERTEX_POINT('',#5634);
#1526=VERTEX_POINT('',#5643);
#1527=VERTEX_POINT('',#5645);
#1528=VERTEX_POINT('',#5649);
#1529=VERTEX_POINT('',#5653);
#1530=VERTEX_POINT('',#5659);
#1531=VERTEX_POINT('',#5661);
#1532=VERTEX_POINT('',#5665);
#1533=VERTEX_POINT('',#5669);
#1534=VERTEX_POINT('',#5671);
#1535=VERTEX_POINT('',#5675);
#1536=VERTEX_POINT('',#5679);
#1537=VERTEX_POINT('',#5685);
#1538=VERTEX_POINT('',#5687);
#1539=VERTEX_POINT('',#5691);
#1540=VERTEX_POINT('',#5695);
#1541=VERTEX_POINT('',#5697);
#1542=VERTEX_POINT('',#5701);
#1543=VERTEX_POINT('',#5705);
#1544=VERTEX_POINT('',#5709);
#1545=VERTEX_POINT('',#5713);
#1546=VERTEX_POINT('',#5717);
#1547=VERTEX_POINT('',#5721);
#1548=VERTEX_POINT('',#5725);
#1549=VERTEX_POINT('',#5729);
#1550=VERTEX_POINT('',#5733);
#1551=VERTEX_POINT('',#5737);
#1552=VERTEX_POINT('',#5741);
#1553=VERTEX_POINT('',#5745);
#1554=VERTEX_POINT('',#5749);
#1555=VERTEX_POINT('',#5753);
#1556=VERTEX_POINT('',#5757);
#1557=VERTEX_POINT('',#5761);
#1558=VERTEX_POINT('',#5767);
#1559=VERTEX_POINT('',#5769);
#1560=VERTEX_POINT('',#5773);
#1561=VERTEX_POINT('',#5775);
#1562=VERTEX_POINT('',#5777);
#1563=VERTEX_POINT('',#5783);
#1564=VERTEX_POINT('',#5787);
#1565=VERTEX_POINT('',#5791);
#1566=VERTEX_POINT('',#5795);
#1567=VERTEX_POINT('',#5799);
#1568=VERTEX_POINT('',#5801);
#1569=VERTEX_POINT('',#5808);
#1570=VERTEX_POINT('',#5812);
#1571=VERTEX_POINT('',#5814);
#1572=VERTEX_POINT('',#5816);
#1573=VERTEX_POINT('',#5818);
#1574=VERTEX_POINT('',#5820);
#1575=VERTEX_POINT('',#5824);
#1576=VERTEX_POINT('',#5828);
#1577=VERTEX_POINT('',#5832);
#1578=VERTEX_POINT('',#5834);
#1579=VERTEX_POINT('',#5838);
#1580=VERTEX_POINT('',#5842);
#1581=VERTEX_POINT('',#5846);
#1582=VERTEX_POINT('',#5850);
#1583=VERTEX_POINT('',#5852);
#1584=VERTEX_POINT('',#5856);
#1585=VERTEX_POINT('',#5860);
#1586=VERTEX_POINT('',#5866);
#1587=VERTEX_POINT('',#5867);
#1588=VERTEX_POINT('',#5869);
#1589=VERTEX_POINT('',#5871);
#1590=VERTEX_POINT('',#5875);
#1591=VERTEX_POINT('',#5877);
#1592=VERTEX_POINT('',#5882);
#1593=VERTEX_POINT('',#5887);
#1594=VERTEX_POINT('',#5889);
#1595=VERTEX_POINT('',#5893);
#1596=VERTEX_POINT('',#5897);
#1597=VERTEX_POINT('',#5899);
#1598=VERTEX_POINT('',#5903);
#1599=VERTEX_POINT('',#5905);
#1600=VERTEX_POINT('',#5907);
#1601=VERTEX_POINT('',#5910);
#1602=VERTEX_POINT('',#5912);
#1603=VERTEX_POINT('',#5914);
#1604=VERTEX_POINT('',#5919);
#1605=VERTEX_POINT('',#5924);
#1606=VERTEX_POINT('',#5930);
#1607=VERTEX_POINT('',#5936);
#1608=VERTEX_POINT('',#5942);
#1609=VERTEX_POINT('',#5947);
#1610=VERTEX_POINT('',#5953);
#1611=VERTEX_POINT('',#5957);
#1612=VERTEX_POINT('',#5962);
#1613=VERTEX_POINT('',#5966);
#1614=VERTEX_POINT('',#5970);
#1615=VERTEX_POINT('',#5986);
#1616=VERTEX_POINT('',#5988);
#1617=VERTEX_POINT('',#5991);
#1618=VERTEX_POINT('',#5993);
#1619=VERTEX_POINT('',#5998);
#1620=VERTEX_POINT('',#5999);
#1621=VERTEX_POINT('',#6006);
#1622=VERTEX_POINT('',#6010);
#1623=VERTEX_POINT('',#6027);
#1624=VERTEX_POINT('',#6028);
#1625=VERTEX_POINT('',#6033);
#1626=VERTEX_POINT('',#6035);
#1627=VERTEX_POINT('',#6061);
#1628=VERTEX_POINT('',#6075);
#1629=VERTEX_POINT('',#6098);
#1630=VERTEX_POINT('',#6103);
#1631=VERTEX_POINT('',#6117);
#1632=VERTEX_POINT('',#6122);
#1633=VERTEX_POINT('',#6136);
#1634=VERTEX_POINT('',#6141);
#1635=VERTEX_POINT('',#6155);
#1636=VERTEX_POINT('',#6160);
#1637=VERTEX_POINT('',#6174);
#1638=VERTEX_POINT('',#6179);
#1639=VERTEX_POINT('',#6193);
#1640=VERTEX_POINT('',#6198);
#1641=VERTEX_POINT('',#6212);
#1642=VERTEX_POINT('',#6217);
#1643=VERTEX_POINT('',#6231);
#1644=VERTEX_POINT('',#6236);
#1645=VERTEX_POINT('',#6262);
#1646=VERTEX_POINT('',#6276);
#1647=VERTEX_POINT('',#6329);
#1648=VERTEX_POINT('',#6330);
#1649=VERTEX_POINT('',#6332);
#1650=VERTEX_POINT('',#6334);
#1651=VERTEX_POINT('',#6345);
#1652=VERTEX_POINT('',#6350);
#1653=VERTEX_POINT('',#6364);
#1654=VERTEX_POINT('',#6369);
#1655=VERTEX_POINT('',#6381);
#1656=VERTEX_POINT('',#6383);
#1657=VERTEX_POINT('',#6398);
#1658=VERTEX_POINT('',#6405);
#1659=VERTEX_POINT('',#6419);
#1660=VERTEX_POINT('',#6421);
#1661=VERTEX_POINT('',#6432);
#1662=VERTEX_POINT('',#6437);
#1663=VERTEX_POINT('',#6451);
#1664=VERTEX_POINT('',#6456);
#1665=VERTEX_POINT('',#6470);
#1666=VERTEX_POINT('',#6475);
#1667=VERTEX_POINT('',#6487);
#1668=VERTEX_POINT('',#6489);
#1669=VERTEX_POINT('',#6500);
#1670=VERTEX_POINT('',#6505);
#1671=VERTEX_POINT('',#6512);
#1672=VERTEX_POINT('',#6514);
#1673=VERTEX_POINT('',#6533);
#1674=VERTEX_POINT('',#6544);
#1675=VERTEX_POINT('',#6562);
#1676=VERTEX_POINT('',#6564);
#1677=VERTEX_POINT('',#6568);
#1678=VERTEX_POINT('',#6570);
#1679=VERTEX_POINT('',#6581);
#1680=VERTEX_POINT('',#6586);
#1681=VERTEX_POINT('',#6600);
#1682=VERTEX_POINT('',#6605);
#1683=VERTEX_POINT('',#6617);
#1684=VERTEX_POINT('',#6619);
#1685=VERTEX_POINT('',#6634);
#1686=VERTEX_POINT('',#6642);
#1687=VERTEX_POINT('',#6663);
#1688=VERTEX_POINT('',#6671);
#1689=VERTEX_POINT('',#6704);
#1690=VERTEX_POINT('',#6717);
#1691=VERTEX_POINT('',#6737);
#1692=VERTEX_POINT('',#6739);
#1693=VERTEX_POINT('',#6750);
#1694=VERTEX_POINT('',#6755);
#1695=VERTEX_POINT('',#6767);
#1696=VERTEX_POINT('',#6769);
#1697=VERTEX_POINT('',#6773);
#1698=VERTEX_POINT('',#6775);
#1699=VERTEX_POINT('',#6786);
#1700=VERTEX_POINT('',#6791);
#1701=VERTEX_POINT('',#6805);
#1702=VERTEX_POINT('',#6810);
#1703=VERTEX_POINT('',#6822);
#1704=VERTEX_POINT('',#6824);
#1705=VERTEX_POINT('',#6833);
#1706=VERTEX_POINT('',#6835);
#1707=VERTEX_POINT('',#6856);
#1708=VERTEX_POINT('',#6858);
#1709=VERTEX_POINT('',#6862);
#1710=VERTEX_POINT('',#6864);
#1711=VERTEX_POINT('',#6875);
#1712=VERTEX_POINT('',#6880);
#1713=EDGE_CURVE('',#1382,#1383,#1325,.T.);
#1714=EDGE_CURVE('',#1382,#1384,#807,.T.);
#1715=EDGE_CURVE('',#1384,#1385,#1326,.T.);
#1716=EDGE_CURVE('',#1383,#1385,#808,.T.);
#1717=EDGE_CURVE('',#1386,#1382,#1327,.T.);
#1718=EDGE_CURVE('',#1386,#1387,#809,.T.);
#1719=EDGE_CURVE('',#1387,#1384,#1328,.T.);
#1720=EDGE_CURVE('',#1388,#1386,#259,.T.);
#1721=EDGE_CURVE('',#1388,#1389,#810,.T.);
#1722=EDGE_CURVE('',#1389,#1387,#260,.T.);
#1723=EDGE_CURVE('',#1390,#1388,#261,.T.);
#1724=EDGE_CURVE('',#1390,#1391,#811,.T.);
#1725=EDGE_CURVE('',#1391,#1389,#262,.T.);
#1726=EDGE_CURVE('',#1392,#1390,#263,.T.);
#1727=EDGE_CURVE('',#1392,#1393,#812,.T.);
#1728=EDGE_CURVE('',#1393,#1391,#264,.T.);
#1729=EDGE_CURVE('',#1394,#1392,#265,.T.);
#1730=EDGE_CURVE('',#1394,#1395,#813,.T.);
#1731=EDGE_CURVE('',#1395,#1393,#266,.T.);
#1732=EDGE_CURVE('',#1396,#1394,#267,.T.);
#1733=EDGE_CURVE('',#1396,#1397,#814,.T.);
#1734=EDGE_CURVE('',#1397,#1395,#268,.T.);
#1735=EDGE_CURVE('',#1398,#1396,#269,.T.);
#1736=EDGE_CURVE('',#1398,#1399,#815,.T.);
#1737=EDGE_CURVE('',#1399,#1397,#270,.T.);
#1738=EDGE_CURVE('',#1400,#1398,#1329,.T.);
#1739=EDGE_CURVE('',#1400,#1401,#816,.T.);
#1740=EDGE_CURVE('',#1401,#1399,#1330,.T.);
#1741=EDGE_CURVE('',#1402,#1400,#271,.T.);
#1742=EDGE_CURVE('',#1402,#1403,#817,.T.);
#1743=EDGE_CURVE('',#1403,#1401,#272,.T.);
#1744=EDGE_CURVE('',#1404,#1402,#1331,.T.);
#1745=EDGE_CURVE('',#1404,#1405,#818,.T.);
#1746=EDGE_CURVE('',#1405,#1403,#1332,.T.);
#1747=EDGE_CURVE('',#1383,#1404,#1333,.T.);
#1748=EDGE_CURVE('',#1385,#1405,#1334,.T.);
#1749=EDGE_CURVE('',#1406,#1407,#212,.T.);
#1750=EDGE_CURVE('',#1406,#1408,#819,.T.);
#1751=EDGE_CURVE('',#1408,#1409,#213,.T.);
#1752=EDGE_CURVE('',#1407,#1409,#820,.T.);
#1753=EDGE_CURVE('',#1410,#1406,#273,.T.);
#1754=EDGE_CURVE('',#1410,#1411,#821,.T.);
#1755=EDGE_CURVE('',#1411,#1408,#274,.T.);
#1756=EDGE_CURVE('',#1412,#1410,#275,.T.);
#1757=EDGE_CURVE('',#1412,#1413,#822,.T.);
#1758=EDGE_CURVE('',#1413,#1411,#276,.T.);
#1759=EDGE_CURVE('',#1414,#1412,#214,.T.);
#1760=EDGE_CURVE('',#1414,#1415,#823,.T.);
#1761=EDGE_CURVE('',#1415,#1413,#215,.T.);
#1762=EDGE_CURVE('',#1416,#1414,#1335,.T.);
#1763=EDGE_CURVE('',#1416,#1417,#824,.T.);
#1764=EDGE_CURVE('',#1417,#1415,#1336,.T.);
#1765=EDGE_CURVE('',#1418,#1416,#216,.T.);
#1766=EDGE_CURVE('',#1418,#1419,#825,.T.);
#1767=EDGE_CURVE('',#1419,#1417,#217,.T.);
#1768=EDGE_CURVE('',#1420,#1418,#277,.T.);
#1769=EDGE_CURVE('',#1420,#1421,#826,.T.);
#1770=EDGE_CURVE('',#1421,#1419,#278,.T.);
#1771=EDGE_CURVE('',#1422,#1420,#279,.T.);
#1772=EDGE_CURVE('',#1422,#1423,#827,.T.);
#1773=EDGE_CURVE('',#1423,#1421,#280,.T.);
#1774=EDGE_CURVE('',#1424,#1422,#281,.T.);
#1775=EDGE_CURVE('',#1424,#1425,#828,.T.);
#1776=EDGE_CURVE('',#1425,#1423,#282,.T.);
#1777=EDGE_CURVE('',#1426,#1424,#283,.T.);
#1778=EDGE_CURVE('',#1426,#1427,#829,.T.);
#1779=EDGE_CURVE('',#1427,#1425,#284,.T.);
#1780=EDGE_CURVE('',#1428,#1426,#285,.T.);
#1781=EDGE_CURVE('',#1428,#1429,#830,.T.);
#1782=EDGE_CURVE('',#1429,#1427,#286,.T.);
#1783=EDGE_CURVE('',#1430,#1428,#218,.T.);
#1784=EDGE_CURVE('',#1430,#1431,#831,.T.);
#1785=EDGE_CURVE('',#1431,#1429,#219,.T.);
#1786=EDGE_CURVE('',#1432,#1430,#287,.T.);
#1787=EDGE_CURVE('',#1432,#1433,#832,.T.);
#1788=EDGE_CURVE('',#1433,#1431,#288,.T.);
#1789=EDGE_CURVE('',#1434,#1432,#833,.T.);
#1790=EDGE_CURVE('',#1434,#1435,#834,.T.);
#1791=EDGE_CURVE('',#1435,#1433,#835,.T.);
#1792=EDGE_CURVE('',#1436,#1434,#1337,.T.);
#1793=EDGE_CURVE('',#1436,#1437,#836,.T.);
#1794=EDGE_CURVE('',#1437,#1435,#1338,.T.);
#1795=EDGE_CURVE('',#1438,#1436,#220,.T.);
#1796=EDGE_CURVE('',#1438,#1439,#837,.T.);
#1797=EDGE_CURVE('',#1439,#1437,#221,.T.);
#1798=EDGE_CURVE('',#1440,#1438,#69,.T.);
#1799=EDGE_CURVE('',#1440,#1441,#838,.T.);
#1800=EDGE_CURVE('',#1441,#1439,#70,.T.);
#1801=EDGE_CURVE('',#1442,#1440,#289,.T.);
#1802=EDGE_CURVE('',#1442,#1443,#839,.T.);
#1803=EDGE_CURVE('',#1443,#1441,#290,.T.);
#1804=EDGE_CURVE('',#1444,#1442,#1339,.T.);
#1805=EDGE_CURVE('',#1444,#1445,#840,.T.);
#1806=EDGE_CURVE('',#1445,#1443,#1340,.T.);
#1807=EDGE_CURVE('',#1446,#1444,#222,.T.);
#1808=EDGE_CURVE('',#1446,#1447,#841,.T.);
#1809=EDGE_CURVE('',#1447,#1445,#223,.T.);
#1810=EDGE_CURVE('',#1448,#1446,#291,.T.);
#1811=EDGE_CURVE('',#1448,#1449,#842,.T.);
#1812=EDGE_CURVE('',#1449,#1447,#292,.T.);
#1813=EDGE_CURVE('',#1450,#1448,#1341,.T.);
#1814=EDGE_CURVE('',#1450,#1451,#843,.T.);
#1815=EDGE_CURVE('',#1451,#1449,#1342,.T.);
#1816=EDGE_CURVE('',#1452,#1450,#1343,.T.);
#1817=EDGE_CURVE('',#1452,#1453,#844,.T.);
#1818=EDGE_CURVE('',#1453,#1451,#1344,.T.);
#1819=EDGE_CURVE('',#1454,#1452,#1345,.T.);
#1820=EDGE_CURVE('',#1454,#1455,#845,.T.);
#1821=EDGE_CURVE('',#1455,#1453,#1346,.T.);
#1822=EDGE_CURVE('',#1456,#1454,#224,.T.);
#1823=EDGE_CURVE('',#1456,#1457,#846,.T.);
#1824=EDGE_CURVE('',#1457,#1455,#225,.T.);
#1825=EDGE_CURVE('',#1458,#1456,#293,.T.);
#1826=EDGE_CURVE('',#1458,#1459,#847,.T.);
#1827=EDGE_CURVE('',#1459,#1457,#294,.T.);
#1828=EDGE_CURVE('',#1460,#1458,#226,.T.);
#1829=EDGE_CURVE('',#1460,#1461,#848,.T.);
#1830=EDGE_CURVE('',#1461,#1459,#227,.T.);
#1831=EDGE_CURVE('',#1462,#1460,#71,.T.);
#1832=EDGE_CURVE('',#1462,#1463,#849,.T.);
#1833=EDGE_CURVE('',#1463,#1461,#72,.T.);
#1834=EDGE_CURVE('',#1464,#1462,#1347,.T.);
#1835=EDGE_CURVE('',#1464,#1465,#850,.T.);
#1836=EDGE_CURVE('',#1465,#1463,#1348,.T.);
#1837=EDGE_CURVE('',#1466,#1464,#295,.T.);
#1838=EDGE_CURVE('',#1466,#1467,#851,.T.);
#1839=EDGE_CURVE('',#1467,#1465,#296,.T.);
#1840=EDGE_CURVE('',#1468,#1466,#228,.T.);
#1841=EDGE_CURVE('',#1468,#1469,#852,.T.);
#1842=EDGE_CURVE('',#1469,#1467,#229,.T.);
#1843=EDGE_CURVE('',#1470,#1468,#230,.T.);
#1844=EDGE_CURVE('',#1470,#1471,#853,.T.);
#1845=EDGE_CURVE('',#1471,#1469,#231,.T.);
#1846=EDGE_CURVE('',#1470,#1470,#297,.T.);
#1847=EDGE_CURVE('',#1470,#1471,#854,.T.);
#1848=EDGE_CURVE('',#1471,#1471,#298,.T.);
#1849=EDGE_CURVE('',#1472,#1470,#73,.T.);
#1850=EDGE_CURVE('',#1472,#1473,#855,.T.);
#1851=EDGE_CURVE('',#1473,#1471,#74,.T.);
#1852=EDGE_CURVE('',#1474,#1472,#856,.T.);
#1853=EDGE_CURVE('',#1474,#1475,#857,.T.);
#1854=EDGE_CURVE('',#1475,#1473,#858,.T.);
#1855=EDGE_CURVE('',#1476,#1474,#299,.T.);
#1856=EDGE_CURVE('',#1476,#1477,#859,.T.);
#1857=EDGE_CURVE('',#1477,#1475,#300,.T.);
#1858=EDGE_CURVE('',#1407,#1476,#232,.T.);
#1859=EDGE_CURVE('',#1409,#1477,#233,.T.);
#1860=EDGE_CURVE('',#1478,#1479,#860,.T.);
#1861=EDGE_CURVE('',#1480,#1478,#861,.T.);
#1862=EDGE_CURVE('',#1481,#1480,#75,.T.);
#1863=EDGE_CURVE('',#1482,#1481,#862,.T.);
#1864=EDGE_CURVE('',#1483,#1482,#76,.T.);
#1865=EDGE_CURVE('',#1484,#1483,#863,.T.);
#1866=EDGE_CURVE('',#1485,#1484,#77,.T.);
#1867=EDGE_CURVE('',#1486,#1485,#78,.T.);
#1868=EDGE_CURVE('',#1487,#1486,#864,.T.);
#1869=EDGE_CURVE('',#1488,#1487,#79,.T.);
#1870=EDGE_CURVE('',#1489,#1488,#865,.T.);
#1871=EDGE_CURVE('',#1490,#1489,#80,.T.);
#1872=EDGE_CURVE('',#1491,#1490,#81,.T.);
#1873=EDGE_CURVE('',#1492,#1491,#866,.T.);
#1874=EDGE_CURVE('',#1493,#1492,#82,.T.);
#1875=EDGE_CURVE('',#1494,#1493,#867,.T.);
#1876=EDGE_CURVE('',#1495,#1494,#83,.T.);
#1877=EDGE_CURVE('',#1479,#1495,#868,.T.);
#1878=EDGE_CURVE('',#1496,#1496,#84,.T.);
#1879=EDGE_CURVE('',#1497,#1498,#869,.T.);
#1880=EDGE_CURVE('',#1499,#1497,#85,.T.);
#1881=EDGE_CURVE('',#1500,#1499,#870,.T.);
#1882=EDGE_CURVE('',#1498,#1500,#86,.T.);
#1883=EDGE_CURVE('',#1501,#1501,#87,.T.);
#1884=EDGE_CURVE('',#1502,#1503,#871,.T.);
#1885=EDGE_CURVE('',#1504,#1502,#88,.T.);
#1886=EDGE_CURVE('',#1505,#1504,#872,.T.);
#1887=EDGE_CURVE('',#1503,#1505,#89,.T.);
#1888=EDGE_CURVE('',#1506,#1506,#90,.F.);
#1889=EDGE_CURVE('',#1506,#1507,#873,.T.);
#1890=EDGE_CURVE('',#1507,#1507,#91,.T.);
#1891=EDGE_CURVE('',#1508,#1508,#92,.T.);
#1892=EDGE_CURVE('',#1508,#1507,#874,.T.);
#1893=EDGE_CURVE('',#1508,#1509,#875,.T.);
#1894=EDGE_CURVE('',#1509,#1509,#93,.T.);
#1895=EDGE_CURVE('',#1510,#1511,#1349,.T.);
#1896=EDGE_CURVE('',#1510,#1512,#1350,.T.);
#1897=EDGE_CURVE('',#1512,#1513,#876,.T.);
#1898=EDGE_CURVE('',#1513,#1514,#1351,.T.);
#1899=EDGE_CURVE('',#1514,#1513,#1352,.T.);
#1900=EDGE_CURVE('',#1512,#1515,#1353,.T.);
#1901=EDGE_CURVE('',#1516,#1515,#1354,.T.);
#1902=EDGE_CURVE('',#1516,#1511,#1355,.T.);
#1903=EDGE_CURVE('',#1516,#1517,#877,.T.);
#1904=EDGE_CURVE('',#1517,#1518,#878,.T.);
#1905=EDGE_CURVE('',#1518,#1511,#879,.T.);
#1906=EDGE_CURVE('',#1519,#1519,#94,.T.);
#1907=EDGE_CURVE('',#1519,#1514,#880,.T.);
#1908=EDGE_CURVE('',#1520,#1521,#301,.T.);
#1909=EDGE_CURVE('',#1522,#1521,#95,.T.);
#1910=EDGE_CURVE('',#1522,#1523,#302,.T.);
#1911=EDGE_CURVE('',#1524,#1523,#96,.T.);
#1912=EDGE_CURVE('',#1524,#1525,#881,.T.);
#1913=EDGE_CURVE('',#1525,#1525,#97,.T.);
#1914=EDGE_CURVE('',#1520,#1524,#98,.T.);
#1915=EDGE_CURVE('',#1519,#1496,#882,.T.);
#1916=EDGE_CURVE('',#1503,#1526,#883,.T.);
#1917=EDGE_CURVE('',#1526,#1527,#884,.T.);
#1918=EDGE_CURVE('',#1527,#1502,#885,.T.);
#1919=EDGE_CURVE('',#1505,#1528,#886,.T.);
#1920=EDGE_CURVE('',#1528,#1526,#99,.T.);
#1921=EDGE_CURVE('',#1504,#1529,#887,.T.);
#1922=EDGE_CURVE('',#1529,#1528,#888,.T.);
#1923=EDGE_CURVE('',#1527,#1529,#100,.T.);
#1924=EDGE_CURVE('',#1530,#1527,#889,.T.);
#1925=EDGE_CURVE('',#1531,#1530,#101,.T.);
#1926=EDGE_CURVE('',#1529,#1531,#890,.T.);
#1927=EDGE_CURVE('',#1526,#1532,#891,.T.);
#1928=EDGE_CURVE('',#1532,#1530,#892,.T.);
#1929=EDGE_CURVE('',#1498,#1533,#893,.T.);
#1930=EDGE_CURVE('',#1533,#1534,#894,.T.);
#1931=EDGE_CURVE('',#1534,#1497,#895,.T.);
#1932=EDGE_CURVE('',#1500,#1535,#896,.T.);
#1933=EDGE_CURVE('',#1535,#1533,#102,.T.);
#1934=EDGE_CURVE('',#1499,#1536,#897,.T.);
#1935=EDGE_CURVE('',#1536,#1535,#898,.T.);
#1936=EDGE_CURVE('',#1534,#1536,#103,.T.);
#1937=EDGE_CURVE('',#1537,#1534,#899,.T.);
#1938=EDGE_CURVE('',#1538,#1537,#104,.T.);
#1939=EDGE_CURVE('',#1536,#1538,#900,.T.);
#1940=EDGE_CURVE('',#1533,#1539,#901,.T.);
#1941=EDGE_CURVE('',#1539,#1537,#902,.T.);
#1942=EDGE_CURVE('',#1479,#1540,#903,.T.);
#1943=EDGE_CURVE('',#1540,#1541,#904,.T.);
#1944=EDGE_CURVE('',#1541,#1478,#905,.T.);
#1945=EDGE_CURVE('',#1495,#1542,#906,.T.);
#1946=EDGE_CURVE('',#1542,#1540,#907,.T.);
#1947=EDGE_CURVE('',#1494,#1543,#908,.T.);
#1948=EDGE_CURVE('',#1543,#1542,#105,.T.);
#1949=EDGE_CURVE('',#1493,#1544,#909,.T.);
#1950=EDGE_CURVE('',#1544,#1543,#910,.T.);
#1951=EDGE_CURVE('',#1492,#1545,#911,.T.);
#1952=EDGE_CURVE('',#1545,#1544,#106,.T.);
#1953=EDGE_CURVE('',#1491,#1546,#912,.T.);
#1954=EDGE_CURVE('',#1546,#1545,#913,.T.);
#1955=EDGE_CURVE('',#1490,#1547,#914,.T.);
#1956=EDGE_CURVE('',#1547,#1546,#107,.T.);
#1957=EDGE_CURVE('',#1489,#1548,#915,.T.);
#1958=EDGE_CURVE('',#1548,#1547,#108,.T.);
#1959=EDGE_CURVE('',#1488,#1549,#916,.T.);
#1960=EDGE_CURVE('',#1549,#1548,#917,.T.);
#1961=EDGE_CURVE('',#1487,#1550,#918,.T.);
#1962=EDGE_CURVE('',#1550,#1549,#109,.T.);
#1963=EDGE_CURVE('',#1486,#1551,#919,.T.);
#1964=EDGE_CURVE('',#1551,#1550,#920,.T.);
#1965=EDGE_CURVE('',#1485,#1552,#921,.T.);
#1966=EDGE_CURVE('',#1552,#1551,#110,.T.);
#1967=EDGE_CURVE('',#1484,#1553,#922,.T.);
#1968=EDGE_CURVE('',#1553,#1552,#111,.T.);
#1969=EDGE_CURVE('',#1483,#1554,#923,.T.);
#1970=EDGE_CURVE('',#1554,#1553,#924,.T.);
#1971=EDGE_CURVE('',#1482,#1555,#925,.T.);
#1972=EDGE_CURVE('',#1555,#1554,#112,.T.);
#1973=EDGE_CURVE('',#1481,#1556,#926,.T.);
#1974=EDGE_CURVE('',#1556,#1555,#927,.T.);
#1975=EDGE_CURVE('',#1480,#1557,#928,.T.);
#1976=EDGE_CURVE('',#1557,#1556,#113,.T.);
#1977=EDGE_CURVE('',#1541,#1557,#929,.T.);
#1978=EDGE_CURVE('',#1551,#1558,#930,.T.);
#1979=EDGE_CURVE('',#1558,#1559,#931,.T.);
#1980=EDGE_CURVE('',#1559,#1550,#932,.T.);
#1981=EDGE_CURVE('',#1560,#1552,#933,.T.);
#1982=EDGE_CURVE('',#1561,#1560,#114,.T.);
#1983=EDGE_CURVE('',#1562,#1561,#303,.T.);
#1984=EDGE_CURVE('',#1558,#1562,#234,.T.);
#1985=EDGE_CURVE('',#1563,#1553,#934,.T.);
#1986=EDGE_CURVE('',#1563,#1560,#115,.T.);
#1987=EDGE_CURVE('',#1564,#1554,#935,.T.);
#1988=EDGE_CURVE('',#1564,#1563,#936,.T.);
#1989=EDGE_CURVE('',#1565,#1555,#937,.T.);
#1990=EDGE_CURVE('',#1565,#1564,#116,.T.);
#1991=EDGE_CURVE('',#1566,#1556,#938,.T.);
#1992=EDGE_CURVE('',#1566,#1565,#939,.T.);
#1993=EDGE_CURVE('',#1567,#1557,#940,.T.);
#1994=EDGE_CURVE('',#1567,#1568,#117,.T.);
#1995=EDGE_CURVE('',#1566,#1568,#1356,.T.);
#1996=EDGE_CURVE('',#1569,#1541,#941,.T.);
#1997=EDGE_CURVE('',#1569,#1567,#942,.T.);
#1998=EDGE_CURVE('',#1570,#1540,#943,.T.);
#1999=EDGE_CURVE('',#1570,#1571,#944,.T.);
#2000=EDGE_CURVE('',#1571,#1572,#945,.T.);
#2001=EDGE_CURVE('',#1573,#1572,#946,.T.);
#2002=EDGE_CURVE('',#1573,#1574,#947,.T.);
#2003=EDGE_CURVE('',#1574,#1569,#948,.T.);
#2004=EDGE_CURVE('',#1501,#1575,#949,.T.);
#2005=EDGE_CURVE('',#1575,#1575,#118,.T.);
#2006=EDGE_CURVE('',#1576,#1576,#119,.T.);
#2007=EDGE_CURVE('',#1576,#1575,#950,.T.);
#2008=EDGE_CURVE('',#1577,#1577,#120,.T.);
#2009=EDGE_CURVE('',#1577,#1578,#951,.T.);
#2010=EDGE_CURVE('',#1578,#1578,#121,.T.);
#2011=EDGE_CURVE('',#1578,#1579,#952,.T.);
#2012=EDGE_CURVE('',#1579,#1579,#122,.T.);
#2013=EDGE_CURVE('',#1580,#1580,#123,.T.);
#2014=EDGE_CURVE('',#1581,#1581,#124,.F.);
#2015=EDGE_CURVE('',#1581,#1580,#953,.T.);
#2016=EDGE_CURVE('',#1582,#1573,#954,.T.);
#2017=EDGE_CURVE('',#1572,#1583,#955,.T.);
#2018=EDGE_CURVE('',#1583,#1582,#956,.T.);
#2019=EDGE_CURVE('',#1584,#1522,#304,.T.);
#2020=EDGE_CURVE('',#1521,#1585,#305,.T.);
#2021=EDGE_CURVE('',#1585,#1584,#125,.T.);
#2022=EDGE_CURVE('',#1586,#1587,#957,.T.);
#2023=EDGE_CURVE('',#1588,#1586,#958,.T.);
#2024=EDGE_CURVE('',#1589,#1588,#959,.T.);
#2025=EDGE_CURVE('',#1587,#1589,#960,.T.);
#2026=EDGE_CURVE('',#1589,#1590,#961,.T.);
#2027=EDGE_CURVE('',#1590,#1591,#1357,.T.);
#2028=EDGE_CURVE('',#1592,#1591,#962,.T.);
#2029=EDGE_CURVE('',#1592,#1587,#963,.T.);
#2030=EDGE_CURVE('',#1568,#1588,#964,.T.);
#2031=EDGE_CURVE('',#1568,#1593,#965,.T.);
#2032=EDGE_CURVE('',#1593,#1594,#966,.T.);
#2033=EDGE_CURVE('',#1594,#1590,#967,.T.);
#2034=EDGE_CURVE('',#1586,#1595,#968,.T.);
#2035=EDGE_CURVE('',#1566,#1595,#969,.T.);
#2036=EDGE_CURVE('',#1596,#1592,#970,.T.);
#2037=EDGE_CURVE('',#1596,#1597,#306,.T.);
#2038=EDGE_CURVE('',#1598,#1597,#971,.T.);
#2039=EDGE_CURVE('',#1599,#1598,#972,.T.);
#2040=EDGE_CURVE('',#1599,#1600,#973,.T.);
#2041=EDGE_CURVE('',#1518,#1600,#974,.T.);
#2042=EDGE_CURVE('',#1601,#1517,#975,.T.);
#2043=EDGE_CURVE('',#1601,#1602,#976,.T.);
#2044=EDGE_CURVE('',#1603,#1602,#977,.T.);
#2045=EDGE_CURVE('',#1562,#1603,#978,.T.);
#2046=EDGE_CURVE('',#1595,#1561,#979,.T.);
#2047=EDGE_CURVE('',#1604,#1523,#307,.T.);
#2048=EDGE_CURVE('',#1604,#1594,#126,.T.);
#2049=EDGE_CURVE('',#1593,#1605,#127,.T.);
#2050=EDGE_CURVE('',#1520,#1605,#308,.T.);
#2051=EDGE_CURVE('',#1531,#1606,#980,.T.);
#2052=EDGE_CURVE('',#1606,#1528,#981,.T.);
#2053=EDGE_CURVE('',#1532,#1606,#128,.T.);
#2054=EDGE_CURVE('',#1538,#1607,#982,.T.);
#2055=EDGE_CURVE('',#1607,#1535,#983,.T.);
#2056=EDGE_CURVE('',#1539,#1607,#129,.T.);
#2057=EDGE_CURVE('',#1544,#1608,#984,.T.);
#2058=EDGE_CURVE('',#1608,#1591,#985,.T.);
#2059=EDGE_CURVE('',#1591,#1543,#986,.T.);
#2060=EDGE_CURVE('',#1590,#1609,#130,.T.);
#2061=EDGE_CURVE('',#1609,#1542,#987,.T.);
#2062=EDGE_CURVE('',#1609,#1570,#988,.T.);
#2063=EDGE_CURVE('',#1559,#1610,#235,.T.);
#2064=EDGE_CURVE('',#1610,#1549,#989,.T.);
#2065=EDGE_CURVE('',#1610,#1611,#990,.T.);
#2066=EDGE_CURVE('',#1611,#1548,#991,.T.);
#2067=EDGE_CURVE('',#1597,#1611,#236,.T.);
#2068=EDGE_CURVE('',#1612,#1596,#131,.T.);
#2069=EDGE_CURVE('',#1547,#1612,#992,.T.);
#2070=EDGE_CURVE('',#1612,#1613,#132,.T.);
#2071=EDGE_CURVE('',#1613,#1546,#993,.T.);
#2072=EDGE_CURVE('',#1613,#1614,#994,.T.);
#2073=EDGE_CURVE('',#1614,#1545,#995,.T.);
#2074=EDGE_CURVE('',#1614,#1608,#133,.T.);
#2075=EDGE_CURVE('',#1571,#1604,#996,.T.);
#2076=EDGE_CURVE('',#1605,#1574,#997,.T.);
#2077=EDGE_CURVE('',#1582,#1585,#998,.T.);
#2078=EDGE_CURVE('',#1584,#1583,#999,.T.);
#2079=EDGE_CURVE('',#1510,#1615,#1000,.T.);
#2080=EDGE_CURVE('',#1615,#1616,#1001,.T.);
#2081=EDGE_CURVE('',#1616,#1598,#1002,.T.);
#2082=EDGE_CURVE('',#1603,#1617,#1003,.T.);
#2083=EDGE_CURVE('',#1617,#1618,#1004,.T.);
#2084=EDGE_CURVE('',#1618,#1515,#1005,.T.);
#2085=EDGE_CURVE('',#1619,#1620,#1006,.T.);
#2086=EDGE_CURVE('',#1618,#1620,#1007,.T.);
#2087=EDGE_CURVE('',#1619,#1617,#1008,.T.);
#2088=EDGE_CURVE('',#1602,#1619,#1009,.T.);
#2089=EDGE_CURVE('',#1621,#1599,#1010,.T.);
#2090=EDGE_CURVE('',#1616,#1621,#1011,.T.);
#2091=EDGE_CURVE('',#1615,#1622,#1012,.T.);
#2092=EDGE_CURVE('',#1622,#1621,#1013,.T.);
#2093=EDGE_CURVE('',#1600,#1622,#1014,.T.);
#2094=EDGE_CURVE('',#1620,#1601,#1015,.T.);
#2095=EDGE_CURVE('',#1623,#1624,#1358,.T.);
#2096=EDGE_CURVE('',#1623,#1625,#1016,.T.);
#2097=EDGE_CURVE('',#1625,#1626,#1359,.T.);
#2098=EDGE_CURVE('',#1624,#1626,#1017,.T.);
#2099=EDGE_CURVE('',#1627,#1623,#1360,.T.);
#2100=EDGE_CURVE('',#1627,#1628,#1018,.T.);
#2101=EDGE_CURVE('',#1628,#1625,#1361,.T.);
#2102=EDGE_CURVE('',#1629,#1627,#309,.T.);
#2103=EDGE_CURVE('',#1629,#1630,#1019,.T.);
#2104=EDGE_CURVE('',#1630,#1628,#310,.T.);
#2105=EDGE_CURVE('',#1631,#1629,#311,.T.);
#2106=EDGE_CURVE('',#1631,#1632,#1020,.T.);
#2107=EDGE_CURVE('',#1632,#1630,#312,.T.);
#2108=EDGE_CURVE('',#1633,#1631,#313,.T.);
#2109=EDGE_CURVE('',#1633,#1634,#1021,.T.);
#2110=EDGE_CURVE('',#1634,#1632,#314,.T.);
#2111=EDGE_CURVE('',#1635,#1633,#315,.T.);
#2112=EDGE_CURVE('',#1635,#1636,#1022,.T.);
#2113=EDGE_CURVE('',#1636,#1634,#316,.T.);
#2114=EDGE_CURVE('',#1637,#1635,#317,.T.);
#2115=EDGE_CURVE('',#1637,#1638,#1023,.T.);
#2116=EDGE_CURVE('',#1638,#1636,#318,.T.);
#2117=EDGE_CURVE('',#1639,#1637,#319,.T.);
#2118=EDGE_CURVE('',#1639,#1640,#1024,.T.);
#2119=EDGE_CURVE('',#1640,#1638,#320,.T.);
#2120=EDGE_CURVE('',#1641,#1639,#1362,.T.);
#2121=EDGE_CURVE('',#1641,#1642,#1025,.T.);
#2122=EDGE_CURVE('',#1642,#1640,#1363,.T.);
#2123=EDGE_CURVE('',#1643,#1641,#321,.T.);
#2124=EDGE_CURVE('',#1643,#1644,#1026,.T.);
#2125=EDGE_CURVE('',#1644,#1642,#322,.T.);
#2126=EDGE_CURVE('',#1645,#1643,#1364,.T.);
#2127=EDGE_CURVE('',#1645,#1646,#1027,.T.);
#2128=EDGE_CURVE('',#1646,#1644,#1365,.T.);
#2129=EDGE_CURVE('',#1624,#1645,#1366,.T.);
#2130=EDGE_CURVE('',#1626,#1646,#1367,.T.);
#2131=EDGE_CURVE('',#1647,#1648,#237,.T.);
#2132=EDGE_CURVE('',#1647,#1649,#1028,.T.);
#2133=EDGE_CURVE('',#1649,#1650,#238,.T.);
#2134=EDGE_CURVE('',#1648,#1650,#1029,.T.);
#2135=EDGE_CURVE('',#1651,#1647,#323,.T.);
#2136=EDGE_CURVE('',#1651,#1652,#1030,.T.);
#2137=EDGE_CURVE('',#1652,#1649,#324,.T.);
#2138=EDGE_CURVE('',#1653,#1651,#325,.T.);
#2139=EDGE_CURVE('',#1653,#1654,#1031,.T.);
#2140=EDGE_CURVE('',#1654,#1652,#326,.T.);
#2141=EDGE_CURVE('',#1655,#1653,#239,.T.);
#2142=EDGE_CURVE('',#1655,#1656,#1032,.T.);
#2143=EDGE_CURVE('',#1656,#1654,#240,.T.);
#2144=EDGE_CURVE('',#1657,#1655,#1368,.T.);
#2145=EDGE_CURVE('',#1657,#1658,#1033,.T.);
#2146=EDGE_CURVE('',#1658,#1656,#1369,.T.);
#2147=EDGE_CURVE('',#1659,#1657,#241,.T.);
#2148=EDGE_CURVE('',#1659,#1660,#1034,.T.);
#2149=EDGE_CURVE('',#1660,#1658,#242,.T.);
#2150=EDGE_CURVE('',#1661,#1659,#327,.T.);
#2151=EDGE_CURVE('',#1661,#1662,#1035,.T.);
#2152=EDGE_CURVE('',#1662,#1660,#328,.T.);
#2153=EDGE_CURVE('',#1663,#1661,#329,.T.);
#2154=EDGE_CURVE('',#1663,#1664,#1036,.T.);
#2155=EDGE_CURVE('',#1664,#1662,#330,.T.);
#2156=EDGE_CURVE('',#1665,#1663,#331,.T.);
#2157=EDGE_CURVE('',#1665,#1666,#1037,.T.);
#2158=EDGE_CURVE('',#1666,#1664,#332,.T.);
#2159=EDGE_CURVE('',#1667,#1665,#243,.T.);
#2160=EDGE_CURVE('',#1667,#1668,#1038,.T.);
#2161=EDGE_CURVE('',#1668,#1666,#244,.T.);
#2162=EDGE_CURVE('',#1669,#1667,#333,.T.);
#2163=EDGE_CURVE('',#1669,#1670,#1039,.T.);
#2164=EDGE_CURVE('',#1670,#1668,#334,.T.);
#2165=EDGE_CURVE('',#1671,#1669,#1040,.T.);
#2166=EDGE_CURVE('',#1671,#1672,#1041,.T.);
#2167=EDGE_CURVE('',#1672,#1670,#1042,.T.);
#2168=EDGE_CURVE('',#1673,#1671,#1370,.T.);
#2169=EDGE_CURVE('',#1673,#1674,#1043,.T.);
#2170=EDGE_CURVE('',#1674,#1672,#1371,.T.);
#2171=EDGE_CURVE('',#1675,#1673,#245,.T.);
#2172=EDGE_CURVE('',#1675,#1676,#1044,.T.);
#2173=EDGE_CURVE('',#1676,#1674,#246,.T.);
#2174=EDGE_CURVE('',#1677,#1675,#134,.T.);
#2175=EDGE_CURVE('',#1677,#1678,#1045,.T.);
#2176=EDGE_CURVE('',#1678,#1676,#135,.T.);
#2177=EDGE_CURVE('',#1679,#1677,#335,.T.);
#2178=EDGE_CURVE('',#1679,#1680,#1046,.T.);
#2179=EDGE_CURVE('',#1680,#1678,#336,.T.);
#2180=EDGE_CURVE('',#1681,#1679,#1372,.T.);
#2181=EDGE_CURVE('',#1681,#1682,#1047,.T.);
#2182=EDGE_CURVE('',#1682,#1680,#1373,.T.);
#2183=EDGE_CURVE('',#1683,#1681,#247,.T.);
#2184=EDGE_CURVE('',#1683,#1684,#1048,.T.);
#2185=EDGE_CURVE('',#1684,#1682,#248,.T.);
#2186=EDGE_CURVE('',#1685,#1683,#1374,.T.);
#2187=EDGE_CURVE('',#1685,#1686,#1049,.T.);
#2188=EDGE_CURVE('',#1686,#1684,#1375,.T.);
#2189=EDGE_CURVE('',#1687,#1685,#1376,.T.);
#2190=EDGE_CURVE('',#1687,#1688,#1050,.T.);
#2191=EDGE_CURVE('',#1688,#1686,#1377,.T.);
#2192=EDGE_CURVE('',#1689,#1687,#1378,.T.);
#2193=EDGE_CURVE('',#1689,#1690,#1051,.T.);
#2194=EDGE_CURVE('',#1690,#1688,#1379,.T.);
#2195=EDGE_CURVE('',#1691,#1689,#249,.T.);
#2196=EDGE_CURVE('',#1691,#1692,#1052,.T.);
#2197=EDGE_CURVE('',#1692,#1690,#250,.T.);
#2198=EDGE_CURVE('',#1693,#1691,#337,.T.);
#2199=EDGE_CURVE('',#1693,#1694,#1053,.T.);
#2200=EDGE_CURVE('',#1694,#1692,#338,.T.);
#2201=EDGE_CURVE('',#1695,#1693,#251,.T.);
#2202=EDGE_CURVE('',#1695,#1696,#1054,.T.);
#2203=EDGE_CURVE('',#1696,#1694,#252,.T.);
#2204=EDGE_CURVE('',#1697,#1695,#136,.T.);
#2205=EDGE_CURVE('',#1697,#1698,#1055,.T.);
#2206=EDGE_CURVE('',#1698,#1696,#137,.T.);
#2207=EDGE_CURVE('',#1699,#1697,#1380,.T.);
#2208=EDGE_CURVE('',#1699,#1700,#1056,.T.);
#2209=EDGE_CURVE('',#1700,#1698,#1381,.T.);
#2210=EDGE_CURVE('',#1701,#1699,#339,.T.);
#2211=EDGE_CURVE('',#1701,#1702,#1057,.T.);
#2212=EDGE_CURVE('',#1702,#1700,#340,.T.);
#2213=EDGE_CURVE('',#1703,#1701,#253,.T.);
#2214=EDGE_CURVE('',#1703,#1704,#1058,.T.);
#2215=EDGE_CURVE('',#1704,#1702,#254,.T.);
#2216=EDGE_CURVE('',#1705,#1703,#255,.T.);
#2217=EDGE_CURVE('',#1705,#1706,#1059,.T.);
#2218=EDGE_CURVE('',#1706,#1704,#256,.T.);
#2219=EDGE_CURVE('',#1705,#1705,#341,.T.);
#2220=EDGE_CURVE('',#1705,#1706,#1060,.T.);
#2221=EDGE_CURVE('',#1706,#1706,#342,.T.);
#2222=EDGE_CURVE('',#1707,#1705,#138,.T.);
#2223=EDGE_CURVE('',#1707,#1708,#1061,.T.);
#2224=EDGE_CURVE('',#1708,#1706,#139,.T.);
#2225=EDGE_CURVE('',#1709,#1707,#1062,.T.);
#2226=EDGE_CURVE('',#1709,#1710,#1063,.T.);
#2227=EDGE_CURVE('',#1710,#1708,#1064,.T.);
#2228=EDGE_CURVE('',#1711,#1709,#343,.T.);
#2229=EDGE_CURVE('',#1711,#1712,#1065,.T.);
#2230=EDGE_CURVE('',#1712,#1710,#344,.T.);
#2231=EDGE_CURVE('',#1648,#1711,#257,.T.);
#2232=EDGE_CURVE('',#1650,#1712,#258,.T.);
#2233=ORIENTED_EDGE('',*,*,#1713,.F.);
#2234=ORIENTED_EDGE('',*,*,#1714,.T.);
#2235=ORIENTED_EDGE('',*,*,#1715,.T.);
#2236=ORIENTED_EDGE('',*,*,#1716,.F.);
#2237=ORIENTED_EDGE('',*,*,#1717,.F.);
#2238=ORIENTED_EDGE('',*,*,#1718,.T.);
#2239=ORIENTED_EDGE('',*,*,#1719,.T.);
#2240=ORIENTED_EDGE('',*,*,#1714,.F.);
#2241=ORIENTED_EDGE('',*,*,#1720,.F.);
#2242=ORIENTED_EDGE('',*,*,#1721,.T.);
#2243=ORIENTED_EDGE('',*,*,#1722,.T.);
#2244=ORIENTED_EDGE('',*,*,#1718,.F.);
#2245=ORIENTED_EDGE('',*,*,#1723,.F.);
#2246=ORIENTED_EDGE('',*,*,#1724,.T.);
#2247=ORIENTED_EDGE('',*,*,#1725,.T.);
#2248=ORIENTED_EDGE('',*,*,#1721,.F.);
#2249=ORIENTED_EDGE('',*,*,#1726,.F.);
#2250=ORIENTED_EDGE('',*,*,#1727,.T.);
#2251=ORIENTED_EDGE('',*,*,#1728,.T.);
#2252=ORIENTED_EDGE('',*,*,#1724,.F.);
#2253=ORIENTED_EDGE('',*,*,#1729,.F.);
#2254=ORIENTED_EDGE('',*,*,#1730,.T.);
#2255=ORIENTED_EDGE('',*,*,#1731,.T.);
#2256=ORIENTED_EDGE('',*,*,#1727,.F.);
#2257=ORIENTED_EDGE('',*,*,#1732,.F.);
#2258=ORIENTED_EDGE('',*,*,#1733,.T.);
#2259=ORIENTED_EDGE('',*,*,#1734,.T.);
#2260=ORIENTED_EDGE('',*,*,#1730,.F.);
#2261=ORIENTED_EDGE('',*,*,#1735,.F.);
#2262=ORIENTED_EDGE('',*,*,#1736,.T.);
#2263=ORIENTED_EDGE('',*,*,#1737,.T.);
#2264=ORIENTED_EDGE('',*,*,#1733,.F.);
#2265=ORIENTED_EDGE('',*,*,#1738,.F.);
#2266=ORIENTED_EDGE('',*,*,#1739,.T.);
#2267=ORIENTED_EDGE('',*,*,#1740,.T.);
#2268=ORIENTED_EDGE('',*,*,#1736,.F.);
#2269=ORIENTED_EDGE('',*,*,#1741,.F.);
#2270=ORIENTED_EDGE('',*,*,#1742,.T.);
#2271=ORIENTED_EDGE('',*,*,#1743,.T.);
#2272=ORIENTED_EDGE('',*,*,#1739,.F.);
#2273=ORIENTED_EDGE('',*,*,#1744,.F.);
#2274=ORIENTED_EDGE('',*,*,#1745,.T.);
#2275=ORIENTED_EDGE('',*,*,#1746,.T.);
#2276=ORIENTED_EDGE('',*,*,#1742,.F.);
#2277=ORIENTED_EDGE('',*,*,#1747,.F.);
#2278=ORIENTED_EDGE('',*,*,#1716,.T.);
#2279=ORIENTED_EDGE('',*,*,#1748,.T.);
#2280=ORIENTED_EDGE('',*,*,#1745,.F.);
#2281=ORIENTED_EDGE('',*,*,#1749,.F.);
#2282=ORIENTED_EDGE('',*,*,#1750,.T.);
#2283=ORIENTED_EDGE('',*,*,#1751,.T.);
#2284=ORIENTED_EDGE('',*,*,#1752,.F.);
#2285=ORIENTED_EDGE('',*,*,#1753,.F.);
#2286=ORIENTED_EDGE('',*,*,#1754,.T.);
#2287=ORIENTED_EDGE('',*,*,#1755,.T.);
#2288=ORIENTED_EDGE('',*,*,#1750,.F.);
#2289=ORIENTED_EDGE('',*,*,#1756,.F.);
#2290=ORIENTED_EDGE('',*,*,#1757,.T.);
#2291=ORIENTED_EDGE('',*,*,#1758,.T.);
#2292=ORIENTED_EDGE('',*,*,#1754,.F.);
#2293=ORIENTED_EDGE('',*,*,#1759,.F.);
#2294=ORIENTED_EDGE('',*,*,#1760,.T.);
#2295=ORIENTED_EDGE('',*,*,#1761,.T.);
#2296=ORIENTED_EDGE('',*,*,#1757,.F.);
#2297=ORIENTED_EDGE('',*,*,#1762,.F.);
#2298=ORIENTED_EDGE('',*,*,#1763,.T.);
#2299=ORIENTED_EDGE('',*,*,#1764,.T.);
#2300=ORIENTED_EDGE('',*,*,#1760,.F.);
#2301=ORIENTED_EDGE('',*,*,#1765,.F.);
#2302=ORIENTED_EDGE('',*,*,#1766,.T.);
#2303=ORIENTED_EDGE('',*,*,#1767,.T.);
#2304=ORIENTED_EDGE('',*,*,#1763,.F.);
#2305=ORIENTED_EDGE('',*,*,#1768,.F.);
#2306=ORIENTED_EDGE('',*,*,#1769,.T.);
#2307=ORIENTED_EDGE('',*,*,#1770,.T.);
#2308=ORIENTED_EDGE('',*,*,#1766,.F.);
#2309=ORIENTED_EDGE('',*,*,#1771,.F.);
#2310=ORIENTED_EDGE('',*,*,#1772,.T.);
#2311=ORIENTED_EDGE('',*,*,#1773,.T.);
#2312=ORIENTED_EDGE('',*,*,#1769,.F.);
#2313=ORIENTED_EDGE('',*,*,#1774,.F.);
#2314=ORIENTED_EDGE('',*,*,#1775,.T.);
#2315=ORIENTED_EDGE('',*,*,#1776,.T.);
#2316=ORIENTED_EDGE('',*,*,#1772,.F.);
#2317=ORIENTED_EDGE('',*,*,#1777,.F.);
#2318=ORIENTED_EDGE('',*,*,#1778,.T.);
#2319=ORIENTED_EDGE('',*,*,#1779,.T.);
#2320=ORIENTED_EDGE('',*,*,#1775,.F.);
#2321=ORIENTED_EDGE('',*,*,#1780,.F.);
#2322=ORIENTED_EDGE('',*,*,#1781,.T.);
#2323=ORIENTED_EDGE('',*,*,#1782,.T.);
#2324=ORIENTED_EDGE('',*,*,#1778,.F.);
#2325=ORIENTED_EDGE('',*,*,#1783,.F.);
#2326=ORIENTED_EDGE('',*,*,#1784,.T.);
#2327=ORIENTED_EDGE('',*,*,#1785,.T.);
#2328=ORIENTED_EDGE('',*,*,#1781,.F.);
#2329=ORIENTED_EDGE('',*,*,#1786,.F.);
#2330=ORIENTED_EDGE('',*,*,#1787,.T.);
#2331=ORIENTED_EDGE('',*,*,#1788,.T.);
#2332=ORIENTED_EDGE('',*,*,#1784,.F.);
#2333=ORIENTED_EDGE('',*,*,#1789,.F.);
#2334=ORIENTED_EDGE('',*,*,#1790,.T.);
#2335=ORIENTED_EDGE('',*,*,#1791,.T.);
#2336=ORIENTED_EDGE('',*,*,#1787,.F.);
#2337=ORIENTED_EDGE('',*,*,#1792,.F.);
#2338=ORIENTED_EDGE('',*,*,#1793,.T.);
#2339=ORIENTED_EDGE('',*,*,#1794,.T.);
#2340=ORIENTED_EDGE('',*,*,#1790,.F.);
#2341=ORIENTED_EDGE('',*,*,#1795,.F.);
#2342=ORIENTED_EDGE('',*,*,#1796,.T.);
#2343=ORIENTED_EDGE('',*,*,#1797,.T.);
#2344=ORIENTED_EDGE('',*,*,#1793,.F.);
#2345=ORIENTED_EDGE('',*,*,#1798,.F.);
#2346=ORIENTED_EDGE('',*,*,#1799,.T.);
#2347=ORIENTED_EDGE('',*,*,#1800,.T.);
#2348=ORIENTED_EDGE('',*,*,#1796,.F.);
#2349=ORIENTED_EDGE('',*,*,#1801,.F.);
#2350=ORIENTED_EDGE('',*,*,#1802,.T.);
#2351=ORIENTED_EDGE('',*,*,#1803,.T.);
#2352=ORIENTED_EDGE('',*,*,#1799,.F.);
#2353=ORIENTED_EDGE('',*,*,#1804,.F.);
#2354=ORIENTED_EDGE('',*,*,#1805,.T.);
#2355=ORIENTED_EDGE('',*,*,#1806,.T.);
#2356=ORIENTED_EDGE('',*,*,#1802,.F.);
#2357=ORIENTED_EDGE('',*,*,#1807,.F.);
#2358=ORIENTED_EDGE('',*,*,#1808,.T.);
#2359=ORIENTED_EDGE('',*,*,#1809,.T.);
#2360=ORIENTED_EDGE('',*,*,#1805,.F.);
#2361=ORIENTED_EDGE('',*,*,#1810,.F.);
#2362=ORIENTED_EDGE('',*,*,#1811,.T.);
#2363=ORIENTED_EDGE('',*,*,#1812,.T.);
#2364=ORIENTED_EDGE('',*,*,#1808,.F.);
#2365=ORIENTED_EDGE('',*,*,#1813,.F.);
#2366=ORIENTED_EDGE('',*,*,#1814,.T.);
#2367=ORIENTED_EDGE('',*,*,#1815,.T.);
#2368=ORIENTED_EDGE('',*,*,#1811,.F.);
#2369=ORIENTED_EDGE('',*,*,#1816,.F.);
#2370=ORIENTED_EDGE('',*,*,#1817,.T.);
#2371=ORIENTED_EDGE('',*,*,#1818,.T.);
#2372=ORIENTED_EDGE('',*,*,#1814,.F.);
#2373=ORIENTED_EDGE('',*,*,#1819,.F.);
#2374=ORIENTED_EDGE('',*,*,#1820,.T.);
#2375=ORIENTED_EDGE('',*,*,#1821,.T.);
#2376=ORIENTED_EDGE('',*,*,#1817,.F.);
#2377=ORIENTED_EDGE('',*,*,#1822,.F.);
#2378=ORIENTED_EDGE('',*,*,#1823,.T.);
#2379=ORIENTED_EDGE('',*,*,#1824,.T.);
#2380=ORIENTED_EDGE('',*,*,#1820,.F.);
#2381=ORIENTED_EDGE('',*,*,#1825,.F.);
#2382=ORIENTED_EDGE('',*,*,#1826,.T.);
#2383=ORIENTED_EDGE('',*,*,#1827,.T.);
#2384=ORIENTED_EDGE('',*,*,#1823,.F.);
#2385=ORIENTED_EDGE('',*,*,#1828,.F.);
#2386=ORIENTED_EDGE('',*,*,#1829,.T.);
#2387=ORIENTED_EDGE('',*,*,#1830,.T.);
#2388=ORIENTED_EDGE('',*,*,#1826,.F.);
#2389=ORIENTED_EDGE('',*,*,#1831,.F.);
#2390=ORIENTED_EDGE('',*,*,#1832,.T.);
#2391=ORIENTED_EDGE('',*,*,#1833,.T.);
#2392=ORIENTED_EDGE('',*,*,#1829,.F.);
#2393=ORIENTED_EDGE('',*,*,#1834,.F.);
#2394=ORIENTED_EDGE('',*,*,#1835,.T.);
#2395=ORIENTED_EDGE('',*,*,#1836,.T.);
#2396=ORIENTED_EDGE('',*,*,#1832,.F.);
#2397=ORIENTED_EDGE('',*,*,#1837,.F.);
#2398=ORIENTED_EDGE('',*,*,#1838,.T.);
#2399=ORIENTED_EDGE('',*,*,#1839,.T.);
#2400=ORIENTED_EDGE('',*,*,#1835,.F.);
#2401=ORIENTED_EDGE('',*,*,#1840,.F.);
#2402=ORIENTED_EDGE('',*,*,#1841,.T.);
#2403=ORIENTED_EDGE('',*,*,#1842,.T.);
#2404=ORIENTED_EDGE('',*,*,#1838,.F.);
#2405=ORIENTED_EDGE('',*,*,#1843,.F.);
#2406=ORIENTED_EDGE('',*,*,#1844,.T.);
#2407=ORIENTED_EDGE('',*,*,#1845,.T.);
#2408=ORIENTED_EDGE('',*,*,#1841,.F.);
#2409=ORIENTED_EDGE('',*,*,#1846,.F.);
#2410=ORIENTED_EDGE('',*,*,#1847,.T.);
#2411=ORIENTED_EDGE('',*,*,#1848,.T.);
#2412=ORIENTED_EDGE('',*,*,#1847,.F.);
#2413=ORIENTED_EDGE('',*,*,#1849,.F.);
#2414=ORIENTED_EDGE('',*,*,#1850,.T.);
#2415=ORIENTED_EDGE('',*,*,#1851,.T.);
#2416=ORIENTED_EDGE('',*,*,#1844,.F.);
#2417=ORIENTED_EDGE('',*,*,#1852,.F.);
#2418=ORIENTED_EDGE('',*,*,#1853,.T.);
#2419=ORIENTED_EDGE('',*,*,#1854,.T.);
#2420=ORIENTED_EDGE('',*,*,#1850,.F.);
#2421=ORIENTED_EDGE('',*,*,#1855,.F.);
#2422=ORIENTED_EDGE('',*,*,#1856,.T.);
#2423=ORIENTED_EDGE('',*,*,#1857,.T.);
#2424=ORIENTED_EDGE('',*,*,#1853,.F.);
#2425=ORIENTED_EDGE('',*,*,#1858,.F.);
#2426=ORIENTED_EDGE('',*,*,#1752,.T.);
#2427=ORIENTED_EDGE('',*,*,#1859,.T.);
#2428=ORIENTED_EDGE('',*,*,#1856,.F.);
#2429=ORIENTED_EDGE('',*,*,#1859,.F.);
#2430=ORIENTED_EDGE('',*,*,#1751,.F.);
#2431=ORIENTED_EDGE('',*,*,#1755,.F.);
#2432=ORIENTED_EDGE('',*,*,#1758,.F.);
#2433=ORIENTED_EDGE('',*,*,#1761,.F.);
#2434=ORIENTED_EDGE('',*,*,#1764,.F.);
#2435=ORIENTED_EDGE('',*,*,#1767,.F.);
#2436=ORIENTED_EDGE('',*,*,#1770,.F.);
#2437=ORIENTED_EDGE('',*,*,#1773,.F.);
#2438=ORIENTED_EDGE('',*,*,#1776,.F.);
#2439=ORIENTED_EDGE('',*,*,#1779,.F.);
#2440=ORIENTED_EDGE('',*,*,#1782,.F.);
#2441=ORIENTED_EDGE('',*,*,#1785,.F.);
#2442=ORIENTED_EDGE('',*,*,#1788,.F.);
#2443=ORIENTED_EDGE('',*,*,#1791,.F.);
#2444=ORIENTED_EDGE('',*,*,#1794,.F.);
#2445=ORIENTED_EDGE('',*,*,#1797,.F.);
#2446=ORIENTED_EDGE('',*,*,#1800,.F.);
#2447=ORIENTED_EDGE('',*,*,#1803,.F.);
#2448=ORIENTED_EDGE('',*,*,#1806,.F.);
#2449=ORIENTED_EDGE('',*,*,#1809,.F.);
#2450=ORIENTED_EDGE('',*,*,#1812,.F.);
#2451=ORIENTED_EDGE('',*,*,#1815,.F.);
#2452=ORIENTED_EDGE('',*,*,#1818,.F.);
#2453=ORIENTED_EDGE('',*,*,#1821,.F.);
#2454=ORIENTED_EDGE('',*,*,#1824,.F.);
#2455=ORIENTED_EDGE('',*,*,#1827,.F.);
#2456=ORIENTED_EDGE('',*,*,#1830,.F.);
#2457=ORIENTED_EDGE('',*,*,#1833,.F.);
#2458=ORIENTED_EDGE('',*,*,#1836,.F.);
#2459=ORIENTED_EDGE('',*,*,#1839,.F.);
#2460=ORIENTED_EDGE('',*,*,#1842,.F.);
#2461=ORIENTED_EDGE('',*,*,#1845,.F.);
#2462=ORIENTED_EDGE('',*,*,#1848,.F.);
#2463=ORIENTED_EDGE('',*,*,#1851,.F.);
#2464=ORIENTED_EDGE('',*,*,#1854,.F.);
#2465=ORIENTED_EDGE('',*,*,#1857,.F.);
#2466=ORIENTED_EDGE('',*,*,#1748,.F.);
#2467=ORIENTED_EDGE('',*,*,#1715,.F.);
#2468=ORIENTED_EDGE('',*,*,#1719,.F.);
#2469=ORIENTED_EDGE('',*,*,#1722,.F.);
#2470=ORIENTED_EDGE('',*,*,#1725,.F.);
#2471=ORIENTED_EDGE('',*,*,#1728,.F.);
#2472=ORIENTED_EDGE('',*,*,#1731,.F.);
#2473=ORIENTED_EDGE('',*,*,#1734,.F.);
#2474=ORIENTED_EDGE('',*,*,#1737,.F.);
#2475=ORIENTED_EDGE('',*,*,#1740,.F.);
#2476=ORIENTED_EDGE('',*,*,#1743,.F.);
#2477=ORIENTED_EDGE('',*,*,#1746,.F.);
#2478=ORIENTED_EDGE('',*,*,#1846,.T.);
#2479=ORIENTED_EDGE('',*,*,#1860,.F.);
#2480=ORIENTED_EDGE('',*,*,#1861,.F.);
#2481=ORIENTED_EDGE('',*,*,#1862,.F.);
#2482=ORIENTED_EDGE('',*,*,#1863,.F.);
#2483=ORIENTED_EDGE('',*,*,#1864,.F.);
#2484=ORIENTED_EDGE('',*,*,#1865,.F.);
#2485=ORIENTED_EDGE('',*,*,#1866,.F.);
#2486=ORIENTED_EDGE('',*,*,#1867,.F.);
#2487=ORIENTED_EDGE('',*,*,#1868,.F.);
#2488=ORIENTED_EDGE('',*,*,#1869,.F.);
#2489=ORIENTED_EDGE('',*,*,#1870,.F.);
#2490=ORIENTED_EDGE('',*,*,#1871,.F.);
#2491=ORIENTED_EDGE('',*,*,#1872,.F.);
#2492=ORIENTED_EDGE('',*,*,#1873,.F.);
#2493=ORIENTED_EDGE('',*,*,#1874,.F.);
#2494=ORIENTED_EDGE('',*,*,#1875,.F.);
#2495=ORIENTED_EDGE('',*,*,#1876,.F.);
#2496=ORIENTED_EDGE('',*,*,#1877,.F.);
#2497=ORIENTED_EDGE('',*,*,#1878,.F.);
#2498=ORIENTED_EDGE('',*,*,#1879,.F.);
#2499=ORIENTED_EDGE('',*,*,#1880,.F.);
#2500=ORIENTED_EDGE('',*,*,#1881,.F.);
#2501=ORIENTED_EDGE('',*,*,#1882,.F.);
#2502=ORIENTED_EDGE('',*,*,#1883,.F.);
#2503=ORIENTED_EDGE('',*,*,#1884,.F.);
#2504=ORIENTED_EDGE('',*,*,#1885,.F.);
#2505=ORIENTED_EDGE('',*,*,#1886,.F.);
#2506=ORIENTED_EDGE('',*,*,#1887,.F.);
#2507=ORIENTED_EDGE('',*,*,#1749,.T.);
#2508=ORIENTED_EDGE('',*,*,#1858,.T.);
#2509=ORIENTED_EDGE('',*,*,#1855,.T.);
#2510=ORIENTED_EDGE('',*,*,#1852,.T.);
#2511=ORIENTED_EDGE('',*,*,#1849,.T.);
#2512=ORIENTED_EDGE('',*,*,#1843,.T.);
#2513=ORIENTED_EDGE('',*,*,#1840,.T.);
#2514=ORIENTED_EDGE('',*,*,#1837,.T.);
#2515=ORIENTED_EDGE('',*,*,#1834,.T.);
#2516=ORIENTED_EDGE('',*,*,#1831,.T.);
#2517=ORIENTED_EDGE('',*,*,#1828,.T.);
#2518=ORIENTED_EDGE('',*,*,#1825,.T.);
#2519=ORIENTED_EDGE('',*,*,#1822,.T.);
#2520=ORIENTED_EDGE('',*,*,#1819,.T.);
#2521=ORIENTED_EDGE('',*,*,#1816,.T.);
#2522=ORIENTED_EDGE('',*,*,#1813,.T.);
#2523=ORIENTED_EDGE('',*,*,#1810,.T.);
#2524=ORIENTED_EDGE('',*,*,#1807,.T.);
#2525=ORIENTED_EDGE('',*,*,#1804,.T.);
#2526=ORIENTED_EDGE('',*,*,#1801,.T.);
#2527=ORIENTED_EDGE('',*,*,#1798,.T.);
#2528=ORIENTED_EDGE('',*,*,#1795,.T.);
#2529=ORIENTED_EDGE('',*,*,#1792,.T.);
#2530=ORIENTED_EDGE('',*,*,#1789,.T.);
#2531=ORIENTED_EDGE('',*,*,#1786,.T.);
#2532=ORIENTED_EDGE('',*,*,#1783,.T.);
#2533=ORIENTED_EDGE('',*,*,#1780,.T.);
#2534=ORIENTED_EDGE('',*,*,#1777,.T.);
#2535=ORIENTED_EDGE('',*,*,#1774,.T.);
#2536=ORIENTED_EDGE('',*,*,#1771,.T.);
#2537=ORIENTED_EDGE('',*,*,#1768,.T.);
#2538=ORIENTED_EDGE('',*,*,#1765,.T.);
#2539=ORIENTED_EDGE('',*,*,#1762,.T.);
#2540=ORIENTED_EDGE('',*,*,#1759,.T.);
#2541=ORIENTED_EDGE('',*,*,#1756,.T.);
#2542=ORIENTED_EDGE('',*,*,#1753,.T.);
#2543=ORIENTED_EDGE('',*,*,#1888,.F.);
#2544=ORIENTED_EDGE('',*,*,#1889,.T.);
#2545=ORIENTED_EDGE('',*,*,#1890,.F.);
#2546=ORIENTED_EDGE('',*,*,#1889,.F.);
#2547=ORIENTED_EDGE('',*,*,#1891,.T.);
#2548=ORIENTED_EDGE('',*,*,#1892,.T.);
#2549=ORIENTED_EDGE('',*,*,#1890,.T.);
#2550=ORIENTED_EDGE('',*,*,#1892,.F.);
#2551=ORIENTED_EDGE('',*,*,#1891,.F.);
#2552=ORIENTED_EDGE('',*,*,#1893,.T.);
#2553=ORIENTED_EDGE('',*,*,#1894,.F.);
#2554=ORIENTED_EDGE('',*,*,#1893,.F.);
#2555=ORIENTED_EDGE('',*,*,#1895,.F.);
#2556=ORIENTED_EDGE('',*,*,#1896,.T.);
#2557=ORIENTED_EDGE('',*,*,#1897,.T.);
#2558=ORIENTED_EDGE('',*,*,#1898,.T.);
#2559=ORIENTED_EDGE('',*,*,#1899,.T.);
#2560=ORIENTED_EDGE('',*,*,#1897,.F.);
#2561=ORIENTED_EDGE('',*,*,#1900,.T.);
#2562=ORIENTED_EDGE('',*,*,#1901,.F.);
#2563=ORIENTED_EDGE('',*,*,#1902,.T.);
#2564=ORIENTED_EDGE('',*,*,#1902,.F.);
#2565=ORIENTED_EDGE('',*,*,#1903,.T.);
#2566=ORIENTED_EDGE('',*,*,#1904,.T.);
#2567=ORIENTED_EDGE('',*,*,#1905,.T.);
#2568=ORIENTED_EDGE('',*,*,#1906,.F.);
#2569=ORIENTED_EDGE('',*,*,#1907,.T.);
#2570=ORIENTED_EDGE('',*,*,#1898,.F.);
#2571=ORIENTED_EDGE('',*,*,#1899,.F.);
#2572=ORIENTED_EDGE('',*,*,#1907,.F.);
#2573=ORIENTED_EDGE('',*,*,#1908,.T.);
#2574=ORIENTED_EDGE('',*,*,#1909,.F.);
#2575=ORIENTED_EDGE('',*,*,#1910,.T.);
#2576=ORIENTED_EDGE('',*,*,#1911,.F.);
#2577=ORIENTED_EDGE('',*,*,#1912,.T.);
#2578=ORIENTED_EDGE('',*,*,#1913,.F.);
#2579=ORIENTED_EDGE('',*,*,#1912,.F.);
#2580=ORIENTED_EDGE('',*,*,#1914,.F.);
#2581=ORIENTED_EDGE('',*,*,#1913,.T.);
#2582=ORIENTED_EDGE('',*,*,#1894,.T.);
#2583=ORIENTED_EDGE('',*,*,#1906,.T.);
#2584=ORIENTED_EDGE('',*,*,#1915,.T.);
#2585=ORIENTED_EDGE('',*,*,#1878,.T.);
#2586=ORIENTED_EDGE('',*,*,#1915,.F.);
#2587=ORIENTED_EDGE('',*,*,#1713,.T.);
#2588=ORIENTED_EDGE('',*,*,#1747,.T.);
#2589=ORIENTED_EDGE('',*,*,#1744,.T.);
#2590=ORIENTED_EDGE('',*,*,#1741,.T.);
#2591=ORIENTED_EDGE('',*,*,#1738,.T.);
#2592=ORIENTED_EDGE('',*,*,#1735,.T.);
#2593=ORIENTED_EDGE('',*,*,#1732,.T.);
#2594=ORIENTED_EDGE('',*,*,#1729,.T.);
#2595=ORIENTED_EDGE('',*,*,#1726,.T.);
#2596=ORIENTED_EDGE('',*,*,#1723,.T.);
#2597=ORIENTED_EDGE('',*,*,#1720,.T.);
#2598=ORIENTED_EDGE('',*,*,#1717,.T.);
#2599=ORIENTED_EDGE('',*,*,#1916,.T.);
#2600=ORIENTED_EDGE('',*,*,#1917,.T.);
#2601=ORIENTED_EDGE('',*,*,#1918,.T.);
#2602=ORIENTED_EDGE('',*,*,#1884,.T.);
#2603=ORIENTED_EDGE('',*,*,#1919,.T.);
#2604=ORIENTED_EDGE('',*,*,#1920,.T.);
#2605=ORIENTED_EDGE('',*,*,#1916,.F.);
#2606=ORIENTED_EDGE('',*,*,#1887,.T.);
#2607=ORIENTED_EDGE('',*,*,#1921,.T.);
#2608=ORIENTED_EDGE('',*,*,#1922,.T.);
#2609=ORIENTED_EDGE('',*,*,#1919,.F.);
#2610=ORIENTED_EDGE('',*,*,#1886,.T.);
#2611=ORIENTED_EDGE('',*,*,#1918,.F.);
#2612=ORIENTED_EDGE('',*,*,#1923,.T.);
#2613=ORIENTED_EDGE('',*,*,#1921,.F.);
#2614=ORIENTED_EDGE('',*,*,#1885,.T.);
#2615=ORIENTED_EDGE('',*,*,#1923,.F.);
#2616=ORIENTED_EDGE('',*,*,#1924,.F.);
#2617=ORIENTED_EDGE('',*,*,#1925,.F.);
#2618=ORIENTED_EDGE('',*,*,#1926,.F.);
#2619=ORIENTED_EDGE('',*,*,#1917,.F.);
#2620=ORIENTED_EDGE('',*,*,#1927,.T.);
#2621=ORIENTED_EDGE('',*,*,#1928,.T.);
#2622=ORIENTED_EDGE('',*,*,#1924,.T.);
#2623=ORIENTED_EDGE('',*,*,#1929,.T.);
#2624=ORIENTED_EDGE('',*,*,#1930,.T.);
#2625=ORIENTED_EDGE('',*,*,#1931,.T.);
#2626=ORIENTED_EDGE('',*,*,#1879,.T.);
#2627=ORIENTED_EDGE('',*,*,#1932,.T.);
#2628=ORIENTED_EDGE('',*,*,#1933,.T.);
#2629=ORIENTED_EDGE('',*,*,#1929,.F.);
#2630=ORIENTED_EDGE('',*,*,#1882,.T.);
#2631=ORIENTED_EDGE('',*,*,#1934,.T.);
#2632=ORIENTED_EDGE('',*,*,#1935,.T.);
#2633=ORIENTED_EDGE('',*,*,#1932,.F.);
#2634=ORIENTED_EDGE('',*,*,#1881,.T.);
#2635=ORIENTED_EDGE('',*,*,#1931,.F.);
#2636=ORIENTED_EDGE('',*,*,#1936,.T.);
#2637=ORIENTED_EDGE('',*,*,#1934,.F.);
#2638=ORIENTED_EDGE('',*,*,#1880,.T.);
#2639=ORIENTED_EDGE('',*,*,#1936,.F.);
#2640=ORIENTED_EDGE('',*,*,#1937,.F.);
#2641=ORIENTED_EDGE('',*,*,#1938,.F.);
#2642=ORIENTED_EDGE('',*,*,#1939,.F.);
#2643=ORIENTED_EDGE('',*,*,#1930,.F.);
#2644=ORIENTED_EDGE('',*,*,#1940,.T.);
#2645=ORIENTED_EDGE('',*,*,#1941,.T.);
#2646=ORIENTED_EDGE('',*,*,#1937,.T.);
#2647=ORIENTED_EDGE('',*,*,#1860,.T.);
#2648=ORIENTED_EDGE('',*,*,#1942,.T.);
#2649=ORIENTED_EDGE('',*,*,#1943,.T.);
#2650=ORIENTED_EDGE('',*,*,#1944,.T.);
#2651=ORIENTED_EDGE('',*,*,#1877,.T.);
#2652=ORIENTED_EDGE('',*,*,#1945,.T.);
#2653=ORIENTED_EDGE('',*,*,#1946,.T.);
#2654=ORIENTED_EDGE('',*,*,#1942,.F.);
#2655=ORIENTED_EDGE('',*,*,#1947,.T.);
#2656=ORIENTED_EDGE('',*,*,#1948,.T.);
#2657=ORIENTED_EDGE('',*,*,#1945,.F.);
#2658=ORIENTED_EDGE('',*,*,#1876,.T.);
#2659=ORIENTED_EDGE('',*,*,#1949,.T.);
#2660=ORIENTED_EDGE('',*,*,#1950,.T.);
#2661=ORIENTED_EDGE('',*,*,#1947,.F.);
#2662=ORIENTED_EDGE('',*,*,#1875,.T.);
#2663=ORIENTED_EDGE('',*,*,#1951,.T.);
#2664=ORIENTED_EDGE('',*,*,#1952,.T.);
#2665=ORIENTED_EDGE('',*,*,#1949,.F.);
#2666=ORIENTED_EDGE('',*,*,#1874,.T.);
#2667=ORIENTED_EDGE('',*,*,#1953,.T.);
#2668=ORIENTED_EDGE('',*,*,#1954,.T.);
#2669=ORIENTED_EDGE('',*,*,#1951,.F.);
#2670=ORIENTED_EDGE('',*,*,#1873,.T.);
#2671=ORIENTED_EDGE('',*,*,#1955,.T.);
#2672=ORIENTED_EDGE('',*,*,#1956,.T.);
#2673=ORIENTED_EDGE('',*,*,#1953,.F.);
#2674=ORIENTED_EDGE('',*,*,#1872,.T.);
#2675=ORIENTED_EDGE('',*,*,#1957,.T.);
#2676=ORIENTED_EDGE('',*,*,#1958,.T.);
#2677=ORIENTED_EDGE('',*,*,#1955,.F.);
#2678=ORIENTED_EDGE('',*,*,#1871,.T.);
#2679=ORIENTED_EDGE('',*,*,#1959,.T.);
#2680=ORIENTED_EDGE('',*,*,#1960,.T.);
#2681=ORIENTED_EDGE('',*,*,#1957,.F.);
#2682=ORIENTED_EDGE('',*,*,#1870,.T.);
#2683=ORIENTED_EDGE('',*,*,#1961,.T.);
#2684=ORIENTED_EDGE('',*,*,#1962,.T.);
#2685=ORIENTED_EDGE('',*,*,#1959,.F.);
#2686=ORIENTED_EDGE('',*,*,#1869,.T.);
#2687=ORIENTED_EDGE('',*,*,#1963,.T.);
#2688=ORIENTED_EDGE('',*,*,#1964,.T.);
#2689=ORIENTED_EDGE('',*,*,#1961,.F.);
#2690=ORIENTED_EDGE('',*,*,#1868,.T.);
#2691=ORIENTED_EDGE('',*,*,#1965,.T.);
#2692=ORIENTED_EDGE('',*,*,#1966,.T.);
#2693=ORIENTED_EDGE('',*,*,#1963,.F.);
#2694=ORIENTED_EDGE('',*,*,#1867,.T.);
#2695=ORIENTED_EDGE('',*,*,#1967,.T.);
#2696=ORIENTED_EDGE('',*,*,#1968,.T.);
#2697=ORIENTED_EDGE('',*,*,#1965,.F.);
#2698=ORIENTED_EDGE('',*,*,#1866,.T.);
#2699=ORIENTED_EDGE('',*,*,#1969,.T.);
#2700=ORIENTED_EDGE('',*,*,#1970,.T.);
#2701=ORIENTED_EDGE('',*,*,#1967,.F.);
#2702=ORIENTED_EDGE('',*,*,#1865,.T.);
#2703=ORIENTED_EDGE('',*,*,#1971,.T.);
#2704=ORIENTED_EDGE('',*,*,#1972,.T.);
#2705=ORIENTED_EDGE('',*,*,#1969,.F.);
#2706=ORIENTED_EDGE('',*,*,#1864,.T.);
#2707=ORIENTED_EDGE('',*,*,#1973,.T.);
#2708=ORIENTED_EDGE('',*,*,#1974,.T.);
#2709=ORIENTED_EDGE('',*,*,#1971,.F.);
#2710=ORIENTED_EDGE('',*,*,#1863,.T.);
#2711=ORIENTED_EDGE('',*,*,#1975,.T.);
#2712=ORIENTED_EDGE('',*,*,#1976,.T.);
#2713=ORIENTED_EDGE('',*,*,#1973,.F.);
#2714=ORIENTED_EDGE('',*,*,#1862,.T.);
#2715=ORIENTED_EDGE('',*,*,#1977,.T.);
#2716=ORIENTED_EDGE('',*,*,#1975,.F.);
#2717=ORIENTED_EDGE('',*,*,#1861,.T.);
#2718=ORIENTED_EDGE('',*,*,#1944,.F.);
#2719=ORIENTED_EDGE('',*,*,#1964,.F.);
#2720=ORIENTED_EDGE('',*,*,#1978,.T.);
#2721=ORIENTED_EDGE('',*,*,#1979,.T.);
#2722=ORIENTED_EDGE('',*,*,#1980,.T.);
#2723=ORIENTED_EDGE('',*,*,#1966,.F.);
#2724=ORIENTED_EDGE('',*,*,#1981,.F.);
#2725=ORIENTED_EDGE('',*,*,#1982,.F.);
#2726=ORIENTED_EDGE('',*,*,#1983,.F.);
#2727=ORIENTED_EDGE('',*,*,#1984,.F.);
#2728=ORIENTED_EDGE('',*,*,#1978,.F.);
#2729=ORIENTED_EDGE('',*,*,#1968,.F.);
#2730=ORIENTED_EDGE('',*,*,#1985,.F.);
#2731=ORIENTED_EDGE('',*,*,#1986,.T.);
#2732=ORIENTED_EDGE('',*,*,#1981,.T.);
#2733=ORIENTED_EDGE('',*,*,#1970,.F.);
#2734=ORIENTED_EDGE('',*,*,#1987,.F.);
#2735=ORIENTED_EDGE('',*,*,#1988,.T.);
#2736=ORIENTED_EDGE('',*,*,#1985,.T.);
#2737=ORIENTED_EDGE('',*,*,#1972,.F.);
#2738=ORIENTED_EDGE('',*,*,#1989,.F.);
#2739=ORIENTED_EDGE('',*,*,#1990,.T.);
#2740=ORIENTED_EDGE('',*,*,#1987,.T.);
#2741=ORIENTED_EDGE('',*,*,#1974,.F.);
#2742=ORIENTED_EDGE('',*,*,#1991,.F.);
#2743=ORIENTED_EDGE('',*,*,#1992,.T.);
#2744=ORIENTED_EDGE('',*,*,#1989,.T.);
#2745=ORIENTED_EDGE('',*,*,#1976,.F.);
#2746=ORIENTED_EDGE('',*,*,#1993,.F.);
#2747=ORIENTED_EDGE('',*,*,#1994,.T.);
#2748=ORIENTED_EDGE('',*,*,#1995,.F.);
#2749=ORIENTED_EDGE('',*,*,#1991,.T.);
#2750=ORIENTED_EDGE('',*,*,#1977,.F.);
#2751=ORIENTED_EDGE('',*,*,#1996,.F.);
#2752=ORIENTED_EDGE('',*,*,#1997,.T.);
#2753=ORIENTED_EDGE('',*,*,#1993,.T.);
#2754=ORIENTED_EDGE('',*,*,#1943,.F.);
#2755=ORIENTED_EDGE('',*,*,#1998,.F.);
#2756=ORIENTED_EDGE('',*,*,#1999,.T.);
#2757=ORIENTED_EDGE('',*,*,#2000,.T.);
#2758=ORIENTED_EDGE('',*,*,#2001,.F.);
#2759=ORIENTED_EDGE('',*,*,#2002,.T.);
#2760=ORIENTED_EDGE('',*,*,#2003,.T.);
#2761=ORIENTED_EDGE('',*,*,#1996,.T.);
#2762=ORIENTED_EDGE('',*,*,#1883,.T.);
#2763=ORIENTED_EDGE('',*,*,#2004,.T.);
#2764=ORIENTED_EDGE('',*,*,#2005,.T.);
#2765=ORIENTED_EDGE('',*,*,#2004,.F.);
#2766=ORIENTED_EDGE('',*,*,#2006,.T.);
#2767=ORIENTED_EDGE('',*,*,#2007,.T.);
#2768=ORIENTED_EDGE('',*,*,#2005,.F.);
#2769=ORIENTED_EDGE('',*,*,#2007,.F.);
#2770=ORIENTED_EDGE('',*,*,#2008,.T.);
#2771=ORIENTED_EDGE('',*,*,#2009,.T.);
#2772=ORIENTED_EDGE('',*,*,#2010,.T.);
#2773=ORIENTED_EDGE('',*,*,#2009,.F.);
#2774=ORIENTED_EDGE('',*,*,#2010,.F.);
#2775=ORIENTED_EDGE('',*,*,#2011,.T.);
#2776=ORIENTED_EDGE('',*,*,#2012,.T.);
#2777=ORIENTED_EDGE('',*,*,#2011,.F.);
#2778=ORIENTED_EDGE('',*,*,#2013,.F.);
#2779=ORIENTED_EDGE('',*,*,#2008,.F.);
#2780=ORIENTED_EDGE('',*,*,#2012,.F.);
#2781=ORIENTED_EDGE('',*,*,#2006,.F.);
#2782=ORIENTED_EDGE('',*,*,#2014,.F.);
#2783=ORIENTED_EDGE('',*,*,#2015,.T.);
#2784=ORIENTED_EDGE('',*,*,#2013,.T.);
#2785=ORIENTED_EDGE('',*,*,#2015,.F.);
#2786=ORIENTED_EDGE('',*,*,#2016,.T.);
#2787=ORIENTED_EDGE('',*,*,#2001,.T.);
#2788=ORIENTED_EDGE('',*,*,#2017,.T.);
#2789=ORIENTED_EDGE('',*,*,#2018,.T.);
#2790=ORIENTED_EDGE('',*,*,#2019,.T.);
#2791=ORIENTED_EDGE('',*,*,#1909,.T.);
#2792=ORIENTED_EDGE('',*,*,#2020,.T.);
#2793=ORIENTED_EDGE('',*,*,#2021,.T.);
#2794=ORIENTED_EDGE('',*,*,#2022,.F.);
#2795=ORIENTED_EDGE('',*,*,#2023,.F.);
#2796=ORIENTED_EDGE('',*,*,#2024,.F.);
#2797=ORIENTED_EDGE('',*,*,#2025,.F.);
#2798=ORIENTED_EDGE('',*,*,#1888,.T.);
#2799=ORIENTED_EDGE('',*,*,#2014,.T.);
#2800=ORIENTED_EDGE('',*,*,#2025,.T.);
#2801=ORIENTED_EDGE('',*,*,#2026,.T.);
#2802=ORIENTED_EDGE('',*,*,#2027,.T.);
#2803=ORIENTED_EDGE('',*,*,#2028,.F.);
#2804=ORIENTED_EDGE('',*,*,#2029,.T.);
#2805=ORIENTED_EDGE('',*,*,#2024,.T.);
#2806=ORIENTED_EDGE('',*,*,#2030,.F.);
#2807=ORIENTED_EDGE('',*,*,#2031,.T.);
#2808=ORIENTED_EDGE('',*,*,#2032,.T.);
#2809=ORIENTED_EDGE('',*,*,#2033,.T.);
#2810=ORIENTED_EDGE('',*,*,#2026,.F.);
#2811=ORIENTED_EDGE('',*,*,#2023,.T.);
#2812=ORIENTED_EDGE('',*,*,#2034,.T.);
#2813=ORIENTED_EDGE('',*,*,#2035,.F.);
#2814=ORIENTED_EDGE('',*,*,#1995,.T.);
#2815=ORIENTED_EDGE('',*,*,#2030,.T.);
#2816=ORIENTED_EDGE('',*,*,#2022,.T.);
#2817=ORIENTED_EDGE('',*,*,#2029,.F.);
#2818=ORIENTED_EDGE('',*,*,#2036,.F.);
#2819=ORIENTED_EDGE('',*,*,#2037,.T.);
#2820=ORIENTED_EDGE('',*,*,#2038,.F.);
#2821=ORIENTED_EDGE('',*,*,#2039,.F.);
#2822=ORIENTED_EDGE('',*,*,#2040,.T.);
#2823=ORIENTED_EDGE('',*,*,#2041,.F.);
#2824=ORIENTED_EDGE('',*,*,#1904,.F.);
#2825=ORIENTED_EDGE('',*,*,#2042,.F.);
#2826=ORIENTED_EDGE('',*,*,#2043,.T.);
#2827=ORIENTED_EDGE('',*,*,#2044,.F.);
#2828=ORIENTED_EDGE('',*,*,#2045,.F.);
#2829=ORIENTED_EDGE('',*,*,#1983,.T.);
#2830=ORIENTED_EDGE('',*,*,#2046,.F.);
#2831=ORIENTED_EDGE('',*,*,#2034,.F.);
#2832=ORIENTED_EDGE('',*,*,#1914,.T.);
#2833=ORIENTED_EDGE('',*,*,#1911,.T.);
#2834=ORIENTED_EDGE('',*,*,#2047,.F.);
#2835=ORIENTED_EDGE('',*,*,#2048,.T.);
#2836=ORIENTED_EDGE('',*,*,#2032,.F.);
#2837=ORIENTED_EDGE('',*,*,#2049,.T.);
#2838=ORIENTED_EDGE('',*,*,#2050,.F.);
#2839=ORIENTED_EDGE('',*,*,#1922,.F.);
#2840=ORIENTED_EDGE('',*,*,#1926,.T.);
#2841=ORIENTED_EDGE('',*,*,#2051,.T.);
#2842=ORIENTED_EDGE('',*,*,#2052,.T.);
#2843=ORIENTED_EDGE('',*,*,#1920,.F.);
#2844=ORIENTED_EDGE('',*,*,#2052,.F.);
#2845=ORIENTED_EDGE('',*,*,#2053,.F.);
#2846=ORIENTED_EDGE('',*,*,#1927,.F.);
#2847=ORIENTED_EDGE('',*,*,#1935,.F.);
#2848=ORIENTED_EDGE('',*,*,#1939,.T.);
#2849=ORIENTED_EDGE('',*,*,#2054,.T.);
#2850=ORIENTED_EDGE('',*,*,#2055,.T.);
#2851=ORIENTED_EDGE('',*,*,#1933,.F.);
#2852=ORIENTED_EDGE('',*,*,#2055,.F.);
#2853=ORIENTED_EDGE('',*,*,#2056,.F.);
#2854=ORIENTED_EDGE('',*,*,#1940,.F.);
#2855=ORIENTED_EDGE('',*,*,#1950,.F.);
#2856=ORIENTED_EDGE('',*,*,#2057,.T.);
#2857=ORIENTED_EDGE('',*,*,#2058,.T.);
#2858=ORIENTED_EDGE('',*,*,#2059,.T.);
#2859=ORIENTED_EDGE('',*,*,#1948,.F.);
#2860=ORIENTED_EDGE('',*,*,#2059,.F.);
#2861=ORIENTED_EDGE('',*,*,#2027,.F.);
#2862=ORIENTED_EDGE('',*,*,#2060,.T.);
#2863=ORIENTED_EDGE('',*,*,#2061,.T.);
#2864=ORIENTED_EDGE('',*,*,#1946,.F.);
#2865=ORIENTED_EDGE('',*,*,#2061,.F.);
#2866=ORIENTED_EDGE('',*,*,#2062,.T.);
#2867=ORIENTED_EDGE('',*,*,#1998,.T.);
#2868=ORIENTED_EDGE('',*,*,#1962,.F.);
#2869=ORIENTED_EDGE('',*,*,#1980,.F.);
#2870=ORIENTED_EDGE('',*,*,#2063,.T.);
#2871=ORIENTED_EDGE('',*,*,#2064,.T.);
#2872=ORIENTED_EDGE('',*,*,#1960,.F.);
#2873=ORIENTED_EDGE('',*,*,#2064,.F.);
#2874=ORIENTED_EDGE('',*,*,#2065,.T.);
#2875=ORIENTED_EDGE('',*,*,#2066,.T.);
#2876=ORIENTED_EDGE('',*,*,#1958,.F.);
#2877=ORIENTED_EDGE('',*,*,#2066,.F.);
#2878=ORIENTED_EDGE('',*,*,#2067,.F.);
#2879=ORIENTED_EDGE('',*,*,#2037,.F.);
#2880=ORIENTED_EDGE('',*,*,#2068,.F.);
#2881=ORIENTED_EDGE('',*,*,#2069,.F.);
#2882=ORIENTED_EDGE('',*,*,#1956,.F.);
#2883=ORIENTED_EDGE('',*,*,#2069,.T.);
#2884=ORIENTED_EDGE('',*,*,#2070,.T.);
#2885=ORIENTED_EDGE('',*,*,#2071,.T.);
#2886=ORIENTED_EDGE('',*,*,#1954,.F.);
#2887=ORIENTED_EDGE('',*,*,#2071,.F.);
#2888=ORIENTED_EDGE('',*,*,#2072,.T.);
#2889=ORIENTED_EDGE('',*,*,#2073,.T.);
#2890=ORIENTED_EDGE('',*,*,#1952,.F.);
#2891=ORIENTED_EDGE('',*,*,#2073,.F.);
#2892=ORIENTED_EDGE('',*,*,#2074,.T.);
#2893=ORIENTED_EDGE('',*,*,#2057,.F.);
#2894=ORIENTED_EDGE('',*,*,#1982,.T.);
#2895=ORIENTED_EDGE('',*,*,#1986,.F.);
#2896=ORIENTED_EDGE('',*,*,#1988,.F.);
#2897=ORIENTED_EDGE('',*,*,#1990,.F.);
#2898=ORIENTED_EDGE('',*,*,#1992,.F.);
#2899=ORIENTED_EDGE('',*,*,#2035,.T.);
#2900=ORIENTED_EDGE('',*,*,#2046,.T.);
#2901=ORIENTED_EDGE('',*,*,#2053,.T.);
#2902=ORIENTED_EDGE('',*,*,#2051,.F.);
#2903=ORIENTED_EDGE('',*,*,#1925,.T.);
#2904=ORIENTED_EDGE('',*,*,#1928,.F.);
#2905=ORIENTED_EDGE('',*,*,#2036,.T.);
#2906=ORIENTED_EDGE('',*,*,#2028,.T.);
#2907=ORIENTED_EDGE('',*,*,#2058,.F.);
#2908=ORIENTED_EDGE('',*,*,#2074,.F.);
#2909=ORIENTED_EDGE('',*,*,#2072,.F.);
#2910=ORIENTED_EDGE('',*,*,#2070,.F.);
#2911=ORIENTED_EDGE('',*,*,#2068,.T.);
#2912=ORIENTED_EDGE('',*,*,#2056,.T.);
#2913=ORIENTED_EDGE('',*,*,#2054,.F.);
#2914=ORIENTED_EDGE('',*,*,#1938,.T.);
#2915=ORIENTED_EDGE('',*,*,#1941,.F.);
#2916=ORIENTED_EDGE('',*,*,#1999,.F.);
#2917=ORIENTED_EDGE('',*,*,#2062,.F.);
#2918=ORIENTED_EDGE('',*,*,#2060,.F.);
#2919=ORIENTED_EDGE('',*,*,#2033,.F.);
#2920=ORIENTED_EDGE('',*,*,#2048,.F.);
#2921=ORIENTED_EDGE('',*,*,#2075,.F.);
#2922=ORIENTED_EDGE('',*,*,#2049,.F.);
#2923=ORIENTED_EDGE('',*,*,#2031,.F.);
#2924=ORIENTED_EDGE('',*,*,#1994,.F.);
#2925=ORIENTED_EDGE('',*,*,#1997,.F.);
#2926=ORIENTED_EDGE('',*,*,#2003,.F.);
#2927=ORIENTED_EDGE('',*,*,#2076,.F.);
#2928=ORIENTED_EDGE('',*,*,#2002,.F.);
#2929=ORIENTED_EDGE('',*,*,#2016,.F.);
#2930=ORIENTED_EDGE('',*,*,#2077,.T.);
#2931=ORIENTED_EDGE('',*,*,#2020,.F.);
#2932=ORIENTED_EDGE('',*,*,#1908,.F.);
#2933=ORIENTED_EDGE('',*,*,#2050,.T.);
#2934=ORIENTED_EDGE('',*,*,#2076,.T.);
#2935=ORIENTED_EDGE('',*,*,#2078,.T.);
#2936=ORIENTED_EDGE('',*,*,#2017,.F.);
#2937=ORIENTED_EDGE('',*,*,#2000,.F.);
#2938=ORIENTED_EDGE('',*,*,#2075,.T.);
#2939=ORIENTED_EDGE('',*,*,#2047,.T.);
#2940=ORIENTED_EDGE('',*,*,#1910,.F.);
#2941=ORIENTED_EDGE('',*,*,#2019,.F.);
#2942=ORIENTED_EDGE('',*,*,#1896,.F.);
#2943=ORIENTED_EDGE('',*,*,#2079,.T.);
#2944=ORIENTED_EDGE('',*,*,#2080,.T.);
#2945=ORIENTED_EDGE('',*,*,#2081,.T.);
#2946=ORIENTED_EDGE('',*,*,#2038,.T.);
#2947=ORIENTED_EDGE('',*,*,#2067,.T.);
#2948=ORIENTED_EDGE('',*,*,#2065,.F.);
#2949=ORIENTED_EDGE('',*,*,#2063,.F.);
#2950=ORIENTED_EDGE('',*,*,#1979,.F.);
#2951=ORIENTED_EDGE('',*,*,#1984,.T.);
#2952=ORIENTED_EDGE('',*,*,#2045,.T.);
#2953=ORIENTED_EDGE('',*,*,#2082,.T.);
#2954=ORIENTED_EDGE('',*,*,#2083,.T.);
#2955=ORIENTED_EDGE('',*,*,#2084,.T.);
#2956=ORIENTED_EDGE('',*,*,#1900,.F.);
#2957=ORIENTED_EDGE('',*,*,#2018,.F.);
#2958=ORIENTED_EDGE('',*,*,#2078,.F.);
#2959=ORIENTED_EDGE('',*,*,#2021,.F.);
#2960=ORIENTED_EDGE('',*,*,#2077,.F.);
#2961=ORIENTED_EDGE('',*,*,#2085,.T.);
#2962=ORIENTED_EDGE('',*,*,#2086,.F.);
#2963=ORIENTED_EDGE('',*,*,#2083,.F.);
#2964=ORIENTED_EDGE('',*,*,#2087,.F.);
#2965=ORIENTED_EDGE('',*,*,#2082,.F.);
#2966=ORIENTED_EDGE('',*,*,#2044,.T.);
#2967=ORIENTED_EDGE('',*,*,#2088,.T.);
#2968=ORIENTED_EDGE('',*,*,#2087,.T.);
#2969=ORIENTED_EDGE('',*,*,#2089,.T.);
#2970=ORIENTED_EDGE('',*,*,#2039,.T.);
#2971=ORIENTED_EDGE('',*,*,#2081,.F.);
#2972=ORIENTED_EDGE('',*,*,#2090,.T.);
#2973=ORIENTED_EDGE('',*,*,#2090,.F.);
#2974=ORIENTED_EDGE('',*,*,#2080,.F.);
#2975=ORIENTED_EDGE('',*,*,#2091,.T.);
#2976=ORIENTED_EDGE('',*,*,#2092,.T.);
#2977=ORIENTED_EDGE('',*,*,#1905,.F.);
#2978=ORIENTED_EDGE('',*,*,#2041,.T.);
#2979=ORIENTED_EDGE('',*,*,#2093,.T.);
#2980=ORIENTED_EDGE('',*,*,#2091,.F.);
#2981=ORIENTED_EDGE('',*,*,#2079,.F.);
#2982=ORIENTED_EDGE('',*,*,#1895,.T.);
#2983=ORIENTED_EDGE('',*,*,#2094,.T.);
#2984=ORIENTED_EDGE('',*,*,#2042,.T.);
#2985=ORIENTED_EDGE('',*,*,#1903,.F.);
#2986=ORIENTED_EDGE('',*,*,#1901,.T.);
#2987=ORIENTED_EDGE('',*,*,#2084,.F.);
#2988=ORIENTED_EDGE('',*,*,#2086,.T.);
#2989=ORIENTED_EDGE('',*,*,#2085,.F.);
#2990=ORIENTED_EDGE('',*,*,#2088,.F.);
#2991=ORIENTED_EDGE('',*,*,#2043,.F.);
#2992=ORIENTED_EDGE('',*,*,#2094,.F.);
#2993=ORIENTED_EDGE('',*,*,#2092,.F.);
#2994=ORIENTED_EDGE('',*,*,#2093,.F.);
#2995=ORIENTED_EDGE('',*,*,#2040,.F.);
#2996=ORIENTED_EDGE('',*,*,#2089,.F.);
#2997=ORIENTED_EDGE('',*,*,#2095,.F.);
#2998=ORIENTED_EDGE('',*,*,#2096,.T.);
#2999=ORIENTED_EDGE('',*,*,#2097,.T.);
#3000=ORIENTED_EDGE('',*,*,#2098,.F.);
#3001=ORIENTED_EDGE('',*,*,#2099,.F.);
#3002=ORIENTED_EDGE('',*,*,#2100,.T.);
#3003=ORIENTED_EDGE('',*,*,#2101,.T.);
#3004=ORIENTED_EDGE('',*,*,#2096,.F.);
#3005=ORIENTED_EDGE('',*,*,#2102,.F.);
#3006=ORIENTED_EDGE('',*,*,#2103,.T.);
#3007=ORIENTED_EDGE('',*,*,#2104,.T.);
#3008=ORIENTED_EDGE('',*,*,#2100,.F.);
#3009=ORIENTED_EDGE('',*,*,#2105,.F.);
#3010=ORIENTED_EDGE('',*,*,#2106,.T.);
#3011=ORIENTED_EDGE('',*,*,#2107,.T.);
#3012=ORIENTED_EDGE('',*,*,#2103,.F.);
#3013=ORIENTED_EDGE('',*,*,#2108,.F.);
#3014=ORIENTED_EDGE('',*,*,#2109,.T.);
#3015=ORIENTED_EDGE('',*,*,#2110,.T.);
#3016=ORIENTED_EDGE('',*,*,#2106,.F.);
#3017=ORIENTED_EDGE('',*,*,#2111,.F.);
#3018=ORIENTED_EDGE('',*,*,#2112,.T.);
#3019=ORIENTED_EDGE('',*,*,#2113,.T.);
#3020=ORIENTED_EDGE('',*,*,#2109,.F.);
#3021=ORIENTED_EDGE('',*,*,#2114,.F.);
#3022=ORIENTED_EDGE('',*,*,#2115,.T.);
#3023=ORIENTED_EDGE('',*,*,#2116,.T.);
#3024=ORIENTED_EDGE('',*,*,#2112,.F.);
#3025=ORIENTED_EDGE('',*,*,#2117,.F.);
#3026=ORIENTED_EDGE('',*,*,#2118,.T.);
#3027=ORIENTED_EDGE('',*,*,#2119,.T.);
#3028=ORIENTED_EDGE('',*,*,#2115,.F.);
#3029=ORIENTED_EDGE('',*,*,#2120,.F.);
#3030=ORIENTED_EDGE('',*,*,#2121,.T.);
#3031=ORIENTED_EDGE('',*,*,#2122,.T.);
#3032=ORIENTED_EDGE('',*,*,#2118,.F.);
#3033=ORIENTED_EDGE('',*,*,#2123,.F.);
#3034=ORIENTED_EDGE('',*,*,#2124,.T.);
#3035=ORIENTED_EDGE('',*,*,#2125,.T.);
#3036=ORIENTED_EDGE('',*,*,#2121,.F.);
#3037=ORIENTED_EDGE('',*,*,#2126,.F.);
#3038=ORIENTED_EDGE('',*,*,#2127,.T.);
#3039=ORIENTED_EDGE('',*,*,#2128,.T.);
#3040=ORIENTED_EDGE('',*,*,#2124,.F.);
#3041=ORIENTED_EDGE('',*,*,#2129,.F.);
#3042=ORIENTED_EDGE('',*,*,#2098,.T.);
#3043=ORIENTED_EDGE('',*,*,#2130,.T.);
#3044=ORIENTED_EDGE('',*,*,#2127,.F.);
#3045=ORIENTED_EDGE('',*,*,#2131,.F.);
#3046=ORIENTED_EDGE('',*,*,#2132,.T.);
#3047=ORIENTED_EDGE('',*,*,#2133,.T.);
#3048=ORIENTED_EDGE('',*,*,#2134,.F.);
#3049=ORIENTED_EDGE('',*,*,#2135,.F.);
#3050=ORIENTED_EDGE('',*,*,#2136,.T.);
#3051=ORIENTED_EDGE('',*,*,#2137,.T.);
#3052=ORIENTED_EDGE('',*,*,#2132,.F.);
#3053=ORIENTED_EDGE('',*,*,#2138,.F.);
#3054=ORIENTED_EDGE('',*,*,#2139,.T.);
#3055=ORIENTED_EDGE('',*,*,#2140,.T.);
#3056=ORIENTED_EDGE('',*,*,#2136,.F.);
#3057=ORIENTED_EDGE('',*,*,#2141,.F.);
#3058=ORIENTED_EDGE('',*,*,#2142,.T.);
#3059=ORIENTED_EDGE('',*,*,#2143,.T.);
#3060=ORIENTED_EDGE('',*,*,#2139,.F.);
#3061=ORIENTED_EDGE('',*,*,#2144,.F.);
#3062=ORIENTED_EDGE('',*,*,#2145,.T.);
#3063=ORIENTED_EDGE('',*,*,#2146,.T.);
#3064=ORIENTED_EDGE('',*,*,#2142,.F.);
#3065=ORIENTED_EDGE('',*,*,#2147,.F.);
#3066=ORIENTED_EDGE('',*,*,#2148,.T.);
#3067=ORIENTED_EDGE('',*,*,#2149,.T.);
#3068=ORIENTED_EDGE('',*,*,#2145,.F.);
#3069=ORIENTED_EDGE('',*,*,#2150,.F.);
#3070=ORIENTED_EDGE('',*,*,#2151,.T.);
#3071=ORIENTED_EDGE('',*,*,#2152,.T.);
#3072=ORIENTED_EDGE('',*,*,#2148,.F.);
#3073=ORIENTED_EDGE('',*,*,#2153,.F.);
#3074=ORIENTED_EDGE('',*,*,#2154,.T.);
#3075=ORIENTED_EDGE('',*,*,#2155,.T.);
#3076=ORIENTED_EDGE('',*,*,#2151,.F.);
#3077=ORIENTED_EDGE('',*,*,#2156,.F.);
#3078=ORIENTED_EDGE('',*,*,#2157,.T.);
#3079=ORIENTED_EDGE('',*,*,#2158,.T.);
#3080=ORIENTED_EDGE('',*,*,#2154,.F.);
#3081=ORIENTED_EDGE('',*,*,#2159,.F.);
#3082=ORIENTED_EDGE('',*,*,#2160,.T.);
#3083=ORIENTED_EDGE('',*,*,#2161,.T.);
#3084=ORIENTED_EDGE('',*,*,#2157,.F.);
#3085=ORIENTED_EDGE('',*,*,#2162,.F.);
#3086=ORIENTED_EDGE('',*,*,#2163,.T.);
#3087=ORIENTED_EDGE('',*,*,#2164,.T.);
#3088=ORIENTED_EDGE('',*,*,#2160,.F.);
#3089=ORIENTED_EDGE('',*,*,#2165,.F.);
#3090=ORIENTED_EDGE('',*,*,#2166,.T.);
#3091=ORIENTED_EDGE('',*,*,#2167,.T.);
#3092=ORIENTED_EDGE('',*,*,#2163,.F.);
#3093=ORIENTED_EDGE('',*,*,#2168,.F.);
#3094=ORIENTED_EDGE('',*,*,#2169,.T.);
#3095=ORIENTED_EDGE('',*,*,#2170,.T.);
#3096=ORIENTED_EDGE('',*,*,#2166,.F.);
#3097=ORIENTED_EDGE('',*,*,#2171,.F.);
#3098=ORIENTED_EDGE('',*,*,#2172,.T.);
#3099=ORIENTED_EDGE('',*,*,#2173,.T.);
#3100=ORIENTED_EDGE('',*,*,#2169,.F.);
#3101=ORIENTED_EDGE('',*,*,#2174,.F.);
#3102=ORIENTED_EDGE('',*,*,#2175,.T.);
#3103=ORIENTED_EDGE('',*,*,#2176,.T.);
#3104=ORIENTED_EDGE('',*,*,#2172,.F.);
#3105=ORIENTED_EDGE('',*,*,#2177,.F.);
#3106=ORIENTED_EDGE('',*,*,#2178,.T.);
#3107=ORIENTED_EDGE('',*,*,#2179,.T.);
#3108=ORIENTED_EDGE('',*,*,#2175,.F.);
#3109=ORIENTED_EDGE('',*,*,#2180,.F.);
#3110=ORIENTED_EDGE('',*,*,#2181,.T.);
#3111=ORIENTED_EDGE('',*,*,#2182,.T.);
#3112=ORIENTED_EDGE('',*,*,#2178,.F.);
#3113=ORIENTED_EDGE('',*,*,#2183,.F.);
#3114=ORIENTED_EDGE('',*,*,#2184,.T.);
#3115=ORIENTED_EDGE('',*,*,#2185,.T.);
#3116=ORIENTED_EDGE('',*,*,#2181,.F.);
#3117=ORIENTED_EDGE('',*,*,#2186,.F.);
#3118=ORIENTED_EDGE('',*,*,#2187,.T.);
#3119=ORIENTED_EDGE('',*,*,#2188,.T.);
#3120=ORIENTED_EDGE('',*,*,#2184,.F.);
#3121=ORIENTED_EDGE('',*,*,#2189,.F.);
#3122=ORIENTED_EDGE('',*,*,#2190,.T.);
#3123=ORIENTED_EDGE('',*,*,#2191,.T.);
#3124=ORIENTED_EDGE('',*,*,#2187,.F.);
#3125=ORIENTED_EDGE('',*,*,#2192,.F.);
#3126=ORIENTED_EDGE('',*,*,#2193,.T.);
#3127=ORIENTED_EDGE('',*,*,#2194,.T.);
#3128=ORIENTED_EDGE('',*,*,#2190,.F.);
#3129=ORIENTED_EDGE('',*,*,#2195,.F.);
#3130=ORIENTED_EDGE('',*,*,#2196,.T.);
#3131=ORIENTED_EDGE('',*,*,#2197,.T.);
#3132=ORIENTED_EDGE('',*,*,#2193,.F.);
#3133=ORIENTED_EDGE('',*,*,#2198,.F.);
#3134=ORIENTED_EDGE('',*,*,#2199,.T.);
#3135=ORIENTED_EDGE('',*,*,#2200,.T.);
#3136=ORIENTED_EDGE('',*,*,#2196,.F.);
#3137=ORIENTED_EDGE('',*,*,#2201,.F.);
#3138=ORIENTED_EDGE('',*,*,#2202,.T.);
#3139=ORIENTED_EDGE('',*,*,#2203,.T.);
#3140=ORIENTED_EDGE('',*,*,#2199,.F.);
#3141=ORIENTED_EDGE('',*,*,#2204,.F.);
#3142=ORIENTED_EDGE('',*,*,#2205,.T.);
#3143=ORIENTED_EDGE('',*,*,#2206,.T.);
#3144=ORIENTED_EDGE('',*,*,#2202,.F.);
#3145=ORIENTED_EDGE('',*,*,#2207,.F.);
#3146=ORIENTED_EDGE('',*,*,#2208,.T.);
#3147=ORIENTED_EDGE('',*,*,#2209,.T.);
#3148=ORIENTED_EDGE('',*,*,#2205,.F.);
#3149=ORIENTED_EDGE('',*,*,#2210,.F.);
#3150=ORIENTED_EDGE('',*,*,#2211,.T.);
#3151=ORIENTED_EDGE('',*,*,#2212,.T.);
#3152=ORIENTED_EDGE('',*,*,#2208,.F.);
#3153=ORIENTED_EDGE('',*,*,#2213,.F.);
#3154=ORIENTED_EDGE('',*,*,#2214,.T.);
#3155=ORIENTED_EDGE('',*,*,#2215,.T.);
#3156=ORIENTED_EDGE('',*,*,#2211,.F.);
#3157=ORIENTED_EDGE('',*,*,#2216,.F.);
#3158=ORIENTED_EDGE('',*,*,#2217,.T.);
#3159=ORIENTED_EDGE('',*,*,#2218,.T.);
#3160=ORIENTED_EDGE('',*,*,#2214,.F.);
#3161=ORIENTED_EDGE('',*,*,#2219,.F.);
#3162=ORIENTED_EDGE('',*,*,#2220,.T.);
#3163=ORIENTED_EDGE('',*,*,#2221,.T.);
#3164=ORIENTED_EDGE('',*,*,#2220,.F.);
#3165=ORIENTED_EDGE('',*,*,#2222,.F.);
#3166=ORIENTED_EDGE('',*,*,#2223,.T.);
#3167=ORIENTED_EDGE('',*,*,#2224,.T.);
#3168=ORIENTED_EDGE('',*,*,#2217,.F.);
#3169=ORIENTED_EDGE('',*,*,#2225,.F.);
#3170=ORIENTED_EDGE('',*,*,#2226,.T.);
#3171=ORIENTED_EDGE('',*,*,#2227,.T.);
#3172=ORIENTED_EDGE('',*,*,#2223,.F.);
#3173=ORIENTED_EDGE('',*,*,#2228,.F.);
#3174=ORIENTED_EDGE('',*,*,#2229,.T.);
#3175=ORIENTED_EDGE('',*,*,#2230,.T.);
#3176=ORIENTED_EDGE('',*,*,#2226,.F.);
#3177=ORIENTED_EDGE('',*,*,#2231,.F.);
#3178=ORIENTED_EDGE('',*,*,#2134,.T.);
#3179=ORIENTED_EDGE('',*,*,#2232,.T.);
#3180=ORIENTED_EDGE('',*,*,#2229,.F.);
#3181=ORIENTED_EDGE('',*,*,#2188,.F.);
#3182=ORIENTED_EDGE('',*,*,#2191,.F.);
#3183=ORIENTED_EDGE('',*,*,#2194,.F.);
#3184=ORIENTED_EDGE('',*,*,#2197,.F.);
#3185=ORIENTED_EDGE('',*,*,#2200,.F.);
#3186=ORIENTED_EDGE('',*,*,#2203,.F.);
#3187=ORIENTED_EDGE('',*,*,#2206,.F.);
#3188=ORIENTED_EDGE('',*,*,#2209,.F.);
#3189=ORIENTED_EDGE('',*,*,#2212,.F.);
#3190=ORIENTED_EDGE('',*,*,#2215,.F.);
#3191=ORIENTED_EDGE('',*,*,#2218,.F.);
#3192=ORIENTED_EDGE('',*,*,#2221,.F.);
#3193=ORIENTED_EDGE('',*,*,#2224,.F.);
#3194=ORIENTED_EDGE('',*,*,#2227,.F.);
#3195=ORIENTED_EDGE('',*,*,#2230,.F.);
#3196=ORIENTED_EDGE('',*,*,#2232,.F.);
#3197=ORIENTED_EDGE('',*,*,#2133,.F.);
#3198=ORIENTED_EDGE('',*,*,#2137,.F.);
#3199=ORIENTED_EDGE('',*,*,#2140,.F.);
#3200=ORIENTED_EDGE('',*,*,#2143,.F.);
#3201=ORIENTED_EDGE('',*,*,#2146,.F.);
#3202=ORIENTED_EDGE('',*,*,#2149,.F.);
#3203=ORIENTED_EDGE('',*,*,#2152,.F.);
#3204=ORIENTED_EDGE('',*,*,#2155,.F.);
#3205=ORIENTED_EDGE('',*,*,#2158,.F.);
#3206=ORIENTED_EDGE('',*,*,#2161,.F.);
#3207=ORIENTED_EDGE('',*,*,#2164,.F.);
#3208=ORIENTED_EDGE('',*,*,#2167,.F.);
#3209=ORIENTED_EDGE('',*,*,#2170,.F.);
#3210=ORIENTED_EDGE('',*,*,#2173,.F.);
#3211=ORIENTED_EDGE('',*,*,#2176,.F.);
#3212=ORIENTED_EDGE('',*,*,#2179,.F.);
#3213=ORIENTED_EDGE('',*,*,#2182,.F.);
#3214=ORIENTED_EDGE('',*,*,#2185,.F.);
#3215=ORIENTED_EDGE('',*,*,#2130,.F.);
#3216=ORIENTED_EDGE('',*,*,#2097,.F.);
#3217=ORIENTED_EDGE('',*,*,#2101,.F.);
#3218=ORIENTED_EDGE('',*,*,#2104,.F.);
#3219=ORIENTED_EDGE('',*,*,#2107,.F.);
#3220=ORIENTED_EDGE('',*,*,#2110,.F.);
#3221=ORIENTED_EDGE('',*,*,#2113,.F.);
#3222=ORIENTED_EDGE('',*,*,#2116,.F.);
#3223=ORIENTED_EDGE('',*,*,#2119,.F.);
#3224=ORIENTED_EDGE('',*,*,#2122,.F.);
#3225=ORIENTED_EDGE('',*,*,#2125,.F.);
#3226=ORIENTED_EDGE('',*,*,#2128,.F.);
#3227=ORIENTED_EDGE('',*,*,#2183,.T.);
#3228=ORIENTED_EDGE('',*,*,#2180,.T.);
#3229=ORIENTED_EDGE('',*,*,#2177,.T.);
#3230=ORIENTED_EDGE('',*,*,#2174,.T.);
#3231=ORIENTED_EDGE('',*,*,#2171,.T.);
#3232=ORIENTED_EDGE('',*,*,#2168,.T.);
#3233=ORIENTED_EDGE('',*,*,#2165,.T.);
#3234=ORIENTED_EDGE('',*,*,#2162,.T.);
#3235=ORIENTED_EDGE('',*,*,#2159,.T.);
#3236=ORIENTED_EDGE('',*,*,#2156,.T.);
#3237=ORIENTED_EDGE('',*,*,#2153,.T.);
#3238=ORIENTED_EDGE('',*,*,#2150,.T.);
#3239=ORIENTED_EDGE('',*,*,#2147,.T.);
#3240=ORIENTED_EDGE('',*,*,#2144,.T.);
#3241=ORIENTED_EDGE('',*,*,#2141,.T.);
#3242=ORIENTED_EDGE('',*,*,#2138,.T.);
#3243=ORIENTED_EDGE('',*,*,#2135,.T.);
#3244=ORIENTED_EDGE('',*,*,#2131,.T.);
#3245=ORIENTED_EDGE('',*,*,#2231,.T.);
#3246=ORIENTED_EDGE('',*,*,#2228,.T.);
#3247=ORIENTED_EDGE('',*,*,#2225,.T.);
#3248=ORIENTED_EDGE('',*,*,#2222,.T.);
#3249=ORIENTED_EDGE('',*,*,#2219,.T.);
#3250=ORIENTED_EDGE('',*,*,#2216,.T.);
#3251=ORIENTED_EDGE('',*,*,#2213,.T.);
#3252=ORIENTED_EDGE('',*,*,#2210,.T.);
#3253=ORIENTED_EDGE('',*,*,#2207,.T.);
#3254=ORIENTED_EDGE('',*,*,#2204,.T.);
#3255=ORIENTED_EDGE('',*,*,#2201,.T.);
#3256=ORIENTED_EDGE('',*,*,#2198,.T.);
#3257=ORIENTED_EDGE('',*,*,#2195,.T.);
#3258=ORIENTED_EDGE('',*,*,#2192,.T.);
#3259=ORIENTED_EDGE('',*,*,#2189,.T.);
#3260=ORIENTED_EDGE('',*,*,#2186,.T.);
#3261=ORIENTED_EDGE('',*,*,#2129,.T.);
#3262=ORIENTED_EDGE('',*,*,#2126,.T.);
#3263=ORIENTED_EDGE('',*,*,#2123,.T.);
#3264=ORIENTED_EDGE('',*,*,#2120,.T.);
#3265=ORIENTED_EDGE('',*,*,#2117,.T.);
#3266=ORIENTED_EDGE('',*,*,#2114,.T.);
#3267=ORIENTED_EDGE('',*,*,#2111,.T.);
#3268=ORIENTED_EDGE('',*,*,#2108,.T.);
#3269=ORIENTED_EDGE('',*,*,#2105,.T.);
#3270=ORIENTED_EDGE('',*,*,#2102,.T.);
#3271=ORIENTED_EDGE('',*,*,#2099,.T.);
#3272=ORIENTED_EDGE('',*,*,#2095,.T.);
#3273=B_SPLINE_SURFACE_WITH_KNOTS('',3,1,((#4451,#4452),(#4453,#4454),(#4455,
#4456),(#4457,#4458)),.UNSPECIFIED.,.F.,.F.,.F.,(4,4),(2,2),(-0.00290299646124328,
0.),(0.,0.02),.UNSPECIFIED.);
#3274=B_SPLINE_SURFACE_WITH_KNOTS('',3,1,((#4473,#4474),(#4475,#4476),(#4477,
#4478),(#4479,#4480),(#4481,#4482),(#4483,#4484),(#4485,#4486),(#4487,#4488),
(#4489,#4490),(#4491,#4492)),.UNSPECIFIED.,.F.,.F.,.F.,(4,2,2,2,4),(2,2),
(-0.0166081275702853,-0.0153760061856631,-0.0148281455708906,-0.0143498182944103,
-0.0134688832785829),(0.,0.02),.UNSPECIFIED.);
#3275=B_SPLINE_SURFACE_WITH_KNOTS('',3,1,((#4636,#4637),(#4638,#4639),(#4640,
#4641),(#4642,#4643)),.UNSPECIFIED.,.F.,.F.,.F.,(4,4),(2,2),(-0.0103666969733317,
-0.00423939373785812),(0.,0.02),.UNSPECIFIED.);
#3276=B_SPLINE_SURFACE_WITH_KNOTS('',3,1,((#4674,#4675),(#4676,#4677),(#4678,
#4679),(#4680,#4681),(#4682,#4683),(#4684,#4685),(#4686,#4687),(#4688,#4689),
(#4690,#4691),(#4692,#4693)),.UNSPECIFIED.,.F.,.F.,.F.,(4,2,2,2,4),(2,2),
(-0.0405527847498441,-0.0336933042506864,-0.0232124251297671,-0.01153207646508,
0.),(0.,0.02),.UNSPECIFIED.);
#3277=B_SPLINE_SURFACE_WITH_KNOTS('',3,1,((#4723,#4724),(#4725,#4726),(#4727,
#4728),(#4729,#4730),(#4731,#4732),(#4733,#4734),(#4735,#4736),(#4737,#4738)),
 .UNSPECIFIED.,.F.,.F.,.F.,(4,2,2,4),(2,2),(-0.0252958034771493,-0.0192624956045943,
-0.0130311073799033,-0.00920608192686871),(0.,0.02),.UNSPECIFIED.);
#3278=B_SPLINE_SURFACE_WITH_KNOTS('',3,1,((#4818,#4819),(#4820,#4821),(#4822,
#4823),(#4824,#4825),(#4826,#4827),(#4828,#4829)),.UNSPECIFIED.,.F.,.F.,
 .F.,(4,2,4),(2,2),(-0.00241828377130307,-0.000465381771044508,0.),(0.,
0.02),.UNSPECIFIED.);
#3279=B_SPLINE_SURFACE_WITH_KNOTS('',3,1,((#4987,#4988),(#4989,#4990),(#4991,
#4992),(#4993,#4994),(#4995,#4996),(#4997,#4998),(#4999,#5000)),
 .UNSPECIFIED.,.F.,.F.,.F.,(4,3,4),(2,2),(-0.0511410384604184,-0.0423181738776807,
0.),(0.,0.02),.UNSPECIFIED.);
#3280=B_SPLINE_SURFACE_WITH_KNOTS('',3,1,((#5054,#5055),(#5056,#5057),(#5058,
#5059),(#5060,#5061)),.UNSPECIFIED.,.F.,.F.,.F.,(4,4),(2,2),(-0.00395469174593363,
-0.00228992251593269),(0.,0.02),.UNSPECIFIED.);
#3281=B_SPLINE_SURFACE_WITH_KNOTS('',3,1,((#5103,#5104),(#5105,#5106),(#5107,
#5108),(#5109,#5110),(#5111,#5112),(#5113,#5114)),.UNSPECIFIED.,.F.,.F.,
 .F.,(4,2,4),(2,2),(-0.00601271971844057,-0.00500341557924824,0.),(0.,0.02),
 .UNSPECIFIED.);
#3282=B_SPLINE_SURFACE_WITH_KNOTS('',3,1,((#5132,#5133),(#5134,#5135),(#5136,
#5137),(#5138,#5139),(#5140,#5141),(#5142,#5143)),.UNSPECIFIED.,.F.,.F.,
 .F.,(4,2,4),(2,2),(-0.00276846825856487,-0.00186107632061514,0.),(0.,0.02),
 .UNSPECIFIED.);
#3283=B_SPLINE_SURFACE_WITH_KNOTS('',3,1,((#5161,#5162),(#5163,#5164),(#5165,
#5166),(#5167,#5168),(#5169,#5170),(#5171,#5172),(#5173,#5174),(#5175,#5176),
(#5177,#5178),(#5179,#5180),(#5181,#5182),(#5183,#5184)),.UNSPECIFIED.,
 .F.,.F.,.F.,(4,2,2,2,2,4),(2,2),(-0.0827518506267183,-0.0718997078133325,
-0.0615502807712563,-0.0433758627344782,-0.0250399500341402,-0.00521217060368432),
(0.,0.02),.UNSPECIFIED.);
#3284=B_SPLINE_SURFACE_WITH_KNOTS('',3,1,((#5259,#5260),(#5261,#5262),(#5263,
#5264),(#5265,#5266)),.UNSPECIFIED.,.F.,.F.,.F.,(4,4),(2,2),(-0.047106814072003,
-0.0188283862381096),(0.,0.02),.UNSPECIFIED.);
#3285=B_SPLINE_SURFACE_WITH_KNOTS('',3,3,((#5448,#5449,#5450,#5451,#5452,
#5453,#5454,#5455,#5456,#5457),(#5458,#5459,#5460,#5461,#5462,#5463,#5464,
#5465,#5466,#5467),(#5468,#5469,#5470,#5471,#5472,#5473,#5474,#5475,#5476,
#5477),(#5478,#5479,#5480,#5481,#5482,#5483,#5484,#5485,#5486,#5487)),
 .UNSPECIFIED.,.F.,.T.,.F.,(4,4),(4,1,1,1,1,1,1,4),(0.,1.),(-3.14159265359513,
-2.24399475256948,-1.34639685154382,-0.448798950518166,0.448798950507489,
1.34639685153314,2.2439947525588,3.14159265358445),.UNSPECIFIED.);
#3286=B_SPLINE_SURFACE_WITH_KNOTS('',3,1,((#6019,#6020),(#6021,#6022),(#6023,
#6024),(#6025,#6026)),.UNSPECIFIED.,.F.,.F.,.F.,(4,4),(2,2),(-0.00290299646124328,
0.),(0.,0.001),.UNSPECIFIED.);
#3287=B_SPLINE_SURFACE_WITH_KNOTS('',3,1,((#6041,#6042),(#6043,#6044),(#6045,
#6046),(#6047,#6048),(#6049,#6050),(#6051,#6052),(#6053,#6054),(#6055,#6056),
(#6057,#6058),(#6059,#6060)),.UNSPECIFIED.,.F.,.F.,.F.,(4,2,2,2,4),(2,2),
(-0.0166081275702853,-0.0153760061856631,-0.0148281455708906,-0.0143498182944103,
-0.0134688832785829),(0.,0.001),.UNSPECIFIED.);
#3288=B_SPLINE_SURFACE_WITH_KNOTS('',3,1,((#6204,#6205),(#6206,#6207),(#6208,
#6209),(#6210,#6211)),.UNSPECIFIED.,.F.,.F.,.F.,(4,4),(2,2),(-0.0103666969733317,
-0.00423939373785812),(0.,0.001),.UNSPECIFIED.);
#3289=B_SPLINE_SURFACE_WITH_KNOTS('',3,1,((#6242,#6243),(#6244,#6245),(#6246,
#6247),(#6248,#6249),(#6250,#6251),(#6252,#6253),(#6254,#6255),(#6256,#6257),
(#6258,#6259),(#6260,#6261)),.UNSPECIFIED.,.F.,.F.,.F.,(4,2,2,2,4),(2,2),
(-0.0405527847498441,-0.0336933042506864,-0.0232124251297671,-0.01153207646508,
0.),(0.,0.001),.UNSPECIFIED.);
#3290=B_SPLINE_SURFACE_WITH_KNOTS('',3,1,((#6291,#6292),(#6293,#6294),(#6295,
#6296),(#6297,#6298),(#6299,#6300),(#6301,#6302),(#6303,#6304),(#6305,#6306)),
 .UNSPECIFIED.,.F.,.F.,.F.,(4,2,2,4),(2,2),(-0.0252958034771493,-0.0192624956045943,
-0.0130311073799033,-0.00920608192686871),(0.,0.001),.UNSPECIFIED.);
#3291=B_SPLINE_SURFACE_WITH_KNOTS('',3,1,((#6386,#6387),(#6388,#6389),(#6390,
#6391),(#6392,#6393),(#6394,#6395),(#6396,#6397)),.UNSPECIFIED.,.F.,.F.,
 .F.,(4,2,4),(2,2),(-0.00241828377130307,-0.000465381771044508,0.),(0.,
0.001),.UNSPECIFIED.);
#3292=B_SPLINE_SURFACE_WITH_KNOTS('',3,1,((#6517,#6518),(#6519,#6520),(#6521,
#6522),(#6523,#6524),(#6525,#6526),(#6527,#6528),(#6529,#6530),(#6531,#6532)),
 .UNSPECIFIED.,.F.,.F.,.F.,(4,2,2,4),(2,2),(-0.0511410384604213,-0.0348012792291168,
-0.0177620547597663,0.),(0.,0.001),.UNSPECIFIED.);
#3293=B_SPLINE_SURFACE_WITH_KNOTS('',3,1,((#6592,#6593),(#6594,#6595),(#6596,
#6597),(#6598,#6599)),.UNSPECIFIED.,.F.,.F.,.F.,(4,4),(2,2),(-0.00395469174593363,
-0.00228992251593269),(0.,0.001),.UNSPECIFIED.);
#3294=B_SPLINE_SURFACE_WITH_KNOTS('',3,1,((#6622,#6623),(#6624,#6625),(#6626,
#6627),(#6628,#6629),(#6630,#6631),(#6632,#6633)),.UNSPECIFIED.,.F.,.F.,
 .F.,(4,2,4),(2,2),(-0.00601271971844057,-0.00500341557924824,0.),(0.,0.001),
 .UNSPECIFIED.);
#3295=B_SPLINE_SURFACE_WITH_KNOTS('',3,1,((#6651,#6652),(#6653,#6654),(#6655,
#6656),(#6657,#6658),(#6659,#6660),(#6661,#6662)),.UNSPECIFIED.,.F.,.F.,
 .F.,(4,2,4),(2,2),(-0.00276846825856487,-0.00186107632061514,0.),(0.,0.001),
 .UNSPECIFIED.);
#3296=B_SPLINE_SURFACE_WITH_KNOTS('',3,1,((#6680,#6681),(#6682,#6683),(#6684,
#6685),(#6686,#6687),(#6688,#6689),(#6690,#6691),(#6692,#6693),(#6694,#6695),
(#6696,#6697),(#6698,#6699),(#6700,#6701),(#6702,#6703)),.UNSPECIFIED.,
 .F.,.F.,.F.,(4,2,2,2,2,4),(2,2),(-0.0827518506267183,-0.0718997078133325,
-0.0615502807712563,-0.0433758627344782,-0.0250399500341402,-0.00521217060368432),
(0.,0.001),.UNSPECIFIED.);
#3297=B_SPLINE_SURFACE_WITH_KNOTS('',3,1,((#6778,#6779),(#6780,#6781),(#6782,
#6783),(#6784,#6785)),.UNSPECIFIED.,.F.,.F.,.F.,(4,4),(2,2),(-0.047106814072003,
-0.0188283862381096),(0.,0.001),.UNSPECIFIED.);
#3298=ADVANCED_FACE('',(#406),#3273,.F.);
#3299=ADVANCED_FACE('',(#407),#3274,.F.);
#3300=ADVANCED_FACE('',(#408),#345,.F.);
#3301=ADVANCED_FACE('',(#409),#346,.F.);
#3302=ADVANCED_FACE('',(#410),#347,.F.);
#3303=ADVANCED_FACE('',(#411),#348,.F.);
#3304=ADVANCED_FACE('',(#412),#349,.F.);
#3305=ADVANCED_FACE('',(#413),#350,.F.);
#3306=ADVANCED_FACE('',(#414),#3275,.F.);
#3307=ADVANCED_FACE('',(#415),#351,.F.);
#3308=ADVANCED_FACE('',(#416),#3276,.F.);
#3309=ADVANCED_FACE('',(#417),#3277,.F.);
#3310=ADVANCED_FACE('',(#418),#352,.F.);
#3311=ADVANCED_FACE('',(#419),#353,.F.);
#3312=ADVANCED_FACE('',(#420),#354,.F.);
#3313=ADVANCED_FACE('',(#421),#355,.F.);
#3314=ADVANCED_FACE('',(#422),#3278,.F.);
#3315=ADVANCED_FACE('',(#423),#356,.F.);
#3316=ADVANCED_FACE('',(#424),#357,.F.);
#3317=ADVANCED_FACE('',(#425),#358,.F.);
#3318=ADVANCED_FACE('',(#426),#359,.F.);
#3319=ADVANCED_FACE('',(#427),#360,.F.);
#3320=ADVANCED_FACE('',(#428),#361,.F.);
#3321=ADVANCED_FACE('',(#429),#362,.F.);
#3322=ADVANCED_FACE('',(#430),#363,.F.);
#3323=ADVANCED_FACE('',(#431),#150,.F.);
#3324=ADVANCED_FACE('',(#432),#3279,.F.);
#3325=ADVANCED_FACE('',(#433),#364,.T.);
#3326=ADVANCED_FACE('',(#434),#140,.F.);
#3327=ADVANCED_FACE('',(#435),#365,.F.);
#3328=ADVANCED_FACE('',(#436),#3280,.F.);
#3329=ADVANCED_FACE('',(#437),#366,.T.);
#3330=ADVANCED_FACE('',(#438),#367,.F.);
#3331=ADVANCED_FACE('',(#439),#3281,.F.);
#3332=ADVANCED_FACE('',(#440),#3282,.F.);
#3333=ADVANCED_FACE('',(#441),#3283,.F.);
#3334=ADVANCED_FACE('',(#442),#368,.T.);
#3335=ADVANCED_FACE('',(#443),#369,.F.);
#3336=ADVANCED_FACE('',(#444),#370,.T.);
#3337=ADVANCED_FACE('',(#445),#141,.F.);
#3338=ADVANCED_FACE('',(#446),#3284,.F.);
#3339=ADVANCED_FACE('',(#447),#371,.F.);
#3340=ADVANCED_FACE('',(#448),#372,.T.);
#3341=ADVANCED_FACE('',(#449),#373,.T.);
#3342=ADVANCED_FACE('',(#450),#374,.F.);
#3343=ADVANCED_FACE('',(#451),#142,.F.);
#3344=ADVANCED_FACE('',(#452),#151,.F.);
#3345=ADVANCED_FACE('',(#453),#375,.F.);
#3346=ADVANCED_FACE('',(#454),#376,.F.);
#3347=ADVANCED_FACE('',(#455,#54),#152,.F.);
#3348=ADVANCED_FACE('',(#456),#153,.F.);
#3349=ADVANCED_FACE('',(#457,#55,#56,#57,#58,#59),#154,.F.);
#3350=ADVANCED_FACE('',(#458),#143,.F.);
#3351=ADVANCED_FACE('',(#459),#19,.F.);
#3352=ADVANCED_FACE('',(#460),#20,.F.);
#3353=ADVANCED_FACE('',(#461),#3285,.T.);
#3354=ADVANCED_FACE('',(#462),#155,.T.);
#3355=ADVANCED_FACE('',(#463),#144,.F.);
#3356=ADVANCED_FACE('',(#464),#21,.T.);
#3357=ADVANCED_FACE('',(#465,#60),#156,.F.);
#3358=ADVANCED_FACE('',(#466),#22,.F.);
#3359=ADVANCED_FACE('',(#467),#157,.F.);
#3360=ADVANCED_FACE('',(#468),#158,.T.);
#3361=ADVANCED_FACE('',(#469),#23,.F.);
#3362=ADVANCED_FACE('',(#470),#159,.T.);
#3363=ADVANCED_FACE('',(#471),#24,.F.);
#3364=ADVANCED_FACE('',(#472),#25,.F.);
#3365=ADVANCED_FACE('',(#473),#160,.T.);
#3366=ADVANCED_FACE('',(#474),#161,.T.);
#3367=ADVANCED_FACE('',(#475),#26,.F.);
#3368=ADVANCED_FACE('',(#476),#162,.T.);
#3369=ADVANCED_FACE('',(#477),#27,.F.);
#3370=ADVANCED_FACE('',(#478),#28,.F.);
#3371=ADVANCED_FACE('',(#479),#163,.T.);
#3372=ADVANCED_FACE('',(#480),#164,.T.);
#3373=ADVANCED_FACE('',(#481),#165,.T.);
#3374=ADVANCED_FACE('',(#482),#29,.T.);
#3375=ADVANCED_FACE('',(#483),#166,.T.);
#3376=ADVANCED_FACE('',(#484),#30,.T.);
#3377=ADVANCED_FACE('',(#485),#167,.T.);
#3378=ADVANCED_FACE('',(#486),#31,.T.);
#3379=ADVANCED_FACE('',(#487),#32,.F.);
#3380=ADVANCED_FACE('',(#488),#168,.T.);
#3381=ADVANCED_FACE('',(#489),#33,.T.);
#3382=ADVANCED_FACE('',(#490),#169,.T.);
#3383=ADVANCED_FACE('',(#491),#34,.F.);
#3384=ADVANCED_FACE('',(#492),#35,.T.);
#3385=ADVANCED_FACE('',(#493),#170,.T.);
#3386=ADVANCED_FACE('',(#494),#36,.T.);
#3387=ADVANCED_FACE('',(#495),#171,.T.);
#3388=ADVANCED_FACE('',(#496),#37,.T.);
#3389=ADVANCED_FACE('',(#497),#172,.T.);
#3390=ADVANCED_FACE('',(#498),#173,.T.);
#3391=ADVANCED_FACE('',(#499),#38,.F.);
#3392=ADVANCED_FACE('',(#500),#39,.T.);
#3393=ADVANCED_FACE('',(#501),#174,.T.);
#3394=ADVANCED_FACE('',(#502),#40,.T.);
#3395=ADVANCED_FACE('',(#503),#175,.T.);
#3396=ADVANCED_FACE('',(#504),#41,.T.);
#3397=ADVANCED_FACE('',(#505),#176,.T.);
#3398=ADVANCED_FACE('',(#506),#177,.T.);
#3399=ADVANCED_FACE('',(#507),#42,.F.);
#3400=ADVANCED_FACE('',(#508),#145,.F.);
#3401=ADVANCED_FACE('',(#509),#43,.F.);
#3402=ADVANCED_FACE('',(#510),#146,.F.);
#3403=ADVANCED_FACE('',(#511,#61),#178,.T.);
#3404=ADVANCED_FACE('',(#512,#62),#179,.F.);
#3405=ADVANCED_FACE('',(#513),#44,.F.);
#3406=ADVANCED_FACE('',(#514),#180,.T.);
#3407=ADVANCED_FACE('',(#515),#45,.T.);
#3408=ADVANCED_FACE('',(#516,#63,#64),#181,.F.);
#3409=ADVANCED_FACE('',(#517),#182,.T.);
#3410=ADVANCED_FACE('',(#518),#183,.T.);
#3411=ADVANCED_FACE('',(#519),#184,.T.);
#3412=ADVANCED_FACE('',(#520),#185,.F.);
#3413=ADVANCED_FACE('',(#521),#46,.T.);
#3414=ADVANCED_FACE('',(#522),#186,.T.);
#3415=ADVANCED_FACE('',(#523),#47,.F.);
#3416=ADVANCED_FACE('',(#524),#187,.T.);
#3417=ADVANCED_FACE('',(#525),#48,.F.);
#3418=ADVANCED_FACE('',(#526),#188,.T.);
#3419=ADVANCED_FACE('',(#527),#49,.T.);
#3420=ADVANCED_FACE('',(#528),#189,.T.);
#3421=ADVANCED_FACE('',(#529),#50,.T.);
#3422=ADVANCED_FACE('',(#530),#190,.T.);
#3423=ADVANCED_FACE('',(#531),#51,.F.);
#3424=ADVANCED_FACE('',(#532),#52,.T.);
#3425=ADVANCED_FACE('',(#533),#191,.T.);
#3426=ADVANCED_FACE('',(#534),#53,.T.);
#3427=ADVANCED_FACE('',(#535,#65),#192,.T.);
#3428=ADVANCED_FACE('',(#536,#66),#193,.T.);
#3429=ADVANCED_FACE('',(#537),#194,.F.);
#3430=ADVANCED_FACE('',(#538),#195,.F.);
#3431=ADVANCED_FACE('',(#539),#196,.T.);
#3432=ADVANCED_FACE('',(#540),#197,.T.);
#3433=ADVANCED_FACE('',(#541),#198,.T.);
#3434=ADVANCED_FACE('',(#542),#199,.T.);
#3435=ADVANCED_FACE('',(#543),#200,.F.);
#3436=ADVANCED_FACE('',(#544),#201,.T.);
#3437=ADVANCED_FACE('',(#545),#202,.T.);
#3438=ADVANCED_FACE('',(#546),#203,.T.);
#3439=ADVANCED_FACE('',(#547),#204,.T.);
#3440=ADVANCED_FACE('',(#548),#205,.T.);
#3441=ADVANCED_FACE('',(#549),#206,.F.);
#3442=ADVANCED_FACE('',(#550),#207,.F.);
#3443=ADVANCED_FACE('',(#551),#3286,.F.);
#3444=ADVANCED_FACE('',(#552),#3287,.F.);
#3445=ADVANCED_FACE('',(#553),#377,.F.);
#3446=ADVANCED_FACE('',(#554),#378,.F.);
#3447=ADVANCED_FACE('',(#555),#379,.F.);
#3448=ADVANCED_FACE('',(#556),#380,.F.);
#3449=ADVANCED_FACE('',(#557),#381,.F.);
#3450=ADVANCED_FACE('',(#558),#382,.F.);
#3451=ADVANCED_FACE('',(#559),#3288,.F.);
#3452=ADVANCED_FACE('',(#560),#383,.F.);
#3453=ADVANCED_FACE('',(#561),#3289,.F.);
#3454=ADVANCED_FACE('',(#562),#3290,.F.);
#3455=ADVANCED_FACE('',(#563),#384,.F.);
#3456=ADVANCED_FACE('',(#564),#385,.F.);
#3457=ADVANCED_FACE('',(#565),#386,.F.);
#3458=ADVANCED_FACE('',(#566),#387,.F.);
#3459=ADVANCED_FACE('',(#567),#3291,.F.);
#3460=ADVANCED_FACE('',(#568),#388,.F.);
#3461=ADVANCED_FACE('',(#569),#389,.F.);
#3462=ADVANCED_FACE('',(#570),#390,.F.);
#3463=ADVANCED_FACE('',(#571),#391,.F.);
#3464=ADVANCED_FACE('',(#572),#392,.F.);
#3465=ADVANCED_FACE('',(#573),#393,.F.);
#3466=ADVANCED_FACE('',(#574),#208,.F.);
#3467=ADVANCED_FACE('',(#575),#3292,.F.);
#3468=ADVANCED_FACE('',(#576),#394,.T.);
#3469=ADVANCED_FACE('',(#577),#147,.F.);
#3470=ADVANCED_FACE('',(#578),#395,.F.);
#3471=ADVANCED_FACE('',(#579),#3293,.F.);
#3472=ADVANCED_FACE('',(#580),#396,.T.);
#3473=ADVANCED_FACE('',(#581),#3294,.F.);
#3474=ADVANCED_FACE('',(#582),#3295,.F.);
#3475=ADVANCED_FACE('',(#583),#3296,.F.);
#3476=ADVANCED_FACE('',(#584),#397,.T.);
#3477=ADVANCED_FACE('',(#585),#398,.F.);
#3478=ADVANCED_FACE('',(#586),#399,.T.);
#3479=ADVANCED_FACE('',(#587),#148,.F.);
#3480=ADVANCED_FACE('',(#588),#3297,.F.);
#3481=ADVANCED_FACE('',(#589),#400,.F.);
#3482=ADVANCED_FACE('',(#590),#401,.T.);
#3483=ADVANCED_FACE('',(#591),#402,.T.);
#3484=ADVANCED_FACE('',(#592),#403,.F.);
#3485=ADVANCED_FACE('',(#593),#149,.F.);
#3486=ADVANCED_FACE('',(#594),#209,.F.);
#3487=ADVANCED_FACE('',(#595),#404,.F.);
#3488=ADVANCED_FACE('',(#596),#405,.F.);
#3489=ADVANCED_FACE('',(#597,#67),#210,.F.);
#3490=ADVANCED_FACE('',(#598,#68),#211,.T.);
#3491=CLOSED_SHELL('',(#3298,#3299,#3300,#3301,#3302,#3303,#3304,#3305,
#3306,#3307,#3308,#3309,#3310,#3311,#3312,#3313,#3314,#3315,#3316,#3317,
#3318,#3319,#3320,#3321,#3322,#3323,#3324,#3325,#3326,#3327,#3328,#3329,
#3330,#3331,#3332,#3333,#3334,#3335,#3336,#3337,#3338,#3339,#3340,#3341,
#3342,#3343,#3344,#3345,#3346,#3347,#3348,#3349,#3350,#3351,#3352,#3353,
#3354,#3355,#3356,#3357,#3358,#3359,#3360,#3361,#3362,#3363,#3364,#3365,
#3366,#3367,#3368,#3369,#3370,#3371,#3372,#3373,#3374,#3375,#3376,#3377,
#3378,#3379,#3380,#3381,#3382,#3383,#3384,#3385,#3386,#3387,#3388,#3389,
#3390,#3391,#3392,#3393,#3394,#3395,#3396,#3397,#3398,#3399,#3400,#3401,
#3402,#3403,#3404,#3405,#3406,#3407,#3408,#3409,#3410,#3411,#3412,#3413,
#3414,#3415,#3416,#3417,#3418,#3419,#3420,#3421,#3422,#3423,#3424,#3425,
#3426,#3427,#3428,#3429,#3430,#3431,#3432,#3433,#3434,#3435,#3436,#3437,
#3438,#3439,#3440,#3441,#3442));
#3492=CLOSED_SHELL('',(#3443,#3444,#3445,#3446,#3447,#3448,#3449,#3450,
#3451,#3452,#3453,#3454,#3455,#3456,#3457,#3458,#3459,#3460,#3461,#3462,
#3463,#3464,#3465,#3466,#3467,#3468,#3469,#3470,#3471,#3472,#3473,#3474,
#3475,#3476,#3477,#3478,#3479,#3480,#3481,#3482,#3483,#3484,#3485,#3486,
#3487,#3488,#3489,#3490));
#3493=BREP_WITH_VOIDS('Body2',#3491,(#18));
#3494=DERIVED_UNIT_ELEMENT(#3496,1.);
#3495=DERIVED_UNIT_ELEMENT(#6904,-3.);
#3496=(
MASS_UNIT()
NAMED_UNIT(*)
SI_UNIT(.KILO.,.GRAM.)
);
#3497=DERIVED_UNIT((#3494,#3495));
#3498=MEASURE_REPRESENTATION_ITEM('density measure',
POSITIVE_RATIO_MEASURE(1060.),#3497);
#3499=PROPERTY_DEFINITION_REPRESENTATION(#3504,#3501);
#3500=PROPERTY_DEFINITION_REPRESENTATION(#3505,#3502);
#3501=REPRESENTATION('material name',(#3503),#6901);
#3502=REPRESENTATION('density',(#3498),#6901);
#3503=DESCRIPTIVE_REPRESENTATION_ITEM('ABS Plastic','ABS Plastic');
#3504=PROPERTY_DEFINITION('material property','material name',#6916);
#3505=PROPERTY_DEFINITION('material property','density of part',#6916);
#3506=AXIS2_PLACEMENT_3D('',#4449,#3734,#3735);
#3507=AXIS2_PLACEMENT_3D('',#4450,#3736,#3737);
#3508=AXIS2_PLACEMENT_3D('',#4763,#3750,#3751);
#3509=AXIS2_PLACEMENT_3D('',#4767,#3753,#3754);
#3510=AXIS2_PLACEMENT_3D('',#4814,#3758,#3759);
#3511=AXIS2_PLACEMENT_3D('',#4817,#3761,#3762);
#3512=AXIS2_PLACEMENT_3D('',#4852,#3764,#3765);
#3513=AXIS2_PLACEMENT_3D('',#4855,#3767,#3768);
#3514=AXIS2_PLACEMENT_3D('',#4958,#3774,#3775);
#3515=AXIS2_PLACEMENT_3D('',#4961,#3777,#3778);
#3516=AXIS2_PLACEMENT_3D('',#4981,#3780,#3781);
#3517=AXIS2_PLACEMENT_3D('',#5025,#3786,#3787);
#3518=AXIS2_PLACEMENT_3D('',#5028,#3789,#3790);
#3519=AXIS2_PLACEMENT_3D('',#5029,#3791,#3792);
#3520=AXIS2_PLACEMENT_3D('',#5031,#3793,#3794);
#3521=AXIS2_PLACEMENT_3D('',#5034,#3796,#3797);
#3522=AXIS2_PLACEMENT_3D('',#5080,#3800,#3801);
#3523=AXIS2_PLACEMENT_3D('',#5083,#3803,#3804);
#3524=AXIS2_PLACEMENT_3D('',#5219,#3809,#3810);
#3525=AXIS2_PLACEMENT_3D('',#5222,#3812,#3813);
#3526=AXIS2_PLACEMENT_3D('',#5249,#3815,#3816);
#3527=AXIS2_PLACEMENT_3D('',#5252,#3818,#3819);
#3528=AXIS2_PLACEMENT_3D('',#5253,#3820,#3821);
#3529=AXIS2_PLACEMENT_3D('',#5255,#3822,#3823);
#3530=AXIS2_PLACEMENT_3D('',#5258,#3825,#3826);
#3531=AXIS2_PLACEMENT_3D('',#5304,#3829,#3830);
#3532=AXIS2_PLACEMENT_3D('',#5307,#3832,#3833);
#3533=AXIS2_PLACEMENT_3D('',#5315,#3834,#3835);
#3534=AXIS2_PLACEMENT_3D('',#5318,#3837,#3838);
#3535=AXIS2_PLACEMENT_3D('',#5336,#3840,#3841);
#3536=AXIS2_PLACEMENT_3D('',#5338,#3842,#3843);
#3537=AXIS2_PLACEMENT_3D('',#5341,#3845,#3846);
#3538=AXIS2_PLACEMENT_3D('',#5342,#3847,#3848);
#3539=AXIS2_PLACEMENT_3D('',#5373,#3853,#3854);
#3540=AXIS2_PLACEMENT_3D('',#5374,#3855,#3856);
#3541=AXIS2_PLACEMENT_3D('',#5375,#3857,#3858);
#3542=AXIS2_PLACEMENT_3D('',#5376,#3859,#3860);
#3543=AXIS2_PLACEMENT_3D('',#5377,#3861,#3862);
#3544=AXIS2_PLACEMENT_3D('',#5384,#3865,#3866);
#3545=AXIS2_PLACEMENT_3D('',#5388,#3868,#3869);
#3546=AXIS2_PLACEMENT_3D('',#5392,#3871,#3872);
#3547=AXIS2_PLACEMENT_3D('',#5394,#3873,#3874);
#3548=AXIS2_PLACEMENT_3D('',#5398,#3876,#3877);
#3549=AXIS2_PLACEMENT_3D('',#5402,#3879,#3880);
#3550=AXIS2_PLACEMENT_3D('',#5404,#3881,#3882);
#3551=AXIS2_PLACEMENT_3D('',#5408,#3884,#3885);
#3552=AXIS2_PLACEMENT_3D('',#5412,#3887,#3888);
#3553=AXIS2_PLACEMENT_3D('',#5415,#3890,#3891);
#3554=AXIS2_PLACEMENT_3D('',#5420,#3893,#3894);
#3555=AXIS2_PLACEMENT_3D('',#5423,#3896,#3897);
#3556=AXIS2_PLACEMENT_3D('',#5425,#3898,#3899);
#3557=AXIS2_PLACEMENT_3D('',#5430,#3901,#3902);
#3558=AXIS2_PLACEMENT_3D('',#5433,#3904,#3905);
#3559=AXIS2_PLACEMENT_3D('',#5434,#3906,#3907);
#3560=AXIS2_PLACEMENT_3D('',#5436,#3908,#3909);
#3561=AXIS2_PLACEMENT_3D('',#5439,#3911,#3912);
#3562=AXIS2_PLACEMENT_3D('',#5440,#3913,#3914);
#3563=AXIS2_PLACEMENT_3D('',#5442,#3915,#3916);
#3564=AXIS2_PLACEMENT_3D('',#5444,#3918,#3919);
#3565=AXIS2_PLACEMENT_3D('',#5447,#3921,#3922);
#3566=AXIS2_PLACEMENT_3D('',#5606,#3924,#3925);
#3567=AXIS2_PLACEMENT_3D('',#5612,#3929,#3930);
#3568=AXIS2_PLACEMENT_3D('',#5614,#3931,#3932);
#3569=AXIS2_PLACEMENT_3D('',#5616,#3934,#3935);
#3570=AXIS2_PLACEMENT_3D('',#5625,#3936,#3937);
#3571=AXIS2_PLACEMENT_3D('',#5633,#3938,#3939);
#3572=AXIS2_PLACEMENT_3D('',#5636,#3941,#3942);
#3573=AXIS2_PLACEMENT_3D('',#5637,#3943,#3944);
#3574=AXIS2_PLACEMENT_3D('',#5638,#3945,#3946);
#3575=AXIS2_PLACEMENT_3D('',#5639,#3947,#3948);
#3576=AXIS2_PLACEMENT_3D('',#5641,#3950,#3951);
#3577=AXIS2_PLACEMENT_3D('',#5642,#3952,#3953);
#3578=AXIS2_PLACEMENT_3D('',#5648,#3957,#3958);
#3579=AXIS2_PLACEMENT_3D('',#5651,#3960,#3961);
#3580=AXIS2_PLACEMENT_3D('',#5652,#3962,#3963);
#3581=AXIS2_PLACEMENT_3D('',#5656,#3966,#3967);
#3582=AXIS2_PLACEMENT_3D('',#5657,#3968,#3969);
#3583=AXIS2_PLACEMENT_3D('',#5658,#3970,#3971);
#3584=AXIS2_PLACEMENT_3D('',#5662,#3973,#3974);
#3585=AXIS2_PLACEMENT_3D('',#5664,#3976,#3977);
#3586=AXIS2_PLACEMENT_3D('',#5668,#3980,#3981);
#3587=AXIS2_PLACEMENT_3D('',#5674,#3985,#3986);
#3588=AXIS2_PLACEMENT_3D('',#5677,#3988,#3989);
#3589=AXIS2_PLACEMENT_3D('',#5678,#3990,#3991);
#3590=AXIS2_PLACEMENT_3D('',#5682,#3994,#3995);
#3591=AXIS2_PLACEMENT_3D('',#5683,#3996,#3997);
#3592=AXIS2_PLACEMENT_3D('',#5684,#3998,#3999);
#3593=AXIS2_PLACEMENT_3D('',#5688,#4001,#4002);
#3594=AXIS2_PLACEMENT_3D('',#5690,#4004,#4005);
#3595=AXIS2_PLACEMENT_3D('',#5694,#4008,#4009);
#3596=AXIS2_PLACEMENT_3D('',#5700,#4013,#4014);
#3597=AXIS2_PLACEMENT_3D('',#5704,#4017,#4018);
#3598=AXIS2_PLACEMENT_3D('',#5707,#4020,#4021);
#3599=AXIS2_PLACEMENT_3D('',#5708,#4022,#4023);
#3600=AXIS2_PLACEMENT_3D('',#5712,#4026,#4027);
#3601=AXIS2_PLACEMENT_3D('',#5715,#4029,#4030);
#3602=AXIS2_PLACEMENT_3D('',#5716,#4031,#4032);
#3603=AXIS2_PLACEMENT_3D('',#5720,#4035,#4036);
#3604=AXIS2_PLACEMENT_3D('',#5723,#4038,#4039);
#3605=AXIS2_PLACEMENT_3D('',#5724,#4040,#4041);
#3606=AXIS2_PLACEMENT_3D('',#5727,#4043,#4044);
#3607=AXIS2_PLACEMENT_3D('',#5728,#4045,#4046);
#3608=AXIS2_PLACEMENT_3D('',#5732,#4049,#4050);
#3609=AXIS2_PLACEMENT_3D('',#5735,#4052,#4053);
#3610=AXIS2_PLACEMENT_3D('',#5736,#4054,#4055);
#3611=AXIS2_PLACEMENT_3D('',#5740,#4058,#4059);
#3612=AXIS2_PLACEMENT_3D('',#5743,#4061,#4062);
#3613=AXIS2_PLACEMENT_3D('',#5744,#4063,#4064);
#3614=AXIS2_PLACEMENT_3D('',#5747,#4066,#4067);
#3615=AXIS2_PLACEMENT_3D('',#5748,#4068,#4069);
#3616=AXIS2_PLACEMENT_3D('',#5752,#4072,#4073);
#3617=AXIS2_PLACEMENT_3D('',#5755,#4075,#4076);
#3618=AXIS2_PLACEMENT_3D('',#5756,#4077,#4078);
#3619=AXIS2_PLACEMENT_3D('',#5760,#4081,#4082);
#3620=AXIS2_PLACEMENT_3D('',#5763,#4084,#4085);
#3621=AXIS2_PLACEMENT_3D('',#5764,#4086,#4087);
#3622=AXIS2_PLACEMENT_3D('',#5766,#4089,#4090);
#3623=AXIS2_PLACEMENT_3D('',#5772,#4094,#4095);
#3624=AXIS2_PLACEMENT_3D('',#5776,#4097,#4098);
#3625=AXIS2_PLACEMENT_3D('',#5781,#4099,#4100);
#3626=AXIS2_PLACEMENT_3D('',#5782,#4101,#4102);
#3627=AXIS2_PLACEMENT_3D('',#5785,#4104,#4105);
#3628=AXIS2_PLACEMENT_3D('',#5786,#4106,#4107);
#3629=AXIS2_PLACEMENT_3D('',#5790,#4110,#4111);
#3630=AXIS2_PLACEMENT_3D('',#5793,#4113,#4114);
#3631=AXIS2_PLACEMENT_3D('',#5794,#4115,#4116);
#3632=AXIS2_PLACEMENT_3D('',#5798,#4119,#4120);
#3633=AXIS2_PLACEMENT_3D('',#5802,#4122,#4123);
#3634=AXIS2_PLACEMENT_3D('',#5807,#4124,#4125);
#3635=AXIS2_PLACEMENT_3D('',#5811,#4128,#4129);
#3636=AXIS2_PLACEMENT_3D('',#5823,#4136,#4137);
#3637=AXIS2_PLACEMENT_3D('',#5826,#4139,#4140);
#3638=AXIS2_PLACEMENT_3D('',#5827,#4141,#4142);
#3639=AXIS2_PLACEMENT_3D('',#5829,#4143,#4144);
#3640=AXIS2_PLACEMENT_3D('',#5831,#4146,#4147);
#3641=AXIS2_PLACEMENT_3D('',#5833,#4148,#4149);
#3642=AXIS2_PLACEMENT_3D('',#5836,#4151,#4152);
#3643=AXIS2_PLACEMENT_3D('',#5837,#4153,#4154);
#3644=AXIS2_PLACEMENT_3D('',#5840,#4156,#4157);
#3645=AXIS2_PLACEMENT_3D('',#5841,#4158,#4159);
#3646=AXIS2_PLACEMENT_3D('',#5843,#4160,#4161);
#3647=AXIS2_PLACEMENT_3D('',#5844,#4162,#4163);
#3648=AXIS2_PLACEMENT_3D('',#5845,#4164,#4165);
#3649=AXIS2_PLACEMENT_3D('',#5847,#4166,#4167);
#3650=AXIS2_PLACEMENT_3D('',#5849,#4169,#4170);
#3651=AXIS2_PLACEMENT_3D('',#5855,#4174,#4175);
#3652=AXIS2_PLACEMENT_3D('',#5864,#4176,#4177);
#3653=AXIS2_PLACEMENT_3D('',#5865,#4178,#4179);
#3654=AXIS2_PLACEMENT_3D('',#5874,#4184,#4185);
#3655=AXIS2_PLACEMENT_3D('',#5885,#4189,#4190);
#3656=AXIS2_PLACEMENT_3D('',#5892,#4195,#4196);
#3657=AXIS2_PLACEMENT_3D('',#5896,#4199,#4200);
#3658=AXIS2_PLACEMENT_3D('',#5918,#4211,#4212);
#3659=AXIS2_PLACEMENT_3D('',#5923,#4213,#4214);
#3660=AXIS2_PLACEMENT_3D('',#5925,#4215,#4216);
#3661=AXIS2_PLACEMENT_3D('',#5929,#4217,#4218);
#3662=AXIS2_PLACEMENT_3D('',#5933,#4221,#4222);
#3663=AXIS2_PLACEMENT_3D('',#5934,#4223,#4224);
#3664=AXIS2_PLACEMENT_3D('',#5935,#4225,#4226);
#3665=AXIS2_PLACEMENT_3D('',#5939,#4229,#4230);
#3666=AXIS2_PLACEMENT_3D('',#5940,#4231,#4232);
#3667=AXIS2_PLACEMENT_3D('',#5941,#4233,#4234);
#3668=AXIS2_PLACEMENT_3D('',#5946,#4238,#4239);
#3669=AXIS2_PLACEMENT_3D('',#5948,#4240,#4241);
#3670=AXIS2_PLACEMENT_3D('',#5950,#4243,#4244);
#3671=AXIS2_PLACEMENT_3D('',#5952,#4246,#4247);
#3672=AXIS2_PLACEMENT_3D('',#5954,#4248,#4249);
#3673=AXIS2_PLACEMENT_3D('',#5956,#4251,#4252);
#3674=AXIS2_PLACEMENT_3D('',#5960,#4255,#4256);
#3675=AXIS2_PLACEMENT_3D('',#5961,#4257,#4258);
#3676=AXIS2_PLACEMENT_3D('',#5963,#4259,#4260);
#3677=AXIS2_PLACEMENT_3D('',#5965,#4262,#4263);
#3678=AXIS2_PLACEMENT_3D('',#5967,#4264,#4265);
#3679=AXIS2_PLACEMENT_3D('',#5969,#4267,#4268);
#3680=AXIS2_PLACEMENT_3D('',#5973,#4271,#4272);
#3681=AXIS2_PLACEMENT_3D('',#5974,#4273,#4274);
#3682=AXIS2_PLACEMENT_3D('',#5975,#4275,#4276);
#3683=AXIS2_PLACEMENT_3D('',#5976,#4277,#4278);
#3684=AXIS2_PLACEMENT_3D('',#5977,#4279,#4280);
#3685=AXIS2_PLACEMENT_3D('',#5979,#4282,#4283);
#3686=AXIS2_PLACEMENT_3D('',#5981,#4285,#4286);
#3687=AXIS2_PLACEMENT_3D('',#5983,#4288,#4289);
#3688=AXIS2_PLACEMENT_3D('',#5985,#4291,#4292);
#3689=AXIS2_PLACEMENT_3D('',#5996,#4299,#4300);
#3690=AXIS2_PLACEMENT_3D('',#5997,#4301,#4302);
#3691=AXIS2_PLACEMENT_3D('',#6003,#4306,#4307);
#3692=AXIS2_PLACEMENT_3D('',#6005,#4309,#4310);
#3693=AXIS2_PLACEMENT_3D('',#6009,#4313,#4314);
#3694=AXIS2_PLACEMENT_3D('',#6013,#4317,#4318);
#3695=AXIS2_PLACEMENT_3D('',#6015,#4320,#4321);
#3696=AXIS2_PLACEMENT_3D('',#6017,#4323,#4324);
#3697=AXIS2_PLACEMENT_3D('',#6018,#4325,#4326);
#3698=AXIS2_PLACEMENT_3D('',#6331,#4339,#4340);
#3699=AXIS2_PLACEMENT_3D('',#6335,#4342,#4343);
#3700=AXIS2_PLACEMENT_3D('',#6382,#4347,#4348);
#3701=AXIS2_PLACEMENT_3D('',#6385,#4350,#4351);
#3702=AXIS2_PLACEMENT_3D('',#6420,#4353,#4354);
#3703=AXIS2_PLACEMENT_3D('',#6423,#4356,#4357);
#3704=AXIS2_PLACEMENT_3D('',#6488,#4361,#4362);
#3705=AXIS2_PLACEMENT_3D('',#6491,#4364,#4365);
#3706=AXIS2_PLACEMENT_3D('',#6511,#4367,#4368);
#3707=AXIS2_PLACEMENT_3D('',#6563,#4373,#4374);
#3708=AXIS2_PLACEMENT_3D('',#6566,#4376,#4377);
#3709=AXIS2_PLACEMENT_3D('',#6567,#4378,#4379);
#3710=AXIS2_PLACEMENT_3D('',#6569,#4380,#4381);
#3711=AXIS2_PLACEMENT_3D('',#6572,#4383,#4384);
#3712=AXIS2_PLACEMENT_3D('',#6618,#4387,#4388);
#3713=AXIS2_PLACEMENT_3D('',#6621,#4390,#4391);
#3714=AXIS2_PLACEMENT_3D('',#6738,#4395,#4396);
#3715=AXIS2_PLACEMENT_3D('',#6741,#4398,#4399);
#3716=AXIS2_PLACEMENT_3D('',#6768,#4401,#4402);
#3717=AXIS2_PLACEMENT_3D('',#6771,#4404,#4405);
#3718=AXIS2_PLACEMENT_3D('',#6772,#4406,#4407);
#3719=AXIS2_PLACEMENT_3D('',#6774,#4408,#4409);
#3720=AXIS2_PLACEMENT_3D('',#6777,#4411,#4412);
#3721=AXIS2_PLACEMENT_3D('',#6823,#4415,#4416);
#3722=AXIS2_PLACEMENT_3D('',#6826,#4418,#4419);
#3723=AXIS2_PLACEMENT_3D('',#6834,#4420,#4421);
#3724=AXIS2_PLACEMENT_3D('',#6837,#4423,#4424);
#3725=AXIS2_PLACEMENT_3D('',#6855,#4426,#4427);
#3726=AXIS2_PLACEMENT_3D('',#6857,#4428,#4429);
#3727=AXIS2_PLACEMENT_3D('',#6860,#4431,#4432);
#3728=AXIS2_PLACEMENT_3D('',#6861,#4433,#4434);
#3729=AXIS2_PLACEMENT_3D('',#6892,#4439,#4440);
#3730=AXIS2_PLACEMENT_3D('',#6893,#4441,#4442);
#3731=AXIS2_PLACEMENT_3D('',#6894,#4443,#4444);
#3732=AXIS2_PLACEMENT_3D('',#6895,#4445,#4446);
#3733=AXIS2_PLACEMENT_3D('',#6896,#4447,#4448);
#3734=DIRECTION('axis',(0.,0.,1.));
#3735=DIRECTION('refdir',(1.,0.,0.));
#3736=DIRECTION('axis',(0.,0.,1.));
#3737=DIRECTION('refdir',(1.,0.,0.));
#3738=DIRECTION('',(0.,0.,1.));
#3739=DIRECTION('',(0.,0.,1.));
#3740=DIRECTION('',(0.,0.,1.));
#3741=DIRECTION('',(0.,0.,1.));
#3742=DIRECTION('',(0.,0.,1.));
#3743=DIRECTION('',(0.,0.,1.));
#3744=DIRECTION('',(0.,0.,1.));
#3745=DIRECTION('',(0.,0.,1.));
#3746=DIRECTION('',(0.,0.,1.));
#3747=DIRECTION('',(0.,0.,1.));
#3748=DIRECTION('',(0.,0.,1.));
#3749=DIRECTION('',(0.,0.,1.));
#3750=DIRECTION('center_axis',(0.,0.,-1.));
#3751=DIRECTION('ref_axis',(0.168267257625386,0.985741411330189,0.));
#3752=DIRECTION('',(0.,0.,1.));
#3753=DIRECTION('center_axis',(0.,0.,-1.));
#3754=DIRECTION('ref_axis',(0.168267257625386,0.985741411330189,0.));
#3755=DIRECTION('',(0.,0.,1.));
#3756=DIRECTION('',(0.,0.,1.));
#3757=DIRECTION('',(0.,0.,1.));
#3758=DIRECTION('center_axis',(0.,0.,-1.));
#3759=DIRECTION('ref_axis',(-0.196528181007528,0.980498176474527,0.));
#3760=DIRECTION('',(0.,0.,1.));
#3761=DIRECTION('center_axis',(0.,0.,-1.));
#3762=DIRECTION('ref_axis',(-0.196528181007528,0.980498176474527,0.));
#3763=DIRECTION('',(0.,0.,1.));
#3764=DIRECTION('center_axis',(0.,0.,-1.));
#3765=DIRECTION('ref_axis',(0.223426784374175,0.974720714884123,0.));
#3766=DIRECTION('',(0.,0.,1.));
#3767=DIRECTION('center_axis',(0.,0.,-1.));
#3768=DIRECTION('ref_axis',(0.223426784374175,0.974720714884123,0.));
#3769=DIRECTION('',(0.,0.,1.));
#3770=DIRECTION('',(0.,0.,1.));
#3771=DIRECTION('',(0.,0.,1.));
#3772=DIRECTION('',(0.,0.,1.));
#3773=DIRECTION('',(0.,0.,1.));
#3774=DIRECTION('center_axis',(0.,0.,-1.));
#3775=DIRECTION('ref_axis',(0.946041061453016,-0.324046771384705,0.));
#3776=DIRECTION('',(0.,0.,1.));
#3777=DIRECTION('center_axis',(0.,0.,-1.));
#3778=DIRECTION('ref_axis',(0.946041061453016,-0.324046771384705,0.));
#3779=DIRECTION('',(0.,0.,1.));
#3780=DIRECTION('center_axis',(0.,1.,0.));
#3781=DIRECTION('ref_axis',(-1.,0.,0.));
#3782=DIRECTION('',(-1.,0.,0.));
#3783=DIRECTION('',(0.,0.,1.));
#3784=DIRECTION('',(-1.,0.,0.));
#3785=DIRECTION('',(0.,0.,1.));
#3786=DIRECTION('center_axis',(0.,0.,1.));
#3787=DIRECTION('ref_axis',(-0.662795731179577,-0.748800252891336,0.));
#3788=DIRECTION('',(0.,0.,1.));
#3789=DIRECTION('center_axis',(0.,0.,1.));
#3790=DIRECTION('ref_axis',(-0.662795731179577,-0.748800252891336,0.));
#3791=DIRECTION('center_axis',(0.,0.,1.));
#3792=DIRECTION('ref_axis',(-0.728466681666186,-0.685081231462558,0.));
#3793=DIRECTION('center_axis',(0.,0.,1.));
#3794=DIRECTION('ref_axis',(-0.728466681666186,-0.685081231462558,0.));
#3795=DIRECTION('',(0.,0.,1.));
#3796=DIRECTION('center_axis',(0.,0.,1.));
#3797=DIRECTION('ref_axis',(-0.728466681666186,-0.685081231462558,0.));
#3798=DIRECTION('',(0.,0.,1.));
#3799=DIRECTION('',(0.,0.,1.));
#3800=DIRECTION('center_axis',(0.,0.,1.));
#3801=DIRECTION('ref_axis',(0.641891741023189,-0.766795274376556,0.));
#3802=DIRECTION('',(0.,0.,1.));
#3803=DIRECTION('center_axis',(0.,0.,1.));
#3804=DIRECTION('ref_axis',(0.641891741023189,-0.766795274376556,0.));
#3805=DIRECTION('',(0.,0.,1.));
#3806=DIRECTION('',(0.,0.,1.));
#3807=DIRECTION('',(0.,0.,1.));
#3808=DIRECTION('',(0.,0.,1.));
#3809=DIRECTION('center_axis',(0.,0.,1.));
#3810=DIRECTION('ref_axis',(0.859069189033378,-0.511859481160146,0.));
#3811=DIRECTION('',(0.,0.,1.));
#3812=DIRECTION('center_axis',(0.,0.,1.));
#3813=DIRECTION('ref_axis',(0.859069189033378,-0.511859481160146,0.));
#3814=DIRECTION('',(0.,0.,1.));
#3815=DIRECTION('center_axis',(0.,0.,1.));
#3816=DIRECTION('ref_axis',(0.675349428343404,-0.737497898055471,0.));
#3817=DIRECTION('',(0.,0.,1.));
#3818=DIRECTION('center_axis',(0.,0.,1.));
#3819=DIRECTION('ref_axis',(0.675349428343404,-0.737497898055471,0.));
#3820=DIRECTION('center_axis',(0.,0.,1.));
#3821=DIRECTION('ref_axis',(0.123822550407512,0.992304376696273,0.));
#3822=DIRECTION('center_axis',(0.,0.,1.));
#3823=DIRECTION('ref_axis',(0.123822550407512,0.992304376696273,0.));
#3824=DIRECTION('',(0.,0.,1.));
#3825=DIRECTION('center_axis',(0.,0.,1.));
#3826=DIRECTION('ref_axis',(0.123822550407512,0.992304376696273,0.));
#3827=DIRECTION('',(0.,0.,1.));
#3828=DIRECTION('',(0.,0.,1.));
#3829=DIRECTION('center_axis',(0.,0.,1.));
#3830=DIRECTION('ref_axis',(0.642843327339671,-0.765997687003597,0.));
#3831=DIRECTION('',(0.,0.,1.));
#3832=DIRECTION('center_axis',(0.,0.,1.));
#3833=DIRECTION('ref_axis',(0.642843327339671,-0.765997687003597,0.));
#3834=DIRECTION('center_axis',(0.,0.,1.));
#3835=DIRECTION('ref_axis',(-0.657011942440278,-0.753880167858827,0.));
#3836=DIRECTION('',(0.,0.,1.));
#3837=DIRECTION('center_axis',(0.,0.,1.));
#3838=DIRECTION('ref_axis',(-0.657011942440278,-0.753880167858827,0.));
#3839=DIRECTION('',(0.,0.,1.));
#3840=DIRECTION('center_axis',(0.,0.,1.));
#3841=DIRECTION('ref_axis',(0.904668996048981,0.426115016853113,0.));
#3842=DIRECTION('center_axis',(0.,0.,1.));
#3843=DIRECTION('ref_axis',(0.904668996048981,0.426115016853113,0.));
#3844=DIRECTION('',(0.,0.,1.));
#3845=DIRECTION('center_axis',(0.,0.,1.));
#3846=DIRECTION('ref_axis',(0.904668996048981,0.426115016853113,0.));
#3847=DIRECTION('center_axis',(1.37531419147211E-15,-1.,0.));
#3848=DIRECTION('ref_axis',(1.,1.37531419147211E-15,0.));
#3849=DIRECTION('',(1.,1.37531419147211E-15,0.));
#3850=DIRECTION('',(0.,0.,1.));
#3851=DIRECTION('',(1.,1.37531419147211E-15,0.));
#3852=DIRECTION('',(0.,0.,1.));
#3853=DIRECTION('center_axis',(0.,0.,-1.));
#3854=DIRECTION('ref_axis',(-0.294245440456114,0.95572988902241,0.));
#3855=DIRECTION('center_axis',(0.,0.,-1.));
#3856=DIRECTION('ref_axis',(-0.294245440456114,0.95572988902241,0.));
#3857=DIRECTION('center_axis',(0.,0.,1.));
#3858=DIRECTION('ref_axis',(1.,0.,0.));
#3859=DIRECTION('center_axis',(0.,0.,1.));
#3860=DIRECTION('ref_axis',(1.,0.,0.));
#3861=DIRECTION('center_axis',(0.,0.,1.));
#3862=DIRECTION('ref_axis',(1.,0.,0.));
#3863=DIRECTION('',(-1.,0.,0.));
#3864=DIRECTION('',(4.62592926927149E-17,-1.,0.));
#3865=DIRECTION('center_axis',(0.,0.,1.));
#3866=DIRECTION('ref_axis',(-1.,0.,0.));
#3867=DIRECTION('',(-1.,0.,0.));
#3868=DIRECTION('center_axis',(0.,0.,1.));
#3869=DIRECTION('ref_axis',(1.,0.,0.));
#3870=DIRECTION('',(0.,1.,0.));
#3871=DIRECTION('center_axis',(0.,0.,1.));
#3872=DIRECTION('ref_axis',(1.,0.,0.));
#3873=DIRECTION('center_axis',(0.,0.,-1.));
#3874=DIRECTION('ref_axis',(-1.,0.,0.));
#3875=DIRECTION('',(-4.62592926927149E-17,1.,0.));
#3876=DIRECTION('center_axis',(0.,0.,1.));
#3877=DIRECTION('ref_axis',(1.,0.,0.));
#3878=DIRECTION('',(4.62592926927149E-17,-1.,0.));
#3879=DIRECTION('center_axis',(0.,0.,-1.));
#3880=DIRECTION('ref_axis',(1.,0.,0.));
#3881=DIRECTION('center_axis',(0.,0.,1.));
#3882=DIRECTION('ref_axis',(-1.,0.,0.));
#3883=DIRECTION('',(0.,-1.,0.));
#3884=DIRECTION('center_axis',(0.,0.,1.));
#3885=DIRECTION('ref_axis',(-1.,0.,0.));
#3886=DIRECTION('',(-1.,0.,0.));
#3887=DIRECTION('center_axis',(0.,0.,1.));
#3888=DIRECTION('ref_axis',(1.,0.,0.));
#3889=DIRECTION('',(-4.62592926927149E-17,1.,0.));
#3890=DIRECTION('center_axis',(0.,0.,-1.));
#3891=DIRECTION('ref_axis',(1.,0.,0.));
#3892=DIRECTION('',(0.,-1.,0.));
#3893=DIRECTION('center_axis',(0.,0.,-1.));
#3894=DIRECTION('ref_axis',(-1.,0.,0.));
#3895=DIRECTION('',(0.,1.,0.));
#3896=DIRECTION('center_axis',(0.,0.,-1.));
#3897=DIRECTION('ref_axis',(-1.,0.,0.));
#3898=DIRECTION('center_axis',(0.,0.,-1.));
#3899=DIRECTION('ref_axis',(1.,0.,0.));
#3900=DIRECTION('',(0.,-1.,0.));
#3901=DIRECTION('center_axis',(0.,0.,-1.));
#3902=DIRECTION('ref_axis',(-1.,0.,0.));
#3903=DIRECTION('',(-1.73472347597681E-16,1.,0.));
#3904=DIRECTION('center_axis',(0.,0.,-1.));
#3905=DIRECTION('ref_axis',(-1.,0.,0.));
#3906=DIRECTION('center_axis',(0.,0.,-1.));
#3907=DIRECTION('ref_axis',(-1.,0.,0.));
#3908=DIRECTION('center_axis',(1.44560289664734E-15,-1.3010426069826E-16,
1.));
#3909=DIRECTION('ref_axis',(-1.,0.,0.));
#3910=DIRECTION('',(0.,0.,-1.));
#3911=DIRECTION('center_axis',(0.,0.,1.));
#3912=DIRECTION('ref_axis',(-1.,0.,0.));
#3913=DIRECTION('center_axis',(1.51803101305661E-15,0.,1.));
#3914=DIRECTION('ref_axis',(-1.,0.,0.));
#3915=DIRECTION('center_axis',(0.,0.,-1.));
#3916=DIRECTION('ref_axis',(-1.,0.,0.));
#3917=DIRECTION('',(0.702153052995151,-8.59889488862052E-17,0.712026045991008));
#3918=DIRECTION('center_axis',(0.,0.,-1.));
#3919=DIRECTION('ref_axis',(-1.,0.,0.));
#3920=DIRECTION('',(0.0139621803391822,-1.70987394614976E-18,-0.999902524009304));
#3921=DIRECTION('center_axis',(0.,0.,1.));
#3922=DIRECTION('ref_axis',(-1.,0.,0.));
#3923=DIRECTION('',(-3.75035391630958E-12,0.712026045990998,-0.702153052995161));
#3924=DIRECTION('center_axis',(1.61470146734248E-18,-0.0139621803391453,
0.999902524009304));
#3925=DIRECTION('ref_axis',(-3.00926553810506E-36,-0.999902524009304,-0.0139621803391453));
#3926=DIRECTION('',(-0.00872568493544894,0.999864458206727,0.0139616488057332));
#3927=DIRECTION('',(-1.,-2.25447530809182E-20,1.61454407271727E-18));
#3928=DIRECTION('',(-0.00872568493544894,-0.999864458206727,-0.0139616488057332));
#3929=DIRECTION('center_axis',(0.,0.,1.));
#3930=DIRECTION('ref_axis',(1.,0.,0.));
#3931=DIRECTION('center_axis',(0.,0.,1.));
#3932=DIRECTION('ref_axis',(1.,0.,0.));
#3933=DIRECTION('',(0.,0.,1.));
#3934=DIRECTION('center_axis',(0.,0.,1.));
#3935=DIRECTION('ref_axis',(1.,0.,0.));
#3936=DIRECTION('center_axis',(0.,0.,1.));
#3937=DIRECTION('ref_axis',(1.,0.,0.));
#3938=DIRECTION('center_axis',(0.,0.,1.));
#3939=DIRECTION('ref_axis',(1.,0.,0.));
#3940=DIRECTION('',(0.0139621803391352,1.709873946144E-18,-0.999902524009304));
#3941=DIRECTION('center_axis',(0.,0.,-1.));
#3942=DIRECTION('ref_axis',(1.,0.,0.));
#3943=DIRECTION('center_axis',(0.,0.,1.));
#3944=DIRECTION('ref_axis',(1.,0.,0.));
#3945=DIRECTION('center_axis',(0.,0.,1.));
#3946=DIRECTION('ref_axis',(1.,0.,0.));
#3947=DIRECTION('center_axis',(0.,0.,-1.));
#3948=DIRECTION('ref_axis',(1.,0.,0.));
#3949=DIRECTION('',(-0.707106781186548,-8.65956056235494E-17,-0.707106781186547));
#3950=DIRECTION('center_axis',(0.,0.,1.));
#3951=DIRECTION('ref_axis',(1.,0.,0.));
#3952=DIRECTION('center_axis',(-0.702153052995159,0.,-0.712026045991));
#3953=DIRECTION('ref_axis',(-0.712026045991,0.,0.702153052995159));
#3954=DIRECTION('',(-0.712026045990999,0.,0.70215305299516));
#3955=DIRECTION('',(0.,1.,0.));
#3956=DIRECTION('',(0.712026045990999,0.,-0.70215305299516));
#3957=DIRECTION('center_axis',(0.,0.,-1.));
#3958=DIRECTION('ref_axis',(-1.,0.,0.));
#3959=DIRECTION('',(0.712026045991388,1.29937080119886E-15,0.702153052994766));
#3960=DIRECTION('center_axis',(0.,1.42948036210316E-17,1.));
#3961=DIRECTION('ref_axis',(-1.,0.,0.));
#3962=DIRECTION('center_axis',(0.702153052995164,1.2180413847595E-16,-0.712026045990995));
#3963=DIRECTION('ref_axis',(-0.712026045990995,0.,-0.702153052995164));
#3964=DIRECTION('',(0.712026045990585,0.,0.70215305299558));
#3965=DIRECTION('',(1.73472347597681E-16,-1.,0.));
#3966=DIRECTION('center_axis',(0.,0.,-1.));
#3967=DIRECTION('ref_axis',(-1.,0.,0.));
#3968=DIRECTION('center_axis',(0.,0.,1.));
#3969=DIRECTION('ref_axis',(-1.,0.,0.));
#3970=DIRECTION('center_axis',(0.,0.,-1.));
#3971=DIRECTION('ref_axis',(-1.,0.,0.));
#3972=DIRECTION('',(0.0139621803391453,0.,-0.999902524009304));
#3973=DIRECTION('center_axis',(0.,0.,-1.));
#3974=DIRECTION('ref_axis',(-1.,0.,0.));
#3975=DIRECTION('',(0.0139621803391453,0.,0.999902524009304));
#3976=DIRECTION('center_axis',(-0.999902524009304,0.,-0.0139621803391453));
#3977=DIRECTION('ref_axis',(-0.0139621803391453,0.,0.999902524009304));
#3978=DIRECTION('',(-0.0139621803391453,0.,0.999902524009304));
#3979=DIRECTION('',(0.,1.,0.));
#3980=DIRECTION('center_axis',(-0.702153052995164,0.,-0.712026045990995));
#3981=DIRECTION('ref_axis',(-0.712026045990995,0.,0.702153052995164));
#3982=DIRECTION('',(-0.712026045990996,0.,0.702153052995163));
#3983=DIRECTION('',(0.,1.,0.));
#3984=DIRECTION('',(0.712026045990996,0.,-0.702153052995163));
#3985=DIRECTION('center_axis',(0.,0.,-1.));
#3986=DIRECTION('ref_axis',(-1.,0.,0.));
#3987=DIRECTION('',(0.712026045990775,0.,0.702153052995387));
#3988=DIRECTION('center_axis',(0.,0.,1.));
#3989=DIRECTION('ref_axis',(-1.,0.,0.));
#3990=DIRECTION('center_axis',(0.702153052995159,0.,-0.712026045991));
#3991=DIRECTION('ref_axis',(-0.712026045991,0.,-0.702153052995159));
#3992=DIRECTION('',(0.712026045990587,0.,0.702153052995578));
#3993=DIRECTION('',(0.,-1.,0.));
#3994=DIRECTION('center_axis',(0.,0.,-1.));
#3995=DIRECTION('ref_axis',(-1.,0.,-6.72591651303344E-18));
#3996=DIRECTION('center_axis',(-1.42948036210295E-17,1.42948036210295E-17,
1.));
#3997=DIRECTION('ref_axis',(-1.,0.,-1.42948036210295E-17));
#3998=DIRECTION('center_axis',(0.,0.,-1.));
#3999=DIRECTION('ref_axis',(-1.,0.,0.));
#4000=DIRECTION('',(0.0139621803391453,0.,-0.999902524009304));
#4001=DIRECTION('center_axis',(0.,0.,-1.));
#4002=DIRECTION('ref_axis',(-1.,0.,0.));
#4003=DIRECTION('',(0.0139621803391453,0.,0.999902524009304));
#4004=DIRECTION('center_axis',(-0.999902524009304,0.,-0.0139621803391453));
#4005=DIRECTION('ref_axis',(-0.0139621803391453,0.,0.999902524009304));
#4006=DIRECTION('',(-0.0139621803391453,0.,0.999902524009304));
#4007=DIRECTION('',(0.,1.,0.));
#4008=DIRECTION('center_axis',(0.,0.702153052995156,-0.712026045991003));
#4009=DIRECTION('ref_axis',(-1.,0.,0.));
#4010=DIRECTION('',(0.580018677962896,0.580018677962905,0.571976106518741));
#4011=DIRECTION('',(1.,0.,0.));
#4012=DIRECTION('',(0.580018677962898,-0.580018677962904,-0.57197610651874));
#4013=DIRECTION('center_axis',(0.702153052995161,3.24811035935865E-17,-0.712026045990998));
#4014=DIRECTION('ref_axis',(-0.712026045990998,0.,-0.702153052995161));
#4015=DIRECTION('',(0.712026045990128,0.,0.702153052996043));
#4016=DIRECTION('',(4.62592926927149E-17,-1.,0.));
#4017=DIRECTION('center_axis',(0.,0.,1.));
#4018=DIRECTION('ref_axis',(1.,0.,0.));
#4019=DIRECTION('',(-2.59874160239652E-15,0.71202604599171,0.702153052994438));
#4020=DIRECTION('center_axis',(0.,0.,-1.));
#4021=DIRECTION('ref_axis',(1.,0.,0.));
#4022=DIRECTION('center_axis',(0.,0.702153052995161,-0.712026045990998));
#4023=DIRECTION('ref_axis',(-1.,0.,0.));
#4024=DIRECTION('',(0.,0.712026045990998,0.702153052995161));
#4025=DIRECTION('',(1.,0.,0.));
#4026=DIRECTION('center_axis',(0.,0.,1.));
#4027=DIRECTION('ref_axis',(-1.,0.,0.));
#4028=DIRECTION('',(-0.712026045991767,0.,0.702153052994381));
#4029=DIRECTION('center_axis',(0.,0.,-1.));
#4030=DIRECTION('ref_axis',(-1.,0.,0.));
#4031=DIRECTION('center_axis',(-0.702153052995161,0.,-0.712026045990998));
#4032=DIRECTION('ref_axis',(-0.712026045990998,0.,0.702153052995161));
#4033=DIRECTION('',(-0.712026045990875,0.,0.702153052995286));
#4034=DIRECTION('',(0.,1.,0.));
#4035=DIRECTION('center_axis',(0.,0.,1.));
#4036=DIRECTION('ref_axis',(-1.,-6.13947713351338E-17,0.));
#4037=DIRECTION('',(5.19748320479688E-15,-0.71202604599119,0.702153052994967));
#4038=DIRECTION('center_axis',(0.,0.,-1.));
#4039=DIRECTION('ref_axis',(-1.,-1.18792995020696E-16,0.));
#4040=DIRECTION('center_axis',(0.,3.70110418421422E-15,-1.));
#4041=DIRECTION('ref_axis',(1.,0.,-3.28598205487422E-18));
#4042=DIRECTION('',(-0.712026045991613,-2.59874160239687E-15,0.702153052994537));
#4043=DIRECTION('center_axis',(6.76692121481812E-18,-6.76692121481812E-18,
1.));
#4044=DIRECTION('ref_axis',(1.,0.,-6.76692121481812E-18));
#4045=DIRECTION('center_axis',(-0.702153052995161,-3.24811035935865E-17,
-0.712026045990998));
#4046=DIRECTION('ref_axis',(-0.712026045990998,0.,0.702153052995161));
#4047=DIRECTION('',(-0.712026045990997,0.,0.702153052995162));
#4048=DIRECTION('',(-4.62592926927149E-17,1.,0.));
#4049=DIRECTION('center_axis',(-4.6263802302677E-16,0.,1.));
#4050=DIRECTION('ref_axis',(1.,0.,0.));
#4051=DIRECTION('',(0.712026045990993,5.19748320479831E-15,0.702153052995166));
#4052=DIRECTION('center_axis',(0.,0.,-1.));
#4053=DIRECTION('ref_axis',(1.,0.,0.));
#4054=DIRECTION('center_axis',(0.702153052995164,3.24811035935866E-17,-0.712026045990995));
#4055=DIRECTION('ref_axis',(-0.712026045990995,0.,-0.702153052995164));
#4056=DIRECTION('',(0.712026045990107,0.,0.702153052996065));
#4057=DIRECTION('',(4.62592926927149E-17,-1.,0.));
#4058=DIRECTION('center_axis',(0.,0.,-1.));
#4059=DIRECTION('ref_axis',(-1.,0.,0.));
#4060=DIRECTION('',(0.,-0.712026045990933,0.702153052995226));
#4061=DIRECTION('center_axis',(0.,0.,1.));
#4062=DIRECTION('ref_axis',(-1.,0.,0.));
#4063=DIRECTION('center_axis',(0.,0.,1.));
#4064=DIRECTION('ref_axis',(1.,0.,0.));
#4065=DIRECTION('',(0.712026045992551,0.,0.702153052993586));
#4066=DIRECTION('center_axis',(0.,0.,-1.));
#4067=DIRECTION('ref_axis',(1.,0.,0.));
#4068=DIRECTION('center_axis',(0.702153052995161,0.,-0.712026045990998));
#4069=DIRECTION('ref_axis',(-0.712026045990998,0.,-0.702153052995161));
#4070=DIRECTION('',(0.712026045990875,0.,0.702153052995286));
#4071=DIRECTION('',(0.,-1.,0.));
#4072=DIRECTION('center_axis',(0.,0.,1.));
#4073=DIRECTION('ref_axis',(1.,0.,0.));
#4074=DIRECTION('',(0.,0.712026045991523,0.702153052994628));
#4075=DIRECTION('center_axis',(0.,0.,-1.));
#4076=DIRECTION('ref_axis',(1.,0.,0.));
#4077=DIRECTION('center_axis',(0.,0.702153052995161,-0.712026045990998));
#4078=DIRECTION('ref_axis',(-1.,0.,0.));
#4079=DIRECTION('',(0.,0.712026045990601,0.702153052995564));
#4080=DIRECTION('',(1.,0.,0.));
#4081=DIRECTION('center_axis',(-3.70110418421416E-15,0.,1.));
#4082=DIRECTION('ref_axis',(-1.,0.,0.));
#4083=DIRECTION('',(-0.712026045990689,0.,0.702153052995474));
#4084=DIRECTION('center_axis',(0.,0.,-1.));
#4085=DIRECTION('ref_axis',(-1.,0.,0.));
#4086=DIRECTION('center_axis',(-0.702153052995161,-3.24811035935865E-17,
-0.712026045990998));
#4087=DIRECTION('ref_axis',(-0.712026045990998,0.,0.702153052995161));
#4088=DIRECTION('',(-4.62592926927149E-17,1.,0.));
#4089=DIRECTION('center_axis',(0.999902524009304,4.62547835223308E-17,-0.0139621803391453));
#4090=DIRECTION('ref_axis',(-0.0139621803391453,0.,-0.999902524009304));
#4091=DIRECTION('',(0.0139621803391453,0.,0.999902524009304));
#4092=DIRECTION('',(-0.000194961480181648,-0.999902505006167,-0.0139621800737941));
#4093=DIRECTION('',(-0.0139621803391453,0.,-0.999902524009304));
#4094=DIRECTION('center_axis',(0.,0.,-1.));
#4095=DIRECTION('ref_axis',(-1.,0.,0.));
#4096=DIRECTION('',(1.01556174249653E-17,0.0139621803391453,-0.999902524009304));
#4097=DIRECTION('center_axis',(0.,0.,-1.));
#4098=DIRECTION('ref_axis',(-1.,0.,0.));
#4099=DIRECTION('center_axis',(7.22911231822982E-18,0.0139621803391453,
-0.999902524009304));
#4100=DIRECTION('ref_axis',(-7.62331777808636E-9,0.999902524009304,0.0139621803391453));
#4101=DIRECTION('center_axis',(0.,0.,1.));
#4102=DIRECTION('ref_axis',(1.,0.,0.));
#4103=DIRECTION('',(-0.0139621803391453,0.,-0.999902524009304));
#4104=DIRECTION('center_axis',(0.,0.,-1.));
#4105=DIRECTION('ref_axis',(1.,0.,0.));
#4106=DIRECTION('center_axis',(0.999902524009304,0.,-0.0139621803391453));
#4107=DIRECTION('ref_axis',(-0.0139621803391453,0.,-0.999902524009304));
#4108=DIRECTION('',(-0.0139621803391453,1.70987394614524E-18,-0.999902524009304));
#4109=DIRECTION('',(0.,-1.,0.));
#4110=DIRECTION('center_axis',(0.,0.,1.));
#4111=DIRECTION('ref_axis',(1.,0.,0.));
#4112=DIRECTION('',(0.,-0.0139621803391453,-0.999902524009304));
#4113=DIRECTION('center_axis',(0.,0.,-1.));
#4114=DIRECTION('ref_axis',(1.,0.,0.));
#4115=DIRECTION('center_axis',(0.,0.999902524009304,-0.0139621803391453));
#4116=DIRECTION('ref_axis',(0.,0.0139621803391453,0.999902524009304));
#4117=DIRECTION('',(-2.56481091921786E-18,-0.0139621803391453,-0.999902524009304));
#4118=DIRECTION('',(1.,0.,0.));
#4119=DIRECTION('center_axis',(0.,0.,1.));
#4120=DIRECTION('ref_axis',(1.,0.,0.));
#4121=DIRECTION('',(0.0139621803391453,0.,-0.999902524009304));
#4122=DIRECTION('center_axis',(0.,0.,-1.));
#4123=DIRECTION('ref_axis',(1.,0.,0.));
#4124=DIRECTION('center_axis',(-0.999902524009304,-4.62547835223308E-17,
-0.0139621803391453));
#4125=DIRECTION('ref_axis',(-0.0139621803391453,0.,0.999902524009304));
#4126=DIRECTION('',(0.0139608196270579,-0.013960819627058,-0.999805076517759));
#4127=DIRECTION('',(-4.62502747914825E-17,1.,-6.45817629086909E-19));
#4128=DIRECTION('center_axis',(0.,0.999902524009304,-0.0139621803391453));
#4129=DIRECTION('ref_axis',(0.,0.0139621803391453,0.999902524009304));
#4130=DIRECTION('',(-0.013960819627058,-0.013960819627058,-0.999805076517759));
#4131=DIRECTION('',(1.,0.,0.));
#4132=DIRECTION('',(0.0139608196270579,-0.0139608196270583,-0.999805076517759));
#4133=DIRECTION('',(-1.,0.,0.));
#4134=DIRECTION('',(0.013960819627058,0.0139608196270583,0.999805076517759));
#4135=DIRECTION('',(1.,0.,0.));
#4136=DIRECTION('center_axis',(0.,0.,-1.));
#4137=DIRECTION('ref_axis',(1.,0.,0.));
#4138=DIRECTION('',(0.707106781186547,-8.65956056235493E-17,0.707106781186548));
#4139=DIRECTION('center_axis',(0.,0.,1.));
#4140=DIRECTION('ref_axis',(1.,0.,0.));
#4141=DIRECTION('center_axis',(0.,0.,-1.));
#4142=DIRECTION('ref_axis',(1.,0.,0.));
#4143=DIRECTION('center_axis',(0.,0.,1.));
#4144=DIRECTION('ref_axis',(1.,0.,0.));
#4145=DIRECTION('',(0.,0.,-1.));
#4146=DIRECTION('center_axis',(0.,0.,1.));
#4147=DIRECTION('ref_axis',(1.,0.,0.));
#4148=DIRECTION('center_axis',(0.,0.,1.));
#4149=DIRECTION('ref_axis',(1.,0.,0.));
#4150=DIRECTION('',(0.707106781186547,8.65956056235492E-17,-0.707106781186548));
#4151=DIRECTION('center_axis',(0.,0.,-1.));
#4152=DIRECTION('ref_axis',(1.,0.,0.));
#4153=DIRECTION('center_axis',(0.,0.,-1.));
#4154=DIRECTION('ref_axis',(1.,0.,0.));
#4155=DIRECTION('',(0.,0.,-1.));
#4156=DIRECTION('center_axis',(0.,0.,-1.));
#4157=DIRECTION('ref_axis',(1.,0.,0.));
#4158=DIRECTION('center_axis',(0.,0.,1.));
#4159=DIRECTION('ref_axis',(-1.,0.,0.));
#4160=DIRECTION('center_axis',(0.,0.,-1.));
#4161=DIRECTION('ref_axis',(-1.,0.,0.));
#4162=DIRECTION('center_axis',(0.,0.,-1.));
#4163=DIRECTION('ref_axis',(1.,0.,0.));
#4164=DIRECTION('center_axis',(0.,0.,1.));
#4165=DIRECTION('ref_axis',(-1.,0.,0.));
#4166=DIRECTION('center_axis',(1.44560289664734E-15,-1.3010426069826E-16,
1.));
#4167=DIRECTION('ref_axis',(-1.,0.,0.));
#4168=DIRECTION('',(-0.0871557427476582,1.0673500138323E-17,-0.996194698091746));
#4169=DIRECTION('center_axis',(0.,0.702153052995163,-0.712026045990996));
#4170=DIRECTION('ref_axis',(-1.,0.,0.));
#4171=DIRECTION('',(-0.00980407204233508,-0.7119918252579,-0.702119306768666));
#4172=DIRECTION('',(-0.00980407204233488,0.7119918252579,0.702119306768666));
#4173=DIRECTION('',(1.,0.,0.));
#4174=DIRECTION('center_axis',(8.09616540296859E-17,0.,1.));
#4175=DIRECTION('ref_axis',(1.,0.,0.));
#4176=DIRECTION('center_axis',(0.,0.,-1.));
#4177=DIRECTION('ref_axis',(1.,0.,0.));
#4178=DIRECTION('center_axis',(-1.44560289664734E-15,1.3010426069826E-16,
-1.));
#4179=DIRECTION('ref_axis',(-1.,0.,1.44560289664734E-15));
#4180=DIRECTION('',(-1.,-1.15648231731787E-16,1.44560289664734E-15));
#4181=DIRECTION('',(4.80760089296902E-17,-1.,-1.3010426069826E-16));
#4182=DIRECTION('',(1.,2.01857359663873E-17,-1.44560289664734E-15));
#4183=DIRECTION('',(-4.44425764557396E-17,1.,1.3010426069826E-16));
#4184=DIRECTION('center_axis',(-0.999902524009304,-4.62547835223308E-17,
0.0139621803391453));
#4185=DIRECTION('ref_axis',(0.0139621803391453,0.,0.999902524009304));
#4186=DIRECTION('',(-0.013960819627058,0.0139608196270546,-0.999805076517759));
#4187=DIRECTION('',(0.,1.,0.));
#4188=DIRECTION('',(0.0139621803391448,0.,0.999902524009304));
#4189=DIRECTION('center_axis',(0.,0.999902524009304,0.0139621803391419));
#4190=DIRECTION('ref_axis',(0.,-0.0139621803391419,0.999902524009304));
#4191=DIRECTION('',(-0.013960819627058,-0.0139608196270546,0.999805076517759));
#4192=DIRECTION('',(-1.,0.,0.));
#4193=DIRECTION('',(-1.,0.,0.));
#4194=DIRECTION('',(-1.,0.,0.));
#4195=DIRECTION('center_axis',(0.999902524009304,4.62547835223308E-17,0.0139621803391453));
#4196=DIRECTION('ref_axis',(0.0139621803391453,0.,-0.999902524009304));
#4197=DIRECTION('',(0.0139621803391458,0.,-0.999902524009304));
#4198=DIRECTION('',(0.,-1.,0.));
#4199=DIRECTION('center_axis',(-1.15648231731787E-16,1.,0.));
#4200=DIRECTION('ref_axis',(-1.,-1.15648231731787E-16,0.));
#4201=DIRECTION('',(1.,0.,0.));
#4202=DIRECTION('',(-1.,-2.25447530809182E-20,1.61454407271727E-18));
#4203=DIRECTION('',(0.,0.,-1.));
#4204=DIRECTION('',(1.,0.,-1.44560289664734E-15));
#4205=DIRECTION('',(0.,0.,1.));
#4206=DIRECTION('',(0.,0.,-1.));
#4207=DIRECTION('',(1.,0.,1.44560289664734E-15));
#4208=DIRECTION('',(0.,0.,1.));
#4209=DIRECTION('',(-1.,-2.25447530809182E-20,1.61454407271727E-18));
#4210=DIRECTION('',(1.,0.,0.));
#4211=DIRECTION('center_axis',(0.,0.,1.));
#4212=DIRECTION('ref_axis',(6.12323399573677E-17,1.,0.));
#4213=DIRECTION('center_axis',(0.,0.,-1.));
#4214=DIRECTION('ref_axis',(1.,0.,0.));
#4215=DIRECTION('center_axis',(0.,0.,-1.));
#4216=DIRECTION('ref_axis',(1.,0.,0.));
#4217=DIRECTION('center_axis',(0.999902524009304,1.7345543820874E-16,-0.0139621803391453));
#4218=DIRECTION('ref_axis',(-0.0139621803391453,0.,-0.999902524009304));
#4219=DIRECTION('',(1.73438530468059E-16,-1.,-2.42181610907591E-18));
#4220=DIRECTION('',(-0.0139621803391453,0.,-0.999902524009304));
#4221=DIRECTION('center_axis',(0.,0.,-1.));
#4222=DIRECTION('ref_axis',(-1.,0.,0.));
#4223=DIRECTION('center_axis',(0.,0.,-1.));
#4224=DIRECTION('ref_axis',(-1.,0.,0.));
#4225=DIRECTION('center_axis',(0.999902524009304,0.,-0.0139621803391453));
#4226=DIRECTION('ref_axis',(-0.0139621803391453,0.,-0.999902524009304));
#4227=DIRECTION('',(0.,-1.,0.));
#4228=DIRECTION('',(-0.0139621803391453,0.,-0.999902524009304));
#4229=DIRECTION('center_axis',(0.,0.,-1.));
#4230=DIRECTION('ref_axis',(-1.,0.,0.));
#4231=DIRECTION('center_axis',(0.,0.,-1.));
#4232=DIRECTION('ref_axis',(-1.,0.,0.));
#4233=DIRECTION('center_axis',(0.,0.999902524009304,-0.0139621803391453));
#4234=DIRECTION('ref_axis',(0.,0.0139621803391453,0.999902524009304));
#4235=DIRECTION('',(0.,0.0139621803391453,0.999902524009304));
#4236=DIRECTION('',(1.,0.,0.));
#4237=DIRECTION('',(0.,-0.0139621803391453,-0.999902524009304));
#4238=DIRECTION('center_axis',(0.,0.,1.));
#4239=DIRECTION('ref_axis',(1.,0.,0.));
#4240=DIRECTION('center_axis',(0.,0.,-1.));
#4241=DIRECTION('ref_axis',(1.,0.,0.));
#4242=DIRECTION('',(-0.0139621803391453,1.70987394614524E-18,-0.999902524009304));
#4243=DIRECTION('center_axis',(0.999902524009304,4.62547835223308E-17,-0.0139621803391453));
#4244=DIRECTION('ref_axis',(-0.0139621803391453,0.,-0.999902524009304));
#4245=DIRECTION('',(4.62502747914825E-17,-1.,-6.45817629086909E-19));
#4246=DIRECTION('center_axis',(0.,0.,1.));
#4247=DIRECTION('ref_axis',(1.,0.,0.));
#4248=DIRECTION('center_axis',(0.,0.0139621803391452,-0.999902524009304));
#4249=DIRECTION('ref_axis',(-9.43697920844856E-13,0.999902524009304,0.0139621803391452));
#4250=DIRECTION('',(0.0139621803391453,0.,-0.999902524009304));
#4251=DIRECTION('center_axis',(-0.999902524009304,-4.62547835223308E-17,
-0.0139621803391453));
#4252=DIRECTION('ref_axis',(-0.0139621803391453,0.,0.999902524009304));
#4253=DIRECTION('',(-0.000194961480181649,0.999902505006167,0.0139621800737941));
#4254=DIRECTION('',(0.0139621803391453,0.,-0.999902524009304));
#4255=DIRECTION('center_axis',(0.,0.,-1.));
#4256=DIRECTION('ref_axis',(-1.,0.,0.));
#4257=DIRECTION('center_axis',(-1.50004080689648E-16,0.0139621803391452,
-0.999902524009304));
#4258=DIRECTION('ref_axis',(3.65348079630625E-9,0.999902524009304,0.0139621803391452));
#4259=DIRECTION('center_axis',(0.,0.,-1.));
#4260=DIRECTION('ref_axis',(-1.,0.,0.));
#4261=DIRECTION('',(8.5493697307262E-19,-0.0139621803391453,0.999902524009304));
#4262=DIRECTION('center_axis',(0.,0.,1.));
#4263=DIRECTION('ref_axis',(1.,0.,0.));
#4264=DIRECTION('center_axis',(0.,0.,-1.));
#4265=DIRECTION('ref_axis',(1.,9.07196549419091E-16,0.));
#4266=DIRECTION('',(0.0139621803391453,0.,-0.999902524009304));
#4267=DIRECTION('center_axis',(-0.999902524009304,0.,-0.0139621803391453));
#4268=DIRECTION('ref_axis',(-0.0139621803391453,0.,0.999902524009304));
#4269=DIRECTION('',(0.,1.,0.));
#4270=DIRECTION('',(0.0139621803391453,0.,-0.999902524009304));
#4271=DIRECTION('center_axis',(0.,0.,1.));
#4272=DIRECTION('ref_axis',(1.,0.,0.));
#4273=DIRECTION('center_axis',(0.,0.,-1.));
#4274=DIRECTION('ref_axis',(1.,0.,0.));
#4275=DIRECTION('center_axis',(0.,0.,1.));
#4276=DIRECTION('ref_axis',(1.,0.,0.));
#4277=DIRECTION('center_axis',(0.,0.,1.));
#4278=DIRECTION('ref_axis',(1.,0.,0.));
#4279=DIRECTION('center_axis',(0.,0.,1.));
#4280=DIRECTION('ref_axis',(1.,0.,0.));
#4281=DIRECTION('',(0.,1.,0.));
#4282=DIRECTION('center_axis',(0.,0.,1.));
#4283=DIRECTION('ref_axis',(1.,0.,0.));
#4284=DIRECTION('',(0.,-1.,0.));
#4285=DIRECTION('center_axis',(0.999902524009304,-1.36740026238733E-16,
-0.0139621803391453));
#4286=DIRECTION('ref_axis',(-0.0139621803391453,0.,-0.999902524009304));
#4287=DIRECTION('',(1.36753356407629E-16,1.,0.));
#4288=DIRECTION('center_axis',(-0.999902524009304,1.36740026238733E-16,
-0.0139621803391453));
#4289=DIRECTION('ref_axis',(-0.0139621803391453,0.,0.999902524009304));
#4290=DIRECTION('',(-1.36753356407629E-16,-1.,0.));
#4291=DIRECTION('center_axis',(1.61470146734248E-18,-0.0139621803391453,
0.999902524009304));
#4292=DIRECTION('ref_axis',(-3.00926553810506E-36,-0.999902524009304,-0.0139621803391453));
#4293=DIRECTION('',(-0.00872568493544894,-0.999864458206727,-0.0139616488057332));
#4294=DIRECTION('',(-1.,-2.25447530809182E-20,1.61454407271727E-18));
#4295=DIRECTION('',(-0.00872568493544893,0.999864458206727,0.0139616488057332));
#4296=DIRECTION('',(-0.00872568493544864,-0.999864458206727,-0.0139616488057332));
#4297=DIRECTION('',(-1.,-2.25447530809182E-20,1.61454407271727E-18));
#4298=DIRECTION('',(-0.00872568493544894,0.999864458206727,0.0139616488057332));
#4299=DIRECTION('center_axis',(0.,0.,-1.));
#4300=DIRECTION('ref_axis',(-1.,0.,0.));
#4301=DIRECTION('center_axis',(8.94421159731975E-16,0.707106781186544,-0.707106781186551));
#4302=DIRECTION('ref_axis',(0.,0.707106781186551,0.707106781186544));
#4303=DIRECTION('',(-1.,0.,-1.44560289664734E-15));
#4304=DIRECTION('',(-0.00617070990690812,0.707093318572328,0.707093318572321));
#4305=DIRECTION('',(-0.00617070990690932,-0.707093318572328,-0.70709331857232));
#4306=DIRECTION('center_axis',(0.999961923064171,-0.00872653549837384,0.));
#4307=DIRECTION('ref_axis',(0.00872653549837384,0.999961923064171,0.));
#4308=DIRECTION('',(-0.00872653549837384,-0.999961923064171,0.));
#4309=DIRECTION('center_axis',(-0.999961923064171,-0.00872653549837407,
0.));
#4310=DIRECTION('ref_axis',(0.00872653549837407,-0.999961923064171,0.));
#4311=DIRECTION('',(-0.00872653549837407,0.999961923064171,0.));
#4312=DIRECTION('',(-0.00617070990690971,0.70709331857233,0.707093318572318));
#4313=DIRECTION('center_axis',(1.14997006251254E-15,-0.707106781186543,
0.707106781186552));
#4314=DIRECTION('ref_axis',(-9.86076131526265E-32,-0.707106781186552,-0.707106781186543));
#4315=DIRECTION('',(0.00617070990691134,0.707093318572329,0.70709331857232));
#4316=DIRECTION('',(-1.,-8.13151629364128E-16,8.13151629364138E-16));
#4317=DIRECTION('center_axis',(0.999961923064171,-0.00872653549837384,-2.16832177877792E-15));
#4318=DIRECTION('ref_axis',(0.00872653549837384,0.999961923064171,-3.08148791101958E-33));
#4319=DIRECTION('',(-0.00872653549837384,-0.999961923064171,0.));
#4320=DIRECTION('center_axis',(-0.999961923064171,-0.00872653549837407,
2.16516800252939E-15));
#4321=DIRECTION('ref_axis',(0.00872653549837407,-0.999961923064171,3.08148791101958E-33));
#4322=DIRECTION('',(-0.00872653549837407,0.999961923064171,0.));
#4323=DIRECTION('center_axis',(1.44560289664734E-15,1.30104260698261E-16,
-1.));
#4324=DIRECTION('ref_axis',(-1.,0.,-1.44560289664734E-15));
#4325=DIRECTION('center_axis',(-1.44560289664734E-15,1.3010426069826E-16,
-1.));
#4326=DIRECTION('ref_axis',(-1.,0.,1.44560289664734E-15));
#4327=DIRECTION('',(-2.77555756156289E-16,0.,1.));
#4328=DIRECTION('',(-2.77555756156289E-16,0.,1.));
#4329=DIRECTION('',(-2.77555756156289E-16,0.,1.));
#4330=DIRECTION('',(-2.77555756156289E-16,0.,1.));
#4331=DIRECTION('',(-2.77555756156289E-16,0.,1.));
#4332=DIRECTION('',(-2.77555756156289E-16,0.,1.));
#4333=DIRECTION('',(-2.77555756156289E-16,0.,1.));
#4334=DIRECTION('',(-2.77555756156289E-16,0.,1.));
#4335=DIRECTION('',(-2.77555756156289E-16,0.,1.));
#4336=DIRECTION('',(-2.77555756156289E-16,0.,1.));
#4337=DIRECTION('',(-2.77555756156289E-16,0.,1.));
#4338=DIRECTION('',(-2.77555756156289E-16,0.,1.));
#4339=DIRECTION('center_axis',(2.77555756156289E-16,0.,-1.));
#4340=DIRECTION('ref_axis',(0.168267257625386,0.985741411330189,4.6703545926559E-17));
#4341=DIRECTION('',(-2.77555756156289E-16,0.,1.));
#4342=DIRECTION('center_axis',(2.77555756156289E-16,0.,-1.));
#4343=DIRECTION('ref_axis',(0.168267257625386,0.985741411330189,4.6703545926559E-17));
#4344=DIRECTION('',(-2.77555756156289E-16,0.,1.));
#4345=DIRECTION('',(-2.77555756156289E-16,0.,1.));
#4346=DIRECTION('',(-2.77555756156289E-16,0.,1.));
#4347=DIRECTION('center_axis',(2.77555756156289E-16,0.,-1.));
#4348=DIRECTION('ref_axis',(-0.196528181007528,0.980498176474527,-5.45475278855644E-17));
#4349=DIRECTION('',(-2.77555756156289E-16,0.,1.));
#4350=DIRECTION('center_axis',(2.77555756156289E-16,0.,-1.));
#4351=DIRECTION('ref_axis',(-0.196528181007528,0.980498176474527,-5.45475278855644E-17));
#4352=DIRECTION('',(-2.77555756156289E-16,0.,1.));
#4353=DIRECTION('center_axis',(2.77555756156289E-16,0.,-1.));
#4354=DIRECTION('ref_axis',(0.223426784374175,0.974720714884123,6.20133900825424E-17));
#4355=DIRECTION('',(-2.77555756156289E-16,0.,1.));
#4356=DIRECTION('center_axis',(2.77555756156289E-16,0.,-1.));
#4357=DIRECTION('ref_axis',(0.223426784374175,0.974720714884123,6.20133900825424E-17));
#4358=DIRECTION('',(-2.77555756156289E-16,0.,1.));
#4359=DIRECTION('',(-2.77555756156289E-16,0.,1.));
#4360=DIRECTION('',(-2.77555756156289E-16,0.,1.));
#4361=DIRECTION('center_axis',(2.77555756156289E-16,0.,-1.));
#4362=DIRECTION('ref_axis',(0.946041061453016,-0.324046771384705,2.6257914216649E-16));
#4363=DIRECTION('',(-2.77555756156289E-16,0.,1.));
#4364=DIRECTION('center_axis',(2.77555756156289E-16,0.,-1.));
#4365=DIRECTION('ref_axis',(0.946041061453016,-0.324046771384705,2.6257914216649E-16));
#4366=DIRECTION('',(-2.77555756156289E-16,0.,1.));
#4367=DIRECTION('center_axis',(0.,1.,0.));
#4368=DIRECTION('ref_axis',(-1.,0.,-2.77555756156289E-16));
#4369=DIRECTION('',(-1.,0.,-2.77555756156289E-16));
#4370=DIRECTION('',(-2.77555756156289E-16,0.,1.));
#4371=DIRECTION('',(-1.,0.,-2.77555756156289E-16));
#4372=DIRECTION('',(-2.77555756156289E-16,0.,1.));
#4373=DIRECTION('center_axis',(-2.77555756156289E-16,0.,1.));
#4374=DIRECTION('ref_axis',(-0.662795731179577,-0.748800252891336,-1.83962770344708E-16));
#4375=DIRECTION('',(-2.77555756156289E-16,0.,1.));
#4376=DIRECTION('center_axis',(-2.77555756156289E-16,0.,1.));
#4377=DIRECTION('ref_axis',(-0.662795731179577,-0.748800252891336,-1.83962770344708E-16));
#4378=DIRECTION('center_axis',(-2.77555756156289E-16,0.,1.));
#4379=DIRECTION('ref_axis',(-0.728466681666186,-0.685081231462559,-2.02190120664521E-16));
#4380=DIRECTION('center_axis',(-2.77555756156289E-16,0.,1.));
#4381=DIRECTION('ref_axis',(-0.728466681666186,-0.685081231462559,-2.02190120664521E-16));
#4382=DIRECTION('',(-2.77555756156289E-16,0.,1.));
#4383=DIRECTION('center_axis',(-2.77555756156289E-16,0.,1.));
#4384=DIRECTION('ref_axis',(-0.728466681666186,-0.685081231462559,-2.02190120664521E-16));
#4385=DIRECTION('',(-2.77555756156289E-16,0.,1.));
#4386=DIRECTION('',(-2.77555756156289E-16,0.,1.));
#4387=DIRECTION('center_axis',(-2.77555756156289E-16,0.,1.));
#4388=DIRECTION('ref_axis',(0.64189174102319,-0.766795274376557,1.78160747550168E-16));
#4389=DIRECTION('',(-2.77555756156289E-16,0.,1.));
#4390=DIRECTION('center_axis',(-2.77555756156289E-16,0.,1.));
#4391=DIRECTION('ref_axis',(0.64189174102319,-0.766795274376557,1.78160747550168E-16));
#4392=DIRECTION('',(-2.77555756156289E-16,0.,1.));
#4393=DIRECTION('',(-2.77555756156289E-16,0.,1.));
#4394=DIRECTION('',(-2.77555756156289E-16,0.,1.));
#4395=DIRECTION('center_axis',(-2.77555756156289E-16,0.,1.));
#4396=DIRECTION('ref_axis',(0.859069189033378,-0.511859481160146,2.38439598352729E-16));
#4397=DIRECTION('',(-2.77555756156289E-16,0.,1.));
#4398=DIRECTION('center_axis',(-2.77555756156289E-16,0.,1.));
#4399=DIRECTION('ref_axis',(0.859069189033378,-0.511859481160146,2.38439598352729E-16));
#4400=DIRECTION('',(-2.77555756156289E-16,0.,1.));
#4401=DIRECTION('center_axis',(-2.77555756156289E-16,0.,1.));
#4402=DIRECTION('ref_axis',(0.675349428343404,-0.737497898055471,1.87447121253571E-16));
#4403=DIRECTION('',(-2.77555756156289E-16,0.,1.));
#4404=DIRECTION('center_axis',(-2.77555756156289E-16,0.,1.));
#4405=DIRECTION('ref_axis',(0.675349428343404,-0.737497898055471,1.87447121253571E-16));
#4406=DIRECTION('center_axis',(-2.77555756156289E-16,0.,1.));
#4407=DIRECTION('ref_axis',(0.123822550407512,0.992304376696273,3.43676616075572E-17));
#4408=DIRECTION('center_axis',(-2.77555756156289E-16,0.,1.));
#4409=DIRECTION('ref_axis',(0.123822550407512,0.992304376696273,3.43676616075572E-17));
#4410=DIRECTION('',(-2.77555756156289E-16,0.,1.));
#4411=DIRECTION('center_axis',(-2.77555756156289E-16,0.,1.));
#4412=DIRECTION('ref_axis',(0.123822550407512,0.992304376696273,3.43676616075572E-17));
#4413=DIRECTION('',(-2.77555756156289E-16,0.,1.));
#4414=DIRECTION('',(-2.77555756156289E-16,0.,1.));
#4415=DIRECTION('center_axis',(-2.77555756156289E-16,0.,1.));
#4416=DIRECTION('ref_axis',(0.642843327339671,-0.765997687003597,1.78424865809787E-16));
#4417=DIRECTION('',(-2.77555756156289E-16,0.,1.));
#4418=DIRECTION('center_axis',(-2.77555756156289E-16,0.,1.));
#4419=DIRECTION('ref_axis',(0.642843327339671,-0.765997687003597,1.78424865809787E-16));
#4420=DIRECTION('center_axis',(-2.77555756156289E-16,0.,1.));
#4421=DIRECTION('ref_axis',(-0.657011942440278,-0.753880167858827,-1.82357446487724E-16));
#4422=DIRECTION('',(-2.77555756156289E-16,0.,1.));
#4423=DIRECTION('center_axis',(-2.77555756156289E-16,0.,1.));
#4424=DIRECTION('ref_axis',(-0.657011942440278,-0.753880167858827,-1.82357446487724E-16));
#4425=DIRECTION('',(-2.77555756156289E-16,0.,1.));
#4426=DIRECTION('center_axis',(-2.77555756156289E-16,0.,1.));
#4427=DIRECTION('ref_axis',(0.904668996048981,0.426115016853113,2.51096087269526E-16));
#4428=DIRECTION('center_axis',(-2.77555756156289E-16,0.,1.));
#4429=DIRECTION('ref_axis',(0.904668996048981,0.426115016853113,2.51096087269526E-16));
#4430=DIRECTION('',(-2.77555756156289E-16,0.,1.));
#4431=DIRECTION('center_axis',(-2.77555756156289E-16,0.,1.));
#4432=DIRECTION('ref_axis',(0.904668996048981,0.426115016853113,2.51096087269526E-16));
#4433=DIRECTION('center_axis',(1.37531419147211E-15,-1.,3.81726370366518E-31));
#4434=DIRECTION('ref_axis',(1.,1.37531419147211E-15,2.77555756156289E-16));
#4435=DIRECTION('',(1.,1.37531419147211E-15,2.77555756156289E-16));
#4436=DIRECTION('',(-2.77555756156289E-16,0.,1.));
#4437=DIRECTION('',(1.,1.37531419147211E-15,2.77555756156289E-16));
#4438=DIRECTION('',(-2.77555756156289E-16,0.,1.));
#4439=DIRECTION('center_axis',(2.77555756156289E-16,0.,-1.));
#4440=DIRECTION('ref_axis',(-0.294245440456114,0.95572988902241,-8.1669515721337E-17));
#4441=DIRECTION('center_axis',(2.77555756156289E-16,0.,-1.));
#4442=DIRECTION('ref_axis',(-0.294245440456114,0.95572988902241,-8.1669515721337E-17));
#4443=DIRECTION('center_axis',(-2.77555756156289E-16,0.,1.));
#4444=DIRECTION('ref_axis',(1.,0.,2.77555756156289E-16));
#4445=DIRECTION('center_axis',(-2.77555756156289E-16,0.,1.));
#4446=DIRECTION('ref_axis',(1.,0.,2.77555756156289E-16));
#4447=DIRECTION('',(0.,0.,1.));
#4448=DIRECTION('',(1.,0.,0.));
#4449=CARTESIAN_POINT('',(0.,0.,0.));
#4450=CARTESIAN_POINT('',(0.,0.,0.));
#4451=CARTESIAN_POINT('Ctrl Pts',(-1.17031695475302,-4.44923966650131,-5.55111512312578E-16));
#4452=CARTESIAN_POINT('Ctrl Pts',(-1.17031695475302,-4.44923966650131,0.199999999999999));
#4453=CARTESIAN_POINT('Ctrl Pts',(-1.34878869158558,-4.58952264579264,-5.55111512312578E-16));
#4454=CARTESIAN_POINT('Ctrl Pts',(-1.34878869158558,-4.58952264579264,0.199999999999999));
#4455=CARTESIAN_POINT('Ctrl Pts',(-1.38654269757061,-4.6173115222282,-1.38777878078145E-16));
#4456=CARTESIAN_POINT('Ctrl Pts',(-1.38654269757061,-4.6173115222282,0.2));
#4457=CARTESIAN_POINT('Ctrl Pts',(-1.43520911840464,-4.64897435319451,-1.38777878078145E-16));
#4458=CARTESIAN_POINT('Ctrl Pts',(-1.43520911840464,-4.64897435319451,0.2));
#4459=CARTESIAN_POINT('',(-1.170316954753,-4.44923966650129,-1.38777878078145E-16));
#4460=CARTESIAN_POINT('',(-1.43520911840464,-4.64897435319451,-1.38777878078145E-16));
#4461=CARTESIAN_POINT('Ctrl Pts',(-1.17031695475302,-4.44923966650131,-5.55111512312578E-16));
#4462=CARTESIAN_POINT('Ctrl Pts',(-1.34878869158558,-4.58952264579264,-5.55111512312578E-16));
#4463=CARTESIAN_POINT('Ctrl Pts',(-1.38654269757061,-4.6173115222282,-1.38777878078145E-16));
#4464=CARTESIAN_POINT('Ctrl Pts',(-1.43520911840464,-4.64897435319451,-1.38777878078145E-16));
#4465=CARTESIAN_POINT('',(-1.170316954753,-4.44923966650129,0.2));
#4466=CARTESIAN_POINT('',(-1.170316954753,-4.44923966650129,-1.38777878078145E-16));
#4467=CARTESIAN_POINT('',(-1.43520911840464,-4.64897435319451,0.2));
#4468=CARTESIAN_POINT('Ctrl Pts',(-1.17031695475302,-4.44923966650131,0.199999999999999));
#4469=CARTESIAN_POINT('Ctrl Pts',(-1.34878869158558,-4.58952264579264,0.199999999999999));
#4470=CARTESIAN_POINT('Ctrl Pts',(-1.38654269757061,-4.6173115222282,0.2));
#4471=CARTESIAN_POINT('Ctrl Pts',(-1.43520911840464,-4.64897435319451,0.2));
#4472=CARTESIAN_POINT('',(-1.43520911840464,-4.64897435319451,-1.38777878078145E-16));
#4473=CARTESIAN_POINT('Ctrl Pts',(-1.10131477026011,-4.36512539994749,-1.38777878078145E-16));
#4474=CARTESIAN_POINT('Ctrl Pts',(-1.10131477026011,-4.36512539994749,0.2));
#4475=CARTESIAN_POINT('Ctrl Pts',(-1.10431484596886,-4.3688778755959,-1.38777878078145E-16));
#4476=CARTESIAN_POINT('Ctrl Pts',(-1.10431484596886,-4.3688778755959,0.2));
#4477=CARTESIAN_POINT('Ctrl Pts',(-1.10734451204283,-4.37140178700884,1.38777878078145E-16));
#4478=CARTESIAN_POINT('Ctrl Pts',(-1.10734451204283,-4.37140178700884,0.2));
#4479=CARTESIAN_POINT('Ctrl Pts',(-1.11168845881458,-4.37604740405516,1.38777878078145E-16));
#4480=CARTESIAN_POINT('Ctrl Pts',(-1.11168845881458,-4.37604740405516,0.2));
#4481=CARTESIAN_POINT('Ctrl Pts',(-1.1124796586719,-4.37703514400443,1.38777878078145E-16));
#4482=CARTESIAN_POINT('Ctrl Pts',(-1.1124796586719,-4.37703514400443,0.2));
#4483=CARTESIAN_POINT('Ctrl Pts',(-1.12531071270439,-4.39305352993051,1.38777878078145E-16));
#4484=CARTESIAN_POINT('Ctrl Pts',(-1.12531071270439,-4.39305352993051,0.2));
#4485=CARTESIAN_POINT('Ctrl Pts',(-1.13129153081972,-4.40052002897902,1.38777878078145E-16));
#4486=CARTESIAN_POINT('Ctrl Pts',(-1.13129153081972,-4.40052002897902,0.2));
#4487=CARTESIAN_POINT('Ctrl Pts',(-1.14828721754103,-4.42173757418545,-1.38777878078145E-16));
#4488=CARTESIAN_POINT('Ctrl Pts',(-1.14828721754103,-4.42173757418545,0.2));
#4489=CARTESIAN_POINT('Ctrl Pts',(-1.15930208614702,-4.43548862034337,-2.31645064675483E-33));
#4490=CARTESIAN_POINT('Ctrl Pts',(-1.15930208614702,-4.43548862034337,0.2));
#4491=CARTESIAN_POINT('Ctrl Pts',(-1.170316954753,-4.44923966650129,0.));
#4492=CARTESIAN_POINT('Ctrl Pts',(-1.170316954753,-4.44923966650129,0.2));
#4493=CARTESIAN_POINT('',(-1.10131477026011,-4.36512539994749,-1.38777878078145E-16));
#4494=CARTESIAN_POINT('Ctrl Pts',(-1.10131477026011,-4.36512539994749,-1.38777878078145E-16));
#4495=CARTESIAN_POINT('Ctrl Pts',(-1.10431484596886,-4.3688778755959,-1.38777878078145E-16));
#4496=CARTESIAN_POINT('Ctrl Pts',(-1.10734451204283,-4.37140178700884,1.38777878078145E-16));
#4497=CARTESIAN_POINT('Ctrl Pts',(-1.11035143554709,-4.37461752970145,1.38777878078145E-16));
#4498=CARTESIAN_POINT('Ctrl Pts',(-1.11168845881458,-4.37604740405516,1.38777878078145E-16));
#4499=CARTESIAN_POINT('Ctrl Pts',(-1.1124796586719,-4.37703514400443,1.38777878078145E-16));
#4500=CARTESIAN_POINT('Ctrl Pts',(-1.11932989458907,-4.385587030882,1.38777878078145E-16));
#4501=CARTESIAN_POINT('Ctrl Pts',(-1.12531071270439,-4.39305352993051,1.38777878078145E-16));
#4502=CARTESIAN_POINT('Ctrl Pts',(-1.13129153081972,-4.40052002897902,1.38777878078145E-16));
#4503=CARTESIAN_POINT('Ctrl Pts',(-1.13727234893505,-4.40798652802753,4.11054202567157E-17));
#4504=CARTESIAN_POINT('Ctrl Pts',(-1.14828721754103,-4.42173757418545,-1.38777878078145E-16));
#4505=CARTESIAN_POINT('Ctrl Pts',(-1.15930208614702,-4.43548862034337,-5.13581318503263E-32));
#4506=CARTESIAN_POINT('Ctrl Pts',(-1.170316954753,-4.44923966650129,-9.24446373305873E-32));
#4507=CARTESIAN_POINT('',(-1.10131477026011,-4.36512539994749,0.2));
#4508=CARTESIAN_POINT('',(-1.10131477026011,-4.36512539994749,-1.38777878078145E-16));
#4509=CARTESIAN_POINT('Ctrl Pts',(-1.10131477026011,-4.36512539994749,0.2));
#4510=CARTESIAN_POINT('Ctrl Pts',(-1.10431484596886,-4.3688778755959,0.2));
#4511=CARTESIAN_POINT('Ctrl Pts',(-1.10734451204283,-4.37140178700884,0.2));
#4512=CARTESIAN_POINT('Ctrl Pts',(-1.11035143554709,-4.37461752970145,0.2));
#4513=CARTESIAN_POINT('Ctrl Pts',(-1.11168845881458,-4.37604740405516,0.2));
#4514=CARTESIAN_POINT('Ctrl Pts',(-1.1124796586719,-4.37703514400443,0.2));
#4515=CARTESIAN_POINT('Ctrl Pts',(-1.11932989458907,-4.385587030882,0.2));
#4516=CARTESIAN_POINT('Ctrl Pts',(-1.12531071270439,-4.39305352993051,0.2));
#4517=CARTESIAN_POINT('Ctrl Pts',(-1.13129153081972,-4.40052002897902,0.2));
#4518=CARTESIAN_POINT('Ctrl Pts',(-1.13727234893505,-4.40798652802753,0.2));
#4519=CARTESIAN_POINT('Ctrl Pts',(-1.14828721754103,-4.42173757418545,0.2));
#4520=CARTESIAN_POINT('Ctrl Pts',(-1.15930208614702,-4.43548862034337,0.2));
#4521=CARTESIAN_POINT('Ctrl Pts',(-1.170316954753,-4.44923966650129,0.2));
#4522=CARTESIAN_POINT('Ctrl Pts',(-0.856852947750333,-4.01238530290159,
-1.38777878078145E-16));
#4523=CARTESIAN_POINT('Ctrl Pts',(-0.856852947750333,-4.01238530290159,
0.2));
#4524=CARTESIAN_POINT('Ctrl Pts',(-0.924157463588971,-4.14016335618526,
-1.38777878078145E-16));
#4525=CARTESIAN_POINT('Ctrl Pts',(-0.924157463588971,-4.14016335618526,
0.2));
#4526=CARTESIAN_POINT('Ctrl Pts',(-1.00618976263071,-4.25907567155392,-1.38777878078145E-16));
#4527=CARTESIAN_POINT('Ctrl Pts',(-1.00618976263071,-4.25907567155392,0.2));
#4528=CARTESIAN_POINT('Ctrl Pts',(-1.10131477026011,-4.36512539994749,-1.38777878078145E-16));
#4529=CARTESIAN_POINT('Ctrl Pts',(-1.10131477026011,-4.36512539994749,0.2));
#4530=CARTESIAN_POINT('',(-0.856852947750333,-4.01238530290159,-1.38777878078145E-16));
#4531=CARTESIAN_POINT('Ctrl Pts',(-0.856852947750333,-4.01238530290159,
-1.38777878078145E-16));
#4532=CARTESIAN_POINT('Ctrl Pts',(-0.924157463588971,-4.14016335618526,
-1.38777878078145E-16));
#4533=CARTESIAN_POINT('Ctrl Pts',(-1.00618976263071,-4.25907567155392,-1.38777878078145E-16));
#4534=CARTESIAN_POINT('Ctrl Pts',(-1.10131477026011,-4.36512539994749,-1.38777878078145E-16));
#4535=CARTESIAN_POINT('',(-0.856852947750333,-4.01238530290159,0.2));
#4536=CARTESIAN_POINT('',(-0.856852947750333,-4.01238530290159,-1.38777878078145E-16));
#4537=CARTESIAN_POINT('Ctrl Pts',(-0.856852947750333,-4.01238530290159,
0.2));
#4538=CARTESIAN_POINT('Ctrl Pts',(-0.924157463588971,-4.14016335618526,
0.2));
#4539=CARTESIAN_POINT('Ctrl Pts',(-1.00618976263071,-4.25907567155392,0.2));
#4540=CARTESIAN_POINT('Ctrl Pts',(-1.10131477026011,-4.36512539994749,0.2));
#4541=CARTESIAN_POINT('Ctrl Pts',(-0.51885274557139,-3.18215497148066,-1.38777878078145E-16));
#4542=CARTESIAN_POINT('Ctrl Pts',(-0.51885274557139,-3.18215497148066,0.2));
#4543=CARTESIAN_POINT('Ctrl Pts',(-0.714674126186619,-3.85992367875608,
-1.38777878078145E-16));
#4544=CARTESIAN_POINT('Ctrl Pts',(-0.714674126186619,-3.85992367875608,
0.2));
#4545=CARTESIAN_POINT('Ctrl Pts',(-0.855254208126313,-4.01502564561395,
-1.38777878078145E-16));
#4546=CARTESIAN_POINT('Ctrl Pts',(-0.855254208126313,-4.01502564561395,
0.2));
#4547=CARTESIAN_POINT('Ctrl Pts',(-0.856852947750333,-4.01238530290159,
-1.38777878078145E-16));
#4548=CARTESIAN_POINT('Ctrl Pts',(-0.856852947750333,-4.01238530290159,
0.2));
#4549=CARTESIAN_POINT('',(-0.51885274557139,-3.18215497148066,-1.38777878078145E-16));
#4550=CARTESIAN_POINT('Ctrl Pts',(-0.51885274557139,-3.18215497148066,-1.38777878078145E-16));
#4551=CARTESIAN_POINT('Ctrl Pts',(-0.714674126186619,-3.85992367875608,
-1.38777878078145E-16));
#4552=CARTESIAN_POINT('Ctrl Pts',(-0.855254208126313,-4.01502564561395,
-1.38777878078145E-16));
#4553=CARTESIAN_POINT('Ctrl Pts',(-0.856852947750333,-4.01238530290159,
-1.38777878078145E-16));
#4554=CARTESIAN_POINT('',(-0.51885274557139,-3.18215497148066,0.2));
#4555=CARTESIAN_POINT('',(-0.51885274557139,-3.18215497148066,-1.38777878078145E-16));
#4556=CARTESIAN_POINT('Ctrl Pts',(-0.51885274557139,-3.18215497148066,0.2));
#4557=CARTESIAN_POINT('Ctrl Pts',(-0.714674126186619,-3.85992367875608,
0.2));
#4558=CARTESIAN_POINT('Ctrl Pts',(-0.855254208126313,-4.01502564561395,
0.2));
#4559=CARTESIAN_POINT('Ctrl Pts',(-0.856852947750333,-4.01238530290159,
0.2));
#4560=CARTESIAN_POINT('Ctrl Pts',(-0.87161706594493,-2.2912452043298,-1.38777878078145E-16));
#4561=CARTESIAN_POINT('Ctrl Pts',(-0.87161706594493,-2.2912452043298,0.2));
#4562=CARTESIAN_POINT('Ctrl Pts',(-0.70688632635142,-2.56416943681269,-1.38777878078145E-16));
#4563=CARTESIAN_POINT('Ctrl Pts',(-0.70688632635142,-2.56416943681269,0.2));
#4564=CARTESIAN_POINT('Ctrl Pts',(-0.609472214260352,-2.86572564256223,
-1.38777878078145E-16));
#4565=CARTESIAN_POINT('Ctrl Pts',(-0.609472214260352,-2.86572564256223,
0.2));
#4566=CARTESIAN_POINT('Ctrl Pts',(-0.51885274557139,-3.18215497148066,-1.38777878078145E-16));
#4567=CARTESIAN_POINT('Ctrl Pts',(-0.51885274557139,-3.18215497148066,0.2));
#4568=CARTESIAN_POINT('',(-0.87161706594493,-2.2912452043298,-1.38777878078145E-16));
#4569=CARTESIAN_POINT('Ctrl Pts',(-0.87161706594493,-2.2912452043298,-1.38777878078145E-16));
#4570=CARTESIAN_POINT('Ctrl Pts',(-0.70688632635142,-2.56416943681269,-1.38777878078145E-16));
#4571=CARTESIAN_POINT('Ctrl Pts',(-0.609472214260352,-2.86572564256223,
-1.38777878078145E-16));
#4572=CARTESIAN_POINT('Ctrl Pts',(-0.51885274557139,-3.18215497148066,-1.38777878078145E-16));
#4573=CARTESIAN_POINT('',(-0.87161706594493,-2.2912452043298,0.2));
#4574=CARTESIAN_POINT('',(-0.87161706594493,-2.2912452043298,-1.38777878078145E-16));
#4575=CARTESIAN_POINT('Ctrl Pts',(-0.87161706594493,-2.2912452043298,0.2));
#4576=CARTESIAN_POINT('Ctrl Pts',(-0.70688632635142,-2.56416943681269,0.2));
#4577=CARTESIAN_POINT('Ctrl Pts',(-0.609472214260352,-2.86572564256223,
0.2));
#4578=CARTESIAN_POINT('Ctrl Pts',(-0.51885274557139,-3.18215497148066,0.2));
#4579=CARTESIAN_POINT('Ctrl Pts',(-1.50575956014659,-1.63905633103876,-1.38777878078145E-16));
#4580=CARTESIAN_POINT('Ctrl Pts',(-1.50575956014659,-1.63905633103876,0.2));
#4581=CARTESIAN_POINT('Ctrl Pts',(-1.23903649953869,-1.79035523545774,-1.38777878078145E-16));
#4582=CARTESIAN_POINT('Ctrl Pts',(-1.23903649953869,-1.79035523545774,0.2));
#4583=CARTESIAN_POINT('Ctrl Pts',(-1.02072375921274,-2.01866009843378,-1.38777878078145E-16));
#4584=CARTESIAN_POINT('Ctrl Pts',(-1.02072375921274,-2.01866009843378,0.2));
#4585=CARTESIAN_POINT('Ctrl Pts',(-0.87161706594493,-2.2912452043298,-1.38777878078145E-16));
#4586=CARTESIAN_POINT('Ctrl Pts',(-0.87161706594493,-2.2912452043298,0.2));
#4587=CARTESIAN_POINT('',(-1.50575956014659,-1.63905633103876,-1.38777878078145E-16));
#4588=CARTESIAN_POINT('Ctrl Pts',(-1.50575956014659,-1.63905633103876,-1.38777878078145E-16));
#4589=CARTESIAN_POINT('Ctrl Pts',(-1.23903649953869,-1.79035523545774,-1.38777878078145E-16));
#4590=CARTESIAN_POINT('Ctrl Pts',(-1.02072375921274,-2.01866009843378,-1.38777878078145E-16));
#4591=CARTESIAN_POINT('Ctrl Pts',(-0.87161706594493,-2.2912452043298,-1.38777878078145E-16));
#4592=CARTESIAN_POINT('',(-1.50575956014659,-1.63905633103876,0.2));
#4593=CARTESIAN_POINT('',(-1.50575956014659,-1.63905633103876,-1.38777878078145E-16));
#4594=CARTESIAN_POINT('Ctrl Pts',(-1.50575956014659,-1.63905633103876,0.2));
#4595=CARTESIAN_POINT('Ctrl Pts',(-1.23903649953869,-1.79035523545774,0.2));
#4596=CARTESIAN_POINT('Ctrl Pts',(-1.02072375921274,-2.01866009843378,0.2));
#4597=CARTESIAN_POINT('Ctrl Pts',(-0.87161706594493,-2.2912452043298,0.2));
#4598=CARTESIAN_POINT('Ctrl Pts',(-1.95449670461681,-1.47169736039669,-1.38777878078145E-16));
#4599=CARTESIAN_POINT('Ctrl Pts',(-1.95449670461681,-1.47169736039669,0.2));
#4600=CARTESIAN_POINT('Ctrl Pts',(-1.79356902746226,-1.5037690461877,-1.38777878078145E-16));
#4601=CARTESIAN_POINT('Ctrl Pts',(-1.79356902746226,-1.5037690461877,0.2));
#4602=CARTESIAN_POINT('Ctrl Pts',(-1.6430452695277,-1.56076653611691,-1.38777878078145E-16));
#4603=CARTESIAN_POINT('Ctrl Pts',(-1.6430452695277,-1.56076653611691,0.2));
#4604=CARTESIAN_POINT('Ctrl Pts',(-1.50575956014659,-1.63905633103876,-1.38777878078145E-16));
#4605=CARTESIAN_POINT('Ctrl Pts',(-1.50575956014659,-1.63905633103876,0.2));
#4606=CARTESIAN_POINT('',(-1.95449670461681,-1.47169736039669,-1.38777878078145E-16));
#4607=CARTESIAN_POINT('Ctrl Pts',(-1.95449670461681,-1.47169736039669,-1.38777878078145E-16));
#4608=CARTESIAN_POINT('Ctrl Pts',(-1.79356902746226,-1.5037690461877,-1.38777878078145E-16));
#4609=CARTESIAN_POINT('Ctrl Pts',(-1.6430452695277,-1.56076653611691,-1.38777878078145E-16));
#4610=CARTESIAN_POINT('Ctrl Pts',(-1.50575956014659,-1.63905633103876,-1.38777878078145E-16));
#4611=CARTESIAN_POINT('',(-1.95449670461681,-1.47169736039669,0.2));
#4612=CARTESIAN_POINT('',(-1.95449670461681,-1.47169736039669,-1.38777878078145E-16));
#4613=CARTESIAN_POINT('Ctrl Pts',(-1.95449670461681,-1.47169736039669,0.2));
#4614=CARTESIAN_POINT('Ctrl Pts',(-1.79356902746226,-1.5037690461877,0.2));
#4615=CARTESIAN_POINT('Ctrl Pts',(-1.6430452695277,-1.56076653611691,0.2));
#4616=CARTESIAN_POINT('Ctrl Pts',(-1.50575956014659,-1.63905633103876,0.2));
#4617=CARTESIAN_POINT('Ctrl Pts',(-2.04896782825522,-1.45508111024962,-1.38777878078145E-16));
#4618=CARTESIAN_POINT('Ctrl Pts',(-2.04896782825522,-1.45508111024962,0.2));
#4619=CARTESIAN_POINT('Ctrl Pts',(-2.01389946022277,-1.46045389886072,-1.38777878078145E-16));
#4620=CARTESIAN_POINT('Ctrl Pts',(-2.01389946022277,-1.46045389886072,0.2));
#4621=CARTESIAN_POINT('Ctrl Pts',(-1.98370305545769,-1.46558060266664,-1.38777878078145E-16));
#4622=CARTESIAN_POINT('Ctrl Pts',(-1.98370305545769,-1.46558060266664,0.2));
#4623=CARTESIAN_POINT('Ctrl Pts',(-1.95449670461681,-1.47169736039669,-1.38777878078145E-16));
#4624=CARTESIAN_POINT('Ctrl Pts',(-1.95449670461681,-1.47169736039669,0.2));
#4625=CARTESIAN_POINT('',(-2.04896782825522,-1.45508111024962,-1.38777878078145E-16));
#4626=CARTESIAN_POINT('Ctrl Pts',(-2.04896782825522,-1.45508111024962,-1.38777878078145E-16));
#4627=CARTESIAN_POINT('Ctrl Pts',(-2.01389946022277,-1.46045389886072,-1.38777878078145E-16));
#4628=CARTESIAN_POINT('Ctrl Pts',(-1.98370305545769,-1.46558060266664,-1.38777878078145E-16));
#4629=CARTESIAN_POINT('Ctrl Pts',(-1.95449670461681,-1.47169736039669,-1.38777878078145E-16));
#4630=CARTESIAN_POINT('',(-2.04896782825522,-1.45508111024962,0.2));
#4631=CARTESIAN_POINT('',(-2.04896782825522,-1.45508111024962,-1.38777878078145E-16));
#4632=CARTESIAN_POINT('Ctrl Pts',(-2.04896782825522,-1.45508111024962,0.2));
#4633=CARTESIAN_POINT('Ctrl Pts',(-2.01389946022277,-1.46045389886072,0.2));
#4634=CARTESIAN_POINT('Ctrl Pts',(-1.98370305545769,-1.46558060266664,0.2));
#4635=CARTESIAN_POINT('Ctrl Pts',(-1.95449670461681,-1.47169736039669,0.2));
#4636=CARTESIAN_POINT('Ctrl Pts',(-2.24572166112925,-1.4421691240075,-1.38777878078145E-16));
#4637=CARTESIAN_POINT('Ctrl Pts',(-2.24572166112925,-1.4421691240075,0.2));
#4638=CARTESIAN_POINT('Ctrl Pts',(-2.19749052040153,-1.4421691240075,-1.38777878078145E-16));
#4639=CARTESIAN_POINT('Ctrl Pts',(-2.19749052040153,-1.4421691240075,0.2));
#4640=CARTESIAN_POINT('Ctrl Pts',(-2.15899463806242,-1.44525929622247,0.));
#4641=CARTESIAN_POINT('Ctrl Pts',(-2.15899463806242,-1.44525929622247,0.2));
#4642=CARTESIAN_POINT('Ctrl Pts',(-2.04896782825522,-1.45508111024962,0.));
#4643=CARTESIAN_POINT('Ctrl Pts',(-2.04896782825522,-1.45508111024962,0.2));
#4644=CARTESIAN_POINT('',(-2.24572166112925,-1.4421691240075,-1.38777878078145E-16));
#4645=CARTESIAN_POINT('Ctrl Pts',(-2.24572166112925,-1.4421691240075,-1.38777878078145E-16));
#4646=CARTESIAN_POINT('Ctrl Pts',(-2.19749052040153,-1.4421691240075,-1.38777878078145E-16));
#4647=CARTESIAN_POINT('Ctrl Pts',(-2.15899463806242,-1.44525929622247,0.));
#4648=CARTESIAN_POINT('Ctrl Pts',(-2.04896782825522,-1.45508111024962,0.));
#4649=CARTESIAN_POINT('',(-2.24572166112925,-1.4421691240075,0.2));
#4650=CARTESIAN_POINT('',(-2.24572166112925,-1.4421691240075,-1.38777878078145E-16));
#4651=CARTESIAN_POINT('Ctrl Pts',(-2.24572166112925,-1.4421691240075,0.2));
#4652=CARTESIAN_POINT('Ctrl Pts',(-2.19749052040153,-1.4421691240075,0.2));
#4653=CARTESIAN_POINT('Ctrl Pts',(-2.15899463806242,-1.44525929622247,0.2));
#4654=CARTESIAN_POINT('Ctrl Pts',(-2.04896782825522,-1.45508111024962,0.2));
#4655=CARTESIAN_POINT('Ctrl Pts',(-3.85281833318735,-3.16657937181026,-1.38777878078145E-16));
#4656=CARTESIAN_POINT('Ctrl Pts',(-3.85281833318735,-3.16657937181026,0.2));
#4657=CARTESIAN_POINT('Ctrl Pts',(-3.85281833318735,-2.26438153398068,-1.38777878078145E-16));
#4658=CARTESIAN_POINT('Ctrl Pts',(-3.85281833318735,-2.26438153398068,0.2));
#4659=CARTESIAN_POINT('Ctrl Pts',(-3.17691482213998,-1.44381631028682,-1.38777878078145E-16));
#4660=CARTESIAN_POINT('Ctrl Pts',(-3.17691482213998,-1.44381631028682,0.2));
#4661=CARTESIAN_POINT('Ctrl Pts',(-2.24572166112925,-1.4421691240075,-1.38777878078145E-16));
#4662=CARTESIAN_POINT('Ctrl Pts',(-2.24572166112925,-1.4421691240075,0.2));
#4663=CARTESIAN_POINT('',(-3.85281833318735,-3.16657937181026,-1.38777878078145E-16));
#4664=CARTESIAN_POINT('Ctrl Pts',(-3.85281833318735,-3.16657937181026,-1.38777878078145E-16));
#4665=CARTESIAN_POINT('Ctrl Pts',(-3.85281833318735,-2.26438153398068,-1.38777878078145E-16));
#4666=CARTESIAN_POINT('Ctrl Pts',(-3.17691482213998,-1.44381631028682,-1.38777878078145E-16));
#4667=CARTESIAN_POINT('Ctrl Pts',(-2.24572166112925,-1.4421691240075,-1.38777878078145E-16));
#4668=CARTESIAN_POINT('',(-3.85281833318735,-3.16657937181026,0.2));
#4669=CARTESIAN_POINT('',(-3.85281833318735,-3.16657937181026,-1.38777878078145E-16));
#4670=CARTESIAN_POINT('Ctrl Pts',(-3.85281833318735,-3.16657937181026,0.2));
#4671=CARTESIAN_POINT('Ctrl Pts',(-3.85281833318735,-2.26438153398068,0.2));
#4672=CARTESIAN_POINT('Ctrl Pts',(-3.17691482213998,-1.44381631028682,0.2));
#4673=CARTESIAN_POINT('Ctrl Pts',(-2.24572166112925,-1.4421691240075,0.2));
#4674=CARTESIAN_POINT('Ctrl Pts',(-2.35245859798747,-4.88769524705439,-2.77555756156289E-16));
#4675=CARTESIAN_POINT('Ctrl Pts',(-2.35245859798747,-4.88769524705439,0.2));
#4676=CARTESIAN_POINT('Ctrl Pts',(-2.59538355273705,-4.86005325401362,-2.77555756156289E-16));
#4677=CARTESIAN_POINT('Ctrl Pts',(-2.59538355273705,-4.86005325401362,0.2));
#4678=CARTESIAN_POINT('Ctrl Pts',(-2.70634835224622,-4.82500989740852,-1.38777878078145E-16));
#4679=CARTESIAN_POINT('Ctrl Pts',(-2.70634835224622,-4.82500989740852,0.2));
#4680=CARTESIAN_POINT('Ctrl Pts',(-3.02539619882384,-4.69098299323045,1.38777878078145E-16));
#4681=CARTESIAN_POINT('Ctrl Pts',(-3.02539619882384,-4.69098299323045,0.2));
#4682=CARTESIAN_POINT('Ctrl Pts',(-3.1985301905099,-4.57125990429104,1.38777878078145E-16));
#4683=CARTESIAN_POINT('Ctrl Pts',(-3.1985301905099,-4.57125990429104,0.2));
#4684=CARTESIAN_POINT('Ctrl Pts',(-3.50880193100695,-4.25634231591803,1.38777878078145E-16));
#4685=CARTESIAN_POINT('Ctrl Pts',(-3.50880193100695,-4.25634231591803,0.2));
#4686=CARTESIAN_POINT('Ctrl Pts',(-3.63675933355633,-4.05700769466082,1.38777878078145E-16));
#4687=CARTESIAN_POINT('Ctrl Pts',(-3.63675933355633,-4.05700769466082,0.2));
#4688=CARTESIAN_POINT('Ctrl Pts',(-3.80854872772851,-3.62646463789224,1.38777878078145E-16));
#4689=CARTESIAN_POINT('Ctrl Pts',(-3.80854872772851,-3.62646463789224,0.2));
#4690=CARTESIAN_POINT('Ctrl Pts',(-3.85281833318735,-3.39722090111186,-1.38777878078145E-16));
#4691=CARTESIAN_POINT('Ctrl Pts',(-3.85281833318735,-3.39722090111186,0.2));
#4692=CARTESIAN_POINT('Ctrl Pts',(-3.85281833318735,-3.16657937181026,-1.38777878078145E-16));
#4693=CARTESIAN_POINT('Ctrl Pts',(-3.85281833318735,-3.16657937181026,0.2));
#4694=CARTESIAN_POINT('',(-2.35245859798747,-4.88769524705438,-1.38777878078145E-16));
#4695=CARTESIAN_POINT('Ctrl Pts',(-2.35245859798747,-4.88769524705439,-2.77555756156289E-16));
#4696=CARTESIAN_POINT('Ctrl Pts',(-2.59538355273705,-4.86005325401362,-2.77555756156289E-16));
#4697=CARTESIAN_POINT('Ctrl Pts',(-2.70634835224622,-4.82500989740852,-1.38777878078145E-16));
#4698=CARTESIAN_POINT('Ctrl Pts',(-2.83255695055946,-4.77199168119417,-2.89826755277502E-17));
#4699=CARTESIAN_POINT('Ctrl Pts',(-3.02539619882384,-4.69098299323045,1.38777878078145E-16));
#4700=CARTESIAN_POINT('Ctrl Pts',(-3.1985301905099,-4.57125990429104,1.38777878078145E-16));
#4701=CARTESIAN_POINT('Ctrl Pts',(-3.34526938015439,-4.4223235182424,1.38777878078145E-16));
#4702=CARTESIAN_POINT('Ctrl Pts',(-3.50880193100695,-4.25634231591803,1.38777878078145E-16));
#4703=CARTESIAN_POINT('Ctrl Pts',(-3.63675933355633,-4.05700769466082,1.38777878078145E-16));
#4704=CARTESIAN_POINT('Ctrl Pts',(-3.72320269350726,-3.84036109310568,1.38777878078145E-16));
#4705=CARTESIAN_POINT('Ctrl Pts',(-3.80854872772851,-3.62646463789224,1.38777878078144E-16));
#4706=CARTESIAN_POINT('Ctrl Pts',(-3.85281833318735,-3.39722090111186,-1.38777878078145E-16));
#4707=CARTESIAN_POINT('Ctrl Pts',(-3.85281833318735,-3.16657937181026,-1.38777878078145E-16));
#4708=CARTESIAN_POINT('',(-2.35245859798747,-4.88769524705438,0.2));
#4709=CARTESIAN_POINT('',(-2.35245859798747,-4.88769524705438,-1.38777878078145E-16));
#4710=CARTESIAN_POINT('Ctrl Pts',(-2.35245859798747,-4.88769524705439,0.2));
#4711=CARTESIAN_POINT('Ctrl Pts',(-2.59538355273705,-4.86005325401362,0.2));
#4712=CARTESIAN_POINT('Ctrl Pts',(-2.70634835224622,-4.82500989740852,0.2));
#4713=CARTESIAN_POINT('Ctrl Pts',(-2.83255695055946,-4.77199168119417,0.2));
#4714=CARTESIAN_POINT('Ctrl Pts',(-3.02539619882384,-4.69098299323045,0.2));
#4715=CARTESIAN_POINT('Ctrl Pts',(-3.1985301905099,-4.57125990429104,0.2));
#4716=CARTESIAN_POINT('Ctrl Pts',(-3.34526938015439,-4.4223235182424,0.2));
#4717=CARTESIAN_POINT('Ctrl Pts',(-3.50880193100695,-4.25634231591803,0.2));
#4718=CARTESIAN_POINT('Ctrl Pts',(-3.63675933355633,-4.05700769466082,0.2));
#4719=CARTESIAN_POINT('Ctrl Pts',(-3.72320269350726,-3.84036109310568,0.2));
#4720=CARTESIAN_POINT('Ctrl Pts',(-3.80854872772851,-3.62646463789224,0.2));
#4721=CARTESIAN_POINT('Ctrl Pts',(-3.85281833318735,-3.39722090111186,0.2));
#4722=CARTESIAN_POINT('Ctrl Pts',(-3.85281833318735,-3.16657937181026,0.2));
#4723=CARTESIAN_POINT('Ctrl Pts',(-1.43520911840464,-4.64897435319451,-1.38777878078145E-16));
#4724=CARTESIAN_POINT('Ctrl Pts',(-1.43520911840464,-4.64897435319451,0.2));
#4725=CARTESIAN_POINT('Ctrl Pts',(-1.53684874068651,-4.71386870868084,-1.38777878078145E-16));
#4726=CARTESIAN_POINT('Ctrl Pts',(-1.53684874068651,-4.71386870868084,0.2));
#4727=CARTESIAN_POINT('Ctrl Pts',(-1.64543109446959,-4.76657432129363,1.38777878078145E-16));
#4728=CARTESIAN_POINT('Ctrl Pts',(-1.64543109446959,-4.76657432129363,0.2));
#4729=CARTESIAN_POINT('Ctrl Pts',(-1.87730912000757,-4.84625805376336,1.38777878078145E-16));
#4730=CARTESIAN_POINT('Ctrl Pts',(-1.87730912000757,-4.84625805376336,0.2));
#4731=CARTESIAN_POINT('Ctrl Pts',(-1.99909698920616,-4.87170449214822,1.38777878078145E-16));
#4732=CARTESIAN_POINT('Ctrl Pts',(-1.99909698920616,-4.87170449214822,0.2));
#4733=CARTESIAN_POINT('Ctrl Pts',(-2.19951278506008,-4.88861872270299,1.38777878078145E-16));
#4734=CARTESIAN_POINT('Ctrl Pts',(-2.19951278506008,-4.88861872270299,0.2));
#4735=CARTESIAN_POINT('Ctrl Pts',(-2.27597368623614,-4.88769524705439,-1.38777878078145E-16));
#4736=CARTESIAN_POINT('Ctrl Pts',(-2.27597368623614,-4.88769524705439,0.2));
#4737=CARTESIAN_POINT('Ctrl Pts',(-2.35245859798613,-4.88769524705439,-1.38777878078145E-16));
#4738=CARTESIAN_POINT('Ctrl Pts',(-2.35245859798613,-4.88769524705439,0.2));
#4739=CARTESIAN_POINT('Ctrl Pts',(-1.43520911840464,-4.64897435319451,-1.38777878078145E-16));
#4740=CARTESIAN_POINT('Ctrl Pts',(-1.53684874068651,-4.71386870868084,-1.38777878078145E-16));
#4741=CARTESIAN_POINT('Ctrl Pts',(-1.64543109446959,-4.76657432129363,1.38777878078145E-16));
#4742=CARTESIAN_POINT('Ctrl Pts',(-1.87730912000757,-4.84625805376336,1.38777878078145E-16));
#4743=CARTESIAN_POINT('Ctrl Pts',(-1.99909698920616,-4.87170449214822,1.38777878078145E-16));
#4744=CARTESIAN_POINT('Ctrl Pts',(-2.19951278506008,-4.88861872270299,1.38777878078145E-16));
#4745=CARTESIAN_POINT('Ctrl Pts',(-2.27597368623614,-4.88769524705439,-1.38777878078145E-16));
#4746=CARTESIAN_POINT('Ctrl Pts',(-2.35245859798613,-4.88769524705439,-1.38777878078145E-16));
#4747=CARTESIAN_POINT('Ctrl Pts',(-1.43520911840464,-4.64897435319451,0.2));
#4748=CARTESIAN_POINT('Ctrl Pts',(-1.53684874068651,-4.71386870868084,0.2));
#4749=CARTESIAN_POINT('Ctrl Pts',(-1.64543109446959,-4.76657432129363,0.2));
#4750=CARTESIAN_POINT('Ctrl Pts',(-1.87730912000757,-4.84625805376336,0.2));
#4751=CARTESIAN_POINT('Ctrl Pts',(-1.99909698920616,-4.87170449214822,0.2));
#4752=CARTESIAN_POINT('Ctrl Pts',(-2.19951278506008,-4.88861872270299,0.2));
#4753=CARTESIAN_POINT('Ctrl Pts',(-2.27597368623614,-4.88769524705439,0.2));
#4754=CARTESIAN_POINT('Ctrl Pts',(-2.35245859798613,-4.88769524705439,0.2));
#4755=CARTESIAN_POINT('Ctrl Pts',(1.61654259057973,-1.63905633103876,-1.38777878078145E-16));
#4756=CARTESIAN_POINT('Ctrl Pts',(1.21448823829545,-1.86706735852971,-1.38777878078145E-16));
#4757=CARTESIAN_POINT('Ctrl Pts',(0.982400096378069,-2.2912452043298,-1.38777878078145E-16));
#4758=CARTESIAN_POINT('Ctrl Pts',(1.61654259057973,-1.63905633103876,0.2));
#4759=CARTESIAN_POINT('Ctrl Pts',(1.21448823829545,-1.86706735852971,0.2));
#4760=CARTESIAN_POINT('Ctrl Pts',(0.982400096378069,-2.2912452043298,0.2));
#4761=CARTESIAN_POINT('',(0.982400096378068,-2.2912452043298,-1.38777878078145E-16));
#4762=CARTESIAN_POINT('',(1.61654259057973,-1.63905633103876,-1.38777878078145E-16));
#4763=CARTESIAN_POINT('Origin',(2.29296548605607,-3.11179388302723,0.));
#4764=CARTESIAN_POINT('',(0.982400096378068,-2.2912452043298,0.2));
#4765=CARTESIAN_POINT('',(0.982400096378068,-2.2912452043298,-1.38777878078145E-16));
#4766=CARTESIAN_POINT('',(1.61654259057973,-1.63905633103876,0.2));
#4767=CARTESIAN_POINT('Origin',(2.29296548605607,-3.11179388302723,0.2));
#4768=CARTESIAN_POINT('',(1.61654259057973,-1.63905633103876,-1.38777878078145E-16));
#4769=CARTESIAN_POINT('Ctrl Pts',(0.630471480807994,-3.18135560166866,-1.38777878078145E-16));
#4770=CARTESIAN_POINT('Ctrl Pts',(0.630471480807994,-3.18135560166866,0.2));
#4771=CARTESIAN_POINT('Ctrl Pts',(0.721042502841708,-2.86514428269894,-1.38777878078145E-16));
#4772=CARTESIAN_POINT('Ctrl Pts',(0.721042502841708,-2.86514428269894,0.2));
#4773=CARTESIAN_POINT('Ctrl Pts',(0.817790473422743,-2.56397565019159,-1.38777878078145E-16));
#4774=CARTESIAN_POINT('Ctrl Pts',(0.817790473422743,-2.56397565019159,0.2));
#4775=CARTESIAN_POINT('Ctrl Pts',(0.982400096378068,-2.2912452043298,-1.38777878078145E-16));
#4776=CARTESIAN_POINT('Ctrl Pts',(0.982400096378068,-2.2912452043298,0.2));
#4777=CARTESIAN_POINT('',(0.630471480807994,-3.18135560166866,-1.38777878078145E-16));
#4778=CARTESIAN_POINT('Ctrl Pts',(0.630471480807994,-3.18135560166866,-1.38777878078145E-16));
#4779=CARTESIAN_POINT('Ctrl Pts',(0.721042502841708,-2.86514428269894,-1.38777878078145E-16));
#4780=CARTESIAN_POINT('Ctrl Pts',(0.817790473422743,-2.56397565019159,-1.38777878078145E-16));
#4781=CARTESIAN_POINT('Ctrl Pts',(0.982400096378068,-2.2912452043298,-1.38777878078145E-16));
#4782=CARTESIAN_POINT('',(0.630471480807994,-3.18135560166866,0.2));
#4783=CARTESIAN_POINT('',(0.630471480807994,-3.18135560166866,-1.38777878078145E-16));
#4784=CARTESIAN_POINT('Ctrl Pts',(0.630471480807994,-3.18135560166866,0.2));
#4785=CARTESIAN_POINT('Ctrl Pts',(0.721042502841708,-2.86514428269894,0.2));
#4786=CARTESIAN_POINT('Ctrl Pts',(0.817790473422743,-2.56397565019159,0.2));
#4787=CARTESIAN_POINT('Ctrl Pts',(0.982400096378068,-2.2912452043298,0.2));
#4788=CARTESIAN_POINT('Ctrl Pts',(0.968459571323132,-4.01073811662226,-1.38777878078145E-16));
#4789=CARTESIAN_POINT('Ctrl Pts',(0.968459571323132,-4.01073811662226,0.2));
#4790=CARTESIAN_POINT('Ctrl Pts',(0.966400588474034,-4.01391137254269,-1.38777878078145E-16));
#4791=CARTESIAN_POINT('Ctrl Pts',(0.966400588474034,-4.01391137254269,0.2));
#4792=CARTESIAN_POINT('Ctrl Pts',(0.82731024118398,-3.86263669145138,-1.38777878078145E-16));
#4793=CARTESIAN_POINT('Ctrl Pts',(0.82731024118398,-3.86263669145138,0.2));
#4794=CARTESIAN_POINT('Ctrl Pts',(0.630471480807994,-3.18135560166866,-1.38777878078145E-16));
#4795=CARTESIAN_POINT('Ctrl Pts',(0.630471480807994,-3.18135560166866,0.2));
#4796=CARTESIAN_POINT('',(0.968459571323132,-4.01073811662226,-1.38777878078145E-16));
#4797=CARTESIAN_POINT('Ctrl Pts',(0.968459571323132,-4.01073811662226,-1.38777878078145E-16));
#4798=CARTESIAN_POINT('Ctrl Pts',(0.966400588474034,-4.01391137254269,-1.38777878078145E-16));
#4799=CARTESIAN_POINT('Ctrl Pts',(0.82731024118398,-3.86263669145138,-1.38777878078145E-16));
#4800=CARTESIAN_POINT('Ctrl Pts',(0.630471480807994,-3.18135560166866,-1.38777878078145E-16));
#4801=CARTESIAN_POINT('',(0.968459571323132,-4.01073811662226,0.2));
#4802=CARTESIAN_POINT('',(0.968459571323132,-4.01073811662226,-1.38777878078145E-16));
#4803=CARTESIAN_POINT('Ctrl Pts',(0.968459571323132,-4.01073811662226,0.2));
#4804=CARTESIAN_POINT('Ctrl Pts',(0.966400588474034,-4.01391137254269,0.2));
#4805=CARTESIAN_POINT('Ctrl Pts',(0.82731024118398,-3.86263669145138,0.2));
#4806=CARTESIAN_POINT('Ctrl Pts',(0.630471480807994,-3.18135560166866,0.2));
#4807=CARTESIAN_POINT('Ctrl Pts',(0.968459571323132,-4.01073811662226,-1.38777878078145E-16));
#4808=CARTESIAN_POINT('Ctrl Pts',(1.07079624414356,-4.20505942074533,-1.38777878078145E-16));
#4809=CARTESIAN_POINT('Ctrl Pts',(1.21293350549672,-4.36347821366817,-1.38777878078145E-16));
#4810=CARTESIAN_POINT('Ctrl Pts',(0.968459571323132,-4.01073811662226,0.2));
#4811=CARTESIAN_POINT('Ctrl Pts',(1.07079624414356,-4.20505942074533,0.2));
#4812=CARTESIAN_POINT('Ctrl Pts',(1.21293350549672,-4.36347821366817,0.2));
#4813=CARTESIAN_POINT('',(1.21293350549672,-4.36347821366817,-1.38777878078145E-16));
#4814=CARTESIAN_POINT('Origin',(2.14927811359821,-3.23220427400556,0.));
#4815=CARTESIAN_POINT('',(1.21293350549672,-4.36347821366817,0.2));
#4816=CARTESIAN_POINT('',(1.21293350549672,-4.36347821366817,-1.38777878078145E-16));
#4817=CARTESIAN_POINT('Origin',(2.14927811359821,-3.23220427400556,0.2));
#4818=CARTESIAN_POINT('Ctrl Pts',(1.29329221345623,-4.4485815757673,-4.16333634234434E-16));
#4819=CARTESIAN_POINT('Ctrl Pts',(1.29329221345623,-4.4485815757673,0.2));
#4820=CARTESIAN_POINT('Ctrl Pts',(1.27294944034964,-4.42685226573483,-4.16333634234434E-16));
#4821=CARTESIAN_POINT('Ctrl Pts',(1.27294944034964,-4.42685226573483,0.2));
#4822=CARTESIAN_POINT('Ctrl Pts',(1.25278543654352,-4.40495803169728,1.38777878078145E-16));
#4823=CARTESIAN_POINT('Ctrl Pts',(1.25278543654352,-4.40495803169728,0.2));
#4824=CARTESIAN_POINT('Ctrl Pts',(1.22714284808304,-4.3784795080406,1.38777878078145E-16));
#4825=CARTESIAN_POINT('Ctrl Pts',(1.22714284808304,-4.3784795080406,0.2));
#4826=CARTESIAN_POINT('Ctrl Pts',(1.21924202379434,-4.3703218000099,-1.38777878078145E-16));
#4827=CARTESIAN_POINT('Ctrl Pts',(1.21924202379434,-4.3703218000099,0.2));
#4828=CARTESIAN_POINT('Ctrl Pts',(1.21293350549672,-4.36347821366817,-1.38777878078145E-16));
#4829=CARTESIAN_POINT('Ctrl Pts',(1.21293350549672,-4.36347821366817,0.2));
#4830=CARTESIAN_POINT('',(1.2932922134746,-4.44858157573458,-1.38777878078145E-16));
#4831=CARTESIAN_POINT('Ctrl Pts',(1.29329221345623,-4.4485815757673,-4.16333634234434E-16));
#4832=CARTESIAN_POINT('Ctrl Pts',(1.27294944034964,-4.42685226573483,-4.16333634234434E-16));
#4833=CARTESIAN_POINT('Ctrl Pts',(1.25278543654352,-4.40495803169728,1.38777878078145E-16));
#4834=CARTESIAN_POINT('Ctrl Pts',(1.22714284808304,-4.3784795080406,1.38777878078145E-16));
#4835=CARTESIAN_POINT('Ctrl Pts',(1.21924202379434,-4.3703218000099,-1.38777878078145E-16));
#4836=CARTESIAN_POINT('Ctrl Pts',(1.21293350549672,-4.36347821366817,-1.38777878078145E-16));
#4837=CARTESIAN_POINT('',(1.2932922134746,-4.44858157573458,0.2));
#4838=CARTESIAN_POINT('',(1.2932922134746,-4.44858157573458,-1.38777878078145E-16));
#4839=CARTESIAN_POINT('Ctrl Pts',(1.29329221345623,-4.4485815757673,0.2));
#4840=CARTESIAN_POINT('Ctrl Pts',(1.27294944034964,-4.42685226573483,0.2));
#4841=CARTESIAN_POINT('Ctrl Pts',(1.25278543654352,-4.40495803169728,0.2));
#4842=CARTESIAN_POINT('Ctrl Pts',(1.22714284808304,-4.3784795080406,0.2));
#4843=CARTESIAN_POINT('Ctrl Pts',(1.21924202379434,-4.3703218000099,0.2));
#4844=CARTESIAN_POINT('Ctrl Pts',(1.21293350549672,-4.36347821366817,0.2));
#4845=CARTESIAN_POINT('Ctrl Pts',(1.29329221349297,-4.44858157570186,-1.38777878078145E-16));
#4846=CARTESIAN_POINT('Ctrl Pts',(1.66274452119197,-4.79791677185127,-1.38777878078145E-16));
#4847=CARTESIAN_POINT('Ctrl Pts',(2.13256002756095,-4.86964886796506,-1.38777878078145E-16));
#4848=CARTESIAN_POINT('Ctrl Pts',(1.29329221349297,-4.44858157570186,0.2));
#4849=CARTESIAN_POINT('Ctrl Pts',(1.66274452119197,-4.79791677185127,0.2));
#4850=CARTESIAN_POINT('Ctrl Pts',(2.13256002756095,-4.86964886796506,0.2));
#4851=CARTESIAN_POINT('',(2.13256002756095,-4.86964886796506,-1.38777878078145E-16));
#4852=CARTESIAN_POINT('Origin',(2.68553143767909,-1.96890352341597,0.));
#4853=CARTESIAN_POINT('',(2.13256002756095,-4.86964886796506,0.2));
#4854=CARTESIAN_POINT('',(2.13256002756095,-4.86964886796506,-1.38777878078145E-16));
#4855=CARTESIAN_POINT('Origin',(2.68553143767909,-1.96890352341597,0.2));
#4856=CARTESIAN_POINT('Ctrl Pts',(2.14101511225211,-4.87044263453854,-1.38777878078145E-16));
#4857=CARTESIAN_POINT('Ctrl Pts',(2.14101511225211,-4.87044263453854,0.2));
#4858=CARTESIAN_POINT('Ctrl Pts',(2.13624364329269,-4.87018608724046,-1.38777878078145E-16));
#4859=CARTESIAN_POINT('Ctrl Pts',(2.13624364329269,-4.87018608724046,0.2));
#4860=CARTESIAN_POINT('Ctrl Pts',(2.1343906106994,-4.86992870233018,-1.38777878078145E-16));
#4861=CARTESIAN_POINT('Ctrl Pts',(2.1343906106994,-4.86992870233018,0.2));
#4862=CARTESIAN_POINT('Ctrl Pts',(2.13256002756095,-4.86964886796506,-1.38777878078145E-16));
#4863=CARTESIAN_POINT('Ctrl Pts',(2.13256002756095,-4.86964886796506,0.2));
#4864=CARTESIAN_POINT('',(2.1410152815751,-4.87043948533607,-1.38777878078145E-16));
#4865=CARTESIAN_POINT('Ctrl Pts',(2.14101511225211,-4.87044263453854,-1.38777878078145E-16));
#4866=CARTESIAN_POINT('Ctrl Pts',(2.13624364329269,-4.87018608724046,-1.38777878078145E-16));
#4867=CARTESIAN_POINT('Ctrl Pts',(2.1343906106994,-4.86992870233018,-1.38777878078145E-16));
#4868=CARTESIAN_POINT('Ctrl Pts',(2.13256002756095,-4.86964886796506,-1.38777878078145E-16));
#4869=CARTESIAN_POINT('',(2.1410152815751,-4.87043948533607,0.2));
#4870=CARTESIAN_POINT('',(2.1410152815751,-4.87043948533607,-1.38777878078145E-16));
#4871=CARTESIAN_POINT('Ctrl Pts',(2.14101511225211,-4.87044263453854,0.2));
#4872=CARTESIAN_POINT('Ctrl Pts',(2.13624364329269,-4.87018608724046,0.2));
#4873=CARTESIAN_POINT('Ctrl Pts',(2.1343906106994,-4.86992870233018,0.2));
#4874=CARTESIAN_POINT('Ctrl Pts',(2.13256002756095,-4.86964886796506,0.2));
#4875=CARTESIAN_POINT('Ctrl Pts',(2.14158321710561,-4.87047246110467,-1.38777878078145E-16));
#4876=CARTESIAN_POINT('Ctrl Pts',(2.14158321710561,-4.87047246110467,0.2));
#4877=CARTESIAN_POINT('Ctrl Pts',(2.13979755096077,-4.87061134624929,-1.38777878078145E-16));
#4878=CARTESIAN_POINT('Ctrl Pts',(2.13979755096077,-4.87061134624929,0.2));
#4879=CARTESIAN_POINT('Ctrl Pts',(2.14021390351439,-4.8704252101838,-1.38777878078145E-16));
#4880=CARTESIAN_POINT('Ctrl Pts',(2.14021390351439,-4.8704252101838,0.2));
#4881=CARTESIAN_POINT('Ctrl Pts',(2.14101534428612,-4.87043317590255,-1.38777878078145E-16));
#4882=CARTESIAN_POINT('Ctrl Pts',(2.14101534428612,-4.87043317590255,0.2));
#4883=CARTESIAN_POINT('',(2.14158321710561,-4.87047246110467,-1.38777878078145E-16));
#4884=CARTESIAN_POINT('Ctrl Pts',(2.14158321710561,-4.87047246110467,-1.38777878078145E-16));
#4885=CARTESIAN_POINT('Ctrl Pts',(2.13979755096077,-4.87061134624929,-1.38777878078145E-16));
#4886=CARTESIAN_POINT('Ctrl Pts',(2.1402139035144,-4.8704252101838,-1.38777878078145E-16));
#4887=CARTESIAN_POINT('Ctrl Pts',(2.14101534428612,-4.87043317590255,-1.38777878078145E-16));
#4888=CARTESIAN_POINT('',(2.14158321710561,-4.87047246110467,0.2));
#4889=CARTESIAN_POINT('',(2.14158321710561,-4.87047246110467,-1.38777878078145E-16));
#4890=CARTESIAN_POINT('Ctrl Pts',(2.14158321710561,-4.87047246110467,0.2));
#4891=CARTESIAN_POINT('Ctrl Pts',(2.13979755096077,-4.87061134624929,0.2));
#4892=CARTESIAN_POINT('Ctrl Pts',(2.1402139035144,-4.8704252101838,0.2));
#4893=CARTESIAN_POINT('Ctrl Pts',(2.14101534428612,-4.87043317590255,0.2));
#4894=CARTESIAN_POINT('Ctrl Pts',(2.21459232660268,-4.87868416917355,-1.38777878078145E-16));
#4895=CARTESIAN_POINT('Ctrl Pts',(2.21459232660268,-4.87868416917355,0.2));
#4896=CARTESIAN_POINT('Ctrl Pts',(2.19016310068105,-4.87548668992551,-1.38777878078145E-16));
#4897=CARTESIAN_POINT('Ctrl Pts',(2.19016310068105,-4.87548668992551,0.2));
#4898=CARTESIAN_POINT('Ctrl Pts',(2.16560064645741,-4.8736457170251,-1.38777878078145E-16));
#4899=CARTESIAN_POINT('Ctrl Pts',(2.16560064645741,-4.8736457170251,0.2));
#4900=CARTESIAN_POINT('Ctrl Pts',(2.14158321710561,-4.87047246110467,-1.38777878078145E-16));
#4901=CARTESIAN_POINT('Ctrl Pts',(2.14158321710561,-4.87047246110467,0.2));
#4902=CARTESIAN_POINT('',(2.21459232660268,-4.87868416917355,-1.38777878078145E-16));
#4903=CARTESIAN_POINT('Ctrl Pts',(2.21459232660268,-4.87868416917355,-1.38777878078145E-16));
#4904=CARTESIAN_POINT('Ctrl Pts',(2.19016310068105,-4.87548668992551,-1.38777878078145E-16));
#4905=CARTESIAN_POINT('Ctrl Pts',(2.16560064645741,-4.8736457170251,-1.38777878078145E-16));
#4906=CARTESIAN_POINT('Ctrl Pts',(2.14158321710561,-4.87047246110467,-1.38777878078145E-16));
#4907=CARTESIAN_POINT('',(2.21459232660268,-4.87868416917355,0.2));
#4908=CARTESIAN_POINT('',(2.21459232660268,-4.87868416917355,-1.38777878078145E-16));
#4909=CARTESIAN_POINT('Ctrl Pts',(2.21459232660268,-4.87868416917355,0.2));
#4910=CARTESIAN_POINT('Ctrl Pts',(2.19016310068105,-4.87548668992551,0.2));
#4911=CARTESIAN_POINT('Ctrl Pts',(2.16560064645741,-4.8736457170251,0.2));
#4912=CARTESIAN_POINT('Ctrl Pts',(2.14158321710561,-4.87047246110467,0.2));
#4913=CARTESIAN_POINT('Ctrl Pts',(2.25454252212977,-4.88358772869949,-1.38777878078145E-16));
#4914=CARTESIAN_POINT('Ctrl Pts',(2.25454252212977,-4.88358772869949,0.2));
#4915=CARTESIAN_POINT('Ctrl Pts',(2.23834457760829,-4.8826804120018,-1.38777878078145E-16));
#4916=CARTESIAN_POINT('Ctrl Pts',(2.23834457760829,-4.8826804120018,0.2));
#4917=CARTESIAN_POINT('Ctrl Pts',(2.2266063249877,-4.88025068852165,-1.38777878078145E-16));
#4918=CARTESIAN_POINT('Ctrl Pts',(2.2266063249877,-4.88025068852165,0.2));
#4919=CARTESIAN_POINT('Ctrl Pts',(2.21459232660268,-4.87868416917355,-1.38777878078145E-16));
#4920=CARTESIAN_POINT('Ctrl Pts',(2.21459232660268,-4.87868416917355,0.2));
#4921=CARTESIAN_POINT('',(2.25454253740314,-4.8835874560303,-1.38777878078145E-16));
#4922=CARTESIAN_POINT('Ctrl Pts',(2.25454252212977,-4.88358772869949,-1.38777878078145E-16));
#4923=CARTESIAN_POINT('Ctrl Pts',(2.23834457760829,-4.8826804120018,-1.38777878078145E-16));
#4924=CARTESIAN_POINT('Ctrl Pts',(2.2266063249877,-4.88025068852165,-1.38777878078145E-16));
#4925=CARTESIAN_POINT('Ctrl Pts',(2.21459232660268,-4.87868416917355,-1.38777878078145E-16));
#4926=CARTESIAN_POINT('',(2.25454253740314,-4.8835874560303,0.2));
#4927=CARTESIAN_POINT('',(2.25454253740314,-4.8835874560303,-1.38777878078145E-16));
#4928=CARTESIAN_POINT('Ctrl Pts',(2.25454252212977,-4.88358772869949,0.2));
#4929=CARTESIAN_POINT('Ctrl Pts',(2.23834457760829,-4.8826804120018,0.2));
#4930=CARTESIAN_POINT('Ctrl Pts',(2.2266063249877,-4.88025068852165,0.2));
#4931=CARTESIAN_POINT('Ctrl Pts',(2.21459232660268,-4.87868416917355,0.2));
#4932=CARTESIAN_POINT('Ctrl Pts',(2.25479093881581,-4.8836015046838,-1.38777878078145E-16));
#4933=CARTESIAN_POINT('Ctrl Pts',(2.25479093881581,-4.8836015046838,0.2));
#4934=CARTESIAN_POINT('Ctrl Pts',(2.25227719740906,-4.88369249984785,-1.38777878078145E-16));
#4935=CARTESIAN_POINT('Ctrl Pts',(2.25227719740906,-4.88369249984785,0.2));
#4936=CARTESIAN_POINT('Ctrl Pts',(2.25327783618118,-4.88352712685295,-1.38777878078145E-16));
#4937=CARTESIAN_POINT('Ctrl Pts',(2.25327783618118,-4.88352712685295,0.2));
#4938=CARTESIAN_POINT('Ctrl Pts',(2.2545425631936,-4.88358691043074,-1.38777878078145E-16));
#4939=CARTESIAN_POINT('Ctrl Pts',(2.2545425631936,-4.88358691043074,0.2));
#4940=CARTESIAN_POINT('',(2.25479093881581,-4.8836015046838,-1.38777878078145E-16));
#4941=CARTESIAN_POINT('Ctrl Pts',(2.25479093881581,-4.8836015046838,-1.38777878078145E-16));
#4942=CARTESIAN_POINT('Ctrl Pts',(2.25227719740906,-4.88369249984785,-1.38777878078145E-16));
#4943=CARTESIAN_POINT('Ctrl Pts',(2.25327783618118,-4.88352712685295,-1.38777878078145E-16));
#4944=CARTESIAN_POINT('Ctrl Pts',(2.2545425631936,-4.88358691043074,-1.38777878078145E-16));
#4945=CARTESIAN_POINT('',(2.25479093881581,-4.8836015046838,0.2));
#4946=CARTESIAN_POINT('',(2.25479093881581,-4.8836015046838,-1.38777878078145E-16));
#4947=CARTESIAN_POINT('Ctrl Pts',(2.25479093881581,-4.8836015046838,0.2));
#4948=CARTESIAN_POINT('Ctrl Pts',(2.25227719740906,-4.88369249984785,0.2));
#4949=CARTESIAN_POINT('Ctrl Pts',(2.25327783618118,-4.88352712685295,0.2));
#4950=CARTESIAN_POINT('Ctrl Pts',(2.2545425631936,-4.88358691043074,0.2));
#4951=CARTESIAN_POINT('Ctrl Pts',(2.25479093881581,-4.8836015046838,-1.38777878078145E-16));
#4952=CARTESIAN_POINT('Ctrl Pts',(2.3077421426779,-4.88687169881795,-1.38777878078145E-16));
#4953=CARTESIAN_POINT('Ctrl Pts',(2.35734039636586,-4.88687165391473,-1.38777878078145E-16));
#4954=CARTESIAN_POINT('Ctrl Pts',(2.25479093881581,-4.8836015046838,0.2));
#4955=CARTESIAN_POINT('Ctrl Pts',(2.3077421426779,-4.88687169881795,0.2));
#4956=CARTESIAN_POINT('Ctrl Pts',(2.35734039636586,-4.88687165391473,0.2));
#4957=CARTESIAN_POINT('',(2.35734039636586,-4.88687165391473,-1.38777878078145E-16));
#4958=CARTESIAN_POINT('Origin',(1.72270643150129,-4.31626774660385,0.));
#4959=CARTESIAN_POINT('',(2.35734039636586,-4.88687165391473,0.2));
#4960=CARTESIAN_POINT('',(2.35734039636586,-4.88687165391473,-1.38777878078145E-16));
#4961=CARTESIAN_POINT('Origin',(1.72270643150129,-4.31626774660385,0.2));
#4962=CARTESIAN_POINT('Ctrl Pts',(3.73391577096913,-4.04683087480097,-1.38777878078145E-16));
#4963=CARTESIAN_POINT('Ctrl Pts',(3.73391577096913,-4.04683087480097,0.2));
#4964=CARTESIAN_POINT('Ctrl Pts',(3.4600468287084,-4.53812840592891,-1.38777878078145E-16));
#4965=CARTESIAN_POINT('Ctrl Pts',(3.4600468287084,-4.53812840592891,0.2));
#4966=CARTESIAN_POINT('Ctrl Pts',(2.96327482553456,-4.88687165391473,-1.38777878078145E-16));
#4967=CARTESIAN_POINT('Ctrl Pts',(2.96327482553456,-4.88687165391473,0.2));
#4968=CARTESIAN_POINT('Ctrl Pts',(2.35734039636586,-4.88687165391473,-1.38777878078145E-16));
#4969=CARTESIAN_POINT('Ctrl Pts',(2.35734039636586,-4.88687165391473,0.2));
#4970=CARTESIAN_POINT('',(3.73391577096913,-4.04683087480097,-1.38777878078145E-16));
#4971=CARTESIAN_POINT('Ctrl Pts',(3.73391577096913,-4.04683087480097,-1.38777878078145E-16));
#4972=CARTESIAN_POINT('Ctrl Pts',(3.4600468287084,-4.53812840592891,-1.38777878078145E-16));
#4973=CARTESIAN_POINT('Ctrl Pts',(2.96327482553456,-4.88687165391473,-1.38777878078145E-16));
#4974=CARTESIAN_POINT('Ctrl Pts',(2.35734039636586,-4.88687165391473,-1.38777878078145E-16));
#4975=CARTESIAN_POINT('',(3.73391577096913,-4.04683087480097,0.2));
#4976=CARTESIAN_POINT('',(3.73391577096913,-4.04683087480097,-1.38777878078145E-16));
#4977=CARTESIAN_POINT('Ctrl Pts',(3.73391577096913,-4.04683087480097,0.2));
#4978=CARTESIAN_POINT('Ctrl Pts',(3.4600468287084,-4.53812840592891,0.2));
#4979=CARTESIAN_POINT('Ctrl Pts',(2.96327482553456,-4.88687165391473,0.2));
#4980=CARTESIAN_POINT('Ctrl Pts',(2.35734039636586,-4.88687165391473,0.2));
#4981=CARTESIAN_POINT('Origin',(4.96855455728507,-4.04683087480097,-1.38777878078145E-16));
#4982=CARTESIAN_POINT('',(4.96855455728507,-4.04683087480097,-1.38777878078145E-16));
#4983=CARTESIAN_POINT('',(2.48427727864253,-4.04683087480097,0.));
#4984=CARTESIAN_POINT('',(4.96855455728507,-4.04683087480097,0.2));
#4985=CARTESIAN_POINT('',(4.96855455728507,-4.04683087480097,-1.38777878078145E-16));
#4986=CARTESIAN_POINT('',(4.96855455728507,-4.04683087480097,0.2));
#4987=CARTESIAN_POINT('Ctrl Pts',(2.75306954821735,-5.89182516034572,2.77555756156289E-16));
#4988=CARTESIAN_POINT('Ctrl Pts',(2.75306954821735,-5.89182516034572,0.2));
#4989=CARTESIAN_POINT('Ctrl Pts',(2.92787904545384,-5.86927482064769,2.77555756156289E-16));
#4990=CARTESIAN_POINT('Ctrl Pts',(2.92787904545384,-5.86927482064769,0.2));
#4991=CARTESIAN_POINT('Ctrl Pts',(3.09945437165508,-5.83110790797614,4.16333634234434E-16));
#4992=CARTESIAN_POINT('Ctrl Pts',(3.09945437165508,-5.83110790797614,0.2));
#4993=CARTESIAN_POINT('Ctrl Pts',(3.26587169105792,-5.77696462796956,4.16333634234434E-16));
#4994=CARTESIAN_POINT('Ctrl Pts',(3.26587169105792,-5.77696462796956,0.2));
#4995=CARTESIAN_POINT('Ctrl Pts',(4.06407923382424,-5.51727065713507,4.16333634234434E-16));
#4996=CARTESIAN_POINT('Ctrl Pts',(4.06407923382424,-5.51727065713507,0.2));
#4997=CARTESIAN_POINT('Ctrl Pts',(4.71646151912646,-4.85477903913369,-1.38777878078145E-16));
#4998=CARTESIAN_POINT('Ctrl Pts',(4.71646151912646,-4.85477903913369,0.2));
#4999=CARTESIAN_POINT('Ctrl Pts',(4.96855455728507,-4.04683087480097,-1.38777878078145E-16));
#5000=CARTESIAN_POINT('Ctrl Pts',(4.96855455728507,-4.04683087480097,0.2));
#5001=CARTESIAN_POINT('',(2.75306954821735,-5.89182516034572,-1.38777878078145E-16));
#5002=CARTESIAN_POINT('Ctrl Pts',(2.75306954821735,-5.89182516034572,2.77555756156289E-16));
#5003=CARTESIAN_POINT('Ctrl Pts',(2.92787904545384,-5.86927482064769,2.77555756156289E-16));
#5004=CARTESIAN_POINT('Ctrl Pts',(3.09945437165508,-5.83110790797614,4.16333634234434E-16));
#5005=CARTESIAN_POINT('Ctrl Pts',(3.26587169105792,-5.77696462796956,4.16333634234434E-16));
#5006=CARTESIAN_POINT('Ctrl Pts',(4.06407923382424,-5.51727065713507,4.16333634234434E-16));
#5007=CARTESIAN_POINT('Ctrl Pts',(4.71646151912646,-4.85477903913369,-1.38777878078145E-16));
#5008=CARTESIAN_POINT('Ctrl Pts',(4.96855455728507,-4.04683087480097,-1.38777878078145E-16));
#5009=CARTESIAN_POINT('',(2.75306954821735,-5.89182516034572,0.2));
#5010=CARTESIAN_POINT('',(2.75306954821735,-5.89182516034572,-1.38777878078145E-16));
#5011=CARTESIAN_POINT('Ctrl Pts',(2.75306954821735,-5.89182516034572,0.2));
#5012=CARTESIAN_POINT('Ctrl Pts',(2.92787904545384,-5.86927482064769,0.2));
#5013=CARTESIAN_POINT('Ctrl Pts',(3.09945437165508,-5.83110790797614,0.2));
#5014=CARTESIAN_POINT('Ctrl Pts',(3.26587169105792,-5.77696462796956,0.2));
#5015=CARTESIAN_POINT('Ctrl Pts',(4.06407923382424,-5.51727065713507,0.2));
#5016=CARTESIAN_POINT('Ctrl Pts',(4.71646151912646,-4.85477903913369,0.2));
#5017=CARTESIAN_POINT('Ctrl Pts',(4.96855455728507,-4.04683087480097,0.2));
#5018=CARTESIAN_POINT('Ctrl Pts',(0.348269713840238,-5.06406529557734,-1.38777878078145E-16));
#5019=CARTESIAN_POINT('Ctrl Pts',(1.27703280559943,-6.07406164984772,-1.38777878078145E-16));
#5020=CARTESIAN_POINT('Ctrl Pts',(2.75306954821735,-5.89182516034572,-1.38777878078145E-16));
#5021=CARTESIAN_POINT('Ctrl Pts',(0.348269713840238,-5.06406529557734,0.2));
#5022=CARTESIAN_POINT('Ctrl Pts',(1.27703280559943,-6.07406164984772,0.2));
#5023=CARTESIAN_POINT('Ctrl Pts',(2.75306954821735,-5.89182516034572,0.2));
#5024=CARTESIAN_POINT('',(0.348269713840239,-5.06406529557734,-1.38777878078145E-16));
#5025=CARTESIAN_POINT('Origin',(2.86181867968781,-2.62161374472757,0.));
#5026=CARTESIAN_POINT('',(0.348269713840239,-5.06406529557734,0.2));
#5027=CARTESIAN_POINT('',(0.348269713840239,-5.06406529557734,-1.38777878078145E-16));
#5028=CARTESIAN_POINT('Origin',(2.86181867968781,-2.62161374472757,0.2));
#5029=CARTESIAN_POINT('Origin',(2.18818837754308,-3.33372707195753,-1.38777878078145E-16));
#5030=CARTESIAN_POINT('',(0.0553975710484728,-4.68671429765254,-1.38777878078145E-16));
#5031=CARTESIAN_POINT('Origin',(2.18818837754308,-3.33372707195753,0.));
#5032=CARTESIAN_POINT('',(0.0553975710484728,-4.68671429765254,0.2));
#5033=CARTESIAN_POINT('',(0.0553975710484728,-4.68671429765254,-1.38777878078145E-16));
#5034=CARTESIAN_POINT('Origin',(2.18818837754308,-3.33372707195753,0.2));
#5035=CARTESIAN_POINT('Ctrl Pts',(-0.227157713989944,-5.05459243647229,
-1.38777878078145E-16));
#5036=CARTESIAN_POINT('Ctrl Pts',(-0.227157713989944,-5.05459243647229,
0.2));
#5037=CARTESIAN_POINT('Ctrl Pts',(-0.120840106431456,-4.93844075817974,
-1.38777878078145E-16));
#5038=CARTESIAN_POINT('Ctrl Pts',(-0.120840106431456,-4.93844075817974,
0.2));
#5039=CARTESIAN_POINT('Ctrl Pts',(-0.0269064942155356,-4.81659874650855,
-1.38777878078145E-16));
#5040=CARTESIAN_POINT('Ctrl Pts',(-0.0269064942155356,-4.81659874650855,
0.2));
#5041=CARTESIAN_POINT('Ctrl Pts',(0.0553975710484716,-4.68671429765254,
-1.38777878078145E-16));
#5042=CARTESIAN_POINT('Ctrl Pts',(0.0553975710484716,-4.68671429765254,
0.2));
#5043=CARTESIAN_POINT('',(-0.227157713989944,-5.05459243647229,-1.38777878078145E-16));
#5044=CARTESIAN_POINT('Ctrl Pts',(-0.227157713989944,-5.05459243647229,
-1.38777878078145E-16));
#5045=CARTESIAN_POINT('Ctrl Pts',(-0.120840106431456,-4.93844075817974,
-1.38777878078145E-16));
#5046=CARTESIAN_POINT('Ctrl Pts',(-0.0269064942155356,-4.81659874650855,
-1.38777878078145E-16));
#5047=CARTESIAN_POINT('Ctrl Pts',(0.0553975710484716,-4.68671429765254,
-1.38777878078145E-16));
#5048=CARTESIAN_POINT('',(-0.227157713989944,-5.05459243647229,0.2));
#5049=CARTESIAN_POINT('',(-0.227157713989944,-5.05459243647229,-1.38777878078145E-16));
#5050=CARTESIAN_POINT('Ctrl Pts',(-0.227157713989944,-5.05459243647229,
0.2));
#5051=CARTESIAN_POINT('Ctrl Pts',(-0.120840106431456,-4.93844075817974,
0.2));
#5052=CARTESIAN_POINT('Ctrl Pts',(-0.0269064942155356,-4.81659874650855,
0.2));
#5053=CARTESIAN_POINT('Ctrl Pts',(0.0553975710484716,-4.68671429765254,
0.2));
#5054=CARTESIAN_POINT('Ctrl Pts',(-0.296543156185408,-5.12644036424192,
-1.38777878078145E-16));
#5055=CARTESIAN_POINT('Ctrl Pts',(-0.296543156185408,-5.12644036424192,
0.2));
#5056=CARTESIAN_POINT('Ctrl Pts',(-0.272330211567003,-5.10358613162367,
-1.38777878078145E-16));
#5057=CARTESIAN_POINT('Ctrl Pts',(-0.272330211567003,-5.10358613162367,
0.2));
#5058=CARTESIAN_POINT('Ctrl Pts',(-0.250281677648785,-5.07856281168517,
-1.38777878078145E-16));
#5059=CARTESIAN_POINT('Ctrl Pts',(-0.250281677648785,-5.07856281168517,
0.2));
#5060=CARTESIAN_POINT('Ctrl Pts',(-0.227157713989941,-5.0545924364723,-1.38777878078145E-16));
#5061=CARTESIAN_POINT('Ctrl Pts',(-0.227157713989941,-5.0545924364723,0.2));
#5062=CARTESIAN_POINT('',(-0.296543156185408,-5.12644036424192,-1.38777878078145E-16));
#5063=CARTESIAN_POINT('Ctrl Pts',(-0.296543156185408,-5.12644036424192,
-1.38777878078145E-16));
#5064=CARTESIAN_POINT('Ctrl Pts',(-0.272330211567003,-5.10358613162367,
-1.38777878078145E-16));
#5065=CARTESIAN_POINT('Ctrl Pts',(-0.250281677648785,-5.07856281168517,
-1.38777878078145E-16));
#5066=CARTESIAN_POINT('Ctrl Pts',(-0.227157713989941,-5.0545924364723,-1.38777878078145E-16));
#5067=CARTESIAN_POINT('',(-0.296543156185408,-5.12644036424192,0.2));
#5068=CARTESIAN_POINT('',(-0.296543156185408,-5.12644036424192,-1.38777878078145E-16));
#5069=CARTESIAN_POINT('Ctrl Pts',(-0.296543156185408,-5.12644036424192,
0.2));
#5070=CARTESIAN_POINT('Ctrl Pts',(-0.272330211567003,-5.10358613162367,
0.2));
#5071=CARTESIAN_POINT('Ctrl Pts',(-0.250281677648785,-5.07856281168517,
0.2));
#5072=CARTESIAN_POINT('Ctrl Pts',(-0.227157713989941,-5.0545924364723,0.2));
#5073=CARTESIAN_POINT('Ctrl Pts',(-1.47444341759611,-5.81221206620684,-1.38777878078145E-16));
#5074=CARTESIAN_POINT('Ctrl Pts',(-0.784669495665561,-5.62033081911532,
-1.38777878078145E-16));
#5075=CARTESIAN_POINT('Ctrl Pts',(-0.296543156185408,-5.12644036424192,
-1.38777878078145E-16));
#5076=CARTESIAN_POINT('Ctrl Pts',(-1.47444341759611,-5.81221206620684,0.2));
#5077=CARTESIAN_POINT('Ctrl Pts',(-0.784669495665561,-5.62033081911532,
0.2));
#5078=CARTESIAN_POINT('Ctrl Pts',(-0.296543156185408,-5.12644036424192,
0.2));
#5079=CARTESIAN_POINT('',(-1.47444335049761,-5.81221221766693,-1.38777878078145E-16));
#5080=CARTESIAN_POINT('Origin',(-3.08714301277771,-2.1718976943947,0.));
#5081=CARTESIAN_POINT('',(-1.47444335049761,-5.81221221766693,0.2));
#5082=CARTESIAN_POINT('',(-1.47444335049761,-5.81221221766693,-1.38777878078145E-16));
#5083=CARTESIAN_POINT('Origin',(-3.08714301277771,-2.1718976943947,0.2));
#5084=CARTESIAN_POINT('Ctrl Pts',(-1.47458413747813,-5.81225121629269,-1.38777878078145E-16));
#5085=CARTESIAN_POINT('Ctrl Pts',(-1.47458413747813,-5.81225121629269,0.2));
#5086=CARTESIAN_POINT('Ctrl Pts',(-1.47315640272767,-5.81168012239248,-1.38777878078145E-16));
#5087=CARTESIAN_POINT('Ctrl Pts',(-1.47315640272767,-5.81168012239248,0.2));
#5088=CARTESIAN_POINT('Ctrl Pts',(-1.4736782872149,-5.8119922814066,-1.38777878078145E-16));
#5089=CARTESIAN_POINT('Ctrl Pts',(-1.4736782872149,-5.8119922814066,0.2));
#5090=CARTESIAN_POINT('Ctrl Pts',(-1.47444325979813,-5.81221253268268,-1.38777878078145E-16));
#5091=CARTESIAN_POINT('Ctrl Pts',(-1.47444325979813,-5.81221253268268,0.2));
#5092=CARTESIAN_POINT('',(-1.47458413747813,-5.81225121629269,-1.38777878078145E-16));
#5093=CARTESIAN_POINT('Ctrl Pts',(-1.47458413747813,-5.81225121629269,-1.38777878078145E-16));
#5094=CARTESIAN_POINT('Ctrl Pts',(-1.47315640272767,-5.81168012239248,-1.38777878078145E-16));
#5095=CARTESIAN_POINT('Ctrl Pts',(-1.4736782872149,-5.8119922814066,-1.38777878078145E-16));
#5096=CARTESIAN_POINT('Ctrl Pts',(-1.47444325979813,-5.81221253268268,-1.38777878078145E-16));
#5097=CARTESIAN_POINT('',(-1.47458413747813,-5.81225121629269,0.2));
#5098=CARTESIAN_POINT('',(-1.47458413747813,-5.81225121629269,-1.38777878078145E-16));
#5099=CARTESIAN_POINT('Ctrl Pts',(-1.47458413747813,-5.81225121629269,0.2));
#5100=CARTESIAN_POINT('Ctrl Pts',(-1.47315640272767,-5.81168012239248,0.2));
#5101=CARTESIAN_POINT('Ctrl Pts',(-1.4736782872149,-5.8119922814066,0.2));
#5102=CARTESIAN_POINT('Ctrl Pts',(-1.47444325979813,-5.81221253268268,0.2));
#5103=CARTESIAN_POINT('Ctrl Pts',(-1.87617118392737,-5.89253144393029,-1.38777878078145E-16));
#5104=CARTESIAN_POINT('Ctrl Pts',(-1.87617118392737,-5.89253144393029,0.2));
#5105=CARTESIAN_POINT('Ctrl Pts',(-1.80409983917778,-5.88233044479238,-1.38777878078145E-16));
#5106=CARTESIAN_POINT('Ctrl Pts',(-1.80409983917778,-5.88233044479238,0.2));
#5107=CARTESIAN_POINT('Ctrl Pts',(-1.787282186782,-5.87968535560471,1.38777878078145E-16));
#5108=CARTESIAN_POINT('Ctrl Pts',(-1.787282186782,-5.87968535560471,0.2));
#5109=CARTESIAN_POINT('Ctrl Pts',(-1.6686220953997,-5.86018478414744,1.38777878078145E-16));
#5110=CARTESIAN_POINT('Ctrl Pts',(-1.6686220953997,-5.86018478414744,0.2));
#5111=CARTESIAN_POINT('Ctrl Pts',(-1.57105802758169,-5.83883044712716,-1.38777878078145E-16));
#5112=CARTESIAN_POINT('Ctrl Pts',(-1.57105802758169,-5.83883044712716,0.2));
#5113=CARTESIAN_POINT('Ctrl Pts',(-1.47458413747813,-5.81225121629269,-1.38777878078145E-16));
#5114=CARTESIAN_POINT('Ctrl Pts',(-1.47458413747813,-5.81225121629269,0.2));
#5115=CARTESIAN_POINT('',(-1.87617118392738,-5.89253144393029,-1.38777878078145E-16));
#5116=CARTESIAN_POINT('Ctrl Pts',(-1.87617118392737,-5.89253144393029,-1.38777878078145E-16));
#5117=CARTESIAN_POINT('Ctrl Pts',(-1.80409983917778,-5.88233044479238,-1.38777878078145E-16));
#5118=CARTESIAN_POINT('Ctrl Pts',(-1.787282186782,-5.87968535560471,1.38777878078145E-16));
#5119=CARTESIAN_POINT('Ctrl Pts',(-1.76736372608579,-5.87641196046738,1.38777878078145E-16));
#5120=CARTESIAN_POINT('Ctrl Pts',(-1.6686220953997,-5.86018478414744,1.38777878078145E-16));
#5121=CARTESIAN_POINT('Ctrl Pts',(-1.57105802758169,-5.83883044712716,-1.38777878078145E-16));
#5122=CARTESIAN_POINT('Ctrl Pts',(-1.47458413747813,-5.81225121629269,-1.38777878078145E-16));
#5123=CARTESIAN_POINT('',(-1.87617118392738,-5.89253144393029,0.2));
#5124=CARTESIAN_POINT('',(-1.87617118392738,-5.89253144393029,-1.38777878078145E-16));
#5125=CARTESIAN_POINT('Ctrl Pts',(-1.87617118392737,-5.89253144393029,0.2));
#5126=CARTESIAN_POINT('Ctrl Pts',(-1.80409983917778,-5.88233044479238,0.2));
#5127=CARTESIAN_POINT('Ctrl Pts',(-1.787282186782,-5.87968535560471,0.2));
#5128=CARTESIAN_POINT('Ctrl Pts',(-1.76736372608579,-5.87641196046738,0.2));
#5129=CARTESIAN_POINT('Ctrl Pts',(-1.6686220953997,-5.86018478414744,0.2));
#5130=CARTESIAN_POINT('Ctrl Pts',(-1.57105802758169,-5.83883044712716,0.2));
#5131=CARTESIAN_POINT('Ctrl Pts',(-1.47458413747813,-5.81225121629269,0.2));
#5132=CARTESIAN_POINT('Ctrl Pts',(-2.31550972179713,-5.9165668213876,1.38777878078145E-16));
#5133=CARTESIAN_POINT('Ctrl Pts',(-2.31550972179713,-5.9165668213876,0.2));
#5134=CARTESIAN_POINT('Ctrl Pts',(-2.16221980988525,-5.91498905452325,1.38777878078145E-16));
#5135=CARTESIAN_POINT('Ctrl Pts',(-2.16221980988525,-5.91498905452325,0.2));
#5136=CARTESIAN_POINT('Ctrl Pts',(-2.12245170453931,-5.91340010750637,1.38777878078145E-16));
#5137=CARTESIAN_POINT('Ctrl Pts',(-2.12245170453931,-5.91340010750637,0.2));
#5138=CARTESIAN_POINT('Ctrl Pts',(-1.98090024307022,-5.90541612853571,1.38777878078145E-16));
#5139=CARTESIAN_POINT('Ctrl Pts',(-1.98090024307022,-5.90541612853571,0.2));
#5140=CARTESIAN_POINT('Ctrl Pts',(-1.91311417448628,-5.89707649365792,1.38777878078145E-16));
#5141=CARTESIAN_POINT('Ctrl Pts',(-1.91311417448628,-5.89707649365792,0.2));
#5142=CARTESIAN_POINT('Ctrl Pts',(-1.87617118392738,-5.89253144393029,1.38777878078145E-16));
#5143=CARTESIAN_POINT('Ctrl Pts',(-1.87617118392738,-5.89253144393029,0.2));
#5144=CARTESIAN_POINT('',(-2.31550972179694,-5.91656682138759,-1.38777878078145E-16));
#5145=CARTESIAN_POINT('Ctrl Pts',(-2.31550972179713,-5.9165668213876,1.38777878078145E-16));
#5146=CARTESIAN_POINT('Ctrl Pts',(-2.16221980988525,-5.91498905452325,1.38777878078145E-16));
#5147=CARTESIAN_POINT('Ctrl Pts',(-2.12245170453931,-5.91340010750637,1.38777878078145E-16));
#5148=CARTESIAN_POINT('Ctrl Pts',(-2.07605685982882,-5.91078328207291,1.38777878078145E-16));
#5149=CARTESIAN_POINT('Ctrl Pts',(-1.98090024307022,-5.90541612853571,1.38777878078145E-16));
#5150=CARTESIAN_POINT('Ctrl Pts',(-1.91311417448628,-5.89707649365792,1.38777878078145E-16));
#5151=CARTESIAN_POINT('Ctrl Pts',(-1.87617118392738,-5.89253144393029,1.38777878078145E-16));
#5152=CARTESIAN_POINT('',(-2.31550972179694,-5.91656682138759,0.2));
#5153=CARTESIAN_POINT('',(-2.31550972179694,-5.91656682138759,-1.38777878078145E-16));
#5154=CARTESIAN_POINT('Ctrl Pts',(-2.31550972179713,-5.9165668213876,0.2));
#5155=CARTESIAN_POINT('Ctrl Pts',(-2.16221980988525,-5.91498905452325,0.2));
#5156=CARTESIAN_POINT('Ctrl Pts',(-2.12245170453931,-5.91340010750637,0.2));
#5157=CARTESIAN_POINT('Ctrl Pts',(-2.07605685982882,-5.91078328207291,0.2));
#5158=CARTESIAN_POINT('Ctrl Pts',(-1.98090024307022,-5.90541612853571,0.2));
#5159=CARTESIAN_POINT('Ctrl Pts',(-1.91311417448628,-5.89707649365792,0.2));
#5160=CARTESIAN_POINT('Ctrl Pts',(-1.87617118392738,-5.89253144393029,0.2));
#5161=CARTESIAN_POINT('Ctrl Pts',(-4.98901351598765,-3.16493218553094,-1.38777878078145E-16));
#5162=CARTESIAN_POINT('Ctrl Pts',(-4.98901351598765,-3.16493218553094,0.2));
#5163=CARTESIAN_POINT('Ctrl Pts',(-4.98901351598765,-3.36859129978091,-1.38777878078145E-16));
#5164=CARTESIAN_POINT('Ctrl Pts',(-4.98901351598765,-3.36859129978091,0.2));
#5165=CARTESIAN_POINT('Ctrl Pts',(-4.96938028286942,-3.57149312656887,1.38777878078145E-16));
#5166=CARTESIAN_POINT('Ctrl Pts',(-4.96938028286942,-3.57149312656887,0.2));
#5167=CARTESIAN_POINT('Ctrl Pts',(-4.88953257194921,-3.96109429432633,1.38777878078145E-16));
#5168=CARTESIAN_POINT('Ctrl Pts',(-4.88953257194921,-3.96109429432633,0.2));
#5169=CARTESIAN_POINT('Ctrl Pts',(-4.83154471257259,-4.14656311263156,1.38777878078145E-16));
#5170=CARTESIAN_POINT('Ctrl Pts',(-4.83154471257259,-4.14656311263156,0.2));
#5171=CARTESIAN_POINT('Ctrl Pts',(-4.61820514232089,-4.63702711913552,1.38777878078145E-16));
#5172=CARTESIAN_POINT('Ctrl Pts',(-4.61820514232089,-4.63702711913552,0.2));
#5173=CARTESIAN_POINT('Ctrl Pts',(-4.42534404395829,-4.91949491495552,1.38777878078145E-16));
#5174=CARTESIAN_POINT('Ctrl Pts',(-4.42534404395829,-4.91949491495552,0.2));
#5175=CARTESIAN_POINT('Ctrl Pts',(-3.93633989043223,-5.39772972998291,1.38777878078145E-16));
#5176=CARTESIAN_POINT('Ctrl Pts',(-3.93633989043223,-5.39772972998291,0.2));
#5177=CARTESIAN_POINT('Ctrl Pts',(-3.64698425734301,-5.58520282337824,1.38777878078145E-16));
#5178=CARTESIAN_POINT('Ctrl Pts',(-3.64698425734301,-5.58520282337824,0.2));
#5179=CARTESIAN_POINT('Ctrl Pts',(-2.98297109820777,-5.85230939549012,1.38777878078145E-16));
#5180=CARTESIAN_POINT('Ctrl Pts',(-2.98297109820777,-5.85230939549012,0.2));
#5181=CARTESIAN_POINT('Ctrl Pts',(-2.67682486438095,-5.89916579626865,-5.55111512312578E-16));
#5182=CARTESIAN_POINT('Ctrl Pts',(-2.67682486438095,-5.89916579626865,0.199999999999999));
#5183=CARTESIAN_POINT('Ctrl Pts',(-2.31550972179695,-5.91656682138759,-5.55111512312578E-16));
#5184=CARTESIAN_POINT('Ctrl Pts',(-2.31550972179695,-5.91656682138759,0.199999999999999));
#5185=CARTESIAN_POINT('',(-4.98901351598765,-3.16493218553094,-1.38777878078145E-16));
#5186=CARTESIAN_POINT('Ctrl Pts',(-4.98901351598765,-3.16493218553094,-1.38777878078145E-16));
#5187=CARTESIAN_POINT('Ctrl Pts',(-4.98901351598765,-3.36859129978091,-1.38777878078145E-16));
#5188=CARTESIAN_POINT('Ctrl Pts',(-4.96938028286942,-3.57149312656887,1.38777878078145E-16));
#5189=CARTESIAN_POINT('Ctrl Pts',(-4.88953257194921,-3.96109429432633,1.38777878078145E-16));
#5190=CARTESIAN_POINT('Ctrl Pts',(-4.83154471257259,-4.14656311263156,1.38777878078145E-16));
#5191=CARTESIAN_POINT('Ctrl Pts',(-4.61820514232089,-4.63702711913552,1.38777878078145E-16));
#5192=CARTESIAN_POINT('Ctrl Pts',(-4.42534404395829,-4.91949491495552,1.38777878078145E-16));
#5193=CARTESIAN_POINT('Ctrl Pts',(-3.93633989043223,-5.39772972998291,1.38777878078145E-16));
#5194=CARTESIAN_POINT('Ctrl Pts',(-3.64698425734301,-5.58520282337824,1.38777878078145E-16));
#5195=CARTESIAN_POINT('Ctrl Pts',(-2.98297109820777,-5.85230939549012,1.38777878078145E-16));
#5196=CARTESIAN_POINT('Ctrl Pts',(-2.67682486438095,-5.89916579626865,-5.55111512312578E-16));
#5197=CARTESIAN_POINT('Ctrl Pts',(-2.31550972179695,-5.91656682138759,-5.55111512312578E-16));
#5198=CARTESIAN_POINT('',(-4.98901351598765,-3.16493218553094,0.2));
#5199=CARTESIAN_POINT('',(-4.98901351598765,-3.16493218553094,-1.38777878078145E-16));
#5200=CARTESIAN_POINT('Ctrl Pts',(-4.98901351598765,-3.16493218553094,0.2));
#5201=CARTESIAN_POINT('Ctrl Pts',(-4.98901351598765,-3.36859129978091,0.2));
#5202=CARTESIAN_POINT('Ctrl Pts',(-4.96938028286942,-3.57149312656887,0.2));
#5203=CARTESIAN_POINT('Ctrl Pts',(-4.88953257194921,-3.96109429432633,0.2));
#5204=CARTESIAN_POINT('Ctrl Pts',(-4.83154471257259,-4.14656311263156,0.2));
#5205=CARTESIAN_POINT('Ctrl Pts',(-4.61820514232089,-4.63702711913552,0.2));
#5206=CARTESIAN_POINT('Ctrl Pts',(-4.42534404395829,-4.91949491495552,0.2));
#5207=CARTESIAN_POINT('Ctrl Pts',(-3.93633989043223,-5.39772972998291,0.2));
#5208=CARTESIAN_POINT('Ctrl Pts',(-3.64698425734301,-5.58520282337824,0.2));
#5209=CARTESIAN_POINT('Ctrl Pts',(-2.98297109820777,-5.85230939549012,0.2));
#5210=CARTESIAN_POINT('Ctrl Pts',(-2.67682486438095,-5.89916579626865,0.199999999999999));
#5211=CARTESIAN_POINT('Ctrl Pts',(-2.31550972179695,-5.91656682138759,0.199999999999999));
#5212=CARTESIAN_POINT('Ctrl Pts',(-4.66661313680674,-1.84168446671992,-1.38777878078145E-16));
#5213=CARTESIAN_POINT('Ctrl Pts',(-4.98907171579335,-2.45089562041191,-1.38777878078145E-16));
#5214=CARTESIAN_POINT('Ctrl Pts',(-4.98901351598765,-3.16493218553094,-1.38777878078145E-16));
#5215=CARTESIAN_POINT('Ctrl Pts',(-4.66661313680674,-1.84168446671992,0.2));
#5216=CARTESIAN_POINT('Ctrl Pts',(-4.98907171579335,-2.45089562041191,0.2));
#5217=CARTESIAN_POINT('Ctrl Pts',(-4.98901351598765,-3.16493218553094,0.2));
#5218=CARTESIAN_POINT('',(-4.66661313680674,-1.84168446671992,-1.38777878078145E-16));
#5219=CARTESIAN_POINT('Origin',(-1.44090819621487,-3.60413081686578,0.));
#5220=CARTESIAN_POINT('',(-4.66661313680674,-1.84168446671992,0.2));
#5221=CARTESIAN_POINT('',(-4.66661313680674,-1.84168446671992,-1.38777878078145E-16));
#5222=CARTESIAN_POINT('Origin',(-1.44090819621487,-3.60413081686578,0.2));
#5223=CARTESIAN_POINT('Ctrl Pts',(-4.66333087591196,-1.83432057511836,-1.38777878078145E-16));
#5224=CARTESIAN_POINT('Ctrl Pts',(-4.66333087591196,-1.83432057511836,0.2));
#5225=CARTESIAN_POINT('Ctrl Pts',(-4.66457837728526,-1.83589509141474,-1.38777878078145E-16));
#5226=CARTESIAN_POINT('Ctrl Pts',(-4.66457837728526,-1.83589509141474,0.2));
#5227=CARTESIAN_POINT('Ctrl Pts',(-4.66534141210581,-1.83851121079949,-1.38777878078145E-16));
#5228=CARTESIAN_POINT('Ctrl Pts',(-4.66534141210581,-1.83851121079949,0.2));
#5229=CARTESIAN_POINT('Ctrl Pts',(-4.66661313680674,-1.84168446671992,-1.38777878078145E-16));
#5230=CARTESIAN_POINT('Ctrl Pts',(-4.66661313680674,-1.84168446671992,0.2));
#5231=CARTESIAN_POINT('',(-4.66333087591196,-1.83432057511836,-1.38777878078145E-16));
#5232=CARTESIAN_POINT('Ctrl Pts',(-4.66333087591196,-1.83432057511836,-1.38777878078145E-16));
#5233=CARTESIAN_POINT('Ctrl Pts',(-4.66457837728526,-1.83589509141474,-1.38777878078145E-16));
#5234=CARTESIAN_POINT('Ctrl Pts',(-4.66534141210581,-1.83851121079949,-1.38777878078145E-16));
#5235=CARTESIAN_POINT('Ctrl Pts',(-4.66661313680674,-1.84168446671992,-1.38777878078145E-16));
#5236=CARTESIAN_POINT('',(-4.66333087591196,-1.83432057511836,0.2));
#5237=CARTESIAN_POINT('',(-4.66333087591196,-1.83432057511836,-1.38777878078145E-16));
#5238=CARTESIAN_POINT('Ctrl Pts',(-4.66333087591196,-1.83432057511836,0.2));
#5239=CARTESIAN_POINT('Ctrl Pts',(-4.66457837728526,-1.83589509141474,0.2));
#5240=CARTESIAN_POINT('Ctrl Pts',(-4.66534141210581,-1.83851121079949,0.2));
#5241=CARTESIAN_POINT('Ctrl Pts',(-4.66661313680674,-1.84168446671992,0.2));
#5242=CARTESIAN_POINT('Ctrl Pts',(-2.29288239876546,-0.417157182365596,
-4.16333634234434E-16));
#5243=CARTESIAN_POINT('Ctrl Pts',(-3.93110105031735,-0.431488212482819,
-4.16333634234434E-16));
#5244=CARTESIAN_POINT('Ctrl Pts',(-4.66333087591196,-1.83432057511836,-4.16333634234434E-16));
#5245=CARTESIAN_POINT('Ctrl Pts',(-2.29288239876546,-0.417157182365596,
0.2));
#5246=CARTESIAN_POINT('Ctrl Pts',(-3.93110105031735,-0.431488212482819,
0.2));
#5247=CARTESIAN_POINT('Ctrl Pts',(-4.66333087591196,-1.83432057511836,0.2));
#5248=CARTESIAN_POINT('',(-2.29288239876546,-0.417157182365595,-4.16333634234434E-16));
#5249=CARTESIAN_POINT('Origin',(-1.93369790365394,-3.49267048235022,0.));
#5250=CARTESIAN_POINT('',(-2.29288239876546,-0.417157182365595,0.2));
#5251=CARTESIAN_POINT('',(-2.29288239876546,-0.417157182365595,-4.16333634234434E-16));
#5252=CARTESIAN_POINT('Origin',(-1.93369790365394,-3.49267048235022,0.2));
#5253=CARTESIAN_POINT('Origin',(-2.21985945610355,-3.25496490788774,-1.38777878078145E-16));
#5254=CARTESIAN_POINT('',(-0.437947330916775,-1.04515174490302,-1.38777878078145E-16));
#5255=CARTESIAN_POINT('Origin',(-2.21985945610355,-3.25496490788774,0.));
#5256=CARTESIAN_POINT('',(-0.437947330916775,-1.04515174490302,0.2));
#5257=CARTESIAN_POINT('',(-0.437947330916775,-1.04515174490302,-1.38777878078145E-16));
#5258=CARTESIAN_POINT('Origin',(-2.21985945610355,-3.25496490788774,0.2));
#5259=CARTESIAN_POINT('Ctrl Pts',(0.0545739779088378,-1.66119645249872,
-1.38777878078145E-16));
#5260=CARTESIAN_POINT('Ctrl Pts',(0.0545739779088378,-1.66119645249872,
0.2));
#5261=CARTESIAN_POINT('Ctrl Pts',(-0.0900933730596546,-1.42804939166887,
-1.38777878078145E-16));
#5262=CARTESIAN_POINT('Ctrl Pts',(-0.0900933730596546,-1.42804939166887,
0.2));
#5263=CARTESIAN_POINT('Ctrl Pts',(-0.146901409100553,-1.35289977193497,
-5.55111512312578E-16));
#5264=CARTESIAN_POINT('Ctrl Pts',(-0.146901409100553,-1.35289977193497,
0.199999999999999));
#5265=CARTESIAN_POINT('Ctrl Pts',(-0.437947330915047,-1.04515174490485,
-5.55111512312578E-16));
#5266=CARTESIAN_POINT('Ctrl Pts',(-0.437947330915047,-1.04515174490485,
0.199999999999999));
#5267=CARTESIAN_POINT('',(0.0545739779088378,-1.66119645249872,-1.38777878078145E-16));
#5268=CARTESIAN_POINT('Ctrl Pts',(0.0545739779088378,-1.66119645249872,
-1.38777878078145E-16));
#5269=CARTESIAN_POINT('Ctrl Pts',(-0.0900933730596546,-1.42804939166887,
-1.38777878078145E-16));
#5270=CARTESIAN_POINT('Ctrl Pts',(-0.146901409100553,-1.35289977193497,
-5.55111512312578E-16));
#5271=CARTESIAN_POINT('Ctrl Pts',(-0.437947330915047,-1.04515174490485,
-5.55111512312578E-16));
#5272=CARTESIAN_POINT('',(0.0545739779088378,-1.66119645249872,0.2));
#5273=CARTESIAN_POINT('',(0.0545739779088378,-1.66119645249872,-1.38777878078145E-16));
#5274=CARTESIAN_POINT('Ctrl Pts',(0.0545739779088378,-1.66119645249872,
0.2));
#5275=CARTESIAN_POINT('Ctrl Pts',(-0.0900933730596546,-1.42804939166887,
0.2));
#5276=CARTESIAN_POINT('Ctrl Pts',(-0.146901409100553,-1.35289977193497,
0.2));
#5277=CARTESIAN_POINT('Ctrl Pts',(-0.437947330915047,-1.04515174490485,
0.2));
#5278=CARTESIAN_POINT('Ctrl Pts',(0.338422931155914,-1.26497548234494,-1.38777878078145E-16));
#5279=CARTESIAN_POINT('Ctrl Pts',(0.338422931155914,-1.26497548234494,0.2));
#5280=CARTESIAN_POINT('Ctrl Pts',(0.280783523044336,-1.33086293351682,-1.38777878078145E-16));
#5281=CARTESIAN_POINT('Ctrl Pts',(0.280783523044336,-1.33086293351682,0.2));
#5282=CARTESIAN_POINT('Ctrl Pts',(0.243394816837059,-1.35690301072628,-1.38777878078145E-16));
#5283=CARTESIAN_POINT('Ctrl Pts',(0.243394816837059,-1.35690301072628,0.2));
#5284=CARTESIAN_POINT('Ctrl Pts',(0.0545739779088378,-1.66119645249872,
-1.38777878078145E-16));
#5285=CARTESIAN_POINT('Ctrl Pts',(0.0545739779088378,-1.66119645249872,
0.2));
#5286=CARTESIAN_POINT('',(0.338422931155914,-1.26497548234494,-1.38777878078145E-16));
#5287=CARTESIAN_POINT('Ctrl Pts',(0.338422931155914,-1.26497548234494,-1.38777878078145E-16));
#5288=CARTESIAN_POINT('Ctrl Pts',(0.280783523044336,-1.33086293351682,-1.38777878078145E-16));
#5289=CARTESIAN_POINT('Ctrl Pts',(0.243394816837059,-1.35690301072628,-1.38777878078145E-16));
#5290=CARTESIAN_POINT('Ctrl Pts',(0.0545739779088378,-1.66119645249872,
-1.38777878078145E-16));
#5291=CARTESIAN_POINT('',(0.338422931155914,-1.26497548234494,0.2));
#5292=CARTESIAN_POINT('',(0.338422931155914,-1.26497548234494,-1.38777878078145E-16));
#5293=CARTESIAN_POINT('Ctrl Pts',(0.338422931155914,-1.26497548234494,0.2));
#5294=CARTESIAN_POINT('Ctrl Pts',(0.280783523044336,-1.33086293351682,0.2));
#5295=CARTESIAN_POINT('Ctrl Pts',(0.243394816837059,-1.35690301072628,0.2));
#5296=CARTESIAN_POINT('Ctrl Pts',(0.0545739779088378,-1.66119645249872,
0.2));
#5297=CARTESIAN_POINT('Ctrl Pts',(1.57371140093604,-0.517384153840946,-4.16333634234434E-16));
#5298=CARTESIAN_POINT('Ctrl Pts',(0.841875045060147,-0.719629065839681,
-4.16333634234434E-16));
#5299=CARTESIAN_POINT('Ctrl Pts',(0.338422931155914,-1.26497548234494,-4.16333634234434E-16));
#5300=CARTESIAN_POINT('Ctrl Pts',(1.57371140093604,-0.517384153840946,0.2));
#5301=CARTESIAN_POINT('Ctrl Pts',(0.841875045060147,-0.719629065839681,
0.2));
#5302=CARTESIAN_POINT('Ctrl Pts',(0.338422931155914,-1.26497548234494,0.2));
#5303=CARTESIAN_POINT('',(1.57371140093604,-0.517384153840945,-4.16333634234434E-16));
#5304=CARTESIAN_POINT('Origin',(2.88684051984174,-3.79177942527007,0.));
#5305=CARTESIAN_POINT('',(1.57371140093604,-0.517384153840945,0.2));
#5306=CARTESIAN_POINT('',(1.57371140093604,-0.517384153840945,-4.16333634234434E-16));
#5307=CARTESIAN_POINT('Origin',(2.88684051984174,-3.79177942527007,0.2));
#5308=CARTESIAN_POINT('Ctrl Pts',(4.83319460245107,-1.95243352067503,-4.16333634234434E-16));
#5309=CARTESIAN_POINT('Ctrl Pts',(3.89038594904298,0.0740616498479901,-4.16333634234434E-16));
#5310=CARTESIAN_POINT('Ctrl Pts',(1.57371140093604,-0.517384153840944,-4.16333634234434E-16));
#5311=CARTESIAN_POINT('Ctrl Pts',(4.83319460245107,-1.95243352067503,0.2));
#5312=CARTESIAN_POINT('Ctrl Pts',(3.89038594904298,0.0740616498479901,0.2));
#5313=CARTESIAN_POINT('Ctrl Pts',(1.57371140093604,-0.517384153840944,0.2));
#5314=CARTESIAN_POINT('',(4.83319460245107,-1.95243352067503,-1.38777878078145E-16));
#5315=CARTESIAN_POINT('Origin',(1.94595415135386,-3.63110906177139,0.));
#5316=CARTESIAN_POINT('',(4.83319460245107,-1.95243352067503,0.2));
#5317=CARTESIAN_POINT('',(4.83319460245107,-1.95243352067503,-1.38777878078145E-16));
#5318=CARTESIAN_POINT('Origin',(1.94595415135386,-3.63110906177139,0.2));
#5319=CARTESIAN_POINT('Ctrl Pts',(4.83319460245107,-1.95243352067503,-1.38777878078145E-16));
#5320=CARTESIAN_POINT('Ctrl Pts',(4.83319460245107,-1.95243352067503,0.2));
#5321=CARTESIAN_POINT('Ctrl Pts',(4.8314868578527,-1.94991429460077,-1.38777878078145E-16));
#5322=CARTESIAN_POINT('Ctrl Pts',(4.8314868578527,-1.94991429460077,0.2));
#5323=CARTESIAN_POINT('Ctrl Pts',(4.83243156763051,-1.95085900437859,-1.38777878078145E-16));
#5324=CARTESIAN_POINT('Ctrl Pts',(4.83243156763051,-1.95085900437859,0.2));
#5325=CARTESIAN_POINT('Ctrl Pts',(4.83319460245107,-1.95243352067503,-1.38777878078145E-16));
#5326=CARTESIAN_POINT('Ctrl Pts',(4.83319460245107,-1.95243352067503,0.2));
#5327=CARTESIAN_POINT('Ctrl Pts',(4.83319460245107,-1.95243352067503,-1.38777878078145E-16));
#5328=CARTESIAN_POINT('Ctrl Pts',(4.8314868578527,-1.94991429460077,-1.38777878078145E-16));
#5329=CARTESIAN_POINT('Ctrl Pts',(4.83243156763051,-1.95085900437859,-1.38777878078145E-16));
#5330=CARTESIAN_POINT('Ctrl Pts',(4.83319460245107,-1.95243352067503,-1.38777878078145E-16));
#5331=CARTESIAN_POINT('',(4.83319460245107,-1.95243352067503,-1.38777878078145E-16));
#5332=CARTESIAN_POINT('Ctrl Pts',(4.83319460245107,-1.95243352067503,0.2));
#5333=CARTESIAN_POINT('Ctrl Pts',(4.8314868578527,-1.94991429460077,0.2));
#5334=CARTESIAN_POINT('Ctrl Pts',(4.83243156763051,-1.95085900437859,0.2));
#5335=CARTESIAN_POINT('Ctrl Pts',(4.83319460245107,-1.95243352067503,0.2));
#5336=CARTESIAN_POINT('Origin',(2.33793661532882,-3.12774394236421,-1.38777878078145E-16));
#5337=CARTESIAN_POINT('',(4.98907171579335,-2.3667250932458,-1.38777878078145E-16));
#5338=CARTESIAN_POINT('Origin',(2.33793661532882,-3.12774394236421,0.));
#5339=CARTESIAN_POINT('',(4.98907171579335,-2.3667250932458,0.2));
#5340=CARTESIAN_POINT('',(4.98907171579335,-2.3667250932458,-1.38777878078145E-16));
#5341=CARTESIAN_POINT('Origin',(2.33793661532882,-3.12774394236421,0.2));
#5342=CARTESIAN_POINT('Origin',(3.77819601388907,-2.3667250932458,-1.38777878078145E-16));
#5343=CARTESIAN_POINT('',(3.77819601388907,-2.3667250932458,-1.38777878078145E-16));
#5344=CARTESIAN_POINT('',(1.88909800694453,-2.36672509324581,0.));
#5345=CARTESIAN_POINT('',(3.77819601388907,-2.3667250932458,0.2));
#5346=CARTESIAN_POINT('',(3.77819601388907,-2.3667250932458,-1.38777878078145E-16));
#5347=CARTESIAN_POINT('',(3.77819601388907,-2.3667250932458,0.2));
#5348=CARTESIAN_POINT('Ctrl Pts',(2.54040346944843,-1.45174941232485,-1.38777878078145E-16));
#5349=CARTESIAN_POINT('Ctrl Pts',(2.54040346944843,-1.45174941232485,0.2));
#5350=CARTESIAN_POINT('Ctrl Pts',(3.09809997532883,-1.51963575542943,-1.38777878078145E-16));
#5351=CARTESIAN_POINT('Ctrl Pts',(3.09809997532883,-1.51963575542943,0.2));
#5352=CARTESIAN_POINT('Ctrl Pts',(3.54205620743929,-1.88362000022172,-1.38777878078145E-16));
#5353=CARTESIAN_POINT('Ctrl Pts',(3.54205620743929,-1.88362000022172,0.2));
#5354=CARTESIAN_POINT('Ctrl Pts',(3.77819601388907,-2.3667250932458,-1.38777878078145E-16));
#5355=CARTESIAN_POINT('Ctrl Pts',(3.77819601388907,-2.3667250932458,0.2));
#5356=CARTESIAN_POINT('',(2.54040346944843,-1.45174941232485,-1.38777878078145E-16));
#5357=CARTESIAN_POINT('Ctrl Pts',(2.54040346944843,-1.45174941232485,-1.38777878078145E-16));
#5358=CARTESIAN_POINT('Ctrl Pts',(3.09809997532883,-1.51963575542943,-1.38777878078145E-16));
#5359=CARTESIAN_POINT('Ctrl Pts',(3.54205620743929,-1.88362000022172,-1.38777878078145E-16));
#5360=CARTESIAN_POINT('Ctrl Pts',(3.77819601388907,-2.3667250932458,-1.38777878078145E-16));
#5361=CARTESIAN_POINT('',(2.54040346944843,-1.45174941232485,0.2));
#5362=CARTESIAN_POINT('',(2.54040346944843,-1.45174941232485,-1.38777878078145E-16));
#5363=CARTESIAN_POINT('Ctrl Pts',(2.54040346944843,-1.45174941232485,0.2));
#5364=CARTESIAN_POINT('Ctrl Pts',(3.09809997532883,-1.51963575542943,0.2));
#5365=CARTESIAN_POINT('Ctrl Pts',(3.54205620743929,-1.88362000022172,0.2));
#5366=CARTESIAN_POINT('Ctrl Pts',(3.77819601388907,-2.3667250932458,0.2));
#5367=CARTESIAN_POINT('Ctrl Pts',(2.54040346944843,-1.45174941232485,-1.38777878078145E-16));
#5368=CARTESIAN_POINT('Ctrl Pts',(2.04193605283035,-1.39744984578914,-1.38777878078145E-16));
#5369=CARTESIAN_POINT('Ctrl Pts',(1.61654259057973,-1.63905633103876,-1.38777878078145E-16));
#5370=CARTESIAN_POINT('Ctrl Pts',(2.54040346944843,-1.45174941232485,0.2));
#5371=CARTESIAN_POINT('Ctrl Pts',(2.04193605283035,-1.39744984578914,0.2));
#5372=CARTESIAN_POINT('Ctrl Pts',(1.61654259057973,-1.63905633103876,0.2));
#5373=CARTESIAN_POINT('Origin',(2.68527260757039,-4.00258024457685,0.));
#5374=CARTESIAN_POINT('Origin',(2.68527260757039,-4.00258024457685,0.2));
#5375=CARTESIAN_POINT('Origin',(2.90999028557115E-5,-3.16534398210077,0.2));
#5376=CARTESIAN_POINT('Origin',(0.,0.,0.));
#5377=CARTESIAN_POINT('Origin',(0.,0.,0.));
#5378=CARTESIAN_POINT('',(5.43125728962231,8.71874271037769,0.));
#5379=CARTESIAN_POINT('',(-5.43125728962231,8.71874271037769,0.));
#5380=CARTESIAN_POINT('',(0.,8.71874271037769,0.));
#5381=CARTESIAN_POINT('',(5.43125728962205,15.75,0.));
#5382=CARTESIAN_POINT('',(5.43125728962231,2.5124612065008E-16,0.));
#5383=CARTESIAN_POINT('',(8.,18.3187427103777,0.));
#5384=CARTESIAN_POINT('Origin',(8.,15.75,0.));
#5385=CARTESIAN_POINT('',(13.,18.3187427103772,0.));
#5386=CARTESIAN_POINT('',(0.,18.3187427103777,0.));
#5387=CARTESIAN_POINT('',(17.3687427103777,13.95,0.));
#5388=CARTESIAN_POINT('Origin',(13.,13.95,0.));
#5389=CARTESIAN_POINT('',(17.3687427103763,3.05000000000001,0.));
#5390=CARTESIAN_POINT('',(17.3687427103777,0.,0.));
#5391=CARTESIAN_POINT('',(13.,-1.31874271037607,0.));
#5392=CARTESIAN_POINT('Origin',(13.,3.05000000000001,0.));
#5393=CARTESIAN_POINT('',(7.5687427103777,-6.74999999999999,0.));
#5394=CARTESIAN_POINT('Origin',(13.,-6.74999999999999,0.));
#5395=CARTESIAN_POINT('',(7.56874271037769,-10.75,0.));
#5396=CARTESIAN_POINT('',(7.5687427103777,3.50124684355214E-16,0.));
#5397=CARTESIAN_POINT('',(-7.56874271037769,-10.75,0.));
#5398=CARTESIAN_POINT('Origin',(3.46944695195361E-15,-10.75,0.));
#5399=CARTESIAN_POINT('',(-7.56874271037716,-6.75,0.));
#5400=CARTESIAN_POINT('',(-7.56874271037769,-3.50124684355213E-16,0.));
#5401=CARTESIAN_POINT('',(-13.,-1.31874271037702,0.));
#5402=CARTESIAN_POINT('Origin',(-13.,-6.75,0.));
#5403=CARTESIAN_POINT('',(-17.3687427103777,3.05,0.));
#5404=CARTESIAN_POINT('Origin',(-13.,3.05,0.));
#5405=CARTESIAN_POINT('',(-17.368742710377,13.95,0.));
#5406=CARTESIAN_POINT('',(-17.3687427103777,0.,0.));
#5407=CARTESIAN_POINT('',(-13.,18.3187427103777,0.));
#5408=CARTESIAN_POINT('Origin',(-13.,13.95,0.));
#5409=CARTESIAN_POINT('',(-8.00000000000001,18.3187427103771,0.));
#5410=CARTESIAN_POINT('',(0.,18.3187427103777,0.));
#5411=CARTESIAN_POINT('',(-5.43125728962231,15.75,0.));
#5412=CARTESIAN_POINT('Origin',(-8.,15.75,0.));
#5413=CARTESIAN_POINT('',(-5.43125728962231,-2.5124612065008E-16,0.));
#5414=CARTESIAN_POINT('',(-2.9,-10.75,0.));
#5415=CARTESIAN_POINT('Origin',(3.46944695195361E-15,-10.75,0.));
#5416=CARTESIAN_POINT('',(-9.76874271037769,13.5,0.));
#5417=CARTESIAN_POINT('',(-9.76874271037769,3.5,0.));
#5418=CARTESIAN_POINT('',(-9.76874271037769,0.,0.));
#5419=CARTESIAN_POINT('',(-15.2312572896223,13.5,0.));
#5420=CARTESIAN_POINT('Origin',(-12.5,13.5,0.));
#5421=CARTESIAN_POINT('',(-15.2312572896221,3.5,0.));
#5422=CARTESIAN_POINT('',(-15.2312572896223,0.,0.));
#5423=CARTESIAN_POINT('Origin',(-12.5,3.5,0.));
#5424=CARTESIAN_POINT('',(-2.05000000000002,3.70000000000001,0.));
#5425=CARTESIAN_POINT('Origin',(-1.65145674912992E-14,3.70000000000001,
0.));
#5426=CARTESIAN_POINT('',(15.2312572896223,13.5,0.));
#5427=CARTESIAN_POINT('',(15.2312572896223,3.5,0.));
#5428=CARTESIAN_POINT('',(15.2312572896223,0.,0.));
#5429=CARTESIAN_POINT('',(9.76874271037769,13.5,0.));
#5430=CARTESIAN_POINT('Origin',(12.5,13.5,0.));
#5431=CARTESIAN_POINT('',(9.76874271037736,3.5,0.));
#5432=CARTESIAN_POINT('',(9.7687427103777,1.69460673104695E-15,0.));
#5433=CARTESIAN_POINT('Origin',(12.5,3.50000000000001,0.));
#5434=CARTESIAN_POINT('Origin',(-4.33680868994202E-16,15.25,17.3999994277954));
#5435=CARTESIAN_POINT('',(1.5,15.25,13.8));
#5436=CARTESIAN_POINT('Origin',(-4.33680868994202E-16,15.25,13.8));
#5437=CARTESIAN_POINT('',(1.5,15.25,1.40840767747304));
#5438=CARTESIAN_POINT('',(1.5,15.25,17.3999994277954));
#5439=CARTESIAN_POINT('Origin',(-4.33680868994202E-16,15.25,1.40840767747304));
#5440=CARTESIAN_POINT('Origin',(-4.9439619065339E-16,15.25,1.36000332683504));
#5441=CARTESIAN_POINT('',(1.41282531401002,15.25,1.32000722587466));
#5442=CARTESIAN_POINT('Origin',(-5.55111512312578E-16,15.25,1.32000722587466));
#5443=CARTESIAN_POINT('',(1.45226682679645,15.25,1.36000332683504));
#5444=CARTESIAN_POINT('Origin',(-4.33680868994202E-16,15.25,0.));
#5445=CARTESIAN_POINT('',(1.43125728962179,15.25,0.));
#5446=CARTESIAN_POINT('',(1.43125728962179,15.25,0.));
#5447=CARTESIAN_POINT('Origin',(-4.33680868994202E-16,15.25,0.));
#5448=CARTESIAN_POINT('Ctrl Pts',(1.54853907474717E-11,-13.6499707572028,
4.23383426508775));
#5449=CARTESIAN_POINT('Ctrl Pts',(-0.867686721253389,-13.6499707572074,
4.23383426508769));
#5450=CARTESIAN_POINT('Ctrl Pts',(-2.59529632651774,-12.8210683257206,4.24540867854708));
#5451=CARTESIAN_POINT('Ctrl Pts',(-3.23542974151425,-10.0116920211492,4.28463752102231));
#5452=CARTESIAN_POINT('Ctrl Pts',(-1.44057111130887,-7.75727180241256,4.31611721119051));
#5453=CARTESIAN_POINT('Ctrl Pts',(1.43881048027505,-7.76088973252089,4.31606669207348));
#5454=CARTESIAN_POINT('Ctrl Pts',(3.23994594071542,-10.0105018174731,4.28465414048068));
#5455=CARTESIAN_POINT('Ctrl Pts',(2.59248738252421,-12.8201758841799,4.24542114019152));
#5456=CARTESIAN_POINT('Ctrl Pts',(0.86768672128436,-13.6499707571982,4.23383426508782));
#5457=CARTESIAN_POINT('Ctrl Pts',(1.54853907474717E-11,-13.6499707572028,
4.23383426508775));
#5458=CARTESIAN_POINT('Ctrl Pts',(1.49587262570419E-11,-13.5499805048019,
4.13523048312167));
#5459=CARTESIAN_POINT('Ctrl Pts',(-0.838181662643781,-13.5499805048063,
4.1352304831216));
#5460=CARTESIAN_POINT('Ctrl Pts',(-2.5069685223308,-12.7486939620666,4.1464124826586));
#5461=CARTESIAN_POINT('Ctrl Pts',(-3.1233473548154,-10.0353641392183,4.18429455394557));
#5462=CARTESIAN_POINT('Ctrl Pts',(-1.38993353074436,-7.86051674577165,4.21467594567009));
#5463=CARTESIAN_POINT('Ctrl Pts',(1.38824398145302,-7.86401086082994,4.21462716095265));
#5464=CARTESIAN_POINT('Ctrl Pts',(3.12770650827791,-10.0341910704303,4.18431076840107));
#5465=CARTESIAN_POINT('Ctrl Pts',(2.50424440716935,-12.7478440216621,4.14642443495845));
#5466=CARTESIAN_POINT('Ctrl Pts',(0.838181662673698,-13.5499805047974,4.13523048312173));
#5467=CARTESIAN_POINT('Ctrl Pts',(1.49589186956995E-11,-13.5499805048019,
4.13523048312167));
#5468=CARTESIAN_POINT('Ctrl Pts',(1.4432061766612E-11,-13.4499902524009,
4.03662670115558));
#5469=CARTESIAN_POINT('Ctrl Pts',(-0.808676604034171,-13.4499902524053,
4.03662670115552));
#5470=CARTESIAN_POINT('Ctrl Pts',(-2.41864071814386,-12.6763195984127,4.04741628677012));
#5471=CARTESIAN_POINT('Ctrl Pts',(-3.01126496811656,-10.0590362572874,4.08395158686884));
#5472=CARTESIAN_POINT('Ctrl Pts',(-1.33929595017985,-7.96376168913073,4.11323468014966));
#5473=CARTESIAN_POINT('Ctrl Pts',(1.33767748263099,-7.967131989139,4.11318762983182));
#5474=CARTESIAN_POINT('Ctrl Pts',(3.0154670758404,-10.0578803233875,4.08396739632145));
#5475=CARTESIAN_POINT('Ctrl Pts',(2.41600143181448,-12.6755121591443,4.04742772972537));
#5476=CARTESIAN_POINT('Ctrl Pts',(0.808676604063036,-13.4499902523966,4.03662670115564));
#5477=CARTESIAN_POINT('Ctrl Pts',(1.44324466439272E-11,-13.4499902524009,
4.03662670115558));
#5478=CARTESIAN_POINT('Ctrl Pts',(1.39053972761822E-11,-13.35,3.93802291918949));
#5479=CARTESIAN_POINT('Ctrl Pts',(-0.779171545424563,-13.3500000000042,
3.93802291918944));
#5480=CARTESIAN_POINT('Ctrl Pts',(-2.33031291395691,-12.6039452347587,3.94842009088164));
#5481=CARTESIAN_POINT('Ctrl Pts',(-2.89918258141771,-10.0827083753565,3.9836086197921));
#5482=CARTESIAN_POINT('Ctrl Pts',(-1.28865836961534,-8.06700663248981,4.01179341462924));
#5483=CARTESIAN_POINT('Ctrl Pts',(1.28711098380896,-8.07025311744805,4.01174809871097));
#5484=CARTESIAN_POINT('Ctrl Pts',(2.90322764340289,-10.0815695763447,3.98362402424184));
#5485=CARTESIAN_POINT('Ctrl Pts',(2.32775845645962,-12.6031802966264,3.94843102449229));
#5486=CARTESIAN_POINT('Ctrl Pts',(0.779171545452374,-13.3499999999958,3.93802291918955));
#5487=CARTESIAN_POINT('Ctrl Pts',(1.3905974592155E-11,-13.35,3.93802291918949));
#5488=CARTESIAN_POINT('',(-2.83392294208155,-11.3655267365157,4.26573319385895));
#5489=CARTESIAN_POINT('',(-2.82274891648905,-10.0851093028469,4.28361235576624));
#5490=CARTESIAN_POINT('Ctrl Pts',(-2.83062403128102,-11.3654694121918,4.26573399430952));
#5491=CARTESIAN_POINT('Ctrl Pts',(-2.83034872143209,-11.3307993597344,4.25858068751313));
#5492=CARTESIAN_POINT('Ctrl Pts',(-2.83009302747181,-11.2960274968883,4.25199436332345));
#5493=CARTESIAN_POINT('Ctrl Pts',(-2.82985709404827,-11.2611454563337,4.24599784691252));
#5494=CARTESIAN_POINT('Ctrl Pts',(-2.82936662979598,-11.1886318053115,4.23353213987655));
#5495=CARTESIAN_POINT('Ctrl Pts',(-2.8289670541464,-11.1159918534249,4.22367786236364));
#5496=CARTESIAN_POINT('Ctrl Pts',(-2.82864091695525,-11.0431222186487,4.21655224041943));
#5497=CARTESIAN_POINT('Ctrl Pts',(-2.8283147797641,-10.9702525838726,4.20942661847521));
#5498=CARTESIAN_POINT('Ctrl Pts',(-2.82806327209108,-10.897152748679,4.20502965972525));
#5499=CARTESIAN_POINT('Ctrl Pts',(-2.8278571961803,-10.8236662267812,4.20347932033605));
#5500=CARTESIAN_POINT('Ctrl Pts',(-2.82780440696794,-10.8048416315363,4.20308217932651));
#5501=CARTESIAN_POINT('Ctrl Pts',(-2.82775446913452,-10.7860181599025,4.2028723108205));
#5502=CARTESIAN_POINT('Ctrl Pts',(-2.82770660718304,-10.7671930768975,4.20285008999633));
#5503=CARTESIAN_POINT('Ctrl Pts',(-2.82768644614499,-10.7592633288836,4.20284072984975));
#5504=CARTESIAN_POINT('Ctrl Pts',(-2.82766665455914,-10.751334119669,4.20286466637511));
#5505=CARTESIAN_POINT('Ctrl Pts',(-2.82764716999922,-10.7434052434512,4.20292190682155));
#5506=CARTESIAN_POINT('Ctrl Pts',(-2.82763092111912,-10.7367930664462,4.20296964170267));
#5507=CARTESIAN_POINT('Ctrl Pts',(-2.82761488648291,-10.7301814335815,4.20304053552616));
#5508=CARTESIAN_POINT('Ctrl Pts',(-2.82759902853237,-10.7235702254098,4.20313458592678));
#5509=CARTESIAN_POINT('Ctrl Pts',(-2.827582767866,-10.7167911242816,4.20323102475618));
#5510=CARTESIAN_POINT('Ctrl Pts',(-2.82756669370165,-10.7100127721123,4.20335180692646));
#5511=CARTESIAN_POINT('Ctrl Pts',(-2.82755076424121,-10.7032350402516,4.20349692336649));
#5512=CARTESIAN_POINT('Ctrl Pts',(-2.82752752261043,-10.6933460963019,4.20370865324474));
#5513=CARTESIAN_POINT('Ctrl Pts',(-2.82750459113936,-10.6834592720305,4.20397216835322));
#5514=CARTESIAN_POINT('Ctrl Pts',(-2.82748183513576,-10.6735741692486,4.20428741534928));
#5515=CARTESIAN_POINT('Ctrl Pts',(-2.82742197749323,-10.6475722860078,4.20511664452013));
#5516=CARTESIAN_POINT('Ctrl Pts',(-2.82736337831546,-10.6215940876156,4.2063034345587));
#5517=CARTESIAN_POINT('Ctrl Pts',(-2.82730340960957,-10.5956324485404,4.20784583544176));
#5518=CARTESIAN_POINT('Ctrl Pts',(-2.82717162864653,-10.5385818627655,4.21123525448511));
#5519=CARTESIAN_POINT('Ctrl Pts',(-2.82703379321144,-10.4817364161995,4.21633449889971));
#5520=CARTESIAN_POINT('Ctrl Pts',(-2.82685857997969,-10.4250267597012,4.22309963967604));
#5521=CARTESIAN_POINT('Ctrl Pts',(-2.82665145582014,-10.357988786464,4.23109689013237));
#5522=CARTESIAN_POINT('Ctrl Pts',(-2.82639427277984,-10.2914396882625,4.24138777514365));
#5523=CARTESIAN_POINT('Ctrl Pts',(-2.82602848829836,-10.2252863806219,4.25383160957703));
#5524=CARTESIAN_POINT('Ctrl Pts',(-2.82580621290858,-10.1850871567999,4.26139332498374));
#5525=CARTESIAN_POINT('Ctrl Pts',(-2.82554379514498,-10.1450350637454,4.26975002444281));
#5526=CARTESIAN_POINT('Ctrl Pts',(-2.82522969762726,-10.1051185540486,4.27887000769925));
#5527=CARTESIAN_POINT('Ctrl Pts',(-2.82517594700895,-10.0982877548354,4.28043068459526));
#5528=CARTESIAN_POINT('Ctrl Pts',(-2.82512068861336,-10.0914609429941,4.28201371364256));
#5529=CARTESIAN_POINT('Ctrl Pts',(-2.82506401242509,-10.0846380496858,4.28361893612929));
#5530=CARTESIAN_POINT('',(1.54853907474717E-11,-13.6499707572028,4.23383426508775));
#5531=CARTESIAN_POINT('Ctrl Pts',(-2.83062401607863,-11.3654694821754,4.26573399333231));
#5532=CARTESIAN_POINT('Ctrl Pts',(-2.73613741181318,-11.8004349418939,4.25966033510656));
#5533=CARTESIAN_POINT('Ctrl Pts',(-2.1735156841429,-13.0234375409376,4.24258288762236));
#5534=CARTESIAN_POINT('Ctrl Pts',(-0.867686721253389,-13.6499707572074,
4.23383426508769));
#5535=CARTESIAN_POINT('Ctrl Pts',(1.54853907474717E-11,-13.6499707572028,
4.23383426508775));
#5536=CARTESIAN_POINT('',(1.39053972761822E-11,-13.35,3.93802291918949));
#5537=CARTESIAN_POINT('',(1.54853907474717E-11,-13.6499707572028,4.23383426508775));
#5538=CARTESIAN_POINT('',(-2.59912600812544,-10.7491029399781,3.97431153736107));
#5539=CARTESIAN_POINT('Ctrl Pts',(1.39053972761822E-11,-13.35,3.93802291918949));
#5540=CARTESIAN_POINT('Ctrl Pts',(-0.779171545424563,-13.3500000000042,
3.93802291918944));
#5541=CARTESIAN_POINT('Ctrl Pts',(-2.13502823951021,-12.6978715943452,3.94711111393714));
#5542=CARTESIAN_POINT('Ctrl Pts',(-2.59549235341101,-11.3315273207275,3.96617928314569));
#5543=CARTESIAN_POINT('Ctrl Pts',(-2.59912600812544,-10.7491029399781,3.97431153736107));
#5544=CARTESIAN_POINT('Ctrl Pts',(-2.59912600812544,-10.7491029399781,3.97431153736107));
#5545=CARTESIAN_POINT('Ctrl Pts',(-2.60034884835586,-10.5530986357905,3.9770482992166));
#5546=CARTESIAN_POINT('Ctrl Pts',(-2.49751505772892,-9.57998887470002,3.9906379563677));
#5547=CARTESIAN_POINT('Ctrl Pts',(-1.28865836961534,-8.06700663248981,4.01179341462924));
#5548=CARTESIAN_POINT('Ctrl Pts',(1.28711098380896,-8.07025311744805,4.01174809871097));
#5549=CARTESIAN_POINT('Ctrl Pts',(2.90322764340289,-10.0815695763447,3.98362402424184));
#5550=CARTESIAN_POINT('Ctrl Pts',(2.32775845645962,-12.6031802966264,3.94843102449229));
#5551=CARTESIAN_POINT('Ctrl Pts',(0.779171545452374,-13.3499999999958,3.93802291918955));
#5552=CARTESIAN_POINT('Ctrl Pts',(1.3905974592155E-11,-13.35,3.93802291918949));
#5553=CARTESIAN_POINT('',(2.83392294947528,-11.3655266656606,4.26573319484834));
#5554=CARTESIAN_POINT('Ctrl Pts',(1.54853907474717E-11,-13.6499707572028,
4.23383426508775));
#5555=CARTESIAN_POINT('Ctrl Pts',(0.86768672128436,-13.6499707571982,4.23383426508782));
#5556=CARTESIAN_POINT('Ctrl Pts',(2.17139254249958,-13.022762969841,4.24259230702383));
#5557=CARTESIAN_POINT('Ctrl Pts',(2.73628592805249,-11.799482238097,4.25967363822552));
#5558=CARTESIAN_POINT('Ctrl Pts',(2.83148360344515,-11.3645588255211,4.26574670932424));
#5559=CARTESIAN_POINT('',(2.82274891617764,-10.0851093002949,4.28361235580187));
#5560=CARTESIAN_POINT('Ctrl Pts',(2.82731686157992,-10.0843164050535,4.28362342742744));
#5561=CARTESIAN_POINT('Ctrl Pts',(2.82737126126159,-10.0911322491082,4.28201854793573));
#5562=CARTESIAN_POINT('Ctrl Pts',(2.82742410746293,-10.097953171313,4.28043556508658));
#5563=CARTESIAN_POINT('Ctrl Pts',(2.82747531521602,-10.1047792537134,4.27887466624217));
#5564=CARTESIAN_POINT('Ctrl Pts',(2.82768304030067,-10.1324693681753,4.27254285465095));
#5565=CARTESIAN_POINT('Ctrl Pts',(2.82786376355452,-10.1602442507152,4.26657444456249));
#5566=CARTESIAN_POINT('Ctrl Pts',(2.82802173341906,-10.1881082956707,4.26098195761274));
#5567=CARTESIAN_POINT('Ctrl Pts',(2.8284300749417,-10.260134986189,4.24652575330358));
#5568=CARTESIAN_POINT('Ctrl Pts',(2.82868689200052,-10.3324276308911,4.23464997937459));
#5569=CARTESIAN_POINT('Ctrl Pts',(2.82886306103828,-10.4050859570904,4.22548634299574));
#5570=CARTESIAN_POINT('Ctrl Pts',(2.82903923007604,-10.4777442832897,4.21632270661688));
#5571=CARTESIAN_POINT('Ctrl Pts',(2.82913606635784,-10.550768807439,4.20987120076909));
#5572=CARTESIAN_POINT('Ctrl Pts',(2.82922420820489,-10.6243132455151,4.20626275961161));
#5573=CARTESIAN_POINT('Ctrl Pts',(2.8292467405789,-10.6431139723059,4.20534030621993));
#5574=CARTESIAN_POINT('Ctrl Pts',(2.82926851909114,-10.6619229758676,4.20460482131034));
#5575=CARTESIAN_POINT('Ctrl Pts',(2.82929055659885,-10.680742969465,4.2040569170878));
#5576=CARTESIAN_POINT('Ctrl Pts',(2.82929983469534,-10.688666447874,4.20382624180861));
#5577=CARTESIAN_POINT('Ctrl Pts',(2.82930915690617,-10.6965910553055,4.20362883954659));
#5578=CARTESIAN_POINT('Ctrl Pts',(2.82931859504088,-10.7045169963273,4.20346473524977));
#5579=CARTESIAN_POINT('Ctrl Pts',(2.82932646362865,-10.71112486584,4.20332792123905));
#5580=CARTESIAN_POINT('Ctrl Pts',(2.82933441238079,-10.7177333506377,4.20321425770813));
#5581=CARTESIAN_POINT('Ctrl Pts',(2.82934248164534,-10.724342569574,4.20312375255173));
#5582=CARTESIAN_POINT('Ctrl Pts',(2.82935075364018,-10.731117836958,4.20303097356526));
#5583=CARTESIAN_POINT('Ctrl Pts',(2.8293591519173,-10.7378935735911,4.20296253536071));
#5584=CARTESIAN_POINT('Ctrl Pts',(2.82936771864618,-10.7446699076132,4.20291843992431));
#5585=CARTESIAN_POINT('Ctrl Pts',(2.8293802136787,-10.7545535534229,4.20285412437053));
#5586=CARTESIAN_POINT('Ctrl Pts',(2.82939306632959,-10.7644376694095,4.20284160030541));
#5587=CARTESIAN_POINT('Ctrl Pts',(2.82940640227084,-10.7743226526469,4.20288084871651));
#5588=CARTESIAN_POINT('Ctrl Pts',(2.82944145671881,-10.8003060177565,4.20298401589152));
#5589=CARTESIAN_POINT('Ctrl Pts',(2.82947985578103,-10.8262835258697,4.20344485173882));
#5590=CARTESIAN_POINT('Ctrl Pts',(2.82952366921805,-10.8522623012741,4.20426203066829));
#5591=CARTESIAN_POINT('Ctrl Pts',(2.82961981809674,-10.9092728965294,4.2060553352592));
#5592=CARTESIAN_POINT('Ctrl Pts',(2.82974230799953,-10.9661623197738,4.20956075330831));
#5593=CARTESIAN_POINT('Ctrl Pts',(2.82990745745553,-11.0230003714195,4.21474095125527));
#5594=CARTESIAN_POINT('Ctrl Pts',(2.83010370232913,-11.0905402624462,4.22089651068605));
#5595=CARTESIAN_POINT('Ctrl Pts',(2.83036102026806,-11.1576913905486,4.22938938852984));
#5596=CARTESIAN_POINT('Ctrl Pts',(2.83068905093256,-11.2245500337529,4.24008591443556));
#5597=CARTESIAN_POINT('Ctrl Pts',(2.83091870684973,-11.271358105947,4.24757460599174));
#5598=CARTESIAN_POINT('Ctrl Pts',(2.83118266721456,-11.3180217668415,4.25614342364465));
#5599=CARTESIAN_POINT('Ctrl Pts',(2.83148360357949,-11.3645588249073,4.26574670933281));
#5600=CARTESIAN_POINT('Ctrl Pts',(2.82731686096505,-10.084316402447,4.28362342746384));
#5601=CARTESIAN_POINT('Ctrl Pts',(2.63027877248004,-9.2490653400638,4.2952864902939));
#5602=CARTESIAN_POINT('Ctrl Pts',(1.43139439028781,-7.76088041423695,4.31606682218973));
#5603=CARTESIAN_POINT('Ctrl Pts',(-1.43315502225248,-7.75728112069534,4.31611708107429));
#5604=CARTESIAN_POINT('Ctrl Pts',(-2.62788712174042,-9.24862818626588,4.29529259450908));
#5605=CARTESIAN_POINT('Ctrl Pts',(-2.82506401239502,-10.0846380495583,4.28361893613107));
#5606=CARTESIAN_POINT('Origin',(-27.723082923316,-1.75,4.4));
#5607=CARTESIAN_POINT('',(2.75000951959643,-1.74999999999999,4.4));
#5608=CARTESIAN_POINT('',(2.85178971111311,-13.4128547557984,4.23714524420162));
#5609=CARTESIAN_POINT('',(-2.75000951959644,-1.74999999999999,4.4));
#5610=CARTESIAN_POINT('',(-27.723082923316,-1.74999999999999,4.4));
#5611=CARTESIAN_POINT('',(-2.75000951959644,-1.75,4.4));
#5612=CARTESIAN_POINT('Origin',(3.46944695195361E-15,-10.75,0.));
#5613=CARTESIAN_POINT('',(-2.6,-10.75,0.3));
#5614=CARTESIAN_POINT('Origin',(3.46944695195361E-15,-10.75,0.3));
#5615=CARTESIAN_POINT('',(-2.6,-10.75,0.));
#5616=CARTESIAN_POINT('Origin',(-4.33680868994202E-16,15.25,8.79403935147138));
#5617=CARTESIAN_POINT('',(0.64153864336856,12.3280602977424,8.79403935153319));
#5618=CARTESIAN_POINT('',(0.6150931880421,12.3494073047394,6.90014621398604));
#5619=CARTESIAN_POINT('Ctrl Pts',(0.641538643283882,12.3280602971927,8.79403935152266));
#5620=CARTESIAN_POINT('Ctrl Pts',(0.638785464491298,12.3302745694991,8.5968702592403));
#5621=CARTESIAN_POINT('Ctrl Pts',(0.636036458466238,12.3324888418056,8.39999999999663));
#5622=CARTESIAN_POINT('Ctrl Pts',(0.625534372831529,12.3409480735295,7.64789239481194));
#5623=CARTESIAN_POINT('Ctrl Pts',(0.6150931880421,12.3494073047394,6.90014621398604));
#5624=CARTESIAN_POINT('',(-0.615093188042101,12.3494073047394,6.90014621398604));
#5625=CARTESIAN_POINT('Origin',(-5.55111512312578E-16,15.25,6.90014621398604));
#5626=CARTESIAN_POINT('',(-0.641538643368561,12.3280602977424,8.79403935153319));
#5627=CARTESIAN_POINT('Ctrl Pts',(-0.615093188042101,12.3494073047394,6.90014621398604));
#5628=CARTESIAN_POINT('Ctrl Pts',(-0.625534372831379,12.3409480735296,7.64789239480109));
#5629=CARTESIAN_POINT('Ctrl Pts',(-0.636036458550819,12.3324888423196,8.4));
#5630=CARTESIAN_POINT('Ctrl Pts',(-0.638785464474769,12.330274471833,8.59687025815549));
#5631=CARTESIAN_POINT('Ctrl Pts',(-0.64153864326729,12.3280601996025,8.79403935043342));
#5632=CARTESIAN_POINT('',(-2.99153864337206,15.25,8.7940393517711));
#5633=CARTESIAN_POINT('Origin',(-4.28626379701573E-16,15.25,8.79403935152823));
#5634=CARTESIAN_POINT('',(-2.86874271037796,15.25,0.));
#5635=CARTESIAN_POINT('',(-2.99153864336787,15.25,8.79403935147138));
#5636=CARTESIAN_POINT('Origin',(-4.33680868994202E-16,15.25,0.));
#5637=CARTESIAN_POINT('Origin',(-4.28626379701573E-16,15.25,8.79403935152823));
#5638=CARTESIAN_POINT('Origin',(0.,0.,0.));
#5639=CARTESIAN_POINT('Origin',(3.46944695195361E-15,-10.75,0.15));
#5640=CARTESIAN_POINT('',(-2.75,-10.75,0.15));
#5641=CARTESIAN_POINT('Origin',(0.,0.,0.));
#5642=CARTESIAN_POINT('Origin',(15.0791629625714,0.,0.149985378601396));
#5643=CARTESIAN_POINT('',(14.9270686355206,3.5,0.299970757202792));
#5644=CARTESIAN_POINT('',(15.2312572896223,3.5,0.));
#5645=CARTESIAN_POINT('',(14.9270686355206,13.5,0.299970757202792));
#5646=CARTESIAN_POINT('',(14.9270686355206,0.,0.299970757202792));
#5647=CARTESIAN_POINT('',(14.9270686355206,13.5,0.299970757202792));
#5648=CARTESIAN_POINT('Origin',(12.5,3.50000000000001,0.149985378601395));
#5649=CARTESIAN_POINT('',(10.0729313644794,3.50000000000001,0.299970757202791));
#5650=CARTESIAN_POINT('',(9.76874271037736,3.5,0.));
#5651=CARTESIAN_POINT('Origin',(12.5,3.50000000000001,0.299970757202791));
#5652=CARTESIAN_POINT('Origin',(9.92083703742857,1.72099089101675E-15,0.149985378601396));
#5653=CARTESIAN_POINT('',(10.0729313644791,13.5,0.299970757202796));
#5654=CARTESIAN_POINT('',(9.76874271037769,13.5,0.));
#5655=CARTESIAN_POINT('',(10.0729313644794,1.74737505098656E-15,0.299970757202791));
#5656=CARTESIAN_POINT('Origin',(12.5,13.5,0.149985378601395));
#5657=CARTESIAN_POINT('Origin',(12.5,13.5,0.299970757202791));
#5658=CARTESIAN_POINT('Origin',(12.5,13.5,1.13686837721616E-10));
#5659=CARTESIAN_POINT('',(14.819548958029,13.5,7.99999999999068));
#5660=CARTESIAN_POINT('',(14.8,13.5,9.4));
#5661=CARTESIAN_POINT('',(10.1804510419714,13.5,8.00000000001444));
#5662=CARTESIAN_POINT('Origin',(12.5,13.5,7.99999999998136));
#5663=CARTESIAN_POINT('',(10.0687427103773,13.5,0.));
#5664=CARTESIAN_POINT('Origin',(14.8,0.,9.4));
#5665=CARTESIAN_POINT('',(14.819548958029,3.5,7.99999999999068));
#5666=CARTESIAN_POINT('',(14.8,3.5,9.4));
#5667=CARTESIAN_POINT('',(14.8195489580289,0.,8.));
#5668=CARTESIAN_POINT('Origin',(-9.92083703742857,0.,0.149985378601396));
#5669=CARTESIAN_POINT('',(-10.0729313644794,3.5,0.299970757202791));
#5670=CARTESIAN_POINT('',(-9.76874271037769,3.5,0.));
#5671=CARTESIAN_POINT('',(-10.0729313644794,13.5,0.299970757202791));
#5672=CARTESIAN_POINT('',(-10.0729313644794,0.,0.299970757202791));
#5673=CARTESIAN_POINT('',(-10.0729313644794,13.5,0.299970757202791));
#5674=CARTESIAN_POINT('Origin',(-12.5,3.5,0.149985378601395));
#5675=CARTESIAN_POINT('',(-14.9270686355206,3.5,0.299970757202791));
#5676=CARTESIAN_POINT('',(-15.2312572896221,3.5,0.));
#5677=CARTESIAN_POINT('Origin',(-12.5,3.5,0.299970757202791));
#5678=CARTESIAN_POINT('Origin',(-15.0791629625714,0.,0.149985378601396));
#5679=CARTESIAN_POINT('',(-14.9270686355209,13.5,0.299970757202796));
#5680=CARTESIAN_POINT('',(-15.2312572896223,13.5,0.));
#5681=CARTESIAN_POINT('',(-14.9270686355206,0.,0.299970757202792));
#5682=CARTESIAN_POINT('Origin',(-12.5,13.5,0.149985378601395));
#5683=CARTESIAN_POINT('Origin',(-12.5,13.5,0.299970757202791));
#5684=CARTESIAN_POINT('Origin',(-12.5,13.5,1.13686837721616E-10));
#5685=CARTESIAN_POINT('',(-10.180451041971,13.5,7.99999999999068));
#5686=CARTESIAN_POINT('',(-10.2,13.5,9.4));
#5687=CARTESIAN_POINT('',(-14.8195489580287,13.5,8.00000000001444));
#5688=CARTESIAN_POINT('Origin',(-12.5,13.5,7.99999999998136));
#5689=CARTESIAN_POINT('',(-14.9312572896227,13.5,0.));
#5690=CARTESIAN_POINT('Origin',(-10.2,0.,9.4));
#5691=CARTESIAN_POINT('',(-10.180451041971,3.5,7.99999999999068));
#5692=CARTESIAN_POINT('',(-10.2,3.5,9.4));
#5693=CARTESIAN_POINT('',(-10.1804510419711,0.,8.));
#5694=CARTESIAN_POINT('Origin',(0.,8.87083703742856,0.149985378601396));
#5695=CARTESIAN_POINT('',(-5.12706863552056,9.02293136447944,0.299970757202792));
#5696=CARTESIAN_POINT('',(-5.43125728962231,8.71874271037769,0.));
#5697=CARTESIAN_POINT('',(5.12706863552057,9.02293136447944,0.299970757202791));
#5698=CARTESIAN_POINT('',(0.,9.02293136447944,0.299970757202792));
#5699=CARTESIAN_POINT('',(5.12706863552057,9.02293136447944,0.299970757202791));
#5700=CARTESIAN_POINT('Origin',(-5.27916296257144,-2.44210344658132E-16,
0.149985378601396));
#5701=CARTESIAN_POINT('',(-5.12706863552131,15.75,0.299970757202801));
#5702=CARTESIAN_POINT('',(-5.43125728962231,15.75,0.));
#5703=CARTESIAN_POINT('',(-5.12706863552056,-2.37174568666184E-16,0.299970757202791));
#5704=CARTESIAN_POINT('Origin',(-8.,15.75,0.149985378601394));
#5705=CARTESIAN_POINT('',(-8.00000000000001,18.6229313644794,0.299970757202789));
#5706=CARTESIAN_POINT('',(-8.00000000000001,18.3187427103771,0.));
#5707=CARTESIAN_POINT('Origin',(-8.,15.75,0.299970757202789));
#5708=CARTESIAN_POINT('Origin',(0.,18.4708370374286,0.149985378601396));
#5709=CARTESIAN_POINT('',(-13.,18.6229313644794,0.299970757202791));
#5710=CARTESIAN_POINT('',(-13.,18.3187427103777,0.));
#5711=CARTESIAN_POINT('',(0.,18.6229313644794,0.299970757202791));
#5712=CARTESIAN_POINT('Origin',(-13.,13.95,0.149985378601397));
#5713=CARTESIAN_POINT('',(-17.6729313644794,13.95,0.299970757202793));
#5714=CARTESIAN_POINT('',(-17.368742710377,13.95,0.));
#5715=CARTESIAN_POINT('Origin',(-13.,13.95,0.299970757202793));
#5716=CARTESIAN_POINT('Origin',(-17.5208370374286,0.,0.149985378601396));
#5717=CARTESIAN_POINT('',(-17.6729313644793,3.05,0.299970757202793));
#5718=CARTESIAN_POINT('',(-17.3687427103777,3.05,0.));
#5719=CARTESIAN_POINT('',(-17.6729313644794,0.,0.299970757202791));
#5720=CARTESIAN_POINT('Origin',(-13.,3.05,0.149985378601397));
#5721=CARTESIAN_POINT('',(-13.,-1.62293136447893,0.299970757202793));
#5722=CARTESIAN_POINT('',(-13.,-1.31874271037702,0.));
#5723=CARTESIAN_POINT('Origin',(-13.,3.05,0.299970757202793));
#5724=CARTESIAN_POINT('Origin',(-13.,-6.75,0.149985378601395));
#5725=CARTESIAN_POINT('',(-7.87293136447943,-6.75,0.299970757202791));
#5726=CARTESIAN_POINT('',(-7.56874271037716,-6.75,0.));
#5727=CARTESIAN_POINT('Origin',(-13.,-6.75,0.299970757202791));
#5728=CARTESIAN_POINT('Origin',(-7.72083703742856,-3.57160460347161E-16,
0.149985378601396));
#5729=CARTESIAN_POINT('',(-7.87293136447943,-10.75,0.299970757202792));
#5730=CARTESIAN_POINT('',(-7.56874271037769,-10.75,0.));
#5731=CARTESIAN_POINT('',(-7.87293136447943,-3.64196236339109E-16,0.299970757202791));
#5732=CARTESIAN_POINT('Origin',(3.40005801291454E-15,-10.75,0.149985378601398));
#5733=CARTESIAN_POINT('',(7.87293136447944,-10.75,0.299970757202795));
#5734=CARTESIAN_POINT('',(7.56874271037769,-10.75,0.));
#5735=CARTESIAN_POINT('Origin',(3.33066907387547E-15,-10.75,0.299970757202795));
#5736=CARTESIAN_POINT('Origin',(7.72083703742857,3.57160460347162E-16,0.149985378601396));
#5737=CARTESIAN_POINT('',(7.87293136447868,-6.74999999999999,0.299970757202802));
#5738=CARTESIAN_POINT('',(7.5687427103777,-6.74999999999999,0.));
#5739=CARTESIAN_POINT('',(7.87293136447944,3.64196236339109E-16,0.299970757202791));
#5740=CARTESIAN_POINT('Origin',(13.,-6.74999999999999,0.149985378601396));
#5741=CARTESIAN_POINT('',(13.,-1.62293136447775,0.299970757202791));
#5742=CARTESIAN_POINT('',(13.,-1.31874271037607,0.));
#5743=CARTESIAN_POINT('Origin',(13.,-6.74999999999999,0.299970757202791));
#5744=CARTESIAN_POINT('Origin',(13.,3.05000000000001,0.149985378601397));
#5745=CARTESIAN_POINT('',(17.6729313644794,3.05000000000001,0.299970757202793));
#5746=CARTESIAN_POINT('',(17.3687427103763,3.05000000000001,0.));
#5747=CARTESIAN_POINT('Origin',(13.,3.05000000000001,0.299970757202793));
#5748=CARTESIAN_POINT('Origin',(17.5208370374286,0.,0.149985378601396));
#5749=CARTESIAN_POINT('',(17.6729313644793,13.95,0.299970757202793));
#5750=CARTESIAN_POINT('',(17.3687427103777,13.95,0.));
#5751=CARTESIAN_POINT('',(17.6729313644794,0.,0.299970757202791));
#5752=CARTESIAN_POINT('Origin',(13.,13.95,0.149985378601397));
#5753=CARTESIAN_POINT('',(13.,18.6229313644794,0.299970757202793));
#5754=CARTESIAN_POINT('',(13.,18.3187427103772,0.));
#5755=CARTESIAN_POINT('Origin',(13.,13.95,0.299970757202793));
#5756=CARTESIAN_POINT('Origin',(0.,18.4708370374286,0.149985378601396));
#5757=CARTESIAN_POINT('',(8.,18.6229313644791,0.299970757202795));
#5758=CARTESIAN_POINT('',(8.,18.3187427103777,0.));
#5759=CARTESIAN_POINT('',(0.,18.6229313644794,0.299970757202791));
#5760=CARTESIAN_POINT('Origin',(8.,15.75,0.149985378601398));
#5761=CARTESIAN_POINT('',(5.12706863552057,15.75,0.299970757202795));
#5762=CARTESIAN_POINT('',(5.43125728962205,15.75,0.));
#5763=CARTESIAN_POINT('Origin',(8.,15.75,0.299970757202795));
#5764=CARTESIAN_POINT('Origin',(5.27916296257144,2.44210344658132E-16,0.149985378601396));
#5765=CARTESIAN_POINT('',(5.12706863552057,2.37174568666184E-16,0.299970757202791));
#5766=CARTESIAN_POINT('Origin',(8.,3.70074341541719E-16,9.4));
#5767=CARTESIAN_POINT('',(7.92920739030436,-6.74999999999955,4.33018229276311));
#5768=CARTESIAN_POINT('',(7.86874271037694,-6.74999999999999,0.));
#5769=CARTESIAN_POINT('',(7.92842746834587,-10.75,4.27432812695737));
#5770=CARTESIAN_POINT('',(7.92920739030508,-6.74999999999999,4.33018229275409));
#5771=CARTESIAN_POINT('',(8.,-10.75,9.4));
#5772=CARTESIAN_POINT('Origin',(13.,-6.74999999999999,0.));
#5773=CARTESIAN_POINT('',(13.,-1.7304510419692,7.99999999998136));
#5774=CARTESIAN_POINT('',(13.,-1.7304510419692,7.99999999998136));
#5775=CARTESIAN_POINT('',(12.5574260038649,-1.75,7.99999999999068));
#5776=CARTESIAN_POINT('Origin',(13.,-6.74999999999999,7.99999999998136));
#5777=CARTESIAN_POINT('',(12.1615182888526,-1.74999999976726,4.40000000076818));
#5778=CARTESIAN_POINT('Ctrl Pts',(12.1615182861909,-1.74999999999999,4.40000000229479));
#5779=CARTESIAN_POINT('Ctrl Pts',(12.3604584203004,-1.74999999999999,6.75628641852589));
#5780=CARTESIAN_POINT('Ctrl Pts',(12.5574260038604,-1.74999999999999,7.9999999999985));
#5781=CARTESIAN_POINT('Origin',(12.9999999999865,-6.75098870567095,4.33016848692148));
#5782=CARTESIAN_POINT('Origin',(13.,3.05000000000001,7.99999999986767));
#5783=CARTESIAN_POINT('',(17.780451041971,3.05000000000001,7.99999999999068));
#5784=CARTESIAN_POINT('',(17.8,3.05000000000001,9.4));
#5785=CARTESIAN_POINT('Origin',(13.,3.05000000000001,7.99999999998136));
#5786=CARTESIAN_POINT('Origin',(17.8,0.,9.4));
#5787=CARTESIAN_POINT('',(17.7804510419705,13.95,7.9999999999576));
#5788=CARTESIAN_POINT('',(17.7804510419705,13.95,7.9999999999576));
#5789=CARTESIAN_POINT('',(17.7804510419711,0.,8.));
#5790=CARTESIAN_POINT('Origin',(13.,13.95,7.99999999986767));
#5791=CARTESIAN_POINT('',(13.,18.730451041971,7.99999999999065));
#5792=CARTESIAN_POINT('',(13.,18.75,9.4));
#5793=CARTESIAN_POINT('Origin',(13.,13.95,7.99999999998136));
#5794=CARTESIAN_POINT('Origin',(0.,18.75,9.4));
#5795=CARTESIAN_POINT('',(8.,18.7304510419707,7.99999999999533));
#5796=CARTESIAN_POINT('',(8.,18.7304510419707,7.99999999999533));
#5797=CARTESIAN_POINT('',(0.,18.7304510419711,7.99999999999995));
#5798=CARTESIAN_POINT('Origin',(8.,15.75,9.40000045727629));
#5799=CARTESIAN_POINT('',(4.99999999999981,15.75,9.40000000001391));
#5800=CARTESIAN_POINT('',(5.,15.75,9.4));
#5801=CARTESIAN_POINT('',(7.98045127836376,18.7499681514933,9.40000056453917));
#5802=CARTESIAN_POINT('Origin',(8.,15.75,9.40000000002783));
#5803=CARTESIAN_POINT('Ctrl Pts',(8.,18.7304510419711,7.99999999999532));
#5804=CARTESIAN_POINT('Ctrl Pts',(7.99348368126083,18.7369673607104,8.46666662342673));
#5805=CARTESIAN_POINT('Ctrl Pts',(7.98696729059737,18.7434623131515,8.93333354561232));
#5806=CARTESIAN_POINT('Ctrl Pts',(7.98045135318584,18.7499363183706,9.40000076235537));
#5807=CARTESIAN_POINT('Origin',(5.,2.31296463463574E-16,9.4));
#5808=CARTESIAN_POINT('',(5.,9.15,9.4));
#5809=CARTESIAN_POINT('',(5.,9.15,9.4));
#5810=CARTESIAN_POINT('',(5.,2.31296463463574E-16,9.4));
#5811=CARTESIAN_POINT('Origin',(0.,9.15,9.4));
#5812=CARTESIAN_POINT('',(-5.,9.15,9.4));
#5813=CARTESIAN_POINT('',(-5.,9.15,9.4));
#5814=CARTESIAN_POINT('',(-0.650000000000001,9.15,9.4));
#5815=CARTESIAN_POINT('',(0.,9.15,9.4));
#5816=CARTESIAN_POINT('',(-0.615093188042101,9.1150931880421,6.90014621398604));
#5817=CARTESIAN_POINT('',(-0.650000000000001,9.15,9.4));
#5818=CARTESIAN_POINT('',(0.6150931880421,9.1150931880421,6.90014621398604));
#5819=CARTESIAN_POINT('',(-2.14313189850787E-16,9.1150931880421,6.90014621398604));
#5820=CARTESIAN_POINT('',(0.649999999999999,9.15,9.4));
#5821=CARTESIAN_POINT('',(0.622072917101636,9.12207291710164,7.4));
#5822=CARTESIAN_POINT('',(0.,9.15,9.4));
#5823=CARTESIAN_POINT('Origin',(-1.65145674912992E-14,3.70000000000001,
0.15));
#5824=CARTESIAN_POINT('',(-1.75000000000002,3.70000000000001,0.3));
#5825=CARTESIAN_POINT('',(-1.90000000000002,3.70000000000001,0.15));
#5826=CARTESIAN_POINT('Origin',(-1.65145674912992E-14,3.70000000000001,
0.3));
#5827=CARTESIAN_POINT('Origin',(-1.65145674912992E-14,3.70000000000001,
11.8));
#5828=CARTESIAN_POINT('',(-1.75000000000002,3.70000000000001,6.80000000000001));
#5829=CARTESIAN_POINT('Origin',(-1.65145674912992E-14,3.70000000000001,
6.80000000000001));
#5830=CARTESIAN_POINT('',(-1.75000000000002,3.70000000000001,11.8));
#5831=CARTESIAN_POINT('Origin',(-1.65145674912992E-14,3.70000000000001,
11.65));
#5832=CARTESIAN_POINT('',(-2.60000000000002,3.70000000000001,11.8));
#5833=CARTESIAN_POINT('Origin',(-1.65145674912992E-14,3.70000000000001,
11.8));
#5834=CARTESIAN_POINT('',(-2.30000000000002,3.70000000000001,11.5));
#5835=CARTESIAN_POINT('',(-2.45000000000002,3.70000000000001,11.65));
#5836=CARTESIAN_POINT('Origin',(-1.65145674912992E-14,3.70000000000001,
11.5));
#5837=CARTESIAN_POINT('Origin',(-1.65145674912992E-14,3.70000000000001,
11.8));
#5838=CARTESIAN_POINT('',(-2.30000000000002,3.70000000000001,6.80000000000001));
#5839=CARTESIAN_POINT('',(-2.30000000000002,3.70000000000001,11.8));
#5840=CARTESIAN_POINT('Origin',(-1.65145674912992E-14,3.70000000000001,
6.80000000000001));
#5841=CARTESIAN_POINT('Origin',(-1.66533453693773E-14,3.70000000000001,
11.8));
#5842=CARTESIAN_POINT('',(3.49999999999998,3.70000000000001,11.8));
#5843=CARTESIAN_POINT('Origin',(-1.65145674912992E-14,3.70000000000001,
11.8));
#5844=CARTESIAN_POINT('Origin',(-1.66533453693773E-14,3.70000000000001,
6.80000000000001));
#5845=CARTESIAN_POINT('Origin',(-1.65145674912992E-14,3.70000000000001,
11.8));
#5846=CARTESIAN_POINT('',(3.67497732705183,3.70000000000001,13.8));
#5847=CARTESIAN_POINT('Origin',(-1.65145674912992E-14,3.70000000000001,
13.8));
#5848=CARTESIAN_POINT('',(3.49999999999998,3.70000000000001,11.8));
#5849=CARTESIAN_POINT('Origin',(-2.14313189850787E-16,9.87556482329646,
7.65007310699302));
#5850=CARTESIAN_POINT('',(0.636036458550818,10.6360364585508,8.4));
#5851=CARTESIAN_POINT('',(0.597091065272301,7.80774210024526,5.61092292952671));
#5852=CARTESIAN_POINT('',(-0.636036458550819,10.6360364585508,8.4));
#5853=CARTESIAN_POINT('',(-0.597091065272303,7.80774210024526,5.61092292952671));
#5854=CARTESIAN_POINT('',(-2.14313189850787E-16,10.6360364585508,8.4));
#5855=CARTESIAN_POINT('Origin',(-4.9439619065339E-16,15.25,7.65007310699302));
#5856=CARTESIAN_POINT('',(-0.636036458550819,10.8092815073636,8.4));
#5857=CARTESIAN_POINT('Ctrl Pts',(-0.636036458550819,10.8092815073636,8.4));
#5858=CARTESIAN_POINT('Ctrl Pts',(-0.62336799017176,11.7368659817199,7.49274674872673));
#5859=CARTESIAN_POINT('Ctrl Pts',(-0.615093188042101,12.3494073047394,6.90014621398604));
#5860=CARTESIAN_POINT('',(0.636036458550818,10.8092815073636,8.4));
#5861=CARTESIAN_POINT('Ctrl Pts',(0.6150931880421,12.3494073047394,6.90014621398604));
#5862=CARTESIAN_POINT('Ctrl Pts',(0.623367990171753,11.7368659817203,7.49274674872635));
#5863=CARTESIAN_POINT('Ctrl Pts',(0.636036458550818,10.8092815073636,8.4));
#5864=CARTESIAN_POINT('Origin',(-4.33680868994202E-16,15.25,8.4));
#5865=CARTESIAN_POINT('Origin',(7.37257477290145E-15,0.0365640619565948,
13.8));
#5866=CARTESIAN_POINT('',(7.91901145959475,-1.74999999999999,13.8));
#5867=CARTESIAN_POINT('',(-7.91901145959475,-1.75,13.8));
#5868=CARTESIAN_POINT('',(-13.861541461658,-1.75,13.8));
#5869=CARTESIAN_POINT('',(7.91901145959475,18.6885604176236,13.8));
#5870=CARTESIAN_POINT('',(7.91901145959475,0.0182820309782974,13.8));
#5871=CARTESIAN_POINT('',(-7.91901145959474,18.6885604176236,13.8));
#5872=CARTESIAN_POINT('',(8.95442679795239E-16,18.6885604176236,13.8));
#5873=CARTESIAN_POINT('',(-7.91901145959474,0.0182820309782967,13.8));
#5874=CARTESIAN_POINT('Origin',(-8.,-3.70074341541719E-16,8.));
#5875=CARTESIAN_POINT('',(-7.98045128692492,18.749968154824,9.40000056135573));
#5876=CARTESIAN_POINT('',(-7.99634173073305,18.7658906887619,8.26198721006873));
#5877=CARTESIAN_POINT('',(-8.00000000000001,18.7304510419707,7.99999999999982));
#5878=CARTESIAN_POINT('Ctrl Pts',(-7.98045135466308,18.7499363185108,9.40000077176799));
#5879=CARTESIAN_POINT('Ctrl Pts',(-7.98696729052205,18.7434623132344,8.93333355187399));
#5880=CARTESIAN_POINT('Ctrl Pts',(-7.99348368121709,18.7369673607532,8.46666662655907));
#5881=CARTESIAN_POINT('Ctrl Pts',(-8.00000000000001,18.7304510419703,7.99999999999982));
#5882=CARTESIAN_POINT('',(-8.,-1.75,7.9999999999999));
#5883=CARTESIAN_POINT('',(-8.,0.,8.));
#5884=CARTESIAN_POINT('',(-8.,-1.75,8.));
#5885=CARTESIAN_POINT('Origin',(0.,18.6382916684066,17.4));
#5886=CARTESIAN_POINT('',(7.99634173073305,18.7658906887619,8.26198721006873));
#5887=CARTESIAN_POINT('',(0.000205032945608674,18.7499999939686,9.40000043194084));
#5888=CARTESIAN_POINT('',(0.,18.7499999939686,9.40000043194084));
#5889=CARTESIAN_POINT('',(-3.38497273314494E-16,18.7499999984792,9.40000010799913));
#5890=CARTESIAN_POINT('',(0.,18.7499999939686,9.40000043194084));
#5891=CARTESIAN_POINT('',(0.,18.75,9.4));
#5892=CARTESIAN_POINT('Origin',(8.,3.70074341541719E-16,8.));
#5893=CARTESIAN_POINT('',(8.,-1.75,8.));
#5894=CARTESIAN_POINT('',(7.91063333472524,-1.74999999999999,14.4));
#5895=CARTESIAN_POINT('',(8.,0.,8.));
#5896=CARTESIAN_POINT('Origin',(-27.723082923316,-1.75,4.4));
#5897=CARTESIAN_POINT('',(-12.5574260038711,-1.75,7.99999999999068));
#5898=CARTESIAN_POINT('',(0.,-1.75,8.));
#5899=CARTESIAN_POINT('',(-12.1615182874472,-1.74999999988368,4.40000000054551));
#5900=CARTESIAN_POINT('Ctrl Pts',(-12.5574260038726,-1.75,7.99999999999758));
#5901=CARTESIAN_POINT('Ctrl Pts',(-12.3604584202821,-1.75,6.75628641836659));
#5902=CARTESIAN_POINT('Ctrl Pts',(-12.1615182861415,-1.75,4.40000000163166));
#5903=CARTESIAN_POINT('',(-3.95000951959644,-1.75,4.4));
#5904=CARTESIAN_POINT('',(-27.723082923316,-1.75,4.4));
#5905=CARTESIAN_POINT('',(-3.95000951959644,-1.75,5.));
#5906=CARTESIAN_POINT('',(-3.95000951959644,-1.75,4.4));
#5907=CARTESIAN_POINT('',(-2.75000951959644,-1.75,5.));
#5908=CARTESIAN_POINT('',(-2.5,-1.75,5.));
#5909=CARTESIAN_POINT('',(-2.75000951959644,-1.75,4.4));
#5910=CARTESIAN_POINT('',(2.75000951959643,-1.75,5.));
#5911=CARTESIAN_POINT('',(2.75000951959643,-1.74999999999999,4.4));
#5912=CARTESIAN_POINT('',(3.95000951959643,-1.75,5.));
#5913=CARTESIAN_POINT('',(2.5,-1.75,5.));
#5914=CARTESIAN_POINT('',(3.95000951959644,-1.74999999999999,4.4));
#5915=CARTESIAN_POINT('',(3.95000951959644,-1.74999999999999,4.4));
#5916=CARTESIAN_POINT('',(-27.723082923316,-1.74999999999999,4.4));
#5917=CARTESIAN_POINT('',(0.,-1.75,8.));
#5918=CARTESIAN_POINT('Origin',(-4.33680868994202E-16,15.25,9.40000000002783));
#5919=CARTESIAN_POINT('',(-0.650000000000178,11.8108867422239,9.40000000002664));
#5920=CARTESIAN_POINT('Ctrl Pts',(-0.650000000000537,11.8108867422139,9.40000000003842));
#5921=CARTESIAN_POINT('Ctrl Pts',(-0.64542535426908,12.0897894455335,9.07238642520816));
#5922=CARTESIAN_POINT('Ctrl Pts',(-0.641538643368773,12.3280602977602,8.79403935154839));
#5923=CARTESIAN_POINT('Origin',(-4.33680868994202E-16,15.25,9.40000000002783));
#5924=CARTESIAN_POINT('',(0.650000000000177,11.8108867422239,9.40000000002664));
#5925=CARTESIAN_POINT('Origin',(-4.33680868994202E-16,15.25,9.40000000002783));
#5926=CARTESIAN_POINT('Ctrl Pts',(0.641538643368773,12.3280602977602,8.79403935154839));
#5927=CARTESIAN_POINT('Ctrl Pts',(0.645425354269079,12.0897894455335,9.07238642520816));
#5928=CARTESIAN_POINT('Ctrl Pts',(0.650000000000536,11.8108867422139,9.40000000003842));
#5929=CARTESIAN_POINT('Origin',(10.2,1.76941794549634E-15,9.4));
#5930=CARTESIAN_POINT('',(10.180451041971,3.50000000000001,7.99999999999068));
#5931=CARTESIAN_POINT('',(10.1804510419711,1.76941794549634E-15,8.));
#5932=CARTESIAN_POINT('',(10.2,3.50000000000001,9.4));
#5933=CARTESIAN_POINT('Origin',(12.5,3.50000000000001,1.13686837721616E-10));
#5934=CARTESIAN_POINT('Origin',(12.5,3.50000000000001,7.99999999998136));
#5935=CARTESIAN_POINT('Origin',(-14.8,0.,9.4));
#5936=CARTESIAN_POINT('',(-14.819548958029,3.5,7.99999999999068));
#5937=CARTESIAN_POINT('',(-14.8195489580289,0.,8.));
#5938=CARTESIAN_POINT('',(-14.8,3.5,9.4));
#5939=CARTESIAN_POINT('Origin',(-12.5,3.5,1.13686837721616E-10));
#5940=CARTESIAN_POINT('Origin',(-12.5,3.5,7.99999999998136));
#5941=CARTESIAN_POINT('Origin',(0.,18.75,9.4));
#5942=CARTESIAN_POINT('',(-13.,18.730451041971,7.99999999999068));
#5943=CARTESIAN_POINT('',(-13.,18.75,9.4));
#5944=CARTESIAN_POINT('',(0.,18.7304510419711,8.));
#5945=CARTESIAN_POINT('',(-8.00000000000001,18.75,9.4));
#5946=CARTESIAN_POINT('Origin',(-8.,15.75,9.40000045727629));
#5947=CARTESIAN_POINT('',(-4.99999999681228,15.75,9.40000022832694));
#5948=CARTESIAN_POINT('Origin',(-8.,15.75,9.40000045727629));
#5949=CARTESIAN_POINT('',(-4.99999999680825,15.75,9.40000022863089));
#5950=CARTESIAN_POINT('Origin',(-5.,-2.31296463463574E-16,9.4));
#5951=CARTESIAN_POINT('',(-5.,-2.31296463463574E-16,9.4));
#5952=CARTESIAN_POINT('Origin',(3.46944695195361E-15,-10.75,4.29997409571915));
#5953=CARTESIAN_POINT('',(-7.92842746834586,-10.75,4.27432812695737));
#5954=CARTESIAN_POINT('Origin',(3.33066907387547E-15,-10.7484541112701,
4.27434971303872));
#5955=CARTESIAN_POINT('',(-8.,-10.75,9.4));
#5956=CARTESIAN_POINT('Origin',(-8.,-3.70074341541719E-16,9.4));
#5957=CARTESIAN_POINT('',(-7.92920739030497,-6.75,4.33018229275409));
#5958=CARTESIAN_POINT('',(-7.92842746834586,-10.75,4.27432812695737));
#5959=CARTESIAN_POINT('',(-8.,-6.75,9.4));
#5960=CARTESIAN_POINT('Origin',(-13.,-6.75,0.));
#5961=CARTESIAN_POINT('Origin',(-12.999999999993,-6.75098870566784,4.33016848692152));
#5962=CARTESIAN_POINT('',(-13.,-1.73045104197052,7.99999999998136));
#5963=CARTESIAN_POINT('Origin',(-13.,-6.75,7.99999999998136));
#5964=CARTESIAN_POINT('',(-13.,-1.61874271037719,0.));
#5965=CARTESIAN_POINT('Origin',(-13.,3.05,7.99999999986767));
#5966=CARTESIAN_POINT('',(-17.7804510419705,3.05,7.9999999999576));
#5967=CARTESIAN_POINT('Origin',(-13.,3.05,7.99999999998136));
#5968=CARTESIAN_POINT('',(-17.7804510419705,3.05,7.9999999999576));
#5969=CARTESIAN_POINT('Origin',(-17.8,0.,9.4));
#5970=CARTESIAN_POINT('',(-17.780451041971,13.95,7.99999999999068));
#5971=CARTESIAN_POINT('',(-17.7804510419711,0.,8.));
#5972=CARTESIAN_POINT('',(-17.8,13.95,9.4));
#5973=CARTESIAN_POINT('Origin',(-13.,13.95,7.99999999986767));
#5974=CARTESIAN_POINT('Origin',(-13.,13.95,7.99999999998136));
#5975=CARTESIAN_POINT('Origin',(0.,0.,8.));
#5976=CARTESIAN_POINT('Origin',(0.,0.,8.));
#5977=CARTESIAN_POINT('Origin',(0.,0.,9.4));
#5978=CARTESIAN_POINT('',(-0.650000000000001,0.,9.4));
#5979=CARTESIAN_POINT('Origin',(0.,0.,9.4));
#5980=CARTESIAN_POINT('',(0.65,0.,9.4));
#5981=CARTESIAN_POINT('Origin',(0.649999999999998,-8.88896816649589E-17,
9.4));
#5982=CARTESIAN_POINT('',(0.636036458550817,7.625,8.4));
#5983=CARTESIAN_POINT('Origin',(-0.650000000000002,8.88896816649594E-17,
9.4));
#5984=CARTESIAN_POINT('',(-0.636036458550819,7.625,8.4));
#5985=CARTESIAN_POINT('Origin',(-27.723082923316,-1.75,4.4));
#5986=CARTESIAN_POINT('',(-2.85178971111311,-13.4128547557984,4.23714524420162));
#5987=CARTESIAN_POINT('',(-2.75000951959644,-1.75,4.4));
#5988=CARTESIAN_POINT('',(-3.84822932807976,-13.4128547557984,4.23714524420162));
#5989=CARTESIAN_POINT('',(-27.723082923316,-13.4128547557984,4.23714524420162));
#5990=CARTESIAN_POINT('',(-3.84822932807976,-13.4128547557984,4.23714524420162));
#5991=CARTESIAN_POINT('',(3.84822932807976,-13.4128547557984,4.23714524420162));
#5992=CARTESIAN_POINT('',(3.95000951959644,-1.74999999999999,4.4));
#5993=CARTESIAN_POINT('',(2.85178971111311,-13.4128547557984,4.23714524420162));
#5994=CARTESIAN_POINT('',(-27.723082923316,-13.4128547557984,4.23714524420162));
#5995=CARTESIAN_POINT('',(2.85178971111311,-13.4128547557984,4.23714524420162));
#5996=CARTESIAN_POINT('Origin',(-4.28626379701573E-16,15.25,8.4));
#5997=CARTESIAN_POINT('Origin',(-4.71447244669113E-15,-13.25,4.39999999999999));
#5998=CARTESIAN_POINT('',(3.85488666067716,-12.65,5.));
#5999=CARTESIAN_POINT('',(2.84513237851571,-12.65,5.));
#6000=CARTESIAN_POINT('',(2.5,-12.65,5.));
#6001=CARTESIAN_POINT('',(2.85178971111311,-13.4128547557984,4.23714524420162));
#6002=CARTESIAN_POINT('',(3.85488666067716,-12.65,5.));
#6003=CARTESIAN_POINT('Origin',(3.94999048076604,-1.75218163387459,4.4));
#6004=CARTESIAN_POINT('',(3.94999048076604,-1.75218163387459,5.));
#6005=CARTESIAN_POINT('Origin',(-3.94999048076605,-1.75218163387459,4.4));
#6006=CARTESIAN_POINT('',(-3.85488666067717,-12.65,5.));
#6007=CARTESIAN_POINT('',(-3.94999048076605,-1.75218163387459,5.));
#6008=CARTESIAN_POINT('',(-3.84822932807976,-13.4128547557984,4.23714524420162));
#6009=CARTESIAN_POINT('Origin',(8.00683304380545E-15,-13.25,4.4));
#6010=CARTESIAN_POINT('',(-2.84513237851571,-12.65,5.));
#6011=CARTESIAN_POINT('',(-2.85178971111311,-13.4128547557984,4.23714524420162));
#6012=CARTESIAN_POINT('',(8.00683304380545E-15,-12.65,5.));
#6013=CARTESIAN_POINT('Origin',(-2.74999048076605,-1.7478183661254,4.4));
#6014=CARTESIAN_POINT('',(-2.74999048076605,-1.7478183661254,5.));
#6015=CARTESIAN_POINT('Origin',(2.74999048076604,-1.7478183661254,4.4));
#6016=CARTESIAN_POINT('',(2.74999048076604,-1.7478183661254,5.));
#6017=CARTESIAN_POINT('Origin',(2.5,-13.25,5.));
#6018=CARTESIAN_POINT('Origin',(-2.5,-13.25,5.));
#6019=CARTESIAN_POINT('Ctrl Pts',(4.3829683045247,7.35507603334985,1.49));
#6020=CARTESIAN_POINT('Ctrl Pts',(4.3829683045247,7.35507603334985,1.5));
#6021=CARTESIAN_POINT('Ctrl Pts',(4.36512113084144,7.34104773542072,1.49));
#6022=CARTESIAN_POINT('Ctrl Pts',(4.36512113084144,7.34104773542072,1.5));
#6023=CARTESIAN_POINT('Ctrl Pts',(4.36134573024294,7.33826884777716,1.49));
#6024=CARTESIAN_POINT('Ctrl Pts',(4.36134573024294,7.33826884777716,1.5));
#6025=CARTESIAN_POINT('Ctrl Pts',(4.35647908815954,7.33510256468053,1.49));
#6026=CARTESIAN_POINT('Ctrl Pts',(4.35647908815954,7.33510256468053,1.5));
#6027=CARTESIAN_POINT('',(4.3829683045247,7.35507603334985,1.49));
#6028=CARTESIAN_POINT('',(4.35647908815954,7.33510256468053,1.49));
#6029=CARTESIAN_POINT('Ctrl Pts',(4.3829683045247,7.35507603334985,1.49));
#6030=CARTESIAN_POINT('Ctrl Pts',(4.36512113084144,7.34104773542072,1.49));
#6031=CARTESIAN_POINT('Ctrl Pts',(4.36134573024294,7.33826884777716,1.49));
#6032=CARTESIAN_POINT('Ctrl Pts',(4.35647908815954,7.33510256468053,1.49));
#6033=CARTESIAN_POINT('',(4.3829683045247,7.35507603334985,1.5));
#6034=CARTESIAN_POINT('',(4.3829683045247,7.35507603334985,1.49));
#6035=CARTESIAN_POINT('',(4.35647908815954,7.33510256468053,1.5));
#6036=CARTESIAN_POINT('Ctrl Pts',(4.3829683045247,7.35507603334985,1.5));
#6037=CARTESIAN_POINT('Ctrl Pts',(4.36512113084144,7.34104773542072,1.5));
#6038=CARTESIAN_POINT('Ctrl Pts',(4.36134573024294,7.33826884777716,1.5));
#6039=CARTESIAN_POINT('Ctrl Pts',(4.35647908815954,7.33510256468053,1.5));
#6040=CARTESIAN_POINT('',(4.35647908815954,7.33510256468053,1.49));
#6041=CARTESIAN_POINT('Ctrl Pts',(4.38986852297399,7.36348746000523,1.49));
#6042=CARTESIAN_POINT('Ctrl Pts',(4.38986852297399,7.36348746000523,1.5));
#6043=CARTESIAN_POINT('Ctrl Pts',(4.38956851540311,7.36311221244039,1.49));
#6044=CARTESIAN_POINT('Ctrl Pts',(4.38956851540311,7.36311221244039,1.5));
#6045=CARTESIAN_POINT('Ctrl Pts',(4.38926554879572,7.3628598212991,1.49));
#6046=CARTESIAN_POINT('Ctrl Pts',(4.38926554879572,7.3628598212991,1.5));
#6047=CARTESIAN_POINT('Ctrl Pts',(4.38883115411854,7.36239525959447,1.49));
#6048=CARTESIAN_POINT('Ctrl Pts',(4.38883115411854,7.36239525959447,1.5));
#6049=CARTESIAN_POINT('Ctrl Pts',(4.38875203413281,7.36229648559954,1.49));
#6050=CARTESIAN_POINT('Ctrl Pts',(4.38875203413281,7.36229648559954,1.5));
#6051=CARTESIAN_POINT('Ctrl Pts',(4.38746892872956,7.36069464700693,1.49));
#6052=CARTESIAN_POINT('Ctrl Pts',(4.38746892872956,7.36069464700693,1.5));
#6053=CARTESIAN_POINT('Ctrl Pts',(4.38687084691803,7.35994799710208,1.49));
#6054=CARTESIAN_POINT('Ctrl Pts',(4.38687084691803,7.35994799710208,1.5));
#6055=CARTESIAN_POINT('Ctrl Pts',(4.3851712782459,7.35782624258144,1.49));
#6056=CARTESIAN_POINT('Ctrl Pts',(4.3851712782459,7.35782624258144,1.5));
#6057=CARTESIAN_POINT('Ctrl Pts',(4.3840697913853,7.35645113796565,1.49));
#6058=CARTESIAN_POINT('Ctrl Pts',(4.3840697913853,7.35645113796565,1.5));
#6059=CARTESIAN_POINT('Ctrl Pts',(4.3829683045247,7.35507603334985,1.49));
#6060=CARTESIAN_POINT('Ctrl Pts',(4.3829683045247,7.35507603334985,1.5));
#6061=CARTESIAN_POINT('',(4.38986852297399,7.36348746000523,1.49));
#6062=CARTESIAN_POINT('Ctrl Pts',(4.38986852297399,7.36348746000523,1.49));
#6063=CARTESIAN_POINT('Ctrl Pts',(4.38956851540311,7.36311221244039,1.49));
#6064=CARTESIAN_POINT('Ctrl Pts',(4.38926554879572,7.3628598212991,1.49));
#6065=CARTESIAN_POINT('Ctrl Pts',(4.38896485644529,7.36253824702984,1.49));
#6066=CARTESIAN_POINT('Ctrl Pts',(4.38883115411854,7.36239525959447,1.49));
#6067=CARTESIAN_POINT('Ctrl Pts',(4.38875203413281,7.36229648559954,1.49));
#6068=CARTESIAN_POINT('Ctrl Pts',(4.38806701054109,7.36144129691178,1.49));
#6069=CARTESIAN_POINT('Ctrl Pts',(4.38746892872956,7.36069464700693,1.49));
#6070=CARTESIAN_POINT('Ctrl Pts',(4.38687084691803,7.35994799710208,1.49));
#6071=CARTESIAN_POINT('Ctrl Pts',(4.38627276510649,7.35920134719723,1.49));
#6072=CARTESIAN_POINT('Ctrl Pts',(4.3851712782459,7.35782624258144,1.49));
#6073=CARTESIAN_POINT('Ctrl Pts',(4.3840697913853,7.35645113796565,1.49));
#6074=CARTESIAN_POINT('Ctrl Pts',(4.3829683045247,7.35507603334985,1.49));
#6075=CARTESIAN_POINT('',(4.38986852297399,7.36348746000523,1.5));
#6076=CARTESIAN_POINT('',(4.38986852297399,7.36348746000523,1.49));
#6077=CARTESIAN_POINT('Ctrl Pts',(4.38986852297399,7.36348746000523,1.5));
#6078=CARTESIAN_POINT('Ctrl Pts',(4.38956851540311,7.36311221244039,1.5));
#6079=CARTESIAN_POINT('Ctrl Pts',(4.38926554879572,7.3628598212991,1.5));
#6080=CARTESIAN_POINT('Ctrl Pts',(4.38896485644529,7.36253824702984,1.5));
#6081=CARTESIAN_POINT('Ctrl Pts',(4.38883115411854,7.36239525959447,1.5));
#6082=CARTESIAN_POINT('Ctrl Pts',(4.38875203413281,7.36229648559954,1.5));
#6083=CARTESIAN_POINT('Ctrl Pts',(4.38806701054109,7.36144129691178,1.5));
#6084=CARTESIAN_POINT('Ctrl Pts',(4.38746892872956,7.36069464700693,1.5));
#6085=CARTESIAN_POINT('Ctrl Pts',(4.38687084691803,7.35994799710208,1.5));
#6086=CARTESIAN_POINT('Ctrl Pts',(4.38627276510649,7.35920134719723,1.5));
#6087=CARTESIAN_POINT('Ctrl Pts',(4.3851712782459,7.35782624258144,1.5));
#6088=CARTESIAN_POINT('Ctrl Pts',(4.3840697913853,7.35645113796565,1.5));
#6089=CARTESIAN_POINT('Ctrl Pts',(4.3829683045247,7.35507603334985,1.5));
#6090=CARTESIAN_POINT('Ctrl Pts',(4.41431470522497,7.39876146970983,1.49));
#6091=CARTESIAN_POINT('Ctrl Pts',(4.41431470522497,7.39876146970983,1.5));
#6092=CARTESIAN_POINT('Ctrl Pts',(4.4075842536411,7.38598366438146,1.49));
#6093=CARTESIAN_POINT('Ctrl Pts',(4.4075842536411,7.38598366438146,1.5));
#6094=CARTESIAN_POINT('Ctrl Pts',(4.39938102373693,7.37409243284459,1.49));
#6095=CARTESIAN_POINT('Ctrl Pts',(4.39938102373693,7.37409243284459,1.5));
#6096=CARTESIAN_POINT('Ctrl Pts',(4.38986852297399,7.36348746000523,1.49));
#6097=CARTESIAN_POINT('Ctrl Pts',(4.38986852297399,7.36348746000523,1.5));
#6098=CARTESIAN_POINT('',(4.41431470522497,7.39876146970983,1.49));
#6099=CARTESIAN_POINT('Ctrl Pts',(4.41431470522497,7.39876146970983,1.49));
#6100=CARTESIAN_POINT('Ctrl Pts',(4.4075842536411,7.38598366438146,1.49));
#6101=CARTESIAN_POINT('Ctrl Pts',(4.39938102373693,7.37409243284459,1.49));
#6102=CARTESIAN_POINT('Ctrl Pts',(4.38986852297399,7.36348746000523,1.49));
#6103=CARTESIAN_POINT('',(4.41431470522497,7.39876146970983,1.5));
#6104=CARTESIAN_POINT('',(4.41431470522497,7.39876146970983,1.49));
#6105=CARTESIAN_POINT('Ctrl Pts',(4.41431470522497,7.39876146970983,1.5));
#6106=CARTESIAN_POINT('Ctrl Pts',(4.4075842536411,7.38598366438146,1.5));
#6107=CARTESIAN_POINT('Ctrl Pts',(4.39938102373693,7.37409243284459,1.5));
#6108=CARTESIAN_POINT('Ctrl Pts',(4.38986852297399,7.36348746000523,1.5));
#6109=CARTESIAN_POINT('Ctrl Pts',(4.44811472544286,7.48178450285192,1.49));
#6110=CARTESIAN_POINT('Ctrl Pts',(4.44811472544286,7.48178450285192,1.5));
#6111=CARTESIAN_POINT('Ctrl Pts',(4.42853258738134,7.41400763212438,1.49));
#6112=CARTESIAN_POINT('Ctrl Pts',(4.42853258738134,7.41400763212438,1.5));
#6113=CARTESIAN_POINT('Ctrl Pts',(4.41447457918737,7.39849743543859,1.49));
#6114=CARTESIAN_POINT('Ctrl Pts',(4.41447457918737,7.39849743543859,1.5));
#6115=CARTESIAN_POINT('Ctrl Pts',(4.41431470522497,7.39876146970983,1.49));
#6116=CARTESIAN_POINT('Ctrl Pts',(4.41431470522497,7.39876146970983,1.5));
#6117=CARTESIAN_POINT('',(4.44811472544286,7.48178450285192,1.49));
#6118=CARTESIAN_POINT('Ctrl Pts',(4.44811472544286,7.48178450285192,1.49));
#6119=CARTESIAN_POINT('Ctrl Pts',(4.42853258738134,7.41400763212438,1.49));
#6120=CARTESIAN_POINT('Ctrl Pts',(4.41447457918737,7.39849743543859,1.49));
#6121=CARTESIAN_POINT('Ctrl Pts',(4.41431470522497,7.39876146970983,1.49));
#6122=CARTESIAN_POINT('',(4.44811472544286,7.48178450285192,1.5));
#6123=CARTESIAN_POINT('',(4.44811472544286,7.48178450285192,1.49));
#6124=CARTESIAN_POINT('Ctrl Pts',(4.44811472544286,7.48178450285192,1.5));
#6125=CARTESIAN_POINT('Ctrl Pts',(4.42853258738134,7.41400763212438,1.5));
#6126=CARTESIAN_POINT('Ctrl Pts',(4.41447457918737,7.39849743543859,1.5));
#6127=CARTESIAN_POINT('Ctrl Pts',(4.41431470522497,7.39876146970983,1.5));
#6128=CARTESIAN_POINT('Ctrl Pts',(4.41283829340551,7.570875479567,1.49));
#6129=CARTESIAN_POINT('Ctrl Pts',(4.41283829340551,7.570875479567,1.5));
#6130=CARTESIAN_POINT('Ctrl Pts',(4.42931136736486,7.54358305631871,1.49));
#6131=CARTESIAN_POINT('Ctrl Pts',(4.42931136736486,7.54358305631871,1.5));
#6132=CARTESIAN_POINT('Ctrl Pts',(4.43905277857396,7.51342743574376,1.49));
#6133=CARTESIAN_POINT('Ctrl Pts',(4.43905277857396,7.51342743574376,1.5));
#6134=CARTESIAN_POINT('Ctrl Pts',(4.44811472544286,7.48178450285192,1.49));
#6135=CARTESIAN_POINT('Ctrl Pts',(4.44811472544286,7.48178450285192,1.5));
#6136=CARTESIAN_POINT('',(4.41283829340551,7.570875479567,1.49));
#6137=CARTESIAN_POINT('Ctrl Pts',(4.41283829340551,7.570875479567,1.49));
#6138=CARTESIAN_POINT('Ctrl Pts',(4.42931136736486,7.54358305631871,1.49));
#6139=CARTESIAN_POINT('Ctrl Pts',(4.43905277857396,7.51342743574376,1.49));
#6140=CARTESIAN_POINT('Ctrl Pts',(4.44811472544286,7.48178450285192,1.49));
#6141=CARTESIAN_POINT('',(4.41283829340551,7.570875479567,1.5));
#6142=CARTESIAN_POINT('',(4.41283829340551,7.570875479567,1.49));
#6143=CARTESIAN_POINT('Ctrl Pts',(4.41283829340551,7.570875479567,1.5));
#6144=CARTESIAN_POINT('Ctrl Pts',(4.42931136736486,7.54358305631871,1.5));
#6145=CARTESIAN_POINT('Ctrl Pts',(4.43905277857396,7.51342743574376,1.5));
#6146=CARTESIAN_POINT('Ctrl Pts',(4.44811472544286,7.48178450285192,1.5));
#6147=CARTESIAN_POINT('Ctrl Pts',(4.34942404398534,7.63609436689611,1.49));
#6148=CARTESIAN_POINT('Ctrl Pts',(4.34942404398534,7.63609436689611,1.5));
#6149=CARTESIAN_POINT('Ctrl Pts',(4.37609635004613,7.62096447645421,1.49));
#6150=CARTESIAN_POINT('Ctrl Pts',(4.37609635004613,7.62096447645421,1.5));
#6151=CARTESIAN_POINT('Ctrl Pts',(4.39792762407873,7.59813399015661,1.49));
#6152=CARTESIAN_POINT('Ctrl Pts',(4.39792762407873,7.59813399015661,1.5));
#6153=CARTESIAN_POINT('Ctrl Pts',(4.41283829340551,7.570875479567,1.49));
#6154=CARTESIAN_POINT('Ctrl Pts',(4.41283829340551,7.570875479567,1.5));
#6155=CARTESIAN_POINT('',(4.34942404398534,7.63609436689611,1.49));
#6156=CARTESIAN_POINT('Ctrl Pts',(4.34942404398534,7.63609436689611,1.49));
#6157=CARTESIAN_POINT('Ctrl Pts',(4.37609635004613,7.62096447645421,1.49));
#6158=CARTESIAN_POINT('Ctrl Pts',(4.39792762407873,7.59813399015661,1.49));
#6159=CARTESIAN_POINT('Ctrl Pts',(4.41283829340551,7.570875479567,1.49));
#6160=CARTESIAN_POINT('',(4.34942404398534,7.63609436689611,1.5));
#6161=CARTESIAN_POINT('',(4.34942404398534,7.63609436689611,1.49));
#6162=CARTESIAN_POINT('Ctrl Pts',(4.34942404398534,7.63609436689611,1.5));
#6163=CARTESIAN_POINT('Ctrl Pts',(4.37609635004613,7.62096447645421,1.5));
#6164=CARTESIAN_POINT('Ctrl Pts',(4.39792762407873,7.59813399015661,1.5));
#6165=CARTESIAN_POINT('Ctrl Pts',(4.41283829340551,7.570875479567,1.5));
#6166=CARTESIAN_POINT('Ctrl Pts',(4.30455032953832,7.65283026396031,1.49));
#6167=CARTESIAN_POINT('Ctrl Pts',(4.30455032953832,7.65283026396031,1.5));
#6168=CARTESIAN_POINT('Ctrl Pts',(4.32064309725377,7.64962309538121,1.49));
#6169=CARTESIAN_POINT('Ctrl Pts',(4.32064309725377,7.64962309538121,1.5));
#6170=CARTESIAN_POINT('Ctrl Pts',(4.33569547304723,7.64392334638829,1.49));
#6171=CARTESIAN_POINT('Ctrl Pts',(4.33569547304723,7.64392334638829,1.5));
#6172=CARTESIAN_POINT('Ctrl Pts',(4.34942404398534,7.63609436689611,1.49));
#6173=CARTESIAN_POINT('Ctrl Pts',(4.34942404398534,7.63609436689611,1.5));
#6174=CARTESIAN_POINT('',(4.30455032953832,7.65283026396031,1.49));
#6175=CARTESIAN_POINT('Ctrl Pts',(4.30455032953832,7.65283026396031,1.49));
#6176=CARTESIAN_POINT('Ctrl Pts',(4.32064309725377,7.64962309538121,1.49));
#6177=CARTESIAN_POINT('Ctrl Pts',(4.33569547304723,7.64392334638829,1.49));
#6178=CARTESIAN_POINT('Ctrl Pts',(4.34942404398534,7.63609436689611,1.49));
#6179=CARTESIAN_POINT('',(4.30455032953832,7.65283026396031,1.5));
#6180=CARTESIAN_POINT('',(4.30455032953832,7.65283026396031,1.49));
#6181=CARTESIAN_POINT('Ctrl Pts',(4.30455032953832,7.65283026396031,1.5));
#6182=CARTESIAN_POINT('Ctrl Pts',(4.32064309725377,7.64962309538121,1.5));
#6183=CARTESIAN_POINT('Ctrl Pts',(4.33569547304723,7.64392334638829,1.5));
#6184=CARTESIAN_POINT('Ctrl Pts',(4.34942404398534,7.63609436689611,1.5));
#6185=CARTESIAN_POINT('Ctrl Pts',(4.29510321717448,7.65449188897502,1.49));
#6186=CARTESIAN_POINT('Ctrl Pts',(4.29510321717448,7.65449188897502,1.5));
#6187=CARTESIAN_POINT('Ctrl Pts',(4.29861005397772,7.65395461011391,1.49));
#6188=CARTESIAN_POINT('Ctrl Pts',(4.29861005397772,7.65395461011391,1.5));
#6189=CARTESIAN_POINT('Ctrl Pts',(4.30162969445423,7.65344193973332,1.49));
#6190=CARTESIAN_POINT('Ctrl Pts',(4.30162969445423,7.65344193973332,1.5));
#6191=CARTESIAN_POINT('Ctrl Pts',(4.30455032953832,7.65283026396031,1.49));
#6192=CARTESIAN_POINT('Ctrl Pts',(4.30455032953832,7.65283026396031,1.5));
#6193=CARTESIAN_POINT('',(4.29510321717448,7.65449188897502,1.49));
#6194=CARTESIAN_POINT('Ctrl Pts',(4.29510321717448,7.65449188897502,1.49));
#6195=CARTESIAN_POINT('Ctrl Pts',(4.29861005397772,7.65395461011391,1.49));
#6196=CARTESIAN_POINT('Ctrl Pts',(4.30162969445423,7.65344193973332,1.49));
#6197=CARTESIAN_POINT('Ctrl Pts',(4.30455032953832,7.65283026396031,1.49));
#6198=CARTESIAN_POINT('',(4.29510321717448,7.65449188897502,1.5));
#6199=CARTESIAN_POINT('',(4.29510321717448,7.65449188897502,1.49));
#6200=CARTESIAN_POINT('Ctrl Pts',(4.29510321717448,7.65449188897502,1.5));
#6201=CARTESIAN_POINT('Ctrl Pts',(4.29861005397772,7.65395461011391,1.5));
#6202=CARTESIAN_POINT('Ctrl Pts',(4.30162969445423,7.65344193973332,1.5));
#6203=CARTESIAN_POINT('Ctrl Pts',(4.30455032953832,7.65283026396031,1.5));
#6204=CARTESIAN_POINT('Ctrl Pts',(4.27542783388707,7.65578308759923,1.49));
#6205=CARTESIAN_POINT('Ctrl Pts',(4.27542783388707,7.65578308759923,1.5));
#6206=CARTESIAN_POINT('Ctrl Pts',(4.28025094795985,7.65578308759923,1.49));
#6207=CARTESIAN_POINT('Ctrl Pts',(4.28025094795985,7.65578308759923,1.5));
#6208=CARTESIAN_POINT('Ctrl Pts',(4.28410053619376,7.65547407037773,1.49));
#6209=CARTESIAN_POINT('Ctrl Pts',(4.28410053619376,7.65547407037773,1.5));
#6210=CARTESIAN_POINT('Ctrl Pts',(4.29510321717448,7.65449188897502,1.49));
#6211=CARTESIAN_POINT('Ctrl Pts',(4.29510321717448,7.65449188897502,1.5));
#6212=CARTESIAN_POINT('',(4.27542783388707,7.65578308759923,1.49));
#6213=CARTESIAN_POINT('Ctrl Pts',(4.27542783388707,7.65578308759923,1.49));
#6214=CARTESIAN_POINT('Ctrl Pts',(4.28025094795985,7.65578308759923,1.49));
#6215=CARTESIAN_POINT('Ctrl Pts',(4.28410053619376,7.65547407037773,1.49));
#6216=CARTESIAN_POINT('Ctrl Pts',(4.29510321717448,7.65449188897502,1.49));
#6217=CARTESIAN_POINT('',(4.27542783388707,7.65578308759923,1.5));
#6218=CARTESIAN_POINT('',(4.27542783388707,7.65578308759923,1.49));
#6219=CARTESIAN_POINT('Ctrl Pts',(4.27542783388707,7.65578308759923,1.5));
#6220=CARTESIAN_POINT('Ctrl Pts',(4.28025094795985,7.65578308759923,1.5));
#6221=CARTESIAN_POINT('Ctrl Pts',(4.28410053619376,7.65547407037773,1.5));
#6222=CARTESIAN_POINT('Ctrl Pts',(4.29510321717448,7.65449188897502,1.5));
#6223=CARTESIAN_POINT('Ctrl Pts',(4.11471816668127,7.48334206281896,1.49));
#6224=CARTESIAN_POINT('Ctrl Pts',(4.11471816668127,7.48334206281896,1.5));
#6225=CARTESIAN_POINT('Ctrl Pts',(4.11471816668127,7.57356184660192,1.49));
#6226=CARTESIAN_POINT('Ctrl Pts',(4.11471816668127,7.57356184660192,1.5));
#6227=CARTESIAN_POINT('Ctrl Pts',(4.182308517786,7.6556183689713,1.49));
#6228=CARTESIAN_POINT('Ctrl Pts',(4.182308517786,7.6556183689713,1.5));
#6229=CARTESIAN_POINT('Ctrl Pts',(4.27542783388707,7.65578308759923,1.49));
#6230=CARTESIAN_POINT('Ctrl Pts',(4.27542783388707,7.65578308759923,1.5));
#6231=CARTESIAN_POINT('',(4.11471816668127,7.48334206281896,1.49));
#6232=CARTESIAN_POINT('Ctrl Pts',(4.11471816668127,7.48334206281896,1.49));
#6233=CARTESIAN_POINT('Ctrl Pts',(4.11471816668127,7.57356184660192,1.49));
#6234=CARTESIAN_POINT('Ctrl Pts',(4.182308517786,7.6556183689713,1.49));
#6235=CARTESIAN_POINT('Ctrl Pts',(4.27542783388707,7.65578308759923,1.49));
#6236=CARTESIAN_POINT('',(4.11471816668127,7.48334206281896,1.5));
#6237=CARTESIAN_POINT('',(4.11471816668127,7.48334206281896,1.49));
#6238=CARTESIAN_POINT('Ctrl Pts',(4.11471816668127,7.48334206281896,1.5));
#6239=CARTESIAN_POINT('Ctrl Pts',(4.11471816668127,7.57356184660192,1.5));
#6240=CARTESIAN_POINT('Ctrl Pts',(4.182308517786,7.6556183689713,1.5));
#6241=CARTESIAN_POINT('Ctrl Pts',(4.27542783388707,7.65578308759923,1.5));
#6242=CARTESIAN_POINT('Ctrl Pts',(4.26475414020125,7.31123047529454,1.49));
#6243=CARTESIAN_POINT('Ctrl Pts',(4.26475414020125,7.31123047529454,1.5));
#6244=CARTESIAN_POINT('Ctrl Pts',(4.2404616447263,7.31399467459862,1.49));
#6245=CARTESIAN_POINT('Ctrl Pts',(4.2404616447263,7.31399467459862,1.5));
#6246=CARTESIAN_POINT('Ctrl Pts',(4.22936516477538,7.31749901025913,1.49));
#6247=CARTESIAN_POINT('Ctrl Pts',(4.22936516477538,7.31749901025913,1.5));
#6248=CARTESIAN_POINT('Ctrl Pts',(4.19746038011762,7.33090170067694,1.49));
#6249=CARTESIAN_POINT('Ctrl Pts',(4.19746038011762,7.33090170067694,1.5));
#6250=CARTESIAN_POINT('Ctrl Pts',(4.18014698094901,7.34287400957088,1.49));
#6251=CARTESIAN_POINT('Ctrl Pts',(4.18014698094901,7.34287400957088,1.5));
#6252=CARTESIAN_POINT('Ctrl Pts',(4.1491198068993,7.37436576840818,1.49));
#6253=CARTESIAN_POINT('Ctrl Pts',(4.1491198068993,7.37436576840818,1.5));
#6254=CARTESIAN_POINT('Ctrl Pts',(4.13632406664437,7.3942992305339,1.49));
#6255=CARTESIAN_POINT('Ctrl Pts',(4.13632406664437,7.3942992305339,1.5));
#6256=CARTESIAN_POINT('Ctrl Pts',(4.11914512722715,7.43735353621076,1.49));
#6257=CARTESIAN_POINT('Ctrl Pts',(4.11914512722715,7.43735353621076,1.5));
#6258=CARTESIAN_POINT('Ctrl Pts',(4.11471816668127,7.4602779098888,1.49));
#6259=CARTESIAN_POINT('Ctrl Pts',(4.11471816668127,7.4602779098888,1.5));
#6260=CARTESIAN_POINT('Ctrl Pts',(4.11471816668127,7.48334206281896,1.49));
#6261=CARTESIAN_POINT('Ctrl Pts',(4.11471816668127,7.48334206281896,1.5));
#6262=CARTESIAN_POINT('',(4.26475414020125,7.31123047529455,1.49));
#6263=CARTESIAN_POINT('Ctrl Pts',(4.26475414020125,7.31123047529454,1.49));
#6264=CARTESIAN_POINT('Ctrl Pts',(4.2404616447263,7.31399467459862,1.49));
#6265=CARTESIAN_POINT('Ctrl Pts',(4.22936516477538,7.31749901025913,1.49));
#6266=CARTESIAN_POINT('Ctrl Pts',(4.21674430494405,7.32280083188057,1.49));
#6267=CARTESIAN_POINT('Ctrl Pts',(4.19746038011762,7.33090170067694,1.49));
#6268=CARTESIAN_POINT('Ctrl Pts',(4.18014698094901,7.34287400957088,1.49));
#6269=CARTESIAN_POINT('Ctrl Pts',(4.16547306198456,7.35776764817574,1.49));
#6270=CARTESIAN_POINT('Ctrl Pts',(4.1491198068993,7.37436576840818,1.49));
#6271=CARTESIAN_POINT('Ctrl Pts',(4.13632406664437,7.3942992305339,1.49));
#6272=CARTESIAN_POINT('Ctrl Pts',(4.12767973064927,7.41596389068942,1.49));
#6273=CARTESIAN_POINT('Ctrl Pts',(4.11914512722715,7.43735353621076,1.49));
#6274=CARTESIAN_POINT('Ctrl Pts',(4.11471816668127,7.4602779098888,1.49));
#6275=CARTESIAN_POINT('Ctrl Pts',(4.11471816668127,7.48334206281896,1.49));
#6276=CARTESIAN_POINT('',(4.26475414020125,7.31123047529455,1.5));
#6277=CARTESIAN_POINT('',(4.26475414020125,7.31123047529455,1.49));
#6278=CARTESIAN_POINT('Ctrl Pts',(4.26475414020125,7.31123047529454,1.5));
#6279=CARTESIAN_POINT('Ctrl Pts',(4.2404616447263,7.31399467459862,1.5));
#6280=CARTESIAN_POINT('Ctrl Pts',(4.22936516477538,7.31749901025913,1.5));
#6281=CARTESIAN_POINT('Ctrl Pts',(4.21674430494405,7.32280083188057,1.5));
#6282=CARTESIAN_POINT('Ctrl Pts',(4.19746038011762,7.33090170067694,1.5));
#6283=CARTESIAN_POINT('Ctrl Pts',(4.18014698094901,7.34287400957088,1.5));
#6284=CARTESIAN_POINT('Ctrl Pts',(4.16547306198456,7.35776764817574,1.5));
#6285=CARTESIAN_POINT('Ctrl Pts',(4.1491198068993,7.37436576840818,1.5));
#6286=CARTESIAN_POINT('Ctrl Pts',(4.13632406664437,7.3942992305339,1.5));
#6287=CARTESIAN_POINT('Ctrl Pts',(4.12767973064927,7.41596389068942,1.5));
#6288=CARTESIAN_POINT('Ctrl Pts',(4.11914512722715,7.43735353621076,1.5));
#6289=CARTESIAN_POINT('Ctrl Pts',(4.11471816668127,7.4602779098888,1.5));
#6290=CARTESIAN_POINT('Ctrl Pts',(4.11471816668127,7.48334206281896,1.5));
#6291=CARTESIAN_POINT('Ctrl Pts',(4.35647908815954,7.33510256468053,1.49));
#6292=CARTESIAN_POINT('Ctrl Pts',(4.35647908815954,7.33510256468053,1.5));
#6293=CARTESIAN_POINT('Ctrl Pts',(4.34631512593135,7.3286131291319,1.49));
#6294=CARTESIAN_POINT('Ctrl Pts',(4.34631512593135,7.3286131291319,1.5));
#6295=CARTESIAN_POINT('Ctrl Pts',(4.33545689055304,7.32334256787062,1.49));
#6296=CARTESIAN_POINT('Ctrl Pts',(4.33545689055304,7.32334256787062,1.5));
#6297=CARTESIAN_POINT('Ctrl Pts',(4.31226908799924,7.31537419462365,1.49));
#6298=CARTESIAN_POINT('Ctrl Pts',(4.31226908799924,7.31537419462365,1.5));
#6299=CARTESIAN_POINT('Ctrl Pts',(4.30009030107938,7.31282955078516,1.49));
#6300=CARTESIAN_POINT('Ctrl Pts',(4.30009030107938,7.31282955078516,1.5));
#6301=CARTESIAN_POINT('Ctrl Pts',(4.28004872149399,7.31113812772969,1.49));
#6302=CARTESIAN_POINT('Ctrl Pts',(4.28004872149399,7.31113812772969,1.5));
#6303=CARTESIAN_POINT('Ctrl Pts',(4.27240263137639,7.31123047529454,1.49));
#6304=CARTESIAN_POINT('Ctrl Pts',(4.27240263137639,7.31123047529454,1.5));
#6305=CARTESIAN_POINT('Ctrl Pts',(4.26475414020139,7.31123047529454,1.49));
#6306=CARTESIAN_POINT('Ctrl Pts',(4.26475414020139,7.31123047529454,1.5));
#6307=CARTESIAN_POINT('Ctrl Pts',(4.35647908815954,7.33510256468053,1.49));
#6308=CARTESIAN_POINT('Ctrl Pts',(4.34631512593135,7.3286131291319,1.49));
#6309=CARTESIAN_POINT('Ctrl Pts',(4.33545689055304,7.32334256787062,1.49));
#6310=CARTESIAN_POINT('Ctrl Pts',(4.31226908799924,7.31537419462365,1.49));
#6311=CARTESIAN_POINT('Ctrl Pts',(4.30009030107938,7.31282955078516,1.49));
#6312=CARTESIAN_POINT('Ctrl Pts',(4.28004872149399,7.31113812772969,1.49));
#6313=CARTESIAN_POINT('Ctrl Pts',(4.27240263137639,7.31123047529454,1.49));
#6314=CARTESIAN_POINT('Ctrl Pts',(4.26475414020139,7.31123047529454,1.49));
#6315=CARTESIAN_POINT('Ctrl Pts',(4.35647908815954,7.33510256468053,1.5));
#6316=CARTESIAN_POINT('Ctrl Pts',(4.34631512593135,7.3286131291319,1.5));
#6317=CARTESIAN_POINT('Ctrl Pts',(4.33545689055304,7.32334256787062,1.5));
#6318=CARTESIAN_POINT('Ctrl Pts',(4.31226908799924,7.31537419462365,1.5));
#6319=CARTESIAN_POINT('Ctrl Pts',(4.30009030107938,7.31282955078516,1.5));
#6320=CARTESIAN_POINT('Ctrl Pts',(4.28004872149399,7.31113812772969,1.5));
#6321=CARTESIAN_POINT('Ctrl Pts',(4.27240263137639,7.31123047529454,1.5));
#6322=CARTESIAN_POINT('Ctrl Pts',(4.26475414020139,7.31123047529454,1.5));
#6323=CARTESIAN_POINT('Ctrl Pts',(4.66165425905797,7.63609436689611,1.49));
#6324=CARTESIAN_POINT('Ctrl Pts',(4.62144882382955,7.61329326414701,1.49));
#6325=CARTESIAN_POINT('Ctrl Pts',(4.59824000963781,7.570875479567,1.49));
#6326=CARTESIAN_POINT('Ctrl Pts',(4.66165425905797,7.63609436689611,1.5));
#6327=CARTESIAN_POINT('Ctrl Pts',(4.62144882382955,7.61329326414701,1.5));
#6328=CARTESIAN_POINT('Ctrl Pts',(4.59824000963781,7.570875479567,1.5));
#6329=CARTESIAN_POINT('',(4.59824000963781,7.570875479567,1.49));
#6330=CARTESIAN_POINT('',(4.66165425905797,7.63609436689611,1.49));
#6331=CARTESIAN_POINT('Origin',(4.72929654860561,7.48882061169726,1.49));
#6332=CARTESIAN_POINT('',(4.59824000963781,7.570875479567,1.5));
#6333=CARTESIAN_POINT('',(4.59824000963781,7.570875479567,1.49));
#6334=CARTESIAN_POINT('',(4.66165425905797,7.63609436689611,1.5));
#6335=CARTESIAN_POINT('Origin',(4.72929654860561,7.48882061169726,1.5));
#6336=CARTESIAN_POINT('',(4.66165425905797,7.63609436689611,1.49));
#6337=CARTESIAN_POINT('Ctrl Pts',(4.5630471480808,7.48186443983312,1.49));
#6338=CARTESIAN_POINT('Ctrl Pts',(4.5630471480808,7.48186443983312,1.5));
#6339=CARTESIAN_POINT('Ctrl Pts',(4.57210425028417,7.51348557173009,1.49));
#6340=CARTESIAN_POINT('Ctrl Pts',(4.57210425028417,7.51348557173009,1.5));
#6341=CARTESIAN_POINT('Ctrl Pts',(4.58177904734227,7.54360243498082,1.49));
#6342=CARTESIAN_POINT('Ctrl Pts',(4.58177904734227,7.54360243498082,1.5));
#6343=CARTESIAN_POINT('Ctrl Pts',(4.59824000963781,7.570875479567,1.49));
#6344=CARTESIAN_POINT('Ctrl Pts',(4.59824000963781,7.570875479567,1.5));
#6345=CARTESIAN_POINT('',(4.5630471480808,7.48186443983312,1.49));
#6346=CARTESIAN_POINT('Ctrl Pts',(4.5630471480808,7.48186443983312,1.49));
#6347=CARTESIAN_POINT('Ctrl Pts',(4.57210425028417,7.51348557173009,1.49));
#6348=CARTESIAN_POINT('Ctrl Pts',(4.58177904734227,7.54360243498082,1.49));
#6349=CARTESIAN_POINT('Ctrl Pts',(4.59824000963781,7.570875479567,1.49));
#6350=CARTESIAN_POINT('',(4.5630471480808,7.48186443983312,1.5));
#6351=CARTESIAN_POINT('',(4.5630471480808,7.48186443983312,1.49));
#6352=CARTESIAN_POINT('Ctrl Pts',(4.5630471480808,7.48186443983312,1.5));
#6353=CARTESIAN_POINT('Ctrl Pts',(4.57210425028417,7.51348557173009,1.5));
#6354=CARTESIAN_POINT('Ctrl Pts',(4.58177904734227,7.54360243498082,1.5));
#6355=CARTESIAN_POINT('Ctrl Pts',(4.59824000963781,7.570875479567,1.5));
#6356=CARTESIAN_POINT('Ctrl Pts',(4.59684595713231,7.39892618833776,1.49));
#6357=CARTESIAN_POINT('Ctrl Pts',(4.59684595713231,7.39892618833776,1.5));
#6358=CARTESIAN_POINT('Ctrl Pts',(4.5966400588474,7.39860886274571,1.49));
#6359=CARTESIAN_POINT('Ctrl Pts',(4.5966400588474,7.39860886274571,1.5));
#6360=CARTESIAN_POINT('Ctrl Pts',(4.5827310241184,7.41373633085485,1.49));
#6361=CARTESIAN_POINT('Ctrl Pts',(4.5827310241184,7.41373633085485,1.5));
#6362=CARTESIAN_POINT('Ctrl Pts',(4.5630471480808,7.48186443983312,1.49));
#6363=CARTESIAN_POINT('Ctrl Pts',(4.5630471480808,7.48186443983312,1.5));
#6364=CARTESIAN_POINT('',(4.59684595713231,7.39892618833776,1.49));
#6365=CARTESIAN_POINT('Ctrl Pts',(4.59684595713231,7.39892618833776,1.49));
#6366=CARTESIAN_POINT('Ctrl Pts',(4.5966400588474,7.39860886274571,1.49));
#6367=CARTESIAN_POINT('Ctrl Pts',(4.5827310241184,7.41373633085485,1.49));
#6368=CARTESIAN_POINT('Ctrl Pts',(4.5630471480808,7.48186443983312,1.49));
#6369=CARTESIAN_POINT('',(4.59684595713231,7.39892618833776,1.5));
#6370=CARTESIAN_POINT('',(4.59684595713231,7.39892618833776,1.49));
#6371=CARTESIAN_POINT('Ctrl Pts',(4.59684595713231,7.39892618833776,1.5));
#6372=CARTESIAN_POINT('Ctrl Pts',(4.5966400588474,7.39860886274571,1.5));
#6373=CARTESIAN_POINT('Ctrl Pts',(4.5827310241184,7.41373633085485,1.5));
#6374=CARTESIAN_POINT('Ctrl Pts',(4.5630471480808,7.48186443983312,1.5));
#6375=CARTESIAN_POINT('Ctrl Pts',(4.59684595713231,7.39892618833776,1.49));
#6376=CARTESIAN_POINT('Ctrl Pts',(4.60707962441436,7.37949405792545,1.49));
#6377=CARTESIAN_POINT('Ctrl Pts',(4.62129335054967,7.36365217863317,1.49));
#6378=CARTESIAN_POINT('Ctrl Pts',(4.59684595713231,7.39892618833776,1.5));
#6379=CARTESIAN_POINT('Ctrl Pts',(4.60707962441436,7.37949405792545,1.5));
#6380=CARTESIAN_POINT('Ctrl Pts',(4.62129335054967,7.36365217863317,1.5));
#6381=CARTESIAN_POINT('',(4.62129335054967,7.36365217863317,1.49));
#6382=CARTESIAN_POINT('Origin',(4.71492781135982,7.47677957259943,1.49));
#6383=CARTESIAN_POINT('',(4.62129335054967,7.36365217863317,1.5));
#6384=CARTESIAN_POINT('',(4.62129335054967,7.36365217863317,1.49));
#6385=CARTESIAN_POINT('Origin',(4.71492781135982,7.47677957259943,1.5));
#6386=CARTESIAN_POINT('Ctrl Pts',(4.62932922134562,7.35514184242325,1.49));
#6387=CARTESIAN_POINT('Ctrl Pts',(4.62932922134562,7.35514184242325,1.5));
#6388=CARTESIAN_POINT('Ctrl Pts',(4.62729494403496,7.3573147734265,1.49));
#6389=CARTESIAN_POINT('Ctrl Pts',(4.62729494403496,7.3573147734265,1.5));
#6390=CARTESIAN_POINT('Ctrl Pts',(4.62527854365435,7.35950419683026,1.49));
#6391=CARTESIAN_POINT('Ctrl Pts',(4.62527854365435,7.35950419683026,1.5));
#6392=CARTESIAN_POINT('Ctrl Pts',(4.6227142848083,7.36215204919592,1.49));
#6393=CARTESIAN_POINT('Ctrl Pts',(4.6227142848083,7.36215204919592,1.5));
#6394=CARTESIAN_POINT('Ctrl Pts',(4.62192420237943,7.36296781999899,1.49));
#6395=CARTESIAN_POINT('Ctrl Pts',(4.62192420237943,7.36296781999899,1.5));
#6396=CARTESIAN_POINT('Ctrl Pts',(4.62129335054967,7.36365217863317,1.49));
#6397=CARTESIAN_POINT('Ctrl Pts',(4.62129335054967,7.36365217863317,1.5));
#6398=CARTESIAN_POINT('',(4.62932922134746,7.35514184242652,1.49));
#6399=CARTESIAN_POINT('Ctrl Pts',(4.62932922134562,7.35514184242325,1.49));
#6400=CARTESIAN_POINT('Ctrl Pts',(4.62729494403496,7.3573147734265,1.49));
#6401=CARTESIAN_POINT('Ctrl Pts',(4.62527854365435,7.35950419683026,1.49));
#6402=CARTESIAN_POINT('Ctrl Pts',(4.6227142848083,7.36215204919592,1.49));
#6403=CARTESIAN_POINT('Ctrl Pts',(4.62192420237943,7.36296781999899,1.49));
#6404=CARTESIAN_POINT('Ctrl Pts',(4.62129335054967,7.36365217863317,1.49));
#6405=CARTESIAN_POINT('',(4.62932922134746,7.35514184242652,1.5));
#6406=CARTESIAN_POINT('',(4.62932922134746,7.35514184242652,1.49));
#6407=CARTESIAN_POINT('Ctrl Pts',(4.62932922134562,7.35514184242325,1.5));
#6408=CARTESIAN_POINT('Ctrl Pts',(4.62729494403496,7.3573147734265,1.5));
#6409=CARTESIAN_POINT('Ctrl Pts',(4.62527854365435,7.35950419683026,1.5));
#6410=CARTESIAN_POINT('Ctrl Pts',(4.6227142848083,7.36215204919592,1.5));
#6411=CARTESIAN_POINT('Ctrl Pts',(4.62192420237943,7.36296781999899,1.5));
#6412=CARTESIAN_POINT('Ctrl Pts',(4.62129335054967,7.36365217863317,1.5));
#6413=CARTESIAN_POINT('Ctrl Pts',(4.6293292213493,7.3551418424298,1.49));
#6414=CARTESIAN_POINT('Ctrl Pts',(4.6662744521192,7.32020832281486,1.49));
#6415=CARTESIAN_POINT('Ctrl Pts',(4.71325600275609,7.31303511320348,1.49));
#6416=CARTESIAN_POINT('Ctrl Pts',(4.6293292213493,7.3551418424298,1.5));
#6417=CARTESIAN_POINT('Ctrl Pts',(4.6662744521192,7.32020832281486,1.5));
#6418=CARTESIAN_POINT('Ctrl Pts',(4.71325600275609,7.31303511320348,1.5));
#6419=CARTESIAN_POINT('',(4.71325600275609,7.31303511320348,1.49));
#6420=CARTESIAN_POINT('Origin',(4.76855314376791,7.60310964765839,1.49));
#6421=CARTESIAN_POINT('',(4.71325600275609,7.31303511320348,1.5));
#6422=CARTESIAN_POINT('',(4.71325600275609,7.31303511320348,1.49));
#6423=CARTESIAN_POINT('Origin',(4.76855314376791,7.60310964765839,1.5));
#6424=CARTESIAN_POINT('Ctrl Pts',(4.71410151122521,7.31295573654613,1.49));
#6425=CARTESIAN_POINT('Ctrl Pts',(4.71410151122521,7.31295573654613,1.5));
#6426=CARTESIAN_POINT('Ctrl Pts',(4.71362436432927,7.31298139127594,1.49));
#6427=CARTESIAN_POINT('Ctrl Pts',(4.71362436432927,7.31298139127594,1.5));
#6428=CARTESIAN_POINT('Ctrl Pts',(4.71343906106994,7.31300712976696,1.49));
#6429=CARTESIAN_POINT('Ctrl Pts',(4.71343906106994,7.31300712976696,1.5));
#6430=CARTESIAN_POINT('Ctrl Pts',(4.71325600275609,7.31303511320348,1.49));
#6431=CARTESIAN_POINT('Ctrl Pts',(4.71325600275609,7.31303511320348,1.5));
#6432=CARTESIAN_POINT('',(4.71410152815751,7.31295605146637,1.49));
#6433=CARTESIAN_POINT('Ctrl Pts',(4.71410151122521,7.31295573654613,1.49));
#6434=CARTESIAN_POINT('Ctrl Pts',(4.71362436432927,7.31298139127594,1.49));
#6435=CARTESIAN_POINT('Ctrl Pts',(4.71343906106994,7.31300712976697,1.49));
#6436=CARTESIAN_POINT('Ctrl Pts',(4.71325600275609,7.31303511320348,1.49));
#6437=CARTESIAN_POINT('',(4.71410152815751,7.31295605146637,1.5));
#6438=CARTESIAN_POINT('',(4.71410152815751,7.31295605146638,1.49));
#6439=CARTESIAN_POINT('Ctrl Pts',(4.71410151122521,7.31295573654613,1.5));
#6440=CARTESIAN_POINT('Ctrl Pts',(4.71362436432927,7.31298139127594,1.5));
#6441=CARTESIAN_POINT('Ctrl Pts',(4.71343906106994,7.31300712976697,1.5));
#6442=CARTESIAN_POINT('Ctrl Pts',(4.71325600275609,7.31303511320348,1.5));
#6443=CARTESIAN_POINT('Ctrl Pts',(4.72145923266027,7.31213158308263,1.49));
#6444=CARTESIAN_POINT('Ctrl Pts',(4.72145923266027,7.31213158308263,1.5));
#6445=CARTESIAN_POINT('Ctrl Pts',(4.71901631006811,7.31245133100743,1.49));
#6446=CARTESIAN_POINT('Ctrl Pts',(4.71901631006811,7.31245133100743,1.5));
#6447=CARTESIAN_POINT('Ctrl Pts',(4.71656006464574,7.31263542829747,1.49));
#6448=CARTESIAN_POINT('Ctrl Pts',(4.71656006464574,7.31263542829747,1.5));
#6449=CARTESIAN_POINT('Ctrl Pts',(4.71415832171056,7.31295275388952,1.49));
#6450=CARTESIAN_POINT('Ctrl Pts',(4.71415832171056,7.31295275388952,1.5));
#6451=CARTESIAN_POINT('',(4.72145923266027,7.31213158308263,1.49));
#6452=CARTESIAN_POINT('Ctrl Pts',(4.72145923266027,7.31213158308263,1.49));
#6453=CARTESIAN_POINT('Ctrl Pts',(4.71901631006811,7.31245133100743,1.49));
#6454=CARTESIAN_POINT('Ctrl Pts',(4.71656006464574,7.31263542829747,1.49));
#6455=CARTESIAN_POINT('Ctrl Pts',(4.71415832171056,7.31295275388952,1.49));
#6456=CARTESIAN_POINT('',(4.72145923266027,7.31213158308263,1.5));
#6457=CARTESIAN_POINT('',(4.72145923266027,7.31213158308263,1.49));
#6458=CARTESIAN_POINT('Ctrl Pts',(4.72145923266027,7.31213158308263,1.5));
#6459=CARTESIAN_POINT('Ctrl Pts',(4.71901631006811,7.31245133100743,1.5));
#6460=CARTESIAN_POINT('Ctrl Pts',(4.71656006464574,7.31263542829747,1.5));
#6461=CARTESIAN_POINT('Ctrl Pts',(4.71415832171056,7.31295275388952,1.5));
#6462=CARTESIAN_POINT('Ctrl Pts',(4.72545425221298,7.31164122713003,1.49));
#6463=CARTESIAN_POINT('Ctrl Pts',(4.72545425221298,7.31164122713003,1.5));
#6464=CARTESIAN_POINT('Ctrl Pts',(4.72383445776083,7.3117319587998,1.49));
#6465=CARTESIAN_POINT('Ctrl Pts',(4.72383445776083,7.3117319587998,1.5));
#6466=CARTESIAN_POINT('Ctrl Pts',(4.72266063249877,7.31197493114782,1.49));
#6467=CARTESIAN_POINT('Ctrl Pts',(4.72266063249877,7.31197493114782,1.5));
#6468=CARTESIAN_POINT('Ctrl Pts',(4.72145923266027,7.31213158308263,1.49));
#6469=CARTESIAN_POINT('Ctrl Pts',(4.72145923266027,7.31213158308263,1.5));
#6470=CARTESIAN_POINT('',(4.72545425673409,7.31164130614594,1.49));
#6471=CARTESIAN_POINT('Ctrl Pts',(4.72545425221298,7.31164122713003,1.49));
#6472=CARTESIAN_POINT('Ctrl Pts',(4.72383445776083,7.3117319587998,1.49));
#6473=CARTESIAN_POINT('Ctrl Pts',(4.72266063249877,7.31197493114782,1.49));
#6474=CARTESIAN_POINT('Ctrl Pts',(4.72145923266027,7.31213158308263,1.49));
#6475=CARTESIAN_POINT('',(4.72545538440469,7.31164051933695,1.5));
#6476=CARTESIAN_POINT('',(4.72545425374031,7.31164125439695,1.49));
#6477=CARTESIAN_POINT('Ctrl Pts',(4.72545425221298,7.31164122713003,1.5));
#6478=CARTESIAN_POINT('Ctrl Pts',(4.72383445776083,7.3117319587998,1.5));
#6479=CARTESIAN_POINT('Ctrl Pts',(4.72266063249877,7.31197493114782,1.5));
#6480=CARTESIAN_POINT('Ctrl Pts',(4.72145923266027,7.31213158308263,1.5));
#6481=CARTESIAN_POINT('Ctrl Pts',(4.72545412345106,7.31164139337898,1.49));
#6482=CARTESIAN_POINT('Ctrl Pts',(4.73076248674565,7.31131283010757,1.49));
#6483=CARTESIAN_POINT('Ctrl Pts',(4.73573403963659,7.31131283460851,1.49));
#6484=CARTESIAN_POINT('Ctrl Pts',(4.72545412345106,7.31164139337898,1.5));
#6485=CARTESIAN_POINT('Ctrl Pts',(4.73076248674565,7.31131283010757,1.5));
#6486=CARTESIAN_POINT('Ctrl Pts',(4.73573403963659,7.31131283460851,1.5));
#6487=CARTESIAN_POINT('',(4.73573403963659,7.31131283460851,1.49));
#6488=CARTESIAN_POINT('Origin',(4.67227064315013,7.3683732253396,1.49));
#6489=CARTESIAN_POINT('',(4.73573403963659,7.31131283460851,1.5));
#6490=CARTESIAN_POINT('',(4.73573403963659,7.31131283460851,1.49));
#6491=CARTESIAN_POINT('Origin',(4.67227064315013,7.3683732253396,1.5));
#6492=CARTESIAN_POINT('Ctrl Pts',(4.87339157709691,7.39531691251989,1.49));
#6493=CARTESIAN_POINT('Ctrl Pts',(4.87339157709691,7.39531691251989,1.5));
#6494=CARTESIAN_POINT('Ctrl Pts',(4.84600468287084,7.34618715940709,1.49));
#6495=CARTESIAN_POINT('Ctrl Pts',(4.84600468287084,7.34618715940709,1.5));
#6496=CARTESIAN_POINT('Ctrl Pts',(4.79632748255346,7.31131283460851,1.49));
#6497=CARTESIAN_POINT('Ctrl Pts',(4.79632748255346,7.31131283460851,1.5));
#6498=CARTESIAN_POINT('Ctrl Pts',(4.73573403963659,7.31131283460851,1.49));
#6499=CARTESIAN_POINT('Ctrl Pts',(4.73573403963659,7.31131283460851,1.5));
#6500=CARTESIAN_POINT('',(4.87339157709691,7.39531691251989,1.49));
#6501=CARTESIAN_POINT('Ctrl Pts',(4.87339157709691,7.39531691251989,1.49));
#6502=CARTESIAN_POINT('Ctrl Pts',(4.84600468287084,7.34618715940709,1.49));
#6503=CARTESIAN_POINT('Ctrl Pts',(4.79632748255346,7.31131283460851,1.49));
#6504=CARTESIAN_POINT('Ctrl Pts',(4.73573403963659,7.31131283460851,1.49));
#6505=CARTESIAN_POINT('',(4.87339157709691,7.39531691251989,1.5));
#6506=CARTESIAN_POINT('',(4.87339157709691,7.39531691251989,1.49));
#6507=CARTESIAN_POINT('Ctrl Pts',(4.87339157709691,7.39531691251989,1.5));
#6508=CARTESIAN_POINT('Ctrl Pts',(4.84600468287084,7.34618715940709,1.5));
#6509=CARTESIAN_POINT('Ctrl Pts',(4.79632748255346,7.31131283460851,1.5));
#6510=CARTESIAN_POINT('Ctrl Pts',(4.73573403963659,7.31131283460851,1.5));
#6511=CARTESIAN_POINT('Origin',(4.99685545572851,7.39531691251989,1.49));
#6512=CARTESIAN_POINT('',(4.99685545572851,7.39531691251989,1.49));
#6513=CARTESIAN_POINT('',(4.99685545572851,7.39531691251989,1.49));
#6514=CARTESIAN_POINT('',(4.99685545572851,7.39531691251989,1.5));
#6515=CARTESIAN_POINT('',(4.99685545572851,7.39531691251989,1.49));
#6516=CARTESIAN_POINT('',(4.99685545572851,7.39531691251989,1.5));
#6517=CARTESIAN_POINT('Ctrl Pts',(4.77530695482172,7.21081748396541,1.49));
#6518=CARTESIAN_POINT('Ctrl Pts',(4.77530695482172,7.21081748396541,1.5));
#6519=CARTESIAN_POINT('Ctrl Pts',(4.80768130523143,7.21499375934394,1.49));
#6520=CARTESIAN_POINT('Ctrl Pts',(4.80768130523143,7.21499375934394,1.5));
#6521=CARTESIAN_POINT('Ctrl Pts',(4.83894780961103,7.22452048514698,1.49));
#6522=CARTESIAN_POINT('Ctrl Pts',(4.83894780961103,7.22452048514698,1.5));
#6523=CARTESIAN_POINT('Ctrl Pts',(4.89805164234945,7.25541956865969,1.49));
#6524=CARTESIAN_POINT('Ctrl Pts',(4.89805164234945,7.25541956865969,1.5));
#6525=CARTESIAN_POINT('Ctrl Pts',(4.92470464895961,7.27679065590536,1.49));
#6526=CARTESIAN_POINT('Ctrl Pts',(4.92470464895961,7.27679065590536,1.5));
#6527=CARTESIAN_POINT('Ctrl Pts',(4.96938589717355,7.33001964231598,1.49));
#6528=CARTESIAN_POINT('Ctrl Pts',(4.96938589717355,7.33001964231598,1.5));
#6529=CARTESIAN_POINT('Ctrl Pts',(4.98627444540119,7.36140519511116,1.49));
#6530=CARTESIAN_POINT('Ctrl Pts',(4.98627444540119,7.36140519511116,1.5));
#6531=CARTESIAN_POINT('Ctrl Pts',(4.99685545572851,7.39531691251989,1.49));
#6532=CARTESIAN_POINT('Ctrl Pts',(4.99685545572851,7.39531691251989,1.5));
#6533=CARTESIAN_POINT('',(4.77530695482172,7.21081748396541,1.49));
#6534=CARTESIAN_POINT('Ctrl Pts',(4.77530695482172,7.21081748396541,1.49));
#6535=CARTESIAN_POINT('Ctrl Pts',(4.80768130523143,7.21499375934394,1.49));
#6536=CARTESIAN_POINT('Ctrl Pts',(4.83894780961103,7.22452048514698,1.49));
#6537=CARTESIAN_POINT('Ctrl Pts',(4.86788045792812,7.23964627775929,1.49));
#6538=CARTESIAN_POINT('Ctrl Pts',(4.89805164234945,7.25541956865969,1.49));
#6539=CARTESIAN_POINT('Ctrl Pts',(4.92470464895961,7.27679065590536,1.49));
#6540=CARTESIAN_POINT('Ctrl Pts',(4.9465812533475,7.30285236018225,1.49));
#6541=CARTESIAN_POINT('Ctrl Pts',(4.96938589717355,7.33001964231598,1.49));
#6542=CARTESIAN_POINT('Ctrl Pts',(4.98627444540119,7.36140519511116,1.49));
#6543=CARTESIAN_POINT('Ctrl Pts',(4.99685545572851,7.39531691251989,1.49));
#6544=CARTESIAN_POINT('',(4.77530695482172,7.21081748396541,1.5));
#6545=CARTESIAN_POINT('',(4.77530695482172,7.21081748396541,1.49));
#6546=CARTESIAN_POINT('Ctrl Pts',(4.77530695482172,7.21081748396541,1.5));
#6547=CARTESIAN_POINT('Ctrl Pts',(4.80768130523143,7.21499375934394,1.5));
#6548=CARTESIAN_POINT('Ctrl Pts',(4.83894780961103,7.22452048514698,1.5));
#6549=CARTESIAN_POINT('Ctrl Pts',(4.86788045792812,7.23964627775929,1.5));
#6550=CARTESIAN_POINT('Ctrl Pts',(4.89805164234945,7.25541956865969,1.5));
#6551=CARTESIAN_POINT('Ctrl Pts',(4.92470464895961,7.27679065590536,1.5));
#6552=CARTESIAN_POINT('Ctrl Pts',(4.9465812533475,7.30285236018225,1.5));
#6553=CARTESIAN_POINT('Ctrl Pts',(4.96938589717355,7.33001964231598,1.5));
#6554=CARTESIAN_POINT('Ctrl Pts',(4.98627444540119,7.36140519511116,1.5));
#6555=CARTESIAN_POINT('Ctrl Pts',(4.99685545572851,7.39531691251989,1.5));
#6556=CARTESIAN_POINT('Ctrl Pts',(4.53482697138402,7.29359347044225,1.49));
#6557=CARTESIAN_POINT('Ctrl Pts',(4.62770328055994,7.19259383501522,1.49));
#6558=CARTESIAN_POINT('Ctrl Pts',(4.77530695482172,7.21081748396541,1.49));
#6559=CARTESIAN_POINT('Ctrl Pts',(4.53482697138402,7.29359347044225,1.5));
#6560=CARTESIAN_POINT('Ctrl Pts',(4.62770328055994,7.19259383501522,1.5));
#6561=CARTESIAN_POINT('Ctrl Pts',(4.77530695482172,7.21081748396541,1.5));
#6562=CARTESIAN_POINT('',(4.53482697138402,7.29359347044225,1.49));
#6563=CARTESIAN_POINT('Origin',(4.78618186796878,7.53783862552723,1.49));
#6564=CARTESIAN_POINT('',(4.53482697138402,7.29359347044225,1.5));
#6565=CARTESIAN_POINT('',(4.53482697138402,7.29359347044225,1.49));
#6566=CARTESIAN_POINT('Origin',(4.78618186796878,7.53783862552723,1.5));
#6567=CARTESIAN_POINT('Origin',(4.71881883775431,7.46662729280423,1.49));
#6568=CARTESIAN_POINT('',(4.50553975710485,7.33132857023473,1.49));
#6569=CARTESIAN_POINT('Origin',(4.71881883775431,7.46662729280423,1.49));
#6570=CARTESIAN_POINT('',(4.50553975710485,7.33132857023473,1.5));
#6571=CARTESIAN_POINT('',(4.50553975710485,7.33132857023473,1.49));
#6572=CARTESIAN_POINT('Origin',(4.71881883775431,7.46662729280423,1.5));
#6573=CARTESIAN_POINT('Ctrl Pts',(4.47728422860101,7.29454075635275,1.49));
#6574=CARTESIAN_POINT('Ctrl Pts',(4.47728422860101,7.29454075635275,1.5));
#6575=CARTESIAN_POINT('Ctrl Pts',(4.48791598935685,7.30615592418201,1.49));
#6576=CARTESIAN_POINT('Ctrl Pts',(4.48791598935685,7.30615592418201,1.5));
#6577=CARTESIAN_POINT('Ctrl Pts',(4.49730935057845,7.31834012534913,1.49));
#6578=CARTESIAN_POINT('Ctrl Pts',(4.49730935057845,7.31834012534913,1.5));
#6579=CARTESIAN_POINT('Ctrl Pts',(4.50553975710485,7.33132857023473,1.49));
#6580=CARTESIAN_POINT('Ctrl Pts',(4.50553975710485,7.33132857023473,1.5));
#6581=CARTESIAN_POINT('',(4.47728422860101,7.29454075635275,1.49));
#6582=CARTESIAN_POINT('Ctrl Pts',(4.47728422860101,7.29454075635275,1.49));
#6583=CARTESIAN_POINT('Ctrl Pts',(4.48791598935685,7.30615592418201,1.49));
#6584=CARTESIAN_POINT('Ctrl Pts',(4.49730935057845,7.31834012534913,1.49));
#6585=CARTESIAN_POINT('Ctrl Pts',(4.50553975710485,7.33132857023473,1.49));
#6586=CARTESIAN_POINT('',(4.47728422860101,7.29454075635275,1.5));
#6587=CARTESIAN_POINT('',(4.47728422860101,7.29454075635275,1.49));
#6588=CARTESIAN_POINT('Ctrl Pts',(4.47728422860101,7.29454075635275,1.5));
#6589=CARTESIAN_POINT('Ctrl Pts',(4.48791598935685,7.30615592418201,1.5));
#6590=CARTESIAN_POINT('Ctrl Pts',(4.49730935057845,7.31834012534913,1.5));
#6591=CARTESIAN_POINT('Ctrl Pts',(4.50553975710485,7.33132857023473,1.5));
#6592=CARTESIAN_POINT('Ctrl Pts',(4.47034568438146,7.28735596357579,1.49));
#6593=CARTESIAN_POINT('Ctrl Pts',(4.47034568438146,7.28735596357579,1.5));
#6594=CARTESIAN_POINT('Ctrl Pts',(4.4727669788433,7.28964138683762,1.49));
#6595=CARTESIAN_POINT('Ctrl Pts',(4.4727669788433,7.28964138683762,1.5));
#6596=CARTESIAN_POINT('Ctrl Pts',(4.47497183223512,7.29214371883147,1.49));
#6597=CARTESIAN_POINT('Ctrl Pts',(4.47497183223512,7.29214371883147,1.5));
#6598=CARTESIAN_POINT('Ctrl Pts',(4.47728422860101,7.29454075635275,1.49));
#6599=CARTESIAN_POINT('Ctrl Pts',(4.47728422860101,7.29454075635275,1.5));
#6600=CARTESIAN_POINT('',(4.47034568438146,7.28735596357579,1.49));
#6601=CARTESIAN_POINT('Ctrl Pts',(4.47034568438146,7.28735596357579,1.49));
#6602=CARTESIAN_POINT('Ctrl Pts',(4.4727669788433,7.28964138683762,1.49));
#6603=CARTESIAN_POINT('Ctrl Pts',(4.47497183223512,7.29214371883147,1.49));
#6604=CARTESIAN_POINT('Ctrl Pts',(4.47728422860101,7.29454075635275,1.49));
#6605=CARTESIAN_POINT('',(4.47034568438146,7.28735596357579,1.5));
#6606=CARTESIAN_POINT('',(4.47034568438146,7.28735596357579,1.49));
#6607=CARTESIAN_POINT('Ctrl Pts',(4.47034568438146,7.28735596357579,1.5));
#6608=CARTESIAN_POINT('Ctrl Pts',(4.4727669788433,7.28964138683762,1.5));
#6609=CARTESIAN_POINT('Ctrl Pts',(4.47497183223512,7.29214371883147,1.5));
#6610=CARTESIAN_POINT('Ctrl Pts',(4.47728422860101,7.29454075635275,1.5));
#6611=CARTESIAN_POINT('Ctrl Pts',(4.35255565824039,7.2187787933793,1.49));
#6612=CARTESIAN_POINT('Ctrl Pts',(4.42153305043344,7.23796691808845,1.49));
#6613=CARTESIAN_POINT('Ctrl Pts',(4.47034568438146,7.28735596357579,1.49));
#6614=CARTESIAN_POINT('Ctrl Pts',(4.35255565824039,7.2187787933793,1.5));
#6615=CARTESIAN_POINT('Ctrl Pts',(4.42153305043344,7.23796691808845,1.5));
#6616=CARTESIAN_POINT('Ctrl Pts',(4.47034568438146,7.28735596357579,1.5));
#6617=CARTESIAN_POINT('',(4.35254863263558,7.21877682186239,1.49));
#6618=CARTESIAN_POINT('Origin',(4.19128569872223,7.58281023056051,1.49));
#6619=CARTESIAN_POINT('',(4.35255566495024,7.21877877823329,1.5));
#6620=CARTESIAN_POINT('',(4.35255566495024,7.21877877823329,1.49));
#6621=CARTESIAN_POINT('Origin',(4.19128569872223,7.58281023056051,1.5));
#6622=CARTESIAN_POINT('Ctrl Pts',(4.31238288160726,7.21074685560695,1.49));
#6623=CARTESIAN_POINT('Ctrl Pts',(4.31238288160726,7.21074685560695,1.5));
#6624=CARTESIAN_POINT('Ctrl Pts',(4.31959001608222,7.21176695552075,1.49));
#6625=CARTESIAN_POINT('Ctrl Pts',(4.31959001608222,7.21176695552075,1.5));
#6626=CARTESIAN_POINT('Ctrl Pts',(4.3212717813218,7.21203146443951,1.49));
#6627=CARTESIAN_POINT('Ctrl Pts',(4.3212717813218,7.21203146443951,1.5));
#6628=CARTESIAN_POINT('Ctrl Pts',(4.33313779046003,7.21398152158524,1.49));
#6629=CARTESIAN_POINT('Ctrl Pts',(4.33313779046003,7.21398152158524,1.5));
#6630=CARTESIAN_POINT('Ctrl Pts',(4.34289419724183,7.21611695528727,1.49));
#6631=CARTESIAN_POINT('Ctrl Pts',(4.34289419724183,7.21611695528727,1.5));
#6632=CARTESIAN_POINT('Ctrl Pts',(4.35254158625219,7.21877487837071,1.49));
#6633=CARTESIAN_POINT('Ctrl Pts',(4.35254158625219,7.21877487837071,1.5));
#6634=CARTESIAN_POINT('',(4.31238288160726,7.21074685560695,1.49));
#6635=CARTESIAN_POINT('Ctrl Pts',(4.31238288160726,7.21074685560695,1.49));
#6636=CARTESIAN_POINT('Ctrl Pts',(4.31959001608222,7.21176695552075,1.49));
#6637=CARTESIAN_POINT('Ctrl Pts',(4.3212717813218,7.21203146443951,1.49));
#6638=CARTESIAN_POINT('Ctrl Pts',(4.32326362739142,7.21235880395325,1.49));
#6639=CARTESIAN_POINT('Ctrl Pts',(4.33313779046003,7.21398152158524,1.49));
#6640=CARTESIAN_POINT('Ctrl Pts',(4.34289419724183,7.21611695528727,1.49));
#6641=CARTESIAN_POINT('Ctrl Pts',(4.35254158625219,7.21877487837071,1.49));
#6642=CARTESIAN_POINT('',(4.31238288160726,7.21074685560695,1.5));
#6643=CARTESIAN_POINT('',(4.31238288160726,7.21074685560695,1.49));
#6644=CARTESIAN_POINT('Ctrl Pts',(4.31238288160726,7.21074685560695,1.5));
#6645=CARTESIAN_POINT('Ctrl Pts',(4.31959001608222,7.21176695552075,1.5));
#6646=CARTESIAN_POINT('Ctrl Pts',(4.3212717813218,7.21203146443951,1.5));
#6647=CARTESIAN_POINT('Ctrl Pts',(4.32326362739142,7.21235880395325,1.5));
#6648=CARTESIAN_POINT('Ctrl Pts',(4.33313779046003,7.21398152158524,1.5));
#6649=CARTESIAN_POINT('Ctrl Pts',(4.34289419724183,7.21611695528727,1.5));
#6650=CARTESIAN_POINT('Ctrl Pts',(4.35254158625219,7.21877487837071,1.5));
#6651=CARTESIAN_POINT('Ctrl Pts',(4.26844902782029,7.20834331786122,1.49));
#6652=CARTESIAN_POINT('Ctrl Pts',(4.26844902782029,7.20834331786122,1.5));
#6653=CARTESIAN_POINT('Ctrl Pts',(4.28377801901148,7.20850109454766,1.49));
#6654=CARTESIAN_POINT('Ctrl Pts',(4.28377801901148,7.20850109454766,1.5));
#6655=CARTESIAN_POINT('Ctrl Pts',(4.28775482954607,7.20865998924935,1.49));
#6656=CARTESIAN_POINT('Ctrl Pts',(4.28775482954607,7.20865998924935,1.5));
#6657=CARTESIAN_POINT('Ctrl Pts',(4.30190997569298,7.20945838714641,1.49));
#6658=CARTESIAN_POINT('Ctrl Pts',(4.30190997569298,7.20945838714641,1.5));
#6659=CARTESIAN_POINT('Ctrl Pts',(4.30868858255137,7.21029235063419,1.49));
#6660=CARTESIAN_POINT('Ctrl Pts',(4.30868858255137,7.21029235063419,1.5));
#6661=CARTESIAN_POINT('Ctrl Pts',(4.31238288160726,7.21074685560695,1.49));
#6662=CARTESIAN_POINT('Ctrl Pts',(4.31238288160726,7.21074685560695,1.5));
#6663=CARTESIAN_POINT('',(4.26844902782031,7.20834331786122,1.49));
#6664=CARTESIAN_POINT('Ctrl Pts',(4.26844902782029,7.20834331786122,1.49));
#6665=CARTESIAN_POINT('Ctrl Pts',(4.28377801901148,7.20850109454766,1.49));
#6666=CARTESIAN_POINT('Ctrl Pts',(4.28775482954607,7.20865998924935,1.49));
#6667=CARTESIAN_POINT('Ctrl Pts',(4.29239431401712,7.20892167179269,1.49));
#6668=CARTESIAN_POINT('Ctrl Pts',(4.30190997569298,7.20945838714641,1.49));
#6669=CARTESIAN_POINT('Ctrl Pts',(4.30868858255137,7.21029235063419,1.49));
#6670=CARTESIAN_POINT('Ctrl Pts',(4.31238288160726,7.21074685560695,1.49));
#6671=CARTESIAN_POINT('',(4.26844902782031,7.20834331786122,1.5));
#6672=CARTESIAN_POINT('',(4.26844902782031,7.20834331786122,1.49));
#6673=CARTESIAN_POINT('Ctrl Pts',(4.26844902782029,7.20834331786122,1.5));
#6674=CARTESIAN_POINT('Ctrl Pts',(4.28377801901148,7.20850109454766,1.5));
#6675=CARTESIAN_POINT('Ctrl Pts',(4.28775482954607,7.20865998924935,1.5));
#6676=CARTESIAN_POINT('Ctrl Pts',(4.29239431401712,7.20892167179269,1.5));
#6677=CARTESIAN_POINT('Ctrl Pts',(4.30190997569298,7.20945838714641,1.5));
#6678=CARTESIAN_POINT('Ctrl Pts',(4.30868858255137,7.21029235063419,1.5));
#6679=CARTESIAN_POINT('Ctrl Pts',(4.31238288160726,7.21074685560695,1.5));
#6680=CARTESIAN_POINT('Ctrl Pts',(4.00109864840123,7.48350678144689,1.49));
#6681=CARTESIAN_POINT('Ctrl Pts',(4.00109864840123,7.48350678144689,1.5));
#6682=CARTESIAN_POINT('Ctrl Pts',(4.00109864840123,7.46314087002189,1.49));
#6683=CARTESIAN_POINT('Ctrl Pts',(4.00109864840123,7.46314087002189,1.5));
#6684=CARTESIAN_POINT('Ctrl Pts',(4.00306197171306,7.4428506873431,1.49));
#6685=CARTESIAN_POINT('Ctrl Pts',(4.00306197171306,7.4428506873431,1.5));
#6686=CARTESIAN_POINT('Ctrl Pts',(4.01104674280508,7.40389057056735,1.49));
#6687=CARTESIAN_POINT('Ctrl Pts',(4.01104674280508,7.40389057056735,1.5));
#6688=CARTESIAN_POINT('Ctrl Pts',(4.01684552874274,7.38534368873683,1.49));
#6689=CARTESIAN_POINT('Ctrl Pts',(4.01684552874274,7.38534368873683,1.5));
#6690=CARTESIAN_POINT('Ctrl Pts',(4.03817948576791,7.33629728808643,1.49));
#6691=CARTESIAN_POINT('Ctrl Pts',(4.03817948576791,7.33629728808643,1.5));
#6692=CARTESIAN_POINT('Ctrl Pts',(4.05746559560417,7.30805050850443,1.49));
#6693=CARTESIAN_POINT('Ctrl Pts',(4.05746559560417,7.30805050850443,1.5));
#6694=CARTESIAN_POINT('Ctrl Pts',(4.10636601095678,7.26022702700169,1.49));
#6695=CARTESIAN_POINT('Ctrl Pts',(4.10636601095678,7.26022702700169,1.5));
#6696=CARTESIAN_POINT('Ctrl Pts',(4.1353015742657,7.24147971766216,1.49));
#6697=CARTESIAN_POINT('Ctrl Pts',(4.1353015742657,7.24147971766216,1.5));
#6698=CARTESIAN_POINT('Ctrl Pts',(4.20170289017922,7.21476906045097,1.49));
#6699=CARTESIAN_POINT('Ctrl Pts',(4.20170289017922,7.21476906045097,1.5));
#6700=CARTESIAN_POINT('Ctrl Pts',(4.23231751356191,7.21008342037312,1.49));
#6701=CARTESIAN_POINT('Ctrl Pts',(4.23231751356191,7.21008342037312,1.5));
#6702=CARTESIAN_POINT('Ctrl Pts',(4.26844902782031,7.20834331786123,1.49));
#6703=CARTESIAN_POINT('Ctrl Pts',(4.26844902782031,7.20834331786123,1.5));
#6704=CARTESIAN_POINT('',(4.00109864840123,7.48350678144689,1.49));
#6705=CARTESIAN_POINT('Ctrl Pts',(4.00109864840123,7.48350678144689,1.49));
#6706=CARTESIAN_POINT('Ctrl Pts',(4.00109864840123,7.46314087002189,1.49));
#6707=CARTESIAN_POINT('Ctrl Pts',(4.00306197171306,7.4428506873431,1.49));
#6708=CARTESIAN_POINT('Ctrl Pts',(4.01104674280508,7.40389057056735,1.49));
#6709=CARTESIAN_POINT('Ctrl Pts',(4.01684552874274,7.38534368873683,1.49));
#6710=CARTESIAN_POINT('Ctrl Pts',(4.03817948576791,7.33629728808643,1.49));
#6711=CARTESIAN_POINT('Ctrl Pts',(4.05746559560417,7.30805050850443,1.49));
#6712=CARTESIAN_POINT('Ctrl Pts',(4.10636601095678,7.26022702700169,1.49));
#6713=CARTESIAN_POINT('Ctrl Pts',(4.1353015742657,7.24147971766216,1.49));
#6714=CARTESIAN_POINT('Ctrl Pts',(4.20170289017922,7.21476906045097,1.49));
#6715=CARTESIAN_POINT('Ctrl Pts',(4.23231751356191,7.21008342037312,1.49));
#6716=CARTESIAN_POINT('Ctrl Pts',(4.26844902782031,7.20834331786123,1.49));
#6717=CARTESIAN_POINT('',(4.00109864840123,7.48350678144689,1.5));
#6718=CARTESIAN_POINT('',(4.00109864840123,7.48350678144689,1.49));
#6719=CARTESIAN_POINT('Ctrl Pts',(4.00109864840123,7.48350678144689,1.5));
#6720=CARTESIAN_POINT('Ctrl Pts',(4.00109864840123,7.46314087002189,1.5));
#6721=CARTESIAN_POINT('Ctrl Pts',(4.00306197171306,7.4428506873431,1.5));
#6722=CARTESIAN_POINT('Ctrl Pts',(4.01104674280508,7.40389057056735,1.5));
#6723=CARTESIAN_POINT('Ctrl Pts',(4.01684552874274,7.38534368873683,1.5));
#6724=CARTESIAN_POINT('Ctrl Pts',(4.03817948576791,7.33629728808643,1.5));
#6725=CARTESIAN_POINT('Ctrl Pts',(4.05746559560417,7.30805050850443,1.5));
#6726=CARTESIAN_POINT('Ctrl Pts',(4.10636601095678,7.26022702700169,1.5));
#6727=CARTESIAN_POINT('Ctrl Pts',(4.1353015742657,7.24147971766216,1.5));
#6728=CARTESIAN_POINT('Ctrl Pts',(4.20170289017922,7.21476906045097,1.5));
#6729=CARTESIAN_POINT('Ctrl Pts',(4.23231751356191,7.21008342037312,1.5));
#6730=CARTESIAN_POINT('Ctrl Pts',(4.26844902782031,7.20834331786123,1.5));
#6731=CARTESIAN_POINT('Ctrl Pts',(4.03333868631933,7.61583155332799,1.49));
#6732=CARTESIAN_POINT('Ctrl Pts',(4.00109282842067,7.55491043795879,1.49));
#6733=CARTESIAN_POINT('Ctrl Pts',(4.00109864840123,7.48350678144689,1.49));
#6734=CARTESIAN_POINT('Ctrl Pts',(4.03333868631933,7.61583155332799,1.5));
#6735=CARTESIAN_POINT('Ctrl Pts',(4.00109282842067,7.55491043795879,1.5));
#6736=CARTESIAN_POINT('Ctrl Pts',(4.00109864840123,7.48350678144689,1.5));
#6737=CARTESIAN_POINT('',(4.03333868631933,7.61583155332799,1.49));
#6738=CARTESIAN_POINT('Origin',(4.35590918037851,7.43958691831341,1.49));
#6739=CARTESIAN_POINT('',(4.03333868631933,7.61583155332799,1.5));
#6740=CARTESIAN_POINT('',(4.03333868631933,7.61583155332799,1.49));
#6741=CARTESIAN_POINT('Origin',(4.35590918037851,7.43958691831341,1.5));
#6742=CARTESIAN_POINT('Ctrl Pts',(4.0336669124088,7.61656794248815,1.49));
#6743=CARTESIAN_POINT('Ctrl Pts',(4.0336669124088,7.61656794248815,1.5));
#6744=CARTESIAN_POINT('Ctrl Pts',(4.03354216227147,7.61641049085851,1.49));
#6745=CARTESIAN_POINT('Ctrl Pts',(4.03354216227147,7.61641049085851,1.5));
#6746=CARTESIAN_POINT('Ctrl Pts',(4.03346585878942,7.61614887892003,1.49));
#6747=CARTESIAN_POINT('Ctrl Pts',(4.03346585878942,7.61614887892003,1.5));
#6748=CARTESIAN_POINT('Ctrl Pts',(4.03333868631933,7.61583155332799,1.49));
#6749=CARTESIAN_POINT('Ctrl Pts',(4.03333868631933,7.61583155332799,1.5));
#6750=CARTESIAN_POINT('',(4.0336669124088,7.61656794248815,1.49));
#6751=CARTESIAN_POINT('Ctrl Pts',(4.0336669124088,7.61656794248815,1.49));
#6752=CARTESIAN_POINT('Ctrl Pts',(4.03354216227147,7.61641049085851,1.49));
#6753=CARTESIAN_POINT('Ctrl Pts',(4.03346585878942,7.61614887892003,1.49));
#6754=CARTESIAN_POINT('Ctrl Pts',(4.03333868631933,7.61583155332799,1.49));
#6755=CARTESIAN_POINT('',(4.0336669124088,7.61656794248815,1.5));
#6756=CARTESIAN_POINT('',(4.0336669124088,7.61656794248815,1.49));
#6757=CARTESIAN_POINT('Ctrl Pts',(4.0336669124088,7.61656794248815,1.5));
#6758=CARTESIAN_POINT('Ctrl Pts',(4.03354216227147,7.61641049085851,1.5));
#6759=CARTESIAN_POINT('Ctrl Pts',(4.03346585878942,7.61614887892003,1.5));
#6760=CARTESIAN_POINT('Ctrl Pts',(4.03333868631933,7.61583155332799,1.5));
#6761=CARTESIAN_POINT('Ctrl Pts',(4.27071176012345,7.75828428176342,1.49));
#6762=CARTESIAN_POINT('Ctrl Pts',(4.10688989496826,7.7568511787517,1.49));
#6763=CARTESIAN_POINT('Ctrl Pts',(4.0336669124088,7.61656794248815,1.49));
#6764=CARTESIAN_POINT('Ctrl Pts',(4.27071176012345,7.75828428176342,1.5));
#6765=CARTESIAN_POINT('Ctrl Pts',(4.10688989496826,7.7568511787517,1.5));
#6766=CARTESIAN_POINT('Ctrl Pts',(4.0336669124088,7.61656794248815,1.5));
#6767=CARTESIAN_POINT('',(4.27071176012345,7.75828428176342,1.49));
#6768=CARTESIAN_POINT('Origin',(4.3066302096346,7.45073295176496,1.49));
#6769=CARTESIAN_POINT('',(4.27071176012345,7.75828428176342,1.5));
#6770=CARTESIAN_POINT('',(4.27071176012345,7.75828428176342,1.49));
#6771=CARTESIAN_POINT('Origin',(4.3066302096346,7.45073295176496,1.5));
#6772=CARTESIAN_POINT('Origin',(4.27801405438964,7.47450350921121,1.49));
#6773=CARTESIAN_POINT('',(4.45620526690832,7.69548482550968,1.49));
#6774=CARTESIAN_POINT('Origin',(4.27801405438964,7.47450350921121,1.49));
#6775=CARTESIAN_POINT('',(4.45620526690832,7.69548482550968,1.5));
#6776=CARTESIAN_POINT('',(4.45620526690832,7.69548482550968,1.49));
#6777=CARTESIAN_POINT('Origin',(4.27801405438964,7.47450350921121,1.5));
#6778=CARTESIAN_POINT('Ctrl Pts',(4.50545739779088,7.63388035475011,1.49));
#6779=CARTESIAN_POINT('Ctrl Pts',(4.50545739779088,7.63388035475011,1.5));
#6780=CARTESIAN_POINT('Ctrl Pts',(4.49099066269403,7.6571950608331,1.49));
#6781=CARTESIAN_POINT('Ctrl Pts',(4.49099066269403,7.6571950608331,1.5));
#6782=CARTESIAN_POINT('Ctrl Pts',(4.48530985908994,7.66471002280648,1.49));
#6783=CARTESIAN_POINT('Ctrl Pts',(4.48530985908994,7.66471002280648,1.5));
#6784=CARTESIAN_POINT('Ctrl Pts',(4.4562052669085,7.6954848255095,1.49));
#6785=CARTESIAN_POINT('Ctrl Pts',(4.4562052669085,7.6954848255095,1.5));
#6786=CARTESIAN_POINT('',(4.50545739779088,7.63388035475011,1.49));
#6787=CARTESIAN_POINT('Ctrl Pts',(4.50545739779088,7.63388035475011,1.49));
#6788=CARTESIAN_POINT('Ctrl Pts',(4.49099066269403,7.6571950608331,1.49));
#6789=CARTESIAN_POINT('Ctrl Pts',(4.48530985908994,7.66471002280648,1.49));
#6790=CARTESIAN_POINT('Ctrl Pts',(4.4562052669085,7.6954848255095,1.49));
#6791=CARTESIAN_POINT('',(4.50545739779088,7.63388035475011,1.5));
#6792=CARTESIAN_POINT('',(4.50545739779088,7.63388035475011,1.49));
#6793=CARTESIAN_POINT('Ctrl Pts',(4.50545739779088,7.63388035475011,1.5));
#6794=CARTESIAN_POINT('Ctrl Pts',(4.49099066269403,7.6571950608331,1.5));
#6795=CARTESIAN_POINT('Ctrl Pts',(4.48530985908994,7.66471002280648,1.5));
#6796=CARTESIAN_POINT('Ctrl Pts',(4.4562052669085,7.6954848255095,1.5));
#6797=CARTESIAN_POINT('Ctrl Pts',(4.53384229311559,7.67350245176549,1.49));
#6798=CARTESIAN_POINT('Ctrl Pts',(4.53384229311559,7.67350245176549,1.5));
#6799=CARTESIAN_POINT('Ctrl Pts',(4.52807835230443,7.6669137066483,1.49));
#6800=CARTESIAN_POINT('Ctrl Pts',(4.52807835230443,7.6669137066483,1.5));
#6801=CARTESIAN_POINT('Ctrl Pts',(4.52433948168371,7.66430969892736,1.49));
#6802=CARTESIAN_POINT('Ctrl Pts',(4.52433948168371,7.66430969892736,1.5));
#6803=CARTESIAN_POINT('Ctrl Pts',(4.50545739779088,7.63388035475011,1.49));
#6804=CARTESIAN_POINT('Ctrl Pts',(4.50545739779088,7.63388035475011,1.5));
#6805=CARTESIAN_POINT('',(4.53384229311559,7.67350245176549,1.49));
#6806=CARTESIAN_POINT('Ctrl Pts',(4.53384229311559,7.67350245176549,1.49));
#6807=CARTESIAN_POINT('Ctrl Pts',(4.52807835230443,7.6669137066483,1.49));
#6808=CARTESIAN_POINT('Ctrl Pts',(4.52433948168371,7.66430969892736,1.49));
#6809=CARTESIAN_POINT('Ctrl Pts',(4.50545739779088,7.63388035475011,1.49));
#6810=CARTESIAN_POINT('',(4.53384229311559,7.67350245176549,1.5));
#6811=CARTESIAN_POINT('',(4.53384229311559,7.67350245176549,1.49));
#6812=CARTESIAN_POINT('Ctrl Pts',(4.53384229311559,7.67350245176549,1.5));
#6813=CARTESIAN_POINT('Ctrl Pts',(4.52807835230443,7.6669137066483,1.5));
#6814=CARTESIAN_POINT('Ctrl Pts',(4.52433948168371,7.66430969892736,1.5));
#6815=CARTESIAN_POINT('Ctrl Pts',(4.50545739779088,7.63388035475011,1.5));
#6816=CARTESIAN_POINT('Ctrl Pts',(4.6573711400936,7.74826158461589,1.49));
#6817=CARTESIAN_POINT('Ctrl Pts',(4.58418750450601,7.72803709341602,1.49));
#6818=CARTESIAN_POINT('Ctrl Pts',(4.53384229311559,7.67350245176549,1.49));
#6819=CARTESIAN_POINT('Ctrl Pts',(4.6573711400936,7.74826158461589,1.5));
#6820=CARTESIAN_POINT('Ctrl Pts',(4.58418750450601,7.72803709341602,1.5));
#6821=CARTESIAN_POINT('Ctrl Pts',(4.53384229311559,7.67350245176549,1.5));
#6822=CARTESIAN_POINT('',(4.6573711400936,7.74826158461589,1.49));
#6823=CARTESIAN_POINT('Origin',(4.78868405198417,7.42082205747298,1.49));
#6824=CARTESIAN_POINT('',(4.6573711400936,7.74826158461589,1.5));
#6825=CARTESIAN_POINT('',(4.6573711400936,7.74826158461589,1.49));
#6826=CARTESIAN_POINT('Origin',(4.78868405198417,7.42082205747298,1.5));
#6827=CARTESIAN_POINT('Ctrl Pts',(4.98331946024511,7.60475664793248,1.49));
#6828=CARTESIAN_POINT('Ctrl Pts',(4.8890385949043,7.80740616498478,1.49));
#6829=CARTESIAN_POINT('Ctrl Pts',(4.6573711400936,7.74826158461589,1.49));
#6830=CARTESIAN_POINT('Ctrl Pts',(4.98331946024511,7.60475664793248,1.5));
#6831=CARTESIAN_POINT('Ctrl Pts',(4.8890385949043,7.80740616498478,1.5));
#6832=CARTESIAN_POINT('Ctrl Pts',(4.6573711400936,7.74826158461589,1.5));
#6833=CARTESIAN_POINT('',(4.98331946024511,7.60475664793248,1.49));
#6834=CARTESIAN_POINT('Origin',(4.69459541513539,7.43688909382284,1.49));
#6835=CARTESIAN_POINT('',(4.98331946024511,7.60475664793248,1.5));
#6836=CARTESIAN_POINT('',(4.98331946024511,7.60475664793248,1.49));
#6837=CARTESIAN_POINT('Origin',(4.69459541513539,7.43688909382284,1.5));
#6838=CARTESIAN_POINT('Ctrl Pts',(4.98331946024511,7.60475664793248,1.49));
#6839=CARTESIAN_POINT('Ctrl Pts',(4.98331946024511,7.60475664793248,1.5));
#6840=CARTESIAN_POINT('Ctrl Pts',(4.98314868578527,7.60500857053991,1.49));
#6841=CARTESIAN_POINT('Ctrl Pts',(4.98314868578527,7.60500857053991,1.5));
#6842=CARTESIAN_POINT('Ctrl Pts',(4.98324315676305,7.60491409956212,1.49));
#6843=CARTESIAN_POINT('Ctrl Pts',(4.98324315676305,7.60491409956212,1.5));
#6844=CARTESIAN_POINT('Ctrl Pts',(4.98331946024511,7.60475664793248,1.49));
#6845=CARTESIAN_POINT('Ctrl Pts',(4.98331946024511,7.60475664793248,1.5));
#6846=CARTESIAN_POINT('Ctrl Pts',(4.98331946024511,7.60475664793248,1.49));
#6847=CARTESIAN_POINT('Ctrl Pts',(4.98314868578527,7.60500857053991,1.49));
#6848=CARTESIAN_POINT('Ctrl Pts',(4.98324315676305,7.60491409956212,1.49));
#6849=CARTESIAN_POINT('Ctrl Pts',(4.98331946024511,7.60475664793248,1.49));
#6850=CARTESIAN_POINT('',(4.98331946024511,7.60475664793248,1.49));
#6851=CARTESIAN_POINT('Ctrl Pts',(4.98331946024511,7.60475664793248,1.5));
#6852=CARTESIAN_POINT('Ctrl Pts',(4.98314868578527,7.60500857053991,1.5));
#6853=CARTESIAN_POINT('Ctrl Pts',(4.98324315676305,7.60491409956212,1.5));
#6854=CARTESIAN_POINT('Ctrl Pts',(4.98331946024511,7.60475664793248,1.5));
#6855=CARTESIAN_POINT('Origin',(4.73379366153288,7.48722560576356,1.49));
#6856=CARTESIAN_POINT('',(4.99890717157933,7.5633274906754,1.49));
#6857=CARTESIAN_POINT('Origin',(4.73379366153288,7.48722560576356,1.49));
#6858=CARTESIAN_POINT('',(4.99890717157933,7.5633274906754,1.5));
#6859=CARTESIAN_POINT('',(4.99890717157933,7.5633274906754,1.49));
#6860=CARTESIAN_POINT('Origin',(4.73379366153288,7.48722560576356,1.5));
#6861=CARTESIAN_POINT('Origin',(4.87781960138891,7.5633274906754,1.49));
#6862=CARTESIAN_POINT('',(4.87781960138891,7.5633274906754,1.49));
#6863=CARTESIAN_POINT('',(4.87781960138891,7.5633274906754,1.49));
#6864=CARTESIAN_POINT('',(4.87781960138891,7.5633274906754,1.5));
#6865=CARTESIAN_POINT('',(4.87781960138891,7.5633274906754,1.49));
#6866=CARTESIAN_POINT('',(4.87781960138891,7.5633274906754,1.5));
#6867=CARTESIAN_POINT('Ctrl Pts',(4.75404034694484,7.6548250587675,1.49));
#6868=CARTESIAN_POINT('Ctrl Pts',(4.75404034694484,7.6548250587675,1.5));
#6869=CARTESIAN_POINT('Ctrl Pts',(4.80980999753288,7.64803642445704,1.49));
#6870=CARTESIAN_POINT('Ctrl Pts',(4.80980999753288,7.64803642445704,1.5));
#6871=CARTESIAN_POINT('Ctrl Pts',(4.85420562074393,7.61163799997781,1.49));
#6872=CARTESIAN_POINT('Ctrl Pts',(4.85420562074393,7.61163799997781,1.5));
#6873=CARTESIAN_POINT('Ctrl Pts',(4.87781960138891,7.5633274906754,1.49));
#6874=CARTESIAN_POINT('Ctrl Pts',(4.87781960138891,7.5633274906754,1.5));
#6875=CARTESIAN_POINT('',(4.75404034694484,7.6548250587675,1.49));
#6876=CARTESIAN_POINT('Ctrl Pts',(4.75404034694484,7.6548250587675,1.49));
#6877=CARTESIAN_POINT('Ctrl Pts',(4.80980999753288,7.64803642445704,1.49));
#6878=CARTESIAN_POINT('Ctrl Pts',(4.85420562074393,7.61163799997781,1.49));
#6879=CARTESIAN_POINT('Ctrl Pts',(4.87781960138891,7.5633274906754,1.49));
#6880=CARTESIAN_POINT('',(4.75404034694484,7.6548250587675,1.5));
#6881=CARTESIAN_POINT('',(4.75404034694484,7.6548250587675,1.49));
#6882=CARTESIAN_POINT('Ctrl Pts',(4.75404034694484,7.6548250587675,1.5));
#6883=CARTESIAN_POINT('Ctrl Pts',(4.80980999753288,7.64803642445704,1.5));
#6884=CARTESIAN_POINT('Ctrl Pts',(4.85420562074393,7.61163799997781,1.5));
#6885=CARTESIAN_POINT('Ctrl Pts',(4.87781960138891,7.5633274906754,1.5));
#6886=CARTESIAN_POINT('Ctrl Pts',(4.75404034694484,7.6548250587675,1.49));
#6887=CARTESIAN_POINT('Ctrl Pts',(4.70419360528304,7.66025501542107,1.49));
#6888=CARTESIAN_POINT('Ctrl Pts',(4.66165425905797,7.63609436689611,1.49));
#6889=CARTESIAN_POINT('Ctrl Pts',(4.75404034694484,7.6548250587675,1.5));
#6890=CARTESIAN_POINT('Ctrl Pts',(4.70419360528304,7.66025501542107,1.5));
#6891=CARTESIAN_POINT('Ctrl Pts',(4.66165425905797,7.63609436689611,1.5));
#6892=CARTESIAN_POINT('Origin',(4.76852726075704,7.3997419755423,1.49));
#6893=CARTESIAN_POINT('Origin',(4.76852726075704,7.3997419755423,1.5));
#6894=CARTESIAN_POINT('Origin',(4.50000290999029,7.48346560178991,1.5));
#6895=CARTESIAN_POINT('Origin',(4.50000290999029,7.48346560178991,1.49));
#6896=CARTESIAN_POINT('',(0.,0.,0.));
#6897=UNCERTAINTY_MEASURE_WITH_UNIT(LENGTH_MEASURE(0.01),#6903,
'DISTANCE_ACCURACY_VALUE',
'Maximum model space distance between geometric entities at asserted c
onnectivities');
#6898=UNCERTAINTY_MEASURE_WITH_UNIT(LENGTH_MEASURE(0.01),#6903,
'DISTANCE_ACCURACY_VALUE',
'Maximum model space distance between geometric entities at asserted c
onnectivities');
#6899=UNCERTAINTY_MEASURE_WITH_UNIT(LENGTH_MEASURE(0.01),#6903,
'DISTANCE_ACCURACY_VALUE',
'Maximum model space distance between geometric entities at asserted c
onnectivities');
#6900=(
GEOMETRIC_REPRESENTATION_CONTEXT(3)
GLOBAL_UNCERTAINTY_ASSIGNED_CONTEXT((#6897))
GLOBAL_UNIT_ASSIGNED_CONTEXT((#6903,#6905,#6906))
REPRESENTATION_CONTEXT('','3D')
);
#6901=(
GEOMETRIC_REPRESENTATION_CONTEXT(3)
GLOBAL_UNCERTAINTY_ASSIGNED_CONTEXT((#6898))
GLOBAL_UNIT_ASSIGNED_CONTEXT((#6903,#6905,#6906))
REPRESENTATION_CONTEXT('','3D')
);
#6902=(
GEOMETRIC_REPRESENTATION_CONTEXT(3)
GLOBAL_UNCERTAINTY_ASSIGNED_CONTEXT((#6899))
GLOBAL_UNIT_ASSIGNED_CONTEXT((#6903,#6905,#6906))
REPRESENTATION_CONTEXT('','3D')
);
#6903=(
LENGTH_UNIT()
NAMED_UNIT(*)
SI_UNIT(.MILLI.,.METRE.)
);
#6904=(
LENGTH_UNIT()
NAMED_UNIT(*)
SI_UNIT($,.METRE.)
);
#6905=(
NAMED_UNIT(*)
PLANE_ANGLE_UNIT()
SI_UNIT($,.RADIAN.)
);
#6906=(
NAMED_UNIT(*)
SI_UNIT($,.STERADIAN.)
SOLID_ANGLE_UNIT()
);
#6907=SHAPE_DEFINITION_REPRESENTATION(#6909,#6912);
#6908=SHAPE_DEFINITION_REPRESENTATION(#6910,#6913);
#6909=PRODUCT_DEFINITION_SHAPE('',$,#6915);
#6910=PRODUCT_DEFINITION_SHAPE('',$,#6916);
#6911=PRODUCT_DEFINITION_SHAPE($,$,#14);
#6912=SHAPE_REPRESENTATION('',(#3506,#3733),#6900);
#6913=SHAPE_REPRESENTATION('',(#3507),#6901);
#6914=PRODUCT_DEFINITION_CONTEXT('part definition',#6922,'design');
#6915=PRODUCT_DEFINITION('Z\X\D6\X\E1\X\C6\X\A4\X\B4\X\F8\X\D5\X\C5\X\BD
\X\F4\X\B6\X\E8\X\C2\X\D6\X\D7\X\F9','z tensioner opt v7',#6917,#6914);
#6916=PRODUCT_DEFINITION('Component1','Component1',#6918,#6914);
#6917=PRODUCT_DEFINITION_FORMATION('',$,#6924);
#6918=PRODUCT_DEFINITION_FORMATION('',$,#6925);
#6919=PRODUCT_RELATED_PRODUCT_CATEGORY('z tensioner opt v7',
'z tensioner opt v7',(#6924));
#6920=PRODUCT_RELATED_PRODUCT_CATEGORY('Component1','Component1',(#6925));
#6921=APPLICATION_PROTOCOL_DEFINITION('international standard',
'automotive_design',2009,#6922);
#6922=APPLICATION_CONTEXT(
'Core Data for Automotive Mechanical Design Process');
#6923=PRODUCT_CONTEXT('part definition',#6922,'mechanical');
#6924=PRODUCT('Z\X\D6\X\E1\X\C6\X\A4\X\B4\X\F8\X\D5\X\C5\X\BD\X\F4\X\B6
\X\E8\X\C2\X\D6\X\D7\X\F9','z tensioner opt v7','STEP AP214',(#6923));
#6925=PRODUCT('Component1','Component1',$,(#6923));
#6926=PRESENTATION_STYLE_ASSIGNMENT((#6928));
#6927=PRESENTATION_STYLE_ASSIGNMENT((#6929));
#6928=SURFACE_STYLE_USAGE(.BOTH.,#6930);
#6929=SURFACE_STYLE_USAGE(.BOTH.,#6931);
#6930=SURFACE_SIDE_STYLE('',(#6932));
#6931=SURFACE_SIDE_STYLE('',(#6933));
#6932=SURFACE_STYLE_FILL_AREA(#6934);
#6933=SURFACE_STYLE_FILL_AREA(#6935);
#6934=FILL_AREA_STYLE('Opaque(243,203,124)',(#6936));
#6935=FILL_AREA_STYLE(
'PA 12 - Nylon - PA 603-CF (with EOS P 3D Printers)',(#6937));
#6936=FILL_AREA_STYLE_COLOUR('Opaque(243,203,124)',#6938);
#6937=FILL_AREA_STYLE_COLOUR(
'PA 12 - Nylon - PA 603-CF (with EOS P 3D Printers)',#6939);
#6938=COLOUR_RGB('Opaque(243,203,124)',0.952941176470588,0.796078431372549,
0.486274509803922);
#6939=COLOUR_RGB('PA 12 - Nylon - PA 603-CF (with EOS P 3D Printers)',0.247058823529412,
0.247058823529412,0.247058823529412);
ENDSEC;
END-ISO-10303-21;
