ISO-10303-21;
HEADER;
/* Generated by software containing ST-Developer
 * from STEP Tools, Inc. (www.steptools.com) 
 */

FILE_DESCRIPTION(
/* description */ ('STEP AP214'),
/* implementation_level */ '2;1');

FILE_NAME(
/* name */ 'frontidler right opt_presupported.step',
/* time_stamp */ '2026-03-07T12:28:04-05:00',
/* author */ (''),
/* organization */ (''),
/* preprocessor_version */ 'ST-DEVELOPER v20.1',
/* originating_system */ 'Autodesk Translation Framework v14.24.0.0',
/* authorisation */ '');

FILE_SCHEMA (('AUTOMOTIVE_DESIGN { 1 0 10303 214 3 1 1 }'));
ENDSEC;

DATA;
#10=MECHANICAL_DESIGN_GEOMETRIC_PRESENTATION_REPRESENTATION('',(#18,#19),
#7587);
#11=ITEM_DEFINED_TRANSFORMATION($,$,#3671,#3895);
#12=(
REPRESENTATION_RELATIONSHIP($,$,#7598,#7597)
REPRESENTATION_RELATIONSHIP_WITH_TRANSFORMATION(#11)
SHAPE_REPRESENTATION_RELATIONSHIP()
);
#13=CONTEXT_DEPENDENT_SHAPE_REPRESENTATION(#12,#7596);
#14=NEXT_ASSEMBLY_USAGE_OCCURRENCE('frontidler:1','frontidler:1',
'frontidler:1',#7600,#7601,'frontidler:1');
#15=SHAPE_REPRESENTATION_RELATIONSHIP('SRR','None',#7598,#16);
#16=ADVANCED_BREP_SHAPE_REPRESENTATION('',(#3657,#17),#7586);
#17=MANIFOLD_SOLID_BREP('built in support',#3656);
#18=STYLED_ITEM('',(#7613),#3657);
#19=STYLED_ITEM('',(#7614),#17);
#20=ORIENTED_CLOSED_SHELL('',*,#3655,.F.);
#21=(
BOUNDED_CURVE()
B_SPLINE_CURVE(3,(#6758,#6759,#6760,#6761),.UNSPECIFIED.,.F.,.F.)
B_SPLINE_CURVE_WITH_KNOTS((4,4),(0.,1.),.UNSPECIFIED.)
CURVE()
GEOMETRIC_REPRESENTATION_ITEM()
RATIONAL_B_SPLINE_CURVE((1.,1.,1.,1.))
REPRESENTATION_ITEM('')
);
#22=(
BOUNDED_CURVE()
B_SPLINE_CURVE(3,(#6764,#6765,#6766,#6767),.UNSPECIFIED.,.F.,.F.)
B_SPLINE_CURVE_WITH_KNOTS((4,4),(0.,1.),.UNSPECIFIED.)
CURVE()
GEOMETRIC_REPRESENTATION_ITEM()
RATIONAL_B_SPLINE_CURVE((1.,1.,1.,1.))
REPRESENTATION_ITEM('')
);
#23=(
BOUNDED_CURVE()
B_SPLINE_CURVE(3,(#6777,#6778,#6779,#6780),.UNSPECIFIED.,.F.,.F.)
B_SPLINE_CURVE_WITH_KNOTS((4,4),(0.,1.),.UNSPECIFIED.)
CURVE()
GEOMETRIC_REPRESENTATION_ITEM()
RATIONAL_B_SPLINE_CURVE((1.,1.,1.,1.))
REPRESENTATION_ITEM('')
);
#24=(
BOUNDED_CURVE()
B_SPLINE_CURVE(3,(#6783,#6784,#6785,#6786),.UNSPECIFIED.,.F.,.F.)
B_SPLINE_CURVE_WITH_KNOTS((4,4),(0.,1.),.UNSPECIFIED.)
CURVE()
GEOMETRIC_REPRESENTATION_ITEM()
RATIONAL_B_SPLINE_CURVE((1.,1.,1.,1.))
REPRESENTATION_ITEM('')
);
#25=(
BOUNDED_CURVE()
B_SPLINE_CURVE(3,(#6796,#6797,#6798,#6799),.UNSPECIFIED.,.F.,.F.)
B_SPLINE_CURVE_WITH_KNOTS((4,4),(0.,1.),.UNSPECIFIED.)
CURVE()
GEOMETRIC_REPRESENTATION_ITEM()
RATIONAL_B_SPLINE_CURVE((1.,1.,1.,1.))
REPRESENTATION_ITEM('')
);
#26=(
BOUNDED_CURVE()
B_SPLINE_CURVE(3,(#6802,#6803,#6804,#6805),.UNSPECIFIED.,.F.,.F.)
B_SPLINE_CURVE_WITH_KNOTS((4,4),(0.,1.),.UNSPECIFIED.)
CURVE()
GEOMETRIC_REPRESENTATION_ITEM()
RATIONAL_B_SPLINE_CURVE((1.,1.,1.,1.))
REPRESENTATION_ITEM('')
);
#27=(
BOUNDED_CURVE()
B_SPLINE_CURVE(3,(#6815,#6816,#6817,#6818),.UNSPECIFIED.,.F.,.F.)
B_SPLINE_CURVE_WITH_KNOTS((4,4),(0.,1.),.UNSPECIFIED.)
CURVE()
GEOMETRIC_REPRESENTATION_ITEM()
RATIONAL_B_SPLINE_CURVE((1.,1.,1.,1.))
REPRESENTATION_ITEM('')
);
#28=(
BOUNDED_CURVE()
B_SPLINE_CURVE(3,(#6821,#6822,#6823,#6824),.UNSPECIFIED.,.F.,.F.)
B_SPLINE_CURVE_WITH_KNOTS((4,4),(0.,1.),.UNSPECIFIED.)
CURVE()
GEOMETRIC_REPRESENTATION_ITEM()
RATIONAL_B_SPLINE_CURVE((1.,1.,1.,1.))
REPRESENTATION_ITEM('')
);
#29=(
BOUNDED_CURVE()
B_SPLINE_CURVE(3,(#6834,#6835,#6836,#6837),.UNSPECIFIED.,.F.,.F.)
B_SPLINE_CURVE_WITH_KNOTS((4,4),(0.,1.),.UNSPECIFIED.)
CURVE()
GEOMETRIC_REPRESENTATION_ITEM()
RATIONAL_B_SPLINE_CURVE((1.,1.,1.,1.))
REPRESENTATION_ITEM('')
);
#30=(
BOUNDED_CURVE()
B_SPLINE_CURVE(3,(#6840,#6841,#6842,#6843),.UNSPECIFIED.,.F.,.F.)
B_SPLINE_CURVE_WITH_KNOTS((4,4),(0.,1.),.UNSPECIFIED.)
CURVE()
GEOMETRIC_REPRESENTATION_ITEM()
RATIONAL_B_SPLINE_CURVE((1.,1.,1.,1.))
REPRESENTATION_ITEM('')
);
#31=(
BOUNDED_CURVE()
B_SPLINE_CURVE(3,(#6853,#6854,#6855,#6856),.UNSPECIFIED.,.F.,.F.)
B_SPLINE_CURVE_WITH_KNOTS((4,4),(0.0362016358774113,1.),.UNSPECIFIED.)
CURVE()
GEOMETRIC_REPRESENTATION_ITEM()
RATIONAL_B_SPLINE_CURVE((1.,1.,1.,1.))
REPRESENTATION_ITEM('')
);
#32=(
BOUNDED_CURVE()
B_SPLINE_CURVE(3,(#6859,#6860,#6861,#6862),.UNSPECIFIED.,.F.,.F.)
B_SPLINE_CURVE_WITH_KNOTS((4,4),(0.0362016358774113,1.),.UNSPECIFIED.)
CURVE()
GEOMETRIC_REPRESENTATION_ITEM()
RATIONAL_B_SPLINE_CURVE((1.,1.,1.,1.))
REPRESENTATION_ITEM('')
);
#33=(
BOUNDED_CURVE()
B_SPLINE_CURVE(3,(#6891,#6892,#6893,#6894),.UNSPECIFIED.,.F.,.F.)
B_SPLINE_CURVE_WITH_KNOTS((4,4),(0.,1.),.UNSPECIFIED.)
CURVE()
GEOMETRIC_REPRESENTATION_ITEM()
RATIONAL_B_SPLINE_CURVE((1.,1.,1.,1.))
REPRESENTATION_ITEM('')
);
#34=(
BOUNDED_CURVE()
B_SPLINE_CURVE(3,(#6897,#6898,#6899,#6900),.UNSPECIFIED.,.F.,.F.)
B_SPLINE_CURVE_WITH_KNOTS((4,4),(0.,1.),.UNSPECIFIED.)
CURVE()
GEOMETRIC_REPRESENTATION_ITEM()
RATIONAL_B_SPLINE_CURVE((1.,1.,1.,1.))
REPRESENTATION_ITEM('')
);
#35=(
BOUNDED_CURVE()
B_SPLINE_CURVE(3,(#7005,#7006,#7007,#7008),.UNSPECIFIED.,.F.,.F.)
B_SPLINE_CURVE_WITH_KNOTS((4,4),(0.,1.),.UNSPECIFIED.)
CURVE()
GEOMETRIC_REPRESENTATION_ITEM()
RATIONAL_B_SPLINE_CURVE((1.,1.,1.,1.))
REPRESENTATION_ITEM('')
);
#36=(
BOUNDED_CURVE()
B_SPLINE_CURVE(3,(#7011,#7012,#7013,#7014),.UNSPECIFIED.,.F.,.F.)
B_SPLINE_CURVE_WITH_KNOTS((4,4),(0.,1.),.UNSPECIFIED.)
CURVE()
GEOMETRIC_REPRESENTATION_ITEM()
RATIONAL_B_SPLINE_CURVE((1.,1.,1.,1.))
REPRESENTATION_ITEM('')
);
#37=(
BOUNDED_CURVE()
B_SPLINE_CURVE(3,(#7024,#7025,#7026,#7027),.UNSPECIFIED.,.F.,.F.)
B_SPLINE_CURVE_WITH_KNOTS((4,4),(0.,1.),.UNSPECIFIED.)
CURVE()
GEOMETRIC_REPRESENTATION_ITEM()
RATIONAL_B_SPLINE_CURVE((1.,1.,1.,1.))
REPRESENTATION_ITEM('')
);
#38=(
BOUNDED_CURVE()
B_SPLINE_CURVE(3,(#7030,#7031,#7032,#7033),.UNSPECIFIED.,.F.,.F.)
B_SPLINE_CURVE_WITH_KNOTS((4,4),(0.,1.),.UNSPECIFIED.)
CURVE()
GEOMETRIC_REPRESENTATION_ITEM()
RATIONAL_B_SPLINE_CURVE((1.,1.,1.,1.))
REPRESENTATION_ITEM('')
);
#39=(
BOUNDED_CURVE()
B_SPLINE_CURVE(3,(#7092,#7093,#7094,#7095),.UNSPECIFIED.,.F.,.F.)
B_SPLINE_CURVE_WITH_KNOTS((4,4),(0.0373110261308425,1.),.UNSPECIFIED.)
CURVE()
GEOMETRIC_REPRESENTATION_ITEM()
RATIONAL_B_SPLINE_CURVE((1.,1.,1.,1.))
REPRESENTATION_ITEM('')
);
#40=(
BOUNDED_CURVE()
B_SPLINE_CURVE(3,(#7098,#7099,#7100,#7101),.UNSPECIFIED.,.F.,.F.)
B_SPLINE_CURVE_WITH_KNOTS((4,4),(0.0373110261308425,1.),.UNSPECIFIED.)
CURVE()
GEOMETRIC_REPRESENTATION_ITEM()
RATIONAL_B_SPLINE_CURVE((1.,1.,1.,1.))
REPRESENTATION_ITEM('')
);
#41=(
BOUNDED_CURVE()
B_SPLINE_CURVE(3,(#7111,#7112,#7113,#7114),.UNSPECIFIED.,.F.,.F.)
B_SPLINE_CURVE_WITH_KNOTS((4,4),(0.,1.),.UNSPECIFIED.)
CURVE()
GEOMETRIC_REPRESENTATION_ITEM()
RATIONAL_B_SPLINE_CURVE((1.,1.,1.,1.))
REPRESENTATION_ITEM('')
);
#42=(
BOUNDED_CURVE()
B_SPLINE_CURVE(3,(#7117,#7118,#7119,#7120),.UNSPECIFIED.,.F.,.F.)
B_SPLINE_CURVE_WITH_KNOTS((4,4),(0.,1.),.UNSPECIFIED.)
CURVE()
GEOMETRIC_REPRESENTATION_ITEM()
RATIONAL_B_SPLINE_CURVE((1.,1.,1.,1.))
REPRESENTATION_ITEM('')
);
#43=(
BOUNDED_CURVE()
B_SPLINE_CURVE(3,(#7130,#7131,#7132,#7133),.UNSPECIFIED.,.F.,.F.)
B_SPLINE_CURVE_WITH_KNOTS((4,4),(0.00507898731130081,1.),.UNSPECIFIED.)
CURVE()
GEOMETRIC_REPRESENTATION_ITEM()
RATIONAL_B_SPLINE_CURVE((1.,1.,1.,1.))
REPRESENTATION_ITEM('')
);
#44=(
BOUNDED_CURVE()
B_SPLINE_CURVE(3,(#7136,#7137,#7138,#7139),.UNSPECIFIED.,.F.,.F.)
B_SPLINE_CURVE_WITH_KNOTS((4,4),(0.00507898731130081,1.),.UNSPECIFIED.)
CURVE()
GEOMETRIC_REPRESENTATION_ITEM()
RATIONAL_B_SPLINE_CURVE((1.,1.,1.,1.))
REPRESENTATION_ITEM('')
);
#45=(
BOUNDED_CURVE()
B_SPLINE_CURVE(3,(#7160,#7161,#7162,#7163),.UNSPECIFIED.,.F.,.F.)
B_SPLINE_CURVE_WITH_KNOTS((4,4),(0.,1.),.UNSPECIFIED.)
CURVE()
GEOMETRIC_REPRESENTATION_ITEM()
RATIONAL_B_SPLINE_CURVE((1.,1.,1.,1.))
REPRESENTATION_ITEM('')
);
#46=(
BOUNDED_CURVE()
B_SPLINE_CURVE(3,(#7166,#7167,#7168,#7169),.UNSPECIFIED.,.F.,.F.)
B_SPLINE_CURVE_WITH_KNOTS((4,4),(0.,1.),.UNSPECIFIED.)
CURVE()
GEOMETRIC_REPRESENTATION_ITEM()
RATIONAL_B_SPLINE_CURVE((1.,1.,1.,1.))
REPRESENTATION_ITEM('')
);
#47=(
BOUNDED_CURVE()
B_SPLINE_CURVE(3,(#7241,#7242,#7243,#7244),.UNSPECIFIED.,.F.,.F.)
B_SPLINE_CURVE_WITH_KNOTS((4,4),(0.0288068616775596,1.),.UNSPECIFIED.)
CURVE()
GEOMETRIC_REPRESENTATION_ITEM()
RATIONAL_B_SPLINE_CURVE((1.,1.,1.,1.))
REPRESENTATION_ITEM('')
);
#48=(
BOUNDED_CURVE()
B_SPLINE_CURVE(3,(#7247,#7248,#7249,#7250),.UNSPECIFIED.,.F.,.F.)
B_SPLINE_CURVE_WITH_KNOTS((4,4),(0.0288068616775596,1.),.UNSPECIFIED.)
CURVE()
GEOMETRIC_REPRESENTATION_ITEM()
RATIONAL_B_SPLINE_CURVE((1.,1.,1.,1.))
REPRESENTATION_ITEM('')
);
#49=(
BOUNDED_CURVE()
B_SPLINE_CURVE(3,(#7410,#7411,#7412,#7413),.UNSPECIFIED.,.F.,.F.)
B_SPLINE_CURVE_WITH_KNOTS((4,4),(0.,1.),.UNSPECIFIED.)
CURVE()
GEOMETRIC_REPRESENTATION_ITEM()
RATIONAL_B_SPLINE_CURVE((1.,1.,1.,1.))
REPRESENTATION_ITEM('')
);
#50=(
BOUNDED_CURVE()
B_SPLINE_CURVE(3,(#7416,#7417,#7418,#7419),.UNSPECIFIED.,.F.,.F.)
B_SPLINE_CURVE_WITH_KNOTS((4,4),(0.,1.),.UNSPECIFIED.)
CURVE()
GEOMETRIC_REPRESENTATION_ITEM()
RATIONAL_B_SPLINE_CURVE((1.,1.,1.,1.))
REPRESENTATION_ITEM('')
);
#51=(
BOUNDED_CURVE()
B_SPLINE_CURVE(3,(#7465,#7466,#7467,#7468),.UNSPECIFIED.,.F.,.F.)
B_SPLINE_CURVE_WITH_KNOTS((4,4),(0.,1.),.UNSPECIFIED.)
CURVE()
GEOMETRIC_REPRESENTATION_ITEM()
RATIONAL_B_SPLINE_CURVE((1.,1.,1.,1.))
REPRESENTATION_ITEM('')
);
#52=(
BOUNDED_CURVE()
B_SPLINE_CURVE(3,(#7471,#7472,#7473,#7474),.UNSPECIFIED.,.F.,.F.)
B_SPLINE_CURVE_WITH_KNOTS((4,4),(0.,1.),.UNSPECIFIED.)
CURVE()
GEOMETRIC_REPRESENTATION_ITEM()
RATIONAL_B_SPLINE_CURVE((1.,1.,1.,1.))
REPRESENTATION_ITEM('')
);
#53=(
BOUNDED_CURVE()
B_SPLINE_CURVE(3,(#7505,#7506,#7507,#7508),.UNSPECIFIED.,.T.,.F.)
B_SPLINE_CURVE_WITH_KNOTS((4,4),(-1.,0.),.UNSPECIFIED.)
CURVE()
GEOMETRIC_REPRESENTATION_ITEM()
RATIONAL_B_SPLINE_CURVE((1.,1.,1.,1.))
REPRESENTATION_ITEM('')
);
#54=(
BOUNDED_CURVE()
B_SPLINE_CURVE(3,(#7510,#7511,#7512,#7513),.UNSPECIFIED.,.T.,.F.)
B_SPLINE_CURVE_WITH_KNOTS((4,4),(-1.,0.),.UNSPECIFIED.)
CURVE()
GEOMETRIC_REPRESENTATION_ITEM()
RATIONAL_B_SPLINE_CURVE((1.,1.,1.,1.))
REPRESENTATION_ITEM('')
);
#55=(
BOUNDED_CURVE()
B_SPLINE_CURVE(3,(#7535,#7536,#7537,#7538),.UNSPECIFIED.,.F.,.F.)
B_SPLINE_CURVE_WITH_KNOTS((4,4),(0.00688200813118507,1.),.UNSPECIFIED.)
CURVE()
GEOMETRIC_REPRESENTATION_ITEM()
RATIONAL_B_SPLINE_CURVE((1.,1.,1.,1.))
REPRESENTATION_ITEM('')
);
#56=(
BOUNDED_CURVE()
B_SPLINE_CURVE(3,(#7541,#7542,#7543,#7544),.UNSPECIFIED.,.F.,.F.)
B_SPLINE_CURVE_WITH_KNOTS((4,4),(0.00688200813118507,1.),.UNSPECIFIED.)
CURVE()
GEOMETRIC_REPRESENTATION_ITEM()
RATIONAL_B_SPLINE_CURVE((1.,1.,1.,1.))
REPRESENTATION_ITEM('')
);
#57=B_SPLINE_SURFACE_WITH_KNOTS('',3,3,((#5758,#5759,#5760,#5761),(#5762,
#5763,#5764,#5765),(#5766,#5767,#5768,#5769),(#5770,#5771,#5772,#5773)),
 .UNSPECIFIED.,.F.,.F.,.F.,(4,4),(4,4),(0.,1.),(0.,0.0500000000000003),
 .UNSPECIFIED.);
#58=B_SPLINE_SURFACE_WITH_KNOTS('',3,3,((#5775,#5776,#5777,#5778),(#5779,
#5780,#5781,#5782),(#5783,#5784,#5785,#5786),(#5787,#5788,#5789,#5790),
(#5791,#5792,#5793,#5794),(#5795,#5796,#5797,#5798),(#5799,#5800,#5801,
#5802)),.UNSPECIFIED.,.F.,.F.,.F.,(4,1,2,4),(4,4),(-0.047106814072003,-0.0391579204790168,
-0.0272345800895376,-0.0188283862381096),(0.,0.0500000000000003),
 .UNSPECIFIED.);
#59=B_SPLINE_SURFACE_WITH_KNOTS('',3,3,((#5813,#5814,#5815,#5816),(#5817,
#5818,#5819,#5820),(#5821,#5822,#5823,#5824),(#5825,#5826,#5827,#5828)),
 .UNSPECIFIED.,.F.,.F.,.F.,(4,4),(4,4),(0.,1.),(0.,0.0500000000000003),
 .UNSPECIFIED.);
#60=B_SPLINE_SURFACE_WITH_KNOTS('',3,3,((#5837,#5838,#5839,#5840),(#5841,
#5842,#5843,#5844),(#5845,#5846,#5847,#5848),(#5849,#5850,#5851,#5852),
(#5853,#5854,#5855,#5856),(#5857,#5858,#5859,#5860),(#5861,#5862,#5863,
#5864),(#5865,#5866,#5867,#5868),(#5869,#5870,#5871,#5872)),
 .UNSPECIFIED.,.F.,.F.,.F.,(4,1,1,1,2,4),(4,4),(-0.0827518506267183,-0.0523849554524885,
-0.0372015078653736,-0.0220180602782587,-0.00683461269114374,-0.00521217060368432),
(0.,0.0500000000000002),.UNSPECIFIED.);
#61=B_SPLINE_SURFACE_WITH_KNOTS('',3,3,((#5874,#5875,#5876,#5877),(#5878,
#5879,#5880,#5881),(#5882,#5883,#5884,#5885),(#5886,#5887,#5888,#5889),
(#5890,#5891,#5892,#5893),(#5894,#5895,#5896,#5897),(#5898,#5899,#5900,
#5901),(#5902,#5903,#5904,#5905),(#5906,#5907,#5908,#5909),(#5910,#5911,
#5912,#5913)),.UNSPECIFIED.,.F.,.F.,.F.,(4,2,1,1,2,4),(4,4),(-0.00276846825856487,
-0.00254973617222516,-0.00208365513639807,-0.00115149306474389,-0.000219330993089714,
0.),(0.,0.0500000000000003),.UNSPECIFIED.);
#62=B_SPLINE_SURFACE_WITH_KNOTS('',3,3,((#5915,#5916,#5917,#5918),(#5919,
#5920,#5921,#5922),(#5923,#5924,#5925,#5926),(#5927,#5928,#5929,#5930),
(#5931,#5932,#5933,#5934),(#5935,#5936,#5937,#5938),(#5939,#5940,#5941,
#5942),(#5943,#5944,#5945,#5946)),.UNSPECIFIED.,.F.,.F.,.F.,(4,2,1,1,4),
(4,4),(-0.00601271971844057,-0.00575378100631311,-0.00460302480505049,-0.00345226860378786,
0.),(0.,0.0500000000000002),.UNSPECIFIED.);
#63=B_SPLINE_SURFACE_WITH_KNOTS('',3,3,((#5948,#5949,#5950,#5951),(#5952,
#5953,#5954,#5955),(#5956,#5957,#5958,#5959),(#5960,#5961,#5962,#5963)),
 .UNSPECIFIED.,.F.,.F.,.F.,(4,4),(4,4),(-1.,-0.0569521929502635),(0.,0.0500000000000002),
 .UNSPECIFIED.);
#64=B_SPLINE_SURFACE_WITH_KNOTS('',3,3,((#5972,#5973,#5974,#5975),(#5976,
#5977,#5978,#5979),(#5980,#5981,#5982,#5983),(#5984,#5985,#5986,#5987),
(#5988,#5989,#5990,#5991),(#5992,#5993,#5994,#5995)),.UNSPECIFIED.,.F.,
 .F.,.F.,(4,2,4),(4,4),(-0.00395469174593363,-0.00336455485980165,-0.00228992251593269),
(0.,0.0500000000000002),.UNSPECIFIED.);
#65=B_SPLINE_SURFACE_WITH_KNOTS('',3,3,((#5997,#5998,#5999,#6000),(#6001,
#6002,#6003,#6004),(#6005,#6006,#6007,#6008),(#6009,#6010,#6011,#6012)),
 .UNSPECIFIED.,.F.,.F.,.F.,(4,4),(4,4),(0.0288068616775596,1.),(0.,0.0500000000000003),
 .UNSPECIFIED.);
#66=B_SPLINE_SURFACE_WITH_KNOTS('',3,3,((#6023,#6024,#6025,#6026),(#6027,
#6028,#6029,#6030),(#6031,#6032,#6033,#6034),(#6035,#6036,#6037,#6038),
(#6039,#6040,#6041,#6042)),.UNSPECIFIED.,.F.,.F.,.F.,(4,1,4),(4,4),(-0.0511410384604184,
-0.0292234505488105,0.),(0.,0.0500000000000002),.UNSPECIFIED.);
#67=B_SPLINE_SURFACE_WITH_KNOTS('',3,3,((#6046,#6047,#6048,#6049),(#6050,
#6051,#6052,#6053),(#6054,#6055,#6056,#6057),(#6058,#6059,#6060,#6061)),
 .UNSPECIFIED.,.F.,.F.,.F.,(4,4),(4,4),(0.,1.),(0.,0.0500000000000003),
 .UNSPECIFIED.);
#68=B_SPLINE_SURFACE_WITH_KNOTS('',3,3,((#6070,#6071,#6072,#6073),(#6074,
#6075,#6076,#6077),(#6078,#6079,#6080,#6081),(#6082,#6083,#6084,#6085)),
 .UNSPECIFIED.,.F.,.F.,.F.,(4,4),(4,4),(-1.,-0.0608725872633385),(0.,0.0500000000000002),
 .UNSPECIFIED.);
#69=B_SPLINE_SURFACE_WITH_KNOTS('',3,3,((#6087,#6088,#6089,#6090),(#6091,
#6092,#6093,#6094),(#6095,#6096,#6097,#6098),(#6099,#6100,#6101,#6102)),
 .UNSPECIFIED.,.F.,.F.,.F.,(4,4),(4,4),(0.0050789873113008,1.),(0.,0.0500000000000003),
 .UNSPECIFIED.);
#70=B_SPLINE_SURFACE_WITH_KNOTS('',3,3,((#6104,#6105,#6106,#6107),(#6108,
#6109,#6110,#6111),(#6112,#6113,#6114,#6115),(#6116,#6117,#6118,#6119)),
 .UNSPECIFIED.,.F.,.F.,.F.,(4,4),(4,4),(0.,1.),(0.,0.0500000000000002),
 .UNSPECIFIED.);
#71=B_SPLINE_SURFACE_WITH_KNOTS('',3,3,((#6121,#6122,#6123,#6124),(#6125,
#6126,#6127,#6128),(#6129,#6130,#6131,#6132),(#6133,#6134,#6135,#6136)),
 .UNSPECIFIED.,.F.,.F.,.F.,(4,4),(4,4),(-1.,-0.180924469071102),(0.,0.0500000000000003),
 .UNSPECIFIED.);
#72=B_SPLINE_SURFACE_WITH_KNOTS('',3,3,((#6138,#6139,#6140,#6141),(#6142,
#6143,#6144,#6145),(#6146,#6147,#6148,#6149),(#6150,#6151,#6152,#6153)),
 .UNSPECIFIED.,.F.,.F.,.F.,(4,4),(4,4),(0.0373110260849353,1.),(0.,0.0500000000000002),
 .UNSPECIFIED.);
#73=B_SPLINE_SURFACE_WITH_KNOTS('',3,3,((#6162,#6163,#6164,#6165),(#6166,
#6167,#6168,#6169),(#6170,#6171,#6172,#6173),(#6174,#6175,#6176,#6177),
(#6178,#6179,#6180,#6181),(#6182,#6183,#6184,#6185)),.UNSPECIFIED.,.F.,
 .F.,.F.,(4,2,4),(4,4),(-0.00241828377130307,-0.000975330865784452,0.),
(0.,0.0500000000000003),.UNSPECIFIED.);
#74=B_SPLINE_SURFACE_WITH_KNOTS('',3,3,((#6194,#6195,#6196,#6197),(#6198,
#6199,#6200,#6201),(#6202,#6203,#6204,#6205),(#6206,#6207,#6208,#6209)),
 .UNSPECIFIED.,.F.,.F.,.F.,(4,4),(4,4),(0.,1.),(0.,0.0500000000000003),
 .UNSPECIFIED.);
#75=B_SPLINE_SURFACE_WITH_KNOTS('',3,3,((#6211,#6212,#6213,#6214),(#6215,
#6216,#6217,#6218),(#6219,#6220,#6221,#6222),(#6223,#6224,#6225,#6226)),
 .UNSPECIFIED.,.F.,.F.,.F.,(4,4),(4,4),(0.,1.),(0.,0.0500000000000003),
 .UNSPECIFIED.);
#76=B_SPLINE_SURFACE_WITH_KNOTS('',3,3,((#6242,#6243,#6244,#6245),(#6246,
#6247,#6248,#6249),(#6250,#6251,#6252,#6253),(#6254,#6255,#6256,#6257)),
 .UNSPECIFIED.,.F.,.F.,.F.,(4,4),(4,4),(0.00688200813118507,1.),(0.,0.0500000000000004),
 .UNSPECIFIED.);
#77=B_SPLINE_SURFACE_WITH_KNOTS('',3,3,((#6263,#6264,#6265,#6266),(#6267,
#6268,#6269,#6270),(#6271,#6272,#6273,#6274),(#6275,#6276,#6277,#6278)),
 .UNSPECIFIED.,.T.,.F.,.F.,(4,4),(4,4),(-1.,0.),(0.,0.0500000000000005),
 .UNSPECIFIED.);
#78=B_SPLINE_SURFACE_WITH_KNOTS('',3,3,((#6286,#6287,#6288,#6289),(#6290,
#6291,#6292,#6293),(#6294,#6295,#6296,#6297),(#6298,#6299,#6300,#6301),
(#6302,#6303,#6304,#6305),(#6306,#6307,#6308,#6309),(#6310,#6311,#6312,
#6313),(#6314,#6315,#6316,#6317),(#6318,#6319,#6320,#6321),(#6322,#6323,
#6324,#6325)),.UNSPECIFIED.,.F.,.F.,.F.,(4,2,1,1,1,1,4),(4,4),(-0.0405527847498441,
-0.039913732597096,-0.0359223593373864,-0.0319309860776768,-0.0239482395582576,
-0.0159654930388384,0.),(0.,0.0500000000000003),.UNSPECIFIED.);
#79=B_SPLINE_SURFACE_WITH_KNOTS('',3,3,((#6328,#6329,#6330,#6331),(#6332,
#6333,#6334,#6335),(#6336,#6337,#6338,#6339),(#6340,#6341,#6342,#6343)),
 .UNSPECIFIED.,.F.,.F.,.F.,(4,4),(4,4),(0.,1.),(0.,0.0500000000000003),
 .UNSPECIFIED.);
#80=B_SPLINE_SURFACE_WITH_KNOTS('',3,3,((#6345,#6346,#6347,#6348),(#6349,
#6350,#6351,#6352),(#6353,#6354,#6355,#6356),(#6357,#6358,#6359,#6360),
(#6361,#6362,#6363,#6364),(#6365,#6366,#6367,#6368)),.UNSPECIFIED.,.F.,
 .F.,.F.,(4,2,4),(4,4),(-0.0103666969733317,-0.00628508835558658,-0.00423939373785812),
(0.,0.0500000000000003),.UNSPECIFIED.);
#81=B_SPLINE_SURFACE_WITH_KNOTS('',3,3,((#6370,#6371,#6372,#6373),(#6374,
#6375,#6376,#6377),(#6378,#6379,#6380,#6381),(#6382,#6383,#6384,#6385)),
 .UNSPECIFIED.,.F.,.F.,.F.,(4,4),(4,4),(0.0362016358774113,1.),(0.,0.0500000000000002),
 .UNSPECIFIED.);
#82=B_SPLINE_SURFACE_WITH_KNOTS('',3,3,((#6387,#6388,#6389,#6390),(#6391,
#6392,#6393,#6394),(#6395,#6396,#6397,#6398),(#6399,#6400,#6401,#6402)),
 .UNSPECIFIED.,.F.,.F.,.F.,(4,4),(4,4),(0.,1.),(0.,0.0500000000000003),
 .UNSPECIFIED.);
#83=B_SPLINE_SURFACE_WITH_KNOTS('',3,3,((#6404,#6405,#6406,#6407),(#6408,
#6409,#6410,#6411),(#6412,#6413,#6414,#6415),(#6416,#6417,#6418,#6419)),
 .UNSPECIFIED.,.F.,.F.,.F.,(4,4),(4,4),(0.,1.),(0.,0.0500000000000003),
 .UNSPECIFIED.);
#84=B_SPLINE_SURFACE_WITH_KNOTS('',3,3,((#6421,#6422,#6423,#6424),(#6425,
#6426,#6427,#6428),(#6429,#6430,#6431,#6432),(#6433,#6434,#6435,#6436)),
 .UNSPECIFIED.,.F.,.F.,.F.,(4,4),(4,4),(0.,1.),(0.,0.0500000000000002),
 .UNSPECIFIED.);
#85=B_SPLINE_SURFACE_WITH_KNOTS('',3,3,((#6438,#6439,#6440,#6441),(#6442,
#6443,#6444,#6445),(#6446,#6447,#6448,#6449),(#6450,#6451,#6452,#6453)),
 .UNSPECIFIED.,.F.,.F.,.F.,(4,4),(4,4),(0.,1.),(0.,0.0500000000000004),
 .UNSPECIFIED.);
#86=B_SPLINE_SURFACE_WITH_KNOTS('',3,3,((#6455,#6456,#6457,#6458),(#6459,
#6460,#6461,#6462),(#6463,#6464,#6465,#6466),(#6467,#6468,#6469,#6470)),
 .UNSPECIFIED.,.F.,.F.,.F.,(4,4),(4,4),(0.,1.),(0.,0.0500000000000003),
 .UNSPECIFIED.);
#87=B_SPLINE_SURFACE_WITH_KNOTS('',3,3,((#6472,#6473,#6474,#6475,#6476,
#6477),(#6478,#6479,#6480,#6481,#6482,#6483),(#6484,#6485,#6486,#6487,#6488,
#6489),(#6490,#6491,#6492,#6493,#6494,#6495),(#6496,#6497,#6498,#6499,#6500,
#6501),(#6502,#6503,#6504,#6505,#6506,#6507),(#6508,#6509,#6510,#6511,#6512,
#6513),(#6514,#6515,#6516,#6517,#6518,#6519),(#6520,#6521,#6522,#6523,#6524,
#6525),(#6526,#6527,#6528,#6529,#6530,#6531),(#6532,#6533,#6534,#6535,#6536,
#6537),(#6538,#6539,#6540,#6541,#6542,#6543),(#6544,#6545,#6546,#6547,#6548,
#6549),(#6550,#6551,#6552,#6553,#6554,#6555),(#6556,#6557,#6558,#6559,#6560,
#6561),(#6562,#6563,#6564,#6565,#6566,#6567),(#6568,#6569,#6570,#6571,#6572,
#6573),(#6574,#6575,#6576,#6577,#6578,#6579),(#6580,#6581,#6582,#6583,#6584,
#6585),(#6586,#6587,#6588,#6589,#6590,#6591),(#6592,#6593,#6594,#6595,#6596,
#6597),(#6598,#6599,#6600,#6601,#6602,#6603),(#6604,#6605,#6606,#6607,#6608,
#6609),(#6610,#6611,#6612,#6613,#6614,#6615),(#6616,#6617,#6618,#6619,#6620,
#6621),(#6622,#6623,#6624,#6625,#6626,#6627)),.UNSPECIFIED.,.F.,.F.,.F.,
(4,1,1,1,2,1,1,1,1,1,1,1,1,1,1,1,1,1,1,1,1,1,4),(4,1,1,4),(-0.0166081275702853,
-0.0163067821995779,-0.0158547641435167,-0.0155534187728092,-0.0151014007167481,
-0.0150988499082509,-0.0150962990997538,-0.0150911974827595,-0.015080994248771,
-0.0150605877807939,-0.0150401813128169,-0.0150197748448398,-0.0149381489729315,
-0.0148973360369774,-0.0148769295690004,-0.0148667263350118,-0.0148616247180176,
-0.0148565231010233,-0.014774897229115,-0.0146116454852985,-0.0142851419976655,
-0.013795386766216,-0.0134688832785829),(0.,0.0214285714285715,0.0357142857142858,
0.0500000000000001),.UNSPECIFIED.);
#88=B_SPLINE_SURFACE_WITH_KNOTS('',3,3,((#6629,#6630,#6631,#6632),(#6633,
#6634,#6635,#6636),(#6637,#6638,#6639,#6640),(#6641,#6642,#6643,#6644),
(#6645,#6646,#6647,#6648),(#6649,#6650,#6651,#6652)),.UNSPECIFIED.,.F.,
 .F.,.F.,(4,2,4),(4,4),(-0.00290299646124328,-0.00187023834780776,0.),(0.,
0.0500000000000001),.UNSPECIFIED.);
#89=B_SPLINE_SURFACE_WITH_KNOTS('',3,3,((#6654,#6655,#6656,#6657),(#6658,
#6659,#6660,#6661),(#6662,#6663,#6664,#6665),(#6666,#6667,#6668,#6669),
(#6670,#6671,#6672,#6673),(#6674,#6675,#6676,#6677)),.UNSPECIFIED.,.F.,
 .F.,.F.,(4,2,4),(4,4),(-0.0252958034771493,-0.0108364146548372,-0.00920608192686871),
(0.,0.0500000000000003),.UNSPECIFIED.);
#90=B_SPLINE_SURFACE_WITH_KNOTS('',3,1,((#6678,#6679),(#6680,#6681),(#6682,
#6683),(#6684,#6685)),.UNSPECIFIED.,.F.,.F.,.F.,(4,4),(2,2),(-0.00290299646124328,
0.),(0.,0.001),.UNSPECIFIED.);
#91=B_SPLINE_SURFACE_WITH_KNOTS('',3,1,((#6700,#6701),(#6702,#6703),(#6704,
#6705),(#6706,#6707),(#6708,#6709),(#6710,#6711),(#6712,#6713),(#6714,#6715),
(#6716,#6717),(#6718,#6719)),.UNSPECIFIED.,.F.,.F.,.F.,(4,2,2,2,4),(2,2),
(-0.0166081275702853,-0.0153760061856631,-0.0148281455708906,-0.0143498182944103,
-0.0134688832785829),(0.,0.001),.UNSPECIFIED.);
#92=B_SPLINE_SURFACE_WITH_KNOTS('',3,1,((#6863,#6864),(#6865,#6866),(#6867,
#6868),(#6869,#6870)),.UNSPECIFIED.,.F.,.F.,.F.,(4,4),(2,2),(-0.0103666969733317,
-0.00423939373785812),(0.,0.001),.UNSPECIFIED.);
#93=B_SPLINE_SURFACE_WITH_KNOTS('',3,1,((#6901,#6902),(#6903,#6904),(#6905,
#6906),(#6907,#6908),(#6909,#6910),(#6911,#6912),(#6913,#6914),(#6915,#6916),
(#6917,#6918),(#6919,#6920)),.UNSPECIFIED.,.F.,.F.,.F.,(4,2,2,2,4),(2,2),
(-0.0405527847498441,-0.0336933042506864,-0.0232124251297671,-0.01153207646508,
0.),(0.,0.001),.UNSPECIFIED.);
#94=B_SPLINE_SURFACE_WITH_KNOTS('',3,1,((#6950,#6951),(#6952,#6953),(#6954,
#6955),(#6956,#6957),(#6958,#6959),(#6960,#6961),(#6962,#6963),(#6964,#6965)),
 .UNSPECIFIED.,.F.,.F.,.F.,(4,2,2,4),(2,2),(-0.0252958034771493,-0.0192624956045943,
-0.0130311073799033,-0.00920608192686871),(0.,0.001),.UNSPECIFIED.);
#95=B_SPLINE_SURFACE_WITH_KNOTS('',3,1,((#7045,#7046),(#7047,#7048),(#7049,
#7050),(#7051,#7052),(#7053,#7054),(#7055,#7056)),.UNSPECIFIED.,.F.,.F.,
 .F.,(4,2,4),(2,2),(-0.00241828377130307,-0.000465381771044508,0.),(0.,
0.001),.UNSPECIFIED.);
#96=B_SPLINE_SURFACE_WITH_KNOTS('',3,1,((#7176,#7177),(#7178,#7179),(#7180,
#7181),(#7182,#7183),(#7184,#7185),(#7186,#7187),(#7188,#7189),(#7190,#7191)),
 .UNSPECIFIED.,.F.,.F.,.F.,(4,2,2,4),(2,2),(-0.0511410384604213,-0.0348012792291168,
-0.0177620547597663,0.),(0.,0.001),.UNSPECIFIED.);
#97=B_SPLINE_SURFACE_WITH_KNOTS('',3,1,((#7251,#7252),(#7253,#7254),(#7255,
#7256),(#7257,#7258)),.UNSPECIFIED.,.F.,.F.,.F.,(4,4),(2,2),(-0.00395469174593363,
-0.00228992251593269),(0.,0.001),.UNSPECIFIED.);
#98=B_SPLINE_SURFACE_WITH_KNOTS('',3,1,((#7281,#7282),(#7283,#7284),(#7285,
#7286),(#7287,#7288),(#7289,#7290),(#7291,#7292)),.UNSPECIFIED.,.F.,.F.,
 .F.,(4,2,4),(2,2),(-0.00601271971844057,-0.00500341557924824,0.),(0.,0.001),
 .UNSPECIFIED.);
#99=B_SPLINE_SURFACE_WITH_KNOTS('',3,1,((#7310,#7311),(#7312,#7313),(#7314,
#7315),(#7316,#7317),(#7318,#7319),(#7320,#7321)),.UNSPECIFIED.,.F.,.F.,
 .F.,(4,2,4),(2,2),(-0.00276846825856487,-0.00186107632061514,0.),(0.,0.001),
 .UNSPECIFIED.);
#100=B_SPLINE_SURFACE_WITH_KNOTS('',3,1,((#7339,#7340),(#7341,#7342),(#7343,
#7344),(#7345,#7346),(#7347,#7348),(#7349,#7350),(#7351,#7352),(#7353,#7354),
(#7355,#7356),(#7357,#7358),(#7359,#7360),(#7361,#7362)),.UNSPECIFIED.,
 .F.,.F.,.F.,(4,2,2,2,2,4),(2,2),(-0.0827518506267183,-0.0718997078133325,
-0.0615502807712563,-0.0433758627344782,-0.0250399500341402,-0.00521217060368432),
(0.,0.001),.UNSPECIFIED.);
#101=B_SPLINE_SURFACE_WITH_KNOTS('',3,1,((#7437,#7438),(#7439,#7440),(#7441,
#7442),(#7443,#7444)),.UNSPECIFIED.,.F.,.F.,.F.,(4,4),(2,2),(-0.047106814072003,
-0.0188283862381096),(0.,0.001),.UNSPECIFIED.);
#102=(
BOUNDED_SURFACE()
B_SPLINE_SURFACE(1,2,((#5750,#5751,#5752),(#5753,#5754,#5755)),
 .UNSPECIFIED.,.F.,.F.,.F.)
B_SPLINE_SURFACE_WITH_KNOTS((2,2),(3,3),(-1.50274973551341E-16,0.0927306047380169),
(-3.51087469630793,-3.03374949659816),.UNSPECIFIED.)
GEOMETRIC_REPRESENTATION_ITEM()
RATIONAL_B_SPLINE_SURFACE(((1.,0.971678645074258,1.),(1.,0.971678645074258,
1.)))
REPRESENTATION_ITEM('')
SURFACE()
);
#103=(
BOUNDED_SURFACE()
B_SPLINE_SURFACE(1,2,((#5806,#5807,#5808),(#5809,#5810,#5811)),
 .UNSPECIFIED.,.F.,.F.,.F.)
B_SPLINE_SURFACE_WITH_KNOTS((2,2),(3,3),(-2.65063176638266E-16,0.103373354647426),
(-3.8198983963453,-2.82718173871398),.UNSPECIFIED.)
GEOMETRIC_REPRESENTATION_ITEM()
RATIONAL_B_SPLINE_SURFACE(((1.,0.879322649058187,1.),(1.,0.879322649058187,
1.)))
REPRESENTATION_ITEM('')
SURFACE()
);
#104=(
BOUNDED_SURFACE()
B_SPLINE_SURFACE(1,2,((#5830,#5831,#5832),(#5833,#5834,#5835)),
 .UNSPECIFIED.,.F.,.F.,.F.)
B_SPLINE_SURFACE_WITH_KNOTS((2,2),(3,3),(-2.55288940087457E-16,0.0906611948447065),
(-3.09818145559796,-2.66851124678188),.UNSPECIFIED.)
GEOMETRIC_REPRESENTATION_ITEM()
RATIONAL_B_SPLINE_SURFACE(((1.,0.977011560974919,1.),(1.,0.977011560974919,
1.)))
REPRESENTATION_ITEM('')
SURFACE()
);
#105=(
BOUNDED_SURFACE()
B_SPLINE_SURFACE(1,2,((#5965,#5966,#5967),(#5968,#5969,#5970)),
 .UNSPECIFIED.,.F.,.F.,.F.)
B_SPLINE_SURFACE_WITH_KNOTS((2,2),(3,3),(2.39682704676159E-16,0.0819346380920526),
(-0.346455967962851,0.0751783184229353),.UNSPECIFIED.)
GEOMETRIC_REPRESENTATION_ITEM()
RATIONAL_B_SPLINE_SURFACE(((1.,0.977860246628106,1.),(1.,0.977860246628106,
1.)))
REPRESENTATION_ITEM('')
SURFACE()
);
#106=(
BOUNDED_SURFACE()
B_SPLINE_SURFACE(1,2,((#6016,#6017,#6018),(#6019,#6020,#6021)),
 .UNSPECIFIED.,.F.,.F.,.F.)
B_SPLINE_SURFACE_WITH_KNOTS((2,2),(3,3),(1.32367889320229E-16,0.0950094378054091),
(-0.0879015797971331,0.769148386383061),.UNSPECIFIED.)
GEOMETRIC_REPRESENTATION_ITEM()
RATIONAL_B_SPLINE_SURFACE(((1.,0.909579652127949,1.),(1.,0.909579652127949,
1.)))
REPRESENTATION_ITEM('')
SURFACE()
);
#107=(
BOUNDED_SURFACE()
B_SPLINE_SURFACE(1,2,((#6063,#6064,#6065),(#6066,#6067,#6068)),
 .UNSPECIFIED.,.F.,.F.,.F.)
B_SPLINE_SURFACE_WITH_KNOTS((2,2),(3,3),(-4.61033014688137E-16,0.283465332675805),
(-0.946648312914504,-0.839534619080534),.UNSPECIFIED.)
GEOMETRIC_REPRESENTATION_ITEM()
RATIONAL_B_SPLINE_SURFACE(((1.,0.998566174847654,1.),(1.,0.998566174847654,
1.)))
REPRESENTATION_ITEM('')
SURFACE()
);
#108=(
BOUNDED_SURFACE()
B_SPLINE_SURFACE(1,2,((#6155,#6156,#6157),(#6158,#6159,#6160)),
 .UNSPECIFIED.,.F.,.F.,.F.)
B_SPLINE_SURFACE_WITH_KNOTS((2,2),(3,3),(-9.34697100384252E-17,0.112803275276276),
(2.74712510963563,3.193836141738),.UNSPECIFIED.)
GEOMETRIC_REPRESENTATION_ITEM()
RATIONAL_B_SPLINE_SURFACE(((1.,0.975159683654043,1.),(1.,0.975159683654043,
1.)))
REPRESENTATION_ITEM('')
SURFACE()
);
#109=(
BOUNDED_SURFACE()
B_SPLINE_SURFACE(1,2,((#6187,#6188,#6189),(#6190,#6191,#6192)),
 .UNSPECIFIED.,.F.,.F.,.F.)
B_SPLINE_SURFACE_WITH_KNOTS((2,2),(3,3),(1.05529713532323E-16,0.205053988361662),
(1.90374108887183,2.17626088805532),.UNSPECIFIED.)
GEOMETRIC_REPRESENTATION_ITEM()
RATIONAL_B_SPLINE_SURFACE(((1.,0.990730974519503,1.),(1.,0.990730974519503,
1.)))
REPRESENTATION_ITEM('')
SURFACE()
);
#110=(
BOUNDED_SURFACE()
B_SPLINE_SURFACE(1,2,((#6228,#6229,#6230),(#6231,#6232,#6233)),
 .UNSPECIFIED.,.F.,.F.,.F.)
B_SPLINE_SURFACE_WITH_KNOTS((2,2),(3,3),(-4.48594234053467E-16,0.199574958527757),
(0.641757200755252,1.21082867834315),.UNSPECIFIED.)
GEOMETRIC_REPRESENTATION_ITEM()
RATIONAL_B_SPLINE_SURFACE(((1.,0.959792079728141,1.),(1.,0.959792079728141,
1.)))
REPRESENTATION_ITEM('')
SURFACE()
);
#111=(
BOUNDED_SURFACE()
B_SPLINE_SURFACE(1,2,((#6235,#6236,#6237),(#6238,#6239,#6240)),
 .UNSPECIFIED.,.F.,.F.,.F.)
B_SPLINE_SURFACE_WITH_KNOTS((2,2),(3,3),(-2.58569001366234E-16,0.127753579547394),
(-0.315341048132664,0.165915205605988),.UNSPECIFIED.)
GEOMETRIC_REPRESENTATION_ITEM()
RATIONAL_B_SPLINE_SURFACE(((1.,0.97118847583781,1.),(1.,0.97118847583781,
1.)))
REPRESENTATION_ITEM('')
SURFACE()
);
#112=(
BOUNDED_SURFACE()
B_SPLINE_SURFACE(1,2,((#6280,#6281,#6282),(#6283,#6284,#6285)),
 .UNSPECIFIED.,.F.,.F.,.F.)
B_SPLINE_SURFACE_WITH_KNOTS((2,2),(3,3),(-2.55125233391714E-16,0.0982456089312708),
(-3.51222950668501,-2.2392520595057),.UNSPECIFIED.)
GEOMETRIC_REPRESENTATION_ITEM()
RATIONAL_B_SPLINE_SURFACE(((1.,0.804187727301982,1.),(1.,0.804187727301982,
1.)))
REPRESENTATION_ITEM('')
SURFACE()
);
#113=(
BOUNDED_SURFACE()
B_SPLINE_SURFACE(3,1,((#6749,#6750),(#6751,#6752),(#6753,#6754),(#6755,
#6756)),.UNSPECIFIED.,.F.,.F.,.F.)
B_SPLINE_SURFACE_WITH_KNOTS((4,4),(2,2),(0.,1.),(0.,0.001),
 .UNSPECIFIED.)
GEOMETRIC_REPRESENTATION_ITEM()
RATIONAL_B_SPLINE_SURFACE(((1.,1.),(1.,1.),(1.,1.),(1.,1.)))
REPRESENTATION_ITEM('')
SURFACE()
);
#114=(
BOUNDED_SURFACE()
B_SPLINE_SURFACE(3,1,((#6768,#6769),(#6770,#6771),(#6772,#6773),(#6774,
#6775)),.UNSPECIFIED.,.F.,.F.,.F.)
B_SPLINE_SURFACE_WITH_KNOTS((4,4),(2,2),(0.,1.),(0.,0.001),
 .UNSPECIFIED.)
GEOMETRIC_REPRESENTATION_ITEM()
RATIONAL_B_SPLINE_SURFACE(((1.,1.),(1.,1.),(1.,1.),(1.,1.)))
REPRESENTATION_ITEM('')
SURFACE()
);
#115=(
BOUNDED_SURFACE()
B_SPLINE_SURFACE(3,1,((#6787,#6788),(#6789,#6790),(#6791,#6792),(#6793,
#6794)),.UNSPECIFIED.,.F.,.F.,.F.)
B_SPLINE_SURFACE_WITH_KNOTS((4,4),(2,2),(0.,1.),(0.,0.001),
 .UNSPECIFIED.)
GEOMETRIC_REPRESENTATION_ITEM()
RATIONAL_B_SPLINE_SURFACE(((1.,1.),(1.,1.),(1.,1.),(1.,1.)))
REPRESENTATION_ITEM('')
SURFACE()
);
#116=(
BOUNDED_SURFACE()
B_SPLINE_SURFACE(3,1,((#6806,#6807),(#6808,#6809),(#6810,#6811),(#6812,
#6813)),.UNSPECIFIED.,.F.,.F.,.F.)
B_SPLINE_SURFACE_WITH_KNOTS((4,4),(2,2),(0.,1.),(0.,0.001),
 .UNSPECIFIED.)
GEOMETRIC_REPRESENTATION_ITEM()
RATIONAL_B_SPLINE_SURFACE(((1.,1.),(1.,1.),(1.,1.),(1.,1.)))
REPRESENTATION_ITEM('')
SURFACE()
);
#117=(
BOUNDED_SURFACE()
B_SPLINE_SURFACE(3,1,((#6825,#6826),(#6827,#6828),(#6829,#6830),(#6831,
#6832)),.UNSPECIFIED.,.F.,.F.,.F.)
B_SPLINE_SURFACE_WITH_KNOTS((4,4),(2,2),(0.,1.),(0.,0.001),
 .UNSPECIFIED.)
GEOMETRIC_REPRESENTATION_ITEM()
RATIONAL_B_SPLINE_SURFACE(((1.,1.),(1.,1.),(1.,1.),(1.,1.)))
REPRESENTATION_ITEM('')
SURFACE()
);
#118=(
BOUNDED_SURFACE()
B_SPLINE_SURFACE(3,1,((#6844,#6845),(#6846,#6847),(#6848,#6849),(#6850,
#6851)),.UNSPECIFIED.,.F.,.F.,.F.)
B_SPLINE_SURFACE_WITH_KNOTS((4,4),(2,2),(0.0362016358774113,1.),(0.,0.001),
 .UNSPECIFIED.)
GEOMETRIC_REPRESENTATION_ITEM()
RATIONAL_B_SPLINE_SURFACE(((1.,1.),(1.,1.),(1.,1.),(1.,1.)))
REPRESENTATION_ITEM('')
SURFACE()
);
#119=(
BOUNDED_SURFACE()
B_SPLINE_SURFACE(3,1,((#6882,#6883),(#6884,#6885),(#6886,#6887),(#6888,
#6889)),.UNSPECIFIED.,.F.,.F.,.F.)
B_SPLINE_SURFACE_WITH_KNOTS((4,4),(2,2),(0.,1.),(0.,0.001),
 .UNSPECIFIED.)
GEOMETRIC_REPRESENTATION_ITEM()
RATIONAL_B_SPLINE_SURFACE(((1.,1.),(1.,1.),(1.,1.),(1.,1.)))
REPRESENTATION_ITEM('')
SURFACE()
);
#120=(
BOUNDED_SURFACE()
B_SPLINE_SURFACE(1,2,((#6982,#6983,#6984),(#6985,#6986,#6987)),
 .UNSPECIFIED.,.F.,.F.,.F.)
B_SPLINE_SURFACE_WITH_KNOTS((2,2),(3,3),(1.68611463930882E-16,0.0598724875583207),
(0.64175720075525,1.21082867834315),.UNSPECIFIED.)
GEOMETRIC_REPRESENTATION_ITEM()
RATIONAL_B_SPLINE_SURFACE(((1.,0.959792079728141,1.),(1.,0.959792079728141,
1.)))
REPRESENTATION_ITEM('')
SURFACE()
);
#121=(
BOUNDED_SURFACE()
B_SPLINE_SURFACE(3,1,((#6996,#6997),(#6998,#6999),(#7000,#7001),(#7002,
#7003)),.UNSPECIFIED.,.F.,.F.,.F.)
B_SPLINE_SURFACE_WITH_KNOTS((4,4),(2,2),(0.,1.),(0.,0.001),
 .UNSPECIFIED.)
GEOMETRIC_REPRESENTATION_ITEM()
RATIONAL_B_SPLINE_SURFACE(((1.,1.),(1.,1.),(1.,1.),(1.,1.)))
REPRESENTATION_ITEM('')
SURFACE()
);
#122=(
BOUNDED_SURFACE()
B_SPLINE_SURFACE(3,1,((#7015,#7016),(#7017,#7018),(#7019,#7020),(#7021,
#7022)),.UNSPECIFIED.,.F.,.F.,.F.)
B_SPLINE_SURFACE_WITH_KNOTS((4,4),(2,2),(0.,1.),(0.,0.001),
 .UNSPECIFIED.)
GEOMETRIC_REPRESENTATION_ITEM()
RATIONAL_B_SPLINE_SURFACE(((1.,1.),(1.,1.),(1.,1.),(1.,1.)))
REPRESENTATION_ITEM('')
SURFACE()
);
#123=(
BOUNDED_SURFACE()
B_SPLINE_SURFACE(1,2,((#7034,#7035,#7036),(#7037,#7038,#7039)),
 .UNSPECIFIED.,.F.,.F.,.F.)
B_SPLINE_SURFACE_WITH_KNOTS((2,2),(3,3),(2.39809667588926E-16,0.0615161965084915),
(1.90374108887183,2.17626088805533),.UNSPECIFIED.)
GEOMETRIC_REPRESENTATION_ITEM()
RATIONAL_B_SPLINE_SURFACE(((1.,0.990730974519503,1.),(1.,0.990730974519503,
1.)))
REPRESENTATION_ITEM('')
SURFACE()
);
#124=(
BOUNDED_SURFACE()
B_SPLINE_SURFACE(1,2,((#7072,#7073,#7074),(#7075,#7076,#7077)),
 .UNSPECIFIED.,.F.,.F.,.F.)
B_SPLINE_SURFACE_WITH_KNOTS((2,2),(3,3),(7.79089120660498E-17,0.0338409825828792),
(2.74712510963563,3.193836141738),.UNSPECIFIED.)
GEOMETRIC_REPRESENTATION_ITEM()
RATIONAL_B_SPLINE_SURFACE(((1.,0.975159683654042,1.),(1.,0.975159683654042,
1.)))
REPRESENTATION_ITEM('')
SURFACE()
);
#125=(
BOUNDED_SURFACE()
B_SPLINE_SURFACE(3,1,((#7083,#7084),(#7085,#7086),(#7087,#7088),(#7089,
#7090)),.UNSPECIFIED.,.F.,.F.,.F.)
B_SPLINE_SURFACE_WITH_KNOTS((4,4),(2,2),(0.0373110261308425,1.),(0.,0.001),
 .UNSPECIFIED.)
GEOMETRIC_REPRESENTATION_ITEM()
RATIONAL_B_SPLINE_SURFACE(((1.,1.),(1.,1.),(1.,1.),(1.,1.)))
REPRESENTATION_ITEM('')
SURFACE()
);
#126=(
BOUNDED_SURFACE()
B_SPLINE_SURFACE(3,1,((#7102,#7103),(#7104,#7105),(#7106,#7107),(#7108,
#7109)),.UNSPECIFIED.,.F.,.F.,.F.)
B_SPLINE_SURFACE_WITH_KNOTS((4,4),(2,2),(0.,1.),(0.,0.001),
 .UNSPECIFIED.)
GEOMETRIC_REPRESENTATION_ITEM()
RATIONAL_B_SPLINE_SURFACE(((1.,1.),(1.,1.),(1.,1.),(1.,1.)))
REPRESENTATION_ITEM('')
SURFACE()
);
#127=(
BOUNDED_SURFACE()
B_SPLINE_SURFACE(3,1,((#7121,#7122),(#7123,#7124),(#7125,#7126),(#7127,
#7128)),.UNSPECIFIED.,.F.,.F.,.F.)
B_SPLINE_SURFACE_WITH_KNOTS((4,4),(2,2),(0.00507898731130081,1.),(0.,0.001),
 .UNSPECIFIED.)
GEOMETRIC_REPRESENTATION_ITEM()
RATIONAL_B_SPLINE_SURFACE(((1.,1.),(1.,1.),(1.,1.),(1.,1.)))
REPRESENTATION_ITEM('')
SURFACE()
);
#128=(
BOUNDED_SURFACE()
B_SPLINE_SURFACE(1,2,((#7140,#7141,#7142),(#7143,#7144,#7145)),
 .UNSPECIFIED.,.F.,.F.,.F.)
B_SPLINE_SURFACE_WITH_KNOTS((2,2),(3,3),(-2.24691175637518E-16,0.0850395998027315),
(-0.94690109782211,-0.83953461908053),.UNSPECIFIED.)
GEOMETRIC_REPRESENTATION_ITEM()
RATIONAL_B_SPLINE_SURFACE(((1.,0.998559400925882,1.),(1.,0.998559400925882,
1.)))
REPRESENTATION_ITEM('')
SURFACE()
);
#129=(
BOUNDED_SURFACE()
B_SPLINE_SURFACE(3,1,((#7151,#7152),(#7153,#7154),(#7155,#7156),(#7157,
#7158)),.UNSPECIFIED.,.F.,.F.,.F.)
B_SPLINE_SURFACE_WITH_KNOTS((4,4),(2,2),(0.,1.),(0.,0.001),
 .UNSPECIFIED.)
GEOMETRIC_REPRESENTATION_ITEM()
RATIONAL_B_SPLINE_SURFACE(((1.,1.),(1.,1.),(1.,1.),(1.,1.)))
REPRESENTATION_ITEM('')
SURFACE()
);
#130=(
BOUNDED_SURFACE()
B_SPLINE_SURFACE(1,2,((#7215,#7216,#7217),(#7218,#7219,#7220)),
 .UNSPECIFIED.,.F.,.F.,.F.)
B_SPLINE_SURFACE_WITH_KNOTS((2,2),(3,3),(1.29049194366269E-17,0.0285028313416198),
(-0.0879015797971338,0.769148386383006),.UNSPECIFIED.)
GEOMETRIC_REPRESENTATION_ITEM()
RATIONAL_B_SPLINE_SURFACE(((1.,0.90957965212796,1.),(1.,0.90957965212796,
1.)))
REPRESENTATION_ITEM('')
SURFACE()
);
#131=(
BOUNDED_SURFACE()
B_SPLINE_SURFACE(3,1,((#7232,#7233),(#7234,#7235),(#7236,#7237),(#7238,
#7239)),.UNSPECIFIED.,.F.,.F.,.F.)
B_SPLINE_SURFACE_WITH_KNOTS((4,4),(2,2),(0.0288068616775596,1.),(0.,0.001),
 .UNSPECIFIED.)
GEOMETRIC_REPRESENTATION_ITEM()
RATIONAL_B_SPLINE_SURFACE(((1.,1.),(1.,1.),(1.,1.),(1.,1.)))
REPRESENTATION_ITEM('')
SURFACE()
);
#132=(
BOUNDED_SURFACE()
B_SPLINE_SURFACE(1,2,((#7270,#7271,#7272),(#7273,#7274,#7275)),
 .UNSPECIFIED.,.F.,.F.,.F.)
B_SPLINE_SURFACE_WITH_KNOTS((2,2),(3,3),(-2.8558004624793E-16,0.0245803914276128),
(-0.346455967962851,0.0751783184229366),.UNSPECIFIED.)
GEOMETRIC_REPRESENTATION_ITEM()
RATIONAL_B_SPLINE_SURFACE(((1.,0.977860246628106,1.),(1.,0.977860246628106,
1.)))
REPRESENTATION_ITEM('')
SURFACE()
);
#133=(
BOUNDED_SURFACE()
B_SPLINE_SURFACE(1,2,((#7390,#7391,#7392),(#7393,#7394,#7395)),
 .UNSPECIFIED.,.F.,.F.,.F.)
B_SPLINE_SURFACE_WITH_KNOTS((2,2),(3,3),(3.6526564789124E-16,0.0271983584534092),
(-3.09818145559797,-2.66851124678188),.UNSPECIFIED.)
GEOMETRIC_REPRESENTATION_ITEM()
RATIONAL_B_SPLINE_SURFACE(((1.,0.977011560974919,1.),(1.,0.977011560974919,
1.)))
REPRESENTATION_ITEM('')
SURFACE()
);
#134=(
BOUNDED_SURFACE()
B_SPLINE_SURFACE(3,1,((#7401,#7402),(#7403,#7404),(#7405,#7406),(#7407,
#7408)),.UNSPECIFIED.,.F.,.F.,.F.)
B_SPLINE_SURFACE_WITH_KNOTS((4,4),(2,2),(0.,1.),(0.,0.001),
 .UNSPECIFIED.)
GEOMETRIC_REPRESENTATION_ITEM()
RATIONAL_B_SPLINE_SURFACE(((1.,1.),(1.,1.),(1.,1.),(1.,1.)))
REPRESENTATION_ITEM('')
SURFACE()
);
#135=(
BOUNDED_SURFACE()
B_SPLINE_SURFACE(1,2,((#7420,#7421,#7422),(#7423,#7424,#7425)),
 .UNSPECIFIED.,.F.,.F.,.F.)
B_SPLINE_SURFACE_WITH_KNOTS((2,2),(3,3),(4.63755361575469E-17,0.0310120063942246),
(-3.8198983963453,-2.82718173871398),.UNSPECIFIED.)
GEOMETRIC_REPRESENTATION_ITEM()
RATIONAL_B_SPLINE_SURFACE(((1.,0.879322649058187,1.),(1.,0.879322649058187,
1.)))
REPRESENTATION_ITEM('')
SURFACE()
);
#136=(
BOUNDED_SURFACE()
B_SPLINE_SURFACE(3,1,((#7456,#7457),(#7458,#7459),(#7460,#7461),(#7462,
#7463)),.UNSPECIFIED.,.F.,.F.,.F.)
B_SPLINE_SURFACE_WITH_KNOTS((4,4),(2,2),(0.,1.),(0.,0.001),
 .UNSPECIFIED.)
GEOMETRIC_REPRESENTATION_ITEM()
RATIONAL_B_SPLINE_SURFACE(((1.,1.),(1.,1.),(1.,1.),(1.,1.)))
REPRESENTATION_ITEM('')
SURFACE()
);
#137=(
BOUNDED_SURFACE()
B_SPLINE_SURFACE(1,2,((#7475,#7476,#7477),(#7478,#7479,#7480)),
 .UNSPECIFIED.,.F.,.F.,.F.)
B_SPLINE_SURFACE_WITH_KNOTS((2,2),(3,3),(1.5208741428144E-16,0.0278191814214022),
(-3.51087469630793,-3.03374949659816),.UNSPECIFIED.)
GEOMETRIC_REPRESENTATION_ITEM()
RATIONAL_B_SPLINE_SURFACE(((1.,0.971678645074257,1.),(1.,0.971678645074257,
1.)))
REPRESENTATION_ITEM('')
SURFACE()
);
#138=(
BOUNDED_SURFACE()
B_SPLINE_SURFACE(1,2,((#7486,#7487,#7488),(#7489,#7490,#7491)),
 .UNSPECIFIED.,.F.,.F.,.F.)
B_SPLINE_SURFACE_WITH_KNOTS((2,2),(3,3),(-3.54289967674695E-16,0.029473682679378),
(-3.51222950668501,-2.2392520595057),.UNSPECIFIED.)
GEOMETRIC_REPRESENTATION_ITEM()
RATIONAL_B_SPLINE_SURFACE(((1.,0.804187727301982,1.),(1.,0.804187727301982,
1.)))
REPRESENTATION_ITEM('')
SURFACE()
);
#139=(
BOUNDED_SURFACE()
B_SPLINE_SURFACE(3,1,((#7497,#7498),(#7499,#7500),(#7501,#7502),(#7503,
#7504)),.UNSPECIFIED.,.T.,.F.,.F.)
B_SPLINE_SURFACE_WITH_KNOTS((4,4),(2,2),(-1.,0.),(0.,0.001),
 .UNSPECIFIED.)
GEOMETRIC_REPRESENTATION_ITEM()
RATIONAL_B_SPLINE_SURFACE(((1.,1.),(1.,1.),(1.,1.),(1.,1.)))
REPRESENTATION_ITEM('')
SURFACE()
);
#140=(
BOUNDED_SURFACE()
B_SPLINE_SURFACE(3,1,((#7526,#7527),(#7528,#7529),(#7530,#7531),(#7532,
#7533)),.UNSPECIFIED.,.F.,.F.,.F.)
B_SPLINE_SURFACE_WITH_KNOTS((4,4),(2,2),(0.00688200813118507,1.),(0.,0.001),
 .UNSPECIFIED.)
GEOMETRIC_REPRESENTATION_ITEM()
RATIONAL_B_SPLINE_SURFACE(((1.,1.),(1.,1.),(1.,1.),(1.,1.)))
REPRESENTATION_ITEM('')
SURFACE()
);
#141=(
BOUNDED_SURFACE()
B_SPLINE_SURFACE(1,2,((#7545,#7546,#7547),(#7548,#7549,#7550)),
 .UNSPECIFIED.,.F.,.F.,.F.)
B_SPLINE_SURFACE_WITH_KNOTS((2,2),(3,3),(2.31159478571483E-17,0.038326073864214),
(-0.315341048132664,0.165915205605989),.UNSPECIFIED.)
GEOMETRIC_REPRESENTATION_ITEM()
RATIONAL_B_SPLINE_SURFACE(((1.,0.97118847583781,1.),(1.,0.97118847583781,
1.)))
REPRESENTATION_ITEM('')
SURFACE()
);
#142=TOROIDAL_SURFACE('',#3765,1.94065789045908,0.300000000000052);
#143=TOROIDAL_SURFACE('',#3768,1.9406578904591,0.300000000000027);
#144=CYLINDRICAL_SURFACE('',#3707,2.3);
#145=CYLINDRICAL_SURFACE('',#3709,2.15);
#146=CYLINDRICAL_SURFACE('',#3713,2.3);
#147=CYLINDRICAL_SURFACE('',#3724,2.3);
#148=CYLINDRICAL_SURFACE('',#3756,4.);
#149=CYLINDRICAL_SURFACE('',#3778,2.51);
#150=CYLINDRICAL_SURFACE('',#3787,2.51);
#151=CYLINDRICAL_SURFACE('',#3796,9.);
#152=CYLINDRICAL_SURFACE('',#3804,4.025);
#153=CYLINDRICAL_SURFACE('',#3813,5.);
#154=CYLINDRICAL_SURFACE('',#3817,5.);
#155=CYLINDRICAL_SURFACE('',#3821,5.);
#156=CYLINDRICAL_SURFACE('',#3825,0.3);
#157=CYLINDRICAL_SURFACE('',#3829,5.);
#158=CYLINDRICAL_SURFACE('',#3849,4.25812063399728);
#159=CYLINDRICAL_SURFACE('',#3850,3.78861252685123);
#160=CYLINDRICAL_SURFACE('',#3853,4.13729993735822);
#161=CYLINDRICAL_SURFACE('',#3865,0.252574168456749);
#162=CYLINDRICAL_SURFACE('',#3874,0.283874708933152);
#163=CYLINDRICAL_SURFACE('',#3881,0.275819995823882);
#164=CONICAL_SURFACE('',#3689,2.28963541449232,0.013962634015868);
#165=CONICAL_SURFACE('',#3704,2.43754108744146,0.792379480452332);
#166=CONICAL_SURFACE('',#3715,1.6406871332556,0.0139626340159434);
#167=CONICAL_SURFACE('',#3718,1.6406871332556,0.0139626340159434);
#168=CONICAL_SURFACE('',#3726,2.70383421708129,0.785398163397448);
#169=CONICAL_SURFACE('',#3749,2.45,0.785398163397449);
#170=CONICAL_SURFACE('',#3761,2.45,0.785398163397441);
#171=CONICAL_SURFACE('',#3763,2.81981770724357,0.0139626340159422);
#172=CONICAL_SURFACE('',#3776,2.45,0.785398163397445);
#173=FACE_BOUND('',#386,.T.);
#174=FACE_BOUND('',#419,.T.);
#175=FACE_BOUND('',#429,.T.);
#176=FACE_BOUND('',#469,.T.);
#177=FACE_BOUND('',#475,.T.);
#178=FACE_BOUND('',#476,.T.);
#179=FACE_BOUND('',#477,.T.);
#180=FACE_BOUND('',#478,.T.);
#181=FACE_BOUND('',#479,.T.);
#182=FACE_BOUND('',#482,.T.);
#183=FACE_BOUND('',#485,.T.);
#184=FACE_BOUND('',#490,.T.);
#185=FACE_BOUND('',#588,.T.);
#186=FACE_BOUND('',#590,.T.);
#187=FACE_OUTER_BOUND('',#385,.T.);
#188=FACE_OUTER_BOUND('',#387,.T.);
#189=FACE_OUTER_BOUND('',#388,.T.);
#190=FACE_OUTER_BOUND('',#389,.T.);
#191=FACE_OUTER_BOUND('',#390,.T.);
#192=FACE_OUTER_BOUND('',#391,.T.);
#193=FACE_OUTER_BOUND('',#392,.T.);
#194=FACE_OUTER_BOUND('',#393,.T.);
#195=FACE_OUTER_BOUND('',#394,.T.);
#196=FACE_OUTER_BOUND('',#395,.T.);
#197=FACE_OUTER_BOUND('',#396,.T.);
#198=FACE_OUTER_BOUND('',#397,.T.);
#199=FACE_OUTER_BOUND('',#398,.T.);
#200=FACE_OUTER_BOUND('',#399,.T.);
#201=FACE_OUTER_BOUND('',#400,.T.);
#202=FACE_OUTER_BOUND('',#401,.T.);
#203=FACE_OUTER_BOUND('',#402,.T.);
#204=FACE_OUTER_BOUND('',#403,.T.);
#205=FACE_OUTER_BOUND('',#404,.T.);
#206=FACE_OUTER_BOUND('',#405,.T.);
#207=FACE_OUTER_BOUND('',#406,.T.);
#208=FACE_OUTER_BOUND('',#407,.T.);
#209=FACE_OUTER_BOUND('',#408,.T.);
#210=FACE_OUTER_BOUND('',#409,.T.);
#211=FACE_OUTER_BOUND('',#410,.T.);
#212=FACE_OUTER_BOUND('',#411,.T.);
#213=FACE_OUTER_BOUND('',#412,.T.);
#214=FACE_OUTER_BOUND('',#413,.T.);
#215=FACE_OUTER_BOUND('',#414,.T.);
#216=FACE_OUTER_BOUND('',#415,.T.);
#217=FACE_OUTER_BOUND('',#416,.T.);
#218=FACE_OUTER_BOUND('',#417,.T.);
#219=FACE_OUTER_BOUND('',#418,.T.);
#220=FACE_OUTER_BOUND('',#420,.T.);
#221=FACE_OUTER_BOUND('',#421,.T.);
#222=FACE_OUTER_BOUND('',#422,.T.);
#223=FACE_OUTER_BOUND('',#423,.T.);
#224=FACE_OUTER_BOUND('',#424,.T.);
#225=FACE_OUTER_BOUND('',#425,.T.);
#226=FACE_OUTER_BOUND('',#426,.T.);
#227=FACE_OUTER_BOUND('',#427,.T.);
#228=FACE_OUTER_BOUND('',#428,.T.);
#229=FACE_OUTER_BOUND('',#430,.T.);
#230=FACE_OUTER_BOUND('',#431,.T.);
#231=FACE_OUTER_BOUND('',#432,.T.);
#232=FACE_OUTER_BOUND('',#433,.T.);
#233=FACE_OUTER_BOUND('',#434,.T.);
#234=FACE_OUTER_BOUND('',#435,.T.);
#235=FACE_OUTER_BOUND('',#436,.T.);
#236=FACE_OUTER_BOUND('',#437,.T.);
#237=FACE_OUTER_BOUND('',#438,.T.);
#238=FACE_OUTER_BOUND('',#439,.T.);
#239=FACE_OUTER_BOUND('',#440,.T.);
#240=FACE_OUTER_BOUND('',#441,.T.);
#241=FACE_OUTER_BOUND('',#442,.T.);
#242=FACE_OUTER_BOUND('',#443,.T.);
#243=FACE_OUTER_BOUND('',#444,.T.);
#244=FACE_OUTER_BOUND('',#445,.T.);
#245=FACE_OUTER_BOUND('',#446,.T.);
#246=FACE_OUTER_BOUND('',#447,.T.);
#247=FACE_OUTER_BOUND('',#448,.T.);
#248=FACE_OUTER_BOUND('',#449,.T.);
#249=FACE_OUTER_BOUND('',#450,.T.);
#250=FACE_OUTER_BOUND('',#451,.T.);
#251=FACE_OUTER_BOUND('',#452,.T.);
#252=FACE_OUTER_BOUND('',#453,.T.);
#253=FACE_OUTER_BOUND('',#454,.T.);
#254=FACE_OUTER_BOUND('',#455,.T.);
#255=FACE_OUTER_BOUND('',#456,.T.);
#256=FACE_OUTER_BOUND('',#457,.T.);
#257=FACE_OUTER_BOUND('',#458,.T.);
#258=FACE_OUTER_BOUND('',#459,.T.);
#259=FACE_OUTER_BOUND('',#460,.T.);
#260=FACE_OUTER_BOUND('',#461,.T.);
#261=FACE_OUTER_BOUND('',#462,.T.);
#262=FACE_OUTER_BOUND('',#463,.T.);
#263=FACE_OUTER_BOUND('',#464,.T.);
#264=FACE_OUTER_BOUND('',#465,.T.);
#265=FACE_OUTER_BOUND('',#466,.T.);
#266=FACE_OUTER_BOUND('',#467,.T.);
#267=FACE_OUTER_BOUND('',#468,.T.);
#268=FACE_OUTER_BOUND('',#470,.T.);
#269=FACE_OUTER_BOUND('',#471,.T.);
#270=FACE_OUTER_BOUND('',#472,.T.);
#271=FACE_OUTER_BOUND('',#473,.T.);
#272=FACE_OUTER_BOUND('',#474,.T.);
#273=FACE_OUTER_BOUND('',#480,.T.);
#274=FACE_OUTER_BOUND('',#481,.T.);
#275=FACE_OUTER_BOUND('',#483,.T.);
#276=FACE_OUTER_BOUND('',#484,.T.);
#277=FACE_OUTER_BOUND('',#486,.T.);
#278=FACE_OUTER_BOUND('',#487,.T.);
#279=FACE_OUTER_BOUND('',#488,.T.);
#280=FACE_OUTER_BOUND('',#489,.T.);
#281=FACE_OUTER_BOUND('',#491,.T.);
#282=FACE_OUTER_BOUND('',#492,.T.);
#283=FACE_OUTER_BOUND('',#493,.T.);
#284=FACE_OUTER_BOUND('',#494,.T.);
#285=FACE_OUTER_BOUND('',#495,.T.);
#286=FACE_OUTER_BOUND('',#496,.T.);
#287=FACE_OUTER_BOUND('',#497,.T.);
#288=FACE_OUTER_BOUND('',#498,.T.);
#289=FACE_OUTER_BOUND('',#499,.T.);
#290=FACE_OUTER_BOUND('',#500,.T.);
#291=FACE_OUTER_BOUND('',#501,.T.);
#292=FACE_OUTER_BOUND('',#502,.T.);
#293=FACE_OUTER_BOUND('',#503,.T.);
#294=FACE_OUTER_BOUND('',#504,.T.);
#295=FACE_OUTER_BOUND('',#505,.T.);
#296=FACE_OUTER_BOUND('',#506,.T.);
#297=FACE_OUTER_BOUND('',#507,.T.);
#298=FACE_OUTER_BOUND('',#508,.T.);
#299=FACE_OUTER_BOUND('',#509,.T.);
#300=FACE_OUTER_BOUND('',#510,.T.);
#301=FACE_OUTER_BOUND('',#511,.T.);
#302=FACE_OUTER_BOUND('',#512,.T.);
#303=FACE_OUTER_BOUND('',#513,.T.);
#304=FACE_OUTER_BOUND('',#514,.T.);
#305=FACE_OUTER_BOUND('',#515,.T.);
#306=FACE_OUTER_BOUND('',#516,.T.);
#307=FACE_OUTER_BOUND('',#517,.T.);
#308=FACE_OUTER_BOUND('',#518,.T.);
#309=FACE_OUTER_BOUND('',#519,.T.);
#310=FACE_OUTER_BOUND('',#520,.T.);
#311=FACE_OUTER_BOUND('',#521,.T.);
#312=FACE_OUTER_BOUND('',#522,.T.);
#313=FACE_OUTER_BOUND('',#523,.T.);
#314=FACE_OUTER_BOUND('',#524,.T.);
#315=FACE_OUTER_BOUND('',#525,.T.);
#316=FACE_OUTER_BOUND('',#526,.T.);
#317=FACE_OUTER_BOUND('',#527,.T.);
#318=FACE_OUTER_BOUND('',#528,.T.);
#319=FACE_OUTER_BOUND('',#529,.T.);
#320=FACE_OUTER_BOUND('',#530,.T.);
#321=FACE_OUTER_BOUND('',#531,.T.);
#322=FACE_OUTER_BOUND('',#532,.T.);
#323=FACE_OUTER_BOUND('',#533,.T.);
#324=FACE_OUTER_BOUND('',#534,.T.);
#325=FACE_OUTER_BOUND('',#535,.T.);
#326=FACE_OUTER_BOUND('',#536,.T.);
#327=FACE_OUTER_BOUND('',#537,.T.);
#328=FACE_OUTER_BOUND('',#538,.T.);
#329=FACE_OUTER_BOUND('',#539,.T.);
#330=FACE_OUTER_BOUND('',#540,.T.);
#331=FACE_OUTER_BOUND('',#541,.T.);
#332=FACE_OUTER_BOUND('',#542,.T.);
#333=FACE_OUTER_BOUND('',#543,.T.);
#334=FACE_OUTER_BOUND('',#544,.T.);
#335=FACE_OUTER_BOUND('',#545,.T.);
#336=FACE_OUTER_BOUND('',#546,.T.);
#337=FACE_OUTER_BOUND('',#547,.T.);
#338=FACE_OUTER_BOUND('',#548,.T.);
#339=FACE_OUTER_BOUND('',#549,.T.);
#340=FACE_OUTER_BOUND('',#550,.T.);
#341=FACE_OUTER_BOUND('',#551,.T.);
#342=FACE_OUTER_BOUND('',#552,.T.);
#343=FACE_OUTER_BOUND('',#553,.T.);
#344=FACE_OUTER_BOUND('',#554,.T.);
#345=FACE_OUTER_BOUND('',#555,.T.);
#346=FACE_OUTER_BOUND('',#556,.T.);
#347=FACE_OUTER_BOUND('',#557,.T.);
#348=FACE_OUTER_BOUND('',#558,.T.);
#349=FACE_OUTER_BOUND('',#559,.T.);
#350=FACE_OUTER_BOUND('',#560,.T.);
#351=FACE_OUTER_BOUND('',#561,.T.);
#352=FACE_OUTER_BOUND('',#562,.T.);
#353=FACE_OUTER_BOUND('',#563,.T.);
#354=FACE_OUTER_BOUND('',#564,.T.);
#355=FACE_OUTER_BOUND('',#565,.T.);
#356=FACE_OUTER_BOUND('',#566,.T.);
#357=FACE_OUTER_BOUND('',#567,.T.);
#358=FACE_OUTER_BOUND('',#568,.T.);
#359=FACE_OUTER_BOUND('',#569,.T.);
#360=FACE_OUTER_BOUND('',#570,.T.);
#361=FACE_OUTER_BOUND('',#571,.T.);
#362=FACE_OUTER_BOUND('',#572,.T.);
#363=FACE_OUTER_BOUND('',#573,.T.);
#364=FACE_OUTER_BOUND('',#574,.T.);
#365=FACE_OUTER_BOUND('',#575,.T.);
#366=FACE_OUTER_BOUND('',#576,.T.);
#367=FACE_OUTER_BOUND('',#577,.T.);
#368=FACE_OUTER_BOUND('',#578,.T.);
#369=FACE_OUTER_BOUND('',#579,.T.);
#370=FACE_OUTER_BOUND('',#580,.T.);
#371=FACE_OUTER_BOUND('',#581,.T.);
#372=FACE_OUTER_BOUND('',#582,.T.);
#373=FACE_OUTER_BOUND('',#583,.T.);
#374=FACE_OUTER_BOUND('',#584,.T.);
#375=FACE_OUTER_BOUND('',#585,.T.);
#376=FACE_OUTER_BOUND('',#586,.T.);
#377=FACE_OUTER_BOUND('',#587,.T.);
#378=FACE_OUTER_BOUND('',#589,.T.);
#379=FACE_OUTER_BOUND('',#591,.T.);
#380=FACE_OUTER_BOUND('',#592,.T.);
#381=FACE_OUTER_BOUND('',#593,.T.);
#382=FACE_OUTER_BOUND('',#594,.T.);
#383=FACE_OUTER_BOUND('',#595,.T.);
#384=FACE_OUTER_BOUND('',#596,.T.);
#385=EDGE_LOOP('',(#2296,#2297,#2298,#2299,#2300,#2301,#2302,#2303,#2304,
#2305,#2306,#2307,#2308,#2309,#2310,#2311,#2312,#2313,#2314,#2315,#2316,
#2317,#2318,#2319,#2320,#2321,#2322,#2323,#2324,#2325,#2326,#2327,#2328,
#2329,#2330,#2331,#2332));
#386=EDGE_LOOP('',(#2333,#2334,#2335,#2336,#2337,#2338,#2339,#2340,#2341,
#2342,#2343,#2344));
#387=EDGE_LOOP('',(#2345));
#388=EDGE_LOOP('',(#2346,#2347,#2348,#2349,#2350));
#389=EDGE_LOOP('',(#2351));
#390=EDGE_LOOP('',(#2352));
#391=EDGE_LOOP('',(#2353));
#392=EDGE_LOOP('',(#2354));
#393=EDGE_LOOP('',(#2355));
#394=EDGE_LOOP('',(#2356));
#395=EDGE_LOOP('',(#2357,#2358,#2359,#2360,#2361));
#396=EDGE_LOOP('',(#2362,#2363,#2364,#2365));
#397=EDGE_LOOP('',(#2366,#2367,#2368,#2369));
#398=EDGE_LOOP('',(#2370,#2371,#2372,#2373));
#399=EDGE_LOOP('',(#2374,#2375,#2376,#2377,#2378));
#400=EDGE_LOOP('',(#2379,#2380,#2381,#2382));
#401=EDGE_LOOP('',(#2383,#2384,#2385,#2386,#2387));
#402=EDGE_LOOP('',(#2388,#2389,#2390,#2391,#2392));
#403=EDGE_LOOP('',(#2393,#2394,#2395,#2396,#2397,#2398,#2399,#2400));
#404=EDGE_LOOP('',(#2401,#2402,#2403,#2404));
#405=EDGE_LOOP('',(#2405,#2406,#2407,#2408));
#406=EDGE_LOOP('',(#2409,#2410,#2411,#2412));
#407=EDGE_LOOP('',(#2413,#2414,#2415,#2416,#2417));
#408=EDGE_LOOP('',(#2418));
#409=EDGE_LOOP('',(#2419,#2420,#2421,#2422));
#410=EDGE_LOOP('',(#2423,#2424,#2425,#2426));
#411=EDGE_LOOP('',(#2427,#2428,#2429,#2430));
#412=EDGE_LOOP('',(#2431,#2432,#2433,#2434));
#413=EDGE_LOOP('',(#2435,#2436,#2437,#2438,#2439));
#414=EDGE_LOOP('',(#2440,#2441,#2442,#2443));
#415=EDGE_LOOP('',(#2444,#2445,#2446,#2447,#2448));
#416=EDGE_LOOP('',(#2449,#2450,#2451,#2452));
#417=EDGE_LOOP('',(#2453,#2454,#2455,#2456,#2457,#2458,#2459));
#418=EDGE_LOOP('',(#2460,#2461,#2462,#2463));
#419=EDGE_LOOP('',(#2464));
#420=EDGE_LOOP('',(#2465,#2466,#2467,#2468,#2469,#2470,#2471));
#421=EDGE_LOOP('',(#2472,#2473,#2474,#2475));
#422=EDGE_LOOP('',(#2476,#2477,#2478,#2479,#2480));
#423=EDGE_LOOP('',(#2481,#2482,#2483,#2484,#2485));
#424=EDGE_LOOP('',(#2486,#2487,#2488,#2489));
#425=EDGE_LOOP('',(#2490,#2491,#2492,#2493,#2494,#2495));
#426=EDGE_LOOP('',(#2496,#2497,#2498,#2499));
#427=EDGE_LOOP('',(#2500,#2501,#2502,#2503));
#428=EDGE_LOOP('',(#2504,#2505,#2506,#2507,#2508,#2509,#2510));
#429=EDGE_LOOP('',(#2511));
#430=EDGE_LOOP('',(#2512,#2513,#2514,#2515,#2516,#2517));
#431=EDGE_LOOP('',(#2518,#2519,#2520,#2521));
#432=EDGE_LOOP('',(#2522,#2523,#2524,#2525,#2526));
#433=EDGE_LOOP('',(#2527,#2528,#2529,#2530,#2531));
#434=EDGE_LOOP('',(#2532,#2533,#2534,#2535));
#435=EDGE_LOOP('',(#2536,#2537,#2538,#2539,#2540));
#436=EDGE_LOOP('',(#2541,#2542,#2543,#2544,#2545));
#437=EDGE_LOOP('',(#2546,#2547,#2548,#2549,#2550));
#438=EDGE_LOOP('',(#2551,#2552,#2553,#2554,#2555));
#439=EDGE_LOOP('',(#2556,#2557,#2558,#2559,#2560,#2561,#2562,#2563));
#440=EDGE_LOOP('',(#2564,#2565,#2566,#2567,#2568,#2569,#2570,#2571));
#441=EDGE_LOOP('',(#2572,#2573,#2574,#2575));
#442=EDGE_LOOP('',(#2576,#2577,#2578,#2579));
#443=EDGE_LOOP('',(#2580,#2581,#2582,#2583));
#444=EDGE_LOOP('',(#2584,#2585,#2586,#2587));
#445=EDGE_LOOP('',(#2588,#2589,#2590,#2591));
#446=EDGE_LOOP('',(#2592,#2593,#2594,#2595));
#447=EDGE_LOOP('',(#2596,#2597,#2598,#2599));
#448=EDGE_LOOP('',(#2600,#2601,#2602,#2603));
#449=EDGE_LOOP('',(#2604,#2605,#2606,#2607));
#450=EDGE_LOOP('',(#2608,#2609,#2610,#2611));
#451=EDGE_LOOP('',(#2612,#2613,#2614,#2615));
#452=EDGE_LOOP('',(#2616,#2617,#2618,#2619));
#453=EDGE_LOOP('',(#2620,#2621,#2622,#2623));
#454=EDGE_LOOP('',(#2624,#2625,#2626,#2627));
#455=EDGE_LOOP('',(#2628,#2629,#2630,#2631));
#456=EDGE_LOOP('',(#2632,#2633,#2634,#2635));
#457=EDGE_LOOP('',(#2636,#2637,#2638,#2639));
#458=EDGE_LOOP('',(#2640,#2641,#2642,#2643));
#459=EDGE_LOOP('',(#2644,#2645,#2646,#2647));
#460=EDGE_LOOP('',(#2648,#2649,#2650,#2651,#2652,#2653,#2654,#2655,#2656,
#2657,#2658,#2659));
#461=EDGE_LOOP('',(#2660,#2661,#2662,#2663,#2664,#2665,#2666,#2667,#2668,
#2669,#2670,#2671));
#462=EDGE_LOOP('',(#2672,#2673,#2674,#2675,#2676,#2677,#2678,#2679,#2680,
#2681,#2682,#2683,#2684,#2685,#2686,#2687,#2688,#2689,#2690,#2691,#2692,
#2693));
#463=EDGE_LOOP('',(#2694,#2695,#2696,#2697));
#464=EDGE_LOOP('',(#2698,#2699,#2700,#2701,#2702,#2703));
#465=EDGE_LOOP('',(#2704,#2705,#2706,#2707));
#466=EDGE_LOOP('',(#2708,#2709,#2710,#2711));
#467=EDGE_LOOP('',(#2712,#2713,#2714,#2715));
#468=EDGE_LOOP('',(#2716,#2717,#2718,#2719,#2720,#2721,#2722,#2723));
#469=EDGE_LOOP('',(#2724));
#470=EDGE_LOOP('',(#2725,#2726,#2727,#2728,#2729));
#471=EDGE_LOOP('',(#2730,#2731,#2732,#2733));
#472=EDGE_LOOP('',(#2734,#2735,#2736,#2737,#2738,#2739,#2740,#2741,#2742));
#473=EDGE_LOOP('',(#2743,#2744,#2745,#2746));
#474=EDGE_LOOP('',(#2747,#2748,#2749,#2750,#2751,#2752,#2753,#2754,#2755,
#2756));
#475=EDGE_LOOP('',(#2757));
#476=EDGE_LOOP('',(#2758));
#477=EDGE_LOOP('',(#2759));
#478=EDGE_LOOP('',(#2760));
#479=EDGE_LOOP('',(#2761));
#480=EDGE_LOOP('',(#2762,#2763,#2764,#2765));
#481=EDGE_LOOP('',(#2766,#2767,#2768,#2769,#2770,#2771,#2772,#2773,#2774,
#2775,#2776,#2777,#2778,#2779,#2780,#2781));
#482=EDGE_LOOP('',(#2782));
#483=EDGE_LOOP('',(#2783,#2784,#2785,#2786));
#484=EDGE_LOOP('',(#2787,#2788,#2789,#2790,#2791,#2792,#2793,#2794,#2795,
#2796,#2797,#2798,#2799,#2800,#2801,#2802));
#485=EDGE_LOOP('',(#2803));
#486=EDGE_LOOP('',(#2804,#2805,#2806,#2807));
#487=EDGE_LOOP('',(#2808,#2809,#2810,#2811,#2812,#2813,#2814,#2815,#2816));
#488=EDGE_LOOP('',(#2817));
#489=EDGE_LOOP('',(#2818,#2819,#2820,#2821,#2822,#2823,#2824,#2825,#2826,
#2827,#2828,#2829));
#490=EDGE_LOOP('',(#2830,#2831,#2832,#2833,#2834,#2835,#2836,#2837,#2838,
#2839,#2840,#2841,#2842,#2843,#2844,#2845,#2846,#2847,#2848,#2849,#2850,
#2851,#2852,#2853,#2854,#2855,#2856,#2857,#2858,#2859,#2860,#2861,#2862,
#2863,#2864,#2865));
#491=EDGE_LOOP('',(#2866,#2867,#2868,#2869,#2870,#2871,#2872,#2873,#2874,
#2875,#2876,#2877));
#492=EDGE_LOOP('',(#2878,#2879,#2880,#2881));
#493=EDGE_LOOP('',(#2882,#2883,#2884,#2885));
#494=EDGE_LOOP('',(#2886,#2887,#2888,#2889));
#495=EDGE_LOOP('',(#2890,#2891,#2892,#2893));
#496=EDGE_LOOP('',(#2894,#2895,#2896,#2897));
#497=EDGE_LOOP('',(#2898,#2899,#2900,#2901));
#498=EDGE_LOOP('',(#2902,#2903,#2904,#2905));
#499=EDGE_LOOP('',(#2906,#2907,#2908,#2909));
#500=EDGE_LOOP('',(#2910,#2911,#2912,#2913));
#501=EDGE_LOOP('',(#2914,#2915,#2916,#2917));
#502=EDGE_LOOP('',(#2918,#2919,#2920,#2921));
#503=EDGE_LOOP('',(#2922,#2923,#2924,#2925));
#504=EDGE_LOOP('',(#2926,#2927,#2928,#2929));
#505=EDGE_LOOP('',(#2930,#2931,#2932,#2933));
#506=EDGE_LOOP('',(#2934,#2935,#2936,#2937));
#507=EDGE_LOOP('',(#2938,#2939,#2940,#2941));
#508=EDGE_LOOP('',(#2942,#2943,#2944,#2945));
#509=EDGE_LOOP('',(#2946,#2947,#2948,#2949));
#510=EDGE_LOOP('',(#2950,#2951,#2952,#2953));
#511=EDGE_LOOP('',(#2954,#2955,#2956,#2957));
#512=EDGE_LOOP('',(#2958,#2959,#2960,#2961));
#513=EDGE_LOOP('',(#2962,#2963,#2964,#2965));
#514=EDGE_LOOP('',(#2966,#2967,#2968,#2969));
#515=EDGE_LOOP('',(#2970,#2971,#2972,#2973));
#516=EDGE_LOOP('',(#2974,#2975,#2976,#2977));
#517=EDGE_LOOP('',(#2978,#2979,#2980,#2981));
#518=EDGE_LOOP('',(#2982,#2983,#2984,#2985));
#519=EDGE_LOOP('',(#2986,#2987,#2988,#2989));
#520=EDGE_LOOP('',(#2990,#2991,#2992,#2993));
#521=EDGE_LOOP('',(#2994,#2995,#2996,#2997));
#522=EDGE_LOOP('',(#2998,#2999,#3000,#3001));
#523=EDGE_LOOP('',(#3002,#3003,#3004,#3005));
#524=EDGE_LOOP('',(#3006,#3007,#3008,#3009));
#525=EDGE_LOOP('',(#3010,#3011,#3012,#3013));
#526=EDGE_LOOP('',(#3014,#3015,#3016,#3017));
#527=EDGE_LOOP('',(#3018,#3019,#3020,#3021));
#528=EDGE_LOOP('',(#3022,#3023,#3024,#3025));
#529=EDGE_LOOP('',(#3026,#3027,#3028,#3029));
#530=EDGE_LOOP('',(#3030,#3031,#3032,#3033));
#531=EDGE_LOOP('',(#3034,#3035,#3036,#3037));
#532=EDGE_LOOP('',(#3038,#3039,#3040,#3041));
#533=EDGE_LOOP('',(#3042,#3043,#3044,#3045));
#534=EDGE_LOOP('',(#3046,#3047,#3048,#3049));
#535=EDGE_LOOP('',(#3050,#3051,#3052,#3053));
#536=EDGE_LOOP('',(#3054,#3055,#3056,#3057));
#537=EDGE_LOOP('',(#3058,#3059,#3060,#3061));
#538=EDGE_LOOP('',(#3062,#3063,#3064,#3065));
#539=EDGE_LOOP('',(#3066,#3067,#3068,#3069));
#540=EDGE_LOOP('',(#3070,#3071,#3072,#3073));
#541=EDGE_LOOP('',(#3074,#3075,#3076,#3077));
#542=EDGE_LOOP('',(#3078,#3079,#3080,#3081));
#543=EDGE_LOOP('',(#3082,#3083,#3084,#3085));
#544=EDGE_LOOP('',(#3086,#3087,#3088,#3089));
#545=EDGE_LOOP('',(#3090,#3091,#3092,#3093));
#546=EDGE_LOOP('',(#3094,#3095,#3096,#3097));
#547=EDGE_LOOP('',(#3098,#3099,#3100,#3101));
#548=EDGE_LOOP('',(#3102,#3103,#3104,#3105));
#549=EDGE_LOOP('',(#3106,#3107,#3108,#3109));
#550=EDGE_LOOP('',(#3110,#3111,#3112,#3113));
#551=EDGE_LOOP('',(#3114,#3115,#3116,#3117));
#552=EDGE_LOOP('',(#3118,#3119,#3120,#3121));
#553=EDGE_LOOP('',(#3122,#3123,#3124,#3125));
#554=EDGE_LOOP('',(#3126,#3127,#3128,#3129));
#555=EDGE_LOOP('',(#3130,#3131,#3132,#3133));
#556=EDGE_LOOP('',(#3134,#3135,#3136,#3137));
#557=EDGE_LOOP('',(#3138,#3139,#3140,#3141));
#558=EDGE_LOOP('',(#3142,#3143,#3144,#3145));
#559=EDGE_LOOP('',(#3146,#3147,#3148,#3149));
#560=EDGE_LOOP('',(#3150,#3151,#3152,#3153));
#561=EDGE_LOOP('',(#3154,#3155,#3156,#3157));
#562=EDGE_LOOP('',(#3158,#3159,#3160,#3161));
#563=EDGE_LOOP('',(#3162,#3163,#3164,#3165));
#564=EDGE_LOOP('',(#3166,#3167,#3168,#3169));
#565=EDGE_LOOP('',(#3170,#3171,#3172,#3173));
#566=EDGE_LOOP('',(#3174,#3175,#3176,#3177));
#567=EDGE_LOOP('',(#3178,#3179,#3180,#3181));
#568=EDGE_LOOP('',(#3182,#3183,#3184,#3185));
#569=EDGE_LOOP('',(#3186,#3187,#3188,#3189));
#570=EDGE_LOOP('',(#3190,#3191,#3192,#3193));
#571=EDGE_LOOP('',(#3194,#3195,#3196,#3197));
#572=EDGE_LOOP('',(#3198,#3199,#3200,#3201));
#573=EDGE_LOOP('',(#3202,#3203,#3204,#3205));
#574=EDGE_LOOP('',(#3206,#3207,#3208,#3209));
#575=EDGE_LOOP('',(#3210,#3211,#3212,#3213));
#576=EDGE_LOOP('',(#3214,#3215,#3216,#3217));
#577=EDGE_LOOP('',(#3218,#3219,#3220,#3221));
#578=EDGE_LOOP('',(#3222,#3223,#3224,#3225));
#579=EDGE_LOOP('',(#3226,#3227,#3228,#3229));
#580=EDGE_LOOP('',(#3230,#3231,#3232,#3233));
#581=EDGE_LOOP('',(#3234,#3235,#3236,#3237));
#582=EDGE_LOOP('',(#3238,#3239,#3240,#3241));
#583=EDGE_LOOP('',(#3242,#3243,#3244,#3245));
#584=EDGE_LOOP('',(#3246,#3247,#3248,#3249));
#585=EDGE_LOOP('',(#3250,#3251,#3252,#3253));
#586=EDGE_LOOP('',(#3254,#3255,#3256,#3257));
#587=EDGE_LOOP('',(#3258,#3259,#3260,#3261,#3262,#3263,#3264,#3265,#3266,
#3267,#3268,#3269,#3270,#3271,#3272,#3273,#3274,#3275,#3276,#3277,#3278,
#3279,#3280,#3281,#3282,#3283,#3284,#3285,#3286,#3287,#3288,#3289,#3290,
#3291));
#588=EDGE_LOOP('',(#3292,#3293,#3294,#3295,#3296,#3297,#3298,#3299,#3300,
#3301,#3302,#3303));
#589=EDGE_LOOP('',(#3304,#3305,#3306,#3307,#3308,#3309,#3310,#3311,#3312,
#3313,#3314,#3315,#3316,#3317,#3318,#3319,#3320,#3321,#3322,#3323,#3324,
#3325,#3326,#3327,#3328,#3329,#3330,#3331,#3332,#3333,#3334,#3335,#3336,
#3337));
#590=EDGE_LOOP('',(#3338,#3339,#3340,#3341,#3342,#3343,#3344,#3345,#3346,
#3347,#3348,#3349));
#591=EDGE_LOOP('',(#3350,#3351,#3352,#3353));
#592=EDGE_LOOP('',(#3354,#3355,#3356,#3357));
#593=EDGE_LOOP('',(#3358,#3359,#3360,#3361));
#594=EDGE_LOOP('',(#3362,#3363,#3364,#3365));
#595=EDGE_LOOP('',(#3366,#3367,#3368,#3369));
#596=EDGE_LOOP('',(#3370,#3371,#3372,#3373));
#597=LINE('',#4664,#900);
#598=LINE('',#4735,#901);
#599=LINE('',#5006,#902);
#600=LINE('',#5031,#903);
#601=LINE('',#5035,#904);
#602=LINE('',#5037,#905);
#603=LINE('',#5039,#906);
#604=LINE('',#5040,#907);
#605=LINE('',#5043,#908);
#606=LINE('',#5047,#909);
#607=LINE('',#5052,#910);
#608=LINE('',#5056,#911);
#609=LINE('',#5058,#912);
#610=LINE('',#5059,#913);
#611=LINE('',#5062,#914);
#612=LINE('',#5066,#915);
#613=LINE('',#5072,#916);
#614=LINE('',#5079,#917);
#615=LINE('',#5081,#918);
#616=LINE('',#5082,#919);
#617=LINE('',#5084,#920);
#618=LINE('',#5085,#921);
#619=LINE('',#5086,#922);
#620=LINE('',#5090,#923);
#621=LINE('',#5092,#924);
#622=LINE('',#5094,#925);
#623=LINE('',#5095,#926);
#624=LINE('',#5099,#927);
#625=LINE('',#5101,#928);
#626=LINE('',#5103,#929);
#627=LINE('',#5104,#930);
#628=LINE('',#5107,#931);
#629=LINE('',#5113,#932);
#630=LINE('',#5123,#933);
#631=LINE('',#5127,#934);
#632=LINE('',#5128,#935);
#633=LINE('',#5132,#936);
#634=LINE('',#5136,#937);
#635=LINE('',#5137,#938);
#636=LINE('',#5141,#939);
#637=LINE('',#5143,#940);
#638=LINE('',#5145,#941);
#639=LINE('',#5146,#942);
#640=LINE('',#5150,#943);
#641=LINE('',#5152,#944);
#642=LINE('',#5154,#945);
#643=LINE('',#5155,#946);
#644=LINE('',#5159,#947);
#645=LINE('',#5161,#948);
#646=LINE('',#5163,#949);
#647=LINE('',#5165,#950);
#648=LINE('',#5166,#951);
#649=LINE('',#5169,#952);
#650=LINE('',#5171,#953);
#651=LINE('',#5172,#954);
#652=LINE('',#5175,#955);
#653=LINE('',#5176,#956);
#654=LINE('',#5177,#957);
#655=LINE('',#5180,#958);
#656=LINE('',#5181,#959);
#657=LINE('',#5184,#960);
#658=LINE('',#5186,#961);
#659=LINE('',#5187,#962);
#660=LINE('',#5188,#963);
#661=LINE('',#5191,#964);
#662=LINE('',#5192,#965);
#663=LINE('',#5195,#966);
#664=LINE('',#5196,#967);
#665=LINE('',#5197,#968);
#666=LINE('',#5200,#969);
#667=LINE('',#5201,#970);
#668=LINE('',#5204,#971);
#669=LINE('',#5205,#972);
#670=LINE('',#5208,#973);
#671=LINE('',#5212,#974);
#672=LINE('',#5217,#975);
#673=LINE('',#5219,#976);
#674=LINE('',#5221,#977);
#675=LINE('',#5223,#978);
#676=LINE('',#5225,#979);
#677=LINE('',#5226,#980);
#678=LINE('',#5230,#981);
#679=LINE('',#5232,#982);
#680=LINE('',#5234,#983);
#681=LINE('',#5235,#984);
#682=LINE('',#5238,#985);
#683=LINE('',#5240,#986);
#684=LINE('',#5241,#987);
#685=LINE('',#5245,#988);
#686=LINE('',#5247,#989);
#687=LINE('',#5250,#990);
#688=LINE('',#5251,#991);
#689=LINE('',#5255,#992);
#690=LINE('',#5256,#993);
#691=LINE('',#5259,#994);
#692=LINE('',#5260,#995);
#693=LINE('',#5263,#996);
#694=LINE('',#5264,#997);
#695=LINE('',#5267,#998);
#696=LINE('',#5269,#999);
#697=LINE('',#5270,#1000);
#698=LINE('',#5273,#1001);
#699=LINE('',#5277,#1002);
#700=LINE('',#5289,#1003);
#701=LINE('',#5291,#1004);
#702=LINE('',#5293,#1005);
#703=LINE('',#5294,#1006);
#704=LINE('',#5297,#1007);
#705=LINE('',#5298,#1008);
#706=LINE('',#5301,#1009);
#707=LINE('',#5302,#1010);
#708=LINE('',#5305,#1011);
#709=LINE('',#5306,#1012);
#710=LINE('',#5309,#1013);
#711=LINE('',#5310,#1014);
#712=LINE('',#5313,#1015);
#713=LINE('',#5318,#1016);
#714=LINE('',#5322,#1017);
#715=LINE('',#5324,#1018);
#716=LINE('',#5326,#1019);
#717=LINE('',#5327,#1020);
#718=LINE('',#5330,#1021);
#719=LINE('',#5332,#1022);
#720=LINE('',#5333,#1023);
#721=LINE('',#5336,#1024);
#722=LINE('',#5337,#1025);
#723=LINE('',#5340,#1026);
#724=LINE('',#5341,#1027);
#725=LINE('',#5344,#1028);
#726=LINE('',#5346,#1029);
#727=LINE('',#5347,#1030);
#728=LINE('',#5350,#1031);
#729=LINE('',#5351,#1032);
#730=LINE('',#5354,#1033);
#731=LINE('',#5355,#1034);
#732=LINE('',#5358,#1035);
#733=LINE('',#5362,#1036);
#734=LINE('',#5364,#1037);
#735=LINE('',#5365,#1038);
#736=LINE('',#5368,#1039);
#737=LINE('',#5369,#1040);
#738=LINE('',#5372,#1041);
#739=LINE('',#5373,#1042);
#740=LINE('',#5377,#1043);
#741=LINE('',#5379,#1044);
#742=LINE('',#5381,#1045);
#743=LINE('',#5382,#1046);
#744=LINE('',#5385,#1047);
#745=LINE('',#5387,#1048);
#746=LINE('',#5388,#1049);
#747=LINE('',#5391,#1050);
#748=LINE('',#5392,#1051);
#749=LINE('',#5395,#1052);
#750=LINE('',#5396,#1053);
#751=LINE('',#5403,#1054);
#752=LINE('',#5406,#1055);
#753=LINE('',#5407,#1056);
#754=LINE('',#5409,#1057);
#755=LINE('',#5411,#1058);
#756=LINE('',#5412,#1059);
#757=LINE('',#5415,#1060);
#758=LINE('',#5417,#1061);
#759=LINE('',#5419,#1062);
#760=LINE('',#5421,#1063);
#761=LINE('',#5422,#1064);
#762=LINE('',#5425,#1065);
#763=LINE('',#5429,#1066);
#764=LINE('',#5430,#1067);
#765=LINE('',#5431,#1068);
#766=LINE('',#5434,#1069);
#767=LINE('',#5435,#1070);
#768=LINE('',#5438,#1071);
#769=LINE('',#5439,#1072);
#770=LINE('',#5443,#1073);
#771=LINE('',#5444,#1074);
#772=LINE('',#5445,#1075);
#773=LINE('',#5448,#1076);
#774=LINE('',#5450,#1077);
#775=LINE('',#5451,#1078);
#776=LINE('',#5454,#1079);
#777=LINE('',#5458,#1080);
#778=LINE('',#5462,#1081);
#779=LINE('',#5467,#1082);
#780=LINE('',#5470,#1083);
#781=LINE('',#5474,#1084);
#782=LINE('',#5479,#1085);
#783=LINE('',#5482,#1086);
#784=LINE('',#5486,#1087);
#785=LINE('',#5490,#1088);
#786=LINE('',#5493,#1089);
#787=LINE('',#5512,#1090);
#788=LINE('',#5602,#1091);
#789=LINE('',#5756,#1092);
#790=LINE('',#5757,#1093);
#791=LINE('',#5774,#1094);
#792=LINE('',#5803,#1095);
#793=LINE('',#5805,#1096);
#794=LINE('',#5812,#1097);
#795=LINE('',#5829,#1098);
#796=LINE('',#5836,#1099);
#797=LINE('',#5873,#1100);
#798=LINE('',#5914,#1101);
#799=LINE('',#5947,#1102);
#800=LINE('',#5964,#1103);
#801=LINE('',#5971,#1104);
#802=LINE('',#5996,#1105);
#803=LINE('',#6013,#1106);
#804=LINE('',#6015,#1107);
#805=LINE('',#6022,#1108);
#806=LINE('',#6043,#1109);
#807=LINE('',#6045,#1110);
#808=LINE('',#6062,#1111);
#809=LINE('',#6069,#1112);
#810=LINE('',#6086,#1113);
#811=LINE('',#6103,#1114);
#812=LINE('',#6120,#1115);
#813=LINE('',#6137,#1116);
#814=LINE('',#6154,#1117);
#815=LINE('',#6161,#1118);
#816=LINE('',#6186,#1119);
#817=LINE('',#6193,#1120);
#818=LINE('',#6210,#1121);
#819=LINE('',#6227,#1122);
#820=LINE('',#6234,#1123);
#821=LINE('',#6241,#1124);
#822=LINE('',#6258,#1125);
#823=LINE('',#6260,#1126);
#824=LINE('',#6262,#1127);
#825=LINE('',#6279,#1128);
#826=LINE('',#6326,#1129);
#827=LINE('',#6327,#1130);
#828=LINE('',#6344,#1131);
#829=LINE('',#6369,#1132);
#830=LINE('',#6386,#1133);
#831=LINE('',#6403,#1134);
#832=LINE('',#6420,#1135);
#833=LINE('',#6437,#1136);
#834=LINE('',#6454,#1137);
#835=LINE('',#6471,#1138);
#836=LINE('',#6628,#1139);
#837=LINE('',#6653,#1140);
#838=LINE('',#6693,#1141);
#839=LINE('',#6699,#1142);
#840=LINE('',#6735,#1143);
#841=LINE('',#6763,#1144);
#842=LINE('',#6782,#1145);
#843=LINE('',#6801,#1146);
#844=LINE('',#6820,#1147);
#845=LINE('',#6839,#1148);
#846=LINE('',#6858,#1149);
#847=LINE('',#6877,#1150);
#848=LINE('',#6896,#1151);
#849=LINE('',#6936,#1152);
#850=LINE('',#6992,#1153);
#851=LINE('',#6995,#1154);
#852=LINE('',#7010,#1155);
#853=LINE('',#7029,#1156);
#854=LINE('',#7043,#1157);
#855=LINE('',#7065,#1158);
#856=LINE('',#7081,#1159);
#857=LINE('',#7097,#1160);
#858=LINE('',#7116,#1161);
#859=LINE('',#7135,#1162);
#860=LINE('',#7149,#1163);
#861=LINE('',#7165,#1164);
#862=LINE('',#7172,#1165);
#863=LINE('',#7174,#1166);
#864=LINE('',#7175,#1167);
#865=LINE('',#7204,#1168);
#866=LINE('',#7224,#1169);
#867=LINE('',#7230,#1170);
#868=LINE('',#7246,#1171);
#869=LINE('',#7265,#1172);
#870=LINE('',#7279,#1173);
#871=LINE('',#7302,#1174);
#872=LINE('',#7331,#1175);
#873=LINE('',#7377,#1176);
#874=LINE('',#7399,#1177);
#875=LINE('',#7415,#1178);
#876=LINE('',#7429,#1179);
#877=LINE('',#7435,#1180);
#878=LINE('',#7451,#1181);
#879=LINE('',#7470,#1182);
#880=LINE('',#7484,#1183);
#881=LINE('',#7495,#1184);
#882=LINE('',#7509,#1185);
#883=LINE('',#7518,#1186);
#884=LINE('',#7522,#1187);
#885=LINE('',#7524,#1188);
#886=LINE('',#7525,#1189);
#887=LINE('',#7540,#1190);
#888=LINE('',#7558,#1191);
#889=LINE('',#7560,#1192);
#890=LINE('',#7562,#1193);
#891=LINE('',#7563,#1194);
#892=LINE('',#7566,#1195);
#893=LINE('',#7568,#1196);
#894=LINE('',#7569,#1197);
#895=LINE('',#7572,#1198);
#896=LINE('',#7573,#1199);
#897=LINE('',#7576,#1200);
#898=LINE('',#7577,#1201);
#899=LINE('',#7579,#1202);
#900=VECTOR('',#3906,10.);
#901=VECTOR('',#3917,10.);
#902=VECTOR('',#3938,2.28963541449232);
#903=VECTOR('',#3971,2.43754108744147);
#904=VECTOR('',#3974,1000.);
#905=VECTOR('',#3975,1000.);
#906=VECTOR('',#3976,1000.);
#907=VECTOR('',#3977,1000.);
#908=VECTOR('',#3980,2.15);
#909=VECTOR('',#3985,2.15);
#910=VECTOR('',#3990,1000.);
#911=VECTOR('',#3993,1000.);
#912=VECTOR('',#3994,1000.);
#913=VECTOR('',#3995,1000.);
#914=VECTOR('',#3998,2.15);
#915=VECTOR('',#4003,1.6406871332556);
#916=VECTOR('',#4010,1.6406871332556);
#917=VECTOR('',#4017,10.);
#918=VECTOR('',#4018,1000.);
#919=VECTOR('',#4019,1000.);
#920=VECTOR('',#4020,1000.);
#921=VECTOR('',#4021,1000.);
#922=VECTOR('',#4022,1000.);
#923=VECTOR('',#4025,1000.);
#924=VECTOR('',#4026,1000.);
#925=VECTOR('',#4027,1000.);
#926=VECTOR('',#4028,1000.);
#927=VECTOR('',#4031,1000.);
#928=VECTOR('',#4032,1000.);
#929=VECTOR('',#4033,1000.);
#930=VECTOR('',#4034,1000.);
#931=VECTOR('',#4037,2.15);
#932=VECTOR('',#4044,2.70383421708129);
#933=VECTOR('',#4055,1000.);
#934=VECTOR('',#4058,1000.);
#935=VECTOR('',#4059,1000.);
#936=VECTOR('',#4062,1000.);
#937=VECTOR('',#4065,1000.);
#938=VECTOR('',#4066,1000.);
#939=VECTOR('',#4069,1000.);
#940=VECTOR('',#4070,1000.);
#941=VECTOR('',#4071,1000.);
#942=VECTOR('',#4072,1000.);
#943=VECTOR('',#4075,1000.);
#944=VECTOR('',#4076,1000.);
#945=VECTOR('',#4077,1000.);
#946=VECTOR('',#4078,1000.);
#947=VECTOR('',#4081,1000.);
#948=VECTOR('',#4082,1000.);
#949=VECTOR('',#4083,1000.);
#950=VECTOR('',#4084,1000.);
#951=VECTOR('',#4085,1000.);
#952=VECTOR('',#4088,1000.);
#953=VECTOR('',#4089,1000.);
#954=VECTOR('',#4090,1000.);
#955=VECTOR('',#4093,1000.);
#956=VECTOR('',#4094,1000.);
#957=VECTOR('',#4095,1000.);
#958=VECTOR('',#4098,1000.);
#959=VECTOR('',#4099,1000.);
#960=VECTOR('',#4102,1000.);
#961=VECTOR('',#4103,1000.);
#962=VECTOR('',#4104,1000.);
#963=VECTOR('',#4105,1000.);
#964=VECTOR('',#4108,1000.);
#965=VECTOR('',#4109,1000.);
#966=VECTOR('',#4112,1000.);
#967=VECTOR('',#4113,1000.);
#968=VECTOR('',#4114,1000.);
#969=VECTOR('',#4117,1000.);
#970=VECTOR('',#4118,1000.);
#971=VECTOR('',#4121,1000.);
#972=VECTOR('',#4122,1000.);
#973=VECTOR('',#4125,1000.);
#974=VECTOR('',#4130,2.45);
#975=VECTOR('',#4135,1000.);
#976=VECTOR('',#4136,1000.);
#977=VECTOR('',#4137,1000.);
#978=VECTOR('',#4138,1000.);
#979=VECTOR('',#4139,1000.);
#980=VECTOR('',#4140,1000.);
#981=VECTOR('',#4143,1000.);
#982=VECTOR('',#4144,1000.);
#983=VECTOR('',#4145,1000.);
#984=VECTOR('',#4146,1000.);
#985=VECTOR('',#4149,1000.);
#986=VECTOR('',#4150,1000.);
#987=VECTOR('',#4151,1000.);
#988=VECTOR('',#4154,1000.);
#989=VECTOR('',#4155,1000.);
#990=VECTOR('',#4158,1000.);
#991=VECTOR('',#4159,1000.);
#992=VECTOR('',#4164,1000.);
#993=VECTOR('',#4165,1000.);
#994=VECTOR('',#4168,1000.);
#995=VECTOR('',#4169,1000.);
#996=VECTOR('',#4172,10.);
#997=VECTOR('',#4173,1000.);
#998=VECTOR('',#4176,10.);
#999=VECTOR('',#4177,10.);
#1000=VECTOR('',#4178,10.);
#1001=VECTOR('',#4181,2.45);
#1002=VECTOR('',#4186,2.81981770724358);
#1003=VECTOR('',#4203,1000.);
#1004=VECTOR('',#4204,1000.);
#1005=VECTOR('',#4205,1000.);
#1006=VECTOR('',#4206,1000.);
#1007=VECTOR('',#4209,1000.);
#1008=VECTOR('',#4210,1000.);
#1009=VECTOR('',#4213,1000.);
#1010=VECTOR('',#4214,1000.);
#1011=VECTOR('',#4217,1000.);
#1012=VECTOR('',#4218,1000.);
#1013=VECTOR('',#4221,1000.);
#1014=VECTOR('',#4222,1000.);
#1015=VECTOR('',#4225,2.45);
#1016=VECTOR('',#4232,2.51);
#1017=VECTOR('',#4235,1000.);
#1018=VECTOR('',#4236,1000.);
#1019=VECTOR('',#4237,1000.);
#1020=VECTOR('',#4238,1000.);
#1021=VECTOR('',#4241,1000.);
#1022=VECTOR('',#4242,1000.);
#1023=VECTOR('',#4243,1000.);
#1024=VECTOR('',#4246,1000.);
#1025=VECTOR('',#4247,1000.);
#1026=VECTOR('',#4250,1000.);
#1027=VECTOR('',#4251,1000.);
#1028=VECTOR('',#4254,1000.);
#1029=VECTOR('',#4255,1000.);
#1030=VECTOR('',#4256,1000.);
#1031=VECTOR('',#4259,1000.);
#1032=VECTOR('',#4260,1000.);
#1033=VECTOR('',#4263,1000.);
#1034=VECTOR('',#4264,1000.);
#1035=VECTOR('',#4267,2.51);
#1036=VECTOR('',#4272,1000.);
#1037=VECTOR('',#4273,1000.);
#1038=VECTOR('',#4274,1000.);
#1039=VECTOR('',#4277,1000.);
#1040=VECTOR('',#4278,1000.);
#1041=VECTOR('',#4281,1000.);
#1042=VECTOR('',#4282,1000.);
#1043=VECTOR('',#4285,1000.);
#1044=VECTOR('',#4286,1000.);
#1045=VECTOR('',#4287,1000.);
#1046=VECTOR('',#4288,1000.);
#1047=VECTOR('',#4291,1000.);
#1048=VECTOR('',#4292,1000.);
#1049=VECTOR('',#4293,1000.);
#1050=VECTOR('',#4296,1000.);
#1051=VECTOR('',#4297,1000.);
#1052=VECTOR('',#4300,1000.);
#1053=VECTOR('',#4301,1000.);
#1054=VECTOR('',#4310,1000.);
#1055=VECTOR('',#4315,1000.);
#1056=VECTOR('',#4316,1000.);
#1057=VECTOR('',#4317,1000.);
#1058=VECTOR('',#4318,1000.);
#1059=VECTOR('',#4319,1000.);
#1060=VECTOR('',#4322,1000.);
#1061=VECTOR('',#4323,1000.);
#1062=VECTOR('',#4324,1000.);
#1063=VECTOR('',#4327,1000.);
#1064=VECTOR('',#4328,1000.);
#1065=VECTOR('',#4331,1000.);
#1066=VECTOR('',#4336,1000.);
#1067=VECTOR('',#4337,1000.);
#1068=VECTOR('',#4338,1000.);
#1069=VECTOR('',#4341,1000.);
#1070=VECTOR('',#4342,1000.);
#1071=VECTOR('',#4345,1000.);
#1072=VECTOR('',#4346,1000.);
#1073=VECTOR('',#4349,1000.);
#1074=VECTOR('',#4350,1000.);
#1075=VECTOR('',#4351,1000.);
#1076=VECTOR('',#4354,1000.);
#1077=VECTOR('',#4355,1000.);
#1078=VECTOR('',#4356,1000.);
#1079=VECTOR('',#4359,1000.);
#1080=VECTOR('',#4364,1000.);
#1081=VECTOR('',#4369,1000.);
#1082=VECTOR('',#4376,1000.);
#1083=VECTOR('',#4379,1000.);
#1084=VECTOR('',#4384,1000.);
#1085=VECTOR('',#4391,1000.);
#1086=VECTOR('',#4394,1000.);
#1087=VECTOR('',#4399,1000.);
#1088=VECTOR('',#4404,1000.);
#1089=VECTOR('',#4409,1000.);
#1090=VECTOR('',#4418,10.);
#1091=VECTOR('',#4437,10.);
#1092=VECTOR('',#4446,10.);
#1093=VECTOR('',#4447,10.);
#1094=VECTOR('',#4448,10.);
#1095=VECTOR('',#4449,10.);
#1096=VECTOR('',#4452,10.);
#1097=VECTOR('',#4453,10.);
#1098=VECTOR('',#4454,10.);
#1099=VECTOR('',#4455,10.);
#1100=VECTOR('',#4456,10.);
#1101=VECTOR('',#4457,10.);
#1102=VECTOR('',#4458,10.);
#1103=VECTOR('',#4459,10.);
#1104=VECTOR('',#4460,10.);
#1105=VECTOR('',#4461,10.);
#1106=VECTOR('',#4462,10.);
#1107=VECTOR('',#4465,10.);
#1108=VECTOR('',#4466,10.);
#1109=VECTOR('',#4467,10.);
#1110=VECTOR('',#4470,10.);
#1111=VECTOR('',#4471,10.);
#1112=VECTOR('',#4472,10.);
#1113=VECTOR('',#4473,10.);
#1114=VECTOR('',#4474,10.);
#1115=VECTOR('',#4475,10.);
#1116=VECTOR('',#4476,10.);
#1117=VECTOR('',#4477,10.);
#1118=VECTOR('',#4478,10.);
#1119=VECTOR('',#4479,10.);
#1120=VECTOR('',#4480,10.);
#1121=VECTOR('',#4481,10.);
#1122=VECTOR('',#4482,10.);
#1123=VECTOR('',#4483,10.);
#1124=VECTOR('',#4484,10.);
#1125=VECTOR('',#4485,10.);
#1126=VECTOR('',#4488,10.);
#1127=VECTOR('',#4491,10.);
#1128=VECTOR('',#4492,10.);
#1129=VECTOR('',#4493,10.);
#1130=VECTOR('',#4494,10.);
#1131=VECTOR('',#4495,10.);
#1132=VECTOR('',#4496,10.);
#1133=VECTOR('',#4497,10.);
#1134=VECTOR('',#4498,10.);
#1135=VECTOR('',#4499,10.);
#1136=VECTOR('',#4500,10.);
#1137=VECTOR('',#4501,10.);
#1138=VECTOR('',#4502,10.);
#1139=VECTOR('',#4503,10.);
#1140=VECTOR('',#4504,10.);
#1141=VECTOR('',#4505,10.);
#1142=VECTOR('',#4506,10.);
#1143=VECTOR('',#4507,10.);
#1144=VECTOR('',#4508,10.);
#1145=VECTOR('',#4509,10.);
#1146=VECTOR('',#4510,10.);
#1147=VECTOR('',#4511,10.);
#1148=VECTOR('',#4512,10.);
#1149=VECTOR('',#4513,10.);
#1150=VECTOR('',#4514,10.);
#1151=VECTOR('',#4515,10.);
#1152=VECTOR('',#4516,10.);
#1153=VECTOR('',#4519,10.);
#1154=VECTOR('',#4522,10.);
#1155=VECTOR('',#4523,10.);
#1156=VECTOR('',#4524,10.);
#1157=VECTOR('',#4527,10.);
#1158=VECTOR('',#4530,10.);
#1159=VECTOR('',#4533,10.);
#1160=VECTOR('',#4536,10.);
#1161=VECTOR('',#4537,10.);
#1162=VECTOR('',#4538,10.);
#1163=VECTOR('',#4541,10.);
#1164=VECTOR('',#4544,10.);
#1165=VECTOR('',#4547,6.);
#1166=VECTOR('',#4548,10.);
#1167=VECTOR('',#4549,6.);
#1168=VECTOR('',#4550,10.);
#1169=VECTOR('',#4553,10.);
#1170=VECTOR('',#4560,10.);
#1171=VECTOR('',#4563,10.);
#1172=VECTOR('',#4564,10.);
#1173=VECTOR('',#4567,10.);
#1174=VECTOR('',#4570,10.);
#1175=VECTOR('',#4571,10.);
#1176=VECTOR('',#4572,10.);
#1177=VECTOR('',#4575,10.);
#1178=VECTOR('',#4578,10.);
#1179=VECTOR('',#4581,10.);
#1180=VECTOR('',#4588,10.);
#1181=VECTOR('',#4591,10.);
#1182=VECTOR('',#4592,10.);
#1183=VECTOR('',#4595,10.);
#1184=VECTOR('',#4600,10.);
#1185=VECTOR('',#4603,10.);
#1186=VECTOR('',#4608,10.);
#1187=VECTOR('',#4613,6.);
#1188=VECTOR('',#4614,10.);
#1189=VECTOR('',#4615,6.);
#1190=VECTOR('',#4616,10.);
#1191=VECTOR('',#4627,10.);
#1192=VECTOR('',#4628,10.);
#1193=VECTOR('',#4629,10.);
#1194=VECTOR('',#4630,10.);
#1195=VECTOR('',#4633,10.);
#1196=VECTOR('',#4634,10.);
#1197=VECTOR('',#4635,10.);
#1198=VECTOR('',#4638,10.);
#1199=VECTOR('',#4639,10.);
#1200=VECTOR('',#4642,10.);
#1201=VECTOR('',#4643,10.);
#1202=VECTOR('',#4646,10.);
#1203=CIRCLE('',#3674,4.13729993735822);
#1204=CIRCLE('',#3681,3.78861252685123);
#1205=CIRCLE('',#3685,4.25812063399728);
#1206=CIRCLE('',#3688,2.19887239507297);
#1207=CIRCLE('',#3690,2.2854467603906);
#1208=CIRCLE('',#3691,2.2854467603906);
#1209=CIRCLE('',#3693,2.3);
#1210=CIRCLE('',#3695,2.15);
#1211=CIRCLE('',#3697,2.3);
#1212=CIRCLE('',#3699,1.57500000000012);
#1213=CIRCLE('',#3701,1.57500000000012);
#1214=CIRCLE('',#3703,2.3);
#1215=CIRCLE('',#3705,2.58963541449232);
#1216=CIRCLE('',#3708,2.3);
#1217=CIRCLE('',#3710,2.15);
#1218=CIRCLE('',#3714,2.3);
#1219=CIRCLE('',#3716,1.64068713325632);
#1220=CIRCLE('',#3717,1.64068713325632);
#1221=CIRCLE('',#3719,1.64068713325632);
#1222=CIRCLE('',#3720,1.64068713325632);
#1223=CIRCLE('',#3725,2.3);
#1224=CIRCLE('',#3727,2.51000000003796);
#1225=CIRCLE('',#3728,2.70383421705109);
#1226=CIRCLE('',#3729,2.70383421705109);
#1227=CIRCLE('',#3731,2.51);
#1228=CIRCLE('',#3733,9.);
#1229=CIRCLE('',#3735,9.);
#1230=CIRCLE('',#3750,2.6);
#1231=CIRCLE('',#3762,2.6);
#1232=CIRCLE('',#3764,2.81981770724516);
#1233=CIRCLE('',#3766,1.94065789045911);
#1234=CIRCLE('',#3767,0.300000000000052);
#1235=CIRCLE('',#3769,1.94065789045911);
#1236=CIRCLE('',#3770,0.300000000000027);
#1237=CIRCLE('',#3777,2.6);
#1238=CIRCLE('',#3799,8.99919602966635);
#1239=CIRCLE('',#3800,8.99919602966644);
#1240=CIRCLE('',#3818,5.);
#1241=CIRCLE('',#3820,5.);
#1242=CIRCLE('',#3836,4.13729993735822);
#1243=CIRCLE('',#3839,4.25812063399728);
#1244=CIRCLE('',#3843,3.78861252685123);
#1245=CIRCLE('',#3866,0.252574168456749);
#1246=CIRCLE('',#3867,0.252574168456749);
#1247=CIRCLE('',#3875,0.283874708933152);
#1248=CIRCLE('',#3876,0.283874708933152);
#1249=CIRCLE('',#3882,0.275819995823882);
#1250=CIRCLE('',#3883,0.275819995823882);
#1251=B_SPLINE_CURVE_WITH_KNOTS('',3,(#4657,#4658,#4659,#4660),
 .UNSPECIFIED.,.T.,.F.,(4,4),(-1.,0.),.UNSPECIFIED.);
#1252=B_SPLINE_CURVE_WITH_KNOTS('',3,(#4666,#4667,#4668,#4669),
 .UNSPECIFIED.,.F.,.F.,(4,4),(-0.241609590870245,0.),.UNSPECIFIED.);
#1253=B_SPLINE_CURVE_WITH_KNOTS('',3,(#4675,#4676,#4677,#4678),
 .UNSPECIFIED.,.F.,.F.,(4,4),(-0.144167309710134,0.),.UNSPECIFIED.);
#1254=B_SPLINE_CURVE_WITH_KNOTS('',3,(#4680,#4681,#4682,#4683),
 .UNSPECIFIED.,.F.,.F.,(4,4),(-0.281355356399665,0.),.UNSPECIFIED.);
#1255=B_SPLINE_CURVE_WITH_KNOTS('',3,(#4687,#4688,#4689,#4690,#4691,#4692,
#4693),.UNSPECIFIED.,.F.,.F.,(4,3,4),(-0.00965861329573681,-0.0038954666031324,
0.),.UNSPECIFIED.);
#1256=B_SPLINE_CURVE_WITH_KNOTS('',3,(#4697,#4698,#4699,#4700),
 .UNSPECIFIED.,.F.,.F.,(4,4),(-0.00111724022398823,0.),.UNSPECIFIED.);
#1257=B_SPLINE_CURVE_WITH_KNOTS('',3,(#4702,#4703,#4704,#4705,#4706,#4707,
#4708),.UNSPECIFIED.,.F.,.F.,(4,3,4),(-0.000994228950201857,-0.000531638661376322,
-6.90483725507866E-5),.UNSPECIFIED.);
#1258=B_SPLINE_CURVE_WITH_KNOTS('',3,(#4710,#4711,#4712,#4713),
 .UNSPECIFIED.,.F.,.F.,(4,4),(-0.0113598741824206,0.),.UNSPECIFIED.);
#1259=B_SPLINE_CURVE_WITH_KNOTS('',3,(#4715,#4716,#4717,#4718),
 .UNSPECIFIED.,.F.,.F.,(4,4),(-0.00599672697616607,0.),.UNSPECIFIED.);
#1260=B_SPLINE_CURVE_WITH_KNOTS('',3,(#4720,#4721,#4722,#4723,#4724,#4725,
#4726),.UNSPECIFIED.,.F.,.F.,(4,3,4),(-0.00119156705388733,-0.000595783526943665,
0.),.UNSPECIFIED.);
#1261=B_SPLINE_CURVE_WITH_KNOTS('',3,(#4730,#4731,#4732,#4733),
 .UNSPECIFIED.,.F.,.F.,(4,4),(-0.255398928134228,0.),.UNSPECIFIED.);
#1262=B_SPLINE_CURVE_WITH_KNOTS('',3,(#4737,#4738,#4739,#4740,#4741,#4742,
#4743),.UNSPECIFIED.,.F.,.F.,(4,3,4),(-0.460108270507477,-0.262919011718558,
0.),.UNSPECIFIED.);
#1263=B_SPLINE_CURVE_WITH_KNOTS('',3,(#4749,#4750,#4751,#4752),
 .UNSPECIFIED.,.F.,.F.,(4,4),(-0.0697531278955651,0.),.UNSPECIFIED.);
#1264=B_SPLINE_CURVE_WITH_KNOTS('',3,(#4754,#4755,#4756,#4757,#4758,#4759,
#4760),.UNSPECIFIED.,.F.,.F.,(4,3,4),(-0.0149823399984365,-0.00967131471378313,
1.73472347597681E-18),.UNSPECIFIED.);
#1265=B_SPLINE_CURVE_WITH_KNOTS('',3,(#4764,#4765,#4766,#4767,#4768,#4769,
#4770,#4771,#4772,#4773,#4774,#4775,#4776,#4777),.UNSPECIFIED.,.F.,.F.,
(4,2,2,2,2,2,4),(-0.000691813833545469,-0.000326358625529123,-0.000227803394196423,
-0.000203313749749952,-0.000196841819606359,-0.000179110341398242,0.),
 .UNSPECIFIED.);
#1266=B_SPLINE_CURVE_WITH_KNOTS('',3,(#4779,#4780,#4781,#4782,#4783,#4784,
#4785,#4786,#4787,#4788,#4789,#4790,#4791),.UNSPECIFIED.,.F.,.F.,(4,3,3,
3,4),(-0.0682486178395379,-0.0653094804715262,-0.0522475843772209,-0.0391856882829157,
0.),.UNSPECIFIED.);
#1267=B_SPLINE_CURVE_WITH_KNOTS('',3,(#4793,#4794,#4795,#4796,#4797,#4798,
#4799,#4800,#4801,#4802,#4803,#4804,#4805,#4806,#4807,#4808),
 .UNSPECIFIED.,.F.,.F.,(4,3,3,3,3,4),(-0.0358091502358085,-0.0329799286556446,
-0.0269513365696204,-0.0148941523975719,-0.00283696822552341,0.),
 .UNSPECIFIED.);
#1268=B_SPLINE_CURVE_WITH_KNOTS('',3,(#4810,#4811,#4812,#4813,#4814,#4815,
#4816,#4817,#4818,#4819,#4820,#4821,#4822,#4823,#4824,#4825),
 .UNSPECIFIED.,.F.,.F.,(4,3,3,3,3,4),(-0.295094839575558,-0.179526732289261,
-0.121742678646112,-0.0639586250029638,-0.00617457135981531,0.),
 .UNSPECIFIED.);
#1269=B_SPLINE_CURVE_WITH_KNOTS('',3,(#4829,#4830,#4831,#4832),
 .UNSPECIFIED.,.F.,.F.,(4,4),(-0.00153015274006513,0.),.UNSPECIFIED.);
#1270=B_SPLINE_CURVE_WITH_KNOTS('',3,(#4838,#4839,#4840,#4841,#4842,#4843,
#4844,#4845,#4846,#4847),.UNSPECIFIED.,.F.,.F.,(4,3,3,4),(-0.402601958931792,
-0.289433003759506,-0.119679571001077,0.),.UNSPECIFIED.);
#1271=B_SPLINE_CURVE_WITH_KNOTS('',3,(#4849,#4850,#4851,#4852),
 .UNSPECIFIED.,.F.,.F.,(4,4),(-0.121016811909195,0.),.UNSPECIFIED.);
#1272=B_SPLINE_CURVE_WITH_KNOTS('',3,(#4856,#4857,#4858,#4859,#4860,#4861,
#4862),.UNSPECIFIED.,.F.,.F.,(4,3,4),(-0.120427650154712,-0.0122026437055493,
0.),.UNSPECIFIED.);
#1273=B_SPLINE_CURVE_WITH_KNOTS('',3,(#4864,#4865,#4866,#4867,#4868,#4869,
#4870),.UNSPECIFIED.,.F.,.F.,(4,3,4),(-0.0259201385886763,-0.0166988964045353,
0.),.UNSPECIFIED.);
#1274=B_SPLINE_CURVE_WITH_KNOTS('',3,(#4872,#4873,#4874,#4875,#4876,#4877,
#4878,#4879,#4880,#4881,#4882,#4883,#4884,#4885,#4886,#4887,#4888,#4889,
#4890,#4891,#4892,#4893,#4894,#4895,#4896,#4897,#4898,#4899,#4900,#4901,
#4902,#4903,#4904,#4905,#4906,#4907,#4908,#4909,#4910,#4911,#4912,#4913,
#4914,#4915,#4916,#4917,#4918,#4919,#4920,#4921,#4922,#4923,#4924,#4925,
#4926,#4927,#4928,#4929,#4930,#4931,#4932,#4933,#4934,#4935,#4936,#4937,
#4938),.UNSPECIFIED.,.F.,.F.,(4,3,3,3,3,3,3,3,3,3,3,3,3,3,3,3,3,3,3,3,3,
3,4),(-0.0211039320044877,-0.0190781029761172,-0.0160393594335614,-0.0140135304051909,
-0.0109747868626351,-0.0109576387581622,-0.0109404906536894,-0.0109061944447436,
-0.0108376020268522,-0.0107004171910692,-0.0105632323552863,-0.0104260475195033,
-0.00987730817637158,-0.0096029385048057,-0.00946575366902277,-0.00939716125113129,
-0.00936286504218556,-0.00932856883323983,-0.00877982949010806,-0.00768235080384457,
-0.00548739343131755,-0.00219495737252702,0.),.UNSPECIFIED.);
#1275=B_SPLINE_CURVE_WITH_KNOTS('',3,(#4940,#4941,#4942,#4943),
 .UNSPECIFIED.,.F.,.F.,(4,4),(-0.0645368028641382,0.),.UNSPECIFIED.);
#1276=B_SPLINE_CURVE_WITH_KNOTS('',3,(#4945,#4946,#4947,#4948),
 .UNSPECIFIED.,.F.,.F.,(4,4),(-0.0155672135634889,0.),.UNSPECIFIED.);
#1277=B_SPLINE_CURVE_WITH_KNOTS('',3,(#4950,#4951,#4952,#4953),
 .UNSPECIFIED.,.F.,.F.,(4,4),(-0.142521364907482,0.),.UNSPECIFIED.);
#1278=B_SPLINE_CURVE_WITH_KNOTS('',3,(#4955,#4956,#4957,#4958),
 .UNSPECIFIED.,.F.,.F.,(4,4),(-0.138418952771352,0.),.UNSPECIFIED.);
#1279=B_SPLINE_CURVE_WITH_KNOTS('',3,(#4960,#4961,#4962,#4963),
 .UNSPECIFIED.,.F.,.F.,(4,4),(-0.072227707500063,0.),.UNSPECIFIED.);
#1280=B_SPLINE_CURVE_WITH_KNOTS('',3,(#4965,#4966,#4967,#4968),
 .UNSPECIFIED.,.F.,.F.,(4,4),(-0.0144068470389088,0.),.UNSPECIFIED.);
#1281=B_SPLINE_CURVE_WITH_KNOTS('',3,(#4970,#4971,#4972,#4973,#4974,#4975,
#4976),.UNSPECIFIED.,.F.,.F.,(4,3,4),(-0.108761579224522,-0.03631172943215,
0.),.UNSPECIFIED.);
#1282=B_SPLINE_CURVE_WITH_KNOTS('',3,(#4978,#4979,#4980,#4981),
 .UNSPECIFIED.,.F.,.F.,(4,4),(-0.39426022574787,0.),.UNSPECIFIED.);
#1283=B_SPLINE_CURVE_WITH_KNOTS('',3,(#4982,#4983,#4984,#4985,#4986,#4987,
#4988,#4989,#4990,#4991,#4992,#4993,#4994,#4995,#4996,#4997,#4998,#4999,
#5000),.UNSPECIFIED.,.F.,.F.,(4,3,3,3,3,3,4),(-0.409309314965535,-0.402859203080936,
-0.362573282772842,-0.322287362464748,-0.241715521848561,-0.161143681232374,
0.),.UNSPECIFIED.);
#1284=B_SPLINE_CURVE_WITH_KNOTS('',3,(#5496,#5497,#5498,#5499),
 .UNSPECIFIED.,.T.,.F.,(4,4),(-1.,0.),.UNSPECIFIED.);
#1285=B_SPLINE_CURVE_WITH_KNOTS('',3,(#5507,#5508,#5509,#5510),
 .UNSPECIFIED.,.F.,.F.,(4,4),(0.00688200813118507,1.),.UNSPECIFIED.);
#1286=B_SPLINE_CURVE_WITH_KNOTS('',3,(#5519,#5520,#5521,#5522),
 .UNSPECIFIED.,.F.,.F.,(4,4),(0.,1.),.UNSPECIFIED.);
#1287=B_SPLINE_CURVE_WITH_KNOTS('',3,(#5524,#5525,#5526,#5527,#5528,#5529,
#5530),.UNSPECIFIED.,.F.,.F.,(4,1,2,4),(-0.047106814072003,-0.0391579204790168,
-0.0272345800895376,-0.0188283862381096),.UNSPECIFIED.);
#1288=B_SPLINE_CURVE_WITH_KNOTS('',3,(#5536,#5537,#5538,#5539),
 .UNSPECIFIED.,.F.,.F.,(4,4),(0.,1.),.UNSPECIFIED.);
#1289=B_SPLINE_CURVE_WITH_KNOTS('',3,(#5543,#5544,#5545,#5546,#5547,#5548,
#5549,#5550,#5551),.UNSPECIFIED.,.F.,.F.,(4,1,1,1,2,4),(-0.0827518506267183,
-0.0523849554524885,-0.0372015078653736,-0.0220180602782587,-0.00683461269114374,
-0.00521217060368432),.UNSPECIFIED.);
#1290=B_SPLINE_CURVE_WITH_KNOTS('',3,(#5553,#5554,#5555,#5556,#5557,#5558,
#5559,#5560,#5561,#5562),.UNSPECIFIED.,.F.,.F.,(4,2,1,1,2,4),(-0.00276846825856487,
-0.00254973617222516,-0.00208365513639807,-0.00115149306474389,-0.000219330993089714,
0.),.UNSPECIFIED.);
#1291=B_SPLINE_CURVE_WITH_KNOTS('',3,(#5564,#5565,#5566,#5567,#5568,#5569,
#5570,#5571),.UNSPECIFIED.,.F.,.F.,(4,2,1,1,4),(-0.00601271971844057,-0.00575378100631311,
-0.00460302480505049,-0.00345226860378786,0.),.UNSPECIFIED.);
#1292=B_SPLINE_CURVE_WITH_KNOTS('',3,(#5573,#5574,#5575,#5576),
 .UNSPECIFIED.,.F.,.F.,(4,4),(-1.,-0.0569521929502635),.UNSPECIFIED.);
#1293=B_SPLINE_CURVE_WITH_KNOTS('',3,(#5580,#5581,#5582,#5583,#5584,#5585),
 .UNSPECIFIED.,.F.,.F.,(4,2,4),(-0.00395469174593363,-0.00336455485980165,
-0.00228992251593269),.UNSPECIFIED.);
#1294=B_SPLINE_CURVE_WITH_KNOTS('',3,(#5587,#5588,#5589,#5590),
 .UNSPECIFIED.,.F.,.F.,(4,4),(0.0288068616775596,1.),.UNSPECIFIED.);
#1295=B_SPLINE_CURVE_WITH_KNOTS('',3,(#5596,#5597,#5598,#5599,#5600),
 .UNSPECIFIED.,.F.,.F.,(4,1,4),(-0.0511410384604184,-0.0292234505488105,
0.),.UNSPECIFIED.);
#1296=B_SPLINE_CURVE_WITH_KNOTS('',3,(#5604,#5605,#5606,#5607),
 .UNSPECIFIED.,.F.,.F.,(4,4),(0.,1.),.UNSPECIFIED.);
#1297=B_SPLINE_CURVE_WITH_KNOTS('',3,(#5611,#5612,#5613,#5614),
 .UNSPECIFIED.,.F.,.F.,(4,4),(-1.,-0.0608725872633385),.UNSPECIFIED.);
#1298=B_SPLINE_CURVE_WITH_KNOTS('',3,(#5616,#5617,#5618,#5619),
 .UNSPECIFIED.,.F.,.F.,(4,4),(0.0050789873113008,1.),.UNSPECIFIED.);
#1299=B_SPLINE_CURVE_WITH_KNOTS('',3,(#5621,#5622,#5623,#5624),
 .UNSPECIFIED.,.F.,.F.,(4,4),(0.,1.),.UNSPECIFIED.);
#1300=B_SPLINE_CURVE_WITH_KNOTS('',3,(#5626,#5627,#5628,#5629),
 .UNSPECIFIED.,.F.,.F.,(4,4),(-1.,-0.898847480897281),.UNSPECIFIED.);
#1301=B_SPLINE_CURVE_WITH_KNOTS('',3,(#5631,#5632,#5633,#5634),
 .UNSPECIFIED.,.F.,.F.,(4,4),(0.0479975958030356,1.),.UNSPECIFIED.);
#1302=B_SPLINE_CURVE_WITH_KNOTS('',3,(#5638,#5639,#5640,#5641,#5642,#5643),
 .UNSPECIFIED.,.F.,.F.,(4,2,4),(-0.00241828377130307,-0.000975330865784452,
0.),.UNSPECIFIED.);
#1303=B_SPLINE_CURVE_WITH_KNOTS('',3,(#5647,#5648,#5649,#5650),
 .UNSPECIFIED.,.F.,.F.,(4,4),(0.,1.),.UNSPECIFIED.);
#1304=B_SPLINE_CURVE_WITH_KNOTS('',3,(#5651,#5652,#5653,#5654),
 .UNSPECIFIED.,.F.,.F.,(4,4),(0.,1.),.UNSPECIFIED.);
#1305=B_SPLINE_CURVE_WITH_KNOTS('',3,(#5658,#5659,#5660,#5661,#5662,#5663),
 .UNSPECIFIED.,.F.,.F.,(4,2,4),(-0.00290299646124328,-0.00187023834780776,
0.),.UNSPECIFIED.);
#1306=B_SPLINE_CURVE_WITH_KNOTS('',3,(#5665,#5666,#5667,#5668,#5669,#5670),
 .UNSPECIFIED.,.F.,.F.,(4,2,4),(-0.0252958034771493,-0.0108364146548372,
-0.00920608192686871),.UNSPECIFIED.);
#1307=B_SPLINE_CURVE_WITH_KNOTS('',3,(#5672,#5673,#5674,#5675,#5676,#5677,
#5678,#5679,#5680,#5681),.UNSPECIFIED.,.F.,.F.,(4,2,1,1,1,1,4),(-0.0405527847498441,
-0.039913732597096,-0.0359223593373864,-0.0319309860776768,-0.0239482395582576,
-0.0159654930388384,0.),.UNSPECIFIED.);
#1308=B_SPLINE_CURVE_WITH_KNOTS('',3,(#5683,#5684,#5685,#5686),
 .UNSPECIFIED.,.F.,.F.,(4,4),(0.,1.),.UNSPECIFIED.);
#1309=B_SPLINE_CURVE_WITH_KNOTS('',3,(#5688,#5689,#5690,#5691,#5692,#5693),
 .UNSPECIFIED.,.F.,.F.,(4,2,4),(-0.0103666969733317,-0.00628508835558658,
-0.00423939373785812),.UNSPECIFIED.);
#1310=B_SPLINE_CURVE_WITH_KNOTS('',3,(#5695,#5696,#5697,#5698),
 .UNSPECIFIED.,.F.,.F.,(4,4),(0.0362016358774113,1.),.UNSPECIFIED.);
#1311=B_SPLINE_CURVE_WITH_KNOTS('',3,(#5700,#5701,#5702,#5703),
 .UNSPECIFIED.,.F.,.F.,(4,4),(0.,1.),.UNSPECIFIED.);
#1312=B_SPLINE_CURVE_WITH_KNOTS('',3,(#5705,#5706,#5707,#5708),
 .UNSPECIFIED.,.F.,.F.,(4,4),(0.,1.),.UNSPECIFIED.);
#1313=B_SPLINE_CURVE_WITH_KNOTS('',3,(#5710,#5711,#5712,#5713),
 .UNSPECIFIED.,.F.,.F.,(4,4),(0.,1.),.UNSPECIFIED.);
#1314=B_SPLINE_CURVE_WITH_KNOTS('',3,(#5715,#5716,#5717,#5718),
 .UNSPECIFIED.,.F.,.F.,(4,4),(0.,1.),.UNSPECIFIED.);
#1315=B_SPLINE_CURVE_WITH_KNOTS('',3,(#5720,#5721,#5722,#5723),
 .UNSPECIFIED.,.F.,.F.,(4,4),(0.,1.),.UNSPECIFIED.);
#1316=B_SPLINE_CURVE_WITH_KNOTS('',3,(#5724,#5725,#5726,#5727,#5728,#5729,
#5730,#5731,#5732,#5733,#5734,#5735,#5736,#5737,#5738,#5739,#5740,#5741,
#5742,#5743,#5744,#5745,#5746,#5747,#5748,#5749),.UNSPECIFIED.,.F.,.F.,
(4,1,1,1,2,1,1,1,1,1,1,1,1,1,1,1,1,1,1,1,1,1,4),(-0.0166081275702853,-0.0163067821995779,
-0.0158547641435167,-0.0155534187728092,-0.0151014007167481,-0.0150988499082509,
-0.0150962990997538,-0.0150911974827595,-0.015080994248771,-0.0150605877807939,
-0.0150401813128169,-0.0150197748448398,-0.0149381489729315,-0.0148973360369774,
-0.0148769295690004,-0.0148667263350118,-0.0148616247180176,-0.0148565231010233,
-0.014774897229115,-0.0146116454852985,-0.0142851419976655,-0.013795386766216,
-0.0134688832785829),.UNSPECIFIED.);
#1317=B_SPLINE_CURVE_WITH_KNOTS('',3,(#6688,#6689,#6690,#6691),
 .UNSPECIFIED.,.F.,.F.,(4,4),(-0.00290299646124328,0.),.UNSPECIFIED.);
#1318=B_SPLINE_CURVE_WITH_KNOTS('',3,(#6695,#6696,#6697,#6698),
 .UNSPECIFIED.,.F.,.F.,(4,4),(-0.00290299646124328,0.),.UNSPECIFIED.);
#1319=B_SPLINE_CURVE_WITH_KNOTS('',3,(#6721,#6722,#6723,#6724,#6725,#6726,
#6727,#6728,#6729,#6730,#6731,#6732,#6733),.UNSPECIFIED.,.F.,.F.,(4,3,3,
3,4),(-0.0166081275702853,-0.0153760061856631,-0.0148281455708906,-0.0143498182944103,
-0.0134688832785829),.UNSPECIFIED.);
#1320=B_SPLINE_CURVE_WITH_KNOTS('',3,(#6736,#6737,#6738,#6739,#6740,#6741,
#6742,#6743,#6744,#6745,#6746,#6747,#6748),.UNSPECIFIED.,.F.,.F.,(4,3,3,
3,4),(-0.0166081275702853,-0.0153760061856631,-0.0148281455708906,-0.0143498182944103,
-0.0134688832785829),.UNSPECIFIED.);
#1321=B_SPLINE_CURVE_WITH_KNOTS('',3,(#6872,#6873,#6874,#6875),
 .UNSPECIFIED.,.F.,.F.,(4,4),(-0.0103666969733317,-0.00423939373785812),
 .UNSPECIFIED.);
#1322=B_SPLINE_CURVE_WITH_KNOTS('',3,(#6878,#6879,#6880,#6881),
 .UNSPECIFIED.,.F.,.F.,(4,4),(-0.0103666969733317,-0.00423939373785812),
 .UNSPECIFIED.);
#1323=B_SPLINE_CURVE_WITH_KNOTS('',3,(#6922,#6923,#6924,#6925,#6926,#6927,
#6928,#6929,#6930,#6931,#6932,#6933,#6934),.UNSPECIFIED.,.F.,.F.,(4,3,3,
3,4),(-0.0405527847498441,-0.0336933042506864,-0.0232124251297671,-0.01153207646508,
0.),.UNSPECIFIED.);
#1324=B_SPLINE_CURVE_WITH_KNOTS('',3,(#6937,#6938,#6939,#6940,#6941,#6942,
#6943,#6944,#6945,#6946,#6947,#6948,#6949),.UNSPECIFIED.,.F.,.F.,(4,3,3,
3,4),(-0.0405527847498441,-0.0336933042506864,-0.0232124251297671,-0.01153207646508,
0.),.UNSPECIFIED.);
#1325=B_SPLINE_CURVE_WITH_KNOTS('',3,(#6966,#6967,#6968,#6969,#6970,#6971,
#6972,#6973),.UNSPECIFIED.,.F.,.F.,(4,2,2,4),(-0.0252958034771493,-0.0192624956045943,
-0.0130311073799033,-0.00920608192686871),.UNSPECIFIED.);
#1326=B_SPLINE_CURVE_WITH_KNOTS('',3,(#6974,#6975,#6976,#6977,#6978,#6979,
#6980,#6981),.UNSPECIFIED.,.F.,.F.,(4,2,2,4),(-0.0252958034771493,-0.0192624956045943,
-0.0130311073799033,-0.00920608192686871),.UNSPECIFIED.);
#1327=B_SPLINE_CURVE_WITH_KNOTS('',3,(#7058,#7059,#7060,#7061,#7062,#7063),
 .UNSPECIFIED.,.F.,.F.,(4,2,4),(-0.00241828377130307,-0.000465381771044508,
0.),.UNSPECIFIED.);
#1328=B_SPLINE_CURVE_WITH_KNOTS('',3,(#7066,#7067,#7068,#7069,#7070,#7071),
 .UNSPECIFIED.,.F.,.F.,(4,2,4),(-0.00241828377130307,-0.000465381771044508,
0.),.UNSPECIFIED.);
#1329=B_SPLINE_CURVE_WITH_KNOTS('',3,(#7193,#7194,#7195,#7196,#7197,#7198,
#7199,#7200,#7201,#7202),.UNSPECIFIED.,.F.,.F.,(4,3,3,4),(-0.0511410384604213,
-0.0348012792291168,-0.0177620547597663,0.),.UNSPECIFIED.);
#1330=B_SPLINE_CURVE_WITH_KNOTS('',3,(#7205,#7206,#7207,#7208,#7209,#7210,
#7211,#7212,#7213,#7214),.UNSPECIFIED.,.F.,.F.,(4,3,3,4),(-0.0511410384604213,
-0.0348012792291168,-0.0177620547597663,0.),.UNSPECIFIED.);
#1331=B_SPLINE_CURVE_WITH_KNOTS('',3,(#7260,#7261,#7262,#7263),
 .UNSPECIFIED.,.F.,.F.,(4,4),(-0.00395469174593363,-0.00228992251593269),
 .UNSPECIFIED.);
#1332=B_SPLINE_CURVE_WITH_KNOTS('',3,(#7266,#7267,#7268,#7269),
 .UNSPECIFIED.,.F.,.F.,(4,4),(-0.00395469174593363,-0.00228992251593269),
 .UNSPECIFIED.);
#1333=B_SPLINE_CURVE_WITH_KNOTS('',3,(#7294,#7295,#7296,#7297,#7298,#7299,
#7300),.UNSPECIFIED.,.F.,.F.,(4,3,4),(-0.00601271971844057,-0.00500341557924824,
0.),.UNSPECIFIED.);
#1334=B_SPLINE_CURVE_WITH_KNOTS('',3,(#7303,#7304,#7305,#7306,#7307,#7308,
#7309),.UNSPECIFIED.,.F.,.F.,(4,3,4),(-0.00601271971844057,-0.00500341557924824,
0.),.UNSPECIFIED.);
#1335=B_SPLINE_CURVE_WITH_KNOTS('',3,(#7323,#7324,#7325,#7326,#7327,#7328,
#7329),.UNSPECIFIED.,.F.,.F.,(4,3,4),(-0.00276846825856487,-0.00186107632061514,
0.),.UNSPECIFIED.);
#1336=B_SPLINE_CURVE_WITH_KNOTS('',3,(#7332,#7333,#7334,#7335,#7336,#7337,
#7338),.UNSPECIFIED.,.F.,.F.,(4,3,4),(-0.00276846825856487,-0.00186107632061514,
0.),.UNSPECIFIED.);
#1337=B_SPLINE_CURVE_WITH_KNOTS('',3,(#7364,#7365,#7366,#7367,#7368,#7369,
#7370,#7371,#7372,#7373,#7374,#7375),.UNSPECIFIED.,.F.,.F.,(4,2,2,2,2,4),
(-0.0827518506267183,-0.0718997078133325,-0.0615502807712563,-0.0433758627344782,
-0.0250399500341402,-0.00521217060368432),.UNSPECIFIED.);
#1338=B_SPLINE_CURVE_WITH_KNOTS('',3,(#7378,#7379,#7380,#7381,#7382,#7383,
#7384,#7385,#7386,#7387,#7388,#7389),.UNSPECIFIED.,.F.,.F.,(4,2,2,2,2,4),
(-0.0827518506267183,-0.0718997078133325,-0.0615502807712563,-0.0433758627344782,
-0.0250399500341402,-0.00521217060368432),.UNSPECIFIED.);
#1339=B_SPLINE_CURVE_WITH_KNOTS('',3,(#7446,#7447,#7448,#7449),
 .UNSPECIFIED.,.F.,.F.,(4,4),(-0.047106814072003,-0.0188283862381096),
 .UNSPECIFIED.);
#1340=B_SPLINE_CURVE_WITH_KNOTS('',3,(#7452,#7453,#7454,#7455),
 .UNSPECIFIED.,.F.,.F.,(4,4),(-0.047106814072003,-0.0188283862381096),
 .UNSPECIFIED.);
#1341=ELLIPSE('',#3673,5.08928597867192,4.44656165181267);
#1342=ELLIPSE('',#3675,3.91378466084007,2.9605008433582);
#1343=ELLIPSE('',#3676,2.50532433371625,2.29181134834803);
#1344=ELLIPSE('',#3677,2.43838222311548,2.08044086361656);
#1345=ELLIPSE('',#3678,4.4324954109303,3.13420401148829);
#1346=ELLIPSE('',#3679,1.76388412396039,0.673416135322021);
#1347=ELLIPSE('',#3680,5.26263507657064,4.49887849503946);
#1348=ELLIPSE('',#3682,6.10242519699982,4.85947813235691);
#1349=ELLIPSE('',#3683,5.51503872033071,4.73682000510733);
#1350=ELLIPSE('',#3684,4.83683635599662,4.33200326292006);
#1351=ELLIPSE('',#3686,5.39196311091257,4.56745350592713);
#1352=ELLIPSE('',#3712,127.764017848084,3.50784312107929);
#1353=ELLIPSE('',#3748,4.00077984593925,4.);
#1354=ELLIPSE('',#3755,4.00077984593906,3.9999999999999);
#1355=ELLIPSE('',#3757,4.00077984593925,4.);
#1356=ELLIPSE('',#3779,2.51024468858792,2.51);
#1357=ELLIPSE('',#3788,2.51024468858792,2.51);
#1358=ELLIPSE('',#3797,9.00087736943957,9.00000000000128);
#1359=ELLIPSE('',#3798,9.00087736943943,9.00000000000092);
#1360=ELLIPSE('',#3803,4.02539237911009,4.02500000000001);
#1361=ELLIPSE('',#3805,4.02539237911011,4.02500000000001);
#1362=ELLIPSE('',#3812,5.00048742746595,5.);
#1363=ELLIPSE('',#3814,5.00048742746595,5.);
#1364=ELLIPSE('',#3816,5.00048742746595,5.);
#1365=ELLIPSE('',#3822,5.00048742746595,5.);
#1366=ELLIPSE('',#3824,0.300029245647957,0.3);
#1367=ELLIPSE('',#3826,0.300029245647957,0.3);
#1368=ELLIPSE('',#3828,5.00048742746595,5.);
#1369=ELLIPSE('',#3830,5.00076164021954,5.);
#1370=ELLIPSE('',#3834,2.50532433371625,2.29181134834803);
#1371=ELLIPSE('',#3835,3.91378466084007,2.9605008433582);
#1372=ELLIPSE('',#3837,5.08928597867192,4.44656165181267);
#1373=ELLIPSE('',#3838,5.39196311091257,4.56745350592713);
#1374=ELLIPSE('',#3840,4.83683635599662,4.33200326292006);
#1375=ELLIPSE('',#3841,5.51503872033071,4.73682000510733);
#1376=ELLIPSE('',#3842,6.10242519699982,4.85947813235691);
#1377=ELLIPSE('',#3844,5.26263507657064,4.49887849503946);
#1378=ELLIPSE('',#3845,1.76388412396039,0.673416135322021);
#1379=ELLIPSE('',#3846,4.4324954109303,3.13420401148829);
#1380=ELLIPSE('',#3847,2.43838222311548,2.08044086361656);
#1381=ELLIPSE('',#3854,0.16702162224775,0.152787423223202);
#1382=ELLIPSE('',#3855,0.16702162224775,0.152787423223202);
#1383=ELLIPSE('',#3856,0.162558814874365,0.138696057574437);
#1384=ELLIPSE('',#3857,0.162558814874365,0.138696057574437);
#1385=ELLIPSE('',#3858,0.29549969406202,0.208946934099219);
#1386=ELLIPSE('',#3859,0.29549969406202,0.208946934099219);
#1387=ELLIPSE('',#3860,0.117592274930693,0.0448944090214681);
#1388=ELLIPSE('',#3861,0.117592274930693,0.0448944090214681);
#1389=ELLIPSE('',#3863,0.350842338438042,0.299925233002631);
#1390=ELLIPSE('',#3864,0.350842338438042,0.299925233002631);
#1391=ELLIPSE('',#3868,0.406828346466655,0.323965208823794);
#1392=ELLIPSE('',#3869,0.406828346466655,0.323965208823794);
#1393=ELLIPSE('',#3870,0.367669248022047,0.315788000340488);
#1394=ELLIPSE('',#3871,0.367669248022047,0.315788000340488);
#1395=ELLIPSE('',#3872,0.322455757066441,0.288800217528004);
#1396=ELLIPSE('',#3873,0.322455757066441,0.288800217528004);
#1397=ELLIPSE('',#3877,0.359464207394172,0.304496900395142);
#1398=ELLIPSE('',#3878,0.359464207394172,0.304496900395142);
#1399=ELLIPSE('',#3879,0.339285731911461,0.296437443454178);
#1400=ELLIPSE('',#3880,0.339285731911461,0.296437443454178);
#1401=ELLIPSE('',#3885,0.260918977389338,0.197366722890547);
#1402=ELLIPSE('',#3886,0.260918977389338,0.197366722890547);
#1403=VERTEX_POINT('',#4654);
#1404=VERTEX_POINT('',#4655);
#1405=VERTEX_POINT('',#4661);
#1406=VERTEX_POINT('',#4663);
#1407=VERTEX_POINT('',#4665);
#1408=VERTEX_POINT('',#4670);
#1409=VERTEX_POINT('',#4672);
#1410=VERTEX_POINT('',#4674);
#1411=VERTEX_POINT('',#4679);
#1412=VERTEX_POINT('',#4684);
#1413=VERTEX_POINT('',#4686);
#1414=VERTEX_POINT('',#4694);
#1415=VERTEX_POINT('',#4696);
#1416=VERTEX_POINT('',#4701);
#1417=VERTEX_POINT('',#4709);
#1418=VERTEX_POINT('',#4714);
#1419=VERTEX_POINT('',#4719);
#1420=VERTEX_POINT('',#4727);
#1421=VERTEX_POINT('',#4729);
#1422=VERTEX_POINT('',#4734);
#1423=VERTEX_POINT('',#4736);
#1424=VERTEX_POINT('',#4744);
#1425=VERTEX_POINT('',#4746);
#1426=VERTEX_POINT('',#4748);
#1427=VERTEX_POINT('',#4753);
#1428=VERTEX_POINT('',#4761);
#1429=VERTEX_POINT('',#4763);
#1430=VERTEX_POINT('',#4778);
#1431=VERTEX_POINT('',#4792);
#1432=VERTEX_POINT('',#4809);
#1433=VERTEX_POINT('',#4826);
#1434=VERTEX_POINT('',#4828);
#1435=VERTEX_POINT('',#4833);
#1436=VERTEX_POINT('',#4835);
#1437=VERTEX_POINT('',#4837);
#1438=VERTEX_POINT('',#4848);
#1439=VERTEX_POINT('',#4854);
#1440=VERTEX_POINT('',#4855);
#1441=VERTEX_POINT('',#4863);
#1442=VERTEX_POINT('',#4871);
#1443=VERTEX_POINT('',#4939);
#1444=VERTEX_POINT('',#4944);
#1445=VERTEX_POINT('',#4949);
#1446=VERTEX_POINT('',#4954);
#1447=VERTEX_POINT('',#4959);
#1448=VERTEX_POINT('',#4964);
#1449=VERTEX_POINT('',#4969);
#1450=VERTEX_POINT('',#4977);
#1451=VERTEX_POINT('',#5002);
#1452=VERTEX_POINT('',#5005);
#1453=VERTEX_POINT('',#5007);
#1454=VERTEX_POINT('',#5011);
#1455=VERTEX_POINT('',#5014);
#1456=VERTEX_POINT('',#5017);
#1457=VERTEX_POINT('',#5020);
#1458=VERTEX_POINT('',#5023);
#1459=VERTEX_POINT('',#5026);
#1460=VERTEX_POINT('',#5029);
#1461=VERTEX_POINT('',#5033);
#1462=VERTEX_POINT('',#5034);
#1463=VERTEX_POINT('',#5036);
#1464=VERTEX_POINT('',#5038);
#1465=VERTEX_POINT('',#5042);
#1466=VERTEX_POINT('',#5046);
#1467=VERTEX_POINT('',#5050);
#1468=VERTEX_POINT('',#5051);
#1469=VERTEX_POINT('',#5053);
#1470=VERTEX_POINT('',#5055);
#1471=VERTEX_POINT('',#5057);
#1472=VERTEX_POINT('',#5061);
#1473=VERTEX_POINT('',#5065);
#1474=VERTEX_POINT('',#5067);
#1475=VERTEX_POINT('',#5071);
#1476=VERTEX_POINT('',#5073);
#1477=VERTEX_POINT('',#5077);
#1478=VERTEX_POINT('',#5078);
#1479=VERTEX_POINT('',#5080);
#1480=VERTEX_POINT('',#5083);
#1481=VERTEX_POINT('',#5088);
#1482=VERTEX_POINT('',#5089);
#1483=VERTEX_POINT('',#5091);
#1484=VERTEX_POINT('',#5093);
#1485=VERTEX_POINT('',#5097);
#1486=VERTEX_POINT('',#5098);
#1487=VERTEX_POINT('',#5100);
#1488=VERTEX_POINT('',#5102);
#1489=VERTEX_POINT('',#5106);
#1490=VERTEX_POINT('',#5110);
#1491=VERTEX_POINT('',#5112);
#1492=VERTEX_POINT('',#5114);
#1493=VERTEX_POINT('',#5118);
#1494=VERTEX_POINT('',#5121);
#1495=VERTEX_POINT('',#5122);
#1496=VERTEX_POINT('',#5124);
#1497=VERTEX_POINT('',#5126);
#1498=VERTEX_POINT('',#5130);
#1499=VERTEX_POINT('',#5131);
#1500=VERTEX_POINT('',#5133);
#1501=VERTEX_POINT('',#5135);
#1502=VERTEX_POINT('',#5139);
#1503=VERTEX_POINT('',#5140);
#1504=VERTEX_POINT('',#5142);
#1505=VERTEX_POINT('',#5144);
#1506=VERTEX_POINT('',#5148);
#1507=VERTEX_POINT('',#5149);
#1508=VERTEX_POINT('',#5151);
#1509=VERTEX_POINT('',#5153);
#1510=VERTEX_POINT('',#5157);
#1511=VERTEX_POINT('',#5158);
#1512=VERTEX_POINT('',#5160);
#1513=VERTEX_POINT('',#5162);
#1514=VERTEX_POINT('',#5164);
#1515=VERTEX_POINT('',#5168);
#1516=VERTEX_POINT('',#5170);
#1517=VERTEX_POINT('',#5174);
#1518=VERTEX_POINT('',#5179);
#1519=VERTEX_POINT('',#5183);
#1520=VERTEX_POINT('',#5185);
#1521=VERTEX_POINT('',#5190);
#1522=VERTEX_POINT('',#5194);
#1523=VERTEX_POINT('',#5199);
#1524=VERTEX_POINT('',#5203);
#1525=VERTEX_POINT('',#5207);
#1526=VERTEX_POINT('',#5211);
#1527=VERTEX_POINT('',#5215);
#1528=VERTEX_POINT('',#5216);
#1529=VERTEX_POINT('',#5218);
#1530=VERTEX_POINT('',#5220);
#1531=VERTEX_POINT('',#5222);
#1532=VERTEX_POINT('',#5224);
#1533=VERTEX_POINT('',#5228);
#1534=VERTEX_POINT('',#5229);
#1535=VERTEX_POINT('',#5231);
#1536=VERTEX_POINT('',#5233);
#1537=VERTEX_POINT('',#5237);
#1538=VERTEX_POINT('',#5239);
#1539=VERTEX_POINT('',#5243);
#1540=VERTEX_POINT('',#5244);
#1541=VERTEX_POINT('',#5246);
#1542=VERTEX_POINT('',#5248);
#1543=VERTEX_POINT('',#5253);
#1544=VERTEX_POINT('',#5258);
#1545=VERTEX_POINT('',#5262);
#1546=VERTEX_POINT('',#5266);
#1547=VERTEX_POINT('',#5268);
#1548=VERTEX_POINT('',#5272);
#1549=VERTEX_POINT('',#5276);
#1550=VERTEX_POINT('',#5280);
#1551=VERTEX_POINT('',#5284);
#1552=VERTEX_POINT('',#5288);
#1553=VERTEX_POINT('',#5290);
#1554=VERTEX_POINT('',#5292);
#1555=VERTEX_POINT('',#5296);
#1556=VERTEX_POINT('',#5300);
#1557=VERTEX_POINT('',#5304);
#1558=VERTEX_POINT('',#5308);
#1559=VERTEX_POINT('',#5312);
#1560=VERTEX_POINT('',#5316);
#1561=VERTEX_POINT('',#5320);
#1562=VERTEX_POINT('',#5321);
#1563=VERTEX_POINT('',#5323);
#1564=VERTEX_POINT('',#5325);
#1565=VERTEX_POINT('',#5329);
#1566=VERTEX_POINT('',#5331);
#1567=VERTEX_POINT('',#5335);
#1568=VERTEX_POINT('',#5339);
#1569=VERTEX_POINT('',#5343);
#1570=VERTEX_POINT('',#5345);
#1571=VERTEX_POINT('',#5349);
#1572=VERTEX_POINT('',#5353);
#1573=VERTEX_POINT('',#5357);
#1574=VERTEX_POINT('',#5361);
#1575=VERTEX_POINT('',#5363);
#1576=VERTEX_POINT('',#5367);
#1577=VERTEX_POINT('',#5371);
#1578=VERTEX_POINT('',#5375);
#1579=VERTEX_POINT('',#5376);
#1580=VERTEX_POINT('',#5378);
#1581=VERTEX_POINT('',#5380);
#1582=VERTEX_POINT('',#5384);
#1583=VERTEX_POINT('',#5386);
#1584=VERTEX_POINT('',#5390);
#1585=VERTEX_POINT('',#5394);
#1586=VERTEX_POINT('',#5400);
#1587=VERTEX_POINT('',#5402);
#1588=VERTEX_POINT('',#5408);
#1589=VERTEX_POINT('',#5410);
#1590=VERTEX_POINT('',#5414);
#1591=VERTEX_POINT('',#5416);
#1592=VERTEX_POINT('',#5418);
#1593=VERTEX_POINT('',#5424);
#1594=VERTEX_POINT('',#5428);
#1595=VERTEX_POINT('',#5433);
#1596=VERTEX_POINT('',#5437);
#1597=VERTEX_POINT('',#5441);
#1598=VERTEX_POINT('',#5442);
#1599=VERTEX_POINT('',#5447);
#1600=VERTEX_POINT('',#5449);
#1601=VERTEX_POINT('',#5453);
#1602=VERTEX_POINT('',#5457);
#1603=VERTEX_POINT('',#5461);
#1604=VERTEX_POINT('',#5465);
#1605=VERTEX_POINT('',#5469);
#1606=VERTEX_POINT('',#5473);
#1607=VERTEX_POINT('',#5477);
#1608=VERTEX_POINT('',#5481);
#1609=VERTEX_POINT('',#5485);
#1610=VERTEX_POINT('',#5489);
#1611=VERTEX_POINT('',#5495);
#1612=VERTEX_POINT('',#5501);
#1613=VERTEX_POINT('',#5502);
#1614=VERTEX_POINT('',#5504);
#1615=VERTEX_POINT('',#5506);
#1616=VERTEX_POINT('',#5511);
#1617=VERTEX_POINT('',#5514);
#1618=VERTEX_POINT('',#5516);
#1619=VERTEX_POINT('',#5518);
#1620=VERTEX_POINT('',#5523);
#1621=VERTEX_POINT('',#5531);
#1622=VERTEX_POINT('',#5533);
#1623=VERTEX_POINT('',#5535);
#1624=VERTEX_POINT('',#5540);
#1625=VERTEX_POINT('',#5542);
#1626=VERTEX_POINT('',#5552);
#1627=VERTEX_POINT('',#5563);
#1628=VERTEX_POINT('',#5572);
#1629=VERTEX_POINT('',#5577);
#1630=VERTEX_POINT('',#5579);
#1631=VERTEX_POINT('',#5586);
#1632=VERTEX_POINT('',#5591);
#1633=VERTEX_POINT('',#5593);
#1634=VERTEX_POINT('',#5595);
#1635=VERTEX_POINT('',#5601);
#1636=VERTEX_POINT('',#5603);
#1637=VERTEX_POINT('',#5608);
#1638=VERTEX_POINT('',#5610);
#1639=VERTEX_POINT('',#5615);
#1640=VERTEX_POINT('',#5620);
#1641=VERTEX_POINT('',#5625);
#1642=VERTEX_POINT('',#5630);
#1643=VERTEX_POINT('',#5635);
#1644=VERTEX_POINT('',#5637);
#1645=VERTEX_POINT('',#5644);
#1646=VERTEX_POINT('',#5646);
#1647=VERTEX_POINT('',#5656);
#1648=VERTEX_POINT('',#5657);
#1649=VERTEX_POINT('',#5664);
#1650=VERTEX_POINT('',#5671);
#1651=VERTEX_POINT('',#5682);
#1652=VERTEX_POINT('',#5687);
#1653=VERTEX_POINT('',#5694);
#1654=VERTEX_POINT('',#5699);
#1655=VERTEX_POINT('',#5704);
#1656=VERTEX_POINT('',#5709);
#1657=VERTEX_POINT('',#5714);
#1658=VERTEX_POINT('',#5719);
#1659=VERTEX_POINT('',#6686);
#1660=VERTEX_POINT('',#6687);
#1661=VERTEX_POINT('',#6692);
#1662=VERTEX_POINT('',#6694);
#1663=VERTEX_POINT('',#6720);
#1664=VERTEX_POINT('',#6734);
#1665=VERTEX_POINT('',#6757);
#1666=VERTEX_POINT('',#6762);
#1667=VERTEX_POINT('',#6776);
#1668=VERTEX_POINT('',#6781);
#1669=VERTEX_POINT('',#6795);
#1670=VERTEX_POINT('',#6800);
#1671=VERTEX_POINT('',#6814);
#1672=VERTEX_POINT('',#6819);
#1673=VERTEX_POINT('',#6833);
#1674=VERTEX_POINT('',#6838);
#1675=VERTEX_POINT('',#6852);
#1676=VERTEX_POINT('',#6857);
#1677=VERTEX_POINT('',#6871);
#1678=VERTEX_POINT('',#6876);
#1679=VERTEX_POINT('',#6890);
#1680=VERTEX_POINT('',#6895);
#1681=VERTEX_POINT('',#6921);
#1682=VERTEX_POINT('',#6935);
#1683=VERTEX_POINT('',#6988);
#1684=VERTEX_POINT('',#6989);
#1685=VERTEX_POINT('',#6991);
#1686=VERTEX_POINT('',#6993);
#1687=VERTEX_POINT('',#7004);
#1688=VERTEX_POINT('',#7009);
#1689=VERTEX_POINT('',#7023);
#1690=VERTEX_POINT('',#7028);
#1691=VERTEX_POINT('',#7040);
#1692=VERTEX_POINT('',#7042);
#1693=VERTEX_POINT('',#7057);
#1694=VERTEX_POINT('',#7064);
#1695=VERTEX_POINT('',#7078);
#1696=VERTEX_POINT('',#7080);
#1697=VERTEX_POINT('',#7091);
#1698=VERTEX_POINT('',#7096);
#1699=VERTEX_POINT('',#7110);
#1700=VERTEX_POINT('',#7115);
#1701=VERTEX_POINT('',#7129);
#1702=VERTEX_POINT('',#7134);
#1703=VERTEX_POINT('',#7146);
#1704=VERTEX_POINT('',#7148);
#1705=VERTEX_POINT('',#7159);
#1706=VERTEX_POINT('',#7164);
#1707=VERTEX_POINT('',#7171);
#1708=VERTEX_POINT('',#7173);
#1709=VERTEX_POINT('',#7192);
#1710=VERTEX_POINT('',#7203);
#1711=VERTEX_POINT('',#7221);
#1712=VERTEX_POINT('',#7223);
#1713=VERTEX_POINT('',#7227);
#1714=VERTEX_POINT('',#7229);
#1715=VERTEX_POINT('',#7240);
#1716=VERTEX_POINT('',#7245);
#1717=VERTEX_POINT('',#7259);
#1718=VERTEX_POINT('',#7264);
#1719=VERTEX_POINT('',#7276);
#1720=VERTEX_POINT('',#7278);
#1721=VERTEX_POINT('',#7293);
#1722=VERTEX_POINT('',#7301);
#1723=VERTEX_POINT('',#7322);
#1724=VERTEX_POINT('',#7330);
#1725=VERTEX_POINT('',#7363);
#1726=VERTEX_POINT('',#7376);
#1727=VERTEX_POINT('',#7396);
#1728=VERTEX_POINT('',#7398);
#1729=VERTEX_POINT('',#7409);
#1730=VERTEX_POINT('',#7414);
#1731=VERTEX_POINT('',#7426);
#1732=VERTEX_POINT('',#7428);
#1733=VERTEX_POINT('',#7432);
#1734=VERTEX_POINT('',#7434);
#1735=VERTEX_POINT('',#7445);
#1736=VERTEX_POINT('',#7450);
#1737=VERTEX_POINT('',#7464);
#1738=VERTEX_POINT('',#7469);
#1739=VERTEX_POINT('',#7481);
#1740=VERTEX_POINT('',#7483);
#1741=VERTEX_POINT('',#7492);
#1742=VERTEX_POINT('',#7494);
#1743=VERTEX_POINT('',#7515);
#1744=VERTEX_POINT('',#7517);
#1745=VERTEX_POINT('',#7521);
#1746=VERTEX_POINT('',#7523);
#1747=VERTEX_POINT('',#7534);
#1748=VERTEX_POINT('',#7539);
#1749=VERTEX_POINT('',#7556);
#1750=VERTEX_POINT('',#7557);
#1751=VERTEX_POINT('',#7559);
#1752=VERTEX_POINT('',#7561);
#1753=VERTEX_POINT('',#7565);
#1754=VERTEX_POINT('',#7567);
#1755=VERTEX_POINT('',#7571);
#1756=VERTEX_POINT('',#7575);
#1757=EDGE_CURVE('',#1403,#1404,#1341,.T.);
#1758=EDGE_CURVE('',#1403,#1403,#1251,.T.);
#1759=EDGE_CURVE('',#1405,#1403,#1203,.T.);
#1760=EDGE_CURVE('',#1406,#1405,#597,.T.);
#1761=EDGE_CURVE('',#1407,#1406,#1252,.T.);
#1762=EDGE_CURVE('',#1408,#1407,#1342,.T.);
#1763=EDGE_CURVE('',#1409,#1408,#1343,.T.);
#1764=EDGE_CURVE('',#1410,#1409,#1253,.T.);
#1765=EDGE_CURVE('',#1411,#1410,#1254,.T.);
#1766=EDGE_CURVE('',#1412,#1411,#1344,.T.);
#1767=EDGE_CURVE('',#1413,#1412,#1255,.T.);
#1768=EDGE_CURVE('',#1414,#1413,#1345,.T.);
#1769=EDGE_CURVE('',#1415,#1414,#1256,.T.);
#1770=EDGE_CURVE('',#1416,#1415,#1257,.T.);
#1771=EDGE_CURVE('',#1417,#1416,#1258,.T.);
#1772=EDGE_CURVE('',#1418,#1417,#1259,.T.);
#1773=EDGE_CURVE('',#1419,#1418,#1260,.T.);
#1774=EDGE_CURVE('',#1420,#1419,#1346,.T.);
#1775=EDGE_CURVE('',#1421,#1420,#1261,.T.);
#1776=EDGE_CURVE('',#1422,#1421,#598,.T.);
#1777=EDGE_CURVE('',#1423,#1422,#1262,.T.);
#1778=EDGE_CURVE('',#1424,#1423,#1347,.T.);
#1779=EDGE_CURVE('',#1425,#1424,#1204,.T.);
#1780=EDGE_CURVE('',#1426,#1425,#1263,.T.);
#1781=EDGE_CURVE('',#1427,#1426,#1264,.T.);
#1782=EDGE_CURVE('',#1428,#1427,#1348,.T.);
#1783=EDGE_CURVE('',#1429,#1428,#1265,.T.);
#1784=EDGE_CURVE('',#1430,#1429,#1266,.T.);
#1785=EDGE_CURVE('',#1431,#1430,#1267,.T.);
#1786=EDGE_CURVE('',#1432,#1431,#1268,.T.);
#1787=EDGE_CURVE('',#1433,#1432,#1349,.T.);
#1788=EDGE_CURVE('',#1434,#1433,#1269,.T.);
#1789=EDGE_CURVE('',#1435,#1434,#1350,.T.);
#1790=EDGE_CURVE('',#1436,#1435,#1205,.T.);
#1791=EDGE_CURVE('',#1437,#1436,#1270,.T.);
#1792=EDGE_CURVE('',#1438,#1437,#1271,.T.);
#1793=EDGE_CURVE('',#1404,#1438,#1351,.T.);
#1794=EDGE_CURVE('',#1439,#1440,#1272,.T.);
#1795=EDGE_CURVE('',#1441,#1439,#1273,.T.);
#1796=EDGE_CURVE('',#1442,#1441,#1274,.T.);
#1797=EDGE_CURVE('',#1443,#1442,#1275,.T.);
#1798=EDGE_CURVE('',#1444,#1443,#1276,.T.);
#1799=EDGE_CURVE('',#1445,#1444,#1277,.T.);
#1800=EDGE_CURVE('',#1446,#1445,#1278,.T.);
#1801=EDGE_CURVE('',#1447,#1446,#1279,.T.);
#1802=EDGE_CURVE('',#1448,#1447,#1280,.T.);
#1803=EDGE_CURVE('',#1449,#1448,#1281,.T.);
#1804=EDGE_CURVE('',#1450,#1449,#1282,.T.);
#1805=EDGE_CURVE('',#1440,#1450,#1283,.T.);
#1806=EDGE_CURVE('',#1451,#1451,#1206,.T.);
#1807=EDGE_CURVE('',#1451,#1452,#599,.T.);
#1808=EDGE_CURVE('',#1453,#1452,#1207,.T.);
#1809=EDGE_CURVE('',#1452,#1453,#1208,.T.);
#1810=EDGE_CURVE('',#1454,#1454,#1209,.T.);
#1811=EDGE_CURVE('',#1455,#1455,#1210,.T.);
#1812=EDGE_CURVE('',#1456,#1456,#1211,.F.);
#1813=EDGE_CURVE('',#1457,#1457,#1212,.T.);
#1814=EDGE_CURVE('',#1458,#1458,#1213,.T.);
#1815=EDGE_CURVE('',#1459,#1459,#1214,.F.);
#1816=EDGE_CURVE('',#1460,#1460,#1215,.T.);
#1817=EDGE_CURVE('',#1460,#1453,#600,.T.);
#1818=EDGE_CURVE('',#1461,#1462,#601,.T.);
#1819=EDGE_CURVE('',#1463,#1461,#602,.T.);
#1820=EDGE_CURVE('',#1464,#1463,#603,.T.);
#1821=EDGE_CURVE('',#1462,#1464,#604,.T.);
#1822=EDGE_CURVE('',#1454,#1465,#605,.T.);
#1823=EDGE_CURVE('',#1465,#1465,#1216,.T.);
#1824=EDGE_CURVE('',#1455,#1466,#606,.T.);
#1825=EDGE_CURVE('',#1466,#1466,#1217,.T.);
#1826=EDGE_CURVE('',#1467,#1468,#607,.T.);
#1827=EDGE_CURVE('',#1469,#1468,#1352,.T.);
#1828=EDGE_CURVE('',#1469,#1470,#608,.T.);
#1829=EDGE_CURVE('',#1470,#1471,#609,.T.);
#1830=EDGE_CURVE('',#1471,#1467,#610,.T.);
#1831=EDGE_CURVE('',#1456,#1472,#611,.T.);
#1832=EDGE_CURVE('',#1472,#1472,#1218,.T.);
#1833=EDGE_CURVE('',#1457,#1473,#612,.T.);
#1834=EDGE_CURVE('',#1474,#1473,#1219,.T.);
#1835=EDGE_CURVE('',#1473,#1474,#1220,.T.);
#1836=EDGE_CURVE('',#1458,#1475,#613,.T.);
#1837=EDGE_CURVE('',#1476,#1475,#1221,.T.);
#1838=EDGE_CURVE('',#1475,#1476,#1222,.T.);
#1839=EDGE_CURVE('',#1477,#1478,#614,.T.);
#1840=EDGE_CURVE('',#1478,#1479,#615,.T.);
#1841=EDGE_CURVE('',#1461,#1479,#616,.T.);
#1842=EDGE_CURVE('',#1480,#1462,#617,.T.);
#1843=EDGE_CURVE('',#1480,#1467,#618,.T.);
#1844=EDGE_CURVE('',#1471,#1477,#619,.T.);
#1845=EDGE_CURVE('',#1481,#1482,#620,.T.);
#1846=EDGE_CURVE('',#1481,#1483,#621,.T.);
#1847=EDGE_CURVE('',#1483,#1484,#622,.T.);
#1848=EDGE_CURVE('',#1484,#1482,#623,.T.);
#1849=EDGE_CURVE('',#1485,#1486,#624,.T.);
#1850=EDGE_CURVE('',#1487,#1485,#625,.T.);
#1851=EDGE_CURVE('',#1487,#1488,#626,.T.);
#1852=EDGE_CURVE('',#1486,#1488,#627,.T.);
#1853=EDGE_CURVE('',#1459,#1489,#628,.T.);
#1854=EDGE_CURVE('',#1489,#1489,#1223,.T.);
#1855=EDGE_CURVE('',#1490,#1490,#1224,.T.);
#1856=EDGE_CURVE('',#1490,#1491,#629,.T.);
#1857=EDGE_CURVE('',#1491,#1492,#1225,.T.);
#1858=EDGE_CURVE('',#1492,#1491,#1226,.T.);
#1859=EDGE_CURVE('',#1493,#1493,#1227,.T.);
#1860=EDGE_CURVE('',#1494,#1495,#630,.T.);
#1861=EDGE_CURVE('',#1494,#1496,#1228,.T.);
#1862=EDGE_CURVE('',#1497,#1496,#631,.T.);
#1863=EDGE_CURVE('',#1495,#1497,#632,.T.);
#1864=EDGE_CURVE('',#1498,#1499,#633,.T.);
#1865=EDGE_CURVE('',#1498,#1500,#1229,.T.);
#1866=EDGE_CURVE('',#1501,#1500,#634,.T.);
#1867=EDGE_CURVE('',#1501,#1499,#635,.T.);
#1868=EDGE_CURVE('',#1502,#1503,#636,.T.);
#1869=EDGE_CURVE('',#1502,#1504,#637,.T.);
#1870=EDGE_CURVE('',#1505,#1504,#638,.T.);
#1871=EDGE_CURVE('',#1503,#1505,#639,.T.);
#1872=EDGE_CURVE('',#1506,#1507,#640,.T.);
#1873=EDGE_CURVE('',#1506,#1508,#641,.T.);
#1874=EDGE_CURVE('',#1509,#1508,#642,.T.);
#1875=EDGE_CURVE('',#1509,#1507,#643,.T.);
#1876=EDGE_CURVE('',#1510,#1511,#644,.T.);
#1877=EDGE_CURVE('',#1510,#1512,#645,.T.);
#1878=EDGE_CURVE('',#1512,#1513,#646,.T.);
#1879=EDGE_CURVE('',#1513,#1514,#647,.T.);
#1880=EDGE_CURVE('',#1514,#1511,#648,.T.);
#1881=EDGE_CURVE('',#1515,#1510,#649,.T.);
#1882=EDGE_CURVE('',#1516,#1515,#650,.T.);
#1883=EDGE_CURVE('',#1512,#1516,#651,.T.);
#1884=EDGE_CURVE('',#1517,#1515,#652,.T.);
#1885=EDGE_CURVE('',#1517,#1487,#653,.T.);
#1886=EDGE_CURVE('',#1485,#1516,#654,.T.);
#1887=EDGE_CURVE('',#1518,#1517,#655,.T.);
#1888=EDGE_CURVE('',#1488,#1518,#656,.T.);
#1889=EDGE_CURVE('',#1519,#1482,#657,.T.);
#1890=EDGE_CURVE('',#1484,#1520,#658,.T.);
#1891=EDGE_CURVE('',#1486,#1520,#659,.T.);
#1892=EDGE_CURVE('',#1518,#1519,#660,.T.);
#1893=EDGE_CURVE('',#1519,#1521,#661,.T.);
#1894=EDGE_CURVE('',#1481,#1521,#662,.T.);
#1895=EDGE_CURVE('',#1522,#1521,#663,.T.);
#1896=EDGE_CURVE('',#1522,#1463,#664,.T.);
#1897=EDGE_CURVE('',#1479,#1483,#665,.T.);
#1898=EDGE_CURVE('',#1523,#1522,#666,.T.);
#1899=EDGE_CURVE('',#1464,#1523,#667,.T.);
#1900=EDGE_CURVE('',#1524,#1523,#668,.T.);
#1901=EDGE_CURVE('',#1524,#1480,#669,.T.);
#1902=EDGE_CURVE('',#1525,#1524,#670,.T.);
#1903=EDGE_CURVE('',#1468,#1525,#1353,.T.);
#1904=EDGE_CURVE('',#1465,#1526,#671,.T.);
#1905=EDGE_CURVE('',#1526,#1526,#1230,.T.);
#1906=EDGE_CURVE('',#1527,#1528,#672,.T.);
#1907=EDGE_CURVE('',#1529,#1527,#673,.T.);
#1908=EDGE_CURVE('',#1530,#1529,#674,.T.);
#1909=EDGE_CURVE('',#1531,#1530,#675,.T.);
#1910=EDGE_CURVE('',#1531,#1532,#676,.T.);
#1911=EDGE_CURVE('',#1528,#1532,#677,.T.);
#1912=EDGE_CURVE('',#1533,#1534,#678,.T.);
#1913=EDGE_CURVE('',#1535,#1533,#679,.T.);
#1914=EDGE_CURVE('',#1535,#1536,#680,.T.);
#1915=EDGE_CURVE('',#1534,#1536,#681,.T.);
#1916=EDGE_CURVE('',#1532,#1537,#682,.T.);
#1917=EDGE_CURVE('',#1538,#1537,#683,.T.);
#1918=EDGE_CURVE('',#1538,#1528,#684,.T.);
#1919=EDGE_CURVE('',#1539,#1540,#685,.T.);
#1920=EDGE_CURVE('',#1541,#1539,#686,.T.);
#1921=EDGE_CURVE('',#1542,#1541,#1354,.T.);
#1922=EDGE_CURVE('',#1527,#1542,#687,.T.);
#1923=EDGE_CURVE('',#1540,#1538,#688,.T.);
#1924=EDGE_CURVE('',#1543,#1469,#1355,.T.);
#1925=EDGE_CURVE('',#1525,#1542,#689,.T.);
#1926=EDGE_CURVE('',#1543,#1541,#690,.T.);
#1927=EDGE_CURVE('',#1470,#1544,#691,.T.);
#1928=EDGE_CURVE('',#1544,#1543,#692,.T.);
#1929=EDGE_CURVE('',#1545,#1477,#693,.T.);
#1930=EDGE_CURVE('',#1545,#1544,#694,.T.);
#1931=EDGE_CURVE('',#1546,#1545,#695,.T.);
#1932=EDGE_CURVE('',#1547,#1546,#696,.T.);
#1933=EDGE_CURVE('',#1478,#1547,#697,.T.);
#1934=EDGE_CURVE('',#1472,#1548,#698,.T.);
#1935=EDGE_CURVE('',#1548,#1548,#1231,.T.);
#1936=EDGE_CURVE('',#1492,#1549,#699,.T.);
#1937=EDGE_CURVE('',#1549,#1549,#1232,.T.);
#1938=EDGE_CURVE('',#1550,#1550,#1233,.T.);
#1939=EDGE_CURVE('',#1550,#1474,#1234,.T.);
#1940=EDGE_CURVE('',#1551,#1551,#1235,.T.);
#1941=EDGE_CURVE('',#1551,#1476,#1236,.T.);
#1942=EDGE_CURVE('',#1552,#1546,#700,.T.);
#1943=EDGE_CURVE('',#1553,#1552,#701,.T.);
#1944=EDGE_CURVE('',#1554,#1553,#702,.T.);
#1945=EDGE_CURVE('',#1554,#1547,#703,.T.);
#1946=EDGE_CURVE('',#1555,#1554,#704,.T.);
#1947=EDGE_CURVE('',#1520,#1555,#705,.T.);
#1948=EDGE_CURVE('',#1555,#1556,#706,.T.);
#1949=EDGE_CURVE('',#1556,#1513,#707,.T.);
#1950=EDGE_CURVE('',#1556,#1557,#708,.T.);
#1951=EDGE_CURVE('',#1557,#1514,#709,.T.);
#1952=EDGE_CURVE('',#1557,#1558,#710,.T.);
#1953=EDGE_CURVE('',#1511,#1558,#711,.T.);
#1954=EDGE_CURVE('',#1489,#1559,#712,.T.);
#1955=EDGE_CURVE('',#1559,#1559,#1237,.T.);
#1956=EDGE_CURVE('',#1560,#1560,#1356,.T.);
#1957=EDGE_CURVE('',#1560,#1490,#713,.T.);
#1958=EDGE_CURVE('',#1561,#1562,#714,.T.);
#1959=EDGE_CURVE('',#1561,#1563,#715,.T.);
#1960=EDGE_CURVE('',#1564,#1563,#716,.T.);
#1961=EDGE_CURVE('',#1562,#1564,#717,.T.);
#1962=EDGE_CURVE('',#1508,#1565,#718,.T.);
#1963=EDGE_CURVE('',#1566,#1565,#719,.T.);
#1964=EDGE_CURVE('',#1566,#1509,#720,.T.);
#1965=EDGE_CURVE('',#1567,#1566,#721,.T.);
#1966=EDGE_CURVE('',#1507,#1567,#722,.T.);
#1967=EDGE_CURVE('',#1568,#1567,#723,.T.);
#1968=EDGE_CURVE('',#1568,#1506,#724,.T.);
#1969=EDGE_CURVE('',#1496,#1569,#725,.T.);
#1970=EDGE_CURVE('',#1570,#1569,#726,.T.);
#1971=EDGE_CURVE('',#1570,#1497,#727,.T.);
#1972=EDGE_CURVE('',#1571,#1570,#728,.T.);
#1973=EDGE_CURVE('',#1571,#1495,#729,.T.);
#1974=EDGE_CURVE('',#1572,#1571,#730,.T.);
#1975=EDGE_CURVE('',#1572,#1494,#731,.T.);
#1976=EDGE_CURVE('',#1493,#1573,#732,.T.);
#1977=EDGE_CURVE('',#1573,#1573,#1357,.T.);
#1978=EDGE_CURVE('',#1504,#1574,#733,.T.);
#1979=EDGE_CURVE('',#1575,#1574,#734,.T.);
#1980=EDGE_CURVE('',#1575,#1505,#735,.T.);
#1981=EDGE_CURVE('',#1576,#1575,#736,.T.);
#1982=EDGE_CURVE('',#1576,#1503,#737,.T.);
#1983=EDGE_CURVE('',#1577,#1576,#738,.T.);
#1984=EDGE_CURVE('',#1577,#1502,#739,.T.);
#1985=EDGE_CURVE('',#1578,#1579,#740,.T.);
#1986=EDGE_CURVE('',#1580,#1578,#741,.T.);
#1987=EDGE_CURVE('',#1581,#1580,#742,.T.);
#1988=EDGE_CURVE('',#1579,#1581,#743,.T.);
#1989=EDGE_CURVE('',#1500,#1582,#744,.T.);
#1990=EDGE_CURVE('',#1583,#1582,#745,.T.);
#1991=EDGE_CURVE('',#1583,#1501,#746,.T.);
#1992=EDGE_CURVE('',#1584,#1583,#747,.T.);
#1993=EDGE_CURVE('',#1499,#1584,#748,.T.);
#1994=EDGE_CURVE('',#1585,#1584,#749,.T.);
#1995=EDGE_CURVE('',#1585,#1498,#750,.T.);
#1996=EDGE_CURVE('',#1581,#1572,#1358,.T.);
#1997=EDGE_CURVE('',#1582,#1580,#1359,.T.);
#1998=EDGE_CURVE('',#1586,#1585,#1238,.T.);
#1999=EDGE_CURVE('',#1586,#1587,#751,.T.);
#2000=EDGE_CURVE('',#1569,#1587,#1239,.T.);
#2001=EDGE_CURVE('',#1587,#1568,#752,.T.);
#2002=EDGE_CURVE('',#1574,#1586,#753,.T.);
#2003=EDGE_CURVE('',#1588,#1577,#754,.T.);
#2004=EDGE_CURVE('',#1589,#1588,#755,.T.);
#2005=EDGE_CURVE('',#1565,#1589,#756,.T.);
#2006=EDGE_CURVE('',#1588,#1590,#757,.T.);
#2007=EDGE_CURVE('',#1590,#1591,#758,.T.);
#2008=EDGE_CURVE('',#1591,#1592,#759,.T.);
#2009=EDGE_CURVE('',#1592,#1529,#1360,.T.);
#2010=EDGE_CURVE('',#1558,#1561,#760,.T.);
#2011=EDGE_CURVE('',#1562,#1589,#761,.T.);
#2012=EDGE_CURVE('',#1592,#1593,#762,.T.);
#2013=EDGE_CURVE('',#1530,#1593,#1361,.T.);
#2014=EDGE_CURVE('',#1593,#1594,#763,.T.);
#2015=EDGE_CURVE('',#1594,#1535,#764,.T.);
#2016=EDGE_CURVE('',#1533,#1531,#765,.T.);
#2017=EDGE_CURVE('',#1595,#1594,#766,.T.);
#2018=EDGE_CURVE('',#1536,#1595,#767,.T.);
#2019=EDGE_CURVE('',#1595,#1596,#768,.T.);
#2020=EDGE_CURVE('',#1596,#1534,#769,.T.);
#2021=EDGE_CURVE('',#1597,#1598,#770,.T.);
#2022=EDGE_CURVE('',#1597,#1591,#771,.T.);
#2023=EDGE_CURVE('',#1598,#1590,#772,.T.);
#2024=EDGE_CURVE('',#1599,#1596,#773,.T.);
#2025=EDGE_CURVE('',#1599,#1600,#774,.T.);
#2026=EDGE_CURVE('',#1537,#1600,#775,.T.);
#2027=EDGE_CURVE('',#1600,#1601,#776,.T.);
#2028=EDGE_CURVE('',#1540,#1601,#1362,.T.);
#2029=EDGE_CURVE('',#1601,#1602,#777,.T.);
#2030=EDGE_CURVE('',#1539,#1602,#1363,.T.);
#2031=EDGE_CURVE('',#1602,#1603,#778,.T.);
#2032=EDGE_CURVE('',#1603,#1552,#1364,.T.);
#2033=EDGE_CURVE('',#1604,#1553,#1240,.T.);
#2034=EDGE_CURVE('',#1603,#1604,#779,.T.);
#2035=EDGE_CURVE('',#1605,#1604,#780,.T.);
#2036=EDGE_CURVE('',#1563,#1605,#1241,.T.);
#2037=EDGE_CURVE('',#1605,#1606,#781,.T.);
#2038=EDGE_CURVE('',#1564,#1606,#1365,.T.);
#2039=EDGE_CURVE('',#1579,#1607,#1366,.T.);
#2040=EDGE_CURVE('',#1606,#1607,#782,.T.);
#2041=EDGE_CURVE('',#1607,#1608,#783,.T.);
#2042=EDGE_CURVE('',#1608,#1578,#1367,.T.);
#2043=EDGE_CURVE('',#1608,#1609,#784,.T.);
#2044=EDGE_CURVE('',#1609,#1598,#1368,.T.);
#2045=EDGE_CURVE('',#1609,#1610,#785,.T.);
#2046=EDGE_CURVE('',#1610,#1597,#1369,.T.);
#2047=EDGE_CURVE('',#1610,#1599,#786,.T.);
#2048=EDGE_CURVE('',#1611,#1611,#1284,.T.);
#2049=EDGE_CURVE('',#1612,#1613,#1370,.T.);
#2050=EDGE_CURVE('',#1613,#1614,#1371,.T.);
#2051=EDGE_CURVE('',#1614,#1615,#1285,.T.);
#2052=EDGE_CURVE('',#1615,#1616,#787,.T.);
#2053=EDGE_CURVE('',#1616,#1611,#1242,.T.);
#2054=EDGE_CURVE('',#1611,#1617,#1372,.T.);
#2055=EDGE_CURVE('',#1617,#1618,#1373,.T.);
#2056=EDGE_CURVE('',#1618,#1619,#1286,.T.);
#2057=EDGE_CURVE('',#1619,#1620,#1287,.T.);
#2058=EDGE_CURVE('',#1620,#1621,#1243,.T.);
#2059=EDGE_CURVE('',#1621,#1622,#1374,.T.);
#2060=EDGE_CURVE('',#1622,#1623,#1288,.T.);
#2061=EDGE_CURVE('',#1623,#1624,#1375,.T.);
#2062=EDGE_CURVE('',#1624,#1625,#1289,.T.);
#2063=EDGE_CURVE('',#1625,#1626,#1290,.T.);
#2064=EDGE_CURVE('',#1626,#1627,#1291,.T.);
#2065=EDGE_CURVE('',#1627,#1628,#1292,.T.);
#2066=EDGE_CURVE('',#1628,#1629,#1376,.T.);
#2067=EDGE_CURVE('',#1629,#1630,#1293,.T.);
#2068=EDGE_CURVE('',#1630,#1631,#1294,.T.);
#2069=EDGE_CURVE('',#1631,#1632,#1244,.T.);
#2070=EDGE_CURVE('',#1632,#1633,#1377,.T.);
#2071=EDGE_CURVE('',#1633,#1634,#1295,.T.);
#2072=EDGE_CURVE('',#1634,#1635,#788,.T.);
#2073=EDGE_CURVE('',#1635,#1636,#1296,.T.);
#2074=EDGE_CURVE('',#1636,#1637,#1378,.T.);
#2075=EDGE_CURVE('',#1637,#1638,#1297,.T.);
#2076=EDGE_CURVE('',#1638,#1639,#1298,.T.);
#2077=EDGE_CURVE('',#1639,#1640,#1299,.T.);
#2078=EDGE_CURVE('',#1640,#1641,#1300,.T.);
#2079=EDGE_CURVE('',#1641,#1642,#1301,.T.);
#2080=EDGE_CURVE('',#1642,#1643,#1379,.T.);
#2081=EDGE_CURVE('',#1643,#1644,#1302,.T.);
#2082=EDGE_CURVE('',#1644,#1645,#1380,.T.);
#2083=EDGE_CURVE('',#1645,#1646,#1303,.T.);
#2084=EDGE_CURVE('',#1646,#1612,#1304,.T.);
#2085=EDGE_CURVE('',#1647,#1648,#1305,.T.);
#2086=EDGE_CURVE('',#1648,#1649,#1306,.T.);
#2087=EDGE_CURVE('',#1649,#1650,#1307,.T.);
#2088=EDGE_CURVE('',#1650,#1651,#1308,.T.);
#2089=EDGE_CURVE('',#1651,#1652,#1309,.T.);
#2090=EDGE_CURVE('',#1652,#1653,#1310,.T.);
#2091=EDGE_CURVE('',#1653,#1654,#1311,.T.);
#2092=EDGE_CURVE('',#1654,#1655,#1312,.T.);
#2093=EDGE_CURVE('',#1655,#1656,#1313,.T.);
#2094=EDGE_CURVE('',#1656,#1657,#1314,.T.);
#2095=EDGE_CURVE('',#1657,#1658,#1315,.T.);
#2096=EDGE_CURVE('',#1658,#1647,#1316,.T.);
#2097=EDGE_CURVE('',#1617,#1404,#789,.T.);
#2098=EDGE_CURVE('',#1618,#1438,#790,.T.);
#2099=EDGE_CURVE('',#1619,#1437,#791,.T.);
#2100=EDGE_CURVE('',#1620,#1436,#792,.T.);
#2101=EDGE_CURVE('',#1621,#1435,#793,.T.);
#2102=EDGE_CURVE('',#1622,#1434,#794,.T.);
#2103=EDGE_CURVE('',#1623,#1433,#795,.T.);
#2104=EDGE_CURVE('',#1624,#1432,#796,.T.);
#2105=EDGE_CURVE('',#1625,#1431,#797,.T.);
#2106=EDGE_CURVE('',#1626,#1430,#798,.T.);
#2107=EDGE_CURVE('',#1627,#1429,#799,.T.);
#2108=EDGE_CURVE('',#1628,#1428,#800,.T.);
#2109=EDGE_CURVE('',#1629,#1427,#801,.T.);
#2110=EDGE_CURVE('',#1630,#1426,#802,.T.);
#2111=EDGE_CURVE('',#1631,#1425,#803,.T.);
#2112=EDGE_CURVE('',#1632,#1424,#804,.T.);
#2113=EDGE_CURVE('',#1633,#1423,#805,.T.);
#2114=EDGE_CURVE('',#1634,#1422,#806,.T.);
#2115=EDGE_CURVE('',#1635,#1421,#807,.T.);
#2116=EDGE_CURVE('',#1636,#1420,#808,.T.);
#2117=EDGE_CURVE('',#1637,#1419,#809,.T.);
#2118=EDGE_CURVE('',#1638,#1418,#810,.T.);
#2119=EDGE_CURVE('',#1639,#1417,#811,.T.);
#2120=EDGE_CURVE('',#1640,#1416,#812,.T.);
#2121=EDGE_CURVE('',#1641,#1415,#813,.T.);
#2122=EDGE_CURVE('',#1642,#1414,#814,.T.);
#2123=EDGE_CURVE('',#1643,#1413,#815,.T.);
#2124=EDGE_CURVE('',#1644,#1412,#816,.T.);
#2125=EDGE_CURVE('',#1645,#1411,#817,.T.);
#2126=EDGE_CURVE('',#1646,#1410,#818,.T.);
#2127=EDGE_CURVE('',#1612,#1409,#819,.T.);
#2128=EDGE_CURVE('',#1613,#1408,#820,.T.);
#2129=EDGE_CURVE('',#1614,#1407,#821,.T.);
#2130=EDGE_CURVE('',#1615,#1406,#822,.T.);
#2131=EDGE_CURVE('',#1616,#1405,#823,.T.);
#2132=EDGE_CURVE('',#1611,#1403,#824,.T.);
#2133=EDGE_CURVE('',#1611,#1403,#825,.T.);
#2134=EDGE_CURVE('',#1649,#1440,#826,.T.);
#2135=EDGE_CURVE('',#1650,#1450,#827,.T.);
#2136=EDGE_CURVE('',#1651,#1449,#828,.T.);
#2137=EDGE_CURVE('',#1652,#1448,#829,.T.);
#2138=EDGE_CURVE('',#1653,#1447,#830,.T.);
#2139=EDGE_CURVE('',#1654,#1446,#831,.T.);
#2140=EDGE_CURVE('',#1655,#1445,#832,.T.);
#2141=EDGE_CURVE('',#1656,#1444,#833,.T.);
#2142=EDGE_CURVE('',#1657,#1443,#834,.T.);
#2143=EDGE_CURVE('',#1658,#1442,#835,.T.);
#2144=EDGE_CURVE('',#1647,#1441,#836,.T.);
#2145=EDGE_CURVE('',#1648,#1439,#837,.T.);
#2146=EDGE_CURVE('',#1659,#1660,#1317,.T.);
#2147=EDGE_CURVE('',#1659,#1661,#838,.T.);
#2148=EDGE_CURVE('',#1661,#1662,#1318,.T.);
#2149=EDGE_CURVE('',#1660,#1662,#839,.T.);
#2150=EDGE_CURVE('',#1663,#1659,#1319,.T.);
#2151=EDGE_CURVE('',#1663,#1664,#840,.T.);
#2152=EDGE_CURVE('',#1664,#1661,#1320,.T.);
#2153=EDGE_CURVE('',#1665,#1663,#21,.T.);
#2154=EDGE_CURVE('',#1665,#1666,#841,.T.);
#2155=EDGE_CURVE('',#1666,#1664,#22,.T.);
#2156=EDGE_CURVE('',#1667,#1665,#23,.T.);
#2157=EDGE_CURVE('',#1667,#1668,#842,.T.);
#2158=EDGE_CURVE('',#1668,#1666,#24,.T.);
#2159=EDGE_CURVE('',#1669,#1667,#25,.T.);
#2160=EDGE_CURVE('',#1669,#1670,#843,.T.);
#2161=EDGE_CURVE('',#1670,#1668,#26,.T.);
#2162=EDGE_CURVE('',#1671,#1669,#27,.T.);
#2163=EDGE_CURVE('',#1671,#1672,#844,.T.);
#2164=EDGE_CURVE('',#1672,#1670,#28,.T.);
#2165=EDGE_CURVE('',#1673,#1671,#29,.T.);
#2166=EDGE_CURVE('',#1673,#1674,#845,.T.);
#2167=EDGE_CURVE('',#1674,#1672,#30,.T.);
#2168=EDGE_CURVE('',#1675,#1673,#31,.T.);
#2169=EDGE_CURVE('',#1675,#1676,#846,.T.);
#2170=EDGE_CURVE('',#1676,#1674,#32,.T.);
#2171=EDGE_CURVE('',#1677,#1675,#1321,.T.);
#2172=EDGE_CURVE('',#1677,#1678,#847,.T.);
#2173=EDGE_CURVE('',#1678,#1676,#1322,.T.);
#2174=EDGE_CURVE('',#1679,#1677,#33,.T.);
#2175=EDGE_CURVE('',#1679,#1680,#848,.T.);
#2176=EDGE_CURVE('',#1680,#1678,#34,.T.);
#2177=EDGE_CURVE('',#1681,#1679,#1323,.T.);
#2178=EDGE_CURVE('',#1681,#1682,#849,.T.);
#2179=EDGE_CURVE('',#1682,#1680,#1324,.T.);
#2180=EDGE_CURVE('',#1660,#1681,#1325,.T.);
#2181=EDGE_CURVE('',#1662,#1682,#1326,.T.);
#2182=EDGE_CURVE('',#1683,#1684,#1381,.T.);
#2183=EDGE_CURVE('',#1683,#1685,#850,.T.);
#2184=EDGE_CURVE('',#1685,#1686,#1382,.T.);
#2185=EDGE_CURVE('',#1684,#1686,#851,.T.);
#2186=EDGE_CURVE('',#1687,#1683,#35,.T.);
#2187=EDGE_CURVE('',#1687,#1688,#852,.T.);
#2188=EDGE_CURVE('',#1688,#1685,#36,.T.);
#2189=EDGE_CURVE('',#1689,#1687,#37,.T.);
#2190=EDGE_CURVE('',#1689,#1690,#853,.T.);
#2191=EDGE_CURVE('',#1690,#1688,#38,.T.);
#2192=EDGE_CURVE('',#1691,#1689,#1383,.T.);
#2193=EDGE_CURVE('',#1691,#1692,#854,.T.);
#2194=EDGE_CURVE('',#1692,#1690,#1384,.T.);
#2195=EDGE_CURVE('',#1693,#1691,#1327,.T.);
#2196=EDGE_CURVE('',#1693,#1694,#855,.T.);
#2197=EDGE_CURVE('',#1694,#1692,#1328,.T.);
#2198=EDGE_CURVE('',#1695,#1693,#1385,.T.);
#2199=EDGE_CURVE('',#1695,#1696,#856,.T.);
#2200=EDGE_CURVE('',#1696,#1694,#1386,.T.);
#2201=EDGE_CURVE('',#1697,#1695,#39,.T.);
#2202=EDGE_CURVE('',#1697,#1698,#857,.T.);
#2203=EDGE_CURVE('',#1698,#1696,#40,.T.);
#2204=EDGE_CURVE('',#1699,#1697,#41,.T.);
#2205=EDGE_CURVE('',#1699,#1700,#858,.T.);
#2206=EDGE_CURVE('',#1700,#1698,#42,.T.);
#2207=EDGE_CURVE('',#1701,#1699,#43,.T.);
#2208=EDGE_CURVE('',#1701,#1702,#859,.T.);
#2209=EDGE_CURVE('',#1702,#1700,#44,.T.);
#2210=EDGE_CURVE('',#1703,#1701,#1387,.T.);
#2211=EDGE_CURVE('',#1703,#1704,#860,.T.);
#2212=EDGE_CURVE('',#1704,#1702,#1388,.T.);
#2213=EDGE_CURVE('',#1705,#1703,#45,.T.);
#2214=EDGE_CURVE('',#1705,#1706,#861,.T.);
#2215=EDGE_CURVE('',#1706,#1704,#46,.T.);
#2216=EDGE_CURVE('',#1707,#1705,#862,.T.);
#2217=EDGE_CURVE('',#1707,#1708,#863,.T.);
#2218=EDGE_CURVE('',#1708,#1706,#864,.T.);
#2219=EDGE_CURVE('',#1709,#1707,#1329,.T.);
#2220=EDGE_CURVE('',#1709,#1710,#865,.T.);
#2221=EDGE_CURVE('',#1710,#1708,#1330,.T.);
#2222=EDGE_CURVE('',#1711,#1709,#1389,.T.);
#2223=EDGE_CURVE('',#1711,#1712,#866,.T.);
#2224=EDGE_CURVE('',#1712,#1710,#1390,.T.);
#2225=EDGE_CURVE('',#1713,#1711,#1245,.T.);
#2226=EDGE_CURVE('',#1713,#1714,#867,.T.);
#2227=EDGE_CURVE('',#1714,#1712,#1246,.T.);
#2228=EDGE_CURVE('',#1715,#1713,#47,.T.);
#2229=EDGE_CURVE('',#1715,#1716,#868,.T.);
#2230=EDGE_CURVE('',#1716,#1714,#48,.T.);
#2231=EDGE_CURVE('',#1717,#1715,#1331,.T.);
#2232=EDGE_CURVE('',#1717,#1718,#869,.T.);
#2233=EDGE_CURVE('',#1718,#1716,#1332,.T.);
#2234=EDGE_CURVE('',#1719,#1717,#1391,.T.);
#2235=EDGE_CURVE('',#1719,#1720,#870,.T.);
#2236=EDGE_CURVE('',#1720,#1718,#1392,.T.);
#2237=EDGE_CURVE('',#1721,#1719,#1333,.T.);
#2238=EDGE_CURVE('',#1721,#1722,#871,.T.);
#2239=EDGE_CURVE('',#1722,#1720,#1334,.T.);
#2240=EDGE_CURVE('',#1723,#1721,#1335,.T.);
#2241=EDGE_CURVE('',#1723,#1724,#872,.T.);
#2242=EDGE_CURVE('',#1724,#1722,#1336,.T.);
#2243=EDGE_CURVE('',#1725,#1723,#1337,.T.);
#2244=EDGE_CURVE('',#1725,#1726,#873,.T.);
#2245=EDGE_CURVE('',#1726,#1724,#1338,.T.);
#2246=EDGE_CURVE('',#1727,#1725,#1393,.T.);
#2247=EDGE_CURVE('',#1727,#1728,#874,.T.);
#2248=EDGE_CURVE('',#1728,#1726,#1394,.T.);
#2249=EDGE_CURVE('',#1729,#1727,#49,.T.);
#2250=EDGE_CURVE('',#1729,#1730,#875,.T.);
#2251=EDGE_CURVE('',#1730,#1728,#50,.T.);
#2252=EDGE_CURVE('',#1731,#1729,#1395,.T.);
#2253=EDGE_CURVE('',#1731,#1732,#876,.T.);
#2254=EDGE_CURVE('',#1732,#1730,#1396,.T.);
#2255=EDGE_CURVE('',#1733,#1731,#1247,.T.);
#2256=EDGE_CURVE('',#1733,#1734,#877,.T.);
#2257=EDGE_CURVE('',#1734,#1732,#1248,.T.);
#2258=EDGE_CURVE('',#1735,#1733,#1339,.T.);
#2259=EDGE_CURVE('',#1735,#1736,#878,.T.);
#2260=EDGE_CURVE('',#1736,#1734,#1340,.T.);
#2261=EDGE_CURVE('',#1737,#1735,#51,.T.);
#2262=EDGE_CURVE('',#1737,#1738,#879,.T.);
#2263=EDGE_CURVE('',#1738,#1736,#52,.T.);
#2264=EDGE_CURVE('',#1739,#1737,#1397,.T.);
#2265=EDGE_CURVE('',#1739,#1740,#880,.T.);
#2266=EDGE_CURVE('',#1740,#1738,#1398,.T.);
#2267=EDGE_CURVE('',#1741,#1739,#1399,.T.);
#2268=EDGE_CURVE('',#1741,#1742,#881,.T.);
#2269=EDGE_CURVE('',#1742,#1740,#1400,.T.);
#2270=EDGE_CURVE('',#1741,#1741,#53,.T.);
#2271=EDGE_CURVE('',#1741,#1742,#882,.T.);
#2272=EDGE_CURVE('',#1742,#1742,#54,.T.);
#2273=EDGE_CURVE('',#1743,#1741,#1249,.T.);
#2274=EDGE_CURVE('',#1743,#1744,#883,.T.);
#2275=EDGE_CURVE('',#1744,#1742,#1250,.T.);
#2276=EDGE_CURVE('',#1745,#1743,#884,.T.);
#2277=EDGE_CURVE('',#1745,#1746,#885,.T.);
#2278=EDGE_CURVE('',#1746,#1744,#886,.T.);
#2279=EDGE_CURVE('',#1747,#1745,#55,.T.);
#2280=EDGE_CURVE('',#1747,#1748,#887,.T.);
#2281=EDGE_CURVE('',#1748,#1746,#56,.T.);
#2282=EDGE_CURVE('',#1684,#1747,#1401,.T.);
#2283=EDGE_CURVE('',#1686,#1748,#1402,.T.);
#2284=EDGE_CURVE('',#1749,#1750,#888,.T.);
#2285=EDGE_CURVE('',#1750,#1751,#889,.T.);
#2286=EDGE_CURVE('',#1751,#1752,#890,.T.);
#2287=EDGE_CURVE('',#1752,#1749,#891,.T.);
#2288=EDGE_CURVE('',#1750,#1753,#892,.T.);
#2289=EDGE_CURVE('',#1754,#1749,#893,.T.);
#2290=EDGE_CURVE('',#1753,#1754,#894,.T.);
#2291=EDGE_CURVE('',#1753,#1755,#895,.T.);
#2292=EDGE_CURVE('',#1755,#1751,#896,.T.);
#2293=EDGE_CURVE('',#1756,#1752,#897,.T.);
#2294=EDGE_CURVE('',#1754,#1756,#898,.T.);
#2295=EDGE_CURVE('',#1755,#1756,#899,.T.);
#2296=ORIENTED_EDGE('',*,*,#1757,.F.);
#2297=ORIENTED_EDGE('',*,*,#1758,.F.);
#2298=ORIENTED_EDGE('',*,*,#1759,.F.);
#2299=ORIENTED_EDGE('',*,*,#1760,.F.);
#2300=ORIENTED_EDGE('',*,*,#1761,.F.);
#2301=ORIENTED_EDGE('',*,*,#1762,.F.);
#2302=ORIENTED_EDGE('',*,*,#1763,.F.);
#2303=ORIENTED_EDGE('',*,*,#1764,.F.);
#2304=ORIENTED_EDGE('',*,*,#1765,.F.);
#2305=ORIENTED_EDGE('',*,*,#1766,.F.);
#2306=ORIENTED_EDGE('',*,*,#1767,.F.);
#2307=ORIENTED_EDGE('',*,*,#1768,.F.);
#2308=ORIENTED_EDGE('',*,*,#1769,.F.);
#2309=ORIENTED_EDGE('',*,*,#1770,.F.);
#2310=ORIENTED_EDGE('',*,*,#1771,.F.);
#2311=ORIENTED_EDGE('',*,*,#1772,.F.);
#2312=ORIENTED_EDGE('',*,*,#1773,.F.);
#2313=ORIENTED_EDGE('',*,*,#1774,.F.);
#2314=ORIENTED_EDGE('',*,*,#1775,.F.);
#2315=ORIENTED_EDGE('',*,*,#1776,.F.);
#2316=ORIENTED_EDGE('',*,*,#1777,.F.);
#2317=ORIENTED_EDGE('',*,*,#1778,.F.);
#2318=ORIENTED_EDGE('',*,*,#1779,.F.);
#2319=ORIENTED_EDGE('',*,*,#1780,.F.);
#2320=ORIENTED_EDGE('',*,*,#1781,.F.);
#2321=ORIENTED_EDGE('',*,*,#1782,.F.);
#2322=ORIENTED_EDGE('',*,*,#1783,.F.);
#2323=ORIENTED_EDGE('',*,*,#1784,.F.);
#2324=ORIENTED_EDGE('',*,*,#1785,.F.);
#2325=ORIENTED_EDGE('',*,*,#1786,.F.);
#2326=ORIENTED_EDGE('',*,*,#1787,.F.);
#2327=ORIENTED_EDGE('',*,*,#1788,.F.);
#2328=ORIENTED_EDGE('',*,*,#1789,.F.);
#2329=ORIENTED_EDGE('',*,*,#1790,.F.);
#2330=ORIENTED_EDGE('',*,*,#1791,.F.);
#2331=ORIENTED_EDGE('',*,*,#1792,.F.);
#2332=ORIENTED_EDGE('',*,*,#1793,.F.);
#2333=ORIENTED_EDGE('',*,*,#1794,.F.);
#2334=ORIENTED_EDGE('',*,*,#1795,.F.);
#2335=ORIENTED_EDGE('',*,*,#1796,.F.);
#2336=ORIENTED_EDGE('',*,*,#1797,.F.);
#2337=ORIENTED_EDGE('',*,*,#1798,.F.);
#2338=ORIENTED_EDGE('',*,*,#1799,.F.);
#2339=ORIENTED_EDGE('',*,*,#1800,.F.);
#2340=ORIENTED_EDGE('',*,*,#1801,.F.);
#2341=ORIENTED_EDGE('',*,*,#1802,.F.);
#2342=ORIENTED_EDGE('',*,*,#1803,.F.);
#2343=ORIENTED_EDGE('',*,*,#1804,.F.);
#2344=ORIENTED_EDGE('',*,*,#1805,.F.);
#2345=ORIENTED_EDGE('',*,*,#1806,.T.);
#2346=ORIENTED_EDGE('',*,*,#1806,.F.);
#2347=ORIENTED_EDGE('',*,*,#1807,.T.);
#2348=ORIENTED_EDGE('',*,*,#1808,.F.);
#2349=ORIENTED_EDGE('',*,*,#1809,.F.);
#2350=ORIENTED_EDGE('',*,*,#1807,.F.);
#2351=ORIENTED_EDGE('',*,*,#1810,.T.);
#2352=ORIENTED_EDGE('',*,*,#1811,.T.);
#2353=ORIENTED_EDGE('',*,*,#1812,.T.);
#2354=ORIENTED_EDGE('',*,*,#1813,.T.);
#2355=ORIENTED_EDGE('',*,*,#1814,.T.);
#2356=ORIENTED_EDGE('',*,*,#1815,.T.);
#2357=ORIENTED_EDGE('',*,*,#1816,.T.);
#2358=ORIENTED_EDGE('',*,*,#1817,.T.);
#2359=ORIENTED_EDGE('',*,*,#1808,.T.);
#2360=ORIENTED_EDGE('',*,*,#1809,.T.);
#2361=ORIENTED_EDGE('',*,*,#1817,.F.);
#2362=ORIENTED_EDGE('',*,*,#1818,.F.);
#2363=ORIENTED_EDGE('',*,*,#1819,.F.);
#2364=ORIENTED_EDGE('',*,*,#1820,.F.);
#2365=ORIENTED_EDGE('',*,*,#1821,.F.);
#2366=ORIENTED_EDGE('',*,*,#1810,.F.);
#2367=ORIENTED_EDGE('',*,*,#1822,.T.);
#2368=ORIENTED_EDGE('',*,*,#1823,.F.);
#2369=ORIENTED_EDGE('',*,*,#1822,.F.);
#2370=ORIENTED_EDGE('',*,*,#1811,.F.);
#2371=ORIENTED_EDGE('',*,*,#1824,.T.);
#2372=ORIENTED_EDGE('',*,*,#1825,.T.);
#2373=ORIENTED_EDGE('',*,*,#1824,.F.);
#2374=ORIENTED_EDGE('',*,*,#1826,.T.);
#2375=ORIENTED_EDGE('',*,*,#1827,.F.);
#2376=ORIENTED_EDGE('',*,*,#1828,.T.);
#2377=ORIENTED_EDGE('',*,*,#1829,.T.);
#2378=ORIENTED_EDGE('',*,*,#1830,.T.);
#2379=ORIENTED_EDGE('',*,*,#1812,.F.);
#2380=ORIENTED_EDGE('',*,*,#1831,.T.);
#2381=ORIENTED_EDGE('',*,*,#1832,.F.);
#2382=ORIENTED_EDGE('',*,*,#1831,.F.);
#2383=ORIENTED_EDGE('',*,*,#1813,.F.);
#2384=ORIENTED_EDGE('',*,*,#1833,.T.);
#2385=ORIENTED_EDGE('',*,*,#1834,.F.);
#2386=ORIENTED_EDGE('',*,*,#1835,.F.);
#2387=ORIENTED_EDGE('',*,*,#1833,.F.);
#2388=ORIENTED_EDGE('',*,*,#1814,.F.);
#2389=ORIENTED_EDGE('',*,*,#1836,.T.);
#2390=ORIENTED_EDGE('',*,*,#1837,.F.);
#2391=ORIENTED_EDGE('',*,*,#1838,.F.);
#2392=ORIENTED_EDGE('',*,*,#1836,.F.);
#2393=ORIENTED_EDGE('',*,*,#1839,.T.);
#2394=ORIENTED_EDGE('',*,*,#1840,.T.);
#2395=ORIENTED_EDGE('',*,*,#1841,.F.);
#2396=ORIENTED_EDGE('',*,*,#1818,.T.);
#2397=ORIENTED_EDGE('',*,*,#1842,.F.);
#2398=ORIENTED_EDGE('',*,*,#1843,.T.);
#2399=ORIENTED_EDGE('',*,*,#1830,.F.);
#2400=ORIENTED_EDGE('',*,*,#1844,.T.);
#2401=ORIENTED_EDGE('',*,*,#1845,.F.);
#2402=ORIENTED_EDGE('',*,*,#1846,.T.);
#2403=ORIENTED_EDGE('',*,*,#1847,.T.);
#2404=ORIENTED_EDGE('',*,*,#1848,.T.);
#2405=ORIENTED_EDGE('',*,*,#1849,.F.);
#2406=ORIENTED_EDGE('',*,*,#1850,.F.);
#2407=ORIENTED_EDGE('',*,*,#1851,.T.);
#2408=ORIENTED_EDGE('',*,*,#1852,.F.);
#2409=ORIENTED_EDGE('',*,*,#1815,.F.);
#2410=ORIENTED_EDGE('',*,*,#1853,.T.);
#2411=ORIENTED_EDGE('',*,*,#1854,.F.);
#2412=ORIENTED_EDGE('',*,*,#1853,.F.);
#2413=ORIENTED_EDGE('',*,*,#1855,.F.);
#2414=ORIENTED_EDGE('',*,*,#1856,.T.);
#2415=ORIENTED_EDGE('',*,*,#1857,.T.);
#2416=ORIENTED_EDGE('',*,*,#1858,.T.);
#2417=ORIENTED_EDGE('',*,*,#1856,.F.);
#2418=ORIENTED_EDGE('',*,*,#1859,.T.);
#2419=ORIENTED_EDGE('',*,*,#1860,.F.);
#2420=ORIENTED_EDGE('',*,*,#1861,.T.);
#2421=ORIENTED_EDGE('',*,*,#1862,.F.);
#2422=ORIENTED_EDGE('',*,*,#1863,.F.);
#2423=ORIENTED_EDGE('',*,*,#1864,.F.);
#2424=ORIENTED_EDGE('',*,*,#1865,.T.);
#2425=ORIENTED_EDGE('',*,*,#1866,.F.);
#2426=ORIENTED_EDGE('',*,*,#1867,.T.);
#2427=ORIENTED_EDGE('',*,*,#1868,.F.);
#2428=ORIENTED_EDGE('',*,*,#1869,.T.);
#2429=ORIENTED_EDGE('',*,*,#1870,.F.);
#2430=ORIENTED_EDGE('',*,*,#1871,.F.);
#2431=ORIENTED_EDGE('',*,*,#1872,.F.);
#2432=ORIENTED_EDGE('',*,*,#1873,.T.);
#2433=ORIENTED_EDGE('',*,*,#1874,.F.);
#2434=ORIENTED_EDGE('',*,*,#1875,.T.);
#2435=ORIENTED_EDGE('',*,*,#1876,.F.);
#2436=ORIENTED_EDGE('',*,*,#1877,.T.);
#2437=ORIENTED_EDGE('',*,*,#1878,.T.);
#2438=ORIENTED_EDGE('',*,*,#1879,.T.);
#2439=ORIENTED_EDGE('',*,*,#1880,.T.);
#2440=ORIENTED_EDGE('',*,*,#1881,.F.);
#2441=ORIENTED_EDGE('',*,*,#1882,.F.);
#2442=ORIENTED_EDGE('',*,*,#1883,.F.);
#2443=ORIENTED_EDGE('',*,*,#1877,.F.);
#2444=ORIENTED_EDGE('',*,*,#1882,.T.);
#2445=ORIENTED_EDGE('',*,*,#1884,.F.);
#2446=ORIENTED_EDGE('',*,*,#1885,.T.);
#2447=ORIENTED_EDGE('',*,*,#1850,.T.);
#2448=ORIENTED_EDGE('',*,*,#1886,.T.);
#2449=ORIENTED_EDGE('',*,*,#1851,.F.);
#2450=ORIENTED_EDGE('',*,*,#1885,.F.);
#2451=ORIENTED_EDGE('',*,*,#1887,.F.);
#2452=ORIENTED_EDGE('',*,*,#1888,.F.);
#2453=ORIENTED_EDGE('',*,*,#1889,.T.);
#2454=ORIENTED_EDGE('',*,*,#1848,.F.);
#2455=ORIENTED_EDGE('',*,*,#1890,.T.);
#2456=ORIENTED_EDGE('',*,*,#1891,.F.);
#2457=ORIENTED_EDGE('',*,*,#1852,.T.);
#2458=ORIENTED_EDGE('',*,*,#1888,.T.);
#2459=ORIENTED_EDGE('',*,*,#1892,.T.);
#2460=ORIENTED_EDGE('',*,*,#1845,.T.);
#2461=ORIENTED_EDGE('',*,*,#1889,.F.);
#2462=ORIENTED_EDGE('',*,*,#1893,.T.);
#2463=ORIENTED_EDGE('',*,*,#1894,.F.);
#2464=ORIENTED_EDGE('',*,*,#1816,.F.);
#2465=ORIENTED_EDGE('',*,*,#1894,.T.);
#2466=ORIENTED_EDGE('',*,*,#1895,.F.);
#2467=ORIENTED_EDGE('',*,*,#1896,.T.);
#2468=ORIENTED_EDGE('',*,*,#1819,.T.);
#2469=ORIENTED_EDGE('',*,*,#1841,.T.);
#2470=ORIENTED_EDGE('',*,*,#1897,.T.);
#2471=ORIENTED_EDGE('',*,*,#1846,.F.);
#2472=ORIENTED_EDGE('',*,*,#1820,.T.);
#2473=ORIENTED_EDGE('',*,*,#1896,.F.);
#2474=ORIENTED_EDGE('',*,*,#1898,.F.);
#2475=ORIENTED_EDGE('',*,*,#1899,.F.);
#2476=ORIENTED_EDGE('',*,*,#1900,.F.);
#2477=ORIENTED_EDGE('',*,*,#1901,.T.);
#2478=ORIENTED_EDGE('',*,*,#1842,.T.);
#2479=ORIENTED_EDGE('',*,*,#1821,.T.);
#2480=ORIENTED_EDGE('',*,*,#1899,.T.);
#2481=ORIENTED_EDGE('',*,*,#1902,.F.);
#2482=ORIENTED_EDGE('',*,*,#1903,.F.);
#2483=ORIENTED_EDGE('',*,*,#1826,.F.);
#2484=ORIENTED_EDGE('',*,*,#1843,.F.);
#2485=ORIENTED_EDGE('',*,*,#1901,.F.);
#2486=ORIENTED_EDGE('',*,*,#1823,.T.);
#2487=ORIENTED_EDGE('',*,*,#1904,.T.);
#2488=ORIENTED_EDGE('',*,*,#1905,.T.);
#2489=ORIENTED_EDGE('',*,*,#1904,.F.);
#2490=ORIENTED_EDGE('',*,*,#1906,.F.);
#2491=ORIENTED_EDGE('',*,*,#1907,.F.);
#2492=ORIENTED_EDGE('',*,*,#1908,.F.);
#2493=ORIENTED_EDGE('',*,*,#1909,.F.);
#2494=ORIENTED_EDGE('',*,*,#1910,.T.);
#2495=ORIENTED_EDGE('',*,*,#1911,.F.);
#2496=ORIENTED_EDGE('',*,*,#1912,.F.);
#2497=ORIENTED_EDGE('',*,*,#1913,.F.);
#2498=ORIENTED_EDGE('',*,*,#1914,.T.);
#2499=ORIENTED_EDGE('',*,*,#1915,.F.);
#2500=ORIENTED_EDGE('',*,*,#1916,.T.);
#2501=ORIENTED_EDGE('',*,*,#1917,.F.);
#2502=ORIENTED_EDGE('',*,*,#1918,.T.);
#2503=ORIENTED_EDGE('',*,*,#1911,.T.);
#2504=ORIENTED_EDGE('',*,*,#1919,.F.);
#2505=ORIENTED_EDGE('',*,*,#1920,.F.);
#2506=ORIENTED_EDGE('',*,*,#1921,.F.);
#2507=ORIENTED_EDGE('',*,*,#1922,.F.);
#2508=ORIENTED_EDGE('',*,*,#1906,.T.);
#2509=ORIENTED_EDGE('',*,*,#1918,.F.);
#2510=ORIENTED_EDGE('',*,*,#1923,.F.);
#2511=ORIENTED_EDGE('',*,*,#1825,.F.);
#2512=ORIENTED_EDGE('',*,*,#1924,.T.);
#2513=ORIENTED_EDGE('',*,*,#1827,.T.);
#2514=ORIENTED_EDGE('',*,*,#1903,.T.);
#2515=ORIENTED_EDGE('',*,*,#1925,.T.);
#2516=ORIENTED_EDGE('',*,*,#1921,.T.);
#2517=ORIENTED_EDGE('',*,*,#1926,.F.);
#2518=ORIENTED_EDGE('',*,*,#1927,.F.);
#2519=ORIENTED_EDGE('',*,*,#1828,.F.);
#2520=ORIENTED_EDGE('',*,*,#1924,.F.);
#2521=ORIENTED_EDGE('',*,*,#1928,.F.);
#2522=ORIENTED_EDGE('',*,*,#1929,.T.);
#2523=ORIENTED_EDGE('',*,*,#1844,.F.);
#2524=ORIENTED_EDGE('',*,*,#1829,.F.);
#2525=ORIENTED_EDGE('',*,*,#1927,.T.);
#2526=ORIENTED_EDGE('',*,*,#1930,.F.);
#2527=ORIENTED_EDGE('',*,*,#1931,.F.);
#2528=ORIENTED_EDGE('',*,*,#1932,.F.);
#2529=ORIENTED_EDGE('',*,*,#1933,.F.);
#2530=ORIENTED_EDGE('',*,*,#1839,.F.);
#2531=ORIENTED_EDGE('',*,*,#1929,.F.);
#2532=ORIENTED_EDGE('',*,*,#1832,.T.);
#2533=ORIENTED_EDGE('',*,*,#1934,.T.);
#2534=ORIENTED_EDGE('',*,*,#1935,.T.);
#2535=ORIENTED_EDGE('',*,*,#1934,.F.);
#2536=ORIENTED_EDGE('',*,*,#1857,.F.);
#2537=ORIENTED_EDGE('',*,*,#1858,.F.);
#2538=ORIENTED_EDGE('',*,*,#1936,.T.);
#2539=ORIENTED_EDGE('',*,*,#1937,.T.);
#2540=ORIENTED_EDGE('',*,*,#1936,.F.);
#2541=ORIENTED_EDGE('',*,*,#1938,.T.);
#2542=ORIENTED_EDGE('',*,*,#1939,.T.);
#2543=ORIENTED_EDGE('',*,*,#1834,.T.);
#2544=ORIENTED_EDGE('',*,*,#1835,.T.);
#2545=ORIENTED_EDGE('',*,*,#1939,.F.);
#2546=ORIENTED_EDGE('',*,*,#1940,.T.);
#2547=ORIENTED_EDGE('',*,*,#1941,.T.);
#2548=ORIENTED_EDGE('',*,*,#1837,.T.);
#2549=ORIENTED_EDGE('',*,*,#1838,.T.);
#2550=ORIENTED_EDGE('',*,*,#1941,.F.);
#2551=ORIENTED_EDGE('',*,*,#1932,.T.);
#2552=ORIENTED_EDGE('',*,*,#1942,.F.);
#2553=ORIENTED_EDGE('',*,*,#1943,.F.);
#2554=ORIENTED_EDGE('',*,*,#1944,.F.);
#2555=ORIENTED_EDGE('',*,*,#1945,.T.);
#2556=ORIENTED_EDGE('',*,*,#1946,.F.);
#2557=ORIENTED_EDGE('',*,*,#1947,.F.);
#2558=ORIENTED_EDGE('',*,*,#1890,.F.);
#2559=ORIENTED_EDGE('',*,*,#1847,.F.);
#2560=ORIENTED_EDGE('',*,*,#1897,.F.);
#2561=ORIENTED_EDGE('',*,*,#1840,.F.);
#2562=ORIENTED_EDGE('',*,*,#1933,.T.);
#2563=ORIENTED_EDGE('',*,*,#1945,.F.);
#2564=ORIENTED_EDGE('',*,*,#1891,.T.);
#2565=ORIENTED_EDGE('',*,*,#1947,.T.);
#2566=ORIENTED_EDGE('',*,*,#1948,.T.);
#2567=ORIENTED_EDGE('',*,*,#1949,.T.);
#2568=ORIENTED_EDGE('',*,*,#1878,.F.);
#2569=ORIENTED_EDGE('',*,*,#1883,.T.);
#2570=ORIENTED_EDGE('',*,*,#1886,.F.);
#2571=ORIENTED_EDGE('',*,*,#1849,.T.);
#2572=ORIENTED_EDGE('',*,*,#1949,.F.);
#2573=ORIENTED_EDGE('',*,*,#1950,.T.);
#2574=ORIENTED_EDGE('',*,*,#1951,.T.);
#2575=ORIENTED_EDGE('',*,*,#1879,.F.);
#2576=ORIENTED_EDGE('',*,*,#1951,.F.);
#2577=ORIENTED_EDGE('',*,*,#1952,.T.);
#2578=ORIENTED_EDGE('',*,*,#1953,.F.);
#2579=ORIENTED_EDGE('',*,*,#1880,.F.);
#2580=ORIENTED_EDGE('',*,*,#1854,.T.);
#2581=ORIENTED_EDGE('',*,*,#1954,.T.);
#2582=ORIENTED_EDGE('',*,*,#1955,.T.);
#2583=ORIENTED_EDGE('',*,*,#1954,.F.);
#2584=ORIENTED_EDGE('',*,*,#1956,.F.);
#2585=ORIENTED_EDGE('',*,*,#1957,.T.);
#2586=ORIENTED_EDGE('',*,*,#1855,.T.);
#2587=ORIENTED_EDGE('',*,*,#1957,.F.);
#2588=ORIENTED_EDGE('',*,*,#1958,.F.);
#2589=ORIENTED_EDGE('',*,*,#1959,.T.);
#2590=ORIENTED_EDGE('',*,*,#1960,.F.);
#2591=ORIENTED_EDGE('',*,*,#1961,.F.);
#2592=ORIENTED_EDGE('',*,*,#1874,.T.);
#2593=ORIENTED_EDGE('',*,*,#1962,.T.);
#2594=ORIENTED_EDGE('',*,*,#1963,.F.);
#2595=ORIENTED_EDGE('',*,*,#1964,.T.);
#2596=ORIENTED_EDGE('',*,*,#1875,.F.);
#2597=ORIENTED_EDGE('',*,*,#1964,.F.);
#2598=ORIENTED_EDGE('',*,*,#1965,.F.);
#2599=ORIENTED_EDGE('',*,*,#1966,.F.);
#2600=ORIENTED_EDGE('',*,*,#1967,.F.);
#2601=ORIENTED_EDGE('',*,*,#1968,.T.);
#2602=ORIENTED_EDGE('',*,*,#1872,.T.);
#2603=ORIENTED_EDGE('',*,*,#1966,.T.);
#2604=ORIENTED_EDGE('',*,*,#1862,.T.);
#2605=ORIENTED_EDGE('',*,*,#1969,.T.);
#2606=ORIENTED_EDGE('',*,*,#1970,.F.);
#2607=ORIENTED_EDGE('',*,*,#1971,.T.);
#2608=ORIENTED_EDGE('',*,*,#1971,.F.);
#2609=ORIENTED_EDGE('',*,*,#1972,.F.);
#2610=ORIENTED_EDGE('',*,*,#1973,.T.);
#2611=ORIENTED_EDGE('',*,*,#1863,.T.);
#2612=ORIENTED_EDGE('',*,*,#1974,.F.);
#2613=ORIENTED_EDGE('',*,*,#1975,.T.);
#2614=ORIENTED_EDGE('',*,*,#1860,.T.);
#2615=ORIENTED_EDGE('',*,*,#1973,.F.);
#2616=ORIENTED_EDGE('',*,*,#1859,.F.);
#2617=ORIENTED_EDGE('',*,*,#1976,.T.);
#2618=ORIENTED_EDGE('',*,*,#1977,.F.);
#2619=ORIENTED_EDGE('',*,*,#1976,.F.);
#2620=ORIENTED_EDGE('',*,*,#1870,.T.);
#2621=ORIENTED_EDGE('',*,*,#1978,.T.);
#2622=ORIENTED_EDGE('',*,*,#1979,.F.);
#2623=ORIENTED_EDGE('',*,*,#1980,.T.);
#2624=ORIENTED_EDGE('',*,*,#1980,.F.);
#2625=ORIENTED_EDGE('',*,*,#1981,.F.);
#2626=ORIENTED_EDGE('',*,*,#1982,.T.);
#2627=ORIENTED_EDGE('',*,*,#1871,.T.);
#2628=ORIENTED_EDGE('',*,*,#1983,.F.);
#2629=ORIENTED_EDGE('',*,*,#1984,.T.);
#2630=ORIENTED_EDGE('',*,*,#1868,.T.);
#2631=ORIENTED_EDGE('',*,*,#1982,.F.);
#2632=ORIENTED_EDGE('',*,*,#1985,.F.);
#2633=ORIENTED_EDGE('',*,*,#1986,.F.);
#2634=ORIENTED_EDGE('',*,*,#1987,.F.);
#2635=ORIENTED_EDGE('',*,*,#1988,.F.);
#2636=ORIENTED_EDGE('',*,*,#1866,.T.);
#2637=ORIENTED_EDGE('',*,*,#1989,.T.);
#2638=ORIENTED_EDGE('',*,*,#1990,.F.);
#2639=ORIENTED_EDGE('',*,*,#1991,.T.);
#2640=ORIENTED_EDGE('',*,*,#1867,.F.);
#2641=ORIENTED_EDGE('',*,*,#1991,.F.);
#2642=ORIENTED_EDGE('',*,*,#1992,.F.);
#2643=ORIENTED_EDGE('',*,*,#1993,.F.);
#2644=ORIENTED_EDGE('',*,*,#1994,.F.);
#2645=ORIENTED_EDGE('',*,*,#1995,.T.);
#2646=ORIENTED_EDGE('',*,*,#1864,.T.);
#2647=ORIENTED_EDGE('',*,*,#1993,.T.);
#2648=ORIENTED_EDGE('',*,*,#1975,.F.);
#2649=ORIENTED_EDGE('',*,*,#1996,.F.);
#2650=ORIENTED_EDGE('',*,*,#1987,.T.);
#2651=ORIENTED_EDGE('',*,*,#1997,.F.);
#2652=ORIENTED_EDGE('',*,*,#1989,.F.);
#2653=ORIENTED_EDGE('',*,*,#1865,.F.);
#2654=ORIENTED_EDGE('',*,*,#1995,.F.);
#2655=ORIENTED_EDGE('',*,*,#1998,.F.);
#2656=ORIENTED_EDGE('',*,*,#1999,.T.);
#2657=ORIENTED_EDGE('',*,*,#2000,.F.);
#2658=ORIENTED_EDGE('',*,*,#1969,.F.);
#2659=ORIENTED_EDGE('',*,*,#1861,.F.);
#2660=ORIENTED_EDGE('',*,*,#1962,.F.);
#2661=ORIENTED_EDGE('',*,*,#1873,.F.);
#2662=ORIENTED_EDGE('',*,*,#1968,.F.);
#2663=ORIENTED_EDGE('',*,*,#2001,.F.);
#2664=ORIENTED_EDGE('',*,*,#1999,.F.);
#2665=ORIENTED_EDGE('',*,*,#2002,.F.);
#2666=ORIENTED_EDGE('',*,*,#1978,.F.);
#2667=ORIENTED_EDGE('',*,*,#1869,.F.);
#2668=ORIENTED_EDGE('',*,*,#1984,.F.);
#2669=ORIENTED_EDGE('',*,*,#2003,.F.);
#2670=ORIENTED_EDGE('',*,*,#2004,.F.);
#2671=ORIENTED_EDGE('',*,*,#2005,.F.);
#2672=ORIENTED_EDGE('',*,*,#2004,.T.);
#2673=ORIENTED_EDGE('',*,*,#2006,.T.);
#2674=ORIENTED_EDGE('',*,*,#2007,.T.);
#2675=ORIENTED_EDGE('',*,*,#2008,.T.);
#2676=ORIENTED_EDGE('',*,*,#2009,.T.);
#2677=ORIENTED_EDGE('',*,*,#1907,.T.);
#2678=ORIENTED_EDGE('',*,*,#1922,.T.);
#2679=ORIENTED_EDGE('',*,*,#1925,.F.);
#2680=ORIENTED_EDGE('',*,*,#1902,.T.);
#2681=ORIENTED_EDGE('',*,*,#1900,.T.);
#2682=ORIENTED_EDGE('',*,*,#1898,.T.);
#2683=ORIENTED_EDGE('',*,*,#1895,.T.);
#2684=ORIENTED_EDGE('',*,*,#1893,.F.);
#2685=ORIENTED_EDGE('',*,*,#1892,.F.);
#2686=ORIENTED_EDGE('',*,*,#1887,.T.);
#2687=ORIENTED_EDGE('',*,*,#1884,.T.);
#2688=ORIENTED_EDGE('',*,*,#1881,.T.);
#2689=ORIENTED_EDGE('',*,*,#1876,.T.);
#2690=ORIENTED_EDGE('',*,*,#1953,.T.);
#2691=ORIENTED_EDGE('',*,*,#2010,.T.);
#2692=ORIENTED_EDGE('',*,*,#1958,.T.);
#2693=ORIENTED_EDGE('',*,*,#2011,.T.);
#2694=ORIENTED_EDGE('',*,*,#2009,.F.);
#2695=ORIENTED_EDGE('',*,*,#2012,.T.);
#2696=ORIENTED_EDGE('',*,*,#2013,.F.);
#2697=ORIENTED_EDGE('',*,*,#1908,.T.);
#2698=ORIENTED_EDGE('',*,*,#2013,.T.);
#2699=ORIENTED_EDGE('',*,*,#2014,.T.);
#2700=ORIENTED_EDGE('',*,*,#2015,.T.);
#2701=ORIENTED_EDGE('',*,*,#1913,.T.);
#2702=ORIENTED_EDGE('',*,*,#2016,.T.);
#2703=ORIENTED_EDGE('',*,*,#1909,.T.);
#2704=ORIENTED_EDGE('',*,*,#1914,.F.);
#2705=ORIENTED_EDGE('',*,*,#2015,.F.);
#2706=ORIENTED_EDGE('',*,*,#2017,.F.);
#2707=ORIENTED_EDGE('',*,*,#2018,.F.);
#2708=ORIENTED_EDGE('',*,*,#2018,.T.);
#2709=ORIENTED_EDGE('',*,*,#2019,.T.);
#2710=ORIENTED_EDGE('',*,*,#2020,.T.);
#2711=ORIENTED_EDGE('',*,*,#1915,.T.);
#2712=ORIENTED_EDGE('',*,*,#2021,.F.);
#2713=ORIENTED_EDGE('',*,*,#2022,.T.);
#2714=ORIENTED_EDGE('',*,*,#2007,.F.);
#2715=ORIENTED_EDGE('',*,*,#2023,.F.);
#2716=ORIENTED_EDGE('',*,*,#2016,.F.);
#2717=ORIENTED_EDGE('',*,*,#1912,.T.);
#2718=ORIENTED_EDGE('',*,*,#2020,.F.);
#2719=ORIENTED_EDGE('',*,*,#2024,.F.);
#2720=ORIENTED_EDGE('',*,*,#2025,.T.);
#2721=ORIENTED_EDGE('',*,*,#2026,.F.);
#2722=ORIENTED_EDGE('',*,*,#1916,.F.);
#2723=ORIENTED_EDGE('',*,*,#1910,.F.);
#2724=ORIENTED_EDGE('',*,*,#1905,.F.);
#2725=ORIENTED_EDGE('',*,*,#2026,.T.);
#2726=ORIENTED_EDGE('',*,*,#2027,.T.);
#2727=ORIENTED_EDGE('',*,*,#2028,.F.);
#2728=ORIENTED_EDGE('',*,*,#1923,.T.);
#2729=ORIENTED_EDGE('',*,*,#1917,.T.);
#2730=ORIENTED_EDGE('',*,*,#1919,.T.);
#2731=ORIENTED_EDGE('',*,*,#2028,.T.);
#2732=ORIENTED_EDGE('',*,*,#2029,.T.);
#2733=ORIENTED_EDGE('',*,*,#2030,.F.);
#2734=ORIENTED_EDGE('',*,*,#1931,.T.);
#2735=ORIENTED_EDGE('',*,*,#1930,.T.);
#2736=ORIENTED_EDGE('',*,*,#1928,.T.);
#2737=ORIENTED_EDGE('',*,*,#1926,.T.);
#2738=ORIENTED_EDGE('',*,*,#1920,.T.);
#2739=ORIENTED_EDGE('',*,*,#2030,.T.);
#2740=ORIENTED_EDGE('',*,*,#2031,.T.);
#2741=ORIENTED_EDGE('',*,*,#2032,.T.);
#2742=ORIENTED_EDGE('',*,*,#1942,.T.);
#2743=ORIENTED_EDGE('',*,*,#2033,.T.);
#2744=ORIENTED_EDGE('',*,*,#1943,.T.);
#2745=ORIENTED_EDGE('',*,*,#2032,.F.);
#2746=ORIENTED_EDGE('',*,*,#2034,.T.);
#2747=ORIENTED_EDGE('',*,*,#2033,.F.);
#2748=ORIENTED_EDGE('',*,*,#2035,.F.);
#2749=ORIENTED_EDGE('',*,*,#2036,.F.);
#2750=ORIENTED_EDGE('',*,*,#1959,.F.);
#2751=ORIENTED_EDGE('',*,*,#2010,.F.);
#2752=ORIENTED_EDGE('',*,*,#1952,.F.);
#2753=ORIENTED_EDGE('',*,*,#1950,.F.);
#2754=ORIENTED_EDGE('',*,*,#1948,.F.);
#2755=ORIENTED_EDGE('',*,*,#1946,.T.);
#2756=ORIENTED_EDGE('',*,*,#1944,.T.);
#2757=ORIENTED_EDGE('',*,*,#1955,.F.);
#2758=ORIENTED_EDGE('',*,*,#1940,.F.);
#2759=ORIENTED_EDGE('',*,*,#1938,.F.);
#2760=ORIENTED_EDGE('',*,*,#1937,.F.);
#2761=ORIENTED_EDGE('',*,*,#1935,.F.);
#2762=ORIENTED_EDGE('',*,*,#2036,.T.);
#2763=ORIENTED_EDGE('',*,*,#2037,.T.);
#2764=ORIENTED_EDGE('',*,*,#2038,.F.);
#2765=ORIENTED_EDGE('',*,*,#1960,.T.);
#2766=ORIENTED_EDGE('',*,*,#2039,.F.);
#2767=ORIENTED_EDGE('',*,*,#1988,.T.);
#2768=ORIENTED_EDGE('',*,*,#1996,.T.);
#2769=ORIENTED_EDGE('',*,*,#1974,.T.);
#2770=ORIENTED_EDGE('',*,*,#1972,.T.);
#2771=ORIENTED_EDGE('',*,*,#1970,.T.);
#2772=ORIENTED_EDGE('',*,*,#2000,.T.);
#2773=ORIENTED_EDGE('',*,*,#2001,.T.);
#2774=ORIENTED_EDGE('',*,*,#1967,.T.);
#2775=ORIENTED_EDGE('',*,*,#1965,.T.);
#2776=ORIENTED_EDGE('',*,*,#1963,.T.);
#2777=ORIENTED_EDGE('',*,*,#2005,.T.);
#2778=ORIENTED_EDGE('',*,*,#2011,.F.);
#2779=ORIENTED_EDGE('',*,*,#1961,.T.);
#2780=ORIENTED_EDGE('',*,*,#2038,.T.);
#2781=ORIENTED_EDGE('',*,*,#2040,.T.);
#2782=ORIENTED_EDGE('',*,*,#1956,.T.);
#2783=ORIENTED_EDGE('',*,*,#2039,.T.);
#2784=ORIENTED_EDGE('',*,*,#2041,.T.);
#2785=ORIENTED_EDGE('',*,*,#2042,.T.);
#2786=ORIENTED_EDGE('',*,*,#1985,.T.);
#2787=ORIENTED_EDGE('',*,*,#2002,.T.);
#2788=ORIENTED_EDGE('',*,*,#1998,.T.);
#2789=ORIENTED_EDGE('',*,*,#1994,.T.);
#2790=ORIENTED_EDGE('',*,*,#1992,.T.);
#2791=ORIENTED_EDGE('',*,*,#1990,.T.);
#2792=ORIENTED_EDGE('',*,*,#1997,.T.);
#2793=ORIENTED_EDGE('',*,*,#1986,.T.);
#2794=ORIENTED_EDGE('',*,*,#2042,.F.);
#2795=ORIENTED_EDGE('',*,*,#2043,.T.);
#2796=ORIENTED_EDGE('',*,*,#2044,.T.);
#2797=ORIENTED_EDGE('',*,*,#2023,.T.);
#2798=ORIENTED_EDGE('',*,*,#2006,.F.);
#2799=ORIENTED_EDGE('',*,*,#2003,.T.);
#2800=ORIENTED_EDGE('',*,*,#1983,.T.);
#2801=ORIENTED_EDGE('',*,*,#1981,.T.);
#2802=ORIENTED_EDGE('',*,*,#1979,.T.);
#2803=ORIENTED_EDGE('',*,*,#1977,.T.);
#2804=ORIENTED_EDGE('',*,*,#2045,.T.);
#2805=ORIENTED_EDGE('',*,*,#2046,.T.);
#2806=ORIENTED_EDGE('',*,*,#2021,.T.);
#2807=ORIENTED_EDGE('',*,*,#2044,.F.);
#2808=ORIENTED_EDGE('',*,*,#2022,.F.);
#2809=ORIENTED_EDGE('',*,*,#2046,.F.);
#2810=ORIENTED_EDGE('',*,*,#2047,.T.);
#2811=ORIENTED_EDGE('',*,*,#2024,.T.);
#2812=ORIENTED_EDGE('',*,*,#2019,.F.);
#2813=ORIENTED_EDGE('',*,*,#2017,.T.);
#2814=ORIENTED_EDGE('',*,*,#2014,.F.);
#2815=ORIENTED_EDGE('',*,*,#2012,.F.);
#2816=ORIENTED_EDGE('',*,*,#2008,.F.);
#2817=ORIENTED_EDGE('',*,*,#2048,.T.);
#2818=ORIENTED_EDGE('',*,*,#2047,.F.);
#2819=ORIENTED_EDGE('',*,*,#2045,.F.);
#2820=ORIENTED_EDGE('',*,*,#2043,.F.);
#2821=ORIENTED_EDGE('',*,*,#2041,.F.);
#2822=ORIENTED_EDGE('',*,*,#2040,.F.);
#2823=ORIENTED_EDGE('',*,*,#2037,.F.);
#2824=ORIENTED_EDGE('',*,*,#2035,.T.);
#2825=ORIENTED_EDGE('',*,*,#2034,.F.);
#2826=ORIENTED_EDGE('',*,*,#2031,.F.);
#2827=ORIENTED_EDGE('',*,*,#2029,.F.);
#2828=ORIENTED_EDGE('',*,*,#2027,.F.);
#2829=ORIENTED_EDGE('',*,*,#2025,.F.);
#2830=ORIENTED_EDGE('',*,*,#2049,.T.);
#2831=ORIENTED_EDGE('',*,*,#2050,.T.);
#2832=ORIENTED_EDGE('',*,*,#2051,.T.);
#2833=ORIENTED_EDGE('',*,*,#2052,.T.);
#2834=ORIENTED_EDGE('',*,*,#2053,.T.);
#2835=ORIENTED_EDGE('',*,*,#2054,.T.);
#2836=ORIENTED_EDGE('',*,*,#2055,.T.);
#2837=ORIENTED_EDGE('',*,*,#2056,.T.);
#2838=ORIENTED_EDGE('',*,*,#2057,.T.);
#2839=ORIENTED_EDGE('',*,*,#2058,.T.);
#2840=ORIENTED_EDGE('',*,*,#2059,.T.);
#2841=ORIENTED_EDGE('',*,*,#2060,.T.);
#2842=ORIENTED_EDGE('',*,*,#2061,.T.);
#2843=ORIENTED_EDGE('',*,*,#2062,.T.);
#2844=ORIENTED_EDGE('',*,*,#2063,.T.);
#2845=ORIENTED_EDGE('',*,*,#2064,.T.);
#2846=ORIENTED_EDGE('',*,*,#2065,.T.);
#2847=ORIENTED_EDGE('',*,*,#2066,.T.);
#2848=ORIENTED_EDGE('',*,*,#2067,.T.);
#2849=ORIENTED_EDGE('',*,*,#2068,.T.);
#2850=ORIENTED_EDGE('',*,*,#2069,.T.);
#2851=ORIENTED_EDGE('',*,*,#2070,.T.);
#2852=ORIENTED_EDGE('',*,*,#2071,.T.);
#2853=ORIENTED_EDGE('',*,*,#2072,.T.);
#2854=ORIENTED_EDGE('',*,*,#2073,.T.);
#2855=ORIENTED_EDGE('',*,*,#2074,.T.);
#2856=ORIENTED_EDGE('',*,*,#2075,.T.);
#2857=ORIENTED_EDGE('',*,*,#2076,.T.);
#2858=ORIENTED_EDGE('',*,*,#2077,.T.);
#2859=ORIENTED_EDGE('',*,*,#2078,.T.);
#2860=ORIENTED_EDGE('',*,*,#2079,.T.);
#2861=ORIENTED_EDGE('',*,*,#2080,.T.);
#2862=ORIENTED_EDGE('',*,*,#2081,.T.);
#2863=ORIENTED_EDGE('',*,*,#2082,.T.);
#2864=ORIENTED_EDGE('',*,*,#2083,.T.);
#2865=ORIENTED_EDGE('',*,*,#2084,.T.);
#2866=ORIENTED_EDGE('',*,*,#2085,.T.);
#2867=ORIENTED_EDGE('',*,*,#2086,.T.);
#2868=ORIENTED_EDGE('',*,*,#2087,.T.);
#2869=ORIENTED_EDGE('',*,*,#2088,.T.);
#2870=ORIENTED_EDGE('',*,*,#2089,.T.);
#2871=ORIENTED_EDGE('',*,*,#2090,.T.);
#2872=ORIENTED_EDGE('',*,*,#2091,.T.);
#2873=ORIENTED_EDGE('',*,*,#2092,.T.);
#2874=ORIENTED_EDGE('',*,*,#2093,.T.);
#2875=ORIENTED_EDGE('',*,*,#2094,.T.);
#2876=ORIENTED_EDGE('',*,*,#2095,.T.);
#2877=ORIENTED_EDGE('',*,*,#2096,.T.);
#2878=ORIENTED_EDGE('',*,*,#2055,.F.);
#2879=ORIENTED_EDGE('',*,*,#2097,.T.);
#2880=ORIENTED_EDGE('',*,*,#1793,.T.);
#2881=ORIENTED_EDGE('',*,*,#2098,.F.);
#2882=ORIENTED_EDGE('',*,*,#2056,.F.);
#2883=ORIENTED_EDGE('',*,*,#2098,.T.);
#2884=ORIENTED_EDGE('',*,*,#1792,.T.);
#2885=ORIENTED_EDGE('',*,*,#2099,.F.);
#2886=ORIENTED_EDGE('',*,*,#2057,.F.);
#2887=ORIENTED_EDGE('',*,*,#2099,.T.);
#2888=ORIENTED_EDGE('',*,*,#1791,.T.);
#2889=ORIENTED_EDGE('',*,*,#2100,.F.);
#2890=ORIENTED_EDGE('',*,*,#2058,.F.);
#2891=ORIENTED_EDGE('',*,*,#2100,.T.);
#2892=ORIENTED_EDGE('',*,*,#1790,.T.);
#2893=ORIENTED_EDGE('',*,*,#2101,.F.);
#2894=ORIENTED_EDGE('',*,*,#2059,.F.);
#2895=ORIENTED_EDGE('',*,*,#2101,.T.);
#2896=ORIENTED_EDGE('',*,*,#1789,.T.);
#2897=ORIENTED_EDGE('',*,*,#2102,.F.);
#2898=ORIENTED_EDGE('',*,*,#2060,.F.);
#2899=ORIENTED_EDGE('',*,*,#2102,.T.);
#2900=ORIENTED_EDGE('',*,*,#1788,.T.);
#2901=ORIENTED_EDGE('',*,*,#2103,.F.);
#2902=ORIENTED_EDGE('',*,*,#2061,.F.);
#2903=ORIENTED_EDGE('',*,*,#2103,.T.);
#2904=ORIENTED_EDGE('',*,*,#1787,.T.);
#2905=ORIENTED_EDGE('',*,*,#2104,.F.);
#2906=ORIENTED_EDGE('',*,*,#2062,.F.);
#2907=ORIENTED_EDGE('',*,*,#2104,.T.);
#2908=ORIENTED_EDGE('',*,*,#1786,.T.);
#2909=ORIENTED_EDGE('',*,*,#2105,.F.);
#2910=ORIENTED_EDGE('',*,*,#2063,.F.);
#2911=ORIENTED_EDGE('',*,*,#2105,.T.);
#2912=ORIENTED_EDGE('',*,*,#1785,.T.);
#2913=ORIENTED_EDGE('',*,*,#2106,.F.);
#2914=ORIENTED_EDGE('',*,*,#2064,.F.);
#2915=ORIENTED_EDGE('',*,*,#2106,.T.);
#2916=ORIENTED_EDGE('',*,*,#1784,.T.);
#2917=ORIENTED_EDGE('',*,*,#2107,.F.);
#2918=ORIENTED_EDGE('',*,*,#2065,.F.);
#2919=ORIENTED_EDGE('',*,*,#2107,.T.);
#2920=ORIENTED_EDGE('',*,*,#1783,.T.);
#2921=ORIENTED_EDGE('',*,*,#2108,.F.);
#2922=ORIENTED_EDGE('',*,*,#2066,.F.);
#2923=ORIENTED_EDGE('',*,*,#2108,.T.);
#2924=ORIENTED_EDGE('',*,*,#1782,.T.);
#2925=ORIENTED_EDGE('',*,*,#2109,.F.);
#2926=ORIENTED_EDGE('',*,*,#2067,.F.);
#2927=ORIENTED_EDGE('',*,*,#2109,.T.);
#2928=ORIENTED_EDGE('',*,*,#1781,.T.);
#2929=ORIENTED_EDGE('',*,*,#2110,.F.);
#2930=ORIENTED_EDGE('',*,*,#2068,.F.);
#2931=ORIENTED_EDGE('',*,*,#2110,.T.);
#2932=ORIENTED_EDGE('',*,*,#1780,.T.);
#2933=ORIENTED_EDGE('',*,*,#2111,.F.);
#2934=ORIENTED_EDGE('',*,*,#2069,.F.);
#2935=ORIENTED_EDGE('',*,*,#2111,.T.);
#2936=ORIENTED_EDGE('',*,*,#1779,.T.);
#2937=ORIENTED_EDGE('',*,*,#2112,.F.);
#2938=ORIENTED_EDGE('',*,*,#2070,.F.);
#2939=ORIENTED_EDGE('',*,*,#2112,.T.);
#2940=ORIENTED_EDGE('',*,*,#1778,.T.);
#2941=ORIENTED_EDGE('',*,*,#2113,.F.);
#2942=ORIENTED_EDGE('',*,*,#2071,.F.);
#2943=ORIENTED_EDGE('',*,*,#2113,.T.);
#2944=ORIENTED_EDGE('',*,*,#1777,.T.);
#2945=ORIENTED_EDGE('',*,*,#2114,.F.);
#2946=ORIENTED_EDGE('',*,*,#2072,.F.);
#2947=ORIENTED_EDGE('',*,*,#2114,.T.);
#2948=ORIENTED_EDGE('',*,*,#1776,.T.);
#2949=ORIENTED_EDGE('',*,*,#2115,.F.);
#2950=ORIENTED_EDGE('',*,*,#2073,.F.);
#2951=ORIENTED_EDGE('',*,*,#2115,.T.);
#2952=ORIENTED_EDGE('',*,*,#1775,.T.);
#2953=ORIENTED_EDGE('',*,*,#2116,.F.);
#2954=ORIENTED_EDGE('',*,*,#2074,.F.);
#2955=ORIENTED_EDGE('',*,*,#2116,.T.);
#2956=ORIENTED_EDGE('',*,*,#1774,.T.);
#2957=ORIENTED_EDGE('',*,*,#2117,.F.);
#2958=ORIENTED_EDGE('',*,*,#2075,.F.);
#2959=ORIENTED_EDGE('',*,*,#2117,.T.);
#2960=ORIENTED_EDGE('',*,*,#1773,.T.);
#2961=ORIENTED_EDGE('',*,*,#2118,.F.);
#2962=ORIENTED_EDGE('',*,*,#2076,.F.);
#2963=ORIENTED_EDGE('',*,*,#2118,.T.);
#2964=ORIENTED_EDGE('',*,*,#1772,.T.);
#2965=ORIENTED_EDGE('',*,*,#2119,.F.);
#2966=ORIENTED_EDGE('',*,*,#2077,.F.);
#2967=ORIENTED_EDGE('',*,*,#2119,.T.);
#2968=ORIENTED_EDGE('',*,*,#1771,.T.);
#2969=ORIENTED_EDGE('',*,*,#2120,.F.);
#2970=ORIENTED_EDGE('',*,*,#2078,.F.);
#2971=ORIENTED_EDGE('',*,*,#2120,.T.);
#2972=ORIENTED_EDGE('',*,*,#1770,.T.);
#2973=ORIENTED_EDGE('',*,*,#2121,.F.);
#2974=ORIENTED_EDGE('',*,*,#2079,.F.);
#2975=ORIENTED_EDGE('',*,*,#2121,.T.);
#2976=ORIENTED_EDGE('',*,*,#1769,.T.);
#2977=ORIENTED_EDGE('',*,*,#2122,.F.);
#2978=ORIENTED_EDGE('',*,*,#2080,.F.);
#2979=ORIENTED_EDGE('',*,*,#2122,.T.);
#2980=ORIENTED_EDGE('',*,*,#1768,.T.);
#2981=ORIENTED_EDGE('',*,*,#2123,.F.);
#2982=ORIENTED_EDGE('',*,*,#2081,.F.);
#2983=ORIENTED_EDGE('',*,*,#2123,.T.);
#2984=ORIENTED_EDGE('',*,*,#1767,.T.);
#2985=ORIENTED_EDGE('',*,*,#2124,.F.);
#2986=ORIENTED_EDGE('',*,*,#2082,.F.);
#2987=ORIENTED_EDGE('',*,*,#2124,.T.);
#2988=ORIENTED_EDGE('',*,*,#1766,.T.);
#2989=ORIENTED_EDGE('',*,*,#2125,.F.);
#2990=ORIENTED_EDGE('',*,*,#2083,.F.);
#2991=ORIENTED_EDGE('',*,*,#2125,.T.);
#2992=ORIENTED_EDGE('',*,*,#1765,.T.);
#2993=ORIENTED_EDGE('',*,*,#2126,.F.);
#2994=ORIENTED_EDGE('',*,*,#2084,.F.);
#2995=ORIENTED_EDGE('',*,*,#2126,.T.);
#2996=ORIENTED_EDGE('',*,*,#1764,.T.);
#2997=ORIENTED_EDGE('',*,*,#2127,.F.);
#2998=ORIENTED_EDGE('',*,*,#2049,.F.);
#2999=ORIENTED_EDGE('',*,*,#2127,.T.);
#3000=ORIENTED_EDGE('',*,*,#1763,.T.);
#3001=ORIENTED_EDGE('',*,*,#2128,.F.);
#3002=ORIENTED_EDGE('',*,*,#2050,.F.);
#3003=ORIENTED_EDGE('',*,*,#2128,.T.);
#3004=ORIENTED_EDGE('',*,*,#1762,.T.);
#3005=ORIENTED_EDGE('',*,*,#2129,.F.);
#3006=ORIENTED_EDGE('',*,*,#2051,.F.);
#3007=ORIENTED_EDGE('',*,*,#2129,.T.);
#3008=ORIENTED_EDGE('',*,*,#1761,.T.);
#3009=ORIENTED_EDGE('',*,*,#2130,.F.);
#3010=ORIENTED_EDGE('',*,*,#2052,.F.);
#3011=ORIENTED_EDGE('',*,*,#2130,.T.);
#3012=ORIENTED_EDGE('',*,*,#1760,.T.);
#3013=ORIENTED_EDGE('',*,*,#2131,.F.);
#3014=ORIENTED_EDGE('',*,*,#2053,.F.);
#3015=ORIENTED_EDGE('',*,*,#2131,.T.);
#3016=ORIENTED_EDGE('',*,*,#1759,.T.);
#3017=ORIENTED_EDGE('',*,*,#2132,.F.);
#3018=ORIENTED_EDGE('',*,*,#1758,.T.);
#3019=ORIENTED_EDGE('',*,*,#2133,.F.);
#3020=ORIENTED_EDGE('',*,*,#2048,.F.);
#3021=ORIENTED_EDGE('',*,*,#2133,.T.);
#3022=ORIENTED_EDGE('',*,*,#2054,.F.);
#3023=ORIENTED_EDGE('',*,*,#2132,.T.);
#3024=ORIENTED_EDGE('',*,*,#1757,.T.);
#3025=ORIENTED_EDGE('',*,*,#2097,.F.);
#3026=ORIENTED_EDGE('',*,*,#2087,.F.);
#3027=ORIENTED_EDGE('',*,*,#2134,.T.);
#3028=ORIENTED_EDGE('',*,*,#1805,.T.);
#3029=ORIENTED_EDGE('',*,*,#2135,.F.);
#3030=ORIENTED_EDGE('',*,*,#2088,.F.);
#3031=ORIENTED_EDGE('',*,*,#2135,.T.);
#3032=ORIENTED_EDGE('',*,*,#1804,.T.);
#3033=ORIENTED_EDGE('',*,*,#2136,.F.);
#3034=ORIENTED_EDGE('',*,*,#2089,.F.);
#3035=ORIENTED_EDGE('',*,*,#2136,.T.);
#3036=ORIENTED_EDGE('',*,*,#1803,.T.);
#3037=ORIENTED_EDGE('',*,*,#2137,.F.);
#3038=ORIENTED_EDGE('',*,*,#2090,.F.);
#3039=ORIENTED_EDGE('',*,*,#2137,.T.);
#3040=ORIENTED_EDGE('',*,*,#1802,.T.);
#3041=ORIENTED_EDGE('',*,*,#2138,.F.);
#3042=ORIENTED_EDGE('',*,*,#2091,.F.);
#3043=ORIENTED_EDGE('',*,*,#2138,.T.);
#3044=ORIENTED_EDGE('',*,*,#1801,.T.);
#3045=ORIENTED_EDGE('',*,*,#2139,.F.);
#3046=ORIENTED_EDGE('',*,*,#2092,.F.);
#3047=ORIENTED_EDGE('',*,*,#2139,.T.);
#3048=ORIENTED_EDGE('',*,*,#1800,.T.);
#3049=ORIENTED_EDGE('',*,*,#2140,.F.);
#3050=ORIENTED_EDGE('',*,*,#2093,.F.);
#3051=ORIENTED_EDGE('',*,*,#2140,.T.);
#3052=ORIENTED_EDGE('',*,*,#1799,.T.);
#3053=ORIENTED_EDGE('',*,*,#2141,.F.);
#3054=ORIENTED_EDGE('',*,*,#2094,.F.);
#3055=ORIENTED_EDGE('',*,*,#2141,.T.);
#3056=ORIENTED_EDGE('',*,*,#1798,.T.);
#3057=ORIENTED_EDGE('',*,*,#2142,.F.);
#3058=ORIENTED_EDGE('',*,*,#2095,.F.);
#3059=ORIENTED_EDGE('',*,*,#2142,.T.);
#3060=ORIENTED_EDGE('',*,*,#1797,.T.);
#3061=ORIENTED_EDGE('',*,*,#2143,.F.);
#3062=ORIENTED_EDGE('',*,*,#2096,.F.);
#3063=ORIENTED_EDGE('',*,*,#2143,.T.);
#3064=ORIENTED_EDGE('',*,*,#1796,.T.);
#3065=ORIENTED_EDGE('',*,*,#2144,.F.);
#3066=ORIENTED_EDGE('',*,*,#2085,.F.);
#3067=ORIENTED_EDGE('',*,*,#2144,.T.);
#3068=ORIENTED_EDGE('',*,*,#1795,.T.);
#3069=ORIENTED_EDGE('',*,*,#2145,.F.);
#3070=ORIENTED_EDGE('',*,*,#2086,.F.);
#3071=ORIENTED_EDGE('',*,*,#2145,.T.);
#3072=ORIENTED_EDGE('',*,*,#1794,.T.);
#3073=ORIENTED_EDGE('',*,*,#2134,.F.);
#3074=ORIENTED_EDGE('',*,*,#2146,.F.);
#3075=ORIENTED_EDGE('',*,*,#2147,.T.);
#3076=ORIENTED_EDGE('',*,*,#2148,.T.);
#3077=ORIENTED_EDGE('',*,*,#2149,.F.);
#3078=ORIENTED_EDGE('',*,*,#2150,.F.);
#3079=ORIENTED_EDGE('',*,*,#2151,.T.);
#3080=ORIENTED_EDGE('',*,*,#2152,.T.);
#3081=ORIENTED_EDGE('',*,*,#2147,.F.);
#3082=ORIENTED_EDGE('',*,*,#2153,.F.);
#3083=ORIENTED_EDGE('',*,*,#2154,.T.);
#3084=ORIENTED_EDGE('',*,*,#2155,.T.);
#3085=ORIENTED_EDGE('',*,*,#2151,.F.);
#3086=ORIENTED_EDGE('',*,*,#2156,.F.);
#3087=ORIENTED_EDGE('',*,*,#2157,.T.);
#3088=ORIENTED_EDGE('',*,*,#2158,.T.);
#3089=ORIENTED_EDGE('',*,*,#2154,.F.);
#3090=ORIENTED_EDGE('',*,*,#2159,.F.);
#3091=ORIENTED_EDGE('',*,*,#2160,.T.);
#3092=ORIENTED_EDGE('',*,*,#2161,.T.);
#3093=ORIENTED_EDGE('',*,*,#2157,.F.);
#3094=ORIENTED_EDGE('',*,*,#2162,.F.);
#3095=ORIENTED_EDGE('',*,*,#2163,.T.);
#3096=ORIENTED_EDGE('',*,*,#2164,.T.);
#3097=ORIENTED_EDGE('',*,*,#2160,.F.);
#3098=ORIENTED_EDGE('',*,*,#2165,.F.);
#3099=ORIENTED_EDGE('',*,*,#2166,.T.);
#3100=ORIENTED_EDGE('',*,*,#2167,.T.);
#3101=ORIENTED_EDGE('',*,*,#2163,.F.);
#3102=ORIENTED_EDGE('',*,*,#2168,.F.);
#3103=ORIENTED_EDGE('',*,*,#2169,.T.);
#3104=ORIENTED_EDGE('',*,*,#2170,.T.);
#3105=ORIENTED_EDGE('',*,*,#2166,.F.);
#3106=ORIENTED_EDGE('',*,*,#2171,.F.);
#3107=ORIENTED_EDGE('',*,*,#2172,.T.);
#3108=ORIENTED_EDGE('',*,*,#2173,.T.);
#3109=ORIENTED_EDGE('',*,*,#2169,.F.);
#3110=ORIENTED_EDGE('',*,*,#2174,.F.);
#3111=ORIENTED_EDGE('',*,*,#2175,.T.);
#3112=ORIENTED_EDGE('',*,*,#2176,.T.);
#3113=ORIENTED_EDGE('',*,*,#2172,.F.);
#3114=ORIENTED_EDGE('',*,*,#2177,.F.);
#3115=ORIENTED_EDGE('',*,*,#2178,.T.);
#3116=ORIENTED_EDGE('',*,*,#2179,.T.);
#3117=ORIENTED_EDGE('',*,*,#2175,.F.);
#3118=ORIENTED_EDGE('',*,*,#2180,.F.);
#3119=ORIENTED_EDGE('',*,*,#2149,.T.);
#3120=ORIENTED_EDGE('',*,*,#2181,.T.);
#3121=ORIENTED_EDGE('',*,*,#2178,.F.);
#3122=ORIENTED_EDGE('',*,*,#2182,.F.);
#3123=ORIENTED_EDGE('',*,*,#2183,.T.);
#3124=ORIENTED_EDGE('',*,*,#2184,.T.);
#3125=ORIENTED_EDGE('',*,*,#2185,.F.);
#3126=ORIENTED_EDGE('',*,*,#2186,.F.);
#3127=ORIENTED_EDGE('',*,*,#2187,.T.);
#3128=ORIENTED_EDGE('',*,*,#2188,.T.);
#3129=ORIENTED_EDGE('',*,*,#2183,.F.);
#3130=ORIENTED_EDGE('',*,*,#2189,.F.);
#3131=ORIENTED_EDGE('',*,*,#2190,.T.);
#3132=ORIENTED_EDGE('',*,*,#2191,.T.);
#3133=ORIENTED_EDGE('',*,*,#2187,.F.);
#3134=ORIENTED_EDGE('',*,*,#2192,.F.);
#3135=ORIENTED_EDGE('',*,*,#2193,.T.);
#3136=ORIENTED_EDGE('',*,*,#2194,.T.);
#3137=ORIENTED_EDGE('',*,*,#2190,.F.);
#3138=ORIENTED_EDGE('',*,*,#2195,.F.);
#3139=ORIENTED_EDGE('',*,*,#2196,.T.);
#3140=ORIENTED_EDGE('',*,*,#2197,.T.);
#3141=ORIENTED_EDGE('',*,*,#2193,.F.);
#3142=ORIENTED_EDGE('',*,*,#2198,.F.);
#3143=ORIENTED_EDGE('',*,*,#2199,.T.);
#3144=ORIENTED_EDGE('',*,*,#2200,.T.);
#3145=ORIENTED_EDGE('',*,*,#2196,.F.);
#3146=ORIENTED_EDGE('',*,*,#2201,.F.);
#3147=ORIENTED_EDGE('',*,*,#2202,.T.);
#3148=ORIENTED_EDGE('',*,*,#2203,.T.);
#3149=ORIENTED_EDGE('',*,*,#2199,.F.);
#3150=ORIENTED_EDGE('',*,*,#2204,.F.);
#3151=ORIENTED_EDGE('',*,*,#2205,.T.);
#3152=ORIENTED_EDGE('',*,*,#2206,.T.);
#3153=ORIENTED_EDGE('',*,*,#2202,.F.);
#3154=ORIENTED_EDGE('',*,*,#2207,.F.);
#3155=ORIENTED_EDGE('',*,*,#2208,.T.);
#3156=ORIENTED_EDGE('',*,*,#2209,.T.);
#3157=ORIENTED_EDGE('',*,*,#2205,.F.);
#3158=ORIENTED_EDGE('',*,*,#2210,.F.);
#3159=ORIENTED_EDGE('',*,*,#2211,.T.);
#3160=ORIENTED_EDGE('',*,*,#2212,.T.);
#3161=ORIENTED_EDGE('',*,*,#2208,.F.);
#3162=ORIENTED_EDGE('',*,*,#2213,.F.);
#3163=ORIENTED_EDGE('',*,*,#2214,.T.);
#3164=ORIENTED_EDGE('',*,*,#2215,.T.);
#3165=ORIENTED_EDGE('',*,*,#2211,.F.);
#3166=ORIENTED_EDGE('',*,*,#2216,.F.);
#3167=ORIENTED_EDGE('',*,*,#2217,.T.);
#3168=ORIENTED_EDGE('',*,*,#2218,.T.);
#3169=ORIENTED_EDGE('',*,*,#2214,.F.);
#3170=ORIENTED_EDGE('',*,*,#2219,.F.);
#3171=ORIENTED_EDGE('',*,*,#2220,.T.);
#3172=ORIENTED_EDGE('',*,*,#2221,.T.);
#3173=ORIENTED_EDGE('',*,*,#2217,.F.);
#3174=ORIENTED_EDGE('',*,*,#2222,.F.);
#3175=ORIENTED_EDGE('',*,*,#2223,.T.);
#3176=ORIENTED_EDGE('',*,*,#2224,.T.);
#3177=ORIENTED_EDGE('',*,*,#2220,.F.);
#3178=ORIENTED_EDGE('',*,*,#2225,.F.);
#3179=ORIENTED_EDGE('',*,*,#2226,.T.);
#3180=ORIENTED_EDGE('',*,*,#2227,.T.);
#3181=ORIENTED_EDGE('',*,*,#2223,.F.);
#3182=ORIENTED_EDGE('',*,*,#2228,.F.);
#3183=ORIENTED_EDGE('',*,*,#2229,.T.);
#3184=ORIENTED_EDGE('',*,*,#2230,.T.);
#3185=ORIENTED_EDGE('',*,*,#2226,.F.);
#3186=ORIENTED_EDGE('',*,*,#2231,.F.);
#3187=ORIENTED_EDGE('',*,*,#2232,.T.);
#3188=ORIENTED_EDGE('',*,*,#2233,.T.);
#3189=ORIENTED_EDGE('',*,*,#2229,.F.);
#3190=ORIENTED_EDGE('',*,*,#2234,.F.);
#3191=ORIENTED_EDGE('',*,*,#2235,.T.);
#3192=ORIENTED_EDGE('',*,*,#2236,.T.);
#3193=ORIENTED_EDGE('',*,*,#2232,.F.);
#3194=ORIENTED_EDGE('',*,*,#2237,.F.);
#3195=ORIENTED_EDGE('',*,*,#2238,.T.);
#3196=ORIENTED_EDGE('',*,*,#2239,.T.);
#3197=ORIENTED_EDGE('',*,*,#2235,.F.);
#3198=ORIENTED_EDGE('',*,*,#2240,.F.);
#3199=ORIENTED_EDGE('',*,*,#2241,.T.);
#3200=ORIENTED_EDGE('',*,*,#2242,.T.);
#3201=ORIENTED_EDGE('',*,*,#2238,.F.);
#3202=ORIENTED_EDGE('',*,*,#2243,.F.);
#3203=ORIENTED_EDGE('',*,*,#2244,.T.);
#3204=ORIENTED_EDGE('',*,*,#2245,.T.);
#3205=ORIENTED_EDGE('',*,*,#2241,.F.);
#3206=ORIENTED_EDGE('',*,*,#2246,.F.);
#3207=ORIENTED_EDGE('',*,*,#2247,.T.);
#3208=ORIENTED_EDGE('',*,*,#2248,.T.);
#3209=ORIENTED_EDGE('',*,*,#2244,.F.);
#3210=ORIENTED_EDGE('',*,*,#2249,.F.);
#3211=ORIENTED_EDGE('',*,*,#2250,.T.);
#3212=ORIENTED_EDGE('',*,*,#2251,.T.);
#3213=ORIENTED_EDGE('',*,*,#2247,.F.);
#3214=ORIENTED_EDGE('',*,*,#2252,.F.);
#3215=ORIENTED_EDGE('',*,*,#2253,.T.);
#3216=ORIENTED_EDGE('',*,*,#2254,.T.);
#3217=ORIENTED_EDGE('',*,*,#2250,.F.);
#3218=ORIENTED_EDGE('',*,*,#2255,.F.);
#3219=ORIENTED_EDGE('',*,*,#2256,.T.);
#3220=ORIENTED_EDGE('',*,*,#2257,.T.);
#3221=ORIENTED_EDGE('',*,*,#2253,.F.);
#3222=ORIENTED_EDGE('',*,*,#2258,.F.);
#3223=ORIENTED_EDGE('',*,*,#2259,.T.);
#3224=ORIENTED_EDGE('',*,*,#2260,.T.);
#3225=ORIENTED_EDGE('',*,*,#2256,.F.);
#3226=ORIENTED_EDGE('',*,*,#2261,.F.);
#3227=ORIENTED_EDGE('',*,*,#2262,.T.);
#3228=ORIENTED_EDGE('',*,*,#2263,.T.);
#3229=ORIENTED_EDGE('',*,*,#2259,.F.);
#3230=ORIENTED_EDGE('',*,*,#2264,.F.);
#3231=ORIENTED_EDGE('',*,*,#2265,.T.);
#3232=ORIENTED_EDGE('',*,*,#2266,.T.);
#3233=ORIENTED_EDGE('',*,*,#2262,.F.);
#3234=ORIENTED_EDGE('',*,*,#2267,.F.);
#3235=ORIENTED_EDGE('',*,*,#2268,.T.);
#3236=ORIENTED_EDGE('',*,*,#2269,.T.);
#3237=ORIENTED_EDGE('',*,*,#2265,.F.);
#3238=ORIENTED_EDGE('',*,*,#2270,.F.);
#3239=ORIENTED_EDGE('',*,*,#2271,.T.);
#3240=ORIENTED_EDGE('',*,*,#2272,.T.);
#3241=ORIENTED_EDGE('',*,*,#2271,.F.);
#3242=ORIENTED_EDGE('',*,*,#2273,.F.);
#3243=ORIENTED_EDGE('',*,*,#2274,.T.);
#3244=ORIENTED_EDGE('',*,*,#2275,.T.);
#3245=ORIENTED_EDGE('',*,*,#2268,.F.);
#3246=ORIENTED_EDGE('',*,*,#2276,.F.);
#3247=ORIENTED_EDGE('',*,*,#2277,.T.);
#3248=ORIENTED_EDGE('',*,*,#2278,.T.);
#3249=ORIENTED_EDGE('',*,*,#2274,.F.);
#3250=ORIENTED_EDGE('',*,*,#2279,.F.);
#3251=ORIENTED_EDGE('',*,*,#2280,.T.);
#3252=ORIENTED_EDGE('',*,*,#2281,.T.);
#3253=ORIENTED_EDGE('',*,*,#2277,.F.);
#3254=ORIENTED_EDGE('',*,*,#2282,.F.);
#3255=ORIENTED_EDGE('',*,*,#2185,.T.);
#3256=ORIENTED_EDGE('',*,*,#2283,.T.);
#3257=ORIENTED_EDGE('',*,*,#2280,.F.);
#3258=ORIENTED_EDGE('',*,*,#2239,.F.);
#3259=ORIENTED_EDGE('',*,*,#2242,.F.);
#3260=ORIENTED_EDGE('',*,*,#2245,.F.);
#3261=ORIENTED_EDGE('',*,*,#2248,.F.);
#3262=ORIENTED_EDGE('',*,*,#2251,.F.);
#3263=ORIENTED_EDGE('',*,*,#2254,.F.);
#3264=ORIENTED_EDGE('',*,*,#2257,.F.);
#3265=ORIENTED_EDGE('',*,*,#2260,.F.);
#3266=ORIENTED_EDGE('',*,*,#2263,.F.);
#3267=ORIENTED_EDGE('',*,*,#2266,.F.);
#3268=ORIENTED_EDGE('',*,*,#2269,.F.);
#3269=ORIENTED_EDGE('',*,*,#2272,.F.);
#3270=ORIENTED_EDGE('',*,*,#2275,.F.);
#3271=ORIENTED_EDGE('',*,*,#2278,.F.);
#3272=ORIENTED_EDGE('',*,*,#2281,.F.);
#3273=ORIENTED_EDGE('',*,*,#2283,.F.);
#3274=ORIENTED_EDGE('',*,*,#2184,.F.);
#3275=ORIENTED_EDGE('',*,*,#2188,.F.);
#3276=ORIENTED_EDGE('',*,*,#2191,.F.);
#3277=ORIENTED_EDGE('',*,*,#2194,.F.);
#3278=ORIENTED_EDGE('',*,*,#2197,.F.);
#3279=ORIENTED_EDGE('',*,*,#2200,.F.);
#3280=ORIENTED_EDGE('',*,*,#2203,.F.);
#3281=ORIENTED_EDGE('',*,*,#2206,.F.);
#3282=ORIENTED_EDGE('',*,*,#2209,.F.);
#3283=ORIENTED_EDGE('',*,*,#2212,.F.);
#3284=ORIENTED_EDGE('',*,*,#2215,.F.);
#3285=ORIENTED_EDGE('',*,*,#2218,.F.);
#3286=ORIENTED_EDGE('',*,*,#2221,.F.);
#3287=ORIENTED_EDGE('',*,*,#2224,.F.);
#3288=ORIENTED_EDGE('',*,*,#2227,.F.);
#3289=ORIENTED_EDGE('',*,*,#2230,.F.);
#3290=ORIENTED_EDGE('',*,*,#2233,.F.);
#3291=ORIENTED_EDGE('',*,*,#2236,.F.);
#3292=ORIENTED_EDGE('',*,*,#2181,.F.);
#3293=ORIENTED_EDGE('',*,*,#2148,.F.);
#3294=ORIENTED_EDGE('',*,*,#2152,.F.);
#3295=ORIENTED_EDGE('',*,*,#2155,.F.);
#3296=ORIENTED_EDGE('',*,*,#2158,.F.);
#3297=ORIENTED_EDGE('',*,*,#2161,.F.);
#3298=ORIENTED_EDGE('',*,*,#2164,.F.);
#3299=ORIENTED_EDGE('',*,*,#2167,.F.);
#3300=ORIENTED_EDGE('',*,*,#2170,.F.);
#3301=ORIENTED_EDGE('',*,*,#2173,.F.);
#3302=ORIENTED_EDGE('',*,*,#2176,.F.);
#3303=ORIENTED_EDGE('',*,*,#2179,.F.);
#3304=ORIENTED_EDGE('',*,*,#2234,.T.);
#3305=ORIENTED_EDGE('',*,*,#2231,.T.);
#3306=ORIENTED_EDGE('',*,*,#2228,.T.);
#3307=ORIENTED_EDGE('',*,*,#2225,.T.);
#3308=ORIENTED_EDGE('',*,*,#2222,.T.);
#3309=ORIENTED_EDGE('',*,*,#2219,.T.);
#3310=ORIENTED_EDGE('',*,*,#2216,.T.);
#3311=ORIENTED_EDGE('',*,*,#2213,.T.);
#3312=ORIENTED_EDGE('',*,*,#2210,.T.);
#3313=ORIENTED_EDGE('',*,*,#2207,.T.);
#3314=ORIENTED_EDGE('',*,*,#2204,.T.);
#3315=ORIENTED_EDGE('',*,*,#2201,.T.);
#3316=ORIENTED_EDGE('',*,*,#2198,.T.);
#3317=ORIENTED_EDGE('',*,*,#2195,.T.);
#3318=ORIENTED_EDGE('',*,*,#2192,.T.);
#3319=ORIENTED_EDGE('',*,*,#2189,.T.);
#3320=ORIENTED_EDGE('',*,*,#2186,.T.);
#3321=ORIENTED_EDGE('',*,*,#2182,.T.);
#3322=ORIENTED_EDGE('',*,*,#2282,.T.);
#3323=ORIENTED_EDGE('',*,*,#2279,.T.);
#3324=ORIENTED_EDGE('',*,*,#2276,.T.);
#3325=ORIENTED_EDGE('',*,*,#2273,.T.);
#3326=ORIENTED_EDGE('',*,*,#2270,.T.);
#3327=ORIENTED_EDGE('',*,*,#2267,.T.);
#3328=ORIENTED_EDGE('',*,*,#2264,.T.);
#3329=ORIENTED_EDGE('',*,*,#2261,.T.);
#3330=ORIENTED_EDGE('',*,*,#2258,.T.);
#3331=ORIENTED_EDGE('',*,*,#2255,.T.);
#3332=ORIENTED_EDGE('',*,*,#2252,.T.);
#3333=ORIENTED_EDGE('',*,*,#2249,.T.);
#3334=ORIENTED_EDGE('',*,*,#2246,.T.);
#3335=ORIENTED_EDGE('',*,*,#2243,.T.);
#3336=ORIENTED_EDGE('',*,*,#2240,.T.);
#3337=ORIENTED_EDGE('',*,*,#2237,.T.);
#3338=ORIENTED_EDGE('',*,*,#2180,.T.);
#3339=ORIENTED_EDGE('',*,*,#2177,.T.);
#3340=ORIENTED_EDGE('',*,*,#2174,.T.);
#3341=ORIENTED_EDGE('',*,*,#2171,.T.);
#3342=ORIENTED_EDGE('',*,*,#2168,.T.);
#3343=ORIENTED_EDGE('',*,*,#2165,.T.);
#3344=ORIENTED_EDGE('',*,*,#2162,.T.);
#3345=ORIENTED_EDGE('',*,*,#2159,.T.);
#3346=ORIENTED_EDGE('',*,*,#2156,.T.);
#3347=ORIENTED_EDGE('',*,*,#2153,.T.);
#3348=ORIENTED_EDGE('',*,*,#2150,.T.);
#3349=ORIENTED_EDGE('',*,*,#2146,.T.);
#3350=ORIENTED_EDGE('',*,*,#2284,.T.);
#3351=ORIENTED_EDGE('',*,*,#2285,.T.);
#3352=ORIENTED_EDGE('',*,*,#2286,.T.);
#3353=ORIENTED_EDGE('',*,*,#2287,.T.);
#3354=ORIENTED_EDGE('',*,*,#2288,.F.);
#3355=ORIENTED_EDGE('',*,*,#2284,.F.);
#3356=ORIENTED_EDGE('',*,*,#2289,.F.);
#3357=ORIENTED_EDGE('',*,*,#2290,.F.);
#3358=ORIENTED_EDGE('',*,*,#2288,.T.);
#3359=ORIENTED_EDGE('',*,*,#2291,.T.);
#3360=ORIENTED_EDGE('',*,*,#2292,.T.);
#3361=ORIENTED_EDGE('',*,*,#2285,.F.);
#3362=ORIENTED_EDGE('',*,*,#2289,.T.);
#3363=ORIENTED_EDGE('',*,*,#2287,.F.);
#3364=ORIENTED_EDGE('',*,*,#2293,.F.);
#3365=ORIENTED_EDGE('',*,*,#2294,.F.);
#3366=ORIENTED_EDGE('',*,*,#2290,.T.);
#3367=ORIENTED_EDGE('',*,*,#2294,.T.);
#3368=ORIENTED_EDGE('',*,*,#2295,.F.);
#3369=ORIENTED_EDGE('',*,*,#2291,.F.);
#3370=ORIENTED_EDGE('',*,*,#2292,.F.);
#3371=ORIENTED_EDGE('',*,*,#2295,.T.);
#3372=ORIENTED_EDGE('',*,*,#2293,.T.);
#3373=ORIENTED_EDGE('',*,*,#2286,.F.);
#3374=PLANE('',#3672);
#3375=PLANE('',#3687);
#3376=PLANE('',#3692);
#3377=PLANE('',#3694);
#3378=PLANE('',#3696);
#3379=PLANE('',#3698);
#3380=PLANE('',#3700);
#3381=PLANE('',#3702);
#3382=PLANE('',#3706);
#3383=PLANE('',#3711);
#3384=PLANE('',#3721);
#3385=PLANE('',#3722);
#3386=PLANE('',#3723);
#3387=PLANE('',#3730);
#3388=PLANE('',#3732);
#3389=PLANE('',#3734);
#3390=PLANE('',#3736);
#3391=PLANE('',#3737);
#3392=PLANE('',#3738);
#3393=PLANE('',#3739);
#3394=PLANE('',#3740);
#3395=PLANE('',#3741);
#3396=PLANE('',#3742);
#3397=PLANE('',#3743);
#3398=PLANE('',#3744);
#3399=PLANE('',#3745);
#3400=PLANE('',#3746);
#3401=PLANE('',#3747);
#3402=PLANE('',#3751);
#3403=PLANE('',#3752);
#3404=PLANE('',#3753);
#3405=PLANE('',#3754);
#3406=PLANE('',#3758);
#3407=PLANE('',#3759);
#3408=PLANE('',#3760);
#3409=PLANE('',#3771);
#3410=PLANE('',#3772);
#3411=PLANE('',#3773);
#3412=PLANE('',#3774);
#3413=PLANE('',#3775);
#3414=PLANE('',#3780);
#3415=PLANE('',#3781);
#3416=PLANE('',#3782);
#3417=PLANE('',#3783);
#3418=PLANE('',#3784);
#3419=PLANE('',#3785);
#3420=PLANE('',#3786);
#3421=PLANE('',#3789);
#3422=PLANE('',#3790);
#3423=PLANE('',#3791);
#3424=PLANE('',#3792);
#3425=PLANE('',#3793);
#3426=PLANE('',#3794);
#3427=PLANE('',#3795);
#3428=PLANE('',#3801);
#3429=PLANE('',#3802);
#3430=PLANE('',#3806);
#3431=PLANE('',#3807);
#3432=PLANE('',#3808);
#3433=PLANE('',#3809);
#3434=PLANE('',#3810);
#3435=PLANE('',#3811);
#3436=PLANE('',#3815);
#3437=PLANE('',#3819);
#3438=PLANE('',#3823);
#3439=PLANE('',#3827);
#3440=PLANE('',#3831);
#3441=PLANE('',#3832);
#3442=PLANE('',#3833);
#3443=PLANE('',#3848);
#3444=PLANE('',#3851);
#3445=PLANE('',#3852);
#3446=PLANE('',#3862);
#3447=PLANE('',#3884);
#3448=PLANE('',#3887);
#3449=PLANE('',#3888);
#3450=PLANE('',#3889);
#3451=PLANE('',#3890);
#3452=PLANE('',#3891);
#3453=PLANE('',#3892);
#3454=PLANE('',#3893);
#3455=PLANE('',#3894);
#3456=ADVANCED_FACE('',(#187,#173),#3374,.F.);
#3457=ADVANCED_FACE('',(#188),#3375,.T.);
#3458=ADVANCED_FACE('',(#189),#164,.F.);
#3459=ADVANCED_FACE('',(#190),#3376,.F.);
#3460=ADVANCED_FACE('',(#191),#3377,.F.);
#3461=ADVANCED_FACE('',(#192),#3378,.T.);
#3462=ADVANCED_FACE('',(#193),#3379,.T.);
#3463=ADVANCED_FACE('',(#194),#3380,.T.);
#3464=ADVANCED_FACE('',(#195),#3381,.T.);
#3465=ADVANCED_FACE('',(#196),#165,.F.);
#3466=ADVANCED_FACE('',(#197),#3382,.F.);
#3467=ADVANCED_FACE('',(#198),#144,.F.);
#3468=ADVANCED_FACE('',(#199),#145,.F.);
#3469=ADVANCED_FACE('',(#200),#3383,.T.);
#3470=ADVANCED_FACE('',(#201),#146,.F.);
#3471=ADVANCED_FACE('',(#202),#166,.F.);
#3472=ADVANCED_FACE('',(#203),#167,.F.);
#3473=ADVANCED_FACE('',(#204),#3384,.T.);
#3474=ADVANCED_FACE('',(#205),#3385,.T.);
#3475=ADVANCED_FACE('',(#206),#3386,.F.);
#3476=ADVANCED_FACE('',(#207),#147,.F.);
#3477=ADVANCED_FACE('',(#208),#168,.F.);
#3478=ADVANCED_FACE('',(#209),#3387,.T.);
#3479=ADVANCED_FACE('',(#210),#3388,.T.);
#3480=ADVANCED_FACE('',(#211),#3389,.T.);
#3481=ADVANCED_FACE('',(#212),#3390,.T.);
#3482=ADVANCED_FACE('',(#213),#3391,.T.);
#3483=ADVANCED_FACE('',(#214),#3392,.T.);
#3484=ADVANCED_FACE('',(#215),#3393,.F.);
#3485=ADVANCED_FACE('',(#216),#3394,.T.);
#3486=ADVANCED_FACE('',(#217),#3395,.F.);
#3487=ADVANCED_FACE('',(#218),#3396,.T.);
#3488=ADVANCED_FACE('',(#219,#174),#3397,.T.);
#3489=ADVANCED_FACE('',(#220),#3398,.T.);
#3490=ADVANCED_FACE('',(#221),#3399,.F.);
#3491=ADVANCED_FACE('',(#222),#3400,.T.);
#3492=ADVANCED_FACE('',(#223),#3401,.F.);
#3493=ADVANCED_FACE('',(#224),#169,.F.);
#3494=ADVANCED_FACE('',(#225),#3402,.F.);
#3495=ADVANCED_FACE('',(#226),#3403,.F.);
#3496=ADVANCED_FACE('',(#227),#3404,.T.);
#3497=ADVANCED_FACE('',(#228,#175),#3405,.F.);
#3498=ADVANCED_FACE('',(#229),#148,.T.);
#3499=ADVANCED_FACE('',(#230),#3406,.F.);
#3500=ADVANCED_FACE('',(#231),#3407,.F.);
#3501=ADVANCED_FACE('',(#232),#3408,.T.);
#3502=ADVANCED_FACE('',(#233),#170,.F.);
#3503=ADVANCED_FACE('',(#234),#171,.F.);
#3504=ADVANCED_FACE('',(#235),#142,.T.);
#3505=ADVANCED_FACE('',(#236),#143,.T.);
#3506=ADVANCED_FACE('',(#237),#3409,.F.);
#3507=ADVANCED_FACE('',(#238),#3410,.T.);
#3508=ADVANCED_FACE('',(#239),#3411,.T.);
#3509=ADVANCED_FACE('',(#240),#3412,.F.);
#3510=ADVANCED_FACE('',(#241),#3413,.F.);
#3511=ADVANCED_FACE('',(#242),#172,.F.);
#3512=ADVANCED_FACE('',(#243),#149,.F.);
#3513=ADVANCED_FACE('',(#244),#3414,.F.);
#3514=ADVANCED_FACE('',(#245),#3415,.T.);
#3515=ADVANCED_FACE('',(#246),#3416,.F.);
#3516=ADVANCED_FACE('',(#247),#3417,.T.);
#3517=ADVANCED_FACE('',(#248),#3418,.T.);
#3518=ADVANCED_FACE('',(#249),#3419,.T.);
#3519=ADVANCED_FACE('',(#250),#3420,.T.);
#3520=ADVANCED_FACE('',(#251),#150,.F.);
#3521=ADVANCED_FACE('',(#252),#3421,.T.);
#3522=ADVANCED_FACE('',(#253),#3422,.T.);
#3523=ADVANCED_FACE('',(#254),#3423,.T.);
#3524=ADVANCED_FACE('',(#255),#3424,.F.);
#3525=ADVANCED_FACE('',(#256),#3425,.T.);
#3526=ADVANCED_FACE('',(#257),#3426,.F.);
#3527=ADVANCED_FACE('',(#258),#3427,.T.);
#3528=ADVANCED_FACE('',(#259),#151,.F.);
#3529=ADVANCED_FACE('',(#260),#3428,.F.);
#3530=ADVANCED_FACE('',(#261),#3429,.T.);
#3531=ADVANCED_FACE('',(#262),#152,.F.);
#3532=ADVANCED_FACE('',(#263),#3430,.T.);
#3533=ADVANCED_FACE('',(#264),#3431,.F.);
#3534=ADVANCED_FACE('',(#265),#3432,.T.);
#3535=ADVANCED_FACE('',(#266),#3433,.F.);
#3536=ADVANCED_FACE('',(#267,#176),#3434,.F.);
#3537=ADVANCED_FACE('',(#268),#3435,.T.);
#3538=ADVANCED_FACE('',(#269),#153,.T.);
#3539=ADVANCED_FACE('',(#270),#3436,.T.);
#3540=ADVANCED_FACE('',(#271),#154,.T.);
#3541=ADVANCED_FACE('',(#272,#177,#178,#179,#180,#181),#3437,.T.);
#3542=ADVANCED_FACE('',(#273),#155,.T.);
#3543=ADVANCED_FACE('',(#274,#182),#3438,.T.);
#3544=ADVANCED_FACE('',(#275),#156,.T.);
#3545=ADVANCED_FACE('',(#276,#183),#3439,.T.);
#3546=ADVANCED_FACE('',(#277),#157,.T.);
#3547=ADVANCED_FACE('',(#278),#3440,.F.);
#3548=ADVANCED_FACE('',(#279),#3441,.F.);
#3549=ADVANCED_FACE('',(#280,#184),#3442,.F.);
#3550=ADVANCED_FACE('',(#281),#3443,.F.);
#3551=ADVANCED_FACE('',(#282),#102,.T.);
#3552=ADVANCED_FACE('',(#283),#57,.F.);
#3553=ADVANCED_FACE('',(#284),#58,.F.);
#3554=ADVANCED_FACE('',(#285),#158,.F.);
#3555=ADVANCED_FACE('',(#286),#103,.T.);
#3556=ADVANCED_FACE('',(#287),#59,.F.);
#3557=ADVANCED_FACE('',(#288),#104,.T.);
#3558=ADVANCED_FACE('',(#289),#60,.F.);
#3559=ADVANCED_FACE('',(#290),#61,.F.);
#3560=ADVANCED_FACE('',(#291),#62,.F.);
#3561=ADVANCED_FACE('',(#292),#63,.F.);
#3562=ADVANCED_FACE('',(#293),#105,.T.);
#3563=ADVANCED_FACE('',(#294),#64,.F.);
#3564=ADVANCED_FACE('',(#295),#65,.F.);
#3565=ADVANCED_FACE('',(#296),#159,.F.);
#3566=ADVANCED_FACE('',(#297),#106,.T.);
#3567=ADVANCED_FACE('',(#298),#66,.F.);
#3568=ADVANCED_FACE('',(#299),#3444,.F.);
#3569=ADVANCED_FACE('',(#300),#67,.F.);
#3570=ADVANCED_FACE('',(#301),#107,.F.);
#3571=ADVANCED_FACE('',(#302),#68,.F.);
#3572=ADVANCED_FACE('',(#303),#69,.F.);
#3573=ADVANCED_FACE('',(#304),#70,.F.);
#3574=ADVANCED_FACE('',(#305),#71,.F.);
#3575=ADVANCED_FACE('',(#306),#72,.F.);
#3576=ADVANCED_FACE('',(#307),#108,.F.);
#3577=ADVANCED_FACE('',(#308),#73,.F.);
#3578=ADVANCED_FACE('',(#309),#109,.F.);
#3579=ADVANCED_FACE('',(#310),#74,.F.);
#3580=ADVANCED_FACE('',(#311),#75,.F.);
#3581=ADVANCED_FACE('',(#312),#110,.F.);
#3582=ADVANCED_FACE('',(#313),#111,.F.);
#3583=ADVANCED_FACE('',(#314),#76,.F.);
#3584=ADVANCED_FACE('',(#315),#3445,.F.);
#3585=ADVANCED_FACE('',(#316),#160,.F.);
#3586=ADVANCED_FACE('',(#317),#77,.F.);
#3587=ADVANCED_FACE('',(#318),#112,.T.);
#3588=ADVANCED_FACE('',(#319),#78,.F.);
#3589=ADVANCED_FACE('',(#320),#79,.F.);
#3590=ADVANCED_FACE('',(#321),#80,.F.);
#3591=ADVANCED_FACE('',(#322),#81,.F.);
#3592=ADVANCED_FACE('',(#323),#82,.F.);
#3593=ADVANCED_FACE('',(#324),#83,.F.);
#3594=ADVANCED_FACE('',(#325),#84,.F.);
#3595=ADVANCED_FACE('',(#326),#85,.F.);
#3596=ADVANCED_FACE('',(#327),#86,.F.);
#3597=ADVANCED_FACE('',(#328),#87,.F.);
#3598=ADVANCED_FACE('',(#329),#88,.F.);
#3599=ADVANCED_FACE('',(#330),#89,.F.);
#3600=ADVANCED_FACE('',(#331),#90,.F.);
#3601=ADVANCED_FACE('',(#332),#91,.F.);
#3602=ADVANCED_FACE('',(#333),#113,.F.);
#3603=ADVANCED_FACE('',(#334),#114,.F.);
#3604=ADVANCED_FACE('',(#335),#115,.F.);
#3605=ADVANCED_FACE('',(#336),#116,.F.);
#3606=ADVANCED_FACE('',(#337),#117,.F.);
#3607=ADVANCED_FACE('',(#338),#118,.F.);
#3608=ADVANCED_FACE('',(#339),#92,.F.);
#3609=ADVANCED_FACE('',(#340),#119,.F.);
#3610=ADVANCED_FACE('',(#341),#93,.F.);
#3611=ADVANCED_FACE('',(#342),#94,.F.);
#3612=ADVANCED_FACE('',(#343),#120,.F.);
#3613=ADVANCED_FACE('',(#344),#121,.F.);
#3614=ADVANCED_FACE('',(#345),#122,.F.);
#3615=ADVANCED_FACE('',(#346),#123,.F.);
#3616=ADVANCED_FACE('',(#347),#95,.F.);
#3617=ADVANCED_FACE('',(#348),#124,.F.);
#3618=ADVANCED_FACE('',(#349),#125,.F.);
#3619=ADVANCED_FACE('',(#350),#126,.F.);
#3620=ADVANCED_FACE('',(#351),#127,.F.);
#3621=ADVANCED_FACE('',(#352),#128,.F.);
#3622=ADVANCED_FACE('',(#353),#129,.F.);
#3623=ADVANCED_FACE('',(#354),#3446,.F.);
#3624=ADVANCED_FACE('',(#355),#96,.F.);
#3625=ADVANCED_FACE('',(#356),#130,.T.);
#3626=ADVANCED_FACE('',(#357),#161,.F.);
#3627=ADVANCED_FACE('',(#358),#131,.F.);
#3628=ADVANCED_FACE('',(#359),#97,.F.);
#3629=ADVANCED_FACE('',(#360),#132,.T.);
#3630=ADVANCED_FACE('',(#361),#98,.F.);
#3631=ADVANCED_FACE('',(#362),#99,.F.);
#3632=ADVANCED_FACE('',(#363),#100,.F.);
#3633=ADVANCED_FACE('',(#364),#133,.T.);
#3634=ADVANCED_FACE('',(#365),#134,.F.);
#3635=ADVANCED_FACE('',(#366),#135,.T.);
#3636=ADVANCED_FACE('',(#367),#162,.F.);
#3637=ADVANCED_FACE('',(#368),#101,.F.);
#3638=ADVANCED_FACE('',(#369),#136,.F.);
#3639=ADVANCED_FACE('',(#370),#137,.T.);
#3640=ADVANCED_FACE('',(#371),#138,.T.);
#3641=ADVANCED_FACE('',(#372),#139,.F.);
#3642=ADVANCED_FACE('',(#373),#163,.F.);
#3643=ADVANCED_FACE('',(#374),#3447,.F.);
#3644=ADVANCED_FACE('',(#375),#140,.F.);
#3645=ADVANCED_FACE('',(#376),#141,.F.);
#3646=ADVANCED_FACE('',(#377,#185),#3448,.F.);
#3647=ADVANCED_FACE('',(#378,#186),#3449,.T.);
#3648=ADVANCED_FACE('',(#379),#3450,.T.);
#3649=ADVANCED_FACE('',(#380),#3451,.F.);
#3650=ADVANCED_FACE('',(#381),#3452,.T.);
#3651=ADVANCED_FACE('',(#382),#3453,.T.);
#3652=ADVANCED_FACE('',(#383),#3454,.T.);
#3653=ADVANCED_FACE('',(#384),#3455,.T.);
#3654=CLOSED_SHELL('',(#3456,#3457,#3458,#3459,#3460,#3461,#3462,#3463,
#3464,#3465,#3466,#3467,#3468,#3469,#3470,#3471,#3472,#3473,#3474,#3475,
#3476,#3477,#3478,#3479,#3480,#3481,#3482,#3483,#3484,#3485,#3486,#3487,
#3488,#3489,#3490,#3491,#3492,#3493,#3494,#3495,#3496,#3497,#3498,#3499,
#3500,#3501,#3502,#3503,#3504,#3505,#3506,#3507,#3508,#3509,#3510,#3511,
#3512,#3513,#3514,#3515,#3516,#3517,#3518,#3519,#3520,#3521,#3522,#3523,
#3524,#3525,#3526,#3527,#3528,#3529,#3530,#3531,#3532,#3533,#3534,#3535,
#3536,#3537,#3538,#3539,#3540,#3541,#3542,#3543,#3544,#3545,#3546,#3547,
#3548,#3549,#3550,#3551,#3552,#3553,#3554,#3555,#3556,#3557,#3558,#3559,
#3560,#3561,#3562,#3563,#3564,#3565,#3566,#3567,#3568,#3569,#3570,#3571,
#3572,#3573,#3574,#3575,#3576,#3577,#3578,#3579,#3580,#3581,#3582,#3583,
#3584,#3585,#3586,#3587,#3588,#3589,#3590,#3591,#3592,#3593,#3594,#3595,
#3596,#3597,#3598,#3599));
#3655=CLOSED_SHELL('',(#3600,#3601,#3602,#3603,#3604,#3605,#3606,#3607,
#3608,#3609,#3610,#3611,#3612,#3613,#3614,#3615,#3616,#3617,#3618,#3619,
#3620,#3621,#3622,#3623,#3624,#3625,#3626,#3627,#3628,#3629,#3630,#3631,
#3632,#3633,#3634,#3635,#3636,#3637,#3638,#3639,#3640,#3641,#3642,#3643,
#3644,#3645,#3646,#3647));
#3656=CLOSED_SHELL('',(#3648,#3649,#3650,#3651,#3652,#3653));
#3657=BREP_WITH_VOIDS('Body1',#3654,(#20));
#3658=DERIVED_UNIT_ELEMENT(#3660,1.);
#3659=DERIVED_UNIT_ELEMENT(#7589,-3.);
#3660=(
MASS_UNIT()
NAMED_UNIT(*)
SI_UNIT(.KILO.,.GRAM.)
);
#3661=DERIVED_UNIT((#3658,#3659));
#3662=MEASURE_REPRESENTATION_ITEM('density measure',
POSITIVE_RATIO_MEASURE(1100.),#3661);
#3663=PROPERTY_DEFINITION_REPRESENTATION(#3668,#3665);
#3664=PROPERTY_DEFINITION_REPRESENTATION(#3669,#3666);
#3665=REPRESENTATION('material name',(#3667),#7586);
#3666=REPRESENTATION('density',(#3662),#7586);
#3667=DESCRIPTIVE_REPRESENTATION_ITEM(
'PA 12 - Nylon - PA 603-CF (with EOS P 3D Printers)',
'PA 12 - Nylon - PA 603-CF (with EOS P 3D Printers)');
#3668=PROPERTY_DEFINITION('material property','material name',#7601);
#3669=PROPERTY_DEFINITION('material property','density of part',#7601);
#3670=AXIS2_PLACEMENT_3D('',#4651,#3896,#3897);
#3671=AXIS2_PLACEMENT_3D('',#4652,#3898,#3899);
#3672=AXIS2_PLACEMENT_3D('',#4653,#3900,#3901);
#3673=AXIS2_PLACEMENT_3D('',#4656,#3902,#3903);
#3674=AXIS2_PLACEMENT_3D('',#4662,#3904,#3905);
#3675=AXIS2_PLACEMENT_3D('',#4671,#3907,#3908);
#3676=AXIS2_PLACEMENT_3D('',#4673,#3909,#3910);
#3677=AXIS2_PLACEMENT_3D('',#4685,#3911,#3912);
#3678=AXIS2_PLACEMENT_3D('',#4695,#3913,#3914);
#3679=AXIS2_PLACEMENT_3D('',#4728,#3915,#3916);
#3680=AXIS2_PLACEMENT_3D('',#4745,#3918,#3919);
#3681=AXIS2_PLACEMENT_3D('',#4747,#3920,#3921);
#3682=AXIS2_PLACEMENT_3D('',#4762,#3922,#3923);
#3683=AXIS2_PLACEMENT_3D('',#4827,#3924,#3925);
#3684=AXIS2_PLACEMENT_3D('',#4834,#3926,#3927);
#3685=AXIS2_PLACEMENT_3D('',#4836,#3928,#3929);
#3686=AXIS2_PLACEMENT_3D('',#4853,#3930,#3931);
#3687=AXIS2_PLACEMENT_3D('',#5001,#3932,#3933);
#3688=AXIS2_PLACEMENT_3D('',#5003,#3934,#3935);
#3689=AXIS2_PLACEMENT_3D('',#5004,#3936,#3937);
#3690=AXIS2_PLACEMENT_3D('',#5008,#3939,#3940);
#3691=AXIS2_PLACEMENT_3D('',#5009,#3941,#3942);
#3692=AXIS2_PLACEMENT_3D('',#5010,#3943,#3944);
#3693=AXIS2_PLACEMENT_3D('',#5012,#3945,#3946);
#3694=AXIS2_PLACEMENT_3D('',#5013,#3947,#3948);
#3695=AXIS2_PLACEMENT_3D('',#5015,#3949,#3950);
#3696=AXIS2_PLACEMENT_3D('',#5016,#3951,#3952);
#3697=AXIS2_PLACEMENT_3D('',#5018,#3953,#3954);
#3698=AXIS2_PLACEMENT_3D('',#5019,#3955,#3956);
#3699=AXIS2_PLACEMENT_3D('',#5021,#3957,#3958);
#3700=AXIS2_PLACEMENT_3D('',#5022,#3959,#3960);
#3701=AXIS2_PLACEMENT_3D('',#5024,#3961,#3962);
#3702=AXIS2_PLACEMENT_3D('',#5025,#3963,#3964);
#3703=AXIS2_PLACEMENT_3D('',#5027,#3965,#3966);
#3704=AXIS2_PLACEMENT_3D('',#5028,#3967,#3968);
#3705=AXIS2_PLACEMENT_3D('',#5030,#3969,#3970);
#3706=AXIS2_PLACEMENT_3D('',#5032,#3972,#3973);
#3707=AXIS2_PLACEMENT_3D('',#5041,#3978,#3979);
#3708=AXIS2_PLACEMENT_3D('',#5044,#3981,#3982);
#3709=AXIS2_PLACEMENT_3D('',#5045,#3983,#3984);
#3710=AXIS2_PLACEMENT_3D('',#5048,#3986,#3987);
#3711=AXIS2_PLACEMENT_3D('',#5049,#3988,#3989);
#3712=AXIS2_PLACEMENT_3D('',#5054,#3991,#3992);
#3713=AXIS2_PLACEMENT_3D('',#5060,#3996,#3997);
#3714=AXIS2_PLACEMENT_3D('',#5063,#3999,#4000);
#3715=AXIS2_PLACEMENT_3D('',#5064,#4001,#4002);
#3716=AXIS2_PLACEMENT_3D('',#5068,#4004,#4005);
#3717=AXIS2_PLACEMENT_3D('',#5069,#4006,#4007);
#3718=AXIS2_PLACEMENT_3D('',#5070,#4008,#4009);
#3719=AXIS2_PLACEMENT_3D('',#5074,#4011,#4012);
#3720=AXIS2_PLACEMENT_3D('',#5075,#4013,#4014);
#3721=AXIS2_PLACEMENT_3D('',#5076,#4015,#4016);
#3722=AXIS2_PLACEMENT_3D('',#5087,#4023,#4024);
#3723=AXIS2_PLACEMENT_3D('',#5096,#4029,#4030);
#3724=AXIS2_PLACEMENT_3D('',#5105,#4035,#4036);
#3725=AXIS2_PLACEMENT_3D('',#5108,#4038,#4039);
#3726=AXIS2_PLACEMENT_3D('',#5109,#4040,#4041);
#3727=AXIS2_PLACEMENT_3D('',#5111,#4042,#4043);
#3728=AXIS2_PLACEMENT_3D('',#5115,#4045,#4046);
#3729=AXIS2_PLACEMENT_3D('',#5116,#4047,#4048);
#3730=AXIS2_PLACEMENT_3D('',#5117,#4049,#4050);
#3731=AXIS2_PLACEMENT_3D('',#5119,#4051,#4052);
#3732=AXIS2_PLACEMENT_3D('',#5120,#4053,#4054);
#3733=AXIS2_PLACEMENT_3D('',#5125,#4056,#4057);
#3734=AXIS2_PLACEMENT_3D('',#5129,#4060,#4061);
#3735=AXIS2_PLACEMENT_3D('',#5134,#4063,#4064);
#3736=AXIS2_PLACEMENT_3D('',#5138,#4067,#4068);
#3737=AXIS2_PLACEMENT_3D('',#5147,#4073,#4074);
#3738=AXIS2_PLACEMENT_3D('',#5156,#4079,#4080);
#3739=AXIS2_PLACEMENT_3D('',#5167,#4086,#4087);
#3740=AXIS2_PLACEMENT_3D('',#5173,#4091,#4092);
#3741=AXIS2_PLACEMENT_3D('',#5178,#4096,#4097);
#3742=AXIS2_PLACEMENT_3D('',#5182,#4100,#4101);
#3743=AXIS2_PLACEMENT_3D('',#5189,#4106,#4107);
#3744=AXIS2_PLACEMENT_3D('',#5193,#4110,#4111);
#3745=AXIS2_PLACEMENT_3D('',#5198,#4115,#4116);
#3746=AXIS2_PLACEMENT_3D('',#5202,#4119,#4120);
#3747=AXIS2_PLACEMENT_3D('',#5206,#4123,#4124);
#3748=AXIS2_PLACEMENT_3D('',#5209,#4126,#4127);
#3749=AXIS2_PLACEMENT_3D('',#5210,#4128,#4129);
#3750=AXIS2_PLACEMENT_3D('',#5213,#4131,#4132);
#3751=AXIS2_PLACEMENT_3D('',#5214,#4133,#4134);
#3752=AXIS2_PLACEMENT_3D('',#5227,#4141,#4142);
#3753=AXIS2_PLACEMENT_3D('',#5236,#4147,#4148);
#3754=AXIS2_PLACEMENT_3D('',#5242,#4152,#4153);
#3755=AXIS2_PLACEMENT_3D('',#5249,#4156,#4157);
#3756=AXIS2_PLACEMENT_3D('',#5252,#4160,#4161);
#3757=AXIS2_PLACEMENT_3D('',#5254,#4162,#4163);
#3758=AXIS2_PLACEMENT_3D('',#5257,#4166,#4167);
#3759=AXIS2_PLACEMENT_3D('',#5261,#4170,#4171);
#3760=AXIS2_PLACEMENT_3D('',#5265,#4174,#4175);
#3761=AXIS2_PLACEMENT_3D('',#5271,#4179,#4180);
#3762=AXIS2_PLACEMENT_3D('',#5274,#4182,#4183);
#3763=AXIS2_PLACEMENT_3D('',#5275,#4184,#4185);
#3764=AXIS2_PLACEMENT_3D('',#5278,#4187,#4188);
#3765=AXIS2_PLACEMENT_3D('',#5279,#4189,#4190);
#3766=AXIS2_PLACEMENT_3D('',#5281,#4191,#4192);
#3767=AXIS2_PLACEMENT_3D('',#5282,#4193,#4194);
#3768=AXIS2_PLACEMENT_3D('',#5283,#4195,#4196);
#3769=AXIS2_PLACEMENT_3D('',#5285,#4197,#4198);
#3770=AXIS2_PLACEMENT_3D('',#5286,#4199,#4200);
#3771=AXIS2_PLACEMENT_3D('',#5287,#4201,#4202);
#3772=AXIS2_PLACEMENT_3D('',#5295,#4207,#4208);
#3773=AXIS2_PLACEMENT_3D('',#5299,#4211,#4212);
#3774=AXIS2_PLACEMENT_3D('',#5303,#4215,#4216);
#3775=AXIS2_PLACEMENT_3D('',#5307,#4219,#4220);
#3776=AXIS2_PLACEMENT_3D('',#5311,#4223,#4224);
#3777=AXIS2_PLACEMENT_3D('',#5314,#4226,#4227);
#3778=AXIS2_PLACEMENT_3D('',#5315,#4228,#4229);
#3779=AXIS2_PLACEMENT_3D('',#5317,#4230,#4231);
#3780=AXIS2_PLACEMENT_3D('',#5319,#4233,#4234);
#3781=AXIS2_PLACEMENT_3D('',#5328,#4239,#4240);
#3782=AXIS2_PLACEMENT_3D('',#5334,#4244,#4245);
#3783=AXIS2_PLACEMENT_3D('',#5338,#4248,#4249);
#3784=AXIS2_PLACEMENT_3D('',#5342,#4252,#4253);
#3785=AXIS2_PLACEMENT_3D('',#5348,#4257,#4258);
#3786=AXIS2_PLACEMENT_3D('',#5352,#4261,#4262);
#3787=AXIS2_PLACEMENT_3D('',#5356,#4265,#4266);
#3788=AXIS2_PLACEMENT_3D('',#5359,#4268,#4269);
#3789=AXIS2_PLACEMENT_3D('',#5360,#4270,#4271);
#3790=AXIS2_PLACEMENT_3D('',#5366,#4275,#4276);
#3791=AXIS2_PLACEMENT_3D('',#5370,#4279,#4280);
#3792=AXIS2_PLACEMENT_3D('',#5374,#4283,#4284);
#3793=AXIS2_PLACEMENT_3D('',#5383,#4289,#4290);
#3794=AXIS2_PLACEMENT_3D('',#5389,#4294,#4295);
#3795=AXIS2_PLACEMENT_3D('',#5393,#4298,#4299);
#3796=AXIS2_PLACEMENT_3D('',#5397,#4302,#4303);
#3797=AXIS2_PLACEMENT_3D('',#5398,#4304,#4305);
#3798=AXIS2_PLACEMENT_3D('',#5399,#4306,#4307);
#3799=AXIS2_PLACEMENT_3D('',#5401,#4308,#4309);
#3800=AXIS2_PLACEMENT_3D('',#5404,#4311,#4312);
#3801=AXIS2_PLACEMENT_3D('',#5405,#4313,#4314);
#3802=AXIS2_PLACEMENT_3D('',#5413,#4320,#4321);
#3803=AXIS2_PLACEMENT_3D('',#5420,#4325,#4326);
#3804=AXIS2_PLACEMENT_3D('',#5423,#4329,#4330);
#3805=AXIS2_PLACEMENT_3D('',#5426,#4332,#4333);
#3806=AXIS2_PLACEMENT_3D('',#5427,#4334,#4335);
#3807=AXIS2_PLACEMENT_3D('',#5432,#4339,#4340);
#3808=AXIS2_PLACEMENT_3D('',#5436,#4343,#4344);
#3809=AXIS2_PLACEMENT_3D('',#5440,#4347,#4348);
#3810=AXIS2_PLACEMENT_3D('',#5446,#4352,#4353);
#3811=AXIS2_PLACEMENT_3D('',#5452,#4357,#4358);
#3812=AXIS2_PLACEMENT_3D('',#5455,#4360,#4361);
#3813=AXIS2_PLACEMENT_3D('',#5456,#4362,#4363);
#3814=AXIS2_PLACEMENT_3D('',#5459,#4365,#4366);
#3815=AXIS2_PLACEMENT_3D('',#5460,#4367,#4368);
#3816=AXIS2_PLACEMENT_3D('',#5463,#4370,#4371);
#3817=AXIS2_PLACEMENT_3D('',#5464,#4372,#4373);
#3818=AXIS2_PLACEMENT_3D('',#5466,#4374,#4375);
#3819=AXIS2_PLACEMENT_3D('',#5468,#4377,#4378);
#3820=AXIS2_PLACEMENT_3D('',#5471,#4380,#4381);
#3821=AXIS2_PLACEMENT_3D('',#5472,#4382,#4383);
#3822=AXIS2_PLACEMENT_3D('',#5475,#4385,#4386);
#3823=AXIS2_PLACEMENT_3D('',#5476,#4387,#4388);
#3824=AXIS2_PLACEMENT_3D('',#5478,#4389,#4390);
#3825=AXIS2_PLACEMENT_3D('',#5480,#4392,#4393);
#3826=AXIS2_PLACEMENT_3D('',#5483,#4395,#4396);
#3827=AXIS2_PLACEMENT_3D('',#5484,#4397,#4398);
#3828=AXIS2_PLACEMENT_3D('',#5487,#4400,#4401);
#3829=AXIS2_PLACEMENT_3D('',#5488,#4402,#4403);
#3830=AXIS2_PLACEMENT_3D('',#5491,#4405,#4406);
#3831=AXIS2_PLACEMENT_3D('',#5492,#4407,#4408);
#3832=AXIS2_PLACEMENT_3D('',#5494,#4410,#4411);
#3833=AXIS2_PLACEMENT_3D('',#5500,#4412,#4413);
#3834=AXIS2_PLACEMENT_3D('',#5503,#4414,#4415);
#3835=AXIS2_PLACEMENT_3D('',#5505,#4416,#4417);
#3836=AXIS2_PLACEMENT_3D('',#5513,#4419,#4420);
#3837=AXIS2_PLACEMENT_3D('',#5515,#4421,#4422);
#3838=AXIS2_PLACEMENT_3D('',#5517,#4423,#4424);
#3839=AXIS2_PLACEMENT_3D('',#5532,#4425,#4426);
#3840=AXIS2_PLACEMENT_3D('',#5534,#4427,#4428);
#3841=AXIS2_PLACEMENT_3D('',#5541,#4429,#4430);
#3842=AXIS2_PLACEMENT_3D('',#5578,#4431,#4432);
#3843=AXIS2_PLACEMENT_3D('',#5592,#4433,#4434);
#3844=AXIS2_PLACEMENT_3D('',#5594,#4435,#4436);
#3845=AXIS2_PLACEMENT_3D('',#5609,#4438,#4439);
#3846=AXIS2_PLACEMENT_3D('',#5636,#4440,#4441);
#3847=AXIS2_PLACEMENT_3D('',#5645,#4442,#4443);
#3848=AXIS2_PLACEMENT_3D('',#5655,#4444,#4445);
#3849=AXIS2_PLACEMENT_3D('',#5804,#4450,#4451);
#3850=AXIS2_PLACEMENT_3D('',#6014,#4463,#4464);
#3851=AXIS2_PLACEMENT_3D('',#6044,#4468,#4469);
#3852=AXIS2_PLACEMENT_3D('',#6259,#4486,#4487);
#3853=AXIS2_PLACEMENT_3D('',#6261,#4489,#4490);
#3854=AXIS2_PLACEMENT_3D('',#6990,#4517,#4518);
#3855=AXIS2_PLACEMENT_3D('',#6994,#4520,#4521);
#3856=AXIS2_PLACEMENT_3D('',#7041,#4525,#4526);
#3857=AXIS2_PLACEMENT_3D('',#7044,#4528,#4529);
#3858=AXIS2_PLACEMENT_3D('',#7079,#4531,#4532);
#3859=AXIS2_PLACEMENT_3D('',#7082,#4534,#4535);
#3860=AXIS2_PLACEMENT_3D('',#7147,#4539,#4540);
#3861=AXIS2_PLACEMENT_3D('',#7150,#4542,#4543);
#3862=AXIS2_PLACEMENT_3D('',#7170,#4545,#4546);
#3863=AXIS2_PLACEMENT_3D('',#7222,#4551,#4552);
#3864=AXIS2_PLACEMENT_3D('',#7225,#4554,#4555);
#3865=AXIS2_PLACEMENT_3D('',#7226,#4556,#4557);
#3866=AXIS2_PLACEMENT_3D('',#7228,#4558,#4559);
#3867=AXIS2_PLACEMENT_3D('',#7231,#4561,#4562);
#3868=AXIS2_PLACEMENT_3D('',#7277,#4565,#4566);
#3869=AXIS2_PLACEMENT_3D('',#7280,#4568,#4569);
#3870=AXIS2_PLACEMENT_3D('',#7397,#4573,#4574);
#3871=AXIS2_PLACEMENT_3D('',#7400,#4576,#4577);
#3872=AXIS2_PLACEMENT_3D('',#7427,#4579,#4580);
#3873=AXIS2_PLACEMENT_3D('',#7430,#4582,#4583);
#3874=AXIS2_PLACEMENT_3D('',#7431,#4584,#4585);
#3875=AXIS2_PLACEMENT_3D('',#7433,#4586,#4587);
#3876=AXIS2_PLACEMENT_3D('',#7436,#4589,#4590);
#3877=AXIS2_PLACEMENT_3D('',#7482,#4593,#4594);
#3878=AXIS2_PLACEMENT_3D('',#7485,#4596,#4597);
#3879=AXIS2_PLACEMENT_3D('',#7493,#4598,#4599);
#3880=AXIS2_PLACEMENT_3D('',#7496,#4601,#4602);
#3881=AXIS2_PLACEMENT_3D('',#7514,#4604,#4605);
#3882=AXIS2_PLACEMENT_3D('',#7516,#4606,#4607);
#3883=AXIS2_PLACEMENT_3D('',#7519,#4609,#4610);
#3884=AXIS2_PLACEMENT_3D('',#7520,#4611,#4612);
#3885=AXIS2_PLACEMENT_3D('',#7551,#4617,#4618);
#3886=AXIS2_PLACEMENT_3D('',#7552,#4619,#4620);
#3887=AXIS2_PLACEMENT_3D('',#7553,#4621,#4622);
#3888=AXIS2_PLACEMENT_3D('',#7554,#4623,#4624);
#3889=AXIS2_PLACEMENT_3D('',#7555,#4625,#4626);
#3890=AXIS2_PLACEMENT_3D('',#7564,#4631,#4632);
#3891=AXIS2_PLACEMENT_3D('',#7570,#4636,#4637);
#3892=AXIS2_PLACEMENT_3D('',#7574,#4640,#4641);
#3893=AXIS2_PLACEMENT_3D('',#7578,#4644,#4645);
#3894=AXIS2_PLACEMENT_3D('',#7580,#4647,#4648);
#3895=AXIS2_PLACEMENT_3D('',#7581,#4649,#4650);
#3896=DIRECTION('axis',(0.,0.,1.));
#3897=DIRECTION('refdir',(1.,0.,0.));
#3898=DIRECTION('axis',(0.,0.,1.));
#3899=DIRECTION('refdir',(1.,0.,0.));
#3900=DIRECTION('center_axis',(-0.707106781186547,-0.707106781186548,8.34111618675756E-16));
#3901=DIRECTION('ref_axis',(7.86969195104383E-16,3.92642768559846E-16,1.));
#3902=DIRECTION('center_axis',(-0.707106781186547,-0.707106781186548,8.34111618675756E-16));
#3903=DIRECTION('ref_axis',(0.533073778895028,-0.533073778895029,-0.657011942440278));
#3904=DIRECTION('center_axis',(-0.707106781186547,-0.707106781186548,8.34111618675756E-16));
#3905=DIRECTION('ref_axis',(-0.301308817982255,0.301308817982256,0.904668996048981));
#3906=DIRECTION('',(-1.85524795947641E-16,1.36513675961187E-15,1.));
#3907=DIRECTION('center_axis',(0.707106781186547,0.707106781186548,-8.34111618675756E-16));
#3908=DIRECTION('ref_axis',(-0.675803085510413,0.675803085510412,-0.294245440456113));
#3909=DIRECTION('center_axis',(0.707106781186547,0.707106781186548,-8.34111618675756E-16));
#3910=DIRECTION('ref_axis',(-0.697024436447974,0.697024436447974,0.168267257625386));
#3911=DIRECTION('center_axis',(0.707106781186547,0.707106781186548,-8.34111618675756E-16));
#3912=DIRECTION('ref_axis',(-0.693316909526182,0.693316909526182,-0.196528181007527));
#3913=DIRECTION('center_axis',(0.707106781186547,0.707106781186548,-8.34111618675756E-16));
#3914=DIRECTION('ref_axis',(-0.689231627257563,0.689231627257563,0.223426784374175));
#3915=DIRECTION('center_axis',(0.707106781186547,0.707106781186548,-8.34111618675756E-16));
#3916=DIRECTION('ref_axis',(0.229135669467733,-0.229135669467732,0.946041061453015));
#3917=DIRECTION('',(-7.86969195104383E-16,-3.92642768559846E-16,-1.));
#3918=DIRECTION('center_axis',(-0.707106781186547,-0.707106781186548,8.34111618675756E-16));
#3919=DIRECTION('ref_axis',(0.529481736573665,-0.529481736573666,-0.662795731179577));
#3920=DIRECTION('center_axis',(-0.707106781186547,-0.707106781186548,8.34111618675756E-16));
#3921=DIRECTION('ref_axis',(0.484425584430805,-0.484425584430806,-0.728466681666186));
#3922=DIRECTION('center_axis',(-0.707106781186547,-0.707106781186548,8.34111618675756E-16));
#3923=DIRECTION('ref_axis',(0.542206138293463,-0.542206138293462,0.641891741023189));
#3924=DIRECTION('center_axis',(-0.707106781186547,-0.707106781186548,8.34111618675756E-16));
#3925=DIRECTION('ref_axis',(0.361939310142968,-0.361939310142967,0.859069189033378));
#3926=DIRECTION('center_axis',(-0.707106781186547,-0.707106781186548,8.34111618675756E-16));
#3927=DIRECTION('ref_axis',(0.521489764825849,-0.521489764825848,0.675349428343403));
#3928=DIRECTION('center_axis',(-0.707106781186547,-0.707106781186548,8.34111618675756E-16));
#3929=DIRECTION('ref_axis',(-0.701665153763025,0.701665153763025,0.123822550407512));
#3930=DIRECTION('center_axis',(-0.707106781186547,-0.707106781186548,8.34111618675756E-16));
#3931=DIRECTION('ref_axis',(0.541642158853454,-0.541642158853454,0.642843327339671));
#3932=DIRECTION('center_axis',(9.63735264431561E-17,-1.,0.));
#3933=DIRECTION('ref_axis',(1.,9.63735264431561E-17,0.));
#3934=DIRECTION('center_axis',(-7.57641790914318E-16,-1.,0.));
#3935=DIRECTION('ref_axis',(1.,-7.57641790914318E-16,0.));
#3936=DIRECTION('center_axis',(-7.57641790914318E-16,-1.,0.));
#3937=DIRECTION('ref_axis',(1.,-7.57641790914319E-16,0.));
#3938=DIRECTION('',(-0.0139621803390594,-0.999902524009305,-1.70987394613462E-18));
#3939=DIRECTION('center_axis',(9.71558860058863E-16,1.,-4.85779430029432E-16));
#3940=DIRECTION('ref_axis',(-1.,9.71558860058863E-16,0.));
#3941=DIRECTION('center_axis',(9.71558860058863E-16,1.,-4.85779430029432E-16));
#3942=DIRECTION('ref_axis',(-1.,9.71558860058863E-16,0.));
#3943=DIRECTION('center_axis',(9.42784497813482E-17,-1.,0.));
#3944=DIRECTION('ref_axis',(1.,9.42784497813482E-17,0.));
#3945=DIRECTION('center_axis',(-9.42784497813482E-17,1.,0.));
#3946=DIRECTION('ref_axis',(-1.,-2.77555756156289E-16,0.));
#3947=DIRECTION('center_axis',(0.,-1.,0.));
#3948=DIRECTION('ref_axis',(0.,0.,-1.));
#3949=DIRECTION('center_axis',(-1.73472347597681E-16,1.,0.));
#3950=DIRECTION('ref_axis',(-1.,-1.73472347597681E-16,0.));
#3951=DIRECTION('center_axis',(0.,0.,1.));
#3952=DIRECTION('ref_axis',(1.,0.,0.));
#3953=DIRECTION('center_axis',(0.,0.,-1.));
#3954=DIRECTION('ref_axis',(1.,0.,0.));
#3955=DIRECTION('center_axis',(0.,0.,1.));
#3956=DIRECTION('ref_axis',(1.,0.,0.));
#3957=DIRECTION('center_axis',(0.,0.,1.));
#3958=DIRECTION('ref_axis',(1.,0.,0.));
#3959=DIRECTION('center_axis',(0.,0.,1.));
#3960=DIRECTION('ref_axis',(1.,0.,0.));
#3961=DIRECTION('center_axis',(0.,0.,1.));
#3962=DIRECTION('ref_axis',(1.,0.,0.));
#3963=DIRECTION('center_axis',(0.,0.,1.));
#3964=DIRECTION('ref_axis',(1.,0.,0.));
#3965=DIRECTION('center_axis',(0.,0.,-1.));
#3966=DIRECTION('ref_axis',(1.,0.,0.));
#3967=DIRECTION('center_axis',(0.,-1.,0.));
#3968=DIRECTION('ref_axis',(-1.,4.05387881881307E-16,-1.8051548130989E-48));
#3969=DIRECTION('center_axis',(9.42784497813482E-17,-1.,-3.98895219791232E-33));
#3970=DIRECTION('ref_axis',(-1.,-9.42784497813482E-17,-3.39826911656897E-48));
#3971=DIRECTION('',(-0.712026046023929,0.702153052961767,-8.7198041817275E-17));
#3972=DIRECTION('center_axis',(0.707106781186549,-0.707106781186546,0.));
#3973=DIRECTION('ref_axis',(0.707106781186546,0.707106781186549,0.));
#3974=DIRECTION('',(0.,0.,-1.));
#3975=DIRECTION('',(-0.707072315699927,-0.707072315699931,-0.00987323358784499));
#3976=DIRECTION('',(0.,0.,1.));
#3977=DIRECTION('',(0.707072315699927,0.707072315699931,0.00987323358784494));
#3978=DIRECTION('center_axis',(-2.77555756156289E-16,1.,0.));
#3979=DIRECTION('ref_axis',(-1.,-2.77555756156289E-16,0.));
#3980=DIRECTION('',(-2.77555756156289E-16,1.,0.));
#3981=DIRECTION('center_axis',(1.15648231731787E-16,-1.,0.));
#3982=DIRECTION('ref_axis',(-1.,-2.77555756156289E-16,0.));
#3983=DIRECTION('center_axis',(-1.73472347597681E-16,1.,0.));
#3984=DIRECTION('ref_axis',(-1.,-1.73472347597681E-16,0.));
#3985=DIRECTION('',(-1.73472347597681E-16,1.,0.));
#3986=DIRECTION('center_axis',(-1.73472347597681E-16,1.,0.));
#3987=DIRECTION('ref_axis',(-1.,-1.73472347597681E-16,0.));
#3988=DIRECTION('center_axis',(1.93764176081097E-18,0.0139621803391453,
0.999902524009304));
#3989=DIRECTION('ref_axis',(0.,-0.999902524009304,0.0139621803391453));
#3990=DIRECTION('',(1.,-1.38777878078145E-16,0.));
#3991=DIRECTION('center_axis',(7.03458183983818E-13,0.0139621803391189,
0.999902524009305));
#3992=DIRECTION('ref_axis',(-0.0161907565589447,-0.999771457896536,0.013960350192032));
#3993=DIRECTION('',(-1.,1.38777878078145E-16,0.));
#3994=DIRECTION('',(-0.707072315699928,-0.70707231569993,0.00987323358784502));
#3995=DIRECTION('',(-0.0139608196270578,-0.999805076517759,0.0139608196270578));
#3996=DIRECTION('center_axis',(0.,0.,1.));
#3997=DIRECTION('ref_axis',(1.,0.,0.));
#3998=DIRECTION('',(0.,0.,1.));
#3999=DIRECTION('center_axis',(0.,0.,-1.));
#4000=DIRECTION('ref_axis',(1.,0.,0.));
#4001=DIRECTION('center_axis',(0.,0.,1.));
#4002=DIRECTION('ref_axis',(1.,0.,0.));
#4003=DIRECTION('',(-0.013962180339134,-1.70987394614386E-18,0.999902524009304));
#4004=DIRECTION('center_axis',(0.,0.,-1.));
#4005=DIRECTION('ref_axis',(-1.,0.,0.));
#4006=DIRECTION('center_axis',(0.,0.,-1.));
#4007=DIRECTION('ref_axis',(-1.,0.,0.));
#4008=DIRECTION('center_axis',(0.,0.,1.));
#4009=DIRECTION('ref_axis',(1.,0.,0.));
#4010=DIRECTION('',(-0.013962180339134,-1.70987394614386E-18,0.999902524009304));
#4011=DIRECTION('center_axis',(0.,0.,-1.));
#4012=DIRECTION('ref_axis',(-1.,0.,0.));
#4013=DIRECTION('center_axis',(0.,0.,-1.));
#4014=DIRECTION('ref_axis',(-1.,0.,0.));
#4015=DIRECTION('center_axis',(-0.999902524009304,0.0139621803391454,0.));
#4016=DIRECTION('ref_axis',(-0.0139621803391454,-0.999902524009304,0.));
#4017=DIRECTION('',(-0.0139621803391454,-0.999902524009304,1.61470146734252E-18));
#4018=DIRECTION('',(0.,0.,1.));
#4019=DIRECTION('',(-0.013960819627059,-0.999805076517759,-0.0139608196270579));
#4020=DIRECTION('',(0.0139608196270582,0.999805076517759,0.0139608196270582));
#4021=DIRECTION('',(0.,0.,-1.));
#4022=DIRECTION('',(0.,0.,-1.));
#4023=DIRECTION('center_axis',(-0.999902524009304,-0.0139621803391454,4.23062044411562E-17));
#4024=DIRECTION('ref_axis',(0.0139621803391454,-0.999902524009304,0.));
#4025=DIRECTION('',(3.76072229471075E-49,-3.98895219791232E-33,1.));
#4026=DIRECTION('',(0.0139608196270581,-0.999805076517759,-0.0139608196270581));
#4027=DIRECTION('',(0.,0.,1.));
#4028=DIRECTION('',(-0.0139608196270581,0.999805076517759,-0.0139608196270579));
#4029=DIRECTION('center_axis',(0.707106781186549,-0.707106781186546,0.));
#4030=DIRECTION('ref_axis',(0.707106781186546,0.707106781186549,0.));
#4031=DIRECTION('',(0.,0.,-1.));
#4032=DIRECTION('',(-0.707072315699927,-0.707072315699931,0.00987323358784578));
#4033=DIRECTION('',(0.,0.,-1.));
#4034=DIRECTION('',(0.707072315699927,0.707072315699931,-0.00987323358784489));
#4035=DIRECTION('center_axis',(0.,0.,1.));
#4036=DIRECTION('ref_axis',(1.,0.,0.));
#4037=DIRECTION('',(0.,0.,1.));
#4038=DIRECTION('center_axis',(0.,0.,-1.));
#4039=DIRECTION('ref_axis',(1.,0.,0.));
#4040=DIRECTION('center_axis',(0.,0.,1.));
#4041=DIRECTION('ref_axis',(1.,0.,0.));
#4042=DIRECTION('center_axis',(0.,0.,1.));
#4043=DIRECTION('ref_axis',(1.,0.,0.));
#4044=DIRECTION('',(-0.707106781186547,-8.65956056235493E-17,0.707106781186547));
#4045=DIRECTION('center_axis',(0.,0.,1.));
#4046=DIRECTION('ref_axis',(1.,0.,0.));
#4047=DIRECTION('center_axis',(0.,0.,1.));
#4048=DIRECTION('ref_axis',(1.,0.,0.));
#4049=DIRECTION('center_axis',(0.,0.,1.));
#4050=DIRECTION('ref_axis',(1.,0.,0.));
#4051=DIRECTION('center_axis',(0.,0.,1.));
#4052=DIRECTION('ref_axis',(1.,0.,0.));
#4053=DIRECTION('center_axis',(0.,0.,-1.));
#4054=DIRECTION('ref_axis',(-1.,0.,0.));
#4055=DIRECTION('',(-0.0139621803391454,0.999902524009304,0.));
#4056=DIRECTION('center_axis',(0.,0.,-1.));
#4057=DIRECTION('ref_axis',(1.,0.,0.));
#4058=DIRECTION('',(-0.0139621803391452,-0.999902524009304,0.));
#4059=DIRECTION('',(-1.,0.,0.));
#4060=DIRECTION('center_axis',(0.,0.,1.));
#4061=DIRECTION('ref_axis',(1.,0.,0.));
#4062=DIRECTION('',(0.0139621803391452,0.999902524009304,0.));
#4063=DIRECTION('center_axis',(0.,0.,1.));
#4064=DIRECTION('ref_axis',(1.,0.,0.));
#4065=DIRECTION('',(0.0139621803391454,-0.999902524009304,0.));
#4066=DIRECTION('',(-1.,0.,0.));
#4067=DIRECTION('center_axis',(0.,0.,1.));
#4068=DIRECTION('ref_axis',(1.,0.,0.));
#4069=DIRECTION('',(0.0139621803391452,0.999902524009304,0.));
#4070=DIRECTION('',(1.,0.,0.));
#4071=DIRECTION('',(0.0139621803391454,-0.999902524009304,0.));
#4072=DIRECTION('',(1.,0.,0.));
#4073=DIRECTION('center_axis',(0.,0.,-1.));
#4074=DIRECTION('ref_axis',(-1.,0.,0.));
#4075=DIRECTION('',(-0.0139621803391454,0.999902524009304,0.));
#4076=DIRECTION('',(-1.,0.,0.));
#4077=DIRECTION('',(-0.0139621803391452,-0.999902524009304,0.));
#4078=DIRECTION('',(1.,0.,0.));
#4079=DIRECTION('center_axis',(1.93764176081097E-18,0.0139621803391453,
-0.999902524009304));
#4080=DIRECTION('ref_axis',(0.,0.999902524009304,0.0139621803391453));
#4081=DIRECTION('',(0.013960819627058,0.999805076517759,0.013960819627058));
#4082=DIRECTION('',(-1.,1.38777878078145E-16,0.));
#4083=DIRECTION('',(0.0139608196270576,0.999805076517759,0.0139608196270576));
#4084=DIRECTION('',(0.707072315699928,0.70707231569993,0.00987323358784491));
#4085=DIRECTION('',(1.,-1.38777878078145E-16,0.));
#4086=DIRECTION('center_axis',(-1.38777878078145E-16,-1.,0.));
#4087=DIRECTION('ref_axis',(1.,-1.38777878078145E-16,0.));
#4088=DIRECTION('',(0.,0.,1.));
#4089=DIRECTION('',(1.,-1.38777878078145E-16,0.));
#4090=DIRECTION('',(0.,0.,-1.));
#4091=DIRECTION('center_axis',(1.93764176081097E-18,0.0139621803391453,
0.999902524009304));
#4092=DIRECTION('ref_axis',(0.,-0.999902524009304,0.0139621803391453));
#4093=DIRECTION('',(-0.013960819627058,-0.999805076517759,0.0139608196270592));
#4094=DIRECTION('',(-1.,1.38777878078145E-16,0.));
#4095=DIRECTION('',(-0.0139608196270582,-0.999805076517759,0.0139608196270582));
#4096=DIRECTION('center_axis',(-1.38777878078145E-16,-1.,0.));
#4097=DIRECTION('ref_axis',(1.,-1.38777878078145E-16,0.));
#4098=DIRECTION('',(0.,0.,1.));
#4099=DIRECTION('',(1.,2.12430592616458E-18,1.52132317857593E-16));
#4100=DIRECTION('center_axis',(1.52147148551629E-16,-0.0139621803391453,
-0.999902524009304));
#4101=DIRECTION('ref_axis',(-3.85185988877447E-34,0.999902524009304,-0.0139621803391453));
#4102=DIRECTION('',(1.,2.12430592616458E-18,1.52132317857593E-16));
#4103=DIRECTION('',(-1.,-1.22464679914735E-16,0.));
#4104=DIRECTION('',(-0.013960819627059,-0.999805076517759,0.0139608196270576));
#4105=DIRECTION('',(0.0139608196270522,0.999805076517759,-0.0139608196270557));
#4106=DIRECTION('center_axis',(9.42784497813482E-17,-1.,-3.98895219791232E-33));
#4107=DIRECTION('ref_axis',(1.,9.42784497813482E-17,0.));
#4108=DIRECTION('',(-3.76072229471075E-49,3.98895219791232E-33,-1.));
#4109=DIRECTION('',(-1.,1.56106641373354E-18,-1.11795880680758E-16));
#4110=DIRECTION('center_axis',(-1.11806779157323E-16,-0.0139621803391453,
0.999902524009304));
#4111=DIRECTION('ref_axis',(-1.92592994438724E-34,-0.999902524009304,-0.0139621803391453));
#4112=DIRECTION('',(0.0139608196270591,0.999805076517759,0.0139608196270574));
#4113=DIRECTION('',(-1.,1.56106641373354E-18,-1.11795880680758E-16));
#4114=DIRECTION('',(1.,1.22464679914735E-16,0.));
#4115=DIRECTION('center_axis',(-1.38777878078145E-16,-1.,0.));
#4116=DIRECTION('ref_axis',(1.,-1.38777878078145E-16,0.));
#4117=DIRECTION('',(0.,0.,1.));
#4118=DIRECTION('',(1.,-1.38777878078145E-16,0.));
#4119=DIRECTION('center_axis',(1.93764176081097E-18,0.0139621803391453,
-0.999902524009304));
#4120=DIRECTION('ref_axis',(0.,0.999902524009304,0.0139621803391453));
#4121=DIRECTION('',(0.013960819627058,0.999805076517759,0.013960819627058));
#4122=DIRECTION('',(-1.,1.38777878078145E-16,0.));
#4123=DIRECTION('center_axis',(-1.38777878078145E-16,-1.,0.));
#4124=DIRECTION('ref_axis',(1.,-1.38777878078145E-16,0.));
#4125=DIRECTION('',(0.,0.,1.));
#4126=DIRECTION('center_axis',(1.38777878078145E-16,1.,0.));
#4127=DIRECTION('ref_axis',(-0.707106781186136,9.81212132728105E-17,-0.707106781186959));
#4128=DIRECTION('center_axis',(0.,1.,0.));
#4129=DIRECTION('ref_axis',(-1.,-1.91645641155533E-16,0.));
#4130=DIRECTION('',(0.707106781186547,0.707106781186548,8.65956056235493E-17));
#4131=DIRECTION('center_axis',(-1.15648231731787E-16,1.,0.));
#4132=DIRECTION('ref_axis',(-1.,-1.15648231731787E-16,0.));
#4133=DIRECTION('center_axis',(-1.11593938058068E-16,-0.0174524064372803,
-0.999847695156391));
#4134=DIRECTION('ref_axis',(-3.85185988877447E-34,0.999847695156391,-0.0174524064372803));
#4135=DIRECTION('',(1.,-1.94758276292608E-18,-1.11576941760784E-16));
#4136=DIRECTION('',(0.0139600542459045,0.99975026369277,-0.0174507057647605));
#4137=DIRECTION('',(-1.,1.94758276292608E-18,1.11576941760784E-16));
#4138=DIRECTION('',(-0.013960054245904,-0.99975026369277,0.017450705764757));
#4139=DIRECTION('',(-1.,-1.15648231731787E-16,0.));
#4140=DIRECTION('',(0.0139600542459045,-0.99975026369277,0.0174507057647575));
#4141=DIRECTION('center_axis',(0.,-0.707106781186546,0.707106781186549));
#4142=DIRECTION('ref_axis',(0.,-0.707106781186549,-0.707106781186546));
#4143=DIRECTION('',(1.,0.,0.));
#4144=DIRECTION('',(-0.00987323358784504,-0.707072315699928,-0.70707231569993));
#4145=DIRECTION('',(1.,0.,0.));
#4146=DIRECTION('',(-0.00987323358784504,0.707072315699928,0.70707231569993));
#4147=DIRECTION('center_axis',(0.999902524009304,0.0139621803391453,0.));
#4148=DIRECTION('ref_axis',(-0.0139621803391453,0.999902524009304,0.));
#4149=DIRECTION('',(0.,0.,-1.));
#4150=DIRECTION('',(0.0139608196270582,-0.999805076517759,0.013960819627058));
#4151=DIRECTION('',(0.,0.,1.));
#4152=DIRECTION('center_axis',(2.31296463463574E-16,-1.,0.));
#4153=DIRECTION('ref_axis',(1.,2.31296463463574E-16,0.));
#4154=DIRECTION('',(0.,0.,1.));
#4155=DIRECTION('',(1.,-2.70537036971019E-20,1.93745288726073E-18));
#4156=DIRECTION('center_axis',(-2.68042374378181E-15,-1.,-2.6804237437818E-15));
#4157=DIRECTION('ref_axis',(-0.707106781186547,3.79069161136309E-15,-0.707106781186547));
#4158=DIRECTION('',(0.,0.,-1.));
#4159=DIRECTION('',(-1.,-2.31296463463574E-16,0.));
#4160=DIRECTION('center_axis',(0.0139608196270581,0.999805076517759,0.013960819627058));
#4161=DIRECTION('ref_axis',(-0.999902524009304,0.0139621803391454,1.35525271560688E-19));
#4162=DIRECTION('center_axis',(1.38777878078145E-16,1.,0.));
#4163=DIRECTION('ref_axis',(-0.707106781186136,9.81212132728105E-17,-0.707106781186959));
#4164=DIRECTION('',(0.0139608196270581,0.999805076517759,0.013960819627058));
#4165=DIRECTION('',(0.0139608196270581,0.999805076517759,0.013960819627058));
#4166=DIRECTION('center_axis',(-1.38777878078145E-16,-1.,0.));
#4167=DIRECTION('ref_axis',(1.,-1.38777878078145E-16,0.));
#4168=DIRECTION('',(0.,0.,-1.));
#4169=DIRECTION('',(1.,-2.70537036971019E-20,1.93745288726073E-18));
#4170=DIRECTION('center_axis',(0.707106781186549,-0.707106781186546,0.));
#4171=DIRECTION('ref_axis',(0.707106781186546,0.707106781186549,0.));
#4172=DIRECTION('',(-0.707106781186546,-0.707106781186549,8.17756488897799E-17));
#4173=DIRECTION('',(0.707072315699927,0.707072315699931,0.00987323358784491));
#4174=DIRECTION('center_axis',(-1.15648231731787E-16,-2.00617702540337E-32,
-1.));
#4175=DIRECTION('ref_axis',(1.,0.,-1.15648231731787E-16));
#4176=DIRECTION('',(-1.,8.42093410274883E-15,1.15648231731787E-16));
#4177=DIRECTION('',(-0.0174524064372836,0.999847695156391,2.01833994393628E-18));
#4178=DIRECTION('',(1.,1.22464679914735E-16,-1.15648231731787E-16));
#4179=DIRECTION('center_axis',(0.,0.,1.));
#4180=DIRECTION('ref_axis',(1.,0.,0.));
#4181=DIRECTION('',(-0.707106781186542,8.65956056235487E-17,0.707106781186553));
#4182=DIRECTION('center_axis',(0.,0.,1.));
#4183=DIRECTION('ref_axis',(1.,0.,0.));
#4184=DIRECTION('center_axis',(0.,1.23037987279861E-15,1.));
#4185=DIRECTION('ref_axis',(0.,-1.,1.23037987279861E-15));
#4186=DIRECTION('',(-1.70987394614371E-18,0.0139621803391341,0.999902524009304));
#4187=DIRECTION('center_axis',(0.,1.23037987279861E-15,1.));
#4188=DIRECTION('ref_axis',(0.,-1.,1.23037987279861E-15));
#4189=DIRECTION('center_axis',(2.64724373601353E-15,-9.83261959090552E-16,
-1.));
#4190=DIRECTION('ref_axis',(-1.,0.,-3.17113441898309E-15));
#4191=DIRECTION('center_axis',(0.,0.,1.));
#4192=DIRECTION('ref_axis',(1.,-4.57668723615167E-15,0.));
#4193=DIRECTION('center_axis',(-3.89756980168599E-30,-1.,9.83261959090552E-16));
#4194=DIRECTION('ref_axis',(1.,0.,3.96391802372886E-15));
#4195=DIRECTION('center_axis',(-2.64724373601356E-15,9.83261959090668E-16,
-1.));
#4196=DIRECTION('ref_axis',(-1.,0.,3.1711344189831E-15));
#4197=DIRECTION('center_axis',(0.,0.,1.));
#4198=DIRECTION('ref_axis',(1.,-1.71625771355688E-15,0.));
#4199=DIRECTION('center_axis',(-3.89756980168646E-30,-1.,-9.83261959090668E-16));
#4200=DIRECTION('ref_axis',(1.,0.,-3.96391802372887E-15));
#4201=DIRECTION('center_axis',(-0.999847695156391,-0.0174524064372836,0.));
#4202=DIRECTION('ref_axis',(0.0174524064372836,-0.999847695156391,0.));
#4203=DIRECTION('',(0.0174507057647604,-0.99975026369277,-0.0139600542459043));
#4204=DIRECTION('',(0.,0.,-1.));
#4205=DIRECTION('',(-0.0174524064372836,0.999847695156391,0.));
#4206=DIRECTION('',(0.,0.,-1.));
#4207=DIRECTION('center_axis',(1.22464679914735E-16,-1.,0.));
#4208=DIRECTION('ref_axis',(1.,1.22464679914735E-16,0.));
#4209=DIRECTION('',(1.,1.22464679914735E-16,0.));
#4210=DIRECTION('',(0.,0.,1.));
#4211=DIRECTION('center_axis',(-0.999902524009304,0.0139621803391454,0.));
#4212=DIRECTION('ref_axis',(-0.0139621803391454,-0.999902524009304,0.));
#4213=DIRECTION('',(0.0139621803391462,0.999902524009304,0.));
#4214=DIRECTION('',(0.,0.,-1.));
#4215=DIRECTION('center_axis',(0.707106781186549,-0.707106781186546,0.));
#4216=DIRECTION('ref_axis',(0.707106781186546,0.707106781186549,0.));
#4217=DIRECTION('',(0.707106781186546,0.707106781186549,0.));
#4218=DIRECTION('',(0.,0.,-1.));
#4219=DIRECTION('center_axis',(-1.38777878078145E-16,-1.,0.));
#4220=DIRECTION('ref_axis',(1.,-1.38777878078145E-16,0.));
#4221=DIRECTION('',(1.,0.,0.));
#4222=DIRECTION('',(0.,0.,1.));
#4223=DIRECTION('center_axis',(0.,0.,1.));
#4224=DIRECTION('ref_axis',(1.,0.,0.));
#4225=DIRECTION('',(-0.707106781186545,8.6595605623549E-17,0.70710678118655));
#4226=DIRECTION('center_axis',(0.,0.,1.));
#4227=DIRECTION('ref_axis',(1.,0.,0.));
#4228=DIRECTION('center_axis',(0.,0.,1.));
#4229=DIRECTION('ref_axis',(1.,0.,0.));
#4230=DIRECTION('center_axis',(0.,-0.0139621803391452,0.999902524009304));
#4231=DIRECTION('ref_axis',(-7.79719916692149E-12,-0.999902524009304,-0.0139621803391452));
#4232=DIRECTION('',(0.,0.,1.));
#4233=DIRECTION('center_axis',(2.31296463463574E-16,-1.,0.));
#4234=DIRECTION('ref_axis',(1.,2.31296463463574E-16,0.));
#4235=DIRECTION('',(0.,0.,-1.));
#4236=DIRECTION('',(1.,0.,0.));
#4237=DIRECTION('',(0.,0.,1.));
#4238=DIRECTION('',(1.,2.31296463463574E-16,0.));
#4239=DIRECTION('center_axis',(-0.999902524009304,0.0139621803391452,0.));
#4240=DIRECTION('ref_axis',(-0.0139621803391452,-0.999902524009304,0.));
#4241=DIRECTION('',(0.,0.,1.));
#4242=DIRECTION('',(-0.0139608196270579,-0.999805076517759,-0.0139608196270579));
#4243=DIRECTION('',(-0.00987323358786875,-0.707072315701488,-0.707072315698369));
#4244=DIRECTION('center_axis',(0.,-0.70710678118499,0.707106781188105));
#4245=DIRECTION('ref_axis',(0.,-0.707106781188105,-0.70710678118499));
#4246=DIRECTION('',(-1.,-2.11357060133608E-20,1.51363506817244E-18));
#4247=DIRECTION('',(-0.0098732335878687,0.707072315701485,0.707072315698372));
#4248=DIRECTION('center_axis',(0.999902524009304,0.0139621803391454,0.));
#4249=DIRECTION('ref_axis',(-0.0139621803391454,0.999902524009304,0.));
#4250=DIRECTION('',(-0.0139608196270582,0.999805076517759,0.0139608196270579));
#4251=DIRECTION('',(0.,0.,-1.));
#4252=DIRECTION('center_axis',(-0.999902524009304,0.0139621803391452,0.));
#4253=DIRECTION('ref_axis',(-0.0139621803391452,-0.999902524009304,0.));
#4254=DIRECTION('',(0.,0.,1.));
#4255=DIRECTION('',(-0.0139608196270578,-0.999805076517759,-0.0139608196270582));
#4256=DIRECTION('',(-0.00987323358786875,-0.707072315701488,-0.707072315698369));
#4257=DIRECTION('center_axis',(0.,0.70710678118499,-0.707106781188105));
#4258=DIRECTION('ref_axis',(0.,0.707106781188105,0.70710678118499));
#4259=DIRECTION('',(-1.,-2.11357060133608E-20,1.51363506817244E-18));
#4260=DIRECTION('',(0.0098732335878687,-0.707072315701485,-0.707072315698372));
#4261=DIRECTION('center_axis',(0.999902524009304,0.0139621803391454,0.));
#4262=DIRECTION('ref_axis',(-0.0139621803391454,0.999902524009304,0.));
#4263=DIRECTION('',(-0.0139608196270582,0.999805076517759,0.0139608196270582));
#4264=DIRECTION('',(0.,0.,-1.));
#4265=DIRECTION('center_axis',(0.,0.,1.));
#4266=DIRECTION('ref_axis',(1.,0.,0.));
#4267=DIRECTION('',(0.,0.,1.));
#4268=DIRECTION('center_axis',(0.,-0.0139621803391452,-0.999902524009304));
#4269=DIRECTION('ref_axis',(7.94431613235772E-12,0.999902524009304,-0.0139621803391452));
#4270=DIRECTION('center_axis',(0.999902524009304,0.0139621803391454,0.));
#4271=DIRECTION('ref_axis',(-0.0139621803391454,0.999902524009304,0.));
#4272=DIRECTION('',(0.,0.,-1.));
#4273=DIRECTION('',(0.013960819627058,-0.999805076517759,0.013960819627058));
#4274=DIRECTION('',(0.0098732335878656,-0.707072315701487,0.707072315698371));
#4275=DIRECTION('center_axis',(0.,0.70710678118499,0.707106781188105));
#4276=DIRECTION('ref_axis',(0.,-0.707106781188105,0.70710678118499));
#4277=DIRECTION('',(1.,2.11357060133608E-20,1.51363506817244E-18));
#4278=DIRECTION('',(-0.0098732335878688,-0.707072315701485,0.707072315698372));
#4279=DIRECTION('center_axis',(-0.999902524009304,0.0139621803391452,0.));
#4280=DIRECTION('ref_axis',(-0.0139621803391452,-0.999902524009304,0.));
#4281=DIRECTION('',(0.0139608196270583,0.999805076517759,-0.013960819627058));
#4282=DIRECTION('',(0.,0.,1.));
#4283=DIRECTION('center_axis',(1.,0.,0.));
#4284=DIRECTION('ref_axis',(0.,0.,-1.));
#4285=DIRECTION('',(0.,0.,1.));
#4286=DIRECTION('',(0.,0.999902524009304,-0.0139621803391453));
#4287=DIRECTION('',(0.,0.,-1.));
#4288=DIRECTION('',(0.,-0.999902524009304,-0.0139621803391453));
#4289=DIRECTION('center_axis',(0.999902524009304,0.0139621803391454,0.));
#4290=DIRECTION('ref_axis',(-0.0139621803391454,0.999902524009304,0.));
#4291=DIRECTION('',(0.,0.,-1.));
#4292=DIRECTION('',(0.0139608196270579,-0.999805076517759,0.0139608196270579));
#4293=DIRECTION('',(0.0098732335878656,-0.707072315701487,0.707072315698371));
#4294=DIRECTION('center_axis',(0.,-0.70710678118499,-0.707106781188105));
#4295=DIRECTION('ref_axis',(0.,0.707106781188105,-0.70710678118499));
#4296=DIRECTION('',(1.,2.11357060133608E-20,1.51363506817244E-18));
#4297=DIRECTION('',(0.00987323358786558,0.707072315701485,-0.707072315698372));
#4298=DIRECTION('center_axis',(-0.999902524009304,0.0139621803391452,0.));
#4299=DIRECTION('ref_axis',(-0.0139621803391452,-0.999902524009304,0.));
#4300=DIRECTION('',(0.0139608196270575,0.999805076517759,-0.0139608196270578));
#4301=DIRECTION('',(0.,0.,1.));
#4302=DIRECTION('center_axis',(0.,0.,1.));
#4303=DIRECTION('ref_axis',(1.,0.,0.));
#4304=DIRECTION('center_axis',(-1.82118606957129E-16,0.0139621803391444,
-0.999902524009304));
#4305=DIRECTION('ref_axis',(-3.93532187338337E-10,0.999902524009304,0.0139621803391444));
#4306=DIRECTION('center_axis',(2.92907426189382E-15,0.0139621803391435,
0.999902524009304));
#4307=DIRECTION('ref_axis',(3.32763775111736E-10,-0.999902524009304,0.0139621803391435));
#4308=DIRECTION('center_axis',(1.16298228192226E-14,0.0139621803390828,
0.999902524009305));
#4309=DIRECTION('ref_axis',(0.306254282989243,-0.951856951256201,0.0132912939924947));
#4310=DIRECTION('',(0.,0.,1.));
#4311=DIRECTION('center_axis',(3.74753934384512E-15,0.0139621803391022,
-0.999902524009305));
#4312=DIRECTION('ref_axis',(5.43359498002852E-7,-0.999902524009157,-0.0139621803390999));
#4313=DIRECTION('center_axis',(1.0842021724855E-16,-1.,0.));
#4314=DIRECTION('ref_axis',(1.,1.0842021724855E-16,0.));
#4315=DIRECTION('',(-1.,-2.11357060133608E-20,1.51363506817244E-18));
#4316=DIRECTION('',(1.,2.11357060133608E-20,1.51363506817244E-18));
#4317=DIRECTION('',(1.,2.11357060133608E-20,1.51363506817244E-18));
#4318=DIRECTION('',(0.,0.,-1.));
#4319=DIRECTION('',(-1.,-2.11357060133608E-20,1.51363506817244E-18));
#4320=DIRECTION('center_axis',(-0.999902524009304,0.0139621803391454,0.));
#4321=DIRECTION('ref_axis',(-0.0139621803391454,-0.999902524009304,0.));
#4322=DIRECTION('',(0.013960819627058,0.999805076517759,-0.013960819627058));
#4323=DIRECTION('',(0.,0.,-1.));
#4324=DIRECTION('',(-0.0139600542459045,-0.99975026369277,-0.01745070576476));
#4325=DIRECTION('center_axis',(0.999902524009304,-0.013962180339146,-1.61750964380749E-16));
#4326=DIRECTION('ref_axis',(0.013962180339146,0.999902524009304,6.64674915948156E-12));
#4327=DIRECTION('',(0.0139621803391453,0.999902524009304,0.));
#4328=DIRECTION('',(-0.013960819627058,-0.999805076517759,-0.0139608196270576));
#4329=DIRECTION('center_axis',(-1.,0.,0.));
#4330=DIRECTION('ref_axis',(0.,0.,1.));
#4331=DIRECTION('',(1.,4.1065148600331E-18,-2.35262078767487E-16));
#4332=DIRECTION('center_axis',(-0.999902524009304,0.0139621803391453,1.75673371003044E-16));
#4333=DIRECTION('ref_axis',(0.0139621803391453,0.999902524009304,-3.4194012181134E-12));
#4334=DIRECTION('center_axis',(-0.999902524009304,0.0139621803391453,0.));
#4335=DIRECTION('ref_axis',(-0.0139621803391453,-0.999902524009304,0.));
#4336=DIRECTION('',(0.0139600542459042,0.99975026369277,0.0174507057647562));
#4337=DIRECTION('',(0.,0.,-1.));
#4338=DIRECTION('',(0.,0.,-1.));
#4339=DIRECTION('center_axis',(0.,-1.,0.));
#4340=DIRECTION('ref_axis',(0.,0.,-1.));
#4341=DIRECTION('',(-1.,0.,0.));
#4342=DIRECTION('',(0.,0.,1.));
#4343=DIRECTION('center_axis',(0.999902524009304,0.0139621803391453,0.));
#4344=DIRECTION('ref_axis',(-0.0139621803391453,0.999902524009304,0.));
#4345=DIRECTION('',(0.0139600542459038,-0.99975026369277,-0.0174507057647558));
#4346=DIRECTION('',(0.,0.,-1.));
#4347=DIRECTION('center_axis',(2.31296463463574E-16,-1.,0.));
#4348=DIRECTION('ref_axis',(1.,2.31296463463574E-16,0.));
#4349=DIRECTION('',(0.,0.,1.));
#4350=DIRECTION('',(-1.,-4.1065148600331E-18,2.35262078767487E-16));
#4351=DIRECTION('',(-1.,-2.11357060133608E-20,-1.51363506817244E-18));
#4352=DIRECTION('center_axis',(1.15648231731787E-16,-1.,0.));
#4353=DIRECTION('ref_axis',(1.,1.15648231731787E-16,0.));
#4354=DIRECTION('',(-1.,-1.15648231731787E-16,0.));
#4355=DIRECTION('',(0.,0.,-1.));
#4356=DIRECTION('',(1.,2.01818009089659E-19,1.44532108723383E-17));
#4357=DIRECTION('center_axis',(-1.44546198507284E-17,0.0139621803391453,
0.999902524009304));
#4358=DIRECTION('ref_axis',(0.,-0.999902524009304,0.0139621803391453));
#4359=DIRECTION('',(-0.707072315699929,0.707072315699929,-0.00987323358784546));
#4360=DIRECTION('center_axis',(1.44546198507284E-17,-0.0139621803391453,
-0.999902524009304));
#4361=DIRECTION('ref_axis',(0.,0.999902524009304,-0.0139621803391453));
#4362=DIRECTION('center_axis',(0.,0.,-1.));
#4363=DIRECTION('ref_axis',(-1.,0.,0.));
#4364=DIRECTION('',(0.,0.,-1.));
#4365=DIRECTION('center_axis',(1.93764176081097E-18,0.0139621803391453,
-0.999902524009304));
#4366=DIRECTION('ref_axis',(0.,0.999902524009304,0.0139621803391453));
#4367=DIRECTION('center_axis',(1.93764176081097E-18,0.0139621803391453,
-0.999902524009304));
#4368=DIRECTION('ref_axis',(0.,0.999902524009304,0.0139621803391453));
#4369=DIRECTION('',(0.707072315699929,-0.707072315699929,-0.00987323358784483));
#4370=DIRECTION('center_axis',(1.93764176081097E-18,0.0139621803391453,
-0.999902524009304));
#4371=DIRECTION('ref_axis',(0.,0.999902524009304,0.0139621803391453));
#4372=DIRECTION('center_axis',(0.,0.,1.));
#4373=DIRECTION('ref_axis',(1.,0.,0.));
#4374=DIRECTION('center_axis',(0.,0.,-1.));
#4375=DIRECTION('ref_axis',(1.,3.46944695195361E-15,0.));
#4376=DIRECTION('',(0.,0.,1.));
#4377=DIRECTION('center_axis',(0.,0.,1.));
#4378=DIRECTION('ref_axis',(1.,0.,0.));
#4379=DIRECTION('',(0.707106781186548,-0.707106781186547,0.));
#4380=DIRECTION('center_axis',(0.,0.,-1.));
#4381=DIRECTION('ref_axis',(-1.,0.,0.));
#4382=DIRECTION('center_axis',(0.,0.,-1.));
#4383=DIRECTION('ref_axis',(-1.,0.,0.));
#4384=DIRECTION('',(0.,0.,-1.));
#4385=DIRECTION('center_axis',(-1.51378262563357E-18,0.0139621803391453,
-0.999902524009304));
#4386=DIRECTION('ref_axis',(0.,0.999902524009304,0.0139621803391453));
#4387=DIRECTION('center_axis',(-1.51378262563357E-18,0.0139621803391453,
-0.999902524009304));
#4388=DIRECTION('ref_axis',(3.00926553810506E-36,0.999902524009304,0.0139621803391453));
#4389=DIRECTION('center_axis',(-1.51378262563357E-18,0.0139621803391453,
-0.999902524009304));
#4390=DIRECTION('ref_axis',(0.,0.999902524009304,0.0139621803391453));
#4391=DIRECTION('',(0.707072315699931,-0.707072315699927,-0.0098732335878431));
#4392=DIRECTION('center_axis',(0.,0.,1.));
#4393=DIRECTION('ref_axis',(1.,0.,0.));
#4394=DIRECTION('',(0.,0.,-1.));
#4395=DIRECTION('center_axis',(-1.51378262563357E-18,0.0139621803391453,
0.999902524009304));
#4396=DIRECTION('ref_axis',(0.,0.999902524009304,-0.0139621803391453));
#4397=DIRECTION('center_axis',(-1.51378262563357E-18,0.0139621803391453,
0.999902524009304));
#4398=DIRECTION('ref_axis',(-3.00926553810506E-36,-0.999902524009304,0.0139621803391453));
#4399=DIRECTION('',(-0.70707231569993,0.707072315699928,-0.00987323358784312));
#4400=DIRECTION('center_axis',(-1.51378262563357E-18,0.0139621803391453,
0.999902524009304));
#4401=DIRECTION('ref_axis',(0.,0.999902524009304,-0.0139621803391453));
#4402=DIRECTION('center_axis',(0.,0.,-1.));
#4403=DIRECTION('ref_axis',(-1.,0.,0.));
#4404=DIRECTION('',(0.,0.,-1.));
#4405=DIRECTION('center_axis',(2.35297915779751E-16,-0.01745240643728,0.999847695156391));
#4406=DIRECTION('ref_axis',(0.,0.999847695156391,0.01745240643728));
#4407=DIRECTION('center_axis',(2.35297915779751E-16,-0.01745240643728,0.999847695156391));
#4408=DIRECTION('ref_axis',(7.70371977754894E-34,-0.999847695156391,-0.01745240643728));
#4409=DIRECTION('',(0.707052927141246,-0.707052927141246,-0.0123416547509349));
#4410=DIRECTION('center_axis',(-0.707106781186547,-0.707106781186548,0.));
#4411=DIRECTION('ref_axis',(0.707106781186548,-0.707106781186547,0.));
#4412=DIRECTION('center_axis',(-0.707106781186547,-0.707106781186548,0.));
#4413=DIRECTION('ref_axis',(0.707106781186548,-0.707106781186547,0.));
#4414=DIRECTION('center_axis',(0.707106781186547,0.707106781186548,0.));
#4415=DIRECTION('ref_axis',(-0.697024436447974,0.697024436447974,0.168267257625386));
#4416=DIRECTION('center_axis',(0.707106781186547,0.707106781186548,0.));
#4417=DIRECTION('ref_axis',(-0.675803085510413,0.675803085510412,-0.294245440456113));
#4418=DIRECTION('',(-7.75330777779756E-16,7.75330777779756E-16,1.));
#4419=DIRECTION('center_axis',(-0.707106781186547,-0.707106781186548,0.));
#4420=DIRECTION('ref_axis',(-0.301308817982255,0.301308817982256,0.904668996048981));
#4421=DIRECTION('center_axis',(-0.707106781186547,-0.707106781186548,0.));
#4422=DIRECTION('ref_axis',(0.533073778895028,-0.533073778895029,-0.657011942440278));
#4423=DIRECTION('center_axis',(-0.707106781186547,-0.707106781186548,0.));
#4424=DIRECTION('ref_axis',(0.541642158853454,-0.541642158853454,0.642843327339671));
#4425=DIRECTION('center_axis',(-0.707106781186547,-0.707106781186548,0.));
#4426=DIRECTION('ref_axis',(-0.701665153763025,0.701665153763025,0.123822550407512));
#4427=DIRECTION('center_axis',(-0.707106781186547,-0.707106781186548,0.));
#4428=DIRECTION('ref_axis',(0.521489764825849,-0.521489764825848,0.675349428343403));
#4429=DIRECTION('center_axis',(-0.707106781186547,-0.707106781186548,0.));
#4430=DIRECTION('ref_axis',(0.361939310142968,-0.361939310142967,0.859069189033378));
#4431=DIRECTION('center_axis',(-0.707106781186547,-0.707106781186548,0.));
#4432=DIRECTION('ref_axis',(0.542206138293463,-0.542206138293462,0.641891741023189));
#4433=DIRECTION('center_axis',(-0.707106781186547,-0.707106781186548,0.));
#4434=DIRECTION('ref_axis',(0.484425584430805,-0.484425584430806,-0.728466681666186));
#4435=DIRECTION('center_axis',(-0.707106781186547,-0.707106781186548,0.));
#4436=DIRECTION('ref_axis',(0.529481736573665,-0.529481736573666,-0.662795731179577));
#4437=DIRECTION('',(-1.97163213272269E-16,1.97163213272269E-16,-1.));
#4438=DIRECTION('center_axis',(0.707106781186547,0.707106781186548,0.));
#4439=DIRECTION('ref_axis',(0.229135669467733,-0.229135669467732,0.946041061453015));
#4440=DIRECTION('center_axis',(0.707106781186547,0.707106781186548,0.));
#4441=DIRECTION('ref_axis',(-0.689231627257563,0.689231627257563,0.223426784374175));
#4442=DIRECTION('center_axis',(0.707106781186547,0.707106781186548,0.));
#4443=DIRECTION('ref_axis',(-0.693316909526182,0.693316909526182,-0.196528181007527));
#4444=DIRECTION('center_axis',(-0.707106781186547,-0.707106781186548,0.));
#4445=DIRECTION('ref_axis',(0.707106781186548,-0.707106781186547,0.));
#4446=DIRECTION('',(-0.707106781186547,-0.707106781186548,8.34111618675755E-16));
#4447=DIRECTION('',(-0.707106781186547,-0.707106781186548,8.34111618675755E-16));
#4448=DIRECTION('',(-0.707106781186547,-0.707106781186548,8.34111618675755E-16));
#4449=DIRECTION('',(-0.707106781186547,-0.707106781186548,8.34111618675755E-16));
#4450=DIRECTION('center_axis',(-0.707106781186547,-0.707106781186548,8.34111618675756E-16));
#4451=DIRECTION('ref_axis',(-0.701665153763025,0.701665153763025,0.123822550407512));
#4452=DIRECTION('',(-0.707106781186547,-0.707106781186548,8.34111618675755E-16));
#4453=DIRECTION('',(-0.707106781186547,-0.707106781186548,8.34111618675755E-16));
#4454=DIRECTION('',(-0.707106781186547,-0.707106781186548,8.34111618675755E-16));
#4455=DIRECTION('',(-0.707106781186547,-0.707106781186548,8.34111618675755E-16));
#4456=DIRECTION('',(-0.707106781186547,-0.707106781186548,8.34111618675755E-16));
#4457=DIRECTION('',(-0.707106781186547,-0.707106781186548,8.34111618675755E-16));
#4458=DIRECTION('',(-0.707106781186547,-0.707106781186548,8.34111618675755E-16));
#4459=DIRECTION('',(-0.707106781186547,-0.707106781186548,8.34111618675755E-16));
#4460=DIRECTION('',(-0.707106781186547,-0.707106781186548,8.34111618675755E-16));
#4461=DIRECTION('',(-0.707106781186547,-0.707106781186548,8.34111618675755E-16));
#4462=DIRECTION('',(-0.707106781186547,-0.707106781186548,8.34111618675755E-16));
#4463=DIRECTION('center_axis',(-0.707106781186547,-0.707106781186548,8.34111618675756E-16));
#4464=DIRECTION('ref_axis',(0.484425584430805,-0.484425584430806,-0.728466681666186));
#4465=DIRECTION('',(-0.707106781186547,-0.707106781186548,8.34111618675755E-16));
#4466=DIRECTION('',(-0.707106781186547,-0.707106781186548,8.34111618675755E-16));
#4467=DIRECTION('',(-0.707106781186547,-0.707106781186548,8.34111618675755E-16));
#4468=DIRECTION('center_axis',(-0.707106781186548,0.707106781186547,2.78830890210702E-16));
#4469=DIRECTION('ref_axis',(-0.707106781186547,-0.707106781186548,8.34111618675755E-16));
#4470=DIRECTION('',(-0.707106781186547,-0.707106781186548,8.34111618675755E-16));
#4471=DIRECTION('',(-0.707106781186547,-0.707106781186548,8.34111618675755E-16));
#4472=DIRECTION('',(-0.707106781186547,-0.707106781186548,8.34111618675755E-16));
#4473=DIRECTION('',(-0.707106781186547,-0.707106781186548,8.34111618675755E-16));
#4474=DIRECTION('',(-0.707106781186547,-0.707106781186548,8.34111618675755E-16));
#4475=DIRECTION('',(-0.707106781186547,-0.707106781186548,8.34111618675755E-16));
#4476=DIRECTION('',(-0.707106781186547,-0.707106781186548,8.34111618675755E-16));
#4477=DIRECTION('',(-0.707106781186547,-0.707106781186548,8.34111618675755E-16));
#4478=DIRECTION('',(-0.707106781186547,-0.707106781186548,8.34111618675755E-16));
#4479=DIRECTION('',(-0.707106781186547,-0.707106781186548,8.34111618675755E-16));
#4480=DIRECTION('',(-0.707106781186547,-0.707106781186548,8.34111618675755E-16));
#4481=DIRECTION('',(-0.707106781186547,-0.707106781186548,8.34111618675755E-16));
#4482=DIRECTION('',(-0.707106781186547,-0.707106781186548,8.34111618675755E-16));
#4483=DIRECTION('',(-0.707106781186547,-0.707106781186548,8.34111618675755E-16));
#4484=DIRECTION('',(-0.707106781186547,-0.707106781186548,8.34111618675755E-16));
#4485=DIRECTION('',(-0.707106781186547,-0.707106781186548,8.34111618675755E-16));
#4486=DIRECTION('center_axis',(0.707106781186548,-0.707106781186547,1.09648330126141E-15));
#4487=DIRECTION('ref_axis',(0.707106781186547,0.707106781186548,-8.34111618675755E-16));
#4488=DIRECTION('',(-0.707106781186547,-0.707106781186548,8.34111618675755E-16));
#4489=DIRECTION('center_axis',(-0.707106781186547,-0.707106781186548,8.34111618675756E-16));
#4490=DIRECTION('ref_axis',(-0.301308817982255,0.301308817982256,0.904668996048981));
#4491=DIRECTION('',(-0.707106781186547,-0.707106781186548,8.34111618675755E-16));
#4492=DIRECTION('',(-0.707106781186547,-0.707106781186548,8.34111618675755E-16));
#4493=DIRECTION('',(-0.707106781186547,-0.707106781186548,8.34111618675755E-16));
#4494=DIRECTION('',(-0.707106781186547,-0.707106781186548,8.34111618675755E-16));
#4495=DIRECTION('',(-0.707106781186547,-0.707106781186548,8.34111618675755E-16));
#4496=DIRECTION('',(-0.707106781186547,-0.707106781186548,8.34111618675755E-16));
#4497=DIRECTION('',(-0.707106781186547,-0.707106781186548,8.34111618675755E-16));
#4498=DIRECTION('',(-0.707106781186547,-0.707106781186548,8.34111618675755E-16));
#4499=DIRECTION('',(-0.707106781186547,-0.707106781186548,8.34111618675755E-16));
#4500=DIRECTION('',(-0.707106781186547,-0.707106781186548,8.34111618675755E-16));
#4501=DIRECTION('',(-0.707106781186547,-0.707106781186548,8.34111618675755E-16));
#4502=DIRECTION('',(-0.707106781186547,-0.707106781186548,8.34111618675755E-16));
#4503=DIRECTION('',(-0.707106781186547,-0.707106781186548,8.34111618675755E-16));
#4504=DIRECTION('',(-0.707106781186547,-0.707106781186548,8.34111618675755E-16));
#4505=DIRECTION('',(-4.16333634234434E-16,0.,1.));
#4506=DIRECTION('',(-4.16333634234434E-16,0.,1.));
#4507=DIRECTION('',(-4.16333634234434E-16,0.,1.));
#4508=DIRECTION('',(-4.16333634234434E-16,0.,1.));
#4509=DIRECTION('',(-4.16333634234434E-16,0.,1.));
#4510=DIRECTION('',(-4.16333634234434E-16,0.,1.));
#4511=DIRECTION('',(-4.16333634234434E-16,0.,1.));
#4512=DIRECTION('',(-4.16333634234434E-16,0.,1.));
#4513=DIRECTION('',(-4.16333634234434E-16,0.,1.));
#4514=DIRECTION('',(-4.16333634234434E-16,0.,1.));
#4515=DIRECTION('',(-4.16333634234434E-16,0.,1.));
#4516=DIRECTION('',(-4.16333634234434E-16,0.,1.));
#4517=DIRECTION('center_axis',(4.16333634234434E-16,0.,-1.));
#4518=DIRECTION('ref_axis',(0.168267257625386,0.985741411330189,7.00553188898385E-17));
#4519=DIRECTION('',(-4.16333634234434E-16,0.,1.));
#4520=DIRECTION('center_axis',(4.16333634234434E-16,0.,-1.));
#4521=DIRECTION('ref_axis',(0.168267257625386,0.985741411330189,7.00553188898385E-17));
#4522=DIRECTION('',(-4.16333634234434E-16,0.,1.));
#4523=DIRECTION('',(-4.16333634234434E-16,0.,1.));
#4524=DIRECTION('',(-4.16333634234434E-16,0.,1.));
#4525=DIRECTION('center_axis',(4.16333634234434E-16,0.,-1.));
#4526=DIRECTION('ref_axis',(-0.196528181007528,0.980498176474527,-8.18212918283466E-17));
#4527=DIRECTION('',(-4.16333634234434E-16,0.,1.));
#4528=DIRECTION('center_axis',(4.16333634234434E-16,0.,-1.));
#4529=DIRECTION('ref_axis',(-0.196528181007528,0.980498176474527,-8.18212918283466E-17));
#4530=DIRECTION('',(-4.16333634234434E-16,0.,1.));
#4531=DIRECTION('center_axis',(4.16333634234434E-16,0.,-1.));
#4532=DIRECTION('ref_axis',(0.223426784374175,0.974720714884123,9.30200851238135E-17));
#4533=DIRECTION('',(-4.16333634234434E-16,0.,1.));
#4534=DIRECTION('center_axis',(4.16333634234434E-16,0.,-1.));
#4535=DIRECTION('ref_axis',(0.223426784374175,0.974720714884123,9.30200851238135E-17));
#4536=DIRECTION('',(-4.16333634234434E-16,0.,1.));
#4537=DIRECTION('',(-4.16333634234434E-16,0.,1.));
#4538=DIRECTION('',(-4.16333634234434E-16,0.,1.));
#4539=DIRECTION('center_axis',(4.16333634234434E-16,0.,-1.));
#4540=DIRECTION('ref_axis',(0.946041061453016,-0.324046771384705,3.93868713249735E-16));
#4541=DIRECTION('',(-4.16333634234434E-16,0.,1.));
#4542=DIRECTION('center_axis',(4.16333634234434E-16,0.,-1.));
#4543=DIRECTION('ref_axis',(0.946041061453016,-0.324046771384705,3.93868713249735E-16));
#4544=DIRECTION('',(-4.16333634234434E-16,0.,1.));
#4545=DIRECTION('center_axis',(0.,1.,0.));
#4546=DIRECTION('ref_axis',(-1.,0.,-4.16333634234434E-16));
#4547=DIRECTION('',(-1.,0.,-4.16333634234434E-16));
#4548=DIRECTION('',(-4.16333634234434E-16,0.,1.));
#4549=DIRECTION('',(-1.,0.,-4.16333634234434E-16));
#4550=DIRECTION('',(-4.16333634234434E-16,0.,1.));
#4551=DIRECTION('center_axis',(-4.16333634234434E-16,0.,1.));
#4552=DIRECTION('ref_axis',(-0.662795731179577,-0.748800252891336,-2.75944155517062E-16));
#4553=DIRECTION('',(-4.16333634234434E-16,0.,1.));
#4554=DIRECTION('center_axis',(-4.16333634234434E-16,0.,1.));
#4555=DIRECTION('ref_axis',(-0.662795731179577,-0.748800252891336,-2.75944155517062E-16));
#4556=DIRECTION('center_axis',(-4.16333634234434E-16,0.,1.));
#4557=DIRECTION('ref_axis',(-0.728466681666186,-0.685081231462559,-3.03285180996781E-16));
#4558=DIRECTION('center_axis',(-4.16333634234434E-16,0.,1.));
#4559=DIRECTION('ref_axis',(-0.728466681666186,-0.685081231462559,-3.03285180996781E-16));
#4560=DIRECTION('',(-4.16333634234434E-16,0.,1.));
#4561=DIRECTION('center_axis',(-4.16333634234434E-16,0.,1.));
#4562=DIRECTION('ref_axis',(-0.728466681666186,-0.685081231462559,-3.03285180996781E-16));
#4563=DIRECTION('',(-4.16333634234434E-16,0.,1.));
#4564=DIRECTION('',(-4.16333634234434E-16,0.,1.));
#4565=DIRECTION('center_axis',(-4.16333634234434E-16,0.,1.));
#4566=DIRECTION('ref_axis',(0.64189174102319,-0.766795274376557,2.67241121325252E-16));
#4567=DIRECTION('',(-4.16333634234434E-16,0.,1.));
#4568=DIRECTION('center_axis',(-4.16333634234434E-16,0.,1.));
#4569=DIRECTION('ref_axis',(0.64189174102319,-0.766795274376557,2.67241121325252E-16));
#4570=DIRECTION('',(-4.16333634234434E-16,0.,1.));
#4571=DIRECTION('',(-4.16333634234434E-16,0.,1.));
#4572=DIRECTION('',(-4.16333634234434E-16,0.,1.));
#4573=DIRECTION('center_axis',(-4.16333634234434E-16,0.,1.));
#4574=DIRECTION('ref_axis',(0.859069189033378,-0.511859481160146,3.57659397529094E-16));
#4575=DIRECTION('',(-4.16333634234434E-16,0.,1.));
#4576=DIRECTION('center_axis',(-4.16333634234434E-16,0.,1.));
#4577=DIRECTION('ref_axis',(0.859069189033378,-0.511859481160146,3.57659397529094E-16));
#4578=DIRECTION('',(-4.16333634234434E-16,0.,1.));
#4579=DIRECTION('center_axis',(-4.16333634234434E-16,0.,1.));
#4580=DIRECTION('ref_axis',(0.675349428343404,-0.737497898055471,2.81170681880356E-16));
#4581=DIRECTION('',(-4.16333634234434E-16,0.,1.));
#4582=DIRECTION('center_axis',(-4.16333634234434E-16,0.,1.));
#4583=DIRECTION('ref_axis',(0.675349428343404,-0.737497898055471,2.81170681880356E-16));
#4584=DIRECTION('center_axis',(-4.16333634234434E-16,0.,1.));
#4585=DIRECTION('ref_axis',(0.123822550407512,0.992304376696273,5.15514924113357E-17));
#4586=DIRECTION('center_axis',(-4.16333634234434E-16,0.,1.));
#4587=DIRECTION('ref_axis',(0.123822550407512,0.992304376696273,5.15514924113357E-17));
#4588=DIRECTION('',(-4.16333634234434E-16,0.,1.));
#4589=DIRECTION('center_axis',(-4.16333634234434E-16,0.,1.));
#4590=DIRECTION('ref_axis',(0.123822550407512,0.992304376696273,5.15514924113357E-17));
#4591=DIRECTION('',(-4.16333634234434E-16,0.,1.));
#4592=DIRECTION('',(-4.16333634234434E-16,0.,1.));
#4593=DIRECTION('center_axis',(-4.16333634234434E-16,0.,1.));
#4594=DIRECTION('ref_axis',(0.642843327339671,-0.765997687003597,2.67637298714681E-16));
#4595=DIRECTION('',(-4.16333634234434E-16,0.,1.));
#4596=DIRECTION('center_axis',(-4.16333634234434E-16,0.,1.));
#4597=DIRECTION('ref_axis',(0.642843327339671,-0.765997687003597,2.67637298714681E-16));
#4598=DIRECTION('center_axis',(-4.16333634234434E-16,0.,1.));
#4599=DIRECTION('ref_axis',(-0.657011942440278,-0.753880167858827,-2.73536169731585E-16));
#4600=DIRECTION('',(-4.16333634234434E-16,0.,1.));
#4601=DIRECTION('center_axis',(-4.16333634234434E-16,0.,1.));
#4602=DIRECTION('ref_axis',(-0.657011942440278,-0.753880167858827,-2.73536169731585E-16));
#4603=DIRECTION('',(-4.16333634234434E-16,0.,1.));
#4604=DIRECTION('center_axis',(-4.16333634234434E-16,0.,1.));
#4605=DIRECTION('ref_axis',(0.904668996048981,0.426115016853113,3.76644130904289E-16));
#4606=DIRECTION('center_axis',(-4.16333634234434E-16,0.,1.));
#4607=DIRECTION('ref_axis',(0.904668996048981,0.426115016853113,3.76644130904289E-16));
#4608=DIRECTION('',(-4.16333634234434E-16,0.,1.));
#4609=DIRECTION('center_axis',(-4.16333634234434E-16,0.,1.));
#4610=DIRECTION('ref_axis',(0.904668996048981,0.426115016853113,3.76644130904289E-16));
#4611=DIRECTION('center_axis',(1.37531419147211E-15,-1.,5.72589555549776E-31));
#4612=DIRECTION('ref_axis',(1.,1.37531419147211E-15,4.16333634234434E-16));
#4613=DIRECTION('',(1.,1.37531419147211E-15,4.16333634234434E-16));
#4614=DIRECTION('',(-4.16333634234434E-16,0.,1.));
#4615=DIRECTION('',(1.,1.37531419147211E-15,4.16333634234434E-16));
#4616=DIRECTION('',(-4.16333634234434E-16,0.,1.));
#4617=DIRECTION('center_axis',(4.16333634234434E-16,0.,-1.));
#4618=DIRECTION('ref_axis',(-0.294245440456114,0.95572988902241,-1.22504273582005E-16));
#4619=DIRECTION('center_axis',(4.16333634234434E-16,0.,-1.));
#4620=DIRECTION('ref_axis',(-0.294245440456114,0.95572988902241,-1.22504273582005E-16));
#4621=DIRECTION('center_axis',(-4.16333634234434E-16,0.,1.));
#4622=DIRECTION('ref_axis',(1.,0.,4.16333634234434E-16));
#4623=DIRECTION('center_axis',(-4.16333634234434E-16,0.,1.));
#4624=DIRECTION('ref_axis',(1.,0.,4.16333634234434E-16));
#4625=DIRECTION('center_axis',(-1.,0.,0.));
#4626=DIRECTION('ref_axis',(0.,0.,1.));
#4627=DIRECTION('',(0.,0.,-1.));
#4628=DIRECTION('',(0.,-1.,0.));
#4629=DIRECTION('',(0.,3.23610187670699E-64,1.));
#4630=DIRECTION('',(0.,1.,0.));
#4631=DIRECTION('center_axis',(0.,-1.,0.));
#4632=DIRECTION('ref_axis',(0.,0.,-1.));
#4633=DIRECTION('',(1.,0.,0.));
#4634=DIRECTION('',(-1.,0.,0.));
#4635=DIRECTION('',(1.18239204784422E-16,0.,1.));
#4636=DIRECTION('center_axis',(0.,0.,-1.));
#4637=DIRECTION('ref_axis',(1.,6.07716335728632E-63,0.));
#4638=DIRECTION('',(0.,-1.,0.));
#4639=DIRECTION('',(-1.,0.,0.));
#4640=DIRECTION('center_axis',(-4.22100102864528E-16,0.,1.));
#4641=DIRECTION('ref_axis',(-1.,-1.53759138829409E-48,-4.22100102864528E-16));
#4642=DIRECTION('',(-1.,-1.53759138829409E-48,-4.22100102864528E-16));
#4643=DIRECTION('',(0.,-1.,0.));
#4644=DIRECTION('center_axis',(1.,0.,-1.18239204784422E-16));
#4645=DIRECTION('ref_axis',(1.18239204784422E-16,-1.76752779992106E-49,
1.));
#4646=DIRECTION('',(1.18239204784422E-16,-1.76752779992106E-49,1.));
#4647=DIRECTION('center_axis',(0.,-1.,0.));
#4648=DIRECTION('ref_axis',(0.,0.,-1.));
#4649=DIRECTION('',(0.,0.,1.));
#4650=DIRECTION('',(1.,0.,0.));
#4651=CARTESIAN_POINT('',(0.,0.,0.));
#4652=CARTESIAN_POINT('',(0.,0.,0.));
#4653=CARTESIAN_POINT('Origin',(-7.06853751589766,16.3614307347111,22.0884286464677));
#4654=CARTESIAN_POINT('',(-8.35502333426703,17.6479165530805,29.33817690029));
#4655=CARTESIAN_POINT('',(-9.8771230422058,19.1700162610192,24.4489520980175));
#4656=CARTESIAN_POINT('Origin',(-6.57451904648518,15.8674122652986,25.0073162236442));
#4657=CARTESIAN_POINT('Ctrl Pts',(-8.35502333426703,17.6479165530805,29.33817690029));
#4658=CARTESIAN_POINT('Ctrl Pts',(-8.3576953770277,17.6505885958412,29.3356152833924));
#4659=CARTESIAN_POINT('Ctrl Pts',(-8.35669336099248,17.6495865798059,29.3370323480592));
#4660=CARTESIAN_POINT('Ctrl Pts',(-8.35502333426703,17.6479165530805,29.33817690029));
#4661=CARTESIAN_POINT('',(-7.91560076373718,17.2084939825506,29.5719925703034));
#4662=CARTESIAN_POINT('Origin',(-7.10841838050357,16.401311599317,25.5952899196066));
#4663=CARTESIAN_POINT('',(-7.91560076373718,17.2084939825506,27.755679017447));
#4664=CARTESIAN_POINT('',(-7.91560076373718,17.2084939825506,24.9220538319573));
#4665=CARTESIAN_POINT('',(-8.88607902663716,18.1789722454506,25.898990200786));
#4666=CARTESIAN_POINT('Ctrl Pts',(-8.88607902663716,18.1789722454506,25.898990200786));
#4667=CARTESIAN_POINT('Ctrl Pts',(-8.81407468629835,18.1069679051118,26.7355349596066));
#4668=CARTESIAN_POINT('Ctrl Pts',(-8.42801109469181,17.7209043135053,27.4014693077723));
#4669=CARTESIAN_POINT('Ctrl Pts',(-7.91560076373718,17.2084939825506,27.755679017447));
#4670=CARTESIAN_POINT('',(-8.68741003805852,17.980303256872,24.513198882483));
#4671=CARTESIAN_POINT('Origin',(-6.18051435791949,15.4734075767329,26.116293907969));
#4672=CARTESIAN_POINT('',(-7.99565927568075,17.2885524944942,23.5619851411805));
#4673=CARTESIAN_POINT('Origin',(-7.12533597317983,16.4182291919933,25.5278332256975));
#4674=CARTESIAN_POINT('',(-7.05155462873631,16.3444478475498,23.0340922178254));
#4675=CARTESIAN_POINT('Ctrl Pts',(-7.05155462873631,16.3444478475498,23.0340922178254));
#4676=CARTESIAN_POINT('Ctrl Pts',(-7.38694738063346,16.6798405994469,23.169948750876));
#4677=CARTESIAN_POINT('Ctrl Pts',(-7.7063849541234,16.9992781729368,23.3150707067475));
#4678=CARTESIAN_POINT('Ctrl Pts',(-7.99565927568075,17.2885524944942,23.5619851411805));
#4679=CARTESIAN_POINT('',(-6.17186162795444,15.4647548467679,23.5410743535981));
#4680=CARTESIAN_POINT('Ctrl Pts',(-6.17186162795444,15.4647548467679,23.5410743535981));
#4681=CARTESIAN_POINT('Ctrl Pts',(-6.16849588178478,15.4613891005982,23.5379858793244));
#4682=CARTESIAN_POINT('Ctrl Pts',(-6.32894691101703,15.6218401298305,23.3293503583894));
#4683=CARTESIAN_POINT('Ctrl Pts',(-7.05155462873631,16.3444478475498,23.0340922178254));
#4684=CARTESIAN_POINT('',(-5.7977242560281,15.0906174748416,23.9077852548585));
#4685=CARTESIAN_POINT('Origin',(-6.99762146720068,16.2905146860141,25.3123021670107));
#4686=CARTESIAN_POINT('',(-5.7074585093997,15.0003517282131,24.0283233168253));
#4687=CARTESIAN_POINT('Ctrl Pts',(-5.70745850936499,15.0003517281784,24.0283233167977));
#4688=CARTESIAN_POINT('Ctrl Pts',(-5.7244876959681,15.0173809147815,24.0057771289527));
#4689=CARTESIAN_POINT('Ctrl Pts',(-5.74225411674557,15.035147335559,23.9821688819386));
#4690=CARTESIAN_POINT('Ctrl Pts',(-5.75878579849828,15.0516790173117,23.9603602509811));
#4691=CARTESIAN_POINT('Ctrl Pts',(-5.76996000897673,15.0628532277902,23.9456192079214));
#4692=CARTESIAN_POINT('Ctrl Pts',(-5.78251168523013,15.0754049040436,23.9276170134141));
#4693=CARTESIAN_POINT('Ctrl Pts',(-5.7977242560281,15.0906174748416,23.9077852548585));
#4694=CARTESIAN_POINT('',(-5.26084920289166,14.5537424217051,25.2872250379548));
#4695=CARTESIAN_POINT('Origin',(-8.33755425833061,17.6304474771441,26.116682153132));
#4696=CARTESIAN_POINT('',(-5.26001062653511,14.5529038453486,25.299907918976));
#4697=CARTESIAN_POINT('Ctrl Pts',(-5.26001634851982,14.5529095673333,25.2996709264044));
#4698=CARTESIAN_POINT('Ctrl Pts',(-5.26028545970025,14.5531786785137,25.2926887555479));
#4699=CARTESIAN_POINT('Ctrl Pts',(-5.2605556885302,14.5534489073436,25.2899404313941));
#4700=CARTESIAN_POINT('Ctrl Pts',(-5.26084920289166,14.5537424217051,25.2872250379548));
#4701=CARTESIAN_POINT('',(-5.25997565045072,14.5528688692642,25.3007598222718));
#4702=CARTESIAN_POINT('Ctrl Pts',(-5.25997565045072,14.5528688692642,25.3007598222718));
#4703=CARTESIAN_POINT('Ctrl Pts',(-5.25990701983491,14.5528002386484,25.2995119292304));
#4704=CARTESIAN_POINT('Ctrl Pts',(-5.25991321644461,14.5528064352581,25.2989809780518));
#4705=CARTESIAN_POINT('Ctrl Pts',(-5.25993855966206,14.5528317784755,25.298891363739));
#4706=CARTESIAN_POINT('Ctrl Pts',(-5.25996390287952,14.552857121693,25.2988017494263));
#4707=CARTESIAN_POINT('Ctrl Pts',(-5.26000839270473,14.5529016115182,25.2991534719795));
#4708=CARTESIAN_POINT('Ctrl Pts',(-5.26001634851995,14.5529095673334,25.2996709264018));
#4709=CARTESIAN_POINT('',(-5.25126581875977,14.5441590375732,25.4102734865174));
#4710=CARTESIAN_POINT('Ctrl Pts',(-5.25126581875977,14.5441590375732,25.4102734865174));
#4711=CARTESIAN_POINT('Ctrl Pts',(-5.25465725764826,14.5475504764617,25.373629647635));
#4712=CARTESIAN_POINT('Ctrl Pts',(-5.25660990428106,14.5495031230945,25.3367859662995));
#4713=CARTESIAN_POINT('Ctrl Pts',(-5.25997565045072,14.5528688692642,25.3007598222718));
#4714=CARTESIAN_POINT('',(-5.24606509768001,14.5389583164935,25.4701988027181));
#4715=CARTESIAN_POINT('Ctrl Pts',(-5.24606480847065,14.5389580272841,25.470198779808));
#4716=CARTESIAN_POINT('Ctrl Pts',(-5.24702716315509,14.5399203819685,25.4459018630258));
#4717=CARTESIAN_POINT('Ctrl Pts',(-5.24960427407893,14.5424974928924,25.4282944840949));
#4718=CARTESIAN_POINT('Ctrl Pts',(-5.25126581875977,14.5441590375732,25.4102734865174));
#4719=CARTESIAN_POINT('',(-5.24605019683277,14.5389434156462,25.4705714048371));
#4720=CARTESIAN_POINT('Ctrl Pts',(-5.24605019683277,14.5389434156462,25.4705714048371));
#4721=CARTESIAN_POINT('Ctrl Pts',(-5.24600193935961,14.5388951581731,25.468686098782));
#4722=CARTESIAN_POINT('Ctrl Pts',(-5.24602166176032,14.5389148805738,25.4681186852941));
#4723=CARTESIAN_POINT('Ctrl Pts',(-5.24604552227184,14.5389387410853,25.4682597346347));
#4724=CARTESIAN_POINT('Ctrl Pts',(-5.24606938278336,14.5389626015968,25.4684007839753));
#4725=CARTESIAN_POINT('Ctrl Pts',(-5.24609738140568,14.5389906002191,25.4692502961445));
#4726=CARTESIAN_POINT('Ctrl Pts',(-5.24606567637574,14.5389588951892,25.4701988414038));
#4727=CARTESIAN_POINT('',(-5.24258167978775,14.5354748986012,25.6243955911622));
#4728=CARTESIAN_POINT('Origin',(-5.84779851813435,15.1406917369478,24.6724446438653));
#4729=CARTESIAN_POINT('',(-6.1335794768646,15.4264726956781,27.6892586530671));
#4730=CARTESIAN_POINT('Ctrl Pts',(-6.1335794768646,15.4264726956781,27.6892586530671));
#4731=CARTESIAN_POINT('Ctrl Pts',(-5.61247975310344,14.9053729719169,27.278455239676));
#4732=CARTESIAN_POINT('Ctrl Pts',(-5.24258167978775,14.5354748986012,26.5332972349152));
#4733=CARTESIAN_POINT('Ctrl Pts',(-5.24258167978775,14.5354748986012,25.6243955911622));
#4734=CARTESIAN_POINT('',(-6.1335794768646,15.4264726956781,29.541216832541));
#4735=CARTESIAN_POINT('',(-6.1335794768646,15.4264726956781,25.8148227395043));
#4736=CARTESIAN_POINT('',(-4.17666752102592,13.4695607398394,26.2179893189394));
#4737=CARTESIAN_POINT('Ctrl Pts',(-4.17666752102593,13.4695607398394,26.2179893189394));
#4738=CARTESIAN_POINT('Ctrl Pts',(-4.23608476361138,13.5289779824248,26.8693768282118));
#4739=CARTESIAN_POINT('Ctrl Pts',(-4.40236627442411,13.6952594932376,27.5021039271275));
#4740=CARTESIAN_POINT('Ctrl Pts',(-4.66594491340034,13.9588381322138,28.0352769919548));
#4741=CARTESIAN_POINT('Ctrl Pts',(-5.01738309870197,14.3102763175154,28.7461744117246));
#4742=CARTESIAN_POINT('Ctrl Pts',(-5.54179395629424,14.8346871751077,29.2800868820041));
#4743=CARTESIAN_POINT('Ctrl Pts',(-6.1335794768646,15.4264726956781,29.541216832541));
#4744=CARTESIAN_POINT('',(-5.0546394413836,14.347532660197,22.6107895673738));
#4745=CARTESIAN_POINT('Origin',(-7.64525052287181,16.9381437416853,26.3811130161451));
#4746=CARTESIAN_POINT('',(-5.4548806156638,14.7477738344773,22.1714813531861));
#4747=CARTESIAN_POINT('Origin',(-6.88994027888538,16.1828334976988,25.370667562928));
#4748=CARTESIAN_POINT('',(-5.0646869257492,14.3575801445627,21.7476484256285));
#4749=CARTESIAN_POINT('Ctrl Pts',(-5.0646869257492,14.3575801445627,21.7476484256285));
#4750=CARTESIAN_POINT('Ctrl Pts',(-5.18788438479949,14.4807776036129,21.9071248369662));
#4751=CARTESIAN_POINT('Ctrl Pts',(-5.31711735382865,14.6100105726421,22.0480252552901));
#4752=CARTESIAN_POINT('Ctrl Pts',(-5.4548806156638,14.7477738344773,22.1714813531861));
#4753=CARTESIAN_POINT('',(-4.98848069033904,14.2813739091525,21.6435702623353));
#4754=CARTESIAN_POINT('Ctrl Pts',(-4.98848069033904,14.2813739091525,21.6435702623353));
#4755=CARTESIAN_POINT('Ctrl Pts',(-4.99707362729065,14.2899668461041,21.6564449762749));
#4756=CARTESIAN_POINT('Ctrl Pts',(-5.00645289027142,14.2993461090849,21.6681981422703));
#4757=CARTESIAN_POINT('Ctrl Pts',(-5.01545346851182,14.3083466873253,21.6804817893296));
#4758=CARTESIAN_POINT('Ctrl Pts',(-5.03184341585784,14.3247366346713,21.7028501664652));
#4759=CARTESIAN_POINT('Ctrl Pts',(-5.04827509759571,14.3411683164092,21.725258151813));
#4760=CARTESIAN_POINT('Ctrl Pts',(-5.0646869257492,14.3575801445626,21.7476484256285));
#4761=CARTESIAN_POINT('',(-4.26110979848351,13.554003017297,19.876719970867));
#4762=CARTESIAN_POINT('Origin',(-8.12224642607001,17.4151396448835,17.4576704774468));
#4763=CARTESIAN_POINT('',(-4.26106843419441,13.5539616530079,19.8765087903962));
#4764=CARTESIAN_POINT('Ctrl Pts',(-4.26106843419441,13.5539616530079,19.8765087903962));
#4765=CARTESIAN_POINT('Ctrl Pts',(-4.26115429594559,13.554047514759,19.8768123575287));
#4766=CARTESIAN_POINT('Ctrl Pts',(-4.26126056754872,13.5541537863622,19.877195875608));
#4767=CARTESIAN_POINT('Ctrl Pts',(-4.26135595463728,13.5542491734507,19.8775754705507));
#4768=CARTESIAN_POINT('Ctrl Pts',(-4.26138444580266,13.5542776646161,19.8776917955686));
#4769=CARTESIAN_POINT('Ctrl Pts',(-4.26140471519763,13.5542979340111,19.8777928956936));
#4770=CARTESIAN_POINT('Ctrl Pts',(-4.26140969006433,13.5543029088778,19.877819299546));
#4771=CARTESIAN_POINT('Ctrl Pts',(-4.26141218454986,13.5543054033633,19.8778419306468));
#4772=CARTESIAN_POINT('Ctrl Pts',(-4.26141264716171,13.5543058659752,19.8778474133137));
#4773=CARTESIAN_POINT('Ctrl Pts',(-4.2614120751234,13.5543052939368,19.8778623400483));
#4774=CARTESIAN_POINT('Ctrl Pts',(-4.26140729441152,13.554300513225,19.8778549189123));
#4775=CARTESIAN_POINT('Ctrl Pts',(-4.26136744622025,13.5542606650337,19.8777764065449));
#4776=CARTESIAN_POINT('Ctrl Pts',(-4.26122626982187,13.5541194886353,19.8772938343145));
#4777=CARTESIAN_POINT('Ctrl Pts',(-4.26110946435885,13.5540026831723,19.8767201069162));
#4778=CARTESIAN_POINT('',(-4.17591839415779,13.4688116129712,19.2741282207223));
#4779=CARTESIAN_POINT('Ctrl Pts',(-4.17591839415779,13.4688116129712,19.2741282207223));
#4780=CARTESIAN_POINT('Ctrl Pts',(-4.17869423078131,13.4715874495948,19.3018632618255));
#4781=CARTESIAN_POINT('Ctrl Pts',(-4.18096040267298,13.4738536214864,19.3245890439369));
#4782=CARTESIAN_POINT('Ctrl Pts',(-4.18274252553587,13.4756357443493,19.3422740422051));
#4783=CARTESIAN_POINT('Ctrl Pts',(-4.19066250366133,13.4835557224748,19.420868398604));
#4784=CARTESIAN_POINT('Ctrl Pts',(-4.19359294723019,13.4864861660436,19.4446586275819));
#4785=CARTESIAN_POINT('Ctrl Pts',(-4.19739648804432,13.4902897068578,19.4747739413265));
#4786=CARTESIAN_POINT('Ctrl Pts',(-4.20120002885845,13.4940932476719,19.504889255071));
#4787=CARTESIAN_POINT('Ctrl Pts',(-4.20587666691785,13.4987698857313,19.5413296535823));
#4788=CARTESIAN_POINT('Ctrl Pts',(-4.21074103252417,13.5036342513376,19.5765355783667));
#4789=CARTESIAN_POINT('Ctrl Pts',(-4.2253341293431,13.5182273481565,19.6821533527198));
#4790=CARTESIAN_POINT('Ctrl Pts',(-4.24161677408425,13.5345099928977,19.7766608635307));
#4791=CARTESIAN_POINT('Ctrl Pts',(-4.26106843419441,13.5539616530079,19.8765087903962));
#4792=CARTESIAN_POINT('',(-4.15042502657514,13.4433182453886,18.615120413918));
#4793=CARTESIAN_POINT('Ctrl Pts',(-4.15042502657514,13.4433182453886,18.6151204139177));
#4794=CARTESIAN_POINT('Ctrl Pts',(-4.15082842729724,13.4437216461107,18.6705475466346));
#4795=CARTESIAN_POINT('Ctrl Pts',(-4.15115343588718,13.4440466547006,18.7159836290392));
#4796=CARTESIAN_POINT('Ctrl Pts',(-4.15144091076,13.4443341295734,18.7542828671729));
#4797=CARTESIAN_POINT('Ctrl Pts',(-4.15205347103288,13.4449466898463,18.8358920580302));
#4798=CARTESIAN_POINT('Ctrl Pts',(-4.15322562857176,13.4461188473852,18.8800654728232));
#4799=CARTESIAN_POINT('Ctrl Pts',(-4.15455119579666,13.4474444146101,18.9201002231194));
#4800=CARTESIAN_POINT('Ctrl Pts',(-4.15720233024647,13.4500955490599,19.0001697237119));
#4801=CARTESIAN_POINT('Ctrl Pts',(-4.16046710344036,13.4533603222538,19.0636845663175));
#4802=CARTESIAN_POINT('Ctrl Pts',(-4.16395850570173,13.4568517245152,19.1185504345421));
#4803=CARTESIAN_POINT('Ctrl Pts',(-4.16744990796311,13.4603431267766,19.1734163027666));
#4804=CARTESIAN_POINT('Ctrl Pts',(-4.17116793929197,13.4640611581054,19.2196331966101));
#4805=CARTESIAN_POINT('Ctrl Pts',(-4.17404723236939,13.4669404511828,19.2526344705488));
#4806=CARTESIAN_POINT('Ctrl Pts',(-4.17472470920445,13.4676179280179,19.2603994316069));
#4807=CARTESIAN_POINT('Ctrl Pts',(-4.17535026023414,13.4682434790476,19.267597529812));
#4808=CARTESIAN_POINT('Ctrl Pts',(-4.17591839415779,13.4688116129712,19.2741282207223));
#4809=CARTESIAN_POINT('',(-7.06897429211816,16.3618675109316,14.6048647226319));
#4810=CARTESIAN_POINT('Ctrl Pts',(-7.06897429211816,16.3618675109316,14.6048647226319));
#4811=CARTESIAN_POINT('Ctrl Pts',(-6.46451786226998,15.7574110810834,14.6048647226319));
#4812=CARTESIAN_POINT('Ctrl Pts',(-5.85780104933863,15.1506942681521,14.8540469111747));
#4813=CARTESIAN_POINT('Ctrl Pts',(-5.36342024297895,14.6563134617924,15.3288685609539));
#4814=CARTESIAN_POINT('Ctrl Pts',(-5.11622983979911,14.4091230586126,15.5662793858435));
#4815=CARTESIAN_POINT('Ctrl Pts',(-4.89712343826218,14.1900166570756,15.8601000760421));
#4816=CARTESIAN_POINT('Ctrl Pts',(-4.71737623446915,14.0102694532826,16.2043481467396));
#4817=CARTESIAN_POINT('Ctrl Pts',(-4.53762903067613,13.8305222494896,16.5485962174371));
#4818=CARTESIAN_POINT('Ctrl Pts',(-4.397241024627,13.6901342434404,16.9432716686334));
#4819=CARTESIAN_POINT('Ctrl Pts',(-4.30517429557583,13.5980675143893,17.3261855067878));
#4820=CARTESIAN_POINT('Ctrl Pts',(-4.21310756652465,13.5060007853381,17.7090993449422));
#4821=CARTESIAN_POINT('Ctrl Pts',(-4.16936211447142,13.4622553332849,18.0802515700548));
#4822=CARTESIAN_POINT('Ctrl Pts',(-4.15492291468668,13.4478161335001,18.4836946225551));
#4823=CARTESIAN_POINT('Ctrl Pts',(-4.15337999992338,13.4462732187368,18.5268049230659));
#4824=CARTESIAN_POINT('Ctrl Pts',(-4.15193526744837,13.4448284862618,18.5707725662767));
#4825=CARTESIAN_POINT('Ctrl Pts',(-4.15042502657514,13.4433182453886,18.615120413918));
#4826=CARTESIAN_POINT('',(-8.47249044485952,17.765383663673,15.0884652914033));
#4827=CARTESIAN_POINT('Origin',(-6.60313379636109,15.8960270151745,19.9270227022911));
#4828=CARTESIAN_POINT('',(-8.4803010313906,17.773194250204,15.0933886827455));
#4829=CARTESIAN_POINT('Ctrl Pts',(-8.4803010313906,17.773194250204,15.0933886827455));
#4830=CARTESIAN_POINT('Ctrl Pts',(-8.47863100466521,17.7715242234786,15.0915174306855));
#4831=CARTESIAN_POINT('Ctrl Pts',(-8.47585619102918,17.7687494098426,15.0903728784547));
#4832=CARTESIAN_POINT('Ctrl Pts',(-8.47249044485951,17.765383663673,15.0884652914033));
#4833=CARTESIAN_POINT('',(-9.98342979898782,19.2763230178013,18.6490613984652));
#4834=CARTESIAN_POINT('Origin',(-6.72135533391499,16.0142485527284,19.1878381411325));
#4835=CARTESIAN_POINT('',(-9.31734097841007,18.6102341972235,21.4314640002382));
#4836=CARTESIAN_POINT('Origin',(-6.97348016935739,16.2663733881708,18.7585958124581));
#4837=CARTESIAN_POINT('',(-8.66392689302757,17.956820111841,22.1702459634766));
#4838=CARTESIAN_POINT('Ctrl Pts',(-8.66392689302757,17.956820111841,22.1702459634767));
#4839=CARTESIAN_POINT('Ctrl Pts',(-8.73343854802529,18.0263317668387,22.1092482984376));
#4840=CARTESIAN_POINT('Ctrl Pts',(-8.78930107624351,18.082194295057,22.0582723070023));
#4841=CARTESIAN_POINT('Ctrl Pts',(-8.8422967310166,18.13518994983,22.0087251544417));
#4842=CARTESIAN_POINT('Ctrl Pts',(-8.92179021317622,18.2146834319897,21.9344044256008));
#4843=CARTESIAN_POINT('Ctrl Pts',(-8.99483323008428,18.2877264488977,21.8632985842279));
#4844=CARTESIAN_POINT('Ctrl Pts',(-9.08342601606299,18.3763192348764,21.7447086567052));
#4845=CARTESIAN_POINT('Ctrl Pts',(-9.14588570508036,18.4387789238938,21.6611003819249));
#4846=CARTESIAN_POINT('Ctrl Pts',(-9.2203088229929,18.5132020418063,21.5612407572521));
#4847=CARTESIAN_POINT('Ctrl Pts',(-9.31734097840814,18.6102341972216,21.4314640002408));
#4848=CARTESIAN_POINT('',(-9.08418269529365,18.3770759141071,22.5960193933473));
#4849=CARTESIAN_POINT('Ctrl Pts',(-9.08418269529365,18.3770759141071,22.5960193933473));
#4850=CARTESIAN_POINT('Ctrl Pts',(-9.01429850001554,18.307191718829,22.5095602811799));
#4851=CARTESIAN_POINT('Ctrl Pts',(-8.9866788272494,18.2795720460629,22.453477221869));
#4852=CARTESIAN_POINT('Ctrl Pts',(-8.66392689302756,17.956820111841,22.1702459634767));
#4853=CARTESIAN_POINT('Origin',(-6.40410239113674,15.6969956099502,26.418645776376));
#4854=CARTESIAN_POINT('',(-5.49490987163562,14.7878030904491,19.9355713190064));
#4855=CARTESIAN_POINT('',(-5.24170812734678,14.5346013461602,18.5596970996322));
#4856=CARTESIAN_POINT('Ctrl Pts',(-5.49490987163562,14.7878030904491,19.9355713190064));
#4857=CARTESIAN_POINT('Ctrl Pts',(-5.32995025690101,14.6228434757145,19.5701879714207));
#4858=CARTESIAN_POINT('Ctrl Pts',(-5.24129776661544,14.5341909854289,19.1398560784077));
#4859=CARTESIAN_POINT('Ctrl Pts',(-5.24169472063911,14.5345879394525,18.7063536028135));
#4860=CARTESIAN_POINT('Ctrl Pts',(-5.24173947821111,14.5346326970245,18.6574751002501));
#4861=CARTESIAN_POINT('Ctrl Pts',(-5.24170812734677,14.5346013461602,18.6085971094588));
#4862=CARTESIAN_POINT('Ctrl Pts',(-5.24170812734677,14.5346013461602,18.5596970996342));
#4863=CARTESIAN_POINT('',(-5.70676049873404,14.9996537175475,20.3329095644839));
#4864=CARTESIAN_POINT('Ctrl Pts',(-5.70676049873402,14.9996537175475,20.3329095644839));
#4865=CARTESIAN_POINT('Ctrl Pts',(-5.65382666474033,14.9467198835538,20.2376710049333));
#4866=CARTESIAN_POINT('Ctrl Pts',(-5.61577297746224,14.9086661962757,20.1693974505187));
#4867=CARTESIAN_POINT('Ctrl Pts',(-5.58715997920291,14.8800531980164,20.1176868794724));
#4868=CARTESIAN_POINT('Ctrl Pts',(-5.53534423852345,14.8282374573369,20.0240433711816));
#4869=CARTESIAN_POINT('Ctrl Pts',(-5.5165458458338,14.8094390646473,19.9826009008762));
#4870=CARTESIAN_POINT('Ctrl Pts',(-5.49490987163562,14.7878030904491,19.9355713190064));
#4871=CARTESIAN_POINT('',(-5.79597715114613,15.0888703699596,20.4364128412232));
#4872=CARTESIAN_POINT('Ctrl Pts',(-5.79597715114613,15.0888703699596,20.4364128412232));
#4873=CARTESIAN_POINT('Ctrl Pts',(-5.79500372014603,15.0878969389595,20.435312228567));
#4874=CARTESIAN_POINT('Ctrl Pts',(-5.79412940315455,15.0870226219827,20.4342298265444));
#4875=CARTESIAN_POINT('Ctrl Pts',(-5.79330968121651,15.0862029000577,20.4331532060846));
#4876=CARTESIAN_POINT('Ctrl Pts',(-5.79208009830943,15.0849733171701,20.4315382753949));
#4877=CARTESIAN_POINT('Ctrl Pts',(-5.79097335427256,15.083866573149,20.4299363532218));
#4878=CARTESIAN_POINT('Ctrl Pts',(-5.78982044858734,15.0827136674706,20.4282774673526));
#4879=CARTESIAN_POINT('Ctrl Pts',(-5.78905184479719,15.0819450636849,20.4271715434398));
#4880=CARTESIAN_POINT('Ctrl Pts',(-5.78826272471888,15.0811559436071,20.4260403023288));
#4881=CARTESIAN_POINT('Ctrl Pts',(-5.78751071566795,15.0804039345638,20.4249785571749));
#4882=CARTESIAN_POINT('Ctrl Pts',(-5.78638270209154,15.0792759209989,20.423385939444));
#4883=CARTESIAN_POINT('Ctrl Pts',(-5.78533818832672,15.0782314072616,20.4219496876165));
#4884=CARTESIAN_POINT('Ctrl Pts',(-5.78272654800672,15.0756197669553,20.4189877367547));
#4885=CARTESIAN_POINT('Ctrl Pts',(-5.78271181011245,15.0756050290611,20.4189710220033));
#4886=CARTESIAN_POINT('Ctrl Pts',(-5.78269675489455,15.0755899738432,20.4189539725423));
#4887=CARTESIAN_POINT('Ctrl Pts',(-5.78268165084029,15.0755748697889,20.4189368643055));
#4888=CARTESIAN_POINT('Ctrl Pts',(-5.78266654678603,15.0755597657347,20.4189197560688));
#4889=CARTESIAN_POINT('Ctrl Pts',(-5.7826513938954,15.075544612844,20.4189025890564));
#4890=CARTESIAN_POINT('Ctrl Pts',(-5.78263615268093,15.0755293716296,20.4188853225699));
#4891=CARTESIAN_POINT('Ctrl Pts',(-5.78260567025201,15.0754988892007,20.4188507895969));
#4892=CARTESIAN_POINT('Ctrl Pts',(-5.78257483452775,15.0754680534764,20.4188158587275));
#4893=CARTESIAN_POINT('Ctrl Pts',(-5.78254366778545,15.0754368867341,20.4187805521507));
#4894=CARTESIAN_POINT('Ctrl Pts',(-5.78248133430086,15.0753745532495,20.4187099389971));
#4895=CARTESIAN_POINT('Ctrl Pts',(-5.78241767674413,15.0753108956927,20.418637823014));
#4896=CARTESIAN_POINT('Ctrl Pts',(-5.78235261904344,15.075245837992,20.4185641201041));
#4897=CARTESIAN_POINT('Ctrl Pts',(-5.78222250364205,15.0751157225906,20.4184167142843));
#4898=CARTESIAN_POINT('Ctrl Pts',(-5.78208678766477,15.0749800066132,20.4182629607574));
#4899=CARTESIAN_POINT('Ctrl Pts',(-5.78194500175391,15.0748382207023,20.4181023310736));
#4900=CARTESIAN_POINT('Ctrl Pts',(-5.78180321584305,15.0746964347914,20.4179417013898));
#4901=CARTESIAN_POINT('Ctrl Pts',(-5.7816553599986,15.0745485789469,20.4177741955491));
#4902=CARTESIAN_POINT('Ctrl Pts',(-5.7815009676336,15.0743941865818,20.4175992871564));
#4903=CARTESIAN_POINT('Ctrl Pts',(-5.78134657526859,15.0742397942167,20.4174243787636));
#4904=CARTESIAN_POINT('Ctrl Pts',(-5.78118564638304,15.0740788653311,20.4172420678188));
#4905=CARTESIAN_POINT('Ctrl Pts',(-5.78101788896432,15.0739111079123,20.4170520063629));
#4906=CARTESIAN_POINT('Ctrl Pts',(-5.78034685928945,15.0732400782369,20.4162917605395));
#4907=CARTESIAN_POINT('Ctrl Pts',(-5.77956657308395,15.0724597920296,20.4154075065404));
#4908=CARTESIAN_POINT('Ctrl Pts',(-5.77864480079496,15.0715380197398,20.4143631618356));
#4909=CARTESIAN_POINT('Ctrl Pts',(-5.77818391465047,15.0710771335949,20.4138409894832));
#4910=CARTESIAN_POINT('Ctrl Pts',(-5.7776876569851,15.0705808759294,20.4132787944544));
#4911=CARTESIAN_POINT('Ctrl Pts',(-5.77715299731861,15.0700462162627,20.4126730938989));
#4912=CARTESIAN_POINT('Ctrl Pts',(-5.77688566748536,15.0697788864294,20.4123702436211));
#4913=CARTESIAN_POINT('Ctrl Pts',(-5.77660873715184,15.0695019560958,20.4120565169617));
#4914=CARTESIAN_POINT('Ctrl Pts',(-5.77632158499268,15.0692148039366,20.4117312178039));
#4915=CARTESIAN_POINT('Ctrl Pts',(-5.7761780089131,15.069071227857,20.411568568225));
#4916=CARTESIAN_POINT('Ctrl Pts',(-5.77603187737711,15.068925096321,20.4114030255215));
#4917=CARTESIAN_POINT('Ctrl Pts',(-5.77588327966008,15.0687764986039,20.4112346907033));
#4918=CARTESIAN_POINT('Ctrl Pts',(-5.77580898080156,15.0687021997454,20.4111505232941));
#4919=CARTESIAN_POINT('Ctrl Pts',(-5.77573406539779,15.0686272843416,20.4110656578564));
#4920=CARTESIAN_POINT('Ctrl Pts',(-5.77565838622169,15.0685516051655,20.4109799262345));
#4921=CARTESIAN_POINT('Ctrl Pts',(-5.77558270704558,15.0684759259894,20.4108941946127));
#4922=CARTESIAN_POINT('Ctrl Pts',(-5.77550626409715,15.068399483041,20.4108075968069));
#4923=CARTESIAN_POINT('Ctrl Pts',(-5.77542927019687,15.0683224891407,20.4107203738864));
#4924=CARTESIAN_POINT('Ctrl Pts',(-5.77419736779227,15.0670905867358,20.4093248071582));
#4925=CARTESIAN_POINT('Ctrl Pts',(-5.77282442171216,15.0657176406539,20.4077692110703));
#4926=CARTESIAN_POINT('Ctrl Pts',(-5.77146092424722,15.0643541431873,20.4062243555787));
#4927=CARTESIAN_POINT('Ctrl Pts',(-5.76873392931735,15.0616271482543,20.4031346445955));
#4928=CARTESIAN_POINT('Ctrl Pts',(-5.76604472884818,15.0589379477828,20.4000878959973));
#4929=CARTESIAN_POINT('Ctrl Pts',(-5.76335216753398,15.0562453864652,20.3970371543644));
#4930=CARTESIAN_POINT('Ctrl Pts',(-5.75796704490559,15.05086026383,20.3909356710985));
#4931=CARTESIAN_POINT('Ctrl Pts',(-5.75256847889713,15.0454616978103,20.3848182156935));
#4932=CARTESIAN_POINT('Ctrl Pts',(-5.7471732371541,15.0400664560578,20.3787048240982));
#4933=CARTESIAN_POINT('Ctrl Pts',(-5.73908037453957,15.0319735934291,20.3695347367052));
#4934=CARTESIAN_POINT('Ctrl Pts',(-5.73099499152227,15.0238882104016,20.360373792884));
#4935=CARTESIAN_POINT('Ctrl Pts',(-5.72292298281733,15.0158162016713,20.3512254548227));
#4936=CARTESIAN_POINT('Ctrl Pts',(-5.7175416436807,15.0104348625178,20.3451265627818));
#4937=CARTESIAN_POINT('Ctrl Pts',(-5.7121662486829,15.0050594674963,20.3390332733008));
#4938=CARTESIAN_POINT('Ctrl Pts',(-5.70676049873404,14.9996537175475,20.3329095644839));
#4939=CARTESIAN_POINT('',(-6.17011452307247,15.4630077418859,20.8031055749879));
#4940=CARTESIAN_POINT('Ctrl Pts',(-6.17011452307247,15.4630077418859,20.8031055749879));
#4941=CARTESIAN_POINT('Ctrl Pts',(-6.03458543112691,15.3274786499404,20.7021488012299));
#4942=CARTESIAN_POINT('Ctrl Pts',(-5.90845987428125,15.2013530930947,20.5791003526673));
#4943=CARTESIAN_POINT('Ctrl Pts',(-5.79597715114613,15.0888703699596,20.4364128412232));
#4944=CARTESIAN_POINT('',(-7.0507067690142,16.3435999878277,21.3101058782563));
#4945=CARTESIAN_POINT('Ctrl Pts',(-7.0507067690142,16.3435999878276,21.3101058782563));
#4946=CARTESIAN_POINT('Ctrl Pts',(-6.33182449552847,15.6247177143419,21.0163738073335));
#4947=CARTESIAN_POINT('Ctrl Pts',(-6.16731401671761,15.4602072355311,20.8055036844239));
#4948=CARTESIAN_POINT('Ctrl Pts',(-6.17011452307247,15.4630077418859,20.8031055749879));
#4949=CARTESIAN_POINT('',(-7.99565927568076,17.2885524944942,20.780959397696));
#4950=CARTESIAN_POINT('Ctrl Pts',(-7.99565927568076,17.2885524944942,20.780959397696));
#4951=CARTESIAN_POINT('Ctrl Pts',(-7.70617941237258,16.999072631186,21.0280555070863));
#4952=CARTESIAN_POINT('Ctrl Pts',(-7.386330755381,16.6792239741944,21.1741766752229));
#4953=CARTESIAN_POINT('Ctrl Pts',(-7.0507067690142,16.3435999878276,21.3101058782563));
#4954=CARTESIAN_POINT('',(-8.68741003805852,17.980303256872,19.8297456563935));
#4955=CARTESIAN_POINT('Ctrl Pts',(-8.68741003805852,17.980303256872,19.8297456563935));
#4956=CARTESIAN_POINT('Ctrl Pts',(-8.52693331610739,17.8198265349208,20.2298302473054));
#4957=CARTESIAN_POINT('Ctrl Pts',(-8.28477944092505,17.5776726597385,20.5572993577943));
#4958=CARTESIAN_POINT('Ctrl Pts',(-7.99565927568076,17.2885524944942,20.780959397696));
#4959=CARTESIAN_POINT('',(-8.86492103260863,18.1578142514221,19.1566399396882));
#4960=CARTESIAN_POINT('Ctrl Pts',(-8.86492103260863,18.1578142514221,19.1566399396882));
#4961=CARTESIAN_POINT('Ctrl Pts',(-8.83090387284827,18.1237970916617,19.39803145542));
#4962=CARTESIAN_POINT('Ctrl Pts',(-8.77044890538894,18.0633421242024,19.6238170923219));
#4963=CARTESIAN_POINT('Ctrl Pts',(-8.68741003805852,17.980303256872,19.8297456563935));
#4964=CARTESIAN_POINT('',(-8.88254522734396,18.1754384461574,19.0149332542306));
#4965=CARTESIAN_POINT('Ctrl Pts',(-8.88254522734396,18.1754384461574,19.0149332542306));
#4966=CARTESIAN_POINT('Ctrl Pts',(-8.87684652445277,18.1697397432662,19.0675358062792));
#4967=CARTESIAN_POINT('Ctrl Pts',(-8.87140883391332,18.1643020527268,19.1128304134269));
#4968=CARTESIAN_POINT('Ctrl Pts',(-8.86492103260863,18.1578142514221,19.1566399396882));
#4969=CARTESIAN_POINT('',(-8.89624045688955,18.189133675703,18.7198025049195));
#4970=CARTESIAN_POINT('Ctrl Pts',(-8.89624045688955,18.189133675703,18.7198025049195));
#4971=CARTESIAN_POINT('Ctrl Pts',(-8.89624045688955,18.189133675703,18.7679951515226));
#4972=CARTESIAN_POINT('Ctrl Pts',(-8.89542707577908,18.1883202945925,18.8097729791501));
#4973=CARTESIAN_POINT('Ctrl Pts',(-8.89099498484672,18.1838882036602,18.8810018326476));
#4974=CARTESIAN_POINT('Ctrl Pts',(-8.88877362914735,18.1816668479608,18.9167016010168));
#4975=CARTESIAN_POINT('Ctrl Pts',(-8.88602330597902,18.1789165247925,18.9598320349881));
#4976=CARTESIAN_POINT('Ctrl Pts',(-8.88254522734396,18.1754384461574,19.0149332542306));
#4977=CARTESIAN_POINT('',(-7.06722718723618,16.3601204060496,16.3091574968324));
#4978=CARTESIAN_POINT('Ctrl Pts',(-7.06722718723618,16.3601204060496,16.3091574968324));
#4979=CARTESIAN_POINT('Ctrl Pts',(-8.02415250088789,17.3170457197013,16.3091574968324));
#4980=CARTESIAN_POINT('Ctrl Pts',(-8.89449335200757,18.187386570821,17.3230127634034));
#4981=CARTESIAN_POINT('Ctrl Pts',(-8.89624045688955,18.189133675703,18.7198025049195));
#4982=CARTESIAN_POINT('Ctrl Pts',(-5.24170812734677,14.5346013461602,18.5596970996322));
#4983=CARTESIAN_POINT('Ctrl Pts',(-5.24443956122006,14.5373327800335,18.5257495473413));
#4984=CARTESIAN_POINT('Ctrl Pts',(-5.24701931183014,14.5399125306436,18.4935248410376));
#4985=CARTESIAN_POINT('Ctrl Pts',(-5.2495179816338,14.5424112004472,18.4627013232797));
#4986=CARTESIAN_POINT('Ctrl Pts',(-5.26512410047133,14.5580173192848,18.2701846968667));
#4987=CARTESIAN_POINT('Ctrl Pts',(-5.28805818349568,14.5809514023091,18.1440397710116));
#4988=CARTESIAN_POINT('Ctrl Pts',(-5.3150627473409,14.6079559661543,18.0269467975928));
#4989=CARTESIAN_POINT('Ctrl Pts',(-5.34206731118611,14.6349605299996,17.9098538241739));
#4990=CARTESIAN_POINT('Ctrl Pts',(-5.37314235585219,14.6660355746656,17.8018128031913));
#4991=CARTESIAN_POINT('Ctrl Pts',(-5.41051258600044,14.7034058048139,17.696863027162));
#4992=CARTESIAN_POINT('Ctrl Pts',(-5.48525304629693,14.7781462651104,17.4869634751034));
#4993=CARTESIAN_POINT('Ctrl Pts',(-5.58517424852208,14.8780674673355,17.289428902858));
#4994=CARTESIAN_POINT('Ctrl Pts',(-5.70225125311039,14.9951444719238,17.1171132957241));
#4995=CARTESIAN_POINT('Ctrl Pts',(-5.81932825769871,15.1122214765121,16.9447976885902));
#4996=CARTESIAN_POINT('Ctrl Pts',(-5.95356106465018,15.2464542834636,16.7977010465679));
#4997=CARTESIAN_POINT('Ctrl Pts',(-6.09932974227346,15.3922229610869,16.6780421445874));
#4998=CARTESIAN_POINT('Ctrl Pts',(-6.39086709752,15.6837603163334,16.4387243406264));
#4999=CARTESIAN_POINT('Ctrl Pts',(-6.72854793545371,16.0214411542672,16.3091574968324));
#5000=CARTESIAN_POINT('Ctrl Pts',(-7.06722718723618,16.3601204060496,16.3091574968324));
#5001=CARTESIAN_POINT('Origin',(-20.,12.5,16.25));
#5002=CARTESIAN_POINT('',(-22.198872395073,12.4999999999886,16.25));
#5003=CARTESIAN_POINT('Origin',(-20.,12.4999999999886,16.25));
#5004=CARTESIAN_POINT('Origin',(-20.,5.99999999997181,16.25));
#5005=CARTESIAN_POINT('',(-22.2854467603906,6.29997075717462,16.25));
#5006=CARTESIAN_POINT('',(-22.2896354144923,5.99999999997181,16.25));
#5007=CARTESIAN_POINT('',(-17.7145532396094,6.29997075717462,16.25));
#5008=CARTESIAN_POINT('Origin',(-20.,6.29997075717462,16.25));
#5009=CARTESIAN_POINT('Origin',(-20.,6.29997075717462,16.25));
#5010=CARTESIAN_POINT('Origin',(-22.,16.5,7.975));
#5011=CARTESIAN_POINT('',(-19.7,16.5,7.975));
#5012=CARTESIAN_POINT('Origin',(-22.,16.5,7.975));
#5013=CARTESIAN_POINT('Origin',(-30.,20.,-5.));
#5014=CARTESIAN_POINT('',(-22.85,20.,-2.));
#5015=CARTESIAN_POINT('Origin',(-25.,20.,-2.));
#5016=CARTESIAN_POINT('Origin',(-23.,7.,45.));
#5017=CARTESIAN_POINT('',(-25.3,7.,45.));
#5018=CARTESIAN_POINT('Origin',(-23.,7.,45.));
#5019=CARTESIAN_POINT('Origin',(-15.,20.,45.));
#5020=CARTESIAN_POINT('',(-16.5750000000001,20.,45.0000000000159));
#5021=CARTESIAN_POINT('Origin',(-15.,20.,45.0000000000159));
#5022=CARTESIAN_POINT('Origin',(-15.,7.,45.));
#5023=CARTESIAN_POINT('',(-16.5750000000001,7.,45.0000000000159));
#5024=CARTESIAN_POINT('Origin',(-15.,7.,45.0000000000159));
#5025=CARTESIAN_POINT('Origin',(-7.00000000000001,7.,45.));
#5026=CARTESIAN_POINT('',(-9.30000000000001,7.,45.));
#5027=CARTESIAN_POINT('Origin',(-7.00000000000001,7.,45.));
#5028=CARTESIAN_POINT('Origin',(-20.,6.14998537858731,16.25));
#5029=CARTESIAN_POINT('',(-17.4103645855077,6.,16.25));
#5030=CARTESIAN_POINT('Origin',(-20.,6.,16.25));
#5031=CARTESIAN_POINT('',(-17.5624589125585,6.14998537858731,16.25));
#5032=CARTESIAN_POINT('Origin',(-36.5,4.99999999999999,3.5));
#5033=CARTESIAN_POINT('',(-41.9930182244564,-0.493018224456427,3.26969905640069));
#5034=CARTESIAN_POINT('',(-41.9930182244564,-0.493018224456426,2.00707926103678));
#5035=CARTESIAN_POINT('',(-41.9930182244564,-0.493018224456427,-6.));
#5036=CARTESIAN_POINT('',(-36.5,4.99999999999999,3.346401044059));
#5037=CARTESIAN_POINT('',(-36.5,4.99999999999999,3.346401044059));
#5038=CARTESIAN_POINT('',(-36.5,4.99999999999999,2.08378124869509));
#5039=CARTESIAN_POINT('',(-36.5,4.99999999999999,3.5));
#5040=CARTESIAN_POINT('',(-41.9930182244564,-0.493018224456427,2.00707926103678));
#5041=CARTESIAN_POINT('Origin',(-22.,16.5,7.975));
#5042=CARTESIAN_POINT('',(-19.7,21.2,7.975));
#5043=CARTESIAN_POINT('',(-19.7,16.5,7.975));
#5044=CARTESIAN_POINT('Origin',(-22.,21.2,7.975));
#5045=CARTESIAN_POINT('Origin',(-25.,20.,-2.));
#5046=CARTESIAN_POINT('',(-22.85,25.,-2.));
#5047=CARTESIAN_POINT('',(-22.85,20.,-2.));
#5048=CARTESIAN_POINT('Origin',(-25.,25.,-2.));
#5049=CARTESIAN_POINT('Origin',(-41.,-1.,-4.5));
#5050=CARTESIAN_POINT('',(-42.0000974854932,-1.,-4.5));
#5051=CARTESIAN_POINT('',(-29.1227837465533,-1.,-4.5));
#5052=CARTESIAN_POINT('',(-41.,-1.,-4.5));
#5053=CARTESIAN_POINT('',(-28.8971456342311,4.99999999999999,-4.58378124869509));
#5054=CARTESIAN_POINT('Origin',(-27.5157026852054,-76.5284152057391,-3.44535584368679));
#5055=CARTESIAN_POINT('',(-36.5,4.99999999999999,-4.58378124869509));
#5056=CARTESIAN_POINT('',(-47.1846584384265,4.99999999999999,-4.58378124869509));
#5057=CARTESIAN_POINT('',(-41.9930182244564,-0.493018224456409,-4.50707926103678));
#5058=CARTESIAN_POINT('',(-36.5,4.99999999999999,-4.58378124869509));
#5059=CARTESIAN_POINT('',(-41.9930182244564,-0.49301822445641,-4.50707926103678));
#5060=CARTESIAN_POINT('Origin',(-23.,7.,45.));
#5061=CARTESIAN_POINT('',(-25.3,7.,49.7));
#5062=CARTESIAN_POINT('',(-25.3,7.,45.));
#5063=CARTESIAN_POINT('Origin',(-23.,7.,49.7));
#5064=CARTESIAN_POINT('Origin',(-15.,20.,49.7041886540615));
#5065=CARTESIAN_POINT('',(-16.6406871332562,20.,49.7041886541018));
#5066=CARTESIAN_POINT('',(-16.6406871332556,20.,49.7041886540615));
#5067=CARTESIAN_POINT('',(-13.3593128667437,19.9999999999999,49.7041886541018));
#5068=CARTESIAN_POINT('Origin',(-15.,20.,49.7041886541018));
#5069=CARTESIAN_POINT('Origin',(-15.,20.,49.7041886541018));
#5070=CARTESIAN_POINT('Origin',(-15.,7.,49.7041886540615));
#5071=CARTESIAN_POINT('',(-16.6406871332562,7.,49.7041886541018));
#5072=CARTESIAN_POINT('',(-16.6406871332556,7.,49.7041886540615));
#5073=CARTESIAN_POINT('',(-13.3593128667437,6.99999999999994,49.7041886541018));
#5074=CARTESIAN_POINT('Origin',(-15.,7.,49.7041886541018));
#5075=CARTESIAN_POINT('Origin',(-15.,7.,49.7041886541018));
#5076=CARTESIAN_POINT('Origin',(-41.9999025240093,-0.986037819660857,-6.));
#5077=CARTESIAN_POINT('',(-41.9930182244564,-0.493018224456409,-5.93199999999999));
#5078=CARTESIAN_POINT('',(-42.0280245683916,-3.,-5.93199999999999));
#5079=CARTESIAN_POINT('',(-41.8507796684729,9.69340593600421,-5.93199999999999));
#5080=CARTESIAN_POINT('',(-42.0280245683916,-3.00000000000001,3.23469271246554));
#5081=CARTESIAN_POINT('',(-42.0280245683916,-3.00000000000001,50.));
#5082=CARTESIAN_POINT('',(-41.9930182244564,-0.493018224456427,3.26969905640069));
#5083=CARTESIAN_POINT('',(-42.0000974854932,-1.,2.));
#5084=CARTESIAN_POINT('',(-42.0000974854932,-1.,2.));
#5085=CARTESIAN_POINT('',(-42.0000974854932,-1.,-6.));
#5086=CARTESIAN_POINT('',(-41.9930182244564,-0.493018224456408,-6.));
#5087=CARTESIAN_POINT('Origin',(-7.,16.,23.125));
#5088=CARTESIAN_POINT('',(-6.86036458550818,6.,3.36036458550818));
#5089=CARTESIAN_POINT('',(-6.86036458550818,6.,24.1396354144918));
#5090=CARTESIAN_POINT('',(-6.86036458550818,6.,-1.1966856593737E-32));
#5091=CARTESIAN_POINT('',(-6.73469271246555,-3.,3.23469271246555));
#5092=CARTESIAN_POINT('',(-6.9841206651546,14.8628003215949,3.4841206651546));
#5093=CARTESIAN_POINT('',(-6.73469271246555,-3.,24.2653072875345));
#5094=CARTESIAN_POINT('',(-6.73469271246555,-3.,50.));
#5095=CARTESIAN_POINT('',(-6.73469271246555,-3.,24.2653072875345));
#5096=CARTESIAN_POINT('Origin',(-36.5,4.99999999999999,24.));
#5097=CARTESIAN_POINT('',(-41.9930182244564,-0.493018224456424,25.4929207389632));
#5098=CARTESIAN_POINT('',(-41.9930182244564,-0.493018224456424,24.2303009435993));
#5099=CARTESIAN_POINT('',(-41.9930182244564,-0.493018224456425,24.));
#5100=CARTESIAN_POINT('',(-36.5,4.99999999999999,25.4162187513049));
#5101=CARTESIAN_POINT('',(-36.5,4.99999999999999,25.4162187513049));
#5102=CARTESIAN_POINT('',(-36.5,4.99999999999999,24.153598955941));
#5103=CARTESIAN_POINT('',(-36.5,4.99999999999999,24.));
#5104=CARTESIAN_POINT('',(-41.9930182244564,-0.493018224456424,24.2303009435993));
#5105=CARTESIAN_POINT('Origin',(-7.00000000000001,7.,45.));
#5106=CARTESIAN_POINT('',(-9.30000000000001,7.,49.7));
#5107=CARTESIAN_POINT('',(-9.30000000000001,7.,45.));
#5108=CARTESIAN_POINT('Origin',(-7.00000000000001,7.,49.7));
#5109=CARTESIAN_POINT('Origin',(-22.,16.,41.6938342170283));
#5110=CARTESIAN_POINT('',(-24.510000000038,16.,41.499999999985));
#5111=CARTESIAN_POINT('Origin',(-22.,16.,41.499999999985));
#5112=CARTESIAN_POINT('',(-24.7038342170662,16.,41.6938342170132));
#5113=CARTESIAN_POINT('',(-24.7038342170813,16.,41.6938342170283));
#5114=CARTESIAN_POINT('',(-22.,18.7038342170508,41.6938342170283));
#5115=CARTESIAN_POINT('Origin',(-22.,16.,41.6938342170283));
#5116=CARTESIAN_POINT('Origin',(-22.,16.,41.6938342170283));
#5117=CARTESIAN_POINT('Origin',(-22.,16.,22.));
#5118=CARTESIAN_POINT('',(-24.51,16.,22.));
#5119=CARTESIAN_POINT('Origin',(-22.,16.,22.));
#5120=CARTESIAN_POINT('Origin',(-19.2499999999133,-500000.,35.4));
#5121=CARTESIAN_POINT('',(-18.2613561345104,7.81327036924775,35.4));
#5122=CARTESIAN_POINT('',(-18.402202601796,17.8999999999974,35.4));
#5123=CARTESIAN_POINT('',(-18.25,7.,35.4));
#5124=CARTESIAN_POINT('',(-19.2439625622534,7.43237152756147,35.4));
#5125=CARTESIAN_POINT('Origin',(-22.,16.,35.4));
#5126=CARTESIAN_POINT('',(-19.097797398204,17.8999999999974,35.4));
#5127=CARTESIAN_POINT('',(-19.25,7.,35.4));
#5128=CARTESIAN_POINT('',(1.12757025938492E-15,17.8999999999974,35.4));
#5129=CARTESIAN_POINT('Origin',(-19.2499999999133,-500000.,26.6));
#5130=CARTESIAN_POINT('',(-19.2439625622535,7.43237152756146,26.6));
#5131=CARTESIAN_POINT('',(-19.097797398204,17.8999999999974,26.6));
#5132=CARTESIAN_POINT('',(-19.25,7.,26.6));
#5133=CARTESIAN_POINT('',(-18.2613561345104,7.81327036924775,26.6));
#5134=CARTESIAN_POINT('Origin',(-22.,16.,26.6));
#5135=CARTESIAN_POINT('',(-18.402202601796,17.8999999999974,26.6));
#5136=CARTESIAN_POINT('',(-18.25,7.,26.6));
#5137=CARTESIAN_POINT('',(1.12757025938492E-15,17.8999999999974,26.6));
#5138=CARTESIAN_POINT('Origin',(-24.7499999999133,-500000.,26.6));
#5139=CARTESIAN_POINT('',(-25.75,7.00000000000167,26.6));
#5140=CARTESIAN_POINT('',(-25.597797398204,17.8999999999974,26.6));
#5141=CARTESIAN_POINT('',(-25.75,7.,26.6));
#5142=CARTESIAN_POINT('',(-24.75,7.00000000000167,26.6));
#5143=CARTESIAN_POINT('',(-24.7499999999133,7.000000000005,26.6));
#5144=CARTESIAN_POINT('',(-24.902202601796,17.8999999999974,26.6));
#5145=CARTESIAN_POINT('',(-24.75,7.,26.6));
#5146=CARTESIAN_POINT('',(1.12757025938492E-15,17.8999999999974,26.6));
#5147=CARTESIAN_POINT('Origin',(-24.7499999999133,-500000.,35.4));
#5148=CARTESIAN_POINT('',(-24.75,7.00000000000167,35.4));
#5149=CARTESIAN_POINT('',(-24.902202601796,17.8999999999974,35.4));
#5150=CARTESIAN_POINT('',(-24.75,7.,35.4));
#5151=CARTESIAN_POINT('',(-25.7499999999999,7.00000000000167,35.4));
#5152=CARTESIAN_POINT('',(-24.7499999999133,7.000000000005,35.4));
#5153=CARTESIAN_POINT('',(-25.597797398204,17.8999999999974,35.4));
#5154=CARTESIAN_POINT('',(-25.75,7.,35.4));
#5155=CARTESIAN_POINT('',(1.12757025938492E-15,17.8999999999974,35.4));
#5156=CARTESIAN_POINT('Origin',(-41.,-1.,48.5));
#5157=CARTESIAN_POINT('',(-30.,-1.,48.5));
#5158=CARTESIAN_POINT('',(-29.9162187513049,5.,48.5837812486951));
#5159=CARTESIAN_POINT('',(-30.,-1.,48.5));
#5160=CARTESIAN_POINT('',(-42.0000974854932,-1.,48.5));
#5161=CARTESIAN_POINT('',(-41.,-1.,48.5));
#5162=CARTESIAN_POINT('',(-41.9930182244564,-0.493018224456404,48.5070792610368));
#5163=CARTESIAN_POINT('',(-42.0000974854932,-1.,48.5));
#5164=CARTESIAN_POINT('',(-36.5,5.,48.5837812486951));
#5165=CARTESIAN_POINT('',(-41.9930182244564,-0.493018224456401,48.5070792610368));
#5166=CARTESIAN_POINT('',(-47.1846584384265,5.,48.5837812486951));
#5167=CARTESIAN_POINT('Origin',(-41.,-1.,24.));
#5168=CARTESIAN_POINT('',(-30.,-1.,25.5));
#5169=CARTESIAN_POINT('',(-30.,-1.,-6.));
#5170=CARTESIAN_POINT('',(-42.0000974854932,-1.,25.5));
#5171=CARTESIAN_POINT('',(-41.,-1.,25.5));
#5172=CARTESIAN_POINT('',(-42.0000974854932,-1.,-6.));
#5173=CARTESIAN_POINT('Origin',(-41.,-1.,25.5));
#5174=CARTESIAN_POINT('',(-29.9162187513049,4.99999999999999,25.4162187513049));
#5175=CARTESIAN_POINT('',(-29.9162187513049,4.99999999999999,25.4162187513049));
#5176=CARTESIAN_POINT('',(-47.1846584384265,5.,25.4162187513049));
#5177=CARTESIAN_POINT('',(-41.9930182244564,-0.493018224456423,25.4929207389632));
#5178=CARTESIAN_POINT('Origin',(-47.1846584384265,5.,24.));
#5179=CARTESIAN_POINT('',(-29.9162187513049,4.99999999999999,24.153598955941));
#5180=CARTESIAN_POINT('',(-29.9162187513049,4.99999999999999,-6.));
#5181=CARTESIAN_POINT('',(6.65744229052201,4.99999999999999,24.153598955941));
#5182=CARTESIAN_POINT('Origin',(6.65744229052201,16.,24.));
#5183=CARTESIAN_POINT('',(-29.9022552098557,6.,24.1396354144918));
#5184=CARTESIAN_POINT('',(6.65744229052201,6.,24.1396354144918));
#5185=CARTESIAN_POINT('',(-42.0280245683916,-3.,24.2653072875344));
#5186=CARTESIAN_POINT('',(3.67394039744206E-16,-3.,24.2653072875345));
#5187=CARTESIAN_POINT('',(-41.9930182244564,-0.493018224456425,24.2303009435993));
#5188=CARTESIAN_POINT('',(-29.9162187513049,4.99999999999999,24.153598955941));
#5189=CARTESIAN_POINT('Origin',(-5.66268451560511E-16,6.,-1.1966856593737E-32));
#5190=CARTESIAN_POINT('',(-29.9022552098557,6.,3.36036458550818));
#5191=CARTESIAN_POINT('',(-29.9022552098557,6.,-1.1966856593737E-32));
#5192=CARTESIAN_POINT('',(6.65744229052201,6.,3.36036458550818));
#5193=CARTESIAN_POINT('Origin',(6.65744229052201,16.,3.5));
#5194=CARTESIAN_POINT('',(-29.9162187513049,4.99999999999999,3.346401044059));
#5195=CARTESIAN_POINT('',(-29.9162187513049,4.99999999999999,3.346401044059));
#5196=CARTESIAN_POINT('',(6.65744229052201,4.99999999999999,3.346401044059));
#5197=CARTESIAN_POINT('',(3.67394039744206E-16,-3.,3.23469271246554));
#5198=CARTESIAN_POINT('Origin',(-47.1846584384265,4.99999999999999,3.5));
#5199=CARTESIAN_POINT('',(-29.9162187513049,4.99999999999999,2.08378124869509));
#5200=CARTESIAN_POINT('',(-29.9162187513049,4.99999999999999,3.5));
#5201=CARTESIAN_POINT('',(-47.1846584384265,4.99999999999999,2.08378124869509));
#5202=CARTESIAN_POINT('Origin',(-41.,-1.,2.));
#5203=CARTESIAN_POINT('',(-30.,-1.,2.));
#5204=CARTESIAN_POINT('',(-30.,-1.,2.));
#5205=CARTESIAN_POINT('',(-41.,-1.,2.));
#5206=CARTESIAN_POINT('Origin',(-41.,-1.,-6.));
#5207=CARTESIAN_POINT('',(-30.,-1.,-2.00038990396278));
#5208=CARTESIAN_POINT('',(-30.,-1.,-6.));
#5209=CARTESIAN_POINT('Origin',(-25.9996100580272,-1.,-1.99961005802724));
#5210=CARTESIAN_POINT('Origin',(-22.,21.35,7.975));
#5211=CARTESIAN_POINT('',(-19.4,21.5,7.975));
#5212=CARTESIAN_POINT('',(-19.55,21.35,7.975));
#5213=CARTESIAN_POINT('Origin',(-22.,21.5,7.975));
#5214=CARTESIAN_POINT('Origin',(-15.,17.9999999999986,12.975));
#5215=CARTESIAN_POINT('',(-29.6369479223213,25.,12.8528145455025));
#5216=CARTESIAN_POINT('',(-28.1165955711007,25.,12.8528145455025));
#5217=CARTESIAN_POINT('',(-15.,25.,12.8528145455025));
#5218=CARTESIAN_POINT('',(-29.7346927124655,18.,12.975));
#5219=CARTESIAN_POINT('',(-29.7346927124655,18.,12.975));
#5220=CARTESIAN_POINT('',(-14.9811492190436,17.9999999999993,12.975));
#5221=CARTESIAN_POINT('',(-15.,18.,12.975));
#5222=CARTESIAN_POINT('',(-14.9322768239715,21.5,12.9139072727512));
#5223=CARTESIAN_POINT('',(-14.9322768239715,21.5,12.9139072727512));
#5224=CARTESIAN_POINT('',(-28.0677231760285,21.5,12.9139072727512));
#5225=CARTESIAN_POINT('',(-2.2840525767028E-15,21.5,12.9139072727512));
#5226=CARTESIAN_POINT('',(-28.1165955711007,25.,12.8528145455025));
#5227=CARTESIAN_POINT('Origin',(-2.31296463463574E-16,23.5,15.025));
#5228=CARTESIAN_POINT('',(-14.9322768239715,21.5,13.025));
#5229=CARTESIAN_POINT('',(-13.8677231760285,21.5,13.025));
#5230=CARTESIAN_POINT('',(-2.31296463463574E-16,21.5,13.025));
#5231=CARTESIAN_POINT('',(-14.9043497410731,23.5,15.025));
#5232=CARTESIAN_POINT('',(-14.9043497410731,23.5,15.025));
#5233=CARTESIAN_POINT('',(-13.8956502589269,23.5,15.025));
#5234=CARTESIAN_POINT('',(-2.31296463463574E-16,23.5,15.025));
#5235=CARTESIAN_POINT('',(-13.8677231760285,21.5,13.025));
#5236=CARTESIAN_POINT('Origin',(-28.,16.65,38.));
#5237=CARTESIAN_POINT('',(-28.0677231760285,21.5,2.90727682397147));
#5238=CARTESIAN_POINT('',(-28.0677231760285,21.5,38.));
#5239=CARTESIAN_POINT('',(-28.1165955711007,25.,2.85840442889933));
#5240=CARTESIAN_POINT('',(-28.1165955711007,25.,2.85840442889933));
#5241=CARTESIAN_POINT('',(-28.1165955711007,25.,50.));
#5242=CARTESIAN_POINT('Origin',(-15.,25.,50.));
#5243=CARTESIAN_POINT('',(-17.0710678118655,25.,-5.63694792232127));
#5244=CARTESIAN_POINT('',(-17.0710678118655,25.,2.85840442889933));
#5245=CARTESIAN_POINT('',(-17.0710678118655,25.,50.));
#5246=CARTESIAN_POINT('',(-25.6373378262841,25.,-5.63694792232128));
#5247=CARTESIAN_POINT('',(-41.,25.,-5.63694792232128));
#5248=CARTESIAN_POINT('',(-29.6369479223213,25.,-1.63733782628406));
#5249=CARTESIAN_POINT('Origin',(-25.6365579803487,25.,-1.63655798034866));
#5250=CARTESIAN_POINT('',(-29.6369479223213,25.,50.));
#5251=CARTESIAN_POINT('',(-15.,25.,2.85840442889933));
#5252=CARTESIAN_POINT('Origin',(-26.0033133952386,-1.26521475407095,-2.00331339523864));
#5253=CARTESIAN_POINT('',(-25.9166086552677,4.99999999999999,-5.91621875130491));
#5254=CARTESIAN_POINT('Origin',(-25.9158288093322,4.99999999999999,-1.91582880933215));
#5255=CARTESIAN_POINT('',(-30.0029234912759,-1.20936603271437,-2.00331339523864));
#5256=CARTESIAN_POINT('',(-25.9166086552677,4.99999999999999,-5.91621875130491));
#5257=CARTESIAN_POINT('Origin',(-47.1846584384265,4.99999999999999,-6.));
#5258=CARTESIAN_POINT('',(-36.5,4.99999999999999,-5.91621875130491));
#5259=CARTESIAN_POINT('',(-36.5,4.99999999999999,-6.));
#5260=CARTESIAN_POINT('',(-41.,4.99999999999999,-5.91621875130491));
#5261=CARTESIAN_POINT('Origin',(-36.5,4.99999999999999,-6.));
#5262=CARTESIAN_POINT('',(-37.6301752318718,3.86982476812827,-5.93199999999999));
#5263=CARTESIAN_POINT('',(-27.375,14.125,-5.93199999999999));
#5264=CARTESIAN_POINT('',(-41.9930182244564,-0.493018224456413,-5.99292073896322));
#5265=CARTESIAN_POINT('Origin',(-15.,20.,-5.93199999999999));
#5266=CARTESIAN_POINT('',(-0.119913237373104,3.869824768128,-5.93199999999999));
#5267=CARTESIAN_POINT('',(-28.0000000000001,3.86982476812808,-5.93199999999999));
#5268=CARTESIAN_POINT('',(0.,-3.,-5.93199999999999));
#5269=CARTESIAN_POINT('',(-0.202956504717773,8.62737036799418,-5.932));
#5270=CARTESIAN_POINT('',(-20.,-2.99999952316285,-5.93199999999999));
#5271=CARTESIAN_POINT('Origin',(-23.,7.,49.85));
#5272=CARTESIAN_POINT('',(-25.6,7.,50.));
#5273=CARTESIAN_POINT('',(-25.45,7.,49.85));
#5274=CARTESIAN_POINT('Origin',(-23.,7.,50.));
#5275=CARTESIAN_POINT('Origin',(-22.,16.,49.9999999998977));
#5276=CARTESIAN_POINT('',(-22.,18.8198177072452,50.0000000000114));
#5277=CARTESIAN_POINT('',(-22.,18.8198177072436,49.9999999998977));
#5278=CARTESIAN_POINT('Origin',(-22.,16.,50.0000000000114));
#5279=CARTESIAN_POINT('Origin',(-15.,19.9999999999999,49.7));
#5280=CARTESIAN_POINT('',(-13.0593421095409,19.9999999999999,50.));
#5281=CARTESIAN_POINT('Origin',(-15.,20.,50.));
#5282=CARTESIAN_POINT('Origin',(-13.0593421095409,19.9999999999999,49.7));
#5283=CARTESIAN_POINT('Origin',(-15.,6.99999999999994,49.7));
#5284=CARTESIAN_POINT('',(-13.0593421095409,6.99999999999994,50.));
#5285=CARTESIAN_POINT('Origin',(-15.,7.,50.));
#5286=CARTESIAN_POINT('Origin',(-13.0593421095409,6.99999999999994,49.7));
#5287=CARTESIAN_POINT('Origin',(0.,-3.,-6.02792708289836));
#5288=CARTESIAN_POINT('',(-0.19569089011572,8.21112358621862,-5.8713800940103));
#5289=CARTESIAN_POINT('',(-0.195690890115723,8.21112358621862,-5.8713800940103));
#5290=CARTESIAN_POINT('',(-0.195690890115718,8.21112358621862,50.));
#5291=CARTESIAN_POINT('',(-0.195690890115718,8.21112358621862,-6.02792708289836));
#5292=CARTESIAN_POINT('',(-7.56968630146476E-18,-3.,50.));
#5293=CARTESIAN_POINT('',(0.,-3.,50.));
#5294=CARTESIAN_POINT('',(0.,-3.,50.));
#5295=CARTESIAN_POINT('Origin',(-25.,-2.99999952316285,-1.));
#5296=CARTESIAN_POINT('',(-42.0280245683916,-3.,50.));
#5297=CARTESIAN_POINT('',(3.67394039744206E-16,-3.,50.));
#5298=CARTESIAN_POINT('',(-42.0280245683916,-3.00000000000001,50.));
#5299=CARTESIAN_POINT('Origin',(-41.9999025240093,-0.986037819660857,-6.));
#5300=CARTESIAN_POINT('',(-41.9930182244564,-0.493018224456405,50.));
#5301=CARTESIAN_POINT('',(-42.0280245683916,-3.00000000000001,50.));
#5302=CARTESIAN_POINT('',(-41.9930182244564,-0.493018224456405,-6.));
#5303=CARTESIAN_POINT('Origin',(-36.5,5.,50.));
#5304=CARTESIAN_POINT('',(-36.5,5.,50.));
#5305=CARTESIAN_POINT('',(-41.9930182244564,-0.493018224456405,50.));
#5306=CARTESIAN_POINT('',(-36.5,5.,50.));
#5307=CARTESIAN_POINT('Origin',(-47.1846584384265,5.,50.));
#5308=CARTESIAN_POINT('',(-29.9162187513049,5.,50.));
#5309=CARTESIAN_POINT('',(0.,5.,50.));
#5310=CARTESIAN_POINT('',(-29.9162187513049,5.,-6.));
#5311=CARTESIAN_POINT('Origin',(-7.00000000000001,7.,49.85));
#5312=CARTESIAN_POINT('',(-9.60000000000001,7.,50.));
#5313=CARTESIAN_POINT('',(-9.45000000000001,7.,49.85));
#5314=CARTESIAN_POINT('Origin',(-7.00000000000001,7.,50.));
#5315=CARTESIAN_POINT('Origin',(-22.,16.,22.));
#5316=CARTESIAN_POINT('',(-24.51,16.,36.1256718730426));
#5317=CARTESIAN_POINT('Origin',(-22.,16.,36.1256718730426));
#5318=CARTESIAN_POINT('',(-24.51,16.,22.));
#5319=CARTESIAN_POINT('Origin',(-15.,25.,50.));
#5320=CARTESIAN_POINT('',(-29.6369479223213,25.,50.));
#5321=CARTESIAN_POINT('',(-29.6369479223213,25.,36.2513437460853));
#5322=CARTESIAN_POINT('',(-29.6369479223213,25.,50.));
#5323=CARTESIAN_POINT('',(-17.0710678118655,25.,50.));
#5324=CARTESIAN_POINT('',(0.,25.,50.));
#5325=CARTESIAN_POINT('',(-17.0710678118655,25.,36.2513437460853));
#5326=CARTESIAN_POINT('',(-17.0710678118655,25.,50.));
#5327=CARTESIAN_POINT('',(-15.,25.,36.2513437460853));
#5328=CARTESIAN_POINT('Origin',(-25.75,7.,26.5));
#5329=CARTESIAN_POINT('',(-25.75,7.,36.));
#5330=CARTESIAN_POINT('',(-25.7499999999999,7.,26.5));
#5331=CARTESIAN_POINT('',(-25.5871452442016,18.6628547557991,36.1628547557984));
#5332=CARTESIAN_POINT('',(-25.5871452442016,18.6628547557991,36.1628547557984));
#5333=CARTESIAN_POINT('',(-25.5871452442016,18.6628547557991,36.1628547557984));
#5334=CARTESIAN_POINT('Origin',(1.12757025938492E-15,18.5,36.));
#5335=CARTESIAN_POINT('',(-24.9128547557984,18.6628547557991,36.1628547557984));
#5336=CARTESIAN_POINT('',(-22.,18.6628547557991,36.1628547557984));
#5337=CARTESIAN_POINT('',(-24.902202601796,17.8999999999974,35.4));
#5338=CARTESIAN_POINT('Origin',(-24.75,7.,26.5));
#5339=CARTESIAN_POINT('',(-24.75,7.,36.));
#5340=CARTESIAN_POINT('',(-24.75,7.,36.));
#5341=CARTESIAN_POINT('',(-24.75,7.,26.5));
#5342=CARTESIAN_POINT('Origin',(-19.25,7.,26.5));
#5343=CARTESIAN_POINT('',(-19.2439625622534,7.43237152756147,36.0060374377466));
#5344=CARTESIAN_POINT('',(-19.2439625622534,7.43237152756147,26.5));
#5345=CARTESIAN_POINT('',(-19.0871452442016,18.6628547557991,36.1628547557984));
#5346=CARTESIAN_POINT('',(-19.0871452442016,18.6628547557991,36.1628547557984));
#5347=CARTESIAN_POINT('',(-19.0871452442016,18.6628547557991,36.1628547557984));
#5348=CARTESIAN_POINT('Origin',(1.12757025938492E-15,18.5,36.));
#5349=CARTESIAN_POINT('',(-18.4128547557984,18.6628547557991,36.1628547557984));
#5350=CARTESIAN_POINT('',(-22.,18.6628547557991,36.1628547557984));
#5351=CARTESIAN_POINT('',(-18.4128547557984,18.6628547557991,36.1628547557984));
#5352=CARTESIAN_POINT('Origin',(-18.25,7.,26.5));
#5353=CARTESIAN_POINT('',(-18.2613561345104,7.81327036924775,36.0113561345104));
#5354=CARTESIAN_POINT('',(-18.2613561345104,7.81327036924775,36.0113561345104));
#5355=CARTESIAN_POINT('',(-18.2613561345104,7.81327036924775,26.5));
#5356=CARTESIAN_POINT('Origin',(-22.,16.,22.));
#5357=CARTESIAN_POINT('',(-24.51,16.,25.8743281269574));
#5358=CARTESIAN_POINT('',(-24.51,16.,22.));
#5359=CARTESIAN_POINT('Origin',(-22.,16.,25.8743281269574));
#5360=CARTESIAN_POINT('Origin',(-24.75,7.,26.5));
#5361=CARTESIAN_POINT('',(-24.75,7.,26.));
#5362=CARTESIAN_POINT('',(-24.7500000000001,7.,26.5));
#5363=CARTESIAN_POINT('',(-24.9128547557984,18.6628547557991,25.8371452442016));
#5364=CARTESIAN_POINT('',(-24.9128547557984,18.6628547557991,25.8371452442016));
#5365=CARTESIAN_POINT('',(-24.9128547557984,18.6628547557991,25.8371452442016));
#5366=CARTESIAN_POINT('Origin',(1.12757025938492E-15,18.5,26.));
#5367=CARTESIAN_POINT('',(-25.5871452442016,18.6628547557991,25.8371452442016));
#5368=CARTESIAN_POINT('',(-22.,18.6628547557991,25.8371452442016));
#5369=CARTESIAN_POINT('',(-25.5871452442016,18.6628547557991,25.8371452442016));
#5370=CARTESIAN_POINT('Origin',(-25.75,7.,26.5));
#5371=CARTESIAN_POINT('',(-25.75,7.,26.));
#5372=CARTESIAN_POINT('',(-25.75,7.,26.));
#5373=CARTESIAN_POINT('',(-25.75,7.,26.5));
#5374=CARTESIAN_POINT('Origin',(-13.,16.,26.5));
#5375=CARTESIAN_POINT('',(-13.,22.2757359312881,25.7866966281567));
#5376=CARTESIAN_POINT('',(-13.,22.2757359312881,36.2133033718433));
#5377=CARTESIAN_POINT('',(-13.,22.2757359312881,50.));
#5378=CARTESIAN_POINT('',(-13.,16.,25.8743281269574));
#5379=CARTESIAN_POINT('',(-13.,7.,26.));
#5380=CARTESIAN_POINT('',(-13.,16.,36.1256718730426));
#5381=CARTESIAN_POINT('',(-13.,16.,26.5));
#5382=CARTESIAN_POINT('',(-13.,7.,36.));
#5383=CARTESIAN_POINT('Origin',(-18.25,7.,26.5));
#5384=CARTESIAN_POINT('',(-18.2613561345104,7.81327036924775,25.9886438654896));
#5385=CARTESIAN_POINT('',(-18.2613561345104,7.81327036924775,26.5));
#5386=CARTESIAN_POINT('',(-18.4128547557984,18.6628547557991,25.8371452442016));
#5387=CARTESIAN_POINT('',(-18.4128547557984,18.6628547557991,25.8371452442016));
#5388=CARTESIAN_POINT('',(-18.4128547557984,18.6628547557991,25.8371452442016));
#5389=CARTESIAN_POINT('Origin',(1.12757025938492E-15,18.5,26.));
#5390=CARTESIAN_POINT('',(-19.0871452442016,18.6628547557991,25.8371452442016));
#5391=CARTESIAN_POINT('',(-22.,18.6628547557991,25.8371452442016));
#5392=CARTESIAN_POINT('',(-19.097797398204,17.8999999999974,26.6));
#5393=CARTESIAN_POINT('Origin',(-19.25,7.,26.5));
#5394=CARTESIAN_POINT('',(-19.2439625622535,7.43237152756146,25.9939625622535));
#5395=CARTESIAN_POINT('',(-19.2439625622534,7.43237152756143,25.9939625622535));
#5396=CARTESIAN_POINT('',(-19.2439625622535,7.43237152756146,26.5));
#5397=CARTESIAN_POINT('Origin',(-22.,16.,26.5));
#5398=CARTESIAN_POINT('Origin',(-22.0000000000013,16.0000000000007,36.1256718730427));
#5399=CARTESIAN_POINT('Origin',(-22.0000000000009,16.0000000000006,25.8743281269574));
#5400=CARTESIAN_POINT('',(-22.,7.,26.));
#5401=CARTESIAN_POINT('Origin',(-22.0000048897986,15.9983188241166,25.8743516021271));
#5402=CARTESIAN_POINT('',(-22.,7.,36.));
#5403=CARTESIAN_POINT('',(-22.,7.,26.5));
#5404=CARTESIAN_POINT('Origin',(-22.0000048897986,15.9983188241167,36.1256483978731));
#5405=CARTESIAN_POINT('Origin',(-22.,7.,26.5));
#5406=CARTESIAN_POINT('',(-22.,7.,36.));
#5407=CARTESIAN_POINT('',(-22.,7.,26.));
#5408=CARTESIAN_POINT('',(-29.8882916684065,7.,26.));
#5409=CARTESIAN_POINT('',(-22.,7.,26.));
#5410=CARTESIAN_POINT('',(-29.8882916684065,7.,36.));
#5411=CARTESIAN_POINT('',(-29.8882916684065,7.,-6.));
#5412=CARTESIAN_POINT('',(-22.,7.,36.));
#5413=CARTESIAN_POINT('Origin',(-30.,-1.,-6.));
#5414=CARTESIAN_POINT('',(-29.6369479223213,25.,25.7486562539147));
#5415=CARTESIAN_POINT('',(-29.8882916684065,7.,26.));
#5416=CARTESIAN_POINT('',(-29.6369479223213,25.,21.1471854544975));
#5417=CARTESIAN_POINT('',(-29.6369479223213,25.,-6.));
#5418=CARTESIAN_POINT('',(-29.7346927124655,17.9999999999999,21.025));
#5419=CARTESIAN_POINT('',(-29.6369479223213,25.,21.1471854544975));
#5420=CARTESIAN_POINT('Origin',(-29.7346927124655,18.,17.));
#5421=CARTESIAN_POINT('',(-29.9162187513049,5.,50.));
#5422=CARTESIAN_POINT('',(-29.6369479223213,25.,36.2513437460853));
#5423=CARTESIAN_POINT('Origin',(-15.,18.,17.));
#5424=CARTESIAN_POINT('',(-14.9811492190436,17.9999999999993,21.025));
#5425=CARTESIAN_POINT('',(-15.,18.,21.025));
#5426=CARTESIAN_POINT('Origin',(-14.9811492190436,18.,17.));
#5427=CARTESIAN_POINT('Origin',(-15.,16.65,38.));
#5428=CARTESIAN_POINT('',(-14.9043497410731,23.5,21.1210028571052));
#5429=CARTESIAN_POINT('',(-14.9811492190436,18.,21.025));
#5430=CARTESIAN_POINT('',(-14.9043497410731,23.5,38.));
#5431=CARTESIAN_POINT('',(-14.9322768239715,21.5,38.));
#5432=CARTESIAN_POINT('Origin',(-2.31296463463574E-16,23.5,0.));
#5433=CARTESIAN_POINT('',(-13.8956502589269,23.5,21.1210028571052));
#5434=CARTESIAN_POINT('',(-2.31296463463574E-16,23.5,21.1210028571052));
#5435=CARTESIAN_POINT('',(-13.8956502589269,23.5,38.));
#5436=CARTESIAN_POINT('Origin',(-13.8,16.65,38.));
#5437=CARTESIAN_POINT('',(-13.8677231760285,21.5,21.0860927272488));
#5438=CARTESIAN_POINT('',(-13.8956502589269,23.5,21.1210028571052));
#5439=CARTESIAN_POINT('',(-13.8677231760285,21.5,0.));
#5440=CARTESIAN_POINT('Origin',(-15.,25.,50.));
#5441=CARTESIAN_POINT('',(-17.0710678118655,25.,21.1471854544975));
#5442=CARTESIAN_POINT('',(-17.0710678118655,25.,25.7486562539147));
#5443=CARTESIAN_POINT('',(-17.0710678118655,25.,50.));
#5444=CARTESIAN_POINT('',(-15.,25.,21.1471854544975));
#5445=CARTESIAN_POINT('',(-22.,25.,25.7486562539147));
#5446=CARTESIAN_POINT('Origin',(-2.2840525767028E-15,21.5,0.));
#5447=CARTESIAN_POINT('',(-11.5,21.5,21.0860927272488));
#5448=CARTESIAN_POINT('',(-2.2840525767028E-15,21.5,21.0860927272488));
#5449=CARTESIAN_POINT('',(-11.5,21.5,2.90727682397147));
#5450=CARTESIAN_POINT('',(-11.5,21.5,50.));
#5451=CARTESIAN_POINT('',(-17.5370861536436,21.5,2.90727682397147));
#5452=CARTESIAN_POINT('Origin',(-17.5370861536436,16.65,2.975));
#5453=CARTESIAN_POINT('',(-13.5355339059327,23.5355339059327,2.87885356190476));
#5454=CARTESIAN_POINT('',(-11.5,21.5,2.90727682397147));
#5455=CARTESIAN_POINT('Origin',(-17.0710678118655,20.,2.92822213614524));
#5456=CARTESIAN_POINT('Origin',(-17.0710678118655,20.,50.));
#5457=CARTESIAN_POINT('',(-13.5355339059327,23.5355339059327,-5.6573970553267));
#5458=CARTESIAN_POINT('',(-13.5355339059327,23.5355339059327,50.));
#5459=CARTESIAN_POINT('Origin',(-17.0710678118655,20.,-5.70676562956717));
#5460=CARTESIAN_POINT('Origin',(-41.,-1.,-6.));
#5461=CARTESIAN_POINT('',(-1.65939545996494,11.6593954599649,-5.8232300067732));
#5462=CARTESIAN_POINT('',(-13.5355339059327,23.5355339059327,-5.65739705532671));
#5463=CARTESIAN_POINT('Origin',(-5.19492936589767,8.1238615540322,-5.87259858101368));
#5464=CARTESIAN_POINT('Origin',(-5.19492936589767,8.1238615540322,-6.02792708289836));
#5465=CARTESIAN_POINT('',(-1.65939545996494,11.6593954599649,50.));
#5466=CARTESIAN_POINT('Origin',(-5.19492936589767,8.1238615540322,50.));
#5467=CARTESIAN_POINT('',(-1.65939545996494,11.6593954599649,-6.02792708289836));
#5468=CARTESIAN_POINT('Origin',(-5.,7.92893218813453,50.));
#5469=CARTESIAN_POINT('',(-13.5355339059327,23.5355339059327,50.));
#5470=CARTESIAN_POINT('',(-13.5355339059327,23.5355339059327,50.));
#5471=CARTESIAN_POINT('Origin',(-17.0710678118655,20.,50.));
#5472=CARTESIAN_POINT('Origin',(-17.0710678118655,20.,50.));
#5473=CARTESIAN_POINT('',(-13.5355339059327,23.5355339059327,36.2308946130798));
#5474=CARTESIAN_POINT('',(-13.5355339059327,23.5355339059327,50.));
#5475=CARTESIAN_POINT('Origin',(-17.0710678118655,20.,36.1815260388394));
#5476=CARTESIAN_POINT('Origin',(-22.,7.,36.));
#5477=CARTESIAN_POINT('',(-12.487867965644,22.487867965644,36.2162654862977));
#5478=CARTESIAN_POINT('Origin',(-12.7,22.2757359312881,36.2133033718433));
#5479=CARTESIAN_POINT('',(-13.5355339059327,23.5355339059327,36.2308946130798));
#5480=CARTESIAN_POINT('Origin',(-12.7,22.2757359312881,50.));
#5481=CARTESIAN_POINT('',(-12.487867965644,22.487867965644,25.7837345137023));
#5482=CARTESIAN_POINT('',(-12.487867965644,22.487867965644,50.));
#5483=CARTESIAN_POINT('Origin',(-12.7,22.2757359312881,25.7866966281567));
#5484=CARTESIAN_POINT('Origin',(-22.,7.,26.));
#5485=CARTESIAN_POINT('',(-13.5355339059327,23.5355339059327,25.7691053869202));
#5486=CARTESIAN_POINT('',(-12.487867965644,22.487867965644,25.7837345137023));
#5487=CARTESIAN_POINT('Origin',(-17.0710678118655,20.,25.8184739611606));
#5488=CARTESIAN_POINT('Origin',(-17.0710678118655,20.,50.));
#5489=CARTESIAN_POINT('',(-13.5355339059327,23.5355339059327,21.1216231037404));
#5490=CARTESIAN_POINT('',(-13.5355339059327,23.5355339059327,50.));
#5491=CARTESIAN_POINT('Origin',(-17.0710678118655,20.,21.0599101298565));
#5492=CARTESIAN_POINT('Origin',(-15.,17.9999999999986,21.025));
#5493=CARTESIAN_POINT('',(-13.5355339059327,23.5355339059327,21.1216231037404));
#5494=CARTESIAN_POINT('Origin',(0.,10.,50.));
#5495=CARTESIAN_POINT('',(-8.00146994367376,18.0014699436738,29.33817690029));
#5496=CARTESIAN_POINT('Ctrl Pts',(-8.00146994367375,18.0014699436738,29.33817690029));
#5497=CARTESIAN_POINT('Ctrl Pts',(-8.00414198643443,18.0041419864344,29.3356152833924));
#5498=CARTESIAN_POINT('Ctrl Pts',(-8.0031399703992,18.0031399703992,29.3370323480592));
#5499=CARTESIAN_POINT('Ctrl Pts',(-8.00146994367375,18.0014699436738,29.33817690029));
#5500=CARTESIAN_POINT('Origin',(0.,10.,50.));
#5501=CARTESIAN_POINT('',(-7.64210588508748,17.6421058850875,23.5619851411805));
#5502=CARTESIAN_POINT('',(-8.33385664746524,18.3338566474652,24.513198882483));
#5503=CARTESIAN_POINT('Origin',(-6.77178258258657,16.7717825825865,25.5278332256975));
#5504=CARTESIAN_POINT('',(-8.53252563604389,18.5325256360439,25.898990200786));
#5505=CARTESIAN_POINT('Origin',(-5.82696096732623,15.8269609673262,26.116293907969));
#5506=CARTESIAN_POINT('',(-7.5620473731439,17.5620473731439,27.755679017447));
#5507=CARTESIAN_POINT('Ctrl Pts',(-8.53252563604389,18.5325256360439,25.898990200786));
#5508=CARTESIAN_POINT('Ctrl Pts',(-8.46052129570507,18.4605212957051,26.7355349596066));
#5509=CARTESIAN_POINT('Ctrl Pts',(-8.07445770409853,18.0744577040985,27.4014693077723));
#5510=CARTESIAN_POINT('Ctrl Pts',(-7.5620473731439,17.5620473731439,27.755679017447));
#5511=CARTESIAN_POINT('',(-7.5620473731439,17.5620473731439,29.5719925703034));
#5512=CARTESIAN_POINT('',(-7.56204737314391,17.5620473731439,38.8778395087235));
#5513=CARTESIAN_POINT('Origin',(-6.75486498991031,16.7548649899103,25.5952899196066));
#5514=CARTESIAN_POINT('',(-9.52356965161252,19.5235696516125,24.4489520980175));
#5515=CARTESIAN_POINT('Origin',(-6.22096565589192,16.2209656558919,25.0073162236442));
#5516=CARTESIAN_POINT('',(-8.73062930470037,18.7306293047004,22.5960193933473));
#5517=CARTESIAN_POINT('Origin',(-6.05054900054348,16.0505490005435,26.418645776376));
#5518=CARTESIAN_POINT('',(-8.31037350243429,18.3103735024343,22.1702459634766));
#5519=CARTESIAN_POINT('Ctrl Pts',(-8.73062930470037,18.7306293047004,22.5960193933473));
#5520=CARTESIAN_POINT('Ctrl Pts',(-8.66074510942227,18.6607451094223,22.5095602811799));
#5521=CARTESIAN_POINT('Ctrl Pts',(-8.63312543665613,18.6331254366561,22.453477221869));
#5522=CARTESIAN_POINT('Ctrl Pts',(-8.31037350243429,18.3103735024343,22.1702459634767));
#5523=CARTESIAN_POINT('',(-8.9637875878168,18.9637875878168,21.4314640002382));
#5524=CARTESIAN_POINT('Ctrl Pts',(-8.31037350243429,18.3103735024343,22.1702459634767));
#5525=CARTESIAN_POINT('Ctrl Pts',(-8.37988515743201,18.379885157432,22.1092482984376));
#5526=CARTESIAN_POINT('Ctrl Pts',(-8.51954147797757,18.5195414779776,21.9818083198493));
#5527=CARTESIAN_POINT('Ctrl Pts',(-8.641279839491,18.641279839491,21.8632985842279));
#5528=CARTESIAN_POINT('Ctrl Pts',(-8.79233231448709,18.7923323144871,21.6611003819249));
#5529=CARTESIAN_POINT('Ctrl Pts',(-8.86675543239963,18.8667554323996,21.5612407572521));
#5530=CARTESIAN_POINT('Ctrl Pts',(-8.96378758781486,18.9637875878149,21.4314640002408));
#5531=CARTESIAN_POINT('',(-9.62987640839454,19.6298764083945,18.6490613984652));
#5532=CARTESIAN_POINT('Origin',(-6.61992677876413,16.6199267787641,18.7585958124581));
#5533=CARTESIAN_POINT('',(-8.12674764079732,18.1267476407973,15.0933886827455));
#5534=CARTESIAN_POINT('Origin',(-6.36780194332173,16.3678019433217,19.1878381411325));
#5535=CARTESIAN_POINT('',(-8.11893705426624,18.1189370542662,15.0884652914033));
#5536=CARTESIAN_POINT('Ctrl Pts',(-8.12674764079732,18.1267476407973,15.0933886827455));
#5537=CARTESIAN_POINT('Ctrl Pts',(-8.12507761407193,18.1250776140719,15.0915174306855));
#5538=CARTESIAN_POINT('Ctrl Pts',(-8.1223028004359,18.1223028004359,15.0903728784547));
#5539=CARTESIAN_POINT('Ctrl Pts',(-8.11893705426624,18.1189370542662,15.0884652914033));
#5540=CARTESIAN_POINT('',(-6.71542090152489,16.7154209015249,14.6048647226319));
#5541=CARTESIAN_POINT('Origin',(-6.24958040576783,16.2495804057678,19.9270227022911));
#5542=CARTESIAN_POINT('',(-3.79687163598187,13.7968716359819,18.615120413918));
#5543=CARTESIAN_POINT('Ctrl Pts',(-6.71542090152489,16.7154209015249,14.6048647226319));
#5544=CARTESIAN_POINT('Ctrl Pts',(-6.11096447167671,16.1109644716767,14.6048647226319));
#5545=CARTESIAN_POINT('Ctrl Pts',(-5.20088925227969,15.2008892522797,14.9786380054461));
#5546=CARTESIAN_POINT('Ctrl Pts',(-4.32446364613198,14.324463646132,16.1539207662408));
#5547=CARTESIAN_POINT('Ctrl Pts',(-3.9032996279846,13.9032996279846,17.3379471198297));
#5548=CARTESIAN_POINT('Ctrl Pts',(-3.81580872387814,13.8158087238781,18.0802515700548));
#5549=CARTESIAN_POINT('Ctrl Pts',(-3.7998266093301,13.7998266093301,18.5268049230659));
#5550=CARTESIAN_POINT('Ctrl Pts',(-3.7983818768551,13.7983818768551,18.5707725662767));
#5551=CARTESIAN_POINT('Ctrl Pts',(-3.79687163598186,13.7968716359819,18.615120413918));
#5552=CARTESIAN_POINT('',(-3.82236500356452,13.8223650035645,19.2741282207223));
#5553=CARTESIAN_POINT('Ctrl Pts',(-3.79687163598186,13.7968716359819,18.6151204139177));
#5554=CARTESIAN_POINT('Ctrl Pts',(-3.79727503670396,13.797275036704,18.6705475466346));
#5555=CARTESIAN_POINT('Ctrl Pts',(-3.79760004529391,13.7976000452939,18.7159836290392));
#5556=CARTESIAN_POINT('Ctrl Pts',(-3.79850008043961,13.7985000804396,18.8358920580302));
#5557=CARTESIAN_POINT('Ctrl Pts',(-3.80201655305625,13.8020165530562,18.9684123024091));
#5558=CARTESIAN_POINT('Ctrl Pts',(-3.81017848604097,13.810178486041,19.1271994089231));
#5559=CARTESIAN_POINT('Ctrl Pts',(-3.8176145486987,13.8176145486987,19.2196331966101));
#5560=CARTESIAN_POINT('Ctrl Pts',(-3.82117131861117,13.8211713186112,19.2603994316069));
#5561=CARTESIAN_POINT('Ctrl Pts',(-3.82179686964086,13.8217968696409,19.267597529812));
#5562=CARTESIAN_POINT('Ctrl Pts',(-3.82236500356451,13.8223650035645,19.2741282207223));
#5563=CARTESIAN_POINT('',(-3.90751504360113,13.9075150436011,19.8765087903962));
#5564=CARTESIAN_POINT('Ctrl Pts',(-3.82236500356452,13.8223650035645,19.2741282207223));
#5565=CARTESIAN_POINT('Ctrl Pts',(-3.82514084018804,13.825140840188,19.3018632618255));
#5566=CARTESIAN_POINT('Ctrl Pts',(-3.82740701207971,13.8274070120797,19.3245890439369));
#5567=CARTESIAN_POINT('Ctrl Pts',(-3.83710911306806,13.8371091130681,19.420868398604));
#5568=CARTESIAN_POINT('Ctrl Pts',(-3.84297000020578,13.8429700002058,19.4684488565597));
#5569=CARTESIAN_POINT('Ctrl Pts',(-3.86635319050278,13.8663531905028,19.6506508491162));
#5570=CARTESIAN_POINT('Ctrl Pts',(-3.88806338349097,13.888063383491,19.7766608635307));
#5571=CARTESIAN_POINT('Ctrl Pts',(-3.90751504360114,13.9075150436011,19.8765087903962));
#5572=CARTESIAN_POINT('',(-3.90755640789024,13.9075564078902,19.876719970867));
#5573=CARTESIAN_POINT('Ctrl Pts',(-3.90751504360113,13.9075150436011,19.8765087903962));
#5574=CARTESIAN_POINT('Ctrl Pts',(-3.90812078015544,13.9081207801554,19.8786503925219));
#5575=CARTESIAN_POINT('Ctrl Pts',(-3.9077896855219,13.9077896855219,19.877867565791));
#5576=CARTESIAN_POINT('Ctrl Pts',(-3.90755607376558,13.9075560737656,19.8767201069162));
#5577=CARTESIAN_POINT('',(-4.63492729974577,14.6349272997458,21.6435702623353));
#5578=CARTESIAN_POINT('Origin',(-7.76869303547675,17.7686930354767,17.4576704774468));
#5579=CARTESIAN_POINT('',(-4.71113353515593,14.7111335351559,21.7476484256285));
#5580=CARTESIAN_POINT('Ctrl Pts',(-4.63492729974577,14.6349272997458,21.6435702623353));
#5581=CARTESIAN_POINT('Ctrl Pts',(-4.64352023669737,14.6435202366974,21.6564449762749));
#5582=CARTESIAN_POINT('Ctrl Pts',(-4.65289949967815,14.6528994996781,21.6681981422703));
#5583=CARTESIAN_POINT('Ctrl Pts',(-4.67829002526457,14.6782900252646,21.7028501664652));
#5584=CARTESIAN_POINT('Ctrl Pts',(-4.69472170700243,14.6947217070024,21.725258151813));
#5585=CARTESIAN_POINT('Ctrl Pts',(-4.71113353515593,14.7111335351559,21.7476484256285));
#5586=CARTESIAN_POINT('',(-5.10132722507053,15.1013272250705,22.1714813531861));
#5587=CARTESIAN_POINT('Ctrl Pts',(-4.71113353515593,14.7111335351559,21.7476484256285));
#5588=CARTESIAN_POINT('Ctrl Pts',(-4.83433099420622,14.8343309942062,21.9071248369662));
#5589=CARTESIAN_POINT('Ctrl Pts',(-4.96356396323538,14.9635639632354,22.0480252552901));
#5590=CARTESIAN_POINT('Ctrl Pts',(-5.10132722507053,15.1013272250705,22.1714813531861));
#5591=CARTESIAN_POINT('',(-4.70108605079032,14.7010860507903,22.6107895673738));
#5592=CARTESIAN_POINT('Origin',(-6.53638688829212,16.5363868882921,25.370667562928));
#5593=CARTESIAN_POINT('',(-3.82311413043265,13.8231141304327,26.2179893189394));
#5594=CARTESIAN_POINT('Origin',(-7.29169713227855,17.2916971322785,26.3811130161451));
#5595=CARTESIAN_POINT('',(-5.78002608627133,15.7800260862713,29.541216832541));
#5596=CARTESIAN_POINT('Ctrl Pts',(-3.82311413043265,13.8231141304327,26.2179893189394));
#5597=CARTESIAN_POINT('Ctrl Pts',(-3.8825313730181,13.8825313730181,26.8693768282118));
#5598=CARTESIAN_POINT('Ctrl Pts',(-4.27052156491449,14.2705215649145,28.345740059015));
#5599=CARTESIAN_POINT('Ctrl Pts',(-5.18824056570096,15.188240565701,29.2800868820041));
#5600=CARTESIAN_POINT('Ctrl Pts',(-5.78002608627133,15.7800260862713,29.541216832541));
#5601=CARTESIAN_POINT('',(-5.78002608627133,15.7800260862713,27.6892586530671));
#5602=CARTESIAN_POINT('',(-5.78002608627133,15.7800260862713,39.7706084162705));
#5603=CARTESIAN_POINT('',(-4.88902828919448,14.8890282891945,25.6243955911622));
#5604=CARTESIAN_POINT('Ctrl Pts',(-5.78002608627133,15.7800260862713,27.6892586530671));
#5605=CARTESIAN_POINT('Ctrl Pts',(-5.25892636251016,15.2589263625102,27.278455239676));
#5606=CARTESIAN_POINT('Ctrl Pts',(-4.88902828919448,14.8890282891945,26.5332972349152));
#5607=CARTESIAN_POINT('Ctrl Pts',(-4.88902828919448,14.8890282891945,25.6243955911622));
#5608=CARTESIAN_POINT('',(-4.8924968062395,14.8924968062395,25.4705714048371));
#5609=CARTESIAN_POINT('Origin',(-5.49424512754108,15.4942451275411,24.6724446438653));
#5610=CARTESIAN_POINT('',(-4.89251170708673,14.8925117070867,25.4701988027181));
#5611=CARTESIAN_POINT('Ctrl Pts',(-4.8924968062395,14.8924968062395,25.4705714048371));
#5612=CARTESIAN_POINT('Ctrl Pts',(-4.89240029129317,14.8924002912932,25.466800792727));
#5613=CARTESIAN_POINT('Ctrl Pts',(-4.89257569584235,14.8925756958424,25.4683017508852));
#5614=CARTESIAN_POINT('Ctrl Pts',(-4.89251228578246,14.8925122857825,25.4701988414038));
#5615=CARTESIAN_POINT('',(-4.8977124281665,14.8977124281665,25.4102734865174));
#5616=CARTESIAN_POINT('Ctrl Pts',(-4.89251141787738,14.8925114178774,25.470198779808));
#5617=CARTESIAN_POINT('Ctrl Pts',(-4.89347377256181,14.8934737725618,25.4459018630258));
#5618=CARTESIAN_POINT('Ctrl Pts',(-4.89605088348565,14.8960508834857,25.4282944840949));
#5619=CARTESIAN_POINT('Ctrl Pts',(-4.8977124281665,14.8977124281665,25.4102734865174));
#5620=CARTESIAN_POINT('',(-4.90642225985745,14.9064222598575,25.3007598222718));
#5621=CARTESIAN_POINT('Ctrl Pts',(-4.8977124281665,14.8977124281665,25.4102734865174));
#5622=CARTESIAN_POINT('Ctrl Pts',(-4.90110386705499,14.901103867055,25.373629647635));
#5623=CARTESIAN_POINT('Ctrl Pts',(-4.90305651368779,14.9030565136878,25.3367859662995));
#5624=CARTESIAN_POINT('Ctrl Pts',(-4.90642225985745,14.9064222598575,25.3007598222718));
#5625=CARTESIAN_POINT('',(-4.90645723594183,14.9064572359418,25.299907918976));
#5626=CARTESIAN_POINT('Ctrl Pts',(-4.90642225985745,14.9064222598575,25.3007598222718));
#5627=CARTESIAN_POINT('Ctrl Pts',(-4.9064040676748,14.9064040676748,25.3004290384392));
#5628=CARTESIAN_POINT('Ctrl Pts',(-4.90639113316388,14.9063911331639,25.3001486299204));
#5629=CARTESIAN_POINT('Ctrl Pts',(-4.90638241926253,14.9063824192625,25.2999134635195));
#5630=CARTESIAN_POINT('',(-4.90729581229838,14.9072958122984,25.2872250379548));
#5631=CARTESIAN_POINT('Ctrl Pts',(-4.90646295792667,14.9064629579267,25.2996709264013));
#5632=CARTESIAN_POINT('Ctrl Pts',(-4.90673206910705,14.9067320691071,25.292688755547));
#5633=CARTESIAN_POINT('Ctrl Pts',(-4.90700229793696,14.907002297937,25.2899404313937));
#5634=CARTESIAN_POINT('Ctrl Pts',(-4.90729581229838,14.9072958122984,25.2872250379548));
#5635=CARTESIAN_POINT('',(-5.35390511880642,15.3539051188064,24.0283233168253));
#5636=CARTESIAN_POINT('Origin',(-7.98400086773735,17.9840008677373,26.116682153132));
#5637=CARTESIAN_POINT('',(-5.44417086543483,15.4441708654348,23.9077852548585));
#5638=CARTESIAN_POINT('Ctrl Pts',(-5.35390511877172,15.3539051187717,24.0283233167977));
#5639=CARTESIAN_POINT('Ctrl Pts',(-5.37093430537482,15.3709343053748,24.0057771289527));
#5640=CARTESIAN_POINT('Ctrl Pts',(-5.3887007261523,15.3887007261523,23.9821688819386));
#5641=CARTESIAN_POINT('Ctrl Pts',(-5.41640661838345,15.4164066183835,23.9456192079214));
#5642=CARTESIAN_POINT('Ctrl Pts',(-5.42895829463685,15.4289582946369,23.9276170134141));
#5643=CARTESIAN_POINT('Ctrl Pts',(-5.44417086543483,15.4441708654348,23.9077852548585));
#5644=CARTESIAN_POINT('',(-5.81830823736117,15.8183082373612,23.5410743535981));
#5645=CARTESIAN_POINT('Origin',(-6.64406807660742,16.6440680766074,25.3123021670107));
#5646=CARTESIAN_POINT('',(-6.69800123814303,16.698001238143,23.0340922178254));
#5647=CARTESIAN_POINT('Ctrl Pts',(-5.81830823736117,15.8183082373612,23.5410743535981));
#5648=CARTESIAN_POINT('Ctrl Pts',(-5.8149424911915,15.8149424911915,23.5379858793244));
#5649=CARTESIAN_POINT('Ctrl Pts',(-5.97539352042375,15.9753935204238,23.3293503583894));
#5650=CARTESIAN_POINT('Ctrl Pts',(-6.69800123814303,16.698001238143,23.0340922178254));
#5651=CARTESIAN_POINT('Ctrl Pts',(-6.69800123814303,16.698001238143,23.0340922178254));
#5652=CARTESIAN_POINT('Ctrl Pts',(-7.03339399004019,17.0333939900402,23.169948750876));
#5653=CARTESIAN_POINT('Ctrl Pts',(-7.35283156353012,17.3528315635301,23.3150707067475));
#5654=CARTESIAN_POINT('Ctrl Pts',(-7.64210588508748,17.6421058850875,23.5619851411805));
#5655=CARTESIAN_POINT('Origin',(0.,10.,50.));
#5656=CARTESIAN_POINT('',(-5.35320710814077,15.3532071081408,20.3329095644839));
#5657=CARTESIAN_POINT('',(-5.14135648104234,15.1413564810423,19.9355713190064));
#5658=CARTESIAN_POINT('Ctrl Pts',(-5.35320710814075,15.3532071081407,20.3329095644839));
#5659=CARTESIAN_POINT('Ctrl Pts',(-5.30027327414705,15.300273274147,20.2376710049333));
#5660=CARTESIAN_POINT('Ctrl Pts',(-5.26221958686897,15.262219586869,20.1693974505187));
#5661=CARTESIAN_POINT('Ctrl Pts',(-5.18179084793018,15.1817908479302,20.0240433711816));
#5662=CARTESIAN_POINT('Ctrl Pts',(-5.16299245524053,15.1629924552405,19.9826009008762));
#5663=CARTESIAN_POINT('Ctrl Pts',(-5.14135648104234,15.1413564810423,19.9355713190064));
#5664=CARTESIAN_POINT('',(-4.8881547367535,14.8881547367535,18.5596970996322));
#5665=CARTESIAN_POINT('Ctrl Pts',(-5.14135648104234,15.1413564810423,19.9355713190064));
#5666=CARTESIAN_POINT('Ctrl Pts',(-4.97639686630774,14.9763968663077,19.5701879714207));
#5667=CARTESIAN_POINT('Ctrl Pts',(-4.88774437602217,14.8877443760222,19.1398560784077));
#5668=CARTESIAN_POINT('Ctrl Pts',(-4.88818608761783,14.8881860876178,18.6574751002501));
#5669=CARTESIAN_POINT('Ctrl Pts',(-4.8881547367535,14.8881547367535,18.6085971094588));
#5670=CARTESIAN_POINT('Ctrl Pts',(-4.8881547367535,14.8881547367535,18.5596970996342));
#5671=CARTESIAN_POINT('',(-6.71367379664291,16.7136737966429,16.3091574968324));
#5672=CARTESIAN_POINT('Ctrl Pts',(-4.8881547367535,14.8881547367535,18.5596970996322));
#5673=CARTESIAN_POINT('Ctrl Pts',(-4.89088617062678,14.8908861706268,18.5257495473413));
#5674=CARTESIAN_POINT('Ctrl Pts',(-4.89346592123686,14.8934659212368,18.4935248410376));
#5675=CARTESIAN_POINT('Ctrl Pts',(-4.91157070987805,14.911570709878,18.2701846968667));
#5676=CARTESIAN_POINT('Ctrl Pts',(-4.95743887592676,14.9574388759267,18.0178948451565));
#5677=CARTESIAN_POINT('Ctrl Pts',(-5.08173905459108,15.0817390545911,17.5857307612262));
#5678=CARTESIAN_POINT('Ctrl Pts',(-5.33154206015396,15.3315420601539,17.0918943306125));
#5679=CARTESIAN_POINT('Ctrl Pts',(-5.86847328795987,15.8684732879599,16.5035077625234));
#5680=CARTESIAN_POINT('Ctrl Pts',(-6.37499454486043,16.3749945448604,16.3091574968324));
#5681=CARTESIAN_POINT('Ctrl Pts',(-6.71367379664291,16.7136737966429,16.3091574968324));
#5682=CARTESIAN_POINT('',(-8.54268706629627,18.5426870662963,18.7198025049195));
#5683=CARTESIAN_POINT('Ctrl Pts',(-6.71367379664291,16.7136737966429,16.3091574968324));
#5684=CARTESIAN_POINT('Ctrl Pts',(-7.67059911029461,17.6705991102946,16.3091574968324));
#5685=CARTESIAN_POINT('Ctrl Pts',(-8.5409399614143,18.5409399614143,17.3230127634034));
#5686=CARTESIAN_POINT('Ctrl Pts',(-8.54268706629627,18.5426870662963,18.7198025049195));
#5687=CARTESIAN_POINT('',(-8.52899183675069,18.5289918367507,19.0149332542306));
#5688=CARTESIAN_POINT('Ctrl Pts',(-8.54268706629627,18.5426870662963,18.7198025049195));
#5689=CARTESIAN_POINT('Ctrl Pts',(-8.54268706629627,18.5426870662963,18.7679951515226));
#5690=CARTESIAN_POINT('Ctrl Pts',(-8.54187368518581,18.5418736851858,18.8097729791501));
#5691=CARTESIAN_POINT('Ctrl Pts',(-8.53522023855407,18.5352202385541,18.9167016010168));
#5692=CARTESIAN_POINT('Ctrl Pts',(-8.53246991538574,18.5324699153857,18.9598320349881));
#5693=CARTESIAN_POINT('Ctrl Pts',(-8.52899183675068,18.5289918367507,19.0149332542306));
#5694=CARTESIAN_POINT('',(-8.51136764201535,18.5113676420153,19.1566399396882));
#5695=CARTESIAN_POINT('Ctrl Pts',(-8.52899183675069,18.5289918367507,19.0149332542306));
#5696=CARTESIAN_POINT('Ctrl Pts',(-8.52329313385949,18.5232931338595,19.0675358062792));
#5697=CARTESIAN_POINT('Ctrl Pts',(-8.51785544332005,18.51785544332,19.1128304134269));
#5698=CARTESIAN_POINT('Ctrl Pts',(-8.51136764201535,18.5113676420153,19.1566399396882));
#5699=CARTESIAN_POINT('',(-8.33385664746525,18.3338566474652,19.8297456563935));
#5700=CARTESIAN_POINT('Ctrl Pts',(-8.51136764201535,18.5113676420153,19.1566399396882));
#5701=CARTESIAN_POINT('Ctrl Pts',(-8.477350482255,18.477350482255,19.39803145542));
#5702=CARTESIAN_POINT('Ctrl Pts',(-8.41689551479566,18.4168955147957,19.6238170923219));
#5703=CARTESIAN_POINT('Ctrl Pts',(-8.33385664746525,18.3338566474652,19.8297456563935));
#5704=CARTESIAN_POINT('',(-7.64210588508748,17.6421058850875,20.780959397696));
#5705=CARTESIAN_POINT('Ctrl Pts',(-8.33385664746525,18.3338566474652,19.8297456563935));
#5706=CARTESIAN_POINT('Ctrl Pts',(-8.17337992551411,18.1733799255141,20.2298302473054));
#5707=CARTESIAN_POINT('Ctrl Pts',(-7.93122605033178,17.9312260503318,20.5572993577943));
#5708=CARTESIAN_POINT('Ctrl Pts',(-7.64210588508748,17.6421058850875,20.780959397696));
#5709=CARTESIAN_POINT('',(-6.69715337842093,16.6971533784209,21.3101058782563));
#5710=CARTESIAN_POINT('Ctrl Pts',(-7.64210588508748,17.6421058850875,20.780959397696));
#5711=CARTESIAN_POINT('Ctrl Pts',(-7.3526260217793,17.3526260217793,21.0280555070863));
#5712=CARTESIAN_POINT('Ctrl Pts',(-7.03277736478773,17.0327773647877,21.1741766752229));
#5713=CARTESIAN_POINT('Ctrl Pts',(-6.69715337842093,16.6971533784209,21.3101058782563));
#5714=CARTESIAN_POINT('',(-5.81656113247919,15.8165611324792,20.8031055749879));
#5715=CARTESIAN_POINT('Ctrl Pts',(-6.69715337842093,16.6971533784209,21.3101058782563));
#5716=CARTESIAN_POINT('Ctrl Pts',(-5.97827110493519,15.9782711049352,21.0163738073335));
#5717=CARTESIAN_POINT('Ctrl Pts',(-5.81376062612434,15.8137606261243,20.8055036844239));
#5718=CARTESIAN_POINT('Ctrl Pts',(-5.81656113247919,15.8165611324792,20.8031055749879));
#5719=CARTESIAN_POINT('',(-5.44242376055285,15.4424237605528,20.4364128412232));
#5720=CARTESIAN_POINT('Ctrl Pts',(-5.81656113247919,15.8165611324792,20.8031055749879));
#5721=CARTESIAN_POINT('Ctrl Pts',(-5.68103204053364,15.6810320405336,20.7021488012299));
#5722=CARTESIAN_POINT('Ctrl Pts',(-5.55490648368797,15.554906483688,20.5791003526673));
#5723=CARTESIAN_POINT('Ctrl Pts',(-5.44242376055285,15.4424237605528,20.4364128412232));
#5724=CARTESIAN_POINT('Ctrl Pts',(-5.44242376055285,15.4424237605528,20.4364128412232));
#5725=CARTESIAN_POINT('Ctrl Pts',(-5.44145032955275,15.4414503295527,20.435312228567));
#5726=CARTESIAN_POINT('Ctrl Pts',(-5.43926453707267,15.4392645371122,20.4326062235104));
#5727=CARTESIAN_POINT('Ctrl Pts',(-5.43668213431857,15.4366821343977,20.4288684051063));
#5728=CARTESIAN_POINT('Ctrl Pts',(-5.43352565400527,15.4335256540866,20.4243434406623));
#5729=CARTESIAN_POINT('Ctrl Pts',(-5.43178479772881,15.4317847978595,20.4219496876165));
#5730=CARTESIAN_POINT('Ctrl Pts',(-5.42915841951403,15.4291584196595,20.4189710220033));
#5731=CARTESIAN_POINT('Ctrl Pts',(-5.42912830907824,15.4291283092237,20.4189369230812));
#5732=CARTESIAN_POINT('Ctrl Pts',(-5.42906769751572,15.4290676976612,20.4188682550316));
#5733=CARTESIAN_POINT('Ctrl Pts',(-5.4289597724808,15.4289597726263,20.4187459969887));
#5734=CARTESIAN_POINT('Ctrl Pts',(-5.42873697103226,15.4287369711777,20.4184935910478));
#5735=CARTESIAN_POINT('Ctrl Pts',(-5.42839768108909,15.4283976812343,20.4181092072304));
#5736=CARTESIAN_POINT('Ctrl Pts',(-5.42795411355574,15.4279541137007,20.4176066897085));
#5737=CARTESIAN_POINT('Ctrl Pts',(-5.42698854024243,15.4269885403871,20.4165128240393));
#5738=CARTESIAN_POINT('Ctrl Pts',(-5.42562303938293,15.4256230395242,20.4149653795408));
#5739=CARTESIAN_POINT('Ctrl Pts',(-5.42388613755416,15.4238861376949,20.41299769694));
#5740=CARTESIAN_POINT('Ctrl Pts',(-5.42291688138683,15.4229168815272,20.411899653632));
#5741=CARTESIAN_POINT('Ctrl Pts',(-5.42240542101088,15.4224054211512,20.4113202541697));
#5742=CARTESIAN_POINT('Ctrl Pts',(-5.42210575939578,15.4221057595361,20.4109807924186));
#5743=CARTESIAN_POINT('Ctrl Pts',(-5.42072978632404,15.4207297864641,20.4094220319137));
#5744=CARTESIAN_POINT('Ctrl Pts',(-5.41652513895392,15.416525139088,20.4046580188945));
#5745=CARTESIAN_POINT('Ctrl Pts',(-5.40711293731211,15.4071129374376,20.393994398801));
#5746=CARTESIAN_POINT('Ctrl Pts',(-5.390917239288,15.3909172393772,20.375642032586));
#5747=CARTESIAN_POINT('Ctrl Pts',(-5.37205134558188,15.3720513456455,20.3542664970033));
#5748=CARTESIAN_POINT('Ctrl Pts',(-5.35861285808962,15.3586128580896,20.3390332733008));
#5749=CARTESIAN_POINT('Ctrl Pts',(-5.35320710814077,15.3532071081408,20.3329095644839));
#5750=CARTESIAN_POINT('Ctrl Pts',(-9.52356965161252,19.5235696516125,24.4489520980175));
#5751=CARTESIAN_POINT('Ctrl Pts',(-9.30905652851035,19.3090565285103,23.3511975642036));
#5752=CARTESIAN_POINT('Ctrl Pts',(-8.73062930470037,18.7306293047004,22.5960193933473));
#5753=CARTESIAN_POINT('Ctrl Pts',(-9.8771230422058,19.1700162610192,24.4489520980175));
#5754=CARTESIAN_POINT('Ctrl Pts',(-9.66260991910362,18.9555031379171,23.3511975642036));
#5755=CARTESIAN_POINT('Ctrl Pts',(-9.08418269529365,18.3770759141071,22.5960193933473));
#5756=CARTESIAN_POINT('',(-9.52356965161252,19.5235696516125,24.4489520980175));
#5757=CARTESIAN_POINT('',(-8.73062930470037,18.7306293047004,22.5960193933473));
#5758=CARTESIAN_POINT('Ctrl Pts',(-8.73062930470037,18.7306293047004,22.5960193933473));
#5759=CARTESIAN_POINT('Ctrl Pts',(-8.84848043489813,18.6127781745026,22.5960193933473));
#5760=CARTESIAN_POINT('Ctrl Pts',(-8.96633156509589,18.4949270443049,22.5960193933473));
#5761=CARTESIAN_POINT('Ctrl Pts',(-9.08418269529365,18.3770759141071,22.5960193933473));
#5762=CARTESIAN_POINT('Ctrl Pts',(-8.66074510942227,18.6607451094223,22.5095602811799));
#5763=CARTESIAN_POINT('Ctrl Pts',(-8.77859623962003,18.5428939792245,22.5095602811799));
#5764=CARTESIAN_POINT('Ctrl Pts',(-8.89644736981779,18.4250428490267,22.5095602811799));
#5765=CARTESIAN_POINT('Ctrl Pts',(-9.01429850001555,18.307191718829,22.5095602811799));
#5766=CARTESIAN_POINT('Ctrl Pts',(-8.63312543665613,18.6331254366561,22.453477221869));
#5767=CARTESIAN_POINT('Ctrl Pts',(-8.75097656685389,18.5152743064584,22.453477221869));
#5768=CARTESIAN_POINT('Ctrl Pts',(-8.86882769705165,18.3974231762606,22.453477221869));
#5769=CARTESIAN_POINT('Ctrl Pts',(-8.9866788272494,18.2795720460628,22.453477221869));
#5770=CARTESIAN_POINT('Ctrl Pts',(-8.31037350243429,18.3103735024343,22.1702459634767));
#5771=CARTESIAN_POINT('Ctrl Pts',(-8.42822463263205,18.1925223722365,22.1702459634767));
#5772=CARTESIAN_POINT('Ctrl Pts',(-8.54607576282981,18.0746712420388,22.1702459634767));
#5773=CARTESIAN_POINT('Ctrl Pts',(-8.66392689302757,17.956820111841,22.1702459634767));
#5774=CARTESIAN_POINT('',(-8.31037350243429,18.3103735024343,22.1702459634766));
#5775=CARTESIAN_POINT('Ctrl Pts',(-8.31037350243429,18.3103735024343,22.1702459634767));
#5776=CARTESIAN_POINT('Ctrl Pts',(-8.42822463263205,18.1925223722365,22.1702459634767));
#5777=CARTESIAN_POINT('Ctrl Pts',(-8.54607576282981,18.0746712420388,22.1702459634767));
#5778=CARTESIAN_POINT('Ctrl Pts',(-8.66392689302757,17.956820111841,22.1702459634767));
#5779=CARTESIAN_POINT('Ctrl Pts',(-8.37988515743201,18.379885157432,22.1092482984376));
#5780=CARTESIAN_POINT('Ctrl Pts',(-8.49773628762977,18.2620340272343,22.1092482984376));
#5781=CARTESIAN_POINT('Ctrl Pts',(-8.61558741782753,18.1441828970365,22.1092482984376));
#5782=CARTESIAN_POINT('Ctrl Pts',(-8.73343854802529,18.0263317668387,22.1092482984376));
#5783=CARTESIAN_POINT('Ctrl Pts',(-8.51954147797757,18.5195414779776,21.9818083198493));
#5784=CARTESIAN_POINT('Ctrl Pts',(-8.63739260817533,18.4016903477798,21.9818083198493));
#5785=CARTESIAN_POINT('Ctrl Pts',(-8.75524373837309,18.283839217582,21.9818083198493));
#5786=CARTESIAN_POINT('Ctrl Pts',(-8.87309486857085,18.1659880873843,21.9818083198493));
#5787=CARTESIAN_POINT('Ctrl Pts',(-8.641279839491,18.641279839491,21.8632985842279));
#5788=CARTESIAN_POINT('Ctrl Pts',(-8.75913096968876,18.5234287092932,21.8632985842279));
#5789=CARTESIAN_POINT('Ctrl Pts',(-8.87698209988652,18.4055775790955,21.8632985842279));
#5790=CARTESIAN_POINT('Ctrl Pts',(-8.99483323008428,18.2877264488977,21.8632985842279));
#5791=CARTESIAN_POINT('Ctrl Pts',(-8.79233231448709,18.7923323144871,21.6611003819249));
#5792=CARTESIAN_POINT('Ctrl Pts',(-8.91018344468485,18.6744811842893,21.6611003819249));
#5793=CARTESIAN_POINT('Ctrl Pts',(-9.0280345748826,18.5566300540916,21.6611003819249));
#5794=CARTESIAN_POINT('Ctrl Pts',(-9.14588570508036,18.4387789238938,21.6611003819249));
#5795=CARTESIAN_POINT('Ctrl Pts',(-8.86675543239963,18.8667554323996,21.5612407572521));
#5796=CARTESIAN_POINT('Ctrl Pts',(-8.98460656259738,18.7489043022019,21.5612407572521));
#5797=CARTESIAN_POINT('Ctrl Pts',(-9.10245769279515,18.6310531720041,21.5612407572521));
#5798=CARTESIAN_POINT('Ctrl Pts',(-9.2203088229929,18.5132020418063,21.5612407572521));
#5799=CARTESIAN_POINT('Ctrl Pts',(-8.96378758781486,18.9637875878149,21.4314640002408));
#5800=CARTESIAN_POINT('Ctrl Pts',(-9.08163871801262,18.8459364576171,21.4314640002408));
#5801=CARTESIAN_POINT('Ctrl Pts',(-9.19948984821038,18.7280853274193,21.4314640002408));
#5802=CARTESIAN_POINT('Ctrl Pts',(-9.31734097840814,18.6102341972216,21.4314640002408));
#5803=CARTESIAN_POINT('',(-8.9637875878168,18.9637875878168,21.4314640002382));
#5804=CARTESIAN_POINT('Origin',(-6.61992677876412,16.6199267787641,18.7585958124581));
#5805=CARTESIAN_POINT('',(-9.62987640839454,19.6298764083945,18.6490613984652));
#5806=CARTESIAN_POINT('Ctrl Pts',(-9.62987640839454,19.6298764083945,18.6490613984652));
#5807=CARTESIAN_POINT('Ctrl Pts',(-9.61467605552863,19.6146760555286,16.1917334211374));
#5808=CARTESIAN_POINT('Ctrl Pts',(-8.12674764079732,18.1267476407973,15.0933886827455));
#5809=CARTESIAN_POINT('Ctrl Pts',(-9.98342979898782,19.2763230178013,18.6490613984652));
#5810=CARTESIAN_POINT('Ctrl Pts',(-9.96822944612191,19.2611226649353,16.1917334211374));
#5811=CARTESIAN_POINT('Ctrl Pts',(-8.4803010313906,17.773194250204,15.0933886827455));
#5812=CARTESIAN_POINT('',(-8.12674764079732,18.1267476407973,15.0933886827455));
#5813=CARTESIAN_POINT('Ctrl Pts',(-8.12674764079732,18.1267476407973,15.0933886827455));
#5814=CARTESIAN_POINT('Ctrl Pts',(-8.24459877099508,18.0088965105996,15.0933886827455));
#5815=CARTESIAN_POINT('Ctrl Pts',(-8.36244990119284,17.8910453804018,15.0933886827455));
#5816=CARTESIAN_POINT('Ctrl Pts',(-8.4803010313906,17.773194250204,15.0933886827455));
#5817=CARTESIAN_POINT('Ctrl Pts',(-8.12507761407193,18.1250776140719,15.0915174306855));
#5818=CARTESIAN_POINT('Ctrl Pts',(-8.24292874426969,18.0072264838742,15.0915174306855));
#5819=CARTESIAN_POINT('Ctrl Pts',(-8.36077987446745,17.8893753536764,15.0915174306855));
#5820=CARTESIAN_POINT('Ctrl Pts',(-8.47863100466521,17.7715242234786,15.0915174306855));
#5821=CARTESIAN_POINT('Ctrl Pts',(-8.1223028004359,18.1223028004359,15.0903728784547));
#5822=CARTESIAN_POINT('Ctrl Pts',(-8.24015393063366,18.0044516702381,15.0903728784547));
#5823=CARTESIAN_POINT('Ctrl Pts',(-8.35800506083142,17.8866005400404,15.0903728784547));
#5824=CARTESIAN_POINT('Ctrl Pts',(-8.47585619102918,17.7687494098426,15.0903728784547));
#5825=CARTESIAN_POINT('Ctrl Pts',(-8.11893705426624,18.1189370542662,15.0884652914033));
#5826=CARTESIAN_POINT('Ctrl Pts',(-8.236788184464,18.0010859240685,15.0884652914033));
#5827=CARTESIAN_POINT('Ctrl Pts',(-8.35463931466176,17.8832347938707,15.0884652914033));
#5828=CARTESIAN_POINT('Ctrl Pts',(-8.47249044485952,17.765383663673,15.0884652914033));
#5829=CARTESIAN_POINT('',(-8.11893705426624,18.1189370542662,15.0884652914033));
#5830=CARTESIAN_POINT('Ctrl Pts',(-8.11893705426624,18.1189370542662,15.0884652914033));
#5831=CARTESIAN_POINT('Ctrl Pts',(-7.47277104734111,17.4727710473411,14.6047774229234));
#5832=CARTESIAN_POINT('Ctrl Pts',(-6.71542090152489,16.7154209015249,14.6048647226319));
#5833=CARTESIAN_POINT('Ctrl Pts',(-8.47249044485952,17.765383663673,15.0884652914033));
#5834=CARTESIAN_POINT('Ctrl Pts',(-7.82632443793439,17.1192176567478,14.6047774229234));
#5835=CARTESIAN_POINT('Ctrl Pts',(-7.06897429211816,16.3618675109316,14.6048647226319));
#5836=CARTESIAN_POINT('',(-6.71542090152489,16.7154209015249,14.6048647226319));
#5837=CARTESIAN_POINT('Ctrl Pts',(-6.71542090152489,16.7154209015249,14.6048647226319));
#5838=CARTESIAN_POINT('Ctrl Pts',(-6.83327203172265,16.5975697713271,14.6048647226319));
#5839=CARTESIAN_POINT('Ctrl Pts',(-6.95112316192041,16.4797186411294,14.6048647226319));
#5840=CARTESIAN_POINT('Ctrl Pts',(-7.06897429211816,16.3618675109316,14.6048647226319));
#5841=CARTESIAN_POINT('Ctrl Pts',(-6.11096447167671,16.1109644716767,14.6048647226319));
#5842=CARTESIAN_POINT('Ctrl Pts',(-6.22881560187446,15.9931133414789,14.6048647226319));
#5843=CARTESIAN_POINT('Ctrl Pts',(-6.34666673207222,15.8752622112812,14.6048647226319));
#5844=CARTESIAN_POINT('Ctrl Pts',(-6.46451786226998,15.7574110810834,14.6048647226319));
#5845=CARTESIAN_POINT('Ctrl Pts',(-5.20088925227969,15.2008892522797,14.9786380054461));
#5846=CARTESIAN_POINT('Ctrl Pts',(-5.31874038247745,15.0830381220819,14.9786380054461));
#5847=CARTESIAN_POINT('Ctrl Pts',(-5.4365915126752,14.9651869918842,14.9786380054461));
#5848=CARTESIAN_POINT('Ctrl Pts',(-5.55444264287296,14.8473358616864,14.9786380054461));
#5849=CARTESIAN_POINT('Ctrl Pts',(-4.32446364613198,14.324463646132,16.1539207662408));
#5850=CARTESIAN_POINT('Ctrl Pts',(-4.44231477632973,14.2066125159342,16.1539207662408));
#5851=CARTESIAN_POINT('Ctrl Pts',(-4.5601659065275,14.0887613857365,16.1539207662408));
#5852=CARTESIAN_POINT('Ctrl Pts',(-4.67801703672525,13.9709102555387,16.1539207662408));
#5853=CARTESIAN_POINT('Ctrl Pts',(-3.9032996279846,13.9032996279846,17.3379471198297));
#5854=CARTESIAN_POINT('Ctrl Pts',(-4.02115075818236,13.7854484977868,17.3379471198297));
#5855=CARTESIAN_POINT('Ctrl Pts',(-4.13900188838012,13.6675973675891,17.3379471198297));
#5856=CARTESIAN_POINT('Ctrl Pts',(-4.25685301857788,13.5497462373913,17.3379471198297));
#5857=CARTESIAN_POINT('Ctrl Pts',(-3.81580872387814,13.8158087238781,18.0802515700548));
#5858=CARTESIAN_POINT('Ctrl Pts',(-3.9336598540759,13.6979575936804,18.0802515700548));
#5859=CARTESIAN_POINT('Ctrl Pts',(-4.05151098427367,13.5801064634826,18.0802515700548));
#5860=CARTESIAN_POINT('Ctrl Pts',(-4.16936211447142,13.4622553332849,18.0802515700548));
#5861=CARTESIAN_POINT('Ctrl Pts',(-3.7998266093301,13.7998266093301,18.5268049230659));
#5862=CARTESIAN_POINT('Ctrl Pts',(-3.91767773952786,13.6819754791323,18.5268049230659));
#5863=CARTESIAN_POINT('Ctrl Pts',(-4.03552886972562,13.5641243489346,18.5268049230659));
#5864=CARTESIAN_POINT('Ctrl Pts',(-4.15337999992338,13.4462732187368,18.5268049230659));
#5865=CARTESIAN_POINT('Ctrl Pts',(-3.7983818768551,13.7983818768551,18.5707725662767));
#5866=CARTESIAN_POINT('Ctrl Pts',(-3.91623300705286,13.6805307466573,18.5707725662767));
#5867=CARTESIAN_POINT('Ctrl Pts',(-4.03408413725061,13.5626796164596,18.5707725662767));
#5868=CARTESIAN_POINT('Ctrl Pts',(-4.15193526744837,13.4448284862618,18.5707725662767));
#5869=CARTESIAN_POINT('Ctrl Pts',(-3.79687163598186,13.7968716359819,18.615120413918));
#5870=CARTESIAN_POINT('Ctrl Pts',(-3.91472276617962,13.6790205057841,18.615120413918));
#5871=CARTESIAN_POINT('Ctrl Pts',(-4.03257389637738,13.5611693755863,18.615120413918));
#5872=CARTESIAN_POINT('Ctrl Pts',(-4.15042502657514,13.4433182453886,18.615120413918));
#5873=CARTESIAN_POINT('',(-3.79687163598187,13.7968716359819,18.615120413918));
#5874=CARTESIAN_POINT('Ctrl Pts',(-3.79687163598186,13.7968716359819,18.6151204139177));
#5875=CARTESIAN_POINT('Ctrl Pts',(-3.91472276617962,13.6790205057841,18.6151204139177));
#5876=CARTESIAN_POINT('Ctrl Pts',(-4.03257389637738,13.5611693755863,18.6151204139177));
#5877=CARTESIAN_POINT('Ctrl Pts',(-4.15042502657514,13.4433182453886,18.6151204139177));
#5878=CARTESIAN_POINT('Ctrl Pts',(-3.79727503670396,13.797275036704,18.6705475466346));
#5879=CARTESIAN_POINT('Ctrl Pts',(-3.91512616690172,13.6794239065062,18.6705475466346));
#5880=CARTESIAN_POINT('Ctrl Pts',(-4.03297729709948,13.5615727763084,18.6705475466346));
#5881=CARTESIAN_POINT('Ctrl Pts',(-4.15082842729724,13.4437216461107,18.6705475466346));
#5882=CARTESIAN_POINT('Ctrl Pts',(-3.79760004529391,13.7976000452939,18.7159836290392));
#5883=CARTESIAN_POINT('Ctrl Pts',(-3.91545117549167,13.6797489150961,18.7159836290392));
#5884=CARTESIAN_POINT('Ctrl Pts',(-4.03330230568942,13.5618977848984,18.7159836290392));
#5885=CARTESIAN_POINT('Ctrl Pts',(-4.15115343588718,13.4440466547006,18.7159836290392));
#5886=CARTESIAN_POINT('Ctrl Pts',(-3.79850008043961,13.7985000804396,18.8358920580302));
#5887=CARTESIAN_POINT('Ctrl Pts',(-3.91635121063737,13.6806489502418,18.8358920580302));
#5888=CARTESIAN_POINT('Ctrl Pts',(-4.03420234083513,13.5627978200441,18.8358920580302));
#5889=CARTESIAN_POINT('Ctrl Pts',(-4.15205347103289,13.4449466898463,18.8358920580302));
#5890=CARTESIAN_POINT('Ctrl Pts',(-3.80201655305625,13.8020165530562,18.9684123024091));
#5891=CARTESIAN_POINT('Ctrl Pts',(-3.919867683254,13.6841654228585,18.9684123024091));
#5892=CARTESIAN_POINT('Ctrl Pts',(-4.03771881345176,13.5663142926607,18.9684123024091));
#5893=CARTESIAN_POINT('Ctrl Pts',(-4.15556994364952,13.448463162463,18.9684123024091));
#5894=CARTESIAN_POINT('Ctrl Pts',(-3.81017848604097,13.810178486041,19.1271994089231));
#5895=CARTESIAN_POINT('Ctrl Pts',(-3.92802961623873,13.6923273558432,19.1271994089231));
#5896=CARTESIAN_POINT('Ctrl Pts',(-4.04588074643649,13.5744762256455,19.1271994089231));
#5897=CARTESIAN_POINT('Ctrl Pts',(-4.16373187663425,13.4566250954477,19.1271994089231));
#5898=CARTESIAN_POINT('Ctrl Pts',(-3.8176145486987,13.8176145486987,19.2196331966101));
#5899=CARTESIAN_POINT('Ctrl Pts',(-3.93546567889645,13.6997634185009,19.2196331966101));
#5900=CARTESIAN_POINT('Ctrl Pts',(-4.05331680909421,13.5819122883032,19.2196331966101));
#5901=CARTESIAN_POINT('Ctrl Pts',(-4.17116793929197,13.4640611581054,19.2196331966101));
#5902=CARTESIAN_POINT('Ctrl Pts',(-3.82117131861117,13.8211713186112,19.2603994316069));
#5903=CARTESIAN_POINT('Ctrl Pts',(-3.93902244880893,13.7033201884134,19.2603994316069));
#5904=CARTESIAN_POINT('Ctrl Pts',(-4.05687357900669,13.5854690582156,19.2603994316069));
#5905=CARTESIAN_POINT('Ctrl Pts',(-4.17472470920445,13.4676179280179,19.2603994316069));
#5906=CARTESIAN_POINT('Ctrl Pts',(-3.82179686964086,13.8217968696409,19.267597529812));
#5907=CARTESIAN_POINT('Ctrl Pts',(-3.93964799983862,13.7039457394431,19.267597529812));
#5908=CARTESIAN_POINT('Ctrl Pts',(-4.05749913003638,13.5860946092453,19.267597529812));
#5909=CARTESIAN_POINT('Ctrl Pts',(-4.17535026023414,13.4682434790476,19.267597529812));
#5910=CARTESIAN_POINT('Ctrl Pts',(-3.82236500356451,13.8223650035645,19.2741282207223));
#5911=CARTESIAN_POINT('Ctrl Pts',(-3.94021613376227,13.7045138733667,19.2741282207223));
#5912=CARTESIAN_POINT('Ctrl Pts',(-4.05806726396003,13.586662743169,19.2741282207223));
#5913=CARTESIAN_POINT('Ctrl Pts',(-4.17591839415779,13.4688116129712,19.2741282207223));
#5914=CARTESIAN_POINT('',(-3.82236500356452,13.8223650035645,19.2741282207223));
#5915=CARTESIAN_POINT('Ctrl Pts',(-3.82236500356452,13.8223650035645,19.2741282207223));
#5916=CARTESIAN_POINT('Ctrl Pts',(-3.94021613376228,13.7045138733668,19.2741282207223));
#5917=CARTESIAN_POINT('Ctrl Pts',(-4.05806726396003,13.586662743169,19.2741282207223));
#5918=CARTESIAN_POINT('Ctrl Pts',(-4.17591839415779,13.4688116129712,19.2741282207223));
#5919=CARTESIAN_POINT('Ctrl Pts',(-3.82514084018804,13.825140840188,19.3018632618255));
#5920=CARTESIAN_POINT('Ctrl Pts',(-3.9429919703858,13.7072897099903,19.3018632618255));
#5921=CARTESIAN_POINT('Ctrl Pts',(-4.06084310058356,13.5894385797925,19.3018632618255));
#5922=CARTESIAN_POINT('Ctrl Pts',(-4.17869423078131,13.4715874495948,19.3018632618255));
#5923=CARTESIAN_POINT('Ctrl Pts',(-3.82740701207971,13.8274070120797,19.3245890439369));
#5924=CARTESIAN_POINT('Ctrl Pts',(-3.94525814227747,13.7095558818819,19.3245890439369));
#5925=CARTESIAN_POINT('Ctrl Pts',(-4.06310927247523,13.5917047516842,19.3245890439369));
#5926=CARTESIAN_POINT('Ctrl Pts',(-4.18096040267299,13.4738536214864,19.3245890439369));
#5927=CARTESIAN_POINT('Ctrl Pts',(-3.83710911306806,13.8371091130681,19.420868398604));
#5928=CARTESIAN_POINT('Ctrl Pts',(-3.95496024326581,13.7192579828703,19.420868398604));
#5929=CARTESIAN_POINT('Ctrl Pts',(-4.07281137346357,13.6014068526725,19.420868398604));
#5930=CARTESIAN_POINT('Ctrl Pts',(-4.19066250366133,13.4835557224748,19.420868398604));
#5931=CARTESIAN_POINT('Ctrl Pts',(-3.84297000020578,13.8429700002058,19.4684488565597));
#5932=CARTESIAN_POINT('Ctrl Pts',(-3.96082113040354,13.725118870008,19.4684488565597));
#5933=CARTESIAN_POINT('Ctrl Pts',(-4.0786722606013,13.6072677398103,19.4684488565597));
#5934=CARTESIAN_POINT('Ctrl Pts',(-4.19652339079906,13.4894166096125,19.4684488565597));
#5935=CARTESIAN_POINT('Ctrl Pts',(-3.86635319050278,13.8663531905028,19.6506508491162));
#5936=CARTESIAN_POINT('Ctrl Pts',(-3.98420432070054,13.748502060305,19.6506508491162));
#5937=CARTESIAN_POINT('Ctrl Pts',(-4.1020554508983,13.6306509301073,19.6506508491162));
#5938=CARTESIAN_POINT('Ctrl Pts',(-4.21990658109605,13.5127997999095,19.6506508491162));
#5939=CARTESIAN_POINT('Ctrl Pts',(-3.88806338349097,13.888063383491,19.7766608635307));
#5940=CARTESIAN_POINT('Ctrl Pts',(-4.00591451368873,13.7702122532932,19.7766608635307));
#5941=CARTESIAN_POINT('Ctrl Pts',(-4.12376564388649,13.6523611230955,19.7766608635307));
#5942=CARTESIAN_POINT('Ctrl Pts',(-4.24161677408425,13.5345099928977,19.7766608635307));
#5943=CARTESIAN_POINT('Ctrl Pts',(-3.90751504360114,13.9075150436011,19.8765087903962));
#5944=CARTESIAN_POINT('Ctrl Pts',(-4.02536617379889,13.7896639134034,19.8765087903962));
#5945=CARTESIAN_POINT('Ctrl Pts',(-4.14321730399665,13.6718127832056,19.8765087903962));
#5946=CARTESIAN_POINT('Ctrl Pts',(-4.26106843419441,13.5539616530079,19.8765087903962));
#5947=CARTESIAN_POINT('',(-3.90751504360113,13.9075150436011,19.8765087903962));
#5948=CARTESIAN_POINT('Ctrl Pts',(-3.90751504360113,13.9075150436011,19.8765087903962));
#5949=CARTESIAN_POINT('Ctrl Pts',(-4.02536617379889,13.7896639134034,19.8765087903962));
#5950=CARTESIAN_POINT('Ctrl Pts',(-4.14321730399665,13.6718127832056,19.8765087903962));
#5951=CARTESIAN_POINT('Ctrl Pts',(-4.26106843419441,13.5539616530079,19.8765087903962));
#5952=CARTESIAN_POINT('Ctrl Pts',(-3.90812078015544,13.9081207801554,19.8786503925219));
#5953=CARTESIAN_POINT('Ctrl Pts',(-4.0259719103532,13.7902696499577,19.8786503925219));
#5954=CARTESIAN_POINT('Ctrl Pts',(-4.14382304055096,13.6724185197599,19.8786503925219));
#5955=CARTESIAN_POINT('Ctrl Pts',(-4.26167417074872,13.5545673895622,19.8786503925219));
#5956=CARTESIAN_POINT('Ctrl Pts',(-3.9077896855219,13.9077896855219,19.877867565791));
#5957=CARTESIAN_POINT('Ctrl Pts',(-4.02564081571965,13.7899385553241,19.877867565791));
#5958=CARTESIAN_POINT('Ctrl Pts',(-4.14349194591741,13.6720874251264,19.877867565791));
#5959=CARTESIAN_POINT('Ctrl Pts',(-4.26134307611517,13.5542362949286,19.877867565791));
#5960=CARTESIAN_POINT('Ctrl Pts',(-3.90755607376558,13.9075560737656,19.8767201069162));
#5961=CARTESIAN_POINT('Ctrl Pts',(-4.02540720396334,13.7897049435678,19.8767201069162));
#5962=CARTESIAN_POINT('Ctrl Pts',(-4.14325833416109,13.6718538133701,19.8767201069162));
#5963=CARTESIAN_POINT('Ctrl Pts',(-4.26110946435885,13.5540026831723,19.8767201069162));
#5964=CARTESIAN_POINT('',(-3.90755640789024,13.9075564078902,19.876719970867));
#5965=CARTESIAN_POINT('Ctrl Pts',(-3.90755656853792,13.9075565685379,19.8767198702192));
#5966=CARTESIAN_POINT('Ctrl Pts',(-4.11107736503934,14.1110773650393,20.9113807531151));
#5967=CARTESIAN_POINT('Ctrl Pts',(-4.63492729974577,14.6349272997458,21.6435702623353));
#5968=CARTESIAN_POINT('Ctrl Pts',(-4.26110995913119,13.5540031779446,19.8767198702192));
#5969=CARTESIAN_POINT('Ctrl Pts',(-4.46463075563261,13.7575239744461,20.9113807531151));
#5970=CARTESIAN_POINT('Ctrl Pts',(-4.98848069033904,14.2813739091525,21.6435702623353));
#5971=CARTESIAN_POINT('',(-4.63492729974577,14.6349272997458,21.6435702623353));
#5972=CARTESIAN_POINT('Ctrl Pts',(-4.63492729974577,14.6349272997458,21.6435702623353));
#5973=CARTESIAN_POINT('Ctrl Pts',(-4.75277842994353,14.517076169548,21.6435702623353));
#5974=CARTESIAN_POINT('Ctrl Pts',(-4.87062956014128,14.3992250393502,21.6435702623353));
#5975=CARTESIAN_POINT('Ctrl Pts',(-4.98848069033904,14.2813739091525,21.6435702623353));
#5976=CARTESIAN_POINT('Ctrl Pts',(-4.64352023669737,14.6435202366974,21.6564449762749));
#5977=CARTESIAN_POINT('Ctrl Pts',(-4.76137136689513,14.5256691064996,21.6564449762749));
#5978=CARTESIAN_POINT('Ctrl Pts',(-4.87922249709289,14.4078179763019,21.6564449762749));
#5979=CARTESIAN_POINT('Ctrl Pts',(-4.99707362729065,14.2899668461041,21.6564449762749));
#5980=CARTESIAN_POINT('Ctrl Pts',(-4.65289949967815,14.6528994996781,21.6681981422703));
#5981=CARTESIAN_POINT('Ctrl Pts',(-4.77075062987591,14.5350483694804,21.6681981422703));
#5982=CARTESIAN_POINT('Ctrl Pts',(-4.88860176007366,14.4171972392826,21.6681981422703));
#5983=CARTESIAN_POINT('Ctrl Pts',(-5.00645289027142,14.2993461090849,21.6681981422703));
#5984=CARTESIAN_POINT('Ctrl Pts',(-4.67829002526457,14.6782900252646,21.7028501664652));
#5985=CARTESIAN_POINT('Ctrl Pts',(-4.79614115546233,14.5604388950668,21.7028501664652));
#5986=CARTESIAN_POINT('Ctrl Pts',(-4.91399228566009,14.442587764869,21.7028501664652));
#5987=CARTESIAN_POINT('Ctrl Pts',(-5.03184341585785,14.3247366346713,21.7028501664652));
#5988=CARTESIAN_POINT('Ctrl Pts',(-4.69472170700243,14.6947217070024,21.725258151813));
#5989=CARTESIAN_POINT('Ctrl Pts',(-4.81257283720019,14.5768705768047,21.725258151813));
#5990=CARTESIAN_POINT('Ctrl Pts',(-4.93042396739795,14.4590194466069,21.725258151813));
#5991=CARTESIAN_POINT('Ctrl Pts',(-5.04827509759571,14.3411683164092,21.725258151813));
#5992=CARTESIAN_POINT('Ctrl Pts',(-4.71113353515593,14.7111335351559,21.7476484256285));
#5993=CARTESIAN_POINT('Ctrl Pts',(-4.82898466535368,14.5932824049582,21.7476484256285));
#5994=CARTESIAN_POINT('Ctrl Pts',(-4.94683579555144,14.4754312747604,21.7476484256285));
#5995=CARTESIAN_POINT('Ctrl Pts',(-5.0646869257492,14.3575801445626,21.7476484256285));
#5996=CARTESIAN_POINT('',(-4.71113353515593,14.7111335351559,21.7476484256285));
#5997=CARTESIAN_POINT('Ctrl Pts',(-4.71113353515593,14.7111335351559,21.7476484256285));
#5998=CARTESIAN_POINT('Ctrl Pts',(-4.82898466535369,14.5932824049582,21.7476484256285));
#5999=CARTESIAN_POINT('Ctrl Pts',(-4.94683579555144,14.4754312747604,21.7476484256285));
#6000=CARTESIAN_POINT('Ctrl Pts',(-5.0646869257492,14.3575801445627,21.7476484256285));
#6001=CARTESIAN_POINT('Ctrl Pts',(-4.83433099420622,14.8343309942062,21.9071248369662));
#6002=CARTESIAN_POINT('Ctrl Pts',(-4.95218212440398,14.7164798640085,21.9071248369662));
#6003=CARTESIAN_POINT('Ctrl Pts',(-5.07003325460174,14.5986287338107,21.9071248369662));
#6004=CARTESIAN_POINT('Ctrl Pts',(-5.18788438479949,14.4807776036129,21.9071248369662));
#6005=CARTESIAN_POINT('Ctrl Pts',(-4.96356396323538,14.9635639632354,22.0480252552901));
#6006=CARTESIAN_POINT('Ctrl Pts',(-5.08141509343314,14.8457128330376,22.0480252552901));
#6007=CARTESIAN_POINT('Ctrl Pts',(-5.1992662236309,14.7278617028399,22.0480252552901));
#6008=CARTESIAN_POINT('Ctrl Pts',(-5.31711735382866,14.6100105726421,22.0480252552901));
#6009=CARTESIAN_POINT('Ctrl Pts',(-5.10132722507053,15.1013272250705,22.1714813531861));
#6010=CARTESIAN_POINT('Ctrl Pts',(-5.21917835526829,14.9834760948728,22.1714813531861));
#6011=CARTESIAN_POINT('Ctrl Pts',(-5.33702948546604,14.865624964675,22.1714813531861));
#6012=CARTESIAN_POINT('Ctrl Pts',(-5.4548806156638,14.7477738344772,22.1714813531861));
#6013=CARTESIAN_POINT('',(-5.10132722507053,15.1013272250705,22.1714813531861));
#6014=CARTESIAN_POINT('Origin',(-6.5363868882921,16.5363868882921,25.370667562928));
#6015=CARTESIAN_POINT('',(-4.70108605079032,14.7010860507903,22.6107895673738));
#6016=CARTESIAN_POINT('Ctrl Pts',(-4.70108605079032,14.7010860507903,22.6107895673738));
#6017=CARTESIAN_POINT('Ctrl Pts',(-3.6298231441729,13.6298231441729,24.0039342050125));
#6018=CARTESIAN_POINT('Ctrl Pts',(-3.82311413043265,13.8231141304327,26.2179893189394));
#6019=CARTESIAN_POINT('Ctrl Pts',(-5.0546394413836,14.347532660197,22.6107895673738));
#6020=CARTESIAN_POINT('Ctrl Pts',(-3.98337653476618,13.2762697535796,24.0039342050125));
#6021=CARTESIAN_POINT('Ctrl Pts',(-4.17666752102593,13.4695607398394,26.2179893189394));
#6022=CARTESIAN_POINT('',(-3.82311413043265,13.8231141304327,26.2179893189394));
#6023=CARTESIAN_POINT('Ctrl Pts',(-3.82311413043265,13.8231141304327,26.2179893189394));
#6024=CARTESIAN_POINT('Ctrl Pts',(-3.94096526063041,13.7052630002349,26.2179893189394));
#6025=CARTESIAN_POINT('Ctrl Pts',(-4.05881639082817,13.5874118700371,26.2179893189394));
#6026=CARTESIAN_POINT('Ctrl Pts',(-4.17666752102593,13.4695607398394,26.2179893189394));
#6027=CARTESIAN_POINT('Ctrl Pts',(-3.8825313730181,13.8825313730181,26.8693768282118));
#6028=CARTESIAN_POINT('Ctrl Pts',(-4.00038250321586,13.7646802428203,26.8693768282118));
#6029=CARTESIAN_POINT('Ctrl Pts',(-4.11823363341362,13.6468291126226,26.8693768282118));
#6030=CARTESIAN_POINT('Ctrl Pts',(-4.23608476361138,13.5289779824248,26.8693768282118));
#6031=CARTESIAN_POINT('Ctrl Pts',(-4.27052156491449,14.2705215649145,28.345740059015));
#6032=CARTESIAN_POINT('Ctrl Pts',(-4.38837269511225,14.1526704347167,28.345740059015));
#6033=CARTESIAN_POINT('Ctrl Pts',(-4.50622382531001,14.034819304519,28.345740059015));
#6034=CARTESIAN_POINT('Ctrl Pts',(-4.62407495550776,13.9169681743212,28.345740059015));
#6035=CARTESIAN_POINT('Ctrl Pts',(-5.18824056570096,15.188240565701,29.2800868820041));
#6036=CARTESIAN_POINT('Ctrl Pts',(-5.30609169589872,15.0703894355032,29.2800868820041));
#6037=CARTESIAN_POINT('Ctrl Pts',(-5.42394282609648,14.9525383053054,29.2800868820041));
#6038=CARTESIAN_POINT('Ctrl Pts',(-5.54179395629424,14.8346871751077,29.2800868820041));
#6039=CARTESIAN_POINT('Ctrl Pts',(-5.78002608627133,15.7800260862713,29.541216832541));
#6040=CARTESIAN_POINT('Ctrl Pts',(-5.89787721646908,15.6621749560736,29.541216832541));
#6041=CARTESIAN_POINT('Ctrl Pts',(-6.01572834666684,15.5443238258758,29.541216832541));
#6042=CARTESIAN_POINT('Ctrl Pts',(-6.1335794768646,15.4264726956781,29.541216832541));
#6043=CARTESIAN_POINT('',(-5.78002608627133,15.7800260862713,29.541216832541));
#6044=CARTESIAN_POINT('Origin',(-5.78002608627133,15.7800260862713,29.541216832541));
#6045=CARTESIAN_POINT('',(-5.78002608627133,15.7800260862713,27.6892586530671));
#6046=CARTESIAN_POINT('Ctrl Pts',(-5.78002608627133,15.7800260862713,27.6892586530671));
#6047=CARTESIAN_POINT('Ctrl Pts',(-5.89787721646909,15.6621749560736,27.6892586530671));
#6048=CARTESIAN_POINT('Ctrl Pts',(-6.01572834666684,15.5443238258758,27.6892586530671));
#6049=CARTESIAN_POINT('Ctrl Pts',(-6.1335794768646,15.4264726956781,27.6892586530671));
#6050=CARTESIAN_POINT('Ctrl Pts',(-5.25892636251016,15.2589263625102,27.278455239676));
#6051=CARTESIAN_POINT('Ctrl Pts',(-5.37677749270792,15.1410752323124,27.278455239676));
#6052=CARTESIAN_POINT('Ctrl Pts',(-5.49462862290568,15.0232241021146,27.278455239676));
#6053=CARTESIAN_POINT('Ctrl Pts',(-5.61247975310344,14.9053729719169,27.278455239676));
#6054=CARTESIAN_POINT('Ctrl Pts',(-4.88902828919448,14.8890282891945,26.5332972349152));
#6055=CARTESIAN_POINT('Ctrl Pts',(-5.00687941939224,14.7711771589967,26.5332972349152));
#6056=CARTESIAN_POINT('Ctrl Pts',(-5.12473054959,14.653326028799,26.5332972349152));
#6057=CARTESIAN_POINT('Ctrl Pts',(-5.24258167978776,14.5354748986012,26.5332972349152));
#6058=CARTESIAN_POINT('Ctrl Pts',(-4.88902828919448,14.8890282891945,25.6243955911622));
#6059=CARTESIAN_POINT('Ctrl Pts',(-5.00687941939224,14.7711771589967,25.6243955911622));
#6060=CARTESIAN_POINT('Ctrl Pts',(-5.12473054959,14.653326028799,25.6243955911622));
#6061=CARTESIAN_POINT('Ctrl Pts',(-5.24258167978776,14.5354748986012,25.6243955911622));
#6062=CARTESIAN_POINT('',(-4.88902828919448,14.8890282891945,25.6243955911622));
#6063=CARTESIAN_POINT('Ctrl Pts',(-4.8924968062395,14.8924968062395,25.4705714048371));
#6064=CARTESIAN_POINT('Ctrl Pts',(-4.88902824156742,14.8890282415674,25.5499982106302));
#6065=CARTESIAN_POINT('Ctrl Pts',(-4.88902828919448,14.8890282891945,25.6243955911622));
#6066=CARTESIAN_POINT('Ctrl Pts',(-5.24605019683278,14.5389434156462,25.4705714048371));
#6067=CARTESIAN_POINT('Ctrl Pts',(-5.2425816321607,14.5354748509742,25.5499982106302));
#6068=CARTESIAN_POINT('Ctrl Pts',(-5.24258167978776,14.5354748986012,25.6243955911622));
#6069=CARTESIAN_POINT('',(-4.8924968062395,14.8924968062395,25.4705714048371));
#6070=CARTESIAN_POINT('Ctrl Pts',(-4.8924968062395,14.8924968062395,25.4705714048371));
#6071=CARTESIAN_POINT('Ctrl Pts',(-5.01034793643726,14.7746456760417,25.4705714048371));
#6072=CARTESIAN_POINT('Ctrl Pts',(-5.12819906663502,14.656794545844,25.4705714048371));
#6073=CARTESIAN_POINT('Ctrl Pts',(-5.24605019683277,14.5389434156462,25.4705714048371));
#6074=CARTESIAN_POINT('Ctrl Pts',(-4.89240029129317,14.8924002912932,25.466800792727));
#6075=CARTESIAN_POINT('Ctrl Pts',(-5.01025142149093,14.7745491610954,25.466800792727));
#6076=CARTESIAN_POINT('Ctrl Pts',(-5.12810255168869,14.6566980308977,25.466800792727));
#6077=CARTESIAN_POINT('Ctrl Pts',(-5.24595368188645,14.5388469006999,25.466800792727));
#6078=CARTESIAN_POINT('Ctrl Pts',(-4.89257569584235,14.8925756958424,25.4683017508852));
#6079=CARTESIAN_POINT('Ctrl Pts',(-5.01042682604011,14.7747245656446,25.4683017508852));
#6080=CARTESIAN_POINT('Ctrl Pts',(-5.12827795623787,14.6568734354468,25.4683017508852));
#6081=CARTESIAN_POINT('Ctrl Pts',(-5.24612908643563,14.5390223052491,25.4683017508852));
#6082=CARTESIAN_POINT('Ctrl Pts',(-4.89251228578246,14.8925122857825,25.4701988414038));
#6083=CARTESIAN_POINT('Ctrl Pts',(-5.01036341598022,14.7746611555847,25.4701988414038));
#6084=CARTESIAN_POINT('Ctrl Pts',(-5.12821454617798,14.6568100253869,25.4701988414038));
#6085=CARTESIAN_POINT('Ctrl Pts',(-5.24606567637574,14.5389588951892,25.4701988414038));
#6086=CARTESIAN_POINT('',(-4.89251170708673,14.8925117070867,25.4701988027181));
#6087=CARTESIAN_POINT('Ctrl Pts',(-4.89251141787738,14.8925114178774,25.470198779808));
#6088=CARTESIAN_POINT('Ctrl Pts',(-5.01036254807514,14.7746602876796,25.470198779808));
#6089=CARTESIAN_POINT('Ctrl Pts',(-5.1282136782729,14.6568091574819,25.470198779808));
#6090=CARTESIAN_POINT('Ctrl Pts',(-5.24606480847065,14.5389580272841,25.470198779808));
#6091=CARTESIAN_POINT('Ctrl Pts',(-4.89347377256181,14.8934737725618,25.4459018630258));
#6092=CARTESIAN_POINT('Ctrl Pts',(-5.01132490275957,14.7756226423641,25.4459018630258));
#6093=CARTESIAN_POINT('Ctrl Pts',(-5.12917603295733,14.6577715121663,25.4459018630258));
#6094=CARTESIAN_POINT('Ctrl Pts',(-5.24702716315509,14.5399203819685,25.4459018630258));
#6095=CARTESIAN_POINT('Ctrl Pts',(-4.89605088348565,14.8960508834857,25.4282944840949));
#6096=CARTESIAN_POINT('Ctrl Pts',(-5.01390201368341,14.7781997532879,25.4282944840949));
#6097=CARTESIAN_POINT('Ctrl Pts',(-5.13175314388117,14.6603486230901,25.4282944840949));
#6098=CARTESIAN_POINT('Ctrl Pts',(-5.24960427407893,14.5424974928924,25.4282944840949));
#6099=CARTESIAN_POINT('Ctrl Pts',(-4.8977124281665,14.8977124281665,25.4102734865174));
#6100=CARTESIAN_POINT('Ctrl Pts',(-5.01556355836425,14.7798612979687,25.4102734865174));
#6101=CARTESIAN_POINT('Ctrl Pts',(-5.13341468856201,14.662010167771,25.4102734865174));
#6102=CARTESIAN_POINT('Ctrl Pts',(-5.25126581875977,14.5441590375732,25.4102734865174));
#6103=CARTESIAN_POINT('',(-4.8977124281665,14.8977124281665,25.4102734865174));
#6104=CARTESIAN_POINT('Ctrl Pts',(-4.8977124281665,14.8977124281665,25.4102734865174));
#6105=CARTESIAN_POINT('Ctrl Pts',(-5.01556355836425,14.7798612979687,25.4102734865174));
#6106=CARTESIAN_POINT('Ctrl Pts',(-5.13341468856201,14.662010167771,25.4102734865174));
#6107=CARTESIAN_POINT('Ctrl Pts',(-5.25126581875977,14.5441590375732,25.4102734865174));
#6108=CARTESIAN_POINT('Ctrl Pts',(-4.90110386705499,14.901103867055,25.373629647635));
#6109=CARTESIAN_POINT('Ctrl Pts',(-5.01895499725275,14.7832527368572,25.373629647635));
#6110=CARTESIAN_POINT('Ctrl Pts',(-5.1368061274505,14.6654016066595,25.373629647635));
#6111=CARTESIAN_POINT('Ctrl Pts',(-5.25465725764826,14.5475504764617,25.373629647635));
#6112=CARTESIAN_POINT('Ctrl Pts',(-4.90305651368779,14.9030565136878,25.3367859662995));
#6113=CARTESIAN_POINT('Ctrl Pts',(-5.02090764388554,14.78520538349,25.3367859662995));
#6114=CARTESIAN_POINT('Ctrl Pts',(-5.1387587740833,14.6673542532923,25.3367859662995));
#6115=CARTESIAN_POINT('Ctrl Pts',(-5.25660990428106,14.5495031230945,25.3367859662995));
#6116=CARTESIAN_POINT('Ctrl Pts',(-4.90642225985745,14.9064222598575,25.3007598222718));
#6117=CARTESIAN_POINT('Ctrl Pts',(-5.02427339005521,14.7885711296597,25.3007598222718));
#6118=CARTESIAN_POINT('Ctrl Pts',(-5.14212452025297,14.6707199994619,25.3007598222718));
#6119=CARTESIAN_POINT('Ctrl Pts',(-5.25997565045072,14.5528688692642,25.3007598222718));
#6120=CARTESIAN_POINT('',(-4.90642225985745,14.9064222598575,25.3007598222718));
#6121=CARTESIAN_POINT('Ctrl Pts',(-4.90642225985745,14.9064222598575,25.3007598222718));
#6122=CARTESIAN_POINT('Ctrl Pts',(-5.02427339005521,14.7885711296597,25.3007598222718));
#6123=CARTESIAN_POINT('Ctrl Pts',(-5.14212452025297,14.6707199994619,25.3007598222718));
#6124=CARTESIAN_POINT('Ctrl Pts',(-5.25997565045072,14.5528688692642,25.3007598222718));
#6125=CARTESIAN_POINT('Ctrl Pts',(-4.90627494991608,14.9062749499161,25.2980813230542));
#6126=CARTESIAN_POINT('Ctrl Pts',(-5.02412608011384,14.7884238197183,25.2980813230542));
#6127=CARTESIAN_POINT('Ctrl Pts',(-5.1419772103116,14.6705726895206,25.2980813230542));
#6128=CARTESIAN_POINT('Ctrl Pts',(-5.25982834050935,14.5527215593228,25.2980813230542));
#6129=CARTESIAN_POINT('Ctrl Pts',(-4.90647237702734,14.9064723770273,25.2987058518851));
#6130=CARTESIAN_POINT('Ctrl Pts',(-5.02432350722509,14.7886212468296,25.2987058518851));
#6131=CARTESIAN_POINT('Ctrl Pts',(-5.14217463742285,14.6707701166318,25.2987058518851));
#6132=CARTESIAN_POINT('Ctrl Pts',(-5.26002576762061,14.5529189864341,25.2987058518851));
#6133=CARTESIAN_POINT('Ctrl Pts',(-4.90646392810666,14.9064639281067,25.299908013043));
#6134=CARTESIAN_POINT('Ctrl Pts',(-5.02431505830442,14.7886127979089,25.299908013043));
#6135=CARTESIAN_POINT('Ctrl Pts',(-5.14216618850218,14.6707616677111,25.299908013043));
#6136=CARTESIAN_POINT('Ctrl Pts',(-5.26001731869994,14.5529105375134,25.299908013043));
#6137=CARTESIAN_POINT('',(-4.90645723594183,14.9064572359418,25.299907918976));
#6138=CARTESIAN_POINT('Ctrl Pts',(-4.90645389570816,14.9064538957082,25.2999076649926));
#6139=CARTESIAN_POINT('Ctrl Pts',(-5.02430502590592,14.7886027655104,25.2999076649926));
#6140=CARTESIAN_POINT('Ctrl Pts',(-5.14215615610368,14.6707516353126,25.2999076649926));
#6141=CARTESIAN_POINT('Ctrl Pts',(-5.26000728630144,14.5529005051149,25.2999076649926));
#6142=CARTESIAN_POINT('Ctrl Pts',(-4.90672600520943,14.9067260052094,25.2927504615527));
#6143=CARTESIAN_POINT('Ctrl Pts',(-5.02457713540719,14.7888748750117,25.2927504615527));
#6144=CARTESIAN_POINT('Ctrl Pts',(-5.14242826560495,14.6710237448139,25.2927504615527));
#6145=CARTESIAN_POINT('Ctrl Pts',(-5.2602793958027,14.5531726146162,25.2927504615527));
#6146=CARTESIAN_POINT('Ctrl Pts',(-4.90699900313259,14.9069990031326,25.2899709126626));
#6147=CARTESIAN_POINT('Ctrl Pts',(-5.02485013333035,14.7891478729348,25.2899709126626));
#6148=CARTESIAN_POINT('Ctrl Pts',(-5.14270126352811,14.6712967427371,25.2899709126626));
#6149=CARTESIAN_POINT('Ctrl Pts',(-5.26055239372586,14.5534456125393,25.2899709126626));
#6150=CARTESIAN_POINT('Ctrl Pts',(-4.90729581229838,14.9072958122984,25.2872250379548));
#6151=CARTESIAN_POINT('Ctrl Pts',(-5.02514694249614,14.7894446821006,25.2872250379548));
#6152=CARTESIAN_POINT('Ctrl Pts',(-5.1429980726939,14.6715935519029,25.2872250379548));
#6153=CARTESIAN_POINT('Ctrl Pts',(-5.26084920289166,14.5537424217051,25.2872250379548));
#6154=CARTESIAN_POINT('',(-4.90729581229838,14.9072958122984,25.2872250379548));
#6155=CARTESIAN_POINT('Ctrl Pts',(-5.35390511884113,15.3539051188411,24.0283233168529));
#6156=CARTESIAN_POINT('Ctrl Pts',(-4.98337918968456,14.9833791896846,24.5825017784014));
#6157=CARTESIAN_POINT('Ctrl Pts',(-4.90729581229838,14.9072958122984,25.2872250379548));
#6158=CARTESIAN_POINT('Ctrl Pts',(-5.7074585094344,15.0003517282479,24.0283233168529));
#6159=CARTESIAN_POINT('Ctrl Pts',(-5.33693258027784,14.6298257990913,24.5825017784014));
#6160=CARTESIAN_POINT('Ctrl Pts',(-5.26084920289166,14.5537424217051,25.2872250379548));
#6161=CARTESIAN_POINT('',(-5.35390511880642,15.3539051188064,24.0283233168253));
#6162=CARTESIAN_POINT('Ctrl Pts',(-5.35390511877172,15.3539051187717,24.0283233167977));
#6163=CARTESIAN_POINT('Ctrl Pts',(-5.47175624896948,15.236053988574,24.0283233167977));
#6164=CARTESIAN_POINT('Ctrl Pts',(-5.58960737916723,15.1182028583762,24.0283233167977));
#6165=CARTESIAN_POINT('Ctrl Pts',(-5.70745850936499,15.0003517281784,24.0283233167977));
#6166=CARTESIAN_POINT('Ctrl Pts',(-5.37093430537482,15.3709343053748,24.0057771289527));
#6167=CARTESIAN_POINT('Ctrl Pts',(-5.48878543557258,15.2530831751771,24.0057771289527));
#6168=CARTESIAN_POINT('Ctrl Pts',(-5.60663656577034,15.1352320449793,24.0057771289527));
#6169=CARTESIAN_POINT('Ctrl Pts',(-5.7244876959681,15.0173809147815,24.0057771289527));
#6170=CARTESIAN_POINT('Ctrl Pts',(-5.3887007261523,15.3887007261523,23.9821688819386));
#6171=CARTESIAN_POINT('Ctrl Pts',(-5.50655185635005,15.2708495959545,23.9821688819386));
#6172=CARTESIAN_POINT('Ctrl Pts',(-5.62440298654781,15.1529984657568,23.9821688819386));
#6173=CARTESIAN_POINT('Ctrl Pts',(-5.74225411674557,15.035147335559,23.9821688819386));
#6174=CARTESIAN_POINT('Ctrl Pts',(-5.41640661838345,15.4164066183835,23.9456192079214));
#6175=CARTESIAN_POINT('Ctrl Pts',(-5.53425774858121,15.2985554881857,23.9456192079214));
#6176=CARTESIAN_POINT('Ctrl Pts',(-5.65210887877897,15.1807043579879,23.9456192079214));
#6177=CARTESIAN_POINT('Ctrl Pts',(-5.76996000897673,15.0628532277902,23.9456192079214));
#6178=CARTESIAN_POINT('Ctrl Pts',(-5.42895829463685,15.4289582946369,23.9276170134141));
#6179=CARTESIAN_POINT('Ctrl Pts',(-5.54680942483461,15.3111071644391,23.9276170134141));
#6180=CARTESIAN_POINT('Ctrl Pts',(-5.66466055503237,15.1932560342413,23.9276170134141));
#6181=CARTESIAN_POINT('Ctrl Pts',(-5.78251168523013,15.0754049040436,23.9276170134141));
#6182=CARTESIAN_POINT('Ctrl Pts',(-5.44417086543483,15.4441708654348,23.9077852548585));
#6183=CARTESIAN_POINT('Ctrl Pts',(-5.56202199563259,15.3263197352371,23.9077852548585));
#6184=CARTESIAN_POINT('Ctrl Pts',(-5.67987312583035,15.2084686050393,23.9077852548585));
#6185=CARTESIAN_POINT('Ctrl Pts',(-5.7977242560281,15.0906174748416,23.9077852548585));
#6186=CARTESIAN_POINT('',(-5.44417086543483,15.4441708654348,23.9077852548585));
#6187=CARTESIAN_POINT('Ctrl Pts',(-5.81830823736116,15.8183082373612,23.5410743535981));
#6188=CARTESIAN_POINT('Ctrl Pts',(-5.61219936954952,15.6121993695495,23.6945793628287));
#6189=CARTESIAN_POINT('Ctrl Pts',(-5.44417086543483,15.4441708654348,23.9077852548585));
#6190=CARTESIAN_POINT('Ctrl Pts',(-6.17186162795444,15.4647548467679,23.5410743535981));
#6191=CARTESIAN_POINT('Ctrl Pts',(-5.96575276014279,15.2586459789562,23.6945793628287));
#6192=CARTESIAN_POINT('Ctrl Pts',(-5.7977242560281,15.0906174748415,23.9077852548585));
#6193=CARTESIAN_POINT('',(-5.81830823736117,15.8183082373612,23.5410743535981));
#6194=CARTESIAN_POINT('Ctrl Pts',(-5.81830823736117,15.8183082373612,23.5410743535981));
#6195=CARTESIAN_POINT('Ctrl Pts',(-5.93615936755893,15.7004571071634,23.5410743535981));
#6196=CARTESIAN_POINT('Ctrl Pts',(-6.05401049775668,15.5826059769656,23.5410743535981));
#6197=CARTESIAN_POINT('Ctrl Pts',(-6.17186162795444,15.4647548467679,23.5410743535981));
#6198=CARTESIAN_POINT('Ctrl Pts',(-5.8149424911915,15.8149424911915,23.5379858793244));
#6199=CARTESIAN_POINT('Ctrl Pts',(-5.93279362138926,15.6970913609937,23.5379858793244));
#6200=CARTESIAN_POINT('Ctrl Pts',(-6.05064475158702,15.579240230796,23.5379858793244));
#6201=CARTESIAN_POINT('Ctrl Pts',(-6.16849588178478,15.4613891005982,23.5379858793244));
#6202=CARTESIAN_POINT('Ctrl Pts',(-5.97539352042375,15.9753935204238,23.3293503583894));
#6203=CARTESIAN_POINT('Ctrl Pts',(-6.09324465062151,15.857542390226,23.3293503583894));
#6204=CARTESIAN_POINT('Ctrl Pts',(-6.21109578081927,15.7396912600282,23.3293503583894));
#6205=CARTESIAN_POINT('Ctrl Pts',(-6.32894691101703,15.6218401298305,23.3293503583894));
#6206=CARTESIAN_POINT('Ctrl Pts',(-6.69800123814303,16.698001238143,23.0340922178254));
#6207=CARTESIAN_POINT('Ctrl Pts',(-6.81585236834079,16.5801501079453,23.0340922178254));
#6208=CARTESIAN_POINT('Ctrl Pts',(-6.93370349853855,16.4622989777475,23.0340922178254));
#6209=CARTESIAN_POINT('Ctrl Pts',(-7.05155462873631,16.3444478475498,23.0340922178254));
#6210=CARTESIAN_POINT('',(-6.69800123814303,16.698001238143,23.0340922178254));
#6211=CARTESIAN_POINT('Ctrl Pts',(-6.69800123814303,16.698001238143,23.0340922178254));
#6212=CARTESIAN_POINT('Ctrl Pts',(-6.81585236834079,16.5801501079453,23.0340922178254));
#6213=CARTESIAN_POINT('Ctrl Pts',(-6.93370349853855,16.4622989777475,23.0340922178254));
#6214=CARTESIAN_POINT('Ctrl Pts',(-7.05155462873631,16.3444478475498,23.0340922178254));
#6215=CARTESIAN_POINT('Ctrl Pts',(-7.03339399004019,17.0333939900402,23.169948750876));
#6216=CARTESIAN_POINT('Ctrl Pts',(-7.15124512023795,16.9155428598424,23.169948750876));
#6217=CARTESIAN_POINT('Ctrl Pts',(-7.26909625043571,16.7976917296447,23.169948750876));
#6218=CARTESIAN_POINT('Ctrl Pts',(-7.38694738063346,16.6798405994469,23.169948750876));
#6219=CARTESIAN_POINT('Ctrl Pts',(-7.35283156353012,17.3528315635301,23.3150707067475));
#6220=CARTESIAN_POINT('Ctrl Pts',(-7.47068269372788,17.2349804333324,23.3150707067475));
#6221=CARTESIAN_POINT('Ctrl Pts',(-7.58853382392564,17.1171293031346,23.3150707067475));
#6222=CARTESIAN_POINT('Ctrl Pts',(-7.7063849541234,16.9992781729368,23.3150707067475));
#6223=CARTESIAN_POINT('Ctrl Pts',(-7.64210588508748,17.6421058850875,23.5619851411805));
#6224=CARTESIAN_POINT('Ctrl Pts',(-7.75995701528524,17.5242547548897,23.5619851411805));
#6225=CARTESIAN_POINT('Ctrl Pts',(-7.877808145483,17.406403624692,23.5619851411805));
#6226=CARTESIAN_POINT('Ctrl Pts',(-7.99565927568075,17.2885524944942,23.5619851411805));
#6227=CARTESIAN_POINT('',(-7.64210588508748,17.6421058850875,23.5619851411805));
#6228=CARTESIAN_POINT('Ctrl Pts',(-8.33385664746524,18.3338566474652,24.513198882483));
#6229=CARTESIAN_POINT('Ctrl Pts',(-8.092014431879,18.092014431879,23.9101173540566));
#6230=CARTESIAN_POINT('Ctrl Pts',(-7.64210588508748,17.6421058850875,23.5619851411805));
#6231=CARTESIAN_POINT('Ctrl Pts',(-8.68741003805852,17.980303256872,24.513198882483));
#6232=CARTESIAN_POINT('Ctrl Pts',(-8.44556782247227,17.7384610412857,23.9101173540566));
#6233=CARTESIAN_POINT('Ctrl Pts',(-7.99565927568075,17.2885524944942,23.5619851411805));
#6234=CARTESIAN_POINT('',(-8.33385664746524,18.3338566474652,24.513198882483));
#6235=CARTESIAN_POINT('Ctrl Pts',(-8.53252563604389,18.5325256360439,25.898990200786));
#6236=CARTESIAN_POINT('Ctrl Pts',(-8.59011902361322,18.5901190236132,25.1512890758589));
#6237=CARTESIAN_POINT('Ctrl Pts',(-8.33385664746524,18.3338566474652,24.513198882483));
#6238=CARTESIAN_POINT('Ctrl Pts',(-8.88607902663716,18.1789722454506,25.898990200786));
#6239=CARTESIAN_POINT('Ctrl Pts',(-8.9436724142065,18.2365656330199,25.1512890758589));
#6240=CARTESIAN_POINT('Ctrl Pts',(-8.68741003805852,17.980303256872,24.513198882483));
#6241=CARTESIAN_POINT('',(-8.53252563604389,18.5325256360439,25.898990200786));
#6242=CARTESIAN_POINT('Ctrl Pts',(-8.53252563604389,18.5325256360439,25.898990200786));
#6243=CARTESIAN_POINT('Ctrl Pts',(-8.65037676624165,18.4146745058461,25.898990200786));
#6244=CARTESIAN_POINT('Ctrl Pts',(-8.7682278964394,18.2968233756484,25.898990200786));
#6245=CARTESIAN_POINT('Ctrl Pts',(-8.88607902663716,18.1789722454506,25.898990200786));
#6246=CARTESIAN_POINT('Ctrl Pts',(-8.46052129570507,18.4605212957051,26.7355349596066));
#6247=CARTESIAN_POINT('Ctrl Pts',(-8.57837242590283,18.3426701655073,26.7355349596066));
#6248=CARTESIAN_POINT('Ctrl Pts',(-8.69622355610059,18.2248190353096,26.7355349596066));
#6249=CARTESIAN_POINT('Ctrl Pts',(-8.81407468629835,18.1069679051118,26.7355349596066));
#6250=CARTESIAN_POINT('Ctrl Pts',(-8.07445770409853,18.0744577040985,27.4014693077723));
#6251=CARTESIAN_POINT('Ctrl Pts',(-8.19230883429629,17.9566065739008,27.4014693077723));
#6252=CARTESIAN_POINT('Ctrl Pts',(-8.31015996449405,17.838755443703,27.4014693077723));
#6253=CARTESIAN_POINT('Ctrl Pts',(-8.42801109469181,17.7209043135053,27.4014693077723));
#6254=CARTESIAN_POINT('Ctrl Pts',(-7.5620473731439,17.5620473731439,27.755679017447));
#6255=CARTESIAN_POINT('Ctrl Pts',(-7.67989850334166,17.4441962429462,27.755679017447));
#6256=CARTESIAN_POINT('Ctrl Pts',(-7.79774963353942,17.3263451127484,27.755679017447));
#6257=CARTESIAN_POINT('Ctrl Pts',(-7.91560076373718,17.2084939825506,27.755679017447));
#6258=CARTESIAN_POINT('',(-7.5620473731439,17.5620473731439,27.755679017447));
#6259=CARTESIAN_POINT('Origin',(-7.5620473731439,17.5620473731439,27.755679017447));
#6260=CARTESIAN_POINT('',(-7.5620473731439,17.5620473731439,29.5719925703034));
#6261=CARTESIAN_POINT('Origin',(-6.75486498991029,16.7548649899103,25.5952899196066));
#6262=CARTESIAN_POINT('',(-8.00146994367376,18.0014699436738,29.33817690029));
#6263=CARTESIAN_POINT('Ctrl Pts',(-8.00146994367375,18.0014699436738,29.33817690029));
#6264=CARTESIAN_POINT('Ctrl Pts',(-8.11932107387151,17.883618813476,29.33817690029));
#6265=CARTESIAN_POINT('Ctrl Pts',(-8.23717220406927,17.7657676832782,29.33817690029));
#6266=CARTESIAN_POINT('Ctrl Pts',(-8.35502333426703,17.6479165530805,29.33817690029));
#6267=CARTESIAN_POINT('Ctrl Pts',(-8.00414198643443,18.0041419864344,29.3356152833924));
#6268=CARTESIAN_POINT('Ctrl Pts',(-8.12199311663219,17.8862908562367,29.3356152833924));
#6269=CARTESIAN_POINT('Ctrl Pts',(-8.23984424682994,17.7684397260389,29.3356152833924));
#6270=CARTESIAN_POINT('Ctrl Pts',(-8.3576953770277,17.6505885958412,29.3356152833924));
#6271=CARTESIAN_POINT('Ctrl Pts',(-8.0031399703992,18.0031399703992,29.3370323480592));
#6272=CARTESIAN_POINT('Ctrl Pts',(-8.12099110059696,17.8852888402015,29.3370323480592));
#6273=CARTESIAN_POINT('Ctrl Pts',(-8.23884223079472,17.7674377100037,29.3370323480592));
#6274=CARTESIAN_POINT('Ctrl Pts',(-8.35669336099248,17.6495865798059,29.3370323480592));
#6275=CARTESIAN_POINT('Ctrl Pts',(-8.00146994367375,18.0014699436738,29.33817690029));
#6276=CARTESIAN_POINT('Ctrl Pts',(-8.11932107387151,17.883618813476,29.33817690029));
#6277=CARTESIAN_POINT('Ctrl Pts',(-8.23717220406927,17.7657676832782,29.33817690029));
#6278=CARTESIAN_POINT('Ctrl Pts',(-8.35502333426703,17.6479165530805,29.33817690029));
#6279=CARTESIAN_POINT('',(-8.00146994367376,18.0014699436738,29.33817690029));
#6280=CARTESIAN_POINT('Ctrl Pts',(-8.00146994367375,18.0014699436738,29.33817690029));
#6281=CARTESIAN_POINT('Ctrl Pts',(-10.1508926593517,20.1508926593517,27.9239639201779));
#6282=CARTESIAN_POINT('Ctrl Pts',(-9.52356965161252,19.5235696516125,24.4489520980174));
#6283=CARTESIAN_POINT('Ctrl Pts',(-8.35502333426703,17.6479165530805,29.33817690029));
#6284=CARTESIAN_POINT('Ctrl Pts',(-10.504446049945,19.7973392687584,27.9239639201779));
#6285=CARTESIAN_POINT('Ctrl Pts',(-9.8771230422058,19.1700162610192,24.4489520980174));
#6286=CARTESIAN_POINT('Ctrl Pts',(-4.8881547367535,14.8881547367535,18.5596970996322));
#6287=CARTESIAN_POINT('Ctrl Pts',(-5.00600586695126,14.7703036065557,18.5596970996322));
#6288=CARTESIAN_POINT('Ctrl Pts',(-5.12385699714902,14.652452476358,18.5596970996322));
#6289=CARTESIAN_POINT('Ctrl Pts',(-5.24170812734677,14.5346013461602,18.5596970996322));
#6290=CARTESIAN_POINT('Ctrl Pts',(-4.89088617062678,14.8908861706268,18.5257495473413));
#6291=CARTESIAN_POINT('Ctrl Pts',(-5.00873730082454,14.773035040429,18.5257495473413));
#6292=CARTESIAN_POINT('Ctrl Pts',(-5.1265884310223,14.6551839102313,18.5257495473413));
#6293=CARTESIAN_POINT('Ctrl Pts',(-5.24443956122006,14.5373327800335,18.5257495473413));
#6294=CARTESIAN_POINT('Ctrl Pts',(-4.89346592123686,14.8934659212368,18.4935248410376));
#6295=CARTESIAN_POINT('Ctrl Pts',(-5.01131705143462,14.7756147910391,18.4935248410376));
#6296=CARTESIAN_POINT('Ctrl Pts',(-5.12916818163238,14.6577636608413,18.4935248410376));
#6297=CARTESIAN_POINT('Ctrl Pts',(-5.24701931183014,14.5399125306436,18.4935248410376));
#6298=CARTESIAN_POINT('Ctrl Pts',(-4.91157070987805,14.911570709878,18.2701846968667));
#6299=CARTESIAN_POINT('Ctrl Pts',(-5.02942184007581,14.7937195796803,18.2701846968667));
#6300=CARTESIAN_POINT('Ctrl Pts',(-5.14727297027357,14.6758684494825,18.2701846968667));
#6301=CARTESIAN_POINT('Ctrl Pts',(-5.26512410047133,14.5580173192848,18.2701846968667));
#6302=CARTESIAN_POINT('Ctrl Pts',(-4.95743887592676,14.9574388759267,18.0178948451565));
#6303=CARTESIAN_POINT('Ctrl Pts',(-5.07529000612451,14.839587745729,18.0178948451565));
#6304=CARTESIAN_POINT('Ctrl Pts',(-5.19314113632227,14.7217366155312,18.0178948451565));
#6305=CARTESIAN_POINT('Ctrl Pts',(-5.31099226652003,14.6038854853335,18.0178948451565));
#6306=CARTESIAN_POINT('Ctrl Pts',(-5.08173905459108,15.0817390545911,17.5857307612262));
#6307=CARTESIAN_POINT('Ctrl Pts',(-5.19959018478884,14.9638879243933,17.5857307612262));
#6308=CARTESIAN_POINT('Ctrl Pts',(-5.3174413149866,14.8460367941956,17.5857307612262));
#6309=CARTESIAN_POINT('Ctrl Pts',(-5.43529244518436,14.7281856639978,17.5857307612262));
#6310=CARTESIAN_POINT('Ctrl Pts',(-5.33154206015396,15.3315420601539,17.0918943306125));
#6311=CARTESIAN_POINT('Ctrl Pts',(-5.44939319035172,15.2136909299562,17.0918943306125));
#6312=CARTESIAN_POINT('Ctrl Pts',(-5.56724432054947,15.0958397997584,17.0918943306125));
#6313=CARTESIAN_POINT('Ctrl Pts',(-5.68509545074723,14.9779886695607,17.0918943306125));
#6314=CARTESIAN_POINT('Ctrl Pts',(-5.86847328795987,15.8684732879599,16.5035077625234));
#6315=CARTESIAN_POINT('Ctrl Pts',(-5.98632441815762,15.7506221577621,16.5035077625234));
#6316=CARTESIAN_POINT('Ctrl Pts',(-6.10417554835538,15.6327710275643,16.5035077625234));
#6317=CARTESIAN_POINT('Ctrl Pts',(-6.22202667855314,15.5149198973666,16.5035077625234));
#6318=CARTESIAN_POINT('Ctrl Pts',(-6.37499454486043,16.3749945448604,16.3091574968324));
#6319=CARTESIAN_POINT('Ctrl Pts',(-6.49284567505819,16.2571434146627,16.3091574968324));
#6320=CARTESIAN_POINT('Ctrl Pts',(-6.61069680525595,16.1392922844649,16.3091574968324));
#6321=CARTESIAN_POINT('Ctrl Pts',(-6.72854793545371,16.0214411542671,16.3091574968324));
#6322=CARTESIAN_POINT('Ctrl Pts',(-6.71367379664291,16.7136737966429,16.3091574968324));
#6323=CARTESIAN_POINT('Ctrl Pts',(-6.83152492684067,16.5958226664451,16.3091574968324));
#6324=CARTESIAN_POINT('Ctrl Pts',(-6.94937605703843,16.4779715362474,16.3091574968324));
#6325=CARTESIAN_POINT('Ctrl Pts',(-7.06722718723619,16.3601204060496,16.3091574968324));
#6326=CARTESIAN_POINT('',(-4.8881547367535,14.8881547367535,18.5596970996322));
#6327=CARTESIAN_POINT('',(-6.71367379664291,16.7136737966429,16.3091574968324));
#6328=CARTESIAN_POINT('Ctrl Pts',(-6.71367379664291,16.7136737966429,16.3091574968324));
#6329=CARTESIAN_POINT('Ctrl Pts',(-6.83152492684067,16.5958226664451,16.3091574968324));
#6330=CARTESIAN_POINT('Ctrl Pts',(-6.94937605703843,16.4779715362474,16.3091574968324));
#6331=CARTESIAN_POINT('Ctrl Pts',(-7.06722718723619,16.3601204060496,16.3091574968324));
#6332=CARTESIAN_POINT('Ctrl Pts',(-7.67059911029461,17.6705991102946,16.3091574968324));
#6333=CARTESIAN_POINT('Ctrl Pts',(-7.78845024049237,17.5527479800968,16.3091574968324));
#6334=CARTESIAN_POINT('Ctrl Pts',(-7.90630137069013,17.4348968498991,16.3091574968324));
#6335=CARTESIAN_POINT('Ctrl Pts',(-8.02415250088789,17.3170457197013,16.3091574968324));
#6336=CARTESIAN_POINT('Ctrl Pts',(-8.5409399614143,18.5409399614143,17.3230127634034));
#6337=CARTESIAN_POINT('Ctrl Pts',(-8.65879109161205,18.4230888312165,17.3230127634034));
#6338=CARTESIAN_POINT('Ctrl Pts',(-8.77664222180981,18.3052377010188,17.3230127634034));
#6339=CARTESIAN_POINT('Ctrl Pts',(-8.89449335200757,18.187386570821,17.3230127634034));
#6340=CARTESIAN_POINT('Ctrl Pts',(-8.54268706629627,18.5426870662963,18.7198025049195));
#6341=CARTESIAN_POINT('Ctrl Pts',(-8.66053819649403,18.4248359360985,18.7198025049195));
#6342=CARTESIAN_POINT('Ctrl Pts',(-8.77838932669179,18.3069848059008,18.7198025049195));
#6343=CARTESIAN_POINT('Ctrl Pts',(-8.89624045688955,18.189133675703,18.7198025049195));
#6344=CARTESIAN_POINT('',(-8.54268706629627,18.5426870662963,18.7198025049195));
#6345=CARTESIAN_POINT('Ctrl Pts',(-8.54268706629627,18.5426870662963,18.7198025049195));
#6346=CARTESIAN_POINT('Ctrl Pts',(-8.66053819649403,18.4248359360985,18.7198025049195));
#6347=CARTESIAN_POINT('Ctrl Pts',(-8.77838932669179,18.3069848059008,18.7198025049195));
#6348=CARTESIAN_POINT('Ctrl Pts',(-8.89624045688955,18.189133675703,18.7198025049195));
#6349=CARTESIAN_POINT('Ctrl Pts',(-8.54268706629627,18.5426870662963,18.7679951515226));
#6350=CARTESIAN_POINT('Ctrl Pts',(-8.66053819649403,18.4248359360985,18.7679951515226));
#6351=CARTESIAN_POINT('Ctrl Pts',(-8.77838932669179,18.3069848059008,18.7679951515226));
#6352=CARTESIAN_POINT('Ctrl Pts',(-8.89624045688955,18.189133675703,18.7679951515226));
#6353=CARTESIAN_POINT('Ctrl Pts',(-8.54187368518581,18.5418736851858,18.8097729791501));
#6354=CARTESIAN_POINT('Ctrl Pts',(-8.65972481538357,18.424022554988,18.8097729791501));
#6355=CARTESIAN_POINT('Ctrl Pts',(-8.77757594558132,18.3061714247903,18.8097729791501));
#6356=CARTESIAN_POINT('Ctrl Pts',(-8.89542707577908,18.1883202945925,18.8097729791501));
#6357=CARTESIAN_POINT('Ctrl Pts',(-8.53522023855407,18.5352202385541,18.9167016010168));
#6358=CARTESIAN_POINT('Ctrl Pts',(-8.65307136875183,18.4173691083563,18.9167016010168));
#6359=CARTESIAN_POINT('Ctrl Pts',(-8.77092249894959,18.2995179781585,18.9167016010168));
#6360=CARTESIAN_POINT('Ctrl Pts',(-8.88877362914735,18.1816668479608,18.9167016010168));
#6361=CARTESIAN_POINT('Ctrl Pts',(-8.53246991538574,18.5324699153857,18.9598320349881));
#6362=CARTESIAN_POINT('Ctrl Pts',(-8.6503210455835,18.414618785188,18.9598320349881));
#6363=CARTESIAN_POINT('Ctrl Pts',(-8.76817217578126,18.2967676549902,18.9598320349881));
#6364=CARTESIAN_POINT('Ctrl Pts',(-8.88602330597902,18.1789165247925,18.9598320349881));
#6365=CARTESIAN_POINT('Ctrl Pts',(-8.52899183675068,18.5289918367507,19.0149332542306));
#6366=CARTESIAN_POINT('Ctrl Pts',(-8.64684296694844,18.4111407065529,19.0149332542306));
#6367=CARTESIAN_POINT('Ctrl Pts',(-8.7646940971462,18.2932895763552,19.0149332542306));
#6368=CARTESIAN_POINT('Ctrl Pts',(-8.88254522734396,18.1754384461574,19.0149332542306));
#6369=CARTESIAN_POINT('',(-8.52899183675069,18.5289918367507,19.0149332542306));
#6370=CARTESIAN_POINT('Ctrl Pts',(-8.52899183675069,18.5289918367507,19.0149332542306));
#6371=CARTESIAN_POINT('Ctrl Pts',(-8.64684296694845,18.4111407065529,19.0149332542306));
#6372=CARTESIAN_POINT('Ctrl Pts',(-8.7646940971462,18.2932895763552,19.0149332542306));
#6373=CARTESIAN_POINT('Ctrl Pts',(-8.88254522734396,18.1754384461574,19.0149332542306));
#6374=CARTESIAN_POINT('Ctrl Pts',(-8.52329313385949,18.5232931338595,19.0675358062792));
#6375=CARTESIAN_POINT('Ctrl Pts',(-8.64114426405725,18.4054420036617,19.0675358062792));
#6376=CARTESIAN_POINT('Ctrl Pts',(-8.75899539425501,18.287590873464,19.0675358062792));
#6377=CARTESIAN_POINT('Ctrl Pts',(-8.87684652445277,18.1697397432662,19.0675358062792));
#6378=CARTESIAN_POINT('Ctrl Pts',(-8.51785544332005,18.51785544332,19.1128304134269));
#6379=CARTESIAN_POINT('Ctrl Pts',(-8.63570657351781,18.4000043131223,19.1128304134269));
#6380=CARTESIAN_POINT('Ctrl Pts',(-8.75355770371557,18.2821531829245,19.1128304134269));
#6381=CARTESIAN_POINT('Ctrl Pts',(-8.87140883391332,18.1643020527268,19.1128304134269));
#6382=CARTESIAN_POINT('Ctrl Pts',(-8.51136764201535,18.5113676420153,19.1566399396882));
#6383=CARTESIAN_POINT('Ctrl Pts',(-8.62921877221311,18.3935165118176,19.1566399396882));
#6384=CARTESIAN_POINT('Ctrl Pts',(-8.74706990241087,18.2756653816198,19.1566399396882));
#6385=CARTESIAN_POINT('Ctrl Pts',(-8.86492103260863,18.1578142514221,19.1566399396882));
#6386=CARTESIAN_POINT('',(-8.51136764201535,18.5113676420153,19.1566399396882));
#6387=CARTESIAN_POINT('Ctrl Pts',(-8.51136764201535,18.5113676420153,19.1566399396882));
#6388=CARTESIAN_POINT('Ctrl Pts',(-8.62921877221311,18.3935165118176,19.1566399396882));
#6389=CARTESIAN_POINT('Ctrl Pts',(-8.74706990241087,18.2756653816198,19.1566399396882));
#6390=CARTESIAN_POINT('Ctrl Pts',(-8.86492103260863,18.1578142514221,19.1566399396882));
#6391=CARTESIAN_POINT('Ctrl Pts',(-8.477350482255,18.477350482255,19.39803145542));
#6392=CARTESIAN_POINT('Ctrl Pts',(-8.59520161245276,18.3594993520572,19.39803145542));
#6393=CARTESIAN_POINT('Ctrl Pts',(-8.71305274265051,18.2416482218595,19.39803145542));
#6394=CARTESIAN_POINT('Ctrl Pts',(-8.83090387284827,18.1237970916617,19.39803145542));
#6395=CARTESIAN_POINT('Ctrl Pts',(-8.41689551479566,18.4168955147957,19.6238170923219));
#6396=CARTESIAN_POINT('Ctrl Pts',(-8.53474664499342,18.2990443845979,19.6238170923219));
#6397=CARTESIAN_POINT('Ctrl Pts',(-8.65259777519118,18.1811932544001,19.6238170923219));
#6398=CARTESIAN_POINT('Ctrl Pts',(-8.77044890538894,18.0633421242024,19.6238170923219));
#6399=CARTESIAN_POINT('Ctrl Pts',(-8.33385664746525,18.3338566474652,19.8297456563935));
#6400=CARTESIAN_POINT('Ctrl Pts',(-8.451707777663,18.2160055172675,19.8297456563935));
#6401=CARTESIAN_POINT('Ctrl Pts',(-8.56955890786077,18.0981543870697,19.8297456563935));
#6402=CARTESIAN_POINT('Ctrl Pts',(-8.68741003805852,17.980303256872,19.8297456563935));
#6403=CARTESIAN_POINT('',(-8.33385664746525,18.3338566474652,19.8297456563935));
#6404=CARTESIAN_POINT('Ctrl Pts',(-8.33385664746525,18.3338566474652,19.8297456563935));
#6405=CARTESIAN_POINT('Ctrl Pts',(-8.451707777663,18.2160055172675,19.8297456563935));
#6406=CARTESIAN_POINT('Ctrl Pts',(-8.56955890786077,18.0981543870697,19.8297456563935));
#6407=CARTESIAN_POINT('Ctrl Pts',(-8.68741003805852,17.980303256872,19.8297456563935));
#6408=CARTESIAN_POINT('Ctrl Pts',(-8.17337992551411,18.1733799255141,20.2298302473054));
#6409=CARTESIAN_POINT('Ctrl Pts',(-8.29123105571187,18.0555287953163,20.2298302473054));
#6410=CARTESIAN_POINT('Ctrl Pts',(-8.40908218590963,17.9376776651186,20.2298302473054));
#6411=CARTESIAN_POINT('Ctrl Pts',(-8.52693331610739,17.8198265349208,20.2298302473054));
#6412=CARTESIAN_POINT('Ctrl Pts',(-7.93122605033178,17.9312260503318,20.5572993577943));
#6413=CARTESIAN_POINT('Ctrl Pts',(-8.04907718052954,17.813374920134,20.5572993577943));
#6414=CARTESIAN_POINT('Ctrl Pts',(-8.1669283107273,17.6955237899363,20.5572993577943));
#6415=CARTESIAN_POINT('Ctrl Pts',(-8.28477944092505,17.5776726597385,20.5572993577943));
#6416=CARTESIAN_POINT('Ctrl Pts',(-7.64210588508748,17.6421058850875,20.780959397696));
#6417=CARTESIAN_POINT('Ctrl Pts',(-7.75995701528524,17.5242547548897,20.780959397696));
#6418=CARTESIAN_POINT('Ctrl Pts',(-7.877808145483,17.406403624692,20.780959397696));
#6419=CARTESIAN_POINT('Ctrl Pts',(-7.99565927568076,17.2885524944942,20.780959397696));
#6420=CARTESIAN_POINT('',(-7.64210588508748,17.6421058850875,20.780959397696));
#6421=CARTESIAN_POINT('Ctrl Pts',(-7.64210588508748,17.6421058850875,20.780959397696));
#6422=CARTESIAN_POINT('Ctrl Pts',(-7.75995701528524,17.5242547548897,20.780959397696));
#6423=CARTESIAN_POINT('Ctrl Pts',(-7.877808145483,17.406403624692,20.780959397696));
#6424=CARTESIAN_POINT('Ctrl Pts',(-7.99565927568076,17.2885524944942,20.780959397696));
#6425=CARTESIAN_POINT('Ctrl Pts',(-7.3526260217793,17.3526260217793,21.0280555070863));
#6426=CARTESIAN_POINT('Ctrl Pts',(-7.47047715197706,17.2347748915815,21.0280555070863));
#6427=CARTESIAN_POINT('Ctrl Pts',(-7.58832828217482,17.1169237613838,21.0280555070863));
#6428=CARTESIAN_POINT('Ctrl Pts',(-7.70617941237258,16.999072631186,21.0280555070863));
#6429=CARTESIAN_POINT('Ctrl Pts',(-7.03277736478773,17.0327773647877,21.1741766752229));
#6430=CARTESIAN_POINT('Ctrl Pts',(-7.15062849498548,16.91492623459,21.1741766752229));
#6431=CARTESIAN_POINT('Ctrl Pts',(-7.26847962518324,16.7970751043922,21.1741766752229));
#6432=CARTESIAN_POINT('Ctrl Pts',(-7.386330755381,16.6792239741944,21.1741766752229));
#6433=CARTESIAN_POINT('Ctrl Pts',(-6.69715337842093,16.6971533784209,21.3101058782563));
#6434=CARTESIAN_POINT('Ctrl Pts',(-6.81500450861868,16.5793022482232,21.3101058782563));
#6435=CARTESIAN_POINT('Ctrl Pts',(-6.93285563881644,16.4614511180254,21.3101058782563));
#6436=CARTESIAN_POINT('Ctrl Pts',(-7.0507067690142,16.3435999878276,21.3101058782563));
#6437=CARTESIAN_POINT('',(-6.69715337842093,16.6971533784209,21.3101058782563));
#6438=CARTESIAN_POINT('Ctrl Pts',(-6.69715337842093,16.6971533784209,21.3101058782563));
#6439=CARTESIAN_POINT('Ctrl Pts',(-6.81500450861869,16.5793022482232,21.3101058782563));
#6440=CARTESIAN_POINT('Ctrl Pts',(-6.93285563881644,16.4614511180254,21.3101058782563));
#6441=CARTESIAN_POINT('Ctrl Pts',(-7.0507067690142,16.3435999878276,21.3101058782563));
#6442=CARTESIAN_POINT('Ctrl Pts',(-5.97827110493519,15.9782711049352,21.0163738073335));
#6443=CARTESIAN_POINT('Ctrl Pts',(-6.09612223513295,15.8604199747374,21.0163738073335));
#6444=CARTESIAN_POINT('Ctrl Pts',(-6.21397336533071,15.7425688445397,21.0163738073335));
#6445=CARTESIAN_POINT('Ctrl Pts',(-6.33182449552847,15.6247177143419,21.0163738073335));
#6446=CARTESIAN_POINT('Ctrl Pts',(-5.81376062612434,15.8137606261243,20.8055036844239));
#6447=CARTESIAN_POINT('Ctrl Pts',(-5.9316117563221,15.6959094959266,20.8055036844239));
#6448=CARTESIAN_POINT('Ctrl Pts',(-6.04946288651986,15.5780583657288,20.8055036844239));
#6449=CARTESIAN_POINT('Ctrl Pts',(-6.16731401671762,15.4602072355311,20.8055036844239));
#6450=CARTESIAN_POINT('Ctrl Pts',(-5.81656113247919,15.8165611324792,20.8031055749879));
#6451=CARTESIAN_POINT('Ctrl Pts',(-5.93441226267695,15.6987100022814,20.8031055749879));
#6452=CARTESIAN_POINT('Ctrl Pts',(-6.05226339287471,15.5808588720837,20.8031055749879));
#6453=CARTESIAN_POINT('Ctrl Pts',(-6.17011452307247,15.4630077418859,20.8031055749879));
#6454=CARTESIAN_POINT('',(-5.81656113247919,15.8165611324792,20.8031055749879));
#6455=CARTESIAN_POINT('Ctrl Pts',(-5.81656113247919,15.8165611324792,20.8031055749879));
#6456=CARTESIAN_POINT('Ctrl Pts',(-5.93441226267695,15.6987100022814,20.8031055749879));
#6457=CARTESIAN_POINT('Ctrl Pts',(-6.05226339287471,15.5808588720837,20.8031055749879));
#6458=CARTESIAN_POINT('Ctrl Pts',(-6.17011452307247,15.4630077418859,20.8031055749879));
#6459=CARTESIAN_POINT('Ctrl Pts',(-5.68103204053364,15.6810320405336,20.7021488012299));
#6460=CARTESIAN_POINT('Ctrl Pts',(-5.7988831707314,15.5631809103359,20.7021488012299));
#6461=CARTESIAN_POINT('Ctrl Pts',(-5.91673430092916,15.4453297801381,20.7021488012299));
#6462=CARTESIAN_POINT('Ctrl Pts',(-6.03458543112691,15.3274786499404,20.7021488012299));
#6463=CARTESIAN_POINT('Ctrl Pts',(-5.55490648368797,15.554906483688,20.5791003526673));
#6464=CARTESIAN_POINT('Ctrl Pts',(-5.67275761388573,15.4370553534902,20.5791003526673));
#6465=CARTESIAN_POINT('Ctrl Pts',(-5.79060874408349,15.3192042232925,20.5791003526673));
#6466=CARTESIAN_POINT('Ctrl Pts',(-5.90845987428125,15.2013530930947,20.5791003526673));
#6467=CARTESIAN_POINT('Ctrl Pts',(-5.44242376055285,15.4424237605528,20.4364128412232));
#6468=CARTESIAN_POINT('Ctrl Pts',(-5.56027489075061,15.3245726303551,20.4364128412232));
#6469=CARTESIAN_POINT('Ctrl Pts',(-5.67812602094837,15.2067215001573,20.4364128412232));
#6470=CARTESIAN_POINT('Ctrl Pts',(-5.79597715114613,15.0888703699596,20.4364128412232));
#6471=CARTESIAN_POINT('',(-5.44242376055285,15.4424237605528,20.4364128412232));
#6472=CARTESIAN_POINT('Ctrl Pts',(-5.44242376055285,15.4424237605528,20.4364128412232));
#6473=CARTESIAN_POINT('Ctrl Pts',(-5.49293138778046,15.3919161333252,20.4364128412232));
#6474=CARTESIAN_POINT('Ctrl Pts',(-5.57711076649315,15.3077367546126,20.4364128412232));
#6475=CARTESIAN_POINT('Ctrl Pts',(-5.69496189669091,15.1898856244148,20.4364128412232));
#6476=CARTESIAN_POINT('Ctrl Pts',(-5.76230539966105,15.1225421214446,20.4364128412232));
#6477=CARTESIAN_POINT('Ctrl Pts',(-5.79597715114613,15.0888703699596,20.4364128412232));
#6478=CARTESIAN_POINT('Ctrl Pts',(-5.44145032955275,15.4414503295527,20.435312228567));
#6479=CARTESIAN_POINT('Ctrl Pts',(-5.49195795678036,15.3909427023251,20.435312228567));
#6480=CARTESIAN_POINT('Ctrl Pts',(-5.57613733549305,15.3067633236125,20.435312228567));
#6481=CARTESIAN_POINT('Ctrl Pts',(-5.69398846569081,15.1889121934147,20.435312228567));
#6482=CARTESIAN_POINT('Ctrl Pts',(-5.76133196866095,15.1215686904445,20.435312228567));
#6483=CARTESIAN_POINT('Ctrl Pts',(-5.79500372014603,15.0878969389595,20.435312228567));
#6484=CARTESIAN_POINT('Ctrl Pts',(-5.43926453707267,15.4392645371122,20.4326062235104));
#6485=CARTESIAN_POINT('Ctrl Pts',(-5.48977216430028,15.3887569098846,20.4326062235104));
#6486=CARTESIAN_POINT('Ctrl Pts',(-5.57395154301379,15.3045775311711,20.4326062235104));
#6487=CARTESIAN_POINT('Ctrl Pts',(-5.69180267321161,15.1867264009733,20.4326062235104));
#6488=CARTESIAN_POINT('Ctrl Pts',(-5.75914617618227,15.1193828980026,20.4326062235104));
#6489=CARTESIAN_POINT('Ctrl Pts',(-5.79281792766735,15.0857111465175,20.4326062235104));
#6490=CARTESIAN_POINT('Ctrl Pts',(-5.43668213431857,15.4366821343977,20.4288684051063));
#6491=CARTESIAN_POINT('Ctrl Pts',(-5.48718976154618,15.3861745071701,20.4288684051063));
#6492=CARTESIAN_POINT('Ctrl Pts',(-5.57136914026051,15.3019951284558,20.4288684051063));
#6493=CARTESIAN_POINT('Ctrl Pts',(-5.6892202704584,15.1841439982579,20.4288684051063));
#6494=CARTESIAN_POINT('Ctrl Pts',(-5.75656377342957,15.1168004952867,20.4288684051063));
#6495=CARTESIAN_POINT('Ctrl Pts',(-5.79023552491465,15.0831287438016,20.4288684051063));
#6496=CARTESIAN_POINT('Ctrl Pts',(-5.43352565400527,15.4335256540866,20.4243434406623));
#6497=CARTESIAN_POINT('Ctrl Pts',(-5.48403328123288,15.3830180268589,20.4243434406623));
#6498=CARTESIAN_POINT('Ctrl Pts',(-5.56821265994726,15.2988386481446,20.4243434406623));
#6499=CARTESIAN_POINT('Ctrl Pts',(-5.68606379014514,15.1809875179467,20.4243434406623));
#6500=CARTESIAN_POINT('Ctrl Pts',(-5.75340729311635,15.1136440149755,20.4243434406623));
#6501=CARTESIAN_POINT('Ctrl Pts',(-5.78707904460142,15.0799722634904,20.4243434406623));
#6502=CARTESIAN_POINT('Ctrl Pts',(-5.43178479772881,15.4317847978595,20.4219496876165));
#6503=CARTESIAN_POINT('Ctrl Pts',(-5.48229242495642,15.3812771706319,20.4219496876165));
#6504=CARTESIAN_POINT('Ctrl Pts',(-5.56647180367183,15.2970977919165,20.4219496876165));
#6505=CARTESIAN_POINT('Ctrl Pts',(-5.6843229338698,15.1792466617185,20.4219496876165));
#6506=CARTESIAN_POINT('Ctrl Pts',(-5.75166643684164,15.1119031587467,20.4219496876165));
#6507=CARTESIAN_POINT('Ctrl Pts',(-5.78533818832672,15.0782314072616,20.4219496876165));
#6508=CARTESIAN_POINT('Ctrl Pts',(-5.42915841951403,15.4291584196595,20.4189710220033));
#6509=CARTESIAN_POINT('Ctrl Pts',(-5.47966604674164,15.3786507924319,20.4189710220033));
#6510=CARTESIAN_POINT('Ctrl Pts',(-5.56384542545735,15.2944714137162,20.4189710220033));
#6511=CARTESIAN_POINT('Ctrl Pts',(-5.68169655565534,15.1766202835182,20.4189710220033));
#6512=CARTESIAN_POINT('Ctrl Pts',(-5.74904005862738,15.1092767805462,20.4189710220033));
#6513=CARTESIAN_POINT('Ctrl Pts',(-5.78271181011245,15.0756050290611,20.4189710220033));
#6514=CARTESIAN_POINT('Ctrl Pts',(-5.42912830907824,15.4291283092237,20.4189369230812));
#6515=CARTESIAN_POINT('Ctrl Pts',(-5.47963593630585,15.3786206819961,20.4189369230812));
#6516=CARTESIAN_POINT('Ctrl Pts',(-5.56381531502156,15.2944413032804,20.4189369230812));
#6517=CARTESIAN_POINT('Ctrl Pts',(-5.68166644521955,15.1765901730824,20.4189369230812));
#6518=CARTESIAN_POINT('Ctrl Pts',(-5.74900994819158,15.1092466701104,20.4189369230812));
#6519=CARTESIAN_POINT('Ctrl Pts',(-5.78268169967666,15.0755749186253,20.4189369230812));
#6520=CARTESIAN_POINT('Ctrl Pts',(-5.42906769751572,15.4290676976612,20.4188682550316));
#6521=CARTESIAN_POINT('Ctrl Pts',(-5.47957532474333,15.3785600704336,20.4188682550316));
#6522=CARTESIAN_POINT('Ctrl Pts',(-5.56375470345904,15.2943806917179,20.4188682550316));
#6523=CARTESIAN_POINT('Ctrl Pts',(-5.68160583365703,15.1765295615199,20.4188682550316));
#6524=CARTESIAN_POINT('Ctrl Pts',(-5.74894933662907,15.1091860585479,20.4188682550316));
#6525=CARTESIAN_POINT('Ctrl Pts',(-5.78262108811414,15.0755143070628,20.4188682550316));
#6526=CARTESIAN_POINT('Ctrl Pts',(-5.4289597724808,15.4289597726263,20.4187459969887));
#6527=CARTESIAN_POINT('Ctrl Pts',(-5.47946739970841,15.3784521453986,20.4187459969887));
#6528=CARTESIAN_POINT('Ctrl Pts',(-5.56364677842412,15.2942727666829,20.4187459969887));
#6529=CARTESIAN_POINT('Ctrl Pts',(-5.68149790862211,15.176421636485,20.4187459969887));
#6530=CARTESIAN_POINT('Ctrl Pts',(-5.74884141159415,15.1090781335129,20.4187459969887));
#6531=CARTESIAN_POINT('Ctrl Pts',(-5.78251316307922,15.0754063820278,20.4187459969887));
#6532=CARTESIAN_POINT('Ctrl Pts',(-5.42873697103226,15.4287369711777,20.4184935910478));
#6533=CARTESIAN_POINT('Ctrl Pts',(-5.47924459825987,15.3782293439501,20.4184935910478));
#6534=CARTESIAN_POINT('Ctrl Pts',(-5.56342397697558,15.2940499652344,20.4184935910478));
#6535=CARTESIAN_POINT('Ctrl Pts',(-5.68127510717357,15.1761988350364,20.4184935910478));
#6536=CARTESIAN_POINT('Ctrl Pts',(-5.74861861014561,15.1088553320643,20.4184935910478));
#6537=CARTESIAN_POINT('Ctrl Pts',(-5.78229036163068,15.0751835805793,20.4184935910478));
#6538=CARTESIAN_POINT('Ctrl Pts',(-5.42839768108909,15.4283976812343,20.4181092072304));
#6539=CARTESIAN_POINT('Ctrl Pts',(-5.4789053083167,15.3778900540067,20.4181092072304));
#6540=CARTESIAN_POINT('Ctrl Pts',(-5.56308468703241,15.293710675291,20.4181092072304));
#6541=CARTESIAN_POINT('Ctrl Pts',(-5.68093581723039,15.175859545093,20.4181092072304));
#6542=CARTESIAN_POINT('Ctrl Pts',(-5.74827932020243,15.108516042121,20.4181092072304));
#6543=CARTESIAN_POINT('Ctrl Pts',(-5.7819510716875,15.0748442906359,20.4181092072304));
#6544=CARTESIAN_POINT('Ctrl Pts',(-5.42795411355574,15.4279541137007,20.4176066897085));
#6545=CARTESIAN_POINT('Ctrl Pts',(-5.47846174078335,15.3774464864731,20.4176066897085));
#6546=CARTESIAN_POINT('Ctrl Pts',(-5.56264111949906,15.2932671077574,20.4176066897085));
#6547=CARTESIAN_POINT('Ctrl Pts',(-5.68049224969704,15.1754159775594,20.4176066897085));
#6548=CARTESIAN_POINT('Ctrl Pts',(-5.74783575266907,15.1080724745874,20.4176066897085));
#6549=CARTESIAN_POINT('Ctrl Pts',(-5.78150750415415,15.0744007231023,20.4176066897085));
#6550=CARTESIAN_POINT('Ctrl Pts',(-5.42698854024243,15.4269885403871,20.4165128240393));
#6551=CARTESIAN_POINT('Ctrl Pts',(-5.47749616747004,15.3764809131595,20.4165128240393));
#6552=CARTESIAN_POINT('Ctrl Pts',(-5.56167554618573,15.2923015344438,20.4165128240393));
#6553=CARTESIAN_POINT('Ctrl Pts',(-5.67952667638372,15.1744504042458,20.4165128240393));
#6554=CARTESIAN_POINT('Ctrl Pts',(-5.74687017935575,15.1071069012738,20.4165128240393));
#6555=CARTESIAN_POINT('Ctrl Pts',(-5.78054193084082,15.0734351497887,20.4165128240393));
#6556=CARTESIAN_POINT('Ctrl Pts',(-5.42562303938293,15.4256230395242,20.4149653795408));
#6557=CARTESIAN_POINT('Ctrl Pts',(-5.47613066661054,15.3751154122966,20.4149653795408));
#6558=CARTESIAN_POINT('Ctrl Pts',(-5.56031004532616,15.290936033581,20.4149653795408));
#6559=CARTESIAN_POINT('Ctrl Pts',(-5.67816117552415,15.173084903383,20.4149653795408));
#6560=CARTESIAN_POINT('Ctrl Pts',(-5.74550467849613,15.105741400411,20.4149653795408));
#6561=CARTESIAN_POINT('Ctrl Pts',(-5.7791764299812,15.0720696489259,20.4149653795408));
#6562=CARTESIAN_POINT('Ctrl Pts',(-5.42388613755416,15.4238861376949,20.41299769694));
#6563=CARTESIAN_POINT('Ctrl Pts',(-5.47439376478177,15.3733785104673,20.41299769694));
#6564=CARTESIAN_POINT('Ctrl Pts',(-5.55857314349738,15.2891991317517,20.41299769694));
#6565=CARTESIAN_POINT('Ctrl Pts',(-5.67642427369536,15.1713480015537,20.41299769694));
#6566=CARTESIAN_POINT('Ctrl Pts',(-5.74376777666734,15.1040044985817,20.41299769694));
#6567=CARTESIAN_POINT('Ctrl Pts',(-5.77743952815241,15.0703327470966,20.41299769694));
#6568=CARTESIAN_POINT('Ctrl Pts',(-5.42291688138683,15.4229168815272,20.411899653632));
#6569=CARTESIAN_POINT('Ctrl Pts',(-5.47342450861445,15.3724092542996,20.411899653632));
#6570=CARTESIAN_POINT('Ctrl Pts',(-5.55760388733005,15.288229875584,20.411899653632));
#6571=CARTESIAN_POINT('Ctrl Pts',(-5.67545501752803,15.170378745386,20.411899653632));
#6572=CARTESIAN_POINT('Ctrl Pts',(-5.7427985205,15.1030352424141,20.411899653632));
#6573=CARTESIAN_POINT('Ctrl Pts',(-5.77647027198507,15.069363490929,20.411899653632));
#6574=CARTESIAN_POINT('Ctrl Pts',(-5.42240542101088,15.4224054211512,20.4113202541697));
#6575=CARTESIAN_POINT('Ctrl Pts',(-5.47291304823849,15.3718977939236,20.4113202541697));
#6576=CARTESIAN_POINT('Ctrl Pts',(-5.55709242695409,15.287718415208,20.4113202541697));
#6577=CARTESIAN_POINT('Ctrl Pts',(-5.67494355715207,15.16986728501,20.4113202541697));
#6578=CARTESIAN_POINT('Ctrl Pts',(-5.74228706012404,15.1025237820381,20.4113202541697));
#6579=CARTESIAN_POINT('Ctrl Pts',(-5.77595881160911,15.068852030553,20.4113202541697));
#6580=CARTESIAN_POINT('Ctrl Pts',(-5.42210575939578,15.4221057595361,20.4109807924186));
#6581=CARTESIAN_POINT('Ctrl Pts',(-5.47261338662339,15.3715981323085,20.4109807924186));
#6582=CARTESIAN_POINT('Ctrl Pts',(-5.55679276533899,15.2874187535929,20.4109807924186));
#6583=CARTESIAN_POINT('Ctrl Pts',(-5.67464389553697,15.1695676233949,20.4109807924186));
#6584=CARTESIAN_POINT('Ctrl Pts',(-5.74198739850894,15.1022241204229,20.4109807924186));
#6585=CARTESIAN_POINT('Ctrl Pts',(-5.77565914999401,15.0685523689379,20.4109807924186));
#6586=CARTESIAN_POINT('Ctrl Pts',(-5.42072978632404,15.4207297864641,20.4094220319137));
#6587=CARTESIAN_POINT('Ctrl Pts',(-5.47123741355165,15.3702221592365,20.4094220319137));
#6588=CARTESIAN_POINT('Ctrl Pts',(-5.55541679226725,15.2860427805209,20.4094220319137));
#6589=CARTESIAN_POINT('Ctrl Pts',(-5.67326792246523,15.1681916503229,20.4094220319137));
#6590=CARTESIAN_POINT('Ctrl Pts',(-5.7406114254372,15.100848147351,20.4094220319137));
#6591=CARTESIAN_POINT('Ctrl Pts',(-5.77428317692227,15.0671763958659,20.4094220319137));
#6592=CARTESIAN_POINT('Ctrl Pts',(-5.41652513895392,15.416525139088,20.4046580188945));
#6593=CARTESIAN_POINT('Ctrl Pts',(-5.46703276618153,15.3660175118604,20.4046580188945));
#6594=CARTESIAN_POINT('Ctrl Pts',(-5.55121214489701,15.281838133145,20.4046580188945));
#6595=CARTESIAN_POINT('Ctrl Pts',(-5.66906327509498,15.163987002947,20.4046580188945));
#6596=CARTESIAN_POINT('Ctrl Pts',(-5.73640677806687,15.0966434999751,20.4046580188945));
#6597=CARTESIAN_POINT('Ctrl Pts',(-5.77007852955194,15.06297174849,20.4046580188945));
#6598=CARTESIAN_POINT('Ctrl Pts',(-5.40711293731211,15.4071129374376,20.393994398801));
#6599=CARTESIAN_POINT('Ctrl Pts',(-5.45762056453972,15.35660531021,20.393994398801));
#6600=CARTESIAN_POINT('Ctrl Pts',(-5.54179994325502,15.2724259314947,20.393994398801));
#6601=CARTESIAN_POINT('Ctrl Pts',(-5.65965107345297,15.1545748012967,20.393994398801));
#6602=CARTESIAN_POINT('Ctrl Pts',(-5.72699457642475,15.0872312983249,20.393994398801));
#6603=CARTESIAN_POINT('Ctrl Pts',(-5.76066632790982,15.0535595468399,20.393994398801));
#6604=CARTESIAN_POINT('Ctrl Pts',(-5.390917239288,15.3909172393772,20.375642032586));
#6605=CARTESIAN_POINT('Ctrl Pts',(-5.44142486651561,15.3404096121496,20.375642032586));
#6606=CARTESIAN_POINT('Ctrl Pts',(-5.52560424523015,15.2562302334351,20.375642032586));
#6607=CARTESIAN_POINT('Ctrl Pts',(-5.64345537542805,15.1383791032371,20.375642032586));
#6608=CARTESIAN_POINT('Ctrl Pts',(-5.71079887839936,15.0710356002658,20.375642032586));
#6609=CARTESIAN_POINT('Ctrl Pts',(-5.74447062988443,15.0373638487808,20.375642032586));
#6610=CARTESIAN_POINT('Ctrl Pts',(-5.37205134558188,15.3720513456455,20.3542664970033));
#6611=CARTESIAN_POINT('Ctrl Pts',(-5.42255897280949,15.3215437184179,20.3542664970033));
#6612=CARTESIAN_POINT('Ctrl Pts',(-5.5067383515235,15.2373643397039,20.3542664970033));
#6613=CARTESIAN_POINT('Ctrl Pts',(-5.62458948172136,15.119513209506,20.3542664970033));
#6614=CARTESIAN_POINT('Ctrl Pts',(-5.69193298469233,15.052169706535,20.3542664970033));
#6615=CARTESIAN_POINT('Ctrl Pts',(-5.7256047361774,15.01849795505,20.3542664970033));
#6616=CARTESIAN_POINT('Ctrl Pts',(-5.35861285808962,15.3586128580896,20.3390332733008));
#6617=CARTESIAN_POINT('Ctrl Pts',(-5.40912048531723,15.308105230862,20.3390332733008));
#6618=CARTESIAN_POINT('Ctrl Pts',(-5.49329986402992,15.2239258521493,20.3390332733008));
#6619=CARTESIAN_POINT('Ctrl Pts',(-5.61115099422768,15.1060747219516,20.3390332733008));
#6620=CARTESIAN_POINT('Ctrl Pts',(-5.67849449719782,15.0387312189814,20.3390332733008));
#6621=CARTESIAN_POINT('Ctrl Pts',(-5.7121662486829,15.0050594674963,20.3390332733008));
#6622=CARTESIAN_POINT('Ctrl Pts',(-5.35320710814077,15.3532071081408,20.3329095644839));
#6623=CARTESIAN_POINT('Ctrl Pts',(-5.40371473536838,15.3026994809132,20.3329095644839));
#6624=CARTESIAN_POINT('Ctrl Pts',(-5.48789411408106,15.2185201022005,20.3329095644839));
#6625=CARTESIAN_POINT('Ctrl Pts',(-5.60574524427882,15.1006689720027,20.3329095644839));
#6626=CARTESIAN_POINT('Ctrl Pts',(-5.67308874724897,15.0333254690326,20.3329095644839));
#6627=CARTESIAN_POINT('Ctrl Pts',(-5.70676049873404,14.9996537175475,20.3329095644839));
#6628=CARTESIAN_POINT('',(-5.35320710814077,15.3532071081408,20.3329095644839));
#6629=CARTESIAN_POINT('Ctrl Pts',(-5.35320710814075,15.3532071081407,20.3329095644839));
#6630=CARTESIAN_POINT('Ctrl Pts',(-5.47105823833851,15.235355977943,20.3329095644839));
#6631=CARTESIAN_POINT('Ctrl Pts',(-5.58890936853626,15.1175048477452,20.3329095644839));
#6632=CARTESIAN_POINT('Ctrl Pts',(-5.70676049873402,14.9996537175475,20.3329095644839));
#6633=CARTESIAN_POINT('Ctrl Pts',(-5.30027327414705,15.300273274147,20.2376710049333));
#6634=CARTESIAN_POINT('Ctrl Pts',(-5.41812440434481,15.1824221439493,20.2376710049333));
#6635=CARTESIAN_POINT('Ctrl Pts',(-5.53597553454257,15.0645710137515,20.2376710049333));
#6636=CARTESIAN_POINT('Ctrl Pts',(-5.65382666474033,14.9467198835538,20.2376710049333));
#6637=CARTESIAN_POINT('Ctrl Pts',(-5.26221958686897,15.262219586869,20.1693974505187));
#6638=CARTESIAN_POINT('Ctrl Pts',(-5.38007071706673,15.1443684566712,20.1693974505187));
#6639=CARTESIAN_POINT('Ctrl Pts',(-5.49792184726449,15.0265173264735,20.1693974505187));
#6640=CARTESIAN_POINT('Ctrl Pts',(-5.61577297746224,14.9086661962757,20.1693974505187));
#6641=CARTESIAN_POINT('Ctrl Pts',(-5.18179084793018,15.1817908479302,20.0240433711816));
#6642=CARTESIAN_POINT('Ctrl Pts',(-5.29964197812794,15.0639397177324,20.0240433711816));
#6643=CARTESIAN_POINT('Ctrl Pts',(-5.4174931083257,14.9460885875347,20.0240433711816));
#6644=CARTESIAN_POINT('Ctrl Pts',(-5.53534423852345,14.8282374573369,20.0240433711816));
#6645=CARTESIAN_POINT('Ctrl Pts',(-5.16299245524053,15.1629924552405,19.9826009008762));
#6646=CARTESIAN_POINT('Ctrl Pts',(-5.28084358543829,15.0451413250428,19.9826009008762));
#6647=CARTESIAN_POINT('Ctrl Pts',(-5.39869471563604,14.927290194845,19.9826009008762));
#6648=CARTESIAN_POINT('Ctrl Pts',(-5.5165458458338,14.8094390646473,19.9826009008762));
#6649=CARTESIAN_POINT('Ctrl Pts',(-5.14135648104234,15.1413564810423,19.9355713190064));
#6650=CARTESIAN_POINT('Ctrl Pts',(-5.2592076112401,15.0235053508446,19.9355713190064));
#6651=CARTESIAN_POINT('Ctrl Pts',(-5.37705874143786,14.9056542206468,19.9355713190064));
#6652=CARTESIAN_POINT('Ctrl Pts',(-5.49490987163562,14.7878030904491,19.9355713190064));
#6653=CARTESIAN_POINT('',(-5.14135648104234,15.1413564810423,19.9355713190064));
#6654=CARTESIAN_POINT('Ctrl Pts',(-5.14135648104234,15.1413564810423,19.9355713190064));
#6655=CARTESIAN_POINT('Ctrl Pts',(-5.2592076112401,15.0235053508446,19.9355713190064));
#6656=CARTESIAN_POINT('Ctrl Pts',(-5.37705874143786,14.9056542206468,19.9355713190064));
#6657=CARTESIAN_POINT('Ctrl Pts',(-5.49490987163562,14.7878030904491,19.9355713190064));
#6658=CARTESIAN_POINT('Ctrl Pts',(-4.97639686630774,14.9763968663077,19.5701879714207));
#6659=CARTESIAN_POINT('Ctrl Pts',(-5.09424799650549,14.85854573611,19.5701879714207));
#6660=CARTESIAN_POINT('Ctrl Pts',(-5.21209912670325,14.7406946059122,19.5701879714207));
#6661=CARTESIAN_POINT('Ctrl Pts',(-5.32995025690101,14.6228434757145,19.5701879714207));
#6662=CARTESIAN_POINT('Ctrl Pts',(-4.88774437602217,14.8877443760222,19.1398560784077));
#6663=CARTESIAN_POINT('Ctrl Pts',(-5.00559550621992,14.7698932458244,19.1398560784077));
#6664=CARTESIAN_POINT('Ctrl Pts',(-5.12344663641768,14.6520421156266,19.1398560784077));
#6665=CARTESIAN_POINT('Ctrl Pts',(-5.24129776661544,14.5341909854289,19.1398560784077));
#6666=CARTESIAN_POINT('Ctrl Pts',(-4.88818608761783,14.8881860876178,18.6574751002501));
#6667=CARTESIAN_POINT('Ctrl Pts',(-5.00603721781559,14.7703349574201,18.6574751002501));
#6668=CARTESIAN_POINT('Ctrl Pts',(-5.12388834801335,14.6524838272223,18.6574751002501));
#6669=CARTESIAN_POINT('Ctrl Pts',(-5.24173947821111,14.5346326970245,18.6574751002501));
#6670=CARTESIAN_POINT('Ctrl Pts',(-4.8881547367535,14.8881547367535,18.6085971094588));
#6671=CARTESIAN_POINT('Ctrl Pts',(-5.00600586695126,14.7703036065557,18.6085971094588));
#6672=CARTESIAN_POINT('Ctrl Pts',(-5.12385699714901,14.652452476358,18.6085971094588));
#6673=CARTESIAN_POINT('Ctrl Pts',(-5.24170812734677,14.5346013461602,18.6085971094588));
#6674=CARTESIAN_POINT('Ctrl Pts',(-4.8881547367535,14.8881547367535,18.5596970996342));
#6675=CARTESIAN_POINT('Ctrl Pts',(-5.00600586695126,14.7703036065557,18.5596970996342));
#6676=CARTESIAN_POINT('Ctrl Pts',(-5.12385699714901,14.652452476358,18.5596970996342));
#6677=CARTESIAN_POINT('Ctrl Pts',(-5.24170812734677,14.5346013461602,18.5596970996342));
#6678=CARTESIAN_POINT('Ctrl Pts',(-3.1170316954753,3.85507603334985,26.49));
#6679=CARTESIAN_POINT('Ctrl Pts',(-3.1170316954753,3.85507603334985,26.5));
#6680=CARTESIAN_POINT('Ctrl Pts',(-3.13487886915856,3.84104773542072,26.49));
#6681=CARTESIAN_POINT('Ctrl Pts',(-3.13487886915856,3.84104773542072,26.5));
#6682=CARTESIAN_POINT('Ctrl Pts',(-3.13865426975706,3.83826884777716,26.49));
#6683=CARTESIAN_POINT('Ctrl Pts',(-3.13865426975706,3.83826884777716,26.5));
#6684=CARTESIAN_POINT('Ctrl Pts',(-3.14352091184047,3.83510256468053,26.49));
#6685=CARTESIAN_POINT('Ctrl Pts',(-3.14352091184047,3.83510256468053,26.5));
#6686=CARTESIAN_POINT('',(-3.1170316954753,3.85507603334985,26.49));
#6687=CARTESIAN_POINT('',(-3.14352091184047,3.83510256468053,26.49));
#6688=CARTESIAN_POINT('Ctrl Pts',(-3.1170316954753,3.85507603334985,26.49));
#6689=CARTESIAN_POINT('Ctrl Pts',(-3.13487886915856,3.84104773542072,26.49));
#6690=CARTESIAN_POINT('Ctrl Pts',(-3.13865426975706,3.83826884777716,26.49));
#6691=CARTESIAN_POINT('Ctrl Pts',(-3.14352091184047,3.83510256468053,26.49));
#6692=CARTESIAN_POINT('',(-3.1170316954753,3.85507603334985,26.5));
#6693=CARTESIAN_POINT('',(-3.1170316954753,3.85507603334985,26.49));
#6694=CARTESIAN_POINT('',(-3.14352091184047,3.83510256468053,26.5));
#6695=CARTESIAN_POINT('Ctrl Pts',(-3.1170316954753,3.85507603334985,26.5));
#6696=CARTESIAN_POINT('Ctrl Pts',(-3.13487886915856,3.84104773542072,26.5));
#6697=CARTESIAN_POINT('Ctrl Pts',(-3.13865426975706,3.83826884777716,26.5));
#6698=CARTESIAN_POINT('Ctrl Pts',(-3.14352091184047,3.83510256468053,26.5));
#6699=CARTESIAN_POINT('',(-3.14352091184047,3.83510256468053,26.49));
#6700=CARTESIAN_POINT('Ctrl Pts',(-3.11013147702601,3.86348746000523,26.49));
#6701=CARTESIAN_POINT('Ctrl Pts',(-3.11013147702601,3.86348746000523,26.5));
#6702=CARTESIAN_POINT('Ctrl Pts',(-3.11043148459689,3.86311221244039,26.49));
#6703=CARTESIAN_POINT('Ctrl Pts',(-3.11043148459689,3.86311221244039,26.5));
#6704=CARTESIAN_POINT('Ctrl Pts',(-3.11073445120428,3.8628598212991,26.49));
#6705=CARTESIAN_POINT('Ctrl Pts',(-3.11073445120428,3.8628598212991,26.5));
#6706=CARTESIAN_POINT('Ctrl Pts',(-3.11116884588146,3.86239525959447,26.49));
#6707=CARTESIAN_POINT('Ctrl Pts',(-3.11116884588146,3.86239525959447,26.5));
#6708=CARTESIAN_POINT('Ctrl Pts',(-3.11124796586719,3.86229648559954,26.49));
#6709=CARTESIAN_POINT('Ctrl Pts',(-3.11124796586719,3.86229648559954,26.5));
#6710=CARTESIAN_POINT('Ctrl Pts',(-3.11253107127044,3.86069464700693,26.49));
#6711=CARTESIAN_POINT('Ctrl Pts',(-3.11253107127044,3.86069464700693,26.5));
#6712=CARTESIAN_POINT('Ctrl Pts',(-3.11312915308197,3.85994799710208,26.49));
#6713=CARTESIAN_POINT('Ctrl Pts',(-3.11312915308197,3.85994799710208,26.5));
#6714=CARTESIAN_POINT('Ctrl Pts',(-3.1148287217541,3.85782624258144,26.49));
#6715=CARTESIAN_POINT('Ctrl Pts',(-3.1148287217541,3.85782624258144,26.5));
#6716=CARTESIAN_POINT('Ctrl Pts',(-3.1159302086147,3.85645113796564,26.49));
#6717=CARTESIAN_POINT('Ctrl Pts',(-3.1159302086147,3.85645113796564,26.5));
#6718=CARTESIAN_POINT('Ctrl Pts',(-3.1170316954753,3.85507603334985,26.49));
#6719=CARTESIAN_POINT('Ctrl Pts',(-3.1170316954753,3.85507603334985,26.5));
#6720=CARTESIAN_POINT('',(-3.11013147702601,3.86348746000523,26.49));
#6721=CARTESIAN_POINT('Ctrl Pts',(-3.11013147702601,3.86348746000523,26.49));
#6722=CARTESIAN_POINT('Ctrl Pts',(-3.11043148459689,3.86311221244039,26.49));
#6723=CARTESIAN_POINT('Ctrl Pts',(-3.11073445120428,3.8628598212991,26.49));
#6724=CARTESIAN_POINT('Ctrl Pts',(-3.11103514355471,3.86253824702984,26.49));
#6725=CARTESIAN_POINT('Ctrl Pts',(-3.11116884588146,3.86239525959447,26.49));
#6726=CARTESIAN_POINT('Ctrl Pts',(-3.11124796586719,3.86229648559954,26.49));
#6727=CARTESIAN_POINT('Ctrl Pts',(-3.11193298945891,3.86144129691178,26.49));
#6728=CARTESIAN_POINT('Ctrl Pts',(-3.11253107127044,3.86069464700693,26.49));
#6729=CARTESIAN_POINT('Ctrl Pts',(-3.11312915308197,3.85994799710208,26.49));
#6730=CARTESIAN_POINT('Ctrl Pts',(-3.11372723489351,3.85920134719723,26.49));
#6731=CARTESIAN_POINT('Ctrl Pts',(-3.1148287217541,3.85782624258144,26.49));
#6732=CARTESIAN_POINT('Ctrl Pts',(-3.1159302086147,3.85645113796564,26.49));
#6733=CARTESIAN_POINT('Ctrl Pts',(-3.1170316954753,3.85507603334985,26.49));
#6734=CARTESIAN_POINT('',(-3.11013147702601,3.86348746000523,26.5));
#6735=CARTESIAN_POINT('',(-3.11013147702601,3.86348746000523,26.49));
#6736=CARTESIAN_POINT('Ctrl Pts',(-3.11013147702601,3.86348746000523,26.5));
#6737=CARTESIAN_POINT('Ctrl Pts',(-3.11043148459689,3.86311221244039,26.5));
#6738=CARTESIAN_POINT('Ctrl Pts',(-3.11073445120428,3.8628598212991,26.5));
#6739=CARTESIAN_POINT('Ctrl Pts',(-3.11103514355471,3.86253824702984,26.5));
#6740=CARTESIAN_POINT('Ctrl Pts',(-3.11116884588146,3.86239525959447,26.5));
#6741=CARTESIAN_POINT('Ctrl Pts',(-3.11124796586719,3.86229648559954,26.5));
#6742=CARTESIAN_POINT('Ctrl Pts',(-3.11193298945891,3.86144129691178,26.5));
#6743=CARTESIAN_POINT('Ctrl Pts',(-3.11253107127044,3.86069464700693,26.5));
#6744=CARTESIAN_POINT('Ctrl Pts',(-3.11312915308197,3.85994799710208,26.5));
#6745=CARTESIAN_POINT('Ctrl Pts',(-3.11372723489351,3.85920134719723,26.5));
#6746=CARTESIAN_POINT('Ctrl Pts',(-3.1148287217541,3.85782624258144,26.5));
#6747=CARTESIAN_POINT('Ctrl Pts',(-3.1159302086147,3.85645113796564,26.5));
#6748=CARTESIAN_POINT('Ctrl Pts',(-3.1170316954753,3.85507603334985,26.5));
#6749=CARTESIAN_POINT('Ctrl Pts',(-3.08568529477504,3.89876146970982,26.49));
#6750=CARTESIAN_POINT('Ctrl Pts',(-3.08568529477504,3.89876146970982,26.5));
#6751=CARTESIAN_POINT('Ctrl Pts',(-3.0924157463589,3.88598366438146,26.49));
#6752=CARTESIAN_POINT('Ctrl Pts',(-3.0924157463589,3.88598366438146,26.5));
#6753=CARTESIAN_POINT('Ctrl Pts',(-3.10061897626307,3.87409243284459,26.49));
#6754=CARTESIAN_POINT('Ctrl Pts',(-3.10061897626307,3.87409243284459,26.5));
#6755=CARTESIAN_POINT('Ctrl Pts',(-3.11013147702601,3.86348746000523,26.49));
#6756=CARTESIAN_POINT('Ctrl Pts',(-3.11013147702601,3.86348746000523,26.5));
#6757=CARTESIAN_POINT('',(-3.08568529477504,3.89876146970982,26.49));
#6758=CARTESIAN_POINT('Ctrl Pts',(-3.08568529477504,3.89876146970982,26.49));
#6759=CARTESIAN_POINT('Ctrl Pts',(-3.0924157463589,3.88598366438146,26.49));
#6760=CARTESIAN_POINT('Ctrl Pts',(-3.10061897626307,3.87409243284459,26.49));
#6761=CARTESIAN_POINT('Ctrl Pts',(-3.11013147702601,3.86348746000523,26.49));
#6762=CARTESIAN_POINT('',(-3.08568529477504,3.89876146970982,26.5));
#6763=CARTESIAN_POINT('',(-3.08568529477504,3.89876146970982,26.49));
#6764=CARTESIAN_POINT('Ctrl Pts',(-3.08568529477504,3.89876146970982,26.5));
#6765=CARTESIAN_POINT('Ctrl Pts',(-3.0924157463589,3.88598366438146,26.5));
#6766=CARTESIAN_POINT('Ctrl Pts',(-3.10061897626307,3.87409243284459,26.5));
#6767=CARTESIAN_POINT('Ctrl Pts',(-3.11013147702601,3.86348746000523,26.5));
#6768=CARTESIAN_POINT('Ctrl Pts',(-3.05188527455714,3.98178450285192,26.49));
#6769=CARTESIAN_POINT('Ctrl Pts',(-3.05188527455714,3.98178450285192,26.5));
#6770=CARTESIAN_POINT('Ctrl Pts',(-3.07146741261866,3.91400763212437,26.49));
#6771=CARTESIAN_POINT('Ctrl Pts',(-3.07146741261866,3.91400763212437,26.5));
#6772=CARTESIAN_POINT('Ctrl Pts',(-3.08552542081263,3.89849743543859,26.49));
#6773=CARTESIAN_POINT('Ctrl Pts',(-3.08552542081263,3.89849743543859,26.5));
#6774=CARTESIAN_POINT('Ctrl Pts',(-3.08568529477504,3.89876146970982,26.49));
#6775=CARTESIAN_POINT('Ctrl Pts',(-3.08568529477504,3.89876146970982,26.5));
#6776=CARTESIAN_POINT('',(-3.05188527455714,3.98178450285192,26.49));
#6777=CARTESIAN_POINT('Ctrl Pts',(-3.05188527455714,3.98178450285192,26.49));
#6778=CARTESIAN_POINT('Ctrl Pts',(-3.07146741261866,3.91400763212437,26.49));
#6779=CARTESIAN_POINT('Ctrl Pts',(-3.08552542081263,3.89849743543859,26.49));
#6780=CARTESIAN_POINT('Ctrl Pts',(-3.08568529477504,3.89876146970982,26.49));
#6781=CARTESIAN_POINT('',(-3.05188527455714,3.98178450285192,26.5));
#6782=CARTESIAN_POINT('',(-3.05188527455714,3.98178450285192,26.49));
#6783=CARTESIAN_POINT('Ctrl Pts',(-3.05188527455714,3.98178450285192,26.5));
#6784=CARTESIAN_POINT('Ctrl Pts',(-3.07146741261866,3.91400763212437,26.5));
#6785=CARTESIAN_POINT('Ctrl Pts',(-3.08552542081263,3.89849743543859,26.5));
#6786=CARTESIAN_POINT('Ctrl Pts',(-3.08568529477504,3.89876146970982,26.5));
#6787=CARTESIAN_POINT('Ctrl Pts',(-3.08716170659449,4.070875479567,26.49));
#6788=CARTESIAN_POINT('Ctrl Pts',(-3.08716170659449,4.070875479567,26.5));
#6789=CARTESIAN_POINT('Ctrl Pts',(-3.07068863263514,4.04358305631871,26.49));
#6790=CARTESIAN_POINT('Ctrl Pts',(-3.07068863263514,4.04358305631871,26.5));
#6791=CARTESIAN_POINT('Ctrl Pts',(-3.06094722142604,4.01342743574376,26.49));
#6792=CARTESIAN_POINT('Ctrl Pts',(-3.06094722142604,4.01342743574376,26.5));
#6793=CARTESIAN_POINT('Ctrl Pts',(-3.05188527455714,3.98178450285192,26.49));
#6794=CARTESIAN_POINT('Ctrl Pts',(-3.05188527455714,3.98178450285192,26.5));
#6795=CARTESIAN_POINT('',(-3.08716170659449,4.070875479567,26.49));
#6796=CARTESIAN_POINT('Ctrl Pts',(-3.08716170659449,4.070875479567,26.49));
#6797=CARTESIAN_POINT('Ctrl Pts',(-3.07068863263514,4.04358305631871,26.49));
#6798=CARTESIAN_POINT('Ctrl Pts',(-3.06094722142604,4.01342743574376,26.49));
#6799=CARTESIAN_POINT('Ctrl Pts',(-3.05188527455714,3.98178450285192,26.49));
#6800=CARTESIAN_POINT('',(-3.08716170659449,4.070875479567,26.5));
#6801=CARTESIAN_POINT('',(-3.08716170659449,4.070875479567,26.49));
#6802=CARTESIAN_POINT('Ctrl Pts',(-3.08716170659449,4.070875479567,26.5));
#6803=CARTESIAN_POINT('Ctrl Pts',(-3.07068863263514,4.04358305631871,26.5));
#6804=CARTESIAN_POINT('Ctrl Pts',(-3.06094722142604,4.01342743574376,26.5));
#6805=CARTESIAN_POINT('Ctrl Pts',(-3.05188527455714,3.98178450285192,26.5));
#6806=CARTESIAN_POINT('Ctrl Pts',(-3.15057595601466,4.13609436689611,26.49));
#6807=CARTESIAN_POINT('Ctrl Pts',(-3.15057595601466,4.13609436689611,26.5));
#6808=CARTESIAN_POINT('Ctrl Pts',(-3.12390364995387,4.12096447645421,26.49));
#6809=CARTESIAN_POINT('Ctrl Pts',(-3.12390364995387,4.12096447645421,26.5));
#6810=CARTESIAN_POINT('Ctrl Pts',(-3.10207237592128,4.0981339901566,26.49));
#6811=CARTESIAN_POINT('Ctrl Pts',(-3.10207237592128,4.0981339901566,26.5));
#6812=CARTESIAN_POINT('Ctrl Pts',(-3.08716170659449,4.070875479567,26.49));
#6813=CARTESIAN_POINT('Ctrl Pts',(-3.08716170659449,4.070875479567,26.5));
#6814=CARTESIAN_POINT('',(-3.15057595601466,4.13609436689611,26.49));
#6815=CARTESIAN_POINT('Ctrl Pts',(-3.15057595601466,4.13609436689611,26.49));
#6816=CARTESIAN_POINT('Ctrl Pts',(-3.12390364995387,4.12096447645421,26.49));
#6817=CARTESIAN_POINT('Ctrl Pts',(-3.10207237592128,4.0981339901566,26.49));
#6818=CARTESIAN_POINT('Ctrl Pts',(-3.08716170659449,4.070875479567,26.49));
#6819=CARTESIAN_POINT('',(-3.15057595601466,4.13609436689611,26.5));
#6820=CARTESIAN_POINT('',(-3.15057595601466,4.13609436689611,26.49));
#6821=CARTESIAN_POINT('Ctrl Pts',(-3.15057595601466,4.13609436689611,26.5));
#6822=CARTESIAN_POINT('Ctrl Pts',(-3.12390364995387,4.12096447645421,26.5));
#6823=CARTESIAN_POINT('Ctrl Pts',(-3.10207237592128,4.0981339901566,26.5));
#6824=CARTESIAN_POINT('Ctrl Pts',(-3.08716170659449,4.070875479567,26.5));
#6825=CARTESIAN_POINT('Ctrl Pts',(-3.19544967046168,4.15283026396031,26.49));
#6826=CARTESIAN_POINT('Ctrl Pts',(-3.19544967046168,4.15283026396031,26.5));
#6827=CARTESIAN_POINT('Ctrl Pts',(-3.17935690274623,4.14962309538121,26.49));
#6828=CARTESIAN_POINT('Ctrl Pts',(-3.17935690274623,4.14962309538121,26.5));
#6829=CARTESIAN_POINT('Ctrl Pts',(-3.16430452695277,4.14392334638829,26.49));
#6830=CARTESIAN_POINT('Ctrl Pts',(-3.16430452695277,4.14392334638829,26.5));
#6831=CARTESIAN_POINT('Ctrl Pts',(-3.15057595601466,4.13609436689611,26.49));
#6832=CARTESIAN_POINT('Ctrl Pts',(-3.15057595601466,4.13609436689611,26.5));
#6833=CARTESIAN_POINT('',(-3.19544967046168,4.15283026396031,26.49));
#6834=CARTESIAN_POINT('Ctrl Pts',(-3.19544967046168,4.15283026396031,26.49));
#6835=CARTESIAN_POINT('Ctrl Pts',(-3.17935690274623,4.14962309538121,26.49));
#6836=CARTESIAN_POINT('Ctrl Pts',(-3.16430452695277,4.14392334638829,26.49));
#6837=CARTESIAN_POINT('Ctrl Pts',(-3.15057595601466,4.13609436689611,26.49));
#6838=CARTESIAN_POINT('',(-3.19544967046168,4.15283026396031,26.5));
#6839=CARTESIAN_POINT('',(-3.19544967046168,4.15283026396031,26.49));
#6840=CARTESIAN_POINT('Ctrl Pts',(-3.19544967046168,4.15283026396031,26.5));
#6841=CARTESIAN_POINT('Ctrl Pts',(-3.17935690274623,4.14962309538121,26.5));
#6842=CARTESIAN_POINT('Ctrl Pts',(-3.16430452695277,4.14392334638829,26.5));
#6843=CARTESIAN_POINT('Ctrl Pts',(-3.15057595601466,4.13609436689611,26.5));
#6844=CARTESIAN_POINT('Ctrl Pts',(-3.20489678282552,4.15449188897502,26.49));
#6845=CARTESIAN_POINT('Ctrl Pts',(-3.20489678282552,4.15449188897502,26.5));
#6846=CARTESIAN_POINT('Ctrl Pts',(-3.20138994602228,4.15395461011391,26.49));
#6847=CARTESIAN_POINT('Ctrl Pts',(-3.20138994602228,4.15395461011391,26.5));
#6848=CARTESIAN_POINT('Ctrl Pts',(-3.19837030554577,4.15344193973332,26.49));
#6849=CARTESIAN_POINT('Ctrl Pts',(-3.19837030554577,4.15344193973332,26.5));
#6850=CARTESIAN_POINT('Ctrl Pts',(-3.19544967046168,4.15283026396031,26.49));
#6851=CARTESIAN_POINT('Ctrl Pts',(-3.19544967046168,4.15283026396031,26.5));
#6852=CARTESIAN_POINT('',(-3.20489678282552,4.15449188897502,26.49));
#6853=CARTESIAN_POINT('Ctrl Pts',(-3.20489678282552,4.15449188897502,26.49));
#6854=CARTESIAN_POINT('Ctrl Pts',(-3.20138994602228,4.15395461011391,26.49));
#6855=CARTESIAN_POINT('Ctrl Pts',(-3.19837030554577,4.15344193973332,26.49));
#6856=CARTESIAN_POINT('Ctrl Pts',(-3.19544967046168,4.15283026396031,26.49));
#6857=CARTESIAN_POINT('',(-3.20489678282552,4.15449188897502,26.5));
#6858=CARTESIAN_POINT('',(-3.20489678282552,4.15449188897502,26.49));
#6859=CARTESIAN_POINT('Ctrl Pts',(-3.20489678282552,4.15449188897502,26.5));
#6860=CARTESIAN_POINT('Ctrl Pts',(-3.20138994602228,4.15395461011391,26.5));
#6861=CARTESIAN_POINT('Ctrl Pts',(-3.19837030554577,4.15344193973332,26.5));
#6862=CARTESIAN_POINT('Ctrl Pts',(-3.19544967046168,4.15283026396031,26.5));
#6863=CARTESIAN_POINT('Ctrl Pts',(-3.22457216611293,4.15578308759923,26.49));
#6864=CARTESIAN_POINT('Ctrl Pts',(-3.22457216611293,4.15578308759923,26.5));
#6865=CARTESIAN_POINT('Ctrl Pts',(-3.21974905204015,4.15578308759923,26.49));
#6866=CARTESIAN_POINT('Ctrl Pts',(-3.21974905204015,4.15578308759923,26.5));
#6867=CARTESIAN_POINT('Ctrl Pts',(-3.21589946380624,4.15547407037773,26.49));
#6868=CARTESIAN_POINT('Ctrl Pts',(-3.21589946380624,4.15547407037773,26.5));
#6869=CARTESIAN_POINT('Ctrl Pts',(-3.20489678282552,4.15449188897502,26.49));
#6870=CARTESIAN_POINT('Ctrl Pts',(-3.20489678282552,4.15449188897502,26.5));
#6871=CARTESIAN_POINT('',(-3.22457216611293,4.15578308759923,26.49));
#6872=CARTESIAN_POINT('Ctrl Pts',(-3.22457216611293,4.15578308759923,26.49));
#6873=CARTESIAN_POINT('Ctrl Pts',(-3.21974905204015,4.15578308759923,26.49));
#6874=CARTESIAN_POINT('Ctrl Pts',(-3.21589946380624,4.15547407037773,26.49));
#6875=CARTESIAN_POINT('Ctrl Pts',(-3.20489678282552,4.15449188897502,26.49));
#6876=CARTESIAN_POINT('',(-3.22457216611293,4.15578308759923,26.5));
#6877=CARTESIAN_POINT('',(-3.22457216611293,4.15578308759923,26.49));
#6878=CARTESIAN_POINT('Ctrl Pts',(-3.22457216611293,4.15578308759923,26.5));
#6879=CARTESIAN_POINT('Ctrl Pts',(-3.21974905204015,4.15578308759923,26.5));
#6880=CARTESIAN_POINT('Ctrl Pts',(-3.21589946380624,4.15547407037773,26.5));
#6881=CARTESIAN_POINT('Ctrl Pts',(-3.20489678282552,4.15449188897502,26.5));
#6882=CARTESIAN_POINT('Ctrl Pts',(-3.38528183331874,3.98334206281896,26.49));
#6883=CARTESIAN_POINT('Ctrl Pts',(-3.38528183331874,3.98334206281896,26.5));
#6884=CARTESIAN_POINT('Ctrl Pts',(-3.38528183331874,4.07356184660191,26.49));
#6885=CARTESIAN_POINT('Ctrl Pts',(-3.38528183331874,4.07356184660191,26.5));
#6886=CARTESIAN_POINT('Ctrl Pts',(-3.317691482214,4.1556183689713,26.49));
#6887=CARTESIAN_POINT('Ctrl Pts',(-3.317691482214,4.1556183689713,26.5));
#6888=CARTESIAN_POINT('Ctrl Pts',(-3.22457216611293,4.15578308759923,26.49));
#6889=CARTESIAN_POINT('Ctrl Pts',(-3.22457216611293,4.15578308759923,26.5));
#6890=CARTESIAN_POINT('',(-3.38528183331874,3.98334206281896,26.49));
#6891=CARTESIAN_POINT('Ctrl Pts',(-3.38528183331874,3.98334206281896,26.49));
#6892=CARTESIAN_POINT('Ctrl Pts',(-3.38528183331874,4.07356184660191,26.49));
#6893=CARTESIAN_POINT('Ctrl Pts',(-3.317691482214,4.1556183689713,26.49));
#6894=CARTESIAN_POINT('Ctrl Pts',(-3.22457216611293,4.15578308759923,26.49));
#6895=CARTESIAN_POINT('',(-3.38528183331874,3.98334206281896,26.5));
#6896=CARTESIAN_POINT('',(-3.38528183331874,3.98334206281896,26.49));
#6897=CARTESIAN_POINT('Ctrl Pts',(-3.38528183331874,3.98334206281896,26.5));
#6898=CARTESIAN_POINT('Ctrl Pts',(-3.38528183331874,4.07356184660191,26.5));
#6899=CARTESIAN_POINT('Ctrl Pts',(-3.317691482214,4.1556183689713,26.5));
#6900=CARTESIAN_POINT('Ctrl Pts',(-3.22457216611293,4.15578308759923,26.5));
#6901=CARTESIAN_POINT('Ctrl Pts',(-3.23524585979875,3.81123047529454,26.49));
#6902=CARTESIAN_POINT('Ctrl Pts',(-3.23524585979875,3.81123047529454,26.5));
#6903=CARTESIAN_POINT('Ctrl Pts',(-3.25953835527371,3.81399467459862,26.49));
#6904=CARTESIAN_POINT('Ctrl Pts',(-3.25953835527371,3.81399467459862,26.5));
#6905=CARTESIAN_POINT('Ctrl Pts',(-3.27063483522462,3.81749901025913,26.49));
#6906=CARTESIAN_POINT('Ctrl Pts',(-3.27063483522462,3.81749901025913,26.5));
#6907=CARTESIAN_POINT('Ctrl Pts',(-3.30253961988239,3.83090170067694,26.49));
#6908=CARTESIAN_POINT('Ctrl Pts',(-3.30253961988239,3.83090170067694,26.5));
#6909=CARTESIAN_POINT('Ctrl Pts',(-3.31985301905099,3.84287400957088,26.49));
#6910=CARTESIAN_POINT('Ctrl Pts',(-3.31985301905099,3.84287400957088,26.5));
#6911=CARTESIAN_POINT('Ctrl Pts',(-3.3508801931007,3.87436576840818,26.49));
#6912=CARTESIAN_POINT('Ctrl Pts',(-3.3508801931007,3.87436576840818,26.5));
#6913=CARTESIAN_POINT('Ctrl Pts',(-3.36367593335563,3.8942992305339,26.49));
#6914=CARTESIAN_POINT('Ctrl Pts',(-3.36367593335563,3.8942992305339,26.5));
#6915=CARTESIAN_POINT('Ctrl Pts',(-3.38085487277285,3.93735353621076,26.49));
#6916=CARTESIAN_POINT('Ctrl Pts',(-3.38085487277285,3.93735353621076,26.5));
#6917=CARTESIAN_POINT('Ctrl Pts',(-3.38528183331874,3.9602779098888,26.49));
#6918=CARTESIAN_POINT('Ctrl Pts',(-3.38528183331874,3.9602779098888,26.5));
#6919=CARTESIAN_POINT('Ctrl Pts',(-3.38528183331874,3.98334206281896,26.49));
#6920=CARTESIAN_POINT('Ctrl Pts',(-3.38528183331874,3.98334206281896,26.5));
#6921=CARTESIAN_POINT('',(-3.23524585979875,3.81123047529454,26.49));
#6922=CARTESIAN_POINT('Ctrl Pts',(-3.23524585979875,3.81123047529454,26.49));
#6923=CARTESIAN_POINT('Ctrl Pts',(-3.25953835527371,3.81399467459862,26.49));
#6924=CARTESIAN_POINT('Ctrl Pts',(-3.27063483522462,3.81749901025913,26.49));
#6925=CARTESIAN_POINT('Ctrl Pts',(-3.28325569505595,3.82280083188057,26.49));
#6926=CARTESIAN_POINT('Ctrl Pts',(-3.30253961988239,3.83090170067694,26.49));
#6927=CARTESIAN_POINT('Ctrl Pts',(-3.31985301905099,3.84287400957088,26.49));
#6928=CARTESIAN_POINT('Ctrl Pts',(-3.33452693801544,3.85776764817574,26.49));
#6929=CARTESIAN_POINT('Ctrl Pts',(-3.3508801931007,3.87436576840818,26.49));
#6930=CARTESIAN_POINT('Ctrl Pts',(-3.36367593335563,3.8942992305339,26.49));
#6931=CARTESIAN_POINT('Ctrl Pts',(-3.37232026935073,3.91596389068941,26.49));
#6932=CARTESIAN_POINT('Ctrl Pts',(-3.38085487277285,3.93735353621076,26.49));
#6933=CARTESIAN_POINT('Ctrl Pts',(-3.38528183331874,3.9602779098888,26.49));
#6934=CARTESIAN_POINT('Ctrl Pts',(-3.38528183331874,3.98334206281896,26.49));
#6935=CARTESIAN_POINT('',(-3.23524585979875,3.81123047529454,26.5));
#6936=CARTESIAN_POINT('',(-3.23524585979875,3.81123047529454,26.49));
#6937=CARTESIAN_POINT('Ctrl Pts',(-3.23524585979875,3.81123047529454,26.5));
#6938=CARTESIAN_POINT('Ctrl Pts',(-3.25953835527371,3.81399467459862,26.5));
#6939=CARTESIAN_POINT('Ctrl Pts',(-3.27063483522462,3.81749901025913,26.5));
#6940=CARTESIAN_POINT('Ctrl Pts',(-3.28325569505595,3.82280083188057,26.5));
#6941=CARTESIAN_POINT('Ctrl Pts',(-3.30253961988239,3.83090170067694,26.5));
#6942=CARTESIAN_POINT('Ctrl Pts',(-3.31985301905099,3.84287400957088,26.5));
#6943=CARTESIAN_POINT('Ctrl Pts',(-3.33452693801544,3.85776764817574,26.5));
#6944=CARTESIAN_POINT('Ctrl Pts',(-3.3508801931007,3.87436576840818,26.5));
#6945=CARTESIAN_POINT('Ctrl Pts',(-3.36367593335563,3.8942992305339,26.5));
#6946=CARTESIAN_POINT('Ctrl Pts',(-3.37232026935073,3.91596389068941,26.5));
#6947=CARTESIAN_POINT('Ctrl Pts',(-3.38085487277285,3.93735353621076,26.5));
#6948=CARTESIAN_POINT('Ctrl Pts',(-3.38528183331874,3.9602779098888,26.5));
#6949=CARTESIAN_POINT('Ctrl Pts',(-3.38528183331874,3.98334206281896,26.5));
#6950=CARTESIAN_POINT('Ctrl Pts',(-3.14352091184047,3.83510256468053,26.49));
#6951=CARTESIAN_POINT('Ctrl Pts',(-3.14352091184047,3.83510256468053,26.5));
#6952=CARTESIAN_POINT('Ctrl Pts',(-3.15368487406865,3.8286131291319,26.49));
#6953=CARTESIAN_POINT('Ctrl Pts',(-3.15368487406865,3.8286131291319,26.5));
#6954=CARTESIAN_POINT('Ctrl Pts',(-3.16454310944696,3.82334256787062,26.49));
#6955=CARTESIAN_POINT('Ctrl Pts',(-3.16454310944696,3.82334256787062,26.5));
#6956=CARTESIAN_POINT('Ctrl Pts',(-3.18773091200076,3.81537419462365,26.49));
#6957=CARTESIAN_POINT('Ctrl Pts',(-3.18773091200076,3.81537419462365,26.5));
#6958=CARTESIAN_POINT('Ctrl Pts',(-3.19990969892062,3.81282955078516,26.49));
#6959=CARTESIAN_POINT('Ctrl Pts',(-3.19990969892062,3.81282955078516,26.5));
#6960=CARTESIAN_POINT('Ctrl Pts',(-3.21995127850601,3.81113812772968,26.49));
#6961=CARTESIAN_POINT('Ctrl Pts',(-3.21995127850601,3.81113812772968,26.5));
#6962=CARTESIAN_POINT('Ctrl Pts',(-3.22759736862361,3.81123047529454,26.49));
#6963=CARTESIAN_POINT('Ctrl Pts',(-3.22759736862361,3.81123047529454,26.5));
#6964=CARTESIAN_POINT('Ctrl Pts',(-3.23524585979861,3.81123047529454,26.49));
#6965=CARTESIAN_POINT('Ctrl Pts',(-3.23524585979861,3.81123047529454,26.5));
#6966=CARTESIAN_POINT('Ctrl Pts',(-3.14352091184047,3.83510256468053,26.49));
#6967=CARTESIAN_POINT('Ctrl Pts',(-3.15368487406865,3.8286131291319,26.49));
#6968=CARTESIAN_POINT('Ctrl Pts',(-3.16454310944696,3.82334256787062,26.49));
#6969=CARTESIAN_POINT('Ctrl Pts',(-3.18773091200076,3.81537419462365,26.49));
#6970=CARTESIAN_POINT('Ctrl Pts',(-3.19990969892062,3.81282955078516,26.49));
#6971=CARTESIAN_POINT('Ctrl Pts',(-3.21995127850601,3.81113812772968,26.49));
#6972=CARTESIAN_POINT('Ctrl Pts',(-3.22759736862361,3.81123047529454,26.49));
#6973=CARTESIAN_POINT('Ctrl Pts',(-3.23524585979861,3.81123047529454,26.49));
#6974=CARTESIAN_POINT('Ctrl Pts',(-3.14352091184047,3.83510256468053,26.5));
#6975=CARTESIAN_POINT('Ctrl Pts',(-3.15368487406865,3.8286131291319,26.5));
#6976=CARTESIAN_POINT('Ctrl Pts',(-3.16454310944696,3.82334256787062,26.5));
#6977=CARTESIAN_POINT('Ctrl Pts',(-3.18773091200076,3.81537419462365,26.5));
#6978=CARTESIAN_POINT('Ctrl Pts',(-3.19990969892062,3.81282955078516,26.5));
#6979=CARTESIAN_POINT('Ctrl Pts',(-3.21995127850601,3.81113812772968,26.5));
#6980=CARTESIAN_POINT('Ctrl Pts',(-3.22759736862361,3.81123047529454,26.5));
#6981=CARTESIAN_POINT('Ctrl Pts',(-3.23524585979861,3.81123047529454,26.5));
#6982=CARTESIAN_POINT('Ctrl Pts',(-2.83834574094203,4.13609436689611,26.49));
#6983=CARTESIAN_POINT('Ctrl Pts',(-2.87855117617046,4.11329326414701,26.49));
#6984=CARTESIAN_POINT('Ctrl Pts',(-2.9017599903622,4.070875479567,26.49));
#6985=CARTESIAN_POINT('Ctrl Pts',(-2.83834574094203,4.13609436689611,26.5));
#6986=CARTESIAN_POINT('Ctrl Pts',(-2.87855117617046,4.11329326414701,26.5));
#6987=CARTESIAN_POINT('Ctrl Pts',(-2.9017599903622,4.070875479567,26.5));
#6988=CARTESIAN_POINT('',(-2.9017599903622,4.070875479567,26.49));
#6989=CARTESIAN_POINT('',(-2.83834574094203,4.13609436689611,26.49));
#6990=CARTESIAN_POINT('Origin',(-2.77070345139439,3.98882061169726,26.49));
#6991=CARTESIAN_POINT('',(-2.9017599903622,4.070875479567,26.5));
#6992=CARTESIAN_POINT('',(-2.9017599903622,4.070875479567,26.49));
#6993=CARTESIAN_POINT('',(-2.83834574094203,4.13609436689611,26.5));
#6994=CARTESIAN_POINT('Origin',(-2.77070345139439,3.98882061169726,26.5));
#6995=CARTESIAN_POINT('',(-2.83834574094203,4.13609436689611,26.49));
#6996=CARTESIAN_POINT('Ctrl Pts',(-2.9369528519192,3.98186443983312,26.49));
#6997=CARTESIAN_POINT('Ctrl Pts',(-2.9369528519192,3.98186443983312,26.5));
#6998=CARTESIAN_POINT('Ctrl Pts',(-2.92789574971583,4.01348557173009,26.49));
#6999=CARTESIAN_POINT('Ctrl Pts',(-2.92789574971583,4.01348557173009,26.5));
#7000=CARTESIAN_POINT('Ctrl Pts',(-2.91822095265773,4.04360243498082,26.49));
#7001=CARTESIAN_POINT('Ctrl Pts',(-2.91822095265773,4.04360243498082,26.5));
#7002=CARTESIAN_POINT('Ctrl Pts',(-2.9017599903622,4.070875479567,26.49));
#7003=CARTESIAN_POINT('Ctrl Pts',(-2.9017599903622,4.070875479567,26.5));
#7004=CARTESIAN_POINT('',(-2.9369528519192,3.98186443983312,26.49));
#7005=CARTESIAN_POINT('Ctrl Pts',(-2.9369528519192,3.98186443983312,26.49));
#7006=CARTESIAN_POINT('Ctrl Pts',(-2.92789574971583,4.01348557173009,26.49));
#7007=CARTESIAN_POINT('Ctrl Pts',(-2.91822095265773,4.04360243498082,26.49));
#7008=CARTESIAN_POINT('Ctrl Pts',(-2.9017599903622,4.070875479567,26.49));
#7009=CARTESIAN_POINT('',(-2.9369528519192,3.98186443983312,26.5));
#7010=CARTESIAN_POINT('',(-2.9369528519192,3.98186443983312,26.49));
#7011=CARTESIAN_POINT('Ctrl Pts',(-2.9369528519192,3.98186443983312,26.5));
#7012=CARTESIAN_POINT('Ctrl Pts',(-2.92789574971583,4.01348557173009,26.5));
#7013=CARTESIAN_POINT('Ctrl Pts',(-2.91822095265773,4.04360243498082,26.5));
#7014=CARTESIAN_POINT('Ctrl Pts',(-2.9017599903622,4.070875479567,26.5));
#7015=CARTESIAN_POINT('Ctrl Pts',(-2.90315404286769,3.89892618833776,26.49));
#7016=CARTESIAN_POINT('Ctrl Pts',(-2.90315404286769,3.89892618833776,26.5));
#7017=CARTESIAN_POINT('Ctrl Pts',(-2.9033599411526,3.89860886274571,26.49));
#7018=CARTESIAN_POINT('Ctrl Pts',(-2.9033599411526,3.89860886274571,26.5));
#7019=CARTESIAN_POINT('Ctrl Pts',(-2.9172689758816,3.91373633085484,26.49));
#7020=CARTESIAN_POINT('Ctrl Pts',(-2.9172689758816,3.91373633085484,26.5));
#7021=CARTESIAN_POINT('Ctrl Pts',(-2.9369528519192,3.98186443983312,26.49));
#7022=CARTESIAN_POINT('Ctrl Pts',(-2.9369528519192,3.98186443983312,26.5));
#7023=CARTESIAN_POINT('',(-2.90315404286769,3.89892618833776,26.49));
#7024=CARTESIAN_POINT('Ctrl Pts',(-2.90315404286769,3.89892618833776,26.49));
#7025=CARTESIAN_POINT('Ctrl Pts',(-2.9033599411526,3.89860886274571,26.49));
#7026=CARTESIAN_POINT('Ctrl Pts',(-2.9172689758816,3.91373633085484,26.49));
#7027=CARTESIAN_POINT('Ctrl Pts',(-2.9369528519192,3.98186443983312,26.49));
#7028=CARTESIAN_POINT('',(-2.90315404286769,3.89892618833776,26.5));
#7029=CARTESIAN_POINT('',(-2.90315404286769,3.89892618833776,26.49));
#7030=CARTESIAN_POINT('Ctrl Pts',(-2.90315404286769,3.89892618833776,26.5));
#7031=CARTESIAN_POINT('Ctrl Pts',(-2.9033599411526,3.89860886274571,26.5));
#7032=CARTESIAN_POINT('Ctrl Pts',(-2.9172689758816,3.91373633085484,26.5));
#7033=CARTESIAN_POINT('Ctrl Pts',(-2.9369528519192,3.98186443983312,26.5));
#7034=CARTESIAN_POINT('Ctrl Pts',(-2.90315404286769,3.89892618833776,26.49));
#7035=CARTESIAN_POINT('Ctrl Pts',(-2.89292037558565,3.87949405792545,26.49));
#7036=CARTESIAN_POINT('Ctrl Pts',(-2.87870664945033,3.86365217863317,26.49));
#7037=CARTESIAN_POINT('Ctrl Pts',(-2.90315404286769,3.89892618833776,26.5));
#7038=CARTESIAN_POINT('Ctrl Pts',(-2.89292037558565,3.87949405792545,26.5));
#7039=CARTESIAN_POINT('Ctrl Pts',(-2.87870664945033,3.86365217863317,26.5));
#7040=CARTESIAN_POINT('',(-2.87870664945033,3.86365217863317,26.49));
#7041=CARTESIAN_POINT('Origin',(-2.78507218864018,3.97677957259943,26.49));
#7042=CARTESIAN_POINT('',(-2.87870664945033,3.86365217863317,26.5));
#7043=CARTESIAN_POINT('',(-2.87870664945033,3.86365217863317,26.49));
#7044=CARTESIAN_POINT('Origin',(-2.78507218864018,3.97677957259943,26.5));
#7045=CARTESIAN_POINT('Ctrl Pts',(-2.87067077865438,3.85514184242325,26.49));
#7046=CARTESIAN_POINT('Ctrl Pts',(-2.87067077865438,3.85514184242325,26.5));
#7047=CARTESIAN_POINT('Ctrl Pts',(-2.87270505596504,3.8573147734265,26.49));
#7048=CARTESIAN_POINT('Ctrl Pts',(-2.87270505596504,3.8573147734265,26.5));
#7049=CARTESIAN_POINT('Ctrl Pts',(-2.87472145634565,3.85950419683025,26.49));
#7050=CARTESIAN_POINT('Ctrl Pts',(-2.87472145634565,3.85950419683025,26.5));
#7051=CARTESIAN_POINT('Ctrl Pts',(-2.8772857151917,3.86215204919592,26.49));
#7052=CARTESIAN_POINT('Ctrl Pts',(-2.8772857151917,3.86215204919592,26.5));
#7053=CARTESIAN_POINT('Ctrl Pts',(-2.87807579762057,3.86296781999899,26.49));
#7054=CARTESIAN_POINT('Ctrl Pts',(-2.87807579762057,3.86296781999899,26.5));
#7055=CARTESIAN_POINT('Ctrl Pts',(-2.87870664945033,3.86365217863317,26.49));
#7056=CARTESIAN_POINT('Ctrl Pts',(-2.87870664945033,3.86365217863317,26.5));
#7057=CARTESIAN_POINT('',(-2.87067077865254,3.85514184242652,26.49));
#7058=CARTESIAN_POINT('Ctrl Pts',(-2.87067077865438,3.85514184242325,26.49));
#7059=CARTESIAN_POINT('Ctrl Pts',(-2.87270505596504,3.8573147734265,26.49));
#7060=CARTESIAN_POINT('Ctrl Pts',(-2.87472145634565,3.85950419683025,26.49));
#7061=CARTESIAN_POINT('Ctrl Pts',(-2.8772857151917,3.86215204919592,26.49));
#7062=CARTESIAN_POINT('Ctrl Pts',(-2.87807579762057,3.86296781999899,26.49));
#7063=CARTESIAN_POINT('Ctrl Pts',(-2.87870664945033,3.86365217863317,26.49));
#7064=CARTESIAN_POINT('',(-2.87067077865254,3.85514184242652,26.5));
#7065=CARTESIAN_POINT('',(-2.87067077865254,3.85514184242652,26.49));
#7066=CARTESIAN_POINT('Ctrl Pts',(-2.87067077865438,3.85514184242325,26.5));
#7067=CARTESIAN_POINT('Ctrl Pts',(-2.87270505596504,3.8573147734265,26.5));
#7068=CARTESIAN_POINT('Ctrl Pts',(-2.87472145634565,3.85950419683025,26.5));
#7069=CARTESIAN_POINT('Ctrl Pts',(-2.8772857151917,3.86215204919592,26.5));
#7070=CARTESIAN_POINT('Ctrl Pts',(-2.87807579762057,3.86296781999899,26.5));
#7071=CARTESIAN_POINT('Ctrl Pts',(-2.87870664945033,3.86365217863317,26.5));
#7072=CARTESIAN_POINT('Ctrl Pts',(-2.8706707786507,3.8551418424298,26.49));
#7073=CARTESIAN_POINT('Ctrl Pts',(-2.8337255478808,3.82020832281486,26.49));
#7074=CARTESIAN_POINT('Ctrl Pts',(-2.78674399724391,3.81303511320348,26.49));
#7075=CARTESIAN_POINT('Ctrl Pts',(-2.8706707786507,3.8551418424298,26.5));
#7076=CARTESIAN_POINT('Ctrl Pts',(-2.8337255478808,3.82020832281486,26.5));
#7077=CARTESIAN_POINT('Ctrl Pts',(-2.78674399724391,3.81303511320348,26.5));
#7078=CARTESIAN_POINT('',(-2.78674399724391,3.81303511320348,26.49));
#7079=CARTESIAN_POINT('Origin',(-2.73144685623209,4.10310964765839,26.49));
#7080=CARTESIAN_POINT('',(-2.78674399724391,3.81303511320348,26.5));
#7081=CARTESIAN_POINT('',(-2.78674399724391,3.81303511320348,26.49));
#7082=CARTESIAN_POINT('Origin',(-2.73144685623209,4.10310964765839,26.5));
#7083=CARTESIAN_POINT('Ctrl Pts',(-2.78589848877479,3.81295573654613,26.49));
#7084=CARTESIAN_POINT('Ctrl Pts',(-2.78589848877479,3.81295573654613,26.5));
#7085=CARTESIAN_POINT('Ctrl Pts',(-2.78637563567073,3.81298139127594,26.49));
#7086=CARTESIAN_POINT('Ctrl Pts',(-2.78637563567073,3.81298139127594,26.5));
#7087=CARTESIAN_POINT('Ctrl Pts',(-2.78656093893006,3.81300712976696,26.49));
#7088=CARTESIAN_POINT('Ctrl Pts',(-2.78656093893006,3.81300712976696,26.5));
#7089=CARTESIAN_POINT('Ctrl Pts',(-2.78674399724391,3.81303511320348,26.49));
#7090=CARTESIAN_POINT('Ctrl Pts',(-2.78674399724391,3.81303511320348,26.5));
#7091=CARTESIAN_POINT('',(-2.78589847184249,3.81295605146637,26.49));
#7092=CARTESIAN_POINT('Ctrl Pts',(-2.78589848877479,3.81295573654613,26.49));
#7093=CARTESIAN_POINT('Ctrl Pts',(-2.78637563567073,3.81298139127594,26.49));
#7094=CARTESIAN_POINT('Ctrl Pts',(-2.78656093893006,3.81300712976696,26.49));
#7095=CARTESIAN_POINT('Ctrl Pts',(-2.78674399724391,3.81303511320348,26.49));
#7096=CARTESIAN_POINT('',(-2.78589847184249,3.81295605146637,26.5));
#7097=CARTESIAN_POINT('',(-2.78589847184249,3.81295605146637,26.49));
#7098=CARTESIAN_POINT('Ctrl Pts',(-2.78589848877479,3.81295573654613,26.5));
#7099=CARTESIAN_POINT('Ctrl Pts',(-2.78637563567073,3.81298139127594,26.5));
#7100=CARTESIAN_POINT('Ctrl Pts',(-2.78656093893006,3.81300712976696,26.5));
#7101=CARTESIAN_POINT('Ctrl Pts',(-2.78674399724391,3.81303511320348,26.5));
#7102=CARTESIAN_POINT('Ctrl Pts',(-2.77854076733973,3.81213158308263,26.49));
#7103=CARTESIAN_POINT('Ctrl Pts',(-2.77854076733973,3.81213158308263,26.5));
#7104=CARTESIAN_POINT('Ctrl Pts',(-2.7809836899319,3.81245133100743,26.49));
#7105=CARTESIAN_POINT('Ctrl Pts',(-2.7809836899319,3.81245133100743,26.5));
#7106=CARTESIAN_POINT('Ctrl Pts',(-2.78343993535426,3.81263542829747,26.49));
#7107=CARTESIAN_POINT('Ctrl Pts',(-2.78343993535426,3.81263542829747,26.5));
#7108=CARTESIAN_POINT('Ctrl Pts',(-2.78584167828944,3.81295275388952,26.49));
#7109=CARTESIAN_POINT('Ctrl Pts',(-2.78584167828944,3.81295275388952,26.5));
#7110=CARTESIAN_POINT('',(-2.77854076733973,3.81213158308263,26.49));
#7111=CARTESIAN_POINT('Ctrl Pts',(-2.77854076733973,3.81213158308263,26.49));
#7112=CARTESIAN_POINT('Ctrl Pts',(-2.7809836899319,3.81245133100743,26.49));
#7113=CARTESIAN_POINT('Ctrl Pts',(-2.78343993535426,3.81263542829747,26.49));
#7114=CARTESIAN_POINT('Ctrl Pts',(-2.78584167828944,3.81295275388952,26.49));
#7115=CARTESIAN_POINT('',(-2.77854076733973,3.81213158308263,26.5));
#7116=CARTESIAN_POINT('',(-2.77854076733973,3.81213158308263,26.49));
#7117=CARTESIAN_POINT('Ctrl Pts',(-2.77854076733973,3.81213158308263,26.5));
#7118=CARTESIAN_POINT('Ctrl Pts',(-2.7809836899319,3.81245133100743,26.5));
#7119=CARTESIAN_POINT('Ctrl Pts',(-2.78343993535426,3.81263542829747,26.5));
#7120=CARTESIAN_POINT('Ctrl Pts',(-2.78584167828944,3.81295275388952,26.5));
#7121=CARTESIAN_POINT('Ctrl Pts',(-2.77454574778702,3.81164122713003,26.49));
#7122=CARTESIAN_POINT('Ctrl Pts',(-2.77454574778702,3.81164122713003,26.5));
#7123=CARTESIAN_POINT('Ctrl Pts',(-2.77616554223917,3.8117319587998,26.49));
#7124=CARTESIAN_POINT('Ctrl Pts',(-2.77616554223917,3.8117319587998,26.5));
#7125=CARTESIAN_POINT('Ctrl Pts',(-2.77733936750123,3.81197493114782,26.49));
#7126=CARTESIAN_POINT('Ctrl Pts',(-2.77733936750123,3.81197493114782,26.5));
#7127=CARTESIAN_POINT('Ctrl Pts',(-2.77854076733973,3.81213158308263,26.49));
#7128=CARTESIAN_POINT('Ctrl Pts',(-2.77854076733973,3.81213158308263,26.5));
#7129=CARTESIAN_POINT('',(-2.77454574326591,3.81164130614593,26.49));
#7130=CARTESIAN_POINT('Ctrl Pts',(-2.77454574778703,3.81164122713003,26.49));
#7131=CARTESIAN_POINT('Ctrl Pts',(-2.77616554223917,3.8117319587998,26.49));
#7132=CARTESIAN_POINT('Ctrl Pts',(-2.77733936750123,3.81197493114782,26.49));
#7133=CARTESIAN_POINT('Ctrl Pts',(-2.77854076733973,3.81213158308263,26.49));
#7134=CARTESIAN_POINT('',(-2.77454461559531,3.81164051933695,26.5));
#7135=CARTESIAN_POINT('',(-2.77454574625969,3.81164125439695,26.49));
#7136=CARTESIAN_POINT('Ctrl Pts',(-2.77454574778703,3.81164122713003,26.5));
#7137=CARTESIAN_POINT('Ctrl Pts',(-2.77616554223917,3.8117319587998,26.5));
#7138=CARTESIAN_POINT('Ctrl Pts',(-2.77733936750123,3.81197493114782,26.5));
#7139=CARTESIAN_POINT('Ctrl Pts',(-2.77854076733973,3.81213158308263,26.5));
#7140=CARTESIAN_POINT('Ctrl Pts',(-2.77454587654894,3.81164139337898,26.49));
#7141=CARTESIAN_POINT('Ctrl Pts',(-2.76923751325435,3.81131283010757,26.49));
#7142=CARTESIAN_POINT('Ctrl Pts',(-2.76426596036342,3.81131283460851,26.49));
#7143=CARTESIAN_POINT('Ctrl Pts',(-2.77454587654894,3.81164139337898,26.5));
#7144=CARTESIAN_POINT('Ctrl Pts',(-2.76923751325435,3.81131283010757,26.5));
#7145=CARTESIAN_POINT('Ctrl Pts',(-2.76426596036342,3.81131283460851,26.5));
#7146=CARTESIAN_POINT('',(-2.76426596036342,3.81131283460851,26.49));
#7147=CARTESIAN_POINT('Origin',(-2.82772935684987,3.8683732253396,26.49));
#7148=CARTESIAN_POINT('',(-2.76426596036342,3.81131283460851,26.5));
#7149=CARTESIAN_POINT('',(-2.76426596036342,3.81131283460851,26.49));
#7150=CARTESIAN_POINT('Origin',(-2.82772935684987,3.8683732253396,26.5));
#7151=CARTESIAN_POINT('Ctrl Pts',(-2.62660842290309,3.89531691251988,26.49));
#7152=CARTESIAN_POINT('Ctrl Pts',(-2.62660842290309,3.89531691251988,26.5));
#7153=CARTESIAN_POINT('Ctrl Pts',(-2.65399531712916,3.84618715940709,26.49));
#7154=CARTESIAN_POINT('Ctrl Pts',(-2.65399531712916,3.84618715940709,26.5));
#7155=CARTESIAN_POINT('Ctrl Pts',(-2.70367251744655,3.81131283460851,26.49));
#7156=CARTESIAN_POINT('Ctrl Pts',(-2.70367251744655,3.81131283460851,26.5));
#7157=CARTESIAN_POINT('Ctrl Pts',(-2.76426596036342,3.81131283460851,26.49));
#7158=CARTESIAN_POINT('Ctrl Pts',(-2.76426596036342,3.81131283460851,26.5));
#7159=CARTESIAN_POINT('',(-2.62660842290309,3.89531691251988,26.49));
#7160=CARTESIAN_POINT('Ctrl Pts',(-2.62660842290309,3.89531691251988,26.49));
#7161=CARTESIAN_POINT('Ctrl Pts',(-2.65399531712916,3.84618715940709,26.49));
#7162=CARTESIAN_POINT('Ctrl Pts',(-2.70367251744655,3.81131283460851,26.49));
#7163=CARTESIAN_POINT('Ctrl Pts',(-2.76426596036342,3.81131283460851,26.49));
#7164=CARTESIAN_POINT('',(-2.62660842290309,3.89531691251988,26.5));
#7165=CARTESIAN_POINT('',(-2.62660842290309,3.89531691251988,26.49));
#7166=CARTESIAN_POINT('Ctrl Pts',(-2.62660842290309,3.89531691251988,26.5));
#7167=CARTESIAN_POINT('Ctrl Pts',(-2.65399531712916,3.84618715940709,26.5));
#7168=CARTESIAN_POINT('Ctrl Pts',(-2.70367251744655,3.81131283460851,26.5));
#7169=CARTESIAN_POINT('Ctrl Pts',(-2.76426596036342,3.81131283460851,26.5));
#7170=CARTESIAN_POINT('Origin',(-2.5031445442715,3.89531691251988,26.49));
#7171=CARTESIAN_POINT('',(-2.5031445442715,3.89531691251988,26.49));
#7172=CARTESIAN_POINT('',(-2.5031445442715,3.89531691251988,26.49));
#7173=CARTESIAN_POINT('',(-2.5031445442715,3.89531691251988,26.5));
#7174=CARTESIAN_POINT('',(-2.5031445442715,3.89531691251988,26.49));
#7175=CARTESIAN_POINT('',(-2.5031445442715,3.89531691251988,26.5));
#7176=CARTESIAN_POINT('Ctrl Pts',(-2.72469304517828,3.71081748396541,26.49));
#7177=CARTESIAN_POINT('Ctrl Pts',(-2.72469304517828,3.71081748396541,26.5));
#7178=CARTESIAN_POINT('Ctrl Pts',(-2.69231869476858,3.71499375934394,26.49));
#7179=CARTESIAN_POINT('Ctrl Pts',(-2.69231869476858,3.71499375934394,26.5));
#7180=CARTESIAN_POINT('Ctrl Pts',(-2.66105219038897,3.72452048514698,26.49));
#7181=CARTESIAN_POINT('Ctrl Pts',(-2.66105219038897,3.72452048514698,26.5));
#7182=CARTESIAN_POINT('Ctrl Pts',(-2.60194835765056,3.75541956865969,26.49));
#7183=CARTESIAN_POINT('Ctrl Pts',(-2.60194835765056,3.75541956865969,26.5));
#7184=CARTESIAN_POINT('Ctrl Pts',(-2.57529535104039,3.77679065590536,26.49));
#7185=CARTESIAN_POINT('Ctrl Pts',(-2.57529535104039,3.77679065590536,26.5));
#7186=CARTESIAN_POINT('Ctrl Pts',(-2.53061410282646,3.83001964231598,26.49));
#7187=CARTESIAN_POINT('Ctrl Pts',(-2.53061410282646,3.83001964231598,26.5));
#7188=CARTESIAN_POINT('Ctrl Pts',(-2.51372555459881,3.86140519511116,26.49));
#7189=CARTESIAN_POINT('Ctrl Pts',(-2.51372555459881,3.86140519511116,26.5));
#7190=CARTESIAN_POINT('Ctrl Pts',(-2.5031445442715,3.89531691251988,26.49));
#7191=CARTESIAN_POINT('Ctrl Pts',(-2.5031445442715,3.89531691251988,26.5));
#7192=CARTESIAN_POINT('',(-2.72469304517828,3.71081748396541,26.49));
#7193=CARTESIAN_POINT('Ctrl Pts',(-2.72469304517828,3.71081748396541,26.49));
#7194=CARTESIAN_POINT('Ctrl Pts',(-2.69231869476858,3.71499375934394,26.49));
#7195=CARTESIAN_POINT('Ctrl Pts',(-2.66105219038897,3.72452048514698,26.49));
#7196=CARTESIAN_POINT('Ctrl Pts',(-2.63211954207188,3.73964627775928,26.49));
#7197=CARTESIAN_POINT('Ctrl Pts',(-2.60194835765056,3.75541956865969,26.49));
#7198=CARTESIAN_POINT('Ctrl Pts',(-2.57529535104039,3.77679065590536,26.49));
#7199=CARTESIAN_POINT('Ctrl Pts',(-2.5534187466525,3.80285236018225,26.49));
#7200=CARTESIAN_POINT('Ctrl Pts',(-2.53061410282646,3.83001964231598,26.49));
#7201=CARTESIAN_POINT('Ctrl Pts',(-2.51372555459881,3.86140519511116,26.49));
#7202=CARTESIAN_POINT('Ctrl Pts',(-2.5031445442715,3.89531691251988,26.49));
#7203=CARTESIAN_POINT('',(-2.72469304517828,3.71081748396541,26.5));
#7204=CARTESIAN_POINT('',(-2.72469304517828,3.71081748396541,26.49));
#7205=CARTESIAN_POINT('Ctrl Pts',(-2.72469304517828,3.71081748396541,26.5));
#7206=CARTESIAN_POINT('Ctrl Pts',(-2.69231869476858,3.71499375934394,26.5));
#7207=CARTESIAN_POINT('Ctrl Pts',(-2.66105219038897,3.72452048514698,26.5));
#7208=CARTESIAN_POINT('Ctrl Pts',(-2.63211954207188,3.73964627775928,26.5));
#7209=CARTESIAN_POINT('Ctrl Pts',(-2.60194835765056,3.75541956865969,26.5));
#7210=CARTESIAN_POINT('Ctrl Pts',(-2.57529535104039,3.77679065590536,26.5));
#7211=CARTESIAN_POINT('Ctrl Pts',(-2.5534187466525,3.80285236018225,26.5));
#7212=CARTESIAN_POINT('Ctrl Pts',(-2.53061410282646,3.83001964231598,26.5));
#7213=CARTESIAN_POINT('Ctrl Pts',(-2.51372555459881,3.86140519511116,26.5));
#7214=CARTESIAN_POINT('Ctrl Pts',(-2.5031445442715,3.89531691251988,26.5));
#7215=CARTESIAN_POINT('Ctrl Pts',(-2.96517302861598,3.79359347044225,26.49));
#7216=CARTESIAN_POINT('Ctrl Pts',(-2.87229671944007,3.69259383501522,26.49));
#7217=CARTESIAN_POINT('Ctrl Pts',(-2.72469304517828,3.71081748396541,26.49));
#7218=CARTESIAN_POINT('Ctrl Pts',(-2.96517302861598,3.79359347044225,26.5));
#7219=CARTESIAN_POINT('Ctrl Pts',(-2.87229671944007,3.69259383501522,26.5));
#7220=CARTESIAN_POINT('Ctrl Pts',(-2.72469304517828,3.71081748396541,26.5));
#7221=CARTESIAN_POINT('',(-2.96517302861598,3.79359347044225,26.49));
#7222=CARTESIAN_POINT('Origin',(-2.71381813203122,4.03783862552723,26.49));
#7223=CARTESIAN_POINT('',(-2.96517302861598,3.79359347044225,26.5));
#7224=CARTESIAN_POINT('',(-2.96517302861598,3.79359347044225,26.49));
#7225=CARTESIAN_POINT('Origin',(-2.71381813203122,4.03783862552723,26.5));
#7226=CARTESIAN_POINT('Origin',(-2.78118116224569,3.96662729280423,26.49));
#7227=CARTESIAN_POINT('',(-2.99446024289515,3.83132857023473,26.49));
#7228=CARTESIAN_POINT('Origin',(-2.78118116224569,3.96662729280423,26.49));
#7229=CARTESIAN_POINT('',(-2.99446024289515,3.83132857023473,26.5));
#7230=CARTESIAN_POINT('',(-2.99446024289515,3.83132857023473,26.49));
#7231=CARTESIAN_POINT('Origin',(-2.78118116224569,3.96662729280423,26.5));
#7232=CARTESIAN_POINT('Ctrl Pts',(-3.022715771399,3.79454075635275,26.49));
#7233=CARTESIAN_POINT('Ctrl Pts',(-3.022715771399,3.79454075635275,26.5));
#7234=CARTESIAN_POINT('Ctrl Pts',(-3.01208401064315,3.80615592418201,26.49));
#7235=CARTESIAN_POINT('Ctrl Pts',(-3.01208401064315,3.80615592418201,26.5));
#7236=CARTESIAN_POINT('Ctrl Pts',(-3.00269064942156,3.81834012534913,26.49));
#7237=CARTESIAN_POINT('Ctrl Pts',(-3.00269064942156,3.81834012534913,26.5));
#7238=CARTESIAN_POINT('Ctrl Pts',(-2.99446024289515,3.83132857023473,26.49));
#7239=CARTESIAN_POINT('Ctrl Pts',(-2.99446024289515,3.83132857023473,26.5));
#7240=CARTESIAN_POINT('',(-3.022715771399,3.79454075635275,26.49));
#7241=CARTESIAN_POINT('Ctrl Pts',(-3.022715771399,3.79454075635275,26.49));
#7242=CARTESIAN_POINT('Ctrl Pts',(-3.01208401064315,3.80615592418201,26.49));
#7243=CARTESIAN_POINT('Ctrl Pts',(-3.00269064942156,3.81834012534913,26.49));
#7244=CARTESIAN_POINT('Ctrl Pts',(-2.99446024289515,3.83132857023473,26.49));
#7245=CARTESIAN_POINT('',(-3.022715771399,3.79454075635275,26.5));
#7246=CARTESIAN_POINT('',(-3.022715771399,3.79454075635275,26.49));
#7247=CARTESIAN_POINT('Ctrl Pts',(-3.022715771399,3.79454075635275,26.5));
#7248=CARTESIAN_POINT('Ctrl Pts',(-3.01208401064315,3.80615592418201,26.5));
#7249=CARTESIAN_POINT('Ctrl Pts',(-3.00269064942156,3.81834012534913,26.5));
#7250=CARTESIAN_POINT('Ctrl Pts',(-2.99446024289515,3.83132857023473,26.5));
#7251=CARTESIAN_POINT('Ctrl Pts',(-3.02965431561854,3.78735596357579,26.49));
#7252=CARTESIAN_POINT('Ctrl Pts',(-3.02965431561854,3.78735596357579,26.5));
#7253=CARTESIAN_POINT('Ctrl Pts',(-3.0272330211567,3.78964138683761,26.49));
#7254=CARTESIAN_POINT('Ctrl Pts',(-3.0272330211567,3.78964138683761,26.5));
#7255=CARTESIAN_POINT('Ctrl Pts',(-3.02502816776488,3.79214371883147,26.49));
#7256=CARTESIAN_POINT('Ctrl Pts',(-3.02502816776488,3.79214371883147,26.5));
#7257=CARTESIAN_POINT('Ctrl Pts',(-3.022715771399,3.79454075635275,26.49));
#7258=CARTESIAN_POINT('Ctrl Pts',(-3.022715771399,3.79454075635275,26.5));
#7259=CARTESIAN_POINT('',(-3.02965431561854,3.78735596357579,26.49));
#7260=CARTESIAN_POINT('Ctrl Pts',(-3.02965431561854,3.78735596357579,26.49));
#7261=CARTESIAN_POINT('Ctrl Pts',(-3.0272330211567,3.78964138683761,26.49));
#7262=CARTESIAN_POINT('Ctrl Pts',(-3.02502816776488,3.79214371883147,26.49));
#7263=CARTESIAN_POINT('Ctrl Pts',(-3.022715771399,3.79454075635275,26.49));
#7264=CARTESIAN_POINT('',(-3.02965431561854,3.78735596357579,26.5));
#7265=CARTESIAN_POINT('',(-3.02965431561854,3.78735596357579,26.49));
#7266=CARTESIAN_POINT('Ctrl Pts',(-3.02965431561854,3.78735596357579,26.5));
#7267=CARTESIAN_POINT('Ctrl Pts',(-3.0272330211567,3.78964138683761,26.5));
#7268=CARTESIAN_POINT('Ctrl Pts',(-3.02502816776488,3.79214371883147,26.5));
#7269=CARTESIAN_POINT('Ctrl Pts',(-3.022715771399,3.79454075635275,26.5));
#7270=CARTESIAN_POINT('Ctrl Pts',(-3.14744434175961,3.7187787933793,26.49));
#7271=CARTESIAN_POINT('Ctrl Pts',(-3.07846694956656,3.73796691808845,26.49));
#7272=CARTESIAN_POINT('Ctrl Pts',(-3.02965431561854,3.78735596357579,26.49));
#7273=CARTESIAN_POINT('Ctrl Pts',(-3.14744434175961,3.7187787933793,26.5));
#7274=CARTESIAN_POINT('Ctrl Pts',(-3.07846694956656,3.73796691808845,26.5));
#7275=CARTESIAN_POINT('Ctrl Pts',(-3.02965431561854,3.78735596357579,26.5));
#7276=CARTESIAN_POINT('',(-3.14745136736443,3.71877682186239,26.49));
#7277=CARTESIAN_POINT('Origin',(-3.30871430127777,4.08281023056051,26.49));
#7278=CARTESIAN_POINT('',(-3.14744433504976,3.71877877823329,26.5));
#7279=CARTESIAN_POINT('',(-3.14744433504976,3.71877877823329,26.49));
#7280=CARTESIAN_POINT('Origin',(-3.30871430127777,4.08281023056051,26.5));
#7281=CARTESIAN_POINT('Ctrl Pts',(-3.18761711839274,3.71074685560695,26.49));
#7282=CARTESIAN_POINT('Ctrl Pts',(-3.18761711839274,3.71074685560695,26.5));
#7283=CARTESIAN_POINT('Ctrl Pts',(-3.18040998391778,3.71176695552075,26.49));
#7284=CARTESIAN_POINT('Ctrl Pts',(-3.18040998391778,3.71176695552075,26.5));
#7285=CARTESIAN_POINT('Ctrl Pts',(-3.1787282186782,3.71203146443951,26.49));
#7286=CARTESIAN_POINT('Ctrl Pts',(-3.1787282186782,3.71203146443951,26.5));
#7287=CARTESIAN_POINT('Ctrl Pts',(-3.16686220953997,3.71398152158524,26.49));
#7288=CARTESIAN_POINT('Ctrl Pts',(-3.16686220953997,3.71398152158524,26.5));
#7289=CARTESIAN_POINT('Ctrl Pts',(-3.15710580275817,3.71611695528727,26.49));
#7290=CARTESIAN_POINT('Ctrl Pts',(-3.15710580275817,3.71611695528727,26.5));
#7291=CARTESIAN_POINT('Ctrl Pts',(-3.14745841374781,3.71877487837071,26.49));
#7292=CARTESIAN_POINT('Ctrl Pts',(-3.14745841374781,3.71877487837071,26.5));
#7293=CARTESIAN_POINT('',(-3.18761711839274,3.71074685560695,26.49));
#7294=CARTESIAN_POINT('Ctrl Pts',(-3.18761711839274,3.71074685560695,26.49));
#7295=CARTESIAN_POINT('Ctrl Pts',(-3.18040998391778,3.71176695552075,26.49));
#7296=CARTESIAN_POINT('Ctrl Pts',(-3.1787282186782,3.71203146443951,26.49));
#7297=CARTESIAN_POINT('Ctrl Pts',(-3.17673637260858,3.71235880395325,26.49));
#7298=CARTESIAN_POINT('Ctrl Pts',(-3.16686220953997,3.71398152158524,26.49));
#7299=CARTESIAN_POINT('Ctrl Pts',(-3.15710580275817,3.71611695528727,26.49));
#7300=CARTESIAN_POINT('Ctrl Pts',(-3.14745841374781,3.71877487837071,26.49));
#7301=CARTESIAN_POINT('',(-3.18761711839274,3.71074685560695,26.5));
#7302=CARTESIAN_POINT('',(-3.18761711839274,3.71074685560695,26.49));
#7303=CARTESIAN_POINT('Ctrl Pts',(-3.18761711839274,3.71074685560695,26.5));
#7304=CARTESIAN_POINT('Ctrl Pts',(-3.18040998391778,3.71176695552075,26.5));
#7305=CARTESIAN_POINT('Ctrl Pts',(-3.1787282186782,3.71203146443951,26.5));
#7306=CARTESIAN_POINT('Ctrl Pts',(-3.17673637260858,3.71235880395325,26.5));
#7307=CARTESIAN_POINT('Ctrl Pts',(-3.16686220953997,3.71398152158524,26.5));
#7308=CARTESIAN_POINT('Ctrl Pts',(-3.15710580275817,3.71611695528727,26.5));
#7309=CARTESIAN_POINT('Ctrl Pts',(-3.14745841374781,3.71877487837071,26.5));
#7310=CARTESIAN_POINT('Ctrl Pts',(-3.23155097217971,3.70834331786122,26.49));
#7311=CARTESIAN_POINT('Ctrl Pts',(-3.23155097217971,3.70834331786122,26.5));
#7312=CARTESIAN_POINT('Ctrl Pts',(-3.21622198098853,3.70850109454766,26.49));
#7313=CARTESIAN_POINT('Ctrl Pts',(-3.21622198098853,3.70850109454766,26.5));
#7314=CARTESIAN_POINT('Ctrl Pts',(-3.21224517045393,3.70865998924935,26.49));
#7315=CARTESIAN_POINT('Ctrl Pts',(-3.21224517045393,3.70865998924935,26.5));
#7316=CARTESIAN_POINT('Ctrl Pts',(-3.19809002430702,3.70945838714641,26.49));
#7317=CARTESIAN_POINT('Ctrl Pts',(-3.19809002430702,3.70945838714641,26.5));
#7318=CARTESIAN_POINT('Ctrl Pts',(-3.19131141744863,3.71029235063419,26.49));
#7319=CARTESIAN_POINT('Ctrl Pts',(-3.19131141744863,3.71029235063419,26.5));
#7320=CARTESIAN_POINT('Ctrl Pts',(-3.18761711839274,3.71074685560695,26.49));
#7321=CARTESIAN_POINT('Ctrl Pts',(-3.18761711839274,3.71074685560695,26.5));
#7322=CARTESIAN_POINT('',(-3.2315509721797,3.70834331786122,26.49));
#7323=CARTESIAN_POINT('Ctrl Pts',(-3.23155097217971,3.70834331786122,26.49));
#7324=CARTESIAN_POINT('Ctrl Pts',(-3.21622198098853,3.70850109454766,26.49));
#7325=CARTESIAN_POINT('Ctrl Pts',(-3.21224517045393,3.70865998924935,26.49));
#7326=CARTESIAN_POINT('Ctrl Pts',(-3.20760568598288,3.70892167179269,26.49));
#7327=CARTESIAN_POINT('Ctrl Pts',(-3.19809002430702,3.70945838714641,26.49));
#7328=CARTESIAN_POINT('Ctrl Pts',(-3.19131141744863,3.71029235063419,26.49));
#7329=CARTESIAN_POINT('Ctrl Pts',(-3.18761711839274,3.71074685560695,26.49));
#7330=CARTESIAN_POINT('',(-3.2315509721797,3.70834331786122,26.5));
#7331=CARTESIAN_POINT('',(-3.2315509721797,3.70834331786122,26.49));
#7332=CARTESIAN_POINT('Ctrl Pts',(-3.23155097217971,3.70834331786122,26.5));
#7333=CARTESIAN_POINT('Ctrl Pts',(-3.21622198098853,3.70850109454766,26.5));
#7334=CARTESIAN_POINT('Ctrl Pts',(-3.21224517045393,3.70865998924935,26.5));
#7335=CARTESIAN_POINT('Ctrl Pts',(-3.20760568598288,3.70892167179269,26.5));
#7336=CARTESIAN_POINT('Ctrl Pts',(-3.19809002430702,3.70945838714641,26.5));
#7337=CARTESIAN_POINT('Ctrl Pts',(-3.19131141744863,3.71029235063419,26.5));
#7338=CARTESIAN_POINT('Ctrl Pts',(-3.18761711839274,3.71074685560695,26.5));
#7339=CARTESIAN_POINT('Ctrl Pts',(-3.49890135159877,3.98350678144689,26.49));
#7340=CARTESIAN_POINT('Ctrl Pts',(-3.49890135159877,3.98350678144689,26.5));
#7341=CARTESIAN_POINT('Ctrl Pts',(-3.49890135159877,3.96314087002189,26.49));
#7342=CARTESIAN_POINT('Ctrl Pts',(-3.49890135159877,3.96314087002189,26.5));
#7343=CARTESIAN_POINT('Ctrl Pts',(-3.49693802828694,3.9428506873431,26.49));
#7344=CARTESIAN_POINT('Ctrl Pts',(-3.49693802828694,3.9428506873431,26.5));
#7345=CARTESIAN_POINT('Ctrl Pts',(-3.48895325719492,3.90389057056735,26.49));
#7346=CARTESIAN_POINT('Ctrl Pts',(-3.48895325719492,3.90389057056735,26.5));
#7347=CARTESIAN_POINT('Ctrl Pts',(-3.48315447125726,3.88534368873683,26.49));
#7348=CARTESIAN_POINT('Ctrl Pts',(-3.48315447125726,3.88534368873683,26.5));
#7349=CARTESIAN_POINT('Ctrl Pts',(-3.46182051423209,3.83629728808643,26.49));
#7350=CARTESIAN_POINT('Ctrl Pts',(-3.46182051423209,3.83629728808643,26.5));
#7351=CARTESIAN_POINT('Ctrl Pts',(-3.44253440439583,3.80805050850443,26.49));
#7352=CARTESIAN_POINT('Ctrl Pts',(-3.44253440439583,3.80805050850443,26.5));
#7353=CARTESIAN_POINT('Ctrl Pts',(-3.39363398904323,3.76022702700169,26.49));
#7354=CARTESIAN_POINT('Ctrl Pts',(-3.39363398904323,3.76022702700169,26.5));
#7355=CARTESIAN_POINT('Ctrl Pts',(-3.3646984257343,3.74147971766216,26.49));
#7356=CARTESIAN_POINT('Ctrl Pts',(-3.3646984257343,3.74147971766216,26.5));
#7357=CARTESIAN_POINT('Ctrl Pts',(-3.29829710982078,3.71476906045097,26.49));
#7358=CARTESIAN_POINT('Ctrl Pts',(-3.29829710982078,3.71476906045097,26.5));
#7359=CARTESIAN_POINT('Ctrl Pts',(-3.2676824864381,3.71008342037311,26.49));
#7360=CARTESIAN_POINT('Ctrl Pts',(-3.2676824864381,3.71008342037311,26.5));
#7361=CARTESIAN_POINT('Ctrl Pts',(-3.2315509721797,3.70834331786122,26.49));
#7362=CARTESIAN_POINT('Ctrl Pts',(-3.2315509721797,3.70834331786122,26.5));
#7363=CARTESIAN_POINT('',(-3.49890135159877,3.98350678144689,26.49));
#7364=CARTESIAN_POINT('Ctrl Pts',(-3.49890135159877,3.98350678144689,26.49));
#7365=CARTESIAN_POINT('Ctrl Pts',(-3.49890135159877,3.96314087002189,26.49));
#7366=CARTESIAN_POINT('Ctrl Pts',(-3.49693802828694,3.9428506873431,26.49));
#7367=CARTESIAN_POINT('Ctrl Pts',(-3.48895325719492,3.90389057056735,26.49));
#7368=CARTESIAN_POINT('Ctrl Pts',(-3.48315447125726,3.88534368873683,26.49));
#7369=CARTESIAN_POINT('Ctrl Pts',(-3.46182051423209,3.83629728808643,26.49));
#7370=CARTESIAN_POINT('Ctrl Pts',(-3.44253440439583,3.80805050850443,26.49));
#7371=CARTESIAN_POINT('Ctrl Pts',(-3.39363398904323,3.76022702700169,26.49));
#7372=CARTESIAN_POINT('Ctrl Pts',(-3.3646984257343,3.74147971766216,26.49));
#7373=CARTESIAN_POINT('Ctrl Pts',(-3.29829710982078,3.71476906045097,26.49));
#7374=CARTESIAN_POINT('Ctrl Pts',(-3.2676824864381,3.71008342037311,26.49));
#7375=CARTESIAN_POINT('Ctrl Pts',(-3.2315509721797,3.70834331786122,26.49));
#7376=CARTESIAN_POINT('',(-3.49890135159877,3.98350678144689,26.5));
#7377=CARTESIAN_POINT('',(-3.49890135159877,3.98350678144689,26.49));
#7378=CARTESIAN_POINT('Ctrl Pts',(-3.49890135159877,3.98350678144689,26.5));
#7379=CARTESIAN_POINT('Ctrl Pts',(-3.49890135159877,3.96314087002189,26.5));
#7380=CARTESIAN_POINT('Ctrl Pts',(-3.49693802828694,3.9428506873431,26.5));
#7381=CARTESIAN_POINT('Ctrl Pts',(-3.48895325719492,3.90389057056735,26.5));
#7382=CARTESIAN_POINT('Ctrl Pts',(-3.48315447125726,3.88534368873683,26.5));
#7383=CARTESIAN_POINT('Ctrl Pts',(-3.46182051423209,3.83629728808643,26.5));
#7384=CARTESIAN_POINT('Ctrl Pts',(-3.44253440439583,3.80805050850443,26.5));
#7385=CARTESIAN_POINT('Ctrl Pts',(-3.39363398904323,3.76022702700169,26.5));
#7386=CARTESIAN_POINT('Ctrl Pts',(-3.3646984257343,3.74147971766216,26.5));
#7387=CARTESIAN_POINT('Ctrl Pts',(-3.29829710982078,3.71476906045097,26.5));
#7388=CARTESIAN_POINT('Ctrl Pts',(-3.2676824864381,3.71008342037311,26.5));
#7389=CARTESIAN_POINT('Ctrl Pts',(-3.2315509721797,3.70834331786122,26.5));
#7390=CARTESIAN_POINT('Ctrl Pts',(-3.46666131368068,4.11583155332799,26.49));
#7391=CARTESIAN_POINT('Ctrl Pts',(-3.49890717157934,4.05491043795879,26.49));
#7392=CARTESIAN_POINT('Ctrl Pts',(-3.49890135159877,3.98350678144689,26.49));
#7393=CARTESIAN_POINT('Ctrl Pts',(-3.46666131368068,4.11583155332799,26.5));
#7394=CARTESIAN_POINT('Ctrl Pts',(-3.49890717157934,4.05491043795879,26.5));
#7395=CARTESIAN_POINT('Ctrl Pts',(-3.49890135159877,3.98350678144689,26.5));
#7396=CARTESIAN_POINT('',(-3.46666131368068,4.11583155332799,26.49));
#7397=CARTESIAN_POINT('Origin',(-3.14409081962149,3.9395869183134,26.49));
#7398=CARTESIAN_POINT('',(-3.46666131368068,4.11583155332799,26.5));
#7399=CARTESIAN_POINT('',(-3.46666131368068,4.11583155332799,26.49));
#7400=CARTESIAN_POINT('Origin',(-3.14409081962149,3.9395869183134,26.5));
#7401=CARTESIAN_POINT('Ctrl Pts',(-3.4663330875912,4.11656794248815,26.49));
#7402=CARTESIAN_POINT('Ctrl Pts',(-3.4663330875912,4.11656794248815,26.5));
#7403=CARTESIAN_POINT('Ctrl Pts',(-3.46645783772853,4.11641049085851,26.49));
#7404=CARTESIAN_POINT('Ctrl Pts',(-3.46645783772853,4.11641049085851,26.5));
#7405=CARTESIAN_POINT('Ctrl Pts',(-3.46653414121058,4.11614887892003,26.49));
#7406=CARTESIAN_POINT('Ctrl Pts',(-3.46653414121058,4.11614887892003,26.5));
#7407=CARTESIAN_POINT('Ctrl Pts',(-3.46666131368068,4.11583155332799,26.49));
#7408=CARTESIAN_POINT('Ctrl Pts',(-3.46666131368068,4.11583155332799,26.5));
#7409=CARTESIAN_POINT('',(-3.4663330875912,4.11656794248815,26.49));
#7410=CARTESIAN_POINT('Ctrl Pts',(-3.4663330875912,4.11656794248815,26.49));
#7411=CARTESIAN_POINT('Ctrl Pts',(-3.46645783772853,4.11641049085851,26.49));
#7412=CARTESIAN_POINT('Ctrl Pts',(-3.46653414121058,4.11614887892003,26.49));
#7413=CARTESIAN_POINT('Ctrl Pts',(-3.46666131368068,4.11583155332799,26.49));
#7414=CARTESIAN_POINT('',(-3.4663330875912,4.11656794248815,26.5));
#7415=CARTESIAN_POINT('',(-3.4663330875912,4.11656794248815,26.49));
#7416=CARTESIAN_POINT('Ctrl Pts',(-3.4663330875912,4.11656794248815,26.5));
#7417=CARTESIAN_POINT('Ctrl Pts',(-3.46645783772853,4.11641049085851,26.5));
#7418=CARTESIAN_POINT('Ctrl Pts',(-3.46653414121058,4.11614887892003,26.5));
#7419=CARTESIAN_POINT('Ctrl Pts',(-3.46666131368068,4.11583155332799,26.5));
#7420=CARTESIAN_POINT('Ctrl Pts',(-3.22928823987655,4.25828428176342,26.49));
#7421=CARTESIAN_POINT('Ctrl Pts',(-3.39311010503174,4.2568511787517,26.49));
#7422=CARTESIAN_POINT('Ctrl Pts',(-3.4663330875912,4.11656794248815,26.49));
#7423=CARTESIAN_POINT('Ctrl Pts',(-3.22928823987655,4.25828428176342,26.5));
#7424=CARTESIAN_POINT('Ctrl Pts',(-3.39311010503174,4.2568511787517,26.5));
#7425=CARTESIAN_POINT('Ctrl Pts',(-3.4663330875912,4.11656794248815,26.5));
#7426=CARTESIAN_POINT('',(-3.22928823987655,4.25828428176342,26.49));
#7427=CARTESIAN_POINT('Origin',(-3.1933697903654,3.95073295176496,26.49));
#7428=CARTESIAN_POINT('',(-3.22928823987655,4.25828428176342,26.5));
#7429=CARTESIAN_POINT('',(-3.22928823987655,4.25828428176342,26.49));
#7430=CARTESIAN_POINT('Origin',(-3.1933697903654,3.95073295176496,26.5));
#7431=CARTESIAN_POINT('Origin',(-3.22198594561036,3.97450350921121,26.49));
#7432=CARTESIAN_POINT('',(-3.04379473309168,4.19548482550968,26.49));
#7433=CARTESIAN_POINT('Origin',(-3.22198594561036,3.97450350921121,26.49));
#7434=CARTESIAN_POINT('',(-3.04379473309168,4.19548482550968,26.5));
#7435=CARTESIAN_POINT('',(-3.04379473309168,4.19548482550968,26.49));
#7436=CARTESIAN_POINT('Origin',(-3.22198594561036,3.97450350921121,26.5));
#7437=CARTESIAN_POINT('Ctrl Pts',(-2.99454260220912,4.13388035475011,26.49));
#7438=CARTESIAN_POINT('Ctrl Pts',(-2.99454260220912,4.13388035475011,26.5));
#7439=CARTESIAN_POINT('Ctrl Pts',(-3.00900933730597,4.1571950608331,26.49));
#7440=CARTESIAN_POINT('Ctrl Pts',(-3.00900933730597,4.1571950608331,26.5));
#7441=CARTESIAN_POINT('Ctrl Pts',(-3.01469014091006,4.16471002280649,26.49));
#7442=CARTESIAN_POINT('Ctrl Pts',(-3.01469014091006,4.16471002280649,26.5));
#7443=CARTESIAN_POINT('Ctrl Pts',(-3.04379473309151,4.1954848255095,26.49));
#7444=CARTESIAN_POINT('Ctrl Pts',(-3.04379473309151,4.1954848255095,26.5));
#7445=CARTESIAN_POINT('',(-2.99454260220912,4.13388035475011,26.49));
#7446=CARTESIAN_POINT('Ctrl Pts',(-2.99454260220912,4.13388035475011,26.49));
#7447=CARTESIAN_POINT('Ctrl Pts',(-3.00900933730597,4.1571950608331,26.49));
#7448=CARTESIAN_POINT('Ctrl Pts',(-3.01469014091006,4.16471002280649,26.49));
#7449=CARTESIAN_POINT('Ctrl Pts',(-3.04379473309151,4.1954848255095,26.49));
#7450=CARTESIAN_POINT('',(-2.99454260220912,4.13388035475011,26.5));
#7451=CARTESIAN_POINT('',(-2.99454260220912,4.13388035475011,26.49));
#7452=CARTESIAN_POINT('Ctrl Pts',(-2.99454260220912,4.13388035475011,26.5));
#7453=CARTESIAN_POINT('Ctrl Pts',(-3.00900933730597,4.1571950608331,26.5));
#7454=CARTESIAN_POINT('Ctrl Pts',(-3.01469014091006,4.16471002280649,26.5));
#7455=CARTESIAN_POINT('Ctrl Pts',(-3.04379473309151,4.1954848255095,26.5));
#7456=CARTESIAN_POINT('Ctrl Pts',(-2.96615770688441,4.17350245176549,26.49));
#7457=CARTESIAN_POINT('Ctrl Pts',(-2.96615770688441,4.17350245176549,26.5));
#7458=CARTESIAN_POINT('Ctrl Pts',(-2.97192164769557,4.1669137066483,26.49));
#7459=CARTESIAN_POINT('Ctrl Pts',(-2.97192164769557,4.1669137066483,26.5));
#7460=CARTESIAN_POINT('Ctrl Pts',(-2.9756605183163,4.16430969892736,26.49));
#7461=CARTESIAN_POINT('Ctrl Pts',(-2.9756605183163,4.16430969892736,26.5));
#7462=CARTESIAN_POINT('Ctrl Pts',(-2.99454260220912,4.13388035475011,26.49));
#7463=CARTESIAN_POINT('Ctrl Pts',(-2.99454260220912,4.13388035475011,26.5));
#7464=CARTESIAN_POINT('',(-2.96615770688441,4.17350245176549,26.49));
#7465=CARTESIAN_POINT('Ctrl Pts',(-2.96615770688441,4.17350245176549,26.49));
#7466=CARTESIAN_POINT('Ctrl Pts',(-2.97192164769557,4.1669137066483,26.49));
#7467=CARTESIAN_POINT('Ctrl Pts',(-2.9756605183163,4.16430969892736,26.49));
#7468=CARTESIAN_POINT('Ctrl Pts',(-2.99454260220912,4.13388035475011,26.49));
#7469=CARTESIAN_POINT('',(-2.96615770688441,4.17350245176549,26.5));
#7470=CARTESIAN_POINT('',(-2.96615770688441,4.17350245176549,26.49));
#7471=CARTESIAN_POINT('Ctrl Pts',(-2.96615770688441,4.17350245176549,26.5));
#7472=CARTESIAN_POINT('Ctrl Pts',(-2.97192164769557,4.1669137066483,26.5));
#7473=CARTESIAN_POINT('Ctrl Pts',(-2.9756605183163,4.16430969892736,26.5));
#7474=CARTESIAN_POINT('Ctrl Pts',(-2.99454260220912,4.13388035475011,26.5));
#7475=CARTESIAN_POINT('Ctrl Pts',(-2.8426288599064,4.24826158461589,26.49));
#7476=CARTESIAN_POINT('Ctrl Pts',(-2.91581249549399,4.22803709341601,26.49));
#7477=CARTESIAN_POINT('Ctrl Pts',(-2.96615770688441,4.17350245176549,26.49));
#7478=CARTESIAN_POINT('Ctrl Pts',(-2.8426288599064,4.24826158461589,26.5));
#7479=CARTESIAN_POINT('Ctrl Pts',(-2.91581249549399,4.22803709341601,26.5));
#7480=CARTESIAN_POINT('Ctrl Pts',(-2.96615770688441,4.17350245176549,26.5));
#7481=CARTESIAN_POINT('',(-2.8426288599064,4.24826158461589,26.49));
#7482=CARTESIAN_POINT('Origin',(-2.71131594801583,3.92082205747298,26.49));
#7483=CARTESIAN_POINT('',(-2.8426288599064,4.24826158461589,26.5));
#7484=CARTESIAN_POINT('',(-2.8426288599064,4.24826158461589,26.49));
#7485=CARTESIAN_POINT('Origin',(-2.71131594801583,3.92082205747298,26.5));
#7486=CARTESIAN_POINT('Ctrl Pts',(-2.51668053975489,4.10475664793248,26.49));
#7487=CARTESIAN_POINT('Ctrl Pts',(-2.6109614050957,4.30740616498478,26.49));
#7488=CARTESIAN_POINT('Ctrl Pts',(-2.8426288599064,4.24826158461589,26.49));
#7489=CARTESIAN_POINT('Ctrl Pts',(-2.51668053975489,4.10475664793248,26.5));
#7490=CARTESIAN_POINT('Ctrl Pts',(-2.6109614050957,4.30740616498478,26.5));
#7491=CARTESIAN_POINT('Ctrl Pts',(-2.8426288599064,4.24826158461589,26.5));
#7492=CARTESIAN_POINT('',(-2.51668053975489,4.10475664793248,26.49));
#7493=CARTESIAN_POINT('Origin',(-2.80540458486462,3.93688909382284,26.49));
#7494=CARTESIAN_POINT('',(-2.51668053975489,4.10475664793248,26.5));
#7495=CARTESIAN_POINT('',(-2.51668053975489,4.10475664793248,26.49));
#7496=CARTESIAN_POINT('Origin',(-2.80540458486462,3.93688909382284,26.5));
#7497=CARTESIAN_POINT('Ctrl Pts',(-2.51668053975489,4.10475664793248,26.49));
#7498=CARTESIAN_POINT('Ctrl Pts',(-2.51668053975489,4.10475664793248,26.5));
#7499=CARTESIAN_POINT('Ctrl Pts',(-2.51685131421473,4.1050085705399,26.49));
#7500=CARTESIAN_POINT('Ctrl Pts',(-2.51685131421473,4.1050085705399,26.5));
#7501=CARTESIAN_POINT('Ctrl Pts',(-2.51675684323695,4.10491409956212,26.49));
#7502=CARTESIAN_POINT('Ctrl Pts',(-2.51675684323695,4.10491409956212,26.5));
#7503=CARTESIAN_POINT('Ctrl Pts',(-2.51668053975489,4.10475664793248,26.49));
#7504=CARTESIAN_POINT('Ctrl Pts',(-2.51668053975489,4.10475664793248,26.5));
#7505=CARTESIAN_POINT('Ctrl Pts',(-2.51668053975489,4.10475664793248,26.49));
#7506=CARTESIAN_POINT('Ctrl Pts',(-2.51685131421473,4.1050085705399,26.49));
#7507=CARTESIAN_POINT('Ctrl Pts',(-2.51675684323695,4.10491409956212,26.49));
#7508=CARTESIAN_POINT('Ctrl Pts',(-2.51668053975489,4.10475664793248,26.49));
#7509=CARTESIAN_POINT('',(-2.51668053975489,4.10475664793248,26.49));
#7510=CARTESIAN_POINT('Ctrl Pts',(-2.51668053975489,4.10475664793248,26.5));
#7511=CARTESIAN_POINT('Ctrl Pts',(-2.51685131421473,4.1050085705399,26.5));
#7512=CARTESIAN_POINT('Ctrl Pts',(-2.51675684323695,4.10491409956212,26.5));
#7513=CARTESIAN_POINT('Ctrl Pts',(-2.51668053975489,4.10475664793248,26.5));
#7514=CARTESIAN_POINT('Origin',(-2.76620633846712,3.98722560576356,26.49));
#7515=CARTESIAN_POINT('',(-2.50109282842067,4.0633274906754,26.49));
#7516=CARTESIAN_POINT('Origin',(-2.76620633846712,3.98722560576356,26.49));
#7517=CARTESIAN_POINT('',(-2.50109282842067,4.0633274906754,26.5));
#7518=CARTESIAN_POINT('',(-2.50109282842067,4.0633274906754,26.49));
#7519=CARTESIAN_POINT('Origin',(-2.76620633846712,3.98722560576356,26.5));
#7520=CARTESIAN_POINT('Origin',(-2.62218039861109,4.0633274906754,26.49));
#7521=CARTESIAN_POINT('',(-2.62218039861109,4.0633274906754,26.49));
#7522=CARTESIAN_POINT('',(-2.62218039861109,4.0633274906754,26.49));
#7523=CARTESIAN_POINT('',(-2.62218039861109,4.0633274906754,26.5));
#7524=CARTESIAN_POINT('',(-2.62218039861109,4.0633274906754,26.49));
#7525=CARTESIAN_POINT('',(-2.62218039861109,4.0633274906754,26.5));
#7526=CARTESIAN_POINT('Ctrl Pts',(-2.74595965305516,4.1548250587675,26.49));
#7527=CARTESIAN_POINT('Ctrl Pts',(-2.74595965305516,4.1548250587675,26.5));
#7528=CARTESIAN_POINT('Ctrl Pts',(-2.69019000246712,4.14803642445704,26.49));
#7529=CARTESIAN_POINT('Ctrl Pts',(-2.69019000246712,4.14803642445704,26.5));
#7530=CARTESIAN_POINT('Ctrl Pts',(-2.64579437925607,4.11163799997781,26.49));
#7531=CARTESIAN_POINT('Ctrl Pts',(-2.64579437925607,4.11163799997781,26.5));
#7532=CARTESIAN_POINT('Ctrl Pts',(-2.62218039861109,4.0633274906754,26.49));
#7533=CARTESIAN_POINT('Ctrl Pts',(-2.62218039861109,4.0633274906754,26.5));
#7534=CARTESIAN_POINT('',(-2.74595965305516,4.1548250587675,26.49));
#7535=CARTESIAN_POINT('Ctrl Pts',(-2.74595965305516,4.1548250587675,26.49));
#7536=CARTESIAN_POINT('Ctrl Pts',(-2.69019000246712,4.14803642445704,26.49));
#7537=CARTESIAN_POINT('Ctrl Pts',(-2.64579437925607,4.11163799997781,26.49));
#7538=CARTESIAN_POINT('Ctrl Pts',(-2.62218039861109,4.0633274906754,26.49));
#7539=CARTESIAN_POINT('',(-2.74595965305516,4.1548250587675,26.5));
#7540=CARTESIAN_POINT('',(-2.74595965305516,4.1548250587675,26.49));
#7541=CARTESIAN_POINT('Ctrl Pts',(-2.74595965305516,4.1548250587675,26.5));
#7542=CARTESIAN_POINT('Ctrl Pts',(-2.69019000246712,4.14803642445704,26.5));
#7543=CARTESIAN_POINT('Ctrl Pts',(-2.64579437925607,4.11163799997781,26.5));
#7544=CARTESIAN_POINT('Ctrl Pts',(-2.62218039861109,4.0633274906754,26.5));
#7545=CARTESIAN_POINT('Ctrl Pts',(-2.74595965305516,4.1548250587675,26.49));
#7546=CARTESIAN_POINT('Ctrl Pts',(-2.79580639471697,4.16025501542107,26.49));
#7547=CARTESIAN_POINT('Ctrl Pts',(-2.83834574094203,4.13609436689611,26.49));
#7548=CARTESIAN_POINT('Ctrl Pts',(-2.74595965305516,4.1548250587675,26.5));
#7549=CARTESIAN_POINT('Ctrl Pts',(-2.79580639471697,4.16025501542107,26.5));
#7550=CARTESIAN_POINT('Ctrl Pts',(-2.83834574094203,4.13609436689611,26.5));
#7551=CARTESIAN_POINT('Origin',(-2.73147273924296,3.8997419755423,26.49));
#7552=CARTESIAN_POINT('Origin',(-2.73147273924296,3.8997419755423,26.5));
#7553=CARTESIAN_POINT('Origin',(-2.99999709000972,3.9834656017899,26.5));
#7554=CARTESIAN_POINT('Origin',(-2.99999709000972,3.9834656017899,26.49));
#7555=CARTESIAN_POINT('Origin',(-34.9022552098557,6.,23.1396354144918));
#7556=CARTESIAN_POINT('',(-34.9022552098557,5.6,23.1396354144918));
#7557=CARTESIAN_POINT('',(-34.9022552098557,5.6,4.36036458550818));
#7558=CARTESIAN_POINT('',(-34.9022552098557,5.6,18.4448177072459));
#7559=CARTESIAN_POINT('',(-34.9022552098557,-3.,4.36036458550818));
#7560=CARTESIAN_POINT('',(-34.9022552098557,6.,4.36036458550818));
#7561=CARTESIAN_POINT('',(-34.9022552098557,-3.,23.1396354144918));
#7562=CARTESIAN_POINT('',(-34.9022552098557,-3.,23.1396354144918));
#7563=CARTESIAN_POINT('',(-34.9022552098557,6.,23.1396354144918));
#7564=CARTESIAN_POINT('Origin',(-18.881309897682,5.6,13.75));
#7565=CARTESIAN_POINT('',(-7.86036458550818,5.6,4.36036458550818));
#7566=CARTESIAN_POINT('',(-24.3917825537688,5.6,4.36036458550818));
#7567=CARTESIAN_POINT('',(-7.86036458550818,5.6,23.1396354144918));
#7568=CARTESIAN_POINT('',(-29.9022552098557,5.6,23.1396354144918));
#7569=CARTESIAN_POINT('',(-7.86036458550818,5.6,9.05518229275409));
#7570=CARTESIAN_POINT('Origin',(-29.9022552098557,6.,4.36036458550818));
#7571=CARTESIAN_POINT('',(-7.86036458550818,-3.,4.36036458550818));
#7572=CARTESIAN_POINT('',(-7.86036458550818,6.,4.36036458550818));
#7573=CARTESIAN_POINT('',(-29.9022552098557,-3.,4.36036458550818));
#7574=CARTESIAN_POINT('Origin',(-7.86036458550818,6.,23.1396354144918));
#7575=CARTESIAN_POINT('',(-7.86036458550818,-3.,23.1396354144918));
#7576=CARTESIAN_POINT('',(-7.86036458550818,-3.,23.1396354144918));
#7577=CARTESIAN_POINT('',(-7.86036458550818,6.,23.1396354144918));
#7578=CARTESIAN_POINT('Origin',(-7.86036458550818,6.,4.36036458550818));
#7579=CARTESIAN_POINT('',(-7.86036458550818,-3.,4.36036458550818));
#7580=CARTESIAN_POINT('Origin',(-18.881309897682,-3.,13.75));
#7581=CARTESIAN_POINT('',(0.,0.,0.));
#7582=UNCERTAINTY_MEASURE_WITH_UNIT(LENGTH_MEASURE(0.01),#7588,
'DISTANCE_ACCURACY_VALUE',
'Maximum model space distance between geometric entities at asserted c
onnectivities');
#7583=UNCERTAINTY_MEASURE_WITH_UNIT(LENGTH_MEASURE(0.01),#7588,
'DISTANCE_ACCURACY_VALUE',
'Maximum model space distance between geometric entities at asserted c
onnectivities');
#7584=UNCERTAINTY_MEASURE_WITH_UNIT(LENGTH_MEASURE(0.01),#7588,
'DISTANCE_ACCURACY_VALUE',
'Maximum model space distance between geometric entities at asserted c
onnectivities');
#7585=(
GEOMETRIC_REPRESENTATION_CONTEXT(3)
GLOBAL_UNCERTAINTY_ASSIGNED_CONTEXT((#7582))
GLOBAL_UNIT_ASSIGNED_CONTEXT((#7588,#7590,#7591))
REPRESENTATION_CONTEXT('','3D')
);
#7586=(
GEOMETRIC_REPRESENTATION_CONTEXT(3)
GLOBAL_UNCERTAINTY_ASSIGNED_CONTEXT((#7583))
GLOBAL_UNIT_ASSIGNED_CONTEXT((#7588,#7590,#7591))
REPRESENTATION_CONTEXT('','3D')
);
#7587=(
GEOMETRIC_REPRESENTATION_CONTEXT(3)
GLOBAL_UNCERTAINTY_ASSIGNED_CONTEXT((#7584))
GLOBAL_UNIT_ASSIGNED_CONTEXT((#7588,#7590,#7591))
REPRESENTATION_CONTEXT('','3D')
);
#7588=(
LENGTH_UNIT()
NAMED_UNIT(*)
SI_UNIT(.MILLI.,.METRE.)
);
#7589=(
LENGTH_UNIT()
NAMED_UNIT(*)
SI_UNIT($,.METRE.)
);
#7590=(
NAMED_UNIT(*)
PLANE_ANGLE_UNIT()
SI_UNIT($,.RADIAN.)
);
#7591=(
NAMED_UNIT(*)
SI_UNIT($,.STERADIAN.)
SOLID_ANGLE_UNIT()
);
#7592=SHAPE_DEFINITION_REPRESENTATION(#7594,#7597);
#7593=SHAPE_DEFINITION_REPRESENTATION(#7595,#7598);
#7594=PRODUCT_DEFINITION_SHAPE('',$,#7600);
#7595=PRODUCT_DEFINITION_SHAPE('',$,#7601);
#7596=PRODUCT_DEFINITION_SHAPE($,$,#14);
#7597=SHAPE_REPRESENTATION('',(#3670,#3895),#7585);
#7598=SHAPE_REPRESENTATION('',(#3671),#7586);
#7599=PRODUCT_DEFINITION_CONTEXT('part definition',#7607,'design');
#7600=PRODUCT_DEFINITION('\X\D3\X\D2\X\C7\X\B0\X\B6\X\E8\X\C2\X\D6\X\B9
\X\CC\X\B6\X\A8\X\BC\X\FE','frontidler right opt v4',#7602,#7599);
#7601=PRODUCT_DEFINITION('frontidler','frontidler',#7603,#7599);
#7602=PRODUCT_DEFINITION_FORMATION('',$,#7609);
#7603=PRODUCT_DEFINITION_FORMATION('',$,#7610);
#7604=PRODUCT_RELATED_PRODUCT_CATEGORY('frontidler right opt v4',
'frontidler right opt v4',(#7609));
#7605=PRODUCT_RELATED_PRODUCT_CATEGORY('frontidler','frontidler',(#7610));
#7606=APPLICATION_PROTOCOL_DEFINITION('international standard',
'automotive_design',2009,#7607);
#7607=APPLICATION_CONTEXT(
'Core Data for Automotive Mechanical Design Process');
#7608=PRODUCT_CONTEXT('part definition',#7607,'mechanical');
#7609=PRODUCT('\X\D3\X\D2\X\C7\X\B0\X\B6\X\E8\X\C2\X\D6\X\B9\X\CC\X\B6
\X\A8\X\BC\X\FE','frontidler right opt v4','STEP AP214',(#7608));
#7610=PRODUCT('frontidler','frontidler',$,(#7608));
#7611=PRESENTATION_STYLE_ASSIGNMENT((#7619));
#7612=PRESENTATION_STYLE_ASSIGNMENT((#7620));
#7613=PRESENTATION_STYLE_ASSIGNMENT((#7621));
#7614=PRESENTATION_STYLE_ASSIGNMENT((#7622));
#7615=PRESENTATION_STYLE_ASSIGNMENT((#7623));
#7616=PRESENTATION_STYLE_ASSIGNMENT((#7624));
#7617=PRESENTATION_STYLE_ASSIGNMENT((#7625));
#7618=PRESENTATION_STYLE_ASSIGNMENT((#7626));
#7619=SURFACE_STYLE_USAGE(.BOTH.,#7627);
#7620=SURFACE_STYLE_USAGE(.BOTH.,#7628);
#7621=SURFACE_STYLE_USAGE(.BOTH.,#7629);
#7622=SURFACE_STYLE_USAGE(.BOTH.,#7630);
#7623=SURFACE_STYLE_USAGE(.BOTH.,#7631);
#7624=SURFACE_STYLE_USAGE(.BOTH.,#7632);
#7625=SURFACE_STYLE_USAGE(.BOTH.,#7633);
#7626=SURFACE_STYLE_USAGE(.BOTH.,#7634);
#7627=SURFACE_SIDE_STYLE('',(#7635));
#7628=SURFACE_SIDE_STYLE('',(#7636));
#7629=SURFACE_SIDE_STYLE('',(#7637));
#7630=SURFACE_SIDE_STYLE('',(#7638));
#7631=SURFACE_SIDE_STYLE('',(#7639));
#7632=SURFACE_SIDE_STYLE('',(#7640));
#7633=SURFACE_SIDE_STYLE('',(#7641));
#7634=SURFACE_SIDE_STYLE('',(#7642));
#7635=SURFACE_STYLE_FILL_AREA(#7643);
#7636=SURFACE_STYLE_FILL_AREA(#7644);
#7637=SURFACE_STYLE_FILL_AREA(#7645);
#7638=SURFACE_STYLE_FILL_AREA(#7646);
#7639=SURFACE_STYLE_FILL_AREA(#7647);
#7640=SURFACE_STYLE_FILL_AREA(#7648);
#7641=SURFACE_STYLE_FILL_AREA(#7649);
#7642=SURFACE_STYLE_FILL_AREA(#7650);
#7643=FILL_AREA_STYLE('Steel - Cast',(#7651));
#7644=FILL_AREA_STYLE('Brass - Matte',(#7652));
#7645=FILL_AREA_STYLE('Generic',(#7653));
#7646=FILL_AREA_STYLE('Plastic - Matte (Green)',(#7654));
#7647=FILL_AREA_STYLE('Stainless Steel - Polished',(#7655));
#7648=FILL_AREA_STYLE('Aluminum - Polished',(#7656));
#7649=FILL_AREA_STYLE('Black',(#7657));
#7650=FILL_AREA_STYLE(
'PA 12 - Nylon - PA 603-CF (with EOS P 3D Printers)',(#7658));
#7651=FILL_AREA_STYLE_COLOUR('Steel - Cast',#7659);
#7652=FILL_AREA_STYLE_COLOUR('Brass - Matte',#7660);
#7653=FILL_AREA_STYLE_COLOUR('Generic',#7661);
#7654=FILL_AREA_STYLE_COLOUR('Plastic - Matte (Green)',#7662);
#7655=FILL_AREA_STYLE_COLOUR('Stainless Steel - Polished',#7663);
#7656=FILL_AREA_STYLE_COLOUR('Aluminum - Polished',#7664);
#7657=FILL_AREA_STYLE_COLOUR('Black',#7665);
#7658=FILL_AREA_STYLE_COLOUR(
'PA 12 - Nylon - PA 603-CF (with EOS P 3D Printers)',#7666);
#7659=COLOUR_RGB('Steel - Cast',0.627450980392157,0.627450980392157,0.627450980392157);
#7660=COLOUR_RGB('Brass - Matte',0.952941176470588,0.796078431372549,0.486274509803922);
#7661=COLOUR_RGB('Generic',0.247058823529412,0.247058823529412,0.247058823529412);
#7662=COLOUR_RGB('Plastic - Matte (Green)',0.266666666666667,0.588235294117647,
0.282352941176471);
#7663=COLOUR_RGB('Stainless Steel - Polished',0.796078431372549,0.796078431372549,
0.796078431372549);
#7664=COLOUR_RGB('Aluminum - Polished',0.96078431372549,0.96078431372549,
0.964705882352941);
#7665=COLOUR_RGB('Black',0.450980392156863,0.450980392156863,0.450980392156863);
#7666=COLOUR_RGB('PA 12 - Nylon - PA 603-CF (with EOS P 3D Printers)',0.247058823529412,
0.247058823529412,0.247058823529412);
ENDSEC;
END-ISO-10303-21;
