ISO-10303-21;
HEADER;
/* Generated by software containing ST-Developer
 * from STEP Tools, Inc. (www.steptools.com) 
 */

FILE_DESCRIPTION(
/* description */ ('STEP AP214'),
/* implementation_level */ '2;1');

FILE_NAME(
/* name */ 'extruder front opt.step',
/* time_stamp */ '2026-02-19T19:09:32-05:00',
/* author */ (''),
/* organization */ (''),
/* preprocessor_version */ 'ST-DEVELOPER v20.1',
/* originating_system */ 'Autodesk Translation Framework v14.21.0.0',
/* authorisation */ '');

FILE_SCHEMA (('AUTOMOTIVE_DESIGN { 1 0 10303 214 3 1 1 }'));
ENDSEC;

DATA;
#10=MECHANICAL_DESIGN_GEOMETRIC_PRESENTATION_REPRESENTATION('',(#13,#14),
#11111);
#11=SHAPE_REPRESENTATION_RELATIONSHIP('SRR','None',#11118,#12);
#12=ADVANCED_BREP_SHAPE_REPRESENTATION('',(#15,#16),#11110);
#13=STYLED_ITEM('',(#11129),#15);
#14=STYLED_ITEM('',(#11130),#16);
#15=MANIFOLD_SOLID_BREP('Body2',#4955);
#16=MANIFOLD_SOLID_BREP('Body3',#4956);
#17=(
BOUNDED_SURFACE()
B_SPLINE_SURFACE(3,2,((#8697,#8698,#8699),(#8700,#8701,#8702),(#8703,#8704,
#8705),(#8706,#8707,#8708)),.UNSPECIFIED.,.F.,.F.,.F.)
B_SPLINE_SURFACE_WITH_KNOTS((4,4),(3,3),(-8.88178419700125E-16,0.305401885186101),
(0.,1.),.UNSPECIFIED.)
GEOMETRIC_REPRESENTATION_ITEM()
RATIONAL_B_SPLINE_SURFACE(((1.,0.712263859422825,1.),(1.,0.712263988540056,
1.),(1.,0.712183508604084,1.),(1.,0.712026045990997,1.)))
REPRESENTATION_ITEM('')
SURFACE()
);
#18=(
BOUNDED_SURFACE()
B_SPLINE_SURFACE(3,2,((#8717,#8718,#8719),(#8720,#8721,#8722),(#8723,#8724,
#8725),(#8726,#8727,#8728)),.UNSPECIFIED.,.F.,.F.,.F.)
B_SPLINE_SURFACE_WITH_KNOTS((4,4),(3,3),(5.97778342199348,6.28318530717959),
(0.,1.),.UNSPECIFIED.)
GEOMETRIC_REPRESENTATION_ITEM()
RATIONAL_B_SPLINE_SURFACE(((1.,0.712026045990997,1.),(1.,0.712183508604083,
1.),(1.,0.712263988540054,1.),(1.,0.712263859422825,1.)))
REPRESENTATION_ITEM('')
SURFACE()
);
#19=(
BOUNDED_SURFACE()
B_SPLINE_SURFACE(3,2,((#8740,#8741,#8742),(#8743,#8744,#8745),(#8746,#8747,
#8748),(#8749,#8750,#8751)),.UNSPECIFIED.,.F.,.F.,.F.)
B_SPLINE_SURFACE_WITH_KNOTS((4,4),(3,3),(5.73989385433503E-16,0.479914802179608),
(0.,1.),.UNSPECIFIED.)
GEOMETRIC_REPRESENTATION_ITEM()
RATIONAL_B_SPLINE_SURFACE(((1.,0.712650087454824,1.),(1.,0.71265092128451,
1.),(1.,0.712435056680167,1.),(1.,0.712026045990997,1.)))
REPRESENTATION_ITEM('')
SURFACE()
);
#20=(
BOUNDED_SURFACE()
B_SPLINE_SURFACE(3,2,((#8757,#8758,#8759),(#8760,#8761,#8762),(#8763,#8764,
#8765),(#8766,#8767,#8768)),.UNSPECIFIED.,.F.,.F.,.F.)
B_SPLINE_SURFACE_WITH_KNOTS((4,4),(3,3),(5.80327050499997,6.28318530717959),
(0.,1.),.UNSPECIFIED.)
GEOMETRIC_REPRESENTATION_ITEM()
RATIONAL_B_SPLINE_SURFACE(((1.,0.712026045991008,1.),(1.,0.712435056680159,
1.),(1.,0.712650921284506,1.),(1.,0.712650087454828,1.)))
REPRESENTATION_ITEM('')
SURFACE()
);
#21=(
BOUNDED_SURFACE()
B_SPLINE_SURFACE(3,2,((#8780,#8781,#8782),(#8783,#8784,#8785),(#8786,#8787,
#8788),(#8789,#8790,#8791)),.UNSPECIFIED.,.F.,.F.,.F.)
B_SPLINE_SURFACE_WITH_KNOTS((4,4),(3,3),(-1.77635683940025E-15,0.305401885186108),
(0.,1.),.UNSPECIFIED.)
GEOMETRIC_REPRESENTATION_ITEM()
RATIONAL_B_SPLINE_SURFACE(((1.,0.712263859422833,1.),(1.,0.712263988540048,
1.),(1.,0.71218350860409,1.),(1.,0.712026045990997,1.)))
REPRESENTATION_ITEM('')
SURFACE()
);
#22=(
BOUNDED_SURFACE()
B_SPLINE_SURFACE(3,2,((#8797,#8798,#8799),(#8800,#8801,#8802),(#8803,#8804,
#8805),(#8806,#8807,#8808)),.UNSPECIFIED.,.F.,.F.,.F.)
B_SPLINE_SURFACE_WITH_KNOTS((4,4),(3,3),(5.97778342199348,6.28318530717958),
(0.,1.),.UNSPECIFIED.)
GEOMETRIC_REPRESENTATION_ITEM()
RATIONAL_B_SPLINE_SURFACE(((1.,0.712026045990997,1.),(1.,0.712183508604079,
1.),(1.,0.712263988540052,1.),(1.,0.712263859422833,1.)))
REPRESENTATION_ITEM('')
SURFACE()
);
#23=(
BOUNDED_SURFACE()
B_SPLINE_SURFACE(3,2,((#8820,#8821,#8822),(#8823,#8824,#8825),(#8826,#8827,
#8828),(#8829,#8830,#8831),(#8832,#8833,#8834),(#8835,#8836,#8837)),
 .UNSPECIFIED.,.F.,.F.,.F.)
B_SPLINE_SURFACE_WITH_KNOTS((4,2,4),(3,3),(2.74893394743081,3.14159265358979,
3.53425135974877),(0.,1.),.UNSPECIFIED.)
GEOMETRIC_REPRESENTATION_ITEM()
RATIONAL_B_SPLINE_SURFACE(((1.,0.712026045990997,1.),(1.,0.712292421064708,
1.),(1.,0.712429751754628,1.),(1.,0.712429751755023,1.),(1.,0.712292421064408,
1.),(1.,0.712026045990997,1.)))
REPRESENTATION_ITEM('')
SURFACE()
);
#24=(
BOUNDED_SURFACE()
B_SPLINE_SURFACE(3,2,((#8891,#8892,#8893),(#8894,#8895,#8896),(#8897,#8898,
#8899),(#8900,#8901,#8902),(#8903,#8904,#8905),(#8906,#8907,#8908)),
 .UNSPECIFIED.,.F.,.F.,.F.)
B_SPLINE_SURFACE_WITH_KNOTS((4,2,4),(3,3),(2.74893394743081,3.14159265358979,
3.53425135974877),(0.,1.),.UNSPECIFIED.)
GEOMETRIC_REPRESENTATION_ITEM()
RATIONAL_B_SPLINE_SURFACE(((1.,0.712026045990997,1.),(1.,0.712292421064553,
1.),(1.,0.712429751754825,1.),(1.,0.712429751754825,1.),(1.,0.712292421064557,
1.),(1.,0.712026045990997,1.)))
REPRESENTATION_ITEM('')
SURFACE()
);
#25=(
BOUNDED_SURFACE()
B_SPLINE_SURFACE(3,2,((#8961,#8962,#8963),(#8964,#8965,#8966),(#8967,#8968,
#8969),(#8970,#8971,#8972),(#8973,#8974,#8975),(#8976,#8977,#8978),(#8979,
#8980,#8981),(#8982,#8983,#8984),(#8985,#8986,#8987),(#8988,#8989,#8990)),
 .UNSPECIFIED.,.F.,.F.,.F.)
B_SPLINE_SURFACE_WITH_KNOTS((4,2,2,2,4),(3,3),(2.35629196143288,2.74894230751134,
3.14159265358979,3.53424299966825,3.92689334574671),(0.,1.),
 .UNSPECIFIED.)
GEOMETRIC_REPRESENTATION_ITEM()
RATIONAL_B_SPLINE_SURFACE(((1.,0.712026045990997,1.),(1.,0.712668249852818,
1.),(1.,0.713180383653605,1.),(1.,0.713873265013013,1.),(1.,0.714053072417765,
1.),(1.,0.714053072417716,1.),(1.,0.713873265013013,1.),(1.,0.713180383653606,
1.),(1.,0.712668249852818,1.),(1.,0.712026045990997,1.)))
REPRESENTATION_ITEM('')
SURFACE()
);
#26=(
BOUNDED_SURFACE()
B_SPLINE_SURFACE(3,2,((#9083,#9084,#9085),(#9086,#9087,#9088),(#9089,#9090,
#9091),(#9092,#9093,#9094),(#9095,#9096,#9097),(#9098,#9099,#9100)),
 .UNSPECIFIED.,.F.,.F.,.F.)
B_SPLINE_SURFACE_WITH_KNOTS((4,2,4),(3,3),(0.,0.39265034607846,0.78530069215692),
(0.,1.),.UNSPECIFIED.)
GEOMETRIC_REPRESENTATION_ITEM()
RATIONAL_B_SPLINE_SURFACE(((1.,0.714053072417741,1.),(1.,0.714053889008495,
1.),(1.,0.713873265012988,1.),(1.,0.71318038365363,1.),(1.,0.712668249852799,
1.),(1.,0.712026045990997,1.)))
REPRESENTATION_ITEM('')
SURFACE()
);
#27=(
BOUNDED_SURFACE()
B_SPLINE_SURFACE(3,2,((#9136,#9137,#9138),(#9139,#9140,#9141),(#9142,#9143,
#9144),(#9145,#9146,#9147),(#9148,#9149,#9150),(#9151,#9152,#9153)),
 .UNSPECIFIED.,.F.,.F.,.F.)
B_SPLINE_SURFACE_WITH_KNOTS((4,2,4),(3,3),(5.49788461502267,5.89053496110113,
6.28318530717959),(0.,1.),.UNSPECIFIED.)
GEOMETRIC_REPRESENTATION_ITEM()
RATIONAL_B_SPLINE_SURFACE(((1.,0.712026045990997,1.),(1.,0.712668249852827,
1.),(1.,0.713180383653593,1.),(1.,0.713873265013025,1.),(1.,0.714053889008467,
1.),(1.,0.714053072417741,1.)))
REPRESENTATION_ITEM('')
SURFACE()
);
#28=(
BOUNDED_SURFACE()
B_SPLINE_SURFACE(3,2,((#9195,#9196,#9197),(#9198,#9199,#9200),(#9201,#9202,
#9203),(#9204,#9205,#9206),(#9207,#9208,#9209),(#9210,#9211,#9212)),
 .UNSPECIFIED.,.F.,.F.,.F.)
B_SPLINE_SURFACE_WITH_KNOTS((4,2,4),(3,3),(4.46436188670502E-16,0.392650346078459,
0.785300692156917),(0.,1.),.UNSPECIFIED.)
GEOMETRIC_REPRESENTATION_ITEM()
RATIONAL_B_SPLINE_SURFACE(((1.,0.714053072417741,1.),(1.,0.714053889008476,
1.),(1.,0.713873265013013,1.),(1.,0.713180383653606,1.),(1.,0.712668249852818,
1.),(1.,0.712026045990997,1.)))
REPRESENTATION_ITEM('')
SURFACE()
);
#29=(
BOUNDED_SURFACE()
B_SPLINE_SURFACE(3,2,((#9248,#9249,#9250),(#9251,#9252,#9253),(#9254,#9255,
#9256),(#9257,#9258,#9259),(#9260,#9261,#9262),(#9263,#9264,#9265)),
 .UNSPECIFIED.,.F.,.F.,.F.)
B_SPLINE_SURFACE_WITH_KNOTS((4,2,4),(3,3),(5.49788461502267,5.89053496110113,
6.28318530717959),(0.,1.),.UNSPECIFIED.)
GEOMETRIC_REPRESENTATION_ITEM()
RATIONAL_B_SPLINE_SURFACE(((1.,0.712026045990997,1.),(1.,0.712668249852827,
1.),(1.,0.713180383653593,1.),(1.,0.713873265013025,1.),(1.,0.714053889008467,
1.),(1.,0.714053072417741,1.)))
REPRESENTATION_ITEM('')
SURFACE()
);
#30=(
BOUNDED_SURFACE()
B_SPLINE_SURFACE(3,2,((#9307,#9308,#9309),(#9310,#9311,#9312),(#9313,#9314,
#9315),(#9316,#9317,#9318)),.UNSPECIFIED.,.F.,.F.,.F.)
B_SPLINE_SURFACE_WITH_KNOTS((4,4),(3,3),(5.97778342199348,6.28318530717959),
(0.,1.),.UNSPECIFIED.)
GEOMETRIC_REPRESENTATION_ITEM()
RATIONAL_B_SPLINE_SURFACE(((1.,0.712026045990997,1.),(1.,0.712183508604082,
1.),(1.,0.712263988540057,1.),(1.,0.712263859422825,1.)))
REPRESENTATION_ITEM('')
SURFACE()
);
#31=(
BOUNDED_SURFACE()
B_SPLINE_SURFACE(3,2,((#9324,#9325,#9326),(#9327,#9328,#9329),(#9330,#9331,
#9332),(#9333,#9334,#9335)),.UNSPECIFIED.,.F.,.F.,.F.)
B_SPLINE_SURFACE_WITH_KNOTS((4,4),(3,3),(-8.88178419700125E-16,0.305401885186104),
(0.,1.),.UNSPECIFIED.)
GEOMETRIC_REPRESENTATION_ITEM()
RATIONAL_B_SPLINE_SURFACE(((1.,0.712263859422825,1.),(1.,0.712263988540057,
1.),(1.,0.712183508604083,1.),(1.,0.712026045990997,1.)))
REPRESENTATION_ITEM('')
SURFACE()
);
#32=(
BOUNDED_SURFACE()
B_SPLINE_SURFACE(3,2,((#9872,#9873,#9874),(#9875,#9876,#9877),(#9878,#9879,
#9880),(#9881,#9882,#9883),(#9884,#9885,#9886),(#9887,#9888,#9889),(#9890,
#9891,#9892),(#9893,#9894,#9895),(#9896,#9897,#9898),(#9899,#9900,#9901),
(#9902,#9903,#9904),(#9905,#9906,#9907),(#9908,#9909,#9910),(#9911,#9912,
#9913),(#9914,#9915,#9916),(#9917,#9918,#9919),(#9920,#9921,#9922),(#9923,
#9924,#9925),(#9926,#9927,#9928),(#9929,#9930,#9931)),.UNSPECIFIED.,.F.,
 .F.,.F.)
B_SPLINE_SURFACE_WITH_KNOTS((4,2,2,2,2,2,2,2,2,4),(3,3),(0.00303478982669732,
0.00430396233521008,0.00493854858946646,0.00557313484372284,0.00589042797085103,
0.00620772109797922,0.00652501422510741,0.0068423073522356,0.00747689360649198,
0.00811147986074836),(0.,1.),.UNSPECIFIED.)
GEOMETRIC_REPRESENTATION_ITEM()
RATIONAL_B_SPLINE_SURFACE(((1.,0.664029434247125,1.),(1.,0.690339265956518,
1.),(1.,0.720274162618325,1.),(1.,0.761716509508666,1.),(1.,0.775011962234506,
1.),(1.,0.799737927592425,1.),(1.,0.810837885291703,1.),(1.,0.825152048434992,
1.),(1.,0.82954592786933,1.),(1.,0.83756222101083,1.),(1.,0.841199095680448,
1.),(1.,0.84751852119636,1.),(1.,0.850231845008483,1.),(1.,0.854888989820495,
1.),(1.,0.856845767113494,1.),(1.,0.861648709735405,1.),(1.,0.863463779739689,
1.),(1.,0.865693095705891,1.),(1.,0.866048109472878,1.),(1.,0.86602127621792,
1.)))
REPRESENTATION_ITEM('')
SURFACE()
);
#33=(
BOUNDED_SURFACE()
B_SPLINE_SURFACE(3,2,((#10039,#10040,#10041),(#10042,#10043,#10044),(#10045,
#10046,#10047),(#10048,#10049,#10050)),.UNSPECIFIED.,.F.,.F.,.F.)
B_SPLINE_SURFACE_WITH_KNOTS((4,4),(3,3),(0.363154422259205,0.364642305622075),
(0.,1.),.UNSPECIFIED.)
GEOMETRIC_REPRESENTATION_ITEM()
RATIONAL_B_SPLINE_SURFACE(((1.,0.866019509324731,1.),(1.,0.865566503385012,
1.),(1.,0.865112100996812,1.),(1.,0.864656301845854,1.)))
REPRESENTATION_ITEM('')
SURFACE()
);
#34=(
BOUNDED_SURFACE()
B_SPLINE_SURFACE(3,2,((#10051,#10052,#10053,#10054,#10055,#10056,#10057),
(#10058,#10059,#10060,#10061,#10062,#10063,#10064),(#10065,#10066,#10067,
#10068,#10069,#10070,#10071),(#10072,#10073,#10074,#10075,#10076,#10077,
#10078)),.UNSPECIFIED.,.F.,.F.,.F.)
B_SPLINE_SURFACE_WITH_KNOTS((4,4),(3,2,2,3),(0.632899513518434,0.636860238859242),
(-0.01,0.,1.,1.01),.UNSPECIFIED.)
GEOMETRIC_REPRESENTATION_ITEM()
RATIONAL_B_SPLINE_SURFACE(((1.,1.,1.,0.862385741186691,1.,1.,1.),(1.,1.,
1.,0.863611359716437,1.,1.,1.),(1.,1.,1.,0.864827077904402,1.,1.,1.),(1.,
1.,1.,0.86603290023734,1.,1.,1.)))
REPRESENTATION_ITEM('')
SURFACE()
);
#35=(
BOUNDED_SURFACE()
B_SPLINE_SURFACE(3,2,((#10110,#10111,#10112),(#10113,#10114,#10115),(#10116,
#10117,#10118),(#10119,#10120,#10121),(#10122,#10123,#10124),(#10125,#10126,
#10127),(#10128,#10129,#10130),(#10131,#10132,#10133),(#10134,#10135,#10136),
(#10137,#10138,#10139),(#10140,#10141,#10142),(#10143,#10144,#10145),(#10146,
#10147,#10148),(#10149,#10150,#10151),(#10152,#10153,#10154),(#10155,#10156,
#10157),(#10158,#10159,#10160),(#10161,#10162,#10163),(#10164,#10165,#10166),
(#10167,#10168,#10169)),.UNSPECIFIED.,.F.,.F.,.F.)
B_SPLINE_SURFACE_WITH_KNOTS((4,2,2,2,2,2,2,2,2,4),(3,3),(0.00176199311095032,
0.00303104945770524,0.0036655776310827,0.00430010580446016,0.00493463397783763,
0.00525189806452636,0.00556916215121509,0.00588642623790382,0.00620369032459255,
0.00685331753926616),(0.,1.00004820547074),.UNSPECIFIED.)
GEOMETRIC_REPRESENTATION_ITEM()
RATIONAL_B_SPLINE_SURFACE(((1.,0.66399943063582,1.00003239413123),(1.,0.690846798613885,
1.00002980575121),(1.,0.720225167783033,1.00002697335498),(1.,0.761632448341576,
1.00002298124008),(1.,0.775136834706596,1.00002167926947),(1.,0.799600327880659,
1.00001932072106),(1.,0.810624504332729,1.00001825786983),(1.,0.829800743853802,
1.00001640907053),(1.,0.837986485491563,1.00001561987547),(1.,0.847448667084685,
1.00001470761763),(1.,0.850175012191761,1.00001444476813),(1.,0.854872090353792,
1.00001399191841),(1.,0.8568266131107,1.00001380348103),(1.,0.860011296149538,
1.00001349644274),(1.,0.86126300367424,1.00001337576443),(1.,0.863263564135103,
1.00001318288852),(1.,0.864016168546776,1.00001311032922),(1.,0.865701568661504,
1.00001294783821),(1.,0.866061092924122,1.00001291317613),(1.,0.866012070816908,
1.0000129179024)))
REPRESENTATION_ITEM('')
SURFACE()
);
#36=(
BOUNDED_SURFACE()
B_SPLINE_SURFACE(3,2,((#10244,#10245,#10246),(#10247,#10248,#10249),(#10250,
#10251,#10252),(#10253,#10254,#10255),(#10256,#10257,#10258),(#10259,#10260,
#10261),(#10262,#10263,#10264),(#10265,#10266,#10267),(#10268,#10269,#10270),
(#10271,#10272,#10273),(#10274,#10275,#10276),(#10277,#10278,#10279),(#10280,
#10281,#10282),(#10283,#10284,#10285),(#10286,#10287,#10288),(#10289,#10290,
#10291)),.UNSPECIFIED.,.F.,.F.,.F.)
B_SPLINE_SURFACE_WITH_KNOTS((4,2,2,2,2,2,2,4),(3,3),(-8.0997398281908E-5,
5.06237041135232E-5,0.000101247408227123,0.000151871112340723,0.000202494816454323,
0.000303742224681524,0.000404989632908724,0.000809979265817524),(-0.00389220703718651,
1.00208408618952),.UNSPECIFIED.)
GEOMETRIC_REPRESENTATION_ITEM()
RATIONAL_B_SPLINE_SURFACE(((1.00396493221086,0.489591962736573,1.00211920315096),
(1.00499790195241,0.356617165111356,1.00267131163977),(1.00488604832767,
0.371016147496951,1.00261152737578),(1.00433455142236,0.442010665947102,
1.00231675966795),(1.00414682956987,0.466176209563476,1.00221642485259),
(1.00376014368581,0.515954509071265,1.00200974642775),(1.00356478551983,
0.541103079780296,1.00190533010513),(1.00318977908417,0.589377877080973,
1.00170489418899),(1.00300882136226,0.612672670221434,1.00160817471081),
(1.00249045157451,0.679402715495195,1.00133111300354),(1.00218472550411,
0.718759010947106,1.00116770651453),(1.00164399900762,0.788367048383651,
1.00087869544594),(1.00140767001905,0.818789816993335,1.0007523807675),
(1.00037001482831,0.952367775227644,1.00019776796887),(1.00001030160799,
0.998673867991407,1.00000550607147),(1.,1.,1.)))
REPRESENTATION_ITEM('')
SURFACE()
);
#37=(
BOUNDED_SURFACE()
B_SPLINE_SURFACE(3,2,((#10304,#10305,#10306,#10307,#10308,#10309,#10310),
(#10311,#10312,#10313,#10314,#10315,#10316,#10317),(#10318,#10319,#10320,
#10321,#10322,#10323,#10324),(#10325,#10326,#10327,#10328,#10329,#10330,
#10331)),.UNSPECIFIED.,.F.,.F.,.F.)
B_SPLINE_SURFACE_WITH_KNOTS((4,4),(3,2,2,3),(0.363139761140762,0.367100486481566),
(-0.01,0.,1.,1.01),.UNSPECIFIED.)
GEOMETRIC_REPRESENTATION_ITEM()
RATIONAL_B_SPLINE_SURFACE(((1.,1.,1.,0.866032900237333,1.,1.,1.),(1.,1.,
1.,0.864827077904402,1.,1.,1.),(1.,1.,1.,0.863611359716434,1.,1.,1.),(1.,
1.,1.,0.862385741186688,1.,1.,1.)))
REPRESENTATION_ITEM('')
SURFACE()
);
#38=(
BOUNDED_SURFACE()
B_SPLINE_SURFACE(3,2,((#10603,#10604,#10605),(#10606,#10607,#10608),(#10609,
#10610,#10611),(#10612,#10613,#10614),(#10615,#10616,#10617),(#10618,#10619,
#10620),(#10621,#10622,#10623),(#10624,#10625,#10626),(#10627,#10628,#10629),
(#10630,#10631,#10632),(#10633,#10634,#10635),(#10636,#10637,#10638),(#10639,
#10640,#10641),(#10642,#10643,#10644),(#10645,#10646,#10647),(#10648,#10649,
#10650),(#10651,#10652,#10653),(#10654,#10655,#10656),(#10657,#10658,#10659),
(#10660,#10661,#10662)),.UNSPECIFIED.,.F.,.F.,.F.)
B_SPLINE_SURFACE_WITH_KNOTS((4,2,2,2,2,2,2,2,2,4),(3,3),(0.00176199311095021,
0.00303104945770923,0.00366557763108874,0.00430010580446825,0.00493463397784776,
0.00525189806453751,0.00556916215122727,0.00588642623791702,0.00620369032460678,
0.00685331746855501),(0.,1.00004820546064),.UNSPECIFIED.)
GEOMETRIC_REPRESENTATION_ITEM()
RATIONAL_B_SPLINE_SURFACE(((1.,0.66399943063921,1.00003239412444),(1.,0.690846798617236,
1.00002980574496),(1.,0.720225167785844,1.00002697334932),(1.,0.761632448344385,
1.00002298123526),(1.,0.775136834709,1.00002167926493),(1.,0.79960032788325,
1.00001932071701),(1.,0.810624504335064,1.000018257866),(1.,0.829800743855833,
1.00001640906709),(1.,0.837986485493861,1.00001561987219),(1.,0.847448667086349,
1.00001470761455),(1.,0.850175012193453,1.0000144447651),(1.,0.854872090355576,
1.00001399191547),(1.,0.856826613112383,1.00001380347813),(1.,0.860011296151081,
1.00001349643991),(1.,0.861263003675787,1.00001337576163),(1.,0.86326356413659,
1.00001318288575),(1.,0.864016168548259,1.00001311032647),(1.,0.86570156853958,
1.0000129478355),(1.,0.866061092847242,1.00001291317343),(1.,0.866012070834265,
1.00001291789969)))
REPRESENTATION_ITEM('')
SURFACE()
);
#39=(
BOUNDED_SURFACE()
B_SPLINE_SURFACE(3,2,((#10767,#10768,#10769),(#10770,#10771,#10772),(#10773,
#10774,#10775),(#10776,#10777,#10778),(#10779,#10780,#10781),(#10782,#10783,
#10784),(#10785,#10786,#10787),(#10788,#10789,#10790),(#10791,#10792,#10793),
(#10794,#10795,#10796),(#10797,#10798,#10799),(#10800,#10801,#10802),(#10803,
#10804,#10805),(#10806,#10807,#10808),(#10809,#10810,#10811),(#10812,#10813,
#10814),(#10815,#10816,#10817),(#10818,#10819,#10820),(#10821,#10822,#10823),
(#10824,#10825,#10826)),.UNSPECIFIED.,.F.,.F.,.F.)
B_SPLINE_SURFACE_WITH_KNOTS((4,2,2,2,2,2,2,2,2,4),(3,3),(0.00303478982669722,
0.00430396233521337,0.00493854858947144,0.00557313484372952,0.00589042797085856,
0.0062077210979876,0.00652501422511663,0.00684230735224567,0.00747689360650375,
0.00811147986076182),(0.,1.),.UNSPECIFIED.)
GEOMETRIC_REPRESENTATION_ITEM()
RATIONAL_B_SPLINE_SURFACE(((1.,0.664029434247124,1.),(1.,0.690339265956592,
1.),(1.,0.720274162618468,1.),(1.,0.76171650950892,1.),(1.,0.775011962234635,
1.),(1.,0.799737927592882,1.),(1.,0.810837885292191,1.),(1.,0.825152048435201,
1.),(1.,0.829545927869724,1.),(1.,0.837562221011008,1.),(1.,0.841199095680709,
1.),(1.,0.847518521196603,1.),(1.,0.850231845008597,1.),(1.,0.854888989820788,
1.),(1.,0.856845767113681,1.),(1.,0.861648709735493,1.),(1.,0.863463779739774,
1.),(1.,0.865693095705931,1.),(1.,0.866048109472893,1.),(1.,0.866021276217916,
1.)))
REPRESENTATION_ITEM('')
SURFACE()
);
#40=(
BOUNDED_SURFACE()
B_SPLINE_SURFACE(3,2,((#10906,#10907,#10908),(#10909,#10910,#10911),(#10912,
#10913,#10914),(#10915,#10916,#10917)),.UNSPECIFIED.,.F.,.F.,.F.)
B_SPLINE_SURFACE_WITH_KNOTS((4,4),(3,3),(0.635357694377925,0.636845577740793),
(0.,1.),.UNSPECIFIED.)
GEOMETRIC_REPRESENTATION_ITEM()
RATIONAL_B_SPLINE_SURFACE(((1.,0.864656301845854,1.),(1.,0.865112100996811,
1.),(1.,0.865566503385013,1.),(1.,0.866019509324733,1.)))
REPRESENTATION_ITEM('')
SURFACE()
);
#41=(
BOUNDED_SURFACE()
B_SPLINE_SURFACE(3,2,((#10919,#10920,#10921),(#10922,#10923,#10924),(#10925,
#10926,#10927),(#10928,#10929,#10930),(#10931,#10932,#10933),(#10934,#10935,
#10936),(#10937,#10938,#10939),(#10940,#10941,#10942),(#10943,#10944,#10945),
(#10946,#10947,#10948),(#10949,#10950,#10951),(#10952,#10953,#10954),(#10955,
#10956,#10957),(#10958,#10959,#10960),(#10961,#10962,#10963),(#10964,#10965,
#10966)),.UNSPECIFIED.,.F.,.F.,.F.)
B_SPLINE_SURFACE_WITH_KNOTS((4,2,2,2,2,2,2,4),(3,3),(-8.09973982819214E-5,
5.0623704113526E-5,0.000101247408227129,0.000151871112340732,0.000202494816454335,
0.000303742224681541,0.000404989632908747,0.000809979265817571),(-0.00382641018891156,
1.00208580410785),.UNSPECIFIED.)
GEOMETRIC_REPRESENTATION_ITEM()
RATIONAL_B_SPLINE_SURFACE(((1.00389765048499,0.489624606788969,1.00212095365235),
(1.00491309155688,0.356658313801407,1.00267351819308),(1.00480313599862,
0.371056375274864,1.00261368454617),(1.00426099755434,0.442046353144572,
1.00231867335471),(1.00407646119143,0.466210351210698,1.00221825566092),
(1.0036963370573,0.515985467059239,1.00201140651584),(1.00350429396302,
0.541132429346875,1.00190690394338),(1.00313565108639,0.589404139146993,
1.00170630246344),(1.00295776407217,0.612697442427871,1.00160950309316),
(1.00244819060479,0.679423219863005,1.00133221252775),(1.00214765246108,
0.718776998213323,1.00116867106192),(1.00161610166041,0.788380583744527,
1.00087942126479),(1.00138378298561,0.818801406611842,1.00075300224807),
(1.00036373597285,0.952370821631697,1.0001979313289),(1.00001012679796,
0.998673952806079,1.00000551061959),(1.,1.,1.)))
REPRESENTATION_ITEM('')
SURFACE()
);
#42=(
BOUNDED_SURFACE()
B_SPLINE_SURFACE(1,2,((#11018,#11019,#11020),(#11021,#11022,#11023)),
 .UNSPECIFIED.,.F.,.F.,.F.)
B_SPLINE_SURFACE_WITH_KNOTS((2,2),(3,3),(0.999847709406386,13.7479060043378),
(-0.643414358106802,0.927235759749269),.UNSPECIFIED.)
GEOMETRIC_REPRESENTATION_ITEM()
RATIONAL_B_SPLINE_SURFACE(((1.,0.707158471963076,1.),(1.,0.707158471963076,
1.)))
REPRESENTATION_ITEM('')
SURFACE()
);
#43=TOROIDAL_SURFACE('',#5135,1.75,0.199999999999998);
#44=TOROIDAL_SURFACE('',#5141,1.98950022485718,0.5);
#45=TOROIDAL_SURFACE('',#5145,1.98950022485716,0.50000000000001);
#46=TOROIDAL_SURFACE('',#5149,1.98950022485717,0.500000000000003);
#47=ELLIPSE('',#5054,6.35085270611053,5.5);
#48=ELLIPSE('',#5055,0.230940098404018,0.199999999999999);
#49=ELLIPSE('',#5057,0.230940098404018,0.199999999999999);
#50=ELLIPSE('',#5058,6.35085270611053,5.5);
#51=ELLIPSE('',#5062,0.230940116947682,0.199999999999999);
#52=ELLIPSE('',#5063,6.35085321606129,5.5);
#53=ELLIPSE('',#5065,6.35085321606129,5.5);
#54=ELLIPSE('',#5066,0.230940116947682,0.199999999999999);
#55=ELLIPSE('',#5068,0.230940116947682,0.199999999999999);
#56=ELLIPSE('',#5069,6.35085321606129,5.5);
#57=ELLIPSE('',#5072,6.35085270611053,5.5);
#58=ELLIPSE('',#5073,0.230940098404018,0.199999999999999);
#59=ELLIPSE('',#5075,6.35085321606129,5.5);
#60=ELLIPSE('',#5076,0.230940116947682,0.199999999999999);
#61=ELLIPSE('',#5078,0.230940098404018,0.199999999999999);
#62=ELLIPSE('',#5079,6.35085270611053,5.5);
#63=ELLIPSE('',#5084,345.421930448145,4.42177128644683);
#64=ELLIPSE('',#5099,2.30022421663434,2.3);
#65=ELLIPSE('',#5112,5.75056054158585,5.74999999999999);
#66=ELLIPSE('',#5116,0.200091428312017,0.2);
#67=ELLIPSE('',#5124,0.200091428312021,0.200000000000003);
#68=ELLIPSE('',#5128,2.00038992296963,2.);
#69=ELLIPSE('',#5130,0.400060925515829,0.4);
#70=ELLIPSE('',#5164,6.50321168049043,6.50194380468516);
#71=ELLIPSE('',#5176,3.25031682785324,3.25000000000033);
#72=ELLIPSE('',#5177,3.25031682785335,3.25000000000047);
#73=ELLIPSE('',#5179,0.200091428312021,0.200000000000003);
#74=ELLIPSE('',#5181,0.200091428312017,0.2);
#75=ELLIPSE('',#5207,1.52662012747405,1.36126172576134);
#76=ELLIPSE('',#5209,1.79523862260527,1.59985172346717);
#77=ELLIPSE('',#5210,1.52662012729916,1.36126172545495);
#78=ELLIPSE('',#5212,1.7952386226745,1.59985172359334);
#79=ELLIPSE('',#5245,2.02653276150844,1.77967454833507);
#80=ELLIPSE('',#5249,2.02653276111815,1.77967454767185);
#81=ELLIPSE('',#5256,1.30012673114116,1.30000000000001);
#82=ELLIPSE('',#5265,1.50008225046158,1.50000000000001);
#83=ELLIPSE('',#5269,2.00038992296963,2.);
#84=ELLIPSE('',#5274,1.30012673114118,1.30000000000002);
#85=ELLIPSE('',#5288,2.00038992296963,2.);
#86=ELLIPSE('',#5289,0.400060925515829,0.4);
#87=ELLIPSE('',#5293,71.6360150914682,2.);
#88=ELLIPSE('',#5305,1.5001462282398,1.50000000000001);
#89=ELLIPSE('',#5316,2.75026808510628,2.75);
#90=ELLIPSE('',#5330,329.972772032913,3.99492904689609);
#91=ELLIPSE('',#5351,1.00009748549319,1.);
#92=ELLIPSE('',#5354,1.00009748549319,1.);
#93=ELLIPSE('',#5362,5.03525374555819,5.03427206501597);
#94=ELLIPSE('',#5375,3.33475645647883,3.33410630737639);
#95=ELLIPSE('',#5387,0.400060925515829,0.4);
#96=ELLIPSE('',#5393,0.400060925515829,0.4);
#97=B_SPLINE_SURFACE_WITH_KNOTS('',3,3,((#7011,#7012,#7013,#7014),(#7015,
#7016,#7017,#7018),(#7019,#7020,#7021,#7022),(#7023,#7024,#7025,#7026),
(#7027,#7028,#7029,#7030),(#7031,#7032,#7033,#7034),(#7035,#7036,#7037,
#7038)),.UNSPECIFIED.,.F.,.F.,.F.,(4,1,1,1,4),(4,4),(0.,0.285714285714286,
0.5,0.785714285714286,1.),(0.747434764983058,0.982483174620762),
 .UNSPECIFIED.);
#98=B_SPLINE_SURFACE_WITH_KNOTS('',3,3,((#7374,#7375,#7376,#7377,#7378,
#7379,#7380,#7381,#7382,#7383),(#7384,#7385,#7386,#7387,#7388,#7389,#7390,
#7391,#7392,#7393),(#7394,#7395,#7396,#7397,#7398,#7399,#7400,#7401,#7402,
#7403),(#7404,#7405,#7406,#7407,#7408,#7409,#7410,#7411,#7412,#7413)),
 .UNSPECIFIED.,.F.,.T.,.F.,(4,4),(4,1,1,1,1,1,1,4),(0.,1.),(-3.14159265358979,
-2.24399475256414,-1.34639685153848,-0.448798950512828,0.448798950512828,
1.34639685153848,2.24399475256414,3.14159265358979),.UNSPECIFIED.);
#99=B_SPLINE_SURFACE_WITH_KNOTS('',3,1,((#11035,#11036),(#11037,#11038),
(#11039,#11040),(#11041,#11042)),.UNSPECIFIED.,.F.,.F.,.F.,(4,4),(2,2),
(-0.153870840296017,0.682018746057175),(0.,0.55),.UNSPECIFIED.);
#100=(
BOUNDED_CURVE()
B_SPLINE_CURVE(2,(#7008,#7009,#7010),.UNSPECIFIED.,.F.,.F.)
B_SPLINE_CURVE_WITH_KNOTS((3,3),(10443.4122580671,10446.1841230673),
 .UNSPECIFIED.)
CURVE()
GEOMETRIC_REPRESENTATION_ITEM()
RATIONAL_B_SPLINE_CURVE((0.999999999699888,0.999999999699891,0.999999999699895))
REPRESENTATION_ITEM('')
);
#101=(
BOUNDED_CURVE()
B_SPLINE_CURVE(2,(#7140,#7141,#7142),.UNSPECIFIED.,.F.,.F.)
B_SPLINE_CURVE_WITH_KNOTS((3,3),(0.0788894666550111,0.245147568238973),
 .UNSPECIFIED.)
CURVE()
GEOMETRIC_REPRESENTATION_ITEM()
RATIONAL_B_SPLINE_CURVE((1.27627944158556,1.47372055832401,1.27627944157997))
REPRESENTATION_ITEM('')
);
#102=(
BOUNDED_CURVE()
B_SPLINE_CURVE(2,(#7164,#7165,#7166),.UNSPECIFIED.,.F.,.F.)
B_SPLINE_CURVE_WITH_KNOTS((3,3),(0.0788894666550105,0.162018506661151),
 .UNSPECIFIED.)
CURVE()
GEOMETRIC_REPRESENTATION_ITEM()
RATIONAL_B_SPLINE_CURVE((1.27627944158556,1.37499998714598,1.37499999995339))
REPRESENTATION_ITEM('')
);
#103=(
BOUNDED_CURVE()
B_SPLINE_CURVE(2,(#7170,#7171,#7172),.UNSPECIFIED.,.F.,.F.)
B_SPLINE_CURVE_WITH_KNOTS((3,3),(0.162018506661151,0.245147568238973),
 .UNSPECIFIED.)
CURVE()
GEOMETRIC_REPRESENTATION_ITEM()
RATIONAL_B_SPLINE_CURVE((1.37499999995339,1.3750000127608,1.27627944157997))
REPRESENTATION_ITEM('')
);
#104=(
BOUNDED_CURVE()
B_SPLINE_CURVE(2,(#7181,#7182,#7183),.UNSPECIFIED.,.F.,.F.)
B_SPLINE_CURVE_WITH_KNOTS((3,3),(0.0788894666550092,0.245147568238971),
 .UNSPECIFIED.)
CURVE()
GEOMETRIC_REPRESENTATION_ITEM()
RATIONAL_B_SPLINE_CURVE((1.27627944158556,1.47372055832402,1.27627944157996))
REPRESENTATION_ITEM('')
);
#105=(
BOUNDED_CURVE()
B_SPLINE_CURVE(2,(#7199,#7200,#7201),.UNSPECIFIED.,.F.,.F.)
B_SPLINE_CURVE_WITH_KNOTS((3,3),(0.0788894666550105,0.245147568238975),
 .UNSPECIFIED.)
CURVE()
GEOMETRIC_REPRESENTATION_ITEM()
RATIONAL_B_SPLINE_CURVE((1.27627944158556,1.47372055832402,1.27627944157996))
REPRESENTATION_ITEM('')
);
#106=(
BOUNDED_CURVE()
B_SPLINE_CURVE(2,(#7209,#7210,#7211),.UNSPECIFIED.,.F.,.F.)
B_SPLINE_CURVE_WITH_KNOTS((3,3),(0.0788894666550097,0.245147568238974),
 .UNSPECIFIED.)
CURVE()
GEOMETRIC_REPRESENTATION_ITEM()
RATIONAL_B_SPLINE_CURVE((1.27627944158556,1.47372055832402,1.27627944157996))
REPRESENTATION_ITEM('')
);
#107=(
BOUNDED_CURVE()
B_SPLINE_CURVE(2,(#7216,#7217,#7218),.UNSPECIFIED.,.F.,.F.)
B_SPLINE_CURVE_WITH_KNOTS((3,3),(0.0788894666550096,0.245147568238973),
 .UNSPECIFIED.)
CURVE()
GEOMETRIC_REPRESENTATION_ITEM()
RATIONAL_B_SPLINE_CURVE((1.27627944158556,1.47372055832402,1.27627944157996))
REPRESENTATION_ITEM('')
);
#108=B_SPLINE_CURVE_WITH_KNOTS('',3,(#7002,#7003,#7004,#7005),
 .UNSPECIFIED.,.F.,.F.,(4,4),(-0.982483150775053,-0.74743647369723),
 .UNSPECIFIED.);
#109=B_SPLINE_CURVE_WITH_KNOTS('',3,(#7040,#7041,#7042,#7043,#7044,#7045,
#7046,#7047,#7048,#7049,#7050,#7051,#7052,#7053,#7054,#7055,#7056,#7057,
#7058,#7059,#7060,#7061,#7062,#7063,#7064,#7065,#7066,#7067,#7068,#7069,
#7070,#7071,#7072,#7073,#7074,#7075,#7076,#7077,#7078,#7079),
 .UNSPECIFIED.,.F.,.F.,(4,3,3,3,3,3,3,3,3,3,3,3,3,4),(-0.0303009033764431,
-0.027507152596981,-0.0244841236250358,-0.0239501302908811,-0.0218745111765277,
-0.0187220892932802,-0.0171951013693838,-0.0151618461587159,-0.0118751885636316,
-0.00858853096854728,-0.00625608220212868,-0.00312804110106434,-0.000270835016172232,
0.),.UNSPECIFIED.);
#110=B_SPLINE_CURVE_WITH_KNOTS('',3,(#7081,#7082,#7083,#7084),
 .UNSPECIFIED.,.F.,.F.,(4,4),(0.747436473697231,0.982483150775053),
 .UNSPECIFIED.);
#111=B_SPLINE_CURVE_WITH_KNOTS('',3,(#7085,#7086,#7087,#7088,#7089,#7090,
#7091,#7092,#7093,#7094,#7095,#7096,#7097,#7098,#7099,#7100,#7101,#7102,
#7103,#7104,#7105,#7106,#7107,#7108,#7109,#7110,#7111,#7112,#7113,#7114,
#7115,#7116,#7117,#7118,#7119,#7120,#7121,#7122,#7123,#7124,#7125,#7126,
#7127,#7128,#7129,#7130),.UNSPECIFIED.,.F.,.F.,(4,3,3,3,3,3,3,3,3,3,3,3,
3,3,3,4),(0.,0.00316224787690211,0.0066027241200307,0.00974074859874814,
0.00991300025664465,0.013381921470611,0.0169667732136515,0.0174986031793905,
0.0198467603727227,0.0234093211003951,0.0267960065428849,0.0276420406915875,
0.0277630134063597,0.0313669554259212,0.0345478237390622,0.0349708974454827),
 .UNSPECIFIED.);
#112=B_SPLINE_CURVE_WITH_KNOTS('',3,(#7248,#7249,#7250,#7251,#7252,#7253,
#7254,#7255,#7256,#7257,#7258,#7259,#7260,#7261,#7262,#7263,#7264,#7265,
#7266,#7267),.UNSPECIFIED.,.F.,.F.,(4,2,2,2,2,2,2,2,2,4),(0.,0.12050268748373,
0.247006696440113,0.310258700918305,0.373510705396496,0.436762709874688,
0.500014714352879,0.626518723309263,0.753022732265646,1.),.UNSPECIFIED.);
#113=B_SPLINE_CURVE_WITH_KNOTS('',3,(#7268,#7269,#7270,#7271),
 .UNSPECIFIED.,.F.,.F.,(4,4),(0.,0.999999986570332),.UNSPECIFIED.);
#114=B_SPLINE_CURVE_WITH_KNOTS('',3,(#7276,#7277,#7278,#7279,#7280,#7281,
#7282,#7283,#7284,#7285,#7286,#7287,#7288,#7289,#7290,#7291,#7292,#7293,
#7294,#7295),.UNSPECIFIED.,.F.,.F.,(4,2,2,2,2,2,2,2,2,4),(0.,0.120502687481125,
0.247006696437883,0.310258700916261,0.37351070539464,0.436762709873019,
0.500014714351397,0.626518723308155,0.753022732264912,1.),.UNSPECIFIED.);
#115=B_SPLINE_CURVE_WITH_KNOTS('',3,(#7417,#7418,#7419,#7420,#7421,#7422,
#7423,#7424,#7425,#7426),.UNSPECIFIED.,.T.,.F.,(4,1,1,1,1,1,1,4),(-3.14159265358979,
-2.24399475256414,-1.34639685153848,-0.448798950512828,0.448798950512828,
1.34639685153848,2.24399475256414,3.14159265358979),.UNSPECIFIED.);
#116=B_SPLINE_CURVE_WITH_KNOTS('',3,(#7427,#7428,#7429,#7430,#7431,#7432,
#7433,#7434,#7435,#7436),.UNSPECIFIED.,.T.,.F.,(4,1,1,1,1,1,1,4),(-3.14159265358979,
-2.24399475256414,-1.34639685153848,-0.448798950512828,0.448798950512828,
1.34639685153848,2.24399475256414,3.14159265358979),.UNSPECIFIED.);
#117=B_SPLINE_CURVE_WITH_KNOTS('',3,(#7474,#7475,#7476,#7477),
 .UNSPECIFIED.,.F.,.F.,(4,4),(0.210048988787902,1.),.UNSPECIFIED.);
#118=B_SPLINE_CURVE_WITH_KNOTS('',3,(#7480,#7481,#7482,#7483),
 .UNSPECIFIED.,.F.,.F.,(4,4),(0.210163737197143,1.),.UNSPECIFIED.);
#119=B_SPLINE_CURVE_WITH_KNOTS('',3,(#7533,#7534,#7535,#7536,#7537,#7538,
#7539,#7540),.UNSPECIFIED.,.F.,.F.,(4,2,2,4),(-0.0189869098980446,-0.0127626573556691,
-0.00805885468764792,-0.000466363477016299),.UNSPECIFIED.);
#120=B_SPLINE_CURVE_WITH_KNOTS('',3,(#7545,#7546,#7547,#7548,#7549,#7550,
#7551,#7552),.UNSPECIFIED.,.F.,.F.,(4,2,2,4),(-0.0189789140025213,-0.0127635260276822,
-0.00806007506957186,-0.000457303687629639),.UNSPECIFIED.);
#121=B_SPLINE_CURVE_WITH_KNOTS('',3,(#7695,#7696,#7697,#7698,#7699,#7700,
#7701,#7702,#7703,#7704,#7705,#7706,#7707,#7708,#7709,#7710,#7711,#7712,
#7713,#7714,#7715,#7716,#7717,#7718,#7719,#7720,#7721,#7722,#7723,#7724,
#7725,#7726,#7727,#7728,#7729,#7730,#7731,#7732,#7733,#7734,#7735,#7736,
#7737,#7738,#7739,#7740,#7741,#7742,#7743,#7744,#7745,#7746,#7747,#7748,
#7749,#7750,#7751,#7752,#7753,#7754,#7755,#7756,#7757,#7758,#7759,#7760,
#7761,#7762,#7763,#7764,#7765,#7766,#7767,#7768,#7769,#7770,#7771,#7772,
#7773,#7774,#7775,#7776,#7777,#7778,#7779,#7780,#7781,#7782,#7783,#7784,
#7785,#7786,#7787,#7788,#7789,#7790,#7791,#7792,#7793,#7794,#7795,#7796,
#7797,#7798,#7799,#7800,#7801,#7802,#7803,#7804,#7805,#7806,#7807,#7808,
#7809,#7810,#7811,#7812,#7813,#7814,#7815,#7816,#7817,#7818,#7819,#7820,
#7821,#7822,#7823,#7824,#7825,#7826,#7827,#7828,#7829,#7830,#7831,#7832,
#7833,#7834,#7835,#7836,#7837,#7838,#7839),.UNSPECIFIED.,.F.,.F.,(4,3,3,
3,3,3,3,3,3,3,3,3,3,3,3,3,3,3,3,3,3,3,3,3,3,3,3,3,3,3,3,3,3,3,3,3,3,3,3,
3,3,3,3,3,3,3,3,3,4),(0.,0.0277162077673154,0.055801059396108,0.0838790098680953,
0.111681006921065,0.117187500000054,0.121920702786595,0.125000000000056,
0.151298436484086,0.178028798024532,0.20476922915564,0.231207443577335,
0.25000000000005,0.275496705991972,0.301376016737827,0.327263855208578,
0.352886912154237,0.367187500000047,0.371809015988367,0.375000000000047,
0.403852357761531,0.433122463525932,0.462379439655319,0.491308002191606,
0.500000000000052,0.527714461551743,0.555786793691511,0.583845228262028,
0.611618752925568,0.617187500000055,0.621930370578474,0.625000000000054,
0.651298436475377,0.678028798007037,0.704769229129496,0.731207443542938,
0.750000000000042,0.775496705992308,0.801376016738553,0.827263855209752,
0.852886912155873,0.867187500000028,0.871818332847388,0.875000000000025,
0.902686107685167,0.930749223638872,0.958800369282889,0.986542585401205,
1.),.UNSPECIFIED.);
#122=B_SPLINE_CURVE_WITH_KNOTS('',3,(#7845,#7846,#7847,#7848,#7849,#7850,
#7851,#7852,#7853,#7854,#7855,#7856,#7857,#7858,#7859,#7860,#7861,#7862,
#7863,#7864,#7865,#7866,#7867,#7868,#7869,#7870,#7871,#7872,#7873,#7874,
#7875,#7876,#7877,#7878,#7879,#7880,#7881,#7882,#7883,#7884,#7885,#7886,
#7887,#7888,#7889,#7890,#7891,#7892,#7893,#7894,#7895,#7896,#7897,#7898,
#7899,#7900,#7901,#7902,#7903,#7904,#7905,#7906,#7907,#7908,#7909,#7910,
#7911,#7912,#7913,#7914,#7915,#7916,#7917,#7918,#7919,#7920,#7921,#7922,
#7923,#7924,#7925,#7926,#7927,#7928,#7929,#7930,#7931,#7932,#7933,#7934,
#7935,#7936,#7937,#7938,#7939,#7940,#7941,#7942,#7943,#7944,#7945,#7946,
#7947,#7948,#7949,#7950,#7951,#7952,#7953,#7954,#7955,#7956,#7957,#7958,
#7959,#7960,#7961,#7962,#7963,#7964,#7965,#7966,#7967,#7968,#7969,#7970,
#7971,#7972,#7973,#7974,#7975,#7976,#7977,#7978,#7979,#7980,#7981,#7982,
#7983,#7984,#7985,#7986,#7987,#7988,#7989),.UNSPECIFIED.,.F.,.F.,(4,3,3,
3,3,3,3,3,3,3,3,3,3,3,3,3,3,3,3,3,3,3,3,3,3,3,3,3,3,3,3,3,3,3,3,3,3,3,3,
3,3,3,3,3,3,3,3,3,4),(0.,0.0277162077676982,0.0558010593967156,0.0838790098688306,
0.111681006921853,0.117187499999982,0.121920702786758,0.12499999999998,
0.151298436494893,0.178028798046767,0.204769229189381,0.231207443622458,
0.249999999999969,0.275496705992587,0.301376016738846,0.327263855209822,
0.352886912155437,0.367187499999961,0.371809015987627,0.374999999999961,
0.403852357784461,0.433122463572782,0.462379439726073,0.491308002285685,
0.499999999999954,0.527714461552449,0.555786793692614,0.583845228263322,
0.611618752926779,0.617187499999951,0.62193037057916,0.624999999999952,
0.651298436491739,0.678028798040363,0.704769229179701,0.731207443609458,
0.749999999999972,0.775496705992433,0.801376016738683,0.827263855209728,
0.85288691215553,0.86718749999999,0.871818332847032,0.87499999999999,0.90268610768518,
0.930749223638842,0.958800369282731,0.98654258540084,1.),.UNSPECIFIED.);
#123=B_SPLINE_CURVE_WITH_KNOTS('',3,(#7993,#7994,#7995,#7996,#7997,#7998,
#7999,#8000,#8001,#8002,#8003,#8004,#8005,#8006,#8007,#8008,#8009,#8010,
#8011,#8012,#8013,#8014,#8015,#8016,#8017,#8018,#8019,#8020,#8021,#8022,
#8023,#8024,#8025,#8026,#8027,#8028,#8029,#8030,#8031,#8032,#8033,#8034,
#8035,#8036,#8037,#8038,#8039,#8040,#8041,#8042,#8043,#8044,#8045,#8046,
#8047,#8048,#8049,#8050,#8051,#8052,#8053,#8054,#8055,#8056,#8057,#8058,
#8059,#8060,#8061,#8062,#8063,#8064,#8065,#8066,#8067,#8068,#8069,#8070,
#8071,#8072,#8073,#8074,#8075,#8076,#8077,#8078,#8079,#8080,#8081,#8082,
#8083,#8084,#8085,#8086,#8087,#8088,#8089,#8090,#8091,#8092,#8093,#8094,
#8095,#8096,#8097,#8098,#8099,#8100,#8101,#8102,#8103,#8104,#8105,#8106,
#8107,#8108,#8109,#8110,#8111,#8112,#8113,#8114,#8115,#8116,#8117,#8118,
#8119,#8120,#8121,#8122,#8123,#8124,#8125,#8126,#8127,#8128,#8129,#8130,
#8131,#8132,#8133,#8134,#8135,#8136,#8137),.UNSPECIFIED.,.F.,.F.,(4,3,3,
3,3,3,3,3,3,3,3,3,3,3,3,3,3,3,3,3,3,3,3,3,3,3,3,3,3,3,3,3,3,3,3,3,3,3,3,
3,3,3,3,3,3,3,3,3,4),(0.,0.0277162077677972,0.0558010593967858,0.0838790098688882,
0.111681006921794,0.117187500000012,0.121920702787075,0.125000000000013,
0.151298436499844,0.178028798056665,0.204769229204092,0.231207443641794,
0.250000000000037,0.275496705992539,0.301376016738672,0.327263855209527,
0.35288691215496,0.367187500000059,0.371809015987837,0.375000000000059,
0.403852357773043,0.433122463549451,0.462379439690841,0.49130800223888,
0.500000000000089,0.52771446155232,0.555786793692389,0.583845228263118,
0.611618752926712,0.617187500000112,0.621930370578855,0.625000000000111,
0.651298436475833,0.678028798007727,0.704769229130327,0.731207443543757,
0.750000000000083,0.775496705992029,0.801376016738137,0.827263855209263,
0.852886912155453,0.867187500000055,0.871818332847713,0.875000000000052,
0.902686107685112,0.930749223638926,0.958800369283172,0.986542585401816,
1.),.UNSPECIFIED.);
#124=B_SPLINE_CURVE_WITH_KNOTS('',3,(#8143,#8144,#8145,#8146,#8147,#8148,
#8149,#8150,#8151,#8152,#8153,#8154,#8155,#8156,#8157,#8158,#8159,#8160,
#8161,#8162,#8163,#8164,#8165,#8166,#8167,#8168,#8169,#8170,#8171,#8172,
#8173,#8174,#8175,#8176,#8177,#8178,#8179,#8180,#8181,#8182,#8183,#8184,
#8185,#8186,#8187,#8188,#8189,#8190,#8191,#8192,#8193,#8194,#8195,#8196,
#8197,#8198,#8199,#8200,#8201,#8202,#8203,#8204,#8205,#8206,#8207,#8208,
#8209,#8210,#8211,#8212,#8213,#8214,#8215,#8216,#8217,#8218,#8219,#8220,
#8221,#8222,#8223,#8224,#8225,#8226,#8227,#8228,#8229,#8230,#8231,#8232,
#8233,#8234,#8235,#8236,#8237,#8238,#8239,#8240,#8241,#8242,#8243,#8244,
#8245,#8246,#8247,#8248,#8249,#8250,#8251,#8252,#8253,#8254,#8255,#8256,
#8257,#8258,#8259,#8260,#8261,#8262,#8263,#8264,#8265,#8266,#8267,#8268,
#8269,#8270,#8271,#8272,#8273,#8274,#8275,#8276,#8277,#8278,#8279,#8280,
#8281,#8282,#8283,#8284,#8285,#8286,#8287),.UNSPECIFIED.,.F.,.F.,(4,3,3,
3,3,3,3,3,3,3,3,3,3,3,3,3,3,3,3,3,3,3,3,3,3,3,3,3,3,3,3,3,3,3,3,3,3,3,3,
3,3,3,3,3,3,3,3,3,4),(0.,0.0277162077666806,0.0558010593950862,0.0838790098668647,
0.111681006919748,0.117187499999986,0.121920702786062,0.124999999999985,
0.151298436480339,0.178028798017137,0.20476922914472,0.231207443563127,
0.249999999999978,0.275496705992225,0.301376016738317,0.327263855209227,
0.352886912154963,0.36718749999997,0.371809015988129,0.374999999999969,
0.4038523577717,0.433122463546897,0.462379439687142,0.491308002234167,0.499999999999986,
0.527714461552363,0.55578679369258,0.583845228263416,0.611618752927104,
0.617187500000005,0.621930370579123,0.625000000000006,0.651298436501931,
0.678028798061218,0.704769229211273,0.731207443651729,0.750000000000009,
0.775496705993187,0.801376016739821,0.827263855210999,0.852886912156648,
0.867187500000009,0.871818332846312,0.875000000000009,0.902686107685197,
0.930749223638527,0.958800369281866,0.986542585399074,1.),.UNSPECIFIED.);
#125=B_SPLINE_CURVE_WITH_KNOTS('',3,(#8291,#8292,#8293,#8294,#8295,#8296,
#8297,#8298,#8299,#8300,#8301,#8302,#8303,#8304,#8305,#8306,#8307,#8308,
#8309,#8310,#8311,#8312,#8313,#8314,#8315,#8316,#8317,#8318,#8319,#8320,
#8321,#8322,#8323,#8324,#8325,#8326,#8327,#8328,#8329,#8330,#8331,#8332,
#8333,#8334,#8335,#8336,#8337,#8338,#8339,#8340,#8341,#8342,#8343,#8344,
#8345,#8346,#8347,#8348,#8349,#8350,#8351,#8352,#8353,#8354,#8355,#8356,
#8357,#8358,#8359,#8360,#8361,#8362,#8363,#8364,#8365,#8366,#8367,#8368,
#8369,#8370,#8371,#8372,#8373,#8374,#8375,#8376,#8377,#8378,#8379,#8380,
#8381,#8382,#8383,#8384,#8385,#8386,#8387,#8388,#8389,#8390,#8391,#8392,
#8393,#8394,#8395,#8396,#8397,#8398,#8399,#8400,#8401,#8402,#8403,#8404,
#8405,#8406,#8407,#8408,#8409,#8410,#8411,#8412,#8413,#8414,#8415,#8416,
#8417,#8418,#8419,#8420,#8421,#8422,#8423,#8424,#8425,#8426,#8427,#8428,
#8429,#8430,#8431,#8432,#8433,#8434,#8435),.UNSPECIFIED.,.F.,.F.,(4,3,3,
3,3,3,3,3,3,3,3,3,3,3,3,3,3,3,3,3,3,3,3,3,3,3,3,3,3,3,3,3,3,3,3,3,3,3,3,
3,3,3,3,3,3,3,3,3,4),(0.,0.0277162077680375,0.0558010593971567,0.0838790098692705,
0.111681006921965,0.11718749999995,0.121920702787297,0.124999999999946,
0.151298436497105,0.178028798051083,0.204769229195595,0.231207443630259,
0.249999999999911,0.275496705992026,0.301376016737947,0.327263855208713,
0.352886912154245,0.36718749999988,0.371809015987924,0.374999999999879,
0.403852357776815,0.433122463557251,0.462379439702678,0.491308002254595,
0.499999999999904,0.527714461552167,0.555786793692114,0.583845228262658,
0.611618752925958,0.617187499999922,0.62193037057881,0.624999999999922,
0.651298436477149,0.678028798010623,0.704769229134803,0.73120744354979,
0.749999999999929,0.775496705991965,0.801376016738075,0.827263855209176,
0.852886912155302,0.867187499999937,0.871818332847508,0.874999999999939,
0.902686107685057,0.930749223638872,0.958800369283095,0.986542585401721,
1.),.UNSPECIFIED.);
#126=B_SPLINE_CURVE_WITH_KNOTS('',3,(#8441,#8442,#8443,#8444,#8445,#8446,
#8447,#8448,#8449,#8450,#8451,#8452,#8453,#8454,#8455,#8456,#8457,#8458,
#8459,#8460,#8461,#8462,#8463,#8464,#8465,#8466,#8467,#8468,#8469,#8470,
#8471,#8472,#8473,#8474,#8475,#8476,#8477,#8478,#8479,#8480,#8481,#8482,
#8483,#8484,#8485,#8486,#8487,#8488,#8489,#8490,#8491,#8492,#8493,#8494,
#8495,#8496,#8497,#8498,#8499,#8500,#8501,#8502,#8503,#8504,#8505,#8506,
#8507,#8508,#8509,#8510,#8511,#8512,#8513,#8514,#8515,#8516,#8517,#8518,
#8519,#8520,#8521,#8522,#8523,#8524,#8525,#8526,#8527,#8528,#8529,#8530,
#8531,#8532,#8533,#8534,#8535,#8536,#8537,#8538,#8539,#8540,#8541,#8542,
#8543,#8544,#8545,#8546,#8547,#8548,#8549,#8550,#8551,#8552,#8553,#8554,
#8555,#8556,#8557,#8558,#8559,#8560,#8561,#8562,#8563,#8564,#8565,#8566,
#8567,#8568,#8569,#8570,#8571,#8572,#8573,#8574,#8575,#8576,#8577,#8578,
#8579,#8580,#8581,#8582,#8583,#8584,#8585),.UNSPECIFIED.,.F.,.F.,(4,3,3,
3,3,3,3,3,3,3,3,3,3,3,3,3,3,3,3,3,3,3,3,3,3,3,3,3,3,3,3,3,3,3,3,3,3,3,3,
3,3,3,3,3,3,3,3,3,4),(0.,0.0277162077657758,0.0558010593936685,0.0838790098651966,
0.111681006918185,0.117187499999958,0.121920702785563,0.124999999999956,
0.151298436489425,0.178028798035821,0.204769229173059,0.231207443601126,
0.249999999999926,0.275496705992664,0.301376016738787,0.327263855209464,
0.352886912154546,0.367187499999905,0.37180901598723,0.374999999999905,
0.403852357787963,0.433122463580086,0.462379439737144,0.491308002300442,
0.499999999999904,0.527714461552573,0.555786793692831,0.583845228263587,
0.611618752927037,0.617187499999907,0.621930370579276,0.624999999999908,
0.651298436503864,0.678028798065176,0.704769229217232,0.73120744365963,
0.749999999999943,0.775496705993202,0.801376016739885,0.827263855211149,
0.852886912156887,0.867187499999974,0.871818332846274,0.874999999999976,
0.902686107685271,0.930749223638617,0.95880036928196,0.986542585399192,
0.999999999999995),.UNSPECIFIED.);
#127=B_SPLINE_CURVE_WITH_KNOTS('',3,(#8664,#8665,#8666,#8667,#8668,#8669,
#8670),.UNSPECIFIED.,.F.,.F.,(4,3,4),(0.000150024201659703,0.00656642779250992,
0.00850143007024413),.UNSPECIFIED.);
#128=B_SPLINE_CURVE_WITH_KNOTS('',3,(#8674,#8675,#8676,#8677,#8678,#8679,
#8680),.UNSPECIFIED.,.F.,.F.,(4,3,4),(0.000150024201653672,0.0065664277925068,
0.00850143007024904),.UNSPECIFIED.);
#129=B_SPLINE_CURVE_WITH_KNOTS('',3,(#8839,#8840,#8841,#8842,#8843,#8844,
#8845,#8846,#8847,#8848,#8849,#8850,#8851,#8852,#8853,#8854,#8855,#8856,
#8857,#8858,#8859,#8860,#8861,#8862,#8863,#8864,#8865,#8866,#8867,#8868,
#8869),.UNSPECIFIED.,.F.,.F.,(4,3,3,3,3,3,3,3,3,3,4),(0.,0.104344446721111,
0.210818097520678,0.317382085341672,0.422319372430831,0.5,0.60267928965255,
0.707427899158491,0.812252125345779,0.91542987377356,1.),.UNSPECIFIED.);
#130=B_SPLINE_CURVE_WITH_KNOTS('',3,(#8872,#8873,#8874,#8875,#8876,#8877,
#8878,#8879,#8880,#8881,#8882,#8883,#8884),.UNSPECIFIED.,.F.,.F.,(4,3,3,
3,4),(0.,0.348149299615181,0.5,0.848149299608549,1.),.UNSPECIFIED.);
#131=B_SPLINE_CURVE_WITH_KNOTS('',3,(#8912,#8913,#8914,#8915,#8916,#8917),
 .UNSPECIFIED.,.F.,.F.,(4,2,4),(0.,0.5,1.),.UNSPECIFIED.);
#132=B_SPLINE_CURVE_WITH_KNOTS('',3,(#8918,#8919,#8920,#8921,#8922,#8923,
#8924,#8925,#8926,#8927,#8928,#8929,#8930,#8931,#8932,#8933,#8934,#8935,
#8936,#8937,#8938,#8939,#8940,#8941,#8942,#8943,#8944,#8945,#8946,#8947,
#8948,#8949,#8950,#8951,#8952,#8953,#8954),.UNSPECIFIED.,.F.,.F.,(4,3,3,
3,3,3,3,3,3,3,3,3,4),(0.,0.0963265746135023,0.197244930960127,0.29566769103694,
0.39783384551847,0.49390068269814,0.5,0.595196395555672,0.696397296666754,
0.79363735402967,0.890317460176389,0.985231030585518,1.),.UNSPECIFIED.);
#133=B_SPLINE_CURVE_WITH_KNOTS('',3,(#8993,#8994,#8995,#8996,#8997,#8998,
#8999,#9000,#9001,#9002),.UNSPECIFIED.,.F.,.F.,(4,2,2,2,4),(0.,0.25,0.5,
0.75,1.),.UNSPECIFIED.);
#134=B_SPLINE_CURVE_WITH_KNOTS('',3,(#9003,#9004,#9005,#9006,#9007,#9008,
#9009,#9010,#9011,#9012,#9013,#9014,#9015,#9016,#9017,#9018,#9019,#9020,
#9021,#9022,#9023,#9024,#9025,#9026,#9027,#9028,#9029,#9030,#9031,#9032,
#9033,#9034,#9035,#9036,#9037,#9038,#9039,#9040,#9041,#9042,#9043,#9044,
#9045,#9046,#9047,#9048,#9049,#9050,#9051,#9052,#9053,#9054,#9055,#9056,
#9057,#9058,#9059,#9060,#9061,#9062,#9063,#9064,#9065,#9066,#9067,#9068,
#9069,#9070,#9071,#9072,#9073,#9074,#9075,#9076,#9077,#9078),
 .UNSPECIFIED.,.F.,.F.,(4,3,3,3,3,3,3,3,3,3,3,3,3,3,3,3,3,3,3,3,3,3,3,3,
3,4),(0.,0.0535498828848373,0.108152499095313,0.162815948825106,0.216790797485534,
0.234375000000024,0.244211687328466,0.250000000000025,0.25952503543897,
0.310277345785433,0.362010331033446,0.413744508536315,0.464627066357359,
0.50000000000003,0.549208733752015,0.599466465621159,0.649798206088894,
0.69941971073449,0.734375000000031,0.740385871725848,0.750000000000028,
0.80361777953036,0.858216655827364,0.91280738459528,0.966530368201886,1.),
 .UNSPECIFIED.);
#135=B_SPLINE_CURVE_WITH_KNOTS('',3,(#9102,#9103,#9104,#9105,#9106,#9107,
#9108,#9109,#9110,#9111,#9112,#9113,#9114,#9115,#9116,#9117,#9118,#9119,
#9120,#9121,#9122,#9123,#9124,#9125,#9126,#9127,#9128,#9129,#9130,#9131,
#9132),.UNSPECIFIED.,.F.,.F.,(4,3,3,3,3,3,3,3,3,3,4),(0.,0.10434407237257,
0.21081782519391,0.317382416678813,0.422321163421806,0.5,0.602680822538514,
0.707431931553975,0.812259223851886,0.915440732238184,1.),.UNSPECIFIED.);
#136=B_SPLINE_CURVE_WITH_KNOTS('',3,(#9155,#9156,#9157,#9158,#9159,#9160,
#9161,#9162,#9163,#9164,#9165,#9166,#9167,#9168,#9169,#9170,#9171,#9172,
#9173,#9174,#9175,#9176,#9177,#9178,#9179,#9180,#9181,#9182,#9183,#9184,
#9185),.UNSPECIFIED.,.F.,.F.,(4,3,3,3,3,3,3,3,3,3,4),(0.,0.104346983646084,
0.210822392247982,0.317387554245436,0.42232521841367,0.5,0.602679527662264,
0.707427441246506,0.812250605557902,0.915427061070234,1.),.UNSPECIFIED.);
#137=B_SPLINE_CURVE_WITH_KNOTS('',3,(#9214,#9215,#9216,#9217,#9218,#9219,
#9220,#9221,#9222,#9223,#9224,#9225,#9226,#9227,#9228,#9229,#9230,#9231,
#9232,#9233,#9234,#9235,#9236,#9237,#9238,#9239,#9240,#9241,#9242,#9243,
#9244),.UNSPECIFIED.,.F.,.F.,(4,3,3,3,3,3,3,3,3,3,4),(0.,0.104344072350856,
0.210817825150472,0.317382416613889,0.422321163335595,0.5,0.602680822536575,
0.707431931550986,0.812259223848361,0.915440732234746,1.),.UNSPECIFIED.);
#138=B_SPLINE_CURVE_WITH_KNOTS('',3,(#9267,#9268,#9269,#9270,#9271,#9272,
#9273,#9274,#9275,#9276,#9277,#9278,#9279,#9280,#9281,#9282,#9283,#9284,
#9285,#9286,#9287,#9288,#9289,#9290,#9291,#9292,#9293,#9294,#9295,#9296,
#9297),.UNSPECIFIED.,.F.,.F.,(4,3,3,3,3,3,3,3,3,3,4),(0.,0.104346983674242,
0.210822392302994,0.317387554325853,0.422325218517664,0.5,0.602679527664877,
0.70742744125059,0.812250605562719,0.915427061074947,1.),.UNSPECIFIED.);
#139=B_SPLINE_CURVE_WITH_KNOTS('',3,(#9534,#9535,#9536,#9537),
 .UNSPECIFIED.,.F.,.F.,(4,4),(0.0125057185476681,1.),.UNSPECIFIED.);
#140=B_SPLINE_CURVE_WITH_KNOTS('',3,(#9549,#9550,#9551,#9552),
 .UNSPECIFIED.,.F.,.F.,(4,4),(0.0123276336366376,1.),.UNSPECIFIED.);
#141=B_SPLINE_CURVE_WITH_KNOTS('',3,(#9554,#9555,#9556,#9557,#9558,#9559,
#9560),.UNSPECIFIED.,.F.,.F.,(4,3,4),(0.00015002420165367,0.00656642779250795,
0.00850143007024904),.UNSPECIFIED.);
#142=B_SPLINE_CURVE_WITH_KNOTS('',3,(#9563,#9564,#9565,#9566,#9567,#9568,
#9569),.UNSPECIFIED.,.F.,.F.,(4,3,4),(1.41577349844054E-15,0.00633231629378892,
0.00835140587058391),.UNSPECIFIED.);
#143=B_SPLINE_CURVE_WITH_KNOTS('',3,(#9606,#9607,#9608,#9609,#9610,#9611,
#9612,#9613,#9614,#9615,#9616,#9617,#9618,#9619,#9620,#9621,#9622,#9623,
#9624,#9625),.UNSPECIFIED.,.F.,.F.,(4,2,2,2,2,2,2,2,2,4),(0.,0.247014924009723,
0.373504992213354,0.499995060416985,0.626485128620616,0.689730162722431,
0.752975196824247,0.816220230926063,0.879465265027878,1.),.UNSPECIFIED.);
#144=B_SPLINE_CURVE_WITH_KNOTS('',3,(#9667,#9668,#9669,#9670,#9671,#9672,
#9673,#9674,#9675,#9676,#9677,#9678,#9679,#9680,#9681,#9682,#9683,#9684,
#9685,#9686,#9687,#9688,#9689,#9690,#9691,#9692,#9693,#9694,#9695,#9696,
#9697,#9698,#9699,#9700,#9701,#9702,#9703,#9704,#9705,#9706,#9707,#9708,
#9709,#9710,#9711,#9712,#9713,#9714,#9715,#9716,#9717,#9718,#9719,#9720,
#9721,#9722,#9723,#9724,#9725,#9726,#9727,#9728,#9729,#9730,#9731,#9732,
#9733,#9734,#9735,#9736,#9737,#9738,#9739,#9740,#9741,#9742,#9743,#9744,
#9745,#9746,#9747,#9748,#9749,#9750,#9751,#9752,#9753,#9754,#9755,#9756,
#9757,#9758,#9759,#9760,#9761,#9762,#9763,#9764,#9765,#9766,#9767,#9768,
#9769,#9770,#9771,#9772,#9773,#9774,#9775),.UNSPECIFIED.,.F.,.F.,(4,3,3,
3,3,3,3,3,3,3,3,3,3,3,3,3,3,3,3,3,3,3,3,3,3,3,3,3,3,3,3,3,3,3,3,3,4),(7.74282534430508E-10,
0.0381318807368776,0.0624999999999997,0.100917069928784,0.124999999999999,
0.144247883532213,0.15605888002301,0.169686869645872,0.187499999999999,
0.218749999999999,0.232360653750365,0.24590289228719,0.249999999999999,
0.283284596205368,0.296675571956893,0.330365729521699,0.364060065216818,
0.37171352510903,0.374999999999999,0.420408701508398,0.446143054119736,
0.492516292853394,0.499999999999998,0.520476488798745,0.562029547753327,
0.593146809784421,0.624999999999998,0.682757946841232,0.718749999999998,
0.733672495419697,0.749999999999999,0.811048264590039,0.868737846468752,
0.87209652918008,0.929855169177643,0.985990810107985,1.),.UNSPECIFIED.);
#145=B_SPLINE_CURVE_WITH_KNOTS('',3,(#9776,#9777,#9778,#9779,#9780,#9781,
#9782,#9783,#9784,#9785,#9786,#9787,#9788,#9789,#9790,#9791,#9792,#9793,
#9794,#9795,#9796,#9797,#9798,#9799,#9800,#9801,#9802,#9803,#9804,#9805,
#9806,#9807,#9808,#9809,#9810,#9811,#9812,#9813,#9814,#9815,#9816,#9817,
#9818,#9819,#9820,#9821,#9822,#9823,#9824,#9825,#9826,#9827,#9828,#9829,
#9830,#9831,#9832,#9833,#9834,#9835,#9836,#9837,#9838,#9839,#9840,#9841,
#9842,#9843,#9844,#9845,#9846,#9847,#9848,#9849,#9850,#9851),
 .UNSPECIFIED.,.F.,.F.,(4,3,3,3,3,3,3,3,3,3,3,3,3,3,3,3,3,3,3,3,3,3,3,3,
3,4),(0.,0.0625000000000008,0.121366195099825,0.125000000000002,0.1819371604199,
0.218750000000004,0.235153322789521,0.250000000000005,0.30570996786483,
0.360214464023439,0.414066081442174,0.466985996633856,0.500000000000004,
0.554687500000004,0.605768878742317,0.656219306289123,0.705814723086111,
0.718750000000003,0.73275151282713,0.746829699462846,0.750000000000004,
0.804022168237976,0.857234638170225,0.909994918662595,0.962076064485012,
0.999999998239331),.UNSPECIFIED.);
#146=B_SPLINE_CURVE_WITH_KNOTS('',3,(#9932,#9933,#9934,#9935,#9936,#9937,
#9938,#9939,#9940,#9941,#9942,#9943,#9944,#9945,#9946,#9947,#9948,#9949,
#9950,#9951,#9952,#9953,#9954,#9955,#9956,#9957,#9958,#9959,#9960,#9961,
#9962,#9963,#9964,#9965,#9966,#9967,#9968,#9969,#9970,#9971,#9972,#9973,
#9974,#9975,#9976,#9977,#9978,#9979,#9980,#9981,#9982,#9983,#9984,#9985,
#9986,#9987,#9988,#9989,#9990,#9991,#9992,#9993,#9994,#9995,#9996,#9997,
#9998,#9999,#10000,#10001,#10002,#10003,#10004,#10005,#10006,#10007),
 .UNSPECIFIED.,.F.,.F.,(4,3,3,3,3,3,3,3,3,3,3,3,3,3,3,3,3,3,3,3,3,3,3,3,
3,4),(0.,0.0570951268967027,0.11242954532681,0.12499999999997,0.178908486279729,
0.187499999999958,0.218749999999952,0.234374999999948,0.242187499999948,
0.248023346992733,0.249999999999947,0.309248152975747,0.36587962569131,
0.374999999999923,0.429372893569816,0.437499999999917,0.468749999999914,
0.484374999999916,0.494230478305688,0.499999999999917,0.580922120520154,
0.666457072909705,0.758166645086176,0.850386882009724,0.940254443841355,
1.),.UNSPECIFIED.);
#147=B_SPLINE_CURVE_WITH_KNOTS('',3,(#10008,#10009,#10010,#10011,#10012,
#10013,#10014,#10015,#10016,#10017,#10018,#10019,#10020,#10021,#10022,#10023,
#10024,#10025,#10026,#10027,#10028,#10029,#10030,#10031,#10032,#10033,#10034,
#10035,#10036,#10037,#10038),.UNSPECIFIED.,.F.,.F.,(4,3,3,3,3,3,3,3,3,3,
4),(0.,0.115993744212163,0.229962348893043,0.342988782693158,0.455356078254139,
0.5,0.612286615225944,0.725499310213329,0.839453042585612,0.955216965241698,
1.),.UNSPECIFIED.);
#148=B_SPLINE_CURVE_WITH_KNOTS('',3,(#10079,#10080,#10081,#10082,#10083,
#10084,#10085,#10086,#10087,#10088,#10089,#10090,#10091,#10092,#10093,#10094,
#10095,#10096,#10097,#10098,#10099,#10100,#10101,#10102,#10103,#10104,#10105,
#10106,#10107,#10108,#10109),.UNSPECIFIED.,.F.,.F.,(4,3,3,3,3,3,3,3,3,3,
4),(0.,0.115971026244967,0.22991805049505,0.342923578236327,0.455271111133629,
0.5,0.612282457922437,0.725492397794707,0.839444424965981,0.95520851514181,
1.),.UNSPECIFIED.);
#149=B_SPLINE_CURVE_WITH_KNOTS('',3,(#10170,#10171,#10172,#10173,#10174,
#10175,#10176,#10177,#10178,#10179,#10180,#10181,#10182,#10183,#10184,#10185,
#10186,#10187,#10188,#10189,#10190,#10191,#10192,#10193,#10194,#10195,#10196,
#10197,#10198,#10199,#10200,#10201,#10202,#10203,#10204,#10205,#10206,#10207,
#10208,#10209,#10210,#10211,#10212,#10213,#10214,#10215,#10216,#10217,#10218,
#10219,#10220,#10221,#10222,#10223,#10224,#10225,#10226,#10227,#10228,#10229,
#10230,#10231,#10232,#10233,#10234,#10235,#10236,#10237,#10238,#10239,#10240,
#10241,#10242),.UNSPECIFIED.,.F.,.F.,(4,3,3,3,3,3,3,3,3,3,3,3,3,3,3,3,3,
3,3,3,3,3,3,3,4),(0.000121659354899603,0.0718531010150752,0.125000000000016,
0.187500000000023,0.218750000000028,0.23437500000003,0.250000000000032,
0.331610540211833,0.375000000000028,0.437500000000022,0.468750000000019,
0.486464054696028,0.500000000000016,0.565961487962703,0.625000000000002,
0.687499999999992,0.718749999999987,0.734374999999987,0.743647414002647,
0.749999999999987,0.803361550097846,0.857720428737698,0.912869009816661,
0.969739702936486,1.),.UNSPECIFIED.);
#150=B_SPLINE_CURVE_WITH_KNOTS('',3,(#10332,#10333,#10334,#10335,#10336,
#10337,#10338,#10339,#10340,#10341,#10342,#10343,#10344,#10345,#10346,#10347,
#10348,#10349,#10350,#10351,#10352,#10353,#10354,#10355,#10356,#10357,#10358,
#10359,#10360,#10361,#10362),.UNSPECIFIED.,.F.,.F.,(4,3,3,3,3,3,3,3,3,3,
4),(0.,0.116040397157962,0.230057680049552,0.343133724238951,0.455551525488679,
0.5,0.612289800394893,0.725505752976855,0.839462804969908,0.955230078373969,
1.),.UNSPECIFIED.);
#151=B_SPLINE_CURVE_WITH_KNOTS('',3,(#10369,#10370,#10371,#10372,#10373,
#10374,#10375,#10376,#10377,#10378,#10379,#10380,#10381,#10382,#10383,#10384,
#10385,#10386,#10387,#10388,#10389,#10390,#10391,#10392,#10393,#10394,#10395,
#10396,#10397,#10398,#10399,#10400,#10401,#10402,#10403,#10404,#10405,#10406,
#10407,#10408,#10409,#10410,#10411,#10412,#10413,#10414,#10415,#10416,#10417,
#10418,#10419,#10420,#10421,#10422,#10423,#10424,#10425,#10426,#10427,#10428,
#10429,#10430,#10431,#10432,#10433,#10434,#10435,#10436,#10437,#10438,#10439,
#10440,#10441,#10442,#10443,#10444,#10445,#10446,#10447,#10448,#10449,#10450,
#10451,#10452,#10453,#10454,#10455,#10456,#10457,#10458,#10459,#10460,#10461,
#10462,#10463,#10464,#10465,#10466,#10467,#10468,#10469,#10470,#10471,#10472,
#10473,#10474,#10475,#10476,#10477),.UNSPECIFIED.,.F.,.F.,(4,3,3,3,3,3,
3,3,3,3,3,3,3,3,3,3,3,3,3,3,3,3,3,3,3,3,3,3,3,3,3,3,3,3,3,3,4),(1.92793439472854E-10,
0.0381365974998547,0.0625000000000006,0.100921391186391,0.125000000000001,
0.144259948542198,0.156078314345648,0.169672180537336,0.187500000000001,
0.218750000000001,0.232378824683793,0.245939554822836,0.250000000000001,
0.283284596205818,0.296675571958402,0.330365729524308,0.36406006521465,
0.371713525113396,0.375000000000002,0.420408701433253,0.446143054121709,
0.49251629279143,0.500000000000003,0.520476488795533,0.562029547747084,
0.593146809778437,0.625000000000004,0.682757946851597,0.718750000000005,
0.733672495417899,0.750000000000005,0.811048264588624,0.868737846470026,
0.872096529177242,0.929855169172992,0.985990810104067,1.),.UNSPECIFIED.);
#152=B_SPLINE_CURVE_WITH_KNOTS('',3,(#10478,#10479,#10480,#10481,#10482,
#10483,#10484,#10485,#10486,#10487,#10488,#10489,#10490,#10491,#10492,#10493,
#10494,#10495,#10496,#10497,#10498,#10499,#10500,#10501,#10502,#10503,#10504,
#10505,#10506,#10507,#10508,#10509,#10510,#10511,#10512,#10513,#10514,#10515,
#10516,#10517,#10518,#10519,#10520,#10521,#10522,#10523,#10524,#10525,#10526,
#10527,#10528,#10529,#10530,#10531,#10532,#10533,#10534,#10535,#10536,#10537,
#10538,#10539,#10540,#10541,#10542,#10543,#10544,#10545,#10546,#10547,#10548,
#10549,#10550,#10551,#10552,#10553),.UNSPECIFIED.,.F.,.F.,(4,3,3,3,3,3,
3,3,3,3,3,3,3,3,3,3,3,3,3,3,3,3,3,3,3,4),(0.,0.0624999999999994,0.121366195112647,
0.124999999999999,0.181937160462848,0.218749999999999,0.235153322735949,
0.249999999999999,0.305709968125974,0.360214464493141,0.41406608208778,
0.466985997405157,0.500000000000002,0.554687500000002,0.605768878779441,
0.65621930636114,0.705814723201809,0.718750000000001,0.732770849702969,
0.746867853120506,0.750000000000001,0.804048713063659,0.857290480337682,
0.910081429581406,0.962195656903795,0.999999991569319),.UNSPECIFIED.);
#153=B_SPLINE_CURVE_WITH_KNOTS('',3,(#10564,#10565,#10566,#10567),
 .UNSPECIFIED.,.F.,.F.,(4,4),(9.91258312279885E-9,1.),.UNSPECIFIED.);
#154=B_SPLINE_CURVE_WITH_KNOTS('',3,(#10568,#10569,#10570,#10571,#10572,
#10573,#10574,#10575,#10576,#10577,#10578,#10579,#10580,#10581,#10582,#10583,
#10584,#10585,#10586,#10587),.UNSPECIFIED.,.F.,.F.,(4,2,2,2,2,2,2,2,2,4),
(0.,0.247014924010449,0.37350499221445,0.499995060418451,0.626485128622452,
0.689730162724452,0.752975196826453,0.816220230928453,0.879465265030454,
1.),.UNSPECIFIED.);
#155=B_SPLINE_CURVE_WITH_KNOTS('',3,(#10663,#10664,#10665,#10666,#10667,
#10668,#10669,#10670,#10671,#10672,#10673,#10674,#10675,#10676,#10677,#10678,
#10679,#10680,#10681,#10682,#10683,#10684,#10685,#10686,#10687,#10688,#10689,
#10690,#10691,#10692,#10693,#10694,#10695,#10696,#10697,#10698,#10699,#10700,
#10701,#10702,#10703,#10704,#10705,#10706,#10707,#10708,#10709,#10710,#10711,
#10712,#10713,#10714,#10715,#10716,#10717,#10718,#10719,#10720,#10721,#10722,
#10723,#10724,#10725,#10726,#10727,#10728,#10729,#10730,#10731,#10732,#10733,
#10734,#10735),.UNSPECIFIED.,.F.,.F.,(4,3,3,3,3,3,3,3,3,3,3,3,3,3,3,3,3,
3,3,3,3,3,3,3,4),(9.69323980801182E-5,0.0717272014760838,0.125000000000033,
0.187500000000045,0.218750000000049,0.234375000000052,0.250000000000054,
0.331658596394723,0.375000000000037,0.437500000000032,0.468750000000035,
0.486401744645535,0.500000000000037,0.56586498411073,0.625000000000033,
0.687500000000032,0.718750000000031,0.73437500000003,0.743642757379966,
0.750000000000028,0.803362246874979,0.857721825952122,0.912871116568146,
0.969742510492863,1.),.UNSPECIFIED.);
#156=B_SPLINE_CURVE_WITH_KNOTS('',3,(#10736,#10737,#10738,#10739,#10740,
#10741,#10742,#10743,#10744,#10745,#10746,#10747,#10748,#10749,#10750,#10751,
#10752,#10753,#10754,#10755,#10756,#10757,#10758,#10759,#10760,#10761,#10762,
#10763,#10764,#10765,#10766),.UNSPECIFIED.,.F.,.F.,(4,3,3,3,3,3,3,3,3,3,
4),(0.,0.116012373263772,0.230000870835242,0.343047867013164,0.455436572612607,
0.5,0.612313724447425,0.725553705963326,0.839534875613193,0.95532559549127,
1.),.UNSPECIFIED.);
#157=B_SPLINE_CURVE_WITH_KNOTS('',3,(#10827,#10828,#10829,#10830,#10831,
#10832,#10833,#10834,#10835,#10836,#10837,#10838,#10839,#10840,#10841,#10842,
#10843,#10844,#10845,#10846,#10847,#10848,#10849,#10850,#10851,#10852,#10853,
#10854,#10855,#10856,#10857,#10858,#10859,#10860,#10861,#10862,#10863,#10864,
#10865,#10866,#10867,#10868,#10869,#10870,#10871,#10872,#10873,#10874,#10875,
#10876,#10877,#10878,#10879,#10880,#10881,#10882,#10883,#10884,#10885,#10886,
#10887,#10888,#10889,#10890,#10891,#10892,#10893,#10894,#10895,#10896,#10897,
#10898,#10899,#10900,#10901,#10902),.UNSPECIFIED.,.F.,.F.,(4,3,3,3,3,3,
3,3,3,3,3,3,3,3,3,3,3,3,3,3,3,3,3,3,3,4),(0.,0.0570957947657304,0.112430886727696,
0.125000000000159,0.178909179374959,0.187500000000236,0.218750000000276,
0.234375000000296,0.242187500000305,0.248023409495308,0.250000000000313,
0.309248998875148,0.365881321420073,0.37500000000029,0.429373777672107,
0.437500000000279,0.46875000000027,0.484375000000261,0.494224398553987,
0.500000000000252,0.581528508399557,0.667807576744778,0.760522326567435,
0.853766361556125,0.944462682069479,1.),.UNSPECIFIED.);
#158=B_SPLINE_CURVE_WITH_KNOTS('',3,(#10994,#10995,#10996,#10997),
 .UNSPECIFIED.,.F.,.F.,(4,4),(-0.209405482948553,0.),.UNSPECIFIED.);
#159=B_SPLINE_CURVE_WITH_KNOTS('',3,(#11043,#11044,#11045,#11046),
 .UNSPECIFIED.,.F.,.F.,(4,4),(-0.153870840296017,0.682018746057175),
 .UNSPECIFIED.);
#160=CYLINDRICAL_SURFACE('',#4984,4.015);
#161=CYLINDRICAL_SURFACE('',#4986,1.625);
#162=CYLINDRICAL_SURFACE('',#4990,1.625);
#163=CYLINDRICAL_SURFACE('',#4994,1.625);
#164=CYLINDRICAL_SURFACE('',#5004,2.97207291710324);
#165=CYLINDRICAL_SURFACE('',#5008,2.97207291710324);
#166=CYLINDRICAL_SURFACE('',#5021,2.97207291710212);
#167=CYLINDRICAL_SURFACE('',#5025,2.97207291710212);
#168=CYLINDRICAL_SURFACE('',#5038,2.97207291710181);
#169=CYLINDRICAL_SURFACE('',#5042,2.97207291710181);
#170=CYLINDRICAL_SURFACE('',#5081,0.199999999999999);
#171=CYLINDRICAL_SURFACE('',#5082,5.5);
#172=CYLINDRICAL_SURFACE('',#5083,5.5);
#173=CYLINDRICAL_SURFACE('',#5086,0.199999999999999);
#174=CYLINDRICAL_SURFACE('',#5098,2.3);
#175=CYLINDRICAL_SURFACE('',#5138,1.55);
#176=CYLINDRICAL_SURFACE('',#5175,3.25);
#177=CYLINDRICAL_SURFACE('',#5178,0.200000000000003);
#178=CYLINDRICAL_SURFACE('',#5180,0.2);
#179=CYLINDRICAL_SURFACE('',#5182,4.15);
#180=CYLINDRICAL_SURFACE('',#5196,2.1);
#181=CYLINDRICAL_SURFACE('',#5205,0.3);
#182=CYLINDRICAL_SURFACE('',#5213,0.3);
#183=CYLINDRICAL_SURFACE('',#5221,0.3);
#184=CYLINDRICAL_SURFACE('',#5224,0.3);
#185=CYLINDRICAL_SURFACE('',#5227,0.3);
#186=CYLINDRICAL_SURFACE('',#5230,0.3);
#187=CYLINDRICAL_SURFACE('',#5236,0.3);
#188=CYLINDRICAL_SURFACE('',#5242,0.300000000000002);
#189=CYLINDRICAL_SURFACE('',#5250,0.3);
#190=CYLINDRICAL_SURFACE('',#5260,2.);
#191=CYLINDRICAL_SURFACE('',#5273,1.3);
#192=CYLINDRICAL_SURFACE('',#5276,2.);
#193=CYLINDRICAL_SURFACE('',#5277,2.);
#194=CYLINDRICAL_SURFACE('',#5278,2.);
#195=CYLINDRICAL_SURFACE('',#5279,2.);
#196=CYLINDRICAL_SURFACE('',#5292,2.);
#197=CYLINDRICAL_SURFACE('',#5298,2.);
#198=CYLINDRICAL_SURFACE('',#5299,2.);
#199=CYLINDRICAL_SURFACE('',#5300,2.);
#200=CYLINDRICAL_SURFACE('',#5304,1.5);
#201=CYLINDRICAL_SURFACE('',#5329,5.5);
#202=CYLINDRICAL_SURFACE('',#5331,0.199999999999999);
#203=CYLINDRICAL_SURFACE('',#5334,0.4);
#204=CYLINDRICAL_SURFACE('',#5340,5.75);
#205=CYLINDRICAL_SURFACE('',#5347,2.75);
#206=CYLINDRICAL_SURFACE('',#5363,2.75);
#207=CYLINDRICAL_SURFACE('',#5367,1.);
#208=CYLINDRICAL_SURFACE('',#5368,5.5);
#209=CYLINDRICAL_SURFACE('',#5369,0.199999999999999);
#210=CYLINDRICAL_SURFACE('',#5390,2.93716585006626);
#211=CYLINDRICAL_SURFACE('',#5397,1.25000000000058);
#212=CYLINDRICAL_SURFACE('',#5411,3.00000000000058);
#213=FACE_BOUND('',#669,.T.);
#214=FACE_BOUND('',#677,.T.);
#215=FACE_BOUND('',#688,.T.);
#216=FACE_BOUND('',#699,.T.);
#217=FACE_BOUND('',#739,.T.);
#218=FACE_BOUND('',#740,.T.);
#219=FACE_BOUND('',#746,.T.);
#220=FACE_BOUND('',#752,.T.);
#221=FACE_BOUND('',#754,.T.);
#222=FACE_BOUND('',#755,.T.);
#223=FACE_BOUND('',#756,.T.);
#224=FACE_BOUND('',#757,.T.);
#225=FACE_BOUND('',#758,.T.);
#226=FACE_BOUND('',#812,.T.);
#227=FACE_BOUND('',#813,.T.);
#228=FACE_BOUND('',#814,.T.);
#229=FACE_BOUND('',#815,.T.);
#230=FACE_BOUND('',#823,.T.);
#231=FACE_BOUND('',#828,.T.);
#232=FACE_BOUND('',#840,.T.);
#233=FACE_BOUND('',#841,.T.);
#234=FACE_BOUND('',#853,.T.);
#235=FACE_BOUND('',#855,.T.);
#236=FACE_BOUND('',#857,.T.);
#237=FACE_BOUND('',#883,.T.);
#238=FACE_BOUND('',#886,.T.);
#239=FACE_BOUND('',#924,.T.);
#240=FACE_BOUND('',#926,.T.);
#241=FACE_BOUND('',#939,.T.);
#242=PLANE('',#4974);
#243=PLANE('',#4998);
#244=PLANE('',#4999);
#245=PLANE('',#5000);
#246=PLANE('',#5002);
#247=PLANE('',#5007);
#248=PLANE('',#5011);
#249=PLANE('',#5012);
#250=PLANE('',#5013);
#251=PLANE('',#5015);
#252=PLANE('',#5016);
#253=PLANE('',#5017);
#254=PLANE('',#5019);
#255=PLANE('',#5024);
#256=PLANE('',#5028);
#257=PLANE('',#5029);
#258=PLANE('',#5030);
#259=PLANE('',#5032);
#260=PLANE('',#5033);
#261=PLANE('',#5034);
#262=PLANE('',#5036);
#263=PLANE('',#5041);
#264=PLANE('',#5045);
#265=PLANE('',#5046);
#266=PLANE('',#5047);
#267=PLANE('',#5052);
#268=PLANE('',#5053);
#269=PLANE('',#5056);
#270=PLANE('',#5059);
#271=PLANE('',#5060);
#272=PLANE('',#5061);
#273=PLANE('',#5064);
#274=PLANE('',#5067);
#275=PLANE('',#5070);
#276=PLANE('',#5071);
#277=PLANE('',#5074);
#278=PLANE('',#5077);
#279=PLANE('',#5080);
#280=PLANE('',#5088);
#281=PLANE('',#5089);
#282=PLANE('',#5090);
#283=PLANE('',#5091);
#284=PLANE('',#5092);
#285=PLANE('',#5093);
#286=PLANE('',#5094);
#287=PLANE('',#5095);
#288=PLANE('',#5096);
#289=PLANE('',#5097);
#290=PLANE('',#5100);
#291=PLANE('',#5106);
#292=PLANE('',#5107);
#293=PLANE('',#5108);
#294=PLANE('',#5111);
#295=PLANE('',#5113);
#296=PLANE('',#5114);
#297=PLANE('',#5122);
#298=PLANE('',#5140);
#299=PLANE('',#5251);
#300=PLANE('',#5252);
#301=PLANE('',#5253);
#302=PLANE('',#5254);
#303=PLANE('',#5255);
#304=PLANE('',#5257);
#305=PLANE('',#5258);
#306=PLANE('',#5259);
#307=PLANE('',#5261);
#308=PLANE('',#5262);
#309=PLANE('',#5263);
#310=PLANE('',#5264);
#311=PLANE('',#5266);
#312=PLANE('',#5267);
#313=PLANE('',#5272);
#314=PLANE('',#5275);
#315=PLANE('',#5280);
#316=PLANE('',#5281);
#317=PLANE('',#5282);
#318=PLANE('',#5283);
#319=PLANE('',#5286);
#320=PLANE('',#5287);
#321=PLANE('',#5294);
#322=PLANE('',#5295);
#323=PLANE('',#5296);
#324=PLANE('',#5297);
#325=PLANE('',#5301);
#326=PLANE('',#5302);
#327=PLANE('',#5303);
#328=PLANE('',#5306);
#329=PLANE('',#5307);
#330=PLANE('',#5308);
#331=PLANE('',#5309);
#332=PLANE('',#5310);
#333=PLANE('',#5311);
#334=PLANE('',#5312);
#335=PLANE('',#5313);
#336=PLANE('',#5314);
#337=PLANE('',#5315);
#338=PLANE('',#5319);
#339=PLANE('',#5320);
#340=PLANE('',#5321);
#341=PLANE('',#5322);
#342=PLANE('',#5323);
#343=PLANE('',#5324);
#344=PLANE('',#5325);
#345=PLANE('',#5327);
#346=PLANE('',#5333);
#347=PLANE('',#5335);
#348=PLANE('',#5336);
#349=PLANE('',#5337);
#350=PLANE('',#5338);
#351=PLANE('',#5339);
#352=PLANE('',#5342);
#353=PLANE('',#5343);
#354=PLANE('',#5344);
#355=PLANE('',#5345);
#356=PLANE('',#5346);
#357=PLANE('',#5348);
#358=PLANE('',#5349);
#359=PLANE('',#5350);
#360=PLANE('',#5352);
#361=PLANE('',#5353);
#362=PLANE('',#5355);
#363=PLANE('',#5356);
#364=PLANE('',#5357);
#365=PLANE('',#5358);
#366=PLANE('',#5359);
#367=PLANE('',#5360);
#368=PLANE('',#5365);
#369=PLANE('',#5366);
#370=PLANE('',#5370);
#371=PLANE('',#5371);
#372=PLANE('',#5372);
#373=PLANE('',#5373);
#374=PLANE('',#5374);
#375=PLANE('',#5376);
#376=PLANE('',#5378);
#377=PLANE('',#5379);
#378=PLANE('',#5380);
#379=PLANE('',#5381);
#380=PLANE('',#5382);
#381=PLANE('',#5383);
#382=PLANE('',#5384);
#383=PLANE('',#5388);
#384=PLANE('',#5389);
#385=PLANE('',#5392);
#386=PLANE('',#5394);
#387=PLANE('',#5395);
#388=PLANE('',#5396);
#389=PLANE('',#5399);
#390=PLANE('',#5400);
#391=PLANE('',#5401);
#392=PLANE('',#5402);
#393=PLANE('',#5404);
#394=PLANE('',#5405);
#395=PLANE('',#5406);
#396=PLANE('',#5408);
#397=PLANE('',#5409);
#398=PLANE('',#5410);
#399=FACE_OUTER_BOUND('',#667,.T.);
#400=FACE_OUTER_BOUND('',#668,.T.);
#401=FACE_OUTER_BOUND('',#670,.T.);
#402=FACE_OUTER_BOUND('',#671,.T.);
#403=FACE_OUTER_BOUND('',#672,.T.);
#404=FACE_OUTER_BOUND('',#673,.T.);
#405=FACE_OUTER_BOUND('',#674,.T.);
#406=FACE_OUTER_BOUND('',#675,.T.);
#407=FACE_OUTER_BOUND('',#676,.T.);
#408=FACE_OUTER_BOUND('',#678,.T.);
#409=FACE_OUTER_BOUND('',#679,.T.);
#410=FACE_OUTER_BOUND('',#680,.T.);
#411=FACE_OUTER_BOUND('',#681,.T.);
#412=FACE_OUTER_BOUND('',#682,.T.);
#413=FACE_OUTER_BOUND('',#683,.T.);
#414=FACE_OUTER_BOUND('',#684,.T.);
#415=FACE_OUTER_BOUND('',#685,.T.);
#416=FACE_OUTER_BOUND('',#686,.T.);
#417=FACE_OUTER_BOUND('',#687,.T.);
#418=FACE_OUTER_BOUND('',#689,.T.);
#419=FACE_OUTER_BOUND('',#690,.T.);
#420=FACE_OUTER_BOUND('',#691,.T.);
#421=FACE_OUTER_BOUND('',#692,.T.);
#422=FACE_OUTER_BOUND('',#693,.T.);
#423=FACE_OUTER_BOUND('',#694,.T.);
#424=FACE_OUTER_BOUND('',#695,.T.);
#425=FACE_OUTER_BOUND('',#696,.T.);
#426=FACE_OUTER_BOUND('',#697,.T.);
#427=FACE_OUTER_BOUND('',#698,.T.);
#428=FACE_OUTER_BOUND('',#700,.T.);
#429=FACE_OUTER_BOUND('',#701,.T.);
#430=FACE_OUTER_BOUND('',#702,.T.);
#431=FACE_OUTER_BOUND('',#703,.T.);
#432=FACE_OUTER_BOUND('',#704,.T.);
#433=FACE_OUTER_BOUND('',#705,.T.);
#434=FACE_OUTER_BOUND('',#706,.T.);
#435=FACE_OUTER_BOUND('',#707,.T.);
#436=FACE_OUTER_BOUND('',#708,.T.);
#437=FACE_OUTER_BOUND('',#709,.T.);
#438=FACE_OUTER_BOUND('',#710,.T.);
#439=FACE_OUTER_BOUND('',#711,.T.);
#440=FACE_OUTER_BOUND('',#712,.T.);
#441=FACE_OUTER_BOUND('',#713,.T.);
#442=FACE_OUTER_BOUND('',#714,.T.);
#443=FACE_OUTER_BOUND('',#715,.T.);
#444=FACE_OUTER_BOUND('',#716,.T.);
#445=FACE_OUTER_BOUND('',#717,.T.);
#446=FACE_OUTER_BOUND('',#718,.T.);
#447=FACE_OUTER_BOUND('',#719,.T.);
#448=FACE_OUTER_BOUND('',#720,.T.);
#449=FACE_OUTER_BOUND('',#721,.T.);
#450=FACE_OUTER_BOUND('',#722,.T.);
#451=FACE_OUTER_BOUND('',#723,.T.);
#452=FACE_OUTER_BOUND('',#724,.T.);
#453=FACE_OUTER_BOUND('',#725,.T.);
#454=FACE_OUTER_BOUND('',#726,.T.);
#455=FACE_OUTER_BOUND('',#727,.T.);
#456=FACE_OUTER_BOUND('',#728,.T.);
#457=FACE_OUTER_BOUND('',#729,.T.);
#458=FACE_OUTER_BOUND('',#730,.T.);
#459=FACE_OUTER_BOUND('',#731,.T.);
#460=FACE_OUTER_BOUND('',#732,.T.);
#461=FACE_OUTER_BOUND('',#733,.T.);
#462=FACE_OUTER_BOUND('',#734,.T.);
#463=FACE_OUTER_BOUND('',#735,.T.);
#464=FACE_OUTER_BOUND('',#736,.T.);
#465=FACE_OUTER_BOUND('',#737,.T.);
#466=FACE_OUTER_BOUND('',#738,.T.);
#467=FACE_OUTER_BOUND('',#741,.T.);
#468=FACE_OUTER_BOUND('',#742,.T.);
#469=FACE_OUTER_BOUND('',#743,.T.);
#470=FACE_OUTER_BOUND('',#744,.T.);
#471=FACE_OUTER_BOUND('',#745,.T.);
#472=FACE_OUTER_BOUND('',#747,.T.);
#473=FACE_OUTER_BOUND('',#748,.T.);
#474=FACE_OUTER_BOUND('',#749,.T.);
#475=FACE_OUTER_BOUND('',#750,.T.);
#476=FACE_OUTER_BOUND('',#751,.T.);
#477=FACE_OUTER_BOUND('',#753,.T.);
#478=FACE_OUTER_BOUND('',#759,.T.);
#479=FACE_OUTER_BOUND('',#760,.T.);
#480=FACE_OUTER_BOUND('',#761,.T.);
#481=FACE_OUTER_BOUND('',#762,.T.);
#482=FACE_OUTER_BOUND('',#763,.T.);
#483=FACE_OUTER_BOUND('',#764,.T.);
#484=FACE_OUTER_BOUND('',#765,.T.);
#485=FACE_OUTER_BOUND('',#766,.T.);
#486=FACE_OUTER_BOUND('',#767,.T.);
#487=FACE_OUTER_BOUND('',#768,.T.);
#488=FACE_OUTER_BOUND('',#769,.T.);
#489=FACE_OUTER_BOUND('',#770,.T.);
#490=FACE_OUTER_BOUND('',#771,.T.);
#491=FACE_OUTER_BOUND('',#772,.T.);
#492=FACE_OUTER_BOUND('',#773,.T.);
#493=FACE_OUTER_BOUND('',#774,.T.);
#494=FACE_OUTER_BOUND('',#775,.T.);
#495=FACE_OUTER_BOUND('',#776,.T.);
#496=FACE_OUTER_BOUND('',#777,.T.);
#497=FACE_OUTER_BOUND('',#778,.T.);
#498=FACE_OUTER_BOUND('',#779,.T.);
#499=FACE_OUTER_BOUND('',#780,.T.);
#500=FACE_OUTER_BOUND('',#781,.T.);
#501=FACE_OUTER_BOUND('',#782,.T.);
#502=FACE_OUTER_BOUND('',#783,.T.);
#503=FACE_OUTER_BOUND('',#784,.T.);
#504=FACE_OUTER_BOUND('',#785,.T.);
#505=FACE_OUTER_BOUND('',#786,.T.);
#506=FACE_OUTER_BOUND('',#787,.T.);
#507=FACE_OUTER_BOUND('',#788,.T.);
#508=FACE_OUTER_BOUND('',#789,.T.);
#509=FACE_OUTER_BOUND('',#790,.T.);
#510=FACE_OUTER_BOUND('',#791,.T.);
#511=FACE_OUTER_BOUND('',#792,.T.);
#512=FACE_OUTER_BOUND('',#793,.T.);
#513=FACE_OUTER_BOUND('',#794,.T.);
#514=FACE_OUTER_BOUND('',#795,.T.);
#515=FACE_OUTER_BOUND('',#796,.T.);
#516=FACE_OUTER_BOUND('',#797,.T.);
#517=FACE_OUTER_BOUND('',#798,.T.);
#518=FACE_OUTER_BOUND('',#799,.T.);
#519=FACE_OUTER_BOUND('',#800,.T.);
#520=FACE_OUTER_BOUND('',#801,.T.);
#521=FACE_OUTER_BOUND('',#802,.T.);
#522=FACE_OUTER_BOUND('',#803,.T.);
#523=FACE_OUTER_BOUND('',#804,.T.);
#524=FACE_OUTER_BOUND('',#805,.T.);
#525=FACE_OUTER_BOUND('',#806,.T.);
#526=FACE_OUTER_BOUND('',#807,.T.);
#527=FACE_OUTER_BOUND('',#808,.T.);
#528=FACE_OUTER_BOUND('',#809,.T.);
#529=FACE_OUTER_BOUND('',#810,.T.);
#530=FACE_OUTER_BOUND('',#811,.T.);
#531=FACE_OUTER_BOUND('',#816,.T.);
#532=FACE_OUTER_BOUND('',#817,.T.);
#533=FACE_OUTER_BOUND('',#818,.T.);
#534=FACE_OUTER_BOUND('',#819,.T.);
#535=FACE_OUTER_BOUND('',#820,.T.);
#536=FACE_OUTER_BOUND('',#821,.T.);
#537=FACE_OUTER_BOUND('',#822,.T.);
#538=FACE_OUTER_BOUND('',#824,.T.);
#539=FACE_OUTER_BOUND('',#825,.T.);
#540=FACE_OUTER_BOUND('',#826,.T.);
#541=FACE_OUTER_BOUND('',#827,.T.);
#542=FACE_OUTER_BOUND('',#829,.T.);
#543=FACE_OUTER_BOUND('',#830,.T.);
#544=FACE_OUTER_BOUND('',#831,.T.);
#545=FACE_OUTER_BOUND('',#832,.T.);
#546=FACE_OUTER_BOUND('',#833,.T.);
#547=FACE_OUTER_BOUND('',#834,.T.);
#548=FACE_OUTER_BOUND('',#835,.T.);
#549=FACE_OUTER_BOUND('',#836,.T.);
#550=FACE_OUTER_BOUND('',#837,.T.);
#551=FACE_OUTER_BOUND('',#838,.T.);
#552=FACE_OUTER_BOUND('',#839,.T.);
#553=FACE_OUTER_BOUND('',#842,.T.);
#554=FACE_OUTER_BOUND('',#843,.T.);
#555=FACE_OUTER_BOUND('',#844,.T.);
#556=FACE_OUTER_BOUND('',#845,.T.);
#557=FACE_OUTER_BOUND('',#846,.T.);
#558=FACE_OUTER_BOUND('',#847,.T.);
#559=FACE_OUTER_BOUND('',#848,.T.);
#560=FACE_OUTER_BOUND('',#849,.T.);
#561=FACE_OUTER_BOUND('',#850,.T.);
#562=FACE_OUTER_BOUND('',#851,.T.);
#563=FACE_OUTER_BOUND('',#852,.T.);
#564=FACE_OUTER_BOUND('',#854,.T.);
#565=FACE_OUTER_BOUND('',#856,.T.);
#566=FACE_OUTER_BOUND('',#858,.T.);
#567=FACE_OUTER_BOUND('',#859,.T.);
#568=FACE_OUTER_BOUND('',#860,.T.);
#569=FACE_OUTER_BOUND('',#861,.T.);
#570=FACE_OUTER_BOUND('',#862,.T.);
#571=FACE_OUTER_BOUND('',#863,.T.);
#572=FACE_OUTER_BOUND('',#864,.T.);
#573=FACE_OUTER_BOUND('',#865,.T.);
#574=FACE_OUTER_BOUND('',#866,.T.);
#575=FACE_OUTER_BOUND('',#867,.T.);
#576=FACE_OUTER_BOUND('',#868,.T.);
#577=FACE_OUTER_BOUND('',#869,.T.);
#578=FACE_OUTER_BOUND('',#870,.T.);
#579=FACE_OUTER_BOUND('',#871,.T.);
#580=FACE_OUTER_BOUND('',#872,.T.);
#581=FACE_OUTER_BOUND('',#873,.T.);
#582=FACE_OUTER_BOUND('',#874,.T.);
#583=FACE_OUTER_BOUND('',#875,.T.);
#584=FACE_OUTER_BOUND('',#876,.T.);
#585=FACE_OUTER_BOUND('',#877,.T.);
#586=FACE_OUTER_BOUND('',#878,.T.);
#587=FACE_OUTER_BOUND('',#879,.T.);
#588=FACE_OUTER_BOUND('',#880,.T.);
#589=FACE_OUTER_BOUND('',#881,.T.);
#590=FACE_OUTER_BOUND('',#882,.T.);
#591=FACE_OUTER_BOUND('',#884,.T.);
#592=FACE_OUTER_BOUND('',#885,.T.);
#593=FACE_OUTER_BOUND('',#887,.T.);
#594=FACE_OUTER_BOUND('',#888,.T.);
#595=FACE_OUTER_BOUND('',#889,.T.);
#596=FACE_OUTER_BOUND('',#890,.T.);
#597=FACE_OUTER_BOUND('',#891,.T.);
#598=FACE_OUTER_BOUND('',#892,.T.);
#599=FACE_OUTER_BOUND('',#893,.T.);
#600=FACE_OUTER_BOUND('',#894,.T.);
#601=FACE_OUTER_BOUND('',#895,.T.);
#602=FACE_OUTER_BOUND('',#896,.T.);
#603=FACE_OUTER_BOUND('',#897,.T.);
#604=FACE_OUTER_BOUND('',#898,.T.);
#605=FACE_OUTER_BOUND('',#899,.T.);
#606=FACE_OUTER_BOUND('',#900,.T.);
#607=FACE_OUTER_BOUND('',#901,.T.);
#608=FACE_OUTER_BOUND('',#902,.T.);
#609=FACE_OUTER_BOUND('',#903,.T.);
#610=FACE_OUTER_BOUND('',#904,.T.);
#611=FACE_OUTER_BOUND('',#905,.T.);
#612=FACE_OUTER_BOUND('',#906,.T.);
#613=FACE_OUTER_BOUND('',#907,.T.);
#614=FACE_OUTER_BOUND('',#908,.T.);
#615=FACE_OUTER_BOUND('',#909,.T.);
#616=FACE_OUTER_BOUND('',#910,.T.);
#617=FACE_OUTER_BOUND('',#911,.T.);
#618=FACE_OUTER_BOUND('',#912,.T.);
#619=FACE_OUTER_BOUND('',#913,.T.);
#620=FACE_OUTER_BOUND('',#914,.T.);
#621=FACE_OUTER_BOUND('',#915,.T.);
#622=FACE_OUTER_BOUND('',#916,.T.);
#623=FACE_OUTER_BOUND('',#917,.T.);
#624=FACE_OUTER_BOUND('',#918,.T.);
#625=FACE_OUTER_BOUND('',#919,.T.);
#626=FACE_OUTER_BOUND('',#920,.T.);
#627=FACE_OUTER_BOUND('',#921,.T.);
#628=FACE_OUTER_BOUND('',#922,.T.);
#629=FACE_OUTER_BOUND('',#923,.T.);
#630=FACE_OUTER_BOUND('',#925,.T.);
#631=FACE_OUTER_BOUND('',#927,.T.);
#632=FACE_OUTER_BOUND('',#928,.T.);
#633=FACE_OUTER_BOUND('',#929,.T.);
#634=FACE_OUTER_BOUND('',#930,.T.);
#635=FACE_OUTER_BOUND('',#931,.T.);
#636=FACE_OUTER_BOUND('',#932,.T.);
#637=FACE_OUTER_BOUND('',#933,.T.);
#638=FACE_OUTER_BOUND('',#934,.T.);
#639=FACE_OUTER_BOUND('',#935,.T.);
#640=FACE_OUTER_BOUND('',#936,.T.);
#641=FACE_OUTER_BOUND('',#937,.T.);
#642=FACE_OUTER_BOUND('',#938,.T.);
#643=FACE_OUTER_BOUND('',#940,.T.);
#644=FACE_OUTER_BOUND('',#941,.T.);
#645=FACE_OUTER_BOUND('',#942,.T.);
#646=FACE_OUTER_BOUND('',#943,.T.);
#647=FACE_OUTER_BOUND('',#944,.T.);
#648=FACE_OUTER_BOUND('',#945,.T.);
#649=FACE_OUTER_BOUND('',#946,.T.);
#650=FACE_OUTER_BOUND('',#947,.T.);
#651=FACE_OUTER_BOUND('',#948,.T.);
#652=FACE_OUTER_BOUND('',#949,.T.);
#653=FACE_OUTER_BOUND('',#950,.T.);
#654=FACE_OUTER_BOUND('',#951,.T.);
#655=FACE_OUTER_BOUND('',#952,.T.);
#656=FACE_OUTER_BOUND('',#953,.T.);
#657=FACE_OUTER_BOUND('',#954,.T.);
#658=FACE_OUTER_BOUND('',#955,.T.);
#659=FACE_OUTER_BOUND('',#956,.T.);
#660=FACE_OUTER_BOUND('',#957,.T.);
#661=FACE_OUTER_BOUND('',#958,.T.);
#662=FACE_OUTER_BOUND('',#959,.T.);
#663=FACE_OUTER_BOUND('',#960,.T.);
#664=FACE_OUTER_BOUND('',#961,.T.);
#665=FACE_OUTER_BOUND('',#962,.T.);
#666=FACE_OUTER_BOUND('',#963,.T.);
#667=EDGE_LOOP('',(#3220,#3221,#3222,#3223,#3224));
#668=EDGE_LOOP('',(#3225,#3226,#3227,#3228,#3229,#3230,#3231,#3232,#3233,
#3234,#3235,#3236,#3237,#3238,#3239,#3240,#3241,#3242,#3243));
#669=EDGE_LOOP('',(#3244));
#670=EDGE_LOOP('',(#3245,#3246,#3247,#3248,#3249));
#671=EDGE_LOOP('',(#3250,#3251,#3252,#3253,#3254));
#672=EDGE_LOOP('',(#3255,#3256,#3257,#3258,#3259));
#673=EDGE_LOOP('',(#3260,#3261,#3262,#3263,#3264));
#674=EDGE_LOOP('',(#3265,#3266,#3267,#3268));
#675=EDGE_LOOP('',(#3269,#3270,#3271,#3272));
#676=EDGE_LOOP('',(#3273,#3274,#3275,#3276));
#677=EDGE_LOOP('',(#3277));
#678=EDGE_LOOP('',(#3278,#3279,#3280,#3281));
#679=EDGE_LOOP('',(#3282,#3283,#3284,#3285));
#680=EDGE_LOOP('',(#3286,#3287,#3288,#3289,#3290,#3291,#3292,#3293));
#681=EDGE_LOOP('',(#3294,#3295,#3296,#3297,#3298));
#682=EDGE_LOOP('',(#3299,#3300,#3301,#3302,#3303,#3304,#3305,#3306));
#683=EDGE_LOOP('',(#3307,#3308,#3309,#3310));
#684=EDGE_LOOP('',(#3311,#3312));
#685=EDGE_LOOP('',(#3313,#3314,#3315,#3316));
#686=EDGE_LOOP('',(#3317,#3318,#3319,#3320));
#687=EDGE_LOOP('',(#3321,#3322,#3323,#3324));
#688=EDGE_LOOP('',(#3325));
#689=EDGE_LOOP('',(#3326,#3327,#3328,#3329));
#690=EDGE_LOOP('',(#3330,#3331,#3332,#3333));
#691=EDGE_LOOP('',(#3334,#3335,#3336,#3337,#3338,#3339,#3340,#3341));
#692=EDGE_LOOP('',(#3342,#3343,#3344,#3345,#3346));
#693=EDGE_LOOP('',(#3347,#3348,#3349,#3350,#3351,#3352,#3353,#3354));
#694=EDGE_LOOP('',(#3355,#3356,#3357,#3358));
#695=EDGE_LOOP('',(#3359,#3360));
#696=EDGE_LOOP('',(#3361,#3362,#3363,#3364));
#697=EDGE_LOOP('',(#3365,#3366,#3367,#3368));
#698=EDGE_LOOP('',(#3369,#3370,#3371,#3372));
#699=EDGE_LOOP('',(#3373));
#700=EDGE_LOOP('',(#3374,#3375,#3376,#3377));
#701=EDGE_LOOP('',(#3378,#3379,#3380,#3381));
#702=EDGE_LOOP('',(#3382,#3383,#3384,#3385,#3386,#3387,#3388,#3389));
#703=EDGE_LOOP('',(#3390,#3391,#3392,#3393,#3394));
#704=EDGE_LOOP('',(#3395,#3396,#3397,#3398,#3399,#3400,#3401,#3402));
#705=EDGE_LOOP('',(#3403,#3404,#3405,#3406));
#706=EDGE_LOOP('',(#3407,#3408));
#707=EDGE_LOOP('',(#3409,#3410,#3411,#3412));
#708=EDGE_LOOP('',(#3413,#3414,#3415,#3416));
#709=EDGE_LOOP('',(#3417,#3418,#3419,#3420));
#710=EDGE_LOOP('',(#3421,#3422,#3423,#3424,#3425));
#711=EDGE_LOOP('',(#3426,#3427,#3428,#3429,#3430));
#712=EDGE_LOOP('',(#3431,#3432,#3433,#3434,#3435));
#713=EDGE_LOOP('',(#3436,#3437,#3438,#3439));
#714=EDGE_LOOP('',(#3440,#3441,#3442,#3443,#3444));
#715=EDGE_LOOP('',(#3445,#3446,#3447,#3448,#3449));
#716=EDGE_LOOP('',(#3450,#3451,#3452,#3453,#3454));
#717=EDGE_LOOP('',(#3455,#3456,#3457,#3458));
#718=EDGE_LOOP('',(#3459,#3460,#3461,#3462,#3463));
#719=EDGE_LOOP('',(#3464,#3465,#3466,#3467,#3468));
#720=EDGE_LOOP('',(#3469,#3470,#3471,#3472,#3473));
#721=EDGE_LOOP('',(#3474,#3475,#3476,#3477));
#722=EDGE_LOOP('',(#3478,#3479,#3480,#3481,#3482));
#723=EDGE_LOOP('',(#3483,#3484,#3485,#3486,#3487,#3488,#3489,#3490));
#724=EDGE_LOOP('',(#3491,#3492,#3493,#3494,#3495,#3496,#3497,#3498,#3499,
#3500));
#725=EDGE_LOOP('',(#3501,#3502,#3503,#3504,#3505));
#726=EDGE_LOOP('',(#3506,#3507,#3508,#3509,#3510,#3511));
#727=EDGE_LOOP('',(#3512,#3513,#3514,#3515,#3516,#3517));
#728=EDGE_LOOP('',(#3518,#3519,#3520,#3521,#3522,#3523));
#729=EDGE_LOOP('',(#3524,#3525,#3526,#3527,#3528,#3529));
#730=EDGE_LOOP('',(#3530,#3531,#3532,#3533,#3534,#3535));
#731=EDGE_LOOP('',(#3536,#3537,#3538,#3539,#3540,#3541));
#732=EDGE_LOOP('',(#3542,#3543,#3544,#3545,#3546,#3547));
#733=EDGE_LOOP('',(#3548,#3549,#3550,#3551));
#734=EDGE_LOOP('',(#3552,#3553,#3554,#3555,#3556,#3557));
#735=EDGE_LOOP('',(#3558,#3559,#3560,#3561));
#736=EDGE_LOOP('',(#3562,#3563,#3564,#3565));
#737=EDGE_LOOP('',(#3566,#3567,#3568,#3569));
#738=EDGE_LOOP('',(#3570,#3571,#3572,#3573,#3574,#3575,#3576,#3577,#3578,
#3579,#3580,#3581));
#739=EDGE_LOOP('',(#3582,#3583,#3584,#3585,#3586,#3587));
#740=EDGE_LOOP('',(#3588));
#741=EDGE_LOOP('',(#3589,#3590,#3591,#3592));
#742=EDGE_LOOP('',(#3593,#3594,#3595,#3596));
#743=EDGE_LOOP('',(#3597,#3598,#3599,#3600));
#744=EDGE_LOOP('',(#3601,#3602,#3603,#3604,#3605,#3606,#3607,#3608));
#745=EDGE_LOOP('',(#3609));
#746=EDGE_LOOP('',(#3610));
#747=EDGE_LOOP('',(#3611,#3612,#3613,#3614,#3615));
#748=EDGE_LOOP('',(#3616,#3617,#3618,#3619,#3620));
#749=EDGE_LOOP('',(#3621,#3622,#3623,#3624,#3625,#3626,#3627));
#750=EDGE_LOOP('',(#3628,#3629,#3630,#3631,#3632,#3633,#3634,#3635,#3636,
#3637,#3638));
#751=EDGE_LOOP('',(#3639,#3640,#3641,#3642,#3643,#3644,#3645,#3646,#3647,
#3648,#3649,#3650,#3651,#3652,#3653,#3654,#3655,#3656,#3657,#3658,#3659,
#3660,#3661,#3662,#3663,#3664,#3665,#3666,#3667,#3668,#3669,#3670,#3671));
#752=EDGE_LOOP('',(#3672));
#753=EDGE_LOOP('',(#3673,#3674,#3675,#3676,#3677,#3678,#3679,#3680,#3681,
#3682,#3683,#3684,#3685,#3686,#3687,#3688,#3689,#3690,#3691,#3692,#3693,
#3694,#3695,#3696,#3697,#3698,#3699,#3700,#3701,#3702,#3703,#3704,#3705,
#3706));
#754=EDGE_LOOP('',(#3707));
#755=EDGE_LOOP('',(#3708,#3709,#3710,#3711));
#756=EDGE_LOOP('',(#3712));
#757=EDGE_LOOP('',(#3713));
#758=EDGE_LOOP('',(#3714));
#759=EDGE_LOOP('',(#3715,#3716,#3717,#3718));
#760=EDGE_LOOP('',(#3719,#3720,#3721,#3722));
#761=EDGE_LOOP('',(#3723,#3724,#3725,#3726));
#762=EDGE_LOOP('',(#3727,#3728,#3729,#3730,#3731,#3732));
#763=EDGE_LOOP('',(#3733,#3734,#3735,#3736,#3737,#3738));
#764=EDGE_LOOP('',(#3739,#3740,#3741,#3742,#3743,#3744));
#765=EDGE_LOOP('',(#3745,#3746,#3747,#3748,#3749,#3750,#3751,#3752));
#766=EDGE_LOOP('',(#3753,#3754,#3755,#3756,#3757,#3758,#3759,#3760));
#767=EDGE_LOOP('',(#3761,#3762,#3763,#3764,#3765,#3766,#3767,#3768));
#768=EDGE_LOOP('',(#3769,#3770,#3771,#3772,#3773));
#769=EDGE_LOOP('',(#3774,#3775,#3776,#3777));
#770=EDGE_LOOP('',(#3778,#3779,#3780,#3781,#3782));
#771=EDGE_LOOP('',(#3783,#3784,#3785,#3786,#3787));
#772=EDGE_LOOP('',(#3788,#3789,#3790,#3791));
#773=EDGE_LOOP('',(#3792,#3793,#3794,#3795));
#774=EDGE_LOOP('',(#3796,#3797,#3798,#3799));
#775=EDGE_LOOP('',(#3800,#3801,#3802,#3803));
#776=EDGE_LOOP('',(#3804,#3805,#3806,#3807));
#777=EDGE_LOOP('',(#3808,#3809,#3810,#3811,#3812));
#778=EDGE_LOOP('',(#3813,#3814,#3815,#3816));
#779=EDGE_LOOP('',(#3817,#3818,#3819,#3820,#3821));
#780=EDGE_LOOP('',(#3822,#3823,#3824,#3825,#3826,#3827,#3828,#3829));
#781=EDGE_LOOP('',(#3830,#3831,#3832,#3833,#3834));
#782=EDGE_LOOP('',(#3835,#3836,#3837,#3838,#3839,#3840,#3841,#3842,#3843,
#3844));
#783=EDGE_LOOP('',(#3845,#3846,#3847,#3848,#3849));
#784=EDGE_LOOP('',(#3850,#3851,#3852,#3853));
#785=EDGE_LOOP('',(#3854,#3855,#3856,#3857));
#786=EDGE_LOOP('',(#3858,#3859,#3860,#3861));
#787=EDGE_LOOP('',(#3862,#3863,#3864,#3865));
#788=EDGE_LOOP('',(#3866,#3867,#3868,#3869));
#789=EDGE_LOOP('',(#3870,#3871,#3872,#3873));
#790=EDGE_LOOP('',(#3874,#3875,#3876,#3877));
#791=EDGE_LOOP('',(#3878,#3879,#3880,#3881));
#792=EDGE_LOOP('',(#3882,#3883,#3884,#3885));
#793=EDGE_LOOP('',(#3886,#3887,#3888,#3889));
#794=EDGE_LOOP('',(#3890,#3891,#3892,#3893));
#795=EDGE_LOOP('',(#3894,#3895,#3896,#3897));
#796=EDGE_LOOP('',(#3898,#3899,#3900,#3901));
#797=EDGE_LOOP('',(#3902,#3903,#3904,#3905));
#798=EDGE_LOOP('',(#3906,#3907,#3908,#3909));
#799=EDGE_LOOP('',(#3910,#3911,#3912,#3913));
#800=EDGE_LOOP('',(#3914,#3915,#3916,#3917));
#801=EDGE_LOOP('',(#3918,#3919,#3920,#3921));
#802=EDGE_LOOP('',(#3922,#3923,#3924,#3925));
#803=EDGE_LOOP('',(#3926,#3927,#3928,#3929));
#804=EDGE_LOOP('',(#3930,#3931,#3932,#3933));
#805=EDGE_LOOP('',(#3934,#3935,#3936,#3937));
#806=EDGE_LOOP('',(#3938,#3939,#3940,#3941));
#807=EDGE_LOOP('',(#3942,#3943,#3944,#3945));
#808=EDGE_LOOP('',(#3946,#3947));
#809=EDGE_LOOP('',(#3948,#3949));
#810=EDGE_LOOP('',(#3950,#3951));
#811=EDGE_LOOP('',(#3952,#3953,#3954,#3955,#3956,#3957,#3958,#3959,#3960,
#3961,#3962,#3963,#3964,#3965,#3966,#3967,#3968,#3969,#3970,#3971,#3972,
#3973,#3974,#3975));
#812=EDGE_LOOP('',(#3976,#3977,#3978,#3979));
#813=EDGE_LOOP('',(#3980));
#814=EDGE_LOOP('',(#3981));
#815=EDGE_LOOP('',(#3982));
#816=EDGE_LOOP('',(#3983,#3984,#3985,#3986,#3987,#3988,#3989,#3990));
#817=EDGE_LOOP('',(#3991,#3992,#3993,#3994));
#818=EDGE_LOOP('',(#3995,#3996,#3997,#3998));
#819=EDGE_LOOP('',(#3999,#4000,#4001,#4002));
#820=EDGE_LOOP('',(#4003,#4004,#4005,#4006));
#821=EDGE_LOOP('',(#4007,#4008,#4009,#4010,#4011,#4012,#4013,#4014,#4015));
#822=EDGE_LOOP('',(#4016,#4017,#4018,#4019));
#823=EDGE_LOOP('',(#4020));
#824=EDGE_LOOP('',(#4021,#4022,#4023,#4024));
#825=EDGE_LOOP('',(#4025,#4026,#4027,#4028,#4029,#4030,#4031,#4032,#4033,
#4034,#4035,#4036));
#826=EDGE_LOOP('',(#4037,#4038,#4039,#4040));
#827=EDGE_LOOP('',(#4041,#4042,#4043,#4044,#4045,#4046,#4047,#4048,#4049,
#4050,#4051,#4052,#4053,#4054,#4055,#4056,#4057,#4058,#4059,#4060,#4061));
#828=EDGE_LOOP('',(#4062));
#829=EDGE_LOOP('',(#4063,#4064,#4065,#4066));
#830=EDGE_LOOP('',(#4067,#4068,#4069,#4070));
#831=EDGE_LOOP('',(#4071,#4072,#4073,#4074));
#832=EDGE_LOOP('',(#4075,#4076,#4077,#4078,#4079));
#833=EDGE_LOOP('',(#4080,#4081,#4082,#4083,#4084));
#834=EDGE_LOOP('',(#4085,#4086,#4087,#4088));
#835=EDGE_LOOP('',(#4089,#4090,#4091,#4092));
#836=EDGE_LOOP('',(#4093,#4094,#4095,#4096));
#837=EDGE_LOOP('',(#4097,#4098,#4099,#4100));
#838=EDGE_LOOP('',(#4101,#4102,#4103,#4104));
#839=EDGE_LOOP('',(#4105,#4106,#4107,#4108,#4109,#4110,#4111,#4112));
#840=EDGE_LOOP('',(#4113));
#841=EDGE_LOOP('',(#4114));
#842=EDGE_LOOP('',(#4115,#4116,#4117,#4118));
#843=EDGE_LOOP('',(#4119,#4120,#4121,#4122,#4123,#4124,#4125,#4126));
#844=EDGE_LOOP('',(#4127,#4128,#4129,#4130,#4131,#4132));
#845=EDGE_LOOP('',(#4133,#4134,#4135,#4136,#4137));
#846=EDGE_LOOP('',(#4138,#4139,#4140,#4141));
#847=EDGE_LOOP('',(#4142,#4143,#4144,#4145));
#848=EDGE_LOOP('',(#4146,#4147,#4148,#4149));
#849=EDGE_LOOP('',(#4150,#4151,#4152,#4153,#4154));
#850=EDGE_LOOP('',(#4155,#4156,#4157,#4158,#4159));
#851=EDGE_LOOP('',(#4160,#4161,#4162,#4163,#4164));
#852=EDGE_LOOP('',(#4165,#4166));
#853=EDGE_LOOP('',(#4167));
#854=EDGE_LOOP('',(#4168,#4169));
#855=EDGE_LOOP('',(#4170));
#856=EDGE_LOOP('',(#4171,#4172));
#857=EDGE_LOOP('',(#4173));
#858=EDGE_LOOP('',(#4174,#4175,#4176,#4177));
#859=EDGE_LOOP('',(#4178,#4179,#4180,#4181));
#860=EDGE_LOOP('',(#4182,#4183,#4184,#4185));
#861=EDGE_LOOP('',(#4186,#4187,#4188,#4189));
#862=EDGE_LOOP('',(#4190,#4191,#4192,#4193));
#863=EDGE_LOOP('',(#4194,#4195,#4196,#4197));
#864=EDGE_LOOP('',(#4198,#4199,#4200,#4201,#4202,#4203,#4204,#4205));
#865=EDGE_LOOP('',(#4206,#4207,#4208,#4209,#4210,#4211,#4212,#4213));
#866=EDGE_LOOP('',(#4214,#4215,#4216,#4217,#4218,#4219,#4220,#4221));
#867=EDGE_LOOP('',(#4222,#4223,#4224,#4225));
#868=EDGE_LOOP('',(#4226,#4227,#4228,#4229,#4230,#4231,#4232,#4233,#4234,
#4235,#4236,#4237));
#869=EDGE_LOOP('',(#4238,#4239,#4240,#4241,#4242,#4243,#4244,#4245));
#870=EDGE_LOOP('',(#4246,#4247,#4248,#4249));
#871=EDGE_LOOP('',(#4250,#4251,#4252,#4253,#4254,#4255));
#872=EDGE_LOOP('',(#4256,#4257,#4258,#4259));
#873=EDGE_LOOP('',(#4260,#4261,#4262,#4263,#4264,#4265,#4266));
#874=EDGE_LOOP('',(#4267,#4268,#4269,#4270));
#875=EDGE_LOOP('',(#4271,#4272,#4273,#4274,#4275,#4276));
#876=EDGE_LOOP('',(#4277,#4278,#4279,#4280,#4281,#4282));
#877=EDGE_LOOP('',(#4283,#4284,#4285,#4286,#4287,#4288));
#878=EDGE_LOOP('',(#4289,#4290,#4291,#4292));
#879=EDGE_LOOP('',(#4293,#4294,#4295,#4296));
#880=EDGE_LOOP('',(#4297,#4298,#4299,#4300,#4301,#4302,#4303,#4304,#4305,
#4306));
#881=EDGE_LOOP('',(#4307,#4308,#4309,#4310,#4311));
#882=EDGE_LOOP('',(#4312,#4313,#4314,#4315,#4316,#4317));
#883=EDGE_LOOP('',(#4318));
#884=EDGE_LOOP('',(#4319,#4320,#4321,#4322));
#885=EDGE_LOOP('',(#4323));
#886=EDGE_LOOP('',(#4324));
#887=EDGE_LOOP('',(#4325,#4326,#4327,#4328));
#888=EDGE_LOOP('',(#4329,#4330,#4331,#4332,#4333,#4334));
#889=EDGE_LOOP('',(#4335,#4336,#4337,#4338,#4339,#4340));
#890=EDGE_LOOP('',(#4341,#4342,#4343,#4344));
#891=EDGE_LOOP('',(#4345,#4346,#4347,#4348,#4349));
#892=EDGE_LOOP('',(#4350,#4351,#4352,#4353));
#893=EDGE_LOOP('',(#4354,#4355,#4356,#4357));
#894=EDGE_LOOP('',(#4358));
#895=EDGE_LOOP('',(#4359,#4360,#4361,#4362));
#896=EDGE_LOOP('',(#4363,#4364,#4365,#4366,#4367,#4368));
#897=EDGE_LOOP('',(#4369,#4370,#4371,#4372,#4373));
#898=EDGE_LOOP('',(#4374,#4375,#4376,#4377));
#899=EDGE_LOOP('',(#4378,#4379,#4380,#4381));
#900=EDGE_LOOP('',(#4382,#4383,#4384,#4385,#4386));
#901=EDGE_LOOP('',(#4387,#4388,#4389,#4390));
#902=EDGE_LOOP('',(#4391,#4392,#4393,#4394,#4395));
#903=EDGE_LOOP('',(#4396,#4397,#4398,#4399));
#904=EDGE_LOOP('',(#4400,#4401,#4402,#4403));
#905=EDGE_LOOP('',(#4404,#4405,#4406,#4407));
#906=EDGE_LOOP('',(#4408,#4409,#4410,#4411));
#907=EDGE_LOOP('',(#4412,#4413,#4414,#4415));
#908=EDGE_LOOP('',(#4416,#4417,#4418,#4419));
#909=EDGE_LOOP('',(#4420,#4421,#4422,#4423));
#910=EDGE_LOOP('',(#4424,#4425,#4426));
#911=EDGE_LOOP('',(#4427,#4428,#4429,#4430));
#912=EDGE_LOOP('',(#4431,#4432,#4433,#4434));
#913=EDGE_LOOP('',(#4435,#4436,#4437,#4438));
#914=EDGE_LOOP('',(#4439,#4440,#4441,#4442));
#915=EDGE_LOOP('',(#4443,#4444,#4445,#4446));
#916=EDGE_LOOP('',(#4447,#4448,#4449,#4450,#4451));
#917=EDGE_LOOP('',(#4452,#4453,#4454,#4455));
#918=EDGE_LOOP('',(#4456,#4457,#4458,#4459));
#919=EDGE_LOOP('',(#4460,#4461,#4462,#4463));
#920=EDGE_LOOP('',(#4464,#4465,#4466,#4467,#4468,#4469,#4470,#4471));
#921=EDGE_LOOP('',(#4472,#4473,#4474,#4475,#4476));
#922=EDGE_LOOP('',(#4477,#4478,#4479,#4480,#4481,#4482,#4483,#4484));
#923=EDGE_LOOP('',(#4485));
#924=EDGE_LOOP('',(#4486));
#925=EDGE_LOOP('',(#4487));
#926=EDGE_LOOP('',(#4488));
#927=EDGE_LOOP('',(#4489,#4490,#4491,#4492));
#928=EDGE_LOOP('',(#4493,#4494,#4495,#4496,#4497,#4498,#4499,#4500));
#929=EDGE_LOOP('',(#4501,#4502,#4503,#4504));
#930=EDGE_LOOP('',(#4505,#4506,#4507,#4508));
#931=EDGE_LOOP('',(#4509,#4510,#4511,#4512));
#932=EDGE_LOOP('',(#4513,#4514,#4515,#4516));
#933=EDGE_LOOP('',(#4517,#4518,#4519,#4520,#4521,#4522,#4523,#4524));
#934=EDGE_LOOP('',(#4525,#4526,#4527,#4528));
#935=EDGE_LOOP('',(#4529,#4530,#4531,#4532));
#936=EDGE_LOOP('',(#4533,#4534,#4535,#4536));
#937=EDGE_LOOP('',(#4537,#4538,#4539));
#938=EDGE_LOOP('',(#4540));
#939=EDGE_LOOP('',(#4541));
#940=EDGE_LOOP('',(#4542));
#941=EDGE_LOOP('',(#4543));
#942=EDGE_LOOP('',(#4544,#4545,#4546,#4547,#4548,#4549,#4550,#4551,#4552,
#4553,#4554,#4555));
#943=EDGE_LOOP('',(#4556,#4557,#4558,#4559));
#944=EDGE_LOOP('',(#4560,#4561,#4562,#4563));
#945=EDGE_LOOP('',(#4564,#4565,#4566,#4567));
#946=EDGE_LOOP('',(#4568,#4569,#4570,#4571));
#947=EDGE_LOOP('',(#4572,#4573,#4574,#4575));
#948=EDGE_LOOP('',(#4576,#4577,#4578,#4579));
#949=EDGE_LOOP('',(#4580,#4581,#4582,#4583));
#950=EDGE_LOOP('',(#4584,#4585,#4586,#4587));
#951=EDGE_LOOP('',(#4588,#4589,#4590,#4591));
#952=EDGE_LOOP('',(#4592,#4593,#4594,#4595));
#953=EDGE_LOOP('',(#4596,#4597,#4598,#4599));
#954=EDGE_LOOP('',(#4600,#4601,#4602,#4603));
#955=EDGE_LOOP('',(#4604,#4605,#4606,#4607,#4608,#4609));
#956=EDGE_LOOP('',(#4610,#4611,#4612,#4613,#4614,#4615,#4616,#4617,#4618,
#4619,#4620,#4621,#4622,#4623));
#957=EDGE_LOOP('',(#4624,#4625,#4626,#4627));
#958=EDGE_LOOP('',(#4628,#4629,#4630,#4631));
#959=EDGE_LOOP('',(#4632,#4633,#4634,#4635,#4636,#4637,#4638,#4639,#4640));
#960=EDGE_LOOP('',(#4641,#4642,#4643,#4644));
#961=EDGE_LOOP('',(#4645,#4646,#4647,#4648,#4649,#4650));
#962=EDGE_LOOP('',(#4651,#4652,#4653,#4654,#4655,#4656));
#963=EDGE_LOOP('',(#4657,#4658,#4659,#4660,#4661));
#964=LINE('',#6763,#1422);
#965=LINE('',#6768,#1423);
#966=LINE('',#6772,#1424);
#967=LINE('',#6774,#1425);
#968=LINE('',#6776,#1426);
#969=LINE('',#6778,#1427);
#970=LINE('',#6780,#1428);
#971=LINE('',#6782,#1429);
#972=LINE('',#6792,#1430);
#973=LINE('',#6802,#1431);
#974=LINE('',#6803,#1432);
#975=LINE('',#6806,#1433);
#976=LINE('',#6813,#1434);
#977=LINE('',#6821,#1435);
#978=LINE('',#6829,#1436);
#979=LINE('',#6835,#1437);
#980=LINE('',#6837,#1438);
#981=LINE('',#6839,#1439);
#982=LINE('',#6840,#1440);
#983=LINE('',#6844,#1441);
#984=LINE('',#6846,#1442);
#985=LINE('',#6848,#1443);
#986=LINE('',#6849,#1444);
#987=LINE('',#6851,#1445);
#988=LINE('',#6852,#1446);
#989=LINE('',#6857,#1447);
#990=LINE('',#6860,#1448);
#991=LINE('',#6866,#1449);
#992=LINE('',#6869,#1450);
#993=LINE('',#6872,#1451);
#994=LINE('',#6873,#1452);
#995=LINE('',#6874,#1453);
#996=LINE('',#6880,#1454);
#997=LINE('',#6882,#1455);
#998=LINE('',#6883,#1456);
#999=LINE('',#6890,#1457);
#1000=LINE('',#6892,#1458);
#1001=LINE('',#6894,#1459);
#1002=LINE('',#6895,#1460);
#1003=LINE('',#6899,#1461);
#1004=LINE('',#6901,#1462);
#1005=LINE('',#6903,#1463);
#1006=LINE('',#6904,#1464);
#1007=LINE('',#6906,#1465);
#1008=LINE('',#6907,#1466);
#1009=LINE('',#6912,#1467);
#1010=LINE('',#6915,#1468);
#1011=LINE('',#6921,#1469);
#1012=LINE('',#6924,#1470);
#1013=LINE('',#6927,#1471);
#1014=LINE('',#6928,#1472);
#1015=LINE('',#6929,#1473);
#1016=LINE('',#6935,#1474);
#1017=LINE('',#6937,#1475);
#1018=LINE('',#6938,#1476);
#1019=LINE('',#6945,#1477);
#1020=LINE('',#6947,#1478);
#1021=LINE('',#6949,#1479);
#1022=LINE('',#6950,#1480);
#1023=LINE('',#6954,#1481);
#1024=LINE('',#6956,#1482);
#1025=LINE('',#6958,#1483);
#1026=LINE('',#6959,#1484);
#1027=LINE('',#6961,#1485);
#1028=LINE('',#6962,#1486);
#1029=LINE('',#6967,#1487);
#1030=LINE('',#6970,#1488);
#1031=LINE('',#6976,#1489);
#1032=LINE('',#6979,#1490);
#1033=LINE('',#6982,#1491);
#1034=LINE('',#6983,#1492);
#1035=LINE('',#6984,#1493);
#1036=LINE('',#6990,#1494);
#1037=LINE('',#6992,#1495);
#1038=LINE('',#6993,#1496);
#1039=LINE('',#7133,#1497);
#1040=LINE('',#7135,#1498);
#1041=LINE('',#7136,#1499);
#1042=LINE('',#7144,#1500);
#1043=LINE('',#7149,#1501);
#1044=LINE('',#7153,#1502);
#1045=LINE('',#7155,#1503);
#1046=LINE('',#7160,#1504);
#1047=LINE('',#7168,#1505);
#1048=LINE('',#7169,#1506);
#1049=LINE('',#7175,#1507);
#1050=LINE('',#7177,#1508);
#1051=LINE('',#7178,#1509);
#1052=LINE('',#7188,#1510);
#1053=LINE('',#7191,#1511);
#1054=LINE('',#7193,#1512);
#1055=LINE('',#7203,#1513);
#1056=LINE('',#7213,#1514);
#1057=LINE('',#7214,#1515);
#1058=LINE('',#7224,#1516);
#1059=LINE('',#7229,#1517);
#1060=LINE('',#7232,#1518);
#1061=LINE('',#7237,#1519);
#1062=LINE('',#7239,#1520);
#1063=LINE('',#7240,#1521);
#1064=LINE('',#7242,#1522);
#1065=LINE('',#7243,#1523);
#1066=LINE('',#7246,#1524);
#1067=LINE('',#7274,#1525);
#1068=LINE('',#7300,#1526);
#1069=LINE('',#7301,#1527);
#1070=LINE('',#7304,#1528);
#1071=LINE('',#7309,#1529);
#1072=LINE('',#7311,#1530);
#1073=LINE('',#7313,#1531);
#1074=LINE('',#7315,#1532);
#1075=LINE('',#7317,#1533);
#1076=LINE('',#7318,#1534);
#1077=LINE('',#7321,#1535);
#1078=LINE('',#7323,#1536);
#1079=LINE('',#7325,#1537);
#1080=LINE('',#7327,#1538);
#1081=LINE('',#7328,#1539);
#1082=LINE('',#7331,#1540);
#1083=LINE('',#7333,#1541);
#1084=LINE('',#7335,#1542);
#1085=LINE('',#7336,#1543);
#1086=LINE('',#7339,#1544);
#1087=LINE('',#7341,#1545);
#1088=LINE('',#7343,#1546);
#1089=LINE('',#7344,#1547);
#1090=LINE('',#7346,#1548);
#1091=LINE('',#7348,#1549);
#1092=LINE('',#7350,#1550);
#1093=LINE('',#7351,#1551);
#1094=LINE('',#7354,#1552);
#1095=LINE('',#7356,#1553);
#1096=LINE('',#7357,#1554);
#1097=LINE('',#7360,#1555);
#1098=LINE('',#7362,#1556);
#1099=LINE('',#7363,#1557);
#1100=LINE('',#7366,#1558);
#1101=LINE('',#7367,#1559);
#1102=LINE('',#7370,#1560);
#1103=LINE('',#7371,#1561);
#1104=LINE('',#7373,#1562);
#1105=LINE('',#7416,#1563);
#1106=LINE('',#7440,#1564);
#1107=LINE('',#7444,#1565);
#1108=LINE('',#7446,#1566);
#1109=LINE('',#7448,#1567);
#1110=LINE('',#7450,#1568);
#1111=LINE('',#7452,#1569);
#1112=LINE('',#7454,#1570);
#1113=LINE('',#7456,#1571);
#1114=LINE('',#7458,#1572);
#1115=LINE('',#7460,#1573);
#1116=LINE('',#7462,#1574);
#1117=LINE('',#7464,#1575);
#1118=LINE('',#7465,#1576);
#1119=LINE('',#7470,#1577);
#1120=LINE('',#7486,#1578);
#1121=LINE('',#7488,#1579);
#1122=LINE('',#7489,#1580);
#1123=LINE('',#7492,#1581);
#1124=LINE('',#7494,#1582);
#1125=LINE('',#7496,#1583);
#1126=LINE('',#7498,#1584);
#1127=LINE('',#7500,#1585);
#1128=LINE('',#7501,#1586);
#1129=LINE('',#7504,#1587);
#1130=LINE('',#7506,#1588);
#1131=LINE('',#7509,#1589);
#1132=LINE('',#7511,#1590);
#1133=LINE('',#7513,#1591);
#1134=LINE('',#7517,#1592);
#1135=LINE('',#7519,#1593);
#1136=LINE('',#7521,#1594);
#1137=LINE('',#7523,#1595);
#1138=LINE('',#7524,#1596);
#1139=LINE('',#7526,#1597);
#1140=LINE('',#7527,#1598);
#1141=LINE('',#7528,#1599);
#1142=LINE('',#7531,#1600);
#1143=LINE('',#7543,#1601);
#1144=LINE('',#7554,#1602);
#1145=LINE('',#7556,#1603);
#1146=LINE('',#7558,#1604);
#1147=LINE('',#7560,#1605);
#1148=LINE('',#7562,#1606);
#1149=LINE('',#7564,#1607);
#1150=LINE('',#7566,#1608);
#1151=LINE('',#7568,#1609);
#1152=LINE('',#7572,#1610);
#1153=LINE('',#7578,#1611);
#1154=LINE('',#7580,#1612);
#1155=LINE('',#7582,#1613);
#1156=LINE('',#7586,#1614);
#1157=LINE('',#7588,#1615);
#1158=LINE('',#7590,#1616);
#1159=LINE('',#7594,#1617);
#1160=LINE('',#7596,#1618);
#1161=LINE('',#7598,#1619);
#1162=LINE('',#7599,#1620);
#1163=LINE('',#7604,#1621);
#1164=LINE('',#7608,#1622);
#1165=LINE('',#7610,#1623);
#1166=LINE('',#7612,#1624);
#1167=LINE('',#7616,#1625);
#1168=LINE('',#7618,#1626);
#1169=LINE('',#7620,#1627);
#1170=LINE('',#7622,#1628);
#1171=LINE('',#7624,#1629);
#1172=LINE('',#7626,#1630);
#1173=LINE('',#7628,#1631);
#1174=LINE('',#7630,#1632);
#1175=LINE('',#7632,#1633);
#1176=LINE('',#7634,#1634);
#1177=LINE('',#7636,#1635);
#1178=LINE('',#7640,#1636);
#1179=LINE('',#7644,#1637);
#1180=LINE('',#7648,#1638);
#1181=LINE('',#7651,#1639);
#1182=LINE('',#7653,#1640);
#1183=LINE('',#7657,#1641);
#1184=LINE('',#7661,#1642);
#1185=LINE('',#7663,#1643);
#1186=LINE('',#7664,#1644);
#1187=LINE('',#7668,#1645);
#1188=LINE('',#7670,#1646);
#1189=LINE('',#7671,#1647);
#1190=LINE('',#7685,#1648);
#1191=LINE('',#7688,#1649);
#1192=LINE('',#7690,#1650);
#1193=LINE('',#7691,#1651);
#1194=LINE('',#8589,#1652);
#1195=LINE('',#8594,#1653);
#1196=LINE('',#8599,#1654);
#1197=LINE('',#8602,#1655);
#1198=LINE('',#8607,#1656);
#1199=LINE('',#8612,#1657);
#1200=LINE('',#8614,#1658);
#1201=LINE('',#8617,#1659);
#1202=LINE('',#8621,#1660);
#1203=LINE('',#8626,#1661);
#1204=LINE('',#8632,#1662);
#1205=LINE('',#8635,#1663);
#1206=LINE('',#8640,#1664);
#1207=LINE('',#8641,#1665);
#1208=LINE('',#8644,#1666);
#1209=LINE('',#8646,#1667);
#1210=LINE('',#8649,#1668);
#1211=LINE('',#8654,#1669);
#1212=LINE('',#8659,#1670);
#1213=LINE('',#8672,#1671);
#1214=LINE('',#8686,#1672);
#1215=LINE('',#8691,#1673);
#1216=LINE('',#8696,#1674);
#1217=LINE('',#8736,#1675);
#1218=LINE('',#8739,#1676);
#1219=LINE('',#8776,#1677);
#1220=LINE('',#8779,#1678);
#1221=LINE('',#8816,#1679);
#1222=LINE('',#8819,#1680);
#1223=LINE('',#8887,#1681);
#1224=LINE('',#8890,#1682);
#1225=LINE('',#8959,#1683);
#1226=LINE('',#8960,#1684);
#1227=LINE('',#9082,#1685);
#1228=LINE('',#9193,#1686);
#1229=LINE('',#9194,#1687);
#1230=LINE('',#9305,#1688);
#1231=LINE('',#9306,#1689);
#1232=LINE('',#9342,#1690);
#1233=LINE('',#9343,#1691);
#1234=LINE('',#9351,#1692);
#1235=LINE('',#9353,#1693);
#1236=LINE('',#9354,#1694);
#1237=LINE('',#9355,#1695);
#1238=LINE('',#9357,#1696);
#1239=LINE('',#9360,#1697);
#1240=LINE('',#9361,#1698);
#1241=LINE('',#9363,#1699);
#1242=LINE('',#9364,#1700);
#1243=LINE('',#9366,#1701);
#1244=LINE('',#9367,#1702);
#1245=LINE('',#9371,#1703);
#1246=LINE('',#9373,#1704);
#1247=LINE('',#9375,#1705);
#1248=LINE('',#9377,#1706);
#1249=LINE('',#9379,#1707);
#1250=LINE('',#9380,#1708);
#1251=LINE('',#9381,#1709);
#1252=LINE('',#9384,#1710);
#1253=LINE('',#9386,#1711);
#1254=LINE('',#9387,#1712);
#1255=LINE('',#9390,#1713);
#1256=LINE('',#9392,#1714);
#1257=LINE('',#9393,#1715);
#1258=LINE('',#9396,#1716);
#1259=LINE('',#9397,#1717);
#1260=LINE('',#9399,#1718);
#1261=LINE('',#9401,#1719);
#1262=LINE('',#9403,#1720);
#1263=LINE('',#9410,#1721);
#1264=LINE('',#9412,#1722);
#1265=LINE('',#9414,#1723);
#1266=LINE('',#9416,#1724);
#1267=LINE('',#9418,#1725);
#1268=LINE('',#9419,#1726);
#1269=LINE('',#9420,#1727);
#1270=LINE('',#9421,#1728);
#1271=LINE('',#9426,#1729);
#1272=LINE('',#9429,#1730);
#1273=LINE('',#9430,#1731);
#1274=LINE('',#9433,#1732);
#1275=LINE('',#9436,#1733);
#1276=LINE('',#9439,#1734);
#1277=LINE('',#9444,#1735);
#1278=LINE('',#9446,#1736);
#1279=LINE('',#9447,#1737);
#1280=LINE('',#9449,#1738);
#1281=LINE('',#9452,#1739);
#1282=LINE('',#9453,#1740);
#1283=LINE('',#9461,#1741);
#1284=LINE('',#9463,#1742);
#1285=LINE('',#9464,#1743);
#1286=LINE('',#9465,#1744);
#1287=LINE('',#9468,#1745);
#1288=LINE('',#9469,#1746);
#1289=LINE('',#9474,#1747);
#1290=LINE('',#9478,#1748);
#1291=LINE('',#9485,#1749);
#1292=LINE('',#9487,#1750);
#1293=LINE('',#9489,#1751);
#1294=LINE('',#9494,#1752);
#1295=LINE('',#9500,#1753);
#1296=LINE('',#9503,#1754);
#1297=LINE('',#9505,#1755);
#1298=LINE('',#9507,#1756);
#1299=LINE('',#9510,#1757);
#1300=LINE('',#9515,#1758);
#1301=LINE('',#9516,#1759);
#1302=LINE('',#9517,#1760);
#1303=LINE('',#9520,#1761);
#1304=LINE('',#9522,#1762);
#1305=LINE('',#9523,#1763);
#1306=LINE('',#9527,#1764);
#1307=LINE('',#9528,#1765);
#1308=LINE('',#9529,#1766);
#1309=LINE('',#9531,#1767);
#1310=LINE('',#9532,#1768);
#1311=LINE('',#9539,#1769);
#1312=LINE('',#9543,#1770);
#1313=LINE('',#9545,#1771);
#1314=LINE('',#9546,#1772);
#1315=LINE('',#9547,#1773);
#1316=LINE('',#9571,#1774);
#1317=LINE('',#9575,#1775);
#1318=LINE('',#9576,#1776);
#1319=LINE('',#9577,#1777);
#1320=LINE('',#9579,#1778);
#1321=LINE('',#9581,#1779);
#1322=LINE('',#9582,#1780);
#1323=LINE('',#9585,#1781);
#1324=LINE('',#9586,#1782);
#1325=LINE('',#9589,#1783);
#1326=LINE('',#9590,#1784);
#1327=LINE('',#9593,#1785);
#1328=LINE('',#9594,#1786);
#1329=LINE('',#9595,#1787);
#1330=LINE('',#9597,#1788);
#1331=LINE('',#9599,#1789);
#1332=LINE('',#9602,#1790);
#1333=LINE('',#9626,#1791);
#1334=LINE('',#9632,#1792);
#1335=LINE('',#9633,#1793);
#1336=LINE('',#9634,#1794);
#1337=LINE('',#9635,#1795);
#1338=LINE('',#9639,#1796);
#1339=LINE('',#9640,#1797);
#1340=LINE('',#9644,#1798);
#1341=LINE('',#9645,#1799);
#1342=LINE('',#9646,#1800);
#1343=LINE('',#9648,#1801);
#1344=LINE('',#9651,#1802);
#1345=LINE('',#9657,#1803);
#1346=LINE('',#9659,#1804);
#1347=LINE('',#9661,#1805);
#1348=LINE('',#9662,#1806);
#1349=LINE('',#9665,#1807);
#1350=LINE('',#9853,#1808);
#1351=LINE('',#9857,#1809);
#1352=LINE('',#9860,#1810);
#1353=LINE('',#9863,#1811);
#1354=LINE('',#9864,#1812);
#1355=LINE('',#9867,#1813);
#1356=LINE('',#9870,#1814);
#1357=LINE('',#10293,#1815);
#1358=LINE('',#10295,#1816);
#1359=LINE('',#10298,#1817);
#1360=LINE('',#10299,#1818);
#1361=LINE('',#10302,#1819);
#1362=LINE('',#10366,#1820);
#1363=LINE('',#10556,#1821);
#1364=LINE('',#10557,#1822);
#1365=LINE('',#10559,#1823);
#1366=LINE('',#10562,#1824);
#1367=LINE('',#10593,#1825);
#1368=LINE('',#10597,#1826);
#1369=LINE('',#10599,#1827);
#1370=LINE('',#10600,#1828);
#1371=LINE('',#10602,#1829);
#1372=LINE('',#10904,#1830);
#1373=LINE('',#10973,#1831);
#1374=LINE('',#10975,#1832);
#1375=LINE('',#10977,#1833);
#1376=LINE('',#10981,#1834);
#1377=LINE('',#10983,#1835);
#1378=LINE('',#10987,#1836);
#1379=LINE('',#10991,#1837);
#1380=LINE('',#10993,#1838);
#1381=LINE('',#11000,#1839);
#1382=LINE('',#11002,#1840);
#1383=LINE('',#11003,#1841);
#1384=LINE('',#11006,#1842);
#1385=LINE('',#11008,#1843);
#1386=LINE('',#11009,#1844);
#1387=LINE('',#11013,#1845);
#1388=LINE('',#11016,#1846);
#1389=LINE('',#11017,#1847);
#1390=LINE('',#11026,#1848);
#1391=LINE('',#11029,#1849);
#1392=LINE('',#11030,#1850);
#1393=LINE('',#11033,#1851);
#1394=LINE('',#11034,#1852);
#1395=LINE('',#11049,#1853);
#1396=LINE('',#11051,#1854);
#1397=LINE('',#11052,#1855);
#1398=LINE('',#11055,#1856);
#1399=LINE('',#11059,#1857);
#1400=LINE('',#11060,#1858);
#1401=LINE('',#11064,#1859);
#1402=LINE('',#11066,#1860);
#1403=LINE('',#11068,#1861);
#1404=LINE('',#11069,#1862);
#1405=LINE('',#11073,#1863);
#1406=LINE('',#11075,#1864);
#1407=LINE('',#11076,#1865);
#1408=LINE('',#11078,#1866);
#1409=LINE('',#11079,#1867);
#1410=LINE('',#11082,#1868);
#1411=LINE('',#11084,#1869);
#1412=LINE('',#11085,#1870);
#1413=LINE('',#11089,#1871);
#1414=LINE('',#11090,#1872);
#1415=LINE('',#11093,#1873);
#1416=LINE('',#11094,#1874);
#1417=LINE('',#11097,#1875);
#1418=LINE('',#11099,#1876);
#1419=LINE('',#11100,#1877);
#1420=LINE('',#11103,#1878);
#1421=LINE('',#11104,#1879);
#1422=VECTOR('',#5420,4.16499999999981);
#1423=VECTOR('',#5425,10.);
#1424=VECTOR('',#5428,10.);
#1425=VECTOR('',#5429,10.);
#1426=VECTOR('',#5430,10.);
#1427=VECTOR('',#5431,10.);
#1428=VECTOR('',#5432,10.);
#1429=VECTOR('',#5433,1000.);
#1430=VECTOR('',#5442,1000.);
#1431=VECTOR('',#5451,10.);
#1432=VECTOR('',#5452,10.);
#1433=VECTOR('',#5455,4.015);
#1434=VECTOR('',#5462,1.625);
#1435=VECTOR('',#5471,1.625);
#1436=VECTOR('',#5480,1.625);
#1437=VECTOR('',#5487,10.);
#1438=VECTOR('',#5488,10.);
#1439=VECTOR('',#5489,10.);
#1440=VECTOR('',#5490,10.);
#1441=VECTOR('',#5493,10.);
#1442=VECTOR('',#5494,10.);
#1443=VECTOR('',#5495,10.);
#1444=VECTOR('',#5496,10.);
#1445=VECTOR('',#5499,10.);
#1446=VECTOR('',#5500,10.);
#1447=VECTOR('',#5505,10.);
#1448=VECTOR('',#5508,10.);
#1449=VECTOR('',#5513,10.);
#1450=VECTOR('',#5516,10.);
#1451=VECTOR('',#5519,10.);
#1452=VECTOR('',#5520,10.);
#1453=VECTOR('',#5521,10.);
#1454=VECTOR('',#5528,10.);
#1455=VECTOR('',#5531,10.);
#1456=VECTOR('',#5532,10.);
#1457=VECTOR('',#5541,10.);
#1458=VECTOR('',#5542,10.);
#1459=VECTOR('',#5543,10.);
#1460=VECTOR('',#5544,10.);
#1461=VECTOR('',#5547,10.);
#1462=VECTOR('',#5548,10.);
#1463=VECTOR('',#5549,10.);
#1464=VECTOR('',#5550,10.);
#1465=VECTOR('',#5553,10.);
#1466=VECTOR('',#5554,10.);
#1467=VECTOR('',#5559,10.);
#1468=VECTOR('',#5562,10.);
#1469=VECTOR('',#5567,10.);
#1470=VECTOR('',#5570,10.);
#1471=VECTOR('',#5573,10.);
#1472=VECTOR('',#5574,10.);
#1473=VECTOR('',#5575,10.);
#1474=VECTOR('',#5582,10.);
#1475=VECTOR('',#5585,10.);
#1476=VECTOR('',#5586,10.);
#1477=VECTOR('',#5595,10.);
#1478=VECTOR('',#5596,10.);
#1479=VECTOR('',#5597,10.);
#1480=VECTOR('',#5598,10.);
#1481=VECTOR('',#5601,10.);
#1482=VECTOR('',#5602,10.);
#1483=VECTOR('',#5603,10.);
#1484=VECTOR('',#5604,10.);
#1485=VECTOR('',#5607,10.);
#1486=VECTOR('',#5608,10.);
#1487=VECTOR('',#5613,10.);
#1488=VECTOR('',#5616,10.);
#1489=VECTOR('',#5621,10.);
#1490=VECTOR('',#5624,10.);
#1491=VECTOR('',#5627,10.);
#1492=VECTOR('',#5628,10.);
#1493=VECTOR('',#5629,10.);
#1494=VECTOR('',#5636,10.);
#1495=VECTOR('',#5639,10.);
#1496=VECTOR('',#5640,10.);
#1497=VECTOR('',#5655,1000.);
#1498=VECTOR('',#5656,1000.);
#1499=VECTOR('',#5657,10.);
#1500=VECTOR('',#5660,10.);
#1501=VECTOR('',#5665,10.);
#1502=VECTOR('',#5668,10.);
#1503=VECTOR('',#5669,10.);
#1504=VECTOR('',#5674,10.);
#1505=VECTOR('',#5677,10.);
#1506=VECTOR('',#5678,10.);
#1507=VECTOR('',#5681,10.);
#1508=VECTOR('',#5682,10.);
#1509=VECTOR('',#5683,10.);
#1510=VECTOR('',#5690,10.);
#1511=VECTOR('',#5693,10.);
#1512=VECTOR('',#5694,10.);
#1513=VECTOR('',#5701,10.);
#1514=VECTOR('',#5708,10.);
#1515=VECTOR('',#5709,10.);
#1516=VECTOR('',#5718,10.);
#1517=VECTOR('',#5723,10.);
#1518=VECTOR('',#5726,10.);
#1519=VECTOR('',#5731,10.);
#1520=VECTOR('',#5734,10.);
#1521=VECTOR('',#5735,10.);
#1522=VECTOR('',#5738,1000.);
#1523=VECTOR('',#5739,1000.);
#1524=VECTOR('',#5742,1000.);
#1525=VECTOR('',#5745,1000.);
#1526=VECTOR('',#5750,1000.);
#1527=VECTOR('',#5751,1000.);
#1528=VECTOR('',#5754,1000.);
#1529=VECTOR('',#5759,10.);
#1530=VECTOR('',#5760,1000.);
#1531=VECTOR('',#5761,10.);
#1532=VECTOR('',#5762,10.);
#1533=VECTOR('',#5763,1000.);
#1534=VECTOR('',#5764,10.);
#1535=VECTOR('',#5767,10.);
#1536=VECTOR('',#5768,10.);
#1537=VECTOR('',#5769,1000.);
#1538=VECTOR('',#5770,1000.);
#1539=VECTOR('',#5771,1000.);
#1540=VECTOR('',#5774,10.);
#1541=VECTOR('',#5775,10.);
#1542=VECTOR('',#5776,10.);
#1543=VECTOR('',#5777,10.);
#1544=VECTOR('',#5780,1000.);
#1545=VECTOR('',#5781,10.);
#1546=VECTOR('',#5782,10.);
#1547=VECTOR('',#5783,1000.);
#1548=VECTOR('',#5786,10.);
#1549=VECTOR('',#5787,1000.);
#1550=VECTOR('',#5788,1000.);
#1551=VECTOR('',#5789,1000.);
#1552=VECTOR('',#5792,10.);
#1553=VECTOR('',#5793,10.);
#1554=VECTOR('',#5794,10.);
#1555=VECTOR('',#5797,1000.);
#1556=VECTOR('',#5798,1000.);
#1557=VECTOR('',#5799,1000.);
#1558=VECTOR('',#5802,1000.);
#1559=VECTOR('',#5803,1000.);
#1560=VECTOR('',#5806,1000.);
#1561=VECTOR('',#5807,1000.);
#1562=VECTOR('',#5810,1000.);
#1563=VECTOR('',#5811,10.);
#1564=VECTOR('',#5816,1.90000000000001);
#1565=VECTOR('',#5819,1000.);
#1566=VECTOR('',#5820,1000.);
#1567=VECTOR('',#5821,1000.);
#1568=VECTOR('',#5822,1000.);
#1569=VECTOR('',#5823,1000.);
#1570=VECTOR('',#5824,1000.);
#1571=VECTOR('',#5825,1000.);
#1572=VECTOR('',#5826,1000.);
#1573=VECTOR('',#5827,1000.);
#1574=VECTOR('',#5828,1000.);
#1575=VECTOR('',#5829,1000.);
#1576=VECTOR('',#5830,1000.);
#1577=VECTOR('',#5835,3.02792708289858);
#1578=VECTOR('',#5844,1000.);
#1579=VECTOR('',#5845,1000.);
#1580=VECTOR('',#5846,1000.);
#1581=VECTOR('',#5849,1000.);
#1582=VECTOR('',#5850,1000.);
#1583=VECTOR('',#5851,1000.);
#1584=VECTOR('',#5852,1000.);
#1585=VECTOR('',#5853,1000.);
#1586=VECTOR('',#5854,1000.);
#1587=VECTOR('',#5859,1.70708537483436);
#1588=VECTOR('',#5862,1.70708537483378);
#1589=VECTOR('',#5865,1000.);
#1590=VECTOR('',#5866,1000.);
#1591=VECTOR('',#5867,1000.);
#1592=VECTOR('',#5872,1000.);
#1593=VECTOR('',#5873,1000.);
#1594=VECTOR('',#5874,1000.);
#1595=VECTOR('',#5875,1000.);
#1596=VECTOR('',#5876,10.);
#1597=VECTOR('',#5877,1000.);
#1598=VECTOR('',#5878,1000.);
#1599=VECTOR('',#5879,1000.);
#1600=VECTOR('',#5882,10.);
#1601=VECTOR('',#5885,10.);
#1602=VECTOR('',#5886,10.);
#1603=VECTOR('',#5887,10.);
#1604=VECTOR('',#5888,10.);
#1605=VECTOR('',#5889,10.);
#1606=VECTOR('',#5890,10.);
#1607=VECTOR('',#5891,10.);
#1608=VECTOR('',#5892,10.);
#1609=VECTOR('',#5893,10.);
#1610=VECTOR('',#5896,10.);
#1611=VECTOR('',#5901,10.);
#1612=VECTOR('',#5902,10.);
#1613=VECTOR('',#5903,10.);
#1614=VECTOR('',#5906,10.);
#1615=VECTOR('',#5907,1000.);
#1616=VECTOR('',#5908,10.);
#1617=VECTOR('',#5911,10.);
#1618=VECTOR('',#5912,10.);
#1619=VECTOR('',#5913,10.);
#1620=VECTOR('',#5914,10.);
#1621=VECTOR('',#5919,1000.);
#1622=VECTOR('',#5922,1000.);
#1623=VECTOR('',#5923,1000.);
#1624=VECTOR('',#5924,1000.);
#1625=VECTOR('',#5927,1000.);
#1626=VECTOR('',#5928,1000.);
#1627=VECTOR('',#5929,1000.);
#1628=VECTOR('',#5930,1000.);
#1629=VECTOR('',#5931,1000.);
#1630=VECTOR('',#5932,1000.);
#1631=VECTOR('',#5933,1000.);
#1632=VECTOR('',#5934,1000.);
#1633=VECTOR('',#5935,1000.);
#1634=VECTOR('',#5936,1000.);
#1635=VECTOR('',#5937,1000.);
#1636=VECTOR('',#5940,1000.);
#1637=VECTOR('',#5943,1000.);
#1638=VECTOR('',#5946,1000.);
#1639=VECTOR('',#5949,1000.);
#1640=VECTOR('',#5950,1000.);
#1641=VECTOR('',#5953,1000.);
#1642=VECTOR('',#5956,1000.);
#1643=VECTOR('',#5957,1000.);
#1644=VECTOR('',#5958,1000.);
#1645=VECTOR('',#5961,1000.);
#1646=VECTOR('',#5962,1000.);
#1647=VECTOR('',#5963,1000.);
#1648=VECTOR('',#5980,1.51);
#1649=VECTOR('',#5983,1000.);
#1650=VECTOR('',#5984,1000.);
#1651=VECTOR('',#5985,1000.);
#1652=VECTOR('',#6014,3.00000000000103);
#1653=VECTOR('',#6021,2.9999999999999);
#1654=VECTOR('',#6028,2.99999999999959);
#1655=VECTOR('',#6033,1.70708537483491);
#1656=VECTOR('',#6038,6.60083704849012);
#1657=VECTOR('',#6045,2.49999999999948);
#1658=VECTOR('',#6048,2.49999999999794);
#1659=VECTOR('',#6051,1.52381910419258);
#1660=VECTOR('',#6056,1.52381910419215);
#1661=VECTOR('',#6063,0.76570853748209);
#1662=VECTOR('',#6068,1000.);
#1663=VECTOR('',#6071,1000.);
#1664=VECTOR('',#6076,1000.);
#1665=VECTOR('',#6077,1000.);
#1666=VECTOR('',#6080,1000.);
#1667=VECTOR('',#6081,10.);
#1668=VECTOR('',#6084,1000.);
#1669=VECTOR('',#6089,4.15);
#1670=VECTOR('',#6096,2.49999999999825);
#1671=VECTOR('',#6101,3.32905468782626);
#1672=VECTOR('',#6108,3.0999999999658);
#1673=VECTOR('',#6115,1.74999999984993);
#1674=VECTOR('',#6122,2.1);
#1675=VECTOR('',#6139,1000.);
#1676=VECTOR('',#6142,1000.);
#1677=VECTOR('',#6157,1000.);
#1678=VECTOR('',#6160,1000.);
#1679=VECTOR('',#6175,1000.);
#1680=VECTOR('',#6178,1000.);
#1681=VECTOR('',#6183,1000.);
#1682=VECTOR('',#6186,1000.);
#1683=VECTOR('',#6193,1000.);
#1684=VECTOR('',#6194,1000.);
#1685=VECTOR('',#6201,1000.);
#1686=VECTOR('',#6214,1000.);
#1687=VECTOR('',#6215,1000.);
#1688=VECTOR('',#6228,1000.);
#1689=VECTOR('',#6229,1000.);
#1690=VECTOR('',#6244,1000.);
#1691=VECTOR('',#6245,1000.);
#1692=VECTOR('',#6256,1000.);
#1693=VECTOR('',#6257,1000.);
#1694=VECTOR('',#6258,1000.);
#1695=VECTOR('',#6259,1000.);
#1696=VECTOR('',#6260,1000.);
#1697=VECTOR('',#6265,1000.);
#1698=VECTOR('',#6266,1000.);
#1699=VECTOR('',#6269,1000.);
#1700=VECTOR('',#6270,1000.);
#1701=VECTOR('',#6273,1000.);
#1702=VECTOR('',#6274,1000.);
#1703=VECTOR('',#6279,1000.);
#1704=VECTOR('',#6280,1000.);
#1705=VECTOR('',#6281,1000.);
#1706=VECTOR('',#6282,1000.);
#1707=VECTOR('',#6283,1000.);
#1708=VECTOR('',#6284,1000.);
#1709=VECTOR('',#6285,1000.);
#1710=VECTOR('',#6288,1000.);
#1711=VECTOR('',#6289,1000.);
#1712=VECTOR('',#6290,1000.);
#1713=VECTOR('',#6293,1000.);
#1714=VECTOR('',#6294,1000.);
#1715=VECTOR('',#6295,1000.);
#1716=VECTOR('',#6298,1000.);
#1717=VECTOR('',#6299,1000.);
#1718=VECTOR('',#6300,1000.);
#1719=VECTOR('',#6301,1000.);
#1720=VECTOR('',#6302,1000.);
#1721=VECTOR('',#6311,1000.);
#1722=VECTOR('',#6312,1000.);
#1723=VECTOR('',#6313,1000.);
#1724=VECTOR('',#6314,1000.);
#1725=VECTOR('',#6315,1000.);
#1726=VECTOR('',#6316,1000.);
#1727=VECTOR('',#6317,1000.);
#1728=VECTOR('',#6318,1000.);
#1729=VECTOR('',#6325,1000.);
#1730=VECTOR('',#6328,1000.);
#1731=VECTOR('',#6329,1000.);
#1732=VECTOR('',#6332,1000.);
#1733=VECTOR('',#6337,1000.);
#1734=VECTOR('',#6342,1000.);
#1735=VECTOR('',#6349,1000.);
#1736=VECTOR('',#6350,1000.);
#1737=VECTOR('',#6351,1000.);
#1738=VECTOR('',#6354,1000.);
#1739=VECTOR('',#6357,1000.);
#1740=VECTOR('',#6358,1000.);
#1741=VECTOR('',#6365,1000.);
#1742=VECTOR('',#6366,1000.);
#1743=VECTOR('',#6367,1000.);
#1744=VECTOR('',#6368,1000.);
#1745=VECTOR('',#6371,1000.);
#1746=VECTOR('',#6372,1000.);
#1747=VECTOR('',#6377,1000.);
#1748=VECTOR('',#6380,1000.);
#1749=VECTOR('',#6391,1000.);
#1750=VECTOR('',#6394,1000.);
#1751=VECTOR('',#6397,1000.);
#1752=VECTOR('',#6406,1000.);
#1753=VECTOR('',#6415,1000.);
#1754=VECTOR('',#6418,1000.);
#1755=VECTOR('',#6421,1000.);
#1756=VECTOR('',#6424,1000.);
#1757=VECTOR('',#6429,1000.);
#1758=VECTOR('',#6434,1000.);
#1759=VECTOR('',#6435,1000.);
#1760=VECTOR('',#6436,1000.);
#1761=VECTOR('',#6439,1000.);
#1762=VECTOR('',#6440,1000.);
#1763=VECTOR('',#6441,1000.);
#1764=VECTOR('',#6444,1000.);
#1765=VECTOR('',#6445,1000.);
#1766=VECTOR('',#6446,1000.);
#1767=VECTOR('',#6449,1000.);
#1768=VECTOR('',#6450,1000.);
#1769=VECTOR('',#6453,1000.);
#1770=VECTOR('',#6456,1000.);
#1771=VECTOR('',#6457,10.);
#1772=VECTOR('',#6458,1000.);
#1773=VECTOR('',#6459,1000.);
#1774=VECTOR('',#6466,1000.);
#1775=VECTOR('',#6469,1000.);
#1776=VECTOR('',#6470,1000.);
#1777=VECTOR('',#6471,1000.);
#1778=VECTOR('',#6474,10.);
#1779=VECTOR('',#6477,10.);
#1780=VECTOR('',#6478,1000.);
#1781=VECTOR('',#6481,1000.);
#1782=VECTOR('',#6482,1000.);
#1783=VECTOR('',#6485,1000.);
#1784=VECTOR('',#6486,1000.);
#1785=VECTOR('',#6489,1000.);
#1786=VECTOR('',#6490,1000.);
#1787=VECTOR('',#6491,1000.);
#1788=VECTOR('',#6494,1000.);
#1789=VECTOR('',#6497,1000.);
#1790=VECTOR('',#6502,1000.);
#1791=VECTOR('',#6505,1000.);
#1792=VECTOR('',#6512,10.);
#1793=VECTOR('',#6513,1000.);
#1794=VECTOR('',#6514,1000.);
#1795=VECTOR('',#6515,1000.);
#1796=VECTOR('',#6522,1000.);
#1797=VECTOR('',#6523,1000.);
#1798=VECTOR('',#6528,1000.);
#1799=VECTOR('',#6529,1000.);
#1800=VECTOR('',#6530,1000.);
#1801=VECTOR('',#6533,1000.);
#1802=VECTOR('',#6536,1000.);
#1803=VECTOR('',#6547,10.);
#1804=VECTOR('',#6550,1000.);
#1805=VECTOR('',#6551,1000.);
#1806=VECTOR('',#6552,1000.);
#1807=VECTOR('',#6555,1000.);
#1808=VECTOR('',#6558,1000.);
#1809=VECTOR('',#6563,1000.);
#1810=VECTOR('',#6566,1000.);
#1811=VECTOR('',#6569,1000.);
#1812=VECTOR('',#6570,1000.);
#1813=VECTOR('',#6573,1000.);
#1814=VECTOR('',#6578,1000.);
#1815=VECTOR('',#6585,1000.);
#1816=VECTOR('',#6588,1000.);
#1817=VECTOR('',#6591,1000.);
#1818=VECTOR('',#6592,1000.);
#1819=VECTOR('',#6595,1000.);
#1820=VECTOR('',#6600,1000.);
#1821=VECTOR('',#6605,1000.);
#1822=VECTOR('',#6606,1000.);
#1823=VECTOR('',#6609,1000.);
#1824=VECTOR('',#6614,1000.);
#1825=VECTOR('',#6625,1000.);
#1826=VECTOR('',#6630,1000.);
#1827=VECTOR('',#6633,1000.);
#1828=VECTOR('',#6634,1000.);
#1829=VECTOR('',#6637,1000.);
#1830=VECTOR('',#6640,1000.);
#1831=VECTOR('',#6653,10.);
#1832=VECTOR('',#6654,10.);
#1833=VECTOR('',#6655,10.);
#1834=VECTOR('',#6658,10.);
#1835=VECTOR('',#6659,10.);
#1836=VECTOR('',#6662,10.);
#1837=VECTOR('',#6665,10.);
#1838=VECTOR('',#6666,10.);
#1839=VECTOR('',#6669,10.);
#1840=VECTOR('',#6670,10.);
#1841=VECTOR('',#6671,10.);
#1842=VECTOR('',#6674,10.);
#1843=VECTOR('',#6675,10.);
#1844=VECTOR('',#6676,10.);
#1845=VECTOR('',#6681,10.);
#1846=VECTOR('',#6684,10.);
#1847=VECTOR('',#6685,10.);
#1848=VECTOR('',#6688,10.);
#1849=VECTOR('',#6691,10.);
#1850=VECTOR('',#6692,10.);
#1851=VECTOR('',#6695,10.);
#1852=VECTOR('',#6696,10.);
#1853=VECTOR('',#6699,10.);
#1854=VECTOR('',#6700,10.);
#1855=VECTOR('',#6701,10.);
#1856=VECTOR('',#6704,10.);
#1857=VECTOR('',#6709,10.);
#1858=VECTOR('',#6710,10.);
#1859=VECTOR('',#6713,10.);
#1860=VECTOR('',#6714,10.);
#1861=VECTOR('',#6715,10.);
#1862=VECTOR('',#6716,10.);
#1863=VECTOR('',#6719,10.);
#1864=VECTOR('',#6720,10.);
#1865=VECTOR('',#6721,10.);
#1866=VECTOR('',#6722,10.);
#1867=VECTOR('',#6723,10.);
#1868=VECTOR('',#6726,10.);
#1869=VECTOR('',#6727,10.);
#1870=VECTOR('',#6728,10.);
#1871=VECTOR('',#6733,10.);
#1872=VECTOR('',#6734,10.);
#1873=VECTOR('',#6737,10.);
#1874=VECTOR('',#6738,10.);
#1875=VECTOR('',#6741,10.);
#1876=VECTOR('',#6742,10.);
#1877=VECTOR('',#6743,10.);
#1878=VECTOR('',#6748,10.);
#1879=VECTOR('',#6749,10.);
#1880=CIRCLE('',#4971,4.015);
#1881=CIRCLE('',#4972,4.015);
#1882=CIRCLE('',#4973,4.31499999999962);
#1883=CIRCLE('',#4975,3.29414583420444);
#1884=CIRCLE('',#4976,0.50007596216002);
#1885=CIRCLE('',#4977,5.5);
#1886=CIRCLE('',#4978,0.199999999999999);
#1887=CIRCLE('',#4979,5.5);
#1888=CIRCLE('',#4980,5.5);
#1889=CIRCLE('',#4981,0.199999999999999);
#1890=CIRCLE('',#4982,5.5);
#1891=CIRCLE('',#4983,0.500075955372169);
#1892=CIRCLE('',#4985,4.015);
#1893=CIRCLE('',#4987,1.625);
#1894=CIRCLE('',#4988,1.625);
#1895=CIRCLE('',#4989,1.625);
#1896=CIRCLE('',#4991,1.625);
#1897=CIRCLE('',#4992,1.625);
#1898=CIRCLE('',#4993,1.625);
#1899=CIRCLE('',#4995,1.625);
#1900=CIRCLE('',#4996,1.625);
#1901=CIRCLE('',#4997,1.625);
#1902=CIRCLE('',#5001,1.70289643150576);
#1903=CIRCLE('',#5003,2.97207291710324);
#1904=CIRCLE('',#5005,2.97207291710325);
#1905=CIRCLE('',#5006,2.97207291710324);
#1906=CIRCLE('',#5009,2.97207291710325);
#1907=CIRCLE('',#5010,2.97207291710325);
#1908=CIRCLE('',#5014,2.97207291710325);
#1909=CIRCLE('',#5018,1.70289643150582);
#1910=CIRCLE('',#5020,2.97207291710212);
#1911=CIRCLE('',#5022,2.97207291710212);
#1912=CIRCLE('',#5023,2.97207291710212);
#1913=CIRCLE('',#5026,2.97207291710212);
#1914=CIRCLE('',#5027,2.97207291710212);
#1915=CIRCLE('',#5031,2.97207291710212);
#1916=CIRCLE('',#5035,1.7028964315064);
#1917=CIRCLE('',#5037,2.97207291710181);
#1918=CIRCLE('',#5039,2.97207291710181);
#1919=CIRCLE('',#5040,2.97207291710181);
#1920=CIRCLE('',#5043,2.97207291710181);
#1921=CIRCLE('',#5044,2.97207291710181);
#1922=CIRCLE('',#5048,2.97207291710181);
#1923=CIRCLE('',#5050,4.20585416579653);
#1924=CIRCLE('',#5051,4.1730398367329);
#1925=CIRCLE('',#5085,5.5);
#1926=CIRCLE('',#5087,0.199999999999999);
#1927=CIRCLE('',#5102,3.0000000000008);
#1928=CIRCLE('',#5103,3.02792708289937);
#1929=CIRCLE('',#5105,3.16847396116146);
#1930=CIRCLE('',#5115,5.5);
#1931=CIRCLE('',#5117,3.32696016659696);
#1932=CIRCLE('',#5118,3.32696016659696);
#1933=CIRCLE('',#5119,3.32696016659754);
#1934=CIRCLE('',#5120,3.32696016659754);
#1935=CIRCLE('',#5121,1.75);
#1936=CIRCLE('',#5123,3.1684739611617);
#1937=CIRCLE('',#5125,1.99979558869173);
#1938=CIRCLE('',#5126,1.99978898825317);
#1939=CIRCLE('',#5127,1.99978898825295);
#1940=CIRCLE('',#5129,3.04188943328906);
#1941=CIRCLE('',#5131,1.48192967090503);
#1942=CIRCLE('',#5132,2.49999999999913);
#1943=CIRCLE('',#5133,1.48192967090546);
#1944=CIRCLE('',#5134,0.765708537483281);
#1945=CIRCLE('',#5136,1.55);
#1946=CIRCLE('',#5137,0.199999999999998);
#1947=CIRCLE('',#5139,1.55);
#1948=CIRCLE('',#5142,0.5);
#1949=CIRCLE('',#5143,2.48947280954057);
#1950=CIRCLE('',#5144,2.48947280954057);
#1951=CIRCLE('',#5146,0.50000000000001);
#1952=CIRCLE('',#5147,2.48947280953903);
#1953=CIRCLE('',#5148,2.48947280953903);
#1954=CIRCLE('',#5150,0.500000000000003);
#1955=CIRCLE('',#5151,2.48947280953993);
#1956=CIRCLE('',#5152,2.48947280953993);
#1957=CIRCLE('',#5154,2.97207291710325);
#1958=CIRCLE('',#5155,3.00000000000103);
#1959=CIRCLE('',#5157,2.97207291710212);
#1960=CIRCLE('',#5158,2.9999999999999);
#1961=CIRCLE('',#5160,2.97207291710181);
#1962=CIRCLE('',#5161,2.99999999999959);
#1963=CIRCLE('',#5165,5.35000000001628);
#1964=CIRCLE('',#5167,2.50000000000067);
#1965=CIRCLE('',#5170,1.52381910419437);
#1966=CIRCLE('',#5172,1.52381910419394);
#1967=CIRCLE('',#5174,0.749999999999165);
#1968=CIRCLE('',#5183,4.15);
#1969=CIRCLE('',#5184,4.15);
#1970=CIRCLE('',#5186,2.49999999999944);
#1971=CIRCLE('',#5188,3.21036458550852);
#1972=CIRCLE('',#5189,3.16847396116112);
#1973=CIRCLE('',#5191,2.10000000004629);
#1974=CIRCLE('',#5192,3.0999999999658);
#1975=CIRCLE('',#5193,2.10000000004629);
#1976=CIRCLE('',#5195,1.74999999990678);
#1977=CIRCLE('',#5197,2.1);
#1978=CIRCLE('',#5198,0.299999999999996);
#1979=CIRCLE('',#5199,1.70271202114091);
#1980=CIRCLE('',#5200,0.3);
#1981=CIRCLE('',#5201,2.00340689029291);
#1982=CIRCLE('',#5202,1.70271202110566);
#1983=CIRCLE('',#5203,0.3);
#1984=CIRCLE('',#5204,2.00340689029238);
#1985=CIRCLE('',#5206,0.3);
#1986=CIRCLE('',#5208,0.299999999999992);
#1987=CIRCLE('',#5211,0.3);
#1988=CIRCLE('',#5214,0.3);
#1989=CIRCLE('',#5215,1.70271202118002);
#1990=CIRCLE('',#5216,0.300000000000007);
#1991=CIRCLE('',#5217,2.00340689029217);
#1992=CIRCLE('',#5218,1.70271202110608);
#1993=CIRCLE('',#5219,0.300000000000009);
#1994=CIRCLE('',#5220,2.00340689029211);
#1995=CIRCLE('',#5222,0.3);
#1996=CIRCLE('',#5223,0.300000000000004);
#1997=CIRCLE('',#5225,0.3);
#1998=CIRCLE('',#5226,0.299999999999995);
#1999=CIRCLE('',#5228,0.3);
#2000=CIRCLE('',#5229,0.3);
#2001=CIRCLE('',#5231,0.3);
#2002=CIRCLE('',#5232,0.300000000000001);
#2003=CIRCLE('',#5233,1.99986258085232);
#2004=CIRCLE('',#5234,0.3);
#2005=CIRCLE('',#5235,1.99986258085232);
#2006=CIRCLE('',#5237,0.3);
#2007=CIRCLE('',#5238,0.300000000000002);
#2008=CIRCLE('',#5239,1.99986258085232);
#2009=CIRCLE('',#5240,0.299999999999995);
#2010=CIRCLE('',#5241,1.99986258085229);
#2011=CIRCLE('',#5243,0.300000000000002);
#2012=CIRCLE('',#5244,2.00312693322853);
#2013=CIRCLE('',#5246,0.300000000000011);
#2014=CIRCLE('',#5247,0.300000000000004);
#2015=CIRCLE('',#5248,2.00312693322852);
#2016=CIRCLE('',#5268,1.99978021929231);
#2017=CIRCLE('',#5270,1.99979558869144);
#2018=CIRCLE('',#5271,1.99979558869147);
#2019=CIRCLE('',#5284,0.500000000000581);
#2020=CIRCLE('',#5285,2.99999999999963);
#2021=CIRCLE('',#5290,2.93716585006607);
#2022=CIRCLE('',#5291,0.437165850066781);
#2023=CIRCLE('',#5318,3.2103645855091);
#2024=CIRCLE('',#5332,0.199999999999999);
#2025=CIRCLE('',#5341,5.75);
#2026=CIRCLE('',#5364,2.75);
#2027=CIRCLE('',#5385,1.25000000000058);
#2028=CIRCLE('',#5386,2.93716585006626);
#2029=CIRCLE('',#5391,2.93716585006626);
#2030=CIRCLE('',#5398,1.25000000000058);
#2031=CIRCLE('',#5403,3.00000000000058);
#2032=CIRCLE('',#5407,3.00000000000058);
#2033=VERTEX_POINT('',#6758);
#2034=VERTEX_POINT('',#6759);
#2035=VERTEX_POINT('',#6762);
#2036=VERTEX_POINT('',#6766);
#2037=VERTEX_POINT('',#6767);
#2038=VERTEX_POINT('',#6769);
#2039=VERTEX_POINT('',#6771);
#2040=VERTEX_POINT('',#6773);
#2041=VERTEX_POINT('',#6775);
#2042=VERTEX_POINT('',#6777);
#2043=VERTEX_POINT('',#6779);
#2044=VERTEX_POINT('',#6781);
#2045=VERTEX_POINT('',#6783);
#2046=VERTEX_POINT('',#6785);
#2047=VERTEX_POINT('',#6787);
#2048=VERTEX_POINT('',#6789);
#2049=VERTEX_POINT('',#6791);
#2050=VERTEX_POINT('',#6793);
#2051=VERTEX_POINT('',#6795);
#2052=VERTEX_POINT('',#6797);
#2053=VERTEX_POINT('',#6799);
#2054=VERTEX_POINT('',#6801);
#2055=VERTEX_POINT('',#6805);
#2056=VERTEX_POINT('',#6809);
#2057=VERTEX_POINT('',#6810);
#2058=VERTEX_POINT('',#6812);
#2059=VERTEX_POINT('',#6817);
#2060=VERTEX_POINT('',#6818);
#2061=VERTEX_POINT('',#6820);
#2062=VERTEX_POINT('',#6825);
#2063=VERTEX_POINT('',#6826);
#2064=VERTEX_POINT('',#6828);
#2065=VERTEX_POINT('',#6833);
#2066=VERTEX_POINT('',#6834);
#2067=VERTEX_POINT('',#6836);
#2068=VERTEX_POINT('',#6838);
#2069=VERTEX_POINT('',#6842);
#2070=VERTEX_POINT('',#6843);
#2071=VERTEX_POINT('',#6845);
#2072=VERTEX_POINT('',#6847);
#2073=VERTEX_POINT('',#6853);
#2074=VERTEX_POINT('',#6856);
#2075=VERTEX_POINT('',#6858);
#2076=VERTEX_POINT('',#6862);
#2077=VERTEX_POINT('',#6863);
#2078=VERTEX_POINT('',#6865);
#2079=VERTEX_POINT('',#6867);
#2080=VERTEX_POINT('',#6871);
#2081=VERTEX_POINT('',#6876);
#2082=VERTEX_POINT('',#6878);
#2083=VERTEX_POINT('',#6888);
#2084=VERTEX_POINT('',#6889);
#2085=VERTEX_POINT('',#6891);
#2086=VERTEX_POINT('',#6893);
#2087=VERTEX_POINT('',#6897);
#2088=VERTEX_POINT('',#6898);
#2089=VERTEX_POINT('',#6900);
#2090=VERTEX_POINT('',#6902);
#2091=VERTEX_POINT('',#6908);
#2092=VERTEX_POINT('',#6911);
#2093=VERTEX_POINT('',#6913);
#2094=VERTEX_POINT('',#6917);
#2095=VERTEX_POINT('',#6918);
#2096=VERTEX_POINT('',#6920);
#2097=VERTEX_POINT('',#6922);
#2098=VERTEX_POINT('',#6926);
#2099=VERTEX_POINT('',#6931);
#2100=VERTEX_POINT('',#6933);
#2101=VERTEX_POINT('',#6943);
#2102=VERTEX_POINT('',#6944);
#2103=VERTEX_POINT('',#6946);
#2104=VERTEX_POINT('',#6948);
#2105=VERTEX_POINT('',#6952);
#2106=VERTEX_POINT('',#6953);
#2107=VERTEX_POINT('',#6955);
#2108=VERTEX_POINT('',#6957);
#2109=VERTEX_POINT('',#6963);
#2110=VERTEX_POINT('',#6966);
#2111=VERTEX_POINT('',#6968);
#2112=VERTEX_POINT('',#6972);
#2113=VERTEX_POINT('',#6973);
#2114=VERTEX_POINT('',#6975);
#2115=VERTEX_POINT('',#6977);
#2116=VERTEX_POINT('',#6981);
#2117=VERTEX_POINT('',#6986);
#2118=VERTEX_POINT('',#6988);
#2119=VERTEX_POINT('',#6998);
#2120=VERTEX_POINT('',#6999);
#2121=VERTEX_POINT('',#7001);
#2122=VERTEX_POINT('',#7006);
#2123=VERTEX_POINT('',#7039);
#2124=VERTEX_POINT('',#7080);
#2125=VERTEX_POINT('',#7132);
#2126=VERTEX_POINT('',#7134);
#2127=VERTEX_POINT('',#7138);
#2128=VERTEX_POINT('',#7139);
#2129=VERTEX_POINT('',#7143);
#2130=VERTEX_POINT('',#7145);
#2131=VERTEX_POINT('',#7147);
#2132=VERTEX_POINT('',#7151);
#2133=VERTEX_POINT('',#7152);
#2134=VERTEX_POINT('',#7154);
#2135=VERTEX_POINT('',#7156);
#2136=VERTEX_POINT('',#7158);
#2137=VERTEX_POINT('',#7162);
#2138=VERTEX_POINT('',#7163);
#2139=VERTEX_POINT('',#7167);
#2140=VERTEX_POINT('',#7174);
#2141=VERTEX_POINT('',#7176);
#2142=VERTEX_POINT('',#7180);
#2143=VERTEX_POINT('',#7184);
#2144=VERTEX_POINT('',#7186);
#2145=VERTEX_POINT('',#7190);
#2146=VERTEX_POINT('',#7192);
#2147=VERTEX_POINT('',#7194);
#2148=VERTEX_POINT('',#7198);
#2149=VERTEX_POINT('',#7202);
#2150=VERTEX_POINT('',#7204);
#2151=VERTEX_POINT('',#7208);
#2152=VERTEX_POINT('',#7212);
#2153=VERTEX_POINT('',#7219);
#2154=VERTEX_POINT('',#7223);
#2155=VERTEX_POINT('',#7225);
#2156=VERTEX_POINT('',#7227);
#2157=VERTEX_POINT('',#7231);
#2158=VERTEX_POINT('',#7233);
#2159=VERTEX_POINT('',#7235);
#2160=VERTEX_POINT('',#7245);
#2161=VERTEX_POINT('',#7247);
#2162=VERTEX_POINT('',#7273);
#2163=VERTEX_POINT('',#7275);
#2164=VERTEX_POINT('',#7296);
#2165=VERTEX_POINT('',#7298);
#2166=VERTEX_POINT('',#7303);
#2167=VERTEX_POINT('',#7307);
#2168=VERTEX_POINT('',#7308);
#2169=VERTEX_POINT('',#7310);
#2170=VERTEX_POINT('',#7312);
#2171=VERTEX_POINT('',#7314);
#2172=VERTEX_POINT('',#7316);
#2173=VERTEX_POINT('',#7320);
#2174=VERTEX_POINT('',#7322);
#2175=VERTEX_POINT('',#7324);
#2176=VERTEX_POINT('',#7326);
#2177=VERTEX_POINT('',#7330);
#2178=VERTEX_POINT('',#7332);
#2179=VERTEX_POINT('',#7334);
#2180=VERTEX_POINT('',#7338);
#2181=VERTEX_POINT('',#7340);
#2182=VERTEX_POINT('',#7342);
#2183=VERTEX_POINT('',#7347);
#2184=VERTEX_POINT('',#7349);
#2185=VERTEX_POINT('',#7353);
#2186=VERTEX_POINT('',#7355);
#2187=VERTEX_POINT('',#7359);
#2188=VERTEX_POINT('',#7361);
#2189=VERTEX_POINT('',#7365);
#2190=VERTEX_POINT('',#7369);
#2191=VERTEX_POINT('',#7414);
#2192=VERTEX_POINT('',#7415);
#2193=VERTEX_POINT('',#7438);
#2194=VERTEX_POINT('',#7442);
#2195=VERTEX_POINT('',#7443);
#2196=VERTEX_POINT('',#7445);
#2197=VERTEX_POINT('',#7447);
#2198=VERTEX_POINT('',#7449);
#2199=VERTEX_POINT('',#7451);
#2200=VERTEX_POINT('',#7453);
#2201=VERTEX_POINT('',#7455);
#2202=VERTEX_POINT('',#7457);
#2203=VERTEX_POINT('',#7459);
#2204=VERTEX_POINT('',#7461);
#2205=VERTEX_POINT('',#7463);
#2206=VERTEX_POINT('',#7467);
#2207=VERTEX_POINT('',#7469);
#2208=VERTEX_POINT('',#7473);
#2209=VERTEX_POINT('',#7478);
#2210=VERTEX_POINT('',#7485);
#2211=VERTEX_POINT('',#7487);
#2212=VERTEX_POINT('',#7491);
#2213=VERTEX_POINT('',#7493);
#2214=VERTEX_POINT('',#7495);
#2215=VERTEX_POINT('',#7497);
#2216=VERTEX_POINT('',#7499);
#2217=VERTEX_POINT('',#7508);
#2218=VERTEX_POINT('',#7510);
#2219=VERTEX_POINT('',#7512);
#2220=VERTEX_POINT('',#7516);
#2221=VERTEX_POINT('',#7518);
#2222=VERTEX_POINT('',#7520);
#2223=VERTEX_POINT('',#7522);
#2224=VERTEX_POINT('',#7525);
#2225=VERTEX_POINT('',#7530);
#2226=VERTEX_POINT('',#7532);
#2227=VERTEX_POINT('',#7541);
#2228=VERTEX_POINT('',#7544);
#2229=VERTEX_POINT('',#7553);
#2230=VERTEX_POINT('',#7555);
#2231=VERTEX_POINT('',#7557);
#2232=VERTEX_POINT('',#7559);
#2233=VERTEX_POINT('',#7561);
#2234=VERTEX_POINT('',#7563);
#2235=VERTEX_POINT('',#7565);
#2236=VERTEX_POINT('',#7567);
#2237=VERTEX_POINT('',#7569);
#2238=VERTEX_POINT('',#7571);
#2239=VERTEX_POINT('',#7573);
#2240=VERTEX_POINT('',#7575);
#2241=VERTEX_POINT('',#7577);
#2242=VERTEX_POINT('',#7579);
#2243=VERTEX_POINT('',#7581);
#2244=VERTEX_POINT('',#7583);
#2245=VERTEX_POINT('',#7585);
#2246=VERTEX_POINT('',#7587);
#2247=VERTEX_POINT('',#7589);
#2248=VERTEX_POINT('',#7591);
#2249=VERTEX_POINT('',#7593);
#2250=VERTEX_POINT('',#7595);
#2251=VERTEX_POINT('',#7597);
#2252=VERTEX_POINT('',#7600);
#2253=VERTEX_POINT('',#7603);
#2254=VERTEX_POINT('',#7605);
#2255=VERTEX_POINT('',#7607);
#2256=VERTEX_POINT('',#7609);
#2257=VERTEX_POINT('',#7611);
#2258=VERTEX_POINT('',#7613);
#2259=VERTEX_POINT('',#7615);
#2260=VERTEX_POINT('',#7617);
#2261=VERTEX_POINT('',#7619);
#2262=VERTEX_POINT('',#7621);
#2263=VERTEX_POINT('',#7623);
#2264=VERTEX_POINT('',#7625);
#2265=VERTEX_POINT('',#7627);
#2266=VERTEX_POINT('',#7629);
#2267=VERTEX_POINT('',#7631);
#2268=VERTEX_POINT('',#7633);
#2269=VERTEX_POINT('',#7635);
#2270=VERTEX_POINT('',#7637);
#2271=VERTEX_POINT('',#7639);
#2272=VERTEX_POINT('',#7641);
#2273=VERTEX_POINT('',#7643);
#2274=VERTEX_POINT('',#7645);
#2275=VERTEX_POINT('',#7647);
#2276=VERTEX_POINT('',#7650);
#2277=VERTEX_POINT('',#7652);
#2278=VERTEX_POINT('',#7654);
#2279=VERTEX_POINT('',#7656);
#2280=VERTEX_POINT('',#7658);
#2281=VERTEX_POINT('',#7660);
#2282=VERTEX_POINT('',#7662);
#2283=VERTEX_POINT('',#7665);
#2284=VERTEX_POINT('',#7667);
#2285=VERTEX_POINT('',#7669);
#2286=VERTEX_POINT('',#7672);
#2287=VERTEX_POINT('',#7674);
#2288=VERTEX_POINT('',#7676);
#2289=VERTEX_POINT('',#7679);
#2290=VERTEX_POINT('',#7683);
#2291=VERTEX_POINT('',#7687);
#2292=VERTEX_POINT('',#7689);
#2293=VERTEX_POINT('',#7693);
#2294=VERTEX_POINT('',#7694);
#2295=VERTEX_POINT('',#7840);
#2296=VERTEX_POINT('',#7842);
#2297=VERTEX_POINT('',#7991);
#2298=VERTEX_POINT('',#7992);
#2299=VERTEX_POINT('',#8138);
#2300=VERTEX_POINT('',#8140);
#2301=VERTEX_POINT('',#8289);
#2302=VERTEX_POINT('',#8290);
#2303=VERTEX_POINT('',#8436);
#2304=VERTEX_POINT('',#8438);
#2305=VERTEX_POINT('',#8588);
#2306=VERTEX_POINT('',#8593);
#2307=VERTEX_POINT('',#8598);
#2308=VERTEX_POINT('',#8604);
#2309=VERTEX_POINT('',#8606);
#2310=VERTEX_POINT('',#8610);
#2311=VERTEX_POINT('',#8616);
#2312=VERTEX_POINT('',#8620);
#2313=VERTEX_POINT('',#8624);
#2314=VERTEX_POINT('',#8628);
#2315=VERTEX_POINT('',#8629);
#2316=VERTEX_POINT('',#8631);
#2317=VERTEX_POINT('',#8633);
#2318=VERTEX_POINT('',#8637);
#2319=VERTEX_POINT('',#8638);
#2320=VERTEX_POINT('',#8643);
#2321=VERTEX_POINT('',#8645);
#2322=VERTEX_POINT('',#8647);
#2323=VERTEX_POINT('',#8651);
#2324=VERTEX_POINT('',#8653);
#2325=VERTEX_POINT('',#8657);
#2326=VERTEX_POINT('',#8661);
#2327=VERTEX_POINT('',#8662);
#2328=VERTEX_POINT('',#8671);
#2329=VERTEX_POINT('',#8682);
#2330=VERTEX_POINT('',#8683);
#2331=VERTEX_POINT('',#8685);
#2332=VERTEX_POINT('',#8690);
#2333=VERTEX_POINT('',#8694);
#2334=VERTEX_POINT('',#8709);
#2335=VERTEX_POINT('',#8710);
#2336=VERTEX_POINT('',#8712);
#2337=VERTEX_POINT('',#8714);
#2338=VERTEX_POINT('',#8729);
#2339=VERTEX_POINT('',#8731);
#2340=VERTEX_POINT('',#8735);
#2341=VERTEX_POINT('',#8737);
#2342=VERTEX_POINT('',#8752);
#2343=VERTEX_POINT('',#8754);
#2344=VERTEX_POINT('',#8769);
#2345=VERTEX_POINT('',#8771);
#2346=VERTEX_POINT('',#8775);
#2347=VERTEX_POINT('',#8777);
#2348=VERTEX_POINT('',#8792);
#2349=VERTEX_POINT('',#8794);
#2350=VERTEX_POINT('',#8809);
#2351=VERTEX_POINT('',#8811);
#2352=VERTEX_POINT('',#8815);
#2353=VERTEX_POINT('',#8817);
#2354=VERTEX_POINT('',#8838);
#2355=VERTEX_POINT('',#8870);
#2356=VERTEX_POINT('',#8886);
#2357=VERTEX_POINT('',#8888);
#2358=VERTEX_POINT('',#8909);
#2359=VERTEX_POINT('',#8910);
#2360=VERTEX_POINT('',#8956);
#2361=VERTEX_POINT('',#8957);
#2362=VERTEX_POINT('',#8991);
#2363=VERTEX_POINT('',#9080);
#2364=VERTEX_POINT('',#9101);
#2365=VERTEX_POINT('',#9133);
#2366=VERTEX_POINT('',#9154);
#2367=VERTEX_POINT('',#9186);
#2368=VERTEX_POINT('',#9190);
#2369=VERTEX_POINT('',#9191);
#2370=VERTEX_POINT('',#9213);
#2371=VERTEX_POINT('',#9245);
#2372=VERTEX_POINT('',#9266);
#2373=VERTEX_POINT('',#9298);
#2374=VERTEX_POINT('',#9302);
#2375=VERTEX_POINT('',#9303);
#2376=VERTEX_POINT('',#9319);
#2377=VERTEX_POINT('',#9321);
#2378=VERTEX_POINT('',#9336);
#2379=VERTEX_POINT('',#9337);
#2380=VERTEX_POINT('',#9349);
#2381=VERTEX_POINT('',#9350);
#2382=VERTEX_POINT('',#9352);
#2383=VERTEX_POINT('',#9356);
#2384=VERTEX_POINT('',#9370);
#2385=VERTEX_POINT('',#9372);
#2386=VERTEX_POINT('',#9374);
#2387=VERTEX_POINT('',#9376);
#2388=VERTEX_POINT('',#9378);
#2389=VERTEX_POINT('',#9383);
#2390=VERTEX_POINT('',#9385);
#2391=VERTEX_POINT('',#9389);
#2392=VERTEX_POINT('',#9391);
#2393=VERTEX_POINT('',#9395);
#2394=VERTEX_POINT('',#9398);
#2395=VERTEX_POINT('',#9400);
#2396=VERTEX_POINT('',#9402);
#2397=VERTEX_POINT('',#9407);
#2398=VERTEX_POINT('',#9409);
#2399=VERTEX_POINT('',#9411);
#2400=VERTEX_POINT('',#9413);
#2401=VERTEX_POINT('',#9415);
#2402=VERTEX_POINT('',#9417);
#2403=VERTEX_POINT('',#9424);
#2404=VERTEX_POINT('',#9428);
#2405=VERTEX_POINT('',#9432);
#2406=VERTEX_POINT('',#9443);
#2407=VERTEX_POINT('',#9445);
#2408=VERTEX_POINT('',#9451);
#2409=VERTEX_POINT('',#9455);
#2410=VERTEX_POINT('',#9456);
#2411=VERTEX_POINT('',#9458);
#2412=VERTEX_POINT('',#9460);
#2413=VERTEX_POINT('',#9462);
#2414=VERTEX_POINT('',#9467);
#2415=VERTEX_POINT('',#9471);
#2416=VERTEX_POINT('',#9473);
#2417=VERTEX_POINT('',#9475);
#2418=VERTEX_POINT('',#9477);
#2419=VERTEX_POINT('',#9479);
#2420=VERTEX_POINT('',#9499);
#2421=VERTEX_POINT('',#9501);
#2422=VERTEX_POINT('',#9513);
#2423=VERTEX_POINT('',#9514);
#2424=VERTEX_POINT('',#9519);
#2425=VERTEX_POINT('',#9521);
#2426=VERTEX_POINT('',#9525);
#2427=VERTEX_POINT('',#9526);
#2428=VERTEX_POINT('',#9538);
#2429=VERTEX_POINT('',#9540);
#2430=VERTEX_POINT('',#9542);
#2431=VERTEX_POINT('',#9544);
#2432=VERTEX_POINT('',#9553);
#2433=VERTEX_POINT('',#9561);
#2434=VERTEX_POINT('',#9573);
#2435=VERTEX_POINT('',#9574);
#2436=VERTEX_POINT('',#9584);
#2437=VERTEX_POINT('',#9588);
#2438=VERTEX_POINT('',#9592);
#2439=VERTEX_POINT('',#9603);
#2440=VERTEX_POINT('',#9605);
#2441=VERTEX_POINT('',#9630);
#2442=VERTEX_POINT('',#9631);
#2443=VERTEX_POINT('',#9643);
#2444=VERTEX_POINT('',#9650);
#2445=VERTEX_POINT('',#9660);
#2446=VERTEX_POINT('',#9664);
#2447=VERTEX_POINT('',#9666);
#2448=VERTEX_POINT('',#9856);
#2449=VERTEX_POINT('',#9858);
#2450=VERTEX_POINT('',#9862);
#2451=VERTEX_POINT('',#9866);
#2452=VERTEX_POINT('',#10297);
#2453=VERTEX_POINT('',#10301);
#2454=VERTEX_POINT('',#10364);
#2455=VERTEX_POINT('',#10365);
#2456=VERTEX_POINT('',#10368);
#2457=VERTEX_POINT('',#10555);
#2458=VERTEX_POINT('',#10563);
#2459=VERTEX_POINT('',#10595);
#2460=VERTEX_POINT('',#10971);
#2461=VERTEX_POINT('',#10972);
#2462=VERTEX_POINT('',#10974);
#2463=VERTEX_POINT('',#10976);
#2464=VERTEX_POINT('',#10978);
#2465=VERTEX_POINT('',#10980);
#2466=VERTEX_POINT('',#10982);
#2467=VERTEX_POINT('',#10984);
#2468=VERTEX_POINT('',#10986);
#2469=VERTEX_POINT('',#10988);
#2470=VERTEX_POINT('',#10990);
#2471=VERTEX_POINT('',#10992);
#2472=VERTEX_POINT('',#10999);
#2473=VERTEX_POINT('',#11001);
#2474=VERTEX_POINT('',#11005);
#2475=VERTEX_POINT('',#11007);
#2476=VERTEX_POINT('',#11011);
#2477=VERTEX_POINT('',#11015);
#2478=VERTEX_POINT('',#11024);
#2479=VERTEX_POINT('',#11028);
#2480=VERTEX_POINT('',#11032);
#2481=VERTEX_POINT('',#11048);
#2482=VERTEX_POINT('',#11050);
#2483=VERTEX_POINT('',#11054);
#2484=VERTEX_POINT('',#11058);
#2485=VERTEX_POINT('',#11062);
#2486=VERTEX_POINT('',#11063);
#2487=VERTEX_POINT('',#11065);
#2488=VERTEX_POINT('',#11067);
#2489=VERTEX_POINT('',#11071);
#2490=VERTEX_POINT('',#11072);
#2491=VERTEX_POINT('',#11074);
#2492=VERTEX_POINT('',#11077);
#2493=VERTEX_POINT('',#11081);
#2494=VERTEX_POINT('',#11083);
#2495=VERTEX_POINT('',#11088);
#2496=VERTEX_POINT('',#11092);
#2497=VERTEX_POINT('',#11096);
#2498=VERTEX_POINT('',#11098);
#2499=EDGE_CURVE('',#2033,#2034,#1880,.T.);
#2500=EDGE_CURVE('',#2034,#2033,#1881,.T.);
#2501=EDGE_CURVE('',#2033,#2035,#964,.T.);
#2502=EDGE_CURVE('',#2035,#2035,#1882,.T.);
#2503=EDGE_CURVE('',#2036,#2037,#965,.T.);
#2504=EDGE_CURVE('',#2036,#2038,#1883,.T.);
#2505=EDGE_CURVE('',#2039,#2038,#966,.T.);
#2506=EDGE_CURVE('',#2040,#2039,#967,.T.);
#2507=EDGE_CURVE('',#2040,#2041,#968,.F.);
#2508=EDGE_CURVE('',#2042,#2041,#969,.F.);
#2509=EDGE_CURVE('',#2043,#2042,#970,.F.);
#2510=EDGE_CURVE('',#2043,#2044,#971,.T.);
#2511=EDGE_CURVE('',#2045,#2044,#1884,.T.);
#2512=EDGE_CURVE('',#2046,#2045,#1885,.T.);
#2513=EDGE_CURVE('',#2047,#2046,#1886,.T.);
#2514=EDGE_CURVE('',#2047,#2048,#1887,.T.);
#2515=EDGE_CURVE('',#2049,#2048,#972,.T.);
#2516=EDGE_CURVE('',#2049,#2050,#1888,.T.);
#2517=EDGE_CURVE('',#2051,#2050,#1889,.T.);
#2518=EDGE_CURVE('',#2051,#2052,#1890,.T.);
#2519=EDGE_CURVE('',#2053,#2052,#1891,.T.);
#2520=EDGE_CURVE('',#2053,#2054,#973,.T.);
#2521=EDGE_CURVE('',#2037,#2054,#974,.F.);
#2522=EDGE_CURVE('',#2034,#2055,#975,.T.);
#2523=EDGE_CURVE('',#2055,#2055,#1892,.T.);
#2524=EDGE_CURVE('',#2056,#2057,#1893,.T.);
#2525=EDGE_CURVE('',#2056,#2058,#976,.T.);
#2526=EDGE_CURVE('',#2058,#2058,#1894,.T.);
#2527=EDGE_CURVE('',#2057,#2056,#1895,.T.);
#2528=EDGE_CURVE('',#2059,#2060,#1896,.T.);
#2529=EDGE_CURVE('',#2059,#2061,#977,.T.);
#2530=EDGE_CURVE('',#2061,#2061,#1897,.T.);
#2531=EDGE_CURVE('',#2060,#2059,#1898,.T.);
#2532=EDGE_CURVE('',#2062,#2063,#1899,.T.);
#2533=EDGE_CURVE('',#2062,#2064,#978,.T.);
#2534=EDGE_CURVE('',#2064,#2064,#1900,.T.);
#2535=EDGE_CURVE('',#2063,#2062,#1901,.T.);
#2536=EDGE_CURVE('',#2065,#2066,#979,.T.);
#2537=EDGE_CURVE('',#2065,#2067,#980,.T.);
#2538=EDGE_CURVE('',#2067,#2068,#981,.T.);
#2539=EDGE_CURVE('',#2066,#2068,#982,.T.);
#2540=EDGE_CURVE('',#2069,#2070,#983,.T.);
#2541=EDGE_CURVE('',#2069,#2071,#984,.T.);
#2542=EDGE_CURVE('',#2071,#2072,#985,.T.);
#2543=EDGE_CURVE('',#2070,#2072,#986,.T.);
#2544=EDGE_CURVE('',#2068,#2071,#987,.T.);
#2545=EDGE_CURVE('',#2072,#2067,#988,.T.);
#2546=EDGE_CURVE('',#2073,#2073,#1902,.T.);
#2547=EDGE_CURVE('',#2074,#2066,#989,.T.);
#2548=EDGE_CURVE('',#2075,#2074,#1903,.T.);
#2549=EDGE_CURVE('',#2065,#2075,#990,.T.);
#2550=EDGE_CURVE('',#2076,#2077,#1904,.T.);
#2551=EDGE_CURVE('',#2077,#2078,#991,.T.);
#2552=EDGE_CURVE('',#2078,#2079,#1905,.T.);
#2553=EDGE_CURVE('',#2076,#2079,#992,.T.);
#2554=EDGE_CURVE('',#2080,#2077,#993,.T.);
#2555=EDGE_CURVE('',#2080,#2074,#994,.T.);
#2556=EDGE_CURVE('',#2069,#2078,#995,.T.);
#2557=EDGE_CURVE('',#2080,#2081,#1906,.T.);
#2558=EDGE_CURVE('',#2081,#2082,#1907,.T.);
#2559=EDGE_CURVE('',#2082,#2075,#996,.T.);
#2560=EDGE_CURVE('',#2076,#2082,#997,.T.);
#2561=EDGE_CURVE('',#2079,#2070,#998,.T.);
#2562=EDGE_CURVE('',#2077,#2080,#1908,.T.);
#2563=EDGE_CURVE('',#2083,#2084,#999,.T.);
#2564=EDGE_CURVE('',#2083,#2085,#1000,.T.);
#2565=EDGE_CURVE('',#2085,#2086,#1001,.T.);
#2566=EDGE_CURVE('',#2084,#2086,#1002,.T.);
#2567=EDGE_CURVE('',#2087,#2088,#1003,.T.);
#2568=EDGE_CURVE('',#2087,#2089,#1004,.T.);
#2569=EDGE_CURVE('',#2089,#2090,#1005,.T.);
#2570=EDGE_CURVE('',#2088,#2090,#1006,.T.);
#2571=EDGE_CURVE('',#2086,#2089,#1007,.T.);
#2572=EDGE_CURVE('',#2090,#2085,#1008,.T.);
#2573=EDGE_CURVE('',#2091,#2091,#1909,.T.);
#2574=EDGE_CURVE('',#2092,#2084,#1009,.T.);
#2575=EDGE_CURVE('',#2093,#2092,#1910,.T.);
#2576=EDGE_CURVE('',#2083,#2093,#1010,.T.);
#2577=EDGE_CURVE('',#2094,#2095,#1911,.T.);
#2578=EDGE_CURVE('',#2095,#2096,#1011,.T.);
#2579=EDGE_CURVE('',#2096,#2097,#1912,.T.);
#2580=EDGE_CURVE('',#2094,#2097,#1012,.T.);
#2581=EDGE_CURVE('',#2098,#2095,#1013,.T.);
#2582=EDGE_CURVE('',#2098,#2092,#1014,.T.);
#2583=EDGE_CURVE('',#2087,#2096,#1015,.T.);
#2584=EDGE_CURVE('',#2098,#2099,#1913,.T.);
#2585=EDGE_CURVE('',#2099,#2100,#1914,.T.);
#2586=EDGE_CURVE('',#2100,#2093,#1016,.T.);
#2587=EDGE_CURVE('',#2094,#2100,#1017,.T.);
#2588=EDGE_CURVE('',#2097,#2088,#1018,.T.);
#2589=EDGE_CURVE('',#2095,#2098,#1915,.T.);
#2590=EDGE_CURVE('',#2101,#2102,#1019,.T.);
#2591=EDGE_CURVE('',#2101,#2103,#1020,.T.);
#2592=EDGE_CURVE('',#2103,#2104,#1021,.T.);
#2593=EDGE_CURVE('',#2102,#2104,#1022,.T.);
#2594=EDGE_CURVE('',#2105,#2106,#1023,.T.);
#2595=EDGE_CURVE('',#2105,#2107,#1024,.T.);
#2596=EDGE_CURVE('',#2107,#2108,#1025,.T.);
#2597=EDGE_CURVE('',#2106,#2108,#1026,.T.);
#2598=EDGE_CURVE('',#2104,#2107,#1027,.T.);
#2599=EDGE_CURVE('',#2108,#2103,#1028,.T.);
#2600=EDGE_CURVE('',#2109,#2109,#1916,.T.);
#2601=EDGE_CURVE('',#2110,#2102,#1029,.T.);
#2602=EDGE_CURVE('',#2111,#2110,#1917,.T.);
#2603=EDGE_CURVE('',#2101,#2111,#1030,.T.);
#2604=EDGE_CURVE('',#2112,#2113,#1918,.T.);
#2605=EDGE_CURVE('',#2113,#2114,#1031,.T.);
#2606=EDGE_CURVE('',#2114,#2115,#1919,.T.);
#2607=EDGE_CURVE('',#2112,#2115,#1032,.T.);
#2608=EDGE_CURVE('',#2116,#2113,#1033,.T.);
#2609=EDGE_CURVE('',#2116,#2110,#1034,.T.);
#2610=EDGE_CURVE('',#2105,#2114,#1035,.T.);
#2611=EDGE_CURVE('',#2116,#2117,#1920,.T.);
#2612=EDGE_CURVE('',#2117,#2118,#1921,.T.);
#2613=EDGE_CURVE('',#2118,#2111,#1036,.T.);
#2614=EDGE_CURVE('',#2112,#2118,#1037,.T.);
#2615=EDGE_CURVE('',#2115,#2106,#1038,.T.);
#2616=EDGE_CURVE('',#2113,#2116,#1922,.T.);
#2617=EDGE_CURVE('',#2119,#2120,#1923,.T.);
#2618=EDGE_CURVE('',#2121,#2119,#108,.T.);
#2619=EDGE_CURVE('',#2121,#2122,#1924,.T.);
#2620=EDGE_CURVE('',#2120,#2122,#100,.F.);
#2621=EDGE_CURVE('',#2119,#2123,#109,.T.);
#2622=EDGE_CURVE('',#2123,#2124,#110,.T.);
#2623=EDGE_CURVE('',#2124,#2121,#111,.F.);
#2624=EDGE_CURVE('',#2123,#2125,#1039,.T.);
#2625=EDGE_CURVE('',#2125,#2126,#1040,.T.);
#2626=EDGE_CURVE('',#2126,#2124,#1041,.F.);
#2627=EDGE_CURVE('',#2127,#2128,#101,.T.);
#2628=EDGE_CURVE('',#2127,#2129,#1042,.T.);
#2629=EDGE_CURVE('',#2130,#2129,#47,.T.);
#2630=EDGE_CURVE('',#2131,#2130,#48,.T.);
#2631=EDGE_CURVE('',#2128,#2131,#1043,.T.);
#2632=EDGE_CURVE('',#2132,#2133,#1044,.T.);
#2633=EDGE_CURVE('',#2134,#2132,#1045,.T.);
#2634=EDGE_CURVE('',#2135,#2134,#49,.T.);
#2635=EDGE_CURVE('',#2136,#2135,#50,.T.);
#2636=EDGE_CURVE('',#2136,#2133,#1046,.T.);
#2637=EDGE_CURVE('',#2137,#2138,#102,.T.);
#2638=EDGE_CURVE('',#2137,#2139,#1047,.T.);
#2639=EDGE_CURVE('',#2129,#2139,#1048,.T.);
#2640=EDGE_CURVE('',#2138,#2127,#103,.T.);
#2641=EDGE_CURVE('',#2133,#2140,#1049,.T.);
#2642=EDGE_CURVE('',#2141,#2136,#1050,.T.);
#2643=EDGE_CURVE('',#2141,#2140,#1051,.T.);
#2644=EDGE_CURVE('',#2128,#2142,#104,.T.);
#2645=EDGE_CURVE('',#2143,#2131,#51,.T.);
#2646=EDGE_CURVE('',#2144,#2143,#52,.T.);
#2647=EDGE_CURVE('',#2142,#2144,#1052,.T.);
#2648=EDGE_CURVE('',#2145,#2132,#1053,.T.);
#2649=EDGE_CURVE('',#2146,#2145,#1054,.T.);
#2650=EDGE_CURVE('',#2147,#2146,#53,.T.);
#2651=EDGE_CURVE('',#2134,#2147,#54,.T.);
#2652=EDGE_CURVE('',#2148,#2137,#105,.T.);
#2653=EDGE_CURVE('',#2148,#2149,#1055,.T.);
#2654=EDGE_CURVE('',#2150,#2149,#55,.T.);
#2655=EDGE_CURVE('',#2139,#2150,#56,.T.);
#2656=EDGE_CURVE('',#2142,#2151,#106,.T.);
#2657=EDGE_CURVE('',#2152,#2144,#1056,.T.);
#2658=EDGE_CURVE('',#2151,#2152,#1057,.T.);
#2659=EDGE_CURVE('',#2151,#2148,#107,.T.);
#2660=EDGE_CURVE('',#2153,#2152,#57,.T.);
#2661=EDGE_CURVE('',#2149,#2153,#58,.T.);
#2662=EDGE_CURVE('',#2140,#2154,#1058,.T.);
#2663=EDGE_CURVE('',#2155,#2141,#59,.T.);
#2664=EDGE_CURVE('',#2156,#2155,#60,.T.);
#2665=EDGE_CURVE('',#2156,#2154,#1059,.T.);
#2666=EDGE_CURVE('',#2154,#2157,#1060,.T.);
#2667=EDGE_CURVE('',#2158,#2156,#61,.T.);
#2668=EDGE_CURVE('',#2159,#2158,#62,.T.);
#2669=EDGE_CURVE('',#2159,#2157,#1061,.T.);
#2670=EDGE_CURVE('',#2157,#2145,#1062,.T.);
#2671=EDGE_CURVE('',#2146,#2159,#1063,.T.);
#2672=EDGE_CURVE('',#2147,#2051,#1064,.T.);
#2673=EDGE_CURVE('',#2050,#2135,#1065,.T.);
#2674=EDGE_CURVE('',#2160,#2158,#1066,.T.);
#2675=EDGE_CURVE('',#2161,#2160,#112,.T.);
#2676=EDGE_CURVE('',#2052,#2161,#113,.T.);
#2677=EDGE_CURVE('',#2162,#2150,#1067,.T.);
#2678=EDGE_CURVE('',#2163,#2162,#114,.T.);
#2679=EDGE_CURVE('',#2164,#2163,#63,.T.);
#2680=EDGE_CURVE('',#2165,#2164,#1925,.T.);
#2681=EDGE_CURVE('',#2165,#2048,#1068,.T.);
#2682=EDGE_CURVE('',#2130,#2047,#1069,.T.);
#2683=EDGE_CURVE('',#2153,#2166,#1070,.T.);
#2684=EDGE_CURVE('',#2166,#2162,#1926,.T.);
#2685=EDGE_CURVE('',#2167,#2168,#1071,.T.);
#2686=EDGE_CURVE('',#2167,#2169,#1072,.T.);
#2687=EDGE_CURVE('',#2169,#2170,#1073,.T.);
#2688=EDGE_CURVE('',#2170,#2171,#1074,.T.);
#2689=EDGE_CURVE('',#2171,#2172,#1075,.T.);
#2690=EDGE_CURVE('',#2172,#2168,#1076,.T.);
#2691=EDGE_CURVE('',#2173,#2168,#1077,.T.);
#2692=EDGE_CURVE('',#2174,#2173,#1078,.T.);
#2693=EDGE_CURVE('',#2174,#2175,#1079,.T.);
#2694=EDGE_CURVE('',#2175,#2176,#1080,.T.);
#2695=EDGE_CURVE('',#2176,#2167,#1081,.T.);
#2696=EDGE_CURVE('',#2177,#2172,#1082,.T.);
#2697=EDGE_CURVE('',#2177,#2178,#1083,.T.);
#2698=EDGE_CURVE('',#2179,#2178,#1084,.T.);
#2699=EDGE_CURVE('',#2173,#2179,#1085,.T.);
#2700=EDGE_CURVE('',#2179,#2180,#1086,.T.);
#2701=EDGE_CURVE('',#2180,#2181,#1087,.T.);
#2702=EDGE_CURVE('',#2182,#2181,#1088,.T.);
#2703=EDGE_CURVE('',#2182,#2174,#1089,.T.);
#2704=EDGE_CURVE('',#2170,#2181,#1090,.T.);
#2705=EDGE_CURVE('',#2169,#2183,#1091,.T.);
#2706=EDGE_CURVE('',#2183,#2184,#1092,.T.);
#2707=EDGE_CURVE('',#2184,#2182,#1093,.T.);
#2708=EDGE_CURVE('',#2185,#2180,#1094,.T.);
#2709=EDGE_CURVE('',#2185,#2186,#1095,.T.);
#2710=EDGE_CURVE('',#2171,#2186,#1096,.T.);
#2711=EDGE_CURVE('',#2187,#2178,#1097,.T.);
#2712=EDGE_CURVE('',#2188,#2187,#1098,.T.);
#2713=EDGE_CURVE('',#2185,#2188,#1099,.T.);
#2714=EDGE_CURVE('',#2177,#2189,#1100,.T.);
#2715=EDGE_CURVE('',#2187,#2189,#1101,.T.);
#2716=EDGE_CURVE('',#2190,#2186,#1102,.T.);
#2717=EDGE_CURVE('',#2189,#2190,#1103,.T.);
#2718=EDGE_CURVE('',#2190,#2188,#1104,.T.);
#2719=EDGE_CURVE('',#2191,#2192,#1105,.T.);
#2720=EDGE_CURVE('',#2192,#2192,#115,.T.);
#2721=EDGE_CURVE('',#2191,#2191,#116,.T.);
#2722=EDGE_CURVE('',#2193,#2193,#64,.T.);
#2723=EDGE_CURVE('',#2193,#2192,#1106,.T.);
#2724=EDGE_CURVE('',#2194,#2195,#1107,.T.);
#2725=EDGE_CURVE('',#2195,#2196,#1108,.T.);
#2726=EDGE_CURVE('',#2196,#2197,#1109,.T.);
#2727=EDGE_CURVE('',#2197,#2198,#1110,.T.);
#2728=EDGE_CURVE('',#2198,#2199,#1111,.T.);
#2729=EDGE_CURVE('',#2199,#2200,#1112,.T.);
#2730=EDGE_CURVE('',#2200,#2201,#1113,.T.);
#2731=EDGE_CURVE('',#2201,#2202,#1114,.T.);
#2732=EDGE_CURVE('',#2203,#2202,#1115,.T.);
#2733=EDGE_CURVE('',#2203,#2204,#1116,.T.);
#2734=EDGE_CURVE('',#2205,#2204,#1117,.T.);
#2735=EDGE_CURVE('',#2194,#2205,#1118,.T.);
#2736=EDGE_CURVE('',#2206,#2206,#1927,.T.);
#2737=EDGE_CURVE('',#2206,#2207,#1119,.T.);
#2738=EDGE_CURVE('',#2207,#2207,#1928,.T.);
#2739=EDGE_CURVE('',#2036,#2208,#117,.T.);
#2740=EDGE_CURVE('',#2208,#2209,#1929,.T.);
#2741=EDGE_CURVE('',#2038,#2209,#118,.T.);
#2742=EDGE_CURVE('',#2210,#2039,#1120,.T.);
#2743=EDGE_CURVE('',#2211,#2210,#1121,.T.);
#2744=EDGE_CURVE('',#2040,#2211,#1122,.T.);
#2745=EDGE_CURVE('',#2037,#2212,#1123,.T.);
#2746=EDGE_CURVE('',#2212,#2213,#1124,.T.);
#2747=EDGE_CURVE('',#2214,#2213,#1125,.T.);
#2748=EDGE_CURVE('',#2215,#2214,#1126,.T.);
#2749=EDGE_CURVE('',#2216,#2215,#1127,.T.);
#2750=EDGE_CURVE('',#2216,#2208,#1128,.T.);
#2751=EDGE_CURVE('',#2057,#2109,#1129,.T.);
#2752=EDGE_CURVE('',#2060,#2091,#1130,.T.);
#2753=EDGE_CURVE('',#2209,#2217,#1131,.T.);
#2754=EDGE_CURVE('',#2218,#2217,#1132,.T.);
#2755=EDGE_CURVE('',#2218,#2219,#1133,.T.);
#2756=EDGE_CURVE('',#2219,#2210,#65,.T.);
#2757=EDGE_CURVE('',#2175,#2220,#1134,.T.);
#2758=EDGE_CURVE('',#2221,#2220,#1135,.T.);
#2759=EDGE_CURVE('',#2222,#2221,#1136,.T.);
#2760=EDGE_CURVE('',#2223,#2222,#1137,.T.);
#2761=EDGE_CURVE('',#2219,#2223,#1138,.T.);
#2762=EDGE_CURVE('',#2224,#2218,#1139,.T.);
#2763=EDGE_CURVE('',#2224,#2184,#1140,.T.);
#2764=EDGE_CURVE('',#2183,#2176,#1141,.T.);
#2765=EDGE_CURVE('',#2126,#2225,#1142,.F.);
#2766=EDGE_CURVE('',#2225,#2226,#119,.F.);
#2767=EDGE_CURVE('',#2226,#2227,#1930,.T.);
#2768=EDGE_CURVE('',#2227,#2165,#1143,.T.);
#2769=EDGE_CURVE('',#2164,#2228,#120,.F.);
#2770=EDGE_CURVE('',#2228,#2229,#1144,.F.);
#2771=EDGE_CURVE('',#2230,#2229,#1145,.F.);
#2772=EDGE_CURVE('',#2231,#2230,#1146,.F.);
#2773=EDGE_CURVE('',#2232,#2231,#1147,.T.);
#2774=EDGE_CURVE('',#2232,#2233,#1148,.F.);
#2775=EDGE_CURVE('',#2234,#2233,#1149,.F.);
#2776=EDGE_CURVE('',#2235,#2234,#1150,.F.);
#2777=EDGE_CURVE('',#2236,#2235,#1151,.F.);
#2778=EDGE_CURVE('',#2237,#2236,#66,.T.);
#2779=EDGE_CURVE('',#2238,#2237,#1152,.T.);
#2780=EDGE_CURVE('',#2239,#2238,#1931,.T.);
#2781=EDGE_CURVE('',#2240,#2239,#1932,.T.);
#2782=EDGE_CURVE('',#2241,#2240,#1153,.F.);
#2783=EDGE_CURVE('',#2242,#2241,#1154,.F.);
#2784=EDGE_CURVE('',#2243,#2242,#1155,.F.);
#2785=EDGE_CURVE('',#2244,#2243,#1933,.T.);
#2786=EDGE_CURVE('',#2245,#2244,#1156,.F.);
#2787=EDGE_CURVE('',#2245,#2246,#1157,.T.);
#2788=EDGE_CURVE('',#2247,#2246,#1158,.T.);
#2789=EDGE_CURVE('',#2248,#2247,#1934,.T.);
#2790=EDGE_CURVE('',#2249,#2248,#1159,.T.);
#2791=EDGE_CURVE('',#2249,#2250,#1160,.F.);
#2792=EDGE_CURVE('',#2251,#2250,#1161,.F.);
#2793=EDGE_CURVE('',#2122,#2251,#1162,.T.);
#2794=EDGE_CURVE('',#2252,#2252,#1935,.T.);
#2795=EDGE_CURVE('',#2253,#2212,#1163,.T.);
#2796=EDGE_CURVE('',#2254,#2253,#1936,.T.);
#2797=EDGE_CURVE('',#2255,#2254,#1164,.T.);
#2798=EDGE_CURVE('',#2256,#2255,#1165,.T.);
#2799=EDGE_CURVE('',#2257,#2256,#1166,.T.);
#2800=EDGE_CURVE('',#2257,#2258,#67,.F.);
#2801=EDGE_CURVE('',#2259,#2258,#1167,.T.);
#2802=EDGE_CURVE('',#2260,#2259,#1168,.T.);
#2803=EDGE_CURVE('',#2261,#2260,#1169,.T.);
#2804=EDGE_CURVE('',#2261,#2262,#1170,.T.);
#2805=EDGE_CURVE('',#2263,#2262,#1171,.T.);
#2806=EDGE_CURVE('',#2264,#2263,#1172,.T.);
#2807=EDGE_CURVE('',#2265,#2264,#1173,.T.);
#2808=EDGE_CURVE('',#2266,#2265,#1174,.T.);
#2809=EDGE_CURVE('',#2267,#2266,#1175,.T.);
#2810=EDGE_CURVE('',#2267,#2268,#1176,.T.);
#2811=EDGE_CURVE('',#2269,#2268,#1177,.T.);
#2812=EDGE_CURVE('',#2270,#2269,#1937,.T.);
#2813=EDGE_CURVE('',#2271,#2270,#1178,.T.);
#2814=EDGE_CURVE('',#2272,#2271,#1938,.T.);
#2815=EDGE_CURVE('',#2273,#2272,#1179,.T.);
#2816=EDGE_CURVE('',#2274,#2273,#1939,.T.);
#2817=EDGE_CURVE('',#2275,#2274,#1180,.T.);
#2818=EDGE_CURVE('',#2204,#2275,#68,.T.);
#2819=EDGE_CURVE('',#2276,#2203,#1181,.T.);
#2820=EDGE_CURVE('',#2277,#2276,#1182,.T.);
#2821=EDGE_CURVE('',#2278,#2277,#1940,.T.);
#2822=EDGE_CURVE('',#2279,#2278,#1183,.T.);
#2823=EDGE_CURVE('',#2280,#2279,#69,.T.);
#2824=EDGE_CURVE('',#2281,#2280,#1184,.T.);
#2825=EDGE_CURVE('',#2282,#2281,#1185,.T.);
#2826=EDGE_CURVE('',#2213,#2282,#1186,.T.);
#2827=EDGE_CURVE('',#2283,#2283,#1941,.T.);
#2828=EDGE_CURVE('',#2284,#2199,#1187,.T.);
#2829=EDGE_CURVE('',#2285,#2284,#1188,.T.);
#2830=EDGE_CURVE('',#2200,#2285,#1189,.T.);
#2831=EDGE_CURVE('',#2286,#2286,#1942,.T.);
#2832=EDGE_CURVE('',#2287,#2287,#1943,.T.);
#2833=EDGE_CURVE('',#2288,#2288,#1944,.T.);
#2834=EDGE_CURVE('',#2289,#2289,#1945,.T.);
#2835=EDGE_CURVE('',#2289,#2252,#1946,.T.);
#2836=EDGE_CURVE('',#2290,#2290,#1947,.F.);
#2837=EDGE_CURVE('',#2290,#2289,#1190,.T.);
#2838=EDGE_CURVE('',#2291,#2228,#1191,.T.);
#2839=EDGE_CURVE('',#2292,#2291,#1192,.T.);
#2840=EDGE_CURVE('',#2229,#2292,#1193,.T.);
#2841=EDGE_CURVE('',#2293,#2294,#121,.T.);
#2842=EDGE_CURVE('',#2293,#2295,#1948,.T.);
#2843=EDGE_CURVE('',#2296,#2295,#1949,.T.);
#2844=EDGE_CURVE('',#2295,#2296,#1950,.T.);
#2845=EDGE_CURVE('',#2294,#2293,#122,.T.);
#2846=EDGE_CURVE('',#2297,#2298,#123,.T.);
#2847=EDGE_CURVE('',#2297,#2299,#1951,.T.);
#2848=EDGE_CURVE('',#2300,#2299,#1952,.T.);
#2849=EDGE_CURVE('',#2299,#2300,#1953,.T.);
#2850=EDGE_CURVE('',#2298,#2297,#124,.T.);
#2851=EDGE_CURVE('',#2301,#2302,#125,.T.);
#2852=EDGE_CURVE('',#2301,#2303,#1954,.T.);
#2853=EDGE_CURVE('',#2303,#2304,#1955,.T.);
#2854=EDGE_CURVE('',#2304,#2303,#1956,.T.);
#2855=EDGE_CURVE('',#2302,#2301,#126,.T.);
#2856=EDGE_CURVE('',#2082,#2076,#1957,.T.);
#2857=EDGE_CURVE('',#2081,#2305,#1194,.T.);
#2858=EDGE_CURVE('',#2305,#2305,#1958,.T.);
#2859=EDGE_CURVE('',#2100,#2094,#1959,.T.);
#2860=EDGE_CURVE('',#2099,#2306,#1195,.T.);
#2861=EDGE_CURVE('',#2306,#2306,#1960,.T.);
#2862=EDGE_CURVE('',#2118,#2112,#1961,.T.);
#2863=EDGE_CURVE('',#2117,#2307,#1196,.T.);
#2864=EDGE_CURVE('',#2307,#2307,#1962,.T.);
#2865=EDGE_CURVE('',#2063,#2073,#1197,.T.);
#2866=EDGE_CURVE('',#2308,#2308,#70,.T.);
#2867=EDGE_CURVE('',#2308,#2309,#1198,.T.);
#2868=EDGE_CURVE('',#2309,#2309,#1963,.T.);
#2869=EDGE_CURVE('',#2310,#2310,#1964,.T.);
#2870=EDGE_CURVE('',#2310,#2296,#1199,.T.);
#2871=EDGE_CURVE('',#2286,#2300,#1200,.T.);
#2872=EDGE_CURVE('',#2287,#2311,#1201,.T.);
#2873=EDGE_CURVE('',#2311,#2311,#1965,.T.);
#2874=EDGE_CURVE('',#2283,#2312,#1202,.T.);
#2875=EDGE_CURVE('',#2312,#2312,#1966,.T.);
#2876=EDGE_CURVE('',#2313,#2313,#1967,.T.);
#2877=EDGE_CURVE('',#2313,#2288,#1203,.T.);
#2878=EDGE_CURVE('',#2314,#2315,#71,.T.);
#2879=EDGE_CURVE('',#2314,#2316,#1204,.T.);
#2880=EDGE_CURVE('',#2317,#2316,#72,.T.);
#2881=EDGE_CURVE('',#2317,#2315,#1205,.T.);
#2882=EDGE_CURVE('',#2318,#2319,#73,.F.);
#2883=EDGE_CURVE('',#2258,#2318,#1206,.T.);
#2884=EDGE_CURVE('',#2319,#2257,#1207,.T.);
#2885=EDGE_CURVE('',#2320,#2236,#1208,.T.);
#2886=EDGE_CURVE('',#2321,#2320,#1209,.F.);
#2887=EDGE_CURVE('',#2322,#2321,#74,.F.);
#2888=EDGE_CURVE('',#2237,#2322,#1210,.T.);
#2889=EDGE_CURVE('',#2323,#2323,#1968,.T.);
#2890=EDGE_CURVE('',#2323,#2324,#1211,.T.);
#2891=EDGE_CURVE('',#2324,#2324,#1969,.T.);
#2892=EDGE_CURVE('',#2325,#2325,#1970,.T.);
#2893=EDGE_CURVE('',#2325,#2304,#1212,.T.);
#2894=EDGE_CURVE('',#2326,#2327,#1971,.T.);
#2895=EDGE_CURVE('',#2240,#2327,#127,.T.);
#2896=EDGE_CURVE('',#2239,#2328,#1213,.T.);
#2897=EDGE_CURVE('',#2328,#2328,#1972,.T.);
#2898=EDGE_CURVE('',#2238,#2326,#128,.T.);
#2899=EDGE_CURVE('',#2329,#2330,#1973,.T.);
#2900=EDGE_CURVE('',#2329,#2331,#1214,.T.);
#2901=EDGE_CURVE('',#2331,#2331,#1974,.T.);
#2902=EDGE_CURVE('',#2330,#2329,#1975,.T.);
#2903=EDGE_CURVE('',#2138,#2332,#1215,.T.);
#2904=EDGE_CURVE('',#2332,#2332,#1976,.T.);
#2905=EDGE_CURVE('',#2333,#2333,#1977,.T.);
#2906=EDGE_CURVE('',#2333,#2330,#1216,.T.);
#2907=EDGE_CURVE('',#2334,#2335,#1978,.T.);
#2908=EDGE_CURVE('',#2336,#2335,#1979,.T.);
#2909=EDGE_CURVE('',#2336,#2337,#1980,.T.);
#2910=EDGE_CURVE('',#2334,#2337,#1981,.T.);
#2911=EDGE_CURVE('',#2338,#2336,#1982,.T.);
#2912=EDGE_CURVE('',#2338,#2339,#1983,.T.);
#2913=EDGE_CURVE('',#2337,#2339,#1984,.T.);
#2914=EDGE_CURVE('',#2340,#2338,#1217,.T.);
#2915=EDGE_CURVE('',#2340,#2341,#1985,.T.);
#2916=EDGE_CURVE('',#2339,#2341,#1218,.T.);
#2917=EDGE_CURVE('',#2342,#2340,#75,.T.);
#2918=EDGE_CURVE('',#2342,#2343,#1986,.T.);
#2919=EDGE_CURVE('',#2341,#2343,#76,.T.);
#2920=EDGE_CURVE('',#2344,#2342,#77,.T.);
#2921=EDGE_CURVE('',#2344,#2345,#1987,.T.);
#2922=EDGE_CURVE('',#2343,#2345,#78,.T.);
#2923=EDGE_CURVE('',#2346,#2344,#1219,.T.);
#2924=EDGE_CURVE('',#2346,#2347,#1988,.T.);
#2925=EDGE_CURVE('',#2347,#2345,#1220,.T.);
#2926=EDGE_CURVE('',#2348,#2346,#1989,.T.);
#2927=EDGE_CURVE('',#2348,#2349,#1990,.T.);
#2928=EDGE_CURVE('',#2347,#2349,#1991,.T.);
#2929=EDGE_CURVE('',#2350,#2348,#1992,.T.);
#2930=EDGE_CURVE('',#2350,#2351,#1993,.T.);
#2931=EDGE_CURVE('',#2349,#2351,#1994,.T.);
#2932=EDGE_CURVE('',#2352,#2350,#1221,.T.);
#2933=EDGE_CURVE('',#2352,#2353,#1995,.T.);
#2934=EDGE_CURVE('',#2353,#2351,#1222,.T.);
#2935=EDGE_CURVE('',#2354,#2352,#129,.T.);
#2936=EDGE_CURVE('',#2354,#2355,#1996,.T.);
#2937=EDGE_CURVE('',#2353,#2355,#130,.T.);
#2938=EDGE_CURVE('',#2356,#2354,#1223,.T.);
#2939=EDGE_CURVE('',#2356,#2357,#1997,.T.);
#2940=EDGE_CURVE('',#2357,#2355,#1224,.T.);
#2941=EDGE_CURVE('',#2358,#2359,#1998,.T.);
#2942=EDGE_CURVE('',#2359,#2357,#131,.T.);
#2943=EDGE_CURVE('',#2358,#2356,#132,.T.);
#2944=EDGE_CURVE('',#2360,#2361,#1999,.T.);
#2945=EDGE_CURVE('',#2361,#2359,#1225,.T.);
#2946=EDGE_CURVE('',#2360,#2358,#1226,.T.);
#2947=EDGE_CURVE('',#2362,#2205,#2000,.T.);
#2948=EDGE_CURVE('',#2205,#2361,#133,.T.);
#2949=EDGE_CURVE('',#2362,#2360,#134,.T.);
#2950=EDGE_CURVE('',#2363,#2194,#2001,.T.);
#2951=EDGE_CURVE('',#2363,#2362,#1227,.T.);
#2952=EDGE_CURVE('',#2364,#2363,#135,.T.);
#2953=EDGE_CURVE('',#2364,#2365,#2002,.T.);
#2954=EDGE_CURVE('',#2194,#2365,#2003,.T.);
#2955=EDGE_CURVE('',#2366,#2364,#136,.T.);
#2956=EDGE_CURVE('',#2366,#2367,#2004,.T.);
#2957=EDGE_CURVE('',#2365,#2367,#2005,.T.);
#2958=EDGE_CURVE('',#2368,#2369,#2006,.T.);
#2959=EDGE_CURVE('',#2369,#2367,#1228,.T.);
#2960=EDGE_CURVE('',#2368,#2366,#1229,.T.);
#2961=EDGE_CURVE('',#2370,#2368,#137,.T.);
#2962=EDGE_CURVE('',#2370,#2371,#2007,.T.);
#2963=EDGE_CURVE('',#2369,#2371,#2008,.T.);
#2964=EDGE_CURVE('',#2372,#2370,#138,.T.);
#2965=EDGE_CURVE('',#2372,#2373,#2009,.T.);
#2966=EDGE_CURVE('',#2371,#2373,#2010,.T.);
#2967=EDGE_CURVE('',#2374,#2375,#2011,.T.);
#2968=EDGE_CURVE('',#2375,#2373,#1230,.T.);
#2969=EDGE_CURVE('',#2374,#2372,#1231,.T.);
#2970=EDGE_CURVE('',#2376,#2375,#2012,.T.);
#2971=EDGE_CURVE('',#2377,#2374,#79,.T.);
#2972=EDGE_CURVE('',#2377,#2376,#2013,.T.);
#2973=EDGE_CURVE('',#2378,#2379,#2014,.T.);
#2974=EDGE_CURVE('',#2379,#2376,#2015,.T.);
#2975=EDGE_CURVE('',#2378,#2377,#80,.T.);
#2976=EDGE_CURVE('',#2335,#2378,#1232,.T.);
#2977=EDGE_CURVE('',#2334,#2379,#1233,.T.);
#2978=EDGE_CURVE('',#2380,#2381,#1234,.T.);
#2979=EDGE_CURVE('',#2381,#2382,#1235,.T.);
#2980=EDGE_CURVE('',#2382,#2345,#1236,.T.);
#2981=EDGE_CURVE('',#2347,#2269,#1237,.T.);
#2982=EDGE_CURVE('',#2268,#2383,#1238,.T.);
#2983=EDGE_CURVE('',#2383,#2380,#81,.T.);
#2984=EDGE_CURVE('',#2353,#2271,#1239,.T.);
#2985=EDGE_CURVE('',#2270,#2351,#1240,.T.);
#2986=EDGE_CURVE('',#2357,#2273,#1241,.T.);
#2987=EDGE_CURVE('',#2272,#2355,#1242,.T.);
#2988=EDGE_CURVE('',#2274,#2359,#1243,.T.);
#2989=EDGE_CURVE('',#2361,#2275,#1244,.T.);
#2990=EDGE_CURVE('',#2384,#2367,#1245,.T.);
#2991=EDGE_CURVE('',#2369,#2385,#1246,.T.);
#2992=EDGE_CURVE('',#2385,#2386,#1247,.T.);
#2993=EDGE_CURVE('',#2386,#2387,#1248,.T.);
#2994=EDGE_CURVE('',#2387,#2388,#1249,.T.);
#2995=EDGE_CURVE('',#2388,#2282,#1250,.T.);
#2996=EDGE_CURVE('',#2281,#2384,#1251,.T.);
#2997=EDGE_CURVE('',#2375,#2389,#1252,.T.);
#2998=EDGE_CURVE('',#2389,#2390,#1253,.T.);
#2999=EDGE_CURVE('',#2390,#2373,#1254,.T.);
#3000=EDGE_CURVE('',#2334,#2391,#1255,.T.);
#3001=EDGE_CURVE('',#2391,#2392,#1256,.T.);
#3002=EDGE_CURVE('',#2392,#2379,#1257,.T.);
#3003=EDGE_CURVE('',#2262,#2393,#1258,.T.);
#3004=EDGE_CURVE('',#2220,#2261,#1259,.T.);
#3005=EDGE_CURVE('',#2394,#2224,#1260,.T.);
#3006=EDGE_CURVE('',#2395,#2394,#1261,.T.);
#3007=EDGE_CURVE('',#2396,#2395,#1262,.T.);
#3008=EDGE_CURVE('',#2393,#2396,#82,.T.);
#3009=EDGE_CURVE('',#2382,#2397,#2016,.T.);
#3010=EDGE_CURVE('',#2398,#2381,#1263,.T.);
#3011=EDGE_CURVE('',#2399,#2398,#1264,.T.);
#3012=EDGE_CURVE('',#2400,#2399,#1265,.T.);
#3013=EDGE_CURVE('',#2401,#2400,#1266,.T.);
#3014=EDGE_CURVE('',#2402,#2401,#1267,.T.);
#3015=EDGE_CURVE('',#2395,#2402,#1268,.T.);
#3016=EDGE_CURVE('',#2217,#2394,#1269,.T.);
#3017=EDGE_CURVE('',#2386,#2216,#1270,.T.);
#3018=EDGE_CURVE('',#2390,#2385,#83,.T.);
#3019=EDGE_CURVE('',#2392,#2389,#2017,.T.);
#3020=EDGE_CURVE('',#2403,#2391,#2018,.T.);
#3021=EDGE_CURVE('',#2397,#2403,#1271,.T.);
#3022=EDGE_CURVE('',#2404,#2380,#1272,.T.);
#3023=EDGE_CURVE('',#2398,#2404,#1273,.T.);
#3024=EDGE_CURVE('',#2405,#2383,#1274,.T.);
#3025=EDGE_CURVE('',#2404,#2405,#84,.T.);
#3026=EDGE_CURVE('',#2405,#2267,#1275,.T.);
#3027=EDGE_CURVE('',#2397,#2341,#1276,.T.);
#3028=EDGE_CURVE('',#2202,#2406,#1277,.T.);
#3029=EDGE_CURVE('',#2407,#2201,#1278,.T.);
#3030=EDGE_CURVE('',#2406,#2407,#1279,.T.);
#3031=EDGE_CURVE('',#2285,#2407,#1280,.T.);
#3032=EDGE_CURVE('',#2408,#2284,#1281,.T.);
#3033=EDGE_CURVE('',#2198,#2408,#1282,.T.);
#3034=EDGE_CURVE('',#2409,#2410,#2019,.T.);
#3035=EDGE_CURVE('',#2411,#2409,#2020,.T.);
#3036=EDGE_CURVE('',#2412,#2411,#1283,.T.);
#3037=EDGE_CURVE('',#2413,#2412,#1284,.T.);
#3038=EDGE_CURVE('',#2408,#2413,#1285,.T.);
#3039=EDGE_CURVE('',#2410,#2197,#1286,.T.);
#3040=EDGE_CURVE('',#2196,#2414,#1287,.T.);
#3041=EDGE_CURVE('',#2414,#2410,#1288,.T.);
#3042=EDGE_CURVE('',#2195,#2415,#85,.T.);
#3043=EDGE_CURVE('',#2415,#2416,#1289,.T.);
#3044=EDGE_CURVE('',#2417,#2416,#86,.T.);
#3045=EDGE_CURVE('',#2417,#2418,#1290,.T.);
#3046=EDGE_CURVE('',#2418,#2419,#2021,.T.);
#3047=EDGE_CURVE('',#2419,#2414,#2022,.T.);
#3048=EDGE_CURVE('',#2384,#2415,#87,.T.);
#3049=EDGE_CURVE('',#2280,#2416,#1291,.T.);
#3050=EDGE_CURVE('',#2388,#2214,#1292,.T.);
#3051=EDGE_CURVE('',#2387,#2215,#1293,.T.);
#3052=EDGE_CURVE('',#2339,#2403,#1294,.T.);
#3053=EDGE_CURVE('',#2420,#2396,#1295,.T.);
#3054=EDGE_CURVE('',#2421,#2420,#88,.T.);
#3055=EDGE_CURVE('',#2393,#2421,#1296,.T.);
#3056=EDGE_CURVE('',#2263,#2421,#1297,.T.);
#3057=EDGE_CURVE('',#2260,#2221,#1298,.T.);
#3058=EDGE_CURVE('',#2420,#2402,#1299,.T.);
#3059=EDGE_CURVE('',#2422,#2423,#1300,.T.);
#3060=EDGE_CURVE('',#2423,#2264,#1301,.T.);
#3061=EDGE_CURVE('',#2401,#2422,#1302,.T.);
#3062=EDGE_CURVE('',#2266,#2424,#1303,.T.);
#3063=EDGE_CURVE('',#2424,#2425,#1304,.T.);
#3064=EDGE_CURVE('',#2425,#2399,#1305,.T.);
#3065=EDGE_CURVE('',#2426,#2427,#1306,.T.);
#3066=EDGE_CURVE('',#2426,#2406,#1307,.T.);
#3067=EDGE_CURVE('',#2413,#2427,#1308,.T.);
#3068=EDGE_CURVE('',#2278,#2418,#1309,.T.);
#3069=EDGE_CURVE('',#2417,#2279,#1310,.T.);
#3070=EDGE_CURVE('',#2248,#2253,#139,.T.);
#3071=EDGE_CURVE('',#2054,#2428,#1311,.T.);
#3072=EDGE_CURVE('',#2428,#2429,#89,.T.);
#3073=EDGE_CURVE('',#2429,#2430,#1312,.T.);
#3074=EDGE_CURVE('',#2430,#2431,#1313,.F.);
#3075=EDGE_CURVE('',#2431,#2317,#1314,.T.);
#3076=EDGE_CURVE('',#2316,#2249,#1315,.T.);
#3077=EDGE_CURVE('',#2243,#2254,#140,.T.);
#3078=EDGE_CURVE('',#2247,#2432,#141,.T.);
#3079=EDGE_CURVE('',#2432,#2433,#2023,.T.);
#3080=EDGE_CURVE('',#2433,#2244,#142,.T.);
#3081=EDGE_CURVE('',#2242,#2255,#1316,.T.);
#3082=EDGE_CURVE('',#2434,#2435,#1317,.T.);
#3083=EDGE_CURVE('',#2435,#2256,#1318,.T.);
#3084=EDGE_CURVE('',#2241,#2434,#1319,.T.);
#3085=EDGE_CURVE('',#2435,#2319,#1320,.F.);
#3086=EDGE_CURVE('',#2318,#2321,#1321,.F.);
#3087=EDGE_CURVE('',#2235,#2259,#1322,.T.);
#3088=EDGE_CURVE('',#2436,#2265,#1323,.T.);
#3089=EDGE_CURVE('',#2423,#2436,#1324,.T.);
#3090=EDGE_CURVE('',#2426,#2437,#1325,.T.);
#3091=EDGE_CURVE('',#2437,#2276,#1326,.T.);
#3092=EDGE_CURVE('',#2437,#2438,#1327,.T.);
#3093=EDGE_CURVE('',#2438,#2412,#1328,.T.);
#3094=EDGE_CURVE('',#2411,#2277,#1329,.T.);
#3095=EDGE_CURVE('',#2409,#2419,#1330,.T.);
#3096=EDGE_CURVE('',#2438,#2427,#1331,.T.);
#3097=EDGE_CURVE('',#2227,#2049,#1332,.T.);
#3098=EDGE_CURVE('',#2439,#2226,#90,.T.);
#3099=EDGE_CURVE('',#2440,#2439,#143,.T.);
#3100=EDGE_CURVE('',#2155,#2440,#1333,.T.);
#3101=EDGE_CURVE('',#2440,#2160,#2024,.T.);
#3102=EDGE_CURVE('',#2441,#2442,#1334,.F.);
#3103=EDGE_CURVE('',#2442,#2251,#1335,.T.);
#3104=EDGE_CURVE('',#2250,#2314,#1336,.T.);
#3105=EDGE_CURVE('',#2315,#2441,#1337,.T.);
#3106=EDGE_CURVE('',#2233,#2223,#1338,.T.);
#3107=EDGE_CURVE('',#2222,#2234,#1339,.T.);
#3108=EDGE_CURVE('',#2443,#2422,#1340,.T.);
#3109=EDGE_CURVE('',#2425,#2443,#1341,.T.);
#3110=EDGE_CURVE('',#2436,#2424,#1342,.T.);
#3111=EDGE_CURVE('',#2400,#2443,#1343,.T.);
#3112=EDGE_CURVE('',#2223,#2444,#1344,.T.);
#3113=EDGE_CURVE('',#2444,#2211,#2025,.T.);
#3114=EDGE_CURVE('',#2441,#2431,#1345,.F.);
#3115=EDGE_CURVE('',#2430,#2125,#1346,.T.);
#3116=EDGE_CURVE('',#2445,#2429,#1347,.T.);
#3117=EDGE_CURVE('',#2225,#2445,#1348,.T.);
#3118=EDGE_CURVE('',#2428,#2446,#1349,.T.);
#3119=EDGE_CURVE('',#2446,#2447,#144,.T.);
#3120=EDGE_CURVE('',#2447,#2445,#145,.T.);
#3121=EDGE_CURVE('',#2446,#2053,#1350,.T.);
#3122=EDGE_CURVE('',#2433,#2448,#1351,.T.);
#3123=EDGE_CURVE('',#2448,#2449,#91,.T.);
#3124=EDGE_CURVE('',#2449,#2245,#1352,.T.);
#3125=EDGE_CURVE('',#2432,#2450,#1353,.T.);
#3126=EDGE_CURVE('',#2450,#2448,#1354,.T.);
#3127=EDGE_CURVE('',#2246,#2451,#1355,.T.);
#3128=EDGE_CURVE('',#2451,#2450,#92,.T.);
#3129=EDGE_CURVE('',#2327,#2434,#1356,.T.);
#3130=EDGE_CURVE('',#2160,#2447,#146,.T.);
#3131=EDGE_CURVE('',#2446,#2161,#147,.T.);
#3132=EDGE_CURVE('',#2445,#2439,#148,.T.);
#3133=EDGE_CURVE('',#2447,#2440,#149,.T.);
#3134=EDGE_CURVE('',#2442,#2120,#1357,.T.);
#3135=EDGE_CURVE('',#2444,#2232,#1358,.T.);
#3136=EDGE_CURVE('',#2452,#2211,#1359,.T.);
#3137=EDGE_CURVE('',#2041,#2452,#1360,.T.);
#3138=EDGE_CURVE('',#2444,#2453,#1361,.T.);
#3139=EDGE_CURVE('',#2453,#2452,#93,.T.);
#3140=EDGE_CURVE('',#2291,#2163,#150,.T.);
#3141=EDGE_CURVE('',#2454,#2455,#1362,.T.);
#3142=EDGE_CURVE('',#2455,#2292,#2026,.T.);
#3143=EDGE_CURVE('',#2291,#2456,#151,.T.);
#3144=EDGE_CURVE('',#2456,#2454,#152,.T.);
#3145=EDGE_CURVE('',#2457,#2230,#1363,.T.);
#3146=EDGE_CURVE('',#2292,#2457,#1364,.T.);
#3147=EDGE_CURVE('',#2449,#2451,#1365,.T.);
#3148=EDGE_CURVE('',#2046,#2143,#1366,.T.);
#3149=EDGE_CURVE('',#2458,#2045,#153,.T.);
#3150=EDGE_CURVE('',#2166,#2458,#154,.T.);
#3151=EDGE_CURVE('',#2453,#2231,#1367,.T.);
#3152=EDGE_CURVE('',#2457,#2459,#94,.T.);
#3153=EDGE_CURVE('',#2459,#2042,#1368,.T.);
#3154=EDGE_CURVE('',#2455,#2043,#1369,.T.);
#3155=EDGE_CURVE('',#2044,#2454,#1370,.T.);
#3156=EDGE_CURVE('',#2455,#2459,#1371,.T.);
#3157=EDGE_CURVE('',#2456,#2166,#155,.T.);
#3158=EDGE_CURVE('',#2458,#2454,#156,.T.);
#3159=EDGE_CURVE('',#2162,#2456,#157,.T.);
#3160=EDGE_CURVE('',#2326,#2322,#1372,.T.);
#3161=EDGE_CURVE('',#2460,#2461,#1373,.T.);
#3162=EDGE_CURVE('',#2462,#2460,#1374,.T.);
#3163=EDGE_CURVE('',#2463,#2462,#1375,.T.);
#3164=EDGE_CURVE('',#2464,#2463,#2027,.T.);
#3165=EDGE_CURVE('',#2465,#2464,#1376,.T.);
#3166=EDGE_CURVE('',#2466,#2465,#1377,.T.);
#3167=EDGE_CURVE('',#2467,#2466,#2028,.T.);
#3168=EDGE_CURVE('',#2468,#2467,#1378,.T.);
#3169=EDGE_CURVE('',#2469,#2468,#95,.T.);
#3170=EDGE_CURVE('',#2470,#2469,#1379,.T.);
#3171=EDGE_CURVE('',#2471,#2470,#1380,.T.);
#3172=EDGE_CURVE('',#2461,#2471,#158,.T.);
#3173=EDGE_CURVE('',#2465,#2472,#1381,.T.);
#3174=EDGE_CURVE('',#2473,#2472,#1382,.T.);
#3175=EDGE_CURVE('',#2466,#2473,#1383,.T.);
#3176=EDGE_CURVE('',#2461,#2474,#1384,.T.);
#3177=EDGE_CURVE('',#2475,#2474,#1385,.T.);
#3178=EDGE_CURVE('',#2460,#2475,#1386,.T.);
#3179=EDGE_CURVE('',#2476,#2473,#2029,.T.);
#3180=EDGE_CURVE('',#2467,#2476,#1387,.T.);
#3181=EDGE_CURVE('',#2477,#2476,#1388,.T.);
#3182=EDGE_CURVE('',#2468,#2477,#1389,.T.);
#3183=EDGE_CURVE('',#2478,#2477,#96,.T.);
#3184=EDGE_CURVE('',#2469,#2478,#1390,.T.);
#3185=EDGE_CURVE('',#2479,#2478,#1391,.T.);
#3186=EDGE_CURVE('',#2470,#2479,#1392,.T.);
#3187=EDGE_CURVE('',#2480,#2479,#1393,.T.);
#3188=EDGE_CURVE('',#2471,#2480,#1394,.T.);
#3189=EDGE_CURVE('',#2474,#2480,#159,.T.);
#3190=EDGE_CURVE('',#2481,#2464,#1395,.T.);
#3191=EDGE_CURVE('',#2481,#2482,#1396,.T.);
#3192=EDGE_CURVE('',#2482,#2465,#1397,.T.);
#3193=EDGE_CURVE('',#2483,#2463,#1398,.T.);
#3194=EDGE_CURVE('',#2483,#2481,#2030,.T.);
#3195=EDGE_CURVE('',#2484,#2462,#1399,.T.);
#3196=EDGE_CURVE('',#2484,#2483,#1400,.T.);
#3197=EDGE_CURVE('',#2485,#2486,#1401,.T.);
#3198=EDGE_CURVE('',#2487,#2485,#1402,.T.);
#3199=EDGE_CURVE('',#2487,#2488,#1403,.T.);
#3200=EDGE_CURVE('',#2488,#2486,#1404,.T.);
#3201=EDGE_CURVE('',#2489,#2490,#1405,.T.);
#3202=EDGE_CURVE('',#2490,#2491,#1406,.T.);
#3203=EDGE_CURVE('',#2491,#2485,#1407,.T.);
#3204=EDGE_CURVE('',#2492,#2486,#1408,.T.);
#3205=EDGE_CURVE('',#2489,#2492,#1409,.T.);
#3206=EDGE_CURVE('',#2493,#2488,#1410,.T.);
#3207=EDGE_CURVE('',#2493,#2494,#1411,.T.);
#3208=EDGE_CURVE('',#2494,#2475,#1412,.T.);
#3209=EDGE_CURVE('',#2472,#2492,#2031,.T.);
#3210=EDGE_CURVE('',#2495,#2491,#1413,.T.);
#3211=EDGE_CURVE('',#2487,#2495,#1414,.T.);
#3212=EDGE_CURVE('',#2490,#2496,#1415,.T.);
#3213=EDGE_CURVE('',#2496,#2495,#1416,.T.);
#3214=EDGE_CURVE('',#2497,#2484,#1417,.T.);
#3215=EDGE_CURVE('',#2498,#2497,#1418,.T.);
#3216=EDGE_CURVE('',#2496,#2498,#1419,.T.);
#3217=EDGE_CURVE('',#2482,#2489,#2032,.T.);
#3218=EDGE_CURVE('',#2497,#2494,#1420,.T.);
#3219=EDGE_CURVE('',#2498,#2493,#1421,.T.);
#3220=ORIENTED_EDGE('',*,*,#2499,.T.);
#3221=ORIENTED_EDGE('',*,*,#2500,.T.);
#3222=ORIENTED_EDGE('',*,*,#2501,.T.);
#3223=ORIENTED_EDGE('',*,*,#2502,.T.);
#3224=ORIENTED_EDGE('',*,*,#2501,.F.);
#3225=ORIENTED_EDGE('',*,*,#2503,.F.);
#3226=ORIENTED_EDGE('',*,*,#2504,.T.);
#3227=ORIENTED_EDGE('',*,*,#2505,.F.);
#3228=ORIENTED_EDGE('',*,*,#2506,.F.);
#3229=ORIENTED_EDGE('',*,*,#2507,.T.);
#3230=ORIENTED_EDGE('',*,*,#2508,.F.);
#3231=ORIENTED_EDGE('',*,*,#2509,.F.);
#3232=ORIENTED_EDGE('',*,*,#2510,.T.);
#3233=ORIENTED_EDGE('',*,*,#2511,.F.);
#3234=ORIENTED_EDGE('',*,*,#2512,.F.);
#3235=ORIENTED_EDGE('',*,*,#2513,.F.);
#3236=ORIENTED_EDGE('',*,*,#2514,.T.);
#3237=ORIENTED_EDGE('',*,*,#2515,.F.);
#3238=ORIENTED_EDGE('',*,*,#2516,.T.);
#3239=ORIENTED_EDGE('',*,*,#2517,.F.);
#3240=ORIENTED_EDGE('',*,*,#2518,.T.);
#3241=ORIENTED_EDGE('',*,*,#2519,.F.);
#3242=ORIENTED_EDGE('',*,*,#2520,.T.);
#3243=ORIENTED_EDGE('',*,*,#2521,.F.);
#3244=ORIENTED_EDGE('',*,*,#2502,.F.);
#3245=ORIENTED_EDGE('',*,*,#2499,.F.);
#3246=ORIENTED_EDGE('',*,*,#2500,.F.);
#3247=ORIENTED_EDGE('',*,*,#2522,.T.);
#3248=ORIENTED_EDGE('',*,*,#2523,.F.);
#3249=ORIENTED_EDGE('',*,*,#2522,.F.);
#3250=ORIENTED_EDGE('',*,*,#2524,.F.);
#3251=ORIENTED_EDGE('',*,*,#2525,.T.);
#3252=ORIENTED_EDGE('',*,*,#2526,.F.);
#3253=ORIENTED_EDGE('',*,*,#2525,.F.);
#3254=ORIENTED_EDGE('',*,*,#2527,.F.);
#3255=ORIENTED_EDGE('',*,*,#2528,.F.);
#3256=ORIENTED_EDGE('',*,*,#2529,.T.);
#3257=ORIENTED_EDGE('',*,*,#2530,.F.);
#3258=ORIENTED_EDGE('',*,*,#2529,.F.);
#3259=ORIENTED_EDGE('',*,*,#2531,.F.);
#3260=ORIENTED_EDGE('',*,*,#2532,.F.);
#3261=ORIENTED_EDGE('',*,*,#2533,.T.);
#3262=ORIENTED_EDGE('',*,*,#2534,.F.);
#3263=ORIENTED_EDGE('',*,*,#2533,.F.);
#3264=ORIENTED_EDGE('',*,*,#2535,.F.);
#3265=ORIENTED_EDGE('',*,*,#2536,.F.);
#3266=ORIENTED_EDGE('',*,*,#2537,.T.);
#3267=ORIENTED_EDGE('',*,*,#2538,.T.);
#3268=ORIENTED_EDGE('',*,*,#2539,.F.);
#3269=ORIENTED_EDGE('',*,*,#2540,.F.);
#3270=ORIENTED_EDGE('',*,*,#2541,.T.);
#3271=ORIENTED_EDGE('',*,*,#2542,.T.);
#3272=ORIENTED_EDGE('',*,*,#2543,.F.);
#3273=ORIENTED_EDGE('',*,*,#2542,.F.);
#3274=ORIENTED_EDGE('',*,*,#2544,.F.);
#3275=ORIENTED_EDGE('',*,*,#2538,.F.);
#3276=ORIENTED_EDGE('',*,*,#2545,.F.);
#3277=ORIENTED_EDGE('',*,*,#2546,.F.);
#3278=ORIENTED_EDGE('',*,*,#2536,.T.);
#3279=ORIENTED_EDGE('',*,*,#2547,.F.);
#3280=ORIENTED_EDGE('',*,*,#2548,.F.);
#3281=ORIENTED_EDGE('',*,*,#2549,.F.);
#3282=ORIENTED_EDGE('',*,*,#2550,.T.);
#3283=ORIENTED_EDGE('',*,*,#2551,.T.);
#3284=ORIENTED_EDGE('',*,*,#2552,.T.);
#3285=ORIENTED_EDGE('',*,*,#2553,.F.);
#3286=ORIENTED_EDGE('',*,*,#2554,.F.);
#3287=ORIENTED_EDGE('',*,*,#2555,.T.);
#3288=ORIENTED_EDGE('',*,*,#2547,.T.);
#3289=ORIENTED_EDGE('',*,*,#2539,.T.);
#3290=ORIENTED_EDGE('',*,*,#2544,.T.);
#3291=ORIENTED_EDGE('',*,*,#2541,.F.);
#3292=ORIENTED_EDGE('',*,*,#2556,.T.);
#3293=ORIENTED_EDGE('',*,*,#2551,.F.);
#3294=ORIENTED_EDGE('',*,*,#2557,.T.);
#3295=ORIENTED_EDGE('',*,*,#2558,.T.);
#3296=ORIENTED_EDGE('',*,*,#2559,.T.);
#3297=ORIENTED_EDGE('',*,*,#2548,.T.);
#3298=ORIENTED_EDGE('',*,*,#2555,.F.);
#3299=ORIENTED_EDGE('',*,*,#2560,.F.);
#3300=ORIENTED_EDGE('',*,*,#2553,.T.);
#3301=ORIENTED_EDGE('',*,*,#2561,.T.);
#3302=ORIENTED_EDGE('',*,*,#2543,.T.);
#3303=ORIENTED_EDGE('',*,*,#2545,.T.);
#3304=ORIENTED_EDGE('',*,*,#2537,.F.);
#3305=ORIENTED_EDGE('',*,*,#2549,.T.);
#3306=ORIENTED_EDGE('',*,*,#2559,.F.);
#3307=ORIENTED_EDGE('',*,*,#2540,.T.);
#3308=ORIENTED_EDGE('',*,*,#2561,.F.);
#3309=ORIENTED_EDGE('',*,*,#2552,.F.);
#3310=ORIENTED_EDGE('',*,*,#2556,.F.);
#3311=ORIENTED_EDGE('',*,*,#2554,.T.);
#3312=ORIENTED_EDGE('',*,*,#2562,.T.);
#3313=ORIENTED_EDGE('',*,*,#2563,.F.);
#3314=ORIENTED_EDGE('',*,*,#2564,.T.);
#3315=ORIENTED_EDGE('',*,*,#2565,.T.);
#3316=ORIENTED_EDGE('',*,*,#2566,.F.);
#3317=ORIENTED_EDGE('',*,*,#2567,.F.);
#3318=ORIENTED_EDGE('',*,*,#2568,.T.);
#3319=ORIENTED_EDGE('',*,*,#2569,.T.);
#3320=ORIENTED_EDGE('',*,*,#2570,.F.);
#3321=ORIENTED_EDGE('',*,*,#2569,.F.);
#3322=ORIENTED_EDGE('',*,*,#2571,.F.);
#3323=ORIENTED_EDGE('',*,*,#2565,.F.);
#3324=ORIENTED_EDGE('',*,*,#2572,.F.);
#3325=ORIENTED_EDGE('',*,*,#2573,.F.);
#3326=ORIENTED_EDGE('',*,*,#2563,.T.);
#3327=ORIENTED_EDGE('',*,*,#2574,.F.);
#3328=ORIENTED_EDGE('',*,*,#2575,.F.);
#3329=ORIENTED_EDGE('',*,*,#2576,.F.);
#3330=ORIENTED_EDGE('',*,*,#2577,.T.);
#3331=ORIENTED_EDGE('',*,*,#2578,.T.);
#3332=ORIENTED_EDGE('',*,*,#2579,.T.);
#3333=ORIENTED_EDGE('',*,*,#2580,.F.);
#3334=ORIENTED_EDGE('',*,*,#2581,.F.);
#3335=ORIENTED_EDGE('',*,*,#2582,.T.);
#3336=ORIENTED_EDGE('',*,*,#2574,.T.);
#3337=ORIENTED_EDGE('',*,*,#2566,.T.);
#3338=ORIENTED_EDGE('',*,*,#2571,.T.);
#3339=ORIENTED_EDGE('',*,*,#2568,.F.);
#3340=ORIENTED_EDGE('',*,*,#2583,.T.);
#3341=ORIENTED_EDGE('',*,*,#2578,.F.);
#3342=ORIENTED_EDGE('',*,*,#2584,.T.);
#3343=ORIENTED_EDGE('',*,*,#2585,.T.);
#3344=ORIENTED_EDGE('',*,*,#2586,.T.);
#3345=ORIENTED_EDGE('',*,*,#2575,.T.);
#3346=ORIENTED_EDGE('',*,*,#2582,.F.);
#3347=ORIENTED_EDGE('',*,*,#2587,.F.);
#3348=ORIENTED_EDGE('',*,*,#2580,.T.);
#3349=ORIENTED_EDGE('',*,*,#2588,.T.);
#3350=ORIENTED_EDGE('',*,*,#2570,.T.);
#3351=ORIENTED_EDGE('',*,*,#2572,.T.);
#3352=ORIENTED_EDGE('',*,*,#2564,.F.);
#3353=ORIENTED_EDGE('',*,*,#2576,.T.);
#3354=ORIENTED_EDGE('',*,*,#2586,.F.);
#3355=ORIENTED_EDGE('',*,*,#2567,.T.);
#3356=ORIENTED_EDGE('',*,*,#2588,.F.);
#3357=ORIENTED_EDGE('',*,*,#2579,.F.);
#3358=ORIENTED_EDGE('',*,*,#2583,.F.);
#3359=ORIENTED_EDGE('',*,*,#2581,.T.);
#3360=ORIENTED_EDGE('',*,*,#2589,.T.);
#3361=ORIENTED_EDGE('',*,*,#2590,.F.);
#3362=ORIENTED_EDGE('',*,*,#2591,.T.);
#3363=ORIENTED_EDGE('',*,*,#2592,.T.);
#3364=ORIENTED_EDGE('',*,*,#2593,.F.);
#3365=ORIENTED_EDGE('',*,*,#2594,.F.);
#3366=ORIENTED_EDGE('',*,*,#2595,.T.);
#3367=ORIENTED_EDGE('',*,*,#2596,.T.);
#3368=ORIENTED_EDGE('',*,*,#2597,.F.);
#3369=ORIENTED_EDGE('',*,*,#2596,.F.);
#3370=ORIENTED_EDGE('',*,*,#2598,.F.);
#3371=ORIENTED_EDGE('',*,*,#2592,.F.);
#3372=ORIENTED_EDGE('',*,*,#2599,.F.);
#3373=ORIENTED_EDGE('',*,*,#2600,.F.);
#3374=ORIENTED_EDGE('',*,*,#2590,.T.);
#3375=ORIENTED_EDGE('',*,*,#2601,.F.);
#3376=ORIENTED_EDGE('',*,*,#2602,.F.);
#3377=ORIENTED_EDGE('',*,*,#2603,.F.);
#3378=ORIENTED_EDGE('',*,*,#2604,.T.);
#3379=ORIENTED_EDGE('',*,*,#2605,.T.);
#3380=ORIENTED_EDGE('',*,*,#2606,.T.);
#3381=ORIENTED_EDGE('',*,*,#2607,.F.);
#3382=ORIENTED_EDGE('',*,*,#2608,.F.);
#3383=ORIENTED_EDGE('',*,*,#2609,.T.);
#3384=ORIENTED_EDGE('',*,*,#2601,.T.);
#3385=ORIENTED_EDGE('',*,*,#2593,.T.);
#3386=ORIENTED_EDGE('',*,*,#2598,.T.);
#3387=ORIENTED_EDGE('',*,*,#2595,.F.);
#3388=ORIENTED_EDGE('',*,*,#2610,.T.);
#3389=ORIENTED_EDGE('',*,*,#2605,.F.);
#3390=ORIENTED_EDGE('',*,*,#2611,.T.);
#3391=ORIENTED_EDGE('',*,*,#2612,.T.);
#3392=ORIENTED_EDGE('',*,*,#2613,.T.);
#3393=ORIENTED_EDGE('',*,*,#2602,.T.);
#3394=ORIENTED_EDGE('',*,*,#2609,.F.);
#3395=ORIENTED_EDGE('',*,*,#2614,.F.);
#3396=ORIENTED_EDGE('',*,*,#2607,.T.);
#3397=ORIENTED_EDGE('',*,*,#2615,.T.);
#3398=ORIENTED_EDGE('',*,*,#2597,.T.);
#3399=ORIENTED_EDGE('',*,*,#2599,.T.);
#3400=ORIENTED_EDGE('',*,*,#2591,.F.);
#3401=ORIENTED_EDGE('',*,*,#2603,.T.);
#3402=ORIENTED_EDGE('',*,*,#2613,.F.);
#3403=ORIENTED_EDGE('',*,*,#2594,.T.);
#3404=ORIENTED_EDGE('',*,*,#2615,.F.);
#3405=ORIENTED_EDGE('',*,*,#2606,.F.);
#3406=ORIENTED_EDGE('',*,*,#2610,.F.);
#3407=ORIENTED_EDGE('',*,*,#2608,.T.);
#3408=ORIENTED_EDGE('',*,*,#2616,.T.);
#3409=ORIENTED_EDGE('',*,*,#2617,.F.);
#3410=ORIENTED_EDGE('',*,*,#2618,.F.);
#3411=ORIENTED_EDGE('',*,*,#2619,.T.);
#3412=ORIENTED_EDGE('',*,*,#2620,.F.);
#3413=ORIENTED_EDGE('',*,*,#2621,.T.);
#3414=ORIENTED_EDGE('',*,*,#2622,.T.);
#3415=ORIENTED_EDGE('',*,*,#2623,.T.);
#3416=ORIENTED_EDGE('',*,*,#2618,.T.);
#3417=ORIENTED_EDGE('',*,*,#2624,.T.);
#3418=ORIENTED_EDGE('',*,*,#2625,.T.);
#3419=ORIENTED_EDGE('',*,*,#2626,.T.);
#3420=ORIENTED_EDGE('',*,*,#2622,.F.);
#3421=ORIENTED_EDGE('',*,*,#2627,.F.);
#3422=ORIENTED_EDGE('',*,*,#2628,.T.);
#3423=ORIENTED_EDGE('',*,*,#2629,.F.);
#3424=ORIENTED_EDGE('',*,*,#2630,.F.);
#3425=ORIENTED_EDGE('',*,*,#2631,.F.);
#3426=ORIENTED_EDGE('',*,*,#2632,.F.);
#3427=ORIENTED_EDGE('',*,*,#2633,.F.);
#3428=ORIENTED_EDGE('',*,*,#2634,.F.);
#3429=ORIENTED_EDGE('',*,*,#2635,.F.);
#3430=ORIENTED_EDGE('',*,*,#2636,.T.);
#3431=ORIENTED_EDGE('',*,*,#2637,.F.);
#3432=ORIENTED_EDGE('',*,*,#2638,.T.);
#3433=ORIENTED_EDGE('',*,*,#2639,.F.);
#3434=ORIENTED_EDGE('',*,*,#2628,.F.);
#3435=ORIENTED_EDGE('',*,*,#2640,.F.);
#3436=ORIENTED_EDGE('',*,*,#2641,.F.);
#3437=ORIENTED_EDGE('',*,*,#2636,.F.);
#3438=ORIENTED_EDGE('',*,*,#2642,.F.);
#3439=ORIENTED_EDGE('',*,*,#2643,.T.);
#3440=ORIENTED_EDGE('',*,*,#2644,.F.);
#3441=ORIENTED_EDGE('',*,*,#2631,.T.);
#3442=ORIENTED_EDGE('',*,*,#2645,.F.);
#3443=ORIENTED_EDGE('',*,*,#2646,.F.);
#3444=ORIENTED_EDGE('',*,*,#2647,.F.);
#3445=ORIENTED_EDGE('',*,*,#2648,.F.);
#3446=ORIENTED_EDGE('',*,*,#2649,.F.);
#3447=ORIENTED_EDGE('',*,*,#2650,.F.);
#3448=ORIENTED_EDGE('',*,*,#2651,.F.);
#3449=ORIENTED_EDGE('',*,*,#2633,.T.);
#3450=ORIENTED_EDGE('',*,*,#2652,.F.);
#3451=ORIENTED_EDGE('',*,*,#2653,.T.);
#3452=ORIENTED_EDGE('',*,*,#2654,.F.);
#3453=ORIENTED_EDGE('',*,*,#2655,.F.);
#3454=ORIENTED_EDGE('',*,*,#2638,.F.);
#3455=ORIENTED_EDGE('',*,*,#2656,.F.);
#3456=ORIENTED_EDGE('',*,*,#2647,.T.);
#3457=ORIENTED_EDGE('',*,*,#2657,.F.);
#3458=ORIENTED_EDGE('',*,*,#2658,.F.);
#3459=ORIENTED_EDGE('',*,*,#2659,.F.);
#3460=ORIENTED_EDGE('',*,*,#2658,.T.);
#3461=ORIENTED_EDGE('',*,*,#2660,.F.);
#3462=ORIENTED_EDGE('',*,*,#2661,.F.);
#3463=ORIENTED_EDGE('',*,*,#2653,.F.);
#3464=ORIENTED_EDGE('',*,*,#2662,.F.);
#3465=ORIENTED_EDGE('',*,*,#2643,.F.);
#3466=ORIENTED_EDGE('',*,*,#2663,.F.);
#3467=ORIENTED_EDGE('',*,*,#2664,.F.);
#3468=ORIENTED_EDGE('',*,*,#2665,.T.);
#3469=ORIENTED_EDGE('',*,*,#2666,.F.);
#3470=ORIENTED_EDGE('',*,*,#2665,.F.);
#3471=ORIENTED_EDGE('',*,*,#2667,.F.);
#3472=ORIENTED_EDGE('',*,*,#2668,.F.);
#3473=ORIENTED_EDGE('',*,*,#2669,.T.);
#3474=ORIENTED_EDGE('',*,*,#2670,.F.);
#3475=ORIENTED_EDGE('',*,*,#2669,.F.);
#3476=ORIENTED_EDGE('',*,*,#2671,.F.);
#3477=ORIENTED_EDGE('',*,*,#2649,.T.);
#3478=ORIENTED_EDGE('',*,*,#2634,.T.);
#3479=ORIENTED_EDGE('',*,*,#2651,.T.);
#3480=ORIENTED_EDGE('',*,*,#2672,.T.);
#3481=ORIENTED_EDGE('',*,*,#2517,.T.);
#3482=ORIENTED_EDGE('',*,*,#2673,.T.);
#3483=ORIENTED_EDGE('',*,*,#2650,.T.);
#3484=ORIENTED_EDGE('',*,*,#2671,.T.);
#3485=ORIENTED_EDGE('',*,*,#2668,.T.);
#3486=ORIENTED_EDGE('',*,*,#2674,.F.);
#3487=ORIENTED_EDGE('',*,*,#2675,.F.);
#3488=ORIENTED_EDGE('',*,*,#2676,.F.);
#3489=ORIENTED_EDGE('',*,*,#2518,.F.);
#3490=ORIENTED_EDGE('',*,*,#2672,.F.);
#3491=ORIENTED_EDGE('',*,*,#2629,.T.);
#3492=ORIENTED_EDGE('',*,*,#2639,.T.);
#3493=ORIENTED_EDGE('',*,*,#2655,.T.);
#3494=ORIENTED_EDGE('',*,*,#2677,.F.);
#3495=ORIENTED_EDGE('',*,*,#2678,.F.);
#3496=ORIENTED_EDGE('',*,*,#2679,.F.);
#3497=ORIENTED_EDGE('',*,*,#2680,.F.);
#3498=ORIENTED_EDGE('',*,*,#2681,.T.);
#3499=ORIENTED_EDGE('',*,*,#2514,.F.);
#3500=ORIENTED_EDGE('',*,*,#2682,.F.);
#3501=ORIENTED_EDGE('',*,*,#2654,.T.);
#3502=ORIENTED_EDGE('',*,*,#2661,.T.);
#3503=ORIENTED_EDGE('',*,*,#2683,.T.);
#3504=ORIENTED_EDGE('',*,*,#2684,.T.);
#3505=ORIENTED_EDGE('',*,*,#2677,.T.);
#3506=ORIENTED_EDGE('',*,*,#2685,.F.);
#3507=ORIENTED_EDGE('',*,*,#2686,.T.);
#3508=ORIENTED_EDGE('',*,*,#2687,.T.);
#3509=ORIENTED_EDGE('',*,*,#2688,.T.);
#3510=ORIENTED_EDGE('',*,*,#2689,.T.);
#3511=ORIENTED_EDGE('',*,*,#2690,.T.);
#3512=ORIENTED_EDGE('',*,*,#2691,.F.);
#3513=ORIENTED_EDGE('',*,*,#2692,.F.);
#3514=ORIENTED_EDGE('',*,*,#2693,.T.);
#3515=ORIENTED_EDGE('',*,*,#2694,.T.);
#3516=ORIENTED_EDGE('',*,*,#2695,.T.);
#3517=ORIENTED_EDGE('',*,*,#2685,.T.);
#3518=ORIENTED_EDGE('',*,*,#2690,.F.);
#3519=ORIENTED_EDGE('',*,*,#2696,.F.);
#3520=ORIENTED_EDGE('',*,*,#2697,.T.);
#3521=ORIENTED_EDGE('',*,*,#2698,.F.);
#3522=ORIENTED_EDGE('',*,*,#2699,.F.);
#3523=ORIENTED_EDGE('',*,*,#2691,.T.);
#3524=ORIENTED_EDGE('',*,*,#2692,.T.);
#3525=ORIENTED_EDGE('',*,*,#2699,.T.);
#3526=ORIENTED_EDGE('',*,*,#2700,.T.);
#3527=ORIENTED_EDGE('',*,*,#2701,.T.);
#3528=ORIENTED_EDGE('',*,*,#2702,.F.);
#3529=ORIENTED_EDGE('',*,*,#2703,.T.);
#3530=ORIENTED_EDGE('',*,*,#2704,.F.);
#3531=ORIENTED_EDGE('',*,*,#2687,.F.);
#3532=ORIENTED_EDGE('',*,*,#2705,.T.);
#3533=ORIENTED_EDGE('',*,*,#2706,.T.);
#3534=ORIENTED_EDGE('',*,*,#2707,.T.);
#3535=ORIENTED_EDGE('',*,*,#2702,.T.);
#3536=ORIENTED_EDGE('',*,*,#2701,.F.);
#3537=ORIENTED_EDGE('',*,*,#2708,.F.);
#3538=ORIENTED_EDGE('',*,*,#2709,.T.);
#3539=ORIENTED_EDGE('',*,*,#2710,.F.);
#3540=ORIENTED_EDGE('',*,*,#2688,.F.);
#3541=ORIENTED_EDGE('',*,*,#2704,.T.);
#3542=ORIENTED_EDGE('',*,*,#2698,.T.);
#3543=ORIENTED_EDGE('',*,*,#2711,.F.);
#3544=ORIENTED_EDGE('',*,*,#2712,.F.);
#3545=ORIENTED_EDGE('',*,*,#2713,.F.);
#3546=ORIENTED_EDGE('',*,*,#2708,.T.);
#3547=ORIENTED_EDGE('',*,*,#2700,.F.);
#3548=ORIENTED_EDGE('',*,*,#2697,.F.);
#3549=ORIENTED_EDGE('',*,*,#2714,.T.);
#3550=ORIENTED_EDGE('',*,*,#2715,.F.);
#3551=ORIENTED_EDGE('',*,*,#2711,.T.);
#3552=ORIENTED_EDGE('',*,*,#2696,.T.);
#3553=ORIENTED_EDGE('',*,*,#2689,.F.);
#3554=ORIENTED_EDGE('',*,*,#2710,.T.);
#3555=ORIENTED_EDGE('',*,*,#2716,.F.);
#3556=ORIENTED_EDGE('',*,*,#2717,.F.);
#3557=ORIENTED_EDGE('',*,*,#2714,.F.);
#3558=ORIENTED_EDGE('',*,*,#2709,.F.);
#3559=ORIENTED_EDGE('',*,*,#2713,.T.);
#3560=ORIENTED_EDGE('',*,*,#2718,.F.);
#3561=ORIENTED_EDGE('',*,*,#2716,.T.);
#3562=ORIENTED_EDGE('',*,*,#2719,.T.);
#3563=ORIENTED_EDGE('',*,*,#2720,.T.);
#3564=ORIENTED_EDGE('',*,*,#2719,.F.);
#3565=ORIENTED_EDGE('',*,*,#2721,.T.);
#3566=ORIENTED_EDGE('',*,*,#2722,.F.);
#3567=ORIENTED_EDGE('',*,*,#2723,.T.);
#3568=ORIENTED_EDGE('',*,*,#2720,.F.);
#3569=ORIENTED_EDGE('',*,*,#2723,.F.);
#3570=ORIENTED_EDGE('',*,*,#2724,.T.);
#3571=ORIENTED_EDGE('',*,*,#2725,.T.);
#3572=ORIENTED_EDGE('',*,*,#2726,.T.);
#3573=ORIENTED_EDGE('',*,*,#2727,.T.);
#3574=ORIENTED_EDGE('',*,*,#2728,.T.);
#3575=ORIENTED_EDGE('',*,*,#2729,.T.);
#3576=ORIENTED_EDGE('',*,*,#2730,.T.);
#3577=ORIENTED_EDGE('',*,*,#2731,.T.);
#3578=ORIENTED_EDGE('',*,*,#2732,.F.);
#3579=ORIENTED_EDGE('',*,*,#2733,.T.);
#3580=ORIENTED_EDGE('',*,*,#2734,.F.);
#3581=ORIENTED_EDGE('',*,*,#2735,.F.);
#3582=ORIENTED_EDGE('',*,*,#2662,.T.);
#3583=ORIENTED_EDGE('',*,*,#2666,.T.);
#3584=ORIENTED_EDGE('',*,*,#2670,.T.);
#3585=ORIENTED_EDGE('',*,*,#2648,.T.);
#3586=ORIENTED_EDGE('',*,*,#2632,.T.);
#3587=ORIENTED_EDGE('',*,*,#2641,.T.);
#3588=ORIENTED_EDGE('',*,*,#2721,.F.);
#3589=ORIENTED_EDGE('',*,*,#2736,.F.);
#3590=ORIENTED_EDGE('',*,*,#2737,.T.);
#3591=ORIENTED_EDGE('',*,*,#2738,.F.);
#3592=ORIENTED_EDGE('',*,*,#2737,.F.);
#3593=ORIENTED_EDGE('',*,*,#2504,.F.);
#3594=ORIENTED_EDGE('',*,*,#2739,.T.);
#3595=ORIENTED_EDGE('',*,*,#2740,.T.);
#3596=ORIENTED_EDGE('',*,*,#2741,.F.);
#3597=ORIENTED_EDGE('',*,*,#2506,.T.);
#3598=ORIENTED_EDGE('',*,*,#2742,.F.);
#3599=ORIENTED_EDGE('',*,*,#2743,.F.);
#3600=ORIENTED_EDGE('',*,*,#2744,.F.);
#3601=ORIENTED_EDGE('',*,*,#2503,.T.);
#3602=ORIENTED_EDGE('',*,*,#2745,.T.);
#3603=ORIENTED_EDGE('',*,*,#2746,.T.);
#3604=ORIENTED_EDGE('',*,*,#2747,.F.);
#3605=ORIENTED_EDGE('',*,*,#2748,.F.);
#3606=ORIENTED_EDGE('',*,*,#2749,.F.);
#3607=ORIENTED_EDGE('',*,*,#2750,.T.);
#3608=ORIENTED_EDGE('',*,*,#2739,.F.);
#3609=ORIENTED_EDGE('',*,*,#2523,.T.);
#3610=ORIENTED_EDGE('',*,*,#2738,.T.);
#3611=ORIENTED_EDGE('',*,*,#2524,.T.);
#3612=ORIENTED_EDGE('',*,*,#2751,.T.);
#3613=ORIENTED_EDGE('',*,*,#2600,.T.);
#3614=ORIENTED_EDGE('',*,*,#2751,.F.);
#3615=ORIENTED_EDGE('',*,*,#2527,.T.);
#3616=ORIENTED_EDGE('',*,*,#2528,.T.);
#3617=ORIENTED_EDGE('',*,*,#2752,.T.);
#3618=ORIENTED_EDGE('',*,*,#2573,.T.);
#3619=ORIENTED_EDGE('',*,*,#2752,.F.);
#3620=ORIENTED_EDGE('',*,*,#2531,.T.);
#3621=ORIENTED_EDGE('',*,*,#2505,.T.);
#3622=ORIENTED_EDGE('',*,*,#2741,.T.);
#3623=ORIENTED_EDGE('',*,*,#2753,.T.);
#3624=ORIENTED_EDGE('',*,*,#2754,.F.);
#3625=ORIENTED_EDGE('',*,*,#2755,.T.);
#3626=ORIENTED_EDGE('',*,*,#2756,.T.);
#3627=ORIENTED_EDGE('',*,*,#2742,.T.);
#3628=ORIENTED_EDGE('',*,*,#2694,.F.);
#3629=ORIENTED_EDGE('',*,*,#2757,.T.);
#3630=ORIENTED_EDGE('',*,*,#2758,.F.);
#3631=ORIENTED_EDGE('',*,*,#2759,.F.);
#3632=ORIENTED_EDGE('',*,*,#2760,.F.);
#3633=ORIENTED_EDGE('',*,*,#2761,.F.);
#3634=ORIENTED_EDGE('',*,*,#2755,.F.);
#3635=ORIENTED_EDGE('',*,*,#2762,.F.);
#3636=ORIENTED_EDGE('',*,*,#2763,.T.);
#3637=ORIENTED_EDGE('',*,*,#2706,.F.);
#3638=ORIENTED_EDGE('',*,*,#2764,.T.);
#3639=ORIENTED_EDGE('',*,*,#2619,.F.);
#3640=ORIENTED_EDGE('',*,*,#2623,.F.);
#3641=ORIENTED_EDGE('',*,*,#2626,.F.);
#3642=ORIENTED_EDGE('',*,*,#2765,.T.);
#3643=ORIENTED_EDGE('',*,*,#2766,.T.);
#3644=ORIENTED_EDGE('',*,*,#2767,.T.);
#3645=ORIENTED_EDGE('',*,*,#2768,.T.);
#3646=ORIENTED_EDGE('',*,*,#2680,.T.);
#3647=ORIENTED_EDGE('',*,*,#2769,.T.);
#3648=ORIENTED_EDGE('',*,*,#2770,.T.);
#3649=ORIENTED_EDGE('',*,*,#2771,.F.);
#3650=ORIENTED_EDGE('',*,*,#2772,.F.);
#3651=ORIENTED_EDGE('',*,*,#2773,.F.);
#3652=ORIENTED_EDGE('',*,*,#2774,.T.);
#3653=ORIENTED_EDGE('',*,*,#2775,.F.);
#3654=ORIENTED_EDGE('',*,*,#2776,.F.);
#3655=ORIENTED_EDGE('',*,*,#2777,.F.);
#3656=ORIENTED_EDGE('',*,*,#2778,.F.);
#3657=ORIENTED_EDGE('',*,*,#2779,.F.);
#3658=ORIENTED_EDGE('',*,*,#2780,.F.);
#3659=ORIENTED_EDGE('',*,*,#2781,.F.);
#3660=ORIENTED_EDGE('',*,*,#2782,.F.);
#3661=ORIENTED_EDGE('',*,*,#2783,.F.);
#3662=ORIENTED_EDGE('',*,*,#2784,.F.);
#3663=ORIENTED_EDGE('',*,*,#2785,.F.);
#3664=ORIENTED_EDGE('',*,*,#2786,.F.);
#3665=ORIENTED_EDGE('',*,*,#2787,.T.);
#3666=ORIENTED_EDGE('',*,*,#2788,.F.);
#3667=ORIENTED_EDGE('',*,*,#2789,.F.);
#3668=ORIENTED_EDGE('',*,*,#2790,.F.);
#3669=ORIENTED_EDGE('',*,*,#2791,.T.);
#3670=ORIENTED_EDGE('',*,*,#2792,.F.);
#3671=ORIENTED_EDGE('',*,*,#2793,.F.);
#3672=ORIENTED_EDGE('',*,*,#2794,.F.);
#3673=ORIENTED_EDGE('',*,*,#2795,.F.);
#3674=ORIENTED_EDGE('',*,*,#2796,.F.);
#3675=ORIENTED_EDGE('',*,*,#2797,.F.);
#3676=ORIENTED_EDGE('',*,*,#2798,.F.);
#3677=ORIENTED_EDGE('',*,*,#2799,.F.);
#3678=ORIENTED_EDGE('',*,*,#2800,.T.);
#3679=ORIENTED_EDGE('',*,*,#2801,.F.);
#3680=ORIENTED_EDGE('',*,*,#2802,.F.);
#3681=ORIENTED_EDGE('',*,*,#2803,.F.);
#3682=ORIENTED_EDGE('',*,*,#2804,.T.);
#3683=ORIENTED_EDGE('',*,*,#2805,.F.);
#3684=ORIENTED_EDGE('',*,*,#2806,.F.);
#3685=ORIENTED_EDGE('',*,*,#2807,.F.);
#3686=ORIENTED_EDGE('',*,*,#2808,.F.);
#3687=ORIENTED_EDGE('',*,*,#2809,.F.);
#3688=ORIENTED_EDGE('',*,*,#2810,.T.);
#3689=ORIENTED_EDGE('',*,*,#2811,.F.);
#3690=ORIENTED_EDGE('',*,*,#2812,.F.);
#3691=ORIENTED_EDGE('',*,*,#2813,.F.);
#3692=ORIENTED_EDGE('',*,*,#2814,.F.);
#3693=ORIENTED_EDGE('',*,*,#2815,.F.);
#3694=ORIENTED_EDGE('',*,*,#2816,.F.);
#3695=ORIENTED_EDGE('',*,*,#2817,.F.);
#3696=ORIENTED_EDGE('',*,*,#2818,.F.);
#3697=ORIENTED_EDGE('',*,*,#2733,.F.);
#3698=ORIENTED_EDGE('',*,*,#2819,.F.);
#3699=ORIENTED_EDGE('',*,*,#2820,.F.);
#3700=ORIENTED_EDGE('',*,*,#2821,.F.);
#3701=ORIENTED_EDGE('',*,*,#2822,.F.);
#3702=ORIENTED_EDGE('',*,*,#2823,.F.);
#3703=ORIENTED_EDGE('',*,*,#2824,.F.);
#3704=ORIENTED_EDGE('',*,*,#2825,.F.);
#3705=ORIENTED_EDGE('',*,*,#2826,.F.);
#3706=ORIENTED_EDGE('',*,*,#2746,.F.);
#3707=ORIENTED_EDGE('',*,*,#2827,.F.);
#3708=ORIENTED_EDGE('',*,*,#2729,.F.);
#3709=ORIENTED_EDGE('',*,*,#2828,.F.);
#3710=ORIENTED_EDGE('',*,*,#2829,.F.);
#3711=ORIENTED_EDGE('',*,*,#2830,.F.);
#3712=ORIENTED_EDGE('',*,*,#2831,.F.);
#3713=ORIENTED_EDGE('',*,*,#2832,.F.);
#3714=ORIENTED_EDGE('',*,*,#2833,.F.);
#3715=ORIENTED_EDGE('',*,*,#2834,.T.);
#3716=ORIENTED_EDGE('',*,*,#2835,.T.);
#3717=ORIENTED_EDGE('',*,*,#2794,.T.);
#3718=ORIENTED_EDGE('',*,*,#2835,.F.);
#3719=ORIENTED_EDGE('',*,*,#2836,.F.);
#3720=ORIENTED_EDGE('',*,*,#2837,.T.);
#3721=ORIENTED_EDGE('',*,*,#2834,.F.);
#3722=ORIENTED_EDGE('',*,*,#2837,.F.);
#3723=ORIENTED_EDGE('',*,*,#2770,.F.);
#3724=ORIENTED_EDGE('',*,*,#2838,.F.);
#3725=ORIENTED_EDGE('',*,*,#2839,.F.);
#3726=ORIENTED_EDGE('',*,*,#2840,.F.);
#3727=ORIENTED_EDGE('',*,*,#2841,.F.);
#3728=ORIENTED_EDGE('',*,*,#2842,.T.);
#3729=ORIENTED_EDGE('',*,*,#2843,.F.);
#3730=ORIENTED_EDGE('',*,*,#2844,.F.);
#3731=ORIENTED_EDGE('',*,*,#2842,.F.);
#3732=ORIENTED_EDGE('',*,*,#2845,.F.);
#3733=ORIENTED_EDGE('',*,*,#2846,.F.);
#3734=ORIENTED_EDGE('',*,*,#2847,.T.);
#3735=ORIENTED_EDGE('',*,*,#2848,.F.);
#3736=ORIENTED_EDGE('',*,*,#2849,.F.);
#3737=ORIENTED_EDGE('',*,*,#2847,.F.);
#3738=ORIENTED_EDGE('',*,*,#2850,.F.);
#3739=ORIENTED_EDGE('',*,*,#2851,.F.);
#3740=ORIENTED_EDGE('',*,*,#2852,.T.);
#3741=ORIENTED_EDGE('',*,*,#2853,.T.);
#3742=ORIENTED_EDGE('',*,*,#2854,.T.);
#3743=ORIENTED_EDGE('',*,*,#2852,.F.);
#3744=ORIENTED_EDGE('',*,*,#2855,.F.);
#3745=ORIENTED_EDGE('',*,*,#2550,.F.);
#3746=ORIENTED_EDGE('',*,*,#2856,.F.);
#3747=ORIENTED_EDGE('',*,*,#2558,.F.);
#3748=ORIENTED_EDGE('',*,*,#2857,.T.);
#3749=ORIENTED_EDGE('',*,*,#2858,.F.);
#3750=ORIENTED_EDGE('',*,*,#2857,.F.);
#3751=ORIENTED_EDGE('',*,*,#2557,.F.);
#3752=ORIENTED_EDGE('',*,*,#2562,.F.);
#3753=ORIENTED_EDGE('',*,*,#2577,.F.);
#3754=ORIENTED_EDGE('',*,*,#2859,.F.);
#3755=ORIENTED_EDGE('',*,*,#2585,.F.);
#3756=ORIENTED_EDGE('',*,*,#2860,.T.);
#3757=ORIENTED_EDGE('',*,*,#2861,.F.);
#3758=ORIENTED_EDGE('',*,*,#2860,.F.);
#3759=ORIENTED_EDGE('',*,*,#2584,.F.);
#3760=ORIENTED_EDGE('',*,*,#2589,.F.);
#3761=ORIENTED_EDGE('',*,*,#2604,.F.);
#3762=ORIENTED_EDGE('',*,*,#2862,.F.);
#3763=ORIENTED_EDGE('',*,*,#2612,.F.);
#3764=ORIENTED_EDGE('',*,*,#2863,.T.);
#3765=ORIENTED_EDGE('',*,*,#2864,.F.);
#3766=ORIENTED_EDGE('',*,*,#2863,.F.);
#3767=ORIENTED_EDGE('',*,*,#2611,.F.);
#3768=ORIENTED_EDGE('',*,*,#2616,.F.);
#3769=ORIENTED_EDGE('',*,*,#2532,.T.);
#3770=ORIENTED_EDGE('',*,*,#2865,.T.);
#3771=ORIENTED_EDGE('',*,*,#2546,.T.);
#3772=ORIENTED_EDGE('',*,*,#2865,.F.);
#3773=ORIENTED_EDGE('',*,*,#2535,.T.);
#3774=ORIENTED_EDGE('',*,*,#2866,.F.);
#3775=ORIENTED_EDGE('',*,*,#2867,.T.);
#3776=ORIENTED_EDGE('',*,*,#2868,.T.);
#3777=ORIENTED_EDGE('',*,*,#2867,.F.);
#3778=ORIENTED_EDGE('',*,*,#2869,.T.);
#3779=ORIENTED_EDGE('',*,*,#2870,.T.);
#3780=ORIENTED_EDGE('',*,*,#2843,.T.);
#3781=ORIENTED_EDGE('',*,*,#2844,.T.);
#3782=ORIENTED_EDGE('',*,*,#2870,.F.);
#3783=ORIENTED_EDGE('',*,*,#2831,.T.);
#3784=ORIENTED_EDGE('',*,*,#2871,.T.);
#3785=ORIENTED_EDGE('',*,*,#2848,.T.);
#3786=ORIENTED_EDGE('',*,*,#2849,.T.);
#3787=ORIENTED_EDGE('',*,*,#2871,.F.);
#3788=ORIENTED_EDGE('',*,*,#2832,.T.);
#3789=ORIENTED_EDGE('',*,*,#2872,.T.);
#3790=ORIENTED_EDGE('',*,*,#2873,.T.);
#3791=ORIENTED_EDGE('',*,*,#2872,.F.);
#3792=ORIENTED_EDGE('',*,*,#2827,.T.);
#3793=ORIENTED_EDGE('',*,*,#2874,.T.);
#3794=ORIENTED_EDGE('',*,*,#2875,.T.);
#3795=ORIENTED_EDGE('',*,*,#2874,.F.);
#3796=ORIENTED_EDGE('',*,*,#2876,.F.);
#3797=ORIENTED_EDGE('',*,*,#2877,.T.);
#3798=ORIENTED_EDGE('',*,*,#2833,.T.);
#3799=ORIENTED_EDGE('',*,*,#2877,.F.);
#3800=ORIENTED_EDGE('',*,*,#2878,.F.);
#3801=ORIENTED_EDGE('',*,*,#2879,.T.);
#3802=ORIENTED_EDGE('',*,*,#2880,.F.);
#3803=ORIENTED_EDGE('',*,*,#2881,.T.);
#3804=ORIENTED_EDGE('',*,*,#2882,.F.);
#3805=ORIENTED_EDGE('',*,*,#2883,.F.);
#3806=ORIENTED_EDGE('',*,*,#2800,.F.);
#3807=ORIENTED_EDGE('',*,*,#2884,.F.);
#3808=ORIENTED_EDGE('',*,*,#2778,.T.);
#3809=ORIENTED_EDGE('',*,*,#2885,.F.);
#3810=ORIENTED_EDGE('',*,*,#2886,.F.);
#3811=ORIENTED_EDGE('',*,*,#2887,.F.);
#3812=ORIENTED_EDGE('',*,*,#2888,.F.);
#3813=ORIENTED_EDGE('',*,*,#2889,.F.);
#3814=ORIENTED_EDGE('',*,*,#2890,.T.);
#3815=ORIENTED_EDGE('',*,*,#2891,.F.);
#3816=ORIENTED_EDGE('',*,*,#2890,.F.);
#3817=ORIENTED_EDGE('',*,*,#2892,.T.);
#3818=ORIENTED_EDGE('',*,*,#2893,.T.);
#3819=ORIENTED_EDGE('',*,*,#2853,.F.);
#3820=ORIENTED_EDGE('',*,*,#2854,.F.);
#3821=ORIENTED_EDGE('',*,*,#2893,.F.);
#3822=ORIENTED_EDGE('',*,*,#2894,.T.);
#3823=ORIENTED_EDGE('',*,*,#2895,.F.);
#3824=ORIENTED_EDGE('',*,*,#2781,.T.);
#3825=ORIENTED_EDGE('',*,*,#2896,.T.);
#3826=ORIENTED_EDGE('',*,*,#2897,.T.);
#3827=ORIENTED_EDGE('',*,*,#2896,.F.);
#3828=ORIENTED_EDGE('',*,*,#2780,.T.);
#3829=ORIENTED_EDGE('',*,*,#2898,.T.);
#3830=ORIENTED_EDGE('',*,*,#2899,.F.);
#3831=ORIENTED_EDGE('',*,*,#2900,.T.);
#3832=ORIENTED_EDGE('',*,*,#2901,.F.);
#3833=ORIENTED_EDGE('',*,*,#2900,.F.);
#3834=ORIENTED_EDGE('',*,*,#2902,.F.);
#3835=ORIENTED_EDGE('',*,*,#2652,.T.);
#3836=ORIENTED_EDGE('',*,*,#2637,.T.);
#3837=ORIENTED_EDGE('',*,*,#2903,.T.);
#3838=ORIENTED_EDGE('',*,*,#2904,.F.);
#3839=ORIENTED_EDGE('',*,*,#2903,.F.);
#3840=ORIENTED_EDGE('',*,*,#2640,.T.);
#3841=ORIENTED_EDGE('',*,*,#2627,.T.);
#3842=ORIENTED_EDGE('',*,*,#2644,.T.);
#3843=ORIENTED_EDGE('',*,*,#2656,.T.);
#3844=ORIENTED_EDGE('',*,*,#2659,.T.);
#3845=ORIENTED_EDGE('',*,*,#2905,.F.);
#3846=ORIENTED_EDGE('',*,*,#2906,.T.);
#3847=ORIENTED_EDGE('',*,*,#2902,.T.);
#3848=ORIENTED_EDGE('',*,*,#2899,.T.);
#3849=ORIENTED_EDGE('',*,*,#2906,.F.);
#3850=ORIENTED_EDGE('',*,*,#2907,.T.);
#3851=ORIENTED_EDGE('',*,*,#2908,.F.);
#3852=ORIENTED_EDGE('',*,*,#2909,.T.);
#3853=ORIENTED_EDGE('',*,*,#2910,.F.);
#3854=ORIENTED_EDGE('',*,*,#2911,.F.);
#3855=ORIENTED_EDGE('',*,*,#2912,.T.);
#3856=ORIENTED_EDGE('',*,*,#2913,.F.);
#3857=ORIENTED_EDGE('',*,*,#2909,.F.);
#3858=ORIENTED_EDGE('',*,*,#2912,.F.);
#3859=ORIENTED_EDGE('',*,*,#2914,.F.);
#3860=ORIENTED_EDGE('',*,*,#2915,.T.);
#3861=ORIENTED_EDGE('',*,*,#2916,.F.);
#3862=ORIENTED_EDGE('',*,*,#2915,.F.);
#3863=ORIENTED_EDGE('',*,*,#2917,.F.);
#3864=ORIENTED_EDGE('',*,*,#2918,.T.);
#3865=ORIENTED_EDGE('',*,*,#2919,.F.);
#3866=ORIENTED_EDGE('',*,*,#2920,.F.);
#3867=ORIENTED_EDGE('',*,*,#2921,.T.);
#3868=ORIENTED_EDGE('',*,*,#2922,.F.);
#3869=ORIENTED_EDGE('',*,*,#2918,.F.);
#3870=ORIENTED_EDGE('',*,*,#2921,.F.);
#3871=ORIENTED_EDGE('',*,*,#2923,.F.);
#3872=ORIENTED_EDGE('',*,*,#2924,.T.);
#3873=ORIENTED_EDGE('',*,*,#2925,.T.);
#3874=ORIENTED_EDGE('',*,*,#2924,.F.);
#3875=ORIENTED_EDGE('',*,*,#2926,.F.);
#3876=ORIENTED_EDGE('',*,*,#2927,.T.);
#3877=ORIENTED_EDGE('',*,*,#2928,.F.);
#3878=ORIENTED_EDGE('',*,*,#2929,.F.);
#3879=ORIENTED_EDGE('',*,*,#2930,.T.);
#3880=ORIENTED_EDGE('',*,*,#2931,.F.);
#3881=ORIENTED_EDGE('',*,*,#2927,.F.);
#3882=ORIENTED_EDGE('',*,*,#2930,.F.);
#3883=ORIENTED_EDGE('',*,*,#2932,.F.);
#3884=ORIENTED_EDGE('',*,*,#2933,.T.);
#3885=ORIENTED_EDGE('',*,*,#2934,.T.);
#3886=ORIENTED_EDGE('',*,*,#2933,.F.);
#3887=ORIENTED_EDGE('',*,*,#2935,.F.);
#3888=ORIENTED_EDGE('',*,*,#2936,.T.);
#3889=ORIENTED_EDGE('',*,*,#2937,.F.);
#3890=ORIENTED_EDGE('',*,*,#2936,.F.);
#3891=ORIENTED_EDGE('',*,*,#2938,.F.);
#3892=ORIENTED_EDGE('',*,*,#2939,.T.);
#3893=ORIENTED_EDGE('',*,*,#2940,.T.);
#3894=ORIENTED_EDGE('',*,*,#2941,.T.);
#3895=ORIENTED_EDGE('',*,*,#2942,.T.);
#3896=ORIENTED_EDGE('',*,*,#2939,.F.);
#3897=ORIENTED_EDGE('',*,*,#2943,.F.);
#3898=ORIENTED_EDGE('',*,*,#2944,.T.);
#3899=ORIENTED_EDGE('',*,*,#2945,.T.);
#3900=ORIENTED_EDGE('',*,*,#2941,.F.);
#3901=ORIENTED_EDGE('',*,*,#2946,.F.);
#3902=ORIENTED_EDGE('',*,*,#2947,.T.);
#3903=ORIENTED_EDGE('',*,*,#2948,.T.);
#3904=ORIENTED_EDGE('',*,*,#2944,.F.);
#3905=ORIENTED_EDGE('',*,*,#2949,.F.);
#3906=ORIENTED_EDGE('',*,*,#2950,.T.);
#3907=ORIENTED_EDGE('',*,*,#2735,.T.);
#3908=ORIENTED_EDGE('',*,*,#2947,.F.);
#3909=ORIENTED_EDGE('',*,*,#2951,.F.);
#3910=ORIENTED_EDGE('',*,*,#2950,.F.);
#3911=ORIENTED_EDGE('',*,*,#2952,.F.);
#3912=ORIENTED_EDGE('',*,*,#2953,.T.);
#3913=ORIENTED_EDGE('',*,*,#2954,.F.);
#3914=ORIENTED_EDGE('',*,*,#2955,.F.);
#3915=ORIENTED_EDGE('',*,*,#2956,.T.);
#3916=ORIENTED_EDGE('',*,*,#2957,.F.);
#3917=ORIENTED_EDGE('',*,*,#2953,.F.);
#3918=ORIENTED_EDGE('',*,*,#2958,.T.);
#3919=ORIENTED_EDGE('',*,*,#2959,.T.);
#3920=ORIENTED_EDGE('',*,*,#2956,.F.);
#3921=ORIENTED_EDGE('',*,*,#2960,.F.);
#3922=ORIENTED_EDGE('',*,*,#2958,.F.);
#3923=ORIENTED_EDGE('',*,*,#2961,.F.);
#3924=ORIENTED_EDGE('',*,*,#2962,.T.);
#3925=ORIENTED_EDGE('',*,*,#2963,.F.);
#3926=ORIENTED_EDGE('',*,*,#2964,.F.);
#3927=ORIENTED_EDGE('',*,*,#2965,.T.);
#3928=ORIENTED_EDGE('',*,*,#2966,.F.);
#3929=ORIENTED_EDGE('',*,*,#2962,.F.);
#3930=ORIENTED_EDGE('',*,*,#2967,.T.);
#3931=ORIENTED_EDGE('',*,*,#2968,.T.);
#3932=ORIENTED_EDGE('',*,*,#2965,.F.);
#3933=ORIENTED_EDGE('',*,*,#2969,.F.);
#3934=ORIENTED_EDGE('',*,*,#2970,.T.);
#3935=ORIENTED_EDGE('',*,*,#2967,.F.);
#3936=ORIENTED_EDGE('',*,*,#2971,.F.);
#3937=ORIENTED_EDGE('',*,*,#2972,.T.);
#3938=ORIENTED_EDGE('',*,*,#2973,.T.);
#3939=ORIENTED_EDGE('',*,*,#2974,.T.);
#3940=ORIENTED_EDGE('',*,*,#2972,.F.);
#3941=ORIENTED_EDGE('',*,*,#2975,.F.);
#3942=ORIENTED_EDGE('',*,*,#2973,.F.);
#3943=ORIENTED_EDGE('',*,*,#2976,.F.);
#3944=ORIENTED_EDGE('',*,*,#2907,.F.);
#3945=ORIENTED_EDGE('',*,*,#2977,.T.);
#3946=ORIENTED_EDGE('',*,*,#2560,.T.);
#3947=ORIENTED_EDGE('',*,*,#2856,.T.);
#3948=ORIENTED_EDGE('',*,*,#2587,.T.);
#3949=ORIENTED_EDGE('',*,*,#2859,.T.);
#3950=ORIENTED_EDGE('',*,*,#2614,.T.);
#3951=ORIENTED_EDGE('',*,*,#2862,.T.);
#3952=ORIENTED_EDGE('',*,*,#2946,.T.);
#3953=ORIENTED_EDGE('',*,*,#2943,.T.);
#3954=ORIENTED_EDGE('',*,*,#2938,.T.);
#3955=ORIENTED_EDGE('',*,*,#2935,.T.);
#3956=ORIENTED_EDGE('',*,*,#2932,.T.);
#3957=ORIENTED_EDGE('',*,*,#2929,.T.);
#3958=ORIENTED_EDGE('',*,*,#2926,.T.);
#3959=ORIENTED_EDGE('',*,*,#2923,.T.);
#3960=ORIENTED_EDGE('',*,*,#2920,.T.);
#3961=ORIENTED_EDGE('',*,*,#2917,.T.);
#3962=ORIENTED_EDGE('',*,*,#2914,.T.);
#3963=ORIENTED_EDGE('',*,*,#2911,.T.);
#3964=ORIENTED_EDGE('',*,*,#2908,.T.);
#3965=ORIENTED_EDGE('',*,*,#2976,.T.);
#3966=ORIENTED_EDGE('',*,*,#2975,.T.);
#3967=ORIENTED_EDGE('',*,*,#2971,.T.);
#3968=ORIENTED_EDGE('',*,*,#2969,.T.);
#3969=ORIENTED_EDGE('',*,*,#2964,.T.);
#3970=ORIENTED_EDGE('',*,*,#2961,.T.);
#3971=ORIENTED_EDGE('',*,*,#2960,.T.);
#3972=ORIENTED_EDGE('',*,*,#2955,.T.);
#3973=ORIENTED_EDGE('',*,*,#2952,.T.);
#3974=ORIENTED_EDGE('',*,*,#2951,.T.);
#3975=ORIENTED_EDGE('',*,*,#2949,.T.);
#3976=ORIENTED_EDGE('',*,*,#2712,.T.);
#3977=ORIENTED_EDGE('',*,*,#2715,.T.);
#3978=ORIENTED_EDGE('',*,*,#2717,.T.);
#3979=ORIENTED_EDGE('',*,*,#2718,.T.);
#3980=ORIENTED_EDGE('',*,*,#2864,.T.);
#3981=ORIENTED_EDGE('',*,*,#2858,.T.);
#3982=ORIENTED_EDGE('',*,*,#2861,.T.);
#3983=ORIENTED_EDGE('',*,*,#2978,.T.);
#3984=ORIENTED_EDGE('',*,*,#2979,.T.);
#3985=ORIENTED_EDGE('',*,*,#2980,.T.);
#3986=ORIENTED_EDGE('',*,*,#2925,.F.);
#3987=ORIENTED_EDGE('',*,*,#2981,.T.);
#3988=ORIENTED_EDGE('',*,*,#2811,.T.);
#3989=ORIENTED_EDGE('',*,*,#2982,.T.);
#3990=ORIENTED_EDGE('',*,*,#2983,.T.);
#3991=ORIENTED_EDGE('',*,*,#2984,.T.);
#3992=ORIENTED_EDGE('',*,*,#2813,.T.);
#3993=ORIENTED_EDGE('',*,*,#2985,.T.);
#3994=ORIENTED_EDGE('',*,*,#2934,.F.);
#3995=ORIENTED_EDGE('',*,*,#2986,.T.);
#3996=ORIENTED_EDGE('',*,*,#2815,.T.);
#3997=ORIENTED_EDGE('',*,*,#2987,.T.);
#3998=ORIENTED_EDGE('',*,*,#2940,.F.);
#3999=ORIENTED_EDGE('',*,*,#2988,.T.);
#4000=ORIENTED_EDGE('',*,*,#2945,.F.);
#4001=ORIENTED_EDGE('',*,*,#2989,.T.);
#4002=ORIENTED_EDGE('',*,*,#2817,.T.);
#4003=ORIENTED_EDGE('',*,*,#2989,.F.);
#4004=ORIENTED_EDGE('',*,*,#2948,.F.);
#4005=ORIENTED_EDGE('',*,*,#2734,.T.);
#4006=ORIENTED_EDGE('',*,*,#2818,.T.);
#4007=ORIENTED_EDGE('',*,*,#2990,.T.);
#4008=ORIENTED_EDGE('',*,*,#2959,.F.);
#4009=ORIENTED_EDGE('',*,*,#2991,.T.);
#4010=ORIENTED_EDGE('',*,*,#2992,.T.);
#4011=ORIENTED_EDGE('',*,*,#2993,.T.);
#4012=ORIENTED_EDGE('',*,*,#2994,.T.);
#4013=ORIENTED_EDGE('',*,*,#2995,.T.);
#4014=ORIENTED_EDGE('',*,*,#2825,.T.);
#4015=ORIENTED_EDGE('',*,*,#2996,.T.);
#4016=ORIENTED_EDGE('',*,*,#2997,.T.);
#4017=ORIENTED_EDGE('',*,*,#2998,.T.);
#4018=ORIENTED_EDGE('',*,*,#2999,.T.);
#4019=ORIENTED_EDGE('',*,*,#2968,.F.);
#4020=ORIENTED_EDGE('',*,*,#2866,.T.);
#4021=ORIENTED_EDGE('',*,*,#3000,.T.);
#4022=ORIENTED_EDGE('',*,*,#3001,.T.);
#4023=ORIENTED_EDGE('',*,*,#3002,.T.);
#4024=ORIENTED_EDGE('',*,*,#2977,.F.);
#4025=ORIENTED_EDGE('',*,*,#3003,.F.);
#4026=ORIENTED_EDGE('',*,*,#2804,.F.);
#4027=ORIENTED_EDGE('',*,*,#3004,.F.);
#4028=ORIENTED_EDGE('',*,*,#2757,.F.);
#4029=ORIENTED_EDGE('',*,*,#2693,.F.);
#4030=ORIENTED_EDGE('',*,*,#2703,.F.);
#4031=ORIENTED_EDGE('',*,*,#2707,.F.);
#4032=ORIENTED_EDGE('',*,*,#2763,.F.);
#4033=ORIENTED_EDGE('',*,*,#3005,.F.);
#4034=ORIENTED_EDGE('',*,*,#3006,.F.);
#4035=ORIENTED_EDGE('',*,*,#3007,.F.);
#4036=ORIENTED_EDGE('',*,*,#3008,.F.);
#4037=ORIENTED_EDGE('',*,*,#2686,.F.);
#4038=ORIENTED_EDGE('',*,*,#2695,.F.);
#4039=ORIENTED_EDGE('',*,*,#2764,.F.);
#4040=ORIENTED_EDGE('',*,*,#2705,.F.);
#4041=ORIENTED_EDGE('',*,*,#3009,.F.);
#4042=ORIENTED_EDGE('',*,*,#2979,.F.);
#4043=ORIENTED_EDGE('',*,*,#3010,.F.);
#4044=ORIENTED_EDGE('',*,*,#3011,.F.);
#4045=ORIENTED_EDGE('',*,*,#3012,.F.);
#4046=ORIENTED_EDGE('',*,*,#3013,.F.);
#4047=ORIENTED_EDGE('',*,*,#3014,.F.);
#4048=ORIENTED_EDGE('',*,*,#3015,.F.);
#4049=ORIENTED_EDGE('',*,*,#3006,.T.);
#4050=ORIENTED_EDGE('',*,*,#3016,.F.);
#4051=ORIENTED_EDGE('',*,*,#2753,.F.);
#4052=ORIENTED_EDGE('',*,*,#2740,.F.);
#4053=ORIENTED_EDGE('',*,*,#2750,.F.);
#4054=ORIENTED_EDGE('',*,*,#3017,.F.);
#4055=ORIENTED_EDGE('',*,*,#2992,.F.);
#4056=ORIENTED_EDGE('',*,*,#3018,.F.);
#4057=ORIENTED_EDGE('',*,*,#2998,.F.);
#4058=ORIENTED_EDGE('',*,*,#3019,.F.);
#4059=ORIENTED_EDGE('',*,*,#3001,.F.);
#4060=ORIENTED_EDGE('',*,*,#3020,.F.);
#4061=ORIENTED_EDGE('',*,*,#3021,.F.);
#4062=ORIENTED_EDGE('',*,*,#2869,.F.);
#4063=ORIENTED_EDGE('',*,*,#3010,.T.);
#4064=ORIENTED_EDGE('',*,*,#2978,.F.);
#4065=ORIENTED_EDGE('',*,*,#3022,.F.);
#4066=ORIENTED_EDGE('',*,*,#3023,.F.);
#4067=ORIENTED_EDGE('',*,*,#3022,.T.);
#4068=ORIENTED_EDGE('',*,*,#2983,.F.);
#4069=ORIENTED_EDGE('',*,*,#3024,.F.);
#4070=ORIENTED_EDGE('',*,*,#3025,.F.);
#4071=ORIENTED_EDGE('',*,*,#3024,.T.);
#4072=ORIENTED_EDGE('',*,*,#2982,.F.);
#4073=ORIENTED_EDGE('',*,*,#2810,.F.);
#4074=ORIENTED_EDGE('',*,*,#3026,.F.);
#4075=ORIENTED_EDGE('',*,*,#2985,.F.);
#4076=ORIENTED_EDGE('',*,*,#2812,.T.);
#4077=ORIENTED_EDGE('',*,*,#2981,.F.);
#4078=ORIENTED_EDGE('',*,*,#2928,.T.);
#4079=ORIENTED_EDGE('',*,*,#2931,.T.);
#4080=ORIENTED_EDGE('',*,*,#2980,.F.);
#4081=ORIENTED_EDGE('',*,*,#3009,.T.);
#4082=ORIENTED_EDGE('',*,*,#3027,.T.);
#4083=ORIENTED_EDGE('',*,*,#2919,.T.);
#4084=ORIENTED_EDGE('',*,*,#2922,.T.);
#4085=ORIENTED_EDGE('',*,*,#2987,.F.);
#4086=ORIENTED_EDGE('',*,*,#2814,.T.);
#4087=ORIENTED_EDGE('',*,*,#2984,.F.);
#4088=ORIENTED_EDGE('',*,*,#2937,.T.);
#4089=ORIENTED_EDGE('',*,*,#2986,.F.);
#4090=ORIENTED_EDGE('',*,*,#2942,.F.);
#4091=ORIENTED_EDGE('',*,*,#2988,.F.);
#4092=ORIENTED_EDGE('',*,*,#2816,.T.);
#4093=ORIENTED_EDGE('',*,*,#3028,.F.);
#4094=ORIENTED_EDGE('',*,*,#2731,.F.);
#4095=ORIENTED_EDGE('',*,*,#3029,.F.);
#4096=ORIENTED_EDGE('',*,*,#3030,.F.);
#4097=ORIENTED_EDGE('',*,*,#2730,.F.);
#4098=ORIENTED_EDGE('',*,*,#2830,.T.);
#4099=ORIENTED_EDGE('',*,*,#3031,.T.);
#4100=ORIENTED_EDGE('',*,*,#3029,.T.);
#4101=ORIENTED_EDGE('',*,*,#3032,.T.);
#4102=ORIENTED_EDGE('',*,*,#2828,.T.);
#4103=ORIENTED_EDGE('',*,*,#2728,.F.);
#4104=ORIENTED_EDGE('',*,*,#3033,.T.);
#4105=ORIENTED_EDGE('',*,*,#3034,.F.);
#4106=ORIENTED_EDGE('',*,*,#3035,.F.);
#4107=ORIENTED_EDGE('',*,*,#3036,.F.);
#4108=ORIENTED_EDGE('',*,*,#3037,.F.);
#4109=ORIENTED_EDGE('',*,*,#3038,.F.);
#4110=ORIENTED_EDGE('',*,*,#3033,.F.);
#4111=ORIENTED_EDGE('',*,*,#2727,.F.);
#4112=ORIENTED_EDGE('',*,*,#3039,.F.);
#4113=ORIENTED_EDGE('',*,*,#2875,.F.);
#4114=ORIENTED_EDGE('',*,*,#2873,.F.);
#4115=ORIENTED_EDGE('',*,*,#3039,.T.);
#4116=ORIENTED_EDGE('',*,*,#2726,.F.);
#4117=ORIENTED_EDGE('',*,*,#3040,.T.);
#4118=ORIENTED_EDGE('',*,*,#3041,.T.);
#4119=ORIENTED_EDGE('',*,*,#2725,.F.);
#4120=ORIENTED_EDGE('',*,*,#3042,.T.);
#4121=ORIENTED_EDGE('',*,*,#3043,.T.);
#4122=ORIENTED_EDGE('',*,*,#3044,.F.);
#4123=ORIENTED_EDGE('',*,*,#3045,.T.);
#4124=ORIENTED_EDGE('',*,*,#3046,.T.);
#4125=ORIENTED_EDGE('',*,*,#3047,.T.);
#4126=ORIENTED_EDGE('',*,*,#3040,.F.);
#4127=ORIENTED_EDGE('',*,*,#2990,.F.);
#4128=ORIENTED_EDGE('',*,*,#3048,.T.);
#4129=ORIENTED_EDGE('',*,*,#3042,.F.);
#4130=ORIENTED_EDGE('',*,*,#2724,.F.);
#4131=ORIENTED_EDGE('',*,*,#2954,.T.);
#4132=ORIENTED_EDGE('',*,*,#2957,.T.);
#4133=ORIENTED_EDGE('',*,*,#3048,.F.);
#4134=ORIENTED_EDGE('',*,*,#2996,.F.);
#4135=ORIENTED_EDGE('',*,*,#2824,.T.);
#4136=ORIENTED_EDGE('',*,*,#3049,.T.);
#4137=ORIENTED_EDGE('',*,*,#3043,.F.);
#4138=ORIENTED_EDGE('',*,*,#3050,.T.);
#4139=ORIENTED_EDGE('',*,*,#2747,.T.);
#4140=ORIENTED_EDGE('',*,*,#2826,.T.);
#4141=ORIENTED_EDGE('',*,*,#2995,.F.);
#4142=ORIENTED_EDGE('',*,*,#2994,.F.);
#4143=ORIENTED_EDGE('',*,*,#3051,.T.);
#4144=ORIENTED_EDGE('',*,*,#2748,.T.);
#4145=ORIENTED_EDGE('',*,*,#3050,.F.);
#4146=ORIENTED_EDGE('',*,*,#3051,.F.);
#4147=ORIENTED_EDGE('',*,*,#2993,.F.);
#4148=ORIENTED_EDGE('',*,*,#3017,.T.);
#4149=ORIENTED_EDGE('',*,*,#2749,.T.);
#4150=ORIENTED_EDGE('',*,*,#2999,.F.);
#4151=ORIENTED_EDGE('',*,*,#3018,.T.);
#4152=ORIENTED_EDGE('',*,*,#2991,.F.);
#4153=ORIENTED_EDGE('',*,*,#2963,.T.);
#4154=ORIENTED_EDGE('',*,*,#2966,.T.);
#4155=ORIENTED_EDGE('',*,*,#2970,.F.);
#4156=ORIENTED_EDGE('',*,*,#2974,.F.);
#4157=ORIENTED_EDGE('',*,*,#3002,.F.);
#4158=ORIENTED_EDGE('',*,*,#3019,.T.);
#4159=ORIENTED_EDGE('',*,*,#2997,.F.);
#4160=ORIENTED_EDGE('',*,*,#3052,.T.);
#4161=ORIENTED_EDGE('',*,*,#3020,.T.);
#4162=ORIENTED_EDGE('',*,*,#3000,.F.);
#4163=ORIENTED_EDGE('',*,*,#2910,.T.);
#4164=ORIENTED_EDGE('',*,*,#2913,.T.);
#4165=ORIENTED_EDGE('',*,*,#2845,.T.);
#4166=ORIENTED_EDGE('',*,*,#2841,.T.);
#4167=ORIENTED_EDGE('',*,*,#2534,.T.);
#4168=ORIENTED_EDGE('',*,*,#2850,.T.);
#4169=ORIENTED_EDGE('',*,*,#2846,.T.);
#4170=ORIENTED_EDGE('',*,*,#2530,.T.);
#4171=ORIENTED_EDGE('',*,*,#2855,.T.);
#4172=ORIENTED_EDGE('',*,*,#2851,.T.);
#4173=ORIENTED_EDGE('',*,*,#2526,.T.);
#4174=ORIENTED_EDGE('',*,*,#3008,.T.);
#4175=ORIENTED_EDGE('',*,*,#3053,.F.);
#4176=ORIENTED_EDGE('',*,*,#3054,.F.);
#4177=ORIENTED_EDGE('',*,*,#3055,.F.);
#4178=ORIENTED_EDGE('',*,*,#3055,.T.);
#4179=ORIENTED_EDGE('',*,*,#3056,.F.);
#4180=ORIENTED_EDGE('',*,*,#2805,.T.);
#4181=ORIENTED_EDGE('',*,*,#3003,.T.);
#4182=ORIENTED_EDGE('',*,*,#2803,.T.);
#4183=ORIENTED_EDGE('',*,*,#3057,.T.);
#4184=ORIENTED_EDGE('',*,*,#2758,.T.);
#4185=ORIENTED_EDGE('',*,*,#3004,.T.);
#4186=ORIENTED_EDGE('',*,*,#2762,.T.);
#4187=ORIENTED_EDGE('',*,*,#2754,.T.);
#4188=ORIENTED_EDGE('',*,*,#3016,.T.);
#4189=ORIENTED_EDGE('',*,*,#3005,.T.);
#4190=ORIENTED_EDGE('',*,*,#3015,.T.);
#4191=ORIENTED_EDGE('',*,*,#3058,.F.);
#4192=ORIENTED_EDGE('',*,*,#3053,.T.);
#4193=ORIENTED_EDGE('',*,*,#3007,.T.);
#4194=ORIENTED_EDGE('',*,*,#3027,.F.);
#4195=ORIENTED_EDGE('',*,*,#3021,.T.);
#4196=ORIENTED_EDGE('',*,*,#3052,.F.);
#4197=ORIENTED_EDGE('',*,*,#2916,.T.);
#4198=ORIENTED_EDGE('',*,*,#3059,.T.);
#4199=ORIENTED_EDGE('',*,*,#3060,.T.);
#4200=ORIENTED_EDGE('',*,*,#2806,.T.);
#4201=ORIENTED_EDGE('',*,*,#3056,.T.);
#4202=ORIENTED_EDGE('',*,*,#3054,.T.);
#4203=ORIENTED_EDGE('',*,*,#3058,.T.);
#4204=ORIENTED_EDGE('',*,*,#3014,.T.);
#4205=ORIENTED_EDGE('',*,*,#3061,.T.);
#4206=ORIENTED_EDGE('',*,*,#3011,.T.);
#4207=ORIENTED_EDGE('',*,*,#3023,.T.);
#4208=ORIENTED_EDGE('',*,*,#3025,.T.);
#4209=ORIENTED_EDGE('',*,*,#3026,.T.);
#4210=ORIENTED_EDGE('',*,*,#2809,.T.);
#4211=ORIENTED_EDGE('',*,*,#3062,.T.);
#4212=ORIENTED_EDGE('',*,*,#3063,.T.);
#4213=ORIENTED_EDGE('',*,*,#3064,.T.);
#4214=ORIENTED_EDGE('',*,*,#3065,.F.);
#4215=ORIENTED_EDGE('',*,*,#3066,.T.);
#4216=ORIENTED_EDGE('',*,*,#3030,.T.);
#4217=ORIENTED_EDGE('',*,*,#3031,.F.);
#4218=ORIENTED_EDGE('',*,*,#2829,.T.);
#4219=ORIENTED_EDGE('',*,*,#3032,.F.);
#4220=ORIENTED_EDGE('',*,*,#3038,.T.);
#4221=ORIENTED_EDGE('',*,*,#3067,.T.);
#4222=ORIENTED_EDGE('',*,*,#2822,.T.);
#4223=ORIENTED_EDGE('',*,*,#3068,.T.);
#4224=ORIENTED_EDGE('',*,*,#3045,.F.);
#4225=ORIENTED_EDGE('',*,*,#3069,.T.);
#4226=ORIENTED_EDGE('',*,*,#2790,.T.);
#4227=ORIENTED_EDGE('',*,*,#3070,.T.);
#4228=ORIENTED_EDGE('',*,*,#2795,.T.);
#4229=ORIENTED_EDGE('',*,*,#2745,.F.);
#4230=ORIENTED_EDGE('',*,*,#2521,.T.);
#4231=ORIENTED_EDGE('',*,*,#3071,.T.);
#4232=ORIENTED_EDGE('',*,*,#3072,.T.);
#4233=ORIENTED_EDGE('',*,*,#3073,.T.);
#4234=ORIENTED_EDGE('',*,*,#3074,.T.);
#4235=ORIENTED_EDGE('',*,*,#3075,.T.);
#4236=ORIENTED_EDGE('',*,*,#2880,.T.);
#4237=ORIENTED_EDGE('',*,*,#3076,.T.);
#4238=ORIENTED_EDGE('',*,*,#2785,.T.);
#4239=ORIENTED_EDGE('',*,*,#3077,.T.);
#4240=ORIENTED_EDGE('',*,*,#2796,.T.);
#4241=ORIENTED_EDGE('',*,*,#3070,.F.);
#4242=ORIENTED_EDGE('',*,*,#2789,.T.);
#4243=ORIENTED_EDGE('',*,*,#3078,.T.);
#4244=ORIENTED_EDGE('',*,*,#3079,.T.);
#4245=ORIENTED_EDGE('',*,*,#3080,.T.);
#4246=ORIENTED_EDGE('',*,*,#2784,.T.);
#4247=ORIENTED_EDGE('',*,*,#3081,.T.);
#4248=ORIENTED_EDGE('',*,*,#2797,.T.);
#4249=ORIENTED_EDGE('',*,*,#3077,.F.);
#4250=ORIENTED_EDGE('',*,*,#3082,.T.);
#4251=ORIENTED_EDGE('',*,*,#3083,.T.);
#4252=ORIENTED_EDGE('',*,*,#2798,.T.);
#4253=ORIENTED_EDGE('',*,*,#3081,.F.);
#4254=ORIENTED_EDGE('',*,*,#2783,.T.);
#4255=ORIENTED_EDGE('',*,*,#3084,.T.);
#4256=ORIENTED_EDGE('',*,*,#3085,.T.);
#4257=ORIENTED_EDGE('',*,*,#2884,.T.);
#4258=ORIENTED_EDGE('',*,*,#2799,.T.);
#4259=ORIENTED_EDGE('',*,*,#3083,.F.);
#4260=ORIENTED_EDGE('',*,*,#3086,.T.);
#4261=ORIENTED_EDGE('',*,*,#2886,.T.);
#4262=ORIENTED_EDGE('',*,*,#2885,.T.);
#4263=ORIENTED_EDGE('',*,*,#2777,.T.);
#4264=ORIENTED_EDGE('',*,*,#3087,.T.);
#4265=ORIENTED_EDGE('',*,*,#2801,.T.);
#4266=ORIENTED_EDGE('',*,*,#2883,.T.);
#4267=ORIENTED_EDGE('',*,*,#3088,.T.);
#4268=ORIENTED_EDGE('',*,*,#2807,.T.);
#4269=ORIENTED_EDGE('',*,*,#3060,.F.);
#4270=ORIENTED_EDGE('',*,*,#3089,.T.);
#4271=ORIENTED_EDGE('',*,*,#3090,.T.);
#4272=ORIENTED_EDGE('',*,*,#3091,.T.);
#4273=ORIENTED_EDGE('',*,*,#2819,.T.);
#4274=ORIENTED_EDGE('',*,*,#2732,.T.);
#4275=ORIENTED_EDGE('',*,*,#3028,.T.);
#4276=ORIENTED_EDGE('',*,*,#3066,.F.);
#4277=ORIENTED_EDGE('',*,*,#3092,.T.);
#4278=ORIENTED_EDGE('',*,*,#3093,.T.);
#4279=ORIENTED_EDGE('',*,*,#3036,.T.);
#4280=ORIENTED_EDGE('',*,*,#3094,.T.);
#4281=ORIENTED_EDGE('',*,*,#2820,.T.);
#4282=ORIENTED_EDGE('',*,*,#3091,.F.);
#4283=ORIENTED_EDGE('',*,*,#2821,.T.);
#4284=ORIENTED_EDGE('',*,*,#3094,.F.);
#4285=ORIENTED_EDGE('',*,*,#3035,.T.);
#4286=ORIENTED_EDGE('',*,*,#3095,.T.);
#4287=ORIENTED_EDGE('',*,*,#3046,.F.);
#4288=ORIENTED_EDGE('',*,*,#3068,.F.);
#4289=ORIENTED_EDGE('',*,*,#3096,.T.);
#4290=ORIENTED_EDGE('',*,*,#3067,.F.);
#4291=ORIENTED_EDGE('',*,*,#3037,.T.);
#4292=ORIENTED_EDGE('',*,*,#3093,.F.);
#4293=ORIENTED_EDGE('',*,*,#3034,.T.);
#4294=ORIENTED_EDGE('',*,*,#3041,.F.);
#4295=ORIENTED_EDGE('',*,*,#3047,.F.);
#4296=ORIENTED_EDGE('',*,*,#3095,.F.);
#4297=ORIENTED_EDGE('',*,*,#2635,.T.);
#4298=ORIENTED_EDGE('',*,*,#2673,.F.);
#4299=ORIENTED_EDGE('',*,*,#2516,.F.);
#4300=ORIENTED_EDGE('',*,*,#3097,.F.);
#4301=ORIENTED_EDGE('',*,*,#2767,.F.);
#4302=ORIENTED_EDGE('',*,*,#3098,.F.);
#4303=ORIENTED_EDGE('',*,*,#3099,.F.);
#4304=ORIENTED_EDGE('',*,*,#3100,.F.);
#4305=ORIENTED_EDGE('',*,*,#2663,.T.);
#4306=ORIENTED_EDGE('',*,*,#2642,.T.);
#4307=ORIENTED_EDGE('',*,*,#2664,.T.);
#4308=ORIENTED_EDGE('',*,*,#3100,.T.);
#4309=ORIENTED_EDGE('',*,*,#3101,.T.);
#4310=ORIENTED_EDGE('',*,*,#2674,.T.);
#4311=ORIENTED_EDGE('',*,*,#2667,.T.);
#4312=ORIENTED_EDGE('',*,*,#3102,.T.);
#4313=ORIENTED_EDGE('',*,*,#3103,.T.);
#4314=ORIENTED_EDGE('',*,*,#2792,.T.);
#4315=ORIENTED_EDGE('',*,*,#3104,.T.);
#4316=ORIENTED_EDGE('',*,*,#2878,.T.);
#4317=ORIENTED_EDGE('',*,*,#3105,.T.);
#4318=ORIENTED_EDGE('',*,*,#2722,.T.);
#4319=ORIENTED_EDGE('',*,*,#2823,.T.);
#4320=ORIENTED_EDGE('',*,*,#3069,.F.);
#4321=ORIENTED_EDGE('',*,*,#3044,.T.);
#4322=ORIENTED_EDGE('',*,*,#3049,.F.);
#4323=ORIENTED_EDGE('',*,*,#2868,.F.);
#4324=ORIENTED_EDGE('',*,*,#2891,.T.);
#4325=ORIENTED_EDGE('',*,*,#2775,.T.);
#4326=ORIENTED_EDGE('',*,*,#3106,.T.);
#4327=ORIENTED_EDGE('',*,*,#2760,.T.);
#4328=ORIENTED_EDGE('',*,*,#3107,.T.);
#4329=ORIENTED_EDGE('',*,*,#2802,.T.);
#4330=ORIENTED_EDGE('',*,*,#3087,.F.);
#4331=ORIENTED_EDGE('',*,*,#2776,.T.);
#4332=ORIENTED_EDGE('',*,*,#3107,.F.);
#4333=ORIENTED_EDGE('',*,*,#2759,.T.);
#4334=ORIENTED_EDGE('',*,*,#3057,.F.);
#4335=ORIENTED_EDGE('',*,*,#3108,.F.);
#4336=ORIENTED_EDGE('',*,*,#3109,.F.);
#4337=ORIENTED_EDGE('',*,*,#3063,.F.);
#4338=ORIENTED_EDGE('',*,*,#3110,.F.);
#4339=ORIENTED_EDGE('',*,*,#3089,.F.);
#4340=ORIENTED_EDGE('',*,*,#3059,.F.);
#4341=ORIENTED_EDGE('',*,*,#3013,.T.);
#4342=ORIENTED_EDGE('',*,*,#3111,.T.);
#4343=ORIENTED_EDGE('',*,*,#3108,.T.);
#4344=ORIENTED_EDGE('',*,*,#3061,.F.);
#4345=ORIENTED_EDGE('',*,*,#2761,.T.);
#4346=ORIENTED_EDGE('',*,*,#3112,.T.);
#4347=ORIENTED_EDGE('',*,*,#3113,.T.);
#4348=ORIENTED_EDGE('',*,*,#2743,.T.);
#4349=ORIENTED_EDGE('',*,*,#2756,.F.);
#4350=ORIENTED_EDGE('',*,*,#3111,.F.);
#4351=ORIENTED_EDGE('',*,*,#3012,.T.);
#4352=ORIENTED_EDGE('',*,*,#3064,.F.);
#4353=ORIENTED_EDGE('',*,*,#3109,.T.);
#4354=ORIENTED_EDGE('',*,*,#3110,.T.);
#4355=ORIENTED_EDGE('',*,*,#3062,.F.);
#4356=ORIENTED_EDGE('',*,*,#2808,.T.);
#4357=ORIENTED_EDGE('',*,*,#3088,.F.);
#4358=ORIENTED_EDGE('',*,*,#2876,.T.);
#4359=ORIENTED_EDGE('',*,*,#2881,.F.);
#4360=ORIENTED_EDGE('',*,*,#3075,.F.);
#4361=ORIENTED_EDGE('',*,*,#3114,.F.);
#4362=ORIENTED_EDGE('',*,*,#3105,.F.);
#4363=ORIENTED_EDGE('',*,*,#3115,.F.);
#4364=ORIENTED_EDGE('',*,*,#3073,.F.);
#4365=ORIENTED_EDGE('',*,*,#3116,.F.);
#4366=ORIENTED_EDGE('',*,*,#3117,.F.);
#4367=ORIENTED_EDGE('',*,*,#2765,.F.);
#4368=ORIENTED_EDGE('',*,*,#2625,.F.);
#4369=ORIENTED_EDGE('',*,*,#3072,.F.);
#4370=ORIENTED_EDGE('',*,*,#3118,.T.);
#4371=ORIENTED_EDGE('',*,*,#3119,.T.);
#4372=ORIENTED_EDGE('',*,*,#3120,.T.);
#4373=ORIENTED_EDGE('',*,*,#3116,.T.);
#4374=ORIENTED_EDGE('',*,*,#2520,.F.);
#4375=ORIENTED_EDGE('',*,*,#3121,.F.);
#4376=ORIENTED_EDGE('',*,*,#3118,.F.);
#4377=ORIENTED_EDGE('',*,*,#3071,.F.);
#4378=ORIENTED_EDGE('',*,*,#2879,.F.);
#4379=ORIENTED_EDGE('',*,*,#3104,.F.);
#4380=ORIENTED_EDGE('',*,*,#2791,.F.);
#4381=ORIENTED_EDGE('',*,*,#3076,.F.);
#4382=ORIENTED_EDGE('',*,*,#2786,.T.);
#4383=ORIENTED_EDGE('',*,*,#3080,.F.);
#4384=ORIENTED_EDGE('',*,*,#3122,.T.);
#4385=ORIENTED_EDGE('',*,*,#3123,.T.);
#4386=ORIENTED_EDGE('',*,*,#3124,.T.);
#4387=ORIENTED_EDGE('',*,*,#3122,.F.);
#4388=ORIENTED_EDGE('',*,*,#3079,.F.);
#4389=ORIENTED_EDGE('',*,*,#3125,.T.);
#4390=ORIENTED_EDGE('',*,*,#3126,.T.);
#4391=ORIENTED_EDGE('',*,*,#2788,.T.);
#4392=ORIENTED_EDGE('',*,*,#3127,.T.);
#4393=ORIENTED_EDGE('',*,*,#3128,.T.);
#4394=ORIENTED_EDGE('',*,*,#3125,.F.);
#4395=ORIENTED_EDGE('',*,*,#3078,.F.);
#4396=ORIENTED_EDGE('',*,*,#2782,.T.);
#4397=ORIENTED_EDGE('',*,*,#2895,.T.);
#4398=ORIENTED_EDGE('',*,*,#3129,.T.);
#4399=ORIENTED_EDGE('',*,*,#3084,.F.);
#4400=ORIENTED_EDGE('',*,*,#3090,.F.);
#4401=ORIENTED_EDGE('',*,*,#3065,.T.);
#4402=ORIENTED_EDGE('',*,*,#3096,.F.);
#4403=ORIENTED_EDGE('',*,*,#3092,.F.);
#4404=ORIENTED_EDGE('',*,*,#3130,.T.);
#4405=ORIENTED_EDGE('',*,*,#3119,.F.);
#4406=ORIENTED_EDGE('',*,*,#3131,.T.);
#4407=ORIENTED_EDGE('',*,*,#2675,.T.);
#4408=ORIENTED_EDGE('',*,*,#3131,.F.);
#4409=ORIENTED_EDGE('',*,*,#3121,.T.);
#4410=ORIENTED_EDGE('',*,*,#2519,.T.);
#4411=ORIENTED_EDGE('',*,*,#2676,.T.);
#4412=ORIENTED_EDGE('',*,*,#3117,.T.);
#4413=ORIENTED_EDGE('',*,*,#3132,.T.);
#4414=ORIENTED_EDGE('',*,*,#3098,.T.);
#4415=ORIENTED_EDGE('',*,*,#2766,.F.);
#4416=ORIENTED_EDGE('',*,*,#3132,.F.);
#4417=ORIENTED_EDGE('',*,*,#3120,.F.);
#4418=ORIENTED_EDGE('',*,*,#3133,.T.);
#4419=ORIENTED_EDGE('',*,*,#3099,.T.);
#4420=ORIENTED_EDGE('',*,*,#3097,.T.);
#4421=ORIENTED_EDGE('',*,*,#2515,.T.);
#4422=ORIENTED_EDGE('',*,*,#2681,.F.);
#4423=ORIENTED_EDGE('',*,*,#2768,.F.);
#4424=ORIENTED_EDGE('',*,*,#3101,.F.);
#4425=ORIENTED_EDGE('',*,*,#3133,.F.);
#4426=ORIENTED_EDGE('',*,*,#3130,.F.);
#4427=ORIENTED_EDGE('',*,*,#3134,.T.);
#4428=ORIENTED_EDGE('',*,*,#2620,.T.);
#4429=ORIENTED_EDGE('',*,*,#2793,.T.);
#4430=ORIENTED_EDGE('',*,*,#3103,.F.);
#4431=ORIENTED_EDGE('',*,*,#2774,.F.);
#4432=ORIENTED_EDGE('',*,*,#3135,.F.);
#4433=ORIENTED_EDGE('',*,*,#3112,.F.);
#4434=ORIENTED_EDGE('',*,*,#3106,.F.);
#4435=ORIENTED_EDGE('',*,*,#2744,.T.);
#4436=ORIENTED_EDGE('',*,*,#3136,.F.);
#4437=ORIENTED_EDGE('',*,*,#3137,.F.);
#4438=ORIENTED_EDGE('',*,*,#2507,.F.);
#4439=ORIENTED_EDGE('',*,*,#3136,.T.);
#4440=ORIENTED_EDGE('',*,*,#3113,.F.);
#4441=ORIENTED_EDGE('',*,*,#3138,.T.);
#4442=ORIENTED_EDGE('',*,*,#3139,.T.);
#4443=ORIENTED_EDGE('',*,*,#2769,.F.);
#4444=ORIENTED_EDGE('',*,*,#2679,.T.);
#4445=ORIENTED_EDGE('',*,*,#3140,.F.);
#4446=ORIENTED_EDGE('',*,*,#2838,.T.);
#4447=ORIENTED_EDGE('',*,*,#3141,.T.);
#4448=ORIENTED_EDGE('',*,*,#3142,.T.);
#4449=ORIENTED_EDGE('',*,*,#2839,.T.);
#4450=ORIENTED_EDGE('',*,*,#3143,.T.);
#4451=ORIENTED_EDGE('',*,*,#3144,.T.);
#4452=ORIENTED_EDGE('',*,*,#3145,.T.);
#4453=ORIENTED_EDGE('',*,*,#2771,.T.);
#4454=ORIENTED_EDGE('',*,*,#2840,.T.);
#4455=ORIENTED_EDGE('',*,*,#3146,.T.);
#4456=ORIENTED_EDGE('',*,*,#3127,.F.);
#4457=ORIENTED_EDGE('',*,*,#2787,.F.);
#4458=ORIENTED_EDGE('',*,*,#3124,.F.);
#4459=ORIENTED_EDGE('',*,*,#3147,.T.);
#4460=ORIENTED_EDGE('',*,*,#3123,.F.);
#4461=ORIENTED_EDGE('',*,*,#3126,.F.);
#4462=ORIENTED_EDGE('',*,*,#3128,.F.);
#4463=ORIENTED_EDGE('',*,*,#3147,.F.);
#4464=ORIENTED_EDGE('',*,*,#2646,.T.);
#4465=ORIENTED_EDGE('',*,*,#3148,.F.);
#4466=ORIENTED_EDGE('',*,*,#2512,.T.);
#4467=ORIENTED_EDGE('',*,*,#3149,.F.);
#4468=ORIENTED_EDGE('',*,*,#3150,.F.);
#4469=ORIENTED_EDGE('',*,*,#2683,.F.);
#4470=ORIENTED_EDGE('',*,*,#2660,.T.);
#4471=ORIENTED_EDGE('',*,*,#2657,.T.);
#4472=ORIENTED_EDGE('',*,*,#2630,.T.);
#4473=ORIENTED_EDGE('',*,*,#2682,.T.);
#4474=ORIENTED_EDGE('',*,*,#2513,.T.);
#4475=ORIENTED_EDGE('',*,*,#3148,.T.);
#4476=ORIENTED_EDGE('',*,*,#2645,.T.);
#4477=ORIENTED_EDGE('',*,*,#2617,.T.);
#4478=ORIENTED_EDGE('',*,*,#3134,.F.);
#4479=ORIENTED_EDGE('',*,*,#3102,.F.);
#4480=ORIENTED_EDGE('',*,*,#3114,.T.);
#4481=ORIENTED_EDGE('',*,*,#3074,.F.);
#4482=ORIENTED_EDGE('',*,*,#3115,.T.);
#4483=ORIENTED_EDGE('',*,*,#2624,.F.);
#4484=ORIENTED_EDGE('',*,*,#2621,.F.);
#4485=ORIENTED_EDGE('',*,*,#2889,.T.);
#4486=ORIENTED_EDGE('',*,*,#2901,.T.);
#4487=ORIENTED_EDGE('',*,*,#2897,.F.);
#4488=ORIENTED_EDGE('',*,*,#2892,.F.);
#4489=ORIENTED_EDGE('',*,*,#3138,.F.);
#4490=ORIENTED_EDGE('',*,*,#3135,.T.);
#4491=ORIENTED_EDGE('',*,*,#2773,.T.);
#4492=ORIENTED_EDGE('',*,*,#3151,.F.);
#4493=ORIENTED_EDGE('',*,*,#3139,.F.);
#4494=ORIENTED_EDGE('',*,*,#3151,.T.);
#4495=ORIENTED_EDGE('',*,*,#2772,.T.);
#4496=ORIENTED_EDGE('',*,*,#3145,.F.);
#4497=ORIENTED_EDGE('',*,*,#3152,.T.);
#4498=ORIENTED_EDGE('',*,*,#3153,.T.);
#4499=ORIENTED_EDGE('',*,*,#2508,.T.);
#4500=ORIENTED_EDGE('',*,*,#3137,.T.);
#4501=ORIENTED_EDGE('',*,*,#2510,.F.);
#4502=ORIENTED_EDGE('',*,*,#3154,.F.);
#4503=ORIENTED_EDGE('',*,*,#3141,.F.);
#4504=ORIENTED_EDGE('',*,*,#3155,.F.);
#4505=ORIENTED_EDGE('',*,*,#3156,.T.);
#4506=ORIENTED_EDGE('',*,*,#3152,.F.);
#4507=ORIENTED_EDGE('',*,*,#3146,.F.);
#4508=ORIENTED_EDGE('',*,*,#3142,.F.);
#4509=ORIENTED_EDGE('',*,*,#3157,.T.);
#4510=ORIENTED_EDGE('',*,*,#3150,.T.);
#4511=ORIENTED_EDGE('',*,*,#3158,.T.);
#4512=ORIENTED_EDGE('',*,*,#3144,.F.);
#4513=ORIENTED_EDGE('',*,*,#3140,.T.);
#4514=ORIENTED_EDGE('',*,*,#2678,.T.);
#4515=ORIENTED_EDGE('',*,*,#3159,.T.);
#4516=ORIENTED_EDGE('',*,*,#3143,.F.);
#4517=ORIENTED_EDGE('',*,*,#2894,.F.);
#4518=ORIENTED_EDGE('',*,*,#3160,.T.);
#4519=ORIENTED_EDGE('',*,*,#2887,.T.);
#4520=ORIENTED_EDGE('',*,*,#3086,.F.);
#4521=ORIENTED_EDGE('',*,*,#2882,.T.);
#4522=ORIENTED_EDGE('',*,*,#3085,.F.);
#4523=ORIENTED_EDGE('',*,*,#3082,.F.);
#4524=ORIENTED_EDGE('',*,*,#3129,.F.);
#4525=ORIENTED_EDGE('',*,*,#2779,.T.);
#4526=ORIENTED_EDGE('',*,*,#2888,.T.);
#4527=ORIENTED_EDGE('',*,*,#3160,.F.);
#4528=ORIENTED_EDGE('',*,*,#2898,.F.);
#4529=ORIENTED_EDGE('',*,*,#3149,.T.);
#4530=ORIENTED_EDGE('',*,*,#2511,.T.);
#4531=ORIENTED_EDGE('',*,*,#3155,.T.);
#4532=ORIENTED_EDGE('',*,*,#3158,.F.);
#4533=ORIENTED_EDGE('',*,*,#3154,.T.);
#4534=ORIENTED_EDGE('',*,*,#2509,.T.);
#4535=ORIENTED_EDGE('',*,*,#3153,.F.);
#4536=ORIENTED_EDGE('',*,*,#3156,.F.);
#4537=ORIENTED_EDGE('',*,*,#3157,.F.);
#4538=ORIENTED_EDGE('',*,*,#3159,.F.);
#4539=ORIENTED_EDGE('',*,*,#2684,.F.);
#4540=ORIENTED_EDGE('',*,*,#2905,.T.);
#4541=ORIENTED_EDGE('',*,*,#2904,.T.);
#4542=ORIENTED_EDGE('',*,*,#2736,.T.);
#4543=ORIENTED_EDGE('',*,*,#2836,.T.);
#4544=ORIENTED_EDGE('',*,*,#3161,.F.);
#4545=ORIENTED_EDGE('',*,*,#3162,.F.);
#4546=ORIENTED_EDGE('',*,*,#3163,.F.);
#4547=ORIENTED_EDGE('',*,*,#3164,.F.);
#4548=ORIENTED_EDGE('',*,*,#3165,.F.);
#4549=ORIENTED_EDGE('',*,*,#3166,.F.);
#4550=ORIENTED_EDGE('',*,*,#3167,.F.);
#4551=ORIENTED_EDGE('',*,*,#3168,.F.);
#4552=ORIENTED_EDGE('',*,*,#3169,.F.);
#4553=ORIENTED_EDGE('',*,*,#3170,.F.);
#4554=ORIENTED_EDGE('',*,*,#3171,.F.);
#4555=ORIENTED_EDGE('',*,*,#3172,.F.);
#4556=ORIENTED_EDGE('',*,*,#3166,.T.);
#4557=ORIENTED_EDGE('',*,*,#3173,.T.);
#4558=ORIENTED_EDGE('',*,*,#3174,.F.);
#4559=ORIENTED_EDGE('',*,*,#3175,.F.);
#4560=ORIENTED_EDGE('',*,*,#3161,.T.);
#4561=ORIENTED_EDGE('',*,*,#3176,.T.);
#4562=ORIENTED_EDGE('',*,*,#3177,.F.);
#4563=ORIENTED_EDGE('',*,*,#3178,.F.);
#4564=ORIENTED_EDGE('',*,*,#3167,.T.);
#4565=ORIENTED_EDGE('',*,*,#3175,.T.);
#4566=ORIENTED_EDGE('',*,*,#3179,.F.);
#4567=ORIENTED_EDGE('',*,*,#3180,.F.);
#4568=ORIENTED_EDGE('',*,*,#3168,.T.);
#4569=ORIENTED_EDGE('',*,*,#3180,.T.);
#4570=ORIENTED_EDGE('',*,*,#3181,.F.);
#4571=ORIENTED_EDGE('',*,*,#3182,.F.);
#4572=ORIENTED_EDGE('',*,*,#3169,.T.);
#4573=ORIENTED_EDGE('',*,*,#3182,.T.);
#4574=ORIENTED_EDGE('',*,*,#3183,.F.);
#4575=ORIENTED_EDGE('',*,*,#3184,.F.);
#4576=ORIENTED_EDGE('',*,*,#3170,.T.);
#4577=ORIENTED_EDGE('',*,*,#3184,.T.);
#4578=ORIENTED_EDGE('',*,*,#3185,.F.);
#4579=ORIENTED_EDGE('',*,*,#3186,.F.);
#4580=ORIENTED_EDGE('',*,*,#3171,.T.);
#4581=ORIENTED_EDGE('',*,*,#3186,.T.);
#4582=ORIENTED_EDGE('',*,*,#3187,.F.);
#4583=ORIENTED_EDGE('',*,*,#3188,.F.);
#4584=ORIENTED_EDGE('',*,*,#3172,.T.);
#4585=ORIENTED_EDGE('',*,*,#3188,.T.);
#4586=ORIENTED_EDGE('',*,*,#3189,.F.);
#4587=ORIENTED_EDGE('',*,*,#3176,.F.);
#4588=ORIENTED_EDGE('',*,*,#3165,.T.);
#4589=ORIENTED_EDGE('',*,*,#3190,.F.);
#4590=ORIENTED_EDGE('',*,*,#3191,.T.);
#4591=ORIENTED_EDGE('',*,*,#3192,.T.);
#4592=ORIENTED_EDGE('',*,*,#3164,.T.);
#4593=ORIENTED_EDGE('',*,*,#3193,.F.);
#4594=ORIENTED_EDGE('',*,*,#3194,.T.);
#4595=ORIENTED_EDGE('',*,*,#3190,.T.);
#4596=ORIENTED_EDGE('',*,*,#3163,.T.);
#4597=ORIENTED_EDGE('',*,*,#3195,.F.);
#4598=ORIENTED_EDGE('',*,*,#3196,.T.);
#4599=ORIENTED_EDGE('',*,*,#3193,.T.);
#4600=ORIENTED_EDGE('',*,*,#3197,.F.);
#4601=ORIENTED_EDGE('',*,*,#3198,.F.);
#4602=ORIENTED_EDGE('',*,*,#3199,.T.);
#4603=ORIENTED_EDGE('',*,*,#3200,.T.);
#4604=ORIENTED_EDGE('',*,*,#3201,.T.);
#4605=ORIENTED_EDGE('',*,*,#3202,.T.);
#4606=ORIENTED_EDGE('',*,*,#3203,.T.);
#4607=ORIENTED_EDGE('',*,*,#3197,.T.);
#4608=ORIENTED_EDGE('',*,*,#3204,.F.);
#4609=ORIENTED_EDGE('',*,*,#3205,.F.);
#4610=ORIENTED_EDGE('',*,*,#3204,.T.);
#4611=ORIENTED_EDGE('',*,*,#3200,.F.);
#4612=ORIENTED_EDGE('',*,*,#3206,.F.);
#4613=ORIENTED_EDGE('',*,*,#3207,.T.);
#4614=ORIENTED_EDGE('',*,*,#3208,.T.);
#4615=ORIENTED_EDGE('',*,*,#3177,.T.);
#4616=ORIENTED_EDGE('',*,*,#3189,.T.);
#4617=ORIENTED_EDGE('',*,*,#3187,.T.);
#4618=ORIENTED_EDGE('',*,*,#3185,.T.);
#4619=ORIENTED_EDGE('',*,*,#3183,.T.);
#4620=ORIENTED_EDGE('',*,*,#3181,.T.);
#4621=ORIENTED_EDGE('',*,*,#3179,.T.);
#4622=ORIENTED_EDGE('',*,*,#3174,.T.);
#4623=ORIENTED_EDGE('',*,*,#3209,.T.);
#4624=ORIENTED_EDGE('',*,*,#3203,.F.);
#4625=ORIENTED_EDGE('',*,*,#3210,.F.);
#4626=ORIENTED_EDGE('',*,*,#3211,.F.);
#4627=ORIENTED_EDGE('',*,*,#3198,.T.);
#4628=ORIENTED_EDGE('',*,*,#3210,.T.);
#4629=ORIENTED_EDGE('',*,*,#3202,.F.);
#4630=ORIENTED_EDGE('',*,*,#3212,.T.);
#4631=ORIENTED_EDGE('',*,*,#3213,.T.);
#4632=ORIENTED_EDGE('',*,*,#3191,.F.);
#4633=ORIENTED_EDGE('',*,*,#3194,.F.);
#4634=ORIENTED_EDGE('',*,*,#3196,.F.);
#4635=ORIENTED_EDGE('',*,*,#3214,.F.);
#4636=ORIENTED_EDGE('',*,*,#3215,.F.);
#4637=ORIENTED_EDGE('',*,*,#3216,.F.);
#4638=ORIENTED_EDGE('',*,*,#3212,.F.);
#4639=ORIENTED_EDGE('',*,*,#3201,.F.);
#4640=ORIENTED_EDGE('',*,*,#3217,.F.);
#4641=ORIENTED_EDGE('',*,*,#3215,.T.);
#4642=ORIENTED_EDGE('',*,*,#3218,.T.);
#4643=ORIENTED_EDGE('',*,*,#3207,.F.);
#4644=ORIENTED_EDGE('',*,*,#3219,.F.);
#4645=ORIENTED_EDGE('',*,*,#3178,.T.);
#4646=ORIENTED_EDGE('',*,*,#3208,.F.);
#4647=ORIENTED_EDGE('',*,*,#3218,.F.);
#4648=ORIENTED_EDGE('',*,*,#3214,.T.);
#4649=ORIENTED_EDGE('',*,*,#3195,.T.);
#4650=ORIENTED_EDGE('',*,*,#3162,.T.);
#4651=ORIENTED_EDGE('',*,*,#3216,.T.);
#4652=ORIENTED_EDGE('',*,*,#3219,.T.);
#4653=ORIENTED_EDGE('',*,*,#3206,.T.);
#4654=ORIENTED_EDGE('',*,*,#3199,.F.);
#4655=ORIENTED_EDGE('',*,*,#3211,.T.);
#4656=ORIENTED_EDGE('',*,*,#3213,.F.);
#4657=ORIENTED_EDGE('',*,*,#3217,.T.);
#4658=ORIENTED_EDGE('',*,*,#3205,.T.);
#4659=ORIENTED_EDGE('',*,*,#3209,.F.);
#4660=ORIENTED_EDGE('',*,*,#3173,.F.);
#4661=ORIENTED_EDGE('',*,*,#3192,.F.);
#4662=CONICAL_SURFACE('',#4970,4.16499999999981,0.785398958138171);
#4663=CONICAL_SURFACE('',#5049,4.28963541449195,0.0139626340159436);
#4664=CONICAL_SURFACE('',#5101,3.02792708289858,0.0139626340159946);
#4665=CONICAL_SURFACE('',#5104,3.3290546878266,0.0139626340159695);
#4666=CONICAL_SURFACE('',#5109,1.70708537483436,0.0104719755119681);
#4667=CONICAL_SURFACE('',#5110,1.70708537483378,0.0104719755119681);
#4668=CONICAL_SURFACE('',#5153,3.00000000000103,0.0139626340159946);
#4669=CONICAL_SURFACE('',#5156,2.9999999999999,0.0139626340159946);
#4670=CONICAL_SURFACE('',#5159,2.99999999999959,0.0139626340159946);
#4671=CONICAL_SURFACE('',#5162,1.70708537483491,0.0104719755119681);
#4672=CONICAL_SURFACE('',#5163,6.60083704849012,0.785398163374726);
#4673=CONICAL_SURFACE('',#5166,2.49999999999948,0.0104719755117587);
#4674=CONICAL_SURFACE('',#5168,2.49999999999794,0.0104719755117587);
#4675=CONICAL_SURFACE('',#5169,1.52381910419258,0.0104719755118454);
#4676=CONICAL_SURFACE('',#5171,1.52381910419215,0.0104719755118454);
#4677=CONICAL_SURFACE('',#5173,0.76570853748209,0.0104719755122635);
#4678=CONICAL_SURFACE('',#5185,2.49999999999825,0.0104719755117587);
#4679=CONICAL_SURFACE('',#5187,3.32905468782626,0.0139626340159695);
#4680=CONICAL_SURFACE('',#5190,3.0999999999658,0.785398163397448);
#4681=CONICAL_SURFACE('',#5194,1.74999999984993,0.785398163397448);
#4682=CONICAL_SURFACE('',#5317,3.32905468782684,0.0139626340159695);
#4683=CONICAL_SURFACE('',#5326,3.04188943328787,0.0104719755119782);
#4684=CONICAL_SURFACE('',#5328,0.49999999999939,0.0104719755120179);
#4685=CONICAL_SURFACE('',#5361,5.74999999992588,0.785398163358002);
#4686=CONICAL_SURFACE('',#5377,3.38477844821273,0.785398163352674);
#4687=ADVANCED_FACE('',(#399),#4662,.F.);
#4688=ADVANCED_FACE('',(#400,#213),#242,.F.);
#4689=ADVANCED_FACE('',(#401),#160,.F.);
#4690=ADVANCED_FACE('',(#402),#161,.F.);
#4691=ADVANCED_FACE('',(#403),#162,.F.);
#4692=ADVANCED_FACE('',(#404),#163,.F.);
#4693=ADVANCED_FACE('',(#405),#243,.F.);
#4694=ADVANCED_FACE('',(#406),#244,.F.);
#4695=ADVANCED_FACE('',(#407,#214),#245,.F.);
#4696=ADVANCED_FACE('',(#408),#246,.T.);
#4697=ADVANCED_FACE('',(#409),#164,.F.);
#4698=ADVANCED_FACE('',(#410),#247,.F.);
#4699=ADVANCED_FACE('',(#411),#165,.F.);
#4700=ADVANCED_FACE('',(#412),#248,.F.);
#4701=ADVANCED_FACE('',(#413),#249,.T.);
#4702=ADVANCED_FACE('',(#414),#250,.T.);
#4703=ADVANCED_FACE('',(#415),#251,.F.);
#4704=ADVANCED_FACE('',(#416),#252,.F.);
#4705=ADVANCED_FACE('',(#417,#215),#253,.F.);
#4706=ADVANCED_FACE('',(#418),#254,.T.);
#4707=ADVANCED_FACE('',(#419),#166,.F.);
#4708=ADVANCED_FACE('',(#420),#255,.F.);
#4709=ADVANCED_FACE('',(#421),#167,.F.);
#4710=ADVANCED_FACE('',(#422),#256,.F.);
#4711=ADVANCED_FACE('',(#423),#257,.T.);
#4712=ADVANCED_FACE('',(#424),#258,.T.);
#4713=ADVANCED_FACE('',(#425),#259,.F.);
#4714=ADVANCED_FACE('',(#426),#260,.F.);
#4715=ADVANCED_FACE('',(#427,#216),#261,.F.);
#4716=ADVANCED_FACE('',(#428),#262,.T.);
#4717=ADVANCED_FACE('',(#429),#168,.F.);
#4718=ADVANCED_FACE('',(#430),#263,.F.);
#4719=ADVANCED_FACE('',(#431),#169,.F.);
#4720=ADVANCED_FACE('',(#432),#264,.F.);
#4721=ADVANCED_FACE('',(#433),#265,.T.);
#4722=ADVANCED_FACE('',(#434),#266,.T.);
#4723=ADVANCED_FACE('',(#435),#4663,.F.);
#4724=ADVANCED_FACE('',(#436),#97,.T.);
#4725=ADVANCED_FACE('',(#437),#267,.T.);
#4726=ADVANCED_FACE('',(#438),#268,.F.);
#4727=ADVANCED_FACE('',(#439),#269,.F.);
#4728=ADVANCED_FACE('',(#440),#270,.F.);
#4729=ADVANCED_FACE('',(#441),#271,.F.);
#4730=ADVANCED_FACE('',(#442),#272,.F.);
#4731=ADVANCED_FACE('',(#443),#273,.F.);
#4732=ADVANCED_FACE('',(#444),#274,.F.);
#4733=ADVANCED_FACE('',(#445),#275,.F.);
#4734=ADVANCED_FACE('',(#446),#276,.F.);
#4735=ADVANCED_FACE('',(#447),#277,.F.);
#4736=ADVANCED_FACE('',(#448),#278,.F.);
#4737=ADVANCED_FACE('',(#449),#279,.F.);
#4738=ADVANCED_FACE('',(#450),#170,.T.);
#4739=ADVANCED_FACE('',(#451),#171,.F.);
#4740=ADVANCED_FACE('',(#452),#172,.F.);
#4741=ADVANCED_FACE('',(#453),#173,.T.);
#4742=ADVANCED_FACE('',(#454),#280,.T.);
#4743=ADVANCED_FACE('',(#455),#281,.T.);
#4744=ADVANCED_FACE('',(#456),#282,.T.);
#4745=ADVANCED_FACE('',(#457),#283,.T.);
#4746=ADVANCED_FACE('',(#458),#284,.T.);
#4747=ADVANCED_FACE('',(#459),#285,.T.);
#4748=ADVANCED_FACE('',(#460),#286,.F.);
#4749=ADVANCED_FACE('',(#461),#287,.T.);
#4750=ADVANCED_FACE('',(#462),#288,.F.);
#4751=ADVANCED_FACE('',(#463),#289,.T.);
#4752=ADVANCED_FACE('',(#464),#98,.T.);
#4753=ADVANCED_FACE('',(#465),#174,.F.);
#4754=ADVANCED_FACE('',(#466,#217,#218),#290,.T.);
#4755=ADVANCED_FACE('',(#467),#4664,.F.);
#4756=ADVANCED_FACE('',(#468),#4665,.T.);
#4757=ADVANCED_FACE('',(#469),#291,.F.);
#4758=ADVANCED_FACE('',(#470),#292,.T.);
#4759=ADVANCED_FACE('',(#471,#219),#293,.T.);
#4760=ADVANCED_FACE('',(#472),#4666,.F.);
#4761=ADVANCED_FACE('',(#473),#4667,.F.);
#4762=ADVANCED_FACE('',(#474),#294,.T.);
#4763=ADVANCED_FACE('',(#475),#295,.F.);
#4764=ADVANCED_FACE('',(#476,#220),#296,.T.);
#4765=ADVANCED_FACE('',(#477,#221,#222,#223,#224,#225),#297,.F.);
#4766=ADVANCED_FACE('',(#478),#43,.T.);
#4767=ADVANCED_FACE('',(#479),#175,.F.);
#4768=ADVANCED_FACE('',(#480),#298,.F.);
#4769=ADVANCED_FACE('',(#481),#44,.T.);
#4770=ADVANCED_FACE('',(#482),#45,.T.);
#4771=ADVANCED_FACE('',(#483),#46,.T.);
#4772=ADVANCED_FACE('',(#484),#4668,.F.);
#4773=ADVANCED_FACE('',(#485),#4669,.F.);
#4774=ADVANCED_FACE('',(#486),#4670,.F.);
#4775=ADVANCED_FACE('',(#487),#4671,.F.);
#4776=ADVANCED_FACE('',(#488),#4672,.T.);
#4777=ADVANCED_FACE('',(#489),#4673,.T.);
#4778=ADVANCED_FACE('',(#490),#4674,.T.);
#4779=ADVANCED_FACE('',(#491),#4675,.F.);
#4780=ADVANCED_FACE('',(#492),#4676,.F.);
#4781=ADVANCED_FACE('',(#493),#4677,.F.);
#4782=ADVANCED_FACE('',(#494),#176,.T.);
#4783=ADVANCED_FACE('',(#495),#177,.F.);
#4784=ADVANCED_FACE('',(#496),#178,.F.);
#4785=ADVANCED_FACE('',(#497),#179,.F.);
#4786=ADVANCED_FACE('',(#498),#4678,.T.);
#4787=ADVANCED_FACE('',(#499),#4679,.T.);
#4788=ADVANCED_FACE('',(#500),#4680,.F.);
#4789=ADVANCED_FACE('',(#501),#4681,.F.);
#4790=ADVANCED_FACE('',(#502),#180,.F.);
#4791=ADVANCED_FACE('',(#503),#17,.T.);
#4792=ADVANCED_FACE('',(#504),#18,.T.);
#4793=ADVANCED_FACE('',(#505),#181,.T.);
#4794=ADVANCED_FACE('',(#506),#19,.T.);
#4795=ADVANCED_FACE('',(#507),#20,.T.);
#4796=ADVANCED_FACE('',(#508),#182,.T.);
#4797=ADVANCED_FACE('',(#509),#21,.T.);
#4798=ADVANCED_FACE('',(#510),#22,.T.);
#4799=ADVANCED_FACE('',(#511),#183,.T.);
#4800=ADVANCED_FACE('',(#512),#23,.T.);
#4801=ADVANCED_FACE('',(#513),#184,.T.);
#4802=ADVANCED_FACE('',(#514),#24,.T.);
#4803=ADVANCED_FACE('',(#515),#185,.T.);
#4804=ADVANCED_FACE('',(#516),#25,.T.);
#4805=ADVANCED_FACE('',(#517),#186,.T.);
#4806=ADVANCED_FACE('',(#518),#26,.T.);
#4807=ADVANCED_FACE('',(#519),#27,.T.);
#4808=ADVANCED_FACE('',(#520),#187,.T.);
#4809=ADVANCED_FACE('',(#521),#28,.T.);
#4810=ADVANCED_FACE('',(#522),#29,.T.);
#4811=ADVANCED_FACE('',(#523),#188,.T.);
#4812=ADVANCED_FACE('',(#524),#30,.T.);
#4813=ADVANCED_FACE('',(#525),#31,.T.);
#4814=ADVANCED_FACE('',(#526),#189,.T.);
#4815=ADVANCED_FACE('',(#527),#299,.T.);
#4816=ADVANCED_FACE('',(#528),#300,.T.);
#4817=ADVANCED_FACE('',(#529),#301,.T.);
#4818=ADVANCED_FACE('',(#530,#226,#227,#228,#229),#302,.T.);
#4819=ADVANCED_FACE('',(#531),#303,.T.);
#4820=ADVANCED_FACE('',(#532),#304,.T.);
#4821=ADVANCED_FACE('',(#533),#305,.T.);
#4822=ADVANCED_FACE('',(#534),#306,.T.);
#4823=ADVANCED_FACE('',(#535),#190,.T.);
#4824=ADVANCED_FACE('',(#536),#307,.T.);
#4825=ADVANCED_FACE('',(#537,#230),#308,.T.);
#4826=ADVANCED_FACE('',(#538),#309,.T.);
#4827=ADVANCED_FACE('',(#539),#310,.F.);
#4828=ADVANCED_FACE('',(#540),#311,.F.);
#4829=ADVANCED_FACE('',(#541,#231),#312,.F.);
#4830=ADVANCED_FACE('',(#542),#313,.F.);
#4831=ADVANCED_FACE('',(#543),#191,.F.);
#4832=ADVANCED_FACE('',(#544),#314,.F.);
#4833=ADVANCED_FACE('',(#545),#192,.T.);
#4834=ADVANCED_FACE('',(#546),#193,.T.);
#4835=ADVANCED_FACE('',(#547),#194,.T.);
#4836=ADVANCED_FACE('',(#548),#195,.F.);
#4837=ADVANCED_FACE('',(#549),#315,.F.);
#4838=ADVANCED_FACE('',(#550),#316,.T.);
#4839=ADVANCED_FACE('',(#551),#317,.T.);
#4840=ADVANCED_FACE('',(#552,#232,#233),#318,.F.);
#4841=ADVANCED_FACE('',(#553),#319,.T.);
#4842=ADVANCED_FACE('',(#554),#320,.T.);
#4843=ADVANCED_FACE('',(#555),#196,.T.);
#4844=ADVANCED_FACE('',(#556),#321,.T.);
#4845=ADVANCED_FACE('',(#557),#322,.T.);
#4846=ADVANCED_FACE('',(#558),#323,.T.);
#4847=ADVANCED_FACE('',(#559),#324,.T.);
#4848=ADVANCED_FACE('',(#560),#197,.T.);
#4849=ADVANCED_FACE('',(#561),#198,.F.);
#4850=ADVANCED_FACE('',(#562),#199,.T.);
#4851=ADVANCED_FACE('',(#563,#234),#325,.T.);
#4852=ADVANCED_FACE('',(#564,#235),#326,.T.);
#4853=ADVANCED_FACE('',(#565,#236),#327,.T.);
#4854=ADVANCED_FACE('',(#566),#200,.F.);
#4855=ADVANCED_FACE('',(#567),#328,.F.);
#4856=ADVANCED_FACE('',(#568),#329,.T.);
#4857=ADVANCED_FACE('',(#569),#330,.T.);
#4858=ADVANCED_FACE('',(#570),#331,.F.);
#4859=ADVANCED_FACE('',(#571),#332,.T.);
#4860=ADVANCED_FACE('',(#572),#333,.T.);
#4861=ADVANCED_FACE('',(#573),#334,.T.);
#4862=ADVANCED_FACE('',(#574),#335,.T.);
#4863=ADVANCED_FACE('',(#575),#336,.T.);
#4864=ADVANCED_FACE('',(#576),#337,.T.);
#4865=ADVANCED_FACE('',(#577),#4682,.T.);
#4866=ADVANCED_FACE('',(#578),#338,.T.);
#4867=ADVANCED_FACE('',(#579),#339,.T.);
#4868=ADVANCED_FACE('',(#580),#340,.T.);
#4869=ADVANCED_FACE('',(#581),#341,.T.);
#4870=ADVANCED_FACE('',(#582),#342,.T.);
#4871=ADVANCED_FACE('',(#583),#343,.T.);
#4872=ADVANCED_FACE('',(#584),#344,.T.);
#4873=ADVANCED_FACE('',(#585),#4683,.T.);
#4874=ADVANCED_FACE('',(#586),#345,.T.);
#4875=ADVANCED_FACE('',(#587),#4684,.T.);
#4876=ADVANCED_FACE('',(#588),#201,.F.);
#4877=ADVANCED_FACE('',(#589),#202,.T.);
#4878=ADVANCED_FACE('',(#590,#237),#346,.T.);
#4879=ADVANCED_FACE('',(#591),#203,.T.);
#4880=ADVANCED_FACE('',(#592,#238),#347,.T.);
#4881=ADVANCED_FACE('',(#593),#348,.T.);
#4882=ADVANCED_FACE('',(#594),#349,.T.);
#4883=ADVANCED_FACE('',(#595),#350,.F.);
#4884=ADVANCED_FACE('',(#596),#351,.T.);
#4885=ADVANCED_FACE('',(#597),#204,.T.);
#4886=ADVANCED_FACE('',(#598),#352,.T.);
#4887=ADVANCED_FACE('',(#599),#353,.T.);
#4888=ADVANCED_FACE('',(#600),#354,.T.);
#4889=ADVANCED_FACE('',(#601),#355,.F.);
#4890=ADVANCED_FACE('',(#602),#356,.F.);
#4891=ADVANCED_FACE('',(#603),#205,.T.);
#4892=ADVANCED_FACE('',(#604),#357,.F.);
#4893=ADVANCED_FACE('',(#605),#358,.F.);
#4894=ADVANCED_FACE('',(#606),#359,.T.);
#4895=ADVANCED_FACE('',(#607),#360,.T.);
#4896=ADVANCED_FACE('',(#608),#361,.T.);
#4897=ADVANCED_FACE('',(#609),#362,.T.);
#4898=ADVANCED_FACE('',(#610),#363,.T.);
#4899=ADVANCED_FACE('',(#611),#32,.T.);
#4900=ADVANCED_FACE('',(#612),#33,.T.);
#4901=ADVANCED_FACE('',(#613),#34,.T.);
#4902=ADVANCED_FACE('',(#614),#35,.T.);
#4903=ADVANCED_FACE('',(#615),#364,.F.);
#4904=ADVANCED_FACE('',(#616),#36,.T.);
#4905=ADVANCED_FACE('',(#617),#365,.T.);
#4906=ADVANCED_FACE('',(#618),#366,.F.);
#4907=ADVANCED_FACE('',(#619),#367,.F.);
#4908=ADVANCED_FACE('',(#620),#4685,.T.);
#4909=ADVANCED_FACE('',(#621),#37,.T.);
#4910=ADVANCED_FACE('',(#622),#206,.T.);
#4911=ADVANCED_FACE('',(#623),#368,.T.);
#4912=ADVANCED_FACE('',(#624),#369,.T.);
#4913=ADVANCED_FACE('',(#625),#207,.T.);
#4914=ADVANCED_FACE('',(#626),#208,.F.);
#4915=ADVANCED_FACE('',(#627),#209,.T.);
#4916=ADVANCED_FACE('',(#628),#370,.T.);
#4917=ADVANCED_FACE('',(#629,#239),#371,.T.);
#4918=ADVANCED_FACE('',(#630,#240),#372,.F.);
#4919=ADVANCED_FACE('',(#631),#373,.F.);
#4920=ADVANCED_FACE('',(#632),#374,.T.);
#4921=ADVANCED_FACE('',(#633),#375,.F.);
#4922=ADVANCED_FACE('',(#634),#4686,.T.);
#4923=ADVANCED_FACE('',(#635),#38,.T.);
#4924=ADVANCED_FACE('',(#636),#39,.T.);
#4925=ADVANCED_FACE('',(#637),#376,.T.);
#4926=ADVANCED_FACE('',(#638),#377,.T.);
#4927=ADVANCED_FACE('',(#639),#40,.T.);
#4928=ADVANCED_FACE('',(#640),#378,.T.);
#4929=ADVANCED_FACE('',(#641),#41,.T.);
#4930=ADVANCED_FACE('',(#642,#241),#379,.T.);
#4931=ADVANCED_FACE('',(#643),#380,.T.);
#4932=ADVANCED_FACE('',(#644),#381,.T.);
#4933=ADVANCED_FACE('',(#645),#382,.F.);
#4934=ADVANCED_FACE('',(#646),#383,.T.);
#4935=ADVANCED_FACE('',(#647),#384,.T.);
#4936=ADVANCED_FACE('',(#648),#210,.T.);
#4937=ADVANCED_FACE('',(#649),#385,.T.);
#4938=ADVANCED_FACE('',(#650),#42,.F.);
#4939=ADVANCED_FACE('',(#651),#386,.T.);
#4940=ADVANCED_FACE('',(#652),#387,.T.);
#4941=ADVANCED_FACE('',(#653),#99,.T.);
#4942=ADVANCED_FACE('',(#654),#388,.T.);
#4943=ADVANCED_FACE('',(#655),#211,.F.);
#4944=ADVANCED_FACE('',(#656),#389,.T.);
#4945=ADVANCED_FACE('',(#657),#390,.T.);
#4946=ADVANCED_FACE('',(#658),#391,.T.);
#4947=ADVANCED_FACE('',(#659),#392,.T.);
#4948=ADVANCED_FACE('',(#660),#393,.F.);
#4949=ADVANCED_FACE('',(#661),#394,.T.);
#4950=ADVANCED_FACE('',(#662),#395,.F.);
#4951=ADVANCED_FACE('',(#663),#396,.T.);
#4952=ADVANCED_FACE('',(#664),#397,.T.);
#4953=ADVANCED_FACE('',(#665),#398,.T.);
#4954=ADVANCED_FACE('',(#666),#212,.T.);
#4955=CLOSED_SHELL('',(#4687,#4688,#4689,#4690,#4691,#4692,#4693,#4694,
#4695,#4696,#4697,#4698,#4699,#4700,#4701,#4702,#4703,#4704,#4705,#4706,
#4707,#4708,#4709,#4710,#4711,#4712,#4713,#4714,#4715,#4716,#4717,#4718,
#4719,#4720,#4721,#4722,#4723,#4724,#4725,#4726,#4727,#4728,#4729,#4730,
#4731,#4732,#4733,#4734,#4735,#4736,#4737,#4738,#4739,#4740,#4741,#4742,
#4743,#4744,#4745,#4746,#4747,#4748,#4749,#4750,#4751,#4752,#4753,#4754,
#4755,#4756,#4757,#4758,#4759,#4760,#4761,#4762,#4763,#4764,#4765,#4766,
#4767,#4768,#4769,#4770,#4771,#4772,#4773,#4774,#4775,#4776,#4777,#4778,
#4779,#4780,#4781,#4782,#4783,#4784,#4785,#4786,#4787,#4788,#4789,#4790,
#4791,#4792,#4793,#4794,#4795,#4796,#4797,#4798,#4799,#4800,#4801,#4802,
#4803,#4804,#4805,#4806,#4807,#4808,#4809,#4810,#4811,#4812,#4813,#4814,
#4815,#4816,#4817,#4818,#4819,#4820,#4821,#4822,#4823,#4824,#4825,#4826,
#4827,#4828,#4829,#4830,#4831,#4832,#4833,#4834,#4835,#4836,#4837,#4838,
#4839,#4840,#4841,#4842,#4843,#4844,#4845,#4846,#4847,#4848,#4849,#4850,
#4851,#4852,#4853,#4854,#4855,#4856,#4857,#4858,#4859,#4860,#4861,#4862,
#4863,#4864,#4865,#4866,#4867,#4868,#4869,#4870,#4871,#4872,#4873,#4874,
#4875,#4876,#4877,#4878,#4879,#4880,#4881,#4882,#4883,#4884,#4885,#4886,
#4887,#4888,#4889,#4890,#4891,#4892,#4893,#4894,#4895,#4896,#4897,#4898,
#4899,#4900,#4901,#4902,#4903,#4904,#4905,#4906,#4907,#4908,#4909,#4910,
#4911,#4912,#4913,#4914,#4915,#4916,#4917,#4918,#4919,#4920,#4921,#4922,
#4923,#4924,#4925,#4926,#4927,#4928,#4929,#4930,#4931,#4932));
#4956=CLOSED_SHELL('',(#4933,#4934,#4935,#4936,#4937,#4938,#4939,#4940,
#4941,#4942,#4943,#4944,#4945,#4946,#4947,#4948,#4949,#4950,#4951,#4952,
#4953,#4954));
#4957=DERIVED_UNIT_ELEMENT(#4959,1.);
#4958=DERIVED_UNIT_ELEMENT(#11113,-3.);
#4959=(
MASS_UNIT()
NAMED_UNIT(*)
SI_UNIT(.KILO.,.GRAM.)
);
#4960=DERIVED_UNIT((#4957,#4958));
#4961=MEASURE_REPRESENTATION_ITEM('density measure',
POSITIVE_RATIO_MEASURE(1060.),#4960);
#4962=PROPERTY_DEFINITION_REPRESENTATION(#4967,#4964);
#4963=PROPERTY_DEFINITION_REPRESENTATION(#4968,#4965);
#4964=REPRESENTATION('material name',(#4966),#11110);
#4965=REPRESENTATION('density',(#4961),#11110);
#4966=DESCRIPTIVE_REPRESENTATION_ITEM('ABS Plastic','ABS Plastic');
#4967=PROPERTY_DEFINITION('material property','material name',#11120);
#4968=PROPERTY_DEFINITION('material property','density of part',#11120);
#4969=AXIS2_PLACEMENT_3D('',#6756,#5412,#5413);
#4970=AXIS2_PLACEMENT_3D('',#6757,#5414,#5415);
#4971=AXIS2_PLACEMENT_3D('',#6760,#5416,#5417);
#4972=AXIS2_PLACEMENT_3D('',#6761,#5418,#5419);
#4973=AXIS2_PLACEMENT_3D('',#6764,#5421,#5422);
#4974=AXIS2_PLACEMENT_3D('',#6765,#5423,#5424);
#4975=AXIS2_PLACEMENT_3D('',#6770,#5426,#5427);
#4976=AXIS2_PLACEMENT_3D('',#6784,#5434,#5435);
#4977=AXIS2_PLACEMENT_3D('',#6786,#5436,#5437);
#4978=AXIS2_PLACEMENT_3D('',#6788,#5438,#5439);
#4979=AXIS2_PLACEMENT_3D('',#6790,#5440,#5441);
#4980=AXIS2_PLACEMENT_3D('',#6794,#5443,#5444);
#4981=AXIS2_PLACEMENT_3D('',#6796,#5445,#5446);
#4982=AXIS2_PLACEMENT_3D('',#6798,#5447,#5448);
#4983=AXIS2_PLACEMENT_3D('',#6800,#5449,#5450);
#4984=AXIS2_PLACEMENT_3D('',#6804,#5453,#5454);
#4985=AXIS2_PLACEMENT_3D('',#6807,#5456,#5457);
#4986=AXIS2_PLACEMENT_3D('',#6808,#5458,#5459);
#4987=AXIS2_PLACEMENT_3D('',#6811,#5460,#5461);
#4988=AXIS2_PLACEMENT_3D('',#6814,#5463,#5464);
#4989=AXIS2_PLACEMENT_3D('',#6815,#5465,#5466);
#4990=AXIS2_PLACEMENT_3D('',#6816,#5467,#5468);
#4991=AXIS2_PLACEMENT_3D('',#6819,#5469,#5470);
#4992=AXIS2_PLACEMENT_3D('',#6822,#5472,#5473);
#4993=AXIS2_PLACEMENT_3D('',#6823,#5474,#5475);
#4994=AXIS2_PLACEMENT_3D('',#6824,#5476,#5477);
#4995=AXIS2_PLACEMENT_3D('',#6827,#5478,#5479);
#4996=AXIS2_PLACEMENT_3D('',#6830,#5481,#5482);
#4997=AXIS2_PLACEMENT_3D('',#6831,#5483,#5484);
#4998=AXIS2_PLACEMENT_3D('',#6832,#5485,#5486);
#4999=AXIS2_PLACEMENT_3D('',#6841,#5491,#5492);
#5000=AXIS2_PLACEMENT_3D('',#6850,#5497,#5498);
#5001=AXIS2_PLACEMENT_3D('',#6854,#5501,#5502);
#5002=AXIS2_PLACEMENT_3D('',#6855,#5503,#5504);
#5003=AXIS2_PLACEMENT_3D('',#6859,#5506,#5507);
#5004=AXIS2_PLACEMENT_3D('',#6861,#5509,#5510);
#5005=AXIS2_PLACEMENT_3D('',#6864,#5511,#5512);
#5006=AXIS2_PLACEMENT_3D('',#6868,#5514,#5515);
#5007=AXIS2_PLACEMENT_3D('',#6870,#5517,#5518);
#5008=AXIS2_PLACEMENT_3D('',#6875,#5522,#5523);
#5009=AXIS2_PLACEMENT_3D('',#6877,#5524,#5525);
#5010=AXIS2_PLACEMENT_3D('',#6879,#5526,#5527);
#5011=AXIS2_PLACEMENT_3D('',#6881,#5529,#5530);
#5012=AXIS2_PLACEMENT_3D('',#6884,#5533,#5534);
#5013=AXIS2_PLACEMENT_3D('',#6885,#5535,#5536);
#5014=AXIS2_PLACEMENT_3D('',#6886,#5537,#5538);
#5015=AXIS2_PLACEMENT_3D('',#6887,#5539,#5540);
#5016=AXIS2_PLACEMENT_3D('',#6896,#5545,#5546);
#5017=AXIS2_PLACEMENT_3D('',#6905,#5551,#5552);
#5018=AXIS2_PLACEMENT_3D('',#6909,#5555,#5556);
#5019=AXIS2_PLACEMENT_3D('',#6910,#5557,#5558);
#5020=AXIS2_PLACEMENT_3D('',#6914,#5560,#5561);
#5021=AXIS2_PLACEMENT_3D('',#6916,#5563,#5564);
#5022=AXIS2_PLACEMENT_3D('',#6919,#5565,#5566);
#5023=AXIS2_PLACEMENT_3D('',#6923,#5568,#5569);
#5024=AXIS2_PLACEMENT_3D('',#6925,#5571,#5572);
#5025=AXIS2_PLACEMENT_3D('',#6930,#5576,#5577);
#5026=AXIS2_PLACEMENT_3D('',#6932,#5578,#5579);
#5027=AXIS2_PLACEMENT_3D('',#6934,#5580,#5581);
#5028=AXIS2_PLACEMENT_3D('',#6936,#5583,#5584);
#5029=AXIS2_PLACEMENT_3D('',#6939,#5587,#5588);
#5030=AXIS2_PLACEMENT_3D('',#6940,#5589,#5590);
#5031=AXIS2_PLACEMENT_3D('',#6941,#5591,#5592);
#5032=AXIS2_PLACEMENT_3D('',#6942,#5593,#5594);
#5033=AXIS2_PLACEMENT_3D('',#6951,#5599,#5600);
#5034=AXIS2_PLACEMENT_3D('',#6960,#5605,#5606);
#5035=AXIS2_PLACEMENT_3D('',#6964,#5609,#5610);
#5036=AXIS2_PLACEMENT_3D('',#6965,#5611,#5612);
#5037=AXIS2_PLACEMENT_3D('',#6969,#5614,#5615);
#5038=AXIS2_PLACEMENT_3D('',#6971,#5617,#5618);
#5039=AXIS2_PLACEMENT_3D('',#6974,#5619,#5620);
#5040=AXIS2_PLACEMENT_3D('',#6978,#5622,#5623);
#5041=AXIS2_PLACEMENT_3D('',#6980,#5625,#5626);
#5042=AXIS2_PLACEMENT_3D('',#6985,#5630,#5631);
#5043=AXIS2_PLACEMENT_3D('',#6987,#5632,#5633);
#5044=AXIS2_PLACEMENT_3D('',#6989,#5634,#5635);
#5045=AXIS2_PLACEMENT_3D('',#6991,#5637,#5638);
#5046=AXIS2_PLACEMENT_3D('',#6994,#5641,#5642);
#5047=AXIS2_PLACEMENT_3D('',#6995,#5643,#5644);
#5048=AXIS2_PLACEMENT_3D('',#6996,#5645,#5646);
#5049=AXIS2_PLACEMENT_3D('',#6997,#5647,#5648);
#5050=AXIS2_PLACEMENT_3D('',#7000,#5649,#5650);
#5051=AXIS2_PLACEMENT_3D('',#7007,#5651,#5652);
#5052=AXIS2_PLACEMENT_3D('',#7131,#5653,#5654);
#5053=AXIS2_PLACEMENT_3D('',#7137,#5658,#5659);
#5054=AXIS2_PLACEMENT_3D('',#7146,#5661,#5662);
#5055=AXIS2_PLACEMENT_3D('',#7148,#5663,#5664);
#5056=AXIS2_PLACEMENT_3D('',#7150,#5666,#5667);
#5057=AXIS2_PLACEMENT_3D('',#7157,#5670,#5671);
#5058=AXIS2_PLACEMENT_3D('',#7159,#5672,#5673);
#5059=AXIS2_PLACEMENT_3D('',#7161,#5675,#5676);
#5060=AXIS2_PLACEMENT_3D('',#7173,#5679,#5680);
#5061=AXIS2_PLACEMENT_3D('',#7179,#5684,#5685);
#5062=AXIS2_PLACEMENT_3D('',#7185,#5686,#5687);
#5063=AXIS2_PLACEMENT_3D('',#7187,#5688,#5689);
#5064=AXIS2_PLACEMENT_3D('',#7189,#5691,#5692);
#5065=AXIS2_PLACEMENT_3D('',#7195,#5695,#5696);
#5066=AXIS2_PLACEMENT_3D('',#7196,#5697,#5698);
#5067=AXIS2_PLACEMENT_3D('',#7197,#5699,#5700);
#5068=AXIS2_PLACEMENT_3D('',#7205,#5702,#5703);
#5069=AXIS2_PLACEMENT_3D('',#7206,#5704,#5705);
#5070=AXIS2_PLACEMENT_3D('',#7207,#5706,#5707);
#5071=AXIS2_PLACEMENT_3D('',#7215,#5710,#5711);
#5072=AXIS2_PLACEMENT_3D('',#7220,#5712,#5713);
#5073=AXIS2_PLACEMENT_3D('',#7221,#5714,#5715);
#5074=AXIS2_PLACEMENT_3D('',#7222,#5716,#5717);
#5075=AXIS2_PLACEMENT_3D('',#7226,#5719,#5720);
#5076=AXIS2_PLACEMENT_3D('',#7228,#5721,#5722);
#5077=AXIS2_PLACEMENT_3D('',#7230,#5724,#5725);
#5078=AXIS2_PLACEMENT_3D('',#7234,#5727,#5728);
#5079=AXIS2_PLACEMENT_3D('',#7236,#5729,#5730);
#5080=AXIS2_PLACEMENT_3D('',#7238,#5732,#5733);
#5081=AXIS2_PLACEMENT_3D('',#7241,#5736,#5737);
#5082=AXIS2_PLACEMENT_3D('',#7244,#5740,#5741);
#5083=AXIS2_PLACEMENT_3D('',#7272,#5743,#5744);
#5084=AXIS2_PLACEMENT_3D('',#7297,#5746,#5747);
#5085=AXIS2_PLACEMENT_3D('',#7299,#5748,#5749);
#5086=AXIS2_PLACEMENT_3D('',#7302,#5752,#5753);
#5087=AXIS2_PLACEMENT_3D('',#7305,#5755,#5756);
#5088=AXIS2_PLACEMENT_3D('',#7306,#5757,#5758);
#5089=AXIS2_PLACEMENT_3D('',#7319,#5765,#5766);
#5090=AXIS2_PLACEMENT_3D('',#7329,#5772,#5773);
#5091=AXIS2_PLACEMENT_3D('',#7337,#5778,#5779);
#5092=AXIS2_PLACEMENT_3D('',#7345,#5784,#5785);
#5093=AXIS2_PLACEMENT_3D('',#7352,#5790,#5791);
#5094=AXIS2_PLACEMENT_3D('',#7358,#5795,#5796);
#5095=AXIS2_PLACEMENT_3D('',#7364,#5800,#5801);
#5096=AXIS2_PLACEMENT_3D('',#7368,#5804,#5805);
#5097=AXIS2_PLACEMENT_3D('',#7372,#5808,#5809);
#5098=AXIS2_PLACEMENT_3D('',#7437,#5812,#5813);
#5099=AXIS2_PLACEMENT_3D('',#7439,#5814,#5815);
#5100=AXIS2_PLACEMENT_3D('',#7441,#5817,#5818);
#5101=AXIS2_PLACEMENT_3D('',#7466,#5831,#5832);
#5102=AXIS2_PLACEMENT_3D('',#7468,#5833,#5834);
#5103=AXIS2_PLACEMENT_3D('',#7471,#5836,#5837);
#5104=AXIS2_PLACEMENT_3D('',#7472,#5838,#5839);
#5105=AXIS2_PLACEMENT_3D('',#7479,#5840,#5841);
#5106=AXIS2_PLACEMENT_3D('',#7484,#5842,#5843);
#5107=AXIS2_PLACEMENT_3D('',#7490,#5847,#5848);
#5108=AXIS2_PLACEMENT_3D('',#7502,#5855,#5856);
#5109=AXIS2_PLACEMENT_3D('',#7503,#5857,#5858);
#5110=AXIS2_PLACEMENT_3D('',#7505,#5860,#5861);
#5111=AXIS2_PLACEMENT_3D('',#7507,#5863,#5864);
#5112=AXIS2_PLACEMENT_3D('',#7514,#5868,#5869);
#5113=AXIS2_PLACEMENT_3D('',#7515,#5870,#5871);
#5114=AXIS2_PLACEMENT_3D('',#7529,#5880,#5881);
#5115=AXIS2_PLACEMENT_3D('',#7542,#5883,#5884);
#5116=AXIS2_PLACEMENT_3D('',#7570,#5894,#5895);
#5117=AXIS2_PLACEMENT_3D('',#7574,#5897,#5898);
#5118=AXIS2_PLACEMENT_3D('',#7576,#5899,#5900);
#5119=AXIS2_PLACEMENT_3D('',#7584,#5904,#5905);
#5120=AXIS2_PLACEMENT_3D('',#7592,#5909,#5910);
#5121=AXIS2_PLACEMENT_3D('',#7601,#5915,#5916);
#5122=AXIS2_PLACEMENT_3D('',#7602,#5917,#5918);
#5123=AXIS2_PLACEMENT_3D('',#7606,#5920,#5921);
#5124=AXIS2_PLACEMENT_3D('',#7614,#5925,#5926);
#5125=AXIS2_PLACEMENT_3D('',#7638,#5938,#5939);
#5126=AXIS2_PLACEMENT_3D('',#7642,#5941,#5942);
#5127=AXIS2_PLACEMENT_3D('',#7646,#5944,#5945);
#5128=AXIS2_PLACEMENT_3D('',#7649,#5947,#5948);
#5129=AXIS2_PLACEMENT_3D('',#7655,#5951,#5952);
#5130=AXIS2_PLACEMENT_3D('',#7659,#5954,#5955);
#5131=AXIS2_PLACEMENT_3D('',#7666,#5959,#5960);
#5132=AXIS2_PLACEMENT_3D('',#7673,#5964,#5965);
#5133=AXIS2_PLACEMENT_3D('',#7675,#5966,#5967);
#5134=AXIS2_PLACEMENT_3D('',#7677,#5968,#5969);
#5135=AXIS2_PLACEMENT_3D('',#7678,#5970,#5971);
#5136=AXIS2_PLACEMENT_3D('',#7680,#5972,#5973);
#5137=AXIS2_PLACEMENT_3D('',#7681,#5974,#5975);
#5138=AXIS2_PLACEMENT_3D('',#7682,#5976,#5977);
#5139=AXIS2_PLACEMENT_3D('',#7684,#5978,#5979);
#5140=AXIS2_PLACEMENT_3D('',#7686,#5981,#5982);
#5141=AXIS2_PLACEMENT_3D('',#7692,#5986,#5987);
#5142=AXIS2_PLACEMENT_3D('',#7841,#5988,#5989);
#5143=AXIS2_PLACEMENT_3D('',#7843,#5990,#5991);
#5144=AXIS2_PLACEMENT_3D('',#7844,#5992,#5993);
#5145=AXIS2_PLACEMENT_3D('',#7990,#5994,#5995);
#5146=AXIS2_PLACEMENT_3D('',#8139,#5996,#5997);
#5147=AXIS2_PLACEMENT_3D('',#8141,#5998,#5999);
#5148=AXIS2_PLACEMENT_3D('',#8142,#6000,#6001);
#5149=AXIS2_PLACEMENT_3D('',#8288,#6002,#6003);
#5150=AXIS2_PLACEMENT_3D('',#8437,#6004,#6005);
#5151=AXIS2_PLACEMENT_3D('',#8439,#6006,#6007);
#5152=AXIS2_PLACEMENT_3D('',#8440,#6008,#6009);
#5153=AXIS2_PLACEMENT_3D('',#8586,#6010,#6011);
#5154=AXIS2_PLACEMENT_3D('',#8587,#6012,#6013);
#5155=AXIS2_PLACEMENT_3D('',#8590,#6015,#6016);
#5156=AXIS2_PLACEMENT_3D('',#8591,#6017,#6018);
#5157=AXIS2_PLACEMENT_3D('',#8592,#6019,#6020);
#5158=AXIS2_PLACEMENT_3D('',#8595,#6022,#6023);
#5159=AXIS2_PLACEMENT_3D('',#8596,#6024,#6025);
#5160=AXIS2_PLACEMENT_3D('',#8597,#6026,#6027);
#5161=AXIS2_PLACEMENT_3D('',#8600,#6029,#6030);
#5162=AXIS2_PLACEMENT_3D('',#8601,#6031,#6032);
#5163=AXIS2_PLACEMENT_3D('',#8603,#6034,#6035);
#5164=AXIS2_PLACEMENT_3D('',#8605,#6036,#6037);
#5165=AXIS2_PLACEMENT_3D('',#8608,#6039,#6040);
#5166=AXIS2_PLACEMENT_3D('',#8609,#6041,#6042);
#5167=AXIS2_PLACEMENT_3D('',#8611,#6043,#6044);
#5168=AXIS2_PLACEMENT_3D('',#8613,#6046,#6047);
#5169=AXIS2_PLACEMENT_3D('',#8615,#6049,#6050);
#5170=AXIS2_PLACEMENT_3D('',#8618,#6052,#6053);
#5171=AXIS2_PLACEMENT_3D('',#8619,#6054,#6055);
#5172=AXIS2_PLACEMENT_3D('',#8622,#6057,#6058);
#5173=AXIS2_PLACEMENT_3D('',#8623,#6059,#6060);
#5174=AXIS2_PLACEMENT_3D('',#8625,#6061,#6062);
#5175=AXIS2_PLACEMENT_3D('',#8627,#6064,#6065);
#5176=AXIS2_PLACEMENT_3D('',#8630,#6066,#6067);
#5177=AXIS2_PLACEMENT_3D('',#8634,#6069,#6070);
#5178=AXIS2_PLACEMENT_3D('',#8636,#6072,#6073);
#5179=AXIS2_PLACEMENT_3D('',#8639,#6074,#6075);
#5180=AXIS2_PLACEMENT_3D('',#8642,#6078,#6079);
#5181=AXIS2_PLACEMENT_3D('',#8648,#6082,#6083);
#5182=AXIS2_PLACEMENT_3D('',#8650,#6085,#6086);
#5183=AXIS2_PLACEMENT_3D('',#8652,#6087,#6088);
#5184=AXIS2_PLACEMENT_3D('',#8655,#6090,#6091);
#5185=AXIS2_PLACEMENT_3D('',#8656,#6092,#6093);
#5186=AXIS2_PLACEMENT_3D('',#8658,#6094,#6095);
#5187=AXIS2_PLACEMENT_3D('',#8660,#6097,#6098);
#5188=AXIS2_PLACEMENT_3D('',#8663,#6099,#6100);
#5189=AXIS2_PLACEMENT_3D('',#8673,#6102,#6103);
#5190=AXIS2_PLACEMENT_3D('',#8681,#6104,#6105);
#5191=AXIS2_PLACEMENT_3D('',#8684,#6106,#6107);
#5192=AXIS2_PLACEMENT_3D('',#8687,#6109,#6110);
#5193=AXIS2_PLACEMENT_3D('',#8688,#6111,#6112);
#5194=AXIS2_PLACEMENT_3D('',#8689,#6113,#6114);
#5195=AXIS2_PLACEMENT_3D('',#8692,#6116,#6117);
#5196=AXIS2_PLACEMENT_3D('',#8693,#6118,#6119);
#5197=AXIS2_PLACEMENT_3D('',#8695,#6120,#6121);
#5198=AXIS2_PLACEMENT_3D('',#8711,#6123,#6124);
#5199=AXIS2_PLACEMENT_3D('',#8713,#6125,#6126);
#5200=AXIS2_PLACEMENT_3D('',#8715,#6127,#6128);
#5201=AXIS2_PLACEMENT_3D('',#8716,#6129,#6130);
#5202=AXIS2_PLACEMENT_3D('',#8730,#6131,#6132);
#5203=AXIS2_PLACEMENT_3D('',#8732,#6133,#6134);
#5204=AXIS2_PLACEMENT_3D('',#8733,#6135,#6136);
#5205=AXIS2_PLACEMENT_3D('',#8734,#6137,#6138);
#5206=AXIS2_PLACEMENT_3D('',#8738,#6140,#6141);
#5207=AXIS2_PLACEMENT_3D('',#8753,#6143,#6144);
#5208=AXIS2_PLACEMENT_3D('',#8755,#6145,#6146);
#5209=AXIS2_PLACEMENT_3D('',#8756,#6147,#6148);
#5210=AXIS2_PLACEMENT_3D('',#8770,#6149,#6150);
#5211=AXIS2_PLACEMENT_3D('',#8772,#6151,#6152);
#5212=AXIS2_PLACEMENT_3D('',#8773,#6153,#6154);
#5213=AXIS2_PLACEMENT_3D('',#8774,#6155,#6156);
#5214=AXIS2_PLACEMENT_3D('',#8778,#6158,#6159);
#5215=AXIS2_PLACEMENT_3D('',#8793,#6161,#6162);
#5216=AXIS2_PLACEMENT_3D('',#8795,#6163,#6164);
#5217=AXIS2_PLACEMENT_3D('',#8796,#6165,#6166);
#5218=AXIS2_PLACEMENT_3D('',#8810,#6167,#6168);
#5219=AXIS2_PLACEMENT_3D('',#8812,#6169,#6170);
#5220=AXIS2_PLACEMENT_3D('',#8813,#6171,#6172);
#5221=AXIS2_PLACEMENT_3D('',#8814,#6173,#6174);
#5222=AXIS2_PLACEMENT_3D('',#8818,#6176,#6177);
#5223=AXIS2_PLACEMENT_3D('',#8871,#6179,#6180);
#5224=AXIS2_PLACEMENT_3D('',#8885,#6181,#6182);
#5225=AXIS2_PLACEMENT_3D('',#8889,#6184,#6185);
#5226=AXIS2_PLACEMENT_3D('',#8911,#6187,#6188);
#5227=AXIS2_PLACEMENT_3D('',#8955,#6189,#6190);
#5228=AXIS2_PLACEMENT_3D('',#8958,#6191,#6192);
#5229=AXIS2_PLACEMENT_3D('',#8992,#6195,#6196);
#5230=AXIS2_PLACEMENT_3D('',#9079,#6197,#6198);
#5231=AXIS2_PLACEMENT_3D('',#9081,#6199,#6200);
#5232=AXIS2_PLACEMENT_3D('',#9134,#6202,#6203);
#5233=AXIS2_PLACEMENT_3D('',#9135,#6204,#6205);
#5234=AXIS2_PLACEMENT_3D('',#9187,#6206,#6207);
#5235=AXIS2_PLACEMENT_3D('',#9188,#6208,#6209);
#5236=AXIS2_PLACEMENT_3D('',#9189,#6210,#6211);
#5237=AXIS2_PLACEMENT_3D('',#9192,#6212,#6213);
#5238=AXIS2_PLACEMENT_3D('',#9246,#6216,#6217);
#5239=AXIS2_PLACEMENT_3D('',#9247,#6218,#6219);
#5240=AXIS2_PLACEMENT_3D('',#9299,#6220,#6221);
#5241=AXIS2_PLACEMENT_3D('',#9300,#6222,#6223);
#5242=AXIS2_PLACEMENT_3D('',#9301,#6224,#6225);
#5243=AXIS2_PLACEMENT_3D('',#9304,#6226,#6227);
#5244=AXIS2_PLACEMENT_3D('',#9320,#6230,#6231);
#5245=AXIS2_PLACEMENT_3D('',#9322,#6232,#6233);
#5246=AXIS2_PLACEMENT_3D('',#9323,#6234,#6235);
#5247=AXIS2_PLACEMENT_3D('',#9338,#6236,#6237);
#5248=AXIS2_PLACEMENT_3D('',#9339,#6238,#6239);
#5249=AXIS2_PLACEMENT_3D('',#9340,#6240,#6241);
#5250=AXIS2_PLACEMENT_3D('',#9341,#6242,#6243);
#5251=AXIS2_PLACEMENT_3D('',#9344,#6246,#6247);
#5252=AXIS2_PLACEMENT_3D('',#9345,#6248,#6249);
#5253=AXIS2_PLACEMENT_3D('',#9346,#6250,#6251);
#5254=AXIS2_PLACEMENT_3D('',#9347,#6252,#6253);
#5255=AXIS2_PLACEMENT_3D('',#9348,#6254,#6255);
#5256=AXIS2_PLACEMENT_3D('',#9358,#6261,#6262);
#5257=AXIS2_PLACEMENT_3D('',#9359,#6263,#6264);
#5258=AXIS2_PLACEMENT_3D('',#9362,#6267,#6268);
#5259=AXIS2_PLACEMENT_3D('',#9365,#6271,#6272);
#5260=AXIS2_PLACEMENT_3D('',#9368,#6275,#6276);
#5261=AXIS2_PLACEMENT_3D('',#9369,#6277,#6278);
#5262=AXIS2_PLACEMENT_3D('',#9382,#6286,#6287);
#5263=AXIS2_PLACEMENT_3D('',#9388,#6291,#6292);
#5264=AXIS2_PLACEMENT_3D('',#9394,#6296,#6297);
#5265=AXIS2_PLACEMENT_3D('',#9404,#6303,#6304);
#5266=AXIS2_PLACEMENT_3D('',#9405,#6305,#6306);
#5267=AXIS2_PLACEMENT_3D('',#9406,#6307,#6308);
#5268=AXIS2_PLACEMENT_3D('',#9408,#6309,#6310);
#5269=AXIS2_PLACEMENT_3D('',#9422,#6319,#6320);
#5270=AXIS2_PLACEMENT_3D('',#9423,#6321,#6322);
#5271=AXIS2_PLACEMENT_3D('',#9425,#6323,#6324);
#5272=AXIS2_PLACEMENT_3D('',#9427,#6326,#6327);
#5273=AXIS2_PLACEMENT_3D('',#9431,#6330,#6331);
#5274=AXIS2_PLACEMENT_3D('',#9434,#6333,#6334);
#5275=AXIS2_PLACEMENT_3D('',#9435,#6335,#6336);
#5276=AXIS2_PLACEMENT_3D('',#9437,#6338,#6339);
#5277=AXIS2_PLACEMENT_3D('',#9438,#6340,#6341);
#5278=AXIS2_PLACEMENT_3D('',#9440,#6343,#6344);
#5279=AXIS2_PLACEMENT_3D('',#9441,#6345,#6346);
#5280=AXIS2_PLACEMENT_3D('',#9442,#6347,#6348);
#5281=AXIS2_PLACEMENT_3D('',#9448,#6352,#6353);
#5282=AXIS2_PLACEMENT_3D('',#9450,#6355,#6356);
#5283=AXIS2_PLACEMENT_3D('',#9454,#6359,#6360);
#5284=AXIS2_PLACEMENT_3D('',#9457,#6361,#6362);
#5285=AXIS2_PLACEMENT_3D('',#9459,#6363,#6364);
#5286=AXIS2_PLACEMENT_3D('',#9466,#6369,#6370);
#5287=AXIS2_PLACEMENT_3D('',#9470,#6373,#6374);
#5288=AXIS2_PLACEMENT_3D('',#9472,#6375,#6376);
#5289=AXIS2_PLACEMENT_3D('',#9476,#6378,#6379);
#5290=AXIS2_PLACEMENT_3D('',#9480,#6381,#6382);
#5291=AXIS2_PLACEMENT_3D('',#9481,#6383,#6384);
#5292=AXIS2_PLACEMENT_3D('',#9482,#6385,#6386);
#5293=AXIS2_PLACEMENT_3D('',#9483,#6387,#6388);
#5294=AXIS2_PLACEMENT_3D('',#9484,#6389,#6390);
#5295=AXIS2_PLACEMENT_3D('',#9486,#6392,#6393);
#5296=AXIS2_PLACEMENT_3D('',#9488,#6395,#6396);
#5297=AXIS2_PLACEMENT_3D('',#9490,#6398,#6399);
#5298=AXIS2_PLACEMENT_3D('',#9491,#6400,#6401);
#5299=AXIS2_PLACEMENT_3D('',#9492,#6402,#6403);
#5300=AXIS2_PLACEMENT_3D('',#9493,#6404,#6405);
#5301=AXIS2_PLACEMENT_3D('',#9495,#6407,#6408);
#5302=AXIS2_PLACEMENT_3D('',#9496,#6409,#6410);
#5303=AXIS2_PLACEMENT_3D('',#9497,#6411,#6412);
#5304=AXIS2_PLACEMENT_3D('',#9498,#6413,#6414);
#5305=AXIS2_PLACEMENT_3D('',#9502,#6416,#6417);
#5306=AXIS2_PLACEMENT_3D('',#9504,#6419,#6420);
#5307=AXIS2_PLACEMENT_3D('',#9506,#6422,#6423);
#5308=AXIS2_PLACEMENT_3D('',#9508,#6425,#6426);
#5309=AXIS2_PLACEMENT_3D('',#9509,#6427,#6428);
#5310=AXIS2_PLACEMENT_3D('',#9511,#6430,#6431);
#5311=AXIS2_PLACEMENT_3D('',#9512,#6432,#6433);
#5312=AXIS2_PLACEMENT_3D('',#9518,#6437,#6438);
#5313=AXIS2_PLACEMENT_3D('',#9524,#6442,#6443);
#5314=AXIS2_PLACEMENT_3D('',#9530,#6447,#6448);
#5315=AXIS2_PLACEMENT_3D('',#9533,#6451,#6452);
#5316=AXIS2_PLACEMENT_3D('',#9541,#6454,#6455);
#5317=AXIS2_PLACEMENT_3D('',#9548,#6460,#6461);
#5318=AXIS2_PLACEMENT_3D('',#9562,#6462,#6463);
#5319=AXIS2_PLACEMENT_3D('',#9570,#6464,#6465);
#5320=AXIS2_PLACEMENT_3D('',#9572,#6467,#6468);
#5321=AXIS2_PLACEMENT_3D('',#9578,#6472,#6473);
#5322=AXIS2_PLACEMENT_3D('',#9580,#6475,#6476);
#5323=AXIS2_PLACEMENT_3D('',#9583,#6479,#6480);
#5324=AXIS2_PLACEMENT_3D('',#9587,#6483,#6484);
#5325=AXIS2_PLACEMENT_3D('',#9591,#6487,#6488);
#5326=AXIS2_PLACEMENT_3D('',#9596,#6492,#6493);
#5327=AXIS2_PLACEMENT_3D('',#9598,#6495,#6496);
#5328=AXIS2_PLACEMENT_3D('',#9600,#6498,#6499);
#5329=AXIS2_PLACEMENT_3D('',#9601,#6500,#6501);
#5330=AXIS2_PLACEMENT_3D('',#9604,#6503,#6504);
#5331=AXIS2_PLACEMENT_3D('',#9627,#6506,#6507);
#5332=AXIS2_PLACEMENT_3D('',#9628,#6508,#6509);
#5333=AXIS2_PLACEMENT_3D('',#9629,#6510,#6511);
#5334=AXIS2_PLACEMENT_3D('',#9636,#6516,#6517);
#5335=AXIS2_PLACEMENT_3D('',#9637,#6518,#6519);
#5336=AXIS2_PLACEMENT_3D('',#9638,#6520,#6521);
#5337=AXIS2_PLACEMENT_3D('',#9641,#6524,#6525);
#5338=AXIS2_PLACEMENT_3D('',#9642,#6526,#6527);
#5339=AXIS2_PLACEMENT_3D('',#9647,#6531,#6532);
#5340=AXIS2_PLACEMENT_3D('',#9649,#6534,#6535);
#5341=AXIS2_PLACEMENT_3D('',#9652,#6537,#6538);
#5342=AXIS2_PLACEMENT_3D('',#9653,#6539,#6540);
#5343=AXIS2_PLACEMENT_3D('',#9654,#6541,#6542);
#5344=AXIS2_PLACEMENT_3D('',#9655,#6543,#6544);
#5345=AXIS2_PLACEMENT_3D('',#9656,#6545,#6546);
#5346=AXIS2_PLACEMENT_3D('',#9658,#6548,#6549);
#5347=AXIS2_PLACEMENT_3D('',#9663,#6553,#6554);
#5348=AXIS2_PLACEMENT_3D('',#9852,#6556,#6557);
#5349=AXIS2_PLACEMENT_3D('',#9854,#6559,#6560);
#5350=AXIS2_PLACEMENT_3D('',#9855,#6561,#6562);
#5351=AXIS2_PLACEMENT_3D('',#9859,#6564,#6565);
#5352=AXIS2_PLACEMENT_3D('',#9861,#6567,#6568);
#5353=AXIS2_PLACEMENT_3D('',#9865,#6571,#6572);
#5354=AXIS2_PLACEMENT_3D('',#9868,#6574,#6575);
#5355=AXIS2_PLACEMENT_3D('',#9869,#6576,#6577);
#5356=AXIS2_PLACEMENT_3D('',#9871,#6579,#6580);
#5357=AXIS2_PLACEMENT_3D('',#10243,#6581,#6582);
#5358=AXIS2_PLACEMENT_3D('',#10292,#6583,#6584);
#5359=AXIS2_PLACEMENT_3D('',#10294,#6586,#6587);
#5360=AXIS2_PLACEMENT_3D('',#10296,#6589,#6590);
#5361=AXIS2_PLACEMENT_3D('',#10300,#6593,#6594);
#5362=AXIS2_PLACEMENT_3D('',#10303,#6596,#6597);
#5363=AXIS2_PLACEMENT_3D('',#10363,#6598,#6599);
#5364=AXIS2_PLACEMENT_3D('',#10367,#6601,#6602);
#5365=AXIS2_PLACEMENT_3D('',#10554,#6603,#6604);
#5366=AXIS2_PLACEMENT_3D('',#10558,#6607,#6608);
#5367=AXIS2_PLACEMENT_3D('',#10560,#6610,#6611);
#5368=AXIS2_PLACEMENT_3D('',#10561,#6612,#6613);
#5369=AXIS2_PLACEMENT_3D('',#10588,#6615,#6616);
#5370=AXIS2_PLACEMENT_3D('',#10589,#6617,#6618);
#5371=AXIS2_PLACEMENT_3D('',#10590,#6619,#6620);
#5372=AXIS2_PLACEMENT_3D('',#10591,#6621,#6622);
#5373=AXIS2_PLACEMENT_3D('',#10592,#6623,#6624);
#5374=AXIS2_PLACEMENT_3D('',#10594,#6626,#6627);
#5375=AXIS2_PLACEMENT_3D('',#10596,#6628,#6629);
#5376=AXIS2_PLACEMENT_3D('',#10598,#6631,#6632);
#5377=AXIS2_PLACEMENT_3D('',#10601,#6635,#6636);
#5378=AXIS2_PLACEMENT_3D('',#10903,#6638,#6639);
#5379=AXIS2_PLACEMENT_3D('',#10905,#6641,#6642);
#5380=AXIS2_PLACEMENT_3D('',#10918,#6643,#6644);
#5381=AXIS2_PLACEMENT_3D('',#10967,#6645,#6646);
#5382=AXIS2_PLACEMENT_3D('',#10968,#6647,#6648);
#5383=AXIS2_PLACEMENT_3D('',#10969,#6649,#6650);
#5384=AXIS2_PLACEMENT_3D('',#10970,#6651,#6652);
#5385=AXIS2_PLACEMENT_3D('',#10979,#6656,#6657);
#5386=AXIS2_PLACEMENT_3D('',#10985,#6660,#6661);
#5387=AXIS2_PLACEMENT_3D('',#10989,#6663,#6664);
#5388=AXIS2_PLACEMENT_3D('',#10998,#6667,#6668);
#5389=AXIS2_PLACEMENT_3D('',#11004,#6672,#6673);
#5390=AXIS2_PLACEMENT_3D('',#11010,#6677,#6678);
#5391=AXIS2_PLACEMENT_3D('',#11012,#6679,#6680);
#5392=AXIS2_PLACEMENT_3D('',#11014,#6682,#6683);
#5393=AXIS2_PLACEMENT_3D('',#11025,#6686,#6687);
#5394=AXIS2_PLACEMENT_3D('',#11027,#6689,#6690);
#5395=AXIS2_PLACEMENT_3D('',#11031,#6693,#6694);
#5396=AXIS2_PLACEMENT_3D('',#11047,#6697,#6698);
#5397=AXIS2_PLACEMENT_3D('',#11053,#6702,#6703);
#5398=AXIS2_PLACEMENT_3D('',#11056,#6705,#6706);
#5399=AXIS2_PLACEMENT_3D('',#11057,#6707,#6708);
#5400=AXIS2_PLACEMENT_3D('',#11061,#6711,#6712);
#5401=AXIS2_PLACEMENT_3D('',#11070,#6717,#6718);
#5402=AXIS2_PLACEMENT_3D('',#11080,#6724,#6725);
#5403=AXIS2_PLACEMENT_3D('',#11086,#6729,#6730);
#5404=AXIS2_PLACEMENT_3D('',#11087,#6731,#6732);
#5405=AXIS2_PLACEMENT_3D('',#11091,#6735,#6736);
#5406=AXIS2_PLACEMENT_3D('',#11095,#6739,#6740);
#5407=AXIS2_PLACEMENT_3D('',#11101,#6744,#6745);
#5408=AXIS2_PLACEMENT_3D('',#11102,#6746,#6747);
#5409=AXIS2_PLACEMENT_3D('',#11105,#6750,#6751);
#5410=AXIS2_PLACEMENT_3D('',#11106,#6752,#6753);
#5411=AXIS2_PLACEMENT_3D('',#11107,#6754,#6755);
#5412=DIRECTION('axis',(0.,0.,1.));
#5413=DIRECTION('refdir',(1.,0.,0.));
#5414=DIRECTION('center_axis',(0.,0.,-1.));
#5415=DIRECTION('ref_axis',(-1.,0.,0.));
#5416=DIRECTION('center_axis',(0.,0.,1.));
#5417=DIRECTION('ref_axis',(-1.,0.,0.));
#5418=DIRECTION('center_axis',(0.,0.,1.));
#5419=DIRECTION('ref_axis',(-1.,0.,0.));
#5420=DIRECTION('',(0.707107343152878,8.65956744445761E-17,-0.70710621921977));
#5421=DIRECTION('center_axis',(0.,0.,-1.));
#5422=DIRECTION('ref_axis',(-1.,0.,0.));
#5423=DIRECTION('center_axis',(0.,0.,1.));
#5424=DIRECTION('ref_axis',(1.,0.,0.));
#5425=DIRECTION('',(0.,-1.,0.));
#5426=DIRECTION('center_axis',(0.,0.,1.));
#5427=DIRECTION('ref_axis',(1.,0.,0.));
#5428=DIRECTION('',(-1.,-4.41530284568854E-16,0.));
#5429=DIRECTION('',(-4.41530284568854E-16,1.,0.));
#5430=DIRECTION('',(-0.707106781186549,0.707106781186546,0.));
#5431=DIRECTION('',(1.,4.41530284568854E-16,0.));
#5432=DIRECTION('',(0.707106781186543,-0.707106781186552,0.));
#5433=DIRECTION('',(-2.20722105780132E-16,-1.,-3.08206227281235E-18));
#5434=DIRECTION('center_axis',(-9.85794049314409E-9,-5.72715386826627E-9,
-1.));
#5435=DIRECTION('ref_axis',(-0.999999999466313,-3.2670683419104E-5,9.8581265389988E-9));
#5436=DIRECTION('center_axis',(0.,0.,1.));
#5437=DIRECTION('ref_axis',(-1.,1.89242561015652E-15,0.));
#5438=DIRECTION('center_axis',(0.,0.,-1.));
#5439=DIRECTION('ref_axis',(-1.,0.,0.));
#5440=DIRECTION('center_axis',(0.,0.,1.));
#5441=DIRECTION('ref_axis',(-1.,-4.79414487906317E-14,0.));
#5442=DIRECTION('',(0.,1.,0.));
#5443=DIRECTION('center_axis',(0.,0.,1.));
#5444=DIRECTION('ref_axis',(-1.,0.,0.));
#5445=DIRECTION('center_axis',(0.,0.,-1.));
#5446=DIRECTION('ref_axis',(-1.,0.,0.));
#5447=DIRECTION('center_axis',(0.,0.,-1.));
#5448=DIRECTION('ref_axis',(-1.,0.,0.));
#5449=DIRECTION('center_axis',(-1.0905397954844E-8,6.33561839868933E-9,
-1.));
#5450=DIRECTION('ref_axis',(-0.495332788319888,0.868703303099076,1.09055740003426E-8));
#5451=DIRECTION('',(-2.20765142284427E-16,-1.,0.));
#5452=DIRECTION('',(-1.,0.,0.));
#5453=DIRECTION('center_axis',(0.,0.,1.));
#5454=DIRECTION('ref_axis',(1.,0.,0.));
#5455=DIRECTION('',(0.,0.,1.));
#5456=DIRECTION('center_axis',(0.,0.,-1.));
#5457=DIRECTION('ref_axis',(1.,0.,0.));
#5458=DIRECTION('center_axis',(0.,0.,-1.));
#5459=DIRECTION('ref_axis',(-1.,0.,0.));
#5460=DIRECTION('center_axis',(0.,0.,-1.));
#5461=DIRECTION('ref_axis',(-1.,0.,0.));
#5462=DIRECTION('',(0.,0.,-1.));
#5463=DIRECTION('center_axis',(0.,0.,1.));
#5464=DIRECTION('ref_axis',(-1.,0.,0.));
#5465=DIRECTION('center_axis',(0.,0.,-1.));
#5466=DIRECTION('ref_axis',(-1.,0.,0.));
#5467=DIRECTION('center_axis',(0.,0.,-1.));
#5468=DIRECTION('ref_axis',(-1.,0.,0.));
#5469=DIRECTION('center_axis',(0.,0.,-1.));
#5470=DIRECTION('ref_axis',(-1.,0.,0.));
#5471=DIRECTION('',(0.,0.,-1.));
#5472=DIRECTION('center_axis',(0.,0.,1.));
#5473=DIRECTION('ref_axis',(-1.,0.,0.));
#5474=DIRECTION('center_axis',(0.,0.,-1.));
#5475=DIRECTION('ref_axis',(-1.,0.,0.));
#5476=DIRECTION('center_axis',(0.,0.,-1.));
#5477=DIRECTION('ref_axis',(-1.,0.,0.));
#5478=DIRECTION('center_axis',(0.,0.,-1.));
#5479=DIRECTION('ref_axis',(-1.,0.,0.));
#5480=DIRECTION('',(0.,0.,-1.));
#5481=DIRECTION('center_axis',(0.,0.,1.));
#5482=DIRECTION('ref_axis',(-1.,0.,0.));
#5483=DIRECTION('center_axis',(0.,0.,-1.));
#5484=DIRECTION('ref_axis',(-1.,0.,0.));
#5485=DIRECTION('center_axis',(-1.,0.,0.));
#5486=DIRECTION('ref_axis',(0.,1.,0.));
#5487=DIRECTION('',(0.,1.,0.));
#5488=DIRECTION('',(0.,0.,-1.));
#5489=DIRECTION('',(0.,1.,0.));
#5490=DIRECTION('',(0.,0.,-1.));
#5491=DIRECTION('center_axis',(1.,0.,0.));
#5492=DIRECTION('ref_axis',(0.,-1.,0.));
#5493=DIRECTION('',(0.,-1.,0.));
#5494=DIRECTION('',(0.,0.,-1.));
#5495=DIRECTION('',(0.,-1.,0.));
#5496=DIRECTION('',(0.,0.,-1.));
#5497=DIRECTION('center_axis',(0.,0.,-1.));
#5498=DIRECTION('ref_axis',(-1.,0.,0.));
#5499=DIRECTION('',(1.,0.,0.));
#5500=DIRECTION('',(-1.,0.,0.));
#5501=DIRECTION('center_axis',(0.,0.,1.));
#5502=DIRECTION('ref_axis',(1.,0.,0.));
#5503=DIRECTION('center_axis',(0.,0.,1.));
#5504=DIRECTION('ref_axis',(1.,0.,0.));
#5505=DIRECTION('',(1.,0.,0.));
#5506=DIRECTION('center_axis',(0.,0.,-1.));
#5507=DIRECTION('ref_axis',(1.,0.,0.));
#5508=DIRECTION('',(-1.,0.,0.));
#5509=DIRECTION('center_axis',(0.,0.,-1.));
#5510=DIRECTION('ref_axis',(1.,0.,0.));
#5511=DIRECTION('center_axis',(0.,0.,1.));
#5512=DIRECTION('ref_axis',(1.,0.,0.));
#5513=DIRECTION('',(0.,0.,-1.));
#5514=DIRECTION('center_axis',(0.,0.,-1.));
#5515=DIRECTION('ref_axis',(1.,0.,0.));
#5516=DIRECTION('',(0.,0.,-1.));
#5517=DIRECTION('center_axis',(0.,1.,0.));
#5518=DIRECTION('ref_axis',(1.,0.,0.));
#5519=DIRECTION('',(1.,0.,0.));
#5520=DIRECTION('',(0.,0.,-1.));
#5521=DIRECTION('',(1.,0.,0.));
#5522=DIRECTION('center_axis',(0.,0.,-1.));
#5523=DIRECTION('ref_axis',(-1.,-1.22464679914735E-16,0.));
#5524=DIRECTION('center_axis',(0.,0.,1.));
#5525=DIRECTION('ref_axis',(1.,0.,0.));
#5526=DIRECTION('center_axis',(0.,0.,1.));
#5527=DIRECTION('ref_axis',(1.,0.,0.));
#5528=DIRECTION('',(0.,0.,-1.));
#5529=DIRECTION('center_axis',(0.,-1.,0.));
#5530=DIRECTION('ref_axis',(-1.,0.,0.));
#5531=DIRECTION('',(-1.,0.,0.));
#5532=DIRECTION('',(-1.,0.,0.));
#5533=DIRECTION('center_axis',(0.,0.,1.));
#5534=DIRECTION('ref_axis',(1.,0.,0.));
#5535=DIRECTION('center_axis',(0.,0.,1.));
#5536=DIRECTION('ref_axis',(1.,0.,0.));
#5537=DIRECTION('center_axis',(0.,0.,1.));
#5538=DIRECTION('ref_axis',(1.,0.,0.));
#5539=DIRECTION('center_axis',(-1.,0.,0.));
#5540=DIRECTION('ref_axis',(0.,1.,0.));
#5541=DIRECTION('',(0.,1.,0.));
#5542=DIRECTION('',(0.,0.,-1.));
#5543=DIRECTION('',(0.,1.,0.));
#5544=DIRECTION('',(0.,0.,-1.));
#5545=DIRECTION('center_axis',(1.,0.,0.));
#5546=DIRECTION('ref_axis',(0.,-1.,0.));
#5547=DIRECTION('',(0.,-1.,0.));
#5548=DIRECTION('',(0.,0.,-1.));
#5549=DIRECTION('',(0.,-1.,0.));
#5550=DIRECTION('',(0.,0.,-1.));
#5551=DIRECTION('center_axis',(0.,0.,-1.));
#5552=DIRECTION('ref_axis',(-1.,0.,0.));
#5553=DIRECTION('',(1.,-2.28233068653375E-16,0.));
#5554=DIRECTION('',(-1.,0.,0.));
#5555=DIRECTION('center_axis',(0.,0.,1.));
#5556=DIRECTION('ref_axis',(1.,0.,0.));
#5557=DIRECTION('center_axis',(0.,0.,1.));
#5558=DIRECTION('ref_axis',(1.,0.,0.));
#5559=DIRECTION('',(1.,0.,0.));
#5560=DIRECTION('center_axis',(0.,0.,-1.));
#5561=DIRECTION('ref_axis',(1.,0.,0.));
#5562=DIRECTION('',(-1.,0.,0.));
#5563=DIRECTION('center_axis',(0.,0.,-1.));
#5564=DIRECTION('ref_axis',(1.,0.,0.));
#5565=DIRECTION('center_axis',(0.,0.,1.));
#5566=DIRECTION('ref_axis',(1.,0.,0.));
#5567=DIRECTION('',(0.,0.,-1.));
#5568=DIRECTION('center_axis',(0.,0.,-1.));
#5569=DIRECTION('ref_axis',(1.,0.,0.));
#5570=DIRECTION('',(0.,0.,-1.));
#5571=DIRECTION('center_axis',(0.,1.,0.));
#5572=DIRECTION('ref_axis',(1.,0.,0.));
#5573=DIRECTION('',(1.,0.,0.));
#5574=DIRECTION('',(0.,0.,-1.));
#5575=DIRECTION('',(1.,0.,0.));
#5576=DIRECTION('center_axis',(0.,0.,-1.));
#5577=DIRECTION('ref_axis',(-1.,-1.22464679914735E-16,0.));
#5578=DIRECTION('center_axis',(0.,0.,1.));
#5579=DIRECTION('ref_axis',(1.,0.,0.));
#5580=DIRECTION('center_axis',(0.,0.,1.));
#5581=DIRECTION('ref_axis',(1.,0.,0.));
#5582=DIRECTION('',(0.,0.,-1.));
#5583=DIRECTION('center_axis',(0.,-1.,0.));
#5584=DIRECTION('ref_axis',(-1.,0.,0.));
#5585=DIRECTION('',(-1.,0.,0.));
#5586=DIRECTION('',(-1.,0.,0.));
#5587=DIRECTION('center_axis',(0.,0.,1.));
#5588=DIRECTION('ref_axis',(1.,0.,0.));
#5589=DIRECTION('center_axis',(0.,0.,1.));
#5590=DIRECTION('ref_axis',(1.,0.,0.));
#5591=DIRECTION('center_axis',(0.,0.,1.));
#5592=DIRECTION('ref_axis',(1.,0.,0.));
#5593=DIRECTION('center_axis',(-1.,0.,0.));
#5594=DIRECTION('ref_axis',(0.,1.,0.));
#5595=DIRECTION('',(0.,1.,0.));
#5596=DIRECTION('',(0.,0.,-1.));
#5597=DIRECTION('',(0.,1.,0.));
#5598=DIRECTION('',(0.,0.,-1.));
#5599=DIRECTION('center_axis',(1.,0.,0.));
#5600=DIRECTION('ref_axis',(0.,-1.,0.));
#5601=DIRECTION('',(0.,-1.,0.));
#5602=DIRECTION('',(0.,0.,-1.));
#5603=DIRECTION('',(0.,-1.,0.));
#5604=DIRECTION('',(0.,0.,-1.));
#5605=DIRECTION('center_axis',(0.,0.,-1.));
#5606=DIRECTION('ref_axis',(-1.,0.,0.));
#5607=DIRECTION('',(1.,-9.1293227461364E-16,0.));
#5608=DIRECTION('',(-1.,0.,0.));
#5609=DIRECTION('center_axis',(0.,0.,1.));
#5610=DIRECTION('ref_axis',(1.,0.,0.));
#5611=DIRECTION('center_axis',(0.,0.,1.));
#5612=DIRECTION('ref_axis',(1.,0.,0.));
#5613=DIRECTION('',(1.,0.,0.));
#5614=DIRECTION('center_axis',(0.,0.,-1.));
#5615=DIRECTION('ref_axis',(1.,0.,0.));
#5616=DIRECTION('',(-1.,0.,0.));
#5617=DIRECTION('center_axis',(0.,0.,-1.));
#5618=DIRECTION('ref_axis',(1.,0.,0.));
#5619=DIRECTION('center_axis',(0.,0.,1.));
#5620=DIRECTION('ref_axis',(1.,0.,0.));
#5621=DIRECTION('',(0.,0.,-1.));
#5622=DIRECTION('center_axis',(0.,0.,-1.));
#5623=DIRECTION('ref_axis',(1.,0.,0.));
#5624=DIRECTION('',(0.,0.,-1.));
#5625=DIRECTION('center_axis',(0.,1.,0.));
#5626=DIRECTION('ref_axis',(1.,0.,0.));
#5627=DIRECTION('',(1.,0.,0.));
#5628=DIRECTION('',(0.,0.,-1.));
#5629=DIRECTION('',(1.,0.,0.));
#5630=DIRECTION('center_axis',(0.,0.,-1.));
#5631=DIRECTION('ref_axis',(-1.,-1.22464679914735E-16,0.));
#5632=DIRECTION('center_axis',(0.,0.,1.));
#5633=DIRECTION('ref_axis',(1.,0.,0.));
#5634=DIRECTION('center_axis',(0.,0.,1.));
#5635=DIRECTION('ref_axis',(1.,0.,0.));
#5636=DIRECTION('',(0.,0.,-1.));
#5637=DIRECTION('center_axis',(0.,-1.,0.));
#5638=DIRECTION('ref_axis',(-1.,0.,0.));
#5639=DIRECTION('',(-1.,0.,0.));
#5640=DIRECTION('',(-1.,0.,0.));
#5641=DIRECTION('center_axis',(0.,0.,1.));
#5642=DIRECTION('ref_axis',(1.,0.,0.));
#5643=DIRECTION('center_axis',(0.,0.,1.));
#5644=DIRECTION('ref_axis',(1.,0.,0.));
#5645=DIRECTION('center_axis',(0.,0.,1.));
#5646=DIRECTION('ref_axis',(1.,0.,0.));
#5647=DIRECTION('center_axis',(0.,0.,-1.));
#5648=DIRECTION('ref_axis',(-1.,0.,0.));
#5649=DIRECTION('center_axis',(0.,0.,1.));
#5650=DIRECTION('ref_axis',(-1.,1.64981799900166E-15,0.));
#5651=DIRECTION('center_axis',(0.,0.,1.));
#5652=DIRECTION('ref_axis',(-1.,0.,0.));
#5653=DIRECTION('center_axis',(1.08745560706482E-15,0.999902524009304,-0.0139621803391453));
#5654=DIRECTION('ref_axis',(0.,0.0139621803391453,0.999902524009304));
#5655=DIRECTION('',(-1.,1.08734960625218E-15,-1.51832512966537E-17));
#5656=DIRECTION('',(0.0139608196270644,0.0139608196270579,0.999805076517759));
#5657=DIRECTION('',(-1.,1.08756161821099E-15,0.));
#5658=DIRECTION('center_axis',(0.499999939777683,0.,0.866025438553807));
#5659=DIRECTION('ref_axis',(-0.866025438553807,0.,0.499999939777683));
#5660=DIRECTION('',(0.,-1.,0.));
#5661=DIRECTION('center_axis',(-0.499999939777683,0.,-0.866025438553807));
#5662=DIRECTION('ref_axis',(-0.866025438553807,0.,0.499999939777683));
#5663=DIRECTION('center_axis',(0.499999939777683,0.,0.866025438553807));
#5664=DIRECTION('ref_axis',(-0.866025438553807,0.,0.499999939777683));
#5665=DIRECTION('',(0.,-1.,0.));
#5666=DIRECTION('center_axis',(0.499999939777683,0.,0.866025438553807));
#5667=DIRECTION('ref_axis',(-0.866025438553807,0.,0.499999939777683));
#5668=DIRECTION('',(0.866004332072492,-0.0069815997263218,-0.499987753946972));
#5669=DIRECTION('',(0.,-1.,0.));
#5670=DIRECTION('center_axis',(0.499999939777683,0.,0.866025438553807));
#5671=DIRECTION('ref_axis',(-0.866025438553807,0.,0.499999939777683));
#5672=DIRECTION('center_axis',(-0.499999939777683,0.,-0.866025438553807));
#5673=DIRECTION('ref_axis',(-0.866025438553807,0.,0.499999939777683));
#5674=DIRECTION('',(0.,-1.,0.));
#5675=DIRECTION('center_axis',(0.999999999999998,0.,6.95387400930695E-8));
#5676=DIRECTION('ref_axis',(-6.95387400930695E-8,0.,0.999999999999998));
#5677=DIRECTION('',(0.,-1.,0.));
#5678=DIRECTION('',(6.95387400930692E-8,8.46561362505885E-8,-0.999999999999994));
#5679=DIRECTION('center_axis',(0.999999999999998,0.,6.95387400930695E-8));
#5680=DIRECTION('ref_axis',(-6.95387400930695E-8,0.,0.999999999999998));
#5681=DIRECTION('',(6.95319617354872E-8,-0.0139621803391453,-0.999902524009302));
#5682=DIRECTION('',(-6.95387400930692E-8,8.46561343276258E-8,0.999999999999994));
#5683=DIRECTION('',(0.,-1.,0.));
#5684=DIRECTION('center_axis',(-0.500000060222315,0.,0.866025369015066));
#5685=DIRECTION('ref_axis',(-0.866025369015066,0.,-0.500000060222315));
#5686=DIRECTION('center_axis',(-0.500000060222315,0.,0.866025369015066));
#5687=DIRECTION('ref_axis',(-0.866025369015066,0.,-0.500000060222315));
#5688=DIRECTION('center_axis',(0.500000060222315,0.,-0.866025369015066));
#5689=DIRECTION('ref_axis',(-0.866025369015066,0.,-0.500000060222315));
#5690=DIRECTION('',(0.,-1.,0.));
#5691=DIRECTION('center_axis',(-0.500000060222315,0.,0.866025369015066));
#5692=DIRECTION('ref_axis',(-0.866025369015066,0.,-0.500000060222315));
#5693=DIRECTION('',(0.866004262525279,0.00698160140803243,0.499987874382797));
#5694=DIRECTION('',(0.,-1.,0.));
#5695=DIRECTION('center_axis',(0.500000060222315,0.,-0.866025369015066));
#5696=DIRECTION('ref_axis',(-0.866025369015066,0.,-0.500000060222315));
#5697=DIRECTION('center_axis',(-0.500000060222315,0.,0.866025369015066));
#5698=DIRECTION('ref_axis',(-0.866025369015066,0.,-0.500000060222315));
#5699=DIRECTION('center_axis',(0.500000060222314,0.,-0.866025369015067));
#5700=DIRECTION('ref_axis',(0.866025369015067,0.,0.500000060222314));
#5701=DIRECTION('',(0.,-1.,0.));
#5702=DIRECTION('center_axis',(0.500000060222314,0.,-0.866025369015067));
#5703=DIRECTION('ref_axis',(-0.866025369015067,0.,-0.500000060222314));
#5704=DIRECTION('center_axis',(-0.500000060222314,0.,0.866025369015067));
#5705=DIRECTION('ref_axis',(-0.866025369015067,0.,-0.500000060222314));
#5706=DIRECTION('center_axis',(-0.999999999999998,0.,-6.95387400930696E-8));
#5707=DIRECTION('ref_axis',(6.95387400930696E-8,0.,-0.999999999999998));
#5708=DIRECTION('',(-6.95387400930693E-8,8.46561324046632E-8,0.999999999999994));
#5709=DIRECTION('',(0.,-1.,0.));
#5710=DIRECTION('center_axis',(-0.499999939777683,0.,-0.866025438553807));
#5711=DIRECTION('ref_axis',(0.866025438553807,0.,-0.499999939777683));
#5712=DIRECTION('center_axis',(0.499999939777683,0.,0.866025438553807));
#5713=DIRECTION('ref_axis',(-0.866025438553807,0.,0.499999939777684));
#5714=DIRECTION('center_axis',(-0.499999939777683,0.,-0.866025438553807));
#5715=DIRECTION('ref_axis',(-0.866025438553807,0.,0.499999939777683));
#5716=DIRECTION('center_axis',(0.500000060222314,0.,-0.866025369015067));
#5717=DIRECTION('ref_axis',(0.866025369015067,0.,0.500000060222314));
#5718=DIRECTION('',(-0.866004262525279,-0.00698160140803242,-0.499987874382797));
#5719=DIRECTION('center_axis',(-0.500000060222314,0.,0.866025369015067));
#5720=DIRECTION('ref_axis',(-0.866025369015067,0.,-0.500000060222314));
#5721=DIRECTION('center_axis',(0.500000060222314,0.,-0.866025369015067));
#5722=DIRECTION('ref_axis',(-0.866025369015067,0.,-0.500000060222314));
#5723=DIRECTION('',(0.,-1.,0.));
#5724=DIRECTION('center_axis',(-0.499999939777683,0.,-0.866025438553807));
#5725=DIRECTION('ref_axis',(0.866025438553807,0.,-0.499999939777683));
#5726=DIRECTION('',(-0.866004332072492,0.0069815997263218,0.499987753946972));
#5727=DIRECTION('center_axis',(-0.499999939777683,0.,-0.866025438553807));
#5728=DIRECTION('ref_axis',(-0.866025438553807,0.,0.499999939777683));
#5729=DIRECTION('center_axis',(0.499999939777683,0.,0.866025438553807));
#5730=DIRECTION('ref_axis',(-0.866025438553807,0.,0.499999939777684));
#5731=DIRECTION('',(0.,-1.,0.));
#5732=DIRECTION('center_axis',(-0.999999999999998,0.,-6.95387400930696E-8));
#5733=DIRECTION('ref_axis',(6.95387400930696E-8,0.,-0.999999999999998));
#5734=DIRECTION('',(-6.95319617354873E-8,0.0139621803391453,0.999902524009302));
#5735=DIRECTION('',(6.95387400930693E-8,8.46561343276259E-8,-0.999999999999994));
#5736=DIRECTION('center_axis',(0.,0.,-1.));
#5737=DIRECTION('ref_axis',(-1.,0.,0.));
#5738=DIRECTION('',(0.,0.,1.));
#5739=DIRECTION('',(0.,0.,-1.));
#5740=DIRECTION('center_axis',(0.,0.,-1.));
#5741=DIRECTION('ref_axis',(-1.,0.,0.));
#5742=DIRECTION('',(0.,0.,1.));
#5743=DIRECTION('center_axis',(0.,0.,-1.));
#5744=DIRECTION('ref_axis',(-1.,0.,0.));
#5745=DIRECTION('',(0.,0.,1.));
#5746=DIRECTION('center_axis',(-0.999905453827491,-0.0049363077911538,0.0128341837071771));
#5747=DIRECTION('ref_axis',(0.0128221494799954,0.00246187136438672,0.999914762203308));
#5748=DIRECTION('center_axis',(0.,0.,-1.));
#5749=DIRECTION('ref_axis',(-1.,0.,0.));
#5750=DIRECTION('',(0.,0.,-1.));
#5751=DIRECTION('',(0.,0.,1.));
#5752=DIRECTION('center_axis',(0.,0.,-1.));
#5753=DIRECTION('ref_axis',(-1.,0.,0.));
#5754=DIRECTION('',(0.,0.,-1.));
#5755=DIRECTION('center_axis',(0.,0.,1.));
#5756=DIRECTION('ref_axis',(-1.,0.,0.));
#5757=DIRECTION('center_axis',(0.81910712966266,0.573544986791115,0.0104717841162421));
#5758=DIRECTION('ref_axis',(-0.573576436351048,0.819152044288991,0.));
#5759=DIRECTION('',(0.0165850859342063,-0.00543073838057598,-0.999847709406386));
#5760=DIRECTION('',(-0.573576436351048,0.819152044288991,0.));
#5761=DIRECTION('',(0.000569208686639635,0.0174423047867626,-0.999847709406386));
#5762=DIRECTION('',(-0.414413546103285,0.579024316271159,0.70213407122345));
#5763=DIRECTION('',(0.573576436351048,-0.819152044288991,0.));
#5764=DIRECTION('',(-0.402367096821274,0.587459330867088,-0.702134071223447));
#5765=DIRECTION('center_axis',(-0.573520526419675,0.819072196631943,-0.0139621803391453));
#5766=DIRECTION('ref_axis',(-0.81915204428899,-0.573576436351048,8.67361737988403E-19));
#5767=DIRECTION('',(-0.81915204428899,-0.573576436351048,1.46130505995429E-15));
#5768=DIRECTION('',(-0.000569208686639043,-0.0174423047867622,-0.999847709406386));
#5769=DIRECTION('',(0.0165850859342209,-0.00543073838056759,-0.999847709406386));
#5770=DIRECTION('',(-0.81915204428899,-0.573576436351048,0.));
#5771=DIRECTION('',(-0.00800837764261763,0.0114371485675424,0.999902524009304));
#5772=DIRECTION('center_axis',(-0.402738445909972,0.575170108764743,0.712026045990998));
#5773=DIRECTION('ref_axis',(0.870411492083132,0.,0.492324927715036));
#5774=DIRECTION('',(-0.392259968857999,0.594392784125387,-0.702018044647852));
#5775=DIRECTION('',(0.819152044288991,0.573576436351047,0.));
#5776=DIRECTION('',(0.424385702321284,-0.571898103383879,0.702018044647852));
#5777=DIRECTION('',(0.414413546103286,-0.579024316271162,0.702134071223447));
#5778=DIRECTION('center_axis',(-0.819107129662661,-0.573544986791114,0.0104717841162413));
#5779=DIRECTION('ref_axis',(0.573576436351047,-0.819152044288991,-8.67361737988403E-19));
#5780=DIRECTION('',(-0.573576436351047,0.819152044288991,0.));
#5781=DIRECTION('',(0.402367096821272,-0.587459330867086,-0.70213407122345));
#5782=DIRECTION('',(-0.0165850859342057,0.00543073838057642,-0.999847709406386));
#5783=DIRECTION('',(0.573576436351047,-0.819152044288991,0.));
#5784=DIRECTION('center_axis',(0.573520526419675,-0.819072196631943,-0.0139621803391453));
#5785=DIRECTION('ref_axis',(0.819152044288991,0.573576436351048,0.));
#5786=DIRECTION('',(0.819152044288991,0.573576436351048,6.15286341033386E-16));
#5787=DIRECTION('',(-0.00800837764261762,0.0114371485675424,-0.999902524009304));
#5788=DIRECTION('',(0.819152044288991,0.573576436351048,0.));
#5789=DIRECTION('',(-0.000569208686636712,-0.0174423047867615,0.999847709406386));
#5790=DIRECTION('center_axis',(0.402738445909974,-0.575170108764745,0.712026045990995));
#5791=DIRECTION('ref_axis',(0.870411492083131,0.,-0.492324927715039));
#5792=DIRECTION('',(0.392259968857996,-0.594392784125386,-0.702018044647854));
#5793=DIRECTION('',(-0.819152044288991,-0.573576436351047,-7.7505670432439E-19));
#5794=DIRECTION('',(-0.424385702321283,0.571898103383877,0.702018044647854));
#5795=DIRECTION('center_axis',(0.818832669227261,0.573352807525306,-0.027921638723561));
#5796=DIRECTION('ref_axis',(-0.573576436351047,0.819152044288992,-1.73472347597681E-18));
#5797=DIRECTION('',(-0.0308750956057034,-0.00458094389200964,-0.999512753007383));
#5798=DIRECTION('',(0.573576436351046,-0.819152044288992,0.));
#5799=DIRECTION('',(0.0148645837958117,0.0274463244202268,0.999512753007383));
#5800=DIRECTION('center_axis',(-0.573520526419674,0.819072196631944,0.0139621803391453));
#5801=DIRECTION('ref_axis',(-0.819152044288991,-0.573576436351047,8.67361737988403E-19));
#5802=DIRECTION('',(-0.0148645837958102,-0.0274463244202256,0.999512753007383));
#5803=DIRECTION('',(-0.819152044288992,-0.573576436351046,0.));
#5804=DIRECTION('center_axis',(-0.81883266922726,-0.573352807525307,-0.0279216387235594));
#5805=DIRECTION('ref_axis',(0.573576436351048,-0.819152044288991,-1.73472347597681E-18));
#5806=DIRECTION('',(0.0308750956057035,0.00458094389200919,-0.999512753007383));
#5807=DIRECTION('',(-0.573576436351047,0.819152044288991,0.));
#5808=DIRECTION('center_axis',(0.573520526419674,-0.819072196631944,0.0139621803391453));
#5809=DIRECTION('ref_axis',(0.819152044288991,0.573576436351047,-8.67361737988404E-19));
#5810=DIRECTION('',(0.819152044288991,0.573576436351047,0.));
#5811=DIRECTION('',(0.,0.702153052995163,-0.712026045990995));
#5812=DIRECTION('center_axis',(0.,-1.,0.));
#5813=DIRECTION('ref_axis',(0.,0.,-1.));
#5814=DIRECTION('center_axis',(0.,-0.999902524009304,0.0139621803391453));
#5815=DIRECTION('ref_axis',(0.,-0.0139621803391453,-0.999902524009304));
#5816=DIRECTION('',(0.,-1.,0.));
#5817=DIRECTION('center_axis',(0.,-0.999902524009304,0.0139621803391453));
#5818=DIRECTION('ref_axis',(0.,-0.0139621803391453,-0.999902524009304));
#5819=DIRECTION('',(-0.0139608196270579,-0.013960819627058,-0.999805076517759));
#5820=DIRECTION('',(-1.,0.,0.));
#5821=DIRECTION('',(0.0104707634806318,-0.0139614149331654,-0.999847709406386));
#5822=DIRECTION('',(1.,0.,0.));
#5823=DIRECTION('',(-0.0174507057647597,-0.0139600542459043,-0.99975026369277));
#5824=DIRECTION('',(1.,0.,0.));
#5825=DIRECTION('',(-0.0174507057647596,0.0139600542459043,0.99975026369277));
#5826=DIRECTION('',(0.994520836007354,0.00145958597470999,0.104528351924327));
#5827=DIRECTION('',(-0.0104707634806331,0.0139614149331654,0.999847709406386));
#5828=DIRECTION('',(1.,0.,0.));
#5829=DIRECTION('',(0.013960819627058,-0.013960819627058,-0.999805076517759));
#5830=DIRECTION('',(1.,0.,0.));
#5831=DIRECTION('center_axis',(0.,0.,-1.));
#5832=DIRECTION('ref_axis',(-1.,0.,0.));
#5833=DIRECTION('center_axis',(0.,0.,-1.));
#5834=DIRECTION('ref_axis',(-1.,0.,0.));
#5835=DIRECTION('',(0.0139621803391852,-1.70987394615013E-18,-0.999902524009304));
#5836=DIRECTION('center_axis',(0.,0.,1.));
#5837=DIRECTION('ref_axis',(-1.,0.,0.));
#5838=DIRECTION('center_axis',(0.,0.,1.));
#5839=DIRECTION('ref_axis',(1.,0.,0.));
#5840=DIRECTION('center_axis',(0.,0.,1.));
#5841=DIRECTION('ref_axis',(1.,0.,0.));
#5842=DIRECTION('center_axis',(0.999902524009304,4.41487245966944E-16,0.0139621803391488));
#5843=DIRECTION('ref_axis',(0.0139621803391488,7.70371977754894E-34,-0.999902524009304));
#5844=DIRECTION('',(-0.013960819627058,-0.013960819627058,0.999805076517759));
#5845=DIRECTION('',(-4.41444211560263E-16,1.,-6.16412454562462E-18));
#5846=DIRECTION('',(0.0139619468495876,0.00578322774223074,-0.999885802638007));
#5847=DIRECTION('center_axis',(0.999902524009304,0.,-0.0139621803391453));
#5848=DIRECTION('ref_axis',(-0.0139621803391453,0.,-0.999902524009304));
#5849=DIRECTION('',(-0.013960819627058,-0.013960819627058,-0.999805076517759));
#5850=DIRECTION('',(0.,1.,0.));
#5851=DIRECTION('',(0.013960819627058,-0.013960819627058,0.999805076517759));
#5852=DIRECTION('',(0.,-1.,0.));
#5853=DIRECTION('',(-0.013960819627058,-0.013960819627058,-0.999805076517759));
#5854=DIRECTION('',(0.,1.,0.));
#5855=DIRECTION('center_axis',(0.,0.,-1.));
#5856=DIRECTION('ref_axis',(-1.,0.,0.));
#5857=DIRECTION('center_axis',(0.,0.,1.));
#5858=DIRECTION('ref_axis',(1.,0.,0.));
#5859=DIRECTION('',(-0.0104717841162479,-1.28242368993251E-18,0.999945169365512));
#5860=DIRECTION('center_axis',(0.,0.,1.));
#5861=DIRECTION('ref_axis',(1.,0.,0.));
#5862=DIRECTION('',(-0.0104717841162479,-1.28242368993251E-18,0.999945169365512));
#5863=DIRECTION('center_axis',(4.41487245966944E-16,-0.999902524009304,
-0.0139621803391453));
#5864=DIRECTION('ref_axis',(0.,0.0139621803391453,-0.999902524009304));
#5865=DIRECTION('',(1.,0.,0.));
#5866=DIRECTION('',(-0.00440221589403768,0.0139620450484207,-0.999892835154492));
#5867=DIRECTION('',(-1.,0.,0.));
#5868=DIRECTION('center_axis',(-6.96769993690796E-16,0.999902524009304,
0.0139621803391462));
#5869=DIRECTION('ref_axis',(4.48533096451249E-13,-0.0139621803391462,0.999902524009304));
#5870=DIRECTION('center_axis',(0.,0.,1.));
#5871=DIRECTION('ref_axis',(1.,0.,0.));
#5872=DIRECTION('',(0.573576436351047,-0.819152044288991,0.));
#5873=DIRECTION('',(0.819152044288991,0.573576436351047,0.));
#5874=DIRECTION('',(0.573576436351048,-0.819152044288991,0.));
#5875=DIRECTION('',(1.,0.,0.));
#5876=DIRECTION('',(4.41530284568854E-16,-1.,0.));
#5877=DIRECTION('',(-0.819152044288991,-0.573576436351046,0.));
#5878=DIRECTION('',(0.573576436351046,-0.819152044288991,0.));
#5879=DIRECTION('',(0.573576436351047,-0.819152044288991,0.));
#5880=DIRECTION('center_axis',(0.,0.,-1.));
#5881=DIRECTION('ref_axis',(-1.,0.,0.));
#5882=DIRECTION('',(-2.20765142284427E-16,-1.,0.));
#5883=DIRECTION('center_axis',(0.,0.,-1.));
#5884=DIRECTION('ref_axis',(-1.,0.,0.));
#5885=DIRECTION('',(0.,1.,0.));
#5886=DIRECTION('',(-2.20765142284427E-16,-1.,0.));
#5887=DIRECTION('',(0.707106781186543,0.707106781186552,0.));
#5888=DIRECTION('',(1.,4.41530284568854E-16,0.));
#5889=DIRECTION('',(-0.707106781186549,-0.707106781186546,0.));
#5890=DIRECTION('',(4.41530284568854E-16,-1.,0.));
#5891=DIRECTION('',(1.,0.,0.));
#5892=DIRECTION('',(0.573576436351047,-0.819152044288991,0.));
#5893=DIRECTION('',(0.819152044288991,0.573576436351047,0.));
#5894=DIRECTION('center_axis',(0.,0.,1.));
#5895=DIRECTION('ref_axis',(0.461748613235269,0.887010833178099,0.));
#5896=DIRECTION('',(0.,1.,0.));
#5897=DIRECTION('center_axis',(0.,0.,-1.));
#5898=DIRECTION('ref_axis',(1.,0.,0.));
#5899=DIRECTION('center_axis',(0.,0.,-1.));
#5900=DIRECTION('ref_axis',(1.,0.,0.));
#5901=DIRECTION('',(0.,-1.,0.));
#5902=DIRECTION('',(-0.707106781186544,-0.707106781186552,0.));
#5903=DIRECTION('',(0.,-1.,0.));
#5904=DIRECTION('center_axis',(0.,0.,-1.));
#5905=DIRECTION('ref_axis',(1.,0.,0.));
#5906=DIRECTION('',(-0.66724832158524,0.744835335723058,0.));
#5907=DIRECTION('',(-0.74483533572306,-0.667248321585237,0.));
#5908=DIRECTION('',(-0.66724832158524,0.744835335723058,0.));
#5909=DIRECTION('center_axis',(0.,0.,-1.));
#5910=DIRECTION('ref_axis',(1.,0.,0.));
#5911=DIRECTION('',(1.,0.,0.));
#5912=DIRECTION('',(0.,-1.,0.));
#5913=DIRECTION('',(-1.,0.,0.));
#5914=DIRECTION('',(0.,-1.,0.));
#5915=DIRECTION('center_axis',(0.,0.,-1.));
#5916=DIRECTION('ref_axis',(-1.,0.,0.));
#5917=DIRECTION('center_axis',(0.,0.,1.));
#5918=DIRECTION('ref_axis',(1.,0.,0.));
#5919=DIRECTION('',(-1.,0.,0.));
#5920=DIRECTION('center_axis',(0.,0.,1.));
#5921=DIRECTION('ref_axis',(1.,0.,0.));
#5922=DIRECTION('',(0.,-1.,0.));
#5923=DIRECTION('',(-0.707106781186544,-0.707106781186551,0.));
#5924=DIRECTION('',(0.,-1.,0.));
#5925=DIRECTION('center_axis',(0.,0.,-1.));
#5926=DIRECTION('ref_axis',(0.461748613235276,0.887010833178096,0.));
#5927=DIRECTION('',(0.819152044288991,0.573576436351047,0.));
#5928=DIRECTION('',(0.573576436351047,-0.819152044288991,0.));
#5929=DIRECTION('',(-0.819152044288991,-0.573576436351046,0.));
#5930=DIRECTION('',(-0.573576436351047,0.819152044288991,0.));
#5931=DIRECTION('',(-0.81915204428899,-0.573576436351049,0.));
#5932=DIRECTION('',(-0.573576436351046,0.819152044288991,0.));
#5933=DIRECTION('',(-0.819152044288993,-0.573576436351045,0.));
#5934=DIRECTION('',(0.,-1.,0.));
#5935=DIRECTION('',(0.573576436351049,-0.81915204428899,0.));
#5936=DIRECTION('',(0.819152044288991,0.573576436351048,0.));
#5937=DIRECTION('',(-0.573576436351049,0.819152044288989,0.));
#5938=DIRECTION('center_axis',(-3.10817865925337E-15,-1.73617819698693E-15,
1.));
#5939=DIRECTION('ref_axis',(0.819151188850485,0.573577658041905,3.54190126805829E-15));
#5940=DIRECTION('',(0.,1.,0.));
#5941=DIRECTION('center_axis',(-6.49458974425238E-15,8.50015685460542E-16,
1.));
#5942=DIRECTION('ref_axis',(0.999999999994467,3.32643957899458E-6,6.49458691669062E-15));
#5943=DIRECTION('',(0.707106781186544,0.707106781186551,0.));
#5944=DIRECTION('center_axis',(-1.73114010149625E-15,1.330438864627E-15,
-1.));
#5945=DIRECTION('ref_axis',(-0.707104429034622,0.707109133330648,2.16486230556325E-15));
#5946=DIRECTION('',(0.,1.,0.));
#5947=DIRECTION('center_axis',(0.,0.,1.));
#5948=DIRECTION('ref_axis',(0.707106781186451,-0.707106781186644,0.));
#5949=DIRECTION('',(0.,1.,0.));
#5950=DIRECTION('',(1.,0.,0.));
#5951=DIRECTION('center_axis',(0.,0.,1.));
#5952=DIRECTION('ref_axis',(-1.,0.,0.));
#5953=DIRECTION('',(0.,-1.,0.));
#5954=DIRECTION('center_axis',(0.,0.,1.));
#5955=DIRECTION('ref_axis',(-0.599989081723344,0.800008188591078,0.));
#5956=DIRECTION('',(-1.,0.,0.));
#5957=DIRECTION('',(0.,-1.,0.));
#5958=DIRECTION('',(-1.,0.,0.));
#5959=DIRECTION('center_axis',(0.,0.,-1.));
#5960=DIRECTION('ref_axis',(1.,0.,0.));
#5961=DIRECTION('',(0.,1.,0.));
#5962=DIRECTION('',(-1.,0.,0.));
#5963=DIRECTION('',(0.,-1.,0.));
#5964=DIRECTION('center_axis',(0.,0.,-1.));
#5965=DIRECTION('ref_axis',(1.,0.,0.));
#5966=DIRECTION('center_axis',(0.,0.,-1.));
#5967=DIRECTION('ref_axis',(1.,0.,0.));
#5968=DIRECTION('center_axis',(0.,0.,-1.));
#5969=DIRECTION('ref_axis',(-1.,0.,0.));
#5970=DIRECTION('center_axis',(0.,0.,-1.));
#5971=DIRECTION('ref_axis',(-1.,0.,0.));
#5972=DIRECTION('center_axis',(0.,0.,1.));
#5973=DIRECTION('ref_axis',(-1.,0.,0.));
#5974=DIRECTION('center_axis',(0.,-1.,0.));
#5975=DIRECTION('ref_axis',(1.,0.,0.));
#5976=DIRECTION('center_axis',(0.,0.,-1.));
#5977=DIRECTION('ref_axis',(-1.,0.,0.));
#5978=DIRECTION('center_axis',(0.,0.,1.));
#5979=DIRECTION('ref_axis',(-1.,0.,0.));
#5980=DIRECTION('',(0.,0.,-1.));
#5981=DIRECTION('center_axis',(-0.999902524009304,2.20743622983472E-16,
0.0139621803391518));
#5982=DIRECTION('ref_axis',(0.0139621803391518,-3.85185988877447E-34,0.999902524009304));
#5983=DIRECTION('',(0.0139617415576997,0.00792791699956788,0.99987110064484));
#5984=DIRECTION('',(-2.20722105780132E-16,-1.,3.08206227281297E-18));
#5985=DIRECTION('',(-0.0139621753364473,0.000846526892800799,-0.999902165740276));
#5986=DIRECTION('center_axis',(-6.83491938470308E-17,-5.30262717267964E-16,
-1.));
#5987=DIRECTION('ref_axis',(-1.,0.,4.45962211025247E-17));
#5988=DIRECTION('center_axis',(2.95596417271345E-32,-1.,5.30262717267964E-16));
#5989=DIRECTION('ref_axis',(1.,0.,-5.57452763781558E-17));
#5990=DIRECTION('center_axis',(0.,0.,1.));
#5991=DIRECTION('ref_axis',(-1.,0.,0.));
#5992=DIRECTION('center_axis',(0.,0.,1.));
#5993=DIRECTION('ref_axis',(-1.,0.,0.));
#5994=DIRECTION('center_axis',(8.28782661916322E-16,5.25640780904943E-16,
-1.));
#5995=DIRECTION('ref_axis',(-1.,0.,-8.47328200947973E-16));
#5996=DIRECTION('center_axis',(-2.22981105512624E-16,-1.,-5.25640780904944E-16));
#5997=DIRECTION('ref_axis',(1.,-2.22981105512624E-16,8.3617914567234E-16));
#5998=DIRECTION('center_axis',(0.,0.,1.));
#5999=DIRECTION('ref_axis',(-1.,0.,0.));
#6000=DIRECTION('center_axis',(0.,0.,1.));
#6001=DIRECTION('ref_axis',(-1.,0.,0.));
#6002=DIRECTION('center_axis',(2.35913172241784E-16,1.90199887801477E-16,
-1.));
#6003=DIRECTION('ref_axis',(-1.,0.,-2.22981105512624E-16));
#6004=DIRECTION('center_axis',(4.24109812503505E-32,-1.,-1.90199887801477E-16));
#6005=DIRECTION('ref_axis',(1.,0.,2.22981105512624E-16));
#6006=DIRECTION('center_axis',(0.,0.,-1.));
#6007=DIRECTION('ref_axis',(-1.,0.,0.));
#6008=DIRECTION('center_axis',(0.,0.,-1.));
#6009=DIRECTION('ref_axis',(-1.,0.,0.));
#6010=DIRECTION('center_axis',(0.,0.,1.));
#6011=DIRECTION('ref_axis',(1.,0.,0.));
#6012=DIRECTION('center_axis',(0.,0.,1.));
#6013=DIRECTION('ref_axis',(1.,0.,0.));
#6014=DIRECTION('',(-0.0139621803391853,-1.70987394615013E-18,0.999902524009304));
#6015=DIRECTION('center_axis',(0.,0.,-1.));
#6016=DIRECTION('ref_axis',(1.,0.,0.));
#6017=DIRECTION('center_axis',(0.,0.,1.));
#6018=DIRECTION('ref_axis',(1.,0.,0.));
#6019=DIRECTION('center_axis',(0.,0.,1.));
#6020=DIRECTION('ref_axis',(1.,0.,0.));
#6021=DIRECTION('',(-0.0139621803391853,-1.70987394615013E-18,0.999902524009304));
#6022=DIRECTION('center_axis',(0.,0.,-1.));
#6023=DIRECTION('ref_axis',(1.,0.,0.));
#6024=DIRECTION('center_axis',(0.,0.,1.));
#6025=DIRECTION('ref_axis',(1.,0.,0.));
#6026=DIRECTION('center_axis',(0.,0.,1.));
#6027=DIRECTION('ref_axis',(1.,0.,0.));
#6028=DIRECTION('',(-0.0139621803391853,-1.70987394615013E-18,0.999902524009304));
#6029=DIRECTION('center_axis',(0.,0.,-1.));
#6030=DIRECTION('ref_axis',(1.,0.,0.));
#6031=DIRECTION('center_axis',(0.,0.,1.));
#6032=DIRECTION('ref_axis',(1.,0.,0.));
#6033=DIRECTION('',(-0.0104717841162479,-1.28242368993251E-18,0.999945169365512));
#6034=DIRECTION('center_axis',(0.,-1.,0.));
#6035=DIRECTION('ref_axis',(0.,0.,-1.));
#6036=DIRECTION('center_axis',(2.08104584091743E-16,-0.999902524009304,
-0.0139621803391452));
#6037=DIRECTION('ref_axis',(-3.29707837189116E-11,0.0139621803391452,-0.999902524009304));
#6038=DIRECTION('',(8.65956056215817E-17,0.707106781202614,-0.707106781170481));
#6039=DIRECTION('center_axis',(0.,-1.,0.));
#6040=DIRECTION('ref_axis',(0.,0.,-1.));
#6041=DIRECTION('center_axis',(0.,0.,1.));
#6042=DIRECTION('ref_axis',(1.,0.,0.));
#6043=DIRECTION('center_axis',(0.,0.,-1.));
#6044=DIRECTION('ref_axis',(1.,0.,0.));
#6045=DIRECTION('',(0.0104717841160385,1.28242368990687E-18,-0.999945169365514));
#6046=DIRECTION('center_axis',(0.,0.,1.));
#6047=DIRECTION('ref_axis',(1.,0.,0.));
#6048=DIRECTION('',(0.0104717841160385,1.28242368990687E-18,-0.999945169365514));
#6049=DIRECTION('center_axis',(0.,0.,1.));
#6050=DIRECTION('ref_axis',(1.,0.,0.));
#6051=DIRECTION('',(-0.0104717841161253,-1.28242368991749E-18,0.999945169365513));
#6052=DIRECTION('center_axis',(0.,0.,1.));
#6053=DIRECTION('ref_axis',(1.,0.,0.));
#6054=DIRECTION('center_axis',(0.,0.,1.));
#6055=DIRECTION('ref_axis',(1.,0.,0.));
#6056=DIRECTION('',(-0.0104717841161253,-1.28242368991749E-18,0.999945169365513));
#6057=DIRECTION('center_axis',(0.,0.,1.));
#6058=DIRECTION('ref_axis',(1.,0.,0.));
#6059=DIRECTION('center_axis',(0.,0.,-1.));
#6060=DIRECTION('ref_axis',(-1.,0.,0.));
#6061=DIRECTION('center_axis',(0.,0.,-1.));
#6062=DIRECTION('ref_axis',(-1.,0.,0.));
#6063=DIRECTION('',(0.0104717841165433,-1.28242368996868E-18,-0.999945169365509));
#6064=DIRECTION('center_axis',(0.,-1.,0.));
#6065=DIRECTION('ref_axis',(0.,0.,-1.));
#6066=DIRECTION('center_axis',(-2.50564251568928E-17,0.999902524009304,
-0.0139621803391451));
#6067=DIRECTION('ref_axis',(4.47293938338215E-10,0.0139621803391451,0.999902524009304));
#6068=DIRECTION('',(0.,-1.,0.));
#6069=DIRECTION('center_axis',(-4.55571366488961E-18,-0.999902524009304,
0.0139621803391453));
#6070=DIRECTION('ref_axis',(-6.19891055897196E-10,-0.0139621803391453,-0.999902524009304));
#6071=DIRECTION('',(0.,1.,0.));
#6072=DIRECTION('center_axis',(0.0139571610508045,0.0268114569218536,-0.999543067322829));
#6073=DIRECTION('ref_axis',(-2.44487589895481E-17,0.999640438215639,0.0268140687707908));
#6074=DIRECTION('center_axis',(0.,0.,1.));
#6075=DIRECTION('ref_axis',(0.461748613235276,0.887010833178096,0.));
#6076=DIRECTION('',(-0.0139571610508046,-0.0268114569218542,0.999543067322829));
#6077=DIRECTION('',(0.0139571610508046,0.0268114569218531,-0.999543067322829));
#6078=DIRECTION('center_axis',(0.0139571610508045,0.0268114569218536,-0.999543067322829));
#6079=DIRECTION('ref_axis',(-1.79435459546351E-17,0.999640438215639,0.0268140687707908));
#6080=DIRECTION('',(-0.0139571610508036,-0.0268114569218532,0.999543067322829));
#6081=DIRECTION('',(0.819152044288991,0.573576436351047,0.));
#6082=DIRECTION('center_axis',(0.,0.,-1.));
#6083=DIRECTION('ref_axis',(0.461748613235269,0.887010833178099,0.));
#6084=DIRECTION('',(0.0139571610508045,0.0268114569218536,-0.999543067322829));
#6085=DIRECTION('center_axis',(-4.41530284568854E-16,1.,0.));
#6086=DIRECTION('ref_axis',(-1.,-4.41530284568854E-16,0.));
#6087=DIRECTION('center_axis',(-4.41530284568854E-16,1.,0.));
#6088=DIRECTION('ref_axis',(-1.,-4.41530284568854E-16,0.));
#6089=DIRECTION('',(-4.41530284568854E-16,1.,0.));
#6090=DIRECTION('center_axis',(4.41530284568854E-16,-1.,0.));
#6091=DIRECTION('ref_axis',(-1.,-4.41530284568854E-16,0.));
#6092=DIRECTION('center_axis',(0.,0.,1.));
#6093=DIRECTION('ref_axis',(1.,0.,0.));
#6094=DIRECTION('center_axis',(0.,0.,-1.));
#6095=DIRECTION('ref_axis',(1.,0.,0.));
#6096=DIRECTION('',(0.0104717841160385,1.28242368990687E-18,-0.999945169365514));
#6097=DIRECTION('center_axis',(0.,0.,1.));
#6098=DIRECTION('ref_axis',(1.,0.,0.));
#6099=DIRECTION('center_axis',(0.,0.,-1.));
#6100=DIRECTION('ref_axis',(1.,-7.56491296138205E-15,0.));
#6101=DIRECTION('',(0.0139621803391602,1.70987394614706E-18,-0.999902524009304));
#6102=DIRECTION('center_axis',(0.,0.,1.));
#6103=DIRECTION('ref_axis',(1.,0.,0.));
#6104=DIRECTION('center_axis',(0.,1.,0.));
#6105=DIRECTION('ref_axis',(0.,0.,1.));
#6106=DIRECTION('center_axis',(0.,1.,0.));
#6107=DIRECTION('ref_axis',(0.,0.,1.));
#6108=DIRECTION('',(-8.65956056235493E-17,0.707106781186547,-0.707106781186547));
#6109=DIRECTION('center_axis',(0.,-1.,0.));
#6110=DIRECTION('ref_axis',(0.,0.,1.));
#6111=DIRECTION('center_axis',(0.,1.,0.));
#6112=DIRECTION('ref_axis',(0.,0.,1.));
#6113=DIRECTION('center_axis',(9.91270557786036E-16,1.,0.));
#6114=DIRECTION('ref_axis',(-1.,9.91270557786036E-16,0.));
#6115=DIRECTION('',(0.707106781186548,0.707106781186547,-8.65956056235493E-17));
#6116=DIRECTION('center_axis',(-9.91270557786036E-16,-1.,0.));
#6117=DIRECTION('ref_axis',(-1.,9.91270557786036E-16,0.));
#6118=DIRECTION('center_axis',(-4.41530284568854E-16,1.,0.));
#6119=DIRECTION('ref_axis',(-1.,-4.41530284568854E-16,0.));
#6120=DIRECTION('center_axis',(-4.41530284568854E-16,1.,0.));
#6121=DIRECTION('ref_axis',(-1.,-4.41530284568854E-16,0.));
#6122=DIRECTION('',(-4.41530284568854E-16,1.,0.));
#6123=DIRECTION('center_axis',(0.819152044289002,0.573576436351032,-8.88851954060116E-15));
#6124=DIRECTION('ref_axis',(-0.573576436351032,0.819152044289002,3.23432971140615E-29));
#6125=DIRECTION('center_axis',(4.97263590493617E-14,-1.00834891585718E-13,
1.));
#6126=DIRECTION('ref_axis',(-0.573363961277271,0.81930077987784,1.10845469957869E-13));
#6127=DIRECTION('center_axis',(-0.953716950748232,-0.300705799504257,9.61645053345812E-15));
#6128=DIRECTION('ref_axis',(0.300705799504257,-0.953716950748232,-2.36658271566304E-30));
#6129=DIRECTION('center_axis',(-0.00609932312513392,0.0131234668425994,
-0.999895280954684));
#6130=DIRECTION('ref_axis',(-0.300924414999505,0.953540011844943,0.0143506887622895));
#6131=DIRECTION('center_axis',(0.,0.,1.));
#6132=DIRECTION('ref_axis',(-0.300457010274092,0.953795358018246,0.));
#6133=DIRECTION('center_axis',(-1.,-2.34548729268013E-14,-2.37846725269549E-14));
#6134=DIRECTION('ref_axis',(-2.37846725269549E-14,-1.53635558296422E-29,
1.));
#6135=DIRECTION('center_axis',(-0.00253103833741617,0.0142485427145375,
-0.999895280954684));
#6136=DIRECTION('ref_axis',(-0.000260436900919589,0.999898440409362,0.0142492469816938));
#6137=DIRECTION('center_axis',(-1.,0.,0.));
#6138=DIRECTION('ref_axis',(0.,0.,1.));
#6139=DIRECTION('',(-1.,0.,0.));
#6140=DIRECTION('center_axis',(-1.,0.,0.));
#6141=DIRECTION('ref_axis',(0.,0.,1.));
#6142=DIRECTION('',(1.,0.,0.));
#6143=DIRECTION('center_axis',(-8.10567867778521E-15,-2.15644566935944E-14,
1.));
#6144=DIRECTION('ref_axis',(0.971395569050431,-0.237467152316251,2.75297022947213E-15));
#6145=DIRECTION('center_axis',(-0.887010833178236,0.461748613235006,-6.34105715710496E-14));
#6146=DIRECTION('ref_axis',(-0.461748613235006,-0.887010833178236,-1.13595970351826E-28));
#6147=DIRECTION('center_axis',(0.00417630382716665,0.0147062893907164,-0.999883134940629));
#6148=DIRECTION('ref_axis',(0.971338628485653,-0.237699293425283,0.000560996195392079));
#6149=DIRECTION('center_axis',(0.,0.,1.));
#6150=DIRECTION('ref_axis',(0.751691312268987,-0.659515102980461,0.));
#6151=DIRECTION('center_axis',(-0.573576436351048,0.81915204428899,-1.05946237831413E-14));
#6152=DIRECTION('ref_axis',(-0.81915204428899,-0.573576436351048,4.02319061662716E-29));
#6153=DIRECTION('center_axis',(0.0096512575521223,0.0118562088783997,-0.999883134940626));
#6154=DIRECTION('ref_axis',(0.751848811145301,-0.659335309582815,-0.000560996195551612));
#6155=DIRECTION('center_axis',(-0.573576436351047,0.819152044288991,0.));
#6156=DIRECTION('ref_axis',(-0.819152044288991,-0.573576436351047,0.));
#6157=DIRECTION('',(-0.573576436351046,0.819152044288991,0.));
#6158=DIRECTION('center_axis',(-0.573576436351047,0.819152044288991,0.));
#6159=DIRECTION('ref_axis',(-0.819152044288991,-0.573576436351047,0.));
#6160=DIRECTION('',(-0.573576436351047,0.819152044288991,0.));
#6161=DIRECTION('center_axis',(0.,0.,1.));
#6162=DIRECTION('ref_axis',(0.81930077987986,0.573363961274384,0.));
#6163=DIRECTION('center_axis',(-0.300705799504243,0.953716950748236,2.51692372568319E-14));
#6164=DIRECTION('ref_axis',(-0.953716950748236,-0.300705799504243,2.01948391736579E-28));
#6165=DIRECTION('center_axis',(0.013123466842549,0.00609932312511279,-0.999895280954685));
#6166=DIRECTION('ref_axis',(0.95354001184497,0.30092441499942,0.0143506887622351));
#6167=DIRECTION('center_axis',(0.,0.,1.));
#6168=DIRECTION('ref_axis',(0.953795358018262,0.300457010274042,0.));
#6169=DIRECTION('center_axis',(0.,1.,0.));
#6170=DIRECTION('ref_axis',(0.,0.,1.));
#6171=DIRECTION('center_axis',(0.014248542714441,0.00253103833740179,-0.999895280954685));
#6172=DIRECTION('ref_axis',(0.999898440409364,0.000260436900932923,0.0142492469815971));
#6173=DIRECTION('center_axis',(0.,1.,0.));
#6174=DIRECTION('ref_axis',(0.,0.,1.));
#6175=DIRECTION('',(0.,1.,0.));
#6176=DIRECTION('center_axis',(0.,1.,0.));
#6177=DIRECTION('ref_axis',(0.,0.,1.));
#6178=DIRECTION('',(0.,1.,0.));
#6179=DIRECTION('center_axis',(0.707106781186574,0.707106781186521,3.78414866205474E-14));
#6180=DIRECTION('ref_axis',(-0.707106781186521,0.707106781186574,2.20881053461883E-29));
#6181=DIRECTION('center_axis',(-0.707106781186544,-0.707106781186551,0.));
#6182=DIRECTION('ref_axis',(0.707106781186551,-0.707106781186544,0.));
#6183=DIRECTION('',(0.707106781186543,0.707106781186552,0.));
#6184=DIRECTION('center_axis',(0.707106781186544,0.707106781186551,0.));
#6185=DIRECTION('ref_axis',(0.707106781186551,-0.707106781186544,-1.15648231731787E-14));
#6186=DIRECTION('',(0.707106781186544,0.707106781186551,0.));
#6187=DIRECTION('center_axis',(0.,1.,0.));
#6188=DIRECTION('ref_axis',(0.,0.,1.));
#6189=DIRECTION('center_axis',(0.,-1.,0.));
#6190=DIRECTION('ref_axis',(0.,0.,-1.));
#6191=DIRECTION('center_axis',(0.,1.,0.));
#6192=DIRECTION('ref_axis',(0.,0.,-1.));
#6193=DIRECTION('',(0.,1.,0.));
#6194=DIRECTION('',(0.,1.,0.));
#6195=DIRECTION('center_axis',(1.,0.,0.));
#6196=DIRECTION('ref_axis',(0.,0.,-1.));
#6197=DIRECTION('center_axis',(1.,0.,0.));
#6198=DIRECTION('ref_axis',(0.,0.,-1.));
#6199=DIRECTION('center_axis',(1.,0.,0.));
#6200=DIRECTION('ref_axis',(0.,0.,-1.));
#6201=DIRECTION('',(1.,0.,0.));
#6202=DIRECTION('center_axis',(0.707106781186548,-0.707106781186548,0.));
#6203=DIRECTION('ref_axis',(0.707106781186548,0.707106781186548,0.));
#6204=DIRECTION('center_axis',(-0.00219223467471143,-0.002331404580718,
-0.999994879316795));
#6205=DIRECTION('ref_axis',(-0.707094124223481,-0.70711220313641,0.00319869726639715));
#6206=DIRECTION('center_axis',(0.,-1.,0.));
#6207=DIRECTION('ref_axis',(0.,0.,-1.));
#6208=DIRECTION('center_axis',(-0.00233140458071799,-0.00219223467471143,
-0.999994879316795));
#6209=DIRECTION('ref_axis',(-0.999997282187069,-7.97166765775624E-6,0.00233142765866573));
#6210=DIRECTION('center_axis',(0.,-1.,0.));
#6211=DIRECTION('ref_axis',(0.,0.,-1.));
#6212=DIRECTION('center_axis',(0.,-1.,0.));
#6213=DIRECTION('ref_axis',(0.,0.,-1.));
#6214=DIRECTION('',(0.,-1.,0.));
#6215=DIRECTION('',(0.,-1.,0.));
#6216=DIRECTION('center_axis',(-0.707106781186547,-0.707106781186548,-1.30893450685787E-15));
#6217=DIRECTION('ref_axis',(0.707106781186548,-0.707106781186547,4.93038065763132E-30));
#6218=DIRECTION('center_axis',(-0.00233140458072474,0.0021922346747158,
-0.999994879316795));
#6219=DIRECTION('ref_axis',(-0.707112203136407,0.707094124223483,0.00319869726640492));
#6220=DIRECTION('center_axis',(-1.,-1.46592955792508E-15,-2.04695681436404E-17));
#6221=DIRECTION('ref_axis',(1.46592955792508E-15,-1.,4.16077978156938E-34));
#6222=DIRECTION('center_axis',(-0.00219223467470991,0.00233140458071055,
-0.999994879316795));
#6223=DIRECTION('ref_axis',(-7.97166765276002E-6,0.999997282187069,0.00233142765865799));
#6224=DIRECTION('center_axis',(-1.,-4.41530284568854E-16,0.));
#6225=DIRECTION('ref_axis',(4.41530284568854E-16,-1.,0.));
#6226=DIRECTION('center_axis',(-1.,-4.41530284568854E-16,0.));
#6227=DIRECTION('ref_axis',(4.41530284568854E-16,-1.,0.));
#6228=DIRECTION('',(-1.,-4.41530284568854E-16,0.));
#6229=DIRECTION('',(-1.,0.,0.));
#6230=DIRECTION('center_axis',(0.000660238801296959,-0.0020940099443992,
-0.999997589600634));
#6231=DIRECTION('ref_axis',(0.000248465936601834,-0.999997776346694,0.00209417438269605));
#6232=DIRECTION('center_axis',(3.18422024543027E-15,-4.15492989583717E-14,
-1.));
#6233=DIRECTION('ref_axis',(0.98837814153323,0.152015293109997,-3.16891517126092E-15));
#6234=DIRECTION('center_axis',(-0.953716950748224,-0.300705799504282,-2.31230203279913E-14));
#6235=DIRECTION('ref_axis',(0.300705799504282,-0.953716950748224,-2.66634985964702E-28));
#6236=DIRECTION('center_axis',(-0.819152044288983,-0.573576436351059,-5.02142869168618E-15));
#6237=DIRECTION('ref_axis',(0.573576436351059,-0.819152044288983,-8.67746995743113E-30));
#6238=DIRECTION('center_axis',(0.000660238798508803,-0.00209400994717509,
-0.99999758960063));
#6239=DIRECTION('ref_axis',(0.300954023255005,-0.953636123001863,0.00219563034261791));
#6240=DIRECTION('center_axis',(0.,0.,-1.));
#6241=DIRECTION('ref_axis',(0.896824364900757,0.442386774802722,0.));
#6242=DIRECTION('center_axis',(-0.819152044288991,-0.573576436351047,0.));
#6243=DIRECTION('ref_axis',(0.573576436351047,-0.819152044288991,0.));
#6244=DIRECTION('',(-0.819152044288991,-0.573576436351048,0.));
#6245=DIRECTION('',(-0.819152044288991,-0.573576436351047,0.));
#6246=DIRECTION('center_axis',(0.,0.,1.));
#6247=DIRECTION('ref_axis',(1.,0.,0.));
#6248=DIRECTION('center_axis',(0.,0.,1.));
#6249=DIRECTION('ref_axis',(1.,0.,0.));
#6250=DIRECTION('center_axis',(0.,0.,1.));
#6251=DIRECTION('ref_axis',(1.,0.,0.));
#6252=DIRECTION('center_axis',(0.,0.,1.));
#6253=DIRECTION('ref_axis',(1.,0.,0.));
#6254=DIRECTION('center_axis',(0.819072196631943,0.573520526419674,0.0139621803391453));
#6255=DIRECTION('ref_axis',(-0.573576436351047,0.819152044288991,0.));
#6256=DIRECTION('',(0.00342843676722428,0.0194436311076822,-0.999805076517759));
#6257=DIRECTION('',(-0.573576436351047,0.819152044288991,0.));
#6258=DIRECTION('',(-0.00726805906435826,-0.0139618115604027,0.999876113893811));
#6259=DIRECTION('',(0.0139620450484197,0.00440221589403993,-0.999892835154492));
#6260=DIRECTION('',(-0.0194436311076804,0.00342843676722798,0.999805076517759));
#6261=DIRECTION('center_axis',(-0.819072196631941,-0.573520526419678,-0.0139621803391539));
#6262=DIRECTION('ref_axis',(0.01143714855316,0.00800837766317284,-0.999902524009304));
#6263=DIRECTION('center_axis',(0.999902524009304,0.,0.0139621803391453));
#6264=DIRECTION('ref_axis',(0.0139621803391453,0.,-0.999902524009304));
#6265=DIRECTION('',(0.0139619468495839,-0.00578322774222997,-0.999885802638007));
#6266=DIRECTION('',(-0.0139620450484193,-0.00440221589404084,0.999892835154492));
#6267=DIRECTION('center_axis',(0.707037855252528,-0.70703785525252,0.0139621803391453));
#6268=DIRECTION('ref_axis',(0.707106781186544,0.707106781186551,8.67361737988403E-19));
#6269=DIRECTION('',(0.0139619468495848,-0.00578322774222929,-0.999885802638007));
#6270=DIRECTION('',(-0.0139619468495839,0.00578322774222997,0.999885802638007));
#6271=DIRECTION('center_axis',(0.999902524009304,0.,0.0139621803391453));
#6272=DIRECTION('ref_axis',(0.0139621803391453,0.,-0.999902524009304));
#6273=DIRECTION('',(-0.0139619468495843,0.00578322774223003,0.999885802638007));
#6274=DIRECTION('',(0.0139608196270582,-0.013960819627058,-0.999805076517759));
#6275=DIRECTION('center_axis',(-0.013960819627058,0.013960819627058,0.999805076517759));
#6276=DIRECTION('ref_axis',(0.999902524009304,-5.42101086242752E-18,0.0139621803391453));
#6277=DIRECTION('center_axis',(-0.999902524009304,0.,0.0139621803391453));
#6278=DIRECTION('ref_axis',(0.0139621803391453,0.,0.999902524009304));
#6279=DIRECTION('',(0.013960819627058,0.013960819627058,0.999805076517759));
#6280=DIRECTION('',(-0.013960819627058,0.0139608196270573,-0.999805076517759));
#6281=DIRECTION('',(0.,-1.,0.));
#6282=DIRECTION('',(-0.013960819627058,-0.0139608196270592,-0.999805076517759));
#6283=DIRECTION('',(0.,-1.,0.));
#6284=DIRECTION('',(0.013960819627058,-0.0139608196270575,0.999805076517759));
#6285=DIRECTION('',(0.013960819627058,-0.0139608196270578,0.999805076517759));
#6286=DIRECTION('center_axis',(-4.41487245966944E-16,0.999902524009304,
0.0139621803391453));
#6287=DIRECTION('ref_axis',(0.,-0.0139621803391453,0.999902524009304));
#6288=DIRECTION('',(-0.00440221589404016,0.0139620450484193,-0.999892835154492));
#6289=DIRECTION('',(-1.,-4.41444211560264E-16,-6.16412454562307E-18));
#6290=DIRECTION('',(0.013960819627058,-0.0139608196270577,0.999805076517759));
#6291=DIRECTION('center_axis',(-0.573520526419674,0.819072196631944,0.0139621803391453));
#6292=DIRECTION('ref_axis',(-0.819152044288991,-0.573576436351047,8.67361737988403E-19));
#6293=DIRECTION('',(-0.00440221589404084,0.0139620450484193,-0.999892835154492));
#6294=DIRECTION('',(-0.819152044288991,-0.573576436351047,0.));
#6295=DIRECTION('',(0.00440221589403993,-0.0139620450484193,0.999892835154492));
#6296=DIRECTION('center_axis',(0.819107129662661,0.573544986791114,0.0104717841162411));
#6297=DIRECTION('ref_axis',(-0.573576436351047,0.819152044288991,0.));
#6298=DIRECTION('',(-0.0165850859342057,0.00543073838057708,0.999847709406386));
#6299=DIRECTION('',(0.0165850859342051,-0.00543073838057603,-0.999847709406386));
#6300=DIRECTION('',(-0.000569208686639191,-0.0174423047867625,0.999847709406386));
#6301=DIRECTION('',(-0.573576436351047,0.819152044288991,0.));
#6302=DIRECTION('',(0.000569208686636482,0.017442304786761,-0.999847709406386));
#6303=DIRECTION('center_axis',(-0.819107129662661,-0.573544986791114,-0.0104717841162448));
#6304=DIRECTION('ref_axis',(0.00857798336190752,0.00600636862172759,-0.999945169365512));
#6305=DIRECTION('center_axis',(-0.819152044288991,-0.573576436351047,0.));
#6306=DIRECTION('ref_axis',(0.573576436351047,-0.819152044288991,0.));
#6307=DIRECTION('center_axis',(0.,0.,1.));
#6308=DIRECTION('ref_axis',(1.,0.,0.));
#6309=DIRECTION('center_axis',(-2.37571849648803E-16,-1.48540793429503E-15,
1.));
#6310=DIRECTION('ref_axis',(-6.46322951297067E-6,0.999999999979113,1.48540639878261E-15));
#6311=DIRECTION('',(0.819152044288991,0.573576436351048,0.));
#6312=DIRECTION('',(0.573576436351047,-0.819152044288991,0.));
#6313=DIRECTION('',(1.,0.,0.));
#6314=DIRECTION('',(0.819152044288991,0.573576436351047,0.));
#6315=DIRECTION('',(-0.573576436351049,0.81915204428899,0.));
#6316=DIRECTION('',(0.819152044288996,0.573576436351041,0.));
#6317=DIRECTION('',(0.819152044288991,0.573576436351047,0.));
#6318=DIRECTION('',(1.,0.,0.));
#6319=DIRECTION('center_axis',(0.,0.,1.));
#6320=DIRECTION('ref_axis',(-0.707106781186451,0.707106781186644,0.));
#6321=DIRECTION('center_axis',(2.72118210621673E-15,-1.35380550680918E-14,
-1.));
#6322=DIRECTION('ref_axis',(-1.49140997242886E-6,-0.999999999998888,1.35380510096786E-14));
#6323=DIRECTION('center_axis',(1.08175235881483E-15,-1.06257054175219E-14,
1.));
#6324=DIRECTION('ref_axis',(-0.573577658041931,0.819151188850467,9.32452820968824E-15));
#6325=DIRECTION('',(-1.,0.,0.));
#6326=DIRECTION('center_axis',(-0.573520526419675,0.819072196631943,0.0139621803391408));
#6327=DIRECTION('ref_axis',(-0.819152044288991,-0.573576436351048,-8.67361737988404E-19));
#6328=DIRECTION('',(0.819152044288991,0.573576436351048,0.));
#6329=DIRECTION('',(-0.00342843676722798,-0.0194436311076767,0.999805076517759));
#6330=DIRECTION('center_axis',(0.819152044288991,0.573576436351048,0.));
#6331=DIRECTION('ref_axis',(-0.573576436351047,0.819152044288991,0.));
#6332=DIRECTION('',(0.819152044288991,0.573576436351048,0.));
#6333=DIRECTION('center_axis',(0.819072196631943,0.573520526419674,0.0139621803391504));
#6334=DIRECTION('ref_axis',(-0.0114371485853038,-0.00800837761726072,0.999902524009304));
#6335=DIRECTION('center_axis',(0.573520526419675,-0.819072196631943,0.0139621803391408));
#6336=DIRECTION('ref_axis',(0.819152044288991,0.573576436351048,-8.67361737988404E-19));
#6337=DIRECTION('',(0.0194436311076785,-0.00342843676722243,-0.999805076517759));
#6338=DIRECTION('center_axis',(0.0139620450484195,0.0044022158940405,-0.999892835154492));
#6339=DIRECTION('ref_axis',(-0.999902524009304,-1.6940658945086E-18,-0.0139621803391453));
#6340=DIRECTION('center_axis',(0.00726805906435822,0.0139618115604029,-0.999876113893811));
#6341=DIRECTION('ref_axis',(2.79182059415017E-18,0.999902524009304,0.0139621803391453));
#6342=DIRECTION('',(-0.00726805906435822,-0.0139618115604029,0.999876113893811));
#6343=DIRECTION('center_axis',(-0.0139619468495841,0.00578322774223,0.999885802638007));
#6344=DIRECTION('ref_axis',(0.999902524009304,-2.23616698075135E-18,0.0139621803391453));
#6345=DIRECTION('center_axis',(0.0139619468495841,-0.00578322774223,-0.999885802638007));
#6346=DIRECTION('ref_axis',(-0.999902524009304,2.23616698075135E-18,-0.0139621803391453));
#6347=DIRECTION('center_axis',(0.104528463267647,0.,-0.994521895368274));
#6348=DIRECTION('ref_axis',(-0.994521895368274,0.,-0.104528463267647));
#6349=DIRECTION('',(0.,-1.,0.));
#6350=DIRECTION('',(0.,1.,0.));
#6351=DIRECTION('',(-0.994520239997294,-0.00182454807623799,-0.104528289281146));
#6352=DIRECTION('center_axis',(-0.999847695156391,0.,-0.0174524064372836));
#6353=DIRECTION('ref_axis',(-0.0174524064372836,0.,0.999847695156391));
#6354=DIRECTION('',(-0.0174497491606823,0.0174497491606823,0.999695459881887));
#6355=DIRECTION('center_axis',(0.999847695156391,0.,-0.0174524064372835));
#6356=DIRECTION('ref_axis',(-0.0174524064372835,0.,-0.999847695156391));
#6357=DIRECTION('',(-0.0174497491606828,-0.0174497491606827,-0.999695459881887));
#6358=DIRECTION('',(0.,-1.,0.));
#6359=DIRECTION('center_axis',(0.,0.,-1.));
#6360=DIRECTION('ref_axis',(-1.,0.,0.));
#6361=DIRECTION('center_axis',(0.,0.,1.));
#6362=DIRECTION('ref_axis',(-1.,0.,0.));
#6363=DIRECTION('center_axis',(0.,0.,-1.));
#6364=DIRECTION('ref_axis',(-1.,0.,0.));
#6365=DIRECTION('',(-1.,0.,0.));
#6366=DIRECTION('',(0.,-1.,0.));
#6367=DIRECTION('',(1.,0.,0.));
#6368=DIRECTION('',(0.,1.,0.));
#6369=DIRECTION('center_axis',(0.999945169365512,9.91216205707405E-17,0.0104717841162458));
#6370=DIRECTION('ref_axis',(0.0104717841162458,0.,-0.999945169365512));
#6371=DIRECTION('',(9.91161856693931E-17,-1.,1.03798021186922E-18));
#6372=DIRECTION('',(0.0104717841162458,0.,-0.999945169365512));
#6373=DIRECTION('center_axis',(0.,0.,1.));
#6374=DIRECTION('ref_axis',(1.,0.,0.));
#6375=DIRECTION('center_axis',(0.,0.,-1.));
#6376=DIRECTION('ref_axis',(-0.707106781186451,-0.707106781186644,0.));
#6377=DIRECTION('',(-1.,0.,0.));
#6378=DIRECTION('center_axis',(0.,0.,-1.));
#6379=DIRECTION('ref_axis',(-0.599989081723344,0.800008188591078,0.));
#6380=DIRECTION('',(0.,-1.,0.));
#6381=DIRECTION('center_axis',(0.,0.,1.));
#6382=DIRECTION('ref_axis',(-1.,0.,0.));
#6383=DIRECTION('center_axis',(0.,0.,1.));
#6384=DIRECTION('ref_axis',(-1.,0.,0.));
#6385=DIRECTION('center_axis',(-0.013960819627058,-0.013960819627058,-0.999805076517759));
#6386=DIRECTION('ref_axis',(-0.999902524009304,-5.50232602536393E-18,0.0139621803391453));
#6387=DIRECTION('center_axis',(0.,0.999902524009304,0.0139621803391453));
#6388=DIRECTION('ref_axis',(-0.0139662638017488,0.0139608185655501,-0.999805000497797));
#6389=DIRECTION('center_axis',(0.,0.999902524009304,0.0139621803391453));
#6390=DIRECTION('ref_axis',(0.,-0.0139621803391453,0.999902524009304));
#6391=DIRECTION('',(0.0104707634806318,-0.0139614149331654,0.999847709406386));
#6392=DIRECTION('center_axis',(0.,-0.999902524009304,-0.0139621803391453));
#6393=DIRECTION('ref_axis',(0.,0.0139621803391453,-0.999902524009304));
#6394=DIRECTION('',(1.,0.,0.));
#6395=DIRECTION('center_axis',(0.,0.,-1.));
#6396=DIRECTION('ref_axis',(-1.,0.,0.));
#6397=DIRECTION('',(1.,0.,0.));
#6398=DIRECTION('center_axis',(0.,0.999902524009304,-0.0139621803391453));
#6399=DIRECTION('ref_axis',(0.,0.0139621803391453,0.999902524009304));
#6400=DIRECTION('center_axis',(-0.013960819627058,0.013960819627058,-0.999805076517759));
#6401=DIRECTION('ref_axis',(-0.999902524009304,5.47522097105179E-18,0.0139621803391453));
#6402=DIRECTION('center_axis',(0.00440221589404049,-0.0139620450484195,
0.999892835154492));
#6403=DIRECTION('ref_axis',(1.6940658945086E-18,-0.999902524009304,-0.0139621803391453));
#6404=DIRECTION('center_axis',(-0.00440221589404049,0.0139620450484195,
-0.999892835154492));
#6405=DIRECTION('ref_axis',(-1.6940658945086E-18,0.999902524009304,0.0139621803391453));
#6406=DIRECTION('',(-0.00440221589404049,0.0139620450484195,-0.999892835154492));
#6407=DIRECTION('center_axis',(0.,0.,-1.));
#6408=DIRECTION('ref_axis',(-1.,0.,0.));
#6409=DIRECTION('center_axis',(0.,0.,-1.));
#6410=DIRECTION('ref_axis',(-1.,0.,0.));
#6411=DIRECTION('center_axis',(0.,0.,-1.));
#6412=DIRECTION('ref_axis',(-1.,0.,0.));
#6413=DIRECTION('center_axis',(0.819152044288991,0.573576436351048,0.));
#6414=DIRECTION('ref_axis',(-0.573576436351048,0.819152044288991,0.));
#6415=DIRECTION('',(-0.819152044288991,-0.573576436351048,0.));
#6416=DIRECTION('center_axis',(-0.819072196631944,-0.573520526419674,0.0139621803391476));
#6417=DIRECTION('ref_axis',(-0.0114371485413606,-0.00800837768001314,-0.999902524009304));
#6418=DIRECTION('',(0.819152044288991,0.573576436351048,0.));
#6419=DIRECTION('center_axis',(0.573520526419675,-0.819072196631943,0.0139621803391405));
#6420=DIRECTION('ref_axis',(0.819152044288991,0.573576436351048,0.));
#6421=DIRECTION('',(0.00342843676722983,0.0194436311076785,0.999805076517759));
#6422=DIRECTION('center_axis',(-0.573520526419674,0.819072196631944,-0.0139621803391453));
#6423=DIRECTION('ref_axis',(-0.819152044288991,-0.573576436351047,-8.67361737988403E-19));
#6424=DIRECTION('',(-0.0194436311076797,0.00342843676722755,0.999805076517759));
#6425=DIRECTION('center_axis',(0.573520526419674,-0.819072196631944,-0.0139621803391453));
#6426=DIRECTION('ref_axis',(0.819152044288991,0.573576436351047,-8.67361737988403E-19));
#6427=DIRECTION('center_axis',(-0.573520526419675,0.819072196631943,0.0139621803391422));
#6428=DIRECTION('ref_axis',(-0.819152044288991,-0.573576436351047,-8.67361737988403E-19));
#6429=DIRECTION('',(-0.0194436311076804,0.00342843676722428,-0.999805076517759));
#6430=DIRECTION('center_axis',(0.,0.999902524009304,0.0139621803391453));
#6431=DIRECTION('ref_axis',(0.,-0.0139621803391453,0.999902524009304));
#6432=DIRECTION('center_axis',(0.819072196631943,0.573520526419674,-0.0139621803391453));
#6433=DIRECTION('ref_axis',(-0.573576436351047,0.819152044288991,-8.67361737988404E-19));
#6434=DIRECTION('',(0.573576436351047,-0.819152044288991,0.));
#6435=DIRECTION('',(-0.00342843676722606,-0.0194436311076817,-0.999805076517759));
#6436=DIRECTION('',(0.0194436311076817,-0.00342843676722705,0.999805076517759));
#6437=DIRECTION('center_axis',(-0.819072196631943,-0.573520526419674,-0.0139621803391453));
#6438=DIRECTION('ref_axis',(0.573576436351047,-0.819152044288991,0.));
#6439=DIRECTION('',(-0.0139620450484207,-0.00440221589403867,0.999892835154492));
#6440=DIRECTION('',(-0.573576436351047,0.819152044288991,0.));
#6441=DIRECTION('',(0.00726805906435754,0.0139618115604031,-0.999876113893811));
#6442=DIRECTION('center_axis',(0.,0.999847695156391,-0.0174524064372835));
#6443=DIRECTION('ref_axis',(0.,0.0174524064372835,0.999847695156391));
#6444=DIRECTION('',(-1.,0.,0.));
#6445=DIRECTION('',(0.0104701893876574,-0.0174514498022082,-0.999792889569629));
#6446=DIRECTION('',(0.0104701893876607,0.0174514498022081,0.999792889569629));
#6447=DIRECTION('center_axis',(-0.999945169365512,-9.91216205707405E-17,
0.0104717841162458));
#6448=DIRECTION('ref_axis',(0.0104717841162458,0.,0.999945169365512));
#6449=DIRECTION('',(0.0104717841162458,0.,0.999945169365512));
#6450=DIRECTION('',(-0.0104707634806318,0.0139614149331654,-0.999847709406386));
#6451=DIRECTION('center_axis',(0.,0.999902524009304,-0.0139621803391453));
#6452=DIRECTION('ref_axis',(0.,0.0139621803391453,0.999902524009304));
#6453=DIRECTION('',(0.013960819627058,-0.013960819627058,-0.999805076517759));
#6454=DIRECTION('center_axis',(-4.14621589143511E-17,-0.999902524009304,
0.0139621803391453));
#6455=DIRECTION('ref_axis',(2.94141332266759E-12,-0.0139621803391453,-0.999902524009304));
#6456=DIRECTION('',(0.013960819627065,0.013960819627058,0.999805076517759));
#6457=DIRECTION('',(-1.,0.,0.));
#6458=DIRECTION('',(0.0139608196270581,-0.013960819627058,-0.999805076517759));
#6459=DIRECTION('',(0.0139608196270581,0.013960819627058,0.999805076517759));
#6460=DIRECTION('center_axis',(0.,0.,1.));
#6461=DIRECTION('ref_axis',(-0.637201173668937,0.77069751801529,0.));
#6462=DIRECTION('center_axis',(0.,0.,-1.));
#6463=DIRECTION('ref_axis',(1.,-1.24280712936968E-14,0.));
#6464=DIRECTION('center_axis',(-0.999902524009304,0.,-0.0139621803391453));
#6465=DIRECTION('ref_axis',(-0.0139621803391453,0.,0.999902524009304));
#6466=DIRECTION('',(0.0139619468495842,-0.00578322774223011,-0.999885802638007));
#6467=DIRECTION('center_axis',(-0.707037855252528,0.70703785525252,-0.0139621803391453));
#6468=DIRECTION('ref_axis',(-0.707106781186544,-0.707106781186551,8.67361737988403E-19));
#6469=DIRECTION('',(0.707106781186544,0.707106781186551,0.));
#6470=DIRECTION('',(0.0139619468495848,-0.00578322774222931,-0.999885802638007));
#6471=DIRECTION('',(0.0139619468495839,-0.00578322774222958,-0.999885802638007));
#6472=DIRECTION('center_axis',(-0.999902524009304,0.,-0.0139621803391453));
#6473=DIRECTION('ref_axis',(-0.0139621803391453,0.,0.999902524009304));
#6474=DIRECTION('',(0.,-1.,0.));
#6475=DIRECTION('center_axis',(0.573520526419674,-0.819072196631944,-0.0139621803391453));
#6476=DIRECTION('ref_axis',(0.819152044288991,0.573576436351047,-8.67361737988403E-19));
#6477=DIRECTION('',(0.819152044288991,0.573576436351047,0.));
#6478=DIRECTION('',(0.00342843676722758,0.0194436311076824,-0.999805076517759));
#6479=DIRECTION('center_axis',(-0.573520526419674,0.819072196631944,-0.0139621803391453));
#6480=DIRECTION('ref_axis',(-0.819152044288991,-0.573576436351047,-8.67361737988403E-19));
#6481=DIRECTION('',(0.0139618115604022,-0.00726805906435853,-0.999876113893811));
#6482=DIRECTION('',(0.819152044288991,0.573576436351047,0.));
#6483=DIRECTION('center_axis',(0.999945169365512,0.,0.0104717841162458));
#6484=DIRECTION('ref_axis',(0.0104717841162458,0.,-0.999945169365512));
#6485=DIRECTION('',(0.,-1.,0.));
#6486=DIRECTION('',(0.0104712100046362,-0.0104712100046369,-0.999890347749231));
#6487=DIRECTION('center_axis',(0.,-0.999945169365512,0.0104717841162458));
#6488=DIRECTION('ref_axis',(0.,-0.0104717841162458,-0.999945169365512));
#6489=DIRECTION('',(-1.,0.,0.));
#6490=DIRECTION('',(-0.0104712100046355,-0.0104712100046355,-0.999890347749231));
#6491=DIRECTION('',(0.,-0.0104717841162458,-0.999945169365512));
#6492=DIRECTION('center_axis',(0.,0.,-1.));
#6493=DIRECTION('ref_axis',(-1.,0.,0.));
#6494=DIRECTION('',(0.00837742729299665,0.0062830704697475,0.999945169365512));
#6495=DIRECTION('center_axis',(-0.999945169365512,0.,0.0104717841162458));
#6496=DIRECTION('ref_axis',(0.0104717841162458,0.,0.999945169365512));
#6497=DIRECTION('',(0.,1.,0.));
#6498=DIRECTION('center_axis',(0.,0.,-1.));
#6499=DIRECTION('ref_axis',(-1.,0.,0.));
#6500=DIRECTION('center_axis',(0.,0.,-1.));
#6501=DIRECTION('ref_axis',(-1.,0.,0.));
#6502=DIRECTION('',(0.,0.,-1.));
#6503=DIRECTION('center_axis',(-0.999911137443763,0.00363846669853545,0.0128249279141651));
#6504=DIRECTION('ref_axis',(0.0128155389681721,-0.00259215322325919,0.999914517697699));
#6505=DIRECTION('',(0.,0.,-1.));
#6506=DIRECTION('center_axis',(0.,0.,-1.));
#6507=DIRECTION('ref_axis',(-1.,0.,0.));
#6508=DIRECTION('center_axis',(0.,0.,1.));
#6509=DIRECTION('ref_axis',(-1.,0.,0.));
#6510=DIRECTION('center_axis',(0.,0.999902524009304,-0.0139621803391453));
#6511=DIRECTION('ref_axis',(0.,0.0139621803391453,0.999902524009304));
#6512=DIRECTION('',(-1.,0.,0.));
#6513=DIRECTION('',(0.0139608196270575,0.0139608196270581,0.999805076517759));
#6514=DIRECTION('',(-0.0139608196270581,-0.013960819627058,-0.999805076517759));
#6515=DIRECTION('',(-0.0139608196270581,0.013960819627058,0.999805076517759));
#6516=DIRECTION('center_axis',(-0.0104707634806318,0.0139614149331654,-0.999847709406386));
#6517=DIRECTION('ref_axis',(-4.14707330975705E-18,0.999902524009304,0.0139621803391453));
#6518=DIRECTION('center_axis',(-4.41530284568854E-16,1.,0.));
#6519=DIRECTION('ref_axis',(-1.,-4.41530284568854E-16,0.));
#6520=DIRECTION('center_axis',(0.,-0.999902524009304,-0.0139621803391453));
#6521=DIRECTION('ref_axis',(0.,0.0139621803391453,-0.999902524009304));
#6522=DIRECTION('',(-0.013960819627058,0.013960819627058,-0.999805076517759));
#6523=DIRECTION('',(-0.00726805906435885,-0.013961811560403,0.999876113893811));
#6524=DIRECTION('center_axis',(-0.819072196631943,-0.573520526419674,-0.0139621803391453));
#6525=DIRECTION('ref_axis',(0.573576436351047,-0.819152044288991,0.));
#6526=DIRECTION('center_axis',(0.,0.,1.));
#6527=DIRECTION('ref_axis',(1.,0.,0.));
#6528=DIRECTION('',(-0.819152044288991,-0.573576436351048,0.));
#6529=DIRECTION('',(-1.,0.,0.));
#6530=DIRECTION('',(0.,1.,0.));
#6531=DIRECTION('center_axis',(0.573520526419674,-0.819072196631944,-0.0139621803391453));
#6532=DIRECTION('ref_axis',(0.819152044288991,0.573576436351047,-8.67361737988403E-19));
#6533=DIRECTION('',(0.00440221589403966,-0.0139620450484197,0.999892835154492));
#6534=DIRECTION('center_axis',(-4.41530284568854E-16,1.,0.));
#6535=DIRECTION('ref_axis',(-1.,-4.41530284568854E-16,0.));
#6536=DIRECTION('',(4.41530284568854E-16,-1.,0.));
#6537=DIRECTION('center_axis',(-4.41530284568854E-16,1.,0.));
#6538=DIRECTION('ref_axis',(-1.,-4.41530284568854E-16,0.));
#6539=DIRECTION('center_axis',(0.,-0.999902524009304,-0.0139621803391453));
#6540=DIRECTION('ref_axis',(0.,0.0139621803391453,-0.999902524009304));
#6541=DIRECTION('center_axis',(-0.999902524009304,0.,-0.0139621803391453));
#6542=DIRECTION('ref_axis',(-0.0139621803391453,0.,0.999902524009304));
#6543=DIRECTION('center_axis',(0.,0.,-1.));
#6544=DIRECTION('ref_axis',(-1.,0.,0.));
#6545=DIRECTION('center_axis',(0.999902524009304,0.,0.0139621803391493));
#6546=DIRECTION('ref_axis',(0.0139621803391493,0.,-0.999902524009304));
#6547=DIRECTION('',(0.,1.,0.));
#6548=DIRECTION('center_axis',(-0.999902524009304,2.20743622983472E-16,
0.0139621803391518));
#6549=DIRECTION('ref_axis',(0.0139621803391518,-3.85185988877447E-34,0.999902524009304));
#6550=DIRECTION('',(0.,1.,0.));
#6551=DIRECTION('',(-2.20722105780132E-16,-1.,3.08206227281297E-18));
#6552=DIRECTION('',(-0.0139617412666056,0.00793054627000785,-0.999871079798123));
#6553=DIRECTION('center_axis',(2.20765142284427E-16,1.,0.));
#6554=DIRECTION('ref_axis',(1.22322054095201E-8,-2.70044460725724E-24,-1.));
#6555=DIRECTION('',(2.20765142284427E-16,1.,0.));
#6556=DIRECTION('center_axis',(0.999902524009304,-2.20743622983472E-16,
0.013962180339149));
#6557=DIRECTION('ref_axis',(0.013962180339149,-3.85185988877447E-34,-0.999902524009304));
#6558=DIRECTION('',(-0.0139617315519459,-0.00801779814533647,0.999870384082343));
#6559=DIRECTION('center_axis',(-0.999902524009304,0.,0.0139621803391486));
#6560=DIRECTION('ref_axis',(0.0139621803391486,0.,0.999902524009304));
#6561=DIRECTION('center_axis',(0.744762732160803,0.667183280894053,-0.0139621803391453));
#6562=DIRECTION('ref_axis',(-0.66724832158524,0.744835335723058,0.));
#6563=DIRECTION('',(-0.66724832158524,0.744835335723058,0.));
#6564=DIRECTION('center_axis',(0.744762732160803,0.667183280894053,-0.0139621803391453));
#6565=DIRECTION('ref_axis',(0.0103995252803332,0.00931624139696514,0.999902524009304));
#6566=DIRECTION('',(0.0010831783097802,0.0197138452379974,0.999805076517759));
#6567=DIRECTION('center_axis',(0.,0.,-1.));
#6568=DIRECTION('ref_axis',(-1.,0.,0.));
#6569=DIRECTION('',(-0.66724832158524,0.744835335723058,0.));
#6570=DIRECTION('',(0.744835335723061,0.667248321585236,0.));
#6571=DIRECTION('center_axis',(-0.744762732160803,-0.667183280894053,-0.0139621803391453));
#6572=DIRECTION('ref_axis',(0.66724832158524,-0.744835335723058,0.));
#6573=DIRECTION('',(0.0197138452379974,-0.00108317830978008,-0.999805076517759));
#6574=DIRECTION('center_axis',(-0.744762732160803,-0.667183280894053,-0.0139621803391453));
#6575=DIRECTION('ref_axis',(-0.0103995252803332,-0.00931624139696514,0.999902524009304));
#6576=DIRECTION('center_axis',(-0.999902524009304,0.,-0.0139621803391453));
#6577=DIRECTION('ref_axis',(-0.0139621803391453,0.,0.999902524009304));
#6578=DIRECTION('',(0.,-1.,0.));
#6579=DIRECTION('center_axis',(0.,0.,1.));
#6580=DIRECTION('ref_axis',(1.,0.,0.));
#6581=DIRECTION('center_axis',(-1.,0.,0.));
#6582=DIRECTION('ref_axis',(0.,0.,1.));
#6583=DIRECTION('center_axis',(0.999902524009304,0.,-0.0139621803391453));
#6584=DIRECTION('ref_axis',(-0.0139621803391453,0.,-0.999902524009304));
#6585=DIRECTION('',(0.,1.,0.));
#6586=DIRECTION('center_axis',(-0.999902524009304,-4.41487245966944E-16,
0.0139621803391489));
#6587=DIRECTION('ref_axis',(0.0139621803391489,7.70371977754894E-34,0.999902524009304));
#6588=DIRECTION('',(0.0139619468495876,-0.00578322774222785,0.999885802638007));
#6589=DIRECTION('center_axis',(0.707037855252522,0.707037855252525,0.0139621803391487));
#6590=DIRECTION('ref_axis',(-0.707106781186549,0.707106781186546,0.));
#6591=DIRECTION('',(-0.707106781186549,0.707106781186546,0.));
#6592=DIRECTION('',(0.00578322774223218,0.013961946849587,-0.999885802638007));
#6593=DIRECTION('center_axis',(0.,1.,0.));
#6594=DIRECTION('ref_axis',(-1.22464679914735E-16,0.,-1.));
#6595=DIRECTION('',(-0.707106781186549,-0.707106781186546,-4.32978028117748E-17));
#6596=DIRECTION('center_axis',(7.63228062326921E-13,0.999902524009294,0.0139621803398964));
#6597=DIRECTION('ref_axis',(-8.09353597040207E-9,-0.0139621803398964,0.999902524009294));
#6598=DIRECTION('center_axis',(2.20765142284427E-16,1.,0.));
#6599=DIRECTION('ref_axis',(-1.,2.20765142284427E-16,0.));
#6600=DIRECTION('',(2.20765142284427E-16,1.,0.));
#6601=DIRECTION('center_axis',(-2.20765142284427E-16,-1.,0.));
#6602=DIRECTION('ref_axis',(-1.,2.20765142284427E-16,0.));
#6603=DIRECTION('center_axis',(0.707068010073089,-0.70706801007308,-0.0104717841162495));
#6604=DIRECTION('ref_axis',(0.707106781186543,0.707106781186553,0.));
#6605=DIRECTION('',(0.000846526892809472,-0.0139621753364432,0.999902165740276));
#6606=DIRECTION('',(0.707106781186543,0.707106781186552,0.));
#6607=DIRECTION('center_axis',(-0.667183280894053,0.744762732160803,-0.0139621803391453));
#6608=DIRECTION('ref_axis',(-0.744835335723058,-0.66724832158524,8.67361737988403E-19));
#6609=DIRECTION('',(-0.744835335723058,-0.66724832158524,0.));
#6610=DIRECTION('center_axis',(0.744835335723058,0.66724832158524,0.));
#6611=DIRECTION('ref_axis',(-0.66724832158524,0.744835335723058,0.));
#6612=DIRECTION('center_axis',(0.,0.,-1.));
#6613=DIRECTION('ref_axis',(-1.,0.,0.));
#6614=DIRECTION('',(0.,0.,-1.));
#6615=DIRECTION('center_axis',(0.,0.,-1.));
#6616=DIRECTION('ref_axis',(-1.,0.,0.));
#6617=DIRECTION('center_axis',(0.,0.,-1.));
#6618=DIRECTION('ref_axis',(-1.,0.,0.));
#6619=DIRECTION('center_axis',(-4.41530284568854E-16,1.,0.));
#6620=DIRECTION('ref_axis',(-1.,-4.41530284568854E-16,0.));
#6621=DIRECTION('center_axis',(0.,0.,1.));
#6622=DIRECTION('ref_axis',(1.,0.,0.));
#6623=DIRECTION('center_axis',(-0.707037855252522,0.707037855252525,0.0139621803391476));
#6624=DIRECTION('ref_axis',(-0.707106781186549,-0.707106781186546,-8.67361737988404E-19));
#6625=DIRECTION('',(0.00578322774223073,-0.0139619468495859,0.999885802638007));
#6626=DIRECTION('center_axis',(4.41487245966944E-16,-0.999902524009304,
-0.0139621803391453));
#6627=DIRECTION('ref_axis',(0.,0.0139621803391453,-0.999902524009304));
#6628=DIRECTION('center_axis',(5.20356440212859E-12,0.999902524009376,0.0139621803340137));
#6629=DIRECTION('ref_axis',(-1.47953655237546E-8,-0.0139621803340137,0.999902524009376));
#6630=DIRECTION('',(-0.00578322774223016,-0.0139619468495841,0.999885802638007));
#6631=DIRECTION('center_axis',(0.999902524009304,-2.20743622983472E-16,
0.013962180339149));
#6632=DIRECTION('ref_axis',(0.013962180339149,-3.85185988877447E-34,-0.999902524009304));
#6633=DIRECTION('',(-0.0139619468495876,-0.00578322774223074,0.999885802638007));
#6634=DIRECTION('',(0.0139617323389735,-0.00801076486121963,-0.999870440445377));
#6635=DIRECTION('center_axis',(0.,1.,0.));
#6636=DIRECTION('ref_axis',(-1.22464679914735E-16,0.,-1.));
#6637=DIRECTION('',(-0.707106781186543,0.707106781186552,-1.29893408435323E-16));
#6638=DIRECTION('center_axis',(0.,0.,-1.));
#6639=DIRECTION('ref_axis',(-1.,0.,0.));
#6640=DIRECTION('',(0.,1.,0.));
#6641=DIRECTION('center_axis',(-0.999902524009304,0.,-0.0139621803391453));
#6642=DIRECTION('ref_axis',(-0.0139621803391453,0.,0.999902524009304));
#6643=DIRECTION('center_axis',(-0.707037855252528,-0.707037855252519,-0.0139621803391494));
#6644=DIRECTION('ref_axis',(0.707106781186543,-0.707106781186553,8.67361737988404E-19));
#6645=DIRECTION('center_axis',(-4.41530284568854E-16,1.,0.));
#6646=DIRECTION('ref_axis',(-1.,-4.41530284568854E-16,0.));
#6647=DIRECTION('center_axis',(0.,0.,-1.));
#6648=DIRECTION('ref_axis',(-1.,0.,0.));
#6649=DIRECTION('center_axis',(0.,0.,-1.));
#6650=DIRECTION('ref_axis',(-1.,0.,0.));
#6651=DIRECTION('center_axis',(0.,0.,1.));
#6652=DIRECTION('ref_axis',(-1.,0.,0.));
#6653=DIRECTION('',(-0.696715211192951,0.71734783368486,0.));
#6654=DIRECTION('',(1.,5.30909665628385E-18,0.));
#6655=DIRECTION('',(-7.82562330338824E-14,1.,0.));
#6656=DIRECTION('center_axis',(0.,0.,1.));
#6657=DIRECTION('ref_axis',(0.890798663695251,-0.454398218260982,0.));
#6658=DIRECTION('',(0.872779934017247,0.488113907583926,0.));
#6659=DIRECTION('',(0.683791451885951,-0.729677497479334,0.));
#6660=DIRECTION('center_axis',(0.,0.,1.));
#6661=DIRECTION('ref_axis',(-1.,0.,0.));
#6662=DIRECTION('',(-6.33293765664944E-15,-1.,0.));
#6663=DIRECTION('center_axis',(0.,0.,1.));
#6664=DIRECTION('ref_axis',(-0.599989081723344,0.800008188591078,0.));
#6665=DIRECTION('',(-1.,-3.77354350784816E-16,0.));
#6666=DIRECTION('',(-0.103100486199755,0.99467094546155,0.));
#6667=DIRECTION('center_axis',(-0.729677497479334,-0.683791451885951,0.));
#6668=DIRECTION('ref_axis',(0.683791451885951,-0.729677497479334,0.));
#6669=DIRECTION('',(0.,0.,1.));
#6670=DIRECTION('',(0.683791451885951,-0.729677497479334,0.));
#6671=DIRECTION('',(0.,0.,1.));
#6672=DIRECTION('center_axis',(0.71734783368486,0.696715211192951,0.));
#6673=DIRECTION('ref_axis',(-0.696715211192951,0.71734783368486,0.));
#6674=DIRECTION('',(0.,0.,1.));
#6675=DIRECTION('',(-0.696715211192951,0.71734783368486,0.));
#6676=DIRECTION('',(0.,0.,1.));
#6677=DIRECTION('center_axis',(0.,0.,1.));
#6678=DIRECTION('ref_axis',(-1.,0.,0.));
#6679=DIRECTION('center_axis',(0.,0.,1.));
#6680=DIRECTION('ref_axis',(-1.,0.,0.));
#6681=DIRECTION('',(0.,0.,1.));
#6682=DIRECTION('center_axis',(-1.,6.33293765664944E-15,0.));
#6683=DIRECTION('ref_axis',(-6.33293765664944E-15,-1.,0.));
#6684=DIRECTION('',(-6.33293765664944E-15,-1.,0.));
#6685=DIRECTION('',(0.,0.,1.));
#6686=DIRECTION('center_axis',(0.,0.,1.));
#6687=DIRECTION('ref_axis',(-0.599989081723344,0.800008188591078,0.));
#6688=DIRECTION('',(0.,0.,1.));
#6689=DIRECTION('center_axis',(-3.77354350784816E-16,1.,0.));
#6690=DIRECTION('ref_axis',(-1.,-3.77354350784816E-16,0.));
#6691=DIRECTION('',(-1.,-3.77354350784816E-16,0.));
#6692=DIRECTION('',(0.,0.,1.));
#6693=DIRECTION('center_axis',(0.99467094546155,0.103100486199755,0.));
#6694=DIRECTION('ref_axis',(-0.103100486199755,0.99467094546155,0.));
#6695=DIRECTION('',(-0.103100486199755,0.99467094546155,0.));
#6696=DIRECTION('',(0.,0.,1.));
#6697=DIRECTION('center_axis',(-0.488113907583926,0.872779934017247,0.));
#6698=DIRECTION('ref_axis',(-0.872779934017247,-0.488113907583926,0.));
#6699=DIRECTION('',(0.,0.,1.));
#6700=DIRECTION('',(-0.872779934017247,-0.488113907583926,0.));
#6701=DIRECTION('',(0.,0.,1.));
#6702=DIRECTION('center_axis',(0.,0.,1.));
#6703=DIRECTION('ref_axis',(0.890798663695251,-0.454398218260982,0.));
#6704=DIRECTION('',(0.,0.,1.));
#6705=DIRECTION('center_axis',(0.,0.,-1.));
#6706=DIRECTION('ref_axis',(0.890798663695251,-0.454398218260982,0.));
#6707=DIRECTION('center_axis',(-1.,-7.82562330338824E-14,0.));
#6708=DIRECTION('ref_axis',(7.82562330338824E-14,-1.,0.));
#6709=DIRECTION('',(0.,0.,1.));
#6710=DIRECTION('',(7.82562330338824E-14,-1.,0.));
#6711=DIRECTION('center_axis',(1.,0.,0.));
#6712=DIRECTION('ref_axis',(0.,0.,-1.));
#6713=DIRECTION('',(0.,0.,1.));
#6714=DIRECTION('',(0.,-1.,0.));
#6715=DIRECTION('',(0.,0.,1.));
#6716=DIRECTION('',(0.,-1.,0.));
#6717=DIRECTION('center_axis',(-1.65918010558419E-14,-1.,0.));
#6718=DIRECTION('ref_axis',(1.,-1.65918010558419E-14,0.));
#6719=DIRECTION('',(1.,-1.65918010558419E-14,0.));
#6720=DIRECTION('',(0.,0.,1.));
#6721=DIRECTION('',(1.,-1.65918010558419E-14,0.));
#6722=DIRECTION('',(1.,-1.65918010558419E-14,0.));
#6723=DIRECTION('',(0.,0.,1.));
#6724=DIRECTION('center_axis',(0.,0.,1.));
#6725=DIRECTION('ref_axis',(-1.,0.,0.));
#6726=DIRECTION('',(1.,0.,0.));
#6727=DIRECTION('',(0.,1.,0.));
#6728=DIRECTION('',(-1.,-5.30909665628385E-18,0.));
#6729=DIRECTION('center_axis',(0.,0.,1.));
#6730=DIRECTION('ref_axis',(-0.799999999999964,-0.600000000000048,0.));
#6731=DIRECTION('center_axis',(0.,0.,1.));
#6732=DIRECTION('ref_axis',(1.,0.,0.));
#6733=DIRECTION('',(0.,-1.,0.));
#6734=DIRECTION('',(-1.,0.,0.));
#6735=DIRECTION('center_axis',(1.,0.,0.));
#6736=DIRECTION('ref_axis',(0.,1.,0.));
#6737=DIRECTION('',(0.,1.,0.));
#6738=DIRECTION('',(0.,0.,1.));
#6739=DIRECTION('center_axis',(0.,0.,1.));
#6740=DIRECTION('ref_axis',(-1.,0.,0.));
#6741=DIRECTION('',(-1.,-5.30909665628385E-18,0.));
#6742=DIRECTION('',(0.,1.,0.));
#6743=DIRECTION('',(-1.,-2.92774697833281E-17,0.));
#6744=DIRECTION('center_axis',(0.,0.,1.));
#6745=DIRECTION('ref_axis',(-0.799999999999964,-0.600000000000048,0.));
#6746=DIRECTION('center_axis',(1.,0.,0.));
#6747=DIRECTION('ref_axis',(0.,1.,0.));
#6748=DIRECTION('',(0.,0.,1.));
#6749=DIRECTION('',(0.,0.,1.));
#6750=DIRECTION('center_axis',(-5.30909665628385E-18,1.,0.));
#6751=DIRECTION('ref_axis',(-1.,-5.30909665628385E-18,0.));
#6752=DIRECTION('center_axis',(-2.92774697833281E-17,1.,0.));
#6753=DIRECTION('ref_axis',(-1.,-2.92774697833281E-17,0.));
#6754=DIRECTION('center_axis',(0.,0.,1.));
#6755=DIRECTION('ref_axis',(-0.799999999999964,-0.600000000000048,0.));
#6756=CARTESIAN_POINT('',(0.,0.,0.));
#6757=CARTESIAN_POINT('Origin',(13.25,19.,9.15000023842222));
#6758=CARTESIAN_POINT('',(17.265,19.,9.3));
#6759=CARTESIAN_POINT('',(9.235,19.,9.3));
#6760=CARTESIAN_POINT('Origin',(13.25,19.,9.3));
#6761=CARTESIAN_POINT('Origin',(13.25,19.,9.3));
#6762=CARTESIAN_POINT('',(17.5649999999996,19.,9.00000047684444));
#6763=CARTESIAN_POINT('',(17.4149999999998,19.,9.15000023842222));
#6764=CARTESIAN_POINT('Origin',(13.25,19.,9.00000047684444));
#6765=CARTESIAN_POINT('Origin',(0.,0.,9.00000047684444));
#6766=CARTESIAN_POINT('',(2.44414584086141,31.1978247720374,9.00000047684444));
#6767=CARTESIAN_POINT('',(2.44414584086171,2.44414584086171,9.00000047684444));
#6768=CARTESIAN_POINT('',(2.44414584086171,0.,9.00000047684444));
#6769=CARTESIAN_POINT('',(6.8021752647065,35.5558541591383,9.00000047684444));
#6770=CARTESIAN_POINT('Origin',(3.8,34.2,9.00000000001455));
#6771=CARTESIAN_POINT('',(12.7220729104432,35.5558541591383,9.00000047684444));
#6772=CARTESIAN_POINT('',(-1.5698986404973E-14,35.5558541591383,9.00000047684444));
#6773=CARTESIAN_POINT('',(12.7220729104432,30.788432220748,9.00000047684444));
#6774=CARTESIAN_POINT('',(12.7220729104432,15.,9.00000047684444));
#6775=CARTESIAN_POINT('',(13.4546509720529,30.0558541591383,9.00000047684444));
#6776=CARTESIAN_POINT('',(21.7552525655956,21.7552525655957,9.00000047684444));
#6777=CARTESIAN_POINT('',(15.1546509720529,30.0558541591383,9.00000047684444));
#6778=CARTESIAN_POINT('',(-1.32705698398443E-14,30.0558541591383,9.00000047684444));
#6779=CARTESIAN_POINT('',(15.7220729104432,29.488432220748,9.00000047684444));
#6780=CARTESIAN_POINT('',(22.6052525655957,22.6052525655954,9.00000047684444));
#6781=CARTESIAN_POINT('',(15.7220729171017,24.2122041670303,8.99999999999998));
#6782=CARTESIAN_POINT('',(15.7220729171016,-3.45855501169079E-15,9.));
#6783=CARTESIAN_POINT('',(15.9744448548609,23.7778028666765,9.));
#6784=CARTESIAN_POINT('Origin',(16.2221488789948,24.2122205048521,8.99999999507018));
#6785=CARTESIAN_POINT('',(18.3157894736842,21.1419096639005,9.));
#6786=CARTESIAN_POINT('Origin',(13.25,19.,9.));
#6787=CARTESIAN_POINT('',(18.6842105263158,21.1419096639005,9.));
#6788=CARTESIAN_POINT('Origin',(18.5,21.2197972880423,9.));
#6789=CARTESIAN_POINT('',(18.5,20.6393596310755,9.));
#6790=CARTESIAN_POINT('Origin',(23.75,19.,9.));
#6791=CARTESIAN_POINT('',(18.5,17.3606403689245,9.));
#6792=CARTESIAN_POINT('',(18.5,19.,9.));
#6793=CARTESIAN_POINT('',(18.6842105263158,16.8580903360995,9.));
#6794=CARTESIAN_POINT('Origin',(23.75,19.,9.));
#6795=CARTESIAN_POINT('',(18.3157894736842,16.8580903360995,9.));
#6796=CARTESIAN_POINT('Origin',(18.5,16.7802027119577,9.));
#6797=CARTESIAN_POINT('',(15.9744448548609,14.2221971333235,9.));
#6798=CARTESIAN_POINT('Origin',(13.25,19.,9.));
#6799=CARTESIAN_POINT('',(15.7220729171016,13.7877958329949,9.));
#6800=CARTESIAN_POINT('Origin',(16.2221488722071,13.7877794990913,8.99999999454639));
#6801=CARTESIAN_POINT('',(15.7220729104432,2.44414584086171,9.00000047684444));
#6802=CARTESIAN_POINT('',(15.7220729104432,-3.47088566308013E-15,9.00000047684444));
#6803=CARTESIAN_POINT('',(0.,2.44414584086171,9.00000047684444));
#6804=CARTESIAN_POINT('Origin',(13.25,19.,9.));
#6805=CARTESIAN_POINT('',(9.235,19.,11.65));
#6806=CARTESIAN_POINT('',(9.235,19.,9.));
#6807=CARTESIAN_POINT('Origin',(13.25,19.,11.65));
#6808=CARTESIAN_POINT('Origin',(41.,25.,15.5000002384186));
#6809=CARTESIAN_POINT('',(42.625,25.,5.66171063775247));
#6810=CARTESIAN_POINT('',(39.375,25.,5.66171063775247));
#6811=CARTESIAN_POINT('Origin',(41.,25.,5.66171063775247));
#6812=CARTESIAN_POINT('',(42.625,25.,-1.5));
#6813=CARTESIAN_POINT('',(42.625,25.,15.5000002384186));
#6814=CARTESIAN_POINT('Origin',(41.,25.,-1.5));
#6815=CARTESIAN_POINT('Origin',(41.,25.,5.66171063775247));
#6816=CARTESIAN_POINT('Origin',(38.2,3.8,15.5000002384186));
#6817=CARTESIAN_POINT('',(39.825,3.8,5.66171063780813));
#6818=CARTESIAN_POINT('',(36.575,3.8,5.66171063780813));
#6819=CARTESIAN_POINT('Origin',(38.2,3.8,5.66171063780813));
#6820=CARTESIAN_POINT('',(39.825,3.8,-1.5));
#6821=CARTESIAN_POINT('',(39.825,3.8,15.5000002384186));
#6822=CARTESIAN_POINT('Origin',(38.2,3.8,-1.5));
#6823=CARTESIAN_POINT('Origin',(38.2,3.8,5.66171063780813));
#6824=CARTESIAN_POINT('Origin',(3.8,34.2,15.5000002384186));
#6825=CARTESIAN_POINT('',(5.425,34.2,5.66171063781394));
#6826=CARTESIAN_POINT('',(2.175,34.2,5.66171063781394));
#6827=CARTESIAN_POINT('Origin',(3.8,34.2,5.66171063781394));
#6828=CARTESIAN_POINT('',(5.425,34.2,-1.5));
#6829=CARTESIAN_POINT('',(5.425,34.2,15.5000002384186));
#6830=CARTESIAN_POINT('Origin',(3.8,34.2,-1.5));
#6831=CARTESIAN_POINT('Origin',(3.8,34.2,5.66171063781394));
#6832=CARTESIAN_POINT('Origin',(2.09400909682978,32.4919146,13.3));
#6833=CARTESIAN_POINT('',(2.09400909682978,32.4919146,13.3));
#6834=CARTESIAN_POINT('',(2.09400909682978,35.9080854,13.3));
#6835=CARTESIAN_POINT('',(2.09400909682978,33.3459573,13.3));
#6836=CARTESIAN_POINT('',(2.09400909682978,32.4919146,13.1));
#6837=CARTESIAN_POINT('',(2.09400909682978,32.4919146,13.3));
#6838=CARTESIAN_POINT('',(2.09400909682978,35.9080854,13.1));
#6839=CARTESIAN_POINT('',(2.09400909682978,32.4919146,13.1));
#6840=CARTESIAN_POINT('',(2.09400909682978,35.9080854,13.3));
#6841=CARTESIAN_POINT('Origin',(5.50599090317022,35.9080854,13.3));
#6842=CARTESIAN_POINT('',(5.50599090317022,35.9080854,13.3));
#6843=CARTESIAN_POINT('',(5.50599090317022,32.4919146,13.3));
#6844=CARTESIAN_POINT('',(5.50599090317022,35.0540427,13.3));
#6845=CARTESIAN_POINT('',(5.50599090317022,35.9080854,13.1));
#6846=CARTESIAN_POINT('',(5.50599090317022,35.9080854,13.3));
#6847=CARTESIAN_POINT('',(5.50599090317022,32.4919146,13.1));
#6848=CARTESIAN_POINT('',(5.50599090317022,32.4919146,13.1));
#6849=CARTESIAN_POINT('',(5.50599090317022,32.4919146,13.3));
#6850=CARTESIAN_POINT('Origin',(3.8,34.2,13.1));
#6851=CARTESIAN_POINT('',(6.23221333169717,35.9080854,13.1));
#6852=CARTESIAN_POINT('',(1.36778666830283,32.4919146,13.1));
#6853=CARTESIAN_POINT('',(2.09710356849424,34.2,13.1));
#6854=CARTESIAN_POINT('Origin',(3.8,34.2,13.1));
#6855=CARTESIAN_POINT('Origin',(3.8,34.2,13.3));
#6856=CARTESIAN_POINT('',(1.36778666830283,35.9080854,13.3));
#6857=CARTESIAN_POINT('',(1.36778666830283,35.9080854,13.3));
#6858=CARTESIAN_POINT('',(1.36778666830283,32.4919146,13.3));
#6859=CARTESIAN_POINT('Origin',(3.8,34.2,13.3));
#6860=CARTESIAN_POINT('',(1.36778666830283,32.4919146,13.3));
#6861=CARTESIAN_POINT('Origin',(3.8,34.2,13.5));
#6862=CARTESIAN_POINT('',(6.23221333169717,32.4919146,13.5));
#6863=CARTESIAN_POINT('',(6.23221333169717,35.9080854,13.5));
#6864=CARTESIAN_POINT('Origin',(3.8,34.2,13.5000000000218));
#6865=CARTESIAN_POINT('',(6.23221333169717,35.9080854,13.3));
#6866=CARTESIAN_POINT('',(6.23221333169717,35.9080854,13.5));
#6867=CARTESIAN_POINT('',(6.23221333169717,32.4919146,13.3));
#6868=CARTESIAN_POINT('Origin',(3.8,34.2,13.3));
#6869=CARTESIAN_POINT('',(6.23221333169717,32.4919146,13.5));
#6870=CARTESIAN_POINT('Origin',(1.36778666830283,35.9080854,13.5));
#6871=CARTESIAN_POINT('',(1.36778666830283,35.9080854,13.5));
#6872=CARTESIAN_POINT('',(2.58389333415142,35.9080854,13.5));
#6873=CARTESIAN_POINT('',(1.36778666830283,35.9080854,13.5));
#6874=CARTESIAN_POINT('',(1.36778666830283,35.9080854,13.3));
#6875=CARTESIAN_POINT('Origin',(3.8,34.2,13.5));
#6876=CARTESIAN_POINT('',(0.827927082896755,34.2,13.5000000000218));
#6877=CARTESIAN_POINT('Origin',(3.8,34.2,13.5000000000218));
#6878=CARTESIAN_POINT('',(1.36778666830283,32.4919146,13.5));
#6879=CARTESIAN_POINT('Origin',(3.8,34.2,13.5000000000218));
#6880=CARTESIAN_POINT('',(1.36778666830283,32.4919146,13.5));
#6881=CARTESIAN_POINT('Origin',(6.23221333169717,32.4919146,13.5));
#6882=CARTESIAN_POINT('',(5.01610666584858,32.4919146,13.5));
#6883=CARTESIAN_POINT('',(1.36778666830283,32.4919146,13.3));
#6884=CARTESIAN_POINT('Origin',(3.8,34.2,13.3));
#6885=CARTESIAN_POINT('Origin',(3.8,34.2,13.5));
#6886=CARTESIAN_POINT('Origin',(3.8,34.2,13.5000000000218));
#6887=CARTESIAN_POINT('Origin',(36.4940090968297,2.0919146,13.3));
#6888=CARTESIAN_POINT('',(36.4940090968297,2.0919146,13.3));
#6889=CARTESIAN_POINT('',(36.4940090968297,5.5080854,13.3));
#6890=CARTESIAN_POINT('',(36.4940090968297,2.9459573,13.3));
#6891=CARTESIAN_POINT('',(36.4940090968297,2.0919146,13.1));
#6892=CARTESIAN_POINT('',(36.4940090968297,2.0919146,13.3));
#6893=CARTESIAN_POINT('',(36.4940090968297,5.5080854,13.1));
#6894=CARTESIAN_POINT('',(36.4940090968297,2.0919146,13.1));
#6895=CARTESIAN_POINT('',(36.4940090968297,5.5080854,13.3));
#6896=CARTESIAN_POINT('Origin',(39.9059909031703,5.5080854,13.3));
#6897=CARTESIAN_POINT('',(39.9059909031703,5.5080854,13.3));
#6898=CARTESIAN_POINT('',(39.9059909031703,2.0919146,13.3));
#6899=CARTESIAN_POINT('',(39.9059909031703,4.6540427,13.3));
#6900=CARTESIAN_POINT('',(39.9059909031703,5.5080854,13.1));
#6901=CARTESIAN_POINT('',(39.9059909031703,5.5080854,13.3));
#6902=CARTESIAN_POINT('',(39.9059909031703,2.0919146,13.1));
#6903=CARTESIAN_POINT('',(39.9059909031703,2.0919146,13.1));
#6904=CARTESIAN_POINT('',(39.9059909031703,2.0919146,13.3));
#6905=CARTESIAN_POINT('Origin',(38.2,3.8,13.1));
#6906=CARTESIAN_POINT('',(40.6322133316958,5.5080854,13.1));
#6907=CARTESIAN_POINT('',(35.7677866683042,2.0919146,13.1));
#6908=CARTESIAN_POINT('',(36.4971035684942,3.8,13.1));
#6909=CARTESIAN_POINT('Origin',(38.2,3.8,13.1));
#6910=CARTESIAN_POINT('Origin',(38.2,3.8,13.3));
#6911=CARTESIAN_POINT('',(35.7677866683042,5.5080854,13.3));
#6912=CARTESIAN_POINT('',(35.7677866683042,5.5080854,13.3));
#6913=CARTESIAN_POINT('',(35.7677866683042,2.0919146,13.3));
#6914=CARTESIAN_POINT('Origin',(38.2,3.8,13.3));
#6915=CARTESIAN_POINT('',(35.7677866683042,2.0919146,13.3));
#6916=CARTESIAN_POINT('Origin',(38.2,3.8,13.5));
#6917=CARTESIAN_POINT('',(40.6322133316958,2.0919146,13.5));
#6918=CARTESIAN_POINT('',(40.6322133316958,5.5080854,13.5));
#6919=CARTESIAN_POINT('Origin',(38.2,3.8,13.5000000000218));
#6920=CARTESIAN_POINT('',(40.6322133316958,5.5080854,13.3));
#6921=CARTESIAN_POINT('',(40.6322133316958,5.5080854,13.5));
#6922=CARTESIAN_POINT('',(40.6322133316958,2.0919146,13.3));
#6923=CARTESIAN_POINT('Origin',(38.2,3.8,13.3));
#6924=CARTESIAN_POINT('',(40.6322133316958,2.0919146,13.5));
#6925=CARTESIAN_POINT('Origin',(35.7677866683042,5.5080854,13.5));
#6926=CARTESIAN_POINT('',(35.7677866683042,5.5080854,13.5));
#6927=CARTESIAN_POINT('',(36.9838933341521,5.5080854,13.5));
#6928=CARTESIAN_POINT('',(35.7677866683042,5.5080854,13.5));
#6929=CARTESIAN_POINT('',(35.7677866683042,5.5080854,13.3));
#6930=CARTESIAN_POINT('Origin',(38.2,3.8,13.5));
#6931=CARTESIAN_POINT('',(35.2279270828979,3.8,13.5000000000218));
#6932=CARTESIAN_POINT('Origin',(38.2,3.8,13.5000000000218));
#6933=CARTESIAN_POINT('',(35.7677866683042,2.0919146,13.5));
#6934=CARTESIAN_POINT('Origin',(38.2,3.8,13.5000000000218));
#6935=CARTESIAN_POINT('',(35.7677866683042,2.0919146,13.5));
#6936=CARTESIAN_POINT('Origin',(40.6322133316958,2.0919146,13.5));
#6937=CARTESIAN_POINT('',(39.4161066658479,2.0919146,13.5));
#6938=CARTESIAN_POINT('',(35.7677866683042,2.0919146,13.3));
#6939=CARTESIAN_POINT('Origin',(38.2,3.8,13.3));
#6940=CARTESIAN_POINT('Origin',(38.2,3.8,13.5));
#6941=CARTESIAN_POINT('Origin',(38.2,3.8,13.5000000000218));
#6942=CARTESIAN_POINT('Origin',(39.2940090968291,23.2919146,13.3));
#6943=CARTESIAN_POINT('',(39.2940090968291,23.2919146,13.3));
#6944=CARTESIAN_POINT('',(39.2940090968291,26.7080854,13.3));
#6945=CARTESIAN_POINT('',(39.2940090968291,24.1459573,13.3));
#6946=CARTESIAN_POINT('',(39.2940090968291,23.2919146,13.1));
#6947=CARTESIAN_POINT('',(39.2940090968291,23.2919146,13.3));
#6948=CARTESIAN_POINT('',(39.2940090968291,26.7080854,13.1));
#6949=CARTESIAN_POINT('',(39.2940090968291,23.2919146,13.1));
#6950=CARTESIAN_POINT('',(39.2940090968291,26.7080854,13.3));
#6951=CARTESIAN_POINT('Origin',(42.7059909031709,26.7080854,13.3));
#6952=CARTESIAN_POINT('',(42.7059909031709,26.7080854,13.3));
#6953=CARTESIAN_POINT('',(42.7059909031709,23.2919146,13.3));
#6954=CARTESIAN_POINT('',(42.7059909031709,25.8540427,13.3));
#6955=CARTESIAN_POINT('',(42.7059909031709,26.7080854,13.1));
#6956=CARTESIAN_POINT('',(42.7059909031709,26.7080854,13.3));
#6957=CARTESIAN_POINT('',(42.7059909031709,23.2919146,13.1));
#6958=CARTESIAN_POINT('',(42.7059909031709,23.2919146,13.1));
#6959=CARTESIAN_POINT('',(42.7059909031709,23.2919146,13.3));
#6960=CARTESIAN_POINT('Origin',(41.,25.,13.1));
#6961=CARTESIAN_POINT('',(43.4322133316954,26.7080854,13.1));
#6962=CARTESIAN_POINT('',(38.5677866683046,23.2919146,13.1));
#6963=CARTESIAN_POINT('',(39.2971035684936,25.,13.1));
#6964=CARTESIAN_POINT('Origin',(41.,25.,13.1));
#6965=CARTESIAN_POINT('Origin',(41.,25.,13.3));
#6966=CARTESIAN_POINT('',(38.5677866683046,26.7080854,13.3));
#6967=CARTESIAN_POINT('',(38.5677866683046,26.7080854,13.3));
#6968=CARTESIAN_POINT('',(38.5677866683046,23.2919146,13.3));
#6969=CARTESIAN_POINT('Origin',(41.,25.,13.3));
#6970=CARTESIAN_POINT('',(38.5677866683046,23.2919146,13.3));
#6971=CARTESIAN_POINT('Origin',(41.,25.,13.5));
#6972=CARTESIAN_POINT('',(43.4322133316954,23.2919146,13.5));
#6973=CARTESIAN_POINT('',(43.4322133316954,26.7080854,13.5));
#6974=CARTESIAN_POINT('Origin',(41.,25.,13.5000000000218));
#6975=CARTESIAN_POINT('',(43.4322133316954,26.7080854,13.3));
#6976=CARTESIAN_POINT('',(43.4322133316954,26.7080854,13.5));
#6977=CARTESIAN_POINT('',(43.4322133316954,23.2919146,13.3));
#6978=CARTESIAN_POINT('Origin',(41.,25.,13.3));
#6979=CARTESIAN_POINT('',(43.4322133316954,23.2919146,13.5));
#6980=CARTESIAN_POINT('Origin',(38.5677866683046,26.7080854,13.5));
#6981=CARTESIAN_POINT('',(38.5677866683046,26.7080854,13.5));
#6982=CARTESIAN_POINT('',(39.7838933341523,26.7080854,13.5));
#6983=CARTESIAN_POINT('',(38.5677866683046,26.7080854,13.5));
#6984=CARTESIAN_POINT('',(38.5677866683046,26.7080854,13.3));
#6985=CARTESIAN_POINT('Origin',(41.,25.,13.5));
#6986=CARTESIAN_POINT('',(38.0279270828982,25.,13.5000000000218));
#6987=CARTESIAN_POINT('Origin',(41.,25.,13.5000000000218));
#6988=CARTESIAN_POINT('',(38.5677866683046,23.2919146,13.5));
#6989=CARTESIAN_POINT('Origin',(41.,25.,13.5000000000218));
#6990=CARTESIAN_POINT('',(38.5677866683046,23.2919146,13.5));
#6991=CARTESIAN_POINT('Origin',(43.4322133316954,23.2919146,13.5));
#6992=CARTESIAN_POINT('',(42.2161066658477,23.2919146,13.5));
#6993=CARTESIAN_POINT('',(38.5677866683046,23.2919146,13.3));
#6994=CARTESIAN_POINT('Origin',(41.,25.,13.3));
#6995=CARTESIAN_POINT('Origin',(41.,25.,13.5));
#6996=CARTESIAN_POINT('Origin',(41.,25.,13.5000000000218));
#6997=CARTESIAN_POINT('Origin',(31.75,11.,2.9999999999859));
#6998=CARTESIAN_POINT('',(27.6087992711712,10.2653805151662,9.00000000000009));
#6999=CARTESIAN_POINT('',(30.8941458342034,6.88214583662349,9.00000000000873));
#7000=CARTESIAN_POINT('Origin',(31.75,11.,9.00000000001455));
#7001=CARTESIAN_POINT('',(27.6411903962426,10.2706543213051,11.3500004768337));
#7002=CARTESIAN_POINT('Ctrl Pts',(27.6411903962426,10.2706543213051,11.3500004768337));
#7003=CARTESIAN_POINT('Ctrl Pts',(27.630393220641,10.2688947810291,10.5666380773295));
#7004=CARTESIAN_POINT('Ctrl Pts',(27.6195964768087,10.2671371806497,9.78332978626123));
#7005=CARTESIAN_POINT('Ctrl Pts',(27.6087992711712,10.2653805151661,9.00000000000009));
#7006=CARTESIAN_POINT('',(30.9269601632671,6.9089283914712,11.3500004768337));
#7007=CARTESIAN_POINT('Origin',(31.75,11.,11.3500004768337));
#7008=CARTESIAN_POINT('Ctrl Pts',(30.9269601632609,6.90892839153397,11.3500004780479));
#7009=CARTESIAN_POINT('Ctrl Pts',(30.9106065289676,6.89553711410749,10.1788338114316));
#7010=CARTESIAN_POINT('Ctrl Pts',(30.8941458341902,6.882145836681,9.00000000072882));
#7011=CARTESIAN_POINT('Ctrl Pts',(27.6087990356945,10.265380476855,8.999982916329));
#7012=CARTESIAN_POINT('Ctrl Pts',(27.6195963209263,10.2671371552736,9.78331847692925));
#7013=CARTESIAN_POINT('Ctrl Pts',(27.6303931443396,10.2688947685944,10.5666325414701));
#7014=CARTESIAN_POINT('Ctrl Pts',(27.6411903995288,10.2706543218407,11.3500007152523));
#7015=CARTESIAN_POINT('Ctrl Pts',(27.6041699560748,10.2914759926422,8.99998847373845));
#7016=CARTESIAN_POINT('Ctrl Pts',(27.6147329194068,10.2945716667789,9.78332432118973));
#7017=CARTESIAN_POINT('Ctrl Pts',(27.6252817819654,10.2976732215406,10.5666386553299));
#7018=CARTESIAN_POINT('Ctrl Pts',(27.6358444489805,10.3007715439143,11.3500071133748));
#7019=CARTESIAN_POINT('Ctrl Pts',(27.5867533098005,10.3388988692592,8.99999668499951));
#7020=CARTESIAN_POINT('Ctrl Pts',(27.5964156489748,10.3444326524702,9.78333295510966));
#7021=CARTESIAN_POINT('Ctrl Pts',(27.6060762730399,10.3499654582357,10.5666476897075));
#7022=CARTESIAN_POINT('Ctrl Pts',(27.6157379706146,10.3555013232892,11.3500165665749));
#7023=CARTESIAN_POINT('Ctrl Pts',(27.5319933637504,10.4021441380702,9.00000102389716));
#7024=CARTESIAN_POINT('Ctrl Pts',(27.5388414013357,10.4109227338687,9.78333751680135));
#7025=CARTESIAN_POINT('Ctrl Pts',(27.545686335112,10.4197092553282,10.5666524639906));
#7026=CARTESIAN_POINT('Ctrl Pts',(27.5525337777289,10.4284889694903,11.3500215616212));
#7027=CARTESIAN_POINT('Ctrl Pts',(27.4642805653928,10.4377996844417,8.99999574484146));
#7028=CARTESIAN_POINT('Ctrl Pts',(27.467648416692,10.4484133522956,9.78333196665378));
#7029=CARTESIAN_POINT('Ctrl Pts',(27.4710164824932,10.4590223633514,10.5666466552336));
#7030=CARTESIAN_POINT('Ctrl Pts',(27.4743842273233,10.4696365689798,11.3500154842436));
#7031=CARTESIAN_POINT('Ctrl Pts',(27.4154085184924,10.4441456538556,8.99998708438609));
#7032=CARTESIAN_POINT('Ctrl Pts',(27.4162636220677,10.4550779126157,9.78332285784622));
#7033=CARTESIAN_POINT('Ctrl Pts',(27.4171242580732,10.4660275150769,10.5666371291222));
#7034=CARTESIAN_POINT('Ctrl Pts',(27.4179796288211,10.4769602336016,11.3500055138441));
#7035=CARTESIAN_POINT('Ctrl Pts',(27.3955313348059,10.4441455956547,8.999982916329));
#7036=CARTESIAN_POINT('Ctrl Pts',(27.3953670447336,10.4550837342238,9.78331847692924));
#7037=CARTESIAN_POINT('Ctrl Pts',(27.3952025123915,10.4660215726317,10.5666325414701));
#7038=CARTESIAN_POINT('Ctrl Pts',(27.3950386225847,10.4769601665963,11.3500007152523));
#7039=CARTESIAN_POINT('',(27.395531331223,10.4441458342033,9.0000000000001));
#7040=CARTESIAN_POINT('Ctrl Pts',(27.6087992711712,10.2653805151661,9.));
#7041=CARTESIAN_POINT('Ctrl Pts',(27.6071726941565,10.2745498636403,9.));
#7042=CARTESIAN_POINT('Ctrl Pts',(27.6049331051261,10.2836071023646,8.99999999827559));
#7043=CARTESIAN_POINT('Ctrl Pts',(27.6021352715719,10.2924737252539,8.99999999656518));
#7044=CARTESIAN_POINT('Ctrl Pts',(27.599107824759,10.3020680162245,8.99999999471441));
#7045=CARTESIAN_POINT('Ctrl Pts',(27.5954272363299,10.3114405060744,8.99999999332962));
#7046=CARTESIAN_POINT('Ctrl Pts',(27.5911166279776,10.3205288686754,8.99999999420222));
#7047=CARTESIAN_POINT('Ctrl Pts',(27.5903551942806,10.32213425357,8.99999999435636));
#7048=CARTESIAN_POINT('Ctrl Pts',(27.5895739832077,10.3237308278387,8.99999999456963));
#7049=CARTESIAN_POINT('Ctrl Pts',(27.5887729689679,10.3253183036598,8.99999999483371));
#7050=CARTESIAN_POINT('Ctrl Pts',(27.5856594460815,10.3314887836022,8.99999999586019));
#7051=CARTESIAN_POINT('Ctrl Pts',(27.5822589659982,10.3374986701691,8.99999999766406));
#7052=CARTESIAN_POINT('Ctrl Pts',(27.5785736418103,10.3433304478454,8.99999999821695));
#7053=CARTESIAN_POINT('Ctrl Pts',(27.572976421908,10.3521876719082,8.99999999905668));
#7054=CARTESIAN_POINT('Ctrl Pts',(27.5667251306055,10.360634918464,8.99999999785325));
#7055=CARTESIAN_POINT('Ctrl Pts',(27.5598972294979,10.3686031128143,9.0000000002621));
#7056=CARTESIAN_POINT('Ctrl Pts',(27.5565898921799,10.3724627918162,9.0000000014289));
#7057=CARTESIAN_POINT('Ctrl Pts',(27.5531464369914,10.3762099698178,9.00000000324426));
#7058=CARTESIAN_POINT('Ctrl Pts',(27.5495716049454,10.3798353203261,9.00000000512977));
#7059=CARTESIAN_POINT('Ctrl Pts',(27.5448115503497,10.3846626425965,9.00000000764041));
#7060=CARTESIAN_POINT('Ctrl Pts',(27.539839160618,10.3892534694736,9.00000001033097));
#7061=CARTESIAN_POINT('Ctrl Pts',(27.5346661276687,10.3935865545914,9.0000000095822));
#7062=CARTESIAN_POINT('Ctrl Pts',(27.5263041729356,10.4005907747395,9.00000000837186));
#7063=CARTESIAN_POINT('Ctrl Pts',(27.5174190119745,10.4069244695801,8.99999999912999));
#7064=CARTESIAN_POINT('Ctrl Pts',(27.5081019433969,10.4125805411561,8.99999999603273));
#7065=CARTESIAN_POINT('Ctrl Pts',(27.4987848748193,10.4182366127321,8.99999999293547));
#7066=CARTESIAN_POINT('Ctrl Pts',(27.4890338694411,10.4232157986857,8.99999999574185));
#7067=CARTESIAN_POINT('Ctrl Pts',(27.4789285117315,10.4274562167636,9.00000000246676));
#7068=CARTESIAN_POINT('Ctrl Pts',(27.4717570226298,10.4304655226097,9.00000000723924));
#7069=CARTESIAN_POINT('Ctrl Pts',(27.4644474118303,10.4330848505122,9.00000001391644));
#7070=CARTESIAN_POINT('Ctrl Pts',(27.4570283017624,10.4352876391042,9.00000001660303));
#7071=CARTESIAN_POINT('Ctrl Pts',(27.4470785521431,10.4382417932755,9.00000002020601));
#7072=CARTESIAN_POINT('Ctrl Pts',(27.4369298804529,10.4404473514885,9.0000000163579));
#7073=CARTESIAN_POINT('Ctrl Pts',(27.4266503534469,10.4419235599739,9.00000001147705));
#7074=CARTESIAN_POINT('Ctrl Pts',(27.4172608581806,10.4432719539786,9.00000000701879));
#7075=CARTESIAN_POINT('Ctrl Pts',(27.4077610876707,10.4440108437148,9.00000000122201));
#7076=CARTESIAN_POINT('Ctrl Pts',(27.3982393996579,10.4441290218701,9.00000000015568));
#7077=CARTESIAN_POINT('Ctrl Pts',(27.397336837347,10.4441402239961,9.0000000000546));
#7078=CARTESIAN_POINT('Ctrl Pts',(27.3964341146083,10.4441458341974,9.));
#7079=CARTESIAN_POINT('Ctrl Pts',(27.395531331223,10.4441458342033,9.));
#7080=CARTESIAN_POINT('',(27.3950386226346,10.4769601632671,11.3500004768337));
#7081=CARTESIAN_POINT('Ctrl Pts',(27.395531331223,10.4441458342033,9.0000000000001));
#7082=CARTESIAN_POINT('Ctrl Pts',(27.3953670423581,10.4550838921421,9.78332978626123));
#7083=CARTESIAN_POINT('Ctrl Pts',(27.3952025112334,10.4660216499319,10.5666380773295));
#7084=CARTESIAN_POINT('Ctrl Pts',(27.3950386226346,10.4769601632671,11.3500004768337));
#7085=CARTESIAN_POINT('Ctrl Pts',(27.6411903995288,10.2706543218407,11.3500007152523));
#7086=CARTESIAN_POINT('Ctrl Pts',(27.6393481199481,10.2810329067208,11.3500007152523));
#7087=CARTESIAN_POINT('Ctrl Pts',(27.6368260749371,10.2912818701534,11.3500007140213));
#7088=CARTESIAN_POINT('Ctrl Pts',(27.6336876149527,10.3013126977796,11.3500007125206));
#7089=CARTESIAN_POINT('Ctrl Pts',(27.6302730195647,10.3122260813885,11.3500007108879));
#7090=CARTESIAN_POINT('Ctrl Pts',(27.6261293130101,10.3228826172928,11.3500007093898));
#7091=CARTESIAN_POINT('Ctrl Pts',(27.6212896249319,10.3332109651292,11.3500007097736));
#7092=CARTESIAN_POINT('Ctrl Pts',(27.6168753931262,10.3426313494146,11.3500007101237));
#7093=CARTESIAN_POINT('Ctrl Pts',(27.6118815677558,10.351780229267,11.3500007122925));
#7094=CARTESIAN_POINT('Ctrl Pts',(27.6062974796666,10.3606150675017,11.3500007130096));
#7095=CARTESIAN_POINT('Ctrl Pts',(27.6059909592944,10.361100027241,11.350000713049));
#7096=CARTESIAN_POINT('Ctrl Pts',(27.6056826518705,10.3615840408612,11.3500007130822));
#7097=CARTESIAN_POINT('Ctrl Pts',(27.6053725666914,10.3620671001621,11.3500007131108));
#7098=CARTESIAN_POINT('Ctrl Pts',(27.5991278601436,10.3717952773936,11.3500007136865));
#7099=CARTESIAN_POINT('Ctrl Pts',(27.5922118620829,10.3810661300491,11.3500007129715));
#7100=CARTESIAN_POINT('Ctrl Pts',(27.5847128293919,10.3898133207698,11.3500007156803));
#7101=CARTESIAN_POINT('Ctrl Pts',(27.5769631807965,10.398852840542,11.3500007184795));
#7102=CARTESIAN_POINT('Ctrl Pts',(27.5685900356512,10.4073348294598,11.3500007251878));
#7103=CARTESIAN_POINT('Ctrl Pts',(27.5596404777667,10.4151693333857,11.3500007263045));
#7104=CARTESIAN_POINT('Ctrl Pts',(27.5583127678907,10.4163316196539,11.3500007264702));
#7105=CARTESIAN_POINT('Ctrl Pts',(27.5569722975511,10.4174795982812,11.350000726483));
#7106=CARTESIAN_POINT('Ctrl Pts',(27.5556191476179,10.4186129085053,11.3500007262801));
#7107=CARTESIAN_POINT('Ctrl Pts',(27.5496446652569,10.4236167456832,11.3500007253841));
#7108=CARTESIAN_POINT('Ctrl Pts',(27.5434233469897,10.4283353001212,11.3500007205199));
#7109=CARTESIAN_POINT('Ctrl Pts',(27.536978754258,10.4327646485268,11.3500007165084));
#7110=CARTESIAN_POINT('Ctrl Pts',(27.5272011920756,10.4394847363998,11.3500007104221));
#7111=CARTESIAN_POINT('Ctrl Pts',(27.5169738308005,10.4454979418911,11.3500007071447));
#7112=CARTESIAN_POINT('Ctrl Pts',(27.5063774400389,10.4507810003336,11.350000710531));
#7113=CARTESIAN_POINT('Ctrl Pts',(27.4963041682891,10.4558032465455,11.3500007137502));
#7114=CARTESIAN_POINT('Ctrl Pts',(27.4858958595472,10.4601658445158,11.350000722715));
#7115=CARTESIAN_POINT('Ctrl Pts',(27.4752210508036,10.4638027948637,11.3500007290758));
#7116=CARTESIAN_POINT('Ctrl Pts',(27.4725543571052,10.4647113481509,11.3500007306647));
#7117=CARTESIAN_POINT('Ctrl Pts',(27.4698710897005,10.4655743737988,11.3500007320426));
#7118=CARTESIAN_POINT('Ctrl Pts',(27.467172478696,10.4663903375782,11.3500007329869));
#7119=CARTESIAN_POINT('Ctrl Pts',(27.466786609757,10.4665070105916,11.3500007331219));
#7120=CARTESIAN_POINT('Ctrl Pts',(27.4664004996779,10.4666226991455,11.3500007332482));
#7121=CARTESIAN_POINT('Ctrl Pts',(27.4660141516461,10.4667373997492,11.350000733365));
#7122=CARTESIAN_POINT('Ctrl Pts',(27.4545043173123,10.4701544870323,11.3500007368441));
#7123=CARTESIAN_POINT('Ctrl Pts',(27.4427805076511,10.4726990579877,11.3500007323648));
#7124=CARTESIAN_POINT('Ctrl Pts',(27.4309180465602,10.4744007141237,11.3500007271676));
#7125=CARTESIAN_POINT('Ctrl Pts',(27.4204481426619,10.4759026095631,11.3500007225804));
#7126=CARTESIAN_POINT('Ctrl Pts',(27.4098692776427,10.4767466343674,11.3500007169247));
#7127=CARTESIAN_POINT('Ctrl Pts',(27.3992689790864,10.4769246313523,11.3500007155388));
#7128=CARTESIAN_POINT('Ctrl Pts',(27.3978590786573,10.4769483059709,11.3500007153545));
#7129=CARTESIAN_POINT('Ctrl Pts',(27.3964488682722,10.4769601665963,11.3500007152523));
#7130=CARTESIAN_POINT('Ctrl Pts',(27.3950386225847,10.4769601665963,11.3500007152523));
#7131=CARTESIAN_POINT('Origin',(1.14193969912155E-14,10.5,13.));
#7132=CARTESIAN_POINT('',(21.2779270828984,10.4441458342033,9.));
#7133=CARTESIAN_POINT('',(1.14193969912155E-14,10.4441458342033,9.));
#7134=CARTESIAN_POINT('',(21.3107414119623,10.4769601632671,11.3500004768337));
#7135=CARTESIAN_POINT('',(21.2779270828984,10.4441458342033,9.));
#7136=CARTESIAN_POINT('',(1.1394339749095E-14,10.4769601632672,11.3500004768337));
#7137=CARTESIAN_POINT('Origin',(19.4999999598518,31.5,7.57735033872836));
#7138=CARTESIAN_POINT('',(19.4999999598518,24.9047005384948,7.57735033872836));
#7139=CARTESIAN_POINT('',(18.4999999197036,24.9047005384948,8.15470053837925));
#7140=CARTESIAN_POINT('Ctrl Pts',(19.4999999598518,24.9047005384947,7.57735033872836));
#7141=CARTESIAN_POINT('Ctrl Pts',(18.9999999397879,24.616025403887,7.8660254385479));
#7142=CARTESIAN_POINT('Ctrl Pts',(18.4999999197036,24.9047005384948,8.15470053837925));
#7143=CARTESIAN_POINT('',(19.4999999598518,22.491059962066,7.57735033872836));
#7144=CARTESIAN_POINT('',(19.4999999598518,31.5,7.57735033872836));
#7145=CARTESIAN_POINT('',(18.6842105263158,21.1419096639005,8.0483465121438));
#7146=CARTESIAN_POINT('Origin',(23.75,19.,5.12361206554572));
#7147=CARTESIAN_POINT('',(18.4999999197036,21.0197972880423,8.15470053837925));
#7148=CARTESIAN_POINT('Origin',(18.5,21.2197972880423,8.15470049202009));
#7149=CARTESIAN_POINT('',(18.4999999197036,31.5,8.15470053837925));
#7150=CARTESIAN_POINT('Origin',(19.4999999598518,31.5,7.57735033872836));
#7151=CARTESIAN_POINT('',(18.4999999197036,0.237442380205395,8.15470053837925));
#7152=CARTESIAN_POINT('',(19.4999999598518,0.229380526761878,7.57735033872836));
#7153=CARTESIAN_POINT('',(10.3780406861832,0.302920422591442,12.843915135145));
#7154=CARTESIAN_POINT('',(18.4999999197036,16.9802027119577,8.15470053837925));
#7155=CARTESIAN_POINT('',(18.4999999197036,31.5,8.15470053837925));
#7156=CARTESIAN_POINT('',(18.6842105263158,16.8580903360995,8.0483465121438));
#7157=CARTESIAN_POINT('Origin',(18.5,16.7802027119577,8.15470049202009));
#7158=CARTESIAN_POINT('',(19.4999999598518,15.508940037934,7.57735033872836));
#7159=CARTESIAN_POINT('Origin',(23.75,19.,5.12361206554572));
#7160=CARTESIAN_POINT('',(19.4999999598518,31.5,7.57735033872836));
#7161=CARTESIAN_POINT('Origin',(19.5000000401482,31.5,6.42264980034911));
#7162=CARTESIAN_POINT('',(19.5000000401482,24.9047005384948,6.42264980034911));
#7163=CARTESIAN_POINT('',(19.5,24.7500000001082,7.));
#7164=CARTESIAN_POINT('Ctrl Pts',(19.5000000401482,24.9047005384948,6.42264980034911));
#7165=CARTESIAN_POINT('Ctrl Pts',(19.5000000186328,24.7500000187394,6.73205083983957));
#7166=CARTESIAN_POINT('Ctrl Pts',(19.5,24.7500000001082,7.));
#7167=CARTESIAN_POINT('',(19.5000000401482,22.4910600598185,6.42264980034911));
#7168=CARTESIAN_POINT('',(19.5000000401482,31.5,6.42264980034911));
#7169=CARTESIAN_POINT('',(19.5,22.4910600109422,7.00000006953874));
#7170=CARTESIAN_POINT('Ctrl Pts',(19.5,24.7500000001082,7.));
#7171=CARTESIAN_POINT('Ctrl Pts',(19.4999999813672,24.7499999814771,7.26794922470064));
#7172=CARTESIAN_POINT('Ctrl Pts',(19.4999999598518,24.9047005384948,7.57735033872836));
#7173=CARTESIAN_POINT('Origin',(19.5000000401482,31.5,6.42264980034911));
#7174=CARTESIAN_POINT('',(19.5000000401482,0.213256817932823,6.42264980034911));
#7175=CARTESIAN_POINT('',(19.4999997093912,0.27967358966305,11.1790915649215));
#7176=CARTESIAN_POINT('',(19.5000000401482,15.5089399401815,6.42264980034911));
#7177=CARTESIAN_POINT('',(19.5,15.5089399890578,7.00000006953874));
#7178=CARTESIAN_POINT('',(19.5000000401482,31.5,6.42264980034911));
#7179=CARTESIAN_POINT('Origin',(18.4999999197036,31.5,8.15470053837925));
#7180=CARTESIAN_POINT('',(17.4999999598518,24.9047005384948,7.57735019965088));
#7181=CARTESIAN_POINT('Ctrl Pts',(18.4999999197036,24.9047005384948,8.15470053837925));
#7182=CARTESIAN_POINT('Ctrl Pts',(17.9999999397879,24.616025403887,7.86602536902097));
#7183=CARTESIAN_POINT('Ctrl Pts',(17.4999999598518,24.9047005384948,7.57735019965088));
#7184=CARTESIAN_POINT('',(18.3157894736842,21.1419096639005,8.04834657070274));
#7185=CARTESIAN_POINT('Origin',(18.5,21.2197972880423,8.15470058473842));
#7186=CARTESIAN_POINT('',(17.4999999598518,22.4910600598185,7.57735019965088));
#7187=CARTESIAN_POINT('Origin',(13.25,19.,5.12361118472168));
#7188=CARTESIAN_POINT('',(17.4999999598518,31.5,7.57735019965088));
#7189=CARTESIAN_POINT('Origin',(18.4999999197036,31.5,8.15470053837925));
#7190=CARTESIAN_POINT('',(17.4999999598518,0.229380524819862,7.57735019965088));
#7191=CARTESIAN_POINT('',(13.2476114382794,0.195098382139482,5.12223214774786));
#7192=CARTESIAN_POINT('',(17.4999999598518,15.5089399401815,7.57735019965088));
#7193=CARTESIAN_POINT('',(17.4999999598518,31.5,7.57735019965088));
#7194=CARTESIAN_POINT('',(18.3157894736842,16.8580903360995,8.04834657070274));
#7195=CARTESIAN_POINT('Origin',(13.25,19.,5.12361118472168));
#7196=CARTESIAN_POINT('Origin',(18.5,16.7802027119577,8.15470058473842));
#7197=CARTESIAN_POINT('Origin',(18.5000000802964,31.5,5.84529946162075));
#7198=CARTESIAN_POINT('',(18.5000000802964,24.9047005384948,5.84529946162075));
#7199=CARTESIAN_POINT('Ctrl Pts',(18.5000000802964,24.9047005384948,5.84529946162075));
#7200=CARTESIAN_POINT('Ctrl Pts',(19.0000000602121,24.6160254038869,6.13397463097902));
#7201=CARTESIAN_POINT('Ctrl Pts',(19.5000000401482,24.9047005384948,6.42264980034911));
#7202=CARTESIAN_POINT('',(18.5000000802964,21.0197972880423,5.84529946162075));
#7203=CARTESIAN_POINT('',(18.5000000802964,31.5,5.84529946162075));
#7204=CARTESIAN_POINT('',(18.6842105263158,21.1419096639005,5.95165342929726));
#7205=CARTESIAN_POINT('Origin',(18.5,21.2197972880423,5.84529941526159));
#7206=CARTESIAN_POINT('Origin',(23.75,19.,8.87638881527832));
#7207=CARTESIAN_POINT('Origin',(17.4999999598518,31.5,7.57735019965088));
#7208=CARTESIAN_POINT('',(17.5000000401482,24.9047005384948,6.42264966127163));
#7209=CARTESIAN_POINT('Ctrl Pts',(17.4999999598518,24.9047005384948,7.57735019965088));
#7210=CARTESIAN_POINT('Ctrl Pts',(17.5,24.6160254038869,6.99999993047308));
#7211=CARTESIAN_POINT('Ctrl Pts',(17.5000000401482,24.9047005384948,6.42264966127163));
#7212=CARTESIAN_POINT('',(17.5000000401482,22.491059962066,6.42264966127163));
#7213=CARTESIAN_POINT('',(17.5,22.4910600109422,6.99999993046126));
#7214=CARTESIAN_POINT('',(17.5000000401482,31.5,6.42264966127163));
#7215=CARTESIAN_POINT('Origin',(17.5000000401482,31.5,6.42264966127163));
#7216=CARTESIAN_POINT('Ctrl Pts',(17.5000000401482,24.9047005384948,6.42264966127163));
#7217=CARTESIAN_POINT('Ctrl Pts',(18.0000000602121,24.6160254038869,6.1339745614521));
#7218=CARTESIAN_POINT('Ctrl Pts',(18.5000000802964,24.9047005384948,5.84529946162075));
#7219=CARTESIAN_POINT('',(18.3157894736842,21.1419096639005,5.95165348785619));
#7220=CARTESIAN_POINT('Origin',(13.25,19.,8.87638793445427));
#7221=CARTESIAN_POINT('Origin',(18.5,21.2197972880423,5.8452995079799));
#7222=CARTESIAN_POINT('Origin',(18.5000000802964,31.5,5.84529946162075));
#7223=CARTESIAN_POINT('',(18.5000000802964,0.20519496254729,5.84529946162075));
#7224=CARTESIAN_POINT('',(13.7477821784216,0.166883267523692,3.10160473610788));
#7225=CARTESIAN_POINT('',(18.6842105263158,16.8580903360995,5.95165342929726));
#7226=CARTESIAN_POINT('Origin',(23.75,19.,8.87638881527832));
#7227=CARTESIAN_POINT('',(18.5000000802964,16.9802027119577,5.84529946162075));
#7228=CARTESIAN_POINT('Origin',(18.5,16.7802027119577,5.84529941526159));
#7229=CARTESIAN_POINT('',(18.5000000802964,31.5,5.84529946162075));
#7230=CARTESIAN_POINT('Origin',(17.5000000401482,31.5,6.42264966127163));
#7231=CARTESIAN_POINT('',(17.5000000401482,0.213256815990808,6.42264966127163));
#7232=CARTESIAN_POINT('',(8.8779189296885,0.282766767490765,11.4006097119455));
#7233=CARTESIAN_POINT('',(18.3157894736842,16.8580903360995,5.95165348785619));
#7234=CARTESIAN_POINT('Origin',(18.5,16.7802027119577,5.8452995079799));
#7235=CARTESIAN_POINT('',(17.5000000401482,15.508940037934,6.42264966127163));
#7236=CARTESIAN_POINT('Origin',(13.25,19.,8.87638793445427));
#7237=CARTESIAN_POINT('',(17.5000000401482,31.5,6.42264966127163));
#7238=CARTESIAN_POINT('Origin',(17.4999999598518,31.5,7.57735019965088));
#7239=CARTESIAN_POINT('',(17.4999996692509,0.287733870538047,11.7563291449676));
#7240=CARTESIAN_POINT('',(17.5,15.5089399890578,6.99999993046126));
#7241=CARTESIAN_POINT('Origin',(18.5,16.7802027119577,11.35));
#7242=CARTESIAN_POINT('',(18.3157894736842,16.8580903360995,11.35));
#7243=CARTESIAN_POINT('',(18.6842105263158,16.8580903360995,11.35));
#7244=CARTESIAN_POINT('Origin',(13.25,19.,11.35));
#7245=CARTESIAN_POINT('',(18.3157887331485,16.858090670066,4.76703082251964));
#7246=CARTESIAN_POINT('',(18.3157894736842,16.8580903360995,11.35));
#7247=CARTESIAN_POINT('',(15.9999998399126,14.2368591879295,7.00331576748036));
#7248=CARTESIAN_POINT('Ctrl Pts',(16.0000005480776,14.2368595967915,7.00331575280326));
#7249=CARTESIAN_POINT('Ctrl Pts',(15.9996784770992,14.2366472417198,6.79799214419107));
#7250=CARTESIAN_POINT('Ctrl Pts',(16.0247625996505,14.2508885590513,6.59702110556515));
#7251=CARTESIAN_POINT('Ctrl Pts',(16.1268206290101,14.3119712300307,6.19424828607403));
#7252=CARTESIAN_POINT('Ctrl Pts',(16.2033575210897,14.3587476532273,6.00479376608344));
#7253=CARTESIAN_POINT('Ctrl Pts',(16.3486206582558,14.4555598788541,5.74416973277505));
#7254=CARTESIAN_POINT('Ctrl Pts',(16.4020669663384,14.492311606428,5.66175471852989));
#7255=CARTESIAN_POINT('Ctrl Pts',(16.5143899907575,14.5729763043251,5.51010127362289));
#7256=CARTESIAN_POINT('Ctrl Pts',(16.5736840997684,14.6171612612042,5.4400905697206));
#7257=CARTESIAN_POINT('Ctrl Pts',(16.6973071912723,14.7137166992435,5.31085700943271));
#7258=CARTESIAN_POINT('Ctrl Pts',(16.7620654226724,14.7664834201217,5.25137207852978));
#7259=CARTESIAN_POINT('Ctrl Pts',(16.8915734886972,14.8773541636888,5.14565404737961));
#7260=CARTESIAN_POINT('Ctrl Pts',(16.9566973546669,14.9357190421934,5.09894212965049));
#7261=CARTESIAN_POINT('Ctrl Pts',(17.1518081552017,15.1195576215674,4.9745352452856));
#7262=CARTESIAN_POINT('Ctrl Pts',(17.2818770844092,15.2541938349623,4.9123382112234));
#7263=CARTESIAN_POINT('Ctrl Pts',(17.5340283193541,15.5454091401744,4.82028305448582));
#7264=CARTESIAN_POINT('Ctrl Pts',(17.6529780599377,15.6982318563594,4.79139335755086));
#7265=CARTESIAN_POINT('Ctrl Pts',(17.9812726456196,16.1698984174747,4.73904092256344));
#7266=CARTESIAN_POINT('Ctrl Pts',(18.168958672476,16.5109965386444,4.74719395392749));
#7267=CARTESIAN_POINT('Ctrl Pts',(18.315788731284,16.8580906656561,4.7670309209267));
#7268=CARTESIAN_POINT('Ctrl Pts',(15.9744448548608,14.2221971333235,9.00000000000001));
#7269=CARTESIAN_POINT('Ctrl Pts',(15.9829831397327,14.2270659165181,8.3329419600556));
#7270=CARTESIAN_POINT('Ctrl Pts',(15.9915023004705,14.2319541298103,7.66737757577029));
#7271=CARTESIAN_POINT('Ctrl Pts',(16.0000001152298,14.236860345706,7.00331577955743));
#7272=CARTESIAN_POINT('Origin',(23.75,19.,11.35));
#7273=CARTESIAN_POINT('',(18.6842112668515,21.141909329934,4.76703082251964));
#7274=CARTESIAN_POINT('',(18.6842105263158,21.1419096639005,11.35));
#7275=CARTESIAN_POINT('',(21.0000001600876,23.7631408120702,7.0033157674809));
#7276=CARTESIAN_POINT('Ctrl Pts',(20.9999994519224,23.7631404032083,7.00331575280181));
#7277=CARTESIAN_POINT('Ctrl Pts',(21.0003215229011,23.7633527582803,6.79799214419417));
#7278=CARTESIAN_POINT('Ctrl Pts',(20.9752374003504,23.7491114409492,6.59702110557245));
#7279=CARTESIAN_POINT('Ctrl Pts',(20.8731793709937,23.6880287699716,6.19424828608488));
#7280=CARTESIAN_POINT('Ctrl Pts',(20.7966424789146,23.6412523467754,6.00479376609242));
#7281=CARTESIAN_POINT('Ctrl Pts',(20.651379341749,23.5444401211492,5.74416973278301));
#7282=CARTESIAN_POINT('Ctrl Pts',(20.5979330336665,23.5076883935754,5.66175471853696));
#7283=CARTESIAN_POINT('Ctrl Pts',(20.4856100092474,23.4270236956786,5.5101012736291));
#7284=CARTESIAN_POINT('Ctrl Pts',(20.4263159002365,23.3828387387995,5.44009056972619));
#7285=CARTESIAN_POINT('Ctrl Pts',(20.3026928087326,23.2862833007605,5.31085700943741));
#7286=CARTESIAN_POINT('Ctrl Pts',(20.2379345773325,23.2335165798824,5.25137207853407));
#7287=CARTESIAN_POINT('Ctrl Pts',(20.1084265113071,23.122645836315,5.14565404738287));
#7288=CARTESIAN_POINT('Ctrl Pts',(20.0433026453376,23.0642809578106,5.09894212965351));
#7289=CARTESIAN_POINT('Ctrl Pts',(19.8481918448017,22.8804423784361,4.97453524528747));
#7290=CARTESIAN_POINT('Ctrl Pts',(19.7181229155942,22.7458061650414,4.91233821122481));
#7291=CARTESIAN_POINT('Ctrl Pts',(19.4659716806485,22.4545908598288,4.82028305448661));
#7292=CARTESIAN_POINT('Ctrl Pts',(19.3470219400644,22.3017681436435,4.79139335755128));
#7293=CARTESIAN_POINT('Ctrl Pts',(19.0187273543814,21.830101582527,4.73904092256345));
#7294=CARTESIAN_POINT('Ctrl Pts',(18.8310413275244,21.4890034613565,4.74719395392766));
#7295=CARTESIAN_POINT('Ctrl Pts',(18.684211268716,21.1419093343439,4.76703092092671));
#7296=CARTESIAN_POINT('',(21.0556348584538,23.7948302382935,11.3500003337826));
#7297=CARTESIAN_POINT('Origin',(22.6113765572472,19.941973716575,131.075240268183));
#7298=CARTESIAN_POINT('',(18.5,20.6393596310755,11.3500003337826));
#7299=CARTESIAN_POINT('Origin',(23.75,19.,11.3500003337826));
#7300=CARTESIAN_POINT('',(18.5,20.6393596310755,14.6382366094915));
#7301=CARTESIAN_POINT('',(18.6842105263158,21.1419096639005,11.35));
#7302=CARTESIAN_POINT('Origin',(18.5,21.2197972880423,11.35));
#7303=CARTESIAN_POINT('',(18.315789529954,21.1419096464239,4.76703042825461));
#7304=CARTESIAN_POINT('',(18.3157894736842,21.1419096639005,11.35));
#7305=CARTESIAN_POINT('Origin',(18.5,21.2197972880423,4.76703121730564));
#7306=CARTESIAN_POINT('Origin',(33.2023413848916,36.1882917236213,8.99999999999711));
#7307=CARTESIAN_POINT('',(36.2262781808656,31.8696624159368,9.));
#7308=CARTESIAN_POINT('',(36.2268778387794,31.8694660596888,8.9638490512568));
#7309=CARTESIAN_POINT('',(36.2380897416872,31.8657947545365,8.28792880068142));
#7310=CARTESIAN_POINT('',(34.5375855051855,34.2813654947093,9.));
#7311=CARTESIAN_POINT('',(33.2023413848916,36.1882917236212,9.));
#7312=CARTESIAN_POINT('',(34.5377722185688,34.2870869670206,8.67202723179446));
#7313=CARTESIAN_POINT('',(34.5380210824759,34.294712922527,8.23488350346563));
#7314=CARTESIAN_POINT('',(34.3439857893124,34.5578480359044,9.00035639912285));
#7315=CARTESIAN_POINT('',(33.7407048422703,35.400760486921,10.0224854087103));
#7316=CARTESIAN_POINT('',(36.2477988511266,31.8389212064647,9.00035639912285));
#7317=CARTESIAN_POINT('',(39.2820377604639,27.5055789561154,9.00035639912285));
#7318=CARTESIAN_POINT('',(35.7947113056453,32.5004328171193,8.20971470539921));
#7319=CARTESIAN_POINT('Origin',(-3.03974432026514,4.3412047919923,7.));
#7320=CARTESIAN_POINT('',(41.7276498825115,35.7211481106833,8.96384905125679));
#7321=CARTESIAN_POINT('',(6.7650371061754,11.2400630891855,8.96384905125685));
#7322=CARTESIAN_POINT('',(41.7276704630798,35.721778762592,9.));
#7323=CARTESIAN_POINT('',(41.7287669911432,35.7553797548784,10.9261144431347));
#7324=CARTESIAN_POINT('',(41.7608456872228,35.7109156314781,7.));
#7325=CARTESIAN_POINT('',(41.7276704630798,35.721778762592,9.00000000000001));
#7326=CARTESIAN_POINT('',(36.2422964975521,31.8467858888896,7.));
#7327=CARTESIAN_POINT('',(-3.03974432026514,4.3412047919923,7.));
#7328=CARTESIAN_POINT('',(36.2422964975521,31.8467858888896,7.));
#7329=CARTESIAN_POINT('Origin',(17.1590797763414,17.2973691157019,9.94990739780884));
#7330=CARTESIAN_POINT('',(37.3091412156664,30.230665730369,10.8998147956177));
#7331=CARTESIAN_POINT('',(38.2394204308506,28.8210106632533,12.5647126885163));
#7332=CARTESIAN_POINT('',(42.8974625836358,34.1436504781596,10.8998147956177));
#7333=CARTESIAN_POINT('',(17.7115853496353,16.5083093824881,10.8998147956177));
#7334=CARTESIAN_POINT('',(41.749197248048,35.6910418346831,9.0003563991235));
#7335=CARTESIAN_POINT('',(43.6764513782128,33.0938926476317,12.1884166202793));
#7336=CARTESIAN_POINT('',(43.7088097299413,32.9530442760756,12.3204956727298));
#7337=CARTESIAN_POINT('Origin',(44.8391930492651,31.3967409803358,15.5));
#7338=CARTESIAN_POINT('',(39.845384186233,38.4099686641238,9.0003563991235));
#7339=CARTESIAN_POINT('',(44.7834361573849,31.3576995843342,9.0003563991235));
#7340=CARTESIAN_POINT('',(40.0335375023507,38.1352632469559,8.67202723179447));
#7341=CARTESIAN_POINT('',(39.9268724166365,38.2909951653349,8.85815873082011));
#7342=CARTESIAN_POINT('',(40.0389777873997,38.1334818413645,9.));
#7343=CARTESIAN_POINT('',(40.0725018901032,38.1225044709759,11.0210324764605));
#7344=CARTESIAN_POINT('',(44.7834331000315,31.3576974435524,9.));
#7345=CARTESIAN_POINT('Origin',(-4.76047362931829,6.79866092485929,7.));
#7346=CARTESIAN_POINT('',(6.96990450281618,14.9838581800824,8.67202723179444));
#7347=CARTESIAN_POINT('',(34.521567188499,34.3042420217566,7.));
#7348=CARTESIAN_POINT('',(34.521567188499,34.3042420217566,7.));
#7349=CARTESIAN_POINT('',(40.0401163781697,38.1683717643451,7.));
#7350=CARTESIAN_POINT('',(-4.76047362931829,6.79866092485929,7.));
#7351=CARTESIAN_POINT('',(40.0401163781697,38.1683717643451,7.));
#7352=CARTESIAN_POINT('Origin',(17.9436229546401,24.2496774495232,9.94990739780884));
#7353=CARTESIAN_POINT('',(38.7840418216936,40.018224140219,10.8998147956177));
#7354=CARTESIAN_POINT('',(39.9868683579516,38.1955772466607,8.74714564741799));
#7355=CARTESIAN_POINT('',(33.1957204537242,36.1052393924284,10.8998147956177));
#7356=CARTESIAN_POINT('',(17.3911173813461,25.0387371827369,10.8998147956177));
#7357=CARTESIAN_POINT('',(34.308110890909,34.6061927050196,9.05970058977612));
#7358=CARTESIAN_POINT('Origin',(44.9321544271787,31.4618332379134,15.5));
#7359=CARTESIAN_POINT('',(43.0395629796157,34.1647339413278,15.5));
#7360=CARTESIAN_POINT('',(43.0395629796157,34.1647339413278,15.5));
#7361=CARTESIAN_POINT('',(38.852454994253,40.1445438646374,15.5));
#7362=CARTESIAN_POINT('',(38.852454994253,40.1445438646374,15.5));
#7363=CARTESIAN_POINT('',(38.7557933992334,39.9660655747419,9.0003563991235));
#7364=CARTESIAN_POINT('Origin',(37.3894493702542,30.2084818003116,15.5));
#7365=CARTESIAN_POINT('',(37.240728043107,30.1043460059506,15.5));
#7366=CARTESIAN_POINT('',(37.3373896381266,30.2828242958461,9.00035639912285));
#7367=CARTESIAN_POINT('',(43.0395629796157,34.1647339413278,15.5));
#7368=CARTESIAN_POINT('Origin',(39.1333194906701,27.4014453025362,15.5));
#7369=CARTESIAN_POINT('',(33.0536200577444,36.0841559292602,15.5));
#7370=CARTESIAN_POINT('',(33.0536200577444,36.0841559292602,15.5));
#7371=CARTESIAN_POINT('',(37.240728043107,30.1043460059506,15.5));
#7372=CARTESIAN_POINT('Origin',(40.7882469721975,41.5,15.5));
#7373=CARTESIAN_POINT('',(33.0536200577444,36.0841559292602,15.5));
#7374=CARTESIAN_POINT('Ctrl Pts',(30.,0.250641700086613,9.09997075720279));
#7375=CARTESIAN_POINT('Ctrl Pts',(30.7779269311663,0.250641700086613,9.09997075720279));
#7376=CARTESIAN_POINT('Ctrl Pts',(32.3281587411136,0.240249832755894,8.35575644964056));
#7377=CARTESIAN_POINT('Ctrl Pts',(32.8997505173523,0.205104727801139,5.83883729394783));
#7378=CARTESIAN_POINT('Ctrl Pts',(31.292173131405,0.176849891119188,3.81536518375421));
#7379=CARTESIAN_POINT('Ctrl Pts',(28.7102190349365,0.176930500706614,3.82113804501008));
#7380=CARTESIAN_POINT('Ctrl Pts',(27.094278820437,0.205069657416737,5.83632572590973));
#7381=CARTESIAN_POINT('Ctrl Pts',(27.6762793005345,0.240252171114951,8.3559239113884));
#7382=CARTESIAN_POINT('Ctrl Pts',(29.2220730688337,0.250641700086613,9.09997075720279));
#7383=CARTESIAN_POINT('Ctrl Pts',(30.,0.250641700086613,9.09997075720279));
#7384=CARTESIAN_POINT('Ctrl Pts',(30.,0.349245482052699,8.99998050480186));
#7385=CARTESIAN_POINT('Ctrl Pts',(30.7484218725562,0.349245482052699,8.99998050480186));
#7386=CARTESIAN_POINT('Ctrl Pts',(32.2397746894228,0.339246538159604,8.28341425068269));
#7387=CARTESIAN_POINT('Ctrl Pts',(32.7877118723781,0.305447304283057,5.86248285548666));
#7388=CARTESIAN_POINT('Ctrl Pts',(31.2415036613124,0.278291991313756,3.91867183696512));
#7389=CARTESIAN_POINT('Ctrl Pts',(28.7607790253688,0.278369442774569,3.92421452463671));
#7390=CARTESIAN_POINT('Ctrl Pts',(27.2065533917122,0.30541340600211,5.86004266267012));
#7391=CARTESIAN_POINT('Ctrl Pts',(27.7645028096833,0.339248907292785,8.2835930196714));
#7392=CARTESIAN_POINT('Ctrl Pts',(29.2515781274438,0.349245482052699,8.99998050480186));
#7393=CARTESIAN_POINT('Ctrl Pts',(30.,0.349245482052699,8.99998050480186));
#7394=CARTESIAN_POINT('Ctrl Pts',(30.,0.447849264018785,8.89999025240093));
#7395=CARTESIAN_POINT('Ctrl Pts',(30.718916813946,0.447849264018785,8.89999025240093));
#7396=CARTESIAN_POINT('Ctrl Pts',(32.1513906377319,0.438243243563314,8.21107205172481));
#7397=CARTESIAN_POINT('Ctrl Pts',(32.6756732274038,0.405789880764975,5.88612841702548));
#7398=CARTESIAN_POINT('Ctrl Pts',(31.1908341912199,0.379734091508324,4.02197849017603));
#7399=CARTESIAN_POINT('Ctrl Pts',(28.8113390158011,0.379808384842524,4.02729100426335));
#7400=CARTESIAN_POINT('Ctrl Pts',(27.3188279629873,0.405757154587484,5.8837595994305));
#7401=CARTESIAN_POINT('Ctrl Pts',(27.8527263188321,0.438245643470618,8.2112621279544));
#7402=CARTESIAN_POINT('Ctrl Pts',(29.281083186054,0.447849264018785,8.89999025240093));
#7403=CARTESIAN_POINT('Ctrl Pts',(30.,0.447849264018785,8.89999025240093));
#7404=CARTESIAN_POINT('Ctrl Pts',(30.,0.54645304598487,8.8));
#7405=CARTESIAN_POINT('Ctrl Pts',(30.6894117553359,0.54645304598487,8.8));
#7406=CARTESIAN_POINT('Ctrl Pts',(32.0630065860411,0.537239948967023,8.13872985276693));
#7407=CARTESIAN_POINT('Ctrl Pts',(32.5636345824296,0.506132457246892,5.90977397856431));
#7408=CARTESIAN_POINT('Ctrl Pts',(31.1401647211273,0.481176191702893,4.12528514338693));
#7409=CARTESIAN_POINT('Ctrl Pts',(28.8618990062334,0.481247326910479,4.13036748388998));
#7410=CARTESIAN_POINT('Ctrl Pts',(27.4311025342625,0.506100903172857,5.90747653619089));
#7411=CARTESIAN_POINT('Ctrl Pts',(27.9409498279809,0.537242379648451,8.1389312362374));
#7412=CARTESIAN_POINT('Ctrl Pts',(29.3105882446641,0.54645304598487,8.8));
#7413=CARTESIAN_POINT('Ctrl Pts',(30.,0.54645304598487,8.8));
#7414=CARTESIAN_POINT('',(30.,0.250641700086613,9.09997075720279));
#7415=CARTESIAN_POINT('',(30.,0.54645304598487,8.8));
#7416=CARTESIAN_POINT('',(30.,0.250641700086613,9.09997075720279));
#7417=CARTESIAN_POINT('Ctrl Pts',(30.,0.54645304598487,8.8));
#7418=CARTESIAN_POINT('Ctrl Pts',(30.6894117553359,0.54645304598487,8.8));
#7419=CARTESIAN_POINT('Ctrl Pts',(32.0630065860411,0.537239948967023,8.13872985276693));
#7420=CARTESIAN_POINT('Ctrl Pts',(32.5636345824296,0.506132457246892,5.90977397856431));
#7421=CARTESIAN_POINT('Ctrl Pts',(31.1401647211273,0.481176191702893,4.12528514338693));
#7422=CARTESIAN_POINT('Ctrl Pts',(28.8618990062334,0.481247326910479,4.13036748388998));
#7423=CARTESIAN_POINT('Ctrl Pts',(27.4311025342625,0.506100903172857,5.90747653619089));
#7424=CARTESIAN_POINT('Ctrl Pts',(27.9409498279809,0.537242379648451,8.1389312362374));
#7425=CARTESIAN_POINT('Ctrl Pts',(29.3105882446641,0.54645304598487,8.8));
#7426=CARTESIAN_POINT('Ctrl Pts',(30.,0.54645304598487,8.8));
#7427=CARTESIAN_POINT('Ctrl Pts',(30.,0.250641700086613,9.09997075720279));
#7428=CARTESIAN_POINT('Ctrl Pts',(29.2220730688337,0.250641700086613,9.09997075720279));
#7429=CARTESIAN_POINT('Ctrl Pts',(27.6762793005345,0.240252171114951,8.3559239113884));
#7430=CARTESIAN_POINT('Ctrl Pts',(27.094278820437,0.205069657416737,5.83632572590973));
#7431=CARTESIAN_POINT('Ctrl Pts',(28.7102190349365,0.176930500706614,3.82113804501008));
#7432=CARTESIAN_POINT('Ctrl Pts',(31.292173131405,0.176849891119188,3.81536518375421));
#7433=CARTESIAN_POINT('Ctrl Pts',(32.8997505173523,0.205104727801139,5.83883729394783));
#7434=CARTESIAN_POINT('Ctrl Pts',(32.3281587411136,0.240249832755894,8.35575644964056));
#7435=CARTESIAN_POINT('Ctrl Pts',(30.7779269311663,0.250641700086613,9.09997075720279));
#7436=CARTESIAN_POINT('Ctrl Pts',(30.,0.250641700086613,9.09997075720279));
#7437=CARTESIAN_POINT('Origin',(30.,10.,6.5));
#7438=CARTESIAN_POINT('',(30.,5.07136579902755,8.8));
#7439=CARTESIAN_POINT('Origin',(30.,5.03924965369444,6.5));
#7440=CARTESIAN_POINT('',(30.,10.,8.8));
#7441=CARTESIAN_POINT('Origin',(0.,0.339991227160837,15.4987434037695));
#7442=CARTESIAN_POINT('',(1.99567447402902,0.335878199704798,15.2041886541017));
#7443=CARTESIAN_POINT('',(1.92300557004811,0.263209295723888,10.));
#7444=CARTESIAN_POINT('',(1.99567447402902,0.335878199704799,15.2041886541017));
#7445=CARTESIAN_POINT('',(-0.562834149933785,0.263209295723888,10.));
#7446=CARTESIAN_POINT('',(0.,0.263209295723888,10.));
#7447=CARTESIAN_POINT('',(-0.500000000000001,0.179428047028798,4.));
#7448=CARTESIAN_POINT('',(-0.562834149933785,0.263209295723888,10.));
#7449=CARTESIAN_POINT('',(14.0698202597129,0.179428047028798,4.));
#7450=CARTESIAN_POINT('',(0.,0.179428047028798,4.));
#7451=CARTESIAN_POINT('',(14.,0.123573881232071,1.0842021724855E-16));
#7452=CARTESIAN_POINT('',(14.0698202597129,0.179428047028798,4.));
#7453=CARTESIAN_POINT('',(19.,0.123573881232071,-1.51322944538992E-17));
#7454=CARTESIAN_POINT('',(0.,0.123573881232071,0.));
#7455=CARTESIAN_POINT('',(18.9857239542103,0.134994300344496,0.817874115530639));
#7456=CARTESIAN_POINT('',(19.,0.123573881232071,0.));
#7457=CARTESIAN_POINT('',(24.8568527526339,0.1436109295187,1.4349546180352));
#7458=CARTESIAN_POINT('',(18.9857239542103,0.134994300344496,0.817874115530639));
#7459=CARTESIAN_POINT('',(24.8718801115702,0.123573881232071,-2.89057537322017E-16));
#7460=CARTESIAN_POINT('',(24.8718801115702,0.123573881232071,-8.67361737988404E-16));
#7461=CARTESIAN_POINT('',(39.9065996239408,0.12357388123207,-1.73472347597681E-15));
#7462=CARTESIAN_POINT('',(0.,0.123573881232071,0.));
#7463=CARTESIAN_POINT('',(39.6942953054681,0.335878199704783,15.2041886541007));
#7464=CARTESIAN_POINT('',(39.6824464834891,0.347727021683763,16.0527428709591));
#7465=CARTESIAN_POINT('',(0.,0.335878199704799,15.2041886541017));
#7466=CARTESIAN_POINT('Origin',(13.25,19.,11.6500000000315));
#7467=CARTESIAN_POINT('',(16.2500000000008,19.,13.6499999999842));
#7468=CARTESIAN_POINT('Origin',(13.25,19.,13.6499999999842));
#7469=CARTESIAN_POINT('',(16.2779270828994,19.,11.6499999999746));
#7470=CARTESIAN_POINT('',(16.2779270828986,19.,11.6500000000315));
#7471=CARTESIAN_POINT('Origin',(13.25,19.,11.6499999999746));
#7472=CARTESIAN_POINT('Origin',(3.8,34.2,11.4999999999554));
#7473=CARTESIAN_POINT('',(2.31847396116045,31.3992308487134,0.));
#7474=CARTESIAN_POINT('Ctrl Pts',(2.44414584086141,31.1978247720374,9.00000047684444));
#7475=CARTESIAN_POINT('Ctrl Pts',(2.40077718745117,31.2649975471288,5.89415132187722));
#7476=CARTESIAN_POINT('Ctrl Pts',(2.35888656088425,31.3321354979133,2.89415116292807));
#7477=CARTESIAN_POINT('Ctrl Pts',(2.31847396116045,31.3992308487134,0.));
#7478=CARTESIAN_POINT('',(6.60076915128623,35.6815260388394,2.03439815727161E-17));
#7479=CARTESIAN_POINT('Origin',(3.8,34.2,0.));
#7480=CARTESIAN_POINT('Ctrl Pts',(6.8021752647065,35.5558541591383,9.00000047684444));
#7481=CARTESIAN_POINT('Ctrl Pts',(6.73503989356608,35.5991987076596,5.89587759519469));
#7482=CARTESIAN_POINT('Ctrl Pts',(6.66790452242602,35.6410893342266,2.89587743624756));
#7483=CARTESIAN_POINT('Ctrl Pts',(6.60076915128623,35.6815260388394,2.03439815727161E-17));
#7484=CARTESIAN_POINT('Origin',(12.75,30.,7.00000000000153));
#7485=CARTESIAN_POINT('',(12.75,35.5837812486951,7.00000000000006));
#7486=CARTESIAN_POINT('',(12.75,35.5837812486951,7.));
#7487=CARTESIAN_POINT('',(12.75,30.8,7.));
#7488=CARTESIAN_POINT('',(12.75,30.,7.));
#7489=CARTESIAN_POINT('',(12.6662187513049,30.7652966705179,13.));
#7490=CARTESIAN_POINT('Origin',(2.5,0.,13.));
#7491=CARTESIAN_POINT('',(2.31847396116064,2.31847396116064,5.78241158658936E-16));
#7492=CARTESIAN_POINT('',(2.5,2.5,13.));
#7493=CARTESIAN_POINT('',(2.31847396116064,11.6,0.));
#7494=CARTESIAN_POINT('',(2.31847396116064,0.,0.));
#7495=CARTESIAN_POINT('',(2.27658333681309,11.6418906243475,-3.));
#7496=CARTESIAN_POINT('',(2.27658333681309,11.6418906243475,-3.));
#7497=CARTESIAN_POINT('',(2.27658333681309,26.3581093756525,-3.));
#7498=CARTESIAN_POINT('',(2.27658333681309,0.,-3.));
#7499=CARTESIAN_POINT('',(2.31847396116064,26.4,3.02628683213461E-18));
#7500=CARTESIAN_POINT('',(2.31847396116064,26.4,0.));
#7501=CARTESIAN_POINT('',(2.31847396116064,0.,0.));
#7502=CARTESIAN_POINT('Origin',(18.5,19.,11.65));
#7503=CARTESIAN_POINT('Origin',(41.,25.,13.4999999999081));
#7504=CARTESIAN_POINT('',(39.2929146251656,25.,13.4999999999081));
#7505=CARTESIAN_POINT('Origin',(38.2,3.8,13.4999999999081));
#7506=CARTESIAN_POINT('',(36.4929146251662,3.8,13.4999999999081));
#7507=CARTESIAN_POINT('Origin',(-1.56743251021943E-14,35.5,13.));
#7508=CARTESIAN_POINT('',(32.3081921411193,35.6815260388394,-5.78241158658936E-16));
#7509=CARTESIAN_POINT('',(0.,35.6815260388394,0.));
#7510=CARTESIAN_POINT('',(32.339010955071,35.5837812486951,7.));
#7511=CARTESIAN_POINT('',(32.339010955071,35.5837812486951,7.));
#7512=CARTESIAN_POINT('',(24.25,35.5837812486951,7.));
#7513=CARTESIAN_POINT('',(0.,35.5837812486951,7.));
#7514=CARTESIAN_POINT('Origin',(18.5,35.5837812486951,7.));
#7515=CARTESIAN_POINT('Origin',(0.,0.,7.));
#7516=CARTESIAN_POINT('',(42.9079985599249,34.0726115429001,7.));
#7517=CARTESIAN_POINT('',(42.9079985599249,34.0726115429001,7.));
#7518=CARTESIAN_POINT('',(36.4750964982491,29.5682450267499,7.));
#7519=CARTESIAN_POINT('',(36.4750964982491,29.5682450267499,7.));
#7520=CARTESIAN_POINT('',(34.8537405806455,31.8837812486951,7.));
#7521=CARTESIAN_POINT('',(34.8537405806455,31.8837812486951,7.));
#7522=CARTESIAN_POINT('',(24.25,31.8837812486951,7.));
#7523=CARTESIAN_POINT('',(0.,31.8837812486951,7.));
#7524=CARTESIAN_POINT('',(24.25,1.07071094007947E-14,7.));
#7525=CARTESIAN_POINT('',(38.7208905745623,40.0524214662098,7.));
#7526=CARTESIAN_POINT('',(38.7208905745623,40.0524214662098,7.));
#7527=CARTESIAN_POINT('',(42.9079985599249,34.0726115429001,7.));
#7528=CARTESIAN_POINT('',(33.2023413848916,36.1882917236213,7.));
#7529=CARTESIAN_POINT('Origin',(18.5,19.,11.3500003337826));
#7530=CARTESIAN_POINT('',(21.3107414109635,13.7693311804625,11.3500004053081));
#7531=CARTESIAN_POINT('',(21.3107414119622,-4.70466885999848E-15,11.3500004768337));
#7532=CARTESIAN_POINT('',(21.0556348812012,14.2051697635342,11.3500003337826));
#7533=CARTESIAN_POINT('Ctrl Pts',(21.0556348988469,14.2051697949362,11.3500003337825));
#7534=CARTESIAN_POINT('Ctrl Pts',(21.0790601156467,14.1920064331257,11.3500003337825));
#7535=CARTESIAN_POINT('Ctrl Pts',(21.1302468455389,14.1613385633663,11.3500003337825));
#7536=CARTESIAN_POINT('Ctrl Pts',(21.220173866305,14.0619604487279,11.3500003337825));
#7537=CARTESIAN_POINT('Ctrl Pts',(21.2511898551313,14.0128078468689,11.3500003337826));
#7538=CARTESIAN_POINT('Ctrl Pts',(21.3085653215995,13.8733427098471,11.3500003337826));
#7539=CARTESIAN_POINT('Ctrl Pts',(21.3107346608532,13.7999960411573,11.3500003337825));
#7540=CARTESIAN_POINT('Ctrl Pts',(21.3107413978982,13.7693311810272,11.3500003337825));
#7541=CARTESIAN_POINT('',(18.5,17.3606403689245,11.3500003337826));
#7542=CARTESIAN_POINT('Origin',(23.75,19.,11.3500003337826));
#7543=CARTESIAN_POINT('',(18.5,19.8196798155378,11.3500003337826));
#7544=CARTESIAN_POINT('',(21.3107414109635,24.2306714493112,11.3500004053081));
#7545=CARTESIAN_POINT('Ctrl Pts',(21.3107413984691,24.2306714487465,11.3500003337825));
#7546=CARTESIAN_POINT('Ctrl Pts',(21.3107356261231,24.2037531480604,11.3500003337825));
#7547=CARTESIAN_POINT('Ctrl Pts',(21.3090487954367,24.1441770821551,11.3500003337826));
#7548=CARTESIAN_POINT('Ctrl Pts',(21.2664984898478,24.0172056225013,11.3500003337826));
#7549=CARTESIAN_POINT('Ctrl Pts',(21.2388424492719,23.9660925444201,11.3500003337826));
#7550=CARTESIAN_POINT('Ctrl Pts',(21.1452898271154,23.8476576160805,11.3500003337826));
#7551=CARTESIAN_POINT('Ctrl Pts',(21.0823151252807,23.8098226585688,11.3500003337825));
#7552=CARTESIAN_POINT('Ctrl Pts',(21.0556348823392,23.7948301957876,11.3500003337825));
#7553=CARTESIAN_POINT('',(21.3107414119623,29.4963172473133,11.3500004768337));
#7554=CARTESIAN_POINT('',(21.3107414119622,-4.70466885999848E-15,11.3500004768337));
#7555=CARTESIAN_POINT('',(21.8374640013818,30.0230398367329,11.3500004768337));
#7556=CARTESIAN_POINT('',(-4.09278791767538,4.09278791767532,11.3500004768337));
#7557=CARTESIAN_POINT('',(23.5589411653275,30.0230398367329,11.3500004768337));
#7558=CARTESIAN_POINT('',(-1.32560813227347E-14,30.0230398367329,11.3500004768337));
#7559=CARTESIAN_POINT('',(24.3107414119622,30.7748400833676,11.3500004768337));
#7560=CARTESIAN_POINT('',(-3.23204933570273,3.23204933570274,11.3500004768337));
#7561=CARTESIAN_POINT('',(24.3107414119622,31.8230398367329,11.3500004768337));
#7562=CARTESIAN_POINT('',(24.3107414119622,1.07339285737035E-14,11.3500004768337));
#7563=CARTESIAN_POINT('',(34.822120602974,31.8230398367329,11.3500004768337));
#7564=CARTESIAN_POINT('',(0.,31.8230398367329,11.3500004768337));
#7565=CARTESIAN_POINT('',(37.1004166626412,28.5692958603507,11.3500004768337));
#7566=CARTESIAN_POINT('',(38.3179314940303,26.8305044807234,11.3500004768337));
#7567=CARTESIAN_POINT('',(40.1083552266471,30.6754771173394,11.3500004768337));
#7568=CARTESIAN_POINT('',(-1.21751483138917,1.7387913796274,11.3500004768337));
#7569=CARTESIAN_POINT('',(40.4230398367329,30.511662678013,11.3500004768337));
#7570=CARTESIAN_POINT('Origin',(40.2230203396342,30.5115877745078,11.3500004768337));
#7571=CARTESIAN_POINT('',(40.4230398334038,28.2765501550338,11.3500007152523));
#7572=CARTESIAN_POINT('',(40.4230398334037,12.5,11.3500007152523));
#7573=CARTESIAN_POINT('',(37.673039833403,25.,11.3500007152568));
#7574=CARTESIAN_POINT('Origin',(41.,25.,11.3500007152523));
#7575=CARTESIAN_POINT('',(40.4230398334037,21.7234498452969,11.3500007152523));
#7576=CARTESIAN_POINT('Origin',(41.,25.,11.3500007152523));
#7577=CARTESIAN_POINT('',(40.4230398367329,9.21888371189658,11.3500004768337));
#7578=CARTESIAN_POINT('',(40.4230398367329,0.,11.3500004768337));
#7579=CARTESIAN_POINT('',(40.0230398367329,8.81888371189657,11.3500004768337));
#7580=CARTESIAN_POINT('',(15.6020780624184,-15.6020780624182,11.3500004768337));
#7581=CARTESIAN_POINT('',(40.0230398334033,6.58301809479598,11.3500007152523));
#7582=CARTESIAN_POINT('',(40.0230398334037,1.9,11.3500007152523));
#7583=CARTESIAN_POINT('',(36.4434677280697,6.62546603727507,11.3500007152523));
#7584=CARTESIAN_POINT('Origin',(38.2,3.8,11.3500007152523));
#7585=CARTESIAN_POINT('',(34.9752478400601,8.26440915310837,11.35));
#7586=CARTESIAN_POINT('',(23.5108864763087,21.0618358016933,11.3500004768337));
#7587=CARTESIAN_POINT('',(34.1157672161669,7.49445776087075,11.35));
#7588=CARTESIAN_POINT('',(34.9752478400601,8.26440915310837,11.35));
#7589=CARTESIAN_POINT('',(35.5839870890779,5.85551463195558,11.3500007152523));
#7590=CARTESIAN_POINT('',(30.2108327603158,11.8534543477829,11.3500007152523));
#7591=CARTESIAN_POINT('',(35.1474224744719,2.47696016659645,11.3500007152523));
#7592=CARTESIAN_POINT('Origin',(38.2,3.8,11.3500007152523));
#7593=CARTESIAN_POINT('',(33.3177231826868,2.47696016326714,11.3500004768337));
#7594=CARTESIAN_POINT('',(0.,2.47696016326714,11.3500004768337));
#7595=CARTESIAN_POINT('',(33.3177231826868,5.10697283638125,11.3500004768337));
#7596=CARTESIAN_POINT('',(33.3177231826868,0.,11.3500004768337));
#7597=CARTESIAN_POINT('',(30.9269601632671,5.10697283638125,11.3500004768337));
#7598=CARTESIAN_POINT('',(0.,5.10697283638125,11.3500004768337));
#7599=CARTESIAN_POINT('',(30.9269601632671,0.,11.3500004768337));
#7600=CARTESIAN_POINT('',(33.5,11.,11.3500003337826));
#7601=CARTESIAN_POINT('Origin',(31.75,11.,11.3500003337826));
#7602=CARTESIAN_POINT('Origin',(0.,0.,0.));
#7603=CARTESIAN_POINT('',(35.3992308487136,2.31847396116064,0.));
#7604=CARTESIAN_POINT('',(0.,2.31847396116064,0.));
#7605=CARTESIAN_POINT('',(40.1815260388392,6.27240405273124,0.));
#7606=CARTESIAN_POINT('Origin',(38.2,3.8,0.));
#7607=CARTESIAN_POINT('',(40.1815260388394,8.75323657753505,-5.78241158658936E-16));
#7608=CARTESIAN_POINT('',(40.1815260388394,0.,0.));
#7609=CARTESIAN_POINT('',(45.6815260388394,14.2532365775351,5.78241158658936E-16));
#7610=CARTESIAN_POINT('',(45.6815260388394,14.2532365775351,0.));
#7611=CARTESIAN_POINT('',(45.6815260388394,34.3871702845006,4.33680868994202E-16));
#7612=CARTESIAN_POINT('',(45.6815260388394,0.,0.));
#7613=CARTESIAN_POINT('',(45.3668414287536,34.550984723827,2.27344153880312E-19));
#7614=CARTESIAN_POINT('Origin',(45.4815065417407,34.3870953809954,0.));
#7615=CARTESIAN_POINT('',(37.1393370080732,28.7900241078129,-2.89120579329468E-15));
#7616=CARTESIAN_POINT('',(37.1393370080732,28.7900241078129,0.));
#7617=CARTESIAN_POINT('',(36.6112284513172,29.5442412904875,-2.35396414593377E-15));
#7618=CARTESIAN_POINT('',(38.4477557904775,26.9214084317384,-6.93889390390723E-15));
#7619=CARTESIAN_POINT('',(43.0241118444254,34.0345905840017,0.));
#7620=CARTESIAN_POINT('',(43.0241118444254,34.0345905840017,0.));
#7621=CARTESIAN_POINT('',(41.8509292071077,35.7100690290314,0.));
#7622=CARTESIAN_POINT('',(42.9680477360226,34.114658428667,0.));
#7623=CARTESIAN_POINT('',(42.6766377320351,36.2882363625496,7.04317558237381E-21));
#7624=CARTESIAN_POINT('',(42.6766377320351,36.2882363625496,0.));
#7625=CARTESIAN_POINT('',(43.8498203693528,34.6127579175199,2.89120579329468E-16));
#7626=CARTESIAN_POINT('',(43.8498203693528,34.6127579175199,0.));
#7627=CARTESIAN_POINT('',(45.5977447901443,35.8366677731789,0.));
#7628=CARTESIAN_POINT('',(45.5977447901443,35.8366677731789,0.));
#7629=CARTESIAN_POINT('',(45.5977447901443,36.8159058114148,-3.09544700146158E-16));
#7630=CARTESIAN_POINT('',(45.5977447901443,0.,-8.67361737988404E-16));
#7631=CARTESIAN_POINT('',(44.7699382448179,37.9981360790907,1.12272555796059E-16));
#7632=CARTESIAN_POINT('',(44.7699382448179,37.9981360790907,0.));
#7633=CARTESIAN_POINT('',(46.9150435954911,39.500155015886,-6.10528892527611E-16));
#7634=CARTESIAN_POINT('',(-3.12442526374813,4.46214171263658,-9.68632016060245E-17));
#7635=CARTESIAN_POINT('',(47.8547742377076,38.1580805723301,0.));
#7636=CARTESIAN_POINT('',(47.8547742377076,38.1580805723301,0.));
#7637=CARTESIAN_POINT('',(48.2164348924623,37.0110395194907,-8.67361737988404E-16));
#7638=CARTESIAN_POINT('Origin',(46.2166393037728,37.0110425020057,-7.0830785314446E-15));
#7639=CARTESIAN_POINT('',(48.2164348924623,15.1771450477436,0.));
#7640=CARTESIAN_POINT('',(48.2164348924623,0.,-1.73472347597681E-15));
#7641=CARTESIAN_POINT('',(47.6307055549488,13.7630693372386,-2.60208521396521E-15));
#7642=CARTESIAN_POINT('Origin',(46.2166459042202,15.1771383955664,-1.2987803399251E-14));
#7643=CARTESIAN_POINT('',(42.492134009473,8.62449779176273,0.));
#7644=CARTESIAN_POINT('',(16.9338181088554,-16.9338181088552,-5.20417042793042E-15));
#7645=CARTESIAN_POINT('',(41.9064046719594,7.21042208125768,-8.67361737988404E-16));
#7646=CARTESIAN_POINT('Origin',(43.9061936602013,7.21042873343501,-4.32926779974929E-15));
#7647=CARTESIAN_POINT('',(41.9064046719594,2.12337892925068,-1.30104260698261E-15));
#7648=CARTESIAN_POINT('',(41.9064046719594,0.,-1.73472347597681E-15));
#7649=CARTESIAN_POINT('Origin',(39.9062097009731,2.12376885221845,0.));
#7650=CARTESIAN_POINT('',(24.8718801115702,-8.79188943328919,0.));
#7651=CARTESIAN_POINT('',(24.8718801115702,0.,0.));
#7652=CARTESIAN_POINT('',(0.999999999999998,-8.79188943328919,-2.16840434497101E-16));
#7653=CARTESIAN_POINT('',(0.,-8.79188943328919,0.));
#7654=CARTESIAN_POINT('',(-2.04188943328919,-5.75,0.));
#7655=CARTESIAN_POINT('Origin',(0.999999999999998,-5.75,0.));
#7656=CARTESIAN_POINT('',(-2.04188943328919,1.79645438754166,0.));
#7657=CARTESIAN_POINT('',(-2.04188943328919,0.,0.));
#7658=CARTESIAN_POINT('',(-1.64192598661496,2.19643489246232,-1.85001244701282E-20));
#7659=CARTESIAN_POINT('Origin',(-1.64186749983277,1.79639589826504,0.));
#7660=CARTESIAN_POINT('',(-0.216434892462316,2.19643489246232,-1.19260830200968E-15));
#7661=CARTESIAN_POINT('',(0.,2.19643489246232,0.));
#7662=CARTESIAN_POINT('',(-0.216434892462316,11.6,-1.30104260698261E-15));
#7663=CARTESIAN_POINT('',(-0.216434892462316,0.,-1.73472347597681E-15));
#7664=CARTESIAN_POINT('',(0.,11.6,0.));
#7665=CARTESIAN_POINT('',(13.018070329095,-4.75,-5.55111512312578E-16));
#7666=CARTESIAN_POINT('Origin',(14.5,-4.75,0.));
#7667=CARTESIAN_POINT('',(14.,-1.5,-1.23550852718795E-16));
#7668=CARTESIAN_POINT('',(14.,0.,0.));
#7669=CARTESIAN_POINT('',(19.,-1.5,0.));
#7670=CARTESIAN_POINT('',(0.,-1.5,0.));
#7671=CARTESIAN_POINT('',(19.,0.,0.));
#7672=CARTESIAN_POINT('',(35.7000000000009,3.8,8.87075405715063E-17));
#7673=CARTESIAN_POINT('Origin',(38.2,3.8,0.));
#7674=CARTESIAN_POINT('',(1.01807032909454,-4.75,-1.11022302462516E-15));
#7675=CARTESIAN_POINT('Origin',(2.5,-4.75,0.));
#7676=CARTESIAN_POINT('',(0.26570853748328,-6.75,-2.57182735751715E-18));
#7677=CARTESIAN_POINT('Origin',(-0.500000000000001,-6.75,0.));
#7678=CARTESIAN_POINT('Origin',(31.75,11.,11.5500003337826));
#7679=CARTESIAN_POINT('',(33.3,11.,11.5500003337826));
#7680=CARTESIAN_POINT('Origin',(31.75,11.,11.5500003337826));
#7681=CARTESIAN_POINT('Origin',(33.5,11.,11.5500003337826));
#7682=CARTESIAN_POINT('Origin',(31.75,11.,15.));
#7683=CARTESIAN_POINT('',(33.3,11.,15.));
#7684=CARTESIAN_POINT('Origin',(31.75,11.,15.));
#7685=CARTESIAN_POINT('',(33.3,11.,15.));
#7686=CARTESIAN_POINT('Origin',(21.3337812486951,-4.70975525283302E-15,
13.));
#7687=CARTESIAN_POINT('',(21.2500054795782,24.1961576576452,6.99999991980823));
#7688=CARTESIAN_POINT('',(21.3247049467532,24.2386003851322,12.35));
#7689=CARTESIAN_POINT('',(21.25,29.5,7.));
#7690=CARTESIAN_POINT('',(21.25,-4.70975525283302E-15,7.));
#7691=CARTESIAN_POINT('',(21.3337812486951,29.4949203416786,13.));
#7692=CARTESIAN_POINT('Origin',(3.8,34.2,-1.));
#7693=CARTESIAN_POINT('',(5.78950022485718,34.2,-1.5));
#7694=CARTESIAN_POINT('',(1.81049977514282,34.2,-1.5));
#7695=CARTESIAN_POINT('Ctrl Pts',(5.78950022485718,34.2,-1.5));
#7696=CARTESIAN_POINT('Ctrl Pts',(5.78950022485718,34.1439442793512,-1.5));
#7697=CARTESIAN_POINT('Ctrl Pts',(5.787142217508,34.0883237384375,-1.50000000003294));
#7698=CARTESIAN_POINT('Ctrl Pts',(5.78250589080379,34.0331339086489,-1.49999999975126));
#7699=CARTESIAN_POINT('Ctrl Pts',(5.77780789789353,33.9772100176879,-1.49999999946584));
#7700=CARTESIAN_POINT('Ctrl Pts',(5.77077059406079,33.9217275097977,-1.49999999877348));
#7701=CARTESIAN_POINT('Ctrl Pts',(5.76142394631285,33.866677428413,-1.4999999980282));
#7702=CARTESIAN_POINT('Ctrl Pts',(5.75207959527214,33.8116408742225,-1.49999999728311));
#7703=CARTESIAN_POINT('Ctrl Pts',(5.74042686349327,33.7570356775963,-1.49999999659584));
#7704=CARTESIAN_POINT('Ctrl Pts',(5.7264444645424,33.7028615627394,-1.4999999968378));
#7705=CARTESIAN_POINT('Ctrl Pts',(5.71259948626262,33.6492198774924,-1.49999999707738));
#7706=CARTESIAN_POINT('Ctrl Pts',(5.69647009656813,33.5960000545535,-1.4999999985189));
#7707=CARTESIAN_POINT('Ctrl Pts',(5.67798911489177,33.5432225165402,-1.49999999950381));
#7708=CARTESIAN_POINT('Ctrl Pts',(5.67432875202287,33.5327693412793,-1.49999999969889));
#7709=CARTESIAN_POINT('Ctrl Pts',(5.67057600188613,33.5223336030168,-1.4999999998592));
#7710=CARTESIAN_POINT('Ctrl Pts',(5.66673014079326,33.5119155995242,-1.49999999994157));
#7711=CARTESIAN_POINT('Ctrl Pts',(5.66342436338098,33.5029606217454,-1.50000000001237));
#7712=CARTESIAN_POINT('Ctrl Pts',(5.66022483169142,33.4944723035328,-1.49999999999863));
#7713=CARTESIAN_POINT('Ctrl Pts',(5.65682074068387,33.4856237337329,-1.49999999999804));
#7714=CARTESIAN_POINT('Ctrl Pts',(5.654606128628,33.4798670870062,-1.49999999999766));
#7715=CARTESIAN_POINT('Ctrl Pts',(5.6523040608141,33.4739582791266,-1.49999999999629));
#7716=CARTESIAN_POINT('Ctrl Pts',(5.64981792795003,33.4676739509918,-1.49999999998246));
#7717=CARTESIAN_POINT('Ctrl Pts',(5.62858535353965,33.4140032615969,-1.49999999986438));
#7718=CARTESIAN_POINT('Ctrl Pts',(5.60518567294404,33.3616873251625,-1.49999999932731));
#7719=CARTESIAN_POINT('Ctrl Pts',(5.57971585057548,33.3107060939058,-1.49999999907503));
#7720=CARTESIAN_POINT('Ctrl Pts',(5.5538277122941,33.2588875478073,-1.4999999988186));
#7721=CARTESIAN_POINT('Ctrl Pts',(5.52580062153269,33.2084470417404,-1.49999999878473));
#7722=CARTESIAN_POINT('Ctrl Pts',(5.49568391925355,33.1593747991175,-1.49999999887235));
#7723=CARTESIAN_POINT('Ctrl Pts',(5.46555587171583,33.110284070497,-1.49999999896));
#7724=CARTESIAN_POINT('Ctrl Pts',(5.43333617162054,33.0625618430098,-1.49999999913924));
#7725=CARTESIAN_POINT('Ctrl Pts',(5.39902775550582,33.0162220077393,-1.49999999925023));
#7726=CARTESIAN_POINT('Ctrl Pts',(5.36510708843569,32.9704058989736,-1.49999999935998));
#7727=CARTESIAN_POINT('Ctrl Pts',(5.32914405788726,32.9259404571075,-1.49999999941844));
#7728=CARTESIAN_POINT('Ctrl Pts',(5.29110410597929,32.8828729145172,-1.49999999931594));
#7729=CARTESIAN_POINT('Ctrl Pts',(5.26406491448376,32.8522600595336,-1.49999999924309));
#7730=CARTESIAN_POINT('Ctrl Pts',(5.23597555154682,32.8223541784574,-1.49999999909724));
#7731=CARTESIAN_POINT('Ctrl Pts',(5.20681450614747,32.7931854938525,-1.49999999870907));
#7732=CARTESIAN_POINT('Ctrl Pts',(5.16725040511512,32.7536110283668,-1.49999999818243));
#7733=CARTESIAN_POINT('Ctrl Pts',(5.1263516070335,32.716028581537,-1.49999999712452));
#7734=CARTESIAN_POINT('Ctrl Pts',(5.08417684098726,32.6803727718486,-1.49999999553356));
#7735=CARTESIAN_POINT('Ctrl Pts',(5.04136919844355,32.6441819094245,-1.49999999391872));
#7736=CARTESIAN_POINT('Ctrl Pts',(4.99724642495539,32.6099753085721,-1.49999999174469));
#7737=CARTESIAN_POINT('Ctrl Pts',(4.95182819171354,32.5777180053514,-1.49999999010034));
#7738=CARTESIAN_POINT('Ctrl Pts',(4.90639499230036,32.545450072736,-1.49999998845544));
#7739=CARTESIAN_POINT('Ctrl Pts',(4.85966475730337,32.5151322322095,-1.49999998748021));
#7740=CARTESIAN_POINT('Ctrl Pts',(4.81162569457112,32.486771001813,-1.49999998837626));
#7741=CARTESIAN_POINT('Ctrl Pts',(4.76407797669598,32.4586998508623,-1.49999998926313));
#7742=CARTESIAN_POINT('Ctrl Pts',(4.71524729379159,32.4325451551093,-1.49999999225515));
#7743=CARTESIAN_POINT('Ctrl Pts',(4.66510256837631,32.4083599093211,-1.49999999554709));
#7744=CARTESIAN_POINT('Ctrl Pts',(4.63711609305737,32.3948617840701,-1.49999999738437));
#7745=CARTESIAN_POINT('Ctrl Pts',(4.60872001616069,32.3819779919576,-1.49999999924314));
#7746=CARTESIAN_POINT('Ctrl Pts',(4.57990761960103,32.3697247231766,-1.49999999982698));
#7747=CARTESIAN_POINT('Ctrl Pts',(4.57059632745011,32.3657648385766,-1.50000000001565));
#7748=CARTESIAN_POINT('Ctrl Pts',(4.56079088486342,32.3616789420935,-1.49999999999323));
#7749=CARTESIAN_POINT('Ctrl Pts',(4.55129218226149,32.3578058847737,-1.499999999996));
#7750=CARTESIAN_POINT('Ctrl Pts',(4.54473368322977,32.3551316834911,-1.49999999999791));
#7751=CARTESIAN_POINT('Ctrl Pts',(4.53832191116216,32.3525578294245,-1.49999999999728));
#7752=CARTESIAN_POINT('Ctrl Pts',(4.53232592722334,32.3501823796723,-1.49999999998512));
#7753=CARTESIAN_POINT('Ctrl Pts',(4.47811121693283,32.32870394987,-1.49999999987524));
#7754=CARTESIAN_POINT('Ctrl Pts',(4.42334621649193,32.309767917399,-1.49999999935836));
#7755=CARTESIAN_POINT('Ctrl Pts',(4.36808534587769,32.2932997997453,-1.49999999915787));
#7756=CARTESIAN_POINT('Ctrl Pts',(4.31202436324038,32.2765932432326,-1.49999999895449));
#7757=CARTESIAN_POINT('Ctrl Pts',(4.25545221734115,32.2624261804281,-1.49999999898569));
#7758=CARTESIAN_POINT('Ctrl Pts',(4.19839950288862,32.2507671900476,-1.49999999909705));
#7759=CARTESIAN_POINT('Ctrl Pts',(4.14137238046241,32.2391134295179,-1.49999999920836));
#7760=CARTESIAN_POINT('Ctrl Pts',(4.08386420618285,32.2299652923741,-1.49999999937127));
#7761=CARTESIAN_POINT('Ctrl Pts',(4.02589276020676,32.223341739199,-1.49999999943865));
#7762=CARTESIAN_POINT('Ctrl Pts',(3.968572051709,32.2167925363221,-1.49999999950527));
#7763=CARTESIAN_POINT('Ctrl Pts',(3.91079751361611,32.2127115435485,-1.49999999951504));
#7764=CARTESIAN_POINT('Ctrl Pts',(3.85258733796814,32.2111677530474,-1.49999999926343));
#7765=CARTESIAN_POINT('Ctrl Pts',(3.83509726328757,32.2107038992477,-1.49999999918783));
#7766=CARTESIAN_POINT('Ctrl Pts',(3.81756791720391,32.2104694510142,-1.49999999908558));
#7767=CARTESIAN_POINT('Ctrl Pts',(3.8,32.2104671847811,-1.49999999893787));
#7768=CARTESIAN_POINT('Ctrl Pts',(3.74398464235484,32.2104599588896,-1.49999999846688));
#7769=CARTESIAN_POINT('Ctrl Pts',(3.68839616653343,32.2128120841905,-1.49999999765912));
#7770=CARTESIAN_POINT('Ctrl Pts',(3.63323031967663,32.217444183527,-1.49999999670094));
#7771=CARTESIAN_POINT('Ctrl Pts',(3.57735212868789,32.2221360961169,-1.49999999573038));
#7772=CARTESIAN_POINT('Ctrl Pts',(3.52190668932564,32.2291672214742,-1.49999999462822));
#7773=CARTESIAN_POINT('Ctrl Pts',(3.46688501401857,32.23850794607,-1.49999999410432));
#7774=CARTESIAN_POINT('Ctrl Pts',(3.41189057789987,32.2478440464198,-1.49999999358068));
#7775=CARTESIAN_POINT('Ctrl Pts',(3.35731862921041,32.2594876248137,-1.49999999373588));
#7776=CARTESIAN_POINT('Ctrl Pts',(3.30316861697298,32.2734603534229,-1.49999999485951));
#7777=CARTESIAN_POINT('Ctrl Pts',(3.24956845276469,32.2872912006738,-1.49999999597173));
#7778=CARTESIAN_POINT('Ctrl Pts',(3.19638091172235,32.3034044428785,-1.49999999820048));
#7779=CARTESIAN_POINT('Ctrl Pts',(3.14362590254755,32.3218676907522,-1.49999999940839));
#7780=CARTESIAN_POINT('Ctrl Pts',(3.13304822806922,32.3255696752438,-1.49999999965058));
#7781=CARTESIAN_POINT('Ctrl Pts',(3.12248803068889,32.329366278176,-1.49999999983882));
#7782=CARTESIAN_POINT('Ctrl Pts',(3.11194561439384,32.3332582550568,-1.49999999993355));
#7783=CARTESIAN_POINT('Ctrl Pts',(3.10296669769993,32.3365730298872,-1.50000000001423));
#7784=CARTESIAN_POINT('Ctrl Pts',(3.09445211766319,32.3397826035263,-1.49999999999845));
#7785=CARTESIAN_POINT('Ctrl Pts',(3.0855771369953,32.3431971527932,-1.49999999999795));
#7786=CARTESIAN_POINT('Ctrl Pts',(3.07983316795299,32.3454070804557,-1.49999999999763));
#7787=CARTESIAN_POINT('Ctrl Pts',(3.07393854878819,32.3477037446731,-1.49999999999624));
#7788=CARTESIAN_POINT('Ctrl Pts',(3.0676739509918,32.35018207205,-1.49999999998246));
#7789=CARTESIAN_POINT('Ctrl Pts',(3.01400326161358,32.3714146464539,-1.49999999986438));
#7790=CARTESIAN_POINT('Ctrl Pts',(2.96168732519557,32.3948143270415,-1.49999999932731));
#7791=CARTESIAN_POINT('Ctrl Pts',(2.91070609395468,32.4202841494005,-1.49999999907503));
#7792=CARTESIAN_POINT('Ctrl Pts',(2.85888754787204,32.4461722876722,-1.4999999988186));
#7793=CARTESIAN_POINT('Ctrl Pts',(2.80844704182057,32.4741993784223,-1.49999999878473));
#7794=CARTESIAN_POINT('Ctrl Pts',(2.75937479921218,32.5043160806887,-1.49999999887235));
#7795=CARTESIAN_POINT('Ctrl Pts',(2.71028407060606,32.5344441282139,-1.49999999896));
#7796=CARTESIAN_POINT('Ctrl Pts',(2.66256184313243,32.5666638282952,-1.49999999913924));
#7797=CARTESIAN_POINT('Ctrl Pts',(2.61622200787463,32.6009722443945,-1.49999999925023));
#7798=CARTESIAN_POINT('Ctrl Pts',(2.57040589912086,32.6348929114498,-1.49999999935998));
#7799=CARTESIAN_POINT('Ctrl Pts',(2.52594045726584,32.670855941982,-1.49999999941844));
#7800=CARTESIAN_POINT('Ctrl Pts',(2.48287291468554,32.7088958938727,-1.49999999931594));
#7801=CARTESIAN_POINT('Ctrl Pts',(2.4522600596435,32.7359350854138,-1.49999999924309));
#7802=CARTESIAN_POINT('Ctrl Pts',(2.42235417851128,32.7640244484002,-1.49999999909723));
#7803=CARTESIAN_POINT('Ctrl Pts',(2.39318549385307,32.7931854938531,-1.49999999870907));
#7804=CARTESIAN_POINT('Ctrl Pts',(2.35361102836674,32.8327495948862,-1.49999999818243));
#7805=CARTESIAN_POINT('Ctrl Pts',(2.31602858153649,32.8736483929686,-1.49999999712452));
#7806=CARTESIAN_POINT('Ctrl Pts',(2.28037277184762,32.9158231590156,-1.49999999553356));
#7807=CARTESIAN_POINT('Ctrl Pts',(2.24418190942298,32.9586308015601,-1.49999999391872));
#7808=CARTESIAN_POINT('Ctrl Pts',(2.2099753085701,33.0027535750491,-1.49999999174469));
#7809=CARTESIAN_POINT('Ctrl Pts',(2.17771800534899,33.0481718082917,-1.49999999010034));
#7810=CARTESIAN_POINT('Ctrl Pts',(2.14545007273315,33.0936050077058,-1.49999998845544));
#7811=CARTESIAN_POINT('Ctrl Pts',(2.11513223220625,33.1403352427037,-1.49999998748021));
#7812=CARTESIAN_POINT('Ctrl Pts',(2.08677100180936,33.1883743054368,-1.49999998837626));
#7813=CARTESIAN_POINT('Ctrl Pts',(2.05869985085832,33.2359220233128,-1.49999998926314));
#7814=CARTESIAN_POINT('Ctrl Pts',(2.03254515510502,33.2847527062181,-1.49999999225515));
#7815=CARTESIAN_POINT('Ctrl Pts',(2.00835990931659,33.3348974316342,-1.49999999554709));
#7816=CARTESIAN_POINT('Ctrl Pts',(1.99486178406724,33.3628839069499,-1.49999999738437));
#7817=CARTESIAN_POINT('Ctrl Pts',(1.98197799195624,33.3912799838432,-1.49999999924314));
#7818=CARTESIAN_POINT('Ctrl Pts',(1.96972472317661,33.4200923803993,-1.49999999982698));
#7819=CARTESIAN_POINT('Ctrl Pts',(1.96575685554972,33.429422443879,-1.50000000001604));
#7820=CARTESIAN_POINT('Ctrl Pts',(1.96166402825216,33.4392449404049,-1.49999999999329));
#7821=CARTESIAN_POINT('Ctrl Pts',(1.95778432038975,33.4487607059785,-1.49999999999602));
#7822=CARTESIAN_POINT('Ctrl Pts',(1.95511872232682,33.4552986225381,-1.49999999999789));
#7823=CARTESIAN_POINT('Ctrl Pts',(1.95255261013397,33.461691255493,-1.49999999999724));
#7824=CARTESIAN_POINT('Ctrl Pts',(1.95018237706941,33.4676740717462,-1.4999999999851));
#7825=CARTESIAN_POINT('Ctrl Pts',(1.92955717502406,33.5197351099063,-1.4999999998795));
#7826=CARTESIAN_POINT('Ctrl Pts',(1.91129198863797,33.5722632034618,-1.4999999993873));
#7827=CARTESIAN_POINT('Ctrl Pts',(1.89530533622298,33.6252289337245,-1.4999999992021));
#7828=CARTESIAN_POINT('Ctrl Pts',(1.87910098978558,33.6789159108481,-1.49999999901437));
#7829=CARTESIAN_POINT('Ctrl Pts',(1.86523728757665,33.7330533047202,-1.49999999907111));
#7830=CARTESIAN_POINT('Ctrl Pts',(1.85367600651298,33.7876362159787,-1.49999999923807));
#7831=CARTESIAN_POINT('Ctrl Pts',(1.84211965690864,33.8421958449206,-1.49999999940497));
#7832=CARTESIAN_POINT('Ctrl Pts',(1.83286357799155,33.897201462677,-1.49999999964567));
#7833=CARTESIAN_POINT('Ctrl Pts',(1.8259198775631,33.9526613436589,-1.49999999979048));
#7834=CARTESIAN_POINT('Ctrl Pts',(1.8190526486666,34.0075104405058,-1.49999999993369));
#7835=CARTESIAN_POINT('Ctrl Pts',(1.81444712326425,34.0628046886409,-1.49999999998506));
#7836=CARTESIAN_POINT('Ctrl Pts',(1.81216561201906,34.1185524024012,-1.49999999999583));
#7837=CARTESIAN_POINT('Ctrl Pts',(1.81105887841827,34.145594946292,-1.50000000000106));
#7838=CARTESIAN_POINT('Ctrl Pts',(1.81049977514282,34.1727441224312,-1.5));
#7839=CARTESIAN_POINT('Ctrl Pts',(1.81049977514282,34.2,-1.5));
#7840=CARTESIAN_POINT('',(6.28947280954057,34.2,-1.00523589208024));
#7841=CARTESIAN_POINT('Origin',(5.78950022485718,34.2,-1.));
#7842=CARTESIAN_POINT('',(1.31052719045943,34.2,-1.00523589208024));
#7843=CARTESIAN_POINT('Origin',(3.8,34.2,-1.00523589208024));
#7844=CARTESIAN_POINT('Origin',(3.8,34.2,-1.00523589208024));
#7845=CARTESIAN_POINT('Ctrl Pts',(1.81049977514282,34.2,-1.5));
#7846=CARTESIAN_POINT('Ctrl Pts',(1.81049977514282,34.2560557206491,-1.5));
#7847=CARTESIAN_POINT('Ctrl Pts',(1.81285778249207,34.3116762615631,-1.50000000003294));
#7848=CARTESIAN_POINT('Ctrl Pts',(1.8174941091964,34.3668660913522,-1.49999999975126));
#7849=CARTESIAN_POINT('Ctrl Pts',(1.82219210210677,34.4227899823134,-1.49999999946584));
#7850=CARTESIAN_POINT('Ctrl Pts',(1.82922940593966,34.478272490204,-1.49999999877348));
#7851=CARTESIAN_POINT('Ctrl Pts',(1.83857605368778,34.5333225715891,-1.4999999980282));
#7852=CARTESIAN_POINT('Ctrl Pts',(1.84792040472864,34.5883591257797,-1.49999999728311));
#7853=CARTESIAN_POINT('Ctrl Pts',(1.85957313650768,34.6429643224063,-1.49999999659584));
#7854=CARTESIAN_POINT('Ctrl Pts',(1.87355553545874,34.6971384372636,-1.4999999968378));
#7855=CARTESIAN_POINT('Ctrl Pts',(1.88740051373867,34.7507801225109,-1.49999999707738));
#7856=CARTESIAN_POINT('Ctrl Pts',(1.90352990343332,34.8039999454502,-1.4999999985189));
#7857=CARTESIAN_POINT('Ctrl Pts',(1.92201088510987,34.8567774834641,-1.49999999950381));
#7858=CARTESIAN_POINT('Ctrl Pts',(1.92567124797822,34.8672306587234,-1.49999999969889));
#7859=CARTESIAN_POINT('Ctrl Pts',(1.92942399811439,34.8776663969844,-1.4999999998592));
#7860=CARTESIAN_POINT('Ctrl Pts',(1.93326985920665,34.8880844004754,-1.49999999994157));
#7861=CARTESIAN_POINT('Ctrl Pts',(1.93657563661909,34.8970393782547,-1.50000000001237));
#7862=CARTESIAN_POINT('Ctrl Pts',(1.93977516830886,34.905527696468,-1.49999999999864));
#7863=CARTESIAN_POINT('Ctrl Pts',(1.94317925931662,34.9143762662685,-1.49999999999804));
#7864=CARTESIAN_POINT('Ctrl Pts',(1.94539387137234,34.9201329129948,-1.49999999999766));
#7865=CARTESIAN_POINT('Ctrl Pts',(1.94769593918609,34.926041720874,-1.49999999999629));
#7866=CARTESIAN_POINT('Ctrl Pts',(1.95018207204992,34.9323260490083,-1.49999999998246));
#7867=CARTESIAN_POINT('Ctrl Pts',(1.97141464646874,34.9859967384251,-1.49999999986438));
#7868=CARTESIAN_POINT('Ctrl Pts',(1.99481432707482,35.0383126748806,-1.49999999932731));
#7869=CARTESIAN_POINT('Ctrl Pts',(2.02028414945572,35.0892939061576,-1.49999999907503));
#7870=CARTESIAN_POINT('Ctrl Pts',(2.04617228774999,35.1411124522774,-1.49999999881861));
#7871=CARTESIAN_POINT('Ctrl Pts',(2.07419937852629,35.1915529583646,-1.49999999878474));
#7872=CARTESIAN_POINT('Ctrl Pts',(2.10431608082213,35.2406252010067,-1.49999999887235));
#7873=CARTESIAN_POINT('Ctrl Pts',(2.13444412837665,35.2897159296464,-1.49999999896));
#7874=CARTESIAN_POINT('Ctrl Pts',(2.16666382849056,35.3374381571516,-1.49999999913924));
#7875=CARTESIAN_POINT('Ctrl Pts',(2.2009722446256,35.3837779924386,-1.49999999925024));
#7876=CARTESIAN_POINT('Ctrl Pts',(2.23489291171581,35.4295941012207,-1.49999999935998));
#7877=CARTESIAN_POINT('Ctrl Pts',(2.27085594228597,35.4740595431018,-1.49999999941844));
#7878=CARTESIAN_POINT('Ctrl Pts',(2.30889589421716,35.5171270857053,-1.49999999931594));
#7879=CARTESIAN_POINT('Ctrl Pts',(2.3359350856525,35.5477399406115,-1.49999999924309));
#7880=CARTESIAN_POINT('Ctrl Pts',(2.36402444852405,35.5776458216135,-1.49999999909724));
#7881=CARTESIAN_POINT('Ctrl Pts',(2.39318549385256,35.6068145061474,-1.49999999870907));
#7882=CARTESIAN_POINT('Ctrl Pts',(2.43274959488504,35.6463889716333,-1.49999999818244));
#7883=CARTESIAN_POINT('Ctrl Pts',(2.47364839296707,35.6839714184633,-1.49999999712452));
#7884=CARTESIAN_POINT('Ctrl Pts',(2.51582315901398,35.719627228152,-1.49999999553356));
#7885=CARTESIAN_POINT('Ctrl Pts',(2.55863080155787,35.755818090576,-1.49999999391873));
#7886=CARTESIAN_POINT('Ctrl Pts',(2.60275357504646,35.7900246914285,-1.4999999917447));
#7887=CARTESIAN_POINT('Ctrl Pts',(2.64817180828896,35.8222819946494,-1.49999999010034));
#7888=CARTESIAN_POINT('Ctrl Pts',(2.69360500770248,35.8545499272647,-1.49999998845544));
#7889=CARTESIAN_POINT('Ctrl Pts',(2.74033524270003,35.8848677677913,-1.49999998748022));
#7890=CARTESIAN_POINT('Ctrl Pts',(2.78837430543305,35.9132289981881,-1.49999998837626));
#7891=CARTESIAN_POINT('Ctrl Pts',(2.83592202330846,35.9413001491387,-1.49999998926314));
#7892=CARTESIAN_POINT('Ctrl Pts',(2.8847527062133,35.9674548448919,-1.49999999225515));
#7893=CARTESIAN_POINT('Ctrl Pts',(2.93489743162924,35.9916400906805,-1.49999999554709));
#7894=CARTESIAN_POINT('Ctrl Pts',(2.96288390694606,36.0051382159305,-1.49999999738437));
#7895=CARTESIAN_POINT('Ctrl Pts',(2.99127998384063,36.0180220080422,-1.49999999924314));
#7896=CARTESIAN_POINT('Ctrl Pts',(3.02009238039816,36.0302752768226,-1.49999999982698));
#7897=CARTESIAN_POINT('Ctrl Pts',(3.02940367254791,36.0342351614222,-1.50000000001566));
#7898=CARTESIAN_POINT('Ctrl Pts',(3.03920911513353,36.038321057905,-1.49999999999323));
#7899=CARTESIAN_POINT('Ctrl Pts',(3.04870781773441,36.0421941152245,-1.499999999996));
#7900=CARTESIAN_POINT('Ctrl Pts',(3.05526631676767,36.0448683165079,-1.49999999999792));
#7901=CARTESIAN_POINT('Ctrl Pts',(3.06167808883674,36.0474421705751,-1.49999999999728));
#7902=CARTESIAN_POINT('Ctrl Pts',(3.06767407277661,36.0498176203278,-1.49999999998512));
#7903=CARTESIAN_POINT('Ctrl Pts',(3.12188878310884,36.0712960501473,-1.49999999987524));
#7904=CARTESIAN_POINT('Ctrl Pts',(3.17665378359336,36.0902320826316,-1.49999999935836));
#7905=CARTESIAN_POINT('Ctrl Pts',(3.23191465425255,36.1067002002947,-1.49999999915787));
#7906=CARTESIAN_POINT('Ctrl Pts',(3.28797563693654,36.1234067568172,-1.49999999895449));
#7907=CARTESIAN_POINT('Ctrl Pts',(3.34454778288386,36.1375738196275,-1.49999999898569));
#7908=CARTESIAN_POINT('Ctrl Pts',(3.40160049738532,36.1492328100095,-1.49999999909705));
#7909=CARTESIAN_POINT('Ctrl Pts',(3.45862761986042,36.1608865705406,-1.49999999920836));
#7910=CARTESIAN_POINT('Ctrl Pts',(3.51613579418972,36.1700347076817,-1.49999999937127));
#7911=CARTESIAN_POINT('Ctrl Pts',(3.57410724021585,36.1766582608497,-1.49999999943865));
#7912=CARTESIAN_POINT('Ctrl Pts',(3.63142794876247,36.1832074637197,-1.49999999950527));
#7913=CARTESIAN_POINT('Ctrl Pts',(3.68920248690452,36.187288456482,-1.49999999951504));
#7914=CARTESIAN_POINT('Ctrl Pts',(3.74741266260139,36.1888322469677,-1.49999999926343));
#7915=CARTESIAN_POINT('Ctrl Pts',(3.76490273709305,36.1892961007574,-1.49999999918784));
#7916=CARTESIAN_POINT('Ctrl Pts',(3.78243208298686,36.1895305489858,-1.49999999908558));
#7917=CARTESIAN_POINT('Ctrl Pts',(3.8,36.189532815219,-1.49999999893787));
#7918=CARTESIAN_POINT('Ctrl Pts',(3.85601535764543,36.1895400411104,-1.49999999846688));
#7919=CARTESIAN_POINT('Ctrl Pts',(3.91160383346739,36.1871879158094,-1.49999999765913));
#7920=CARTESIAN_POINT('Ctrl Pts',(3.96676968032502,36.1825558164727,-1.49999999670094));
#7921=CARTESIAN_POINT('Ctrl Pts',(4.02264787131378,36.1778639038825,-1.49999999573038));
#7922=CARTESIAN_POINT('Ctrl Pts',(4.07809331067635,36.1708327785249,-1.49999999462822));
#7923=CARTESIAN_POINT('Ctrl Pts',(4.13311498598401,36.1614920539289,-1.49999999410432));
#7924=CARTESIAN_POINT('Ctrl Pts',(4.18810942210291,36.1521559535788,-1.49999999358068));
#7925=CARTESIAN_POINT('Ctrl Pts',(4.24268137079287,36.1405123751846,-1.49999999373589));
#7926=CARTESIAN_POINT('Ctrl Pts',(4.29683138303109,36.1265396465751,-1.49999999485952));
#7927=CARTESIAN_POINT('Ctrl Pts',(4.35043154723965,36.112708799324,-1.49999999597174));
#7928=CARTESIAN_POINT('Ctrl Pts',(4.40361908828256,36.0965955571192,-1.49999999820048));
#7929=CARTESIAN_POINT('Ctrl Pts',(4.45637409745824,36.0781323092454,-1.49999999940839));
#7930=CARTESIAN_POINT('Ctrl Pts',(4.46695177193428,36.0744303247547,-1.49999999965058));
#7931=CARTESIAN_POINT('Ctrl Pts',(4.47751196931235,36.0706337218233,-1.49999999983882));
#7932=CARTESIAN_POINT('Ctrl Pts',(4.48805438560516,36.0667417449435,-1.49999999993355));
#7933=CARTESIAN_POINT('Ctrl Pts',(4.49703330230077,36.0634269701125,-1.50000000001423));
#7934=CARTESIAN_POINT('Ctrl Pts',(4.50554788233935,36.0602173964727,-1.49999999999845));
#7935=CARTESIAN_POINT('Ctrl Pts',(4.5144228630091,36.0568028472051,-1.49999999999795));
#7936=CARTESIAN_POINT('Ctrl Pts',(4.52016683205018,36.0545929195431,-1.49999999999763));
#7937=CARTESIAN_POINT('Ctrl Pts',(4.52606145121364,36.0522962553263,-1.49999999999625));
#7938=CARTESIAN_POINT('Ctrl Pts',(4.53232604900825,36.0498179279501,-1.49999999998246));
#7939=CARTESIAN_POINT('Ctrl Pts',(4.58599673841859,36.028585353534,-1.49999999986438));
#7940=CARTESIAN_POINT('Ctrl Pts',(4.63831267486791,36.0051856729312,-1.49999999932731));
#7941=CARTESIAN_POINT('Ctrl Pts',(4.68929390613892,35.979715850554,-1.49999999907503));
#7942=CARTESIAN_POINT('Ctrl Pts',(4.74111245225263,35.9538277122635,-1.49999999881861));
#7943=CARTESIAN_POINT('Ctrl Pts',(4.79155295833394,35.9258006214915,-1.49999999878474));
#7944=CARTESIAN_POINT('Ctrl Pts',(4.84062520097054,35.8956839192004,-1.49999999887235));
#7945=CARTESIAN_POINT('Ctrl Pts',(4.88971592960471,35.8655558716507,-1.49999999896));
#7946=CARTESIAN_POINT('Ctrl Pts',(4.9374381571048,35.8333361715421,-1.49999999913924));
#7947=CARTESIAN_POINT('Ctrl Pts',(4.98377799238708,35.7990277554127,-1.49999999925024));
#7948=CARTESIAN_POINT('Ctrl Pts',(5.02959410116442,35.7651070883282,-1.49999999935998));
#7949=CARTESIAN_POINT('Ctrl Pts',(5.07405954304113,35.7291440577643,-1.49999999941844));
#7950=CARTESIAN_POINT('Ctrl Pts',(5.1171270856409,35.6911041058396,-1.49999999931594));
#7951=CARTESIAN_POINT('Ctrl Pts',(5.1477399405694,35.6640649143869,-1.49999999924309));
#7952=CARTESIAN_POINT('Ctrl Pts',(5.17764582159285,35.6359755514964,-1.49999999909724));
#7953=CARTESIAN_POINT('Ctrl Pts',(5.2068145061473,35.6068145061473,-1.49999999870907));
#7954=CARTESIAN_POINT('Ctrl Pts',(5.24638897163338,35.5672504051146,-1.49999999818244));
#7955=CARTESIAN_POINT('Ctrl Pts',(5.28397141846347,35.5263516070325,-1.49999999712452));
#7956=CARTESIAN_POINT('Ctrl Pts',(5.31962722815226,35.4841768409856,-1.49999999553356));
#7957=CARTESIAN_POINT('Ctrl Pts',(5.35581809057654,35.4413691984414,-1.49999999391872));
#7958=CARTESIAN_POINT('Ctrl Pts',(5.39002469142918,35.3972464249527,-1.4999999917447));
#7959=CARTESIAN_POINT('Ctrl Pts',(5.42228199465014,35.3518281917101,-1.49999999010034));
#7960=CARTESIAN_POINT('Ctrl Pts',(5.45454992726565,35.3063949922964,-1.49999998845544));
#7961=CARTESIAN_POINT('Ctrl Pts',(5.48486776779234,35.2596647572988,-1.49999998748022));
#7962=CARTESIAN_POINT('Ctrl Pts',(5.51322899818914,35.2116256945658,-1.49999998837626));
#7963=CARTESIAN_POINT('Ctrl Pts',(5.54130014913992,35.1640779766902,-1.49999998926314));
#7964=CARTESIAN_POINT('Ctrl Pts',(5.5674548448931,35.1152472937852,-1.49999999225515));
#7965=CARTESIAN_POINT('Ctrl Pts',(5.59164009068156,35.0651025683692,-1.49999999554709));
#7966=CARTESIAN_POINT('Ctrl Pts',(5.60513821593139,35.0371160930527,-1.49999999738437));
#7967=CARTESIAN_POINT('Ctrl Pts',(5.61802200804287,35.0087200161585,-1.49999999924314));
#7968=CARTESIAN_POINT('Ctrl Pts',(5.63027527682299,34.9799076196014,-1.49999999982698));
#7969=CARTESIAN_POINT('Ctrl Pts',(5.63424314444967,34.9705775561222,-1.50000000001604));
#7970=CARTESIAN_POINT('Ctrl Pts',(5.63833597174709,34.9607550595968,-1.49999999999329));
#7971=CARTESIAN_POINT('Ctrl Pts',(5.64221567960937,34.9512392940237,-1.49999999999602));
#7972=CARTESIAN_POINT('Ctrl Pts',(5.64488127767265,34.9447013774632,-1.49999999999789));
#7973=CARTESIAN_POINT('Ctrl Pts',(5.64744738986583,34.9383087445076,-1.49999999999724));
#7974=CARTESIAN_POINT('Ctrl Pts',(5.64981762293063,34.9323259282538,-1.4999999999851));
#7975=CARTESIAN_POINT('Ctrl Pts',(5.670442824976,34.8802648900941,-1.4999999998795));
#7976=CARTESIAN_POINT('Ctrl Pts',(5.68870801136211,34.8277367965388,-1.49999999938731));
#7977=CARTESIAN_POINT('Ctrl Pts',(5.7046946637771,34.7747710662762,-1.4999999992021));
#7978=CARTESIAN_POINT('Ctrl Pts',(5.72089901021447,34.7210840891529,-1.49999999901437));
#7979=CARTESIAN_POINT('Ctrl Pts',(5.73476271242337,34.6669466952811,-1.49999999907111));
#7980=CARTESIAN_POINT('Ctrl Pts',(5.74632399348701,34.6123637840227,-1.49999999923807));
#7981=CARTESIAN_POINT('Ctrl Pts',(5.7578803430913,34.5578041550811,-1.49999999940496));
#7982=CARTESIAN_POINT('Ctrl Pts',(5.76713642200836,34.5027985373249,-1.49999999964567));
#7983=CARTESIAN_POINT('Ctrl Pts',(5.77408012243679,34.4473386563432,-1.49999999979048));
#7984=CARTESIAN_POINT('Ctrl Pts',(5.78094735133326,34.3924895594965,-1.49999999993369));
#7985=CARTESIAN_POINT('Ctrl Pts',(5.78555287673562,34.3371953113617,-1.49999999998506));
#7986=CARTESIAN_POINT('Ctrl Pts',(5.78783438798085,34.2814475976015,-1.49999999999583));
#7987=CARTESIAN_POINT('Ctrl Pts',(5.7889411215817,34.2544050537098,-1.50000000000106));
#7988=CARTESIAN_POINT('Ctrl Pts',(5.78950022485718,34.2272558775698,-1.5));
#7989=CARTESIAN_POINT('Ctrl Pts',(5.78950022485718,34.2,-1.5));
#7990=CARTESIAN_POINT('Origin',(38.2,3.79999999999999,-0.999999999999991));
#7991=CARTESIAN_POINT('',(40.1895002248572,3.8,-1.5));
#7992=CARTESIAN_POINT('',(36.2104997751428,3.8,-1.5));
#7993=CARTESIAN_POINT('Ctrl Pts',(40.1895002248572,3.79999999999999,-1.5));
#7994=CARTESIAN_POINT('Ctrl Pts',(40.1895002248572,3.7439442793511,-1.5));
#7995=CARTESIAN_POINT('Ctrl Pts',(40.1871422175079,3.68832373843711,-1.50000000003294));
#7996=CARTESIAN_POINT('Ctrl Pts',(40.1825058908035,3.63313390864803,-1.49999999975126));
#7997=CARTESIAN_POINT('Ctrl Pts',(40.1778078978932,3.57721001768715,-1.49999999946584));
#7998=CARTESIAN_POINT('Ctrl Pts',(40.1707705940603,3.52172750979677,-1.49999999877348));
#7999=CARTESIAN_POINT('Ctrl Pts',(40.1614239463122,3.46667742841178,-1.4999999980282));
#8000=CARTESIAN_POINT('Ctrl Pts',(40.1520795952713,3.41164087422122,-1.49999999728311));
#8001=CARTESIAN_POINT('Ctrl Pts',(40.1404268634923,3.35703567759465,-1.49999999659584));
#8002=CARTESIAN_POINT('Ctrl Pts',(40.1264444645412,3.30286156273724,-1.4999999968378));
#8003=CARTESIAN_POINT('Ctrl Pts',(40.1125994862614,3.24921987749008,-1.49999999707738));
#8004=CARTESIAN_POINT('Ctrl Pts',(40.0964700965668,3.19600005455084,-1.4999999985189));
#8005=CARTESIAN_POINT('Ctrl Pts',(40.0779891148904,3.14322251653687,-1.49999999950381));
#8006=CARTESIAN_POINT('Ctrl Pts',(40.0743287520219,3.13276934127732,-1.49999999969889));
#8007=CARTESIAN_POINT('Ctrl Pts',(40.0705760018857,3.12233360301614,-1.4999999998592));
#8008=CARTESIAN_POINT('Ctrl Pts',(40.0667301407934,3.11191559952485,-1.49999999994157));
#8009=CARTESIAN_POINT('Ctrl Pts',(40.0634243633808,3.10296062174495,-1.50000000001237));
#8010=CARTESIAN_POINT('Ctrl Pts',(40.0602248316908,3.09447230353107,-1.49999999999864));
#8011=CARTESIAN_POINT('Ctrl Pts',(40.0568207406828,3.08562373372993,-1.49999999999804));
#8012=CARTESIAN_POINT('Ctrl Pts',(40.0546061286272,3.07986708700404,-1.49999999999766));
#8013=CARTESIAN_POINT('Ctrl Pts',(40.0523040608137,3.07395827912538,-1.49999999999629));
#8014=CARTESIAN_POINT('Ctrl Pts',(40.0498179279501,3.06767395099175,-1.49999999998246));
#8015=CARTESIAN_POINT('Ctrl Pts',(40.0285853535277,3.01400326156558,-1.49999999986438));
#8016=CARTESIAN_POINT('Ctrl Pts',(40.0051856729172,2.96168732510086,-1.49999999932731));
#8017=CARTESIAN_POINT('Ctrl Pts',(39.9797158505309,2.91070609381504,-1.49999999907503));
#8018=CARTESIAN_POINT('Ctrl Pts',(39.9538277122312,2.85888754768625,-1.49999999881861));
#8019=CARTESIAN_POINT('Ctrl Pts',(39.9258006214486,2.80844704159048,-1.49999999878474));
#8020=CARTESIAN_POINT('Ctrl Pts',(39.8956839191456,2.75937479894021,-1.49999999887235));
#8021=CARTESIAN_POINT('Ctrl Pts',(39.8655558715841,2.71028407029256,-1.49999999896));
#8022=CARTESIAN_POINT('Ctrl Pts',(39.8333361714624,2.66256184277978,-1.49999999913924));
#8023=CARTESIAN_POINT('Ctrl Pts',(39.7990277553187,2.61622200748577,-1.49999999925024));
#8024=CARTESIAN_POINT('Ctrl Pts',(39.7651070882202,2.57040589869694,-1.49999999935998));
#8025=CARTESIAN_POINT('Ctrl Pts',(39.729144057641,2.52594045680967,-1.49999999941844));
#8026=CARTESIAN_POINT('Ctrl Pts',(39.6911041057,2.48287291420047,-1.49999999931594));
#8027=CARTESIAN_POINT('Ctrl Pts',(39.6640649142902,2.45226005932702,-1.49999999924309));
#8028=CARTESIAN_POINT('Ctrl Pts',(39.6359755514463,2.42235417835635,-1.49999999909724));
#8029=CARTESIAN_POINT('Ctrl Pts',(39.6068145061477,2.39318549385227,-1.49999999870907));
#8030=CARTESIAN_POINT('Ctrl Pts',(39.5672504051155,2.35361102836651,-1.49999999818244));
#8031=CARTESIAN_POINT('Ctrl Pts',(39.5263516070337,2.31602858153667,-1.49999999712452));
#8032=CARTESIAN_POINT('Ctrl Pts',(39.4841768409871,2.28037277184806,-1.49999999553356));
#8033=CARTESIAN_POINT('Ctrl Pts',(39.4413691984435,2.24418190942418,-1.49999999391873));
#8034=CARTESIAN_POINT('Ctrl Pts',(39.3972464249551,2.20997530857185,-1.4999999917447));
#8035=CARTESIAN_POINT('Ctrl Pts',(39.3518281917129,2.17771800535111,-1.49999999010034));
#8036=CARTESIAN_POINT('Ctrl Pts',(39.3063949922996,2.14545007273592,-1.49999998845544));
#8037=CARTESIAN_POINT('Ctrl Pts',(39.2596647573023,2.11513223220944,-1.49999998748022));
#8038=CARTESIAN_POINT('Ctrl Pts',(39.2116256945695,2.08677100181276,-1.49999998837626));
#8039=CARTESIAN_POINT('Ctrl Pts',(39.1640779766945,2.05869985086228,-1.49999998926314));
#8040=CARTESIAN_POINT('Ctrl Pts',(39.11524729379,2.03254515510929,-1.49999999225515));
#8041=CARTESIAN_POINT('Ctrl Pts',(39.0651025683744,2.00835990932089,-1.49999999554709));
#8042=CARTESIAN_POINT('Ctrl Pts',(39.0371160930564,1.9948617840703,-1.49999999738437));
#8043=CARTESIAN_POINT('Ctrl Pts',(39.0087200161607,1.98197799195809,-1.49999999924314));
#8044=CARTESIAN_POINT('Ctrl Pts',(38.979907619602,1.96972472317727,-1.49999999982698));
#8045=CARTESIAN_POINT('Ctrl Pts',(38.970596327452,1.96576483857767,-1.50000000001566));
#8046=CARTESIAN_POINT('Ctrl Pts',(38.9607908848661,1.96167894209475,-1.49999999999323));
#8047=CARTESIAN_POINT('Ctrl Pts',(38.951292182265,1.95780588477523,-1.499999999996));
#8048=CARTESIAN_POINT('Ctrl Pts',(38.944733683232,1.955131683492,-1.49999999999792));
#8049=CARTESIAN_POINT('Ctrl Pts',(38.9383219111631,1.95255782942486,-1.49999999999728));
#8050=CARTESIAN_POINT('Ctrl Pts',(38.9323259272234,1.95018237967223,-1.49999999998513));
#8051=CARTESIAN_POINT('Ctrl Pts',(38.8781112169121,1.92870394986123,-1.49999999987524));
#8052=CARTESIAN_POINT('Ctrl Pts',(38.8233462164495,1.90976791738359,-1.49999999935836));
#8053=CARTESIAN_POINT('Ctrl Pts',(38.7680853458128,1.89329979972513,-1.49999999915788));
#8054=CARTESIAN_POINT('Ctrl Pts',(38.7120243631521,1.87659324320749,-1.49999999895449));
#8055=CARTESIAN_POINT('Ctrl Pts',(38.6554522172288,1.86242618040011,-1.49999999898569));
#8056=CARTESIAN_POINT('Ctrl Pts',(38.5983995027517,1.85076719001888,-1.49999999909705));
#8057=CARTESIAN_POINT('Ctrl Pts',(38.5413723803009,1.83911342948852,-1.49999999920836));
#8058=CARTESIAN_POINT('Ctrl Pts',(38.4838642059964,1.82996529234609,-1.49999999937128));
#8059=CARTESIAN_POINT('Ctrl Pts',(38.4258927599952,1.8233417391746,-1.49999999943865));
#8060=CARTESIAN_POINT('Ctrl Pts',(38.3685720514728,1.81679253630122,-1.49999999950527));
#8061=CARTESIAN_POINT('Ctrl Pts',(38.3107975133551,1.81271154353331,-1.49999999951504));
#8062=CARTESIAN_POINT('Ctrl Pts',(38.2525873376825,1.81116775303997,-1.49999999926344));
#8063=CARTESIAN_POINT('Ctrl Pts',(38.2350972630967,1.81070389924531,-1.49999999918784));
#8064=CARTESIAN_POINT('Ctrl Pts',(38.2175679171082,1.81046945101442,-1.49999999908559));
#8065=CARTESIAN_POINT('Ctrl Pts',(38.2,1.81046718478126,-1.49999999893787));
#8066=CARTESIAN_POINT('Ctrl Pts',(38.1439846423544,1.81045995888987,-1.49999999846688));
#8067=CARTESIAN_POINT('Ctrl Pts',(38.0883961665324,1.81281208419085,-1.49999999765913));
#8068=CARTESIAN_POINT('Ctrl Pts',(38.0332303196749,1.81744418352754,-1.49999999670094));
#8069=CARTESIAN_POINT('Ctrl Pts',(37.977352128686,1.82213609611767,-1.49999999573038));
#8070=CARTESIAN_POINT('Ctrl Pts',(37.9219066893233,1.82916722147516,-1.49999999462822));
#8071=CARTESIAN_POINT('Ctrl Pts',(37.8668850140158,1.8385079460711,-1.49999999410432));
#8072=CARTESIAN_POINT('Ctrl Pts',(37.8118905778968,1.8478440464211,-1.49999999358068));
#8073=CARTESIAN_POINT('Ctrl Pts',(37.7573186292069,1.85948762481525,-1.49999999373589));
#8074=CARTESIAN_POINT('Ctrl Pts',(37.7031686169688,1.87346035342469,-1.49999999485952));
#8075=CARTESIAN_POINT('Ctrl Pts',(37.6495684527603,1.88729120067576,-1.49999999597174));
#8076=CARTESIAN_POINT('Ctrl Pts',(37.5963809117175,1.90340444288053,-1.49999999820048));
#8077=CARTESIAN_POINT('Ctrl Pts',(37.5436259025421,1.92186769075432,-1.49999999940839));
#8078=CARTESIAN_POINT('Ctrl Pts',(37.5330482280658,1.92556967524524,-1.49999999965058));
#8079=CARTESIAN_POINT('Ctrl Pts',(37.5224880306874,1.92936627817675,-1.49999999983883));
#8080=CARTESIAN_POINT('Ctrl Pts',(37.5119456143943,1.93325825505671,-1.49999999993356));
#8081=CARTESIAN_POINT('Ctrl Pts',(37.5029666976997,1.93657302988735,-1.50000000001424));
#8082=CARTESIAN_POINT('Ctrl Pts',(37.4944521176622,1.93978260352674,-1.49999999999845));
#8083=CARTESIAN_POINT('Ctrl Pts',(37.4855771369935,1.94319715279389,-1.49999999999795));
#8084=CARTESIAN_POINT('Ctrl Pts',(37.4798331679517,1.94540708045621,-1.49999999999763));
#8085=CARTESIAN_POINT('Ctrl Pts',(37.4739385487874,1.94770374467337,-1.49999999999625));
#8086=CARTESIAN_POINT('Ctrl Pts',(37.4676739509918,1.95018207204994,-1.49999999998246));
#8087=CARTESIAN_POINT('Ctrl Pts',(37.4140032616132,1.97141464645365,-1.49999999986438));
#8088=CARTESIAN_POINT('Ctrl Pts',(37.3616873251948,1.99481432704119,-1.49999999932732));
#8089=CARTESIAN_POINT('Ctrl Pts',(37.3107060939535,2.02028414940034,-1.49999999907503));
#8090=CARTESIAN_POINT('Ctrl Pts',(37.2588875478707,2.04617228767205,-1.49999999881861));
#8091=CARTESIAN_POINT('Ctrl Pts',(37.208447041819,2.07419937842239,-1.49999999878474));
#8092=CARTESIAN_POINT('Ctrl Pts',(37.1593747992103,2.10431608068912,-1.49999999887235));
#8093=CARTESIAN_POINT('Ctrl Pts',(37.1102840706041,2.13444412821449,-1.49999999896));
#8094=CARTESIAN_POINT('Ctrl Pts',(37.0625618431302,2.16666382829608,-1.49999999913924));
#8095=CARTESIAN_POINT('Ctrl Pts',(37.0162220078721,2.20097224439587,-1.49999999925024));
#8096=CARTESIAN_POINT('Ctrl Pts',(36.9704058991183,2.23489291145142,-1.49999999935998));
#8097=CARTESIAN_POINT('Ctrl Pts',(36.9259404572632,2.27085594198407,-1.49999999941844));
#8098=CARTESIAN_POINT('Ctrl Pts',(36.8828729146827,2.30889589387515,-1.49999999931595));
#8099=CARTESIAN_POINT('Ctrl Pts',(36.8522600596417,2.33593508541549,-1.49999999924309));
#8100=CARTESIAN_POINT('Ctrl Pts',(36.8223541785105,2.36402444840108,-1.49999999909724));
#8101=CARTESIAN_POINT('Ctrl Pts',(36.7931854938531,2.39318549385311,-1.49999999870908));
#8102=CARTESIAN_POINT('Ctrl Pts',(36.7536110283669,2.43274959488621,-1.49999999818244));
#8103=CARTESIAN_POINT('Ctrl Pts',(36.7160285815367,2.47364839296844,-1.49999999712453));
#8104=CARTESIAN_POINT('Ctrl Pts',(36.680372771848,2.51582315901513,-1.49999999553356));
#8105=CARTESIAN_POINT('Ctrl Pts',(36.6441819094232,2.55863080155969,-1.49999999391873));
#8106=CARTESIAN_POINT('Ctrl Pts',(36.6099753085703,2.60275357504858,-1.4999999917447));
#8107=CARTESIAN_POINT('Ctrl Pts',(36.5777180053492,2.64817180829103,-1.49999999010034));
#8108=CARTESIAN_POINT('Ctrl Pts',(36.5454500727333,2.69360500770501,-1.49999998845544));
#8109=CARTESIAN_POINT('Ctrl Pts',(36.5151322322064,2.74033524270271,-1.49999998748022));
#8110=CARTESIAN_POINT('Ctrl Pts',(36.4867710018096,2.78837430543552,-1.49999998837626));
#8111=CARTESIAN_POINT('Ctrl Pts',(36.4586998508585,2.83592202331152,-1.49999998926314));
#8112=CARTESIAN_POINT('Ctrl Pts',(36.4325451551052,2.88475270621666,-1.49999999225516));
#8113=CARTESIAN_POINT('Ctrl Pts',(36.4083599093169,2.93489743163258,-1.49999999554709));
#8114=CARTESIAN_POINT('Ctrl Pts',(36.3948617840673,2.96288390694893,-1.49999999738437));
#8115=CARTESIAN_POINT('Ctrl Pts',(36.381977991956,2.99127998384289,-1.49999999924314));
#8116=CARTESIAN_POINT('Ctrl Pts',(36.3697247231762,3.02009238039971,-1.49999999982698));
#8117=CARTESIAN_POINT('Ctrl Pts',(36.3657568555492,3.02942244387996,-1.50000000001604));
#8118=CARTESIAN_POINT('Ctrl Pts',(36.3616640282515,3.03924494040629,-1.49999999999329));
#8119=CARTESIAN_POINT('Ctrl Pts',(36.357784320389,3.04876070598036,-1.49999999999602));
#8120=CARTESIAN_POINT('Ctrl Pts',(36.3551187223264,3.05529862253928,-1.49999999999789));
#8121=CARTESIAN_POINT('Ctrl Pts',(36.3525526101338,3.06169125549352,-1.49999999999724));
#8122=CARTESIAN_POINT('Ctrl Pts',(36.3501823770695,3.06767407174622,-1.4999999999851));
#8123=CARTESIAN_POINT('Ctrl Pts',(36.3295571750242,3.11973510990678,-1.49999999987951));
#8124=CARTESIAN_POINT('Ctrl Pts',(36.3112919886381,3.17226320346262,-1.49999999938731));
#8125=CARTESIAN_POINT('Ctrl Pts',(36.2953053362232,3.22522893372548,-1.4999999992021));
#8126=CARTESIAN_POINT('Ctrl Pts',(36.2791009897857,3.27891591084966,-1.49999999901438));
#8127=CARTESIAN_POINT('Ctrl Pts',(36.2652372875767,3.33305330472212,-1.49999999907111));
#8128=CARTESIAN_POINT('Ctrl Pts',(36.253676006513,3.38763621598096,-1.49999999923808));
#8129=CARTESIAN_POINT('Ctrl Pts',(36.2421196569085,3.4421958449234,-1.49999999940497));
#8130=CARTESIAN_POINT('Ctrl Pts',(36.2328635779914,3.49720146268017,-1.49999999964567));
#8131=CARTESIAN_POINT('Ctrl Pts',(36.2259198775629,3.55266134366233,-1.49999999979048));
#8132=CARTESIAN_POINT('Ctrl Pts',(36.2190526486664,3.6075104405097,-1.49999999993369));
#8133=CARTESIAN_POINT('Ctrl Pts',(36.214447123264,3.66280468864511,-1.49999999998507));
#8134=CARTESIAN_POINT('Ctrl Pts',(36.2121656120189,3.71855240240568,-1.49999999999584));
#8135=CARTESIAN_POINT('Ctrl Pts',(36.2110588784182,3.74559494629505,-1.50000000000106));
#8136=CARTESIAN_POINT('Ctrl Pts',(36.2104997751428,3.77274412243268,-1.5));
#8137=CARTESIAN_POINT('Ctrl Pts',(36.2104997751428,3.8,-1.5));
#8138=CARTESIAN_POINT('',(40.689472809539,3.79999999999999,-1.00523589208024));
#8139=CARTESIAN_POINT('Origin',(40.1895002248572,3.79999999999999,-0.99999999999999));
#8140=CARTESIAN_POINT('',(35.710527190461,3.8,-1.00523589208024));
#8141=CARTESIAN_POINT('Origin',(38.2,3.8,-1.00523589208024));
#8142=CARTESIAN_POINT('Origin',(38.2,3.8,-1.00523589208024));
#8143=CARTESIAN_POINT('Ctrl Pts',(36.2104997751428,3.8,-1.5));
#8144=CARTESIAN_POINT('Ctrl Pts',(36.2104997751428,3.85605572064846,-1.5));
#8145=CARTESIAN_POINT('Ctrl Pts',(36.2128577824919,3.91167626156162,-1.50000000003294));
#8146=CARTESIAN_POINT('Ctrl Pts',(36.2174941091959,3.9668660913495,-1.49999999975126));
#8147=CARTESIAN_POINT('Ctrl Pts',(36.222192102106,4.02278998231027,-1.49999999946584));
#8148=CARTESIAN_POINT('Ctrl Pts',(36.2292294059385,4.07827249020014,-1.49999999877348));
#8149=CARTESIAN_POINT('Ctrl Pts',(36.2385760536862,4.13332257158424,-1.4999999980282));
#8150=CARTESIAN_POINT('Ctrl Pts',(36.2479204047267,4.18835912577443,-1.49999999728311));
#8151=CARTESIAN_POINT('Ctrl Pts',(36.2595731365053,4.24296432240022,-1.49999999659584));
#8152=CARTESIAN_POINT('Ctrl Pts',(36.2735555354559,4.29713843725647,-1.4999999968378));
#8153=CARTESIAN_POINT('Ctrl Pts',(36.2874005137355,4.35078012250303,-1.49999999707738));
#8154=CARTESIAN_POINT('Ctrl Pts',(36.3035299034297,4.4039999454413,-1.4999999985189));
#8155=CARTESIAN_POINT('Ctrl Pts',(36.3220108851059,4.45677748345386,-1.49999999950381));
#8156=CARTESIAN_POINT('Ctrl Pts',(36.3256712479756,4.46723065871697,-1.49999999969889));
#8157=CARTESIAN_POINT('Ctrl Pts',(36.3294239981132,4.47766639698168,-1.4999999998592));
#8158=CARTESIAN_POINT('Ctrl Pts',(36.3332698592069,4.48808440047648,-1.49999999994157));
#8159=CARTESIAN_POINT('Ctrl Pts',(36.3365756366189,4.49703937825424,-1.50000000001237));
#8160=CARTESIAN_POINT('Ctrl Pts',(36.339775168308,4.5055276964658,-1.49999999999864));
#8161=CARTESIAN_POINT('Ctrl Pts',(36.3431792593152,4.51437626626459,-1.49999999999804));
#8162=CARTESIAN_POINT('Ctrl Pts',(36.3453938713713,4.520132912992,-1.49999999999766));
#8163=CARTESIAN_POINT('Ctrl Pts',(36.3476959391856,4.52604172087233,-1.49999999999629));
#8164=CARTESIAN_POINT('Ctrl Pts',(36.3501820720501,4.53232604900818,-1.49999999998246));
#8165=CARTESIAN_POINT('Ctrl Pts',(36.3714146464581,4.58599673839639,-1.49999999986438));
#8166=CARTESIAN_POINT('Ctrl Pts',(36.3948143270506,4.6383126748241,-1.49999999932731));
#8167=CARTESIAN_POINT('Ctrl Pts',(36.4202841494154,4.6892939060743,-1.49999999907503));
#8168=CARTESIAN_POINT('Ctrl Pts',(36.4461722876929,4.74111245216645,-1.49999999881861));
#8169=CARTESIAN_POINT('Ctrl Pts',(36.4741993784498,4.79155295822704,-1.49999999878474));
#8170=CARTESIAN_POINT('Ctrl Pts',(36.5043160807237,4.84062520084403,-1.49999999887235));
#8171=CARTESIAN_POINT('Ctrl Pts',(36.5344441282563,4.88971592945872,-1.49999999896));
#8172=CARTESIAN_POINT('Ctrl Pts',(36.5666638283457,4.93743815694042,-1.49999999913924));
#8173=CARTESIAN_POINT('Ctrl Pts',(36.600972244454,4.98377799220565,-1.49999999925023));
#8174=CARTESIAN_POINT('Ctrl Pts',(36.634892911518,5.02959410096659,-1.49999999935998));
#8175=CARTESIAN_POINT('Ctrl Pts',(36.6708559420597,5.07405954282819,-1.49999999941844));
#8176=CARTESIAN_POINT('Ctrl Pts',(36.7088958939605,5.11712708541433,-1.49999999931594));
#8177=CARTESIAN_POINT('Ctrl Pts',(36.7359350854745,5.14773994042178,-1.49999999924309));
#8178=CARTESIAN_POINT('Ctrl Pts',(36.7640244484316,5.17764582152083,-1.49999999909724));
#8179=CARTESIAN_POINT('Ctrl Pts',(36.7931854938527,5.20681450614736,-1.49999999870907));
#8180=CARTESIAN_POINT('Ctrl Pts',(36.8327495948852,5.24638897163333,-1.49999999818243));
#8181=CARTESIAN_POINT('Ctrl Pts',(36.8736483929672,5.28397141846328,-1.49999999712452));
#8182=CARTESIAN_POINT('Ctrl Pts',(36.9158231590138,5.31962722815193,-1.49999999553356));
#8183=CARTESIAN_POINT('Ctrl Pts',(36.9586308015578,5.35581809057615,-1.49999999391872));
#8184=CARTESIAN_POINT('Ctrl Pts',(37.0027535750463,5.39002469142871,-1.4999999917447));
#8185=CARTESIAN_POINT('Ctrl Pts',(37.0481718082886,5.42228199464957,-1.49999999010034));
#8186=CARTESIAN_POINT('Ctrl Pts',(37.0936050077021,5.454549927265,-1.49999998845544));
#8187=CARTESIAN_POINT('Ctrl Pts',(37.1403352426994,5.48486776779159,-1.49999998748021));
#8188=CARTESIAN_POINT('Ctrl Pts',(37.1883743054321,5.51322899818827,-1.49999998837626));
#8189=CARTESIAN_POINT('Ctrl Pts',(37.2359220233075,5.54130014913901,-1.49999998926314));
#8190=CARTESIAN_POINT('Ctrl Pts',(37.2847527062122,5.56745484489211,-1.49999999225515));
#8191=CARTESIAN_POINT('Ctrl Pts',(37.3348974316279,5.59164009068047,-1.49999999554709));
#8192=CARTESIAN_POINT('Ctrl Pts',(37.3628839069454,5.60513821593078,-1.49999999738437));
#8193=CARTESIAN_POINT('Ctrl Pts',(37.3912799838406,5.61802200804269,-1.49999999924314));
#8194=CARTESIAN_POINT('Ctrl Pts',(37.4200923803988,5.63027527682317,-1.49999999982698));
#8195=CARTESIAN_POINT('Ctrl Pts',(37.4294036725494,5.63423516142302,-1.50000000001566));
#8196=CARTESIAN_POINT('Ctrl Pts',(37.4392091151358,5.63832105790613,-1.49999999999323));
#8197=CARTESIAN_POINT('Ctrl Pts',(37.4487078177375,5.64219411522582,-1.499999999996));
#8198=CARTESIAN_POINT('Ctrl Pts',(37.4552663167696,5.64486831650863,-1.49999999999791));
#8199=CARTESIAN_POINT('Ctrl Pts',(37.4616780888376,5.64744217057538,-1.49999999999728));
#8200=CARTESIAN_POINT('Ctrl Pts',(37.4676740727766,5.64981762032773,-1.49999999998512));
#8201=CARTESIAN_POINT('Ctrl Pts',(37.521888783086,5.6712960501378,-1.49999999987524));
#8202=CARTESIAN_POINT('Ctrl Pts',(37.5766537835466,5.69023208261473,-1.49999999935836));
#8203=CARTESIAN_POINT('Ctrl Pts',(37.631914654181,5.70670020027268,-1.49999999915787));
#8204=CARTESIAN_POINT('Ctrl Pts',(37.6879756368396,5.72340675678984,-1.49999999895449));
#8205=CARTESIAN_POINT('Ctrl Pts',(37.7445477827606,5.73757381959695,-1.49999999898569));
#8206=CARTESIAN_POINT('Ctrl Pts',(37.8016004972352,5.74923280997813,-1.49999999909705));
#8207=CARTESIAN_POINT('Ctrl Pts',(37.8586276196837,5.76088657050845,-1.49999999920836));
#8208=CARTESIAN_POINT('Ctrl Pts',(37.9161357939857,5.77003470765105,-1.49999999937127));
#8209=CARTESIAN_POINT('Ctrl Pts',(37.9741072399844,5.77665826082292,-1.49999999943865));
#8210=CARTESIAN_POINT('Ctrl Pts',(38.0314279485045,5.7832074636967,-1.49999999950527));
#8211=CARTESIAN_POINT('Ctrl Pts',(38.0892024866198,5.78728845646519,-1.49999999951504));
#8212=CARTESIAN_POINT('Ctrl Pts',(38.14741266229,5.78883224695929,-1.49999999926343));
#8213=CARTESIAN_POINT('Ctrl Pts',(38.1649027368849,5.78929610075444,-1.49999999918783));
#8214=CARTESIAN_POINT('Ctrl Pts',(38.1824320828826,5.78953054898558,-1.49999999908558));
#8215=CARTESIAN_POINT('Ctrl Pts',(38.2,5.78953281521874,-1.49999999893787));
#8216=CARTESIAN_POINT('Ctrl Pts',(38.2560153576456,5.78954004111013,-1.49999999846688));
#8217=CARTESIAN_POINT('Ctrl Pts',(38.3116038334677,5.78718791580913,-1.49999999765912));
#8218=CARTESIAN_POINT('Ctrl Pts',(38.3667696803253,5.78255581647238,-1.49999999670094));
#8219=CARTESIAN_POINT('Ctrl Pts',(38.4226478713144,5.77786390388221,-1.49999999573038));
#8220=CARTESIAN_POINT('Ctrl Pts',(38.4780933106772,5.77083277852465,-1.49999999462822));
#8221=CARTESIAN_POINT('Ctrl Pts',(38.533114985985,5.76149205392861,-1.49999999410432));
#8222=CARTESIAN_POINT('Ctrl Pts',(38.5881094221042,5.75215595357852,-1.49999999358068));
#8223=CARTESIAN_POINT('Ctrl Pts',(38.6426813707943,5.74051237518427,-1.49999999373588));
#8224=CARTESIAN_POINT('Ctrl Pts',(38.6968313830326,5.72653964657472,-1.49999999485951));
#8225=CARTESIAN_POINT('Ctrl Pts',(38.7504315472415,5.71270879932354,-1.49999999597173));
#8226=CARTESIAN_POINT('Ctrl Pts',(38.8036190882846,5.69659555711865,-1.49999999820048));
#8227=CARTESIAN_POINT('Ctrl Pts',(38.8563740974603,5.67813230924472,-1.49999999940839));
#8228=CARTESIAN_POINT('Ctrl Pts',(38.8669517719358,5.67443032475413,-1.49999999965058));
#8229=CARTESIAN_POINT('Ctrl Pts',(38.8775119693133,5.67063372182294,-1.49999999983882));
#8230=CARTESIAN_POINT('Ctrl Pts',(38.8880543856055,5.66674174494334,-1.49999999993355));
#8231=CARTESIAN_POINT('Ctrl Pts',(38.8970333023009,5.66342697011244,-1.50000000001423));
#8232=CARTESIAN_POINT('Ctrl Pts',(38.9055478823392,5.66021739647274,-1.49999999999845));
#8233=CARTESIAN_POINT('Ctrl Pts',(38.9144228630087,5.65680284720527,-1.49999999999795));
#8234=CARTESIAN_POINT('Ctrl Pts',(38.9201668320499,5.65459291954319,-1.49999999999763));
#8235=CARTESIAN_POINT('Ctrl Pts',(38.9260614512134,5.65229625532629,-1.49999999999624));
#8236=CARTESIAN_POINT('Ctrl Pts',(38.9323260490082,5.64981792795009,-1.49999999998246));
#8237=CARTESIAN_POINT('Ctrl Pts',(38.9859967384392,5.62858535352577,-1.49999999986438));
#8238=CARTESIAN_POINT('Ctrl Pts',(39.0383126749084,5.6051856729129,-1.49999999932731));
#8239=CARTESIAN_POINT('Ctrl Pts',(39.0892939061984,5.57971585052402,-1.49999999907503));
#8240=CARTESIAN_POINT('Ctrl Pts',(39.1411124523322,5.55382771222137,-1.49999999881861));
#8241=CARTESIAN_POINT('Ctrl Pts',(39.1915529584325,5.52580062143542,-1.49999999878474));
#8242=CARTESIAN_POINT('Ctrl Pts',(39.240625201087,5.49568391912876,-1.49999999887235));
#8243=CARTESIAN_POINT('Ctrl Pts',(39.2897159297392,5.46555587156338,-1.49999999896));
#8244=CARTESIAN_POINT('Ctrl Pts',(39.337438157256,5.43333617143744,-1.49999999913924));
#8245=CARTESIAN_POINT('Ctrl Pts',(39.3837779925537,5.3990277552893,-1.49999999925023));
#8246=CARTESIAN_POINT('Ctrl Pts',(39.4295941013464,5.3651070881861,-1.49999999935998));
#8247=CARTESIAN_POINT('Ctrl Pts',(39.4740595432371,5.32914405760191,-1.49999999941844));
#8248=CARTESIAN_POINT('Ctrl Pts',(39.5171270858493,5.29110410565573,-1.49999999931594));
#8249=CARTESIAN_POINT('Ctrl Pts',(39.5477399407054,5.26406491425934,-1.49999999924309));
#8250=CARTESIAN_POINT('Ctrl Pts',(39.5776458216594,5.23597555143012,-1.49999999909724));
#8251=CARTESIAN_POINT('Ctrl Pts',(39.6068145061475,5.20681450614746,-1.49999999870907));
#8252=CARTESIAN_POINT('Ctrl Pts',(39.6463889716336,5.16725040511479,-1.49999999818243));
#8253=CARTESIAN_POINT('Ctrl Pts',(39.6839714184638,5.12635160703236,-1.49999999712452));
#8254=CARTESIAN_POINT('Ctrl Pts',(39.7196272281528,5.08417684098486,-1.49999999553356));
#8255=CARTESIAN_POINT('Ctrl Pts',(39.7558180905769,5.04136919844069,-1.49999999391872));
#8256=CARTESIAN_POINT('Ctrl Pts',(39.7900246914295,4.99724642495164,-1.4999999917447));
#8257=CARTESIAN_POINT('Ctrl Pts',(39.8222819946506,4.95182819170851,-1.49999999010034));
#8258=CARTESIAN_POINT('Ctrl Pts',(39.8545499272659,4.90639499229466,-1.49999998845544));
#8259=CARTESIAN_POINT('Ctrl Pts',(39.8848677677926,4.85966475729663,-1.49999998748022));
#8260=CARTESIAN_POINT('Ctrl Pts',(39.9132289981896,4.81162569456297,-1.49999998837626));
#8261=CARTESIAN_POINT('Ctrl Pts',(39.9413001491402,4.76407797668723,-1.49999998926314));
#8262=CARTESIAN_POINT('Ctrl Pts',(39.9674548448936,4.71524729378191,-1.49999999225515));
#8263=CARTESIAN_POINT('Ctrl Pts',(39.9916400906824,4.66510256836536,-1.49999999554709));
#8264=CARTESIAN_POINT('Ctrl Pts',(40.0051382159315,4.63711609305051,-1.49999999738437));
#8265=CARTESIAN_POINT('Ctrl Pts',(40.0180220080424,4.60872001615793,-1.49999999924314));
#8266=CARTESIAN_POINT('Ctrl Pts',(40.0302752768221,4.57990761960242,-1.49999999982698));
#8267=CARTESIAN_POINT('Ctrl Pts',(40.0342431444483,4.57057755612451,-1.50000000001604));
#8268=CARTESIAN_POINT('Ctrl Pts',(40.0383359717454,4.56075505960031,-1.49999999999329));
#8269=CARTESIAN_POINT('Ctrl Pts',(40.0422156796074,4.55123929402834,-1.49999999999602));
#8270=CARTESIAN_POINT('Ctrl Pts',(40.0448812776715,4.54470137746615,-1.49999999999789));
#8271=CARTESIAN_POINT('Ctrl Pts',(40.0474473898654,4.53830874450883,-1.49999999999724));
#8272=CARTESIAN_POINT('Ctrl Pts',(40.0498176229308,4.53232592825386,-1.4999999999851));
#8273=CARTESIAN_POINT('Ctrl Pts',(40.0704428249761,4.48026489009557,-1.4999999998795));
#8274=CARTESIAN_POINT('Ctrl Pts',(40.0887080113622,4.42773679654141,-1.49999999938731));
#8275=CARTESIAN_POINT('Ctrl Pts',(40.1046946637772,4.37477106627966,-1.4999999992021));
#8276=CARTESIAN_POINT('Ctrl Pts',(40.1208990102143,4.3210840891578,-1.49999999901437));
#8277=CARTESIAN_POINT('Ctrl Pts',(40.1347627124231,4.2669466952871,-1.49999999907111));
#8278=CARTESIAN_POINT('Ctrl Pts',(40.1463239934866,4.2123637840295,-1.49999999923807));
#8279=CARTESIAN_POINT('Ctrl Pts',(40.1578803430907,4.15780415508912,-1.49999999940497));
#8280=CARTESIAN_POINT('Ctrl Pts',(40.1671364220077,4.10279853733389,-1.49999999964567));
#8281=CARTESIAN_POINT('Ctrl Pts',(40.1740801224361,4.04733865635275,-1.49999999979048));
#8282=CARTESIAN_POINT('Ctrl Pts',(40.1809473513325,3.99248955950744,-1.49999999993369));
#8283=CARTESIAN_POINT('Ctrl Pts',(40.185552876735,3.93719531137359,-1.49999999998506));
#8284=CARTESIAN_POINT('Ctrl Pts',(40.1878343879804,3.88144759761407,-1.49999999999584));
#8285=CARTESIAN_POINT('Ctrl Pts',(40.1889411215815,3.85440505371829,-1.50000000000106));
#8286=CARTESIAN_POINT('Ctrl Pts',(40.1895002248572,3.82725587757409,-1.5));
#8287=CARTESIAN_POINT('Ctrl Pts',(40.1895002248572,3.8,-1.5));
#8288=CARTESIAN_POINT('Origin',(41.,25.,-0.999999999999999));
#8289=CARTESIAN_POINT('',(42.9895002248572,25.,-1.5));
#8290=CARTESIAN_POINT('',(39.0104997751428,25.,-1.5));
#8291=CARTESIAN_POINT('Ctrl Pts',(42.9895002248572,25.,-1.5));
#8292=CARTESIAN_POINT('Ctrl Pts',(42.9895002248572,24.9439442793513,-1.5));
#8293=CARTESIAN_POINT('Ctrl Pts',(42.9871422175079,24.8883237384373,-1.50000000003294));
#8294=CARTESIAN_POINT('Ctrl Pts',(42.9825058908034,24.8331339086481,-1.49999999975126));
#8295=CARTESIAN_POINT('Ctrl Pts',(42.977807897893,24.7772100176874,-1.49999999946584));
#8296=CARTESIAN_POINT('Ctrl Pts',(42.97077059406,24.721727509797,-1.49999999877348));
#8297=CARTESIAN_POINT('Ctrl Pts',(42.9614239463118,24.6666774284118,-1.4999999980282));
#8298=CARTESIAN_POINT('Ctrl Pts',(42.9520795952709,24.6116408742213,-1.49999999728311));
#8299=CARTESIAN_POINT('Ctrl Pts',(42.9404268634918,24.5570356775946,-1.49999999659584));
#8300=CARTESIAN_POINT('Ctrl Pts',(42.9264444645406,24.5028615627369,-1.4999999968378));
#8301=CARTESIAN_POINT('Ctrl Pts',(42.9125994862608,24.4492198774899,-1.49999999707738));
#8302=CARTESIAN_POINT('Ctrl Pts',(42.8964700965663,24.3960000545506,-1.4999999985189));
#8303=CARTESIAN_POINT('Ctrl Pts',(42.87798911489,24.3432225165364,-1.49999999950381));
#8304=CARTESIAN_POINT('Ctrl Pts',(42.8743287520218,24.3327693412772,-1.49999999969889));
#8305=CARTESIAN_POINT('Ctrl Pts',(42.8705760018857,24.3223336030164,-1.4999999998592));
#8306=CARTESIAN_POINT('Ctrl Pts',(42.8667301407935,24.3119155995254,-1.49999999994157));
#8307=CARTESIAN_POINT('Ctrl Pts',(42.8634243633807,24.3029606217448,-1.50000000001237));
#8308=CARTESIAN_POINT('Ctrl Pts',(42.8602248316905,24.2944723035302,-1.49999999999864));
#8309=CARTESIAN_POINT('Ctrl Pts',(42.8568207406822,24.2856237337284,-1.49999999999804));
#8310=CARTESIAN_POINT('Ctrl Pts',(42.8546061286268,24.2798670870029,-1.49999999999766));
#8311=CARTESIAN_POINT('Ctrl Pts',(42.8523040608135,24.2739582791247,-1.49999999999629));
#8312=CARTESIAN_POINT('Ctrl Pts',(42.8498179279502,24.2676739509917,-1.49999999998246));
#8313=CARTESIAN_POINT('Ctrl Pts',(42.8285853535304,24.2140032615713,-1.49999999986438));
#8314=CARTESIAN_POINT('Ctrl Pts',(42.8051856729227,24.1616873251121,-1.49999999932731));
#8315=CARTESIAN_POINT('Ctrl Pts',(42.7797158505397,24.1107060938315,-1.49999999907503));
#8316=CARTESIAN_POINT('Ctrl Pts',(42.7538277122435,24.0588875477082,-1.49999999881861));
#8317=CARTESIAN_POINT('Ctrl Pts',(42.7258006214647,24.0084470416176,-1.49999999878474));
#8318=CARTESIAN_POINT('Ctrl Pts',(42.6956839191659,23.9593747989721,-1.49999999887235));
#8319=CARTESIAN_POINT('Ctrl Pts',(42.6655558716086,23.9102840703294,-1.49999999896));
#8320=CARTESIAN_POINT('Ctrl Pts',(42.6333361714915,23.8625618428212,-1.49999999913924));
#8321=CARTESIAN_POINT('Ctrl Pts',(42.5990277553528,23.8162220075313,-1.49999999925024));
#8322=CARTESIAN_POINT('Ctrl Pts',(42.5651070882593,23.7704058987468,-1.49999999935998));
#8323=CARTESIAN_POINT('Ctrl Pts',(42.5291440576855,23.7259404568633,-1.49999999941844));
#8324=CARTESIAN_POINT('Ctrl Pts',(42.4911041057503,23.6828729142575,-1.49999999931594));
#8325=CARTESIAN_POINT('Ctrl Pts',(42.4640649143251,23.6522600593643,-1.49999999924309));
#8326=CARTESIAN_POINT('Ctrl Pts',(42.4359755514644,23.6223541783746,-1.49999999909724));
#8327=CARTESIAN_POINT('Ctrl Pts',(42.4068145061476,23.5931854938524,-1.49999999870907));
#8328=CARTESIAN_POINT('Ctrl Pts',(42.3672504051153,23.5536110283666,-1.49999999818244));
#8329=CARTESIAN_POINT('Ctrl Pts',(42.3263516070337,23.5160285815368,-1.49999999712452));
#8330=CARTESIAN_POINT('Ctrl Pts',(42.2841768409873,23.4803727718483,-1.49999999553356));
#8331=CARTESIAN_POINT('Ctrl Pts',(42.2413691984436,23.4441819094242,-1.49999999391873));
#8332=CARTESIAN_POINT('Ctrl Pts',(42.1972464249554,23.4099753085719,-1.4999999917447));
#8333=CARTESIAN_POINT('Ctrl Pts',(42.1518281917135,23.3777180053512,-1.49999999010034));
#8334=CARTESIAN_POINT('Ctrl Pts',(42.1063949923003,23.3454500727359,-1.49999998845544));
#8335=CARTESIAN_POINT('Ctrl Pts',(42.0596647573032,23.3151322322094,-1.49999998748022));
#8336=CARTESIAN_POINT('Ctrl Pts',(42.0116256945708,23.2867710018128,-1.49999998837626));
#8337=CARTESIAN_POINT('Ctrl Pts',(41.9640779766958,23.2586998508623,-1.49999998926314));
#8338=CARTESIAN_POINT('Ctrl Pts',(41.9152472937914,23.2325451551093,-1.49999999225515));
#8339=CARTESIAN_POINT('Ctrl Pts',(41.8651025683761,23.2083599093211,-1.49999999554709));
#8340=CARTESIAN_POINT('Ctrl Pts',(41.8371160930573,23.1948617840702,-1.49999999738437));
#8341=CARTESIAN_POINT('Ctrl Pts',(41.8087200161608,23.1819779919577,-1.49999999924314));
#8342=CARTESIAN_POINT('Ctrl Pts',(41.7799076196013,23.1697247231767,-1.49999999982698));
#8343=CARTESIAN_POINT('Ctrl Pts',(41.7705963274509,23.165764838577,-1.50000000001566));
#8344=CARTESIAN_POINT('Ctrl Pts',(41.7607908848647,23.161678942094,-1.49999999999323));
#8345=CARTESIAN_POINT('Ctrl Pts',(41.7512921822632,23.1578058847744,-1.499999999996));
#8346=CARTESIAN_POINT('Ctrl Pts',(41.7447336832308,23.1551316834915,-1.49999999999792));
#8347=CARTESIAN_POINT('Ctrl Pts',(41.7383219111626,23.1525578294247,-1.49999999999728));
#8348=CARTESIAN_POINT('Ctrl Pts',(41.7323259272233,23.1501823796723,-1.49999999998512));
#8349=CARTESIAN_POINT('Ctrl Pts',(41.6781112169045,23.1287039498586,-1.49999999987524));
#8350=CARTESIAN_POINT('Ctrl Pts',(41.6233462164342,23.1097679173788,-1.49999999935836));
#8351=CARTESIAN_POINT('Ctrl Pts',(41.5680853457896,23.0932997997188,-1.49999999915787));
#8352=CARTESIAN_POINT('Ctrl Pts',(41.5120243631209,23.0765932431996,-1.49999999895449));
#8353=CARTESIAN_POINT('Ctrl Pts',(41.4554522171894,23.0624261803912,-1.49999999898569));
#8354=CARTESIAN_POINT('Ctrl Pts',(41.3983995027041,23.0507671900097,-1.49999999909705));
#8355=CARTESIAN_POINT('Ctrl Pts',(41.3413723802451,23.039113429479,-1.49999999920836));
#8356=CARTESIAN_POINT('Ctrl Pts',(41.2838642059322,23.0299652923368,-1.49999999937127));
#8357=CARTESIAN_POINT('Ctrl Pts',(41.2258927599227,23.0233417391664,-1.49999999943865));
#8358=CARTESIAN_POINT('Ctrl Pts',(41.1685720513923,23.016792536294,-1.49999999950527));
#8359=CARTESIAN_POINT('Ctrl Pts',(41.1107975132666,23.0127115435278,-1.49999999951504));
#8360=CARTESIAN_POINT('Ctrl Pts',(41.0525873375861,23.0111677530369,-1.49999999926343));
#8361=CARTESIAN_POINT('Ctrl Pts',(41.0350972630323,23.0107038992439,-1.49999999918784));
#8362=CARTESIAN_POINT('Ctrl Pts',(41.017567917076,23.0104694510139,-1.49999999908558));
#8363=CARTESIAN_POINT('Ctrl Pts',(41.,23.0104671847807,-1.49999999893787));
#8364=CARTESIAN_POINT('Ctrl Pts',(40.9439846423548,23.0104599588891,-1.49999999846688));
#8365=CARTESIAN_POINT('Ctrl Pts',(40.8883961665332,23.01281208419,-1.49999999765913));
#8366=CARTESIAN_POINT('Ctrl Pts',(40.8332303196759,23.0174441835267,-1.49999999670094));
#8367=CARTESIAN_POINT('Ctrl Pts',(40.7773521286875,23.0221360961167,-1.49999999573038));
#8368=CARTESIAN_POINT('Ctrl Pts',(40.7219066893253,23.0291672214741,-1.49999999462822));
#8369=CARTESIAN_POINT('Ctrl Pts',(40.666885014018,23.03850794607,-1.49999999410432));
#8370=CARTESIAN_POINT('Ctrl Pts',(40.6118905778994,23.04784404642,-1.49999999358068));
#8371=CARTESIAN_POINT('Ctrl Pts',(40.5573186292098,23.0594876248141,-1.49999999373589));
#8372=CARTESIAN_POINT('Ctrl Pts',(40.5031686169719,23.0734603534235,-1.49999999485951));
#8373=CARTESIAN_POINT('Ctrl Pts',(40.4495684527637,23.0872912006744,-1.49999999597174));
#8374=CARTESIAN_POINT('Ctrl Pts',(40.3963809117212,23.1034044428791,-1.49999999820048));
#8375=CARTESIAN_POINT('Ctrl Pts',(40.343625902546,23.1218676907529,-1.49999999940839));
#8376=CARTESIAN_POINT('Ctrl Pts',(40.3330482280685,23.1255696752442,-1.49999999965058));
#8377=CARTESIAN_POINT('Ctrl Pts',(40.322488030689,23.1293662781761,-1.49999999983883));
#8378=CARTESIAN_POINT('Ctrl Pts',(40.3119456143947,23.1332582550565,-1.49999999993355));
#8379=CARTESIAN_POINT('Ctrl Pts',(40.3029666976997,23.1365730298873,-1.50000000001423));
#8380=CARTESIAN_POINT('Ctrl Pts',(40.2944521176619,23.1397826035268,-1.49999999999845));
#8381=CARTESIAN_POINT('Ctrl Pts',(40.2855771369928,23.1431971527941,-1.49999999999795));
#8382=CARTESIAN_POINT('Ctrl Pts',(40.2798331679512,23.1454070804564,-1.49999999999763));
#8383=CARTESIAN_POINT('Ctrl Pts',(40.2739385487871,23.1477037446735,-1.49999999999625));
#8384=CARTESIAN_POINT('Ctrl Pts',(40.2676739509918,23.1501820720499,-1.49999999998246));
#8385=CARTESIAN_POINT('Ctrl Pts',(40.2140032616102,23.1714146464549,-1.49999999986438));
#8386=CARTESIAN_POINT('Ctrl Pts',(40.1616873251889,23.194814327044,-1.49999999932731));
#8387=CARTESIAN_POINT('Ctrl Pts',(40.1107060939447,23.2202841494048,-1.49999999907503));
#8388=CARTESIAN_POINT('Ctrl Pts',(40.058887547859,23.2461722876784,-1.49999999881861));
#8389=CARTESIAN_POINT('Ctrl Pts',(40.0084470418045,23.2741993784308,-1.49999999878474));
#8390=CARTESIAN_POINT('Ctrl Pts',(39.9593747991932,23.3043160806998,-1.49999999887235));
#8391=CARTESIAN_POINT('Ctrl Pts',(39.9102840705843,23.3344441282274,-1.49999999896));
#8392=CARTESIAN_POINT('Ctrl Pts',(39.862561843108,23.3666638283115,-1.49999999913924));
#8393=CARTESIAN_POINT('Ctrl Pts',(39.8162220078476,23.4009722444141,-1.49999999925024));
#8394=CARTESIAN_POINT('Ctrl Pts',(39.7704058990916,23.4348929114723,-1.49999999935998));
#8395=CARTESIAN_POINT('Ctrl Pts',(39.7259404572344,23.4708559420079,-1.49999999941844));
#8396=CARTESIAN_POINT('Ctrl Pts',(39.682872914652,23.5088958939021,-1.49999999931594));
#8397=CARTESIAN_POINT('Ctrl Pts',(39.6522600596217,23.5359350854341,-1.49999999924309));
#8398=CARTESIAN_POINT('Ctrl Pts',(39.6223541785006,23.5640244484107,-1.49999999909724));
#8399=CARTESIAN_POINT('Ctrl Pts',(39.593185493853,23.593185493853,-1.49999999870907));
#8400=CARTESIAN_POINT('Ctrl Pts',(39.5536110283667,23.6327495948861,-1.49999999818244));
#8401=CARTESIAN_POINT('Ctrl Pts',(39.5160285815366,23.6736483929683,-1.49999999712452));
#8402=CARTESIAN_POINT('Ctrl Pts',(39.4803727718478,23.715823159015,-1.49999999553356));
#8403=CARTESIAN_POINT('Ctrl Pts',(39.4441819094232,23.7586308015595,-1.49999999391873));
#8404=CARTESIAN_POINT('Ctrl Pts',(39.4099753085703,23.8027535750483,-1.4999999917447));
#8405=CARTESIAN_POINT('Ctrl Pts',(39.3777180053493,23.8481718082907,-1.49999999010034));
#8406=CARTESIAN_POINT('Ctrl Pts',(39.3454500727335,23.8936050077046,-1.49999998845544));
#8407=CARTESIAN_POINT('Ctrl Pts',(39.3151322322066,23.9403352427022,-1.49999998748022));
#8408=CARTESIAN_POINT('Ctrl Pts',(39.2867710018099,23.9883743054351,-1.49999998837626));
#8409=CARTESIAN_POINT('Ctrl Pts',(39.2586998508588,24.035922023311,-1.49999998926314));
#8410=CARTESIAN_POINT('Ctrl Pts',(39.2325451551056,24.0847527062161,-1.49999999225515));
#8411=CARTESIAN_POINT('Ctrl Pts',(39.2083599093173,24.134897431632,-1.49999999554709));
#8412=CARTESIAN_POINT('Ctrl Pts',(39.1948617840676,24.1628839069484,-1.49999999738437));
#8413=CARTESIAN_POINT('Ctrl Pts',(39.1819779919562,24.1912799838425,-1.49999999924314));
#8414=CARTESIAN_POINT('Ctrl Pts',(39.1697247231764,24.2200923803995,-1.49999999982698));
#8415=CARTESIAN_POINT('Ctrl Pts',(39.1657568555493,24.2294224438796,-1.50000000001604));
#8416=CARTESIAN_POINT('Ctrl Pts',(39.1616640282517,24.2392449404058,-1.49999999999329));
#8417=CARTESIAN_POINT('Ctrl Pts',(39.1577843203892,24.2487607059798,-1.49999999999602));
#8418=CARTESIAN_POINT('Ctrl Pts',(39.1551187223265,24.2552986225389,-1.49999999999789));
#8419=CARTESIAN_POINT('Ctrl Pts',(39.1525526101339,24.2616912554934,-1.49999999999724));
#8420=CARTESIAN_POINT('Ctrl Pts',(39.1501823770695,24.2676740717462,-1.4999999999851));
#8421=CARTESIAN_POINT('Ctrl Pts',(39.1295571750241,24.3197351099067,-1.4999999998795));
#8422=CARTESIAN_POINT('Ctrl Pts',(39.1112919886381,24.3722632034626,-1.49999999938731));
#8423=CARTESIAN_POINT('Ctrl Pts',(39.0953053362231,24.4252289337254,-1.4999999992021));
#8424=CARTESIAN_POINT('Ctrl Pts',(39.0791009897856,24.4789159108495,-1.49999999901437));
#8425=CARTESIAN_POINT('Ctrl Pts',(39.0652372875766,24.5330533047219,-1.49999999907111));
#8426=CARTESIAN_POINT('Ctrl Pts',(39.0536760065129,24.5876362159807,-1.49999999923807));
#8427=CARTESIAN_POINT('Ctrl Pts',(39.0421196569085,24.642195844923,-1.49999999940497));
#8428=CARTESIAN_POINT('Ctrl Pts',(39.0328635779914,24.6972014626797,-1.49999999964567));
#8429=CARTESIAN_POINT('Ctrl Pts',(39.0259198775629,24.7526613436618,-1.49999999979048));
#8430=CARTESIAN_POINT('Ctrl Pts',(39.0190526486664,24.8075104405091,-1.49999999993369));
#8431=CARTESIAN_POINT('Ctrl Pts',(39.0144471232641,24.8628046886445,-1.49999999998506));
#8432=CARTESIAN_POINT('Ctrl Pts',(39.0121656120189,24.9185524024051,-1.49999999999584));
#8433=CARTESIAN_POINT('Ctrl Pts',(39.0110588784182,24.9455949462946,-1.50000000000106));
#8434=CARTESIAN_POINT('Ctrl Pts',(39.0104997751428,24.9727441224325,-1.5));
#8435=CARTESIAN_POINT('Ctrl Pts',(39.0104997751428,25.,-1.5));
#8436=CARTESIAN_POINT('',(43.4894728095399,25.,-1.00523589205812));
#8437=CARTESIAN_POINT('Origin',(42.9895002248572,25.,-0.999999999999998));
#8438=CARTESIAN_POINT('',(38.5105271904601,25.,-1.00523589205812));
#8439=CARTESIAN_POINT('Origin',(41.,25.,-1.00523589205812));
#8440=CARTESIAN_POINT('Origin',(41.,25.,-1.00523589205812));
#8441=CARTESIAN_POINT('Ctrl Pts',(39.0104997751428,25.,-1.5));
#8442=CARTESIAN_POINT('Ctrl Pts',(39.0104997751428,25.0560557206483,-1.5));
#8443=CARTESIAN_POINT('Ctrl Pts',(39.0128577824917,25.111676261561,-1.50000000003294));
#8444=CARTESIAN_POINT('Ctrl Pts',(39.0174941091955,25.166866091348,-1.49999999975126));
#8445=CARTESIAN_POINT('Ctrl Pts',(39.0221921021053,25.2227899823087,-1.49999999946584));
#8446=CARTESIAN_POINT('Ctrl Pts',(39.0292294059376,25.2782724901982,-1.49999999877348));
#8447=CARTESIAN_POINT('Ctrl Pts',(39.0385760536848,25.3333225715815,-1.4999999980282));
#8448=CARTESIAN_POINT('Ctrl Pts',(39.047920404725,25.3883591257714,-1.49999999728311));
#8449=CARTESIAN_POINT('Ctrl Pts',(39.0595731365033,25.4429643223966,-1.49999999659584));
#8450=CARTESIAN_POINT('Ctrl Pts',(39.0735555354535,25.4971384372518,-1.4999999968378));
#8451=CARTESIAN_POINT('Ctrl Pts',(39.0874005137329,25.5507801224981,-1.49999999707738));
#8452=CARTESIAN_POINT('Ctrl Pts',(39.103529903427,25.6039999454357,-1.4999999985189));
#8453=CARTESIAN_POINT('Ctrl Pts',(39.1220108851031,25.6567774834472,-1.49999999950381));
#8454=CARTESIAN_POINT('Ctrl Pts',(39.1256712479737,25.6672306587129,-1.49999999969889));
#8455=CARTESIAN_POINT('Ctrl Pts',(39.1294239981123,25.6776663969803,-1.4999999998592));
#8456=CARTESIAN_POINT('Ctrl Pts',(39.1332698592072,25.6880844004777,-1.49999999994157));
#8457=CARTESIAN_POINT('Ctrl Pts',(39.1365756366188,25.6970393782543,-1.50000000001237));
#8458=CARTESIAN_POINT('Ctrl Pts',(39.1397751683076,25.7055276964646,-1.49999999999864));
#8459=CARTESIAN_POINT('Ctrl Pts',(39.1431792593143,25.7143762662622,-1.49999999999804));
#8460=CARTESIAN_POINT('Ctrl Pts',(39.1453938713707,25.7201329129902,-1.49999999999766));
#8461=CARTESIAN_POINT('Ctrl Pts',(39.1476959391853,25.7260417208713,-1.49999999999629));
#8462=CARTESIAN_POINT('Ctrl Pts',(39.1501820720502,25.7323260490081,-1.49999999998246));
#8463=CARTESIAN_POINT('Ctrl Pts',(39.1714146464663,25.7859967384151,-1.49999999986438));
#8464=CARTESIAN_POINT('Ctrl Pts',(39.1948143270683,25.8383126748609,-1.49999999932731));
#8465=CARTESIAN_POINT('Ctrl Pts',(39.2202841494438,25.8892939061283,-1.49999999907503));
#8466=CARTESIAN_POINT('Ctrl Pts',(39.2461722877326,25.9411124522386,-1.49999999881861));
#8467=CARTESIAN_POINT('Ctrl Pts',(39.2741993785021,25.9915529583165,-1.49999999878474));
#8468=CARTESIAN_POINT('Ctrl Pts',(39.3043160807899,26.0406252009497,-1.49999999887235));
#8469=CARTESIAN_POINT('Ctrl Pts',(39.3344441283366,26.0897159295807,-1.49999999896));
#8470=CARTESIAN_POINT('Ctrl Pts',(39.3666638284415,26.1374381570776,-1.49999999913924));
#8471=CARTESIAN_POINT('Ctrl Pts',(39.4009722445664,26.1837779923567,-1.49999999925024));
#8472=CARTESIAN_POINT('Ctrl Pts',(39.4348929116471,26.2295941011315,-1.49999999935998));
#8473=CARTESIAN_POINT('Ctrl Pts',(39.4708559422067,26.2740595430057,-1.49999999941844));
#8474=CARTESIAN_POINT('Ctrl Pts',(39.5088958941265,26.317127085603,-1.49999999931594));
#8475=CARTESIAN_POINT('Ctrl Pts',(39.5359350855895,26.3477399405451,-1.49999999924309));
#8476=CARTESIAN_POINT('Ctrl Pts',(39.564024448491,26.3776458215815,-1.49999999909724));
#8477=CARTESIAN_POINT('Ctrl Pts',(39.5931854938519,26.406814506148,-1.49999999870908));
#8478=CARTESIAN_POINT('Ctrl Pts',(39.6327495948838,26.4463889716336,-1.49999999818244));
#8479=CARTESIAN_POINT('Ctrl Pts',(39.6736483929654,26.4839714184633,-1.49999999712452));
#8480=CARTESIAN_POINT('Ctrl Pts',(39.715823159012,26.5196272281518,-1.49999999553356));
#8481=CARTESIAN_POINT('Ctrl Pts',(39.7586308015552,26.5558180905753,-1.49999999391873));
#8482=CARTESIAN_POINT('Ctrl Pts',(39.8027535750433,26.5900246914273,-1.4999999917447));
#8483=CARTESIAN_POINT('Ctrl Pts',(39.8481718082854,26.6222819946479,-1.49999999010034));
#8484=CARTESIAN_POINT('Ctrl Pts',(39.8936050076983,26.6545499272627,-1.49999998845544));
#8485=CARTESIAN_POINT('Ctrl Pts',(39.9403352426953,26.684867767789,-1.49999998748022));
#8486=CARTESIAN_POINT('Ctrl Pts',(39.988374305428,26.7132289981856,-1.49999998837626));
#8487=CARTESIAN_POINT('Ctrl Pts',(40.0359220233026,26.7413001491358,-1.49999998926314));
#8488=CARTESIAN_POINT('Ctrl Pts',(40.0847527062068,26.7674548448887,-1.49999999225516));
#8489=CARTESIAN_POINT('Ctrl Pts',(40.1348974316223,26.7916400906771,-1.49999999554709));
#8490=CARTESIAN_POINT('Ctrl Pts',(40.162883906941,26.8051382159282,-1.49999999738437));
#8491=CARTESIAN_POINT('Ctrl Pts',(40.1912799838376,26.8180220080409,-1.49999999924314));
#8492=CARTESIAN_POINT('Ctrl Pts',(40.2200923803973,26.8302752768222,-1.49999999982698));
#8493=CARTESIAN_POINT('Ctrl Pts',(40.2294036725465,26.8342351614215,-1.50000000001566));
#8494=CARTESIAN_POINT('Ctrl Pts',(40.2392091151317,26.8383210579042,-1.49999999999324));
#8495=CARTESIAN_POINT('Ctrl Pts',(40.2487078177321,26.8421941152235,-1.499999999996));
#8496=CARTESIAN_POINT('Ctrl Pts',(40.2552663167662,26.8448683165073,-1.49999999999792));
#8497=CARTESIAN_POINT('Ctrl Pts',(40.2616780888361,26.8474421705749,-1.49999999999728));
#8498=CARTESIAN_POINT('Ctrl Pts',(40.2676740727766,26.8498176203278,-1.49999999998513));
#8499=CARTESIAN_POINT('Ctrl Pts',(40.3218887831154,26.87129605015,-1.49999999987524));
#8500=CARTESIAN_POINT('Ctrl Pts',(40.3766537836067,26.8902320826363,-1.49999999935836));
#8501=CARTESIAN_POINT('Ctrl Pts',(40.4319146542728,26.9067002003009,-1.49999999915788));
#8502=CARTESIAN_POINT('Ctrl Pts',(40.4879756369643,26.923406756825,-1.49999999895449));
#8503=CARTESIAN_POINT('Ctrl Pts',(40.5445477829192,26.9375738196361,-1.49999999898569));
#8504=CARTESIAN_POINT('Ctrl Pts',(40.6016004974285,26.9492328100184,-1.49999999909705));
#8505=CARTESIAN_POINT('Ctrl Pts',(40.6586276199113,26.9608865705497,-1.49999999920836));
#8506=CARTESIAN_POINT('Ctrl Pts',(40.7161357942484,26.9700347076904,-1.49999999937128));
#8507=CARTESIAN_POINT('Ctrl Pts',(40.7741072402824,26.9766582608574,-1.49999999943865));
#8508=CARTESIAN_POINT('Ctrl Pts',(40.8314279488367,26.9832074637262,-1.49999999950527));
#8509=CARTESIAN_POINT('Ctrl Pts',(40.8892024869865,26.9872884564868,-1.49999999951504));
#8510=CARTESIAN_POINT('Ctrl Pts',(40.947412662691,26.9888322469701,-1.49999999926344));
#8511=CARTESIAN_POINT('Ctrl Pts',(40.9649027371529,26.9892961007582,-1.49999999918784));
#8512=CARTESIAN_POINT('Ctrl Pts',(40.9824320830169,26.9895305489858,-1.49999999908559));
#8513=CARTESIAN_POINT('Ctrl Pts',(41.,26.9895328152189,-1.49999999893787));
#8514=CARTESIAN_POINT('Ctrl Pts',(41.0560153576455,26.9895400411104,-1.49999999846688));
#8515=CARTESIAN_POINT('Ctrl Pts',(41.1116038334676,26.9871879158094,-1.49999999765913));
#8516=CARTESIAN_POINT('Ctrl Pts',(41.1667696803254,26.9825558164725,-1.49999999670094));
#8517=CARTESIAN_POINT('Ctrl Pts',(41.2226478713142,26.9778639038823,-1.49999999573038));
#8518=CARTESIAN_POINT('Ctrl Pts',(41.2780933106768,26.9708327785247,-1.49999999462822));
#8519=CARTESIAN_POINT('Ctrl Pts',(41.3331149859846,26.9614920539286,-1.49999999410432));
#8520=CARTESIAN_POINT('Ctrl Pts',(41.3881094221036,26.9521559535785,-1.49999999358068));
#8521=CARTESIAN_POINT('Ctrl Pts',(41.4426813707937,26.9405123751842,-1.49999999373589));
#8522=CARTESIAN_POINT('Ctrl Pts',(41.4968313830321,26.9265396465746,-1.49999999485952));
#8523=CARTESIAN_POINT('Ctrl Pts',(41.5504315472407,26.9127087993235,-1.49999999597174));
#8524=CARTESIAN_POINT('Ctrl Pts',(41.6036190882838,26.8965955571187,-1.49999999820048));
#8525=CARTESIAN_POINT('Ctrl Pts',(41.6563740974597,26.8781323092449,-1.49999999940839));
#8526=CARTESIAN_POINT('Ctrl Pts',(41.6669517719352,26.8744303247543,-1.49999999965058));
#8527=CARTESIAN_POINT('Ctrl Pts',(41.6775119693127,26.8706337218231,-1.49999999983883));
#8528=CARTESIAN_POINT('Ctrl Pts',(41.688054385605,26.8667417449435,-1.49999999993355));
#8529=CARTESIAN_POINT('Ctrl Pts',(41.697033302301,26.8634269701124,-1.50000000001423));
#8530=CARTESIAN_POINT('Ctrl Pts',(41.7055478823399,26.8602173964725,-1.49999999999845));
#8531=CARTESIAN_POINT('Ctrl Pts',(41.71442286301,26.8568028472048,-1.49999999999795));
#8532=CARTESIAN_POINT('Ctrl Pts',(41.7201668320509,26.8545929195428,-1.49999999999763));
#8533=CARTESIAN_POINT('Ctrl Pts',(41.726061451214,26.8522962553261,-1.49999999999625));
#8534=CARTESIAN_POINT('Ctrl Pts',(41.7323260490083,26.8498179279501,-1.49999999998246));
#8535=CARTESIAN_POINT('Ctrl Pts',(41.7859967384431,26.8285853535245,-1.49999999986438));
#8536=CARTESIAN_POINT('Ctrl Pts',(41.8383126749161,26.8051856729098,-1.49999999932732));
#8537=CARTESIAN_POINT('Ctrl Pts',(41.8892939062098,26.7797158505188,-1.49999999907503));
#8538=CARTESIAN_POINT('Ctrl Pts',(41.9411124523472,26.7538277122139,-1.49999999881861));
#8539=CARTESIAN_POINT('Ctrl Pts',(41.9915529584511,26.7258006214254,-1.49999999878474));
#8540=CARTESIAN_POINT('Ctrl Pts',(42.0406252011089,26.6956839191158,-1.49999999887235));
#8541=CARTESIAN_POINT('Ctrl Pts',(42.0897159297643,26.6655558715475,-1.49999999896));
#8542=CARTESIAN_POINT('Ctrl Pts',(42.1374381572843,26.6333361714183,-1.49999999913924));
#8543=CARTESIAN_POINT('Ctrl Pts',(42.1837779925849,26.5990277552665,-1.49999999925024));
#8544=CARTESIAN_POINT('Ctrl Pts',(42.2295941013804,26.5651070881598,-1.49999999935998));
#8545=CARTESIAN_POINT('Ctrl Pts',(42.2740595432737,26.5291440575717,-1.49999999941844));
#8546=CARTESIAN_POINT('Ctrl Pts',(42.3171270858881,26.4911041056214,-1.49999999931594));
#8547=CARTESIAN_POINT('Ctrl Pts',(42.3477399407307,26.4640649142355,-1.49999999924309));
#8548=CARTESIAN_POINT('Ctrl Pts',(42.3776458216717,26.4359755514177,-1.49999999909724));
#8549=CARTESIAN_POINT('Ctrl Pts',(42.4068145061474,26.4068145061474,-1.49999999870907));
#8550=CARTESIAN_POINT('Ctrl Pts',(42.4463889716337,26.3672504051146,-1.49999999818244));
#8551=CARTESIAN_POINT('Ctrl Pts',(42.483971418464,26.326351607032,-1.49999999712452));
#8552=CARTESIAN_POINT('Ctrl Pts',(42.5196272281531,26.2841768409844,-1.49999999553356));
#8553=CARTESIAN_POINT('Ctrl Pts',(42.5558180905773,26.2413691984401,-1.49999999391872));
#8554=CARTESIAN_POINT('Ctrl Pts',(42.5900246914299,26.197246424951,-1.4999999917447));
#8555=CARTESIAN_POINT('Ctrl Pts',(42.622281994651,26.1518281917077,-1.49999999010034));
#8556=CARTESIAN_POINT('Ctrl Pts',(42.6545499272664,26.1063949922937,-1.49999998845544));
#8557=CARTESIAN_POINT('Ctrl Pts',(42.6848677677932,26.0596647572955,-1.49999998748021));
#8558=CARTESIAN_POINT('Ctrl Pts',(42.7132289981902,26.0116256945617,-1.49999998837626));
#8559=CARTESIAN_POINT('Ctrl Pts',(42.741300149141,25.9640779766858,-1.49999998926314));
#8560=CARTESIAN_POINT('Ctrl Pts',(42.7674548448943,25.9152472937803,-1.49999999225515));
#8561=CARTESIAN_POINT('Ctrl Pts',(42.7916400906832,25.8651025683636,-1.49999999554709));
#8562=CARTESIAN_POINT('Ctrl Pts',(42.805138215932,25.8371160930493,-1.49999999738437));
#8563=CARTESIAN_POINT('Ctrl Pts',(42.8180220080426,25.8087200161573,-1.49999999924314));
#8564=CARTESIAN_POINT('Ctrl Pts',(42.8302752768221,25.7799076196024,-1.49999999982698));
#8565=CARTESIAN_POINT('Ctrl Pts',(42.8342431444483,25.7705775561245,-1.50000000001603));
#8566=CARTESIAN_POINT('Ctrl Pts',(42.8383359717454,25.7607550596003,-1.49999999999329));
#8567=CARTESIAN_POINT('Ctrl Pts',(42.8422156796074,25.7512392940284,-1.49999999999601));
#8568=CARTESIAN_POINT('Ctrl Pts',(42.8448812776715,25.7447013774662,-1.49999999999789));
#8569=CARTESIAN_POINT('Ctrl Pts',(42.8474473898654,25.7383087445088,-1.49999999999724));
#8570=CARTESIAN_POINT('Ctrl Pts',(42.8498176229308,25.7323259282539,-1.4999999999851));
#8571=CARTESIAN_POINT('Ctrl Pts',(42.8704428249762,25.6802648900954,-1.4999999998795));
#8572=CARTESIAN_POINT('Ctrl Pts',(42.8887080113623,25.6277367965411,-1.4999999993873));
#8573=CARTESIAN_POINT('Ctrl Pts',(42.9046946637774,25.5747710662792,-1.4999999992021));
#8574=CARTESIAN_POINT('Ctrl Pts',(42.9208990102145,25.5210840891573,-1.49999999901437));
#8575=CARTESIAN_POINT('Ctrl Pts',(42.9347627124233,25.4669466952866,-1.49999999907111));
#8576=CARTESIAN_POINT('Ctrl Pts',(42.9463239934868,25.412363784029,-1.49999999923807));
#8577=CARTESIAN_POINT('Ctrl Pts',(42.9578803430909,25.3578041550886,-1.49999999940496));
#8578=CARTESIAN_POINT('Ctrl Pts',(42.9671364220078,25.3027985373334,-1.49999999964567));
#8579=CARTESIAN_POINT('Ctrl Pts',(42.9740801224362,25.2473386563522,-1.49999999979047));
#8580=CARTESIAN_POINT('Ctrl Pts',(42.9809473513326,25.1924895595069,-1.49999999993368));
#8581=CARTESIAN_POINT('Ctrl Pts',(42.985552876735,25.137195311373,-1.49999999998506));
#8582=CARTESIAN_POINT('Ctrl Pts',(42.9878343879805,25.0814475976134,-1.49999999999583));
#8583=CARTESIAN_POINT('Ctrl Pts',(42.9889411215816,25.0544050537178,-1.50000000000106));
#8584=CARTESIAN_POINT('Ctrl Pts',(42.9895002248572,25.0272558775739,-1.5));
#8585=CARTESIAN_POINT('Ctrl Pts',(42.9895002248572,25.,-1.5));
#8586=CARTESIAN_POINT('Origin',(3.8,34.2,15.4999999999745));
#8587=CARTESIAN_POINT('Origin',(3.8,34.2,13.5000000000218));
#8588=CARTESIAN_POINT('',(0.799999999998972,34.2,15.4999999999745));
#8589=CARTESIAN_POINT('',(0.799999999998972,34.2,15.4999999999745));
#8590=CARTESIAN_POINT('Origin',(3.8,34.2,15.4999999999745));
#8591=CARTESIAN_POINT('Origin',(38.2,3.8,15.4999999999745));
#8592=CARTESIAN_POINT('Origin',(38.2,3.8,13.5000000000218));
#8593=CARTESIAN_POINT('',(35.2000000000001,3.8,15.4999999999745));
#8594=CARTESIAN_POINT('',(35.2000000000001,3.8,15.4999999999745));
#8595=CARTESIAN_POINT('Origin',(38.2,3.8,15.4999999999745));
#8596=CARTESIAN_POINT('Origin',(41.,25.,15.4999999999745));
#8597=CARTESIAN_POINT('Origin',(41.,25.,13.5000000000218));
#8598=CARTESIAN_POINT('',(38.0000000000004,25.,15.4999999999745));
#8599=CARTESIAN_POINT('',(38.0000000000004,25.,15.4999999999745));
#8600=CARTESIAN_POINT('Origin',(41.,25.,15.4999999999745));
#8601=CARTESIAN_POINT('Origin',(3.8,34.2,13.5000000000218));
#8602=CARTESIAN_POINT('',(2.09291462516509,34.2,13.5000000000218));
#8603=CARTESIAN_POINT('Origin',(18.5,37.7491629515134,7.));
#8604=CARTESIAN_POINT('',(18.5,37.7566232122522,13.5933767877517));
#8605=CARTESIAN_POINT('Origin',(18.5000000000001,37.8474222265188,7.09079901426252));
#8606=CARTESIAN_POINT('',(18.5,39.0000000000441,12.3500000000163));
#8607=CARTESIAN_POINT('',(18.5,37.7491629515134,13.6008370484901));
#8608=CARTESIAN_POINT('Origin',(18.5,39.0000000000441,7.));
#8609=CARTESIAN_POINT('Origin',(3.8,34.2,-1.13686837721616E-10));
#8610=CARTESIAN_POINT('',(1.29999999999933,34.2,1.51720277266759E-18));
#8611=CARTESIAN_POINT('Origin',(3.8,34.2,0.));
#8612=CARTESIAN_POINT('',(1.30000000000052,34.2,-1.13686837721616E-10));
#8613=CARTESIAN_POINT('Origin',(38.2,3.8,-1.13686837721616E-10));
#8614=CARTESIAN_POINT('',(35.7000000000021,3.8,-1.13686837721616E-10));
#8615=CARTESIAN_POINT('Origin',(2.5,-4.75,3.99999999984857));
#8616=CARTESIAN_POINT('',(0.976180895805629,-4.75,4.0000000000191));
#8617=CARTESIAN_POINT('',(0.976180895807415,-4.75,3.99999999984857));
#8618=CARTESIAN_POINT('Origin',(2.5,-4.75,4.0000000000191));
#8619=CARTESIAN_POINT('Origin',(14.5,-4.75,3.99999999984857));
#8620=CARTESIAN_POINT('',(12.9761808958061,-4.75,4.0000000000191));
#8621=CARTESIAN_POINT('',(12.9761808958079,-4.75,3.99999999984857));
#8622=CARTESIAN_POINT('Origin',(14.5,-4.75,4.0000000000191));
#8623=CARTESIAN_POINT('Origin',(-0.500000000000001,-6.75,1.13686837721616E-10));
#8624=CARTESIAN_POINT('',(0.249999999999164,-6.75,1.50000000002137));
#8625=CARTESIAN_POINT('Origin',(-0.500000000000001,-6.75,1.50000000002137));
#8626=CARTESIAN_POINT('',(0.265708537482089,-6.75,1.13686837721616E-10));
#8627=CARTESIAN_POINT('Origin',(30.,5.,6.5));
#8628=CARTESIAN_POINT('',(33.25,5.03924965369443,6.5));
#8629=CARTESIAN_POINT('',(26.75,5.03924965369443,6.5));
#8630=CARTESIAN_POINT('Origin',(30.0000000000003,5.03924965369444,6.50000000000037));
#8631=CARTESIAN_POINT('',(33.25,2.40923698058032,6.5));
#8632=CARTESIAN_POINT('',(33.25,0.,6.5));
#8633=CARTESIAN_POINT('',(26.75,2.40923698058032,6.5));
#8634=CARTESIAN_POINT('Origin',(30.0000000000005,2.40923698058033,6.50000000000048));
#8635=CARTESIAN_POINT('',(26.75,5.,6.5));
#8636=CARTESIAN_POINT('Origin',(45.2788274069565,33.9977523855649,14.5148804493395));
#8637=CARTESIAN_POINT('',(45.3249507977477,34.4705135703772,3.00000047683716));
#8638=CARTESIAN_POINT('',(45.6396354078335,34.3066991310508,3.00000047683716));
#8639=CARTESIAN_POINT('Origin',(45.4396159107348,34.3066242275456,3.00000047683716));
#8640=CARTESIAN_POINT('',(45.3668414287536,34.550984723827,-3.46944695195361E-15));
#8641=CARTESIAN_POINT('',(45.5,34.0384620083104,13.));
#8642=CARTESIAN_POINT('Origin',(40.181157231202,30.43116949143,14.3480299226305));
#8643=CARTESIAN_POINT('',(40.224950804406,30.8994551382982,3.));
#8644=CARTESIAN_POINT('',(40.224950804406,30.8994551382982,3.));
#8645=CARTESIAN_POINT('',(40.2249930957332,30.899484742876,3.));
#8646=CARTESIAN_POINT('',(-1.28439130355538,1.83430088004952,3.00000047683716));
#8647=CARTESIAN_POINT('',(40.5396354144918,30.7356406989718,3.));
#8648=CARTESIAN_POINT('Origin',(40.3396159173932,30.7355657954666,3.));
#8649=CARTESIAN_POINT('',(40.3811377360039,30.43116949143,14.3508223586983));
#8650=CARTESIAN_POINT('Origin',(18.5,31.5,7.));
#8651=CARTESIAN_POINT('',(22.65,31.5,7.));
#8652=CARTESIAN_POINT('Origin',(18.5,31.5,7.));
#8653=CARTESIAN_POINT('',(22.65,39.,7.));
#8654=CARTESIAN_POINT('',(22.65,31.5,7.));
#8655=CARTESIAN_POINT('Origin',(18.5,39.,7.));
#8656=CARTESIAN_POINT('Origin',(41.,25.,-1.13686837721616E-10));
#8657=CARTESIAN_POINT('',(38.5000000000006,25.,4.22060270787923E-17));
#8658=CARTESIAN_POINT('Origin',(41.,25.,0.));
#8659=CARTESIAN_POINT('',(38.5000000000018,25.,-1.13686837721616E-10));
#8660=CARTESIAN_POINT('Origin',(41.,25.,11.4999999999554));
#8661=CARTESIAN_POINT('',(40.5396354144919,28.1771851095424,2.99999999999295));
#8662=CARTESIAN_POINT('',(40.5396354144919,21.8228148904576,2.99999999999295));
#8663=CARTESIAN_POINT('Origin',(41.,25.,2.9999999999859));
#8664=CARTESIAN_POINT('Ctrl Pts',(40.4230398334038,21.7234498449663,11.3500007152484));
#8665=CARTESIAN_POINT('Ctrl Pts',(40.4529001112839,21.7485114891044,9.2115548210738));
#8666=CARTESIAN_POINT('Ctrl Pts',(40.4827603424557,21.773860447895,7.07311227191653));
#8667=CARTESIAN_POINT('Ctrl Pts',(40.5126205217177,21.7995176722006,4.93467344028934));
#8668=CARTESIAN_POINT('Ctrl Pts',(40.5216254907181,21.807255151185,4.2897819539004));
#8669=CARTESIAN_POINT('Ctrl Pts',(40.5306304550284,21.815020683425,3.64489080339452));
#8670=CARTESIAN_POINT('Ctrl Pts',(40.5396354144919,21.8228148904576,2.99999999999295));
#8671=CARTESIAN_POINT('',(37.8315260388389,25.,-2.22044604925031E-15));
#8672=CARTESIAN_POINT('',(37.6709453121737,25.,11.4999999999554));
#8673=CARTESIAN_POINT('Origin',(41.,25.,0.));
#8674=CARTESIAN_POINT('Ctrl Pts',(40.4230398334038,28.2765501550338,11.3500007152523));
#8675=CARTESIAN_POINT('Ctrl Pts',(40.4529001112838,28.2514885108957,9.21155482108104));
#8676=CARTESIAN_POINT('Ctrl Pts',(40.4827603424557,28.2261395521051,7.07311227192254));
#8677=CARTESIAN_POINT('Ctrl Pts',(40.5126205217176,28.2004823277994,4.93467344029412));
#8678=CARTESIAN_POINT('Ctrl Pts',(40.5216254907181,28.192744848815,4.28978195390171));
#8679=CARTESIAN_POINT('Ctrl Pts',(40.5306304550285,28.1849793165749,3.64489080339235));
#8680=CARTESIAN_POINT('Ctrl Pts',(40.5396354144919,28.1771851095424,2.99999999999295));
#8681=CARTESIAN_POINT('Origin',(18.5,31.4999999999372,7.));
#8682=CARTESIAN_POINT('',(18.5,30.5000000000177,4.89999999995371));
#8683=CARTESIAN_POINT('',(20.6,30.5000000000177,7.));
#8684=CARTESIAN_POINT('Origin',(18.5,30.5000000000177,7.));
#8685=CARTESIAN_POINT('',(18.5,31.4999999999372,3.9000000000342));
#8686=CARTESIAN_POINT('',(18.5,31.4999999999372,3.9000000000342));
#8687=CARTESIAN_POINT('Origin',(18.5,31.4999999999372,7.));
#8688=CARTESIAN_POINT('Origin',(18.5,30.5000000000177,7.));
#8689=CARTESIAN_POINT('Origin',(18.5,25.4999999999654,7.));
#8690=CARTESIAN_POINT('',(20.2499999999068,25.5000000000223,7.));
#8691=CARTESIAN_POINT('',(20.2499999998499,25.4999999999654,7.));
#8692=CARTESIAN_POINT('Origin',(18.5,25.5000000000223,7.));
#8693=CARTESIAN_POINT('Origin',(18.5,25.5,7.));
#8694=CARTESIAN_POINT('',(20.6,25.5,7.));
#8695=CARTESIAN_POINT('Origin',(18.5,25.5,7.));
#8696=CARTESIAN_POINT('',(20.6,25.5,7.));
#8697=CARTESIAN_POINT('Ctrl Pts',(40.1324883332922,43.9115710984681,15.2043918832639));
#8698=CARTESIAN_POINT('Ctrl Pts',(40.1337898035139,43.9074433622774,15.5));
#8699=CARTESIAN_POINT('Ctrl Pts',(40.2226904056163,43.6254866747225,15.5));
#8700=CARTESIAN_POINT('Ctrl Pts',(39.9382650586745,43.850332735209,15.204391883264));
#8701=CARTESIAN_POINT('Ctrl Pts',(39.9399877333133,43.8463378042501,15.5));
#8702=CARTESIAN_POINT('Ctrl Pts',(40.0576006205832,43.5734340654357,15.5));
#8703=CARTESIAN_POINT('Ctrl Pts',(39.753621007935,43.7592773048398,15.2043231168662));
#8704=CARTESIAN_POINT('Ctrl Pts',(39.7556832929815,43.7555192567578,15.5));
#8705=CARTESIAN_POINT('Ctrl Pts',(39.9006534383401,43.4960361352937,15.5));
#8706=CARTESIAN_POINT('Ctrl Pts',(39.586799499556,43.6424699192349,15.2041886541017));
#8707=CARTESIAN_POINT('Ctrl Pts',(39.589168699465,43.6390863511072,15.5));
#8708=CARTESIAN_POINT('Ctrl Pts',(39.7588556574819,43.3967482602453,15.5));
#8709=CARTESIAN_POINT('',(39.586799499556,43.6424699192349,15.2041886541017));
#8710=CARTESIAN_POINT('',(39.7588556574819,43.3967482602453,15.5));
#8711=CARTESIAN_POINT('Origin',(39.7588556574819,43.3967482602453,15.2));
#8712=CARTESIAN_POINT('',(40.2226904056163,43.6254866747225,15.5));
#8713=CARTESIAN_POINT('Origin',(40.7351293668377,42.0017149734172,15.4999999999998));
#8714=CARTESIAN_POINT('',(40.1324883332922,43.9115710984681,15.2043918832639));
#8715=CARTESIAN_POINT('Origin',(40.2226904056163,43.6254866747225,15.2));
#8716=CARTESIAN_POINT('Origin',(40.7353623797595,42.001242468568,15.1756416145171));
#8717=CARTESIAN_POINT('Ctrl Pts',(40.7338405523953,44.0041305739896,15.2041886541017));
#8718=CARTESIAN_POINT('Ctrl Pts',(40.7338405523953,44.,15.5));
#8719=CARTESIAN_POINT('Ctrl Pts',(40.7338405523953,43.7041598167868,15.5));
#8720=CARTESIAN_POINT('Ctrl Pts',(40.5301904088005,44.0041286964132,15.2043231168662));
#8721=CARTESIAN_POINT('Ctrl Pts',(40.5306566116163,43.9998674055374,15.5));
#8722=CARTESIAN_POINT('Ctrl Pts',(40.560737424787,43.704159816779,15.5));
#8723=CARTESIAN_POINT('Ctrl Pts',(40.3267116079099,43.9728094617272,15.2043918832639));
#8724=CARTESIAN_POINT('Ctrl Pts',(40.3275918737193,43.9685489202864,15.5));
#8725=CARTESIAN_POINT('Ctrl Pts',(40.3877801906542,43.6775392839926,15.5));
#8726=CARTESIAN_POINT('Ctrl Pts',(40.1324883332922,43.9115710984681,15.2043918832639));
#8727=CARTESIAN_POINT('Ctrl Pts',(40.1337898035139,43.9074433622774,15.5));
#8728=CARTESIAN_POINT('Ctrl Pts',(40.2226904056163,43.6254866747225,15.5));
#8729=CARTESIAN_POINT('',(40.7338405523953,43.7041598167868,15.5));
#8730=CARTESIAN_POINT('Origin',(40.7342821688355,42.0014478529501,15.5));
#8731=CARTESIAN_POINT('',(40.7338405523953,44.0041305739896,15.2041886541017));
#8732=CARTESIAN_POINT('Origin',(40.7338405523953,43.7041598167868,15.2));
#8733=CARTESIAN_POINT('Origin',(40.7343623134771,42.0009271488809,15.1756416145171));
#8734=CARTESIAN_POINT('Origin',(0.,43.7041598167868,15.2));
#8735=CARTESIAN_POINT('',(42.4611176251933,43.7041598167868,15.5));
#8736=CARTESIAN_POINT('',(0.,43.7041598167868,15.5));
#8737=CARTESIAN_POINT('',(42.4611176251933,44.0041305739896,15.2041886541017));
#8738=CARTESIAN_POINT('Origin',(42.4611176251933,43.7041598167868,15.2));
#8739=CARTESIAN_POINT('',(0.,44.0041305739896,15.2041886541017));
#8740=CARTESIAN_POINT('Ctrl Pts',(43.3845224157534,43.7781696245964,15.2047220882896));
#8741=CARTESIAN_POINT('Ctrl Pts',(43.3823760525461,43.7740464992373,15.5));
#8742=CARTESIAN_POINT('Ctrl Pts',(43.2460149930542,43.5120993411385,15.5));
#8743=CARTESIAN_POINT('Ctrl Pts',(43.10038886681,43.9260801881327,15.2047220882901));
#8744=CARTESIAN_POINT('Ctrl Pts',(43.0989097185998,43.9216097326122,15.4999999999946));
#8745=CARTESIAN_POINT('Ctrl Pts',(43.0045014661866,43.6378233254745,15.5));
#8746=CARTESIAN_POINT('Ctrl Pts',(42.7814505991819,44.0041256980696,15.2045378434507));
#8747=CARTESIAN_POINT('Ctrl Pts',(42.7806004317607,43.9996557884061,15.5));
#8748=CARTESIAN_POINT('Ctrl Pts',(42.7334028279456,43.7041598167717,15.5));
#8749=CARTESIAN_POINT('Ctrl Pts',(42.4611176251933,44.0041305739896,15.2041886541017));
#8750=CARTESIAN_POINT('Ctrl Pts',(42.4611176251933,44.,15.5));
#8751=CARTESIAN_POINT('Ctrl Pts',(42.4611176251933,43.7041598167868,15.5));
#8752=CARTESIAN_POINT('',(43.2460149930542,43.5120993411385,15.5));
#8753=CARTESIAN_POINT('Origin',(42.5414816114724,42.3330427453472,15.5));
#8754=CARTESIAN_POINT('',(43.3845224157534,43.7781696245964,15.2047220882896));
#8755=CARTESIAN_POINT('Origin',(43.2460149930542,43.5120993411385,15.2));
#8756=CARTESIAN_POINT('Origin',(42.5561796870346,42.3927795177161,15.1808859439382));
#8757=CARTESIAN_POINT('Ctrl Pts',(44.0992620184572,43.1513665788103,15.2041886541017));
#8758=CARTESIAN_POINT('Ctrl Pts',(44.0958784503296,43.1489973789013,15.5));
#8759=CARTESIAN_POINT('Ctrl Pts',(43.8535403594676,42.9793104208844,15.5));
#8760=CARTESIAN_POINT('Ctrl Pts',(43.9155225786713,43.4137651925935,15.2045378434507));
#8761=CARTESIAN_POINT('Ctrl Pts',(43.9123486790333,43.4105049413577,15.5000000000068));
#8762=CARTESIAN_POINT('Ctrl Pts',(43.6973639831914,43.2023534013407,15.5));
#8763=CARTESIAN_POINT('Ctrl Pts',(43.6686559646968,43.6302590610602,15.2047220882901));
#8764=CARTESIAN_POINT('Ctrl Pts',(43.6658423864767,43.6264832658329,15.5));
#8765=CARTESIAN_POINT('Ctrl Pts',(43.4875285199094,43.3863753567807,15.5));
#8766=CARTESIAN_POINT('Ctrl Pts',(43.3845224157534,43.7781696245964,15.2047220882896));
#8767=CARTESIAN_POINT('Ctrl Pts',(43.3823760525461,43.7740464992373,15.5));
#8768=CARTESIAN_POINT('Ctrl Pts',(43.2460149930542,43.5120993411385,15.5));
#8769=CARTESIAN_POINT('',(43.8535403594676,42.9793104208844,15.5));
#8770=CARTESIAN_POINT('Origin',(42.6842921186971,42.2587003011789,15.5));
#8771=CARTESIAN_POINT('',(44.0992620184572,43.1513665788103,15.2041886541017));
#8772=CARTESIAN_POINT('Origin',(43.8535403594676,42.9793104208844,15.2));
#8773=CARTESIAN_POINT('Origin',(42.7247951479005,42.3050038644365,15.180885943936));
#8774=CARTESIAN_POINT('Origin',(49.6198376837613,34.744184390912,15.2));
#8775=CARTESIAN_POINT('',(47.3967482602453,37.9190851199159,15.5));
#8776=CARTESIAN_POINT('',(47.3967482602453,37.9190851199159,15.5));
#8777=CARTESIAN_POINT('',(47.6424699192349,38.0911412778418,15.2041886541017));
#8778=CARTESIAN_POINT('Origin',(47.3967482602453,37.9190851199159,15.2));
#8779=CARTESIAN_POINT('',(49.8655593427509,34.9162405488379,15.2041886541017));
#8780=CARTESIAN_POINT('Ctrl Pts',(47.9115710984681,37.5454524441056,15.2043918832639));
#8781=CARTESIAN_POINT('Ctrl Pts',(47.9074433622773,37.5441509738838,15.5));
#8782=CARTESIAN_POINT('Ctrl Pts',(47.6254866747225,37.4552503717815,15.5));
#8783=CARTESIAN_POINT('Ctrl Pts',(47.850332735209,37.7396757187234,15.204391883264));
#8784=CARTESIAN_POINT('Ctrl Pts',(47.8463378042491,37.7379530440852,15.4999999999989));
#8785=CARTESIAN_POINT('Ctrl Pts',(47.5734340654355,37.6203401568152,15.5));
#8786=CARTESIAN_POINT('Ctrl Pts',(47.7592773048399,37.9243197694627,15.2043231168662));
#8787=CARTESIAN_POINT('Ctrl Pts',(47.7555192567571,37.9222574844148,15.4999999999996));
#8788=CARTESIAN_POINT('Ctrl Pts',(47.4960361352928,37.7772873390565,15.5));
#8789=CARTESIAN_POINT('Ctrl Pts',(47.6424699192349,38.0911412778418,15.2041886541017));
#8790=CARTESIAN_POINT('Ctrl Pts',(47.6390863511072,38.0887720779328,15.5));
#8791=CARTESIAN_POINT('Ctrl Pts',(47.3967482602453,37.9190851199159,15.5));
#8792=CARTESIAN_POINT('',(47.6254866747225,37.4552503717815,15.5));
#8793=CARTESIAN_POINT('Origin',(46.0017149733817,36.9428114105426,15.5));
#8794=CARTESIAN_POINT('',(47.9115710984681,37.5454524441056,15.2043918832639));
#8795=CARTESIAN_POINT('Origin',(47.6254866747225,37.4552503717815,15.2));
#8796=CARTESIAN_POINT('Origin',(46.0012424685686,36.9425783976386,15.1756416145172));
#8797=CARTESIAN_POINT('Ctrl Pts',(48.0041305739896,36.9441002250025,15.2041886541017));
#8798=CARTESIAN_POINT('Ctrl Pts',(48.,36.9441002250025,15.5));
#8799=CARTESIAN_POINT('Ctrl Pts',(47.7041598167868,36.9441002250025,15.5));
#8800=CARTESIAN_POINT('Ctrl Pts',(48.0041286964132,37.1477503685974,15.2043231168662));
#8801=CARTESIAN_POINT('Ctrl Pts',(47.9998674055374,37.1472841657815,15.5000000000024));
#8802=CARTESIAN_POINT('Ctrl Pts',(47.704159816779,37.1172033526108,15.5));
#8803=CARTESIAN_POINT('Ctrl Pts',(47.9728094617272,37.3512291694878,15.2043918832639));
#8804=CARTESIAN_POINT('Ctrl Pts',(47.9685489202864,37.3503489036785,15.4999999999989));
#8805=CARTESIAN_POINT('Ctrl Pts',(47.6775392839926,37.2901605867436,15.5));
#8806=CARTESIAN_POINT('Ctrl Pts',(47.9115710984681,37.5454524441056,15.2043918832639));
#8807=CARTESIAN_POINT('Ctrl Pts',(47.9074433622773,37.5441509738838,15.5));
#8808=CARTESIAN_POINT('Ctrl Pts',(47.6254866747225,37.4552503717815,15.5));
#8809=CARTESIAN_POINT('',(47.7041598167868,36.9441002250025,15.5));
#8810=CARTESIAN_POINT('Origin',(46.0014478529497,36.9436586085623,15.5));
#8811=CARTESIAN_POINT('',(48.0041305739896,36.9441002250025,15.2041886541017));
#8812=CARTESIAN_POINT('Origin',(47.7041598167868,36.9441002250025,15.2));
#8813=CARTESIAN_POINT('Origin',(46.0009271488811,36.9435784639206,15.1756416145173));
#8814=CARTESIAN_POINT('Origin',(47.7041598167868,0.,15.2));
#8815=CARTESIAN_POINT('',(47.7041598167868,15.2650843758054,15.5));
#8816=CARTESIAN_POINT('',(47.7041598167868,0.,15.5));
#8817=CARTESIAN_POINT('',(48.0041305739896,15.2650843758054,15.2041886541017));
#8818=CARTESIAN_POINT('Origin',(47.7041598167868,15.2650843758054,15.2));
#8819=CARTESIAN_POINT('',(48.0041305739896,0.,15.2041886541017));
#8820=CARTESIAN_POINT('Ctrl Pts',(47.418401236476,13.8510086653003,15.2041886541017));
#8821=CARTESIAN_POINT('Ctrl Pts',(47.4154804795978,13.8539294221786,15.5));
#8822=CARTESIAN_POINT('Ctrl Pts',(47.2062898799003,14.0631200218761,15.5));
#8823=CARTESIAN_POINT('Ctrl Pts',(47.6035356127594,14.0361475262697,15.2044157563639));
#8824=CARTESIAN_POINT('Ctrl Pts',(47.6000072202214,14.0387728238195,15.5));
#8825=CARTESIAN_POINT('Ctrl Pts',(47.3636567984819,14.2204869404739,15.5));
#8826=CARTESIAN_POINT('Ctrl Pts',(47.7517249015663,14.2579473912764,15.2045336907113));
#8827=CARTESIAN_POINT('Ctrl Pts',(47.7478228482676,14.2601964016193,15.5));
#8828=CARTESIAN_POINT('Ctrl Pts',(47.4896190904704,14.4090162426502,15.5));
#8829=CARTESIAN_POINT('Ctrl Pts',(47.9520768652398,14.741639819225,15.2045336907113));
#8830=CARTESIAN_POINT('Ctrl Pts',(47.9477274064253,14.7428086971093,15.5));
#8831=CARTESIAN_POINT('Ctrl Pts',(47.6599182595922,14.8201548064071,15.5));
#8832=CARTESIAN_POINT('Ctrl Pts',(48.0041274028378,15.0032616588521,15.2044157563639));
#8833=CARTESIAN_POINT('Ctrl Pts',(47.9997760868472,15.0039002434416,15.5000000000008));
#8834=CARTESIAN_POINT('Ctrl Pts',(47.704159816776,15.0425339452667,15.5));
#8835=CARTESIAN_POINT('Ctrl Pts',(48.0041305739896,15.2650843758054,15.2041886541017));
#8836=CARTESIAN_POINT('Ctrl Pts',(48.,15.2650843758054,15.5));
#8837=CARTESIAN_POINT('Ctrl Pts',(47.7041598167868,15.2650843758054,15.5));
#8838=CARTESIAN_POINT('',(47.2062898799003,14.0631200218761,15.5));
#8839=CARTESIAN_POINT('Ctrl Pts',(47.2062898799003,14.0631200218761,15.5));
#8840=CARTESIAN_POINT('Ctrl Pts',(47.2395253973825,14.0963555393584,15.5));
#8841=CARTESIAN_POINT('Ctrl Pts',(47.2711137546308,14.1307285120952,15.5000000000002));
#8842=CARTESIAN_POINT('Ctrl Pts',(47.3011190050581,14.1661698952485,15.4999999999998));
#8843=CARTESIAN_POINT('Ctrl Pts',(47.3317365286211,14.2023344787247,15.4999999999995));
#8844=CARTESIAN_POINT('Ctrl Pts',(47.3607061346016,14.2396120261448,15.5000000000001));
#8845=CARTESIAN_POINT('Ctrl Pts',(47.3880607599323,14.2779703394926,15.4999999999879));
#8846=CARTESIAN_POINT('Ctrl Pts',(47.415438594154,14.3163611977542,15.4999999999756));
#8847=CARTESIAN_POINT('Ctrl Pts',(47.4411990947387,14.355835261179,15.4999999999537));
#8848=CARTESIAN_POINT('Ctrl Pts',(47.465334248792,14.3963924796425,15.499999999859));
#8849=CARTESIAN_POINT('Ctrl Pts',(47.4891009793885,14.4363305916113,15.4999999997658));
#8850=CARTESIAN_POINT('Ctrl Pts',(47.5112919021547,14.4773196507735,15.4999999996063));
#8851=CARTESIAN_POINT('Ctrl Pts',(47.5318547042466,14.5193817607412,15.4999999992175));
#8852=CARTESIAN_POINT('Ctrl Pts',(47.5470764754148,14.5505185586307,15.4999999989296));
#8853=CARTESIAN_POINT('Ctrl Pts',(47.5614051947047,14.5822438619931,15.4999999985145));
#8854=CARTESIAN_POINT('Ctrl Pts',(47.5748018970813,14.614571763505,15.4999999978449));
#8855=CARTESIAN_POINT('Ctrl Pts',(47.5925098369728,14.6573032149244,15.4999999969597));
#8856=CARTESIAN_POINT('Ctrl Pts',(47.6083123238559,14.700429323275,15.4999999964458));
#8857=CARTESIAN_POINT('Ctrl Pts',(47.6222980430978,14.7439192202319,15.4999999964698));
#8858=CARTESIAN_POINT('Ctrl Pts',(47.6365656198262,14.788285579302,15.4999999964943));
#8859=CARTESIAN_POINT('Ctrl Pts',(47.6489426927702,14.8330311693082,15.4999999970142));
#8860=CARTESIAN_POINT('Ctrl Pts',(47.6594754167238,14.8781482188783,15.4999999976116));
#8861=CARTESIAN_POINT('Ctrl Pts',(47.6700157441161,14.9232978378695,15.4999999982095));
#8862=CARTESIAN_POINT('Ctrl Pts',(47.6787091898111,14.9688201483124,15.4999999988528));
#8863=CARTESIAN_POINT('Ctrl Pts',(47.6855519313001,15.0147220115511,15.4999999992715));
#8864=CARTESIAN_POINT('Ctrl Pts',(47.6922871936109,15.0599028926304,15.4999999996837));
#8865=CARTESIAN_POINT('Ctrl Pts',(47.6972294757108,15.1054521610506,15.4999999998831));
#8866=CARTESIAN_POINT('Ctrl Pts',(47.700325558566,15.151380451658,15.4999999999531));
#8867=CARTESIAN_POINT('Ctrl Pts',(47.7028632774237,15.1890257908248,15.5000000000105));
#8868=CARTESIAN_POINT('Ctrl Pts',(47.7041598167868,15.2269260085784,15.5));
#8869=CARTESIAN_POINT('Ctrl Pts',(47.7041598167868,15.2650843758054,15.5));
#8870=CARTESIAN_POINT('',(47.418401236476,13.8510086653003,15.2041886541018));
#8871=CARTESIAN_POINT('Origin',(47.2062898799003,14.0631200218761,15.2));
#8872=CARTESIAN_POINT('Ctrl Pts',(48.0041305739896,15.2650843758054,15.2041886541017));
#8873=CARTESIAN_POINT('Ctrl Pts',(48.0041283663189,15.0828104373538,15.2043467565928));
#8874=CARTESIAN_POINT('Ctrl Pts',(47.9788963521546,14.9005876722049,15.2044641939842));
#8875=CARTESIAN_POINT('Ctrl Pts',(47.9297474706598,14.7250732297822,15.2045209299933));
#8876=CARTESIAN_POINT('Ctrl Pts',(47.9083104260173,14.6485198917775,15.204545676281));
#8877=CARTESIAN_POINT('Ctrl Pts',(47.8823241184848,14.5732427894802,15.204558876784));
#8878=CARTESIAN_POINT('Ctrl Pts',(47.8519005307392,14.4997937513288,15.204558876784));
#8879=CARTESIAN_POINT('Ctrl Pts',(47.7821481309258,14.3313965616911,15.204558876784));
#8880=CARTESIAN_POINT('Ctrl Pts',(47.6891049096883,14.1726992863451,15.2044894801982));
#8881=CARTESIAN_POINT('Ctrl Pts',(47.5765321238232,14.0293519386476,15.2043706620907));
#8882=CARTESIAN_POINT('Ctrl Pts',(47.5274317625763,13.9668287763963,15.2043188377358));
#8883=CARTESIAN_POINT('Ctrl Pts',(47.4746166737532,13.9072254643374,15.2042576129479));
#8884=CARTESIAN_POINT('Ctrl Pts',(47.418401236476,13.8510086653003,15.2041886541018));
#8885=CARTESIAN_POINT('Origin',(16.5715849290123,-16.5715849290122,15.2));
#8886=CARTESIAN_POINT('',(42.0677183344245,8.92454847640026,15.5));
#8887=CARTESIAN_POINT('',(42.0677183344245,8.92454847640026,15.5));
#8888=CARTESIAN_POINT('',(42.2798296910003,8.71243711982451,15.2041886541017));
#8889=CARTESIAN_POINT('Origin',(42.0677183344245,8.92454847640026,15.2));
#8890=CARTESIAN_POINT('',(16.7836962855881,-16.7836962855879,15.2041886541017));
#8891=CARTESIAN_POINT('Ctrl Pts',(42.0677183344245,8.92454847640026,15.5));
#8892=CARTESIAN_POINT('Ctrl Pts',(42.276908934122,8.71535787670274,15.5));
#8893=CARTESIAN_POINT('Ctrl Pts',(42.2798296910003,8.71243711982451,15.2041886541017));
#8894=CARTESIAN_POINT('Ctrl Pts',(41.8548101465885,8.71164028855873,15.5));
#8895=CARTESIAN_POINT('Ctrl Pts',(42.0912990354669,8.53006463925671,15.5));
#8896=CARTESIAN_POINT('Ctrl Pts',(42.0946889607353,8.5273008742458,15.204415756378));
#8897=CARTESIAN_POINT('Ctrl Pts',(41.6843905819616,8.45657124380601,15.5));
#8898=CARTESIAN_POINT('Ctrl Pts',(41.9425943393888,8.30775140188156,15.5));
#8899=CARTESIAN_POINT('Ctrl Pts',(41.946496392665,8.3055023914825,15.2045336907113));
#8900=CARTESIAN_POINT('Ctrl Pts',(41.4539858177094,7.90032493711102,15.5));
#8901=CARTESIAN_POINT('Ctrl Pts',(41.7417949649125,7.82297882870685,15.5));
#8902=CARTESIAN_POINT('Ctrl Pts',(41.7461444237495,7.82180995087855,15.2045336907113));
#8903=CARTESIAN_POINT('Ctrl Pts',(41.3941295962881,7.59945905610161,15.5));
#8904=CARTESIAN_POINT('Ctrl Pts',(41.6897458662128,7.56062953201968,15.5));
#8905=CARTESIAN_POINT('Ctrl Pts',(41.6940971823347,7.56018676985574,15.204415756378));
#8906=CARTESIAN_POINT('Ctrl Pts',(41.3941295962839,7.29836140931946,15.5));
#8907=CARTESIAN_POINT('Ctrl Pts',(41.6899697794971,7.29836140931946,15.5));
#8908=CARTESIAN_POINT('Ctrl Pts',(41.6941003534867,7.29836140931946,15.2041886541017));
#8909=CARTESIAN_POINT('',(41.3941295962839,7.29836140931946,15.5));
#8910=CARTESIAN_POINT('',(41.6941003534867,7.29836140931946,15.2041886541022));
#8911=CARTESIAN_POINT('Origin',(41.3941295962839,7.29836140931946,15.2));
#8912=CARTESIAN_POINT('Ctrl Pts',(41.6941003534867,7.29836140931946,15.2041886541022));
#8913=CARTESIAN_POINT('Ctrl Pts',(41.6940971823347,7.56018676985574,15.204415756378));
#8914=CARTESIAN_POINT('Ctrl Pts',(41.7461444237495,7.82180995087855,15.2045336907113));
#8915=CARTESIAN_POINT('Ctrl Pts',(41.946496392665,8.3055023914825,15.2045336907113));
#8916=CARTESIAN_POINT('Ctrl Pts',(42.0946889607353,8.5273008742458,15.204415756378));
#8917=CARTESIAN_POINT('Ctrl Pts',(42.2798296910003,8.71243711982451,15.2041886541017));
#8918=CARTESIAN_POINT('Ctrl Pts',(41.3941295962839,7.29836140931946,15.5));
#8919=CARTESIAN_POINT('Ctrl Pts',(41.3941295962847,7.35707894980511,15.5));
#8920=CARTESIAN_POINT('Ctrl Pts',(41.3964042184712,7.41537379230037,15.5000000000155));
#8921=CARTESIAN_POINT('Ctrl Pts',(41.4008489459558,7.47324411918057,15.4999999999246));
#8922=CARTESIAN_POINT('Ctrl Pts',(41.4055055487049,7.53387306081402,15.4999999998294));
#8923=CARTESIAN_POINT('Ctrl Pts',(41.4125438495166,7.59403671242203,15.4999999995891));
#8924=CARTESIAN_POINT('Ctrl Pts',(41.4219030252697,7.65373881293085,15.4999999991527));
#8925=CARTESIAN_POINT('Ctrl Pts',(41.4310307592421,7.71196454833896,15.499999998727));
#8926=CARTESIAN_POINT('Ctrl Pts',(41.4423663840971,7.76975193393518,15.4999999981151));
#8927=CARTESIAN_POINT('Ctrl Pts',(41.4559063995612,7.82709987594616,15.4999999975579));
#8928=CARTESIAN_POINT('Ctrl Pts',(41.4699613936551,7.88662897976441,15.4999999969795));
#8929=CARTESIAN_POINT('Ctrl Pts',(41.4863914160341,7.94568542998602,15.4999999964874));
#8930=CARTESIAN_POINT('Ctrl Pts',(41.5052499050262,8.00425148594135,15.499999996468));
#8931=CARTESIAN_POINT('Ctrl Pts',(41.5229825426168,8.05932114957182,15.4999999964499));
#8932=CARTESIAN_POINT('Ctrl Pts',(41.5428628858716,8.11395765643363,15.4999999968937));
#8933=CARTESIAN_POINT('Ctrl Pts',(41.5649813600495,8.1681231133823,15.4999999976893));
#8934=CARTESIAN_POINT('Ctrl Pts',(41.5663856697593,8.17156209730671,15.4999999977398));
#8935=CARTESIAN_POINT('Ctrl Pts',(41.5677990162136,8.17499917296966,15.4999999977914));
#8936=CARTESIAN_POINT('Ctrl Pts',(41.5692214285619,8.1784343266694,15.499999997844));
#8937=CARTESIAN_POINT('Ctrl Pts',(41.5914220326375,8.23204922063381,15.499999998665));
#8938=CARTESIAN_POINT('Ctrl Pts',(41.6155109751496,8.28442080862235,15.4999999991073));
#8939=CARTESIAN_POINT('Ctrl Pts',(41.6413961988397,8.33559374449638,15.4999999993928));
#8940=CARTESIAN_POINT('Ctrl Pts',(41.6689141310851,8.38999440948713,15.4999999996964));
#8941=CARTESIAN_POINT('Ctrl Pts',(41.6984619963659,8.44304121921695,15.4999999998199));
#8942=CARTESIAN_POINT('Ctrl Pts',(41.7299891821132,8.49476917820654,15.4999999998919));
#8943=CARTESIAN_POINT('Ctrl Pts',(41.7602824435061,8.54447258641922,15.4999999999611));
#8944=CARTESIAN_POINT('Ctrl Pts',(41.7924038556295,8.59295875807331,15.4999999999793));
#8945=CARTESIAN_POINT('Ctrl Pts',(41.826355856,8.6402338299103,15.4999999999893));
#8946=CARTESIAN_POINT('Ctrl Pts',(41.8601123457506,8.68723667099499,15.4999999999993));
#8947=CARTESIAN_POINT('Ctrl Pts',(41.8956787776035,8.73304284083393,15.4999999999993));
#8948=CARTESIAN_POINT('Ctrl Pts',(41.9330975893382,8.77762631142797,15.4999999999998));
#8949=CARTESIAN_POINT('Ctrl Pts',(41.9698326857688,8.82139515430542,15.5000000000002));
#8950=CARTESIAN_POINT('Ctrl Pts',(42.0083534775844,8.86398601257089,15.5));
#8951=CARTESIAN_POINT('Ctrl Pts',(42.0487330696465,8.90533630756716,15.5));
#8952=CARTESIAN_POINT('Ctrl Pts',(42.0550163119433,8.91177059551405,15.5));
#8953=CARTESIAN_POINT('Ctrl Pts',(42.0613446202909,8.91817476226644,15.5));
#8954=CARTESIAN_POINT('Ctrl Pts',(42.0677183344245,8.92454847640026,15.5));
#8955=CARTESIAN_POINT('Origin',(41.3941295962839,0.,15.2));
#8956=CARTESIAN_POINT('',(41.3941295962839,2.33568324772341,15.5));
#8957=CARTESIAN_POINT('',(41.6941003534867,2.33568324772341,15.2041886541017));
#8958=CARTESIAN_POINT('Origin',(41.3941295962839,2.33568324772341,15.2));
#8959=CARTESIAN_POINT('',(41.6941003534867,0.,15.2041886541017));
#8960=CARTESIAN_POINT('',(41.3941295962839,0.,15.5));
#8961=CARTESIAN_POINT('Ctrl Pts',(39.6942953054681,0.335878199704798,15.2041886541017));
#8962=CARTESIAN_POINT('Ctrl Pts',(39.6942953054681,0.340008773694387,15.5));
#8963=CARTESIAN_POINT('Ctrl Pts',(39.6942953054681,0.63584895690759,15.5));
#8964=CARTESIAN_POINT('Ctrl Pts',(39.956127262152,0.335885854761985,15.2047368715588));
#8965=CARTESIAN_POINT('Ctrl Pts',(39.9553527386531,0.340549011304543,15.5));
#8966=CARTESIAN_POINT('Ctrl Pts',(39.9168589866093,0.635848956918931,15.5));
#8967=CARTESIAN_POINT('Ctrl Pts',(40.2177532594578,0.387938629374788,15.2051756837648));
#8968=CARTESIAN_POINT('Ctrl Pts',(40.2163392133571,0.392859345711386,15.5));
#8969=CARTESIAN_POINT('Ctrl Pts',(40.1392462814245,0.680088607061821,15.5));
#8970=CARTESIAN_POINT('Ctrl Pts',(40.7014449567766,0.588290567385868,15.2057689510871));
#8971=CARTESIAN_POINT('Ctrl Pts',(40.6985124772354,0.593201392617518,15.5));
#8972=CARTESIAN_POINT('Ctrl Pts',(40.5503912656414,0.850380712875502,15.5));
#8973=CARTESIAN_POINT('Ctrl Pts',(40.9232733058463,0.736510972231114,15.2059230741375));
#8974=CARTESIAN_POINT('Ctrl Pts',(40.9197045091124,0.741154886184299,15.5));
#8975=CARTESIAN_POINT('Ctrl Pts',(40.7389471916388,0.976366227705893,15.5));
#8976=CARTESIAN_POINT('Ctrl Pts',(41.2934675809604,1.10670524734526,15.2059230741375));
#8977=CARTESIAN_POINT('Ctrl Pts',(41.2888236670072,1.11027404407914,15.5));
#8978=CARTESIAN_POINT('Ctrl Pts',(41.0536123254856,1.29103136155274,15.5));
#8979=CARTESIAN_POINT('Ctrl Pts',(41.4416879858056,1.32853359641487,15.2057689510871));
#8980=CARTESIAN_POINT('Ctrl Pts',(41.4367771605743,1.33146607595582,15.5));
#8981=CARTESIAN_POINT('Ctrl Pts',(41.1795978403164,1.47958728754997,15.5));
#8982=CARTESIAN_POINT('Ctrl Pts',(41.6420399238167,1.81222529373378,15.2051756837648));
#8983=CARTESIAN_POINT('Ctrl Pts',(41.6371192074798,1.81363933983476,15.5));
#8984=CARTESIAN_POINT('Ctrl Pts',(41.3498899461293,1.89073227176715,15.5));
#8985=CARTESIAN_POINT('Ctrl Pts',(41.6940926984295,2.07385129103947,15.2047368715588));
#8986=CARTESIAN_POINT('Ctrl Pts',(41.6894295418885,2.0746258145382,15.5));
#8987=CARTESIAN_POINT('Ctrl Pts',(41.3941295962716,2.11311956658209,15.5));
#8988=CARTESIAN_POINT('Ctrl Pts',(41.6941003534867,2.33568324772341,15.2041886541017));
#8989=CARTESIAN_POINT('Ctrl Pts',(41.6899697794971,2.33568324772341,15.5));
#8990=CARTESIAN_POINT('Ctrl Pts',(41.3941295962839,2.33568324772341,15.5));
#8991=CARTESIAN_POINT('',(39.6942953054681,0.63584895690759,15.5));
#8992=CARTESIAN_POINT('Origin',(39.6942953054681,0.63584895690759,15.2));
#8993=CARTESIAN_POINT('Ctrl Pts',(39.6942953054681,0.335878199704783,15.2041886541007));
#8994=CARTESIAN_POINT('Ctrl Pts',(39.956127262152,0.335885854761985,15.2047368715588));
#8995=CARTESIAN_POINT('Ctrl Pts',(40.2177532594578,0.387938629374788,15.2051756837647));
#8996=CARTESIAN_POINT('Ctrl Pts',(40.7014449567766,0.588290567385868,15.2057689510871));
#8997=CARTESIAN_POINT('Ctrl Pts',(40.9232733058462,0.736510972231114,15.2059230741375));
#8998=CARTESIAN_POINT('Ctrl Pts',(41.2934675809604,1.10670524734526,15.2059230741375));
#8999=CARTESIAN_POINT('Ctrl Pts',(41.4416879858056,1.32853359641487,15.205768951087));
#9000=CARTESIAN_POINT('Ctrl Pts',(41.6420399238167,1.81222529373378,15.2051756837648));
#9001=CARTESIAN_POINT('Ctrl Pts',(41.6940926984295,2.07385129103947,15.2047368715588));
#9002=CARTESIAN_POINT('Ctrl Pts',(41.6941003534867,2.33568324772341,15.2041886541017));
#9003=CARTESIAN_POINT('Ctrl Pts',(39.6942953054681,0.63584895690759,15.5));
#9004=CARTESIAN_POINT('Ctrl Pts',(39.7405590832446,0.63584895690759,15.5));
#9005=CARTESIAN_POINT('Ctrl Pts',(39.7864730919766,0.637746859395694,15.5000000001123));
#9006=CARTESIAN_POINT('Ctrl Pts',(39.8320450142955,0.641460618103507,15.4999999992175));
#9007=CARTESIAN_POINT('Ctrl Pts',(39.8785128317828,0.645247385328696,15.499999998305));
#9008=CARTESIAN_POINT('Ctrl Pts',(39.9246256552453,0.650922171585546,15.4999999960687));
#9009=CARTESIAN_POINT('Ctrl Pts',(39.9703928662608,0.658451778075587,15.4999999934378));
#9010=CARTESIAN_POINT('Ctrl Pts',(40.0162110671502,0.665989773402897,15.4999999908041));
#9011=CARTESIAN_POINT('Ctrl Pts',(40.0616835747202,0.675386896511445,15.499999988062));
#9012=CARTESIAN_POINT('Ctrl Pts',(40.106810724116,0.686661172375166,15.4999999882129));
#9013=CARTESIAN_POINT('Ctrl Pts',(40.1513694021936,0.697793425032256,15.499999988362));
#9014=CARTESIAN_POINT('Ctrl Pts',(40.1955920063151,0.710756056171708,15.499999992135));
#9015=CARTESIAN_POINT('Ctrl Pts',(40.2394602149917,0.72561335354513,15.4999999962462));
#9016=CARTESIAN_POINT('Ctrl Pts',(40.2537518245925,0.730453639943631,15.4999999975855));
#9017=CARTESIAN_POINT('Ctrl Pts',(40.2680056306729,0.735495380067013,15.4999999988557));
#9018=CARTESIAN_POINT('Ctrl Pts',(40.2822203879029,0.740741837390296,15.4999999995302));
#9019=CARTESIAN_POINT('Ctrl Pts',(40.2901721913586,0.743676730811173,15.4999999999075));
#9020=CARTESIAN_POINT('Ctrl Pts',(40.2976953057684,0.746515232449588,15.4999999999618));
#9021=CARTESIAN_POINT('Ctrl Pts',(40.3055787046956,0.749553122417439,15.4999999999837));
#9022=CARTESIAN_POINT('Ctrl Pts',(40.3102176218821,0.751340742213473,15.4999999999966));
#9023=CARTESIAN_POINT('Ctrl Pts',(40.3149809916651,0.753198231667222,15.4999999999969));
#9024=CARTESIAN_POINT('Ctrl Pts',(40.3200265001413,0.755193745367886,15.4999999999905));
#9025=CARTESIAN_POINT('Ctrl Pts',(40.3283292041882,0.758477489663717,15.49999999998));
#9026=CARTESIAN_POINT('Ctrl Pts',(40.3365940510837,0.76182273466521,15.4999999999617));
#9027=CARTESIAN_POINT('Ctrl Pts',(40.3448210851739,0.765229078855079,15.4999999999392));
#9028=CARTESIAN_POINT('Ctrl Pts',(40.38865724621,0.78337912549577,15.4999999998192));
#9029=CARTESIAN_POINT('Ctrl Pts',(40.4314115835364,0.803256604007575,15.4999999996182));
#9030=CARTESIAN_POINT('Ctrl Pts',(40.4731093242403,0.824772227201044,15.4999999995221));
#9031=CARTESIAN_POINT('Ctrl Pts',(40.5156127805359,0.846703591697972,15.499999999424));
#9032=CARTESIAN_POINT('Ctrl Pts',(40.5570190418363,0.870337316986624,15.4999999994097));
#9033=CARTESIAN_POINT('Ctrl Pts',(40.5973380188627,0.895630085159893,15.4999999994201));
#9034=CARTESIAN_POINT('Ctrl Pts',(40.6376579250931,0.920923436238353,15.4999999994305));
#9035=CARTESIAN_POINT('Ctrl Pts',(40.6768910995092,0.94787631907469,15.4999999994603));
#9036=CARTESIAN_POINT('Ctrl Pts',(40.7150215991873,0.976490568612956,15.4999999994317));
#9037=CARTESIAN_POINT('Ctrl Pts',(40.7525244154736,1.00463378605477,15.4999999994036));
#9038=CARTESIAN_POINT('Ctrl Pts',(40.7889610731645,1.03438457617706,15.4999999993337));
#9039=CARTESIAN_POINT('Ctrl Pts',(40.8242832824182,1.06578179783426,15.4999999990559));
#9040=CARTESIAN_POINT('Ctrl Pts',(40.848838851508,1.08760876341548,15.4999999988628));
#9041=CARTESIAN_POINT('Ctrl Pts',(40.8728551536106,1.11023219239554,15.4999999985701));
#9042=CARTESIAN_POINT('Ctrl Pts',(40.8963042181084,1.13367433508312,15.4999999980058));
#9043=CARTESIAN_POINT('Ctrl Pts',(40.9289251701408,1.16628565790248,15.4999999972207));
#9044=CARTESIAN_POINT('Ctrl Pts',(40.9599447215312,1.19997323931571,15.4999999957093));
#9045=CARTESIAN_POINT('Ctrl Pts',(40.9894319546001,1.23467788283803,15.4999999934814));
#9046=CARTESIAN_POINT('Ctrl Pts',(41.0195477763282,1.27012233620579,15.4999999912061));
#9047=CARTESIAN_POINT('Ctrl Pts',(41.0480656968167,1.30662818627788,15.4999999881682));
#9048=CARTESIAN_POINT('Ctrl Pts',(41.0750234559003,1.34417301891974,15.4999999857749));
#9049=CARTESIAN_POINT('Ctrl Pts',(41.1020209124772,1.3817731393819,15.4999999833779));
#9050=CARTESIAN_POINT('Ctrl Pts',(41.1274539827268,1.4204159135803,15.4999999817924));
#9051=CARTESIAN_POINT('Ctrl Pts',(41.1513189978388,1.46011050845916,15.4999999826972));
#9052=CARTESIAN_POINT('Ctrl Pts',(41.1748472515261,1.49924496925631,15.4999999835893));
#9053=CARTESIAN_POINT('Ctrl Pts',(41.1968516787325,1.539402386397,15.4999999872202));
#9054=CARTESIAN_POINT('Ctrl Pts',(41.2172836613066,1.58061317142966,15.499999991845));
#9055=CARTESIAN_POINT('Ctrl Pts',(41.231676732743,1.60964362751851,15.499999995103));
#9056=CARTESIAN_POINT('Ctrl Pts',(41.2452885896309,1.63919725869414,15.4999999988167));
#9057=CARTESIAN_POINT('Ctrl Pts',(41.2580872084955,1.66928886368398,15.4999999997838));
#9058=CARTESIAN_POINT('Ctrl Pts',(41.260288044417,1.67446338180179,15.4999999999501));
#9059=CARTESIAN_POINT('Ctrl Pts',(41.2625349987363,1.67981546442245,15.4999999999718));
#9060=CARTESIAN_POINT('Ctrl Pts',(41.2647466795315,1.68515862559761,15.4999999999848));
#9061=CARTESIAN_POINT('Ctrl Pts',(41.2682841669105,1.69370477984458,15.5000000000057));
#9062=CARTESIAN_POINT('Ctrl Pts',(41.2717289230306,1.70222864265252,15.5000000000156));
#9063=CARTESIAN_POINT('Ctrl Pts',(41.2747885108245,1.70995058713436,15.4999999999323));
#9064=CARTESIAN_POINT('Ctrl Pts',(41.2918517638941,1.75301569974415,15.4999999994678));
#9065=CARTESIAN_POINT('Ctrl Pts',(41.3070044753044,1.79646224956407,15.4999999973273));
#9066=CARTESIAN_POINT('Ctrl Pts',(41.3203314653048,1.84026108673128,15.4999999964552));
#9067=CARTESIAN_POINT('Ctrl Pts',(41.3339023122293,1.88486135390744,15.4999999955671));
#9068=CARTESIAN_POINT('Ctrl Pts',(41.3455802407952,1.92982755775969,15.4999999957149));
#9069=CARTESIAN_POINT('Ctrl Pts',(41.355406740623,1.97515303481752,15.4999999964041));
#9070=CARTESIAN_POINT('Ctrl Pts',(41.3652317740894,2.02047174817126,15.4999999970932));
#9071=CARTESIAN_POINT('Ctrl Pts',(41.3732060682766,2.06615032208246,15.4999999981707));
#9072=CARTESIAN_POINT('Ctrl Pts',(41.379320941275,2.11219582264336,15.4999999988691));
#9073=CARTESIAN_POINT('Ctrl Pts',(41.3853386155078,2.1575094084412,15.4999999995564));
#9074=CARTESIAN_POINT('Ctrl Pts',(41.3895555644742,2.20317901017616,15.4999999998724));
#9075=CARTESIAN_POINT('Ctrl Pts',(41.391913735137,2.24921459825859,15.4999999999572));
#9076=CARTESIAN_POINT('Ctrl Pts',(41.3933828848101,2.27789495216468,15.50000000001));
#9077=CARTESIAN_POINT('Ctrl Pts',(41.3941295962839,2.30671738694413,15.5));
#9078=CARTESIAN_POINT('Ctrl Pts',(41.3941295962839,2.33568324772341,15.5));
#9079=CARTESIAN_POINT('Origin',(0.,0.63584895690759,15.2));
#9080=CARTESIAN_POINT('',(1.99567447402902,0.63584895690759,15.5));
#9081=CARTESIAN_POINT('Origin',(1.99567447402902,0.63584895690759,15.2));
#9082=CARTESIAN_POINT('',(0.,0.63584895690759,15.5));
#9083=CARTESIAN_POINT('Ctrl Pts',(0.581599336093795,0.921608109788183,15.2059230741375));
#9084=CARTESIAN_POINT('Ctrl Pts',(0.585705691437324,0.925714465131712,15.5));
#9085=CARTESIAN_POINT('Ctrl Pts',(0.793690020934928,1.13369879462932,15.5));
#9086=CARTESIAN_POINT('Ctrl Pts',(0.766729832940438,0.736477612941547,15.2059230741378));
#9087=CARTESIAN_POINT('Ctrl Pts',(0.770296985940389,0.7411231706469,15.5));
#9088=CARTESIAN_POINT('Ctrl Pts',(0.951050943262528,0.97633787231764,15.5));
#9089=CARTESIAN_POINT('Ctrl Pts',(0.988524822720331,0.588290567385956,15.2057689510871));
#9090=CARTESIAN_POINT('Ctrl Pts',(0.991457302261375,0.593201392617497,15.5));
#9091=CARTESIAN_POINT('Ctrl Pts',(1.13957851385553,0.850380712875477,15.5));
#9092=CARTESIAN_POINT('Ctrl Pts',(1.47221652003955,0.387938629374698,15.2051756837648));
#9093=CARTESIAN_POINT('Ctrl Pts',(1.47363056614042,0.392859345711413,15.5));
#9094=CARTESIAN_POINT('Ctrl Pts',(1.55072349807282,0.680088607061844,15.5));
#9095=CARTESIAN_POINT('Ctrl Pts',(1.73384251734496,0.335885854761984,15.2047368715588));
#9096=CARTESIAN_POINT('Ctrl Pts',(1.73461704084377,0.340549011304521,15.5));
#9097=CARTESIAN_POINT('Ctrl Pts',(1.77311079288766,0.635848956918883,15.5));
#9098=CARTESIAN_POINT('Ctrl Pts',(1.99567447402902,0.335878199704798,15.2041886541017));
#9099=CARTESIAN_POINT('Ctrl Pts',(1.99567447402902,0.340008773694387,15.5));
#9100=CARTESIAN_POINT('Ctrl Pts',(1.99567447402902,0.63584895690759,15.5));
#9101=CARTESIAN_POINT('',(0.793690020934929,1.13369879462931,15.5));
#9102=CARTESIAN_POINT('Ctrl Pts',(0.793690020934929,1.13369879462931,15.5));
#9103=CARTESIAN_POINT('Ctrl Pts',(0.826924138934596,1.10046467662965,15.5));
#9104=CARTESIAN_POINT('Ctrl Pts',(0.861295912055112,1.06887764840198,15.5000000000002));
#9105=CARTESIAN_POINT('Ctrl Pts',(0.896736289817454,1.03887366188547,15.4999999999998));
#9106=CARTESIAN_POINT('Ctrl Pts',(0.932900011780395,1.00825728884793,15.4999999999995));
#9107=CARTESIAN_POINT('Ctrl Pts',(0.970176909938397,0.979288780620037,15.5000000000001));
#9108=CARTESIAN_POINT('Ctrl Pts',(1.0085347823639,0.951935202483021,15.4999999999879));
#9109=CARTESIAN_POINT('Ctrl Pts',(1.04692538001769,0.924558287491467,15.4999999999757));
#9110=CARTESIAN_POINT('Ctrl Pts',(1.08639940164768,0.89879867073464,15.4999999999538));
#9111=CARTESIAN_POINT('Ctrl Pts',(1.12695679732987,0.874664364249401,15.4999999998592));
#9112=CARTESIAN_POINT('Ctrl Pts',(1.1668954131003,0.850898272334798,15.499999999766));
#9113=CARTESIAN_POINT('Ctrl Pts',(1.20788520572031,0.828707979039056,15.4999999996067));
#9114=CARTESIAN_POINT('Ctrl Pts',(1.24994828467547,0.80814579488078,15.4999999992179));
#9115=CARTESIAN_POINT('Ctrl Pts',(1.28108464886453,0.792925043799835,15.4999999989301));
#9116=CARTESIAN_POINT('Ctrl Pts',(1.312809604211,0.778597272321679,15.499999998515));
#9117=CARTESIAN_POINT('Ctrl Pts',(1.34513724629646,0.765201439295648,15.4999999978451));
#9118=CARTESIAN_POINT('Ctrl Pts',(1.38786997796817,0.747493975920899,15.4999999969596));
#9119=CARTESIAN_POINT('Ctrl Pts',(1.43099760082212,0.73169193589412,15.4999999964446));
#9120=CARTESIAN_POINT('Ctrl Pts',(1.47448923750133,0.717706641220947,15.4999999964679));
#9121=CARTESIAN_POINT('Ctrl Pts',(1.51885776769436,0.70343937016969,15.4999999964916));
#9122=CARTESIAN_POINT('Ctrl Pts',(1.56360576994176,0.691062613448151,15.4999999970112));
#9123=CARTESIAN_POINT('Ctrl Pts',(1.60872546776025,0.680530220022399,15.4999999976089));
#9124=CARTESIAN_POINT('Ctrl Pts',(1.65387798018774,0.669990166608025,15.499999998207));
#9125=CARTESIAN_POINT('Ctrl Pts',(1.69940342441014,0.661297029095991,15.4999999988509));
#9126=CARTESIAN_POINT('Ctrl Pts',(1.74530866229147,0.654454632236549,15.4999999992703));
#9127=CARTESIAN_POINT('Ctrl Pts',(1.79049318994259,0.647719660709015,15.499999999683));
#9128=CARTESIAN_POINT('Ctrl Pts',(1.8360463435971,0.642777730432726,15.4999999998828));
#9129=CARTESIAN_POINT('Ctrl Pts',(1.88197876442319,0.639682063119244,15.499999999953));
#9130=CARTESIAN_POINT('Ctrl Pts',(1.91962128324585,0.637145103102318,15.5000000000105));
#9131=CARTESIAN_POINT('Ctrl Pts',(1.95751876115166,0.63584895690759,15.5));
#9132=CARTESIAN_POINT('Ctrl Pts',(1.99567447402902,0.63584895690759,15.5));
#9133=CARTESIAN_POINT('',(0.5815993360938,0.921608109788185,15.2059230741378));
#9134=CARTESIAN_POINT('Origin',(0.793690020934929,1.13369879462932,15.2));
#9135=CARTESIAN_POINT('Origin',(1.99569041626888,2.33573534530474,15.1995261191672));
#9136=CARTESIAN_POINT('Ctrl Pts',(-0.00413057398958891,2.33568324772341,
15.2041886541017));
#9137=CARTESIAN_POINT('Ctrl Pts',(-3.25260651745651E-16,2.33568324772341,
15.5));
#9138=CARTESIAN_POINT('Ctrl Pts',(0.295840183213202,2.33568324772341,15.5));
#9139=CARTESIAN_POINT('Ctrl Pts',(-0.0041229189324035,2.07385129103939,
15.2047368715589));
#9140=CARTESIAN_POINT('Ctrl Pts',(0.000540237610181402,2.07462581453817,
15.5));
#9141=CARTESIAN_POINT('Ctrl Pts',(0.295840183224544,2.1131195665821,15.5));
#9142=CARTESIAN_POINT('Ctrl Pts',(0.0479298556803317,1.81222529373389,15.2051756837648));
#9143=CARTESIAN_POINT('Ctrl Pts',(0.052850572016967,1.81363933983482,15.5));
#9144=CARTESIAN_POINT('Ctrl Pts',(0.340079833367433,1.89073227176713,15.5));
#9145=CARTESIAN_POINT('Ctrl Pts',(0.24828179369155,1.32853359641476,15.2057689510871));
#9146=CARTESIAN_POINT('Ctrl Pts',(0.25319261892316,1.33146607595577,15.5));
#9147=CARTESIAN_POINT('Ctrl Pts',(0.510371939181115,1.47958728754999,15.5));
#9148=CARTESIAN_POINT('Ctrl Pts',(0.396468839247186,1.1067386066348,15.2059230741378));
#9149=CARTESIAN_POINT('Ctrl Pts',(0.401114396952528,1.11030575963484,15.5));
#9150=CARTESIAN_POINT('Ctrl Pts',(0.636329098623271,1.2910597169569,15.5));
#9151=CARTESIAN_POINT('Ctrl Pts',(0.581599336093801,0.921608109788178,15.2059230741375));
#9152=CARTESIAN_POINT('Ctrl Pts',(0.585705691437329,0.925714465131706,15.5));
#9153=CARTESIAN_POINT('Ctrl Pts',(0.793690020934932,1.13369879462931,15.5));
#9154=CARTESIAN_POINT('',(0.295840183213203,2.33568324772341,15.5));
#9155=CARTESIAN_POINT('Ctrl Pts',(0.295840183213202,2.33568324772341,15.5));
#9156=CARTESIAN_POINT('Ctrl Pts',(0.295840183213202,2.28867721491102,15.5));
#9157=CARTESIAN_POINT('Ctrl Pts',(0.297809212176886,2.24203184685308,15.5000000000002));
#9158=CARTESIAN_POINT('Ctrl Pts',(0.301653157232662,2.19575066223288,15.4999999999998));
#9159=CARTESIAN_POINT('Ctrl Pts',(0.305575509428727,2.14852545388639,15.4999999999995));
#9160=CARTESIAN_POINT('Ctrl Pts',(0.31145007996632,2.10167875684542,15.5000000000001));
#9161=CARTESIAN_POINT('Ctrl Pts',(0.319230815121058,2.05521004338402,15.4999999999879));
#9162=CARTESIAN_POINT('Ctrl Pts',(0.327018109042831,2.00870215914249,15.4999999999756));
#9163=CARTESIAN_POINT('Ctrl Pts',(0.336714935239691,1.96257219372581,15.4999999999536));
#9164=CARTESIAN_POINT('Ctrl Pts',(0.34832692691965,1.9168258500299,15.4999999998588));
#9165=CARTESIAN_POINT('Ctrl Pts',(0.359761576484251,1.87177815938029,15.4999999997655));
#9166=CARTESIAN_POINT('Ctrl Pts',(0.373053561501229,1.82710182310195,15.499999999606));
#9167=CARTESIAN_POINT('Ctrl Pts',(0.388255501886032,1.78281820973404,15.4999999992171));
#9168=CARTESIAN_POINT('Ctrl Pts',(0.399507966941714,1.75003951179493,15.4999999989293));
#9169=CARTESIAN_POINT('Ctrl Pts',(0.411807852573149,1.71747625257499,15.4999999985143));
#9170=CARTESIAN_POINT('Ctrl Pts',(0.425192665601265,1.68514601999085,15.4999999978451));
#9171=CARTESIAN_POINT('Ctrl Pts',(0.442886262564229,1.64240817196406,15.4999999969605));
#9172=CARTESIAN_POINT('Ctrl Pts',(0.462206232518022,1.60073882874752,15.4999999964476));
#9173=CARTESIAN_POINT('Ctrl Pts',(0.483068041019074,1.56009709715465,15.4999999964723));
#9174=CARTESIAN_POINT('Ctrl Pts',(0.504350091724126,1.51863667475373,15.4999999964975));
#9175=CARTESIAN_POINT('Ctrl Pts',(0.52723700902211,1.47824507294962,15.4999999970176));
#9176=CARTESIAN_POINT('Ctrl Pts',(0.551690663883023,1.43889514621586,15.4999999976148));
#9177=CARTESIAN_POINT('Ctrl Pts',(0.576161886208975,1.39951695056009,15.4999999982123));
#9178=CARTESIAN_POINT('Ctrl Pts',(0.60220249702828,1.36118134283769,15.4999999988548));
#9179=CARTESIAN_POINT('Ctrl Pts',(0.629820050688379,1.32388617488784,15.4999999992729));
#9180=CARTESIAN_POINT('Ctrl Pts',(0.657003749208543,1.28717689157168,15.4999999996844));
#9181=CARTESIAN_POINT('Ctrl Pts',(0.685715673749196,1.25147511583617,15.4999999998833));
#9182=CARTESIAN_POINT('Ctrl Pts',(0.716000972208168,1.21681096335767,15.4999999999532));
#9183=CARTESIAN_POINT('Ctrl Pts',(0.740825596046251,1.18839702690231,15.5000000000105));
#9184=CARTESIAN_POINT('Ctrl Pts',(0.766708125415674,1.16068069014857,15.5));
#9185=CARTESIAN_POINT('Ctrl Pts',(0.793690020934929,1.13369879462931,15.5));
#9186=CARTESIAN_POINT('',(-0.00413057398958889,2.33568324772341,15.2041886541017));
#9187=CARTESIAN_POINT('Origin',(0.295840183213202,2.33568324772341,15.2));
#9188=CARTESIAN_POINT('Origin',(1.99572657161035,2.33569918996326,15.1995261191672));
#9189=CARTESIAN_POINT('Origin',(0.295840183213203,0.,15.2));
#9190=CARTESIAN_POINT('',(0.295840183213203,35.734325525971,15.5));
#9191=CARTESIAN_POINT('',(-0.0041305739895887,35.734325525971,15.2041886541017));
#9192=CARTESIAN_POINT('Origin',(0.295840183213203,35.734325525971,15.2));
#9193=CARTESIAN_POINT('',(-0.00413057398958847,0.,15.2041886541017));
#9194=CARTESIAN_POINT('',(0.295840183213203,0.,15.5));
#9195=CARTESIAN_POINT('Ctrl Pts',(0.581599336093794,37.1484006639062,15.2059230741375));
#9196=CARTESIAN_POINT('Ctrl Pts',(0.585705691437323,37.1442943085627,15.5));
#9197=CARTESIAN_POINT('Ctrl Pts',(0.793690020934927,36.9363099790651,15.5));
#9198=CARTESIAN_POINT('Ctrl Pts',(0.396468839247283,36.9632701670597,15.2059230741378));
#9199=CARTESIAN_POINT('Ctrl Pts',(0.401114396951959,36.9597030140604,15.5));
#9200=CARTESIAN_POINT('Ctrl Pts',(0.636329098623456,36.7789490567374,15.5));
#9201=CARTESIAN_POINT('Ctrl Pts',(0.248281793691476,36.7414751772794,15.2057689510871));
#9202=CARTESIAN_POINT('Ctrl Pts',(0.253192618923113,36.7385426977382,15.5));
#9203=CARTESIAN_POINT('Ctrl Pts',(0.51037193918109,36.5904214861443,15.5));
#9204=CARTESIAN_POINT('Ctrl Pts',(0.0479298556804057,36.2577834799607,15.2051756837648));
#9205=CARTESIAN_POINT('Ctrl Pts',(0.0528505720170173,36.2563694338599,15.5));
#9206=CARTESIAN_POINT('Ctrl Pts',(0.340079833367458,36.1792765019273,15.5));
#9207=CARTESIAN_POINT('Ctrl Pts',(-0.00412291893240254,35.9961574826548,
15.2047368715588));
#9208=CARTESIAN_POINT('Ctrl Pts',(0.000540237610035377,35.995382959156,
15.5));
#9209=CARTESIAN_POINT('Ctrl Pts',(0.295840183224447,35.9568892071122,15.5));
#9210=CARTESIAN_POINT('Ctrl Pts',(-0.00413057398958847,35.734325525971,
15.2041886541017));
#9211=CARTESIAN_POINT('Ctrl Pts',(1.0842021724855E-16,35.734325525971,15.5));
#9212=CARTESIAN_POINT('Ctrl Pts',(0.295840183213203,35.734325525971,15.5));
#9213=CARTESIAN_POINT('',(0.793690020934927,36.9363099790651,15.5));
#9214=CARTESIAN_POINT('Ctrl Pts',(0.793690020934927,36.9363099790651,15.5));
#9215=CARTESIAN_POINT('Ctrl Pts',(0.76045590294185,36.903075861072,15.5));
#9216=CARTESIAN_POINT('Ctrl Pts',(0.728868874720321,36.8687040879587,15.5000000000002));
#9217=CARTESIAN_POINT('Ctrl Pts',(0.698864888209401,36.8332637102041,15.4999999999998));
#9218=CARTESIAN_POINT('Ctrl Pts',(0.66824851517745,36.797099988249,15.4999999999995));
#9219=CARTESIAN_POINT('Ctrl Pts',(0.639280006954596,36.7598230900994,15.5000000000001));
#9220=CARTESIAN_POINT('Ctrl Pts',(0.611926428821987,36.7214652176827,15.4999999999879));
#9221=CARTESIAN_POINT('Ctrl Pts',(0.584549513834778,36.6830746200377,15.4999999999757));
#9222=CARTESIAN_POINT('Ctrl Pts',(0.558789897081669,36.643600598417,15.4999999999538));
#9223=CARTESIAN_POINT('Ctrl Pts',(0.534655590599431,36.6030432027445,15.4999999998592));
#9224=CARTESIAN_POINT('Ctrl Pts',(0.510889498687814,36.5631045869836,15.499999999766));
#9225=CARTESIAN_POINT('Ctrl Pts',(0.488699205394359,36.5221147943735,15.4999999996067));
#9226=CARTESIAN_POINT('Ctrl Pts',(0.46813702123758,36.4800517154286,15.4999999992179));
#9227=CARTESIAN_POINT('Ctrl Pts',(0.452916270137763,36.4489153512062,15.4999999989301));
#9228=CARTESIAN_POINT('Ctrl Pts',(0.438588498642643,36.417190395825,15.499999998515));
#9229=CARTESIAN_POINT('Ctrl Pts',(0.425192665601683,36.3848627537034,15.4999999978451));
#9230=CARTESIAN_POINT('Ctrl Pts',(0.407485202227187,36.3421300220321,15.4999999969596));
#9231=CARTESIAN_POINT('Ctrl Pts',(0.391683162200609,36.2990023991786,15.4999999964446));
#9232=CARTESIAN_POINT('Ctrl Pts',(0.377697867527581,36.2555107625,15.4999999964679));
#9233=CARTESIAN_POINT('Ctrl Pts',(0.363430596476347,36.2111422323072,15.4999999964916));
#9234=CARTESIAN_POINT('Ctrl Pts',(0.351053839754807,36.1663942300601,15.4999999970112));
#9235=CARTESIAN_POINT('Ctrl Pts',(0.340521446329024,36.121274532242,15.4999999976089));
#9236=CARTESIAN_POINT('Ctrl Pts',(0.329981392914568,36.0761220198147,15.499999998207));
#9237=CARTESIAN_POINT('Ctrl Pts',(0.321288255402442,36.0305965755926,15.4999999988509));
#9238=CARTESIAN_POINT('Ctrl Pts',(0.314445858542893,35.9846913377116,15.4999999992703));
#9239=CARTESIAN_POINT('Ctrl Pts',(0.307710887015214,35.9395068100606,15.499999999683));
#9240=CARTESIAN_POINT('Ctrl Pts',(0.302768956738788,35.8939536564063,15.4999999998828));
#9241=CARTESIAN_POINT('Ctrl Pts',(0.299673289425174,35.8480212355805,15.499999999953));
#9242=CARTESIAN_POINT('Ctrl Pts',(0.297136329408038,35.8103787167566,15.5000000000105));
#9243=CARTESIAN_POINT('Ctrl Pts',(0.295840183213203,35.7724812388495,15.5));
#9244=CARTESIAN_POINT('Ctrl Pts',(0.295840183213203,35.734325525971,15.5));
#9245=CARTESIAN_POINT('',(0.581599336093797,37.1484006639062,15.2059230741378));
#9246=CARTESIAN_POINT('Origin',(0.793690020934929,36.9363099790651,15.2));
#9247=CARTESIAN_POINT('Origin',(1.99572657161035,35.7343095837311,15.1995261191672));
#9248=CARTESIAN_POINT('Ctrl Pts',(1.99567447402902,37.7341305739896,15.2041886541017));
#9249=CARTESIAN_POINT('Ctrl Pts',(1.99567447402902,37.73,15.5));
#9250=CARTESIAN_POINT('Ctrl Pts',(1.99567447402902,37.4341598167868,15.5));
#9251=CARTESIAN_POINT('Ctrl Pts',(1.73384251734485,37.7341229189324,15.2047368715589));
#9252=CARTESIAN_POINT('Ctrl Pts',(1.73461704084376,37.7294597623914,15.5));
#9253=CARTESIAN_POINT('Ctrl Pts',(1.7731107928877,37.4341598167744,15.5));
#9254=CARTESIAN_POINT('Ctrl Pts',(1.47221652003971,37.6820701443198,15.2051756837647));
#9255=CARTESIAN_POINT('Ctrl Pts',(1.47363056614045,37.6771494279835,15.5));
#9256=CARTESIAN_POINT('Ctrl Pts',(1.55072349807276,37.3899201666329,15.5));
#9257=CARTESIAN_POINT('Ctrl Pts',(0.988524822720168,37.4817182063084,15.2057689510871));
#9258=CARTESIAN_POINT('Ctrl Pts',(0.991457302261359,37.4768073810764,15.5));
#9259=CARTESIAN_POINT('Ctrl Pts',(1.13957851385558,37.2196280608185,15.5));
#9260=CARTESIAN_POINT('Ctrl Pts',(0.766729832940513,37.3335311607529,15.2059230741378));
#9261=CARTESIAN_POINT('Ctrl Pts',(0.770296985941544,37.3288856030467,15.5));
#9262=CARTESIAN_POINT('Ctrl Pts',(0.951050943262721,37.0936709013768,15.5));
#9263=CARTESIAN_POINT('Ctrl Pts',(0.58159933609379,37.1484006639062,15.2059230741375));
#9264=CARTESIAN_POINT('Ctrl Pts',(0.585705691437319,37.1442943085627,15.5));
#9265=CARTESIAN_POINT('Ctrl Pts',(0.793690020934923,36.9363099790651,15.5));
#9266=CARTESIAN_POINT('',(1.99567447402902,37.4341598167868,15.5));
#9267=CARTESIAN_POINT('Ctrl Pts',(1.99567447402902,37.4341598167868,15.5));
#9268=CARTESIAN_POINT('Ctrl Pts',(1.9486684412045,37.4341598167868,15.5));
#9269=CARTESIAN_POINT('Ctrl Pts',(1.90202307313425,37.4321907878221,15.5000000000002));
#9270=CARTESIAN_POINT('Ctrl Pts',(1.85574188850176,37.4283468427643,15.4999999999998));
#9271=CARTESIAN_POINT('Ctrl Pts',(1.80851668014354,37.4244244905663,15.4999999999995));
#9272=CARTESIAN_POINT('Ctrl Pts',(1.76166998309084,37.4185499200257,15.5000000000001));
#9273=CARTESIAN_POINT('Ctrl Pts',(1.71520126961785,37.4107691848671,15.4999999999879));
#9274=CARTESIAN_POINT('Ctrl Pts',(1.66869338536535,37.4029818909415,15.4999999999756));
#9275=CARTESIAN_POINT('Ctrl Pts',(1.62256341993785,37.3932850647399,15.4999999999536));
#9276=CARTESIAN_POINT('Ctrl Pts',(1.57681707623139,37.3816730730542,15.4999999998588));
#9277=CARTESIAN_POINT('Ctrl Pts',(1.53176938557202,37.3702384234842,15.4999999997655));
#9278=CARTESIAN_POINT('Ctrl Pts',(1.48709304928419,37.356946438461,15.499999999606));
#9279=CARTESIAN_POINT('Ctrl Pts',(1.44280943590719,37.341744498069,15.4999999992171));
#9280=CARTESIAN_POINT('Ctrl Pts',(1.41003073801261,37.3304920330257,15.4999999989293));
#9281=CARTESIAN_POINT('Ctrl Pts',(1.37746747883675,37.3181921474093,15.4999999985143));
#9282=CARTESIAN_POINT('Ctrl Pts',(1.34513724629621,37.3048073343993,15.4999999978451));
#9283=CARTESIAN_POINT('Ctrl Pts',(1.30239939826876,37.2871137374362,15.4999999969605));
#9284=CARTESIAN_POINT('Ctrl Pts',(1.26073005505151,37.267793767482,15.4999999964476));
#9285=CARTESIAN_POINT('Ctrl Pts',(1.2200883234579,37.2469319589805,15.4999999964723));
#9286=CARTESIAN_POINT('Ctrl Pts',(1.1786279010567,37.2256499082752,15.4999999964975));
#9287=CARTESIAN_POINT('Ctrl Pts',(1.13823629925226,37.2027629909769,15.4999999970176));
#9288=CARTESIAN_POINT('Ctrl Pts',(1.09888637251811,37.1783093361156,15.4999999976148));
#9289=CARTESIAN_POINT('Ctrl Pts',(1.05950817686223,37.1538381137893,15.4999999982123));
#9290=CARTESIAN_POINT('Ctrl Pts',(1.02117256913966,37.1277975029697,15.4999999988548));
#9291=CARTESIAN_POINT('Ctrl Pts',(0.983877401189555,37.1001799493091,15.4999999992729));
#9292=CARTESIAN_POINT('Ctrl Pts',(0.947168117873448,37.0729962507887,15.4999999996844));
#9293=CARTESIAN_POINT('Ctrl Pts',(0.911466342137911,37.0442843262478,15.4999999998833));
#9294=CARTESIAN_POINT('Ctrl Pts',(0.876802189659297,37.0139990277885,15.4999999999532));
#9295=CARTESIAN_POINT('Ctrl Pts',(0.848388253205402,36.9891744039514,15.5000000000105));
#9296=CARTESIAN_POINT('Ctrl Pts',(0.820671916452992,36.9632918745831,15.5));
#9297=CARTESIAN_POINT('Ctrl Pts',(0.793690020934923,36.9363099790651,15.5));
#9298=CARTESIAN_POINT('',(1.99567447402902,37.7341305739896,15.2041886541017));
#9299=CARTESIAN_POINT('Origin',(1.99567447402902,37.4341598167868,15.2));
#9300=CARTESIAN_POINT('Origin',(1.99569041626886,35.7342734283897,15.1995261191672));
#9301=CARTESIAN_POINT('Origin',(-1.65283152365018E-14,37.4341598167868,
15.2));
#9302=CARTESIAN_POINT('',(30.5182803308536,37.4341598167868,15.5));
#9303=CARTESIAN_POINT('',(30.5182803308536,37.7341305739896,15.2041886541017));
#9304=CARTESIAN_POINT('Origin',(30.5182803308536,37.4341598167868,15.2));
#9305=CARTESIAN_POINT('',(-1.66607614102919E-14,37.7341305739896,15.2041886541017));
#9306=CARTESIAN_POINT('',(0.,37.4341598167868,15.5));
#9307=CARTESIAN_POINT('Ctrl Pts',(30.5182803308536,37.4341598167868,15.5));
#9308=CARTESIAN_POINT('Ctrl Pts',(30.5182803308536,37.73,15.5));
#9309=CARTESIAN_POINT('Ctrl Pts',(30.5182803308536,37.7341305739896,15.2041886541017));
#9310=CARTESIAN_POINT('Ctrl Pts',(30.7524786799667,37.4341598167909,15.5));
#9311=CARTESIAN_POINT('Ctrl Pts',(30.7223078158178,37.7298674047324,15.5));
#9312=CARTESIAN_POINT('Ctrl Pts',(30.721931664417,37.7341286964132,15.2043231168698));
#9313=CARTESIAN_POINT('Ctrl Pts',(30.9864796438028,37.4701758317412,15.5));
#9314=CARTESIAN_POINT('Ctrl Pts',(30.9262913956051,37.7611854897097,15.5));
#9315=CARTESIAN_POINT('Ctrl Pts',(30.9254110607674,37.7654460093677,15.2043918832636));
#9316=CARTESIAN_POINT('Ctrl Pts',(31.2098364117899,37.5405999501679,15.5));
#9317=CARTESIAN_POINT('Ctrl Pts',(31.1209358096876,37.8225566377227,15.5));
#9318=CARTESIAN_POINT('Ctrl Pts',(31.1196343394658,37.8266843739134,15.2043918832639));
#9319=CARTESIAN_POINT('',(31.1196343394658,37.8266843739134,15.204391883264));
#9320=CARTESIAN_POINT('Origin',(30.517782622044,39.7372530529583,15.1999937569929));
#9321=CARTESIAN_POINT('',(31.2098364117899,37.5405999501679,15.5));
#9322=CARTESIAN_POINT('Origin',(30.5973384765998,39.2199241448866,15.4999999999999));
#9323=CARTESIAN_POINT('Origin',(31.20983641179,37.5405999501679,15.2));
#9324=CARTESIAN_POINT('Ctrl Pts',(31.2098364117899,37.5405999501679,15.5));
#9325=CARTESIAN_POINT('Ctrl Pts',(31.1209358096876,37.8225566377227,15.5));
#9326=CARTESIAN_POINT('Ctrl Pts',(31.1196343394658,37.8266843739134,15.2043918832639));
#9327=CARTESIAN_POINT('Ctrl Pts',(31.433193179773,37.6110240686064,15.5));
#9328=CARTESIAN_POINT('Ctrl Pts',(31.3155802237641,37.88392778575,15.499999999999));
#9329=CARTESIAN_POINT('Ctrl Pts',(31.3138576181643,37.8879227384592,15.2043918832637));
#9330=CARTESIAN_POINT('Ctrl Pts',(31.6455334851715,37.7157389152754,15.5));
#9331=CARTESIAN_POINT('Ctrl Pts',(31.5006371057256,37.9752736871883,15.5));
#9332=CARTESIAN_POINT('Ctrl Pts',(31.4985010544159,37.9789800845603,15.2043231168698));
#9333=CARTESIAN_POINT('Ctrl Pts',(31.8373775416189,37.8500695697547,15.5));
#9334=CARTESIAN_POINT('Ctrl Pts',(31.667690583602,38.0924076606167,15.5));
#9335=CARTESIAN_POINT('Ctrl Pts',(31.6653213836929,38.0957912287443,15.2041886541017));
#9336=CARTESIAN_POINT('',(31.8373775416189,37.8500695697547,15.5));
#9337=CARTESIAN_POINT('',(31.6653213836929,38.0957912287443,15.2041886541017));
#9338=CARTESIAN_POINT('Origin',(31.8373775416189,37.8500695697547,15.2));
#9339=CARTESIAN_POINT('Origin',(30.5167852298202,39.7369385763981,15.1999937569893));
#9340=CARTESIAN_POINT('Origin',(30.7483445611115,39.2675361798263,15.5));
#9341=CARTESIAN_POINT('Origin',(-7.30953897960541,10.4391035239272,15.2));
#9342=CARTESIAN_POINT('',(39.7588556574819,43.3967482602453,15.5));
#9343=CARTESIAN_POINT('',(-7.48159513753131,10.6848251829168,15.2041886541017));
#9344=CARTESIAN_POINT('Origin',(3.8,34.2,13.5));
#9345=CARTESIAN_POINT('Origin',(38.2,3.8,13.5));
#9346=CARTESIAN_POINT('Origin',(41.,25.,13.5));
#9347=CARTESIAN_POINT('Origin',(0.,0.,15.5000002384186));
#9348=CARTESIAN_POINT('Origin',(49.8621757746233,34.9138713489289,15.5));
#9349=CARTESIAN_POINT('',(45.3508170289776,41.6428094754637,3.74999999999952));
#9350=CARTESIAN_POINT('',(45.3636761734039,41.7157373074645,-1.22876246215024E-15));
#9351=CARTESIAN_POINT('',(45.3508170289776,41.6428094754637,3.75));
#9352=CARTESIAN_POINT('',(44.209780651344,43.3636708972831,-8.77525411020893E-16));
#9353=CARTESIAN_POINT('',(50.0394688592392,35.0380133032494,-1.73472347597681E-15));
#9354=CARTESIAN_POINT('',(44.209780651344,43.363670897283,-1.73472347597681E-15));
#9355=CARTESIAN_POINT('',(47.6424699192349,38.0911412778418,15.2041886541017));
#9356=CARTESIAN_POINT('',(46.8421157634903,39.5130141603123,3.75000000000011));
#9357=CARTESIAN_POINT('',(46.9150435954911,39.500155015886,-1.73472347597681E-15));
#9358=CARTESIAN_POINT('Origin',(46.096466396234,40.577911817888,3.75));
#9359=CARTESIAN_POINT('Origin',(48.,0.,15.5));
#9360=CARTESIAN_POINT('',(48.0041305739896,15.2650843758054,15.2041886541017));
#9361=CARTESIAN_POINT('',(48.2164348924623,37.0110395194907,-1.73472347597681E-15));
#9362=CARTESIAN_POINT('Origin',(16.780818264872,-16.7808182648718,15.4956717240949));
#9363=CARTESIAN_POINT('',(42.2798296910003,8.71243711982451,15.2041886541017));
#9364=CARTESIAN_POINT('',(47.6307055549488,13.7630693372386,-5.20417042793042E-15));
#9365=CARTESIAN_POINT('Origin',(41.6900302175571,0.,15.4956717240949));
#9366=CARTESIAN_POINT('',(41.9064046719594,7.21042208125768,-1.73472347597681E-15));
#9367=CARTESIAN_POINT('',(41.6941003534867,2.33568324772341,15.2041886541017));
#9368=CARTESIAN_POINT('Origin',(39.6824464834891,2.34753206970237,16.0248185102809));
#9369=CARTESIAN_POINT('Origin',(0.,0.,15.5));
#9370=CARTESIAN_POINT('',(-0.179906910856494,2.1599069108565,2.61595396402555));
#9371=CARTESIAN_POINT('',(-0.179906910856498,2.1599069108565,2.61595396402528));
#9372=CARTESIAN_POINT('',(-0.216434892462316,35.9466298444437,-8.67361737988404E-16));
#9373=CARTESIAN_POINT('',(-0.00413057398958852,35.734325525971,15.2041886541017));
#9374=CARTESIAN_POINT('',(-0.216434892462316,26.4,-1.099993727255E-15));
#9375=CARTESIAN_POINT('',(-0.216434892462316,0.,-1.73472347597681E-15));
#9376=CARTESIAN_POINT('',(-0.258325516809861,26.3581093756525,-3.));
#9377=CARTESIAN_POINT('',(-0.216434892462316,26.4,-1.73472347597681E-15));
#9378=CARTESIAN_POINT('',(-0.258325516809861,11.6418906243475,-3.));
#9379=CARTESIAN_POINT('',(-0.258325516809861,0.,-3.));
#9380=CARTESIAN_POINT('',(-0.258325516809861,11.6418906243475,-3.));
#9381=CARTESIAN_POINT('',(-0.216434892462316,2.19643489246232,-1.73472347597681E-15));
#9382=CARTESIAN_POINT('Origin',(-1.66589376367829E-14,37.73,15.5));
#9383=CARTESIAN_POINT('',(30.4513410363654,37.9464348924623,-8.20435273306054E-16));
#9384=CARTESIAN_POINT('',(30.5182803308536,37.7341305739896,15.2041886541017));
#9385=CARTESIAN_POINT('',(1.78337015555629,37.9464348924623,-8.64406378906984E-16));
#9386=CARTESIAN_POINT('',(-1.66589376367829E-14,37.9464348924623,-1.73472347597681E-15));
#9387=CARTESIAN_POINT('',(1.78337015555629,37.9464348924623,-1.72373056022701E-15));
#9388=CARTESIAN_POINT('Origin',(-7.47922593762228,10.6814416147892,15.5));
#9389=CARTESIAN_POINT('',(39.5198602050677,43.8547742377076,-2.60208521396521E-15));
#9390=CARTESIAN_POINT('',(39.586799499556,43.6424699192349,15.2041886541017));
#9391=CARTESIAN_POINT('',(31.5983820892047,38.3080955472171,-2.59530954525531E-15));
#9392=CARTESIAN_POINT('',(-7.60336789194283,10.8587346994051,-5.20417042793042E-15));
#9393=CARTESIAN_POINT('',(31.5983820892047,38.3080955472171,-5.20417042793042E-15));
#9394=CARTESIAN_POINT('Origin',(42.8908416524684,34.0605981469667,9.00000000000301));
#9395=CARTESIAN_POINT('',(41.7887256618396,35.7304373998699,3.74999999999998));
#9396=CARTESIAN_POINT('',(41.8509292071077,35.7100690290314,0.));
#9397=CARTESIAN_POINT('',(42.9079985599249,34.0726115429001,7.));
#9398=CARTESIAN_POINT('',(38.7248756422571,40.1745361966419,1.97433813959182E-18));
#9399=CARTESIAN_POINT('',(38.7248756422571,40.1745361966419,0.));
#9400=CARTESIAN_POINT('',(40.0701312104801,38.2533121383255,0.));
#9401=CARTESIAN_POINT('',(42.9680477360226,34.114658428667,0.));
#9402=CARTESIAN_POINT('',(40.0679963527865,38.1878935327369,3.7500000000001));
#9403=CARTESIAN_POINT('',(40.0679963527865,38.1878935327369,3.75));
#9404=CARTESIAN_POINT('Origin',(40.928361007313,36.9591654663034,3.75));
#9405=CARTESIAN_POINT('Origin',(33.2023413848916,36.1882917236213,9.));
#9406=CARTESIAN_POINT('Origin',(0.,0.,0.));
#9407=CARTESIAN_POINT('',(42.5716362580801,44.2164348924623,0.));
#9408=CARTESIAN_POINT('Origin',(42.5716491831186,42.2166546732118,-2.9704863338957E-15));
#9409=CARTESIAN_POINT('',(43.2185708227307,40.2137183706691,-4.50763667331177E-17));
#9410=CARTESIAN_POINT('',(43.2185708227307,40.2137183706691,0.));
#9411=CARTESIAN_POINT('',(42.2494650907329,41.5977447901443,0.));
#9412=CARTESIAN_POINT('',(47.894363508566,33.5359943664541,0.));
#9413=CARTESIAN_POINT('',(40.7574281582457,41.5977447901443,-2.03902164300435E-15));
#9414=CARTESIAN_POINT('',(0.,41.5977447901443,-8.67361737988404E-16));
#9415=CARTESIAN_POINT('',(39.5505841671845,40.7527035301601,-8.77271349457233E-16));
#9416=CARTESIAN_POINT('',(-6.13576354132856,8.7627784713893,-2.60208521396521E-15));
#9417=CARTESIAN_POINT('',(40.8958397354075,38.8314794718437,0.));
#9418=CARTESIAN_POINT('',(40.8958397354075,38.8314794718437,0.));
#9419=CARTESIAN_POINT('',(40.0701312104801,38.2533121383255,0.));
#9420=CARTESIAN_POINT('',(32.3081921411193,35.6815260388394,0.));
#9421=CARTESIAN_POINT('',(0.,26.4,0.));
#9422=CARTESIAN_POINT('Origin',(1.78376007852407,35.9462399214759,0.));
#9423=CARTESIAN_POINT('Origin',(30.4513440188805,39.9462304811515,-2.7893769961941E-14));
#9424=CARTESIAN_POINT('',(40.6669012579071,44.2164348924623,0.));
#9425=CARTESIAN_POINT('Origin',(40.666898275392,42.2166393037731,-2.12492355943289E-14));
#9426=CARTESIAN_POINT('',(0.,44.2164348924623,0.));
#9427=CARTESIAN_POINT('Origin',(35.1845135709058,34.5242871583944,3.75000000000128));
#9428=CARTESIAN_POINT('',(43.2057116783044,40.1407905386684,3.75000000000056));
#9429=CARTESIAN_POINT('',(35.1845135709058,34.5242871583944,3.75));
#9430=CARTESIAN_POINT('',(43.2185708227307,40.2137183706691,-8.67361737988404E-16));
#9431=CARTESIAN_POINT('Origin',(35.9301629381621,33.4593895008187,3.75));
#9432=CARTESIAN_POINT('',(44.6970104128171,38.010995223517,3.75000000000046));
#9433=CARTESIAN_POINT('',(36.6758123054185,32.394491843243,3.75));
#9434=CARTESIAN_POINT('Origin',(43.9513610455608,39.0758928810927,3.74999999999998));
#9435=CARTESIAN_POINT('Origin',(-3.12442526374813,4.46214171263658,0.));
#9436=CARTESIAN_POINT('',(44.6970104128172,38.010995223517,3.75));
#9437=CARTESIAN_POINT('Origin',(46.0004332562992,36.942872997089,15.4550094588939));
#9438=CARTESIAN_POINT('Origin',(42.4567245030005,41.9958864167568,15.7806316915396));
#9439=CARTESIAN_POINT('',(42.4567245030005,43.9956914647755,15.8085560522179));
#9440=CARTESIAN_POINT('Origin',(45.9967573234334,15.2682192279392,15.7182616488332));
#9441=CARTESIAN_POINT('Origin',(43.6904247087602,7.29980315946095,15.481383069788));
#9442=CARTESIAN_POINT('Origin',(25.,-7.67272225197279,1.45));
#9443=CARTESIAN_POINT('',(24.8568527526339,-1.47495277397315,1.4349546180352));
#9444=CARTESIAN_POINT('',(24.8568527526339,-7.67272225197279,1.4349546180352));
#9445=CARTESIAN_POINT('',(18.9857239542103,-1.4857239542103,0.817874115530639));
#9446=CARTESIAN_POINT('',(18.9857239542103,-7.67272225197279,0.817874115530639));
#9447=CARTESIAN_POINT('',(24.8568527526339,-1.47495277397315,1.4349546180352));
#9448=CARTESIAN_POINT('Origin',(19.,-7.67272225197279,0.));
#9449=CARTESIAN_POINT('',(19.,-1.5,0.));
#9450=CARTESIAN_POINT('Origin',(14.,0.,0.));
#9451=CARTESIAN_POINT('',(14.0698202597129,-1.43017974028713,4.));
#9452=CARTESIAN_POINT('',(14.0698202597129,-1.43017974028713,4.));
#9453=CARTESIAN_POINT('',(14.0698202597129,0.,4.));
#9454=CARTESIAN_POINT('Origin',(0.,0.,4.));
#9455=CARTESIAN_POINT('',(-1.39999999999977,-7.55000000000005,4.0000000000191));
#9456=CARTESIAN_POINT('',(-0.500000000000101,-7.25,4.00000000000955));
#9457=CARTESIAN_POINT('Origin',(-1.,-7.25,4.0000000000191));
#9458=CARTESIAN_POINT('',(0.999999999999998,-8.7499999999999,4.00000000000955));
#9459=CARTESIAN_POINT('Origin',(0.999999999999998,-5.75,4.0000000000191));
#9460=CARTESIAN_POINT('',(23.550002741682,-8.75,4.));
#9461=CARTESIAN_POINT('',(0.,-8.75,4.));
#9462=CARTESIAN_POINT('',(23.550002741682,-1.43017974028713,4.));
#9463=CARTESIAN_POINT('',(23.550002741682,0.,4.));
#9464=CARTESIAN_POINT('',(0.,-1.43017974028713,4.));
#9465=CARTESIAN_POINT('',(-0.500000000000001,0.,4.));
#9466=CARTESIAN_POINT('Origin',(-0.500000000000002,-4.95635278850518E-17,
4.));
#9467=CARTESIAN_POINT('',(-0.562834149933737,-7.25,9.99999999999545));
#9468=CARTESIAN_POINT('',(-0.562834149933785,-4.95635278850518E-17,10.));
#9469=CARTESIAN_POINT('',(-0.500000000000001,-7.25,4.));
#9470=CARTESIAN_POINT('Origin',(0.,0.,10.));
#9471=CARTESIAN_POINT('',(-0.066140757599206,2.0567994779705,10.));
#9472=CARTESIAN_POINT('Origin',(1.92339549301588,2.26340426671027,10.));
#9473=CARTESIAN_POINT('',(-1.53720240339199,2.0567994779705,10.));
#9474=CARTESIAN_POINT('',(0.,2.0567994779705,10.));
#9475=CARTESIAN_POINT('',(-1.93716585006622,1.65681897304984,10.));
#9476=CARTESIAN_POINT('Origin',(-1.5371439166098,1.65676048377322,10.));
#9477=CARTESIAN_POINT('',(-1.93716585006627,-5.75,9.99999999999545));
#9478=CARTESIAN_POINT('',(-1.93716585006622,0.,10.));
#9479=CARTESIAN_POINT('',(-1.34973268005299,-7.51229951003986,9.99999999999091));
#9480=CARTESIAN_POINT('Origin',(0.999999999999998,-5.75,9.99999999999091));
#9481=CARTESIAN_POINT('Origin',(-1.,-7.25,9.99999999999091));
#9482=CARTESIAN_POINT('Origin',(1.99939773393265,2.33940650762704,15.4429058124954));
#9483=CARTESIAN_POINT('Origin',(1.820093098646,2.16010187234038,2.60199178368614));
#9484=CARTESIAN_POINT('Origin',(0.,1.98,15.5));
#9485=CARTESIAN_POINT('',(-1.64192598661496,2.19643489246232,-1.73472347597681E-15));
#9486=CARTESIAN_POINT('Origin',(0.,11.6,0.));
#9487=CARTESIAN_POINT('',(0.,11.6418906243475,-3.));
#9488=CARTESIAN_POINT('Origin',(0.,0.,-3.));
#9489=CARTESIAN_POINT('',(0.,26.3581093756525,-3.));
#9490=CARTESIAN_POINT('Origin',(0.,26.4,0.));
#9491=CARTESIAN_POINT('Origin',(2.0067690232525,35.7232309767475,15.9708012140074));
#9492=CARTESIAN_POINT('Origin',(30.5189912414312,39.7316809017153,15.3935849666586));
#9493=CARTESIAN_POINT('Origin',(40.7362564365411,41.9966633203712,15.7249936847217));
#9494=CARTESIAN_POINT('',(40.7362564365411,43.9964683683898,15.7529180454));
#9495=CARTESIAN_POINT('Origin',(3.8,34.2,-1.5));
#9496=CARTESIAN_POINT('Origin',(38.2,3.8,-1.5));
#9497=CARTESIAN_POINT('Origin',(41.,25.,-1.5));
#9498=CARTESIAN_POINT('Origin',(35.9301629381621,33.4593895008187,3.75));
#9499=CARTESIAN_POINT('',(40.9687675674083,38.8186203274174,3.75000000000019));
#9500=CARTESIAN_POINT('',(35.0697982836356,34.6881175672522,3.75));
#9501=CARTESIAN_POINT('',(42.6894968764614,36.3611641945504,3.75000000000072));
#9502=CARTESIAN_POINT('Origin',(41.8291322219348,37.5898922609839,3.74999999999999));
#9503=CARTESIAN_POINT('',(36.7905275926887,32.2306614343852,3.75));
#9504=CARTESIAN_POINT('Origin',(-3.00970997647792,4.29831130377878,0.));
#9505=CARTESIAN_POINT('',(42.6766377320351,36.2882363625496,5.42048244402314E-17));
#9506=CARTESIAN_POINT('Origin',(-1.89259144756308,2.70290070341438,7.));
#9507=CARTESIAN_POINT('',(36.6112284513172,29.5442412904875,0.));
#9508=CARTESIAN_POINT('Origin',(-6.07969943292573,8.68271062672402,7.));
#9509=CARTESIAN_POINT('Origin',(35.0697982836356,34.6881175672522,3.75000000000091));
#9510=CARTESIAN_POINT('',(40.9687675674082,38.8186203274174,3.75));
#9511=CARTESIAN_POINT('Origin',(0.,44.,15.5));
#9512=CARTESIAN_POINT('Origin',(45.7664155531783,32.0459891671736,7.));
#9513=CARTESIAN_POINT('',(39.6867161202526,40.7286997938976,7.));
#9514=CARTESIAN_POINT('',(43.8738241056152,34.748889870588,7.));
#9515=CARTESIAN_POINT('',(45.7664155531783,32.0459891671736,7.));
#9516=CARTESIAN_POINT('',(43.8738241056152,34.748889870588,7.));
#9517=CARTESIAN_POINT('',(39.5505841671845,40.7527035301601,0.));
#9518=CARTESIAN_POINT('Origin',(47.8142956639008,33.4799302580513,7.));
#9519=CARTESIAN_POINT('',(45.5,36.7850869974631,7.));
#9520=CARTESIAN_POINT('',(45.5977447901443,36.8159058114148,-8.67361737988404E-16));
#9521=CARTESIAN_POINT('',(42.1985823736206,41.5,7.));
#9522=CARTESIAN_POINT('',(47.8142956639008,33.4799302580513,7.));
#9523=CARTESIAN_POINT('',(42.1985823736206,41.5,7.));
#9524=CARTESIAN_POINT('Origin',(0.,-1.5,0.));
#9525=CARTESIAN_POINT('',(24.8195183199587,-1.41272467535891,5.));
#9526=CARTESIAN_POINT('',(23.5604751000043,-1.41272467535891,5.));
#9527=CARTESIAN_POINT('',(0.,-1.41272467535891,5.));
#9528=CARTESIAN_POINT('',(24.8195183199587,-1.41272467535891,5.));
#9529=CARTESIAN_POINT('',(23.550002741682,-1.43017974028713,4.));
#9530=CARTESIAN_POINT('Origin',(-2.,-1.98254111540207E-16,4.));
#9531=CARTESIAN_POINT('',(-2.,-5.75,4.));
#9532=CARTESIAN_POINT('',(-1.93716585006622,1.65681897304984,10.));
#9533=CARTESIAN_POINT('Origin',(0.,2.5,13.));
#9534=CARTESIAN_POINT('Ctrl Pts',(35.1474224744735,2.47696016659631,11.3500007152523));
#9535=CARTESIAN_POINT('Ctrl Pts',(35.2313585992208,2.42185876272935,7.40390981363609));
#9536=CARTESIAN_POINT('Ctrl Pts',(35.3152947239674,2.36903002758415,3.62057624188729));
#9537=CARTESIAN_POINT('Ctrl Pts',(35.3992308487136,2.31847396116064,0.));
#9538=CARTESIAN_POINT('',(15.75,2.41621875130491,7.00000000000004));
#9539=CARTESIAN_POINT('',(15.6662187513049,2.5,13.));
#9540=CARTESIAN_POINT('',(21.25,2.41621875130491,7.));
#9541=CARTESIAN_POINT('Origin',(18.5,2.41621875130491,7.));
#9542=CARTESIAN_POINT('',(21.2779270975467,2.44414584885156,9.0000010490383));
#9543=CARTESIAN_POINT('',(21.25,2.41621875130491,7.));
#9544=CARTESIAN_POINT('',(26.7150911317287,2.44414584885156,9.0000010490383));
#9545=CARTESIAN_POINT('',(0.,2.44414584885156,9.0000010490383));
#9546=CARTESIAN_POINT('',(26.6592369805803,2.5,13.));
#9547=CARTESIAN_POINT('',(33.25,2.40923698058032,6.5));
#9548=CARTESIAN_POINT('Origin',(38.2,3.8,11.4999999999554));
#9549=CARTESIAN_POINT('Ctrl Pts',(40.0230398334044,6.58301809543323,11.3500007152358));
#9550=CARTESIAN_POINT('Ctrl Pts',(40.0789382010328,6.47957769747185,7.34683519797309));
#9551=CARTESIAN_POINT('Ctrl Pts',(40.1317669361769,6.37605190852052,3.56350162622584));
#9552=CARTESIAN_POINT('Ctrl Pts',(40.1815260388392,6.27240405273124,0.));
#9553=CARTESIAN_POINT('',(35.7371327576899,5.85930224072319,2.99999999999295));
#9554=CARTESIAN_POINT('Ctrl Pts',(35.5839870890779,5.85551463195558,11.3500007152523));
#9555=CARTESIAN_POINT('Ctrl Pts',(35.6229504191648,5.85677205412771,9.21155482108065));
#9556=CARTESIAN_POINT('Ctrl Pts',(35.6621054246814,5.85781544302828,7.07311227192177));
#9557=CARTESIAN_POINT('Ctrl Pts',(35.7014660811813,5.85862919024366,4.93467344029297));
#9558=CARTESIAN_POINT('Ctrl Pts',(35.7133361201555,5.85887459293815,4.28978195390094));
#9559=CARTESIAN_POINT('Ctrl Pts',(35.7252248741242,5.85909909744705,3.64489080339197));
#9560=CARTESIAN_POINT('Ctrl Pts',(35.7371327576899,5.85930224072319,2.99999999999295));
#9561=CARTESIAN_POINT('',(36.4229243788938,6.47365723471835,2.99999999999295));
#9562=CARTESIAN_POINT('Origin',(38.2,3.8,2.9999999999859));
#9563=CARTESIAN_POINT('Ctrl Pts',(36.4229243788938,6.47365723471835,2.99999999999295));
#9564=CARTESIAN_POINT('Ctrl Pts',(36.4278545490668,6.51231849932677,5.1104122463167));
#9565=CARTESIAN_POINT('Ctrl Pts',(36.4329895362634,6.55075120899137,7.22082822047615));
#9566=CARTESIAN_POINT('Ctrl Pts',(36.4383153821035,6.5889709373188,9.33124754779737));
#9567=CARTESIAN_POINT('Ctrl Pts',(36.4400135537387,6.60115748204826,10.0041649298879));
#9568=CARTESIAN_POINT('Ctrl Pts',(36.4417311418827,6.613322359735,10.6770826560142));
#9569=CARTESIAN_POINT('Ctrl Pts',(36.4434677280486,6.62546603729587,11.350000715117));
#9570=CARTESIAN_POINT('Origin',(40.,0.,13.));
#9571=CARTESIAN_POINT('',(40.,8.82842712474618,13.));
#9572=CARTESIAN_POINT('Origin',(15.5857864376271,-15.585786437627,13.));
#9573=CARTESIAN_POINT('',(40.5396354144918,9.17058824227609,3.));
#9574=CARTESIAN_POINT('',(45.6396354078335,14.2705882450341,3.00000047683716));
#9575=CARTESIAN_POINT('',(15.6845235861081,-15.6845235861079,2.99999999999999));
#9576=CARTESIAN_POINT('',(45.5,14.3284271247462,13.));
#9577=CARTESIAN_POINT('',(40.4,9.22842712474619,13.));
#9578=CARTESIAN_POINT('Origin',(45.5,0.,13.));
#9579=CARTESIAN_POINT('',(45.6396354078335,0.,3.00000047683716));
#9580=CARTESIAN_POINT('Origin',(-1.20429972394183,1.71991825026759,13.));
#9581=CARTESIAN_POINT('',(-1.28439130355538,1.83430088004952,3.00000047683716));
#9582=CARTESIAN_POINT('',(37.0947586407287,28.5372076235436,13.));
#9583=CARTESIAN_POINT('Origin',(-1.89259144756308,2.70290070341438,7.));
#9584=CARTESIAN_POINT('',(45.5,35.8875504902911,7.));
#9585=CARTESIAN_POINT('',(45.5,35.8875504902911,7.));
#9586=CARTESIAN_POINT('',(-1.89259144756308,2.70290070341438,7.));
#9587=CARTESIAN_POINT('Origin',(24.8300093212079,0.,3.99821979670024));
#9588=CARTESIAN_POINT('',(24.8195183199587,-8.7395276416777,5.));
#9589=CARTESIAN_POINT('',(24.8195183199587,0.,5.));
#9590=CARTESIAN_POINT('',(24.8195183199587,-8.7395276416777,5.));
#9591=CARTESIAN_POINT('Origin',(0.,-8.75,4.));
#9592=CARTESIAN_POINT('',(23.5604751000043,-8.7395276416777,5.));
#9593=CARTESIAN_POINT('',(0.,-8.7395276416777,5.));
#9594=CARTESIAN_POINT('',(23.5604751000043,-8.7395276416777,5.));
#9595=CARTESIAN_POINT('',(0.999999999999998,-8.75,4.));
#9596=CARTESIAN_POINT('Origin',(0.999999999999998,-5.75,1.13686837721616E-10));
#9597=CARTESIAN_POINT('',(-1.39999999999977,-7.55000000000005,4.0000000000191));
#9598=CARTESIAN_POINT('Origin',(23.5499972584683,0.,3.99947641079419));
#9599=CARTESIAN_POINT('',(23.5604751000043,0.,5.));
#9600=CARTESIAN_POINT('Origin',(-1.,-7.25,4.00000000013279));
#9601=CARTESIAN_POINT('Origin',(23.75,19.,11.35));
#9602=CARTESIAN_POINT('',(18.5,17.3606403689245,11.35));
#9603=CARTESIAN_POINT('',(20.9999994365612,14.2368596508206,7.00331576254397));
#9604=CARTESIAN_POINT('Origin',(22.571268372123,17.6358150739897,128.544929552747));
#9605=CARTESIAN_POINT('',(18.684210470046,16.8580903535761,4.76703042825459));
#9606=CARTESIAN_POINT('Ctrl Pts',(18.6842104745396,16.8580903429483,4.76703066780939));
#9607=CARTESIAN_POINT('Ctrl Pts',(18.8335646591157,16.5048460479044,4.74682267220739));
#9608=CARTESIAN_POINT('Ctrl Pts',(19.0184472115935,16.1704035640382,4.73905369943883));
#9609=CARTESIAN_POINT('Ctrl Pts',(19.3464033638761,15.6990681789319,4.79126539248898));
#9610=CARTESIAN_POINT('Ctrl Pts',(19.4673522087018,15.5438115325688,4.8207839931595));
#9611=CARTESIAN_POINT('Ctrl Pts',(19.7168216438022,15.255699908686,4.91186620832757));
#9612=CARTESIAN_POINT('Ctrl Pts',(19.8456424307285,15.1220944843777,4.97314408700416));
#9613=CARTESIAN_POINT('Ctrl Pts',(20.1065482349893,14.8759948529541,5.13903835708802));
#9614=CARTESIAN_POINT('Ctrl Pts',(20.240147695728,14.7626183565264,5.2456660075614));
#9615=CARTESIAN_POINT('Ctrl Pts',(20.4250200048082,14.6181482648158,5.43864083715583));
#9616=CARTESIAN_POINT('Ctrl Pts',(20.4844664022157,14.5738114478441,5.50864418036702));
#9617=CARTESIAN_POINT('Ctrl Pts',(20.5976419078929,14.4925069898423,5.66127579657907));
#9618=CARTESIAN_POINT('Ctrl Pts',(20.6510576180135,14.4557839824966,5.74370811992508));
#9619=CARTESIAN_POINT('Ctrl Pts',(20.747275415356,14.3916393186535,5.91610769508418));
#9620=CARTESIAN_POINT('Ctrl Pts',(20.7905807749911,14.363854255746,6.00670257637382));
#9621=CARTESIAN_POINT('Ctrl Pts',(20.8665424317019,14.3162320762936,6.19704709798831));
#9622=CARTESIAN_POINT('Ctrl Pts',(20.8993974855264,14.2962803986184,6.29781064284017));
#9623=CARTESIAN_POINT('Ctrl Pts',(20.9747268444922,14.2511923243782,6.59483082598658));
#9624=CARTESIAN_POINT('Ctrl Pts',(21.0003089704525,14.2366555478085,6.79651328499987));
#9625=CARTESIAN_POINT('Ctrl Pts',(20.9999989141992,14.2368599524079,7.00331575170431));
#9626=CARTESIAN_POINT('',(18.6842105263158,16.8580903360995,11.35));
#9627=CARTESIAN_POINT('Origin',(18.5,16.7802027119577,11.35));
#9628=CARTESIAN_POINT('Origin',(18.5,16.7802027119577,4.76703121730564));
#9629=CARTESIAN_POINT('Origin',(0.,5.12998732812121,12.9981849165559));
#9630=CARTESIAN_POINT('',(26.7150911317287,5.07415852196568,9.0000010490383));
#9631=CARTESIAN_POINT('',(30.8941458342033,5.07415850731739,9.));
#9632=CARTESIAN_POINT('',(0.,5.07415852196568,9.0000010490383));
#9633=CARTESIAN_POINT('',(30.8941458342033,5.07415850731739,9.));
#9634=CARTESIAN_POINT('',(33.3407630194197,5.13001267311412,13.));
#9635=CARTESIAN_POINT('',(26.75,5.03924965369443,6.5));
#9636=CARTESIAN_POINT('Origin',(-1.59976747969728,1.74026094202298,4.02010882743148));
#9637=CARTESIAN_POINT('Origin',(18.5,39.,7.));
#9638=CARTESIAN_POINT('Origin',(0.,31.8,13.));
#9639=CARTESIAN_POINT('',(24.3337812486951,31.8,13.));
#9640=CARTESIAN_POINT('',(34.8537405806455,31.8837812486951,7.));
#9641=CARTESIAN_POINT('Origin',(38.2990583646705,26.817289373276,13.));
#9642=CARTESIAN_POINT('Origin',(0.,0.,7.));
#9643=CARTESIAN_POINT('',(40.7882469721974,41.5,7.));
#9644=CARTESIAN_POINT('',(40.7882469721974,41.5,7.));
#9645=CARTESIAN_POINT('',(0.,41.5,7.));
#9646=CARTESIAN_POINT('',(45.5,0.,7.));
#9647=CARTESIAN_POINT('Origin',(-6.07969943292573,8.68271062672402,7.));
#9648=CARTESIAN_POINT('',(40.7574281582458,41.5977447901443,-1.73472347597681E-15));
#9649=CARTESIAN_POINT('Origin',(18.5,30.,7.));
#9650=CARTESIAN_POINT('',(24.2499999999845,30.7999999999998,7.));
#9651=CARTESIAN_POINT('',(24.25,30.,7.));
#9652=CARTESIAN_POINT('Origin',(18.5,30.8,7.));
#9653=CARTESIAN_POINT('Origin',(0.,41.5,7.));
#9654=CARTESIAN_POINT('Origin',(45.5,0.,7.));
#9655=CARTESIAN_POINT('Origin',(-0.500000000000001,-6.75,1.5));
#9656=CARTESIAN_POINT('Origin',(26.6592369805803,0.,13.));
#9657=CARTESIAN_POINT('',(26.7150911317288,0.,9.0000010490383));
#9658=CARTESIAN_POINT('Origin',(21.3337812486951,-4.70975525283302E-15,
13.));
#9659=CARTESIAN_POINT('',(21.2779270828984,11.,9.));
#9660=CARTESIAN_POINT('',(21.2500009342479,13.803838377641,7.0000000672772));
#9661=CARTESIAN_POINT('',(21.25,-4.70975525283302E-15,7.));
#9662=CARTESIAN_POINT('',(21.25,13.8038335079984,7.));
#9663=CARTESIAN_POINT('Origin',(18.5,-12.5224797863682,7.));
#9664=CARTESIAN_POINT('',(15.7499972602635,13.8038393977888,6.99999999661217));
#9665=CARTESIAN_POINT('',(15.75,-12.5224797863682,7.));
#9666=CARTESIAN_POINT('',(18.4998689728678,16.0954012904328,4.24970611026057));
#9667=CARTESIAN_POINT('Ctrl Pts',(15.7499945204411,13.803842342374,6.9999999972488));
#9668=CARTESIAN_POINT('Ctrl Pts',(15.7499779396061,13.8038413078654,6.9334269843679));
#9669=CARTESIAN_POINT('Ctrl Pts',(15.7523497771721,13.8049482074245,6.86717977224102));
#9670=CARTESIAN_POINT('Ctrl Pts',(15.7570798122074,13.8071751966614,6.80142326086824));
#9671=CARTESIAN_POINT('Ctrl Pts',(15.7601025338243,13.8085983507093,6.75940166337473));
#9672=CARTESIAN_POINT('Ctrl Pts',(15.7640873517778,13.8104784871013,6.71758029512622));
#9673=CARTESIAN_POINT('Ctrl Pts',(15.7690165072898,13.8128139269599,6.67600043759534));
#9674=CARTESIAN_POINT('Ctrl Pts',(15.7767874686,13.8164958178516,6.61044854673563));
#9675=CARTESIAN_POINT('Ctrl Pts',(15.7869069019304,13.8213288420876,6.54550502599677));
#9676=CARTESIAN_POINT('Ctrl Pts',(15.7992652665204,13.8272860861435,6.48132700290807));
#9677=CARTESIAN_POINT('Ctrl Pts',(15.8070124901053,13.8310205690772,6.44109502152535));
#9678=CARTESIAN_POINT('Ctrl Pts',(15.8156386389849,13.8351963635595,6.40116369528413));
#9679=CARTESIAN_POINT('Ctrl Pts',(15.8251077071147,13.8398019070268,6.36157003736935));
#9680=CARTESIAN_POINT('Ctrl Pts',(15.8326757032008,13.8434828114681,6.32992546115274));
#9681=CARTESIAN_POINT('Ctrl Pts',(15.8407628314115,13.8474287719996,6.29856633523069));
#9682=CARTESIAN_POINT('Ctrl Pts',(15.8494024049682,13.8516594797858,6.26731153331589));
#9683=CARTESIAN_POINT('Ctrl Pts',(15.8547038695573,13.8542555509191,6.2481327828253));
#9684=CARTESIAN_POINT('Ctrl Pts',(15.8601910616432,13.8569486724397,6.22907737021231));
#9685=CARTESIAN_POINT('Ctrl Pts',(15.8658744366406,13.8597462497353,6.21010416185099));
#9686=CARTESIAN_POINT('Ctrl Pts',(15.8724321369623,13.8629742038189,6.18821213209196));
#9687=CARTESIAN_POINT('Ctrl Pts',(15.8792487824461,13.8663401342711,6.16643866639325));
#9688=CARTESIAN_POINT('Ctrl Pts',(15.8863209740105,13.8698459550061,6.14479147378345));
#9689=CARTESIAN_POINT('Ctrl Pts',(15.8955650278813,13.8744284094604,6.11649645196215));
#9690=CARTESIAN_POINT('Ctrl Pts',(15.9052458827831,13.8792499658727,6.08841674215574));
#9691=CARTESIAN_POINT('Ctrl Pts',(15.9153548987498,13.8843144555329,6.06056675811148));
#9692=CARTESIAN_POINT('Ctrl Pts',(15.9330893868876,13.8931992106959,6.01170886597903));
#9693=CARTESIAN_POINT('Ctrl Pts',(15.9521405491976,13.9028598463837,5.96356371465351));
#9694=CARTESIAN_POINT('Ctrl Pts',(15.9724496188792,13.913279735411,5.91619740905066));
#9695=CARTESIAN_POINT('Ctrl Pts',(15.9812950497729,13.9178180234644,5.89556744473084));
#9696=CARTESIAN_POINT('Ctrl Pts',(15.9902331173665,13.92242239543,5.87541523276673));
#9697=CARTESIAN_POINT('Ctrl Pts',(15.9994418768477,13.9271866004772,5.85530872922946));
#9698=CARTESIAN_POINT('Ctrl Pts',(16.0086043476452,13.9319268578058,5.83530329289721));
#9699=CARTESIAN_POINT('Ctrl Pts',(16.0180348622191,13.9368252782572,5.815343112045));
#9700=CARTESIAN_POINT('Ctrl Pts',(16.0279463076242,13.9419978401744,5.79502795624009));
#9701=CARTESIAN_POINT('Ctrl Pts',(16.0309449447627,13.9435627619019,5.7888817506989));
#9702=CARTESIAN_POINT('Ctrl Pts',(16.033987862185,13.9451529462508,5.78270323113741));
#9703=CARTESIAN_POINT('Ctrl Pts',(16.037081641019,13.9467720612622,5.77648178612556));
#9704=CARTESIAN_POINT('Ctrl Pts',(16.0622152685574,13.959925630351,5.7259392328054));
#9705=CARTESIAN_POINT('Ctrl Pts',(16.0886213083176,13.9739306223041,5.67675110132922));
#9706=CARTESIAN_POINT('Ctrl Pts',(16.1162765061724,13.9888260664091,5.6287133256168));
#9707=CARTESIAN_POINT('Ctrl Pts',(16.1274026764163,13.9948187643402,5.60938688747246));
#9708=CARTESIAN_POINT('Ctrl Pts',(16.1387314901895,14.0009558438012,5.59024693776355));
#9709=CARTESIAN_POINT('Ctrl Pts',(16.1502632045051,14.0072408886578,5.57128134670331));
#9710=CARTESIAN_POINT('Ctrl Pts',(16.1792756737602,14.0230533399271,5.52356609704672));
#9711=CARTESIAN_POINT('Ctrl Pts',(16.2095560695528,14.039809225812,5.47708422369707));
#9712=CARTESIAN_POINT('Ctrl Pts',(16.24091658858,14.0574666802228,5.4319097345795));
#9713=CARTESIAN_POINT('Ctrl Pts',(16.2722809968243,14.0751263244467,5.38672964308675));
#9714=CARTESIAN_POINT('Ctrl Pts',(16.3047270038696,14.0936881439952,5.34285622434621));
#9715=CARTESIAN_POINT('Ctrl Pts',(16.3380934698546,14.1131332775462,5.30039958271839));
#9716=CARTESIAN_POINT('Ctrl Pts',(16.3456724561706,14.1175501193287,5.29075581924441));
#9717=CARTESIAN_POINT('Ctrl Pts',(16.3532989996977,14.1220126156591,5.28118533713171));
#9718=CARTESIAN_POINT('Ctrl Pts',(16.3609713043933,14.1265206797816,5.27168977339967));
#9719=CARTESIAN_POINT('Ctrl Pts',(16.3642658714379,14.1284564891742,5.26761228005412));
#9720=CARTESIAN_POINT('Ctrl Pts',(16.367569953908,14.1304012757925,5.26354677598031));
#9721=CARTESIAN_POINT('Ctrl Pts',(16.370883606304,14.1323551430472,5.25949312788634));
#9722=CARTESIAN_POINT('Ctrl Pts',(16.4166678150826,14.1593514165317,5.20348451609828));
#9723=CARTESIAN_POINT('Ctrl Pts',(16.464115469272,14.1879853976528,5.14994554332947));
#9724=CARTESIAN_POINT('Ctrl Pts',(16.5129677327184,14.2182808880708,5.09888864838851));
#9725=CARTESIAN_POINT('Ctrl Pts',(16.5406536460264,14.2354501707645,5.06995331013824));
#9726=CARTESIAN_POINT('Ctrl Pts',(16.5687901959535,14.2531526944554,5.04181440245312));
#9727=CARTESIAN_POINT('Ctrl Pts',(16.5973269315324,14.2713894418051,5.01446853600524));
#9728=CARTESIAN_POINT('Ctrl Pts',(16.6487500573309,14.3042520146994,4.96519135338796));
#9729=CARTESIAN_POINT('Ctrl Pts',(16.7016955378082,14.3390186986631,4.91836738915396));
#9730=CARTESIAN_POINT('Ctrl Pts',(16.7550999000955,14.3751299428391,4.87451247192479));
#9731=CARTESIAN_POINT('Ctrl Pts',(16.7637182890333,14.3809575706583,4.86743517117022));
#9732=CARTESIAN_POINT('Ctrl Pts',(16.7723486279608,14.3868201777237,4.86043509100107));
#9733=CARTESIAN_POINT('Ctrl Pts',(16.7809864608094,14.3927153761339,4.85351427304328));
#9734=CARTESIAN_POINT('Ctrl Pts',(16.8046208019328,14.4088454787483,4.83457792924807));
#9735=CARTESIAN_POINT('Ctrl Pts',(16.8284626354648,14.4253217258514,4.81611396666393));
#9736=CARTESIAN_POINT('Ctrl Pts',(16.8524205311146,14.4421030851199,4.79818668071803));
#9737=CARTESIAN_POINT('Ctrl Pts',(16.9010384294344,14.4761575960214,4.76180673408133));
#9738=CARTESIAN_POINT('Ctrl Pts',(16.9502918187337,14.5115588026942,4.72745571693101));
#9739=CARTESIAN_POINT('Ctrl Pts',(16.9999914365838,14.5483007961862,4.69511296172468));
#9740=CARTESIAN_POINT('Ctrl Pts',(17.0372092990083,14.5758152624566,4.67089289191796));
#9741=CARTESIAN_POINT('Ctrl Pts',(17.0746770661653,14.6040813586203,4.64779791015025));
#9742=CARTESIAN_POINT('Ctrl Pts',(17.112310758192,14.6330916629324,4.62580148931792));
#9743=CARTESIAN_POINT('Ctrl Pts',(17.1508344930066,14.6627880655447,4.60328484964269));
#9744=CARTESIAN_POINT('Ctrl Pts',(17.189554630019,14.6932869137746,4.58190521498813));
#9745=CARTESIAN_POINT('Ctrl Pts',(17.2283734663433,14.724564008231,4.56165525560934));
#9746=CARTESIAN_POINT('Ctrl Pts',(17.2987619037236,14.7812773467297,4.52493692160821));
#9747=CARTESIAN_POINT('Ctrl Pts',(17.3695099825035,14.8405703886467,4.49191543923153));
#9748=CARTESIAN_POINT('Ctrl Pts',(17.4402171599927,14.9024436660894,4.46239256128635));
#9749=CARTESIAN_POINT('Ctrl Pts',(17.4842785685101,14.9410002009495,4.44399528350008));
#9750=CARTESIAN_POINT('Ctrl Pts',(17.5283233109259,14.9805582390778,4.42695567255899));
#9751=CARTESIAN_POINT('Ctrl Pts',(17.5722565036771,15.0211241680947,4.41121528282127));
#9752=CARTESIAN_POINT('Ctrl Pts',(17.5904714375324,15.0379430166133,4.40468923406464));
#9753=CARTESIAN_POINT('Ctrl Pts',(17.6089326534541,15.055182945542,4.39829423242467));
#9754=CARTESIAN_POINT('Ctrl Pts',(17.6272699931878,15.0725109794403,4.39215753251674));
#9755=CARTESIAN_POINT('Ctrl Pts',(17.6473338625388,15.0914705130092,4.38544303919396));
#9756=CARTESIAN_POINT('Ctrl Pts',(17.667188730671,15.1104766166964,4.37905523444045));
#9757=CARTESIAN_POINT('Ctrl Pts',(17.6863774224241,15.1290708863504,4.37310650974032));
#9758=CARTESIAN_POINT('Ctrl Pts',(17.7581236176568,15.1985945473678,4.35086432829238));
#9759=CARTESIAN_POINT('Ctrl Pts',(17.8287524229756,15.2702389572437,4.33217517203983));
#9760=CARTESIAN_POINT('Ctrl Pts',(17.8981138188113,15.3440909943289,4.31662497269538));
#9761=CARTESIAN_POINT('Ctrl Pts',(17.9636591697095,15.4138799255778,4.30193029620726));
#9762=CARTESIAN_POINT('Ctrl Pts',(18.0280726664336,15.4856402844437,4.29003863867196));
#9763=CARTESIAN_POINT('Ctrl Pts',(18.0912142822541,15.5594478861586,4.28055214630202));
#9764=CARTESIAN_POINT('Ctrl Pts',(18.0948903819331,15.5637449586589,4.27999984349662));
#9765=CARTESIAN_POINT('Ctrl Pts',(18.0985621666682,15.5680489710757,4.27945567886767));
#9766=CARTESIAN_POINT('Ctrl Pts',(18.1022296073951,15.5723599386161,4.27891956853328));
#9767=CARTESIAN_POINT('Ctrl Pts',(18.1652979013858,15.6464948431626,4.26970017912838));
#9768=CARTESIAN_POINT('Ctrl Pts',(18.2270944154394,15.7228353766011,4.26288032538936));
#9769=CARTESIAN_POINT('Ctrl Pts',(18.287363758574,15.8012133623967,4.25818398709598));
#9770=CARTESIAN_POINT('Ctrl Pts',(18.3459395526968,15.8773889521898,4.25361961438679));
#9771=CARTESIAN_POINT('Ctrl Pts',(18.4030728110693,15.9554891705351,4.25106120107543));
#9772=CARTESIAN_POINT('Ctrl Pts',(18.4585048550752,16.0353351693502,4.25021974964749));
#9773=CARTESIAN_POINT('Ctrl Pts',(18.4723384555777,16.0552615074303,4.25000975733879));
#9774=CARTESIAN_POINT('Ctrl Pts',(18.4860659828922,16.0752964477284,4.24990651529164));
#9775=CARTESIAN_POINT('Ctrl Pts',(18.4996831699733,16.0954369552923,4.24990515980775));
#9776=CARTESIAN_POINT('Ctrl Pts',(18.4999999429385,16.0952624514902,4.25));
#9777=CARTESIAN_POINT('Ctrl Pts',(18.5609002792828,16.0052001886499,4.24999999873634));
#9778=CARTESIAN_POINT('Ctrl Pts',(18.623835488719,15.9174828736774,4.2520217689093));
#9779=CARTESIAN_POINT('Ctrl Pts',(18.6886408244518,15.8321105114295,4.25647769475986));
#9780=CARTESIAN_POINT('Ctrl Pts',(18.7496783210398,15.751701773314,4.26067454916737));
#9781=CARTESIAN_POINT('Ctrl Pts',(18.8123747253617,15.6733732394891,4.26703125287493));
#9782=CARTESIAN_POINT('Ctrl Pts',(18.8765422502897,15.5971249140127,4.27590089502111));
#9783=CARTESIAN_POINT('Ctrl Pts',(18.8805033058007,15.5924181117763,4.2764484172287));
#9784=CARTESIAN_POINT('Ctrl Pts',(18.8844699505956,15.5877192363438,4.27700551661482));
#9785=CARTESIAN_POINT('Ctrl Pts',(18.8884421338855,15.5830282877162,4.27757227669447));
#9786=CARTESIAN_POINT('Ctrl Pts',(18.9506812588264,15.5095270123675,4.28645269555601));
#9787=CARTESIAN_POINT('Ctrl Pts',(19.0142855169881,15.4379718433459,4.29770516506351));
#9788=CARTESIAN_POINT('Ctrl Pts',(19.0790348251638,15.3683627806515,4.31165131144646));
#9789=CARTESIAN_POINT('Ctrl Pts',(19.1208986251358,15.3233568962802,4.32066822141826));
#9790=CARTESIAN_POINT('Ctrl Pts',(19.1632400978598,15.2791645419467,4.33081119039624));
#9791=CARTESIAN_POINT('Ctrl Pts',(19.205988122397,15.235785717651,4.34216615059663));
#9792=CARTESIAN_POINT('Ctrl Pts',(19.2250360864524,15.216456677423,4.34722577325964));
#9793=CARTESIAN_POINT('Ctrl Pts',(19.2438044669436,15.1976347513092,4.35242599798989));
#9794=CARTESIAN_POINT('Ctrl Pts',(19.2628550620556,15.1787757329071,4.35792654260028));
#9795=CARTESIAN_POINT('Ctrl Pts',(19.280097790247,15.1617064011433,4.36290509550448));
#9796=CARTESIAN_POINT('Ctrl Pts',(19.2975717084374,15.1446066830321,4.36813012988678));
#9797=CARTESIAN_POINT('Ctrl Pts',(19.3156825450197,15.12707306704,4.37375515502643));
#9798=CARTESIAN_POINT('Ctrl Pts',(19.3836407897972,15.0612807574457,4.39486223274665));
#9799=CARTESIAN_POINT('Ctrl Pts',(19.4520686459461,14.9979013953991,4.41900872331563));
#9800=CARTESIAN_POINT('Ctrl Pts',(19.5206243866598,14.9369475430657,4.44640922202572));
#9801=CARTESIAN_POINT('Ctrl Pts',(19.5876966943562,14.8773126314388,4.47321681919239));
#9802=CARTESIAN_POINT('Ctrl Pts',(19.6548911819537,14.8199993971432,4.5031394807716));
#9803=CARTESIAN_POINT('Ctrl Pts',(19.7218489478861,14.7650196043891,4.53634719399229));
#9804=CARTESIAN_POINT('Ctrl Pts',(19.788004664356,14.7106983836858,4.56915713067179));
#9805=CARTESIAN_POINT('Ctrl Pts',(19.8539290740306,14.6586550373625,4.60517426621494));
#9806=CARTESIAN_POINT('Ctrl Pts',(19.9192408855438,14.6089009119225,4.64452652131234));
#9807=CARTESIAN_POINT('Ctrl Pts',(19.9834227187359,14.5600075968295,4.68319793179502));
#9808=CARTESIAN_POINT('Ctrl Pts',(20.047012669479,14.5133249749328,4.7250903557191));
#9809=CARTESIAN_POINT('Ctrl Pts',(20.1096186531057,14.4688638139387,4.77028526677196));
#9810=CARTESIAN_POINT('Ctrl Pts',(20.1486752945743,14.4411267906763,4.79848003882002));
#9811=CARTESIAN_POINT('Ctrl Pts',(20.1873484016109,14.4142543306768,4.82795928760094));
#9812=CARTESIAN_POINT('Ctrl Pts',(20.2255374858687,14.38824904827,4.85873392945626));
#9813=CARTESIAN_POINT('Ctrl Pts',(20.2887974765517,14.345171452807,4.90971194044744));
#9814=CARTESIAN_POINT('Ctrl Pts',(20.350752605393,14.304459037654,4.96426462619013));
#9815=CARTESIAN_POINT('Ctrl Pts',(20.4109345303129,14.2661118028111,5.02241834028082));
#9816=CARTESIAN_POINT('Ctrl Pts',(20.4671480288323,14.2302932039222,5.07673736921319));
#9817=CARTESIAN_POINT('Ctrl Pts',(20.52181392009,14.1965381471433,5.13419804584611));
#9818=CARTESIAN_POINT('Ctrl Pts',(20.5745279716066,14.1648466324744,5.19477599865787));
#9819=CARTESIAN_POINT('Ctrl Pts',(20.6265909053453,14.1335465676755,5.25460569970571));
#9820=CARTESIAN_POINT('Ctrl Pts',(20.6767495769904,14.1042593825592,5.31747638765252));
#9821=CARTESIAN_POINT('Ctrl Pts',(20.7245978617467,14.0769850771255,5.38331686669527));
#9822=CARTESIAN_POINT('Ctrl Pts',(20.7716352356779,14.0501730041341,5.44804151144103));
#9823=CARTESIAN_POINT('Ctrl Pts',(20.8164394916513,14.0253061622362,5.51563629693952));
#9824=CARTESIAN_POINT('Ctrl Pts',(20.8586139085169,14.0023845514318,5.58598428914295));
#9825=CARTESIAN_POINT('Ctrl Pts',(20.8696136701092,13.9964062291953,5.60433216921445));
#9826=CARTESIAN_POINT('Ctrl Pts',(20.880434495634,13.9905602312495,5.62286706491188));
#9827=CARTESIAN_POINT('Ctrl Pts',(20.8910692728468,13.9848465575945,5.64158631763074));
#9828=CARTESIAN_POINT('Ctrl Pts',(20.9025806591549,13.9786619141962,5.66184857090929));
#9829=CARTESIAN_POINT('Ctrl Pts',(20.9140565140401,13.9725448122344,5.68265669876596));
#9830=CARTESIAN_POINT('Ctrl Pts',(20.9252347350625,13.966612859741,5.70356778817923));
#9831=CARTESIAN_POINT('Ctrl Pts',(20.9364741692401,13.96064842323,5.72459338899473));
#9832=CARTESIAN_POINT('Ctrl Pts',(20.9474125850308,13.954871169537,5.7457228861419));
#9833=CARTESIAN_POINT('Ctrl Pts',(20.9578305900158,13.949400649397,5.76648113480886));
#9834=CARTESIAN_POINT('Ctrl Pts',(20.9601766454884,13.9481687298758,5.77115573450002));
#9835=CARTESIAN_POINT('Ctrl Pts',(20.962496499456,13.9469523653082,5.77581141612487));
#9836=CARTESIAN_POINT('Ctrl Pts',(20.9647879727421,13.9457529209479,5.78044260101218));
#9837=CARTESIAN_POINT('Ctrl Pts',(21.0038348561283,13.9253142955666,5.85935835243416));
#9838=CARTESIAN_POINT('Ctrl Pts',(21.0393743147301,13.9070832823833,5.94072771485752));
#9839=CARTESIAN_POINT('Ctrl Pts',(21.0710700729119,13.8910598813924,6.02424455923787));
#9840=CARTESIAN_POINT('Ctrl Pts',(21.1022907668277,13.8752766433024,6.10650963143654));
#9841=CARTESIAN_POINT('Ctrl Pts',(21.129781762029,13.8616353368091,6.1908581513034));
#9842=CARTESIAN_POINT('Ctrl Pts',(21.153243654877,13.8501359619074,6.2769522091486));
#9843=CARTESIAN_POINT('Ctrl Pts',(21.1765061730258,13.8387343065045,6.36231465607923));
#9844=CARTESIAN_POINT('Ctrl Pts',(21.1958074087568,13.8294383339142,6.44939296346358));
#9845=CARTESIAN_POINT('Ctrl Pts',(21.2108826768166,13.8222480441313,6.53781485037279));
#9846=CARTESIAN_POINT('Ctrl Pts',(21.2257638947859,13.8151503083498,6.62509856348113));
#9847=CARTESIAN_POINT('Ctrl Pts',(21.2365269170237,13.8101043952229,6.71369128199965));
#9848=CARTESIAN_POINT('Ctrl Pts',(21.2429487778939,13.8071103047455,6.80319552380505));
#9849=CARTESIAN_POINT('Ctrl Pts',(21.247624985039,13.8049300975491,6.86836983752948));
#9850=CARTESIAN_POINT('Ctrl Pts',(21.2500000016063,13.8038378317871,6.93402664114759));
#9851=CARTESIAN_POINT('Ctrl Pts',(21.25,13.8038335074575,7.00000006695795));
#9852=CARTESIAN_POINT('Origin',(15.6662187513049,-3.45855501169079E-15,
13.));
#9853=CARTESIAN_POINT('',(15.7220729171016,13.7877958329698,9.));
#9854=CARTESIAN_POINT('Origin',(33.3407630194197,0.,13.));
#9855=CARTESIAN_POINT('Origin',(23.5280473608367,21.0772090940829,13.));
#9856=CARTESIAN_POINT('',(35.6241977568583,7.36525904536267,3.));
#9857=CARTESIAN_POINT('',(23.4240419700048,20.9840375981293,3.));
#9858=CARTESIAN_POINT('',(34.9672698008451,8.11920883939593,3.98603781966085));
#9859=CARTESIAN_POINT('Origin',(35.6345982959415,7.37457619495802,4.));
#9860=CARTESIAN_POINT('',(34.9672698008451,8.11920883939593,3.98603781966085));
#9861=CARTESIAN_POINT('Origin',(38.2,3.8,3.));
#9862=CARTESIAN_POINT('',(34.9384061356543,6.75090405136743,3.));
#9863=CARTESIAN_POINT('',(35.7371327576905,5.85930224072235,3.));
#9864=CARTESIAN_POINT('',(34.9384061356543,6.75090405136744,3.));
#9865=CARTESIAN_POINT('Origin',(22.634244957969,20.2765111081806,13.));
#9866=CARTESIAN_POINT('',(34.2609675298794,7.48647972165578,3.98603781966085));
#9867=CARTESIAN_POINT('',(34.1157672161669,7.49445776087075,11.35));
#9868=CARTESIAN_POINT('Origin',(34.9280055965711,6.74158690177208,4.));
#9869=CARTESIAN_POINT('Origin',(40.4,0.,13.));
#9870=CARTESIAN_POINT('',(40.5396354144918,0.,3.));
#9871=CARTESIAN_POINT('Origin',(0.,0.,5.));
#9872=CARTESIAN_POINT('Ctrl Pts',(18.8519598427127,16.6911215035088,4.27261585596791));
#9873=CARTESIAN_POINT('Ctrl Pts',(18.3372153522752,16.9093016233674,4.20618979336575));
#9874=CARTESIAN_POINT('Ctrl Pts',(18.3264698820345,16.8835280448831,4.76850388215556));
#9875=CARTESIAN_POINT('Ctrl Pts',(18.6541927049492,16.3030129217309,4.24709466532328));
#9876=CARTESIAN_POINT('Ctrl Pts',(18.1913770875066,16.5546087166786,4.22387379892649));
#9877=CARTESIAN_POINT('Ctrl Pts',(18.1781070616199,16.5276719761893,4.74761762262164));
#9878=CARTESIAN_POINT('Ctrl Pts',(18.3987649985392,15.9209250233438,4.23557236940669));
#9879=CARTESIAN_POINT('Ctrl Pts',(17.9931752446203,16.1822477879048,4.25335226449924));
#9880=CARTESIAN_POINT('Ctrl Pts',(17.9865737483916,16.1775146043498,4.7381955670494));
#9881=CARTESIAN_POINT('Ctrl Pts',(17.9539707462417,15.39807111582,4.30059187661122));
#9882=CARTESIAN_POINT('Ctrl Pts',(17.6248343863927,15.6600437491295,4.36832984623984));
#9883=CARTESIAN_POINT('Ctrl Pts',(17.6529780599377,15.6982318563594,4.79139335755086));
#9884=CARTESIAN_POINT('Ctrl Pts',(17.7953710945858,15.2313554257913,4.33590151797283));
#9885=CARTESIAN_POINT('Ctrl Pts',(17.4946924478844,15.4954261874805,4.41656101693375));
#9886=CARTESIAN_POINT('Ctrl Pts',(17.5340283193541,15.5454091401744,4.82028305448581));
#9887=CARTESIAN_POINT('Ctrl Pts',(17.4591694437653,14.9136660016306,4.44841336233847));
#9888=CARTESIAN_POINT('Ctrl Pts',(17.2159217028865,15.1824327102002,4.5491647531409));
#9889=CARTESIAN_POINT('Ctrl Pts',(17.2818770844092,15.2541938349623,4.9123382112234));
#9890=CARTESIAN_POINT('Ctrl Pts',(17.2857442088745,14.7667901341086,4.52443197271271));
#9891=CARTESIAN_POINT('Ctrl Pts',(17.0704168686446,15.0367061351614,4.63146092020579));
#9892=CARTESIAN_POINT('Ctrl Pts',(17.1518081552017,15.1195576215674,4.9745352452856));
#9893=CARTESIAN_POINT('Ctrl Pts',(17.0255964719197,14.5662389543753,4.67648482200211));
#9894=CARTESIAN_POINT('Ctrl Pts',(16.8497384599927,14.8379673063201,4.78852165501256));
#9895=CARTESIAN_POINT('Ctrl Pts',(16.9566973546669,14.9357190421934,5.09894212965049));
#9896=CARTESIAN_POINT('Ctrl Pts',(16.9387646535529,14.5025681793912,4.73357717278315));
#9897=CARTESIAN_POINT('Ctrl Pts',(16.7761537344482,14.7751871756116,4.84603566831735));
#9898=CARTESIAN_POINT('Ctrl Pts',(16.8915734886972,14.8773541636888,5.14565404737961));
#9899=CARTESIAN_POINT('Ctrl Pts',(16.7660872282733,14.3816182756748,4.86278809221721));
#9900=CARTESIAN_POINT('Ctrl Pts',(16.6293950498324,14.6562304491118,4.97420362512028));
#9901=CARTESIAN_POINT('Ctrl Pts',(16.7620654226724,14.7664834201217,5.25137207852978));
#9902=CARTESIAN_POINT('Ctrl Pts',(16.6797429219474,14.3240545825988,4.93549190227962));
#9903=CARTESIAN_POINT('Ctrl Pts',(16.5556391536469,14.5995945921003,5.04542359730947));
#9904=CARTESIAN_POINT('Ctrl Pts',(16.6973071912723,14.7137166992435,5.31085700943271));
#9905=CARTESIAN_POINT('Ctrl Pts',(16.5149121327736,14.2187213742533,5.09344402779665));
#9906=CARTESIAN_POINT('Ctrl Pts',(16.4145018871317,14.4962793053271,5.19858994716994));
#9907=CARTESIAN_POINT('Ctrl Pts',(16.5736840997684,14.6171612612042,5.4400905697206));
#9908=CARTESIAN_POINT('Ctrl Pts',(16.4358533225006,14.1705196062788,5.17901267007232));
#9909=CARTESIAN_POINT('Ctrl Pts',(16.3464666669287,14.4490098128032,5.28092493561041));
#9910=CARTESIAN_POINT('Ctrl Pts',(16.5143899907575,14.5729763043251,5.51010127362289));
#9911=CARTESIAN_POINT('Ctrl Pts',(16.2860892869606,14.0825217509063,5.36436687589219));
#9912=CARTESIAN_POINT('Ctrl Pts',(16.2173392009752,14.3630036038549,5.45812374185647));
#9913=CARTESIAN_POINT('Ctrl Pts',(16.4020669663384,14.492311606428,5.66175471852989));
#9914=CARTESIAN_POINT('Ctrl Pts',(16.2148275434645,14.0424289606371,5.46509634046006));
#9915=CARTESIAN_POINT('Ctrl Pts',(16.1556065852191,14.323851025263,5.55397587174299));
#9916=CARTESIAN_POINT('Ctrl Pts',(16.3486206582558,14.4555598788541,5.74416973277505));
#9917=CARTESIAN_POINT('Ctrl Pts',(16.0211433632059,13.9368156179282,5.78363682440977));
#9918=CARTESIAN_POINT('Ctrl Pts',(15.9878649306128,14.2212409546287,5.85530795237143));
#9919=CARTESIAN_POINT('Ctrl Pts',(16.2033575210896,14.3587476532273,6.00479376608344));
#9920=CARTESIAN_POINT('Ctrl Pts',(15.919094167675,13.8857867988226,6.01519234893734));
#9921=CARTESIAN_POINT('Ctrl Pts',(15.8983325606651,14.1716440971162,6.07394183395461));
#9922=CARTESIAN_POINT('Ctrl Pts',(16.1268206290101,14.3119712300307,6.19424828607403));
#9923=CARTESIAN_POINT('Ctrl Pts',(15.7797106422615,13.8175321607489,6.51943071769444));
#9924=CARTESIAN_POINT('Ctrl Pts',(15.7762447284222,14.1057140357274,6.54828537324092));
#9925=CARTESIAN_POINT('Ctrl Pts',(16.0222829784423,14.2494044829099,6.60680695026106));
#9926=CARTESIAN_POINT('Ctrl Pts',(15.7463216656757,13.8021098124504,6.77758131276033));
#9927=CARTESIAN_POINT('Ctrl Pts',(15.7467675319344,14.0908492722569,6.79105782990566));
#9928=CARTESIAN_POINT('Ctrl Pts',(15.9972412542071,14.2352673266383,6.81802092463144));
#9929=CARTESIAN_POINT('Ctrl Pts',(15.7503144541956,13.8039961268705,7.04158604567306));
#9930=CARTESIAN_POINT('Ctrl Pts',(15.7502763370828,14.092665760363,7.03906572731828));
#9931=CARTESIAN_POINT('Ctrl Pts',(16.0002358406467,14.2369964496312,7.03402494645978));
#9932=CARTESIAN_POINT('Ctrl Pts',(18.3157872464834,16.8580913247694,4.76703032816884));
#9933=CARTESIAN_POINT('Ctrl Pts',(18.3159209741693,16.8584078564525,4.7500707178094));
#9934=CARTESIAN_POINT('Ctrl Pts',(18.3163453746546,16.8571917051224,4.7326450436964));
#9935=CARTESIAN_POINT('Ctrl Pts',(18.3171500064223,16.8543786554006,4.7148940919292));
#9936=CARTESIAN_POINT('Ctrl Pts',(18.3179298248295,16.8516523549467,4.6976905467931));
#9937=CARTESIAN_POINT('Ctrl Pts',(18.3190674353106,16.8474258445411,4.68018195053566));
#9938=CARTESIAN_POINT('Ctrl Pts',(18.3206091935866,16.8416422902106,4.66253098525452));
#9939=CARTESIAN_POINT('Ctrl Pts',(18.3209594385712,16.84032842608,4.65852117245989));
#9940=CARTESIAN_POINT('Ctrl Pts',(18.3213303711278,16.838934224136,4.65450413889777));
#9941=CARTESIAN_POINT('Ctrl Pts',(18.3217222202492,16.8374590552139,4.65048200409908));
#9942=CARTESIAN_POINT('Ctrl Pts',(18.3234026680561,16.831132782564,4.63323304976542));
#9943=CARTESIAN_POINT('Ctrl Pts',(18.3254715183757,16.8233167210898,4.61588882531645));
#9944=CARTESIAN_POINT('Ctrl Pts',(18.3279186386288,16.8139661513962,4.59862932083245));
#9945=CARTESIAN_POINT('Ctrl Pts',(18.3283086415519,16.8124759305913,4.59587863573977));
#9946=CARTESIAN_POINT('Ctrl Pts',(18.328708152464,16.8109467540817,4.59313013761676));
#9947=CARTESIAN_POINT('Ctrl Pts',(18.3291170143613,16.8093784655002,4.59038459066095));
#9948=CARTESIAN_POINT('Ctrl Pts',(18.3306041718874,16.8036741135354,4.58039818486996));
#9949=CARTESIAN_POINT('Ctrl Pts',(18.3322155024283,16.797452187546,4.57045076391664));
#9950=CARTESIAN_POINT('Ctrl Pts',(18.3339396754031,16.7907061075624,4.56057974000489));
#9951=CARTESIAN_POINT('Ctrl Pts',(18.3348017618904,16.7873330675706,4.55564422804901));
#9952=CARTESIAN_POINT('Ctrl Pts',(18.3356919922535,16.7838290199329,4.55072778172499));
#9953=CARTESIAN_POINT('Ctrl Pts',(18.3366083567266,16.7801932914781,4.54583516757107));
#9954=CARTESIAN_POINT('Ctrl Pts',(18.3370665389632,16.7783754272506,4.54338886049411));
#9955=CARTESIAN_POINT('Ctrl Pts',(18.3375312500084,16.776524644986,4.5409485092477));
#9956=CARTESIAN_POINT('Ctrl Pts',(18.3380022074449,16.7746408726173,4.53851470092387));
#9957=CARTESIAN_POINT('Ctrl Pts',(18.3383540071939,16.7732337164813,4.53669667430145));
#9958=CARTESIAN_POINT('Ctrl Pts',(18.3388068669586,16.7714048222528,4.53437825618193));
#9959=CARTESIAN_POINT('Ctrl Pts',(18.3391429425022,16.7700574429351,4.53268968163408));
#9960=CARTESIAN_POINT('Ctrl Pts',(18.3392567742622,16.7696010736398,4.5321177464956));
#9961=CARTESIAN_POINT('Ctrl Pts',(18.3393567794611,16.7692002030755,4.53161786732864));
#9962=CARTESIAN_POINT('Ctrl Pts',(18.3394335156833,16.7688905211408,4.53123348579477));
#9963=CARTESIAN_POINT('Ctrl Pts',(18.341733605487,16.7596081217647,4.51971204230583));
#9964=CARTESIAN_POINT('Ctrl Pts',(18.3442847354172,16.7490209207027,4.50769799294672));
#9965=CARTESIAN_POINT('Ctrl Pts',(18.3471672485098,16.7370439952652,4.49533893042657));
#9966=CARTESIAN_POINT('Ctrl Pts',(18.3499224561131,16.7255960278254,4.48352570289549));
#9967=CARTESIAN_POINT('Ctrl Pts',(18.3529811991694,16.7128779144082,4.47139751361472));
#9968=CARTESIAN_POINT('Ctrl Pts',(18.3563881040309,16.6988157661325,4.45912422713703));
#9969=CARTESIAN_POINT('Ctrl Pts',(18.3569367785767,16.6965510880355,4.457147641304));
#9970=CARTESIAN_POINT('Ctrl Pts',(18.357494412882,16.6942515600098,4.45516737625159));
#9971=CARTESIAN_POINT('Ctrl Pts',(18.3580611066591,16.6919168875671,4.45318423709985));
#9972=CARTESIAN_POINT('Ctrl Pts',(18.3614395623438,16.6779982816028,4.44136136553963));
#9973=CARTESIAN_POINT('Ctrl Pts',(18.3651432807407,16.6628296736923,4.42943397076825));
#9974=CARTESIAN_POINT('Ctrl Pts',(18.3691709174302,16.6463544493329,4.41759039150539));
#9975=CARTESIAN_POINT('Ctrl Pts',(18.3697729275475,16.6438919005694,4.41582013388505));
#9976=CARTESIAN_POINT('Ctrl Pts',(18.3703820971948,16.6414001833168,4.41405179955277));
#9977=CARTESIAN_POINT('Ctrl Pts',(18.3709983372178,16.6388791351294,4.41228606816051));
#9978=CARTESIAN_POINT('Ctrl Pts',(18.3733678768421,16.6291853090998,4.40549655377641));
#9979=CARTESIAN_POINT('Ctrl Pts',(18.3758423837215,16.6190576545182,4.39874536371133));
#9980=CARTESIAN_POINT('Ctrl Pts',(18.3784133544955,16.6084882019223,4.39207257885897));
#9981=CARTESIAN_POINT('Ctrl Pts',(18.3796988398826,16.6032034756244,4.38873618643279));
#9982=CARTESIAN_POINT('Ctrl Pts',(18.3810084189571,16.5978083113796,4.38541936776807));
#9983=CARTESIAN_POINT('Ctrl Pts',(18.3823403961442,16.5923019615039,4.38212738347536));
#9984=CARTESIAN_POINT('Ctrl Pts',(18.3831805415695,16.5888288279523,4.38005096236946));
#9985=CARTESIAN_POINT('Ctrl Pts',(18.3841387138098,16.5848510935346,4.37771689987296));
#9986=CARTESIAN_POINT('Ctrl Pts',(18.3850088708597,16.5812385642134,4.37563529775857));
#9987=CARTESIAN_POINT('Ctrl Pts',(18.3855182718061,16.5791237438421,4.37441670154384));
#9988=CARTESIAN_POINT('Ctrl Pts',(18.3859971183338,16.5771345618937,4.37328358519369));
#9989=CARTESIAN_POINT('Ctrl Pts',(18.3864016791562,16.5754486952379,4.37233105028079));
#9990=CARTESIAN_POINT('Ctrl Pts',(18.3920759657547,16.5518030774668,4.35897099218473));
#9991=CARTESIAN_POINT('Ctrl Pts',(18.3978946116077,16.5276538663753,4.34681128991624));
#9992=CARTESIAN_POINT('Ctrl Pts',(18.4037901116568,16.5030792762605,4.33577261259593));
#9993=CARTESIAN_POINT('Ctrl Pts',(18.4100216749523,16.4771038522115,4.32410469370099));
#9994=CARTESIAN_POINT('Ctrl Pts',(18.4163402782329,16.4506527481356,4.31368786116713));
#9995=CARTESIAN_POINT('Ctrl Pts',(18.4227161811857,16.4238000374655,4.30445457438196));
#9996=CARTESIAN_POINT('Ctrl Pts',(18.4295523495088,16.3950088762088,4.29455475264601));
#9997=CARTESIAN_POINT('Ctrl Pts',(18.4364562169778,16.3657551110959,4.28601447401123));
#9998=CARTESIAN_POINT('Ctrl Pts',(18.4434229942399,16.3361201503558,4.27880020713771));
#9999=CARTESIAN_POINT('Ctrl Pts',(18.4504285644813,16.3063201738014,4.27154576919284));
#10000=CARTESIAN_POINT('Ctrl Pts',(18.4574998491099,16.2761335159255,4.26563263696371));
#10001=CARTESIAN_POINT('Ctrl Pts',(18.4646317544088,16.2456502875371,4.26107906372349));
#10002=CARTESIAN_POINT('Ctrl Pts',(18.4715817142203,16.2159447315398,4.25664165889379));
#10003=CARTESIAN_POINT('Ctrl Pts',(18.4785905248269,16.1859566583062,4.2534968162275));
#10004=CARTESIAN_POINT('Ctrl Pts',(18.4856283364267,16.1557920531604,4.25169564194917));
#10005=CARTESIAN_POINT('Ctrl Pts',(18.4903071989617,16.1357380862562,4.25049818919976));
#10006=CARTESIAN_POINT('Ctrl Pts',(18.4949982593533,16.1156066161997,4.24989534082312));
#10007=CARTESIAN_POINT('Ctrl Pts',(18.4996831699733,16.0954369552923,4.24990515980775));
#10008=CARTESIAN_POINT('Ctrl Pts',(15.7499945204421,13.803842342374,7.00000000130417));
#10009=CARTESIAN_POINT('Ctrl Pts',(15.7499946661406,13.8231731070462,7.00015654125328));
#10010=CARTESIAN_POINT('Ctrl Pts',(15.7511192365897,13.8428073313114,7.00031118716173));
#10011=CARTESIAN_POINT('Ctrl Pts',(15.7534532290881,13.86254746672,7.00046328440059));
#10012=CARTESIAN_POINT('Ctrl Pts',(15.7557464723159,13.8819429582958,7.00061272616753));
#10013=CARTESIAN_POINT('Ctrl Pts',(15.7592077972719,13.901439839879,7.0007597042933));
#10014=CARTESIAN_POINT('Ctrl Pts',(15.7638734513219,13.9208270400774,7.00090364542308));
#10015=CARTESIAN_POINT('Ctrl Pts',(15.7685005347199,13.9400539675802,7.0010463966011));
#10016=CARTESIAN_POINT('Ctrl Pts',(15.7743123888056,13.9591720360297,7.00118615787978));
#10017=CARTESIAN_POINT('Ctrl Pts',(15.7812943155173,13.9779655276967,7.00132246284323));
#10018=CARTESIAN_POINT('Ctrl Pts',(15.7882355256044,13.9966494210282,7.00145797291463));
#10019=CARTESIAN_POINT('Ctrl Pts',(15.7963331301509,14.0150114812146,7.00159006463794));
#10020=CARTESIAN_POINT('Ctrl Pts',(15.8055214703672,14.0328451020866,7.00171841048597));
#10021=CARTESIAN_POINT('Ctrl Pts',(15.8091720302525,14.0399304623837,7.0017694027428));
#10022=CARTESIAN_POINT('Ctrl Pts',(15.8129942016406,14.0469325531206,7.00181980534519));
#10023=CARTESIAN_POINT('Ctrl Pts',(15.8169817146516,14.0538392020153,7.00186960454602));
#10024=CARTESIAN_POINT('Ctrl Pts',(15.8270109486809,14.0712105304429,7.00199485751402));
#10025=CARTESIAN_POINT('Ctrl Pts',(15.8380889858287,14.0879757549669,7.00211628132832));
#10026=CARTESIAN_POINT('Ctrl Pts',(15.8500855047251,14.1039612166168,7.00223377419422));
#10027=CARTESIAN_POINT('Ctrl Pts',(15.8621809644732,14.1200785177783,7.00235223607825));
#10028=CARTESIAN_POINT('Ctrl Pts',(15.8752093454246,14.1354024137594,7.00246670200557));
#10029=CARTESIAN_POINT('Ctrl Pts',(15.8890009982514,14.149793886676,7.00257724146532));
#10030=CARTESIAN_POINT('Ctrl Pts',(15.9028829247912,14.1642795594477,7.0026885044647));
#10031=CARTESIAN_POINT('Ctrl Pts',(15.9175371630564,14.1778201688647,7.00279579078867));
#10032=CARTESIAN_POINT('Ctrl Pts',(15.9327677563457,14.190321830967,7.00289933546833));
#10033=CARTESIAN_POINT('Ctrl Pts',(15.9482402923202,14.2030220858384,7.00300452498725));
#10034=CARTESIAN_POINT('Ctrl Pts',(15.9643065834982,14.2146500187594,7.00310585524241));
#10035=CARTESIAN_POINT('Ctrl Pts',(15.9807532169991,14.2251604201292,7.00320371456757));
#10036=CARTESIAN_POINT('Ctrl Pts',(15.9871155632537,14.2292263472253,7.00324157124571));
#10037=CARTESIAN_POINT('Ctrl Pts',(15.9935348300105,14.2331255969999,7.00327890979647));
#10038=CARTESIAN_POINT('Ctrl Pts',(15.9999988565971,14.2368576213872,7.00331575705436));
#10039=CARTESIAN_POINT('Ctrl Pts',(15.7502186689042,13.8039456906543,6.98434001109114));
#10040=CARTESIAN_POINT('Ctrl Pts',(15.7501861762082,14.0926193041126,6.98666697779283));
#10041=CARTESIAN_POINT('Ctrl Pts',(16.0001557699998,14.2369502164331,6.99132110126072));
#10042=CARTESIAN_POINT('Ctrl Pts',(15.7408022634873,13.7985087158445,7.65869654529856));
#10043=CARTESIAN_POINT('Ctrl Pts',(15.7407649106138,14.0877838626199,7.66137157401859));
#10044=CARTESIAN_POINT('Ctrl Pts',(15.9915240650296,14.2319663228549,7.665677635468));
#10045=CARTESIAN_POINT('Ctrl Pts',(15.7313642191502,13.7930933775842,8.33460275228817));
#10046=CARTESIAN_POINT('Ctrl Pts',(15.7313268789095,14.0829739823257,8.33727687615382));
#10047=CARTESIAN_POINT('Ctrl Pts',(15.9828725243899,14.227002262783,8.34158384245764));
#10048=CARTESIAN_POINT('Ctrl Pts',(15.7219046664572,13.787699899232,9.01204928170193));
#10049=CARTESIAN_POINT('Ctrl Pts',(15.7218723788416,14.0781898738412,9.01436156155691));
#10050=CARTESIAN_POINT('Ctrl Pts',(15.9742012677567,14.2220582409626,9.0190303718715));
#10051=CARTESIAN_POINT('Ctrl Pts',(21.3251556145209,13.7560853151045,12.3822746037849));
#10052=CARTESIAN_POINT('Ctrl Pts',(21.3251558900003,13.7586164969522,12.3822943322612));
#10053=CARTESIAN_POINT('Ctrl Pts',(21.3251561654797,13.7611476787999,12.3823140607375));
#10054=CARTESIAN_POINT('Ctrl Pts',(21.3251881093516,14.0546569202964,12.3846017233664));
#10055=CARTESIAN_POINT('Ctrl Pts',(21.0689378281854,14.1977187055666,12.3892951509071));
#10056=CARTESIAN_POINT('Ctrl Pts',(21.0667279622989,14.1989524500039,12.389335626357));
#10057=CARTESIAN_POINT('Ctrl Pts',(21.0645180964124,14.2001861944411,12.3893761018069));
#10058=CARTESIAN_POINT('Ctrl Pts',(21.2997855723059,13.7702700164405,10.5653972516179));
#10059=CARTESIAN_POINT('Ctrl Pts',(21.2997861607155,13.7727905842302,10.5654393906154));
#10060=CARTESIAN_POINT('Ctrl Pts',(21.2997867491251,13.7753111520198,10.5654815296128));
#10061=CARTESIAN_POINT('Ctrl Pts',(21.299854882735,14.0671748197783,10.5703609232182));
#10062=CARTESIAN_POINT('Ctrl Pts',(21.0456825298474,14.210701889359,10.5724626197802));
#10063=CARTESIAN_POINT('Ctrl Pts',(21.0434874685346,14.2119414054362,10.5724807702705));
#10064=CARTESIAN_POINT('Ctrl Pts',(21.0412924072218,14.2131809215133,10.5724989207607));
#10065=CARTESIAN_POINT('Ctrl Pts',(21.2745670213828,13.7846118849345,8.75936895895836));
#10066=CARTESIAN_POINT('Ctrl Pts',(21.2745676030805,13.7871220087852,8.75941061727506));
#10067=CARTESIAN_POINT('Ctrl Pts',(21.2745681847781,13.789632132636,8.75945227559176));
#10068=CARTESIAN_POINT('Ctrl Pts',(21.2746354465053,14.0798778840518,8.76426922891848));
#10069=CARTESIAN_POINT('Ctrl Pts',(21.0225655125461,14.223829454912,8.76643336575819));
#10070=CARTESIAN_POINT('Ctrl Pts',(21.0203855435019,14.2250743870759,8.76645208179958));
#10071=CARTESIAN_POINT('Ctrl Pts',(21.0182055744578,14.2263193192397,8.76647079784098));
#10072=CARTESIAN_POINT('Ctrl Pts',(21.2495024159841,13.7991067118478,6.96436548581137));
#10073=CARTESIAN_POINT('Ctrl Pts',(21.2495026973989,13.8016065656731,6.96438563935503));
#10074=CARTESIAN_POINT('Ctrl Pts',(21.2495029788138,13.8041064194985,6.9644057928987));
#10075=CARTESIAN_POINT('Ctrl Pts',(21.2495354735195,14.0927621766494,6.96673290352674));
#10076=CARTESIAN_POINT('Ctrl Pts',(20.9995890737417,14.2370975512069,6.97138688306828));
#10077=CARTESIAN_POINT('Ctrl Pts',(20.9974244556867,14.2383475430373,6.97142718806228));
#10078=CARTESIAN_POINT('Ctrl Pts',(20.9952598376316,14.2395975348676,6.97146749305628));
#10079=CARTESIAN_POINT('Ctrl Pts',(21.250003735364,13.8038432847785,7.00000007641109));
#10080=CARTESIAN_POINT('Ctrl Pts',(21.2500036431307,13.823170911161,7.00001416957643));
#10081=CARTESIAN_POINT('Ctrl Pts',(21.2488794944885,13.8428019921264,7.00004735203306));
#10082=CARTESIAN_POINT('Ctrl Pts',(21.2465463097743,13.8625390049486,7.00009816465146));
#10083=CARTESIAN_POINT('Ctrl Pts',(21.2442538453216,13.8819315545491,7.0001480904549));
#10084=CARTESIAN_POINT('Ctrl Pts',(21.2407936565917,13.9014255151999,7.00021503213125));
#10085=CARTESIAN_POINT('Ctrl Pts',(21.236129515116,13.9208098436784,7.00029736263695));
#10086=CARTESIAN_POINT('Ctrl Pts',(21.2315039114868,13.9400340075741,7.00037901288019));
#10087=CARTESIAN_POINT('Ctrl Pts',(21.2256938971268,13.9591493595936,7.00047579308686));
#10088=CARTESIAN_POINT('Ctrl Pts',(21.2187141904783,13.9779402183713,7.00058594833211));
#10089=CARTESIAN_POINT('Ctrl Pts',(21.2117751244169,13.9966216640218,7.0006954621788));
#10090=CARTESIAN_POINT('Ctrl Pts',(21.2036800191088,14.0149813530806,7.00081818912136));
#10091=CARTESIAN_POINT('Ctrl Pts',(21.194494553128,14.0328127243434,7.00095233000211));
#10092=CARTESIAN_POINT('Ctrl Pts',(21.19083754637,14.0399119227234,7.00100573546989));
#10093=CARTESIAN_POINT('Ctrl Pts',(21.1870082726439,14.0469275241061,7.00106094985007));
#10094=CARTESIAN_POINT('Ctrl Pts',(21.183013043233,14.0538472843083,7.00111785999165));
#10095=CARTESIAN_POINT('Ctrl Pts',(21.1729838609841,14.0712178853546,7.00126072091978));
#10096=CARTESIAN_POINT('Ctrl Pts',(21.1619060248777,14.0879822582005,7.00141405517111));
#10097=CARTESIAN_POINT('Ctrl Pts',(21.1499098977259,14.1039667949271,7.00157378742048));
#10098=CARTESIAN_POINT('Ctrl Pts',(21.1378146794817,14.1200833680338,7.00173483909926));
#10099=CARTESIAN_POINT('Ctrl Pts',(21.1247867105222,14.1354064417873,7.00190238749941));
#10100=CARTESIAN_POINT('Ctrl Pts',(21.1109956717945,14.149797058711,7.00207269340822));
#10101=CARTESIAN_POINT('Ctrl Pts',(21.0971142332778,14.1642820056383,7.00224411566646));
#10102=CARTESIAN_POINT('Ctrl Pts',(21.0824606734884,14.1778218378265,7.00241832798366));
#10103=CARTESIAN_POINT('Ctrl Pts',(21.0672309665796,14.1903227373486,7.0025920439692));
#10104=CARTESIAN_POINT('Ctrl Pts',(21.0517590771563,14.2030224259412,7.00276852238308));
#10105=CARTESIAN_POINT('Ctrl Pts',(21.0356936276179,14.2146497730115,7.00294448798448));
#10106=CARTESIAN_POINT('Ctrl Pts',(21.0192480376843,14.2251596356264,7.00311707149283));
#10107=CARTESIAN_POINT('Ctrl Pts',(21.0128849039061,14.2292261155811,7.00318384756811));
#10108=CARTESIAN_POINT('Ctrl Pts',(21.0064648583161,14.2331258627827,7.00325012337083));
#10109=CARTESIAN_POINT('Ctrl Pts',(21.0000000679565,14.2368583326195,7.00331575485794));
#10110=CARTESIAN_POINT('Ctrl Pts',(18.6734522200761,16.8837148967707,4.76851485012415));
#10111=CARTESIAN_POINT('Ctrl Pts',(18.6627042494622,16.9094971442929,4.20613931511851));
#10112=CARTESIAN_POINT('Ctrl Pts',(18.1479033394786,16.6913113752742,4.27263351644695));
#10113=CARTESIAN_POINT('Ctrl Pts',(18.8246537953584,16.5210123383353,4.74722256911891));
#10114=CARTESIAN_POINT('Ctrl Pts',(18.8112746183934,16.5481200248302,4.2241559683054));
#10115=CARTESIAN_POINT('Ctrl Pts',(18.3495100530908,16.2956282700065,4.24660655866241));
#10116=CARTESIAN_POINT('Ctrl Pts',(19.0132094553487,16.177931216255,4.73821983149957));
#10117=CARTESIAN_POINT('Ctrl Pts',(19.0066166454956,16.1826664846229,4.25330457070543));
#10118=CARTESIAN_POINT('Ctrl Pts',(18.6009177698531,15.9213613653509,4.23560079645724));
#10119=CARTESIAN_POINT('Ctrl Pts',(19.346403363876,15.699068178932,4.79126539249027));
#10120=CARTESIAN_POINT('Ctrl Pts',(19.3744979801371,15.6609319525572,4.36807073877904));
#10121=CARTESIAN_POINT('Ctrl Pts',(19.0451803059103,15.3989642328951,4.30043050697831));
#10122=CARTESIAN_POINT('Ctrl Pts',(19.4673522087016,15.5438115325689,4.82078399316074));
#10123=CARTESIAN_POINT('Ctrl Pts',(19.5068831061935,15.4936530974639,4.41728133862805));
#10124=CARTESIAN_POINT('Ctrl Pts',(19.2064471607589,15.2295928494554,4.33650773754834));
#10125=CARTESIAN_POINT('Ctrl Pts',(19.716821643802,15.2556999086862,4.91186620832873));
#10126=CARTESIAN_POINT('Ctrl Pts',(19.7826895393714,15.1839957349515,4.54848314249081));
#10127=CARTESIAN_POINT('Ctrl Pts',(19.539076746624,14.9152882768202,4.44782871202461));
#10128=CARTESIAN_POINT('Ctrl Pts',(19.8456424307283,15.122094484378,4.97314408700527));
#10129=CARTESIAN_POINT('Ctrl Pts',(19.9267211262479,15.0394431339043,4.62963803268633));
#10130=CARTESIAN_POINT('Ctrl Pts',(19.7108397010117,14.7695365276773,4.52272331307889));
#10131=CARTESIAN_POINT('Ctrl Pts',(20.1065482349889,14.8759948529544,5.13903835708902));
#10132=CARTESIAN_POINT('Ctrl Pts',(20.2200959937133,14.7749219546269,4.83797331542012));
#10133=CARTESIAN_POINT('Ctrl Pts',(20.0587180733926,14.5010633850033,4.72548231860913));
#10134=CARTESIAN_POINT('Ctrl Pts',(20.2401476957275,14.7626183565268,5.24566600756234));
#10135=CARTESIAN_POINT('Ctrl Pts',(20.372175373945,14.6524964534675,4.96726838117289));
#10136=CARTESIAN_POINT('Ctrl Pts',(20.2368526607492,14.3773796206643,4.85580500868239));
#10137=CARTESIAN_POINT('Ctrl Pts',(20.4250200048077,14.6181482648162,5.43864083715664));
#10138=CARTESIAN_POINT('Ctrl Pts',(20.5840259540908,14.49732673655,5.19686785050643));
#10139=CARTESIAN_POINT('Ctrl Pts',(20.4833517827914,14.2197754300109,5.09166353642188));
#10140=CARTESIAN_POINT('Ctrl Pts',(20.4844664022152,14.5738114478445,5.50864418036779));
#10141=CARTESIAN_POINT('Ctrl Pts',(20.6522271409075,14.4498958996814,5.27920149962539));
#10142=CARTESIAN_POINT('Ctrl Pts',(20.562614523057,14.1714078464891,5.17722342013576));
#10143=CARTESIAN_POINT('Ctrl Pts',(20.5976419078923,14.4925069898427,5.66127579657976));
#10144=CARTESIAN_POINT('Ctrl Pts',(20.7823318628735,14.3632058624832,5.45755320190357));
#10145=CARTESIAN_POINT('Ctrl Pts',(20.7135168752578,14.0827117797906,5.3637737971521));
#10146=CARTESIAN_POINT('Ctrl Pts',(20.6510576180129,14.4557839824971,5.74370811992574));
#10147=CARTESIAN_POINT('Ctrl Pts',(20.8440347575527,14.3240814727567,5.55343006440619));
#10148=CARTESIAN_POINT('Ctrl Pts',(20.7847385931997,14.0426501901945,5.46452480325947));
#10149=CARTESIAN_POINT('Ctrl Pts',(20.7472754153553,14.3916393186539,5.91610769508474));
#10150=CARTESIAN_POINT('Ctrl Pts',(20.9553463880075,14.2559673453042,5.75313581377719));
#10151=CARTESIAN_POINT('Ctrl Pts',(20.9130303792145,13.9726739489072,5.6752362786369));
#10152=CARTESIAN_POINT('Ctrl Pts',(20.7905807749904,14.3638542557465,6.00670257637433));
#10153=CARTESIAN_POINT('Ctrl Pts',(21.00565970694,14.2265003310112,5.85781566547341));
#10154=CARTESIAN_POINT('Ctrl Pts',(20.9707714686759,13.9423628701644,5.7859638506404));
#10155=CARTESIAN_POINT('Ctrl Pts',(20.8665424317011,14.3162320762941,6.19704709798872));
#10156=CARTESIAN_POINT('Ctrl Pts',(21.0940084279798,14.1761381704701,6.07723024949501));
#10157=CARTESIAN_POINT('Ctrl Pts',(21.0720547508181,13.8904112116663,6.01860823958633));
#10158=CARTESIAN_POINT('Ctrl Pts',(20.8993974855256,14.2962803986188,6.29781064284053));
#10159=CARTESIAN_POINT('Ctrl Pts',(21.1323596901308,14.1550699367713,6.19323829929768));
#10160=CARTESIAN_POINT('Ctrl Pts',(21.1158619416154,13.8686456689344,6.14176427560634));
#10161=CARTESIAN_POINT('Ctrl Pts',(20.9784016055899,14.2489928114198,6.6093202392714));
#10162=CARTESIAN_POINT('Ctrl Pts',(21.2245656659704,14.1052734097224,6.55116311548892));
#10163=CARTESIAN_POINT('Ctrl Pts',(21.2212018581292,13.8170590106371,6.52250012259332));
#10164=CARTESIAN_POINT('Ctrl Pts',(21.0039827175294,14.2345762627627,6.82655321016422));
#10165=CARTESIAN_POINT('Ctrl Pts',(21.2546865020206,14.0901149335748,6.80086302317841));
#10166=CARTESIAN_POINT('Ctrl Pts',(21.2553103333625,13.8013318126454,6.78800849762314));
#10167=CARTESIAN_POINT('Ctrl Pts',(20.9995005839562,14.2371480880452,7.04954528848096));
#10168=CARTESIAN_POINT('Ctrl Pts',(21.2494285150343,14.0928170452087,7.05688640785556));
#10169=CARTESIAN_POINT('Ctrl Pts',(21.2493341053116,13.804137449104,7.06055565238346));
#10170=CARTESIAN_POINT('Ctrl Pts',(18.500023891298,16.0953650674188,4.24972821817266));
#10171=CARTESIAN_POINT('Ctrl Pts',(18.5047425894086,16.1155424541118,4.24972244910462));
#10172=CARTESIAN_POINT('Ctrl Pts',(18.5096816575133,16.1368027054477,4.25032947511998));
#10173=CARTESIAN_POINT('Ctrl Pts',(18.5148805071789,16.1591110810526,4.25174156866118));
#10174=CARTESIAN_POINT('Ctrl Pts',(18.5187324127258,16.1756396905069,4.25278780990566));
#10175=CARTESIAN_POINT('Ctrl Pts',(18.522726636223,16.1927432882196,4.25427673742605));
#10176=CARTESIAN_POINT('Ctrl Pts',(18.5268674283666,16.2103979397077,4.25629723144748));
#10177=CARTESIAN_POINT('Ctrl Pts',(18.5317369412435,16.2311595596531,4.25867330378192));
#10178=CARTESIAN_POINT('Ctrl Pts',(18.5368087948367,16.2526829772189,4.26178433218345));
#10179=CARTESIAN_POINT('Ctrl Pts',(18.5420615410951,16.2749097141363,4.2657856885249));
#10180=CARTESIAN_POINT('Ctrl Pts',(18.5446879142243,16.286023082595,4.26778636669563));
#10181=CARTESIAN_POINT('Ctrl Pts',(18.5473590180168,16.2973119535481,4.27000978684256));
#10182=CARTESIAN_POINT('Ctrl Pts',(18.5500688065768,16.3087669468416,4.27247591047493));
#10183=CARTESIAN_POINT('Ctrl Pts',(18.5514237008568,16.3144944434884,4.27370897229111));
#10184=CARTESIAN_POINT('Ctrl Pts',(18.5529002461151,16.3207538407803,4.27511171472901));
#10185=CARTESIAN_POINT('Ctrl Pts',(18.5543311696302,16.3268074120067,4.2765304189775));
#10186=CARTESIAN_POINT('Ctrl Pts',(18.5557620931452,16.332860983233,4.27794912322599));
#10187=CARTESIAN_POINT('Ctrl Pts',(18.5571469451447,16.3387086187429,4.27938321696506));
#10188=CARTESIAN_POINT('Ctrl Pts',(18.5583056074821,16.3436194620561,4.28062232764064));
#10189=CARTESIAN_POINT('Ctrl Pts',(18.5643573872754,16.3692691628997,4.28709429510411));
#10190=CARTESIAN_POINT('Ctrl Pts',(18.5705744196598,16.394885730762,4.29468389556518));
#10191=CARTESIAN_POINT('Ctrl Pts',(18.5767903422492,16.4203655846231,4.3034360096246));
#10192=CARTESIAN_POINT('Ctrl Pts',(18.5800951301177,16.4339123286055,4.30808920148018));
#10193=CARTESIAN_POINT('Ctrl Pts',(18.5833991133238,16.447420341543,4.31307029757932));
#10194=CARTESIAN_POINT('Ctrl Pts',(18.5866744930109,16.460873929541,4.31838066784389));
#10195=CARTESIAN_POINT('Ctrl Pts',(18.5913924874605,16.4802530426707,4.32602994817961));
#10196=CARTESIAN_POINT('Ctrl Pts',(18.5960512319983,16.4995190549277,4.33436330176275));
#10197=CARTESIAN_POINT('Ctrl Pts',(18.6005629861333,16.5186265993424,4.34336926172577));
#10198=CARTESIAN_POINT('Ctrl Pts',(18.6028188632009,16.5281803715497,4.34787224170727));
#10199=CARTESIAN_POINT('Ctrl Pts',(18.6050379226329,16.5376945667326,4.35254307580621));
#10200=CARTESIAN_POINT('Ctrl Pts',(18.6072089444429,16.547163859445,4.35737849944296));
#10201=CARTESIAN_POINT('Ctrl Pts',(18.6084395876138,16.5525315256543,4.36011945812391));
#10202=CARTESIAN_POINT('Ctrl Pts',(18.6095769967108,16.5575388396443,4.36273273087863));
#10203=CARTESIAN_POINT('Ctrl Pts',(18.6107524752789,16.5627746336797,4.36552083333245));
#10204=CARTESIAN_POINT('Ctrl Pts',(18.6116507006641,16.5667754919192,4.36765132253802));
#10205=CARTESIAN_POINT('Ctrl Pts',(18.6125710624018,16.570909521085,4.36988466211071));
#10206=CARTESIAN_POINT('Ctrl Pts',(18.6135666505347,16.575432021293,4.37237402657334));
#10207=CARTESIAN_POINT('Ctrl Pts',(18.6184182122965,16.5974704409477,4.38450485159876));
#10208=CARTESIAN_POINT('Ctrl Pts',(18.6232425076189,16.6181877077994,4.3973414322866));
#10209=CARTESIAN_POINT('Ctrl Pts',(18.6278876262593,16.637568885767,4.41071577640755));
#10210=CARTESIAN_POINT('Ctrl Pts',(18.632045217321,16.6549159157399,4.42268641868328));
#10211=CARTESIAN_POINT('Ctrl Pts',(18.6360596555769,16.6711930098824,4.43508701133053));
#10212=CARTESIAN_POINT('Ctrl Pts',(18.6398525042786,16.6864048399225,4.44778731937337));
#10213=CARTESIAN_POINT('Ctrl Pts',(18.6438677315545,16.7025085550179,4.46123225938432));
#10214=CARTESIAN_POINT('Ctrl Pts',(18.6476343116368,16.7174184908514,4.47501244561942));
#10215=CARTESIAN_POINT('Ctrl Pts',(18.6510958353579,16.7311553910046,4.48897271734538));
#10216=CARTESIAN_POINT('Ctrl Pts',(18.6528265972185,16.7380238410812,4.49595285320836));
#10217=CARTESIAN_POINT('Ctrl Pts',(18.6544816835088,16.7445992570372,4.50297806560183));
#10218=CARTESIAN_POINT('Ctrl Pts',(18.6560574434246,16.7508854134626,4.51002968594055));
#10219=CARTESIAN_POINT('Ctrl Pts',(18.6568453233825,16.7540284916753,4.51355549610991));
#10220=CARTESIAN_POINT('Ctrl Pts',(18.6576133919379,16.7570992645543,4.51708789553307));
#10221=CARTESIAN_POINT('Ctrl Pts',(18.6583614130338,16.7600982662775,4.52062465914287));
#10222=CARTESIAN_POINT('Ctrl Pts',(18.658805314556,16.7618779773542,4.52272349667372));
#10223=CARTESIAN_POINT('Ctrl Pts',(18.6591459564228,16.7632648310859,4.52437520975866));
#10224=CARTESIAN_POINT('Ctrl Pts',(18.6595571371338,16.7649148745704,4.52637677545902));
#10225=CARTESIAN_POINT('Ctrl Pts',(18.6598388394851,16.7660453291782,4.5277480600282));
#10226=CARTESIAN_POINT('Ctrl Pts',(18.6601532625842,16.7672990750425,4.52928380737036));
#10227=CARTESIAN_POINT('Ctrl Pts',(18.6605451747106,16.7688805226411,4.53124579142711));
#10228=CARTESIAN_POINT('Ctrl Pts',(18.6638372259445,16.7821646395816,4.5477264042955));
#10229=CARTESIAN_POINT('Ctrl Pts',(18.6668508470847,16.7939228933964,4.56454772996558));
#10230=CARTESIAN_POINT('Ctrl Pts',(18.6695104884157,16.8041751829421,4.58152501785376));
#10231=CARTESIAN_POINT('Ctrl Pts',(18.6722198385016,16.8146190880044,4.59881961162503));
#10232=CARTESIAN_POINT('Ctrl Pts',(18.6745618967365,16.8235004511295,4.61627512718484));
#10233=CARTESIAN_POINT('Ctrl Pts',(18.6765088936558,16.8308551211172,4.63370264867227));
#10234=CARTESIAN_POINT('Ctrl Pts',(18.6784841757099,16.8383166365914,4.65138334970591));
#10235=CARTESIAN_POINT('Ctrl Pts',(18.6800532460808,16.8442070853123,4.66903443206051));
#10236=CARTESIAN_POINT('Ctrl Pts',(18.6812366766465,16.8485747528502,4.68647851222515));
#10237=CARTESIAN_POINT('Ctrl Pts',(18.682457061926,16.8530788085364,4.70446731466379));
#10238=CARTESIAN_POINT('Ctrl Pts',(18.683267930204,16.8559638044263,4.72223529217997));
#10239=CARTESIAN_POINT('Ctrl Pts',(18.6837366338861,16.857289374993,4.73962072612317));
#10240=CARTESIAN_POINT('Ctrl Pts',(18.6839860261807,16.8579946971357,4.74887133248717));
#10241=CARTESIAN_POINT('Ctrl Pts',(18.684139239151,16.8582585970345,4.75801425289559));
#10242=CARTESIAN_POINT('Ctrl Pts',(18.684210370989,16.8580903566418,4.76702956881666));
#10243=CARTESIAN_POINT('Origin',(18.5,20.6393596310755,14.6382366094915));
#10244=CARTESIAN_POINT('Ctrl Pts',(18.677554351218,16.8189160080797,4.90261993952148));
#10245=CARTESIAN_POINT('Ctrl Pts',(18.5006532439377,17.0287177886828,5.16644498825473));
#10246=CARTESIAN_POINT('Ctrl Pts',(18.322756917888,16.8192838098871,4.90308244910289));
#10247=CARTESIAN_POINT('Ctrl Pts',(18.6865289780401,16.8608848473348,4.83153803357686));
#10248=CARTESIAN_POINT('Ctrl Pts',(18.5009431245309,17.3902143926028,4.9959956570393));
#10249=CARTESIAN_POINT('Ctrl Pts',(18.3137090783146,16.8615604006094,4.83174792151253));
#10250=CARTESIAN_POINT('Ctrl Pts',(18.6863022591804,16.8641468128879,4.75261426047561));
#10251=CARTESIAN_POINT('Ctrl Pts',(18.500905319641,17.3490166375839,4.70146917211413));
#10252=CARTESIAN_POINT('Ctrl Pts',(18.3139451227939,16.8647906486365,4.75254634732744));
#10253=CARTESIAN_POINT('Ctrl Pts',(18.6797403995843,16.8408840355866,4.65947100873171));
#10254=CARTESIAN_POINT('Ctrl Pts',(18.5007327421483,17.1635860150564,4.4817669235263));
#10255=CARTESIAN_POINT('Ctrl Pts',(18.3205440224718,16.841394680721,4.65918980894906));
#10256=CARTESIAN_POINT('Ctrl Pts',(18.6773336375098,16.8317777164535,4.63596542346993));
#10257=CARTESIAN_POINT('Ctrl Pts',(18.5006853273339,17.1133034343938,4.44777716784995));
#10258=CARTESIAN_POINT('Ctrl Pts',(18.3229623473692,16.8322476067502,4.63565132131283));
#10259=CARTESIAN_POINT('Ctrl Pts',(18.6717550107665,16.8101162277327,4.59197084451153));
#10260=CARTESIAN_POINT('Ctrl Pts',(18.5005994980393,17.0234375895759,4.4002448116269));
#10261=CARTESIAN_POINT('Ctrl Pts',(18.3285623393734,16.8105103796339,4.59161659409931));
#10262=CARTESIAN_POINT('Ctrl Pts',(18.6686456034846,16.7977999392879,4.57204250640464));
#10263=CARTESIAN_POINT('Ctrl Pts',(18.5005611774976,16.9835887925029,4.38550895370202));
#10264=CARTESIAN_POINT('Ctrl Pts',(18.3316812236863,16.7981599892628,4.57168101323777));
#10265=CARTESIAN_POINT('Ctrl Pts',(18.662057633426,16.7714416028531,4.53520522312041));
#10266=CARTESIAN_POINT('Ctrl Pts',(18.5004949012801,16.9132935251898,4.36308051065081));
#10267=CARTESIAN_POINT('Ctrl Pts',(18.3382845140485,16.7717410906089,4.53484182132049));
#10268=CARTESIAN_POINT('Ctrl Pts',(18.6585642859085,16.7573379133251,4.5182391959057));
#10269=CARTESIAN_POINT('Ctrl Pts',(18.5004657377457,16.8816896326792,4.35488293015648));
#10270=CARTESIAN_POINT('Ctrl Pts',(18.3417837514272,16.7576108565093,4.51788064051489));
#10271=CARTESIAN_POINT('Ctrl Pts',(18.6476229573008,16.7129192763629,4.47052110648494));
#10272=CARTESIAN_POINT('Ctrl Pts',(18.5003908109144,16.7972366742505,4.33479700478701));
#10273=CARTESIAN_POINT('Ctrl Pts',(18.3527364552849,16.7131245610594,4.47019066363767));
#10274=CARTESIAN_POINT('Ctrl Pts',(18.6398827499087,16.681188820497,4.44356980737426));
#10275=CARTESIAN_POINT('Ctrl Pts',(18.5003499358677,16.7468923948305,4.32497815398787));
#10276=CARTESIAN_POINT('Ctrl Pts',(18.3604776050046,16.6813580808643,4.44326430090523));
#10277=CARTESIAN_POINT('Ctrl Pts',(18.6239252070193,16.6154476792176,4.39599313965088));
#10278=CARTESIAN_POINT('Ctrl Pts',(18.5002824908555,16.6550784189116,4.30776884525373));
#10279=CARTESIAN_POINT('Ctrl Pts',(18.3764250577675,16.6155596923666,4.39574378066805));
#10280=CARTESIAN_POINT('Ctrl Pts',(18.6156756605522,16.5812969444011,4.37536669338579));
#10281=CARTESIAN_POINT('Ctrl Pts',(18.5002538284425,16.611788398781,4.30016794920698));
#10282=CARTESIAN_POINT('Ctrl Pts',(18.3846639472044,16.5813864630982,4.37514592026303));
#10283=CARTESIAN_POINT('Ctrl Pts',(18.573270999029,16.4051167110199,4.28437739655944));
#10284=CARTESIAN_POINT('Ctrl Pts',(18.5001380854447,16.4208498943777,4.26907681366739));
#10285=CARTESIAN_POINT('Ctrl Pts',(18.4269793470166,16.4051704668072,4.28432511884419));
#10286=CARTESIAN_POINT('Ctrl Pts',(18.537040230878,16.252510286635,4.24999999999991));
#10287=CARTESIAN_POINT('Ctrl Pts',(18.5000665448225,16.2544059769562,4.24999999999993));
#10288=CARTESIAN_POINT('Ctrl Pts',(18.4630925039123,16.2525170798974,4.24999999999995));
#10289=CARTESIAN_POINT('Ctrl Pts',(18.5,16.0952624903446,4.24999999999989));
#10290=CARTESIAN_POINT('Ctrl Pts',(18.5,16.0952624903446,4.24999999999989));
#10291=CARTESIAN_POINT('Ctrl Pts',(18.5,16.0952624903446,4.24999999999989));
#10292=CARTESIAN_POINT('Origin',(30.95,0.,13.));
#10293=CARTESIAN_POINT('',(30.8941458342033,0.,9.));
#10294=CARTESIAN_POINT('Origin',(24.3337812486951,1.07441013593726E-14,
13.));
#10295=CARTESIAN_POINT('',(24.25,30.8,7.));
#10296=CARTESIAN_POINT('Origin',(21.7157577109114,21.7157577109115,13.));
#10297=CARTESIAN_POINT('',(13.4662187513074,30.0837812487011,6.9999999995726));
#10298=CARTESIAN_POINT('',(21.775,21.7750000000001,7.));
#10299=CARTESIAN_POINT('',(13.4315154218228,30.,13.));
#10300=CARTESIAN_POINT('Origin',(18.5,30.7999999999993,7.));
#10301=CARTESIAN_POINT('',(23.533781248666,30.0837812486934,6.99999999957279));
#10302=CARTESIAN_POINT('',(24.2499999999845,30.7999999999998,7.));
#10303=CARTESIAN_POINT('Origin',(18.4999999999869,30.0847629292333,6.92969687914743));
#10304=CARTESIAN_POINT('Ctrl Pts',(21.2495024159842,24.2008932881523,6.96436548581661));
#10305=CARTESIAN_POINT('Ctrl Pts',(21.249502697399,24.1983934343269,6.96438563936027));
#10306=CARTESIAN_POINT('Ctrl Pts',(21.2495029788139,24.1958935805016,6.96440579290394));
#10307=CARTESIAN_POINT('Ctrl Pts',(21.2495354735196,23.9072378233507,6.96673290353198));
#10308=CARTESIAN_POINT('Ctrl Pts',(20.9995890737418,23.7629024487931,6.97138688307351));
#10309=CARTESIAN_POINT('Ctrl Pts',(20.9974244556867,23.7616524569628,6.97142718806751));
#10310=CARTESIAN_POINT('Ctrl Pts',(20.9952598376317,23.7604024651324,6.97146749306151));
#10311=CARTESIAN_POINT('Ctrl Pts',(21.274567021383,24.21538811507,8.7593689589618));
#10312=CARTESIAN_POINT('Ctrl Pts',(21.2745676030806,24.2128779912192,8.7594106172785));
#10313=CARTESIAN_POINT('Ctrl Pts',(21.2745681847781,24.2103678673683,8.7594522755952));
#10314=CARTESIAN_POINT('Ctrl Pts',(21.2746354465015,23.9201221159354,8.76426922892209));
#10315=CARTESIAN_POINT('Ctrl Pts',(21.0225655125424,23.7761705450859,8.76643336576172));
#10316=CARTESIAN_POINT('Ctrl Pts',(21.0203855434983,23.7749256129221,8.76645208180311));
#10317=CARTESIAN_POINT('Ctrl Pts',(21.0182055744542,23.7736806807584,8.7664707978445));
#10318=CARTESIAN_POINT('Ctrl Pts',(21.2997855723059,24.2297299835635,10.5653972516196));
#10319=CARTESIAN_POINT('Ctrl Pts',(21.2997861607155,24.2272094157736,10.5654393906171));
#10320=CARTESIAN_POINT('Ctrl Pts',(21.2997867491251,24.2246888479838,10.5654815296145));
#10321=CARTESIAN_POINT('Ctrl Pts',(21.2998548827331,23.9328251802003,10.5703609232201));
#10322=CARTESIAN_POINT('Ctrl Pts',(21.0456825298637,23.7892981106501,10.5724626197817));
#10323=CARTESIAN_POINT('Ctrl Pts',(21.0434874685511,23.7880585945732,10.5724807702719));
#10324=CARTESIAN_POINT('Ctrl Pts',(21.0412924072384,23.7868190784963,10.5724989207622));
#10325=CARTESIAN_POINT('Ctrl Pts',(21.3251556145209,24.2439146848955,12.3822746037847));
#10326=CARTESIAN_POINT('Ctrl Pts',(21.3251558900003,24.2413835030478,12.382294332261));
#10327=CARTESIAN_POINT('Ctrl Pts',(21.3251561654797,24.2388523212001,12.3823140607373));
#10328=CARTESIAN_POINT('Ctrl Pts',(21.3251881093516,23.9453430797036,12.3846017233662));
#10329=CARTESIAN_POINT('Ctrl Pts',(21.0689378281854,23.8022812944334,12.3892951509069));
#10330=CARTESIAN_POINT('Ctrl Pts',(21.0667279622989,23.8010475499961,12.3893356263568));
#10331=CARTESIAN_POINT('Ctrl Pts',(21.0645180964124,23.7998138055589,12.3893761018067));
#10332=CARTESIAN_POINT('Ctrl Pts',(21.250005479578,24.1961576576451,6.99999992081781));
#10333=CARTESIAN_POINT('Ctrl Pts',(21.2500053338049,24.1768162933935,7.00015654205755));
#10334=CARTESIAN_POINT('Ctrl Pts',(21.2488795306845,24.1571719490933,7.00031126324184));
#10335=CARTESIAN_POINT('Ctrl Pts',(21.2465431993222,24.137422333563,7.00046343003787));
#10336=CARTESIAN_POINT('Ctrl Pts',(21.2442476008892,24.1180170440599,7.00061294387145));
#10337=CARTESIAN_POINT('Ctrl Pts',(21.2407827956594,24.0985109774847,7.00075998842091));
#10338=CARTESIAN_POINT('Ctrl Pts',(21.2361126760117,24.0791153296679,7.00090399072913));
#10339=CARTESIAN_POINT('Ctrl Pts',(21.2314811092679,24.0598797973522,7.00104680426542));
#10340=CARTESIAN_POINT('Ctrl Pts',(21.2256637757895,24.0407538517735,7.00118662267429));
#10341=CARTESIAN_POINT('Ctrl Pts',(21.2186755192608,24.0219532969738,7.00132298005568));
#10342=CARTESIAN_POINT('Ctrl Pts',(21.2117279430597,24.0032621847404,7.00145854366785));
#10343=CARTESIAN_POINT('Ctrl Pts',(21.2036231082746,23.98489371649,7.0015906842043));
#10344=CARTESIAN_POINT('Ctrl Pts',(21.1944268146756,23.9670545522752,7.00171907475311));
#10345=CARTESIAN_POINT('Ctrl Pts',(21.1907907248651,23.9600011885988,7.00176983863546));
#10346=CARTESIAN_POINT('Ctrl Pts',(21.1869845634612,23.9530304271661,7.00182001790159));
#10347=CARTESIAN_POINT('Ctrl Pts',(21.183014515459,23.9461542683377,7.00186959903494));
#10348=CARTESIAN_POINT('Ctrl Pts',(21.1729850172,23.9287830871936,7.00199485542741));
#10349=CARTESIAN_POINT('Ctrl Pts',(21.1619067290963,23.9120180340032,7.00211628256197));
#10350=CARTESIAN_POINT('Ctrl Pts',(21.1499099777215,23.8960327637715,7.00223377865277));
#10351=CARTESIAN_POINT('Ctrl Pts',(21.1378142786463,23.8799156490363,7.00235224383659));
#10352=CARTESIAN_POINT('Ctrl Pts',(21.1247856764198,23.8645919605122,7.00246671296359));
#10353=CARTESIAN_POINT('Ctrl Pts',(21.1109938244056,23.8502007108784,7.00257725553592));
#10354=CARTESIAN_POINT('Ctrl Pts',(21.097111692416,23.8357152576771,7.00268852170801));
#10355=CARTESIAN_POINT('Ctrl Pts',(21.0824572705413,23.8221748844971,7.00279581111374));
#10356=CARTESIAN_POINT('Ctrl Pts',(21.0672265179791,23.8096734693192,7.00289935880013));
#10357=CARTESIAN_POINT('Ctrl Pts',(21.0517538230895,23.7969734676649,7.00300455135392));
#10358=CARTESIAN_POINT('Ctrl Pts',(21.0356873983342,23.7853457985417,7.0031058845681));
#10359=CARTESIAN_POINT('Ctrl Pts',(21.0192406571046,23.7748356651124,7.0032037467936));
#10360=CARTESIAN_POINT('Ctrl Pts',(21.0128803162742,23.7707711498477,7.00324159241297));
#10361=CARTESIAN_POINT('Ctrl Pts',(21.0064630953963,23.7668732052279,7.00327892022966));
#10362=CARTESIAN_POINT('Ctrl Pts',(21.0000011434029,23.7631423786128,7.00331575705291));
#10363=CARTESIAN_POINT('Origin',(18.5,-12.5224797863682,7.));
#10364=CARTESIAN_POINT('',(15.7499990666175,24.1961678947497,6.99999995612452));
#10365=CARTESIAN_POINT('',(15.7500000000206,29.4999999999819,7.));
#10366=CARTESIAN_POINT('',(15.75,-12.5224797863682,7.));
#10367=CARTESIAN_POINT('Origin',(18.5,29.5,7.));
#10368=CARTESIAN_POINT('',(18.5001669448951,21.9046122718321,4.24982270920056));
#10369=CARTESIAN_POINT('Ctrl Pts',(21.2500054795782,24.1961576576452,6.99999991980823));
#10370=CARTESIAN_POINT('Ctrl Pts',(21.2500220574914,24.1961587021923,6.93343121454649));
#10371=CARTESIAN_POINT('Ctrl Pts',(21.2476505258474,24.1950523386099,6.86718644679376));
#10372=CARTESIAN_POINT('Ctrl Pts',(21.2429207137769,24.1928256419815,6.80143057209977));
#10373=CARTESIAN_POINT('Ctrl Pts',(21.2398990935129,24.1914031263394,6.75942271206391));
#10374=CARTESIAN_POINT('Ctrl Pts',(21.235915953604,24.1895238188943,6.71761421846794));
#10375=CARTESIAN_POINT('Ctrl Pts',(21.2309889374316,24.1871891947762,6.67604636908828));
#10376=CARTESIAN_POINT('Ctrl Pts',(21.2232189711579,24.1835074632729,6.61049334948097));
#10377=CARTESIAN_POINT('Ctrl Pts',(21.2131002366644,24.1786746644372,6.54554685836571));
#10378=CARTESIAN_POINT('Ctrl Pts',(21.2007418644669,24.1727173834891,6.48136403607178));
#10379=CARTESIAN_POINT('Ctrl Pts',(21.1929968973918,24.1689839674645,6.44114079004012));
#10380=CARTESIAN_POINT('Ctrl Pts',(21.1843732408839,24.1648093944266,6.40121730578759));
#10381=CARTESIAN_POINT('Ctrl Pts',(21.1749067693289,24.160205133977,6.36163057171398));
#10382=CARTESIAN_POINT('Ctrl Pts',(21.1673347473554,24.1565222875127,6.32996601554658));
#10383=CARTESIAN_POINT('Ctrl Pts',(21.1592428257542,24.1525739982546,6.29858680077812));
#10384=CARTESIAN_POINT('Ctrl Pts',(21.1505975950356,24.1483405202162,6.26731153332995));
#10385=CARTESIAN_POINT('Ctrl Pts',(21.1452926743675,24.1457427566775,6.24812028001515));
#10386=CARTESIAN_POINT('Ctrl Pts',(21.1398017307772,24.1430477901614,6.22905233211513));
#10387=CARTESIAN_POINT('Ctrl Pts',(21.134114281939,24.1402481971023,6.21006650126568));
#10388=CARTESIAN_POINT('Ctrl Pts',(21.1275723945272,24.1370280147126,6.18822838520144));
#10389=CARTESIAN_POINT('Ctrl Pts',(21.120772779197,24.1336705047339,6.16650806833283));
#10390=CARTESIAN_POINT('Ctrl Pts',(21.1137187681118,24.1301737457856,6.14491312956603));
#10391=CARTESIAN_POINT('Ctrl Pts',(21.1044677107348,24.1255878843129,6.11659221892788));
#10392=CARTESIAN_POINT('Ctrl Pts',(21.0947789249539,24.1207624325681,6.08848656924178));
#10393=CARTESIAN_POINT('Ctrl Pts',(21.0846610319709,24.115693525534,6.06061064785424));
#10394=CARTESIAN_POINT('Ctrl Pts',(21.0669255957119,24.1068083477843,6.01174754683481));
#10395=CARTESIAN_POINT('Ctrl Pts',(21.047872662628,24.0971478769639,5.96359582386085));
#10396=CARTESIAN_POINT('Ctrl Pts',(21.0275610219645,24.0867263367384,5.91622222640497));
#10397=CARTESIAN_POINT('Ctrl Pts',(21.018702660696,24.082181269709,5.89556153986524));
#10398=CARTESIAN_POINT('Ctrl Pts',(21.0097504506411,24.0775694665757,5.87537788051438));
#10399=CARTESIAN_POINT('Ctrl Pts',(21.0005265898866,24.0727972995596,5.85523988152636));
#10400=CARTESIAN_POINT('Ctrl Pts',(20.9913488148814,24.0680489760184,5.83520249927568));
#10401=CARTESIAN_POINT('Ctrl Pts',(20.9819020308285,24.0631419545779,5.81521032743975));
#10402=CARTESIAN_POINT('Ctrl Pts',(20.9719735800687,24.0579603630823,5.79486376665435));
#10403=CARTESIAN_POINT('Ctrl Pts',(20.9690007364541,24.0564088560483,5.78877146234876));
#10404=CARTESIAN_POINT('Ctrl Pts',(20.9659844534618,24.0548325652677,5.78264755919363));
#10405=CARTESIAN_POINT('Ctrl Pts',(20.9629183589812,24.0532279387362,5.77648178612598));
#10406=CARTESIAN_POINT('Ctrl Pts',(20.9377847314448,24.040074369649,5.72593923281002));
#10407=CARTESIAN_POINT('Ctrl Pts',(20.9113786916868,24.0260693776973,5.67675110133733));
#10408=CARTESIAN_POINT('Ctrl Pts',(20.8837234938338,24.0111739335936,5.62871332562771));
#10409=CARTESIAN_POINT('Ctrl Pts',(20.87259732359,24.0051812356627,5.60938688748324));
#10410=CARTESIAN_POINT('Ctrl Pts',(20.8612685098168,23.9990441562017,5.5902469377741));
#10411=CARTESIAN_POINT('Ctrl Pts',(20.8497367955011,23.9927591113452,5.57128134671356));
#10412=CARTESIAN_POINT('Ctrl Pts',(20.8207243262472,23.9769466600768,5.52356609705842));
#10413=CARTESIAN_POINT('Ctrl Pts',(20.7904439304554,23.9601907741925,5.47708422370942));
#10414=CARTESIAN_POINT('Ctrl Pts',(20.7590834114285,23.942533319782,5.43190973459184));
#10415=CARTESIAN_POINT('Ctrl Pts',(20.7277190031901,23.9248736755615,5.38672964310696));
#10416=CARTESIAN_POINT('Ctrl Pts',(20.6952729961505,23.9063118560164,5.34285622437316));
#10417=CARTESIAN_POINT('Ctrl Pts',(20.6619065301711,23.8868667224688,5.30039958275108));
#10418=CARTESIAN_POINT('Ctrl Pts',(20.6543275438488,23.8824498806826,5.29075581926881));
#10419=CARTESIAN_POINT('Ctrl Pts',(20.6467010003153,23.8779873843486,5.28118533714791));
#10420=CARTESIAN_POINT('Ctrl Pts',(20.6390286956132,23.8734793202223,5.27168977340778));
#10421=CARTESIAN_POINT('Ctrl Pts',(20.635734128573,23.8715435108322,5.26761228006764));
#10422=CARTESIAN_POINT('Ctrl Pts',(20.6324300461074,23.8695987242165,5.26354677599921));
#10423=CARTESIAN_POINT('Ctrl Pts',(20.6291163937158,23.8676448569644,5.25949312791058));
#10424=CARTESIAN_POINT('Ctrl Pts',(20.5833321850136,23.8406485835252,5.20348451621465));
#10425=CARTESIAN_POINT('Ctrl Pts',(20.5358845309045,23.8120146024538,5.14994554352796));
#10426=CARTESIAN_POINT('Ctrl Pts',(20.4870322675416,23.7817191120903,5.09888864866025));
#10427=CARTESIAN_POINT('Ctrl Pts',(20.4593463541521,23.7645498293477,5.06995331031691));
#10428=CARTESIAN_POINT('Ctrl Pts',(20.4312098041404,23.7468473056045,5.04181440254327));
#10429=CARTESIAN_POINT('Ctrl Pts',(20.4026730684742,23.7286105581988,5.0144685360116));
#10430=CARTESIAN_POINT('Ctrl Pts',(20.3512499427435,23.6957479853478,4.96519135345892));
#10431=CARTESIAN_POINT('Ctrl Pts',(20.2983044623374,23.6609813014318,4.91836738928255));
#10432=CARTESIAN_POINT('Ctrl Pts',(20.244900100121,23.6248700573061,4.87451247210261));
#10433=CARTESIAN_POINT('Ctrl Pts',(20.2362817111115,23.6190424294387,4.86743517128762));
#10434=CARTESIAN_POINT('Ctrl Pts',(20.2276513721119,23.6131798223245,4.86043509105932));
#10435=CARTESIAN_POINT('Ctrl Pts',(20.2190135391911,23.6072846238651,4.85351427304371));
#10436=CARTESIAN_POINT('Ctrl Pts',(20.1953791980698,23.5911545212518,4.83457792925008));
#10437=CARTESIAN_POINT('Ctrl Pts',(20.1715373645398,23.57467827415,4.81611396666753));
#10438=CARTESIAN_POINT('Ctrl Pts',(20.1475794688923,23.5578969148831,4.79818668072318));
#10439=CARTESIAN_POINT('Ctrl Pts',(20.0989615705729,23.523842403982,4.76180673408656));
#10440=CARTESIAN_POINT('Ctrl Pts',(20.0497081812748,23.4884411973103,4.7274557169368));
#10441=CARTESIAN_POINT('Ctrl Pts',(20.0000085634263,23.45169920382,4.69511296173127));
#10442=CARTESIAN_POINT('Ctrl Pts',(19.9627907010001,23.4241847375486,4.67089289192318));
#10443=CARTESIAN_POINT('Ctrl Pts',(19.9253229338416,23.3959186413842,4.64779791015442));
#10444=CARTESIAN_POINT('Ctrl Pts',(19.8876892418137,23.3669083370715,4.62580148932126));
#10445=CARTESIAN_POINT('Ctrl Pts',(19.8491655069909,23.3372119344533,4.60328484964114));
#10446=CARTESIAN_POINT('Ctrl Pts',(19.8104453699707,23.3067130862173,4.58190521498243));
#10447=CARTESIAN_POINT('Ctrl Pts',(19.7716265336392,23.2754359917549,4.56165525560019));
#10448=CARTESIAN_POINT('Ctrl Pts',(19.7012380962462,23.2187226532457,4.52493692159312));
#10449=CARTESIAN_POINT('Ctrl Pts',(19.6304900174549,23.1594296113182,4.49191543921247));
#10450=CARTESIAN_POINT('Ctrl Pts',(19.5597828399556,23.0975563338653,4.46239256126477));
#10451=CARTESIAN_POINT('Ctrl Pts',(19.5157214314525,23.058999799017,4.44399528348553));
#10452=CARTESIAN_POINT('Ctrl Pts',(19.4716766890515,23.0194417609014,4.42695567255076));
#10453=CARTESIAN_POINT('Ctrl Pts',(19.4277434963154,22.9788758318984,4.41121528281861));
#10454=CARTESIAN_POINT('Ctrl Pts',(19.4095285624634,22.9620569833827,4.4046892340632));
#10455=CARTESIAN_POINT('Ctrl Pts',(19.391067346546,22.9448170544582,4.39829423242472));
#10456=CARTESIAN_POINT('Ctrl Pts',(19.3727300068161,22.9274890205636,4.39215753251804));
#10457=CARTESIAN_POINT('Ctrl Pts',(19.3526661374647,22.9085294869944,4.38544303919509));
#10458=CARTESIAN_POINT('Ctrl Pts',(19.3328112693317,22.8895233833065,4.37905523444128));
#10459=CARTESIAN_POINT('Ctrl Pts',(19.3136225775759,22.8709291136496,4.37310650974032));
#10460=CARTESIAN_POINT('Ctrl Pts',(19.241876382343,22.8014054526309,4.35086432829231));
#10461=CARTESIAN_POINT('Ctrl Pts',(19.1712475770244,22.7297610427545,4.33217517203984));
#10462=CARTESIAN_POINT('Ctrl Pts',(19.1018861811893,22.6559090056695,4.31662497269551));
#10463=CARTESIAN_POINT('Ctrl Pts',(19.036340830287,22.586120074416,4.30193029620647));
#10464=CARTESIAN_POINT('Ctrl Pts',(18.9719273335594,22.514359715546,4.29003863867068));
#10465=CARTESIAN_POINT('Ctrl Pts',(18.9087857177359,22.4405521138275,4.28055214630052));
#10466=CARTESIAN_POINT('Ctrl Pts',(18.9051096180614,22.4362550413324,4.27999984349581));
#10467=CARTESIAN_POINT('Ctrl Pts',(18.9014378333308,22.4319510289209,4.27945567886753));
#10468=CARTESIAN_POINT('Ctrl Pts',(18.8977703926084,22.4276400613858,4.27891956853379));
#10469=CARTESIAN_POINT('Ctrl Pts',(18.8347020986195,22.3535051568419,4.26970017912908));
#10470=CARTESIAN_POINT('Ctrl Pts',(18.7729055845679,22.2771646234066,4.26288032539016));
#10471=CARTESIAN_POINT('Ctrl Pts',(18.7126362414357,22.1987866376151,4.25818398709677));
#10472=CARTESIAN_POINT('Ctrl Pts',(18.6540604473126,22.1226110478226,4.25361961438736));
#10473=CARTESIAN_POINT('Ctrl Pts',(18.5969271889402,22.0445108294783,4.25106120107583));
#10474=CARTESIAN_POINT('Ctrl Pts',(18.5414951449349,21.9646648306648,4.2502197496477));
#10475=CARTESIAN_POINT('Ctrl Pts',(18.5276615444288,21.9447384925798,4.2500097573389));
#10476=CARTESIAN_POINT('Ctrl Pts',(18.5139340171109,21.9247035522767,4.2499065152917));
#10477=CARTESIAN_POINT('Ctrl Pts',(18.5003168300264,21.9045630447079,4.24990515980781));
#10478=CARTESIAN_POINT('Ctrl Pts',(18.5000000570614,21.9047375485098,4.25));
#10479=CARTESIAN_POINT('Ctrl Pts',(18.4390997207105,21.99479981136,4.24999999873634));
#10480=CARTESIAN_POINT('Ctrl Pts',(18.3761645112692,22.0825171263399,4.25202176890975));
#10481=CARTESIAN_POINT('Ctrl Pts',(18.3113591755331,22.1678894885928,4.2564776947609));
#10482=CARTESIAN_POINT('Ctrl Pts',(18.2503216789286,22.2482982267306,4.26067454916987));
#10483=CARTESIAN_POINT('Ctrl Pts',(18.1876252745911,22.3266267605746,4.26703125287996));
#10484=CARTESIAN_POINT('Ctrl Pts',(18.1234577496484,22.4028750860669,4.27590089502966));
#10485=CARTESIAN_POINT('Ctrl Pts',(18.1194966941513,22.4075818882867,4.27644841723542));
#10486=CARTESIAN_POINT('Ctrl Pts',(18.1155300493704,22.4122807637026,4.27700551661964));
#10487=CARTESIAN_POINT('Ctrl Pts',(18.1115578660946,22.4169717123136,4.27757227669732));
#10488=CARTESIAN_POINT('Ctrl Pts',(18.0493187411068,22.4904729877178,4.28645269556601));
#10489=CARTESIAN_POINT('Ctrl Pts',(17.9857144828975,22.5620281567898,4.29770516508406));
#10490=CARTESIAN_POINT('Ctrl Pts',(17.920965174674,22.6316372195296,4.31165131148138));
#10491=CARTESIAN_POINT('Ctrl Pts',(17.8791013747516,22.6766431038439,4.32066822144515));
#10492=CARTESIAN_POINT('Ctrl Pts',(17.8367599020789,22.7208354581213,4.33081119041237));
#10493=CARTESIAN_POINT('Ctrl Pts',(17.7940118775945,22.764214282362,4.34216615059889));
#10494=CARTESIAN_POINT('Ctrl Pts',(17.7749639136026,22.783543322525,4.3472257732451));
#10495=CARTESIAN_POINT('Ctrl Pts',(17.7561955331778,22.8023652485723,4.35242599795629));
#10496=CARTESIAN_POINT('Ctrl Pts',(17.7371449381334,22.8212242669084,4.35792654254571));
#10497=CARTESIAN_POINT('Ctrl Pts',(17.7199022098846,22.8382935987297,4.36290509546514));
#10498=CARTESIAN_POINT('Ctrl Pts',(17.7024282916345,22.8553933168992,4.36813012986446));
#10499=CARTESIAN_POINT('Ctrl Pts',(17.6843174549804,22.87292693296,4.37375515502642));
#10500=CARTESIAN_POINT('Ctrl Pts',(17.6163592098599,22.9387192428829,4.39486223285317));
#10501=CARTESIAN_POINT('Ctrl Pts',(17.5479313533798,23.0020986052253,4.41900872355406));
#10502=CARTESIAN_POINT('Ctrl Pts',(17.4793756123438,23.0630524578253,4.44640922242394));
#10503=CARTESIAN_POINT('Ctrl Pts',(17.41230330439,23.1226873696618,4.47321681972385));
#10504=CARTESIAN_POINT('Ctrl Pts',(17.3451088165439,23.180000604143,4.50313948145762));
#10505=CARTESIAN_POINT('Ctrl Pts',(17.2781510503695,23.2349803970622,4.53634719485742));
#10506=CARTESIAN_POINT('Ctrl Pts',(17.2119953336975,23.2893016178982,4.56915713169551));
#10507=CARTESIAN_POINT('Ctrl Pts',(17.146070923827,23.3413449643367,4.60517426741764));
#10508=CARTESIAN_POINT('Ctrl Pts',(17.0807591121223,23.3910990898777,4.64452652271858));
#10509=CARTESIAN_POINT('Ctrl Pts',(17.0165772787993,23.4399924050264,4.68319793336681));
#10510=CARTESIAN_POINT('Ctrl Pts',(16.9529873279286,23.4866750269691,4.72509035747444));
#10511=CARTESIAN_POINT('Ctrl Pts',(16.8903813441768,23.5311361880025,4.77028526873372));
#10512=CARTESIAN_POINT('Ctrl Pts',(16.8513247036353,23.5588732105757,4.79848004018487));
#10513=CARTESIAN_POINT('Ctrl Pts',(16.8126515975072,23.5857456699277,4.82795928831166));
#10514=CARTESIAN_POINT('Ctrl Pts',(16.7744625141313,23.61175095173,4.85873392945625));
#10515=CARTESIAN_POINT('Ctrl Pts',(16.7112025234313,23.6548285471981,4.90971194046112));
#10516=CARTESIAN_POINT('Ctrl Pts',(16.649247394578,23.695540962355,4.964264626216));
#10517=CARTESIAN_POINT('Ctrl Pts',(16.5890654696503,23.7338881972008,5.02241834031634));
#10518=CARTESIAN_POINT('Ctrl Pts',(16.5328519710828,23.7697067961184,5.0767373692972));
#10519=CARTESIAN_POINT('Ctrl Pts',(16.478186079783,23.803461852922,5.13419804598096));
#10520=CARTESIAN_POINT('Ctrl Pts',(16.4254720282305,23.8351533676116,5.19477599884504));
#10521=CARTESIAN_POINT('Ctrl Pts',(16.3734090944582,23.8664534324299,5.25460569994245));
#10522=CARTESIAN_POINT('Ctrl Pts',(16.3232504227853,23.8957406175619,5.31747638794006));
#10523=CARTESIAN_POINT('Ctrl Pts',(16.2754021380071,23.9230149230076,5.38331686703397));
#10524=CARTESIAN_POINT('Ctrl Pts',(16.2283647640455,23.9498269960158,5.44804151184226));
#10525=CARTESIAN_POINT('Ctrl Pts',(16.1835605080484,23.9746938379262,5.51563629740472));
#10526=CARTESIAN_POINT('Ctrl Pts',(16.1413860911655,23.9976154487387,5.58598428967262));
#10527=CARTESIAN_POINT('Ctrl Pts',(16.1303863296768,24.0035937709186,5.60433216958067));
#10528=CARTESIAN_POINT('Ctrl Pts',(16.1195655042526,24.0094397688101,5.622867065111));
#10529=CARTESIAN_POINT('Ctrl Pts',(16.1089307271371,24.0151534424131,5.64158631765919));
#10530=CARTESIAN_POINT('Ctrl Pts',(16.09740344296,24.0213466271504,5.66187655424437));
#10531=CARTESIAN_POINT('Ctrl Pts',(16.0859128023592,24.0274716025049,5.68271236568127));
#10532=CARTESIAN_POINT('Ctrl Pts',(16.0747205698318,24.0334109202787,5.70365140274578));
#10533=CARTESIAN_POINT('Ctrl Pts',(16.0634675471169,24.0393824972322,5.72470416939772));
#10534=CARTESIAN_POINT('Ctrl Pts',(16.0525162984494,24.0451663943437,5.74586108964539));
#10535=CARTESIAN_POINT('Ctrl Pts',(16.0420858434722,24.0506432392557,5.76664765815266));
#10536=CARTESIAN_POINT('Ctrl Pts',(16.0397683497439,24.0518601136645,5.7712661280329));
#10537=CARTESIAN_POINT('Ctrl Pts',(16.0374763811013,24.0530618300406,5.7758662259077));
#10538=CARTESIAN_POINT('Ctrl Pts',(16.0352120272579,24.0542470790521,5.78044260101217));
#10539=CARTESIAN_POINT('Ctrl Pts',(15.9961380579123,24.0746998822558,5.85941309454561));
#10540=CARTESIAN_POINT('Ctrl Pts',(15.9605782192881,24.0929417900761,5.94083690295145));
#10541=CARTESIAN_POINT('Ctrl Pts',(15.9288683531434,24.1089729438473,6.02440681914405));
#10542=CARTESIAN_POINT('Ctrl Pts',(15.8976319144223,24.1247647529365,6.10672903880163));
#10543=CARTESIAN_POINT('Ctrl Pts',(15.8701317012713,24.138411328184,6.19113361802196));
#10544=CARTESIAN_POINT('Ctrl Pts',(15.8466665930549,24.1499128046877,6.2772816374346));
#10545=CARTESIAN_POINT('Ctrl Pts',(15.8234001727185,24.1613168938723,6.36270020922719));
#10546=CARTESIAN_POINT('Ctrl Pts',(15.8041011785417,24.1706120572299,6.44983268296664));
#10547=CARTESIAN_POINT('Ctrl Pts',(15.7890336564522,24.1777984264557,6.53830585432439));
#10548=CARTESIAN_POINT('Ctrl Pts',(15.7741592834279,24.1848926743299,6.62564489690882));
#10549=CARTESIAN_POINT('Ctrl Pts',(15.7634089131624,24.1899318463904,6.71429027639946));
#10550=CARTESIAN_POINT('Ctrl Pts',(15.7570047952074,24.1929160693323,6.80384366825215));
#10551=CARTESIAN_POINT('Ctrl Pts',(15.7523591651972,24.1950808632592,6.86880685719264));
#10552=CARTESIAN_POINT('Ctrl Pts',(15.7500000010479,24.1961642937888,6.9342470373324));
#10553=CARTESIAN_POINT('Ctrl Pts',(15.75,24.1961664092843,6.99999995617233));
#10554=CARTESIAN_POINT('Origin',(-4.08056954649159,4.08056954649153,13.));
#10555=CARTESIAN_POINT('',(21.8337812486972,30.0837812487106,6.99999999910046));
#10556=CARTESIAN_POINT('',(21.8337812486951,30.0837812486951,7.));
#10557=CARTESIAN_POINT('',(-4.12499999999987,4.12499999999982,7.));
#10558=CARTESIAN_POINT('Origin',(11.4489880718784,-12.7802657546549,13.));
#10559=CARTESIAN_POINT('',(11.5329725059594,-12.8740158206059,3.98603781966085));
#10560=CARTESIAN_POINT('Origin',(35.2813019462563,7.05808154836505,4.));
#10561=CARTESIAN_POINT('Origin',(13.25,19.,11.35));
#10562=CARTESIAN_POINT('',(18.3157894736842,21.1419096639005,11.35));
#10563=CARTESIAN_POINT('',(16.0000005634397,23.7631403491793,7.00331576254427));
#10564=CARTESIAN_POINT('Ctrl Pts',(16.0000006725977,23.763139332494,7.00331577145307));
#10565=CARTESIAN_POINT('Ctrl Pts',(15.991502301974,23.768045870651,7.66737757110569));
#10566=CARTESIAN_POINT('Ctrl Pts',(15.982983139764,23.7729340834641,8.33294195770945));
#10567=CARTESIAN_POINT('Ctrl Pts',(15.9744448548609,23.7778028666764,9.00000000000001));
#10568=CARTESIAN_POINT('Ctrl Pts',(18.3157895254604,21.1419096570517,4.7670306678094));
#10569=CARTESIAN_POINT('Ctrl Pts',(18.1664353408837,21.495153952097,4.74682267220797));
#10570=CARTESIAN_POINT('Ctrl Pts',(17.9815527884056,21.8295964359636,4.73905369943851));
#10571=CARTESIAN_POINT('Ctrl Pts',(17.6535966361212,22.3009318210718,4.79126539248965));
#10572=CARTESIAN_POINT('Ctrl Pts',(17.5326477912951,22.4561884674351,4.82078399316037));
#10573=CARTESIAN_POINT('Ctrl Pts',(17.2831783561937,22.7443000913184,4.91186620832929));
#10574=CARTESIAN_POINT('Ctrl Pts',(17.154357569267,22.8779055156268,4.97314408700653));
#10575=CARTESIAN_POINT('Ctrl Pts',(16.8934517650052,23.1240051470508,5.13903835709199));
#10576=CARTESIAN_POINT('Ctrl Pts',(16.7598523042659,23.2373816434786,5.2456660075665));
#10577=CARTESIAN_POINT('Ctrl Pts',(16.574979995186,23.3818517351886,5.43864083716252));
#10578=CARTESIAN_POINT('Ctrl Pts',(16.5155335977785,23.4261885521602,5.5086441803741));
#10579=CARTESIAN_POINT('Ctrl Pts',(16.4023580921009,23.5074930101621,5.66127579658809));
#10580=CARTESIAN_POINT('Ctrl Pts',(16.3489423819807,23.5442160175073,5.7437081199346));
#10581=CARTESIAN_POINT('Ctrl Pts',(16.2527245846387,23.60836068135,5.91610769509454));
#10582=CARTESIAN_POINT('Ctrl Pts',(16.2094192250039,23.6361457442572,6.00670257638499));
#10583=CARTESIAN_POINT('Ctrl Pts',(16.1334575682936,23.6837679237091,6.19704709800092));
#10584=CARTESIAN_POINT('Ctrl Pts',(16.1006025144694,23.7037196013842,6.2978106428535));
#10585=CARTESIAN_POINT('Ctrl Pts',(16.0252731555068,23.7488076756224,6.59483082599642));
#10586=CARTESIAN_POINT('Ctrl Pts',(15.9996910295471,23.7633444521918,6.79651328500598));
#10587=CARTESIAN_POINT('Ctrl Pts',(16.0000010858008,23.7631400475924,7.00331575170571));
#10588=CARTESIAN_POINT('Origin',(18.5,21.2197972880423,11.35));
#10589=CARTESIAN_POINT('Origin',(31.75,11.,9.));
#10590=CARTESIAN_POINT('Origin',(18.5,31.5,7.));
#10591=CARTESIAN_POINT('Origin',(0.,0.,0.));
#10592=CARTESIAN_POINT('Origin',(-3.21575771091148,3.2157577109115,13.));
#10593=CARTESIAN_POINT('',(23.5337812486951,30.0837812486951,7.));
#10594=CARTESIAN_POINT('Origin',(-1.32459085370656E-14,30.,13.));
#10595=CARTESIAN_POINT('',(15.166218751286,30.083781248729,6.99999999932476));
#10596=CARTESIAN_POINT('Origin',(18.4999999999842,30.0844313977783,6.95343952904025));
#10597=CARTESIAN_POINT('',(15.1662187513049,30.0837812486951,7.));
#10598=CARTESIAN_POINT('Origin',(15.6662187513049,-3.45855501169079E-15,
13.));
#10599=CARTESIAN_POINT('',(15.75,29.5,7.));
#10600=CARTESIAN_POINT('',(15.75,24.1961805612966,7.));
#10601=CARTESIAN_POINT('Origin',(18.5,30.1347784482573,7.));
#10602=CARTESIAN_POINT('',(15.7500000000206,29.4999999999819,7.));
#10603=CARTESIAN_POINT('Ctrl Pts',(18.3265477799239,21.1162851032292,4.76851485012415));
#10604=CARTESIAN_POINT('Ctrl Pts',(18.3372957505377,21.0905028557074,4.20613931512706));
#10605=CARTESIAN_POINT('Ctrl Pts',(18.8520966605145,21.3086886247228,4.27263351644607));
#10606=CARTESIAN_POINT('Ctrl Pts',(18.175346204641,21.4789876616661,4.74722256911954));
#10607=CARTESIAN_POINT('Ctrl Pts',(18.1887253816031,21.4518799751706,4.22415596831167));
#10608=CARTESIAN_POINT('Ctrl Pts',(18.6504899469039,21.7043717299929,4.24660655866224));
#10609=CARTESIAN_POINT('Ctrl Pts',(17.9867905446504,21.8220687837468,4.73821983149924));
#10610=CARTESIAN_POINT('Ctrl Pts',(17.9933833545029,21.8173335153784,4.25330457071151));
#10611=CARTESIAN_POINT('Ctrl Pts',(18.3990822301399,22.0786386346467,4.23560079645734));
#10612=CARTESIAN_POINT('Ctrl Pts',(17.6535966361213,22.3009318210716,4.79126539249093));
#10613=CARTESIAN_POINT('Ctrl Pts',(17.6255020198607,22.3390680474464,4.36807073878602));
#10614=CARTESIAN_POINT('Ctrl Pts',(17.954819694081,22.6010357671051,4.30043050698004));
#10615=CARTESIAN_POINT('Ctrl Pts',(17.5326477912953,22.456188467435,4.82078399316162));
#10616=CARTESIAN_POINT('Ctrl Pts',(17.4931168938036,22.5063469025395,4.41728133863466));
#10617=CARTESIAN_POINT('Ctrl Pts',(17.7935528392325,22.7704071505446,4.33650773755057));
#10618=CARTESIAN_POINT('Ctrl Pts',(17.2831783561939,22.7443000913182,4.91186620833045));
#10619=CARTESIAN_POINT('Ctrl Pts',(17.2173104606251,22.8160042650523,4.54848314249774));
#10620=CARTESIAN_POINT('Ctrl Pts',(17.4609232533665,23.0847117231803,4.44782871202845));
#10621=CARTESIAN_POINT('Ctrl Pts',(17.1543575692672,22.8779055156265,4.97314408700764));
#10622=CARTESIAN_POINT('Ctrl Pts',(17.0732788737485,22.9605568660996,4.62963803269389));
#10623=CARTESIAN_POINT('Ctrl Pts',(17.2891602989793,23.2304634723233,4.52272331308315));
#10624=CARTESIAN_POINT('Ctrl Pts',(16.8934517650056,23.1240051470505,5.13903835709299));
#10625=CARTESIAN_POINT('Ctrl Pts',(16.7799040062815,23.2250780453771,4.83797331542847));
#10626=CARTESIAN_POINT('Ctrl Pts',(16.9412819265968,23.4989366149974,4.72548231861625));
#10627=CARTESIAN_POINT('Ctrl Pts',(16.7598523042664,23.2373816434782,5.24566600756743));
#10628=CARTESIAN_POINT('Ctrl Pts',(16.6278246260499,23.3475035465364,4.96726838118266));
#10629=CARTESIAN_POINT('Ctrl Pts',(16.7631473392405,23.6226203793365,4.85580500869062));
#10630=CARTESIAN_POINT('Ctrl Pts',(16.5749799951865,23.3818517351882,5.43864083716334));
#10631=CARTESIAN_POINT('Ctrl Pts',(16.4159740459043,23.5026732634534,5.19686785051711));
#10632=CARTESIAN_POINT('Ctrl Pts',(16.516648217199,23.7802245699892,5.09166353643181));
#10633=CARTESIAN_POINT('Ctrl Pts',(16.5155335977791,23.4261885521597,5.50864418037488));
#10634=CARTESIAN_POINT('Ctrl Pts',(16.3477728590878,23.5501041003216,5.27920149963646));
#10635=CARTESIAN_POINT('Ctrl Pts',(16.4373854769337,23.8285921535107,5.17722342014615));
#10636=CARTESIAN_POINT('Ctrl Pts',(16.4023580921015,23.5074930101617,5.66127579658879));
#10637=CARTESIAN_POINT('Ctrl Pts',(16.2176681371218,23.6367941375199,5.45755320191645));
#10638=CARTESIAN_POINT('Ctrl Pts',(16.2864831247327,23.9172882202093,5.36377379716478));
#10639=CARTESIAN_POINT('Ctrl Pts',(16.3489423819814,23.5442160175069,5.74370811993525));
#10640=CARTESIAN_POINT('Ctrl Pts',(16.1559652424426,23.6759185272459,5.55343006441958));
#10641=CARTESIAN_POINT('Ctrl Pts',(16.2152614067914,23.9573498098049,5.46452480327271));
#10642=CARTESIAN_POINT('Ctrl Pts',(16.2527245846394,23.6083606813495,5.9161076950951));
#10643=CARTESIAN_POINT('Ctrl Pts',(16.044653611989,23.7440326546979,5.75313581379099));
#10644=CARTESIAN_POINT('Ctrl Pts',(16.0869696207779,24.0273260510917,5.67523627865084));
#10645=CARTESIAN_POINT('Ctrl Pts',(16.2094192250046,23.6361457442567,6.0067025763855));
#10646=CARTESIAN_POINT('Ctrl Pts',(15.9943402930564,23.7734996689903,5.85781566548804));
#10647=CARTESIAN_POINT('Ctrl Pts',(16.0292285313167,24.057637129834,5.78596385065533));
#10648=CARTESIAN_POINT('Ctrl Pts',(16.1334575682944,23.6837679237087,6.19704709800133));
#10649=CARTESIAN_POINT('Ctrl Pts',(15.9059915720179,23.8238618295315,6.07723024951094));
#10650=CARTESIAN_POINT('Ctrl Pts',(15.9279452491756,24.1095887883319,6.01860823960273));
#10651=CARTESIAN_POINT('Ctrl Pts',(16.1006025144702,23.7037196013837,6.29781064285386));
#10652=CARTESIAN_POINT('Ctrl Pts',(15.8676403098673,23.8449300632296,6.19323829931436));
#10653=CARTESIAN_POINT('Ctrl Pts',(15.884138058379,24.1313543310633,6.14176427562356));
#10654=CARTESIAN_POINT('Ctrl Pts',(16.0215984001871,23.7510071851223,6.6093202164993));
#10655=CARTESIAN_POINT('Ctrl Pts',(15.775434340761,23.894726586642,6.55116308937519));
#10656=CARTESIAN_POINT('Ctrl Pts',(15.7787981495731,24.1829409855857,6.52250009476106));
#10657=CARTESIAN_POINT('Ctrl Pts',(15.9960172880393,23.765423734099,6.82655316287832));
#10658=CARTESIAN_POINT('Ctrl Pts',(15.7453135045372,23.9098850631235,6.80086296884835));
#10659=CARTESIAN_POINT('Ctrl Pts',(15.744689674063,24.1986681839256,6.78800843982921));
#10660=CARTESIAN_POINT('Ctrl Pts',(16.0004994145802,23.7628519127946,7.0495452156635));
#10661=CARTESIAN_POINT('Ctrl Pts',(15.7505714832515,23.9071829556721,7.05688632424699));
#10662=CARTESIAN_POINT('Ctrl Pts',(15.7506658927369,24.1958625518072,7.06055556338386));
#10663=CARTESIAN_POINT('Ctrl Pts',(18.4999809863185,21.9046557894402,4.24972822435537));
#10664=CARTESIAN_POINT('Ctrl Pts',(18.495268567831,21.8845053475118,4.24972203921337));
#10665=CARTESIAN_POINT('Ctrl Pts',(18.4903361572739,21.8632706965564,4.25032698301492));
#10666=CARTESIAN_POINT('Ctrl Pts',(18.4851440302189,21.8409863620893,4.2517352694036));
#10667=CARTESIAN_POINT('Ctrl Pts',(18.4812825462112,21.8244130771417,4.25278263887484));
#10668=CARTESIAN_POINT('Ctrl Pts',(18.4772776906231,21.8072595737964,4.25427509345248));
#10669=CARTESIAN_POINT('Ctrl Pts',(18.4731250229056,21.7895499780759,4.25630255881627));
#10670=CARTESIAN_POINT('Ctrl Pts',(18.4682530856405,21.7687729631039,4.25868119460693));
#10671=CARTESIAN_POINT('Ctrl Pts',(18.4631780520557,21.7472308133949,4.26179605898777));
#10672=CARTESIAN_POINT('Ctrl Pts',(18.4579212638211,21.7249821684594,4.26580334676379));
#10673=CARTESIAN_POINT('Ctrl Pts',(18.4552928697039,21.7138578459917,4.26780699065181));
#10674=CARTESIAN_POINT('Ctrl Pts',(18.4526195320559,21.7025572291392,4.27003390267497));
#10675=CARTESIAN_POINT('Ctrl Pts',(18.4499073034199,21.6910897322537,4.27250415846227));
#10676=CARTESIAN_POINT('Ctrl Pts',(18.4485511891018,21.6853559838109,4.27373928635592));
#10677=CARTESIAN_POINT('Ctrl Pts',(18.4470722480483,21.6790851335518,4.27514543679858));
#10678=CARTESIAN_POINT('Ctrl Pts',(18.4456394236897,21.6730224420977,4.2765672170539));
#10679=CARTESIAN_POINT('Ctrl Pts',(18.4442065993311,21.6669597506435,4.27798899730923));
#10680=CARTESIAN_POINT('Ctrl Pts',(18.4428203483021,21.6611053281369,4.27942582171698));
#10681=CARTESIAN_POINT('Ctrl Pts',(18.4416625870367,21.6561974779294,4.28066501202449));
#10682=CARTESIAN_POINT('Ctrl Pts',(18.4356119528036,21.6305483157368,4.2871412066598));
#10683=CARTESIAN_POINT('Ctrl Pts',(18.4293956370921,21.6049337353496,4.29473496147538));
#10684=CARTESIAN_POINT('Ctrl Pts',(18.4231801085426,21.5794572913094,4.303491048656));
#10685=CARTESIAN_POINT('Ctrl Pts',(18.4198811327657,21.5659353243356,4.30813846026059));
#10686=CARTESIAN_POINT('Ctrl Pts',(18.4165828681445,21.5524523574862,4.31311261263756));
#10687=CARTESIAN_POINT('Ctrl Pts',(18.4133129839717,21.5390239989338,4.31841485420872));
#10688=CARTESIAN_POINT('Ctrl Pts',(18.4085976830399,21.5196597804335,4.3260608940374));
#10689=CARTESIAN_POINT('Ctrl Pts',(18.4039412997523,21.5004092943462,4.33439005821745));
#10690=CARTESIAN_POINT('Ctrl Pts',(18.3994314425244,21.4813178076609,4.3433908722945));
#10691=CARTESIAN_POINT('Ctrl Pts',(18.3971765139105,21.4717720643182,4.34789127933302));
#10692=CARTESIAN_POINT('Ctrl Pts',(18.3949582865612,21.46226603094,4.3525593020867));
#10693=CARTESIAN_POINT('Ctrl Pts',(18.3927879626975,21.4528050211475,4.35739167956991));
#10694=CARTESIAN_POINT('Ctrl Pts',(18.391562042613,21.4474609146212,4.36012127615756));
#10695=CARTESIAN_POINT('Ctrl Pts',(18.3904298174987,21.4424795563298,4.3627214419258));
#10696=CARTESIAN_POINT('Ctrl Pts',(18.3892593744632,21.4372699875832,4.36549577768466));
#10697=CARTESIAN_POINT('Ctrl Pts',(18.3883577081637,21.4332567272781,4.36763302399349));
#10698=CARTESIAN_POINT('Ctrl Pts',(18.3874334464496,21.4291082655509,4.36987438638703));
#10699=CARTESIAN_POINT('Ctrl Pts',(18.3864319298278,21.4245620603369,4.37237737058904));
#10700=CARTESIAN_POINT('Ctrl Pts',(18.3815809489733,21.4025419021345,4.38450091220501));
#10701=CARTESIAN_POINT('Ctrl Pts',(18.3767595202923,21.3818434404375,4.39732684319551));
#10702=CARTESIAN_POINT('Ctrl Pts',(18.3721186042873,21.3624811055767,4.41068658753148));
#10703=CARTESIAN_POINT('Ctrl Pts',(18.3679518889165,21.3450971800341,4.42268125669069));
#10704=CARTESIAN_POINT('Ctrl Pts',(18.3639303000793,21.3287898735578,4.43510536939834));
#10705=CARTESIAN_POINT('Ctrl Pts',(18.3601321842066,21.3135540936975,4.44782730455679));
#10706=CARTESIAN_POINT('Ctrl Pts',(18.3561179425855,21.2974513459946,4.46127316121965));
#10707=CARTESIAN_POINT('Ctrl Pts',(18.3523536273829,21.282545471678,4.4750510468563));
#10708=CARTESIAN_POINT('Ctrl Pts',(18.3488948507984,21.2688152199147,4.48900523384642));
#10709=CARTESIAN_POINT('Ctrl Pts',(18.3471654625062,21.2619500940331,4.49598232734148));
#10710=CARTESIAN_POINT('Ctrl Pts',(18.3455118677755,21.2553786490098,4.50300355677377));
#10711=CARTESIAN_POINT('Ctrl Pts',(18.3439376075599,21.2490970492653,4.510050215332));
#10712=CARTESIAN_POINT('Ctrl Pts',(18.3431504774521,21.245956249393,4.51357354461111));
#10713=CARTESIAN_POINT('Ctrl Pts',(18.3423831608855,21.2428879013406,4.51710321850552));
#10714=CARTESIAN_POINT('Ctrl Pts',(18.3416358797108,21.2398914636161,4.52063700954756));
#10715=CARTESIAN_POINT('Ctrl Pts',(18.341192639991,21.2381141671146,4.52273302990013));
#10716=CARTESIAN_POINT('Ctrl Pts',(18.3408528048834,21.2367303547246,4.52438109228417));
#10717=CARTESIAN_POINT('Ctrl Pts',(18.3404423769836,21.2350832310762,4.52637909671984));
#10718=CARTESIAN_POINT('Ctrl Pts',(18.3401608428831,21.233953382265,4.52774963313257));
#10719=CARTESIAN_POINT('Ctrl Pts',(18.3398464781348,21.2326998779857,4.52928507937642));
#10720=CARTESIAN_POINT('Ctrl Pts',(18.3394542879564,21.2311173097279,4.5312484809293));
#10721=CARTESIAN_POINT('Ctrl Pts',(18.3361622712174,21.2178333432161,4.54772913530116));
#10722=CARTESIAN_POINT('Ctrl Pts',(18.3331486868217,21.2060752417503,4.56455049682427));
#10723=CARTESIAN_POINT('Ctrl Pts',(18.3304890833045,21.1958231062162,4.58152781493678));
#10724=CARTESIAN_POINT('Ctrl Pts',(18.3277797722058,21.1853793598428,4.59882243651854));
#10725=CARTESIAN_POINT('Ctrl Pts',(18.3254377539345,21.176498156594,4.61627797399438));
#10726=CARTESIAN_POINT('Ctrl Pts',(18.3234907967154,21.1691436475369,4.6337055118465));
#10727=CARTESIAN_POINT('Ctrl Pts',(18.3215155549766,21.1616822954769,4.65138622913765));
#10728=CARTESIAN_POINT('Ctrl Pts',(18.31994652463,21.155792011196,4.66903732204079));
#10729=CARTESIAN_POINT('Ctrl Pts',(18.3187631326301,21.1514245091002,4.68648140759049));
#10730=CARTESIAN_POINT('Ctrl Pts',(18.3175427877836,21.1469206264685,4.70447020581205));
#10731=CARTESIAN_POINT('Ctrl Pts',(18.3167319579365,21.1440358029423,4.7222381738673));
#10732=CARTESIAN_POINT('Ctrl Pts',(18.3162632897126,21.1427104042045,4.73962359408457));
#10733=CARTESIAN_POINT('Ctrl Pts',(18.3160139424945,21.1420052476111,4.74887322089164));
#10734=CARTESIAN_POINT('Ctrl Pts',(18.3158607535086,21.141741420327,4.75801518322693));
#10735=CARTESIAN_POINT('Ctrl Pts',(18.315789629011,21.1419096433582,4.76702956881671));
#10736=CARTESIAN_POINT('Ctrl Pts',(15.9999999320435,23.7631416673805,7.00331575485934));
#10737=CARTESIAN_POINT('Ctrl Pts',(15.9832550520805,23.7728093749077,7.00322031650547));
#10738=CARTESIAN_POINT('Ctrl Pts',(15.9668100530946,23.7836029028318,7.00312157267821));
#10739=CARTESIAN_POINT('Ctrl Pts',(15.950878543102,23.7954969928838,7.00301908790163));
#10740=CARTESIAN_POINT('Ctrl Pts',(15.9352249637723,23.8071835864502,7.00291839100718));
#10741=CARTESIAN_POINT('Ctrl Pts',(15.9200681151009,23.8199327013891,7.00281408017796));
#10742=CARTESIAN_POINT('Ctrl Pts',(15.9056089219757,23.833670102399,7.00270586297592));
#10743=CARTESIAN_POINT('Ctrl Pts',(15.8912691562556,23.8472940377306,7.00259853960657));
#10744=CARTESIAN_POINT('Ctrl Pts',(15.8776165562558,23.861889743646,7.00248737244148));
#10745=CARTESIAN_POINT('Ctrl Pts',(15.8648305787132,23.877336549102,7.00237222650087));
#10746=CARTESIAN_POINT('Ctrl Pts',(15.8521190559446,23.8926934053613,7.00225775107332));
#10747=CARTESIAN_POINT('Ctrl Pts',(15.8402649490827,23.9088909006366,7.00213934243102));
#10748=CARTESIAN_POINT('Ctrl Pts',(15.8294143300193,23.9257687969821,7.00201703467077));
#10749=CARTESIAN_POINT('Ctrl Pts',(15.8251119335092,23.9324610789532,7.00196853822299));
#10750=CARTESIAN_POINT('Ctrl Pts',(15.8209669020414,23.9392599224401,7.00191943064323));
#10751=CARTESIAN_POINT('Ctrl Pts',(15.8169865969671,23.9461538770057,7.00186972148507));
#10752=CARTESIAN_POINT('Ctrl Pts',(15.8069549877857,23.9635287908942,7.0017444389155));
#10753=CARTESIAN_POINT('Ctrl Pts',(15.7979731704465,23.9815091361095,7.00161532404626));
#10754=CARTESIAN_POINT('Ctrl Pts',(15.7901263799136,23.9998951725853,7.00148264360659));
#10755=CARTESIAN_POINT('Ctrl Pts',(15.7822148764952,24.0184328396507,7.0013488689445));
#10756=CARTESIAN_POINT('Ctrl Pts',(15.7754574412194,24.0373818840116,7.00121147149608));
#10757=CARTESIAN_POINT('Ctrl Pts',(15.7698896443449,24.0565258305032,7.00107087178377));
#10758=CARTESIAN_POINT('Ctrl Pts',(15.7642854046441,24.0757950796113,7.00092935180605));
#10759=CARTESIAN_POINT('Ctrl Pts',(15.7598862760617,24.0952607409152,7.00078459029594));
#10760=CARTESIAN_POINT('Ctrl Pts',(15.7566755887967,24.1147061235212,7.00063712915879));
#10761=CARTESIAN_POINT('Ctrl Pts',(15.7534139290781,24.1344602184929,7.0004873269478));
#10762=CARTESIAN_POINT('Ctrl Pts',(15.7513783076538,24.1541924189037,7.0003347419699));
#10763=CARTESIAN_POINT('Ctrl Pts',(15.7505011751795,24.1736952545565,7.00018001244791));
#10764=CARTESIAN_POINT('Ctrl Pts',(15.7501627597089,24.1812198434867,7.00012031466503));
#10765=CARTESIAN_POINT('Ctrl Pts',(15.7499963094705,24.1887105715002,7.00006029811745));
#10766=CARTESIAN_POINT('Ctrl Pts',(15.7499962646231,24.1961567152363,7.00000000057904));
#10767=CARTESIAN_POINT('Ctrl Pts',(18.1480401572873,21.3088784964911,4.27261585596791));
#10768=CARTESIAN_POINT('Ctrl Pts',(18.6627846477248,21.0906983766325,4.20618979336575));
#10769=CARTESIAN_POINT('Ctrl Pts',(18.6735301179655,21.1164719551168,4.76850388215556));
#10770=CARTESIAN_POINT('Ctrl Pts',(18.3458072950502,21.6969870782701,4.24709466532335));
#10771=CARTESIAN_POINT('Ctrl Pts',(18.8086229124951,21.4453912833214,4.22387379892284));
#10772=CARTESIAN_POINT('Ctrl Pts',(18.8218929383805,21.4723280238116,4.74761762262181));
#10773=CARTESIAN_POINT('Ctrl Pts',(18.6012350014623,22.0790749766587,4.23557236940666));
#10774=CARTESIAN_POINT('Ctrl Pts',(19.0068247553809,21.8177522120976,4.25335226449942));
#10775=CARTESIAN_POINT('Ctrl Pts',(19.0134262516093,21.822485395652,4.73819556704939));
#10776=CARTESIAN_POINT('Ctrl Pts',(19.046029253761,22.6019288841828,4.30059187661175));
#10777=CARTESIAN_POINT('Ctrl Pts',(19.3751656136095,22.3399562508733,4.36832984624062));
#10778=CARTESIAN_POINT('Ctrl Pts',(19.3470219400644,22.3017681436435,4.79139335755128));
#10779=CARTESIAN_POINT('Ctrl Pts',(19.2046289054174,22.7686445742122,4.33590151797362));
#10780=CARTESIAN_POINT('Ctrl Pts',(19.5053075521185,22.5045738125229,4.41656101693494));
#10781=CARTESIAN_POINT('Ctrl Pts',(19.4659716806485,22.4545908598288,4.8202830544866));
#10782=CARTESIAN_POINT('Ctrl Pts',(19.5408305562394,23.0863339983734,4.44841336234034));
#10783=CARTESIAN_POINT('Ctrl Pts',(19.7840782971171,22.8175672898037,4.54916475314282));
#10784=CARTESIAN_POINT('Ctrl Pts',(19.7181229155942,22.7458061650414,4.9123382112248));
#10785=CARTESIAN_POINT('Ctrl Pts',(19.7142557911301,23.2332098658953,4.52443197271488));
#10786=CARTESIAN_POINT('Ctrl Pts',(19.9295831313589,22.9632938648418,4.63146092020837));
#10787=CARTESIAN_POINT('Ctrl Pts',(19.8481918448017,22.8804423784361,4.97453524528746));
#10788=CARTESIAN_POINT('Ctrl Pts',(19.9744035280862,23.4337610456291,4.67648482200584));
#10789=CARTESIAN_POINT('Ctrl Pts',(20.1502615400124,23.1620326936846,4.78852165501624));
#10790=CARTESIAN_POINT('Ctrl Pts',(20.0433026453376,23.0642809578106,5.0989421296535));
#10791=CARTESIAN_POINT('Ctrl Pts',(20.0612353464529,23.4974318206131,4.73357717278709));
#10792=CARTESIAN_POINT('Ctrl Pts',(20.2238462655567,23.2248128243924,4.84603566832153));
#10793=CARTESIAN_POINT('Ctrl Pts',(20.1084265113071,23.122645836315,5.14565404738287));
#10794=CARTESIAN_POINT('Ctrl Pts',(20.2339127717333,23.6183817243296,4.86278809222249));
#10795=CARTESIAN_POINT('Ctrl Pts',(20.3706049501732,23.3437695508928,4.97420362512527));
#10796=CARTESIAN_POINT('Ctrl Pts',(20.2379345773325,23.2335165798824,5.25137207853406));
#10797=CARTESIAN_POINT('Ctrl Pts',(20.3202570780592,23.6759454174054,4.93549190228535));
#10798=CARTESIAN_POINT('Ctrl Pts',(20.4443608463587,23.400405407904,5.04542359731503));
#10799=CARTESIAN_POINT('Ctrl Pts',(20.3026928087326,23.2862833007605,5.3108570094374));
#10800=CARTESIAN_POINT('Ctrl Pts',(20.485087867233,23.7812786257509,5.09344402780348));
#10801=CARTESIAN_POINT('Ctrl Pts',(20.585498112874,23.5037206946768,5.19858994717656));
#10802=CARTESIAN_POINT('Ctrl Pts',(20.4263159002365,23.3828387387995,5.44009056972619));
#10803=CARTESIAN_POINT('Ctrl Pts',(20.5641466775062,23.8294803937252,5.17901267008));
#10804=CARTESIAN_POINT('Ctrl Pts',(20.653533333077,23.5509901872009,5.28092493561745));
#10805=CARTESIAN_POINT('Ctrl Pts',(20.4856100092474,23.4270236956786,5.51010127362909));
#10806=CARTESIAN_POINT('Ctrl Pts',(20.7139107130457,23.9174782490974,5.36436687590073));
#10807=CARTESIAN_POINT('Ctrl Pts',(20.7826607990304,23.6369963961485,5.45812374186491));
#10808=CARTESIAN_POINT('Ctrl Pts',(20.5979330336665,23.5076883935754,5.66175471853695));
#10809=CARTESIAN_POINT('Ctrl Pts',(20.785172456542,23.9575710393666,5.46509634046969));
#10810=CARTESIAN_POINT('Ctrl Pts',(20.8443934147866,23.6761489747407,5.55397587175219));
#10811=CARTESIAN_POINT('Ctrl Pts',(20.651379341749,23.5444401211492,5.74416973278301));
#10812=CARTESIAN_POINT('Ctrl Pts',(20.9788566367996,24.0631843820746,5.78363682442092));
#10813=CARTESIAN_POINT('Ctrl Pts',(21.012135069392,23.7787590453738,5.85530795238188));
#10814=CARTESIAN_POINT('Ctrl Pts',(20.7966424789146,23.6412523467754,6.00479376609242));
#10815=CARTESIAN_POINT('Ctrl Pts',(21.0809058323301,24.11421320118,6.01519234895062));
#10816=CARTESIAN_POINT('Ctrl Pts',(21.1016674393397,23.8283559028858,6.07394183396713));
#10817=CARTESIAN_POINT('Ctrl Pts',(20.8731793709937,23.6880287699716,6.19424828608488));
#10818=CARTESIAN_POINT('Ctrl Pts',(21.2202893577411,24.1824678392523,6.51943071770928));
#10819=CARTESIAN_POINT('Ctrl Pts',(21.2237552715798,23.8942859642743,6.54828537325486));
#10820=CARTESIAN_POINT('Ctrl Pts',(20.9777170215597,23.7505955170913,6.60680695027322));
#10821=CARTESIAN_POINT('Ctrl Pts',(21.2536783343257,24.1978901875504,6.77758131277629));
#10822=CARTESIAN_POINT('Ctrl Pts',(21.253232468068,23.9091507277442,6.79105782992069));
#10823=CARTESIAN_POINT('Ctrl Pts',(21.0027587457943,23.7647326733625,6.8180209246445));
#10824=CARTESIAN_POINT('Ctrl Pts',(21.2496855458041,24.1960038731294,7.0415860456899));
#10825=CARTESIAN_POINT('Ctrl Pts',(21.249723662917,23.9073342396369,7.0390657273341));
#10826=CARTESIAN_POINT('Ctrl Pts',(20.9997641593531,23.7630035503686,7.03402494647356));
#10827=CARTESIAN_POINT('Ctrl Pts',(18.6842127535166,21.1419086752306,4.76703032816885));
#10828=CARTESIAN_POINT('Ctrl Pts',(18.6840790256515,21.1415921431232,4.75007069508084));
#10829=CARTESIAN_POINT('Ctrl Pts',(18.6836546229623,21.1428082952766,4.73264500194205));
#10830=CARTESIAN_POINT('Ctrl Pts',(18.6828499880984,21.1456213466646,4.71489403582337));
#10831=CARTESIAN_POINT('Ctrl Pts',(18.6820701663204,21.1483476500269,4.69769046861459));
#10832=CARTESIAN_POINT('Ctrl Pts',(18.6809325512953,21.1525741655557,4.68018185439388));
#10833=CARTESIAN_POINT('Ctrl Pts',(18.6793907886163,21.1583577267623,4.66253087604034));
#10834=CARTESIAN_POINT('Ctrl Pts',(18.6790405842693,21.159671436261,4.65852153696763));
#10835=CARTESIAN_POINT('Ctrl Pts',(18.6786696972798,21.1610654645624,4.65450497909631));
#10836=CARTESIAN_POINT('Ctrl Pts',(18.6782778987471,21.1625404406011,4.65048332120346));
#10837=CARTESIAN_POINT('Ctrl Pts',(18.6765974669678,21.1688666424676,4.63323434969448));
#10838=CARTESIAN_POINT('Ctrl Pts',(18.6745286329916,21.1766826353726,4.6158901079698));
#10839=CARTESIAN_POINT('Ctrl Pts',(18.6720815296383,21.1860331384482,4.59863058617622));
#10840=CARTESIAN_POINT('Ctrl Pts',(18.6716915658844,21.18752320926,4.59588015559044));
#10841=CARTESIAN_POINT('Ctrl Pts',(18.6712920959348,21.1890522285394,4.59313191156415));
#10842=CARTESIAN_POINT('Ctrl Pts',(18.6708832767488,21.190620352609,4.59038661808001));
#10843=CARTESIAN_POINT('Ctrl Pts',(18.6693961546076,21.1963245663637,4.58040032862971));
#10844=CARTESIAN_POINT('Ctrl Pts',(18.6677848626472,21.2025463412826,4.57045302204781));
#10845=CARTESIAN_POINT('Ctrl Pts',(18.6660607308772,21.2092922570814,4.56058210905107));
#10846=CARTESIAN_POINT('Ctrl Pts',(18.6651986649922,21.2126652149808,4.5556466525527));
#10847=CARTESIAN_POINT('Ctrl Pts',(18.6643084558843,21.2161691772491,4.55073026082415));
#10848=CARTESIAN_POINT('Ctrl Pts',(18.6633921132165,21.2198048170351,4.54583770021392));
#10849=CARTESIAN_POINT('Ctrl Pts',(18.6629339418826,21.2216226369281,4.5433914199088));
#10850=CARTESIAN_POINT('Ctrl Pts',(18.6624692418775,21.2234733740336,4.54095109517143));
#10851=CARTESIAN_POINT('Ctrl Pts',(18.661998295604,21.2253571004163,4.53851731307073));
#10852=CARTESIAN_POINT('Ctrl Pts',(18.6616465004258,21.2267642372716,4.53669928656574));
#10853=CARTESIAN_POINT('Ctrl Pts',(18.6611936471873,21.2285931034682,4.53438087251462));
#10854=CARTESIAN_POINT('Ctrl Pts',(18.660857578138,21.2299404557382,4.53269230899859));
#10855=CARTESIAN_POINT('Ctrl Pts',(18.6607437533962,21.2303967965546,4.53212040180645));
#10856=CARTESIAN_POINT('Ctrl Pts',(18.6606437540424,21.2307976434523,4.53162054529006));
#10857=CARTESIAN_POINT('Ctrl Pts',(18.6605670212077,21.2311073114525,4.53123617573061));
#10858=CARTESIAN_POINT('Ctrl Pts',(18.6582669273719,21.2403897191884,4.51971456235741));
#10859=CARTESIAN_POINT('Ctrl Pts',(18.6557157914665,21.2509769305316,4.50770035391462));
#10860=CARTESIAN_POINT('Ctrl Pts',(18.6528332713863,21.2629538679062,4.4953411434999));
#10861=CARTESIAN_POINT('Ctrl Pts',(18.6500780550954,21.2744018551022,4.48352776599312));
#10862=CARTESIAN_POINT('Ctrl Pts',(18.6470193019899,21.287119991639,4.4713994365106));
#10863=CARTESIAN_POINT('Ctrl Pts',(18.6436123869735,21.3011821660664,4.45912602003022));
#10864=CARTESIAN_POINT('Ctrl Pts',(18.6430638210382,21.3034463933306,4.45714981042171));
#10865=CARTESIAN_POINT('Ctrl Pts',(18.6425062989429,21.305745456598,4.45516992333679));
#10866=CARTESIAN_POINT('Ctrl Pts',(18.6419397210393,21.3080796501779,4.45318716340859));
#10867=CARTESIAN_POINT('Ctrl Pts',(18.6385612730883,21.3219982154218,4.4413641622397));
#10868=CARTESIAN_POINT('Ctrl Pts',(18.6348575623956,21.3371667863646,4.42943664117862));
#10869=CARTESIAN_POINT('Ctrl Pts',(18.6308299336176,21.3536419775658,4.4175929386204));
#10870=CARTESIAN_POINT('Ctrl Pts',(18.6302279999594,21.3561042134511,4.41582288393048));
#10871=CARTESIAN_POINT('Ctrl Pts',(18.6296189085669,21.3585956106161,4.4140547521146));
#10872=CARTESIAN_POINT('Ctrl Pts',(18.6290027485607,21.3611163314467,4.41228922256772));
#10873=CARTESIAN_POINT('Ctrl Pts',(18.6266332588499,21.370809953252,4.40549974572207));
#10874=CARTESIAN_POINT('Ctrl Pts',(18.6241588052145,21.3809373904632,4.39874859165287));
#10875=CARTESIAN_POINT('Ctrl Pts',(18.6215878904386,21.3915066122565,4.3920758391332));
#10876=CARTESIAN_POINT('Ctrl Pts',(18.6203024330506,21.3967912231532,4.38873946287336));
#10877=CARTESIAN_POINT('Ctrl Pts',(18.6189928826628,21.4021862686391,4.38542265946092));
#10878=CARTESIAN_POINT('Ctrl Pts',(18.6176609347343,21.4076924963825,4.38213068922819));
#10879=CARTESIAN_POINT('Ctrl Pts',(18.6168213260303,21.4111634104032,4.38005555790984));
#10880=CARTESIAN_POINT('Ctrl Pts',(18.6158635518814,21.415139506746,4.37772239138147));
#10881=CARTESIAN_POINT('Ctrl Pts',(18.6149938066882,21.4187503146815,4.37564170513031));
#10882=CARTESIAN_POINT('Ctrl Pts',(18.6144837956892,21.4208676609763,4.37442160885175));
#10883=CARTESIAN_POINT('Ctrl Pts',(18.6140044459463,21.4228589200577,4.37328728603369));
#10884=CARTESIAN_POINT('Ctrl Pts',(18.6135997410903,21.4245453861212,4.37233439436926));
#10885=CARTESIAN_POINT('Ctrl Pts',(18.6078869190473,21.4483515756427,4.35888335610265));
#10886=CARTESIAN_POINT('Ctrl Pts',(18.6020252527529,21.4726778233512,4.34664359042491));
#10887=CARTESIAN_POINT('Ctrl Pts',(18.5960838995211,21.4974418304656,4.3355381737465));
#10888=CARTESIAN_POINT('Ctrl Pts',(18.5897963513786,21.523648804005,4.32378565890953));
#10889=CARTESIAN_POINT('Ctrl Pts',(18.5834183871311,21.5503464650491,4.3133021353716));
#10890=CARTESIAN_POINT('Ctrl Pts',(18.5769815141932,21.57745519069,4.30402209348034));
#10891=CARTESIAN_POINT('Ctrl Pts',(18.5700645055199,21.6065859956931,4.29404983973683));
#10892=CARTESIAN_POINT('Ctrl Pts',(18.5630776181542,21.6361924229609,4.28546623774808));
#10893=CARTESIAN_POINT('Ctrl Pts',(18.5560275361247,21.6661849911061,4.27823967098));
#10894=CARTESIAN_POINT('Ctrl Pts',(18.5489372069518,21.6963487792724,4.27097184956151));
#10895=CARTESIAN_POINT('Ctrl Pts',(18.5417808147354,21.7269043867172,4.26507712757628));
#10896=CARTESIAN_POINT('Ctrl Pts',(18.534565492426,21.7577524514368,4.26057543738147));
#10897=CARTESIAN_POINT('Ctrl Pts',(18.5275473149645,21.7877576519343,4.25619674723996));
#10898=CARTESIAN_POINT('Ctrl Pts',(18.5204721085763,21.8180404233733,4.25313755613043));
#10899=CARTESIAN_POINT('Ctrl Pts',(18.5133718749983,21.8484856985277,4.2514491808352));
#10900=CARTESIAN_POINT('Ctrl Pts',(18.5090240918978,21.8671286701075,4.25041531490738));
#10901=CARTESIAN_POINT('Ctrl Pts',(18.504667548718,21.8858320330964,4.24989604119931));
#10902=CARTESIAN_POINT('Ctrl Pts',(18.5003168300264,21.9045630447079,4.24990515980781));
#10903=CARTESIAN_POINT('Origin',(41.,25.,3.00000071525574));
#10904=CARTESIAN_POINT('',(40.5396354144918,25.,3.));
#10905=CARTESIAN_POINT('Origin',(40.4,0.,13.));
#10906=CARTESIAN_POINT('Ctrl Pts',(15.7219046664572,24.212300100768,9.01204928170232));
#10907=CARTESIAN_POINT('Ctrl Pts',(15.7218723788416,23.9218101261588,9.01436156155729));
#10908=CARTESIAN_POINT('Ctrl Pts',(15.9742012677567,23.7779417590374,9.01903037187189));
#10909=CARTESIAN_POINT('Ctrl Pts',(15.7313642191502,24.2069066224188,8.33460275228899));
#10910=CARTESIAN_POINT('Ctrl Pts',(15.7313268789096,23.9170260176754,8.33727687615466));
#10911=CARTESIAN_POINT('Ctrl Pts',(15.9828725243911,23.7729977372163,8.34158384245852));
#10912=CARTESIAN_POINT('Ctrl Pts',(15.7408022634873,24.2014912841522,7.65869654530019));
#10913=CARTESIAN_POINT('Ctrl Pts',(15.740764910617,23.9122161373685,7.66137157402033));
#10914=CARTESIAN_POINT('Ctrl Pts',(15.9915240650377,23.7680336771404,7.66567763546973));
#10915=CARTESIAN_POINT('Ctrl Pts',(15.7502186689042,24.1960543093457,6.9843400110933));
#10916=CARTESIAN_POINT('Ctrl Pts',(15.7501861762082,23.9073806958875,6.98666697779498));
#10917=CARTESIAN_POINT('Ctrl Pts',(16.0001557699998,23.7630497835669,6.99132110126287));
#10918=CARTESIAN_POINT('Origin',(22.5657577109115,22.5657577109112,13.));
#10919=CARTESIAN_POINT('Ctrl Pts',(18.3224569351111,21.1810706083156,4.90263676935294));
#10920=CARTESIAN_POINT('Ctrl Pts',(18.499371189953,20.9713095130496,5.16641065639097));
#10921=CARTESIAN_POINT('Ctrl Pts',(18.677243378953,21.1807165395794,4.90308200964516));
#10922=CARTESIAN_POINT('Ctrl Pts',(18.3134796381988,21.1390905818907,4.83154566748261));
#10923=CARTESIAN_POINT('Ctrl Pts',(18.4990921962432,20.6098802670411,4.99596624719912));
#10924=CARTESIAN_POINT('Ctrl Pts',(18.6862911491278,21.1384402415753,4.83174772199309));
#10925=CARTESIAN_POINT('Ctrl Pts',(18.3137066967438,21.1358297687793,4.75261179026045));
#10926=CARTESIAN_POINT('Ctrl Pts',(18.4991285792457,20.6510666975215,4.70147796247551));
#10927=CARTESIAN_POINT('Ctrl Pts',(18.6860551134996,21.1352099633653,4.75254641188248));
#10928=CARTESIAN_POINT('Ctrl Pts',(18.3202699076303,21.1590973860794,4.65946077809775));
#10929=CARTESIAN_POINT('Ctrl Pts',(18.4992946752015,20.836460515488,4.48179254675896));
#10930=CARTESIAN_POINT('Ctrl Pts',(18.679456248921,21.1586058045522,4.65919007617721));
#10931=CARTESIAN_POINT('Ctrl Pts',(18.3226770918299,21.1682051865281,4.63595399482282));
#10932=CARTESIAN_POINT('Ctrl Pts',(18.4993403109263,20.8867350477534,4.44780289156779));
#10933=CARTESIAN_POINT('Ctrl Pts',(18.6770379349727,21.1677528397543,4.63565161978258));
#10934=CARTESIAN_POINT('Ctrl Pts',(18.3282564992039,21.1898694285272,4.5919579528426));
#10935=CARTESIAN_POINT('Ctrl Pts',(18.4994229216885,20.9765887466015,4.40026848169343));
#10936=CARTESIAN_POINT('Ctrl Pts',(18.6714379631821,21.1894899948347,4.59161693065904));
#10937=CARTESIAN_POINT('Ctrl Pts',(18.3313662531081,21.202186956847,4.57202935001525));
#10938=CARTESIAN_POINT('Ctrl Pts',(18.4994598060259,21.0164330744072,4.3855309082616));
#10939=CARTESIAN_POINT('Ctrl Pts',(18.6683190878258,21.201840352776,4.57168135664755));
#10940=CARTESIAN_POINT('Ctrl Pts',(18.3379547843169,21.2285474955939,4.53519199505368));
#10941=CARTESIAN_POINT('Ctrl Pts',(18.4995235994341,21.0867217973606,4.36309910320499));
#10942=CARTESIAN_POINT('Ctrl Pts',(18.6617158119205,21.2282591938479,4.53484216648349));
#10943=CARTESIAN_POINT('Ctrl Pts',(18.341448348043,21.2426521505592,4.51822614319699));
#10944=CARTESIAN_POINT('Ctrl Pts',(18.499551670909,21.1183232865438,4.35489990166302));
#10945=CARTESIAN_POINT('Ctrl Pts',(18.6582165800868,21.2423894027135,4.51788098104617));
#10946=CARTESIAN_POINT('Ctrl Pts',(18.3523900962555,21.2870732488037,4.47050907438854));
#10947=CARTESIAN_POINT('Ctrl Pts',(18.4996237932185,21.20277122131,4.33480971411968));
#10948=CARTESIAN_POINT('Ctrl Pts',(18.6472638868835,21.2868756338592,4.47019097739437));
#10949=CARTESIAN_POINT('Ctrl Pts',(18.3601303415033,21.3188050155465,4.44355868174213));
#10950=CARTESIAN_POINT('Ctrl Pts',(18.4996631390773,21.2531134190823,4.32498864780869));
#10951=CARTESIAN_POINT('Ctrl Pts',(18.6395227379624,21.3186420798261,4.44326459094357));
#10952=CARTESIAN_POINT('Ctrl Pts',(18.3760875236353,21.3845482406118,4.39598405654558));
#10953=CARTESIAN_POINT('Ctrl Pts',(18.4997280619494,21.3449247765646,4.3077759588888));
#10954=CARTESIAN_POINT('Ctrl Pts',(18.6235752754389,21.3844404139486,4.39574401734238));
#10955=CARTESIAN_POINT('Ctrl Pts',(18.3843366850853,21.4186997944622,4.37535865069354));
#10956=CARTESIAN_POINT('Ctrl Pts',(18.4997556529048,21.3882139678817,4.30017378592653));
#10957=CARTESIAN_POINT('Ctrl Pts',(18.6153363758012,21.4186136218575,4.37514612978266));
#10958=CARTESIAN_POINT('Ctrl Pts',(18.4267381086644,21.5948813297642,4.2843754912139));
#10959=CARTESIAN_POINT('Ctrl Pts',(18.4998670710554,21.5791511544334,4.26907783364029));
#10960=CARTESIAN_POINT('Ctrl Pts',(18.5730208909026,21.5948295841839,4.28432516843318));
#10961=CARTESIAN_POINT('Ctrl Pts',(18.4629645992576,21.7474894657337,4.25));
#10962=CARTESIAN_POINT('Ctrl Pts',(18.4999359399486,21.745594143512,4.25000000000002));
#10963=CARTESIAN_POINT('Ctrl Pts',(18.5369076222005,21.7474829265452,4.25000000000004));
#10964=CARTESIAN_POINT('Ctrl Pts',(18.5,21.9047375096554,4.24999999999999));
#10965=CARTESIAN_POINT('Ctrl Pts',(18.5,21.9047375096554,4.24999999999999));
#10966=CARTESIAN_POINT('Ctrl Pts',(18.5,21.9047375096554,4.24999999999999));
#10967=CARTESIAN_POINT('Origin',(18.5,25.5,7.));
#10968=CARTESIAN_POINT('Origin',(13.25,19.,13.65));
#10969=CARTESIAN_POINT('Origin',(31.75,11.,15.));
#10970=CARTESIAN_POINT('Origin',(-0.348782398735171,-3.09650348836858,10.4));
#10971=CARTESIAN_POINT('',(1.23960105259592,-0.570571952971203,10.4));
#10972=CARTESIAN_POINT('',(0.44718947624445,0.245306211521908,10.4));
#10973=CARTESIAN_POINT('',(1.48530484910595,-0.823552056352063,10.4));
#10974=CARTESIAN_POINT('',(0.250000000000057,-0.570571952971203,10.4));
#10975=CARTESIAN_POINT('',(6.48551893048885,-0.570571952971202,10.4));
#10976=CARTESIAN_POINT('',(0.25000000000058,-7.24999999999994,10.4));
#10977=CARTESIAN_POINT('',(0.250000000000156,-1.83353772066987,10.4));
#10978=CARTESIAN_POINT('',(0.11349832961958,-7.81799777282649,10.4));
#10979=CARTESIAN_POINT('Origin',(-1.,-7.25,10.4));
#10980=CARTESIAN_POINT('',(-0.658604138727949,-8.24980645470765,10.4));
#10981=CARTESIAN_POINT('',(0.943144467410178,-7.35400702046706,10.4));
#10982=CARTESIAN_POINT('',(-1.3497326800528,-7.51229951003971,10.4));
#10983=CARTESIAN_POINT('',(-2.21734975191604,-6.5864607151536,10.4));
#10984=CARTESIAN_POINT('',(-1.93716585006627,-5.75,10.4));
#10985=CARTESIAN_POINT('Origin',(0.999999999999998,-5.75,10.4));
#10986=CARTESIAN_POINT('',(-1.93716585006622,1.65681897304984,10.4));
#10987=CARTESIAN_POINT('',(-1.93716585006623,-0.71984225765936,10.4));
#10988=CARTESIAN_POINT('',(-1.53720240339199,2.0567994779705,10.4));
#10989=CARTESIAN_POINT('Origin',(-1.5371439166098,1.65676048377322,10.4));
#10990=CARTESIAN_POINT('',(-0.568819560354412,2.0567994779705,10.4));
#10991=CARTESIAN_POINT('',(-0.458800979544792,2.0567994779705,10.4));
#10992=CARTESIAN_POINT('',(-0.563476230329982,2.00524923487062,10.4));
#10993=CARTESIAN_POINT('',(-0.300740093788038,-0.529520589926863,10.4));
#10994=CARTESIAN_POINT('Ctrl Pts',(0.447189476244449,0.245306211521909,
10.4));
#10995=CARTESIAN_POINT('Ctrl Pts',(-0.113389634211457,0.655320093505999,
10.4));
#10996=CARTESIAN_POINT('Ctrl Pts',(-0.491684969908758,1.31263677967132,
10.4));
#10997=CARTESIAN_POINT('Ctrl Pts',(-0.563476230329981,2.00524923487062,
10.4));
#10998=CARTESIAN_POINT('Origin',(-1.3497326800528,-7.51229951003971,10.));
#10999=CARTESIAN_POINT('',(-0.658604138727949,-8.24980645470765,15.5));
#11000=CARTESIAN_POINT('',(-0.658604138727949,-8.24980645470765,4.));
#11001=CARTESIAN_POINT('',(-1.3497326800528,-7.51229951003971,15.5));
#11002=CARTESIAN_POINT('',(-1.3497326800528,-7.51229951003971,15.5));
#11003=CARTESIAN_POINT('',(-1.3497326800528,-7.51229951003971,10.));
#11004=CARTESIAN_POINT('Origin',(1.23960105259592,-0.570571952971203,10.));
#11005=CARTESIAN_POINT('',(0.44718947624445,0.245306211521908,15.5));
#11006=CARTESIAN_POINT('',(0.44718947624445,0.245306211521908,10.));
#11007=CARTESIAN_POINT('',(1.23960105259592,-0.570571952971203,15.5));
#11008=CARTESIAN_POINT('',(0.81943127216871,-0.137959205428028,15.5));
#11009=CARTESIAN_POINT('',(1.23960105259592,-0.570571952971202,7.));
#11010=CARTESIAN_POINT('Origin',(0.999999999999998,-5.75,10.));
#11011=CARTESIAN_POINT('',(-1.93716585006627,-5.75,15.5));
#11012=CARTESIAN_POINT('Origin',(0.999999999999998,-5.75,15.5));
#11013=CARTESIAN_POINT('',(-1.93716585006627,-5.75,10.));
#11014=CARTESIAN_POINT('Origin',(-1.93716585006622,1.65681897304984,10.));
#11015=CARTESIAN_POINT('',(-1.93716585006622,1.65681897304984,15.5));
#11016=CARTESIAN_POINT('',(-1.93716585006622,1.65681897304984,15.5));
#11017=CARTESIAN_POINT('',(-1.93716585006622,1.65681897304984,10.));
#11018=CARTESIAN_POINT('Ctrl Pts',(-1.53720240339199,2.0567994779705,10.4));
#11019=CARTESIAN_POINT('Ctrl Pts',(-1.93716585006622,2.0567994779705,10.4));
#11020=CARTESIAN_POINT('Ctrl Pts',(-1.93716585006622,1.65681897304984,10.4));
#11021=CARTESIAN_POINT('Ctrl Pts',(-1.53720240339199,2.0567994779705,15.5));
#11022=CARTESIAN_POINT('Ctrl Pts',(-1.93716585006622,2.0567994779705,15.5));
#11023=CARTESIAN_POINT('Ctrl Pts',(-1.93716585006622,1.65681897304984,15.5));
#11024=CARTESIAN_POINT('',(-1.53720240339199,2.0567994779705,15.5));
#11025=CARTESIAN_POINT('Origin',(-1.5371439166098,1.65676048377322,15.5));
#11026=CARTESIAN_POINT('',(-1.53720240339199,2.0567994779705,10.));
#11027=CARTESIAN_POINT('Origin',(-0.568819560354412,2.0567994779705,10.));
#11028=CARTESIAN_POINT('',(-0.568819560354412,2.0567994779705,15.5));
#11029=CARTESIAN_POINT('',(-0.0661407575992067,2.0567994779705,15.5));
#11030=CARTESIAN_POINT('',(-0.568819560354412,2.0567994779705,10.));
#11031=CARTESIAN_POINT('Origin',(-0.563476230329982,2.00524923487062,10.));
#11032=CARTESIAN_POINT('',(-0.563476230329982,2.00524923487062,15.5));
#11033=CARTESIAN_POINT('',(-0.563476230329982,2.00524923487062,15.5));
#11034=CARTESIAN_POINT('',(-0.563476230329982,2.00524923487062,10.));
#11035=CARTESIAN_POINT('Ctrl Pts',(0.447189476244449,0.245306211521909,
10.));
#11036=CARTESIAN_POINT('Ctrl Pts',(0.447189476244449,0.245306211521909,
15.5));
#11037=CARTESIAN_POINT('Ctrl Pts',(-0.113389634211457,0.655320093505999,
10.));
#11038=CARTESIAN_POINT('Ctrl Pts',(-0.113389634211457,0.655320093505999,
15.5));
#11039=CARTESIAN_POINT('Ctrl Pts',(-0.491684969908758,1.31263677967132,
10.));
#11040=CARTESIAN_POINT('Ctrl Pts',(-0.491684969908758,1.31263677967132,
15.5));
#11041=CARTESIAN_POINT('Ctrl Pts',(-0.563476230329982,2.00524923487062,
10.));
#11042=CARTESIAN_POINT('Ctrl Pts',(-0.563476230329982,2.00524923487062,
15.5));
#11043=CARTESIAN_POINT('Ctrl Pts',(0.447189476244449,0.245306211521909,
15.5));
#11044=CARTESIAN_POINT('Ctrl Pts',(-0.113389634211457,0.655320093505999,
15.5));
#11045=CARTESIAN_POINT('Ctrl Pts',(-0.491684969908758,1.31263677967132,
15.5));
#11046=CARTESIAN_POINT('Ctrl Pts',(-0.563476230329981,2.00524923487062,
15.5));
#11047=CARTESIAN_POINT('Origin',(0.11349832961958,-7.81799777282649,4.));
#11048=CARTESIAN_POINT('',(0.11349832961958,-7.81799777282649,4.4));
#11049=CARTESIAN_POINT('',(0.11349832961958,-7.81799777282649,4.));
#11050=CARTESIAN_POINT('',(-0.658604138727949,-8.24980645470765,4.4));
#11051=CARTESIAN_POINT('',(4.95941174579034,-5.10785556951853,4.4));
#11052=CARTESIAN_POINT('',(-0.658604138727949,-8.24980645470765,4.));
#11053=CARTESIAN_POINT('Origin',(-1.,-7.25,4.));
#11054=CARTESIAN_POINT('',(0.250000000000579,-7.24999999999994,4.4));
#11055=CARTESIAN_POINT('',(0.250000000000579,-7.24999999999994,4.));
#11056=CARTESIAN_POINT('Origin',(-1.,-7.25,4.4));
#11057=CARTESIAN_POINT('Origin',(0.250000000000057,-0.570571952971202,4.));
#11058=CARTESIAN_POINT('',(0.250000000000057,-0.570571952971203,4.4));
#11059=CARTESIAN_POINT('',(0.250000000000057,-0.570571952971202,4.));
#11060=CARTESIAN_POINT('',(0.250000000000217,-2.61542896472897,4.4));
#11061=CARTESIAN_POINT('Origin',(24.760002741682,-8.7395276416777,4.));
#11062=CARTESIAN_POINT('',(24.760002741682,-8.75000000000002,5.4));
#11063=CARTESIAN_POINT('',(24.760002741682,-8.75000000000002,15.5));
#11064=CARTESIAN_POINT('',(24.760002741682,-8.75000000000002,4.));
#11065=CARTESIAN_POINT('',(24.760002741682,-2.18017974028713,5.4));
#11066=CARTESIAN_POINT('',(24.760002741682,-8.7395276416777,5.4));
#11067=CARTESIAN_POINT('',(24.760002741682,-2.18017974028713,15.5));
#11068=CARTESIAN_POINT('',(24.760002741682,-2.18017974028713,4.));
#11069=CARTESIAN_POINT('',(24.760002741682,-8.75,15.5));
#11070=CARTESIAN_POINT('Origin',(0.999999999999998,-8.74999999999963,4.));
#11071=CARTESIAN_POINT('',(0.999999999999998,-8.74999999999963,4.4));
#11072=CARTESIAN_POINT('',(22.800002741682,-8.74999999999999,4.4));
#11073=CARTESIAN_POINT('',(6.03534965073849,-8.74999999999971,4.4));
#11074=CARTESIAN_POINT('',(22.800002741682,-8.74999999999999,5.4));
#11075=CARTESIAN_POINT('',(22.800002741682,-8.74999999999999,4.));
#11076=CARTESIAN_POINT('',(12.087501370841,-8.74999999999981,5.4));
#11077=CARTESIAN_POINT('',(0.999999999999998,-8.74999999999963,15.5));
#11078=CARTESIAN_POINT('',(0.999999999999998,-8.74999999999963,15.5));
#11079=CARTESIAN_POINT('',(0.999999999999998,-8.74999999999963,4.));
#11080=CARTESIAN_POINT('Origin',(11.070699301477,-4.66028597648589,15.5));
#11081=CARTESIAN_POINT('',(13.3198202597129,-2.18017974028713,15.5));
#11082=CARTESIAN_POINT('',(23.550002741682,-2.18017974028713,15.5));
#11083=CARTESIAN_POINT('',(13.3198202597129,-0.570571952971202,15.5));
#11084=CARTESIAN_POINT('',(13.3198202597129,-2.18017974028713,15.5));
#11085=CARTESIAN_POINT('',(13.3198202597129,-0.570571952971202,15.5));
#11086=CARTESIAN_POINT('Origin',(0.999999999999997,-5.75,15.5));
#11087=CARTESIAN_POINT('Origin',(23.175002741682,-5.45985369098242,5.4));
#11088=CARTESIAN_POINT('',(22.800002741682,-2.18017974028713,5.4));
#11089=CARTESIAN_POINT('',(22.800002741682,-7.1049268454912,5.4));
#11090=CARTESIAN_POINT('',(23.362502741682,-2.18017974028713,5.4));
#11091=CARTESIAN_POINT('Origin',(22.800002741682,-8.74999999999999,4.));
#11092=CARTESIAN_POINT('',(22.800002741682,-2.18017974028713,4.4));
#11093=CARTESIAN_POINT('',(22.800002741682,-6.70514298824294,4.4));
#11094=CARTESIAN_POINT('',(22.800002741682,-2.18017974028713,4.));
#11095=CARTESIAN_POINT('Origin',(11.070699301477,-4.66028597648589,4.4));
#11096=CARTESIAN_POINT('',(13.3198202597129,-0.570571952971202,4.4));
#11097=CARTESIAN_POINT('',(12.195259780595,-0.570571952971202,4.4));
#11098=CARTESIAN_POINT('',(13.3198202597129,-2.18017974028713,4.4));
#11099=CARTESIAN_POINT('',(13.3198202597129,-3.42023285838651,4.4));
#11100=CARTESIAN_POINT('',(16.9353510215795,-2.18017974028713,4.4));
#11101=CARTESIAN_POINT('Origin',(0.999999999999997,-5.75,4.4));
#11102=CARTESIAN_POINT('Origin',(13.3198202597129,-2.18017974028713,4.));
#11103=CARTESIAN_POINT('',(13.3198202597129,-0.570571952971202,4.));
#11104=CARTESIAN_POINT('',(13.3198202597129,-2.18017974028713,4.));
#11105=CARTESIAN_POINT('Origin',(13.3198202597129,-0.570571952971202,4.));
#11106=CARTESIAN_POINT('Origin',(22.800002741682,-2.18017974028713,4.));
#11107=CARTESIAN_POINT('Origin',(0.999999999999997,-5.75,4.));
#11108=UNCERTAINTY_MEASURE_WITH_UNIT(LENGTH_MEASURE(0.01),#11112,
'DISTANCE_ACCURACY_VALUE',
'Maximum model space distance between geometric entities at asserted c
onnectivities');
#11109=UNCERTAINTY_MEASURE_WITH_UNIT(LENGTH_MEASURE(0.01),#11112,
'DISTANCE_ACCURACY_VALUE',
'Maximum model space distance between geometric entities at asserted c
onnectivities');
#11110=(
GEOMETRIC_REPRESENTATION_CONTEXT(3)
GLOBAL_UNCERTAINTY_ASSIGNED_CONTEXT((#11108))
GLOBAL_UNIT_ASSIGNED_CONTEXT((#11112,#11114,#11115))
REPRESENTATION_CONTEXT('','3D')
);
#11111=(
GEOMETRIC_REPRESENTATION_CONTEXT(3)
GLOBAL_UNCERTAINTY_ASSIGNED_CONTEXT((#11109))
GLOBAL_UNIT_ASSIGNED_CONTEXT((#11112,#11114,#11115))
REPRESENTATION_CONTEXT('','3D')
);
#11112=(
LENGTH_UNIT()
NAMED_UNIT(*)
SI_UNIT(.MILLI.,.METRE.)
);
#11113=(
LENGTH_UNIT()
NAMED_UNIT(*)
SI_UNIT($,.METRE.)
);
#11114=(
NAMED_UNIT(*)
PLANE_ANGLE_UNIT()
SI_UNIT($,.RADIAN.)
);
#11115=(
NAMED_UNIT(*)
SI_UNIT($,.STERADIAN.)
SOLID_ANGLE_UNIT()
);
#11116=SHAPE_DEFINITION_REPRESENTATION(#11117,#11118);
#11117=PRODUCT_DEFINITION_SHAPE('',$,#11120);
#11118=SHAPE_REPRESENTATION('',(#4969),#11110);
#11119=PRODUCT_DEFINITION_CONTEXT('part definition',#11124,'design');
#11120=PRODUCT_DEFINITION('\X\BC\X\B7\X\B3\X\F6\X\B3\X\DD\X\CB\X\DC\X\BD
\X\BA\X\B8\X\C7','extruder front opt v3',#11121,#11119);
#11121=PRODUCT_DEFINITION_FORMATION('',$,#11126);
#11122=PRODUCT_RELATED_PRODUCT_CATEGORY('extruder front opt v3',
'extruder front opt v3',(#11126));
#11123=APPLICATION_PROTOCOL_DEFINITION('international standard',
'automotive_design',2009,#11124);
#11124=APPLICATION_CONTEXT(
'Core Data for Automotive Mechanical Design Process');
#11125=PRODUCT_CONTEXT('part definition',#11124,'mechanical');
#11126=PRODUCT('\X\BC\X\B7\X\B3\X\F6\X\B3\X\DD\X\CB\X\DC\X\BD\X\BA\X\B8
\X\C7','extruder front opt v3','STEP AP214',(#11125));
#11127=PRESENTATION_STYLE_ASSIGNMENT((#11131));
#11128=PRESENTATION_STYLE_ASSIGNMENT((#11132));
#11129=PRESENTATION_STYLE_ASSIGNMENT((#11133));
#11130=PRESENTATION_STYLE_ASSIGNMENT((#11134));
#11131=SURFACE_STYLE_USAGE(.BOTH.,#11135);
#11132=SURFACE_STYLE_USAGE(.BOTH.,#11136);
#11133=SURFACE_STYLE_USAGE(.BOTH.,#11137);
#11134=SURFACE_STYLE_USAGE(.BOTH.,#11138);
#11135=SURFACE_SIDE_STYLE('',(#11139));
#11136=SURFACE_SIDE_STYLE('',(#11140));
#11137=SURFACE_SIDE_STYLE('',(#11141));
#11138=SURFACE_SIDE_STYLE('',(#11142));
#11139=SURFACE_STYLE_FILL_AREA(#11143);
#11140=SURFACE_STYLE_FILL_AREA(#11144);
#11141=SURFACE_STYLE_FILL_AREA(#11145);
#11142=SURFACE_STYLE_FILL_AREA(#11146);
#11143=FILL_AREA_STYLE('ABS (White)',(#11147));
#11144=FILL_AREA_STYLE('Brass - Matte',(#11148));
#11145=FILL_AREA_STYLE('Powder Coat - Rough (Dark Grey)',(#11149));
#11146=FILL_AREA_STYLE('Plastic - Matte (Green)',(#11150));
#11147=FILL_AREA_STYLE_COLOUR('ABS (White)',#11151);
#11148=FILL_AREA_STYLE_COLOUR('Brass - Matte',#11152);
#11149=FILL_AREA_STYLE_COLOUR('Powder Coat - Rough (Dark Grey)',#11153);
#11150=FILL_AREA_STYLE_COLOUR('Plastic - Matte (Green)',#11154);
#11151=COLOUR_RGB('ABS (White)',0.964705882352941,0.964705882352941,0.952941176470588);
#11152=COLOUR_RGB('Brass - Matte',0.952941176470588,0.796078431372549,0.486274509803922);
#11153=COLOUR_RGB('Powder Coat - Rough (Dark Grey)',0.349019607843137,0.349019607843137,
0.349019607843137);
#11154=COLOUR_RGB('Plastic - Matte (Green)',0.266666666666667,0.588235294117647,
0.282352941176471);
ENDSEC;
END-ISO-10303-21;
