ISO-10303-21;
HEADER;
/* Generated by software containing ST-Developer
 * from STEP Tools, Inc. (www.steptools.com) 
 */

FILE_DESCRIPTION(
/* description */ ('STEP AP214'),
/* implementation_level */ '2;1');

FILE_NAME(
/* name */ 'extruder front opt.step',
/* time_stamp */ '2025-12-22T14:12:16-05:00',
/* author */ (''),
/* organization */ (''),
/* preprocessor_version */ 'ST-DEVELOPER v20.1',
/* originating_system */ 'Autodesk Translation Framework v14.21.0.0',
/* authorisation */ '');

FILE_SCHEMA (('AUTOMOTIVE_DESIGN { 1 0 10303 214 3 1 1 }'));
ENDSEC;

DATA;
#10=MECHANICAL_DESIGN_GEOMETRIC_PRESENTATION_REPRESENTATION('',(#13),#10010);
#11=SHAPE_REPRESENTATION_RELATIONSHIP('SRR','None',#10017,#12);
#12=ADVANCED_BREP_SHAPE_REPRESENTATION('',(#14),#10009);
#13=STYLED_ITEM('',(#10028),#14);
#14=MANIFOLD_SOLID_BREP('Body2',#4067);
#15=TOROIDAL_SURFACE('',#4158,1.98950022485718,0.5);
#16=TOROIDAL_SURFACE('',#4162,1.98950022485716,0.50000000000001);
#17=TOROIDAL_SURFACE('',#4166,1.98950022485717,0.500000000000003);
#18=TOROIDAL_SURFACE('',#4170,1.71000000000001,0.199999999999998);
#19=(
BOUNDED_CURVE()
B_SPLINE_CURVE(2,(#5932,#5933,#5934),.UNSPECIFIED.,.F.,.F.)
B_SPLINE_CURVE_WITH_KNOTS((3,3),(10443.4122580671,10446.1841230673),
 .UNSPECIFIED.)
CURVE()
GEOMETRIC_REPRESENTATION_ITEM()
RATIONAL_B_SPLINE_CURVE((0.999999999699888,0.999999999699891,0.999999999699895))
REPRESENTATION_ITEM('')
);
#20=(
BOUNDED_SURFACE()
B_SPLINE_SURFACE(3,2,((#5695,#5696,#5697),(#5698,#5699,#5700),(#5701,#5702,
#5703),(#5704,#5705,#5706)),.UNSPECIFIED.,.F.,.F.,.F.)
B_SPLINE_SURFACE_WITH_KNOTS((4,4),(3,3),(0.363139761140762,0.367100486481566),
(0.,1.),.UNSPECIFIED.)
GEOMETRIC_REPRESENTATION_ITEM()
RATIONAL_B_SPLINE_SURFACE(((1.,0.866032900237333,1.),(1.,0.864827077904402,
1.),(1.,0.863611359716434,1.),(1.,0.862385741186688,1.)))
REPRESENTATION_ITEM('')
SURFACE()
);
#21=(
BOUNDED_SURFACE()
B_SPLINE_SURFACE(3,2,((#5755,#5756,#5757),(#5758,#5759,#5760),(#5761,#5762,
#5763),(#5764,#5765,#5766)),.UNSPECIFIED.,.F.,.F.,.F.)
B_SPLINE_SURFACE_WITH_KNOTS((4,4),(3,3),(0.632899513518434,0.636860238859242),
(0.,1.),.UNSPECIFIED.)
GEOMETRIC_REPRESENTATION_ITEM()
RATIONAL_B_SPLINE_SURFACE(((1.,0.862385741186691,1.),(1.,0.863611359716437,
1.),(1.,0.864827077904402,1.),(1.,0.86603290023734,1.)))
REPRESENTATION_ITEM('')
SURFACE()
);
#22=(
BOUNDED_SURFACE()
B_SPLINE_SURFACE(3,2,((#8065,#8066,#8067),(#8068,#8069,#8070),(#8071,#8072,
#8073),(#8074,#8075,#8076)),.UNSPECIFIED.,.F.,.F.,.F.)
B_SPLINE_SURFACE_WITH_KNOTS((4,4),(3,3),(-8.88178419700125E-16,0.305401885186101),
(0.,1.),.UNSPECIFIED.)
GEOMETRIC_REPRESENTATION_ITEM()
RATIONAL_B_SPLINE_SURFACE(((1.,0.712263859422825,1.),(1.,0.712263988540056,
1.),(1.,0.712183508604084,1.),(1.,0.712026045990997,1.)))
REPRESENTATION_ITEM('')
SURFACE()
);
#23=(
BOUNDED_SURFACE()
B_SPLINE_SURFACE(3,2,((#8082,#8083,#8084),(#8085,#8086,#8087),(#8088,#8089,
#8090),(#8091,#8092,#8093)),.UNSPECIFIED.,.F.,.F.,.F.)
B_SPLINE_SURFACE_WITH_KNOTS((4,4),(3,3),(5.97778342199348,6.28318530717959),
(0.,1.),.UNSPECIFIED.)
GEOMETRIC_REPRESENTATION_ITEM()
RATIONAL_B_SPLINE_SURFACE(((1.,0.712026045990997,1.),(1.,0.712183508604083,
1.),(1.,0.712263988540054,1.),(1.,0.712263859422825,1.)))
REPRESENTATION_ITEM('')
SURFACE()
);
#24=(
BOUNDED_SURFACE()
B_SPLINE_SURFACE(3,2,((#8101,#8102,#8103),(#8104,#8105,#8106),(#8107,#8108,
#8109),(#8110,#8111,#8112)),.UNSPECIFIED.,.F.,.F.,.F.)
B_SPLINE_SURFACE_WITH_KNOTS((4,4),(3,3),(5.73989385433503E-16,0.479914802179608),
(0.,1.),.UNSPECIFIED.)
GEOMETRIC_REPRESENTATION_ITEM()
RATIONAL_B_SPLINE_SURFACE(((1.,0.712650087454824,1.),(1.,0.71265092128451,
1.),(1.,0.712435056680167,1.),(1.,0.712026045990997,1.)))
REPRESENTATION_ITEM('')
SURFACE()
);
#25=(
BOUNDED_SURFACE()
B_SPLINE_SURFACE(3,2,((#8116,#8117,#8118),(#8119,#8120,#8121),(#8122,#8123,
#8124),(#8125,#8126,#8127)),.UNSPECIFIED.,.F.,.F.,.F.)
B_SPLINE_SURFACE_WITH_KNOTS((4,4),(3,3),(5.80327050499997,6.28318530717959),
(0.,1.),.UNSPECIFIED.)
GEOMETRIC_REPRESENTATION_ITEM()
RATIONAL_B_SPLINE_SURFACE(((1.,0.712026045991008,1.),(1.,0.712435056680159,
1.),(1.,0.712650921284506,1.),(1.,0.712650087454828,1.)))
REPRESENTATION_ITEM('')
SURFACE()
);
#26=(
BOUNDED_SURFACE()
B_SPLINE_SURFACE(3,2,((#8135,#8136,#8137),(#8138,#8139,#8140),(#8141,#8142,
#8143),(#8144,#8145,#8146)),.UNSPECIFIED.,.F.,.F.,.F.)
B_SPLINE_SURFACE_WITH_KNOTS((4,4),(3,3),(-1.77635683940025E-15,0.305401885186108),
(0.,1.),.UNSPECIFIED.)
GEOMETRIC_REPRESENTATION_ITEM()
RATIONAL_B_SPLINE_SURFACE(((1.,0.712263859422833,1.),(1.,0.712263988540048,
1.),(1.,0.71218350860409,1.),(1.,0.712026045990997,1.)))
REPRESENTATION_ITEM('')
SURFACE()
);
#27=(
BOUNDED_SURFACE()
B_SPLINE_SURFACE(3,2,((#8150,#8151,#8152),(#8153,#8154,#8155),(#8156,#8157,
#8158),(#8159,#8160,#8161)),.UNSPECIFIED.,.F.,.F.,.F.)
B_SPLINE_SURFACE_WITH_KNOTS((4,4),(3,3),(5.97778342199348,6.28318530717958),
(0.,1.),.UNSPECIFIED.)
GEOMETRIC_REPRESENTATION_ITEM()
RATIONAL_B_SPLINE_SURFACE(((1.,0.712026045990997,1.),(1.,0.712183508604079,
1.),(1.,0.712263988540052,1.),(1.,0.712263859422833,1.)))
REPRESENTATION_ITEM('')
SURFACE()
);
#28=(
BOUNDED_SURFACE()
B_SPLINE_SURFACE(3,2,((#8169,#8170,#8171),(#8172,#8173,#8174),(#8175,#8176,
#8177),(#8178,#8179,#8180),(#8181,#8182,#8183),(#8184,#8185,#8186)),
 .UNSPECIFIED.,.F.,.F.,.F.)
B_SPLINE_SURFACE_WITH_KNOTS((4,2,4),(3,3),(2.74893394743081,3.14159265358979,
3.53425135974877),(0.,1.),.UNSPECIFIED.)
GEOMETRIC_REPRESENTATION_ITEM()
RATIONAL_B_SPLINE_SURFACE(((1.,0.712026045990997,1.),(1.,0.712292421064708,
1.),(1.,0.712429751754628,1.),(1.,0.712429751755023,1.),(1.,0.712292421064408,
1.),(1.,0.712026045990997,1.)))
REPRESENTATION_ITEM('')
SURFACE()
);
#29=(
BOUNDED_SURFACE()
B_SPLINE_SURFACE(3,2,((#8206,#8207,#8208),(#8209,#8210,#8211),(#8212,#8213,
#8214),(#8215,#8216,#8217),(#8218,#8219,#8220),(#8221,#8222,#8223)),
 .UNSPECIFIED.,.F.,.F.,.F.)
B_SPLINE_SURFACE_WITH_KNOTS((4,2,4),(3,3),(2.74893394743081,3.14159265358979,
3.53425135974877),(0.,1.),.UNSPECIFIED.)
GEOMETRIC_REPRESENTATION_ITEM()
RATIONAL_B_SPLINE_SURFACE(((1.,0.712026045990997,1.),(1.,0.712292421064553,
1.),(1.,0.712429751754825,1.),(1.,0.712429751754825,1.),(1.,0.712292421064557,
1.),(1.,0.712026045990997,1.)))
REPRESENTATION_ITEM('')
SURFACE()
);
#30=(
BOUNDED_SURFACE()
B_SPLINE_SURFACE(3,2,((#8236,#8237,#8238),(#8239,#8240,#8241),(#8242,#8243,
#8244),(#8245,#8246,#8247),(#8248,#8249,#8250),(#8251,#8252,#8253),(#8254,
#8255,#8256),(#8257,#8258,#8259),(#8260,#8261,#8262),(#8263,#8264,#8265)),
 .UNSPECIFIED.,.F.,.F.,.F.)
B_SPLINE_SURFACE_WITH_KNOTS((4,2,2,2,4),(3,3),(2.35629196143288,2.74894230751134,
3.14159265358979,3.53424299966825,3.92689334574671),(0.,1.),
 .UNSPECIFIED.)
GEOMETRIC_REPRESENTATION_ITEM()
RATIONAL_B_SPLINE_SURFACE(((1.,0.712026045990997,1.),(1.,0.712668249852818,
1.),(1.,0.713180383653605,1.),(1.,0.713873265013013,1.),(1.,0.714053072417765,
1.),(1.,0.714053072417716,1.),(1.,0.713873265013013,1.),(1.,0.713180383653606,
1.),(1.,0.712668249852818,1.),(1.,0.712026045990997,1.)))
REPRESENTATION_ITEM('')
SURFACE()
);
#31=(
BOUNDED_SURFACE()
B_SPLINE_SURFACE(3,2,((#8279,#8280,#8281),(#8282,#8283,#8284),(#8285,#8286,
#8287),(#8288,#8289,#8290),(#8291,#8292,#8293),(#8294,#8295,#8296)),
 .UNSPECIFIED.,.F.,.F.,.F.)
B_SPLINE_SURFACE_WITH_KNOTS((4,2,4),(3,3),(0.,0.39265034607846,0.78530069215692),
(0.,1.),.UNSPECIFIED.)
GEOMETRIC_REPRESENTATION_ITEM()
RATIONAL_B_SPLINE_SURFACE(((1.,0.714053072417741,1.),(1.,0.714053889008495,
1.),(1.,0.713873265012988,1.),(1.,0.71318038365363,1.),(1.,0.712668249852799,
1.),(1.,0.712026045990997,1.)))
REPRESENTATION_ITEM('')
SURFACE()
);
#32=(
BOUNDED_SURFACE()
B_SPLINE_SURFACE(3,2,((#8300,#8301,#8302),(#8303,#8304,#8305),(#8306,#8307,
#8308),(#8309,#8310,#8311),(#8312,#8313,#8314),(#8315,#8316,#8317)),
 .UNSPECIFIED.,.F.,.F.,.F.)
B_SPLINE_SURFACE_WITH_KNOTS((4,2,4),(3,3),(5.49788461502267,5.89053496110113,
6.28318530717959),(0.,1.),.UNSPECIFIED.)
GEOMETRIC_REPRESENTATION_ITEM()
RATIONAL_B_SPLINE_SURFACE(((1.,0.712026045990997,1.),(1.,0.712668249852827,
1.),(1.,0.713180383653593,1.),(1.,0.713873265013025,1.),(1.,0.714053889008467,
1.),(1.,0.714053072417741,1.)))
REPRESENTATION_ITEM('')
SURFACE()
);
#33=(
BOUNDED_SURFACE()
B_SPLINE_SURFACE(3,2,((#8325,#8326,#8327),(#8328,#8329,#8330),(#8331,#8332,
#8333),(#8334,#8335,#8336),(#8337,#8338,#8339),(#8340,#8341,#8342)),
 .UNSPECIFIED.,.F.,.F.,.F.)
B_SPLINE_SURFACE_WITH_KNOTS((4,2,4),(3,3),(4.46436188670502E-16,0.392650346078459,
0.785300692156917),(0.,1.),.UNSPECIFIED.)
GEOMETRIC_REPRESENTATION_ITEM()
RATIONAL_B_SPLINE_SURFACE(((1.,0.714053072417741,1.),(1.,0.714053889008476,
1.),(1.,0.713873265013013,1.),(1.,0.713180383653606,1.),(1.,0.712668249852818,
1.),(1.,0.712026045990997,1.)))
REPRESENTATION_ITEM('')
SURFACE()
);
#34=(
BOUNDED_SURFACE()
B_SPLINE_SURFACE(3,2,((#8346,#8347,#8348),(#8349,#8350,#8351),(#8352,#8353,
#8354),(#8355,#8356,#8357),(#8358,#8359,#8360),(#8361,#8362,#8363)),
 .UNSPECIFIED.,.F.,.F.,.F.)
B_SPLINE_SURFACE_WITH_KNOTS((4,2,4),(3,3),(5.49788461502267,5.89053496110113,
6.28318530717959),(0.,1.),.UNSPECIFIED.)
GEOMETRIC_REPRESENTATION_ITEM()
RATIONAL_B_SPLINE_SURFACE(((1.,0.712026045990997,1.),(1.,0.712668249852827,
1.),(1.,0.713180383653593,1.),(1.,0.713873265013025,1.),(1.,0.714053889008467,
1.),(1.,0.714053072417741,1.)))
REPRESENTATION_ITEM('')
SURFACE()
);
#35=(
BOUNDED_SURFACE()
B_SPLINE_SURFACE(3,2,((#8371,#8372,#8373),(#8374,#8375,#8376),(#8377,#8378,
#8379),(#8380,#8381,#8382)),.UNSPECIFIED.,.F.,.F.,.F.)
B_SPLINE_SURFACE_WITH_KNOTS((4,4),(3,3),(5.97778342199348,6.28318530717959),
(0.,1.),.UNSPECIFIED.)
GEOMETRIC_REPRESENTATION_ITEM()
RATIONAL_B_SPLINE_SURFACE(((1.,0.712026045990997,1.),(1.,0.712183508604082,
1.),(1.,0.712263988540057,1.),(1.,0.712263859422825,1.)))
REPRESENTATION_ITEM('')
SURFACE()
);
#36=(
BOUNDED_SURFACE()
B_SPLINE_SURFACE(3,2,((#8386,#8387,#8388),(#8389,#8390,#8391),(#8392,#8393,
#8394),(#8395,#8396,#8397)),.UNSPECIFIED.,.F.,.F.,.F.)
B_SPLINE_SURFACE_WITH_KNOTS((4,4),(3,3),(-8.88178419700125E-16,0.305401885186104),
(0.,1.),.UNSPECIFIED.)
GEOMETRIC_REPRESENTATION_ITEM()
RATIONAL_B_SPLINE_SURFACE(((1.,0.712263859422825,1.),(1.,0.712263988540057,
1.),(1.,0.712183508604083,1.),(1.,0.712026045990997,1.)))
REPRESENTATION_ITEM('')
SURFACE()
);
#37=(
BOUNDED_SURFACE()
B_SPLINE_SURFACE(3,2,((#8973,#8974,#8975),(#8976,#8977,#8978),(#8979,#8980,
#8981),(#8982,#8983,#8984),(#8985,#8986,#8987),(#8988,#8989,#8990),(#8991,
#8992,#8993),(#8994,#8995,#8996),(#8997,#8998,#8999),(#9000,#9001,#9002),
(#9003,#9004,#9005),(#9006,#9007,#9008),(#9009,#9010,#9011),(#9012,#9013,
#9014),(#9015,#9016,#9017),(#9018,#9019,#9020),(#9021,#9022,#9023),(#9024,
#9025,#9026),(#9027,#9028,#9029),(#9030,#9031,#9032)),.UNSPECIFIED.,.F.,
 .F.,.F.)
B_SPLINE_SURFACE_WITH_KNOTS((4,2,2,2,2,2,2,2,2,4),(3,3),(0.00303478982669732,
0.00430396233521008,0.00493854858946646,0.00557313484372284,0.00589042797085103,
0.00620772109797922,0.00652501422510741,0.0068423073522356,0.00747689360649198,
0.00811147986074836),(0.,1.),.UNSPECIFIED.)
GEOMETRIC_REPRESENTATION_ITEM()
RATIONAL_B_SPLINE_SURFACE(((1.,0.664029434247125,1.),(1.,0.690339265956518,
1.),(1.,0.720274162618325,1.),(1.,0.761716509508666,1.),(1.,0.775011962234506,
1.),(1.,0.799737927592425,1.),(1.,0.810837885291703,1.),(1.,0.825152048434992,
1.),(1.,0.82954592786933,1.),(1.,0.83756222101083,1.),(1.,0.841199095680448,
1.),(1.,0.84751852119636,1.),(1.,0.850231845008483,1.),(1.,0.854888989820495,
1.),(1.,0.856845767113494,1.),(1.,0.861648709735405,1.),(1.,0.863463779739689,
1.),(1.,0.865693095705891,1.),(1.,0.866048109472878,1.),(1.,0.86602127621792,
1.)))
REPRESENTATION_ITEM('')
SURFACE()
);
#38=(
BOUNDED_SURFACE()
B_SPLINE_SURFACE(3,2,((#9140,#9141,#9142),(#9143,#9144,#9145),(#9146,#9147,
#9148),(#9149,#9150,#9151)),.UNSPECIFIED.,.F.,.F.,.F.)
B_SPLINE_SURFACE_WITH_KNOTS((4,4),(3,3),(0.363154422259205,0.364642305622075),
(0.,1.),.UNSPECIFIED.)
GEOMETRIC_REPRESENTATION_ITEM()
RATIONAL_B_SPLINE_SURFACE(((1.,0.866019509324731,1.),(1.,0.865566503385012,
1.),(1.,0.865112100996812,1.),(1.,0.864656301845854,1.)))
REPRESENTATION_ITEM('')
SURFACE()
);
#39=(
BOUNDED_SURFACE()
B_SPLINE_SURFACE(3,2,((#9156,#9157,#9158),(#9159,#9160,#9161),(#9162,#9163,
#9164),(#9165,#9166,#9167),(#9168,#9169,#9170),(#9171,#9172,#9173),(#9174,
#9175,#9176),(#9177,#9178,#9179),(#9180,#9181,#9182),(#9183,#9184,#9185),
(#9186,#9187,#9188),(#9189,#9190,#9191),(#9192,#9193,#9194),(#9195,#9196,
#9197),(#9198,#9199,#9200),(#9201,#9202,#9203),(#9204,#9205,#9206),(#9207,
#9208,#9209),(#9210,#9211,#9212),(#9213,#9214,#9215)),.UNSPECIFIED.,.F.,
 .F.,.F.)
B_SPLINE_SURFACE_WITH_KNOTS((4,2,2,2,2,2,2,2,2,4),(3,3),(0.00176199311095032,
0.00303104945770524,0.0036655776310827,0.00430010580446016,0.00493463397783763,
0.00525189806452636,0.00556916215121509,0.00588642623790382,0.00620369032459255,
0.00685331753926616),(0.,1.00004820547074),.UNSPECIFIED.)
GEOMETRIC_REPRESENTATION_ITEM()
RATIONAL_B_SPLINE_SURFACE(((1.,0.66399943063582,1.00003239413123),(1.,0.690846798613885,
1.00002980575121),(1.,0.720225167783033,1.00002697335498),(1.,0.761632448341576,
1.00002298124008),(1.,0.775136834706596,1.00002167926947),(1.,0.799600327880659,
1.00001932072106),(1.,0.810624504332729,1.00001825786983),(1.,0.829800743853802,
1.00001640907053),(1.,0.837986485491563,1.00001561987547),(1.,0.847448667084685,
1.00001470761763),(1.,0.850175012191761,1.00001444476813),(1.,0.854872090353792,
1.00001399191841),(1.,0.8568266131107,1.00001380348103),(1.,0.860011296149538,
1.00001349644274),(1.,0.86126300367424,1.00001337576443),(1.,0.863263564135103,
1.00001318288852),(1.,0.864016168546776,1.00001311032922),(1.,0.865701568661504,
1.00001294783821),(1.,0.866061092924122,1.00001291317613),(1.,0.866012070816908,
1.0000129179024)))
REPRESENTATION_ITEM('')
SURFACE()
);
#40=(
BOUNDED_SURFACE()
B_SPLINE_SURFACE(3,2,((#9291,#9292,#9293),(#9294,#9295,#9296),(#9297,#9298,
#9299),(#9300,#9301,#9302),(#9303,#9304,#9305),(#9306,#9307,#9308),(#9309,
#9310,#9311),(#9312,#9313,#9314),(#9315,#9316,#9317),(#9318,#9319,#9320),
(#9321,#9322,#9323),(#9324,#9325,#9326),(#9327,#9328,#9329),(#9330,#9331,
#9332),(#9333,#9334,#9335),(#9336,#9337,#9338)),.UNSPECIFIED.,.F.,.F.,.F.)
B_SPLINE_SURFACE_WITH_KNOTS((4,2,2,2,2,2,2,4),(3,3),(-8.0997398281908E-5,
5.06237041135232E-5,0.000101247408227123,0.000151871112340723,0.000202494816454323,
0.000303742224681524,0.000404989632908724,0.000809979265817524),(-0.00389220703718651,
1.00208408618952),.UNSPECIFIED.)
GEOMETRIC_REPRESENTATION_ITEM()
RATIONAL_B_SPLINE_SURFACE(((1.00396493221086,0.489591962736573,1.00211920315096),
(1.00499790195241,0.356617165111356,1.00267131163977),(1.00488604832767,
0.371016147496951,1.00261152737578),(1.00433455142236,0.442010665947102,
1.00231675966795),(1.00414682956987,0.466176209563476,1.00221642485259),
(1.00376014368581,0.515954509071265,1.00200974642775),(1.00356478551983,
0.541103079780296,1.00190533010513),(1.00318977908417,0.589377877080973,
1.00170489418899),(1.00300882136226,0.612672670221434,1.00160817471081),
(1.00249045157451,0.679402715495195,1.00133111300354),(1.00218472550411,
0.718759010947106,1.00116770651453),(1.00164399900762,0.788367048383651,
1.00087869544594),(1.00140767001905,0.818789816993335,1.0007523807675),
(1.00037001482831,0.952367775227644,1.00019776796887),(1.00001030160799,
0.998673867991407,1.00000550607147),(1.,1.,1.)))
REPRESENTATION_ITEM('')
SURFACE()
);
#41=(
BOUNDED_SURFACE()
B_SPLINE_SURFACE(3,2,((#9638,#9639,#9640),(#9641,#9642,#9643),(#9644,#9645,
#9646),(#9647,#9648,#9649),(#9650,#9651,#9652),(#9653,#9654,#9655),(#9656,
#9657,#9658),(#9659,#9660,#9661),(#9662,#9663,#9664),(#9665,#9666,#9667),
(#9668,#9669,#9670),(#9671,#9672,#9673),(#9674,#9675,#9676),(#9677,#9678,
#9679),(#9680,#9681,#9682),(#9683,#9684,#9685),(#9686,#9687,#9688),(#9689,
#9690,#9691),(#9692,#9693,#9694),(#9695,#9696,#9697)),.UNSPECIFIED.,.F.,
 .F.,.F.)
B_SPLINE_SURFACE_WITH_KNOTS((4,2,2,2,2,2,2,2,2,4),(3,3),(0.00176199311095021,
0.00303104945770923,0.00366557763108874,0.00430010580446825,0.00493463397784776,
0.00525189806453751,0.00556916215122727,0.00588642623791702,0.00620369032460678,
0.00685331746855501),(0.,1.00004820546064),.UNSPECIFIED.)
GEOMETRIC_REPRESENTATION_ITEM()
RATIONAL_B_SPLINE_SURFACE(((1.,0.66399943063921,1.00003239412444),(1.,0.690846798617236,
1.00002980574496),(1.,0.720225167785844,1.00002697334932),(1.,0.761632448344385,
1.00002298123526),(1.,0.775136834709,1.00002167926493),(1.,0.79960032788325,
1.00001932071701),(1.,0.810624504335064,1.000018257866),(1.,0.829800743855833,
1.00001640906709),(1.,0.837986485493861,1.00001561987219),(1.,0.847448667086349,
1.00001470761455),(1.,0.850175012193453,1.0000144447651),(1.,0.854872090355576,
1.00001399191547),(1.,0.856826613112383,1.00001380347813),(1.,0.860011296151081,
1.00001349643991),(1.,0.861263003675787,1.00001337576163),(1.,0.86326356413659,
1.00001318288575),(1.,0.864016168548259,1.00001311032647),(1.,0.86570156853958,
1.0000129478355),(1.,0.866061092847242,1.00001291317343),(1.,0.866012070834265,
1.00001291789969)))
REPRESENTATION_ITEM('')
SURFACE()
);
#42=(
BOUNDED_SURFACE()
B_SPLINE_SURFACE(3,2,((#9802,#9803,#9804),(#9805,#9806,#9807),(#9808,#9809,
#9810),(#9811,#9812,#9813),(#9814,#9815,#9816),(#9817,#9818,#9819),(#9820,
#9821,#9822),(#9823,#9824,#9825),(#9826,#9827,#9828),(#9829,#9830,#9831),
(#9832,#9833,#9834),(#9835,#9836,#9837),(#9838,#9839,#9840),(#9841,#9842,
#9843),(#9844,#9845,#9846),(#9847,#9848,#9849),(#9850,#9851,#9852),(#9853,
#9854,#9855),(#9856,#9857,#9858),(#9859,#9860,#9861)),.UNSPECIFIED.,.F.,
 .F.,.F.)
B_SPLINE_SURFACE_WITH_KNOTS((4,2,2,2,2,2,2,2,2,4),(3,3),(0.00303478982669722,
0.00430396233521337,0.00493854858947144,0.00557313484372952,0.00589042797085856,
0.0062077210979876,0.00652501422511663,0.00684230735224567,0.00747689360650375,
0.00811147986076182),(0.,1.),.UNSPECIFIED.)
GEOMETRIC_REPRESENTATION_ITEM()
RATIONAL_B_SPLINE_SURFACE(((1.,0.664029434247124,1.),(1.,0.690339265956592,
1.),(1.,0.720274162618468,1.),(1.,0.76171650950892,1.),(1.,0.775011962234635,
1.),(1.,0.799737927592882,1.),(1.,0.810837885292191,1.),(1.,0.825152048435201,
1.),(1.,0.829545927869724,1.),(1.,0.837562221011008,1.),(1.,0.841199095680709,
1.),(1.,0.847518521196603,1.),(1.,0.850231845008597,1.),(1.,0.854888989820788,
1.),(1.,0.856845767113681,1.),(1.,0.861648709735493,1.),(1.,0.863463779739774,
1.),(1.,0.865693095705931,1.),(1.,0.866048109472893,1.),(1.,0.866021276217916,
1.)))
REPRESENTATION_ITEM('')
SURFACE()
);
#43=(
BOUNDED_SURFACE()
B_SPLINE_SURFACE(3,2,((#9941,#9942,#9943),(#9944,#9945,#9946),(#9947,#9948,
#9949),(#9950,#9951,#9952)),.UNSPECIFIED.,.F.,.F.,.F.)
B_SPLINE_SURFACE_WITH_KNOTS((4,4),(3,3),(0.635357694377925,0.636845577740793),
(0.,1.),.UNSPECIFIED.)
GEOMETRIC_REPRESENTATION_ITEM()
RATIONAL_B_SPLINE_SURFACE(((1.,0.864656301845854,1.),(1.,0.865112100996811,
1.),(1.,0.865566503385013,1.),(1.,0.866019509324733,1.)))
REPRESENTATION_ITEM('')
SURFACE()
);
#44=(
BOUNDED_SURFACE()
B_SPLINE_SURFACE(3,2,((#9956,#9957,#9958),(#9959,#9960,#9961),(#9962,#9963,
#9964),(#9965,#9966,#9967),(#9968,#9969,#9970),(#9971,#9972,#9973),(#9974,
#9975,#9976),(#9977,#9978,#9979),(#9980,#9981,#9982),(#9983,#9984,#9985),
(#9986,#9987,#9988),(#9989,#9990,#9991),(#9992,#9993,#9994),(#9995,#9996,
#9997),(#9998,#9999,#10000),(#10001,#10002,#10003)),.UNSPECIFIED.,.F.,.F.,
 .F.)
B_SPLINE_SURFACE_WITH_KNOTS((4,2,2,2,2,2,2,4),(3,3),(-8.09973982819214E-5,
5.0623704113526E-5,0.000101247408227129,0.000151871112340732,0.000202494816454335,
0.000303742224681541,0.000404989632908747,0.000809979265817571),(-0.00382641018891156,
1.00208580410785),.UNSPECIFIED.)
GEOMETRIC_REPRESENTATION_ITEM()
RATIONAL_B_SPLINE_SURFACE(((1.00389765048499,0.489624606788969,1.00212095365235),
(1.00491309155688,0.356658313801407,1.00267351819308),(1.00480313599862,
0.371056375274864,1.00261368454617),(1.00426099755434,0.442046353144572,
1.00231867335471),(1.00407646119143,0.466210351210698,1.00221825566092),
(1.0036963370573,0.515985467059239,1.00201140651584),(1.00350429396302,
0.541132429346875,1.00190690394338),(1.00313565108639,0.589404139146993,
1.00170630246344),(1.00295776407217,0.612697442427871,1.00160950309316),
(1.00244819060479,0.679423219863005,1.00133221252775),(1.00214765246108,
0.718776998213323,1.00116867106192),(1.00161610166041,0.788380583744527,
1.00087942126479),(1.00138378298561,0.818801406611842,1.00075300224807),
(1.00036373597285,0.952370821631697,1.0001979313289),(1.00001012679796,
0.998673952806079,1.00000551061959),(1.,1.,1.)))
REPRESENTATION_ITEM('')
SURFACE()
);
#45=CIRCLE('',#4086,3.0000000000008);
#46=CIRCLE('',#4087,3.02792708289937);
#47=CIRCLE('',#4089,3.29414583420444);
#48=CIRCLE('',#4090,0.50007596216002);
#49=CIRCLE('',#4091,5.5);
#50=CIRCLE('',#4092,0.199999999999999);
#51=CIRCLE('',#4093,5.5);
#52=CIRCLE('',#4094,5.5);
#53=CIRCLE('',#4095,0.199999999999999);
#54=CIRCLE('',#4096,5.5);
#55=CIRCLE('',#4097,0.500075955372169);
#56=CIRCLE('',#4098,4.015);
#57=CIRCLE('',#4100,3.16847396116146);
#58=CIRCLE('',#4104,4.015);
#59=CIRCLE('',#4105,0.500074451351479);
#60=CIRCLE('',#4110,0.500074438818764);
#61=CIRCLE('',#4113,5.35000000000024);
#62=CIRCLE('',#4114,5.21036458550857);
#63=CIRCLE('',#4115,5.29414583420405);
#64=CIRCLE('',#4122,1.55000000000061);
#65=CIRCLE('',#4123,1.70708537483556);
#66=CIRCLE('',#4125,1.55000000000003);
#67=CIRCLE('',#4126,1.70708537483497);
#68=CIRCLE('',#4131,4.1730398367329);
#69=CIRCLE('',#4132,4.20585416579653);
#70=CIRCLE('',#4133,4.28963541449195);
#71=CIRCLE('',#4136,3.32696016659696);
#72=CIRCLE('',#4137,3.32696016659696);
#73=CIRCLE('',#4138,3.32696016659754);
#74=CIRCLE('',#4139,3.32696016659754);
#75=CIRCLE('',#4141,3.1684739611617);
#76=CIRCLE('',#4143,1.99979558869173);
#77=CIRCLE('',#4144,1.99978898825317);
#78=CIRCLE('',#4145,1.99978898825295);
#79=CIRCLE('',#4147,3.04188943328906);
#80=CIRCLE('',#4149,1.48192967090503);
#81=CIRCLE('',#4150,2.49999999999913);
#82=CIRCLE('',#4151,1.48192967090546);
#83=CIRCLE('',#4152,0.765708537483281);
#84=CIRCLE('',#4159,0.5);
#85=CIRCLE('',#4160,2.48947280954057);
#86=CIRCLE('',#4161,2.48947280954057);
#87=CIRCLE('',#4163,0.50000000000001);
#88=CIRCLE('',#4164,2.48947280953903);
#89=CIRCLE('',#4165,2.48947280953903);
#90=CIRCLE('',#4167,0.500000000000003);
#91=CIRCLE('',#4168,2.48947280953993);
#92=CIRCLE('',#4169,2.48947280953993);
#93=CIRCLE('',#4171,1.51);
#94=CIRCLE('',#4172,0.199999999999998);
#95=CIRCLE('',#4174,2.97207291710325);
#96=CIRCLE('',#4175,3.00000000000103);
#97=CIRCLE('',#4177,2.97207291710212);
#98=CIRCLE('',#4178,2.9999999999999);
#99=CIRCLE('',#4180,2.97207291710181);
#100=CIRCLE('',#4181,2.99999999999959);
#101=CIRCLE('',#4183,1.54999999999997);
#102=CIRCLE('',#4184,1.70708537483491);
#103=CIRCLE('',#4188,5.35000000001628);
#104=CIRCLE('',#4190,2.50000000000067);
#105=CIRCLE('',#4193,1.52381910419437);
#106=CIRCLE('',#4195,1.52381910419394);
#107=CIRCLE('',#4197,0.749999999999165);
#108=CIRCLE('',#4205,4.15);
#109=CIRCLE('',#4206,4.15);
#110=CIRCLE('',#4208,2.49999999999944);
#111=CIRCLE('',#4210,3.21036458550852);
#112=CIRCLE('',#4211,3.16847396116112);
#113=CIRCLE('',#4214,1.25);
#114=CIRCLE('',#4216,2.10000000004629);
#115=CIRCLE('',#4217,3.0999999999658);
#116=CIRCLE('',#4218,2.10000000004629);
#117=CIRCLE('',#4220,1.74999999990678);
#118=CIRCLE('',#4222,2.1);
#119=CIRCLE('',#4224,1.51);
#120=CIRCLE('',#4226,1.70271202110608);
#121=CIRCLE('',#4227,1.70271202118002);
#122=CIRCLE('',#4230,1.70271202110566);
#123=CIRCLE('',#4231,1.70271202114091);
#124=CIRCLE('',#4240,0.299999999999996);
#125=CIRCLE('',#4241,0.3);
#126=CIRCLE('',#4242,2.00340689029291);
#127=CIRCLE('',#4243,0.3);
#128=CIRCLE('',#4244,2.00340689029238);
#129=CIRCLE('',#4246,0.3);
#130=CIRCLE('',#4247,0.299999999999992);
#131=CIRCLE('',#4249,0.3);
#132=CIRCLE('',#4252,0.3);
#133=CIRCLE('',#4253,0.300000000000007);
#134=CIRCLE('',#4254,2.00340689029217);
#135=CIRCLE('',#4255,0.300000000000009);
#136=CIRCLE('',#4256,2.00340689029211);
#137=CIRCLE('',#4258,0.3);
#138=CIRCLE('',#4259,0.300000000000004);
#139=CIRCLE('',#4261,0.3);
#140=CIRCLE('',#4262,0.299999999999995);
#141=CIRCLE('',#4264,0.3);
#142=CIRCLE('',#4265,0.3);
#143=CIRCLE('',#4267,0.3);
#144=CIRCLE('',#4268,0.300000000000001);
#145=CIRCLE('',#4269,1.99986258085232);
#146=CIRCLE('',#4270,0.3);
#147=CIRCLE('',#4271,1.99986258085232);
#148=CIRCLE('',#4273,0.3);
#149=CIRCLE('',#4274,0.300000000000002);
#150=CIRCLE('',#4275,1.99986258085232);
#151=CIRCLE('',#4276,0.299999999999995);
#152=CIRCLE('',#4277,1.99986258085229);
#153=CIRCLE('',#4279,0.300000000000002);
#154=CIRCLE('',#4280,2.00312693322853);
#155=CIRCLE('',#4281,0.300000000000011);
#156=CIRCLE('',#4282,0.300000000000004);
#157=CIRCLE('',#4283,2.00312693322852);
#158=CIRCLE('',#4309,1.99978021929231);
#159=CIRCLE('',#4311,1.99979558869144);
#160=CIRCLE('',#4312,1.99979558869147);
#161=CIRCLE('',#4325,0.500000000000581);
#162=CIRCLE('',#4326,2.99999999999963);
#163=CIRCLE('',#4331,2.93716585006607);
#164=CIRCLE('',#4332,0.437165850066781);
#165=CIRCLE('',#4359,3.2103645855091);
#166=CIRCLE('',#4373,5.5);
#167=CIRCLE('',#4375,0.199999999999999);
#168=CIRCLE('',#4383,5.75);
#169=CIRCLE('',#4400,5.5);
#170=CIRCLE('',#4411,2.75);
#171=CIRCLE('',#4436,0.199999999999999);
#172=CONICAL_SURFACE('',#4085,3.02792708289858,0.0139626340159946);
#173=CONICAL_SURFACE('',#4099,3.3290546878266,0.0139626340159695);
#174=CONICAL_SURFACE('',#4112,5.35000000000024,0.013962634015953);
#175=CONICAL_SURFACE('',#4121,1.70708537483436,0.0104719755119681);
#176=CONICAL_SURFACE('',#4124,1.70708537483378,0.0104719755119681);
#177=CONICAL_SURFACE('',#4130,4.28963541449195,0.0139626340159436);
#178=CONICAL_SURFACE('',#4173,3.00000000000103,0.0139626340159946);
#179=CONICAL_SURFACE('',#4176,2.9999999999999,0.0139626340159946);
#180=CONICAL_SURFACE('',#4179,2.99999999999959,0.0139626340159946);
#181=CONICAL_SURFACE('',#4182,1.70708537483491,0.0104719755119681);
#182=CONICAL_SURFACE('',#4186,6.60083704849012,0.785398163374726);
#183=CONICAL_SURFACE('',#4189,2.49999999999948,0.0104719755117587);
#184=CONICAL_SURFACE('',#4191,2.49999999999794,0.0104719755117587);
#185=CONICAL_SURFACE('',#4192,1.52381910419258,0.0104719755118454);
#186=CONICAL_SURFACE('',#4194,1.52381910419215,0.0104719755118454);
#187=CONICAL_SURFACE('',#4196,0.76570853748209,0.0104719755122635);
#188=CONICAL_SURFACE('',#4207,2.49999999999825,0.0104719755117587);
#189=CONICAL_SURFACE('',#4209,3.32905468782626,0.0139626340159695);
#190=CONICAL_SURFACE('',#4215,3.0999999999658,0.785398163397448);
#191=CONICAL_SURFACE('',#4219,1.74999999984993,0.785398163397448);
#192=CONICAL_SURFACE('',#4358,3.32905468782684,0.0139626340159695);
#193=CONICAL_SURFACE('',#4367,3.04188943328787,0.0104719755119782);
#194=CONICAL_SURFACE('',#4369,0.49999999999939,0.0104719755120179);
#195=CONICAL_SURFACE('',#4405,5.74999999992588,0.785398163358002);
#196=CONICAL_SURFACE('',#4432,3.38477844821273,0.785398163352674);
#197=FACE_BOUND('',#655,.T.);
#198=FACE_BOUND('',#656,.T.);
#199=FACE_BOUND('',#659,.T.);
#200=FACE_BOUND('',#664,.T.);
#201=FACE_BOUND('',#671,.T.);
#202=FACE_BOUND('',#680,.T.);
#203=FACE_BOUND('',#682,.T.);
#204=FACE_BOUND('',#683,.T.);
#205=FACE_BOUND('',#684,.T.);
#206=FACE_BOUND('',#685,.T.);
#207=FACE_BOUND('',#686,.T.);
#208=FACE_BOUND('',#719,.T.);
#209=FACE_BOUND('',#720,.T.);
#210=FACE_BOUND('',#721,.T.);
#211=FACE_BOUND('',#722,.T.);
#212=FACE_BOUND('',#723,.T.);
#213=FACE_BOUND('',#755,.T.);
#214=FACE_BOUND('',#757,.T.);
#215=FACE_BOUND('',#759,.T.);
#216=FACE_BOUND('',#773,.T.);
#217=FACE_BOUND('',#780,.T.);
#218=FACE_BOUND('',#792,.T.);
#219=FACE_BOUND('',#793,.T.);
#220=FACE_BOUND('',#805,.T.);
#221=FACE_BOUND('',#807,.T.);
#222=FACE_BOUND('',#809,.T.);
#223=FACE_BOUND('',#838,.T.);
#224=FACE_BOUND('',#877,.T.);
#225=FACE_BOUND('',#879,.T.);
#226=FACE_BOUND('',#900,.T.);
#227=PLANE('',#4083);
#228=PLANE('',#4088);
#229=PLANE('',#4101);
#230=PLANE('',#4102);
#231=PLANE('',#4103);
#232=PLANE('',#4108);
#233=PLANE('',#4116);
#234=PLANE('',#4117);
#235=PLANE('',#4119);
#236=PLANE('',#4120);
#237=PLANE('',#4127);
#238=PLANE('',#4129);
#239=PLANE('',#4134);
#240=PLANE('',#4140);
#241=PLANE('',#4153);
#242=PLANE('',#4154);
#243=PLANE('',#4157);
#244=PLANE('',#4225);
#245=PLANE('',#4234);
#246=PLANE('',#4235);
#247=PLANE('',#4236);
#248=PLANE('',#4237);
#249=PLANE('',#4238);
#250=PLANE('',#4239);
#251=PLANE('',#4285);
#252=PLANE('',#4286);
#253=PLANE('',#4287);
#254=PLANE('',#4288);
#255=PLANE('',#4289);
#256=PLANE('',#4290);
#257=PLANE('',#4291);
#258=PLANE('',#4292);
#259=PLANE('',#4293);
#260=PLANE('',#4294);
#261=PLANE('',#4296);
#262=PLANE('',#4297);
#263=PLANE('',#4298);
#264=PLANE('',#4300);
#265=PLANE('',#4301);
#266=PLANE('',#4302);
#267=PLANE('',#4303);
#268=PLANE('',#4304);
#269=PLANE('',#4306);
#270=PLANE('',#4307);
#271=PLANE('',#4308);
#272=PLANE('',#4313);
#273=PLANE('',#4316);
#274=PLANE('',#4321);
#275=PLANE('',#4322);
#276=PLANE('',#4323);
#277=PLANE('',#4324);
#278=PLANE('',#4327);
#279=PLANE('',#4328);
#280=PLANE('',#4335);
#281=PLANE('',#4336);
#282=PLANE('',#4337);
#283=PLANE('',#4338);
#284=PLANE('',#4342);
#285=PLANE('',#4343);
#286=PLANE('',#4344);
#287=PLANE('',#4347);
#288=PLANE('',#4348);
#289=PLANE('',#4349);
#290=PLANE('',#4350);
#291=PLANE('',#4351);
#292=PLANE('',#4352);
#293=PLANE('',#4353);
#294=PLANE('',#4354);
#295=PLANE('',#4355);
#296=PLANE('',#4356);
#297=PLANE('',#4360);
#298=PLANE('',#4361);
#299=PLANE('',#4362);
#300=PLANE('',#4363);
#301=PLANE('',#4364);
#302=PLANE('',#4365);
#303=PLANE('',#4366);
#304=PLANE('',#4368);
#305=PLANE('',#4377);
#306=PLANE('',#4378);
#307=PLANE('',#4379);
#308=PLANE('',#4380);
#309=PLANE('',#4381);
#310=PLANE('',#4384);
#311=PLANE('',#4385);
#312=PLANE('',#4386);
#313=PLANE('',#4387);
#314=PLANE('',#4388);
#315=PLANE('',#4390);
#316=PLANE('',#4391);
#317=PLANE('',#4392);
#318=PLANE('',#4394);
#319=PLANE('',#4395);
#320=PLANE('',#4397);
#321=PLANE('',#4398);
#322=PLANE('',#4399);
#323=PLANE('',#4401);
#324=PLANE('',#4402);
#325=PLANE('',#4403);
#326=PLANE('',#4404);
#327=PLANE('',#4407);
#328=PLANE('',#4412);
#329=PLANE('',#4413);
#330=PLANE('',#4418);
#331=PLANE('',#4419);
#332=PLANE('',#4420);
#333=PLANE('',#4421);
#334=PLANE('',#4422);
#335=PLANE('',#4424);
#336=PLANE('',#4426);
#337=PLANE('',#4428);
#338=PLANE('',#4430);
#339=PLANE('',#4433);
#340=PLANE('',#4434);
#341=PLANE('',#4437);
#342=PLANE('',#4438);
#343=PLANE('',#4439);
#344=PLANE('',#4440);
#345=ELLIPSE('',#4082,2.30022421663434,2.3);
#346=ELLIPSE('',#4084,1.05010235976785,1.05);
#347=ELLIPSE('',#4106,345.421930448145,4.42177128644683);
#348=ELLIPSE('',#4107,345.421930448145,4.42177128644683);
#349=ELLIPSE('',#4109,329.972772032913,3.99492904689609);
#350=ELLIPSE('',#4111,329.972772032913,3.99492904689609);
#351=ELLIPSE('',#4118,3.25031682785324,3.25000000000033);
#352=ELLIPSE('',#4128,5.75056054158585,5.74999999999999);
#353=ELLIPSE('',#4135,0.200091428312017,0.2);
#354=ELLIPSE('',#4142,0.200091428312021,0.200000000000003);
#355=ELLIPSE('',#4146,2.00038992296963,2.);
#356=ELLIPSE('',#4148,0.400060925515829,0.4);
#357=ELLIPSE('',#4155,1.00009748549319,1.);
#358=ELLIPSE('',#4156,1.00009748549319,1.);
#359=ELLIPSE('',#4187,6.50321168049043,6.50194380468516);
#360=ELLIPSE('',#4199,3.25031682785335,3.25000000000047);
#361=ELLIPSE('',#4201,0.200091428312021,0.200000000000003);
#362=ELLIPSE('',#4203,0.200091428312017,0.2);
#363=ELLIPSE('',#4228,1.52662012729916,1.36126172545495);
#364=ELLIPSE('',#4229,1.52662012747405,1.36126172576134);
#365=ELLIPSE('',#4232,2.02653276111815,1.77967454767185);
#366=ELLIPSE('',#4233,2.02653276150844,1.77967454833507);
#367=ELLIPSE('',#4248,1.79523862260527,1.59985172346717);
#368=ELLIPSE('',#4250,1.7952386226745,1.59985172359334);
#369=ELLIPSE('',#4295,1.30012673114116,1.30000000000001);
#370=ELLIPSE('',#4305,1.50008225046158,1.50000000000001);
#371=ELLIPSE('',#4310,2.00038992296963,2.);
#372=ELLIPSE('',#4315,1.30012673114118,1.30000000000002);
#373=ELLIPSE('',#4329,2.00038992296963,2.);
#374=ELLIPSE('',#4330,0.400060925515829,0.4);
#375=ELLIPSE('',#4334,71.6360150914682,2.);
#376=ELLIPSE('',#4346,1.5001462282398,1.50000000000001);
#377=ELLIPSE('',#4357,2.75026808510628,2.75);
#378=ELLIPSE('',#4393,1.00009748549319,1.);
#379=ELLIPSE('',#4396,1.00009748549319,1.);
#380=ELLIPSE('',#4406,5.03525374555819,5.03427206501597);
#381=ELLIPSE('',#4408,1.00009748549319,1.);
#382=ELLIPSE('',#4409,1.00009748549319,1.);
#383=ELLIPSE('',#4423,3.33475645647883,3.33410630737639);
#384=CYLINDRICAL_SURFACE('',#4081,2.3);
#385=CYLINDRICAL_SURFACE('',#4185,1.05);
#386=CYLINDRICAL_SURFACE('',#4198,3.25);
#387=CYLINDRICAL_SURFACE('',#4200,0.200000000000003);
#388=CYLINDRICAL_SURFACE('',#4202,0.2);
#389=CYLINDRICAL_SURFACE('',#4204,4.15);
#390=CYLINDRICAL_SURFACE('',#4212,4.015);
#391=CYLINDRICAL_SURFACE('',#4213,1.25);
#392=CYLINDRICAL_SURFACE('',#4221,2.1);
#393=CYLINDRICAL_SURFACE('',#4223,1.51);
#394=CYLINDRICAL_SURFACE('',#4245,0.3);
#395=CYLINDRICAL_SURFACE('',#4251,0.3);
#396=CYLINDRICAL_SURFACE('',#4257,0.3);
#397=CYLINDRICAL_SURFACE('',#4260,0.3);
#398=CYLINDRICAL_SURFACE('',#4263,0.3);
#399=CYLINDRICAL_SURFACE('',#4266,0.3);
#400=CYLINDRICAL_SURFACE('',#4272,0.3);
#401=CYLINDRICAL_SURFACE('',#4278,0.300000000000002);
#402=CYLINDRICAL_SURFACE('',#4284,0.3);
#403=CYLINDRICAL_SURFACE('',#4299,2.);
#404=CYLINDRICAL_SURFACE('',#4314,1.3);
#405=CYLINDRICAL_SURFACE('',#4317,2.);
#406=CYLINDRICAL_SURFACE('',#4318,2.);
#407=CYLINDRICAL_SURFACE('',#4319,2.);
#408=CYLINDRICAL_SURFACE('',#4320,2.);
#409=CYLINDRICAL_SURFACE('',#4333,2.);
#410=CYLINDRICAL_SURFACE('',#4339,2.);
#411=CYLINDRICAL_SURFACE('',#4340,2.);
#412=CYLINDRICAL_SURFACE('',#4341,2.);
#413=CYLINDRICAL_SURFACE('',#4345,1.5);
#414=CYLINDRICAL_SURFACE('',#4370,5.5);
#415=CYLINDRICAL_SURFACE('',#4371,0.199999999999999);
#416=CYLINDRICAL_SURFACE('',#4372,5.5);
#417=CYLINDRICAL_SURFACE('',#4374,0.199999999999999);
#418=CYLINDRICAL_SURFACE('',#4376,0.4);
#419=CYLINDRICAL_SURFACE('',#4382,5.75);
#420=CYLINDRICAL_SURFACE('',#4389,2.75);
#421=CYLINDRICAL_SURFACE('',#4410,2.75);
#422=CYLINDRICAL_SURFACE('',#4414,1.);
#423=CYLINDRICAL_SURFACE('',#4415,5.5);
#424=CYLINDRICAL_SURFACE('',#4416,0.199999999999999);
#425=CYLINDRICAL_SURFACE('',#4417,5.5);
#426=CYLINDRICAL_SURFACE('',#4425,1.);
#427=CYLINDRICAL_SURFACE('',#4427,1.);
#428=CYLINDRICAL_SURFACE('',#4429,1.);
#429=CYLINDRICAL_SURFACE('',#4431,1.);
#430=CYLINDRICAL_SURFACE('',#4435,0.199999999999999);
#431=FACE_OUTER_BOUND('',#652,.T.);
#432=FACE_OUTER_BOUND('',#653,.T.);
#433=FACE_OUTER_BOUND('',#654,.T.);
#434=FACE_OUTER_BOUND('',#657,.T.);
#435=FACE_OUTER_BOUND('',#658,.T.);
#436=FACE_OUTER_BOUND('',#660,.T.);
#437=FACE_OUTER_BOUND('',#661,.T.);
#438=FACE_OUTER_BOUND('',#662,.T.);
#439=FACE_OUTER_BOUND('',#663,.T.);
#440=FACE_OUTER_BOUND('',#665,.T.);
#441=FACE_OUTER_BOUND('',#666,.T.);
#442=FACE_OUTER_BOUND('',#667,.T.);
#443=FACE_OUTER_BOUND('',#668,.T.);
#444=FACE_OUTER_BOUND('',#669,.T.);
#445=FACE_OUTER_BOUND('',#670,.T.);
#446=FACE_OUTER_BOUND('',#672,.T.);
#447=FACE_OUTER_BOUND('',#673,.T.);
#448=FACE_OUTER_BOUND('',#674,.T.);
#449=FACE_OUTER_BOUND('',#675,.T.);
#450=FACE_OUTER_BOUND('',#676,.T.);
#451=FACE_OUTER_BOUND('',#677,.T.);
#452=FACE_OUTER_BOUND('',#678,.T.);
#453=FACE_OUTER_BOUND('',#679,.T.);
#454=FACE_OUTER_BOUND('',#681,.T.);
#455=FACE_OUTER_BOUND('',#687,.T.);
#456=FACE_OUTER_BOUND('',#688,.T.);
#457=FACE_OUTER_BOUND('',#689,.T.);
#458=FACE_OUTER_BOUND('',#690,.T.);
#459=FACE_OUTER_BOUND('',#691,.T.);
#460=FACE_OUTER_BOUND('',#692,.T.);
#461=FACE_OUTER_BOUND('',#693,.T.);
#462=FACE_OUTER_BOUND('',#694,.T.);
#463=FACE_OUTER_BOUND('',#695,.T.);
#464=FACE_OUTER_BOUND('',#696,.T.);
#465=FACE_OUTER_BOUND('',#697,.T.);
#466=FACE_OUTER_BOUND('',#698,.T.);
#467=FACE_OUTER_BOUND('',#699,.T.);
#468=FACE_OUTER_BOUND('',#700,.T.);
#469=FACE_OUTER_BOUND('',#701,.T.);
#470=FACE_OUTER_BOUND('',#702,.T.);
#471=FACE_OUTER_BOUND('',#703,.T.);
#472=FACE_OUTER_BOUND('',#704,.T.);
#473=FACE_OUTER_BOUND('',#705,.T.);
#474=FACE_OUTER_BOUND('',#706,.T.);
#475=FACE_OUTER_BOUND('',#707,.T.);
#476=FACE_OUTER_BOUND('',#708,.T.);
#477=FACE_OUTER_BOUND('',#709,.T.);
#478=FACE_OUTER_BOUND('',#710,.T.);
#479=FACE_OUTER_BOUND('',#711,.T.);
#480=FACE_OUTER_BOUND('',#712,.T.);
#481=FACE_OUTER_BOUND('',#713,.T.);
#482=FACE_OUTER_BOUND('',#714,.T.);
#483=FACE_OUTER_BOUND('',#715,.T.);
#484=FACE_OUTER_BOUND('',#716,.T.);
#485=FACE_OUTER_BOUND('',#717,.T.);
#486=FACE_OUTER_BOUND('',#718,.T.);
#487=FACE_OUTER_BOUND('',#724,.T.);
#488=FACE_OUTER_BOUND('',#725,.T.);
#489=FACE_OUTER_BOUND('',#726,.T.);
#490=FACE_OUTER_BOUND('',#727,.T.);
#491=FACE_OUTER_BOUND('',#728,.T.);
#492=FACE_OUTER_BOUND('',#729,.T.);
#493=FACE_OUTER_BOUND('',#730,.T.);
#494=FACE_OUTER_BOUND('',#731,.T.);
#495=FACE_OUTER_BOUND('',#732,.T.);
#496=FACE_OUTER_BOUND('',#733,.T.);
#497=FACE_OUTER_BOUND('',#734,.T.);
#498=FACE_OUTER_BOUND('',#735,.T.);
#499=FACE_OUTER_BOUND('',#736,.T.);
#500=FACE_OUTER_BOUND('',#737,.T.);
#501=FACE_OUTER_BOUND('',#738,.T.);
#502=FACE_OUTER_BOUND('',#739,.T.);
#503=FACE_OUTER_BOUND('',#740,.T.);
#504=FACE_OUTER_BOUND('',#741,.T.);
#505=FACE_OUTER_BOUND('',#742,.T.);
#506=FACE_OUTER_BOUND('',#743,.T.);
#507=FACE_OUTER_BOUND('',#744,.T.);
#508=FACE_OUTER_BOUND('',#745,.T.);
#509=FACE_OUTER_BOUND('',#746,.T.);
#510=FACE_OUTER_BOUND('',#747,.T.);
#511=FACE_OUTER_BOUND('',#748,.T.);
#512=FACE_OUTER_BOUND('',#749,.T.);
#513=FACE_OUTER_BOUND('',#750,.T.);
#514=FACE_OUTER_BOUND('',#751,.T.);
#515=FACE_OUTER_BOUND('',#752,.T.);
#516=FACE_OUTER_BOUND('',#753,.T.);
#517=FACE_OUTER_BOUND('',#754,.T.);
#518=FACE_OUTER_BOUND('',#756,.T.);
#519=FACE_OUTER_BOUND('',#758,.T.);
#520=FACE_OUTER_BOUND('',#760,.T.);
#521=FACE_OUTER_BOUND('',#761,.T.);
#522=FACE_OUTER_BOUND('',#762,.T.);
#523=FACE_OUTER_BOUND('',#763,.T.);
#524=FACE_OUTER_BOUND('',#764,.T.);
#525=FACE_OUTER_BOUND('',#765,.T.);
#526=FACE_OUTER_BOUND('',#766,.T.);
#527=FACE_OUTER_BOUND('',#767,.T.);
#528=FACE_OUTER_BOUND('',#768,.T.);
#529=FACE_OUTER_BOUND('',#769,.T.);
#530=FACE_OUTER_BOUND('',#770,.T.);
#531=FACE_OUTER_BOUND('',#771,.T.);
#532=FACE_OUTER_BOUND('',#772,.T.);
#533=FACE_OUTER_BOUND('',#774,.T.);
#534=FACE_OUTER_BOUND('',#775,.T.);
#535=FACE_OUTER_BOUND('',#776,.T.);
#536=FACE_OUTER_BOUND('',#777,.T.);
#537=FACE_OUTER_BOUND('',#778,.T.);
#538=FACE_OUTER_BOUND('',#779,.T.);
#539=FACE_OUTER_BOUND('',#781,.T.);
#540=FACE_OUTER_BOUND('',#782,.T.);
#541=FACE_OUTER_BOUND('',#783,.T.);
#542=FACE_OUTER_BOUND('',#784,.T.);
#543=FACE_OUTER_BOUND('',#785,.T.);
#544=FACE_OUTER_BOUND('',#786,.T.);
#545=FACE_OUTER_BOUND('',#787,.T.);
#546=FACE_OUTER_BOUND('',#788,.T.);
#547=FACE_OUTER_BOUND('',#789,.T.);
#548=FACE_OUTER_BOUND('',#790,.T.);
#549=FACE_OUTER_BOUND('',#791,.T.);
#550=FACE_OUTER_BOUND('',#794,.T.);
#551=FACE_OUTER_BOUND('',#795,.T.);
#552=FACE_OUTER_BOUND('',#796,.T.);
#553=FACE_OUTER_BOUND('',#797,.T.);
#554=FACE_OUTER_BOUND('',#798,.T.);
#555=FACE_OUTER_BOUND('',#799,.T.);
#556=FACE_OUTER_BOUND('',#800,.T.);
#557=FACE_OUTER_BOUND('',#801,.T.);
#558=FACE_OUTER_BOUND('',#802,.T.);
#559=FACE_OUTER_BOUND('',#803,.T.);
#560=FACE_OUTER_BOUND('',#804,.T.);
#561=FACE_OUTER_BOUND('',#806,.T.);
#562=FACE_OUTER_BOUND('',#808,.T.);
#563=FACE_OUTER_BOUND('',#810,.T.);
#564=FACE_OUTER_BOUND('',#811,.T.);
#565=FACE_OUTER_BOUND('',#812,.T.);
#566=FACE_OUTER_BOUND('',#813,.T.);
#567=FACE_OUTER_BOUND('',#814,.T.);
#568=FACE_OUTER_BOUND('',#815,.T.);
#569=FACE_OUTER_BOUND('',#816,.T.);
#570=FACE_OUTER_BOUND('',#817,.T.);
#571=FACE_OUTER_BOUND('',#818,.T.);
#572=FACE_OUTER_BOUND('',#819,.T.);
#573=FACE_OUTER_BOUND('',#820,.T.);
#574=FACE_OUTER_BOUND('',#821,.T.);
#575=FACE_OUTER_BOUND('',#822,.T.);
#576=FACE_OUTER_BOUND('',#823,.T.);
#577=FACE_OUTER_BOUND('',#824,.T.);
#578=FACE_OUTER_BOUND('',#825,.T.);
#579=FACE_OUTER_BOUND('',#826,.T.);
#580=FACE_OUTER_BOUND('',#827,.T.);
#581=FACE_OUTER_BOUND('',#828,.T.);
#582=FACE_OUTER_BOUND('',#829,.T.);
#583=FACE_OUTER_BOUND('',#830,.T.);
#584=FACE_OUTER_BOUND('',#831,.T.);
#585=FACE_OUTER_BOUND('',#832,.T.);
#586=FACE_OUTER_BOUND('',#833,.T.);
#587=FACE_OUTER_BOUND('',#834,.T.);
#588=FACE_OUTER_BOUND('',#835,.T.);
#589=FACE_OUTER_BOUND('',#836,.T.);
#590=FACE_OUTER_BOUND('',#837,.T.);
#591=FACE_OUTER_BOUND('',#839,.T.);
#592=FACE_OUTER_BOUND('',#840,.T.);
#593=FACE_OUTER_BOUND('',#841,.T.);
#594=FACE_OUTER_BOUND('',#842,.T.);
#595=FACE_OUTER_BOUND('',#843,.T.);
#596=FACE_OUTER_BOUND('',#844,.T.);
#597=FACE_OUTER_BOUND('',#845,.T.);
#598=FACE_OUTER_BOUND('',#846,.T.);
#599=FACE_OUTER_BOUND('',#847,.T.);
#600=FACE_OUTER_BOUND('',#848,.T.);
#601=FACE_OUTER_BOUND('',#849,.T.);
#602=FACE_OUTER_BOUND('',#850,.T.);
#603=FACE_OUTER_BOUND('',#851,.T.);
#604=FACE_OUTER_BOUND('',#852,.T.);
#605=FACE_OUTER_BOUND('',#853,.T.);
#606=FACE_OUTER_BOUND('',#854,.T.);
#607=FACE_OUTER_BOUND('',#855,.T.);
#608=FACE_OUTER_BOUND('',#856,.T.);
#609=FACE_OUTER_BOUND('',#857,.T.);
#610=FACE_OUTER_BOUND('',#858,.T.);
#611=FACE_OUTER_BOUND('',#859,.T.);
#612=FACE_OUTER_BOUND('',#860,.T.);
#613=FACE_OUTER_BOUND('',#861,.T.);
#614=FACE_OUTER_BOUND('',#862,.T.);
#615=FACE_OUTER_BOUND('',#863,.T.);
#616=FACE_OUTER_BOUND('',#864,.T.);
#617=FACE_OUTER_BOUND('',#865,.T.);
#618=FACE_OUTER_BOUND('',#866,.T.);
#619=FACE_OUTER_BOUND('',#867,.T.);
#620=FACE_OUTER_BOUND('',#868,.T.);
#621=FACE_OUTER_BOUND('',#869,.T.);
#622=FACE_OUTER_BOUND('',#870,.T.);
#623=FACE_OUTER_BOUND('',#871,.T.);
#624=FACE_OUTER_BOUND('',#872,.T.);
#625=FACE_OUTER_BOUND('',#873,.T.);
#626=FACE_OUTER_BOUND('',#874,.T.);
#627=FACE_OUTER_BOUND('',#875,.T.);
#628=FACE_OUTER_BOUND('',#876,.T.);
#629=FACE_OUTER_BOUND('',#878,.T.);
#630=FACE_OUTER_BOUND('',#880,.T.);
#631=FACE_OUTER_BOUND('',#881,.T.);
#632=FACE_OUTER_BOUND('',#882,.T.);
#633=FACE_OUTER_BOUND('',#883,.T.);
#634=FACE_OUTER_BOUND('',#884,.T.);
#635=FACE_OUTER_BOUND('',#885,.T.);
#636=FACE_OUTER_BOUND('',#886,.T.);
#637=FACE_OUTER_BOUND('',#887,.T.);
#638=FACE_OUTER_BOUND('',#888,.T.);
#639=FACE_OUTER_BOUND('',#889,.T.);
#640=FACE_OUTER_BOUND('',#890,.T.);
#641=FACE_OUTER_BOUND('',#891,.T.);
#642=FACE_OUTER_BOUND('',#892,.T.);
#643=FACE_OUTER_BOUND('',#893,.T.);
#644=FACE_OUTER_BOUND('',#894,.T.);
#645=FACE_OUTER_BOUND('',#895,.T.);
#646=FACE_OUTER_BOUND('',#896,.T.);
#647=FACE_OUTER_BOUND('',#897,.T.);
#648=FACE_OUTER_BOUND('',#898,.T.);
#649=FACE_OUTER_BOUND('',#899,.T.);
#650=FACE_OUTER_BOUND('',#901,.T.);
#651=FACE_OUTER_BOUND('',#902,.T.);
#652=EDGE_LOOP('',(#2660,#2661,#2662,#2663));
#653=EDGE_LOOP('',(#2664,#2665,#2666,#2667));
#654=EDGE_LOOP('',(#2668,#2669,#2670,#2671,#2672,#2673,#2674,#2675,#2676,
#2677,#2678,#2679));
#655=EDGE_LOOP('',(#2680));
#656=EDGE_LOOP('',(#2681));
#657=EDGE_LOOP('',(#2682,#2683,#2684,#2685));
#658=EDGE_LOOP('',(#2686,#2687,#2688,#2689,#2690,#2691,#2692,#2693,#2694,
#2695,#2696,#2697,#2698,#2699,#2700,#2701,#2702,#2703,#2704));
#659=EDGE_LOOP('',(#2705));
#660=EDGE_LOOP('',(#2706,#2707,#2708,#2709));
#661=EDGE_LOOP('',(#2710,#2711,#2712,#2713));
#662=EDGE_LOOP('',(#2714,#2715,#2716,#2717,#2718,#2719,#2720,#2721));
#663=EDGE_LOOP('',(#2722));
#664=EDGE_LOOP('',(#2723));
#665=EDGE_LOOP('',(#2724,#2725,#2726,#2727,#2728,#2729));
#666=EDGE_LOOP('',(#2730,#2731,#2732,#2733));
#667=EDGE_LOOP('',(#2734,#2735,#2736,#2737,#2738,#2739));
#668=EDGE_LOOP('',(#2740,#2741,#2742,#2743,#2744,#2745,#2746,#2747));
#669=EDGE_LOOP('',(#2748,#2749,#2750,#2751));
#670=EDGE_LOOP('',(#2752,#2753,#2754,#2755,#2756,#2757,#2758,#2759));
#671=EDGE_LOOP('',(#2760));
#672=EDGE_LOOP('',(#2761,#2762,#2763,#2764));
#673=EDGE_LOOP('',(#2765,#2766,#2767,#2768));
#674=EDGE_LOOP('',(#2769,#2770,#2771,#2772));
#675=EDGE_LOOP('',(#2773,#2774,#2775,#2776));
#676=EDGE_LOOP('',(#2777,#2778,#2779,#2780,#2781,#2782,#2783));
#677=EDGE_LOOP('',(#2784,#2785,#2786,#2787,#2788,#2789,#2790,#2791,#2792,
#2793,#2794));
#678=EDGE_LOOP('',(#2795,#2796,#2797,#2798,#2799,#2800,#2801,#2802));
#679=EDGE_LOOP('',(#2803,#2804,#2805,#2806,#2807,#2808,#2809,#2810,#2811,
#2812,#2813,#2814,#2815,#2816,#2817,#2818,#2819,#2820,#2821,#2822,#2823,
#2824,#2825,#2826,#2827,#2828,#2829,#2830,#2831));
#680=EDGE_LOOP('',(#2832,#2833));
#681=EDGE_LOOP('',(#2834,#2835,#2836,#2837,#2838,#2839,#2840,#2841,#2842,
#2843,#2844,#2845,#2846,#2847,#2848,#2849,#2850,#2851,#2852,#2853,#2854,
#2855,#2856,#2857,#2858,#2859,#2860,#2861,#2862,#2863,#2864,#2865,#2866,
#2867));
#682=EDGE_LOOP('',(#2868));
#683=EDGE_LOOP('',(#2869,#2870,#2871,#2872));
#684=EDGE_LOOP('',(#2873));
#685=EDGE_LOOP('',(#2874));
#686=EDGE_LOOP('',(#2875));
#687=EDGE_LOOP('',(#2876,#2877,#2878,#2879));
#688=EDGE_LOOP('',(#2880,#2881,#2882,#2883));
#689=EDGE_LOOP('',(#2884,#2885,#2886,#2887,#2888,#2889,#2890,#2891));
#690=EDGE_LOOP('',(#2892,#2893,#2894,#2895,#2896,#2897,#2898));
#691=EDGE_LOOP('',(#2899,#2900,#2901,#2902,#2903,#2904));
#692=EDGE_LOOP('',(#2905,#2906,#2907,#2908,#2909,#2910));
#693=EDGE_LOOP('',(#2911,#2912,#2913,#2914,#2915,#2916));
#694=EDGE_LOOP('',(#2917,#2918,#2919,#2920,#2921));
#695=EDGE_LOOP('',(#2922,#2923,#2924,#2925));
#696=EDGE_LOOP('',(#2926,#2927,#2928,#2929));
#697=EDGE_LOOP('',(#2930,#2931,#2932,#2933));
#698=EDGE_LOOP('',(#2934,#2935,#2936,#2937));
#699=EDGE_LOOP('',(#2938,#2939,#2940,#2941,#2942,#2943,#2944,#2945));
#700=EDGE_LOOP('',(#2946,#2947,#2948,#2949));
#701=EDGE_LOOP('',(#2950,#2951,#2952,#2953,#2954));
#702=EDGE_LOOP('',(#2955,#2956,#2957,#2958,#2959));
#703=EDGE_LOOP('',(#2960,#2961,#2962,#2963));
#704=EDGE_LOOP('',(#2964,#2965,#2966,#2967));
#705=EDGE_LOOP('',(#2968,#2969,#2970,#2971));
#706=EDGE_LOOP('',(#2972,#2973,#2974,#2975));
#707=EDGE_LOOP('',(#2976,#2977,#2978,#2979));
#708=EDGE_LOOP('',(#2980,#2981,#2982,#2983,#2984));
#709=EDGE_LOOP('',(#2985,#2986,#2987,#2988));
#710=EDGE_LOOP('',(#2989,#2990,#2991,#2992,#2993));
#711=EDGE_LOOP('',(#2994,#2995,#2996,#2997,#2998,#2999,#3000,#3001));
#712=EDGE_LOOP('',(#3002,#3003,#3004,#3005));
#713=EDGE_LOOP('',(#3006,#3007,#3008,#3009,#3010,#3011,#3012,#3013));
#714=EDGE_LOOP('',(#3014,#3015,#3016,#3017,#3018));
#715=EDGE_LOOP('',(#3019,#3020,#3021,#3022));
#716=EDGE_LOOP('',(#3023,#3024,#3025,#3026,#3027));
#717=EDGE_LOOP('',(#3028,#3029,#3030,#3031));
#718=EDGE_LOOP('',(#3032,#3033,#3034,#3035,#3036,#3037,#3038,#3039,#3040,
#3041,#3042,#3043,#3044,#3045,#3046,#3047,#3048,#3049,#3050,#3051,#3052,
#3053,#3054,#3055));
#719=EDGE_LOOP('',(#3056));
#720=EDGE_LOOP('',(#3057));
#721=EDGE_LOOP('',(#3058,#3059,#3060,#3061,#3062,#3063));
#722=EDGE_LOOP('',(#3064,#3065,#3066,#3067));
#723=EDGE_LOOP('',(#3068));
#724=EDGE_LOOP('',(#3069,#3070,#3071,#3072));
#725=EDGE_LOOP('',(#3073,#3074,#3075,#3076));
#726=EDGE_LOOP('',(#3077,#3078,#3079,#3080));
#727=EDGE_LOOP('',(#3081,#3082,#3083,#3084,#3085,#3086));
#728=EDGE_LOOP('',(#3087,#3088,#3089,#3090));
#729=EDGE_LOOP('',(#3091,#3092,#3093,#3094,#3095,#3096));
#730=EDGE_LOOP('',(#3097,#3098,#3099,#3100));
#731=EDGE_LOOP('',(#3101,#3102,#3103,#3104));
#732=EDGE_LOOP('',(#3105,#3106,#3107,#3108));
#733=EDGE_LOOP('',(#3109,#3110,#3111,#3112));
#734=EDGE_LOOP('',(#3113,#3114,#3115,#3116));
#735=EDGE_LOOP('',(#3117,#3118,#3119,#3120));
#736=EDGE_LOOP('',(#3121,#3122,#3123,#3124));
#737=EDGE_LOOP('',(#3125,#3126,#3127,#3128));
#738=EDGE_LOOP('',(#3129,#3130,#3131,#3132));
#739=EDGE_LOOP('',(#3133,#3134,#3135,#3136));
#740=EDGE_LOOP('',(#3137,#3138,#3139,#3140));
#741=EDGE_LOOP('',(#3141,#3142,#3143,#3144));
#742=EDGE_LOOP('',(#3145,#3146,#3147,#3148));
#743=EDGE_LOOP('',(#3149,#3150,#3151,#3152));
#744=EDGE_LOOP('',(#3153,#3154,#3155,#3156));
#745=EDGE_LOOP('',(#3157,#3158,#3159,#3160));
#746=EDGE_LOOP('',(#3161,#3162,#3163,#3164));
#747=EDGE_LOOP('',(#3165,#3166,#3167,#3168));
#748=EDGE_LOOP('',(#3169,#3170,#3171,#3172));
#749=EDGE_LOOP('',(#3173,#3174,#3175,#3176));
#750=EDGE_LOOP('',(#3177,#3178,#3179,#3180));
#751=EDGE_LOOP('',(#3181,#3182,#3183,#3184));
#752=EDGE_LOOP('',(#3185,#3186,#3187,#3188));
#753=EDGE_LOOP('',(#3189,#3190,#3191,#3192));
#754=EDGE_LOOP('',(#3193));
#755=EDGE_LOOP('',(#3194));
#756=EDGE_LOOP('',(#3195));
#757=EDGE_LOOP('',(#3196));
#758=EDGE_LOOP('',(#3197));
#759=EDGE_LOOP('',(#3198));
#760=EDGE_LOOP('',(#3199,#3200,#3201,#3202,#3203,#3204));
#761=EDGE_LOOP('',(#3205,#3206,#3207,#3208));
#762=EDGE_LOOP('',(#3209,#3210,#3211,#3212));
#763=EDGE_LOOP('',(#3213,#3214,#3215,#3216));
#764=EDGE_LOOP('',(#3217,#3218,#3219,#3220));
#765=EDGE_LOOP('',(#3221,#3222,#3223,#3224));
#766=EDGE_LOOP('',(#3225,#3226,#3227,#3228,#3229,#3230,#3231,#3232));
#767=EDGE_LOOP('',(#3233,#3234,#3235,#3236));
#768=EDGE_LOOP('',(#3237,#3238,#3239,#3240));
#769=EDGE_LOOP('',(#3241,#3242,#3243,#3244));
#770=EDGE_LOOP('',(#3245,#3246,#3247,#3248));
#771=EDGE_LOOP('',(#3249,#3250,#3251,#3252,#3253,#3254,#3255,#3256,#3257));
#772=EDGE_LOOP('',(#3258,#3259,#3260,#3261));
#773=EDGE_LOOP('',(#3262));
#774=EDGE_LOOP('',(#3263,#3264,#3265,#3266));
#775=EDGE_LOOP('',(#3267,#3268,#3269,#3270));
#776=EDGE_LOOP('',(#3271,#3272,#3273,#3274,#3275,#3276,#3277,#3278,#3279,
#3280,#3281,#3282));
#777=EDGE_LOOP('',(#3283,#3284,#3285,#3286));
#778=EDGE_LOOP('',(#3287,#3288,#3289,#3290));
#779=EDGE_LOOP('',(#3291,#3292,#3293,#3294,#3295,#3296,#3297,#3298,#3299,
#3300,#3301,#3302,#3303,#3304,#3305,#3306,#3307,#3308,#3309,#3310,#3311));
#780=EDGE_LOOP('',(#3312));
#781=EDGE_LOOP('',(#3313,#3314,#3315,#3316));
#782=EDGE_LOOP('',(#3317,#3318,#3319,#3320));
#783=EDGE_LOOP('',(#3321,#3322,#3323,#3324));
#784=EDGE_LOOP('',(#3325,#3326,#3327,#3328,#3329));
#785=EDGE_LOOP('',(#3330,#3331,#3332,#3333,#3334));
#786=EDGE_LOOP('',(#3335,#3336,#3337,#3338));
#787=EDGE_LOOP('',(#3339,#3340,#3341,#3342));
#788=EDGE_LOOP('',(#3343,#3344,#3345,#3346));
#789=EDGE_LOOP('',(#3347,#3348,#3349,#3350));
#790=EDGE_LOOP('',(#3351,#3352,#3353,#3354));
#791=EDGE_LOOP('',(#3355,#3356,#3357,#3358,#3359,#3360,#3361,#3362));
#792=EDGE_LOOP('',(#3363));
#793=EDGE_LOOP('',(#3364));
#794=EDGE_LOOP('',(#3365,#3366,#3367,#3368));
#795=EDGE_LOOP('',(#3369,#3370,#3371,#3372,#3373,#3374,#3375,#3376));
#796=EDGE_LOOP('',(#3377,#3378,#3379,#3380,#3381,#3382));
#797=EDGE_LOOP('',(#3383,#3384,#3385,#3386,#3387));
#798=EDGE_LOOP('',(#3388,#3389,#3390,#3391));
#799=EDGE_LOOP('',(#3392,#3393,#3394,#3395));
#800=EDGE_LOOP('',(#3396,#3397,#3398,#3399));
#801=EDGE_LOOP('',(#3400,#3401,#3402,#3403,#3404));
#802=EDGE_LOOP('',(#3405,#3406,#3407,#3408,#3409));
#803=EDGE_LOOP('',(#3410,#3411,#3412,#3413,#3414));
#804=EDGE_LOOP('',(#3415,#3416));
#805=EDGE_LOOP('',(#3417));
#806=EDGE_LOOP('',(#3418,#3419));
#807=EDGE_LOOP('',(#3420));
#808=EDGE_LOOP('',(#3421,#3422));
#809=EDGE_LOOP('',(#3423));
#810=EDGE_LOOP('',(#3424,#3425,#3426,#3427));
#811=EDGE_LOOP('',(#3428,#3429,#3430,#3431));
#812=EDGE_LOOP('',(#3432,#3433,#3434,#3435));
#813=EDGE_LOOP('',(#3436,#3437,#3438,#3439));
#814=EDGE_LOOP('',(#3440,#3441,#3442,#3443));
#815=EDGE_LOOP('',(#3444,#3445,#3446,#3447));
#816=EDGE_LOOP('',(#3448,#3449,#3450,#3451,#3452,#3453,#3454,#3455));
#817=EDGE_LOOP('',(#3456,#3457,#3458,#3459,#3460,#3461,#3462,#3463));
#818=EDGE_LOOP('',(#3464,#3465,#3466,#3467,#3468,#3469,#3470,#3471));
#819=EDGE_LOOP('',(#3472,#3473,#3474,#3475));
#820=EDGE_LOOP('',(#3476,#3477,#3478,#3479,#3480,#3481,#3482,#3483,#3484,
#3485,#3486,#3487));
#821=EDGE_LOOP('',(#3488,#3489,#3490,#3491,#3492,#3493,#3494,#3495));
#822=EDGE_LOOP('',(#3496,#3497,#3498,#3499));
#823=EDGE_LOOP('',(#3500,#3501,#3502,#3503,#3504,#3505));
#824=EDGE_LOOP('',(#3506,#3507,#3508,#3509));
#825=EDGE_LOOP('',(#3510,#3511,#3512,#3513,#3514,#3515,#3516));
#826=EDGE_LOOP('',(#3517,#3518,#3519,#3520));
#827=EDGE_LOOP('',(#3521,#3522,#3523,#3524,#3525,#3526));
#828=EDGE_LOOP('',(#3527,#3528,#3529,#3530,#3531,#3532));
#829=EDGE_LOOP('',(#3533,#3534,#3535,#3536,#3537,#3538));
#830=EDGE_LOOP('',(#3539,#3540,#3541,#3542));
#831=EDGE_LOOP('',(#3543,#3544,#3545,#3546));
#832=EDGE_LOOP('',(#3547,#3548,#3549,#3550,#3551,#3552));
#833=EDGE_LOOP('',(#3553,#3554,#3555,#3556));
#834=EDGE_LOOP('',(#3557,#3558,#3559,#3560,#3561,#3562,#3563,#3564,#3565,
#3566));
#835=EDGE_LOOP('',(#3567,#3568,#3569,#3570));
#836=EDGE_LOOP('',(#3571,#3572,#3573,#3574));
#837=EDGE_LOOP('',(#3575));
#838=EDGE_LOOP('',(#3576));
#839=EDGE_LOOP('',(#3577,#3578,#3579,#3580));
#840=EDGE_LOOP('',(#3581,#3582,#3583,#3584,#3585,#3586));
#841=EDGE_LOOP('',(#3587,#3588,#3589,#3590,#3591,#3592));
#842=EDGE_LOOP('',(#3593,#3594,#3595,#3596));
#843=EDGE_LOOP('',(#3597,#3598,#3599,#3600,#3601));
#844=EDGE_LOOP('',(#3602,#3603,#3604,#3605));
#845=EDGE_LOOP('',(#3606,#3607,#3608,#3609));
#846=EDGE_LOOP('',(#3610));
#847=EDGE_LOOP('',(#3611,#3612,#3613,#3614,#3615,#3616,#3617));
#848=EDGE_LOOP('',(#3618,#3619,#3620,#3621,#3622,#3623,#3624,#3625));
#849=EDGE_LOOP('',(#3626,#3627,#3628,#3629,#3630));
#850=EDGE_LOOP('',(#3631,#3632,#3633,#3634));
#851=EDGE_LOOP('',(#3635,#3636,#3637,#3638));
#852=EDGE_LOOP('',(#3639,#3640,#3641,#3642,#3643));
#853=EDGE_LOOP('',(#3644,#3645,#3646,#3647));
#854=EDGE_LOOP('',(#3648,#3649,#3650,#3651,#3652));
#855=EDGE_LOOP('',(#3653,#3654,#3655,#3656));
#856=EDGE_LOOP('',(#3657,#3658,#3659,#3660));
#857=EDGE_LOOP('',(#3661,#3662,#3663,#3664));
#858=EDGE_LOOP('',(#3665,#3666,#3667,#3668));
#859=EDGE_LOOP('',(#3669,#3670,#3671,#3672,#3673,#3674));
#860=EDGE_LOOP('',(#3675,#3676,#3677,#3678));
#861=EDGE_LOOP('',(#3679,#3680,#3681,#3682));
#862=EDGE_LOOP('',(#3683,#3684,#3685));
#863=EDGE_LOOP('',(#3686,#3687,#3688,#3689));
#864=EDGE_LOOP('',(#3690,#3691,#3692,#3693));
#865=EDGE_LOOP('',(#3694,#3695,#3696,#3697));
#866=EDGE_LOOP('',(#3698,#3699,#3700,#3701));
#867=EDGE_LOOP('',(#3702,#3703,#3704,#3705,#3706,#3707,#3708,#3709));
#868=EDGE_LOOP('',(#3710,#3711,#3712,#3713,#3714));
#869=EDGE_LOOP('',(#3715,#3716,#3717,#3718));
#870=EDGE_LOOP('',(#3719,#3720,#3721,#3722));
#871=EDGE_LOOP('',(#3723,#3724,#3725,#3726));
#872=EDGE_LOOP('',(#3727,#3728,#3729,#3730,#3731,#3732));
#873=EDGE_LOOP('',(#3733,#3734,#3735,#3736));
#874=EDGE_LOOP('',(#3737,#3738,#3739,#3740,#3741,#3742,#3743,#3744,#3745,
#3746));
#875=EDGE_LOOP('',(#3747,#3748,#3749,#3750,#3751,#3752));
#876=EDGE_LOOP('',(#3753));
#877=EDGE_LOOP('',(#3754));
#878=EDGE_LOOP('',(#3755));
#879=EDGE_LOOP('',(#3756));
#880=EDGE_LOOP('',(#3757,#3758,#3759,#3760));
#881=EDGE_LOOP('',(#3761,#3762,#3763,#3764,#3765,#3766,#3767,#3768));
#882=EDGE_LOOP('',(#3769,#3770,#3771,#3772));
#883=EDGE_LOOP('',(#3773,#3774,#3775,#3776));
#884=EDGE_LOOP('',(#3777,#3778,#3779,#3780));
#885=EDGE_LOOP('',(#3781,#3782,#3783,#3784));
#886=EDGE_LOOP('',(#3785,#3786,#3787,#3788));
#887=EDGE_LOOP('',(#3789,#3790,#3791,#3792));
#888=EDGE_LOOP('',(#3793,#3794,#3795,#3796));
#889=EDGE_LOOP('',(#3797,#3798,#3799,#3800));
#890=EDGE_LOOP('',(#3801,#3802,#3803,#3804));
#891=EDGE_LOOP('',(#3805,#3806,#3807,#3808));
#892=EDGE_LOOP('',(#3809,#3810,#3811,#3812));
#893=EDGE_LOOP('',(#3813,#3814,#3815,#3816,#3817,#3818,#3819,#3820));
#894=EDGE_LOOP('',(#3821,#3822,#3823,#3824));
#895=EDGE_LOOP('',(#3825,#3826,#3827,#3828));
#896=EDGE_LOOP('',(#3829,#3830,#3831,#3832));
#897=EDGE_LOOP('',(#3833,#3834,#3835,#3836));
#898=EDGE_LOOP('',(#3837,#3838,#3839));
#899=EDGE_LOOP('',(#3840));
#900=EDGE_LOOP('',(#3841));
#901=EDGE_LOOP('',(#3842));
#902=EDGE_LOOP('',(#3843));
#903=B_SPLINE_CURVE_WITH_KNOTS('',3,(#5564,#5565,#5566,#5567,#5568,#5569,
#5570,#5571,#5572,#5573),.UNSPECIFIED.,.T.,.F.,(4,1,1,1,1,1,1,4),(-3.14159265358979,
-2.24399475256414,-1.34639685153848,-0.448798950512828,0.448798950512828,
1.34639685153848,2.24399475256414,3.14159265358979),.UNSPECIFIED.);
#904=B_SPLINE_CURVE_WITH_KNOTS('',3,(#5574,#5575,#5576,#5577,#5578,#5579,
#5580,#5581,#5582,#5583),.UNSPECIFIED.,.T.,.F.,(4,1,1,1,1,1,1,4),(-3.14159265358979,
-2.24399475256414,-1.34639685153848,-0.448798950512828,0.448798950512828,
1.34639685153848,2.24399475256414,3.14159265358979),.UNSPECIFIED.);
#905=B_SPLINE_CURVE_WITH_KNOTS('',3,(#5664,#5665,#5666,#5667),
 .UNSPECIFIED.,.F.,.F.,(4,4),(0.210048988787902,1.),.UNSPECIFIED.);
#906=B_SPLINE_CURVE_WITH_KNOTS('',3,(#5670,#5671,#5672,#5673),
 .UNSPECIFIED.,.F.,.F.,(4,4),(0.210163737197143,1.),.UNSPECIFIED.);
#907=B_SPLINE_CURVE_WITH_KNOTS('',3,(#5717,#5718,#5719,#5720,#5721,#5722,
#5723,#5724,#5725,#5726,#5727,#5728,#5729,#5730,#5731,#5732,#5733,#5734,
#5735,#5736,#5737,#5738,#5739,#5740,#5741,#5742,#5743,#5744,#5745,#5746,
#5747),.UNSPECIFIED.,.F.,.F.,(4,3,3,3,3,3,3,3,3,3,4),(0.,0.116040397157962,
0.230057680049552,0.343133724238951,0.455551525488679,0.5,0.612289800394893,
0.725505752976855,0.839462804969908,0.955230078373969,1.),.UNSPECIFIED.);
#908=B_SPLINE_CURVE_WITH_KNOTS('',3,(#5774,#5775,#5776,#5777,#5778,#5779,
#5780,#5781,#5782,#5783,#5784,#5785,#5786,#5787,#5788,#5789,#5790,#5791,
#5792,#5793,#5794,#5795,#5796,#5797,#5798,#5799,#5800,#5801,#5802,#5803,
#5804),.UNSPECIFIED.,.F.,.F.,(4,3,3,3,3,3,3,3,3,3,4),(0.,0.115971026244967,
0.22991805049505,0.342923578236327,0.455271111133629,0.5,0.612282457922437,
0.725492397794707,0.839444424965981,0.95520851514181,1.),.UNSPECIFIED.);
#909=B_SPLINE_CURVE_WITH_KNOTS('',3,(#5809,#5810,#5811,#5812),
 .UNSPECIFIED.,.F.,.F.,(4,4),(9.27513383004013E-15,0.0040005690214423),
 .UNSPECIFIED.);
#910=B_SPLINE_CURVE_WITH_KNOTS('',3,(#5816,#5817,#5818,#5819),
 .UNSPECIFIED.,.F.,.F.,(4,4),(4.22423495030395E-15,0.0100014897798141),
 .UNSPECIFIED.);
#911=B_SPLINE_CURVE_WITH_KNOTS('',3,(#5823,#5824,#5825,#5826,#5827,#5828,
#5829,#5830,#5831,#5832,#5833,#5834),.UNSPECIFIED.,.F.,.F.,(4,2,2,2,2,4),
(0.153698764275073,0.154006760469259,0.192061719669575,0.230116678869891,
0.267709109116789,0.303875084569327),.UNSPECIFIED.);
#912=B_SPLINE_CURVE_WITH_KNOTS('',3,(#5836,#5837,#5838,#5839),
 .UNSPECIFIED.,.F.,.F.,(4,4),(7.63950263656903E-15,0.00402872432303375),
 .UNSPECIFIED.);
#913=B_SPLINE_CURVE_WITH_KNOTS('',3,(#5841,#5842,#5843,#5844,#5845,#5846,
#5847,#5848,#5849,#5850),.UNSPECIFIED.,.F.,.F.,(4,2,2,2,4),(-0.30397899899715,
-0.267647709470856,-0.229905049747486,-0.191939490609982,-0.15422373548724),
 .UNSPECIFIED.);
#914=B_SPLINE_CURVE_WITH_KNOTS('',3,(#5938,#5939,#5940,#5941,#5942,#5943,
#5944,#5945,#5946,#5947,#5948,#5949),.UNSPECIFIED.,.F.,.F.,(4,2,2,2,2,4),
(-0.612182497192434,-0.575949349268487,-0.538346165889328,-0.50037407114912,
-0.462401976408912,-0.462086513013745),.UNSPECIFIED.);
#915=B_SPLINE_CURVE_WITH_KNOTS('',3,(#5951,#5952,#5953,#5954),
 .UNSPECIFIED.,.F.,.F.,(4,4),(7.63945261001719E-15,0.00402869200432035),
 .UNSPECIFIED.);
#916=B_SPLINE_CURVE_WITH_KNOTS('',3,(#5956,#5957,#5958,#5959,#5960,#5961,
#5962,#5963,#5964,#5965),.UNSPECIFIED.,.F.,.F.,(4,2,2,2,4),(0.465422864936439,
0.503381142025276,0.541720220009125,0.579493036317401,0.61591371063112),
 .UNSPECIFIED.);
#917=B_SPLINE_CURVE_WITH_KNOTS('',3,(#5968,#5969,#5970,#5971,#5972),
 .UNSPECIFIED.,.F.,.F.,(4,1,4),(-0.835087580071769,0.,0.00011286502811736),
 .UNSPECIFIED.);
#918=B_SPLINE_CURVE_WITH_KNOTS('',3,(#5975,#5976,#5977,#5978,#5979,#5980,
#5981,#5982,#5983,#5984,#5985,#5986,#5987,#5988,#5989,#5990,#5991,#5992,
#5993,#5994,#5995,#5996,#5997,#5998,#5999,#6000,#6001,#6002,#6003,#6004,
#6005,#6006,#6007,#6008,#6009,#6010,#6011,#6012,#6013,#6014,#6015,#6016,
#6017,#6018,#6019,#6020),.UNSPECIFIED.,.F.,.F.,(4,3,3,3,3,3,3,3,3,3,3,3,
3,3,3,4),(0.,0.00301697231058788,0.00622008821894554,0.00965451727702142,
0.00991275553117051,0.0137054574315495,0.0172872482877668,0.0174981593319285,
0.0198462401450264,0.0234115855866816,0.0267599155916293,0.0276413263051651,
0.0277623028465677,0.031366157755998,0.0347490481278391,0.0349700126654283),
 .UNSPECIFIED.);
#919=B_SPLINE_CURVE_WITH_KNOTS('',3,(#6070,#6071,#6072,#6073,#6074,#6075,
#6076,#6077,#6078,#6079,#6080,#6081,#6082,#6083,#6084,#6085,#6086,#6087,
#6088,#6089,#6090,#6091,#6092,#6093,#6094,#6095,#6096,#6097,#6098,#6099,
#6100,#6101,#6102,#6103,#6104,#6105,#6106,#6107,#6108,#6109,#6110,#6111,
#6112,#6113,#6114,#6115,#6116,#6117,#6118,#6119,#6120,#6121,#6122,#6123,
#6124,#6125,#6126,#6127,#6128,#6129,#6130,#6131,#6132,#6133,#6134,#6135,
#6136,#6137,#6138,#6139,#6140,#6141,#6142,#6143,#6144,#6145,#6146,#6147,
#6148,#6149,#6150,#6151,#6152,#6153,#6154,#6155,#6156,#6157,#6158,#6159,
#6160,#6161,#6162,#6163,#6164,#6165,#6166,#6167,#6168,#6169,#6170,#6171,
#6172,#6173,#6174,#6175,#6176,#6177,#6178,#6179,#6180,#6181,#6182,#6183,
#6184,#6185,#6186,#6187,#6188,#6189,#6190,#6191,#6192,#6193,#6194,#6195,
#6196,#6197,#6198,#6199,#6200,#6201,#6202,#6203,#6204,#6205,#6206,#6207,
#6208),.UNSPECIFIED.,.F.,.F.,(4,3,3,3,3,3,3,3,3,3,3,3,3,3,3,3,3,3,3,3,3,
3,3,3,3,3,3,3,3,3,3,3,3,3,3,3,3,3,3,3,3,3,3,3,3,3,4),(0.,0.0292968749999965,
0.0584512915127312,0.0878193957563586,0.117187499999986,0.122108257482384,
0.124999999999985,0.152459698190957,0.180374413819281,0.208287906760883,
0.235862325081901,0.249999999999978,0.276451165803812,0.303306786691993,
0.330166317104179,0.356739981044471,0.367187499999972,0.371980925495844,
0.374999999999972,0.406249999999973,0.436873136524207,0.46843656826209,
0.499999999999973,0.528937858512505,0.558049847649859,0.587076118205609,
0.609374999999975,0.616420403156468,0.623292664214911,0.624999999999977,
0.652460089671901,0.680375358620714,0.708289465854851,0.735864535851375,
0.749999999999992,0.776451165804265,0.803306786692368,0.830166317104178,
0.856739981043677,0.867187500000002,0.871992119560786,0.875000000000002,
0.903752916489067,0.932891546080746,0.962002141054767,0.990767230205125,
1.),.UNSPECIFIED.);
#920=B_SPLINE_CURVE_WITH_KNOTS('',3,(#6209,#6210,#6211,#6212,#6213,#6214,
#6215,#6216,#6217,#6218,#6219,#6220,#6221,#6222,#6223,#6224,#6225,#6226,
#6227,#6228,#6229,#6230,#6231,#6232,#6233,#6234,#6235,#6236,#6237,#6238,
#6239,#6240,#6241,#6242,#6243,#6244,#6245,#6246,#6247,#6248,#6249,#6250,
#6251,#6252,#6253,#6254,#6255,#6256,#6257,#6258,#6259,#6260,#6261,#6262,
#6263,#6264,#6265,#6266,#6267,#6268,#6269,#6270,#6271,#6272,#6273,#6274,
#6275,#6276,#6277,#6278,#6279,#6280,#6281,#6282,#6283,#6284,#6285,#6286,
#6287,#6288,#6289,#6290,#6291,#6292,#6293,#6294,#6295,#6296,#6297,#6298,
#6299,#6300,#6301,#6302,#6303,#6304,#6305,#6306,#6307,#6308,#6309,#6310,
#6311,#6312,#6313,#6314,#6315,#6316,#6317,#6318,#6319,#6320,#6321,#6322,
#6323,#6324,#6325,#6326,#6327,#6328,#6329,#6330,#6331,#6332,#6333,#6334,
#6335,#6336,#6337,#6338,#6339,#6340,#6341,#6342,#6343,#6344,#6345,#6346,
#6347),.UNSPECIFIED.,.F.,.F.,(4,3,3,3,3,3,3,3,3,3,3,3,3,3,3,3,3,3,3,3,3,
3,3,3,3,3,3,3,3,3,3,3,3,3,3,3,3,3,3,3,3,3,3,3,3,3,4),(0.,0.0292968749999862,
0.058451291512978,0.0878193957564614,0.117187499999945,0.122108257483133,
0.124999999999942,0.152459698220477,0.18037441387936,0.208287906851371,
0.235862325202001,0.249999999999897,0.276451165803972,0.303306786691656,
0.330166317102858,0.356739981041569,0.367187499999856,0.371980925495081,
0.374999999999854,0.406249999999862,0.436873136531911,0.468436568265897,
0.499999999999884,0.528937858512927,0.558049847650626,0.587076118206442,
0.609374999999909,0.616420403156527,0.623292664215092,0.624999999999913,
0.652460089663535,0.680375358603513,0.708289465828701,0.735864535816326,
0.74999999999994,0.776451165803781,0.803306786691888,0.830166317103947,
0.856739981044031,0.867187499999968,0.871992119561147,0.87499999999997,
0.90375291648902,0.932891546080873,0.962002141055209,0.990767230205977,
1.),.UNSPECIFIED.);
#921=B_SPLINE_CURVE_WITH_KNOTS('',3,(#6459,#6460,#6461,#6462,#6463,#6464,
#6465,#6466,#6467,#6468,#6469,#6470,#6471,#6472,#6473,#6474,#6475,#6476,
#6477,#6478,#6479,#6480,#6481,#6482,#6483,#6484,#6485,#6486,#6487,#6488,
#6489,#6490,#6491,#6492),.UNSPECIFIED.,.F.,.F.,(4,3,3,3,3,3,3,3,3,3,3,4),
(0.,0.00163227862434996,0.00344857881354421,0.00437596933261811,0.00635274160035448,
0.00774899915189669,0.0087621589380319,0.0106501461483237,0.0122287866044986,
0.0122952788952201,0.0141789632491929,0.0154864861046127),.UNSPECIFIED.);
#922=B_SPLINE_CURVE_WITH_KNOTS('',3,(#6493,#6494,#6495,#6496,#6497),
 .UNSPECIFIED.,.F.,.F.,(4,1,4),(-0.000112865026707609,0.,0.835087580071769),
 .UNSPECIFIED.);
#923=B_SPLINE_CURVE_WITH_KNOTS('',3,(#6518,#6519,#6520,#6521,#6522,#6523,
#6524,#6525,#6526,#6527,#6528,#6529,#6530,#6531,#6532,#6533,#6534,#6535,
#6536,#6537,#6538,#6539,#6540,#6541,#6542,#6543,#6544,#6545,#6546,#6547,
#6548,#6549,#6550,#6551,#6552,#6553,#6554,#6555,#6556,#6557,#6558,#6559,
#6560,#6561,#6562,#6563,#6564,#6565,#6566,#6567,#6568,#6569,#6570,#6571,
#6572,#6573,#6574,#6575,#6576,#6577,#6578,#6579,#6580,#6581,#6582,#6583,
#6584,#6585,#6586,#6587,#6588,#6589,#6590,#6591,#6592,#6593,#6594,#6595,
#6596,#6597,#6598,#6599,#6600,#6601,#6602,#6603,#6604,#6605,#6606,#6607,
#6608,#6609,#6610,#6611,#6612,#6613,#6614,#6615,#6616,#6617,#6618,#6619,
#6620,#6621,#6622,#6623,#6624,#6625,#6626,#6627,#6628,#6629,#6630,#6631,
#6632,#6633,#6634,#6635,#6636,#6637,#6638,#6639,#6640,#6641,#6642,#6643,
#6644,#6645,#6646,#6647,#6648,#6649,#6650,#6651,#6652,#6653,#6654,#6655,
#6656,#6657,#6658,#6659,#6660,#6661,#6662),.UNSPECIFIED.,.F.,.F.,(4,3,3,
3,3,3,3,3,3,3,3,3,3,3,3,3,3,3,3,3,3,3,3,3,3,3,3,3,3,3,3,3,3,3,3,3,3,3,3,
3,3,3,3,3,3,3,3,3,4),(0.,0.0277162077673154,0.055801059396108,0.0838790098680953,
0.111681006921065,0.117187500000054,0.121920702786595,0.125000000000056,
0.151298436484086,0.178028798024532,0.20476922915564,0.231207443577335,
0.25000000000005,0.275496705991972,0.301376016737827,0.327263855208578,
0.352886912154237,0.367187500000047,0.371809015988367,0.375000000000047,
0.403852357761531,0.433122463525932,0.462379439655319,0.491308002191606,
0.500000000000052,0.527714461551743,0.555786793691511,0.583845228262028,
0.611618752925568,0.617187500000055,0.621930370578474,0.625000000000054,
0.651298436475377,0.678028798007037,0.704769229129496,0.731207443542938,
0.750000000000042,0.775496705992308,0.801376016738553,0.827263855209752,
0.852886912155873,0.867187500000028,0.871818332847388,0.875000000000025,
0.902686107685167,0.930749223638872,0.958800369282889,0.986542585401205,
1.),.UNSPECIFIED.);
#924=B_SPLINE_CURVE_WITH_KNOTS('',3,(#6668,#6669,#6670,#6671,#6672,#6673,
#6674,#6675,#6676,#6677,#6678,#6679,#6680,#6681,#6682,#6683,#6684,#6685,
#6686,#6687,#6688,#6689,#6690,#6691,#6692,#6693,#6694,#6695,#6696,#6697,
#6698,#6699,#6700,#6701,#6702,#6703,#6704,#6705,#6706,#6707,#6708,#6709,
#6710,#6711,#6712,#6713,#6714,#6715,#6716,#6717,#6718,#6719,#6720,#6721,
#6722,#6723,#6724,#6725,#6726,#6727,#6728,#6729,#6730,#6731,#6732,#6733,
#6734,#6735,#6736,#6737,#6738,#6739,#6740,#6741,#6742,#6743,#6744,#6745,
#6746,#6747,#6748,#6749,#6750,#6751,#6752,#6753,#6754,#6755,#6756,#6757,
#6758,#6759,#6760,#6761,#6762,#6763,#6764,#6765,#6766,#6767,#6768,#6769,
#6770,#6771,#6772,#6773,#6774,#6775,#6776,#6777,#6778,#6779,#6780,#6781,
#6782,#6783,#6784,#6785,#6786,#6787,#6788,#6789,#6790,#6791,#6792,#6793,
#6794,#6795,#6796,#6797,#6798,#6799,#6800,#6801,#6802,#6803,#6804,#6805,
#6806,#6807,#6808,#6809,#6810,#6811,#6812),.UNSPECIFIED.,.F.,.F.,(4,3,3,
3,3,3,3,3,3,3,3,3,3,3,3,3,3,3,3,3,3,3,3,3,3,3,3,3,3,3,3,3,3,3,3,3,3,3,3,
3,3,3,3,3,3,3,3,3,4),(0.,0.0277162077676982,0.0558010593967156,0.0838790098688306,
0.111681006921853,0.117187499999982,0.121920702786758,0.12499999999998,
0.151298436494893,0.178028798046767,0.204769229189381,0.231207443622458,
0.249999999999969,0.275496705992587,0.301376016738846,0.327263855209822,
0.352886912155437,0.367187499999961,0.371809015987627,0.374999999999961,
0.403852357784461,0.433122463572782,0.462379439726073,0.491308002285685,
0.499999999999954,0.527714461552449,0.555786793692614,0.583845228263322,
0.611618752926779,0.617187499999951,0.62193037057916,0.624999999999952,
0.651298436491739,0.678028798040363,0.704769229179701,0.731207443609458,
0.749999999999972,0.775496705992433,0.801376016738683,0.827263855209728,
0.85288691215553,0.86718749999999,0.871818332847032,0.87499999999999,0.90268610768518,
0.930749223638842,0.958800369282731,0.98654258540084,1.),.UNSPECIFIED.);
#925=B_SPLINE_CURVE_WITH_KNOTS('',3,(#6816,#6817,#6818,#6819,#6820,#6821,
#6822,#6823,#6824,#6825,#6826,#6827,#6828,#6829,#6830,#6831,#6832,#6833,
#6834,#6835,#6836,#6837,#6838,#6839,#6840,#6841,#6842,#6843,#6844,#6845,
#6846,#6847,#6848,#6849,#6850,#6851,#6852,#6853,#6854,#6855,#6856,#6857,
#6858,#6859,#6860,#6861,#6862,#6863,#6864,#6865,#6866,#6867,#6868,#6869,
#6870,#6871,#6872,#6873,#6874,#6875,#6876,#6877,#6878,#6879,#6880,#6881,
#6882,#6883,#6884,#6885,#6886,#6887,#6888,#6889,#6890,#6891,#6892,#6893,
#6894,#6895,#6896,#6897,#6898,#6899,#6900,#6901,#6902,#6903,#6904,#6905,
#6906,#6907,#6908,#6909,#6910,#6911,#6912,#6913,#6914,#6915,#6916,#6917,
#6918,#6919,#6920,#6921,#6922,#6923,#6924,#6925,#6926,#6927,#6928,#6929,
#6930,#6931,#6932,#6933,#6934,#6935,#6936,#6937,#6938,#6939,#6940,#6941,
#6942,#6943,#6944,#6945,#6946,#6947,#6948,#6949,#6950,#6951,#6952,#6953,
#6954,#6955,#6956,#6957,#6958,#6959,#6960),.UNSPECIFIED.,.F.,.F.,(4,3,3,
3,3,3,3,3,3,3,3,3,3,3,3,3,3,3,3,3,3,3,3,3,3,3,3,3,3,3,3,3,3,3,3,3,3,3,3,
3,3,3,3,3,3,3,3,3,4),(0.,0.0277162077677972,0.0558010593967858,0.0838790098688882,
0.111681006921794,0.117187500000012,0.121920702787075,0.125000000000013,
0.151298436499844,0.178028798056665,0.204769229204092,0.231207443641794,
0.250000000000037,0.275496705992539,0.301376016738672,0.327263855209527,
0.35288691215496,0.367187500000059,0.371809015987837,0.375000000000059,
0.403852357773043,0.433122463549451,0.462379439690841,0.49130800223888,
0.500000000000089,0.52771446155232,0.555786793692389,0.583845228263118,
0.611618752926712,0.617187500000112,0.621930370578855,0.625000000000111,
0.651298436475833,0.678028798007727,0.704769229130327,0.731207443543757,
0.750000000000083,0.775496705992029,0.801376016738137,0.827263855209263,
0.852886912155453,0.867187500000055,0.871818332847713,0.875000000000052,
0.902686107685112,0.930749223638926,0.958800369283172,0.986542585401816,
1.),.UNSPECIFIED.);
#926=B_SPLINE_CURVE_WITH_KNOTS('',3,(#6966,#6967,#6968,#6969,#6970,#6971,
#6972,#6973,#6974,#6975,#6976,#6977,#6978,#6979,#6980,#6981,#6982,#6983,
#6984,#6985,#6986,#6987,#6988,#6989,#6990,#6991,#6992,#6993,#6994,#6995,
#6996,#6997,#6998,#6999,#7000,#7001,#7002,#7003,#7004,#7005,#7006,#7007,
#7008,#7009,#7010,#7011,#7012,#7013,#7014,#7015,#7016,#7017,#7018,#7019,
#7020,#7021,#7022,#7023,#7024,#7025,#7026,#7027,#7028,#7029,#7030,#7031,
#7032,#7033,#7034,#7035,#7036,#7037,#7038,#7039,#7040,#7041,#7042,#7043,
#7044,#7045,#7046,#7047,#7048,#7049,#7050,#7051,#7052,#7053,#7054,#7055,
#7056,#7057,#7058,#7059,#7060,#7061,#7062,#7063,#7064,#7065,#7066,#7067,
#7068,#7069,#7070,#7071,#7072,#7073,#7074,#7075,#7076,#7077,#7078,#7079,
#7080,#7081,#7082,#7083,#7084,#7085,#7086,#7087,#7088,#7089,#7090,#7091,
#7092,#7093,#7094,#7095,#7096,#7097,#7098,#7099,#7100,#7101,#7102,#7103,
#7104,#7105,#7106,#7107,#7108,#7109,#7110),.UNSPECIFIED.,.F.,.F.,(4,3,3,
3,3,3,3,3,3,3,3,3,3,3,3,3,3,3,3,3,3,3,3,3,3,3,3,3,3,3,3,3,3,3,3,3,3,3,3,
3,3,3,3,3,3,3,3,3,4),(0.,0.0277162077666806,0.0558010593950862,0.0838790098668647,
0.111681006919748,0.117187499999986,0.121920702786062,0.124999999999985,
0.151298436480339,0.178028798017137,0.20476922914472,0.231207443563127,
0.249999999999978,0.275496705992225,0.301376016738317,0.327263855209227,
0.352886912154963,0.36718749999997,0.371809015988129,0.374999999999969,
0.4038523577717,0.433122463546897,0.462379439687142,0.491308002234167,0.499999999999986,
0.527714461552363,0.55578679369258,0.583845228263416,0.611618752927104,
0.617187500000005,0.621930370579123,0.625000000000006,0.651298436501931,
0.678028798061218,0.704769229211273,0.731207443651729,0.750000000000009,
0.775496705993187,0.801376016739821,0.827263855210999,0.852886912156648,
0.867187500000009,0.871818332846312,0.875000000000009,0.902686107685197,
0.930749223638527,0.958800369281866,0.986542585399074,1.),.UNSPECIFIED.);
#927=B_SPLINE_CURVE_WITH_KNOTS('',3,(#7114,#7115,#7116,#7117,#7118,#7119,
#7120,#7121,#7122,#7123,#7124,#7125,#7126,#7127,#7128,#7129,#7130,#7131,
#7132,#7133,#7134,#7135,#7136,#7137,#7138,#7139,#7140,#7141,#7142,#7143,
#7144,#7145,#7146,#7147,#7148,#7149,#7150,#7151,#7152,#7153,#7154,#7155,
#7156,#7157,#7158,#7159,#7160,#7161,#7162,#7163,#7164,#7165,#7166,#7167,
#7168,#7169,#7170,#7171,#7172,#7173,#7174,#7175,#7176,#7177,#7178,#7179,
#7180,#7181,#7182,#7183,#7184,#7185,#7186,#7187,#7188,#7189,#7190,#7191,
#7192,#7193,#7194,#7195,#7196,#7197,#7198,#7199,#7200,#7201,#7202,#7203,
#7204,#7205,#7206,#7207,#7208,#7209,#7210,#7211,#7212,#7213,#7214,#7215,
#7216,#7217,#7218,#7219,#7220,#7221,#7222,#7223,#7224,#7225,#7226,#7227,
#7228,#7229,#7230,#7231,#7232,#7233,#7234,#7235,#7236,#7237,#7238,#7239,
#7240,#7241,#7242,#7243,#7244,#7245,#7246,#7247,#7248,#7249,#7250,#7251,
#7252,#7253,#7254,#7255,#7256,#7257,#7258),.UNSPECIFIED.,.F.,.F.,(4,3,3,
3,3,3,3,3,3,3,3,3,3,3,3,3,3,3,3,3,3,3,3,3,3,3,3,3,3,3,3,3,3,3,3,3,3,3,3,
3,3,3,3,3,3,3,3,3,4),(0.,0.0277162077680375,0.0558010593971567,0.0838790098692705,
0.111681006921965,0.11718749999995,0.121920702787297,0.124999999999946,
0.151298436497105,0.178028798051083,0.204769229195595,0.231207443630259,
0.249999999999911,0.275496705992026,0.301376016737947,0.327263855208713,
0.352886912154245,0.36718749999988,0.371809015987924,0.374999999999879,
0.403852357776815,0.433122463557251,0.462379439702678,0.491308002254595,
0.499999999999904,0.527714461552167,0.555786793692114,0.583845228262658,
0.611618752925958,0.617187499999922,0.62193037057881,0.624999999999922,
0.651298436477149,0.678028798010623,0.704769229134803,0.73120744354979,
0.749999999999929,0.775496705991965,0.801376016738075,0.827263855209176,
0.852886912155302,0.867187499999937,0.871818332847508,0.874999999999939,
0.902686107685057,0.930749223638872,0.958800369283095,0.986542585401721,
1.),.UNSPECIFIED.);
#928=B_SPLINE_CURVE_WITH_KNOTS('',3,(#7264,#7265,#7266,#7267,#7268,#7269,
#7270,#7271,#7272,#7273,#7274,#7275,#7276,#7277,#7278,#7279,#7280,#7281,
#7282,#7283,#7284,#7285,#7286,#7287,#7288,#7289,#7290,#7291,#7292,#7293,
#7294,#7295,#7296,#7297,#7298,#7299,#7300,#7301,#7302,#7303,#7304,#7305,
#7306,#7307,#7308,#7309,#7310,#7311,#7312,#7313,#7314,#7315,#7316,#7317,
#7318,#7319,#7320,#7321,#7322,#7323,#7324,#7325,#7326,#7327,#7328,#7329,
#7330,#7331,#7332,#7333,#7334,#7335,#7336,#7337,#7338,#7339,#7340,#7341,
#7342,#7343,#7344,#7345,#7346,#7347,#7348,#7349,#7350,#7351,#7352,#7353,
#7354,#7355,#7356,#7357,#7358,#7359,#7360,#7361,#7362,#7363,#7364,#7365,
#7366,#7367,#7368,#7369,#7370,#7371,#7372,#7373,#7374,#7375,#7376,#7377,
#7378,#7379,#7380,#7381,#7382,#7383,#7384,#7385,#7386,#7387,#7388,#7389,
#7390,#7391,#7392,#7393,#7394,#7395,#7396,#7397,#7398,#7399,#7400,#7401,
#7402,#7403,#7404,#7405,#7406,#7407,#7408),.UNSPECIFIED.,.F.,.F.,(4,3,3,
3,3,3,3,3,3,3,3,3,3,3,3,3,3,3,3,3,3,3,3,3,3,3,3,3,3,3,3,3,3,3,3,3,3,3,3,
3,3,3,3,3,3,3,3,3,4),(0.,0.0277162077657758,0.0558010593936685,0.0838790098651966,
0.111681006918185,0.117187499999958,0.121920702785563,0.124999999999956,
0.151298436489425,0.178028798035821,0.204769229173059,0.231207443601126,
0.249999999999926,0.275496705992664,0.301376016738787,0.327263855209464,
0.352886912154546,0.367187499999905,0.37180901598723,0.374999999999905,
0.403852357787963,0.433122463580086,0.462379439737144,0.491308002300442,
0.499999999999904,0.527714461552573,0.555786793692831,0.583845228263587,
0.611618752927037,0.617187499999907,0.621930370579276,0.624999999999908,
0.651298436503864,0.678028798065176,0.704769229217232,0.73120744365963,
0.749999999999943,0.775496705993202,0.801376016739885,0.827263855211149,
0.852886912156887,0.867187499999974,0.871818332846274,0.874999999999976,
0.902686107685271,0.930749223638617,0.95880036928196,0.986542585399192,
0.999999999999995),.UNSPECIFIED.);
#929=B_SPLINE_CURVE_WITH_KNOTS('',3,(#7441,#7442,#7443,#7444,#7445,#7446,
#7447,#7448,#7449,#7450,#7451,#7452),.UNSPECIFIED.,.F.,.F.,(4,2,2,2,2,4),
(0.419454205842863,0.441186669117073,0.462919132391284,0.494817347029756,
0.526715561668229,0.62743826301849),.UNSPECIFIED.);
#930=B_SPLINE_CURVE_WITH_KNOTS('',3,(#7454,#7455,#7456,#7457,#7458,#7459,
#7460,#7461,#7462,#7463,#7464,#7465,#7466,#7467),.UNSPECIFIED.,.F.,.F.,
(4,2,2,2,2,2,4),(0.00768336058056948,0.0151075772099529,0.0226610188264518,
0.0302144604429507,0.0377679020594496,0.0453213436759485,0.0527455603053322),
 .UNSPECIFIED.);
#931=B_SPLINE_CURVE_WITH_KNOTS('',3,(#7469,#7470,#7471,#7472,#7473,#7474,
#7475,#7476,#7477,#7478,#7479,#7480,#7481,#7482,#7483,#7484,#7485,#7486,
#7487,#7488,#7489,#7490),.UNSPECIFIED.,.F.,.F.,(4,2,2,2,2,2,2,2,2,2,4),
(-0.627438263018493,-0.526715561668231,-0.494817347029758,-0.462919132391285,
-0.441186669117074,-0.419454205842864,-0.397721742568653,-0.375989279294443,
-0.34409106465597,-0.312192850017497,-0.211470148667234),.UNSPECIFIED.);
#932=B_SPLINE_CURVE_WITH_KNOTS('',3,(#7492,#7493,#7494,#7495,#7496,#7497,
#7498,#7499,#7500,#7501,#7502,#7503,#7504,#7505),.UNSPECIFIED.,.F.,.F.,
(4,2,2,2,2,2,4),(0.0681122814664715,0.0755364980958548,0.0830899397123537,
0.0906433813288526,0.0981968229453515,0.10575026456185,0.113174481191234),
 .UNSPECIFIED.);
#933=B_SPLINE_CURVE_WITH_KNOTS('',3,(#7506,#7507,#7508,#7509,#7510,#7511,
#7512,#7513,#7514,#7515,#7516,#7517),.UNSPECIFIED.,.F.,.F.,(4,2,2,2,2,4),
(0.211470148667235,0.312192850017496,0.344091064655969,0.375989279294441,
0.397721742568652,0.419454205842863),.UNSPECIFIED.);
#934=B_SPLINE_CURVE_WITH_KNOTS('',3,(#7574,#7575,#7576,#7577,#7578,#7579,
#7580),.UNSPECIFIED.,.F.,.F.,(4,3,4),(0.000150024201659703,0.00656642779250992,
0.00850143007024413),.UNSPECIFIED.);
#935=B_SPLINE_CURVE_WITH_KNOTS('',3,(#7584,#7585,#7586,#7587,#7588,#7589,
#7590),.UNSPECIFIED.,.F.,.F.,(4,3,4),(0.000150024201653672,0.0065664277925068,
0.00850143007024904),.UNSPECIFIED.);
#936=B_SPLINE_CURVE_WITH_KNOTS('',3,(#7596,#7597,#7598,#7599,#7600,#7601,
#7602,#7603,#7604,#7605,#7606,#7607,#7608,#7609,#7610,#7611,#7612,#7613,
#7614,#7615,#7616,#7617,#7618,#7619,#7620,#7621),.UNSPECIFIED.,.F.,.F.,
(4,2,2,2,2,2,2,2,2,2,2,2,4),(-1.6286890238601,-1.58649170730919,-1.5016886946904,
-1.46667716760257,-1.43166564051475,-1.40617059969447,-1.38067555887419,
-1.35518051805391,-1.32968547723362,-1.2946739501458,-1.25966242305798,
-1.17485941043918,-1.13266209388827),.UNSPECIFIED.);
#937=B_SPLINE_CURVE_WITH_KNOTS('',3,(#7623,#7624,#7625,#7626,#7627,#7628,
#7629,#7630,#7631,#7632,#7633,#7634,#7635,#7636),.UNSPECIFIED.,.F.,.F.,
(4,2,2,2,2,2,4),(0.068061333737368,0.0754770548657609,0.0830246578316979,
0.090572260797635,0.098119863763572,0.105667466729509,0.113083187857902),
 .UNSPECIFIED.);
#938=B_SPLINE_CURVE_WITH_KNOTS('',3,(#7638,#7639,#7640,#7641,#7642,#7643,
#7644,#7645,#7646,#7647,#7648,#7649,#7650,#7651),.UNSPECIFIED.,.F.,.F.,
(4,2,2,2,2,2,4),(1.13266209388827,1.17485941043918,1.25966242305798,1.2946739501458,
1.32968547723362,1.35518051805391,1.38067555887419),.UNSPECIFIED.);
#939=B_SPLINE_CURVE_WITH_KNOTS('',3,(#7656,#7657,#7658,#7659,#7660,#7661,
#7662,#7663,#7664,#7665,#7666,#7667,#7668,#7669),.UNSPECIFIED.,.F.,.F.,
(4,2,2,2,2,2,4),(1.38067555887419,1.40617059969447,1.43166564051475,1.46667716760257,
1.5016886946904,1.58649170730919,1.6286890238601),.UNSPECIFIED.);
#940=B_SPLINE_CURVE_WITH_KNOTS('',3,(#7670,#7671,#7672,#7673,#7674,#7675,
#7676,#7677,#7678,#7679,#7680,#7681,#7682,#7683),.UNSPECIFIED.,.F.,.F.,
(4,2,2,2,2,2,4),(-0.113083187857902,-0.105667466729509,-0.098119863763572,
-0.090572260797635,-0.0830246578316979,-0.0754770548657609,-0.068061333737368),
 .UNSPECIFIED.);
#941=B_SPLINE_CURVE_WITH_KNOTS('',3,(#7709,#7710,#7711,#7712,#7713,#7714,
#7715,#7716,#7717,#7718,#7719,#7720,#7721,#7722,#7723,#7724,#7725,#7726,
#7727,#7728,#7729,#7730,#7731,#7732,#7733,#7734,#7735,#7736,#7737,#7738,
#7739,#7740,#7741,#7742,#7743,#7744,#7745),.UNSPECIFIED.,.F.,.F.,(4,3,3,
3,3,3,3,3,3,3,3,3,4),(0.,0.0963265746135023,0.197244930960127,0.29566769103694,
0.39783384551847,0.49390068269814,0.5,0.595196395555672,0.696397296666754,
0.79363735402967,0.890317460176389,0.985231030585518,1.),.UNSPECIFIED.);
#942=B_SPLINE_CURVE_WITH_KNOTS('',3,(#7749,#7750,#7751,#7752,#7753,#7754,
#7755,#7756,#7757,#7758,#7759,#7760,#7761,#7762,#7763,#7764,#7765,#7766,
#7767,#7768,#7769,#7770,#7771,#7772,#7773,#7774,#7775,#7776,#7777,#7778,
#7779),.UNSPECIFIED.,.F.,.F.,(4,3,3,3,3,3,3,3,3,3,4),(0.,0.104344446721111,
0.210818097520678,0.317382085341672,0.422319372430831,0.5,0.60267928965255,
0.707427899158491,0.812252125345779,0.91542987377356,1.),.UNSPECIFIED.);
#943=B_SPLINE_CURVE_WITH_KNOTS('',3,(#7807,#7808,#7809,#7810,#7811,#7812,
#7813,#7814,#7815,#7816,#7817,#7818,#7819,#7820,#7821,#7822,#7823,#7824,
#7825,#7826,#7827,#7828,#7829,#7830,#7831,#7832,#7833,#7834,#7835,#7836,
#7837),.UNSPECIFIED.,.F.,.F.,(4,3,3,3,3,3,3,3,3,3,4),(0.,0.104346983674242,
0.210822392302994,0.317387554325853,0.422325218517664,0.5,0.602679527664877,
0.70742744125059,0.812250605562719,0.915427061074947,1.),.UNSPECIFIED.);
#944=B_SPLINE_CURVE_WITH_KNOTS('',3,(#7839,#7840,#7841,#7842,#7843,#7844,
#7845,#7846,#7847,#7848,#7849,#7850,#7851,#7852,#7853,#7854,#7855,#7856,
#7857,#7858,#7859,#7860,#7861,#7862,#7863,#7864,#7865,#7866,#7867,#7868,
#7869),.UNSPECIFIED.,.F.,.F.,(4,3,3,3,3,3,3,3,3,3,4),(0.,0.104344072350856,
0.210817825150472,0.317382416613889,0.422321163335595,0.5,0.602680822536575,
0.707431931550986,0.812259223848361,0.915440732234746,1.),.UNSPECIFIED.);
#945=B_SPLINE_CURVE_WITH_KNOTS('',3,(#7873,#7874,#7875,#7876,#7877,#7878,
#7879,#7880,#7881,#7882,#7883,#7884,#7885,#7886,#7887,#7888,#7889,#7890,
#7891,#7892,#7893,#7894,#7895,#7896,#7897,#7898,#7899,#7900,#7901,#7902,
#7903),.UNSPECIFIED.,.F.,.F.,(4,3,3,3,3,3,3,3,3,3,4),(0.,0.104346983646084,
0.210822392247982,0.317387554245436,0.42232521841367,0.5,0.602679527662264,
0.707427441246506,0.812250605557902,0.915427061070234,1.),.UNSPECIFIED.);
#946=B_SPLINE_CURVE_WITH_KNOTS('',3,(#7905,#7906,#7907,#7908,#7909,#7910,
#7911,#7912,#7913,#7914,#7915,#7916,#7917,#7918,#7919,#7920,#7921,#7922,
#7923,#7924,#7925,#7926,#7927,#7928,#7929,#7930,#7931,#7932,#7933,#7934,
#7935),.UNSPECIFIED.,.F.,.F.,(4,3,3,3,3,3,3,3,3,3,4),(0.,0.10434407237257,
0.21081782519391,0.317382416678813,0.422321163421806,0.5,0.602680822538514,
0.707431931553975,0.812259223851886,0.915440732238184,1.),.UNSPECIFIED.);
#947=B_SPLINE_CURVE_WITH_KNOTS('',3,(#7938,#7939,#7940,#7941,#7942,#7943,
#7944,#7945,#7946,#7947,#7948,#7949,#7950,#7951,#7952,#7953,#7954,#7955,
#7956,#7957,#7958,#7959,#7960,#7961,#7962,#7963,#7964,#7965,#7966,#7967,
#7968,#7969,#7970,#7971,#7972,#7973,#7974,#7975,#7976,#7977,#7978,#7979,
#7980,#7981,#7982,#7983,#7984,#7985,#7986,#7987,#7988,#7989,#7990,#7991,
#7992,#7993,#7994,#7995,#7996,#7997,#7998,#7999,#8000,#8001,#8002,#8003,
#8004,#8005,#8006,#8007,#8008,#8009,#8010,#8011,#8012,#8013),
 .UNSPECIFIED.,.F.,.F.,(4,3,3,3,3,3,3,3,3,3,3,3,3,3,3,3,3,3,3,3,3,3,3,3,
3,4),(0.,0.0535498828848373,0.108152499095313,0.162815948825106,0.216790797485534,
0.234375000000024,0.244211687328466,0.250000000000025,0.25952503543897,
0.310277345785433,0.362010331033446,0.413744508536315,0.464627066357359,
0.50000000000003,0.549208733752015,0.599466465621159,0.649798206088894,
0.69941971073449,0.734375000000031,0.740385871725848,0.750000000000028,
0.80361777953036,0.858216655827364,0.91280738459528,0.966530368201886,1.),
 .UNSPECIFIED.);
#948=B_SPLINE_CURVE_WITH_KNOTS('',3,(#8189,#8190,#8191,#8192,#8193,#8194,
#8195,#8196,#8197,#8198,#8199,#8200,#8201),.UNSPECIFIED.,.F.,.F.,(4,3,3,
3,4),(0.,0.348149299615181,0.5,0.848149299608549,1.),.UNSPECIFIED.);
#949=B_SPLINE_CURVE_WITH_KNOTS('',3,(#8226,#8227,#8228,#8229,#8230,#8231),
 .UNSPECIFIED.,.F.,.F.,(4,2,4),(0.,0.5,1.),.UNSPECIFIED.);
#950=B_SPLINE_CURVE_WITH_KNOTS('',3,(#8267,#8268,#8269,#8270,#8271,#8272,
#8273,#8274,#8275,#8276),.UNSPECIFIED.,.F.,.F.,(4,2,2,2,4),(0.,0.25,0.5,
0.75,1.),.UNSPECIFIED.);
#951=B_SPLINE_CURVE_WITH_KNOTS('',3,(#8616,#8617,#8618,#8619),
 .UNSPECIFIED.,.F.,.F.,(4,4),(0.0125057185476681,1.),.UNSPECIFIED.);
#952=B_SPLINE_CURVE_WITH_KNOTS('',3,(#8624,#8625,#8626,#8627),
 .UNSPECIFIED.,.F.,.F.,(4,4),(0.0123276336366376,1.),.UNSPECIFIED.);
#953=B_SPLINE_CURVE_WITH_KNOTS('',3,(#8629,#8630,#8631,#8632,#8633,#8634,
#8635),.UNSPECIFIED.,.F.,.F.,(4,3,4),(0.00015002420165367,0.00656642779250795,
0.00850143007024904),.UNSPECIFIED.);
#954=B_SPLINE_CURVE_WITH_KNOTS('',3,(#8638,#8639,#8640,#8641,#8642,#8643,
#8644),.UNSPECIFIED.,.F.,.F.,(4,3,4),(1.41577349844054E-15,0.00633231629378892,
0.00835140587058391),.UNSPECIFIED.);
#955=B_SPLINE_CURVE_WITH_KNOTS('',3,(#8679,#8680,#8681,#8682,#8683,#8684,
#8685,#8686,#8687,#8688,#8689,#8690,#8691,#8692,#8693,#8694,#8695,#8696,
#8697,#8698),.UNSPECIFIED.,.F.,.F.,(4,2,2,2,2,2,2,2,2,4),(0.,0.12050268748373,
0.247006696440113,0.310258700918305,0.373510705396496,0.436762709874688,
0.500014714352879,0.626518723309263,0.753022732265646,1.),.UNSPECIFIED.);
#956=B_SPLINE_CURVE_WITH_KNOTS('',3,(#8699,#8700,#8701,#8702),
 .UNSPECIFIED.,.F.,.F.,(4,4),(0.,0.999999986570332),.UNSPECIFIED.);
#957=B_SPLINE_CURVE_WITH_KNOTS('',3,(#8712,#8713,#8714,#8715,#8716,#8717,
#8718,#8719,#8720,#8721,#8722,#8723,#8724,#8725,#8726,#8727,#8728,#8729,
#8730,#8731),.UNSPECIFIED.,.F.,.F.,(4,2,2,2,2,2,2,2,2,4),(0.,0.247014924009723,
0.373504992213354,0.499995060416985,0.626485128620616,0.689730162722431,
0.752975196824247,0.816220230926063,0.879465265027878,1.),.UNSPECIFIED.);
#958=B_SPLINE_CURVE_WITH_KNOTS('',3,(#8768,#8769,#8770,#8771,#8772,#8773,
#8774,#8775,#8776,#8777,#8778,#8779,#8780,#8781,#8782,#8783,#8784,#8785,
#8786,#8787,#8788,#8789,#8790,#8791,#8792,#8793,#8794,#8795,#8796,#8797,
#8798,#8799,#8800,#8801,#8802,#8803,#8804,#8805,#8806,#8807,#8808,#8809,
#8810,#8811,#8812,#8813,#8814,#8815,#8816,#8817,#8818,#8819,#8820,#8821,
#8822,#8823,#8824,#8825,#8826,#8827,#8828,#8829,#8830,#8831,#8832,#8833,
#8834,#8835,#8836,#8837,#8838,#8839,#8840,#8841,#8842,#8843,#8844,#8845,
#8846,#8847,#8848,#8849,#8850,#8851,#8852,#8853,#8854,#8855,#8856,#8857,
#8858,#8859,#8860,#8861,#8862,#8863,#8864,#8865,#8866,#8867,#8868,#8869,
#8870,#8871,#8872,#8873,#8874,#8875,#8876),.UNSPECIFIED.,.F.,.F.,(4,3,3,
3,3,3,3,3,3,3,3,3,3,3,3,3,3,3,3,3,3,3,3,3,3,3,3,3,3,3,3,3,3,3,3,3,4),(7.74282534430508E-10,
0.0381318807368776,0.0624999999999997,0.100917069928784,0.124999999999999,
0.144247883532213,0.15605888002301,0.169686869645872,0.187499999999999,
0.218749999999999,0.232360653750365,0.24590289228719,0.249999999999999,
0.283284596205368,0.296675571956893,0.330365729521699,0.364060065216818,
0.37171352510903,0.374999999999999,0.420408701508398,0.446143054119736,
0.492516292853394,0.499999999999998,0.520476488798745,0.562029547753327,
0.593146809784421,0.624999999999998,0.682757946841232,0.718749999999998,
0.733672495419697,0.749999999999999,0.811048264590039,0.868737846468752,
0.87209652918008,0.929855169177643,0.985990810107985,1.),.UNSPECIFIED.);
#959=B_SPLINE_CURVE_WITH_KNOTS('',3,(#8877,#8878,#8879,#8880,#8881,#8882,
#8883,#8884,#8885,#8886,#8887,#8888,#8889,#8890,#8891,#8892,#8893,#8894,
#8895,#8896,#8897,#8898,#8899,#8900,#8901,#8902,#8903,#8904,#8905,#8906,
#8907,#8908,#8909,#8910,#8911,#8912,#8913,#8914,#8915,#8916,#8917,#8918,
#8919,#8920,#8921,#8922,#8923,#8924,#8925,#8926,#8927,#8928,#8929,#8930,
#8931,#8932,#8933,#8934,#8935,#8936,#8937,#8938,#8939,#8940,#8941,#8942,
#8943,#8944,#8945,#8946,#8947,#8948,#8949,#8950,#8951,#8952),
 .UNSPECIFIED.,.F.,.F.,(4,3,3,3,3,3,3,3,3,3,3,3,3,3,3,3,3,3,3,3,3,3,3,3,
3,4),(0.,0.0625000000000008,0.121366195099825,0.125000000000002,0.1819371604199,
0.218750000000004,0.235153322789521,0.250000000000005,0.30570996786483,
0.360214464023439,0.414066081442174,0.466985996633856,0.500000000000004,
0.554687500000004,0.605768878742317,0.656219306289123,0.705814723086111,
0.718750000000003,0.73275151282713,0.746829699462846,0.750000000000004,
0.804022168237976,0.857234638170225,0.909994918662595,0.962076064485012,
0.999999998239331),.UNSPECIFIED.);
#960=B_SPLINE_CURVE_WITH_KNOTS('',3,(#9033,#9034,#9035,#9036,#9037,#9038,
#9039,#9040,#9041,#9042,#9043,#9044,#9045,#9046,#9047,#9048,#9049,#9050,
#9051,#9052,#9053,#9054,#9055,#9056,#9057,#9058,#9059,#9060,#9061,#9062,
#9063,#9064,#9065,#9066,#9067,#9068,#9069,#9070,#9071,#9072,#9073,#9074,
#9075,#9076,#9077,#9078,#9079,#9080,#9081,#9082,#9083,#9084,#9085,#9086,
#9087,#9088,#9089,#9090,#9091,#9092,#9093,#9094,#9095,#9096,#9097,#9098,
#9099,#9100,#9101,#9102,#9103,#9104,#9105,#9106,#9107,#9108),
 .UNSPECIFIED.,.F.,.F.,(4,3,3,3,3,3,3,3,3,3,3,3,3,3,3,3,3,3,3,3,3,3,3,3,
3,4),(0.,0.0570951268967027,0.11242954532681,0.12499999999997,0.178908486279729,
0.187499999999958,0.218749999999952,0.234374999999948,0.242187499999948,
0.248023346992733,0.249999999999947,0.309248152975747,0.36587962569131,
0.374999999999923,0.429372893569816,0.437499999999917,0.468749999999914,
0.484374999999916,0.494230478305688,0.499999999999917,0.580922120520154,
0.666457072909705,0.758166645086176,0.850386882009724,0.940254443841355,
1.),.UNSPECIFIED.);
#961=B_SPLINE_CURVE_WITH_KNOTS('',3,(#9109,#9110,#9111,#9112,#9113,#9114,
#9115,#9116,#9117,#9118,#9119,#9120,#9121,#9122,#9123,#9124,#9125,#9126,
#9127,#9128,#9129,#9130,#9131,#9132,#9133,#9134,#9135,#9136,#9137,#9138,
#9139),.UNSPECIFIED.,.F.,.F.,(4,3,3,3,3,3,3,3,3,3,4),(0.,0.115993744212163,
0.229962348893043,0.342988782693158,0.455356078254139,0.5,0.612286615225944,
0.725499310213329,0.839453042585612,0.955216965241698,1.),.UNSPECIFIED.);
#962=B_SPLINE_CURVE_WITH_KNOTS('',3,(#9216,#9217,#9218,#9219,#9220,#9221,
#9222,#9223,#9224,#9225,#9226,#9227,#9228,#9229,#9230,#9231,#9232,#9233,
#9234,#9235,#9236,#9237,#9238,#9239,#9240,#9241,#9242,#9243,#9244,#9245,
#9246,#9247,#9248,#9249,#9250,#9251,#9252,#9253,#9254,#9255,#9256,#9257,
#9258,#9259,#9260,#9261,#9262,#9263,#9264,#9265,#9266,#9267,#9268,#9269,
#9270,#9271,#9272,#9273,#9274,#9275,#9276,#9277,#9278,#9279,#9280,#9281,
#9282,#9283,#9284,#9285,#9286,#9287,#9288),.UNSPECIFIED.,.F.,.F.,(4,3,3,
3,3,3,3,3,3,3,3,3,3,3,3,3,3,3,3,3,3,3,3,3,4),(0.000121659354899603,0.0718531010150752,
0.125000000000016,0.187500000000023,0.218750000000028,0.23437500000003,
0.250000000000032,0.331610540211833,0.375000000000028,0.437500000000022,
0.468750000000019,0.486464054696028,0.500000000000016,0.565961487962703,
0.625000000000002,0.687499999999992,0.718749999999987,0.734374999999987,
0.743647414002647,0.749999999999987,0.803361550097846,0.857720428737698,
0.912869009816661,0.969739702936486,1.),.UNSPECIFIED.);
#963=B_SPLINE_CURVE_WITH_KNOTS('',3,(#9365,#9366,#9367,#9368,#9369,#9370,
#9371,#9372,#9373,#9374,#9375,#9376,#9377,#9378,#9379,#9380,#9381,#9382,
#9383,#9384,#9385,#9386,#9387,#9388,#9389,#9390,#9391,#9392,#9393,#9394,
#9395,#9396,#9397,#9398,#9399,#9400,#9401,#9402,#9403,#9404,#9405,#9406,
#9407,#9408,#9409,#9410,#9411,#9412,#9413,#9414,#9415,#9416,#9417,#9418,
#9419,#9420,#9421,#9422,#9423,#9424,#9425,#9426,#9427,#9428,#9429,#9430,
#9431,#9432,#9433,#9434,#9435,#9436,#9437,#9438,#9439,#9440,#9441,#9442,
#9443,#9444,#9445,#9446,#9447,#9448,#9449,#9450,#9451,#9452,#9453,#9454,
#9455,#9456,#9457,#9458,#9459,#9460,#9461,#9462,#9463,#9464,#9465,#9466,
#9467,#9468,#9469,#9470,#9471,#9472,#9473),.UNSPECIFIED.,.F.,.F.,(4,3,3,
3,3,3,3,3,3,3,3,3,3,3,3,3,3,3,3,3,3,3,3,3,3,3,3,3,3,3,3,3,3,3,3,3,4),(1.92793439472854E-10,
0.0381365974998547,0.0625000000000006,0.100921391186391,0.125000000000001,
0.144259948542198,0.156078314345648,0.169672180537336,0.187500000000001,
0.218750000000001,0.232378824683793,0.245939554822836,0.250000000000001,
0.283284596205818,0.296675571958402,0.330365729524308,0.36406006521465,
0.371713525113396,0.375000000000002,0.420408701433253,0.446143054121709,
0.49251629279143,0.500000000000003,0.520476488795533,0.562029547747084,
0.593146809778437,0.625000000000004,0.682757946851597,0.718750000000005,
0.733672495417899,0.750000000000005,0.811048264588624,0.868737846470026,
0.872096529177242,0.929855169172992,0.985990810104067,1.),.UNSPECIFIED.);
#964=B_SPLINE_CURVE_WITH_KNOTS('',3,(#9474,#9475,#9476,#9477,#9478,#9479,
#9480,#9481,#9482,#9483,#9484,#9485,#9486,#9487,#9488,#9489,#9490,#9491,
#9492,#9493,#9494,#9495,#9496,#9497,#9498,#9499,#9500,#9501,#9502,#9503,
#9504,#9505,#9506,#9507,#9508,#9509,#9510,#9511,#9512,#9513,#9514,#9515,
#9516,#9517,#9518,#9519,#9520,#9521,#9522,#9523,#9524,#9525,#9526,#9527,
#9528,#9529,#9530,#9531,#9532,#9533,#9534,#9535,#9536,#9537,#9538,#9539,
#9540,#9541,#9542,#9543,#9544,#9545,#9546,#9547,#9548,#9549),
 .UNSPECIFIED.,.F.,.F.,(4,3,3,3,3,3,3,3,3,3,3,3,3,3,3,3,3,3,3,3,3,3,3,3,
3,4),(0.,0.0624999999999994,0.121366195112647,0.124999999999999,0.181937160462848,
0.218749999999999,0.235153322735949,0.249999999999999,0.305709968125974,
0.360214464493141,0.41406608208778,0.466985997405157,0.500000000000002,
0.554687500000002,0.605768878779441,0.65621930636114,0.705814723201809,
0.718750000000001,0.732770849702969,0.746867853120506,0.750000000000001,
0.804048713063659,0.857290480337682,0.910081429581406,0.962195656903795,
0.999999991569319),.UNSPECIFIED.);
#965=B_SPLINE_CURVE_WITH_KNOTS('',3,(#9560,#9561,#9562,#9563,#9564,#9565,
#9566,#9567,#9568,#9569,#9570,#9571,#9572,#9573,#9574,#9575,#9576,#9577,
#9578,#9579),.UNSPECIFIED.,.F.,.F.,(4,2,2,2,2,2,2,2,2,4),(0.,0.247014924010449,
0.37350499221445,0.499995060418451,0.626485128622452,0.689730162724452,
0.752975196826453,0.816220230928453,0.879465265030454,1.),.UNSPECIFIED.);
#966=B_SPLINE_CURVE_WITH_KNOTS('',3,(#9582,#9583,#9584,#9585),
 .UNSPECIFIED.,.F.,.F.,(4,4),(9.91258312279885E-9,1.),.UNSPECIFIED.);
#967=B_SPLINE_CURVE_WITH_KNOTS('',3,(#9591,#9592,#9593,#9594,#9595,#9596,
#9597,#9598,#9599,#9600,#9601,#9602,#9603,#9604,#9605,#9606,#9607,#9608,
#9609,#9610),.UNSPECIFIED.,.F.,.F.,(4,2,2,2,2,2,2,2,2,4),(0.,0.120502687481125,
0.247006696437883,0.310258700916261,0.37351070539464,0.436762709873019,
0.500014714351397,0.626518723308155,0.753022732264912,1.),.UNSPECIFIED.);
#968=B_SPLINE_CURVE_WITH_KNOTS('',3,(#9698,#9699,#9700,#9701,#9702,#9703,
#9704,#9705,#9706,#9707,#9708,#9709,#9710,#9711,#9712,#9713,#9714,#9715,
#9716,#9717,#9718,#9719,#9720,#9721,#9722,#9723,#9724,#9725,#9726,#9727,
#9728,#9729,#9730,#9731,#9732,#9733,#9734,#9735,#9736,#9737,#9738,#9739,
#9740,#9741,#9742,#9743,#9744,#9745,#9746,#9747,#9748,#9749,#9750,#9751,
#9752,#9753,#9754,#9755,#9756,#9757,#9758,#9759,#9760,#9761,#9762,#9763,
#9764,#9765,#9766,#9767,#9768,#9769,#9770),.UNSPECIFIED.,.F.,.F.,(4,3,3,
3,3,3,3,3,3,3,3,3,3,3,3,3,3,3,3,3,3,3,3,3,4),(7.60145029312624E-5,0.0717068662812576,
0.125000000000033,0.187500000000045,0.218750000000049,0.234375000000052,
0.250000000000054,0.331658596394723,0.375000000000037,0.437500000000032,
0.468750000000035,0.486401744645535,0.500000000000037,0.56586498411073,
0.625000000000033,0.687500000000032,0.718750000000031,0.73437500000003,
0.743642757379966,0.750000000000028,0.803362246874979,0.857721825952122,
0.912871116568146,0.969742510492863,1.),.UNSPECIFIED.);
#969=B_SPLINE_CURVE_WITH_KNOTS('',3,(#9771,#9772,#9773,#9774,#9775,#9776,
#9777,#9778,#9779,#9780,#9781,#9782,#9783,#9784,#9785,#9786,#9787,#9788,
#9789,#9790,#9791,#9792,#9793,#9794,#9795,#9796,#9797,#9798,#9799,#9800,
#9801),.UNSPECIFIED.,.F.,.F.,(4,3,3,3,3,3,3,3,3,3,4),(0.,0.116012373263772,
0.230000870835242,0.343047867013164,0.455436572612607,0.5,0.612313724447425,
0.725553705963326,0.839534875613193,0.95532559549127,1.),.UNSPECIFIED.);
#970=B_SPLINE_CURVE_WITH_KNOTS('',3,(#9862,#9863,#9864,#9865,#9866,#9867,
#9868,#9869,#9870,#9871,#9872,#9873,#9874,#9875,#9876,#9877,#9878,#9879,
#9880,#9881,#9882,#9883,#9884,#9885,#9886,#9887,#9888,#9889,#9890,#9891,
#9892,#9893,#9894,#9895,#9896,#9897,#9898,#9899,#9900,#9901,#9902,#9903,
#9904,#9905,#9906,#9907,#9908,#9909,#9910,#9911,#9912,#9913,#9914,#9915,
#9916,#9917,#9918,#9919,#9920,#9921,#9922,#9923,#9924,#9925,#9926,#9927,
#9928,#9929,#9930,#9931,#9932,#9933,#9934,#9935,#9936,#9937),
 .UNSPECIFIED.,.F.,.F.,(4,3,3,3,3,3,3,3,3,3,3,3,3,3,3,3,3,3,3,3,3,3,3,3,
3,4),(0.,0.0570957947657304,0.112430886727696,0.125000000000159,0.178909179374959,
0.187500000000236,0.218750000000276,0.234375000000296,0.242187500000305,
0.248023409495308,0.250000000000313,0.309248998875148,0.365881321420073,
0.37500000000029,0.429373777672107,0.437500000000279,0.46875000000027,0.484375000000261,
0.494224398553987,0.500000000000252,0.581528508399557,0.667807576744778,
0.760522326567435,0.853766361556125,0.944462682069479,1.),.UNSPECIFIED.);
#971=LINE('',#5563,#1328);
#972=LINE('',#5587,#1329);
#973=LINE('',#5591,#1330);
#974=LINE('',#5593,#1331);
#975=LINE('',#5595,#1332);
#976=LINE('',#5597,#1333);
#977=LINE('',#5599,#1334);
#978=LINE('',#5601,#1335);
#979=LINE('',#5603,#1336);
#980=LINE('',#5605,#1337);
#981=LINE('',#5607,#1338);
#982=LINE('',#5609,#1339);
#983=LINE('',#5611,#1340);
#984=LINE('',#5612,#1341);
#985=LINE('',#5619,#1342);
#986=LINE('',#5624,#1343);
#987=LINE('',#5628,#1344);
#988=LINE('',#5630,#1345);
#989=LINE('',#5632,#1346);
#990=LINE('',#5634,#1347);
#991=LINE('',#5636,#1348);
#992=LINE('',#5638,#1349);
#993=LINE('',#5648,#1350);
#994=LINE('',#5658,#1351);
#995=LINE('',#5659,#1352);
#996=LINE('',#5676,#1353);
#997=LINE('',#5678,#1354);
#998=LINE('',#5679,#1355);
#999=LINE('',#5682,#1356);
#1000=LINE('',#5684,#1357);
#1001=LINE('',#5686,#1358);
#1002=LINE('',#5688,#1359);
#1003=LINE('',#5690,#1360);
#1004=LINE('',#5691,#1361);
#1005=LINE('',#5709,#1362);
#1006=LINE('',#5748,#1363);
#1007=LINE('',#5752,#1364);
#1008=LINE('',#5753,#1365);
#1009=LINE('',#5754,#1366);
#1010=LINE('',#5772,#1367);
#1011=LINE('',#5855,#1368);
#1012=LINE('',#5856,#1369);
#1013=LINE('',#5857,#1370);
#1014=LINE('',#5861,#1371);
#1015=LINE('',#5862,#1372);
#1016=LINE('',#5864,#1373);
#1017=LINE('',#5866,#1374);
#1018=LINE('',#5868,#1375);
#1019=LINE('',#5870,#1376);
#1020=LINE('',#5875,#1377);
#1021=LINE('',#5876,#1378);
#1022=LINE('',#5877,#1379);
#1023=LINE('',#5881,#1380);
#1024=LINE('',#5883,#1381);
#1025=LINE('',#5885,#1382);
#1026=LINE('',#5886,#1383);
#1027=LINE('',#5891,#1384);
#1028=LINE('',#5897,#1385);
#1029=LINE('',#5901,#1386);
#1030=LINE('',#5903,#1387);
#1031=LINE('',#5905,#1388);
#1032=LINE('',#5910,#1389);
#1033=LINE('',#5912,#1390);
#1034=LINE('',#5914,#1391);
#1035=LINE('',#5916,#1392);
#1036=LINE('',#5918,#1393);
#1037=LINE('',#5919,#1394);
#1038=LINE('',#5921,#1395);
#1039=LINE('',#5923,#1396);
#1040=LINE('',#5925,#1397);
#1041=LINE('',#5926,#1398);
#1042=LINE('',#6022,#1399);
#1043=LINE('',#6023,#1400);
#1044=LINE('',#6025,#1401);
#1045=LINE('',#6027,#1402);
#1046=LINE('',#6029,#1403);
#1047=LINE('',#6031,#1404);
#1048=LINE('',#6033,#1405);
#1049=LINE('',#6035,#1406);
#1050=LINE('',#6037,#1407);
#1051=LINE('',#6039,#1408);
#1052=LINE('',#6043,#1409);
#1053=LINE('',#6049,#1410);
#1054=LINE('',#6051,#1411);
#1055=LINE('',#6053,#1412);
#1056=LINE('',#6057,#1413);
#1057=LINE('',#6059,#1414);
#1058=LINE('',#6061,#1415);
#1059=LINE('',#6065,#1416);
#1060=LINE('',#6066,#1417);
#1061=LINE('',#6067,#1418);
#1062=LINE('',#6350,#1419);
#1063=LINE('',#6354,#1420);
#1064=LINE('',#6356,#1421);
#1065=LINE('',#6358,#1422);
#1066=LINE('',#6362,#1423);
#1067=LINE('',#6364,#1424);
#1068=LINE('',#6366,#1425);
#1069=LINE('',#6368,#1426);
#1070=LINE('',#6370,#1427);
#1071=LINE('',#6372,#1428);
#1072=LINE('',#6374,#1429);
#1073=LINE('',#6376,#1430);
#1074=LINE('',#6378,#1431);
#1075=LINE('',#6380,#1432);
#1076=LINE('',#6382,#1433);
#1077=LINE('',#6386,#1434);
#1078=LINE('',#6390,#1435);
#1079=LINE('',#6394,#1436);
#1080=LINE('',#6397,#1437);
#1081=LINE('',#6399,#1438);
#1082=LINE('',#6403,#1439);
#1083=LINE('',#6407,#1440);
#1084=LINE('',#6409,#1441);
#1085=LINE('',#6410,#1442);
#1086=LINE('',#6414,#1443);
#1087=LINE('',#6416,#1444);
#1088=LINE('',#6417,#1445);
#1089=LINE('',#6426,#1446);
#1090=LINE('',#6427,#1447);
#1091=LINE('',#6500,#1448);
#1092=LINE('',#6504,#1449);
#1093=LINE('',#6508,#1450);
#1094=LINE('',#6509,#1451);
#1095=LINE('',#6511,#1452);
#1096=LINE('',#6513,#1453);
#1097=LINE('',#6514,#1454);
#1098=LINE('',#7417,#1455);
#1099=LINE('',#7423,#1456);
#1100=LINE('',#7429,#1457);
#1101=LINE('',#7435,#1458);
#1102=LINE('',#7439,#1459);
#1103=LINE('',#7522,#1460);
#1104=LINE('',#7527,#1461);
#1105=LINE('',#7529,#1462);
#1106=LINE('',#7532,#1463);
#1107=LINE('',#7536,#1464);
#1108=LINE('',#7541,#1465);
#1109=LINE('',#7544,#1466);
#1110=LINE('',#7550,#1467);
#1111=LINE('',#7551,#1468);
#1112=LINE('',#7554,#1469);
#1113=LINE('',#7556,#1470);
#1114=LINE('',#7559,#1471);
#1115=LINE('',#7564,#1472);
#1116=LINE('',#7569,#1473);
#1117=LINE('',#7582,#1474);
#1118=LINE('',#7592,#1475);
#1119=LINE('',#7653,#1476);
#1120=LINE('',#7689,#1477);
#1121=LINE('',#7694,#1478);
#1122=LINE('',#7699,#1479);
#1123=LINE('',#7703,#1480);
#1124=LINE('',#7707,#1481);
#1125=LINE('',#7747,#1482);
#1126=LINE('',#7781,#1483);
#1127=LINE('',#7787,#1484);
#1128=LINE('',#7793,#1485);
#1129=LINE('',#7799,#1486);
#1130=LINE('',#7805,#1487);
#1131=LINE('',#7871,#1488);
#1132=LINE('',#7937,#1489);
#1133=LINE('',#8016,#1490);
#1134=LINE('',#8018,#1491);
#1135=LINE('',#8020,#1492);
#1136=LINE('',#8022,#1493);
#1137=LINE('',#8024,#1494);
#1138=LINE('',#8025,#1495);
#1139=LINE('',#8027,#1496);
#1140=LINE('',#8029,#1497);
#1141=LINE('',#8030,#1498);
#1142=LINE('',#8033,#1499);
#1143=LINE('',#8035,#1500);
#1144=LINE('',#8036,#1501);
#1145=LINE('',#8040,#1502);
#1146=LINE('',#8041,#1503);
#1147=LINE('',#8042,#1504);
#1148=LINE('',#8045,#1505);
#1149=LINE('',#8046,#1506);
#1150=LINE('',#8049,#1507);
#1151=LINE('',#8051,#1508);
#1152=LINE('',#8053,#1509);
#1153=LINE('',#8054,#1510);
#1154=LINE('',#8057,#1511);
#1155=LINE('',#8058,#1512);
#1156=LINE('',#8061,#1513);
#1157=LINE('',#8063,#1514);
#1158=LINE('',#8064,#1515);
#1159=LINE('',#8100,#1516);
#1160=LINE('',#8134,#1517);
#1161=LINE('',#8168,#1518);
#1162=LINE('',#8205,#1519);
#1163=LINE('',#8235,#1520);
#1164=LINE('',#8324,#1521);
#1165=LINE('',#8370,#1522);
#1166=LINE('',#8402,#1523);
#1167=LINE('',#8408,#1524);
#1168=LINE('',#8409,#1525);
#1169=LINE('',#8410,#1526);
#1170=LINE('',#8413,#1527);
#1171=LINE('',#8416,#1528);
#1172=LINE('',#8418,#1529);
#1173=LINE('',#8422,#1530);
#1174=LINE('',#8424,#1531);
#1175=LINE('',#8425,#1532);
#1176=LINE('',#8426,#1533);
#1177=LINE('',#8428,#1534);
#1178=LINE('',#8431,#1535);
#1179=LINE('',#8432,#1536);
#1180=LINE('',#8434,#1537);
#1181=LINE('',#8435,#1538);
#1182=LINE('',#8437,#1539);
#1183=LINE('',#8438,#1540);
#1184=LINE('',#8442,#1541);
#1185=LINE('',#8444,#1542);
#1186=LINE('',#8446,#1543);
#1187=LINE('',#8448,#1544);
#1188=LINE('',#8450,#1545);
#1189=LINE('',#8451,#1546);
#1190=LINE('',#8452,#1547);
#1191=LINE('',#8455,#1548);
#1192=LINE('',#8457,#1549);
#1193=LINE('',#8458,#1550);
#1194=LINE('',#8461,#1551);
#1195=LINE('',#8463,#1552);
#1196=LINE('',#8464,#1553);
#1197=LINE('',#8466,#1554);
#1198=LINE('',#8467,#1555);
#1199=LINE('',#8470,#1556);
#1200=LINE('',#8471,#1557);
#1201=LINE('',#8472,#1558);
#1202=LINE('',#8474,#1559);
#1203=LINE('',#8476,#1560);
#1204=LINE('',#8478,#1561);
#1205=LINE('',#8481,#1562);
#1206=LINE('',#8487,#1563);
#1207=LINE('',#8489,#1564);
#1208=LINE('',#8491,#1565);
#1209=LINE('',#8493,#1566);
#1210=LINE('',#8495,#1567);
#1211=LINE('',#8496,#1568);
#1212=LINE('',#8497,#1569);
#1213=LINE('',#8498,#1570);
#1214=LINE('',#8503,#1571);
#1215=LINE('',#8506,#1572);
#1216=LINE('',#8507,#1573);
#1217=LINE('',#8510,#1574);
#1218=LINE('',#8513,#1575);
#1219=LINE('',#8516,#1576);
#1220=LINE('',#8521,#1577);
#1221=LINE('',#8523,#1578);
#1222=LINE('',#8524,#1579);
#1223=LINE('',#8526,#1580);
#1224=LINE('',#8529,#1581);
#1225=LINE('',#8530,#1582);
#1226=LINE('',#8538,#1583);
#1227=LINE('',#8540,#1584);
#1228=LINE('',#8541,#1585);
#1229=LINE('',#8542,#1586);
#1230=LINE('',#8545,#1587);
#1231=LINE('',#8546,#1588);
#1232=LINE('',#8551,#1589);
#1233=LINE('',#8555,#1590);
#1234=LINE('',#8562,#1591);
#1235=LINE('',#8564,#1592);
#1236=LINE('',#8566,#1593);
#1237=LINE('',#8571,#1594);
#1238=LINE('',#8577,#1595);
#1239=LINE('',#8580,#1596);
#1240=LINE('',#8582,#1597);
#1241=LINE('',#8584,#1598);
#1242=LINE('',#8587,#1599);
#1243=LINE('',#8592,#1600);
#1244=LINE('',#8593,#1601);
#1245=LINE('',#8594,#1602);
#1246=LINE('',#8597,#1603);
#1247=LINE('',#8599,#1604);
#1248=LINE('',#8600,#1605);
#1249=LINE('',#8604,#1606);
#1250=LINE('',#8605,#1607);
#1251=LINE('',#8606,#1608);
#1252=LINE('',#8608,#1609);
#1253=LINE('',#8609,#1610);
#1254=LINE('',#8613,#1611);
#1255=LINE('',#8614,#1612);
#1256=LINE('',#8615,#1613);
#1257=LINE('',#8621,#1614);
#1258=LINE('',#8646,#1615);
#1259=LINE('',#8650,#1616);
#1260=LINE('',#8651,#1617);
#1261=LINE('',#8652,#1618);
#1262=LINE('',#8654,#1619);
#1263=LINE('',#8656,#1620);
#1264=LINE('',#8657,#1621);
#1265=LINE('',#8660,#1622);
#1266=LINE('',#8661,#1623);
#1267=LINE('',#8664,#1624);
#1268=LINE('',#8665,#1625);
#1269=LINE('',#8668,#1626);
#1270=LINE('',#8669,#1627);
#1271=LINE('',#8670,#1628);
#1272=LINE('',#8672,#1629);
#1273=LINE('',#8674,#1630);
#1274=LINE('',#8703,#1631);
#1275=LINE('',#8704,#1632);
#1276=LINE('',#8706,#1633);
#1277=LINE('',#8709,#1634);
#1278=LINE('',#8732,#1635);
#1279=LINE('',#8738,#1636);
#1280=LINE('',#8739,#1637);
#1281=LINE('',#8743,#1638);
#1282=LINE('',#8744,#1639);
#1283=LINE('',#8745,#1640);
#1284=LINE('',#8747,#1641);
#1285=LINE('',#8750,#1642);
#1286=LINE('',#8757,#1643);
#1287=LINE('',#8758,#1644);
#1288=LINE('',#8761,#1645);
#1289=LINE('',#8762,#1646);
#1290=LINE('',#8763,#1647);
#1291=LINE('',#8766,#1648);
#1292=LINE('',#8954,#1649);
#1293=LINE('',#8958,#1650);
#1294=LINE('',#8961,#1651);
#1295=LINE('',#8964,#1652);
#1296=LINE('',#8965,#1653);
#1297=LINE('',#8968,#1654);
#1298=LINE('',#8971,#1655);
#1299=LINE('',#9155,#1656);
#1300=LINE('',#9290,#1657);
#1301=LINE('',#9340,#1658);
#1302=LINE('',#9342,#1659);
#1303=LINE('',#9345,#1660);
#1304=LINE('',#9346,#1661);
#1305=LINE('',#9349,#1662);
#1306=LINE('',#9353,#1663);
#1307=LINE('',#9357,#1664);
#1308=LINE('',#9362,#1665);
#1309=LINE('',#9552,#1666);
#1310=LINE('',#9553,#1667);
#1311=LINE('',#9555,#1668);
#1312=LINE('',#9580,#1669);
#1313=LINE('',#9581,#1670);
#1314=LINE('',#9587,#1671);
#1315=LINE('',#9590,#1672);
#1316=LINE('',#9612,#1673);
#1317=LINE('',#9616,#1674);
#1318=LINE('',#9620,#1675);
#1319=LINE('',#9622,#1676);
#1320=LINE('',#9623,#1677);
#1321=LINE('',#9625,#1678);
#1322=LINE('',#9626,#1679);
#1323=LINE('',#9629,#1680);
#1324=LINE('',#9632,#1681);
#1325=LINE('',#9634,#1682);
#1326=LINE('',#9637,#1683);
#1327=LINE('',#9939,#1684);
#1328=VECTOR('',#4443,10.);
#1329=VECTOR('',#4448,1.90000000000001);
#1330=VECTOR('',#4451,1000.);
#1331=VECTOR('',#4452,1000.);
#1332=VECTOR('',#4453,1000.);
#1333=VECTOR('',#4454,1000.);
#1334=VECTOR('',#4455,1000.);
#1335=VECTOR('',#4456,1000.);
#1336=VECTOR('',#4457,1000.);
#1337=VECTOR('',#4458,1000.);
#1338=VECTOR('',#4459,1000.);
#1339=VECTOR('',#4460,1000.);
#1340=VECTOR('',#4461,1000.);
#1341=VECTOR('',#4462,1000.);
#1342=VECTOR('',#4469,3.02792708289858);
#1343=VECTOR('',#4474,10.);
#1344=VECTOR('',#4477,10.);
#1345=VECTOR('',#4478,10.);
#1346=VECTOR('',#4479,10.);
#1347=VECTOR('',#4480,10.);
#1348=VECTOR('',#4481,10.);
#1349=VECTOR('',#4482,1000.);
#1350=VECTOR('',#4491,1000.);
#1351=VECTOR('',#4500,10.);
#1352=VECTOR('',#4501,10.);
#1353=VECTOR('',#4510,1000.);
#1354=VECTOR('',#4511,1000.);
#1355=VECTOR('',#4512,1000.);
#1356=VECTOR('',#4515,1000.);
#1357=VECTOR('',#4516,1000.);
#1358=VECTOR('',#4517,1000.);
#1359=VECTOR('',#4518,1000.);
#1360=VECTOR('',#4519,1000.);
#1361=VECTOR('',#4520,1000.);
#1362=VECTOR('',#4525,1000.);
#1363=VECTOR('',#4532,1000.);
#1364=VECTOR('',#4535,1000.);
#1365=VECTOR('',#4536,1000.);
#1366=VECTOR('',#4537,10.);
#1367=VECTOR('',#4542,1000.);
#1368=VECTOR('',#4555,1000.);
#1369=VECTOR('',#4556,1000.);
#1370=VECTOR('',#4557,1000.);
#1371=VECTOR('',#4560,1000.);
#1372=VECTOR('',#4561,1000.);
#1373=VECTOR('',#4562,1000.);
#1374=VECTOR('',#4563,1000.);
#1375=VECTOR('',#4564,10.);
#1376=VECTOR('',#4565,1000.);
#1377=VECTOR('',#4570,1000.);
#1378=VECTOR('',#4571,1000.);
#1379=VECTOR('',#4572,1000.);
#1380=VECTOR('',#4575,1000.);
#1381=VECTOR('',#4576,1000.);
#1382=VECTOR('',#4577,1000.);
#1383=VECTOR('',#4578,1000.);
#1384=VECTOR('',#4583,1.70708537483436);
#1385=VECTOR('',#4590,1.70708537483378);
#1386=VECTOR('',#4595,1000.);
#1387=VECTOR('',#4596,1000.);
#1388=VECTOR('',#4597,1000.);
#1389=VECTOR('',#4602,1000.);
#1390=VECTOR('',#4603,1000.);
#1391=VECTOR('',#4604,1000.);
#1392=VECTOR('',#4605,1000.);
#1393=VECTOR('',#4606,1000.);
#1394=VECTOR('',#4607,10.);
#1395=VECTOR('',#4608,1000.);
#1396=VECTOR('',#4609,1000.);
#1397=VECTOR('',#4610,1000.);
#1398=VECTOR('',#4611,1000.);
#1399=VECTOR('',#4622,10.);
#1400=VECTOR('',#4623,10.);
#1401=VECTOR('',#4624,10.);
#1402=VECTOR('',#4625,10.);
#1403=VECTOR('',#4626,10.);
#1404=VECTOR('',#4627,10.);
#1405=VECTOR('',#4628,10.);
#1406=VECTOR('',#4629,10.);
#1407=VECTOR('',#4630,10.);
#1408=VECTOR('',#4631,10.);
#1409=VECTOR('',#4634,10.);
#1410=VECTOR('',#4639,10.);
#1411=VECTOR('',#4640,10.);
#1412=VECTOR('',#4641,10.);
#1413=VECTOR('',#4644,10.);
#1414=VECTOR('',#4645,1000.);
#1415=VECTOR('',#4646,10.);
#1416=VECTOR('',#4649,10.);
#1417=VECTOR('',#4650,10.);
#1418=VECTOR('',#4651,10.);
#1419=VECTOR('',#4654,1000.);
#1420=VECTOR('',#4657,1000.);
#1421=VECTOR('',#4658,1000.);
#1422=VECTOR('',#4659,1000.);
#1423=VECTOR('',#4662,1000.);
#1424=VECTOR('',#4663,1000.);
#1425=VECTOR('',#4664,1000.);
#1426=VECTOR('',#4665,1000.);
#1427=VECTOR('',#4666,1000.);
#1428=VECTOR('',#4667,1000.);
#1429=VECTOR('',#4668,1000.);
#1430=VECTOR('',#4669,1000.);
#1431=VECTOR('',#4670,1000.);
#1432=VECTOR('',#4671,1000.);
#1433=VECTOR('',#4672,1000.);
#1434=VECTOR('',#4675,1000.);
#1435=VECTOR('',#4678,1000.);
#1436=VECTOR('',#4681,1000.);
#1437=VECTOR('',#4684,1000.);
#1438=VECTOR('',#4685,1000.);
#1439=VECTOR('',#4688,1000.);
#1440=VECTOR('',#4691,1000.);
#1441=VECTOR('',#4692,1000.);
#1442=VECTOR('',#4693,1000.);
#1443=VECTOR('',#4696,1000.);
#1444=VECTOR('',#4697,1000.);
#1445=VECTOR('',#4698,1000.);
#1446=VECTOR('',#4707,1000.);
#1447=VECTOR('',#4708,1000.);
#1448=VECTOR('',#4711,1000.);
#1449=VECTOR('',#4714,1000.);
#1450=VECTOR('',#4717,1000.);
#1451=VECTOR('',#4718,1000.);
#1452=VECTOR('',#4721,1000.);
#1453=VECTOR('',#4722,1000.);
#1454=VECTOR('',#4723,1000.);
#1455=VECTOR('',#4758,3.00000000000103);
#1456=VECTOR('',#4765,2.9999999999999);
#1457=VECTOR('',#4772,2.99999999999959);
#1458=VECTOR('',#4779,1.70708537483491);
#1459=VECTOR('',#4784,1.05);
#1460=VECTOR('',#4789,6.60083704849012);
#1461=VECTOR('',#4796,2.49999999999948);
#1462=VECTOR('',#4799,2.49999999999794);
#1463=VECTOR('',#4802,1.52381910419258);
#1464=VECTOR('',#4807,1.52381910419215);
#1465=VECTOR('',#4814,0.76570853748209);
#1466=VECTOR('',#4817,1000.);
#1467=VECTOR('',#4824,1000.);
#1468=VECTOR('',#4825,1000.);
#1469=VECTOR('',#4828,1000.);
#1470=VECTOR('',#4829,10.);
#1471=VECTOR('',#4832,1000.);
#1472=VECTOR('',#4837,4.15);
#1473=VECTOR('',#4844,2.49999999999825);
#1474=VECTOR('',#4849,3.32905468782626);
#1475=VECTOR('',#4854,4.015);
#1476=VECTOR('',#4857,1.25);
#1477=VECTOR('',#4864,3.0999999999658);
#1478=VECTOR('',#4871,1.74999999984993);
#1479=VECTOR('',#4878,2.1);
#1480=VECTOR('',#4883,1.51);
#1481=VECTOR('',#4886,1000.);
#1482=VECTOR('',#4887,1000.);
#1483=VECTOR('',#4888,1000.);
#1484=VECTOR('',#4893,1000.);
#1485=VECTOR('',#4898,1000.);
#1486=VECTOR('',#4903,1000.);
#1487=VECTOR('',#4908,1000.);
#1488=VECTOR('',#4909,1000.);
#1489=VECTOR('',#4910,1000.);
#1490=VECTOR('',#4911,1000.);
#1491=VECTOR('',#4912,1000.);
#1492=VECTOR('',#4913,1000.);
#1493=VECTOR('',#4914,1000.);
#1494=VECTOR('',#4915,1000.);
#1495=VECTOR('',#4916,1000.);
#1496=VECTOR('',#4917,1000.);
#1497=VECTOR('',#4918,1000.);
#1498=VECTOR('',#4919,1000.);
#1499=VECTOR('',#4922,1000.);
#1500=VECTOR('',#4923,1000.);
#1501=VECTOR('',#4924,1000.);
#1502=VECTOR('',#4927,1000.);
#1503=VECTOR('',#4928,1000.);
#1504=VECTOR('',#4929,1000.);
#1505=VECTOR('',#4932,1000.);
#1506=VECTOR('',#4933,1000.);
#1507=VECTOR('',#4936,1000.);
#1508=VECTOR('',#4937,1000.);
#1509=VECTOR('',#4938,1000.);
#1510=VECTOR('',#4939,1000.);
#1511=VECTOR('',#4942,1000.);
#1512=VECTOR('',#4943,1000.);
#1513=VECTOR('',#4946,1000.);
#1514=VECTOR('',#4947,1000.);
#1515=VECTOR('',#4948,1000.);
#1516=VECTOR('',#4963,1000.);
#1517=VECTOR('',#4976,1000.);
#1518=VECTOR('',#4989,1000.);
#1519=VECTOR('',#4996,1000.);
#1520=VECTOR('',#5003,1000.);
#1521=VECTOR('',#5022,1000.);
#1522=VECTOR('',#5035,1000.);
#1523=VECTOR('',#5046,1000.);
#1524=VECTOR('',#5055,1000.);
#1525=VECTOR('',#5056,1000.);
#1526=VECTOR('',#5057,1000.);
#1527=VECTOR('',#5062,1000.);
#1528=VECTOR('',#5067,1000.);
#1529=VECTOR('',#5070,1000.);
#1530=VECTOR('',#5073,1000.);
#1531=VECTOR('',#5074,1000.);
#1532=VECTOR('',#5075,1000.);
#1533=VECTOR('',#5076,1000.);
#1534=VECTOR('',#5077,1000.);
#1535=VECTOR('',#5082,1000.);
#1536=VECTOR('',#5083,1000.);
#1537=VECTOR('',#5086,1000.);
#1538=VECTOR('',#5087,1000.);
#1539=VECTOR('',#5090,1000.);
#1540=VECTOR('',#5091,1000.);
#1541=VECTOR('',#5096,1000.);
#1542=VECTOR('',#5097,1000.);
#1543=VECTOR('',#5098,1000.);
#1544=VECTOR('',#5099,1000.);
#1545=VECTOR('',#5100,1000.);
#1546=VECTOR('',#5101,1000.);
#1547=VECTOR('',#5102,1000.);
#1548=VECTOR('',#5105,1000.);
#1549=VECTOR('',#5106,1000.);
#1550=VECTOR('',#5107,1000.);
#1551=VECTOR('',#5110,1000.);
#1552=VECTOR('',#5111,1000.);
#1553=VECTOR('',#5112,1000.);
#1554=VECTOR('',#5115,1000.);
#1555=VECTOR('',#5116,1000.);
#1556=VECTOR('',#5119,1000.);
#1557=VECTOR('',#5120,1000.);
#1558=VECTOR('',#5121,1000.);
#1559=VECTOR('',#5122,1000.);
#1560=VECTOR('',#5123,1000.);
#1561=VECTOR('',#5124,1000.);
#1562=VECTOR('',#5129,1000.);
#1563=VECTOR('',#5136,1000.);
#1564=VECTOR('',#5137,1000.);
#1565=VECTOR('',#5138,1000.);
#1566=VECTOR('',#5139,1000.);
#1567=VECTOR('',#5140,1000.);
#1568=VECTOR('',#5141,1000.);
#1569=VECTOR('',#5142,1000.);
#1570=VECTOR('',#5143,1000.);
#1571=VECTOR('',#5150,1000.);
#1572=VECTOR('',#5153,1000.);
#1573=VECTOR('',#5154,1000.);
#1574=VECTOR('',#5157,1000.);
#1575=VECTOR('',#5162,1000.);
#1576=VECTOR('',#5167,1000.);
#1577=VECTOR('',#5174,1000.);
#1578=VECTOR('',#5175,1000.);
#1579=VECTOR('',#5176,1000.);
#1580=VECTOR('',#5179,1000.);
#1581=VECTOR('',#5182,1000.);
#1582=VECTOR('',#5183,1000.);
#1583=VECTOR('',#5190,1000.);
#1584=VECTOR('',#5191,1000.);
#1585=VECTOR('',#5192,1000.);
#1586=VECTOR('',#5193,1000.);
#1587=VECTOR('',#5196,1000.);
#1588=VECTOR('',#5197,1000.);
#1589=VECTOR('',#5202,1000.);
#1590=VECTOR('',#5205,1000.);
#1591=VECTOR('',#5216,1000.);
#1592=VECTOR('',#5219,1000.);
#1593=VECTOR('',#5222,1000.);
#1594=VECTOR('',#5231,1000.);
#1595=VECTOR('',#5240,1000.);
#1596=VECTOR('',#5243,1000.);
#1597=VECTOR('',#5246,1000.);
#1598=VECTOR('',#5249,1000.);
#1599=VECTOR('',#5254,1000.);
#1600=VECTOR('',#5259,1000.);
#1601=VECTOR('',#5260,1000.);
#1602=VECTOR('',#5261,1000.);
#1603=VECTOR('',#5264,1000.);
#1604=VECTOR('',#5265,1000.);
#1605=VECTOR('',#5266,1000.);
#1606=VECTOR('',#5269,1000.);
#1607=VECTOR('',#5270,1000.);
#1608=VECTOR('',#5271,1000.);
#1609=VECTOR('',#5274,1000.);
#1610=VECTOR('',#5275,1000.);
#1611=VECTOR('',#5278,1000.);
#1612=VECTOR('',#5279,1000.);
#1613=VECTOR('',#5280,1000.);
#1614=VECTOR('',#5281,1000.);
#1615=VECTOR('',#5290,1000.);
#1616=VECTOR('',#5293,1000.);
#1617=VECTOR('',#5294,1000.);
#1618=VECTOR('',#5295,1000.);
#1619=VECTOR('',#5298,10.);
#1620=VECTOR('',#5301,10.);
#1621=VECTOR('',#5302,1000.);
#1622=VECTOR('',#5305,1000.);
#1623=VECTOR('',#5306,1000.);
#1624=VECTOR('',#5309,1000.);
#1625=VECTOR('',#5310,1000.);
#1626=VECTOR('',#5313,1000.);
#1627=VECTOR('',#5314,1000.);
#1628=VECTOR('',#5315,1000.);
#1629=VECTOR('',#5318,1000.);
#1630=VECTOR('',#5321,1000.);
#1631=VECTOR('',#5326,1000.);
#1632=VECTOR('',#5327,1000.);
#1633=VECTOR('',#5330,1000.);
#1634=VECTOR('',#5333,1000.);
#1635=VECTOR('',#5336,1000.);
#1636=VECTOR('',#5347,1000.);
#1637=VECTOR('',#5348,1000.);
#1638=VECTOR('',#5353,1000.);
#1639=VECTOR('',#5354,1000.);
#1640=VECTOR('',#5355,1000.);
#1641=VECTOR('',#5358,1000.);
#1642=VECTOR('',#5361,1000.);
#1643=VECTOR('',#5372,1000.);
#1644=VECTOR('',#5373,1000.);
#1645=VECTOR('',#5376,1000.);
#1646=VECTOR('',#5377,1000.);
#1647=VECTOR('',#5378,1000.);
#1648=VECTOR('',#5381,1000.);
#1649=VECTOR('',#5384,1000.);
#1650=VECTOR('',#5389,1000.);
#1651=VECTOR('',#5392,1000.);
#1652=VECTOR('',#5395,1000.);
#1653=VECTOR('',#5396,1000.);
#1654=VECTOR('',#5399,1000.);
#1655=VECTOR('',#5404,1000.);
#1656=VECTOR('',#5411,1000.);
#1657=VECTOR('',#5414,1000.);
#1658=VECTOR('',#5417,1000.);
#1659=VECTOR('',#5420,1000.);
#1660=VECTOR('',#5423,1000.);
#1661=VECTOR('',#5424,1000.);
#1662=VECTOR('',#5427,1000.);
#1663=VECTOR('',#5432,1000.);
#1664=VECTOR('',#5435,1000.);
#1665=VECTOR('',#5440,1000.);
#1666=VECTOR('',#5445,1000.);
#1667=VECTOR('',#5446,1000.);
#1668=VECTOR('',#5449,1000.);
#1669=VECTOR('',#5454,1000.);
#1670=VECTOR('',#5455,1000.);
#1671=VECTOR('',#5458,1000.);
#1672=VECTOR('',#5461,1000.);
#1673=VECTOR('',#5464,1000.);
#1674=VECTOR('',#5471,1000.);
#1675=VECTOR('',#5476,1000.);
#1676=VECTOR('',#5479,1000.);
#1677=VECTOR('',#5480,1000.);
#1678=VECTOR('',#5483,1000.);
#1679=VECTOR('',#5484,1000.);
#1680=VECTOR('',#5489,1000.);
#1681=VECTOR('',#5494,1000.);
#1682=VECTOR('',#5497,1000.);
#1683=VECTOR('',#5502,1000.);
#1684=VECTOR('',#5505,1000.);
#1685=VERTEX_POINT('',#5561);
#1686=VERTEX_POINT('',#5562);
#1687=VERTEX_POINT('',#5585);
#1688=VERTEX_POINT('',#5589);
#1689=VERTEX_POINT('',#5590);
#1690=VERTEX_POINT('',#5592);
#1691=VERTEX_POINT('',#5594);
#1692=VERTEX_POINT('',#5596);
#1693=VERTEX_POINT('',#5598);
#1694=VERTEX_POINT('',#5600);
#1695=VERTEX_POINT('',#5602);
#1696=VERTEX_POINT('',#5604);
#1697=VERTEX_POINT('',#5606);
#1698=VERTEX_POINT('',#5608);
#1699=VERTEX_POINT('',#5610);
#1700=VERTEX_POINT('',#5613);
#1701=VERTEX_POINT('',#5616);
#1702=VERTEX_POINT('',#5618);
#1703=VERTEX_POINT('',#5622);
#1704=VERTEX_POINT('',#5623);
#1705=VERTEX_POINT('',#5625);
#1706=VERTEX_POINT('',#5627);
#1707=VERTEX_POINT('',#5629);
#1708=VERTEX_POINT('',#5631);
#1709=VERTEX_POINT('',#5633);
#1710=VERTEX_POINT('',#5635);
#1711=VERTEX_POINT('',#5637);
#1712=VERTEX_POINT('',#5639);
#1713=VERTEX_POINT('',#5641);
#1714=VERTEX_POINT('',#5643);
#1715=VERTEX_POINT('',#5645);
#1716=VERTEX_POINT('',#5647);
#1717=VERTEX_POINT('',#5649);
#1718=VERTEX_POINT('',#5651);
#1719=VERTEX_POINT('',#5653);
#1720=VERTEX_POINT('',#5655);
#1721=VERTEX_POINT('',#5657);
#1722=VERTEX_POINT('',#5660);
#1723=VERTEX_POINT('',#5663);
#1724=VERTEX_POINT('',#5668);
#1725=VERTEX_POINT('',#5675);
#1726=VERTEX_POINT('',#5677);
#1727=VERTEX_POINT('',#5681);
#1728=VERTEX_POINT('',#5683);
#1729=VERTEX_POINT('',#5685);
#1730=VERTEX_POINT('',#5687);
#1731=VERTEX_POINT('',#5689);
#1732=VERTEX_POINT('',#5693);
#1733=VERTEX_POINT('',#5707);
#1734=VERTEX_POINT('',#5708);
#1735=VERTEX_POINT('',#5710);
#1736=VERTEX_POINT('',#5712);
#1737=VERTEX_POINT('',#5714);
#1738=VERTEX_POINT('',#5716);
#1739=VERTEX_POINT('',#5750);
#1740=VERTEX_POINT('',#5751);
#1741=VERTEX_POINT('',#5767);
#1742=VERTEX_POINT('',#5768);
#1743=VERTEX_POINT('',#5771);
#1744=VERTEX_POINT('',#5773);
#1745=VERTEX_POINT('',#5807);
#1746=VERTEX_POINT('',#5808);
#1747=VERTEX_POINT('',#5813);
#1748=VERTEX_POINT('',#5815);
#1749=VERTEX_POINT('',#5820);
#1750=VERTEX_POINT('',#5822);
#1751=VERTEX_POINT('',#5835);
#1752=VERTEX_POINT('',#5840);
#1753=VERTEX_POINT('',#5853);
#1754=VERTEX_POINT('',#5854);
#1755=VERTEX_POINT('',#5859);
#1756=VERTEX_POINT('',#5860);
#1757=VERTEX_POINT('',#5863);
#1758=VERTEX_POINT('',#5865);
#1759=VERTEX_POINT('',#5867);
#1760=VERTEX_POINT('',#5869);
#1761=VERTEX_POINT('',#5873);
#1762=VERTEX_POINT('',#5874);
#1763=VERTEX_POINT('',#5879);
#1764=VERTEX_POINT('',#5880);
#1765=VERTEX_POINT('',#5882);
#1766=VERTEX_POINT('',#5884);
#1767=VERTEX_POINT('',#5888);
#1768=VERTEX_POINT('',#5890);
#1769=VERTEX_POINT('',#5894);
#1770=VERTEX_POINT('',#5896);
#1771=VERTEX_POINT('',#5900);
#1772=VERTEX_POINT('',#5902);
#1773=VERTEX_POINT('',#5904);
#1774=VERTEX_POINT('',#5908);
#1775=VERTEX_POINT('',#5909);
#1776=VERTEX_POINT('',#5911);
#1777=VERTEX_POINT('',#5913);
#1778=VERTEX_POINT('',#5915);
#1779=VERTEX_POINT('',#5917);
#1780=VERTEX_POINT('',#5920);
#1781=VERTEX_POINT('',#5922);
#1782=VERTEX_POINT('',#5924);
#1783=VERTEX_POINT('',#5928);
#1784=VERTEX_POINT('',#5929);
#1785=VERTEX_POINT('',#5931);
#1786=VERTEX_POINT('',#5935);
#1787=VERTEX_POINT('',#5937);
#1788=VERTEX_POINT('',#5950);
#1789=VERTEX_POINT('',#5955);
#1790=VERTEX_POINT('',#5966);
#1791=VERTEX_POINT('',#5974);
#1792=VERTEX_POINT('',#6021);
#1793=VERTEX_POINT('',#6024);
#1794=VERTEX_POINT('',#6026);
#1795=VERTEX_POINT('',#6028);
#1796=VERTEX_POINT('',#6030);
#1797=VERTEX_POINT('',#6032);
#1798=VERTEX_POINT('',#6034);
#1799=VERTEX_POINT('',#6036);
#1800=VERTEX_POINT('',#6038);
#1801=VERTEX_POINT('',#6040);
#1802=VERTEX_POINT('',#6042);
#1803=VERTEX_POINT('',#6044);
#1804=VERTEX_POINT('',#6046);
#1805=VERTEX_POINT('',#6048);
#1806=VERTEX_POINT('',#6050);
#1807=VERTEX_POINT('',#6052);
#1808=VERTEX_POINT('',#6054);
#1809=VERTEX_POINT('',#6056);
#1810=VERTEX_POINT('',#6058);
#1811=VERTEX_POINT('',#6060);
#1812=VERTEX_POINT('',#6062);
#1813=VERTEX_POINT('',#6064);
#1814=VERTEX_POINT('',#6068);
#1815=VERTEX_POINT('',#6069);
#1816=VERTEX_POINT('',#6349);
#1817=VERTEX_POINT('',#6351);
#1818=VERTEX_POINT('',#6353);
#1819=VERTEX_POINT('',#6355);
#1820=VERTEX_POINT('',#6357);
#1821=VERTEX_POINT('',#6359);
#1822=VERTEX_POINT('',#6361);
#1823=VERTEX_POINT('',#6363);
#1824=VERTEX_POINT('',#6365);
#1825=VERTEX_POINT('',#6367);
#1826=VERTEX_POINT('',#6369);
#1827=VERTEX_POINT('',#6371);
#1828=VERTEX_POINT('',#6373);
#1829=VERTEX_POINT('',#6375);
#1830=VERTEX_POINT('',#6377);
#1831=VERTEX_POINT('',#6379);
#1832=VERTEX_POINT('',#6381);
#1833=VERTEX_POINT('',#6383);
#1834=VERTEX_POINT('',#6385);
#1835=VERTEX_POINT('',#6387);
#1836=VERTEX_POINT('',#6389);
#1837=VERTEX_POINT('',#6391);
#1838=VERTEX_POINT('',#6393);
#1839=VERTEX_POINT('',#6396);
#1840=VERTEX_POINT('',#6398);
#1841=VERTEX_POINT('',#6400);
#1842=VERTEX_POINT('',#6402);
#1843=VERTEX_POINT('',#6404);
#1844=VERTEX_POINT('',#6406);
#1845=VERTEX_POINT('',#6408);
#1846=VERTEX_POINT('',#6411);
#1847=VERTEX_POINT('',#6413);
#1848=VERTEX_POINT('',#6415);
#1849=VERTEX_POINT('',#6418);
#1850=VERTEX_POINT('',#6420);
#1851=VERTEX_POINT('',#6422);
#1852=VERTEX_POINT('',#6425);
#1853=VERTEX_POINT('',#6458);
#1854=VERTEX_POINT('',#6499);
#1855=VERTEX_POINT('',#6501);
#1856=VERTEX_POINT('',#6503);
#1857=VERTEX_POINT('',#6505);
#1858=VERTEX_POINT('',#6507);
#1859=VERTEX_POINT('',#6512);
#1860=VERTEX_POINT('',#6516);
#1861=VERTEX_POINT('',#6517);
#1862=VERTEX_POINT('',#6663);
#1863=VERTEX_POINT('',#6665);
#1864=VERTEX_POINT('',#6814);
#1865=VERTEX_POINT('',#6815);
#1866=VERTEX_POINT('',#6961);
#1867=VERTEX_POINT('',#6963);
#1868=VERTEX_POINT('',#7112);
#1869=VERTEX_POINT('',#7113);
#1870=VERTEX_POINT('',#7259);
#1871=VERTEX_POINT('',#7261);
#1872=VERTEX_POINT('',#7410);
#1873=VERTEX_POINT('',#7414);
#1874=VERTEX_POINT('',#7416);
#1875=VERTEX_POINT('',#7420);
#1876=VERTEX_POINT('',#7422);
#1877=VERTEX_POINT('',#7426);
#1878=VERTEX_POINT('',#7428);
#1879=VERTEX_POINT('',#7432);
#1880=VERTEX_POINT('',#7434);
#1881=VERTEX_POINT('',#7438);
#1882=VERTEX_POINT('',#7440);
#1883=VERTEX_POINT('',#7453);
#1884=VERTEX_POINT('',#7468);
#1885=VERTEX_POINT('',#7491);
#1886=VERTEX_POINT('',#7519);
#1887=VERTEX_POINT('',#7521);
#1888=VERTEX_POINT('',#7525);
#1889=VERTEX_POINT('',#7531);
#1890=VERTEX_POINT('',#7535);
#1891=VERTEX_POINT('',#7539);
#1892=VERTEX_POINT('',#7543);
#1893=VERTEX_POINT('',#7547);
#1894=VERTEX_POINT('',#7548);
#1895=VERTEX_POINT('',#7553);
#1896=VERTEX_POINT('',#7555);
#1897=VERTEX_POINT('',#7557);
#1898=VERTEX_POINT('',#7561);
#1899=VERTEX_POINT('',#7563);
#1900=VERTEX_POINT('',#7567);
#1901=VERTEX_POINT('',#7571);
#1902=VERTEX_POINT('',#7572);
#1903=VERTEX_POINT('',#7581);
#1904=VERTEX_POINT('',#7594);
#1905=VERTEX_POINT('',#7595);
#1906=VERTEX_POINT('',#7622);
#1907=VERTEX_POINT('',#7637);
#1908=VERTEX_POINT('',#7652);
#1909=VERTEX_POINT('',#7655);
#1910=VERTEX_POINT('',#7685);
#1911=VERTEX_POINT('',#7686);
#1912=VERTEX_POINT('',#7688);
#1913=VERTEX_POINT('',#7693);
#1914=VERTEX_POINT('',#7697);
#1915=VERTEX_POINT('',#7701);
#1916=VERTEX_POINT('',#7705);
#1917=VERTEX_POINT('',#7706);
#1918=VERTEX_POINT('',#7708);
#1919=VERTEX_POINT('',#7746);
#1920=VERTEX_POINT('',#7748);
#1921=VERTEX_POINT('',#7780);
#1922=VERTEX_POINT('',#7782);
#1923=VERTEX_POINT('',#7784);
#1924=VERTEX_POINT('',#7786);
#1925=VERTEX_POINT('',#7788);
#1926=VERTEX_POINT('',#7790);
#1927=VERTEX_POINT('',#7792);
#1928=VERTEX_POINT('',#7794);
#1929=VERTEX_POINT('',#7796);
#1930=VERTEX_POINT('',#7798);
#1931=VERTEX_POINT('',#7800);
#1932=VERTEX_POINT('',#7802);
#1933=VERTEX_POINT('',#7804);
#1934=VERTEX_POINT('',#7806);
#1935=VERTEX_POINT('',#7838);
#1936=VERTEX_POINT('',#7870);
#1937=VERTEX_POINT('',#7872);
#1938=VERTEX_POINT('',#7904);
#1939=VERTEX_POINT('',#7936);
#1940=VERTEX_POINT('',#8014);
#1941=VERTEX_POINT('',#8015);
#1942=VERTEX_POINT('',#8017);
#1943=VERTEX_POINT('',#8019);
#1944=VERTEX_POINT('',#8021);
#1945=VERTEX_POINT('',#8023);
#1946=VERTEX_POINT('',#8026);
#1947=VERTEX_POINT('',#8028);
#1948=VERTEX_POINT('',#8032);
#1949=VERTEX_POINT('',#8034);
#1950=VERTEX_POINT('',#8038);
#1951=VERTEX_POINT('',#8039);
#1952=VERTEX_POINT('',#8044);
#1953=VERTEX_POINT('',#8048);
#1954=VERTEX_POINT('',#8050);
#1955=VERTEX_POINT('',#8052);
#1956=VERTEX_POINT('',#8056);
#1957=VERTEX_POINT('',#8060);
#1958=VERTEX_POINT('',#8062);
#1959=VERTEX_POINT('',#8077);
#1960=VERTEX_POINT('',#8079);
#1961=VERTEX_POINT('',#8094);
#1962=VERTEX_POINT('',#8098);
#1963=VERTEX_POINT('',#8113);
#1964=VERTEX_POINT('',#8128);
#1965=VERTEX_POINT('',#8132);
#1966=VERTEX_POINT('',#8147);
#1967=VERTEX_POINT('',#8162);
#1968=VERTEX_POINT('',#8166);
#1969=VERTEX_POINT('',#8187);
#1970=VERTEX_POINT('',#8203);
#1971=VERTEX_POINT('',#8224);
#1972=VERTEX_POINT('',#8233);
#1973=VERTEX_POINT('',#8297);
#1974=VERTEX_POINT('',#8318);
#1975=VERTEX_POINT('',#8322);
#1976=VERTEX_POINT('',#8343);
#1977=VERTEX_POINT('',#8364);
#1978=VERTEX_POINT('',#8368);
#1979=VERTEX_POINT('',#8383);
#1980=VERTEX_POINT('',#8398);
#1981=VERTEX_POINT('',#8407);
#1982=VERTEX_POINT('',#8420);
#1983=VERTEX_POINT('',#8421);
#1984=VERTEX_POINT('',#8423);
#1985=VERTEX_POINT('',#8427);
#1986=VERTEX_POINT('',#8441);
#1987=VERTEX_POINT('',#8443);
#1988=VERTEX_POINT('',#8445);
#1989=VERTEX_POINT('',#8447);
#1990=VERTEX_POINT('',#8449);
#1991=VERTEX_POINT('',#8454);
#1992=VERTEX_POINT('',#8456);
#1993=VERTEX_POINT('',#8460);
#1994=VERTEX_POINT('',#8462);
#1995=VERTEX_POINT('',#8469);
#1996=VERTEX_POINT('',#8473);
#1997=VERTEX_POINT('',#8475);
#1998=VERTEX_POINT('',#8477);
#1999=VERTEX_POINT('',#8484);
#2000=VERTEX_POINT('',#8486);
#2001=VERTEX_POINT('',#8488);
#2002=VERTEX_POINT('',#8490);
#2003=VERTEX_POINT('',#8492);
#2004=VERTEX_POINT('',#8494);
#2005=VERTEX_POINT('',#8501);
#2006=VERTEX_POINT('',#8505);
#2007=VERTEX_POINT('',#8509);
#2008=VERTEX_POINT('',#8520);
#2009=VERTEX_POINT('',#8522);
#2010=VERTEX_POINT('',#8528);
#2011=VERTEX_POINT('',#8532);
#2012=VERTEX_POINT('',#8533);
#2013=VERTEX_POINT('',#8535);
#2014=VERTEX_POINT('',#8537);
#2015=VERTEX_POINT('',#8539);
#2016=VERTEX_POINT('',#8544);
#2017=VERTEX_POINT('',#8548);
#2018=VERTEX_POINT('',#8550);
#2019=VERTEX_POINT('',#8552);
#2020=VERTEX_POINT('',#8554);
#2021=VERTEX_POINT('',#8556);
#2022=VERTEX_POINT('',#8576);
#2023=VERTEX_POINT('',#8578);
#2024=VERTEX_POINT('',#8590);
#2025=VERTEX_POINT('',#8591);
#2026=VERTEX_POINT('',#8596);
#2027=VERTEX_POINT('',#8598);
#2028=VERTEX_POINT('',#8602);
#2029=VERTEX_POINT('',#8603);
#2030=VERTEX_POINT('',#8611);
#2031=VERTEX_POINT('',#8612);
#2032=VERTEX_POINT('',#8620);
#2033=VERTEX_POINT('',#8628);
#2034=VERTEX_POINT('',#8636);
#2035=VERTEX_POINT('',#8648);
#2036=VERTEX_POINT('',#8649);
#2037=VERTEX_POINT('',#8659);
#2038=VERTEX_POINT('',#8663);
#2039=VERTEX_POINT('',#8667);
#2040=VERTEX_POINT('',#8677);
#2041=VERTEX_POINT('',#8678);
#2042=VERTEX_POINT('',#8708);
#2043=VERTEX_POINT('',#8711);
#2044=VERTEX_POINT('',#8742);
#2045=VERTEX_POINT('',#8749);
#2046=VERTEX_POINT('',#8756);
#2047=VERTEX_POINT('',#8760);
#2048=VERTEX_POINT('',#8765);
#2049=VERTEX_POINT('',#8767);
#2050=VERTEX_POINT('',#8957);
#2051=VERTEX_POINT('',#8959);
#2052=VERTEX_POINT('',#8963);
#2053=VERTEX_POINT('',#8967);
#2054=VERTEX_POINT('',#9153);
#2055=VERTEX_POINT('',#9344);
#2056=VERTEX_POINT('',#9348);
#2057=VERTEX_POINT('',#9352);
#2058=VERTEX_POINT('',#9354);
#2059=VERTEX_POINT('',#9356);
#2060=VERTEX_POINT('',#9360);
#2061=VERTEX_POINT('',#9361);
#2062=VERTEX_POINT('',#9364);
#2063=VERTEX_POINT('',#9551);
#2064=VERTEX_POINT('',#9558);
#2065=VERTEX_POINT('',#9559);
#2066=VERTEX_POINT('',#9589);
#2067=VERTEX_POINT('',#9618);
#2068=EDGE_CURVE('',#1685,#1686,#971,.T.);
#2069=EDGE_CURVE('',#1686,#1686,#903,.T.);
#2070=EDGE_CURVE('',#1685,#1685,#904,.T.);
#2071=EDGE_CURVE('',#1687,#1687,#345,.T.);
#2072=EDGE_CURVE('',#1687,#1686,#972,.T.);
#2073=EDGE_CURVE('',#1688,#1689,#973,.T.);
#2074=EDGE_CURVE('',#1689,#1690,#974,.T.);
#2075=EDGE_CURVE('',#1690,#1691,#975,.T.);
#2076=EDGE_CURVE('',#1691,#1692,#976,.T.);
#2077=EDGE_CURVE('',#1692,#1693,#977,.T.);
#2078=EDGE_CURVE('',#1693,#1694,#978,.T.);
#2079=EDGE_CURVE('',#1694,#1695,#979,.T.);
#2080=EDGE_CURVE('',#1695,#1696,#980,.T.);
#2081=EDGE_CURVE('',#1697,#1696,#981,.T.);
#2082=EDGE_CURVE('',#1697,#1698,#982,.T.);
#2083=EDGE_CURVE('',#1699,#1698,#983,.T.);
#2084=EDGE_CURVE('',#1688,#1699,#984,.T.);
#2085=EDGE_CURVE('',#1700,#1700,#346,.T.);
#2086=EDGE_CURVE('',#1701,#1701,#45,.T.);
#2087=EDGE_CURVE('',#1701,#1702,#985,.T.);
#2088=EDGE_CURVE('',#1702,#1702,#46,.T.);
#2089=EDGE_CURVE('',#1703,#1704,#986,.T.);
#2090=EDGE_CURVE('',#1703,#1705,#47,.T.);
#2091=EDGE_CURVE('',#1706,#1705,#987,.T.);
#2092=EDGE_CURVE('',#1707,#1706,#988,.T.);
#2093=EDGE_CURVE('',#1707,#1708,#989,.F.);
#2094=EDGE_CURVE('',#1709,#1708,#990,.F.);
#2095=EDGE_CURVE('',#1710,#1709,#991,.F.);
#2096=EDGE_CURVE('',#1710,#1711,#992,.T.);
#2097=EDGE_CURVE('',#1712,#1711,#48,.T.);
#2098=EDGE_CURVE('',#1713,#1712,#49,.T.);
#2099=EDGE_CURVE('',#1714,#1713,#50,.T.);
#2100=EDGE_CURVE('',#1714,#1715,#51,.T.);
#2101=EDGE_CURVE('',#1716,#1715,#993,.T.);
#2102=EDGE_CURVE('',#1716,#1717,#52,.T.);
#2103=EDGE_CURVE('',#1718,#1717,#53,.T.);
#2104=EDGE_CURVE('',#1718,#1719,#54,.T.);
#2105=EDGE_CURVE('',#1720,#1719,#55,.T.);
#2106=EDGE_CURVE('',#1720,#1721,#994,.T.);
#2107=EDGE_CURVE('',#1704,#1721,#995,.F.);
#2108=EDGE_CURVE('',#1722,#1722,#56,.T.);
#2109=EDGE_CURVE('',#1703,#1723,#905,.T.);
#2110=EDGE_CURVE('',#1723,#1724,#57,.T.);
#2111=EDGE_CURVE('',#1705,#1724,#906,.T.);
#2112=EDGE_CURVE('',#1725,#1706,#996,.T.);
#2113=EDGE_CURVE('',#1726,#1725,#997,.T.);
#2114=EDGE_CURVE('',#1707,#1726,#998,.T.);
#2115=EDGE_CURVE('',#1704,#1727,#999,.T.);
#2116=EDGE_CURVE('',#1727,#1728,#1000,.T.);
#2117=EDGE_CURVE('',#1729,#1728,#1001,.T.);
#2118=EDGE_CURVE('',#1730,#1729,#1002,.T.);
#2119=EDGE_CURVE('',#1731,#1730,#1003,.T.);
#2120=EDGE_CURVE('',#1731,#1723,#1004,.T.);
#2121=EDGE_CURVE('',#1732,#1732,#58,.T.);
#2122=EDGE_CURVE('',#1733,#1734,#1005,.T.);
#2123=EDGE_CURVE('',#1735,#1734,#59,.T.);
#2124=EDGE_CURVE('',#1735,#1736,#347,.T.);
#2125=EDGE_CURVE('',#1736,#1737,#348,.T.);
#2126=EDGE_CURVE('',#1738,#1737,#907,.T.);
#2127=EDGE_CURVE('',#1738,#1733,#1006,.T.);
#2128=EDGE_CURVE('',#1739,#1740,#1007,.T.);
#2129=EDGE_CURVE('',#1734,#1739,#1008,.T.);
#2130=EDGE_CURVE('',#1740,#1733,#1009,.F.);
#2131=EDGE_CURVE('',#1741,#1742,#349,.T.);
#2132=EDGE_CURVE('',#1739,#1742,#60,.T.);
#2133=EDGE_CURVE('',#1740,#1743,#1010,.T.);
#2134=EDGE_CURVE('',#1743,#1744,#908,.T.);
#2135=EDGE_CURVE('',#1744,#1741,#350,.T.);
#2136=EDGE_CURVE('',#1745,#1746,#909,.T.);
#2137=EDGE_CURVE('',#1745,#1747,#61,.T.);
#2138=EDGE_CURVE('',#1748,#1747,#910,.T.);
#2139=EDGE_CURVE('',#1748,#1749,#62,.T.);
#2140=EDGE_CURVE('',#1749,#1750,#911,.T.);
#2141=EDGE_CURVE('',#1750,#1751,#912,.T.);
#2142=EDGE_CURVE('',#1751,#1752,#913,.T.);
#2143=EDGE_CURVE('',#1752,#1746,#63,.T.);
#2144=EDGE_CURVE('',#1753,#1754,#1011,.T.);
#2145=EDGE_CURVE('',#1753,#1745,#1012,.T.);
#2146=EDGE_CURVE('',#1746,#1754,#1013,.T.);
#2147=EDGE_CURVE('',#1755,#1756,#1014,.T.);
#2148=EDGE_CURVE('',#1756,#1753,#1015,.T.);
#2149=EDGE_CURVE('',#1757,#1754,#1016,.T.);
#2150=EDGE_CURVE('',#1757,#1758,#1017,.T.);
#2151=EDGE_CURVE('',#1758,#1759,#1018,.F.);
#2152=EDGE_CURVE('',#1759,#1760,#1019,.T.);
#2153=EDGE_CURVE('',#1760,#1755,#351,.T.);
#2154=EDGE_CURVE('',#1761,#1762,#1020,.T.);
#2155=EDGE_CURVE('',#1756,#1761,#1021,.T.);
#2156=EDGE_CURVE('',#1762,#1755,#1022,.T.);
#2157=EDGE_CURVE('',#1763,#1764,#1023,.T.);
#2158=EDGE_CURVE('',#1764,#1765,#1024,.T.);
#2159=EDGE_CURVE('',#1765,#1766,#1025,.T.);
#2160=EDGE_CURVE('',#1763,#1766,#1026,.T.);
#2161=EDGE_CURVE('',#1767,#1767,#64,.T.);
#2162=EDGE_CURVE('',#1767,#1768,#1027,.T.);
#2163=EDGE_CURVE('',#1768,#1768,#65,.T.);
#2164=EDGE_CURVE('',#1769,#1769,#66,.T.);
#2165=EDGE_CURVE('',#1769,#1770,#1028,.T.);
#2166=EDGE_CURVE('',#1770,#1770,#67,.T.);
#2167=EDGE_CURVE('',#1724,#1771,#1029,.T.);
#2168=EDGE_CURVE('',#1772,#1771,#1030,.T.);
#2169=EDGE_CURVE('',#1772,#1773,#1031,.T.);
#2170=EDGE_CURVE('',#1773,#1725,#352,.T.);
#2171=EDGE_CURVE('',#1774,#1775,#1032,.T.);
#2172=EDGE_CURVE('',#1774,#1776,#1033,.T.);
#2173=EDGE_CURVE('',#1777,#1776,#1034,.T.);
#2174=EDGE_CURVE('',#1778,#1777,#1035,.T.);
#2175=EDGE_CURVE('',#1779,#1778,#1036,.T.);
#2176=EDGE_CURVE('',#1773,#1779,#1037,.T.);
#2177=EDGE_CURVE('',#1780,#1772,#1038,.T.);
#2178=EDGE_CURVE('',#1780,#1781,#1039,.T.);
#2179=EDGE_CURVE('',#1782,#1781,#1040,.T.);
#2180=EDGE_CURVE('',#1782,#1775,#1041,.T.);
#2181=EDGE_CURVE('',#1783,#1784,#68,.T.);
#2182=EDGE_CURVE('',#1785,#1784,#19,.F.);
#2183=EDGE_CURVE('',#1786,#1785,#69,.T.);
#2184=EDGE_CURVE('',#1787,#1786,#914,.T.);
#2185=EDGE_CURVE('',#1788,#1787,#915,.T.);
#2186=EDGE_CURVE('',#1789,#1788,#916,.T.);
#2187=EDGE_CURVE('',#1790,#1789,#70,.T.);
#2188=EDGE_CURVE('',#1783,#1790,#917,.T.);
#2189=EDGE_CURVE('',#1791,#1783,#918,.F.);
#2190=EDGE_CURVE('',#1792,#1791,#1042,.F.);
#2191=EDGE_CURVE('',#1792,#1740,#1043,.F.);
#2192=EDGE_CURVE('',#1733,#1793,#1044,.F.);
#2193=EDGE_CURVE('',#1794,#1793,#1045,.F.);
#2194=EDGE_CURVE('',#1795,#1794,#1046,.F.);
#2195=EDGE_CURVE('',#1796,#1795,#1047,.T.);
#2196=EDGE_CURVE('',#1796,#1797,#1048,.F.);
#2197=EDGE_CURVE('',#1798,#1797,#1049,.F.);
#2198=EDGE_CURVE('',#1799,#1798,#1050,.F.);
#2199=EDGE_CURVE('',#1800,#1799,#1051,.F.);
#2200=EDGE_CURVE('',#1801,#1800,#353,.T.);
#2201=EDGE_CURVE('',#1802,#1801,#1052,.T.);
#2202=EDGE_CURVE('',#1803,#1802,#71,.T.);
#2203=EDGE_CURVE('',#1804,#1803,#72,.T.);
#2204=EDGE_CURVE('',#1805,#1804,#1053,.F.);
#2205=EDGE_CURVE('',#1806,#1805,#1054,.F.);
#2206=EDGE_CURVE('',#1807,#1806,#1055,.F.);
#2207=EDGE_CURVE('',#1808,#1807,#73,.T.);
#2208=EDGE_CURVE('',#1809,#1808,#1056,.F.);
#2209=EDGE_CURVE('',#1809,#1810,#1057,.T.);
#2210=EDGE_CURVE('',#1811,#1810,#1058,.T.);
#2211=EDGE_CURVE('',#1812,#1811,#74,.T.);
#2212=EDGE_CURVE('',#1813,#1812,#1059,.T.);
#2213=EDGE_CURVE('',#1813,#1759,#1060,.F.);
#2214=EDGE_CURVE('',#1784,#1758,#1061,.T.);
#2215=EDGE_CURVE('',#1814,#1815,#919,.T.);
#2216=EDGE_CURVE('',#1815,#1814,#920,.T.);
#2217=EDGE_CURVE('',#1816,#1727,#1062,.T.);
#2218=EDGE_CURVE('',#1817,#1816,#75,.T.);
#2219=EDGE_CURVE('',#1818,#1817,#1063,.T.);
#2220=EDGE_CURVE('',#1819,#1818,#1064,.T.);
#2221=EDGE_CURVE('',#1820,#1819,#1065,.T.);
#2222=EDGE_CURVE('',#1820,#1821,#354,.F.);
#2223=EDGE_CURVE('',#1822,#1821,#1066,.T.);
#2224=EDGE_CURVE('',#1823,#1822,#1067,.T.);
#2225=EDGE_CURVE('',#1824,#1823,#1068,.T.);
#2226=EDGE_CURVE('',#1824,#1825,#1069,.T.);
#2227=EDGE_CURVE('',#1826,#1825,#1070,.T.);
#2228=EDGE_CURVE('',#1827,#1826,#1071,.T.);
#2229=EDGE_CURVE('',#1828,#1827,#1072,.T.);
#2230=EDGE_CURVE('',#1829,#1828,#1073,.T.);
#2231=EDGE_CURVE('',#1830,#1829,#1074,.T.);
#2232=EDGE_CURVE('',#1830,#1831,#1075,.T.);
#2233=EDGE_CURVE('',#1832,#1831,#1076,.T.);
#2234=EDGE_CURVE('',#1833,#1832,#76,.T.);
#2235=EDGE_CURVE('',#1834,#1833,#1077,.T.);
#2236=EDGE_CURVE('',#1835,#1834,#77,.T.);
#2237=EDGE_CURVE('',#1836,#1835,#1078,.T.);
#2238=EDGE_CURVE('',#1837,#1836,#78,.T.);
#2239=EDGE_CURVE('',#1838,#1837,#1079,.T.);
#2240=EDGE_CURVE('',#1698,#1838,#355,.T.);
#2241=EDGE_CURVE('',#1839,#1697,#1080,.T.);
#2242=EDGE_CURVE('',#1840,#1839,#1081,.T.);
#2243=EDGE_CURVE('',#1841,#1840,#79,.T.);
#2244=EDGE_CURVE('',#1842,#1841,#1082,.T.);
#2245=EDGE_CURVE('',#1843,#1842,#356,.T.);
#2246=EDGE_CURVE('',#1844,#1843,#1083,.T.);
#2247=EDGE_CURVE('',#1845,#1844,#1084,.T.);
#2248=EDGE_CURVE('',#1728,#1845,#1085,.T.);
#2249=EDGE_CURVE('',#1846,#1846,#80,.T.);
#2250=EDGE_CURVE('',#1847,#1693,#1086,.T.);
#2251=EDGE_CURVE('',#1848,#1847,#1087,.T.);
#2252=EDGE_CURVE('',#1694,#1848,#1088,.T.);
#2253=EDGE_CURVE('',#1849,#1849,#81,.T.);
#2254=EDGE_CURVE('',#1850,#1850,#82,.T.);
#2255=EDGE_CURVE('',#1851,#1851,#83,.T.);
#2256=EDGE_CURVE('',#1852,#1738,#1089,.T.);
#2257=EDGE_CURVE('',#1793,#1852,#1090,.T.);
#2258=EDGE_CURVE('',#1790,#1853,#921,.T.);
#2259=EDGE_CURVE('',#1853,#1791,#922,.T.);
#2260=EDGE_CURVE('',#1853,#1854,#1091,.T.);
#2261=EDGE_CURVE('',#1854,#1855,#357,.T.);
#2262=EDGE_CURVE('',#1855,#1856,#1092,.T.);
#2263=EDGE_CURVE('',#1856,#1857,#358,.T.);
#2264=EDGE_CURVE('',#1857,#1858,#1093,.T.);
#2265=EDGE_CURVE('',#1858,#1792,#1094,.T.);
#2266=EDGE_CURVE('',#1749,#1789,#1095,.T.);
#2267=EDGE_CURVE('',#1748,#1859,#1096,.T.);
#2268=EDGE_CURVE('',#1854,#1859,#1097,.T.);
#2269=EDGE_CURVE('',#1860,#1861,#923,.T.);
#2270=EDGE_CURVE('',#1860,#1862,#84,.T.);
#2271=EDGE_CURVE('',#1863,#1862,#85,.T.);
#2272=EDGE_CURVE('',#1862,#1863,#86,.T.);
#2273=EDGE_CURVE('',#1861,#1860,#924,.T.);
#2274=EDGE_CURVE('',#1864,#1865,#925,.T.);
#2275=EDGE_CURVE('',#1864,#1866,#87,.T.);
#2276=EDGE_CURVE('',#1867,#1866,#88,.T.);
#2277=EDGE_CURVE('',#1866,#1867,#89,.T.);
#2278=EDGE_CURVE('',#1865,#1864,#926,.T.);
#2279=EDGE_CURVE('',#1868,#1869,#927,.T.);
#2280=EDGE_CURVE('',#1868,#1870,#90,.T.);
#2281=EDGE_CURVE('',#1870,#1871,#91,.T.);
#2282=EDGE_CURVE('',#1871,#1870,#92,.T.);
#2283=EDGE_CURVE('',#1869,#1868,#928,.T.);
#2284=EDGE_CURVE('',#1872,#1872,#93,.T.);
#2285=EDGE_CURVE('',#1872,#1815,#94,.T.);
#2286=EDGE_CURVE('',#1873,#1873,#95,.T.);
#2287=EDGE_CURVE('',#1873,#1874,#1098,.T.);
#2288=EDGE_CURVE('',#1874,#1874,#96,.T.);
#2289=EDGE_CURVE('',#1875,#1875,#97,.T.);
#2290=EDGE_CURVE('',#1875,#1876,#1099,.T.);
#2291=EDGE_CURVE('',#1876,#1876,#98,.T.);
#2292=EDGE_CURVE('',#1877,#1877,#99,.T.);
#2293=EDGE_CURVE('',#1877,#1878,#1100,.T.);
#2294=EDGE_CURVE('',#1878,#1878,#100,.T.);
#2295=EDGE_CURVE('',#1879,#1879,#101,.T.);
#2296=EDGE_CURVE('',#1879,#1880,#1101,.T.);
#2297=EDGE_CURVE('',#1880,#1880,#102,.T.);
#2298=EDGE_CURVE('',#1700,#1881,#1102,.T.);
#2299=EDGE_CURVE('',#1882,#1881,#929,.F.);
#2300=EDGE_CURVE('',#1883,#1882,#930,.T.);
#2301=EDGE_CURVE('',#1884,#1883,#931,.T.);
#2302=EDGE_CURVE('',#1885,#1884,#932,.T.);
#2303=EDGE_CURVE('',#1881,#1885,#933,.F.);
#2304=EDGE_CURVE('',#1886,#1886,#359,.T.);
#2305=EDGE_CURVE('',#1886,#1887,#1103,.T.);
#2306=EDGE_CURVE('',#1887,#1887,#103,.T.);
#2307=EDGE_CURVE('',#1888,#1888,#104,.T.);
#2308=EDGE_CURVE('',#1888,#1863,#1104,.T.);
#2309=EDGE_CURVE('',#1849,#1867,#1105,.T.);
#2310=EDGE_CURVE('',#1850,#1889,#1106,.T.);
#2311=EDGE_CURVE('',#1889,#1889,#105,.T.);
#2312=EDGE_CURVE('',#1846,#1890,#1107,.T.);
#2313=EDGE_CURVE('',#1890,#1890,#106,.T.);
#2314=EDGE_CURVE('',#1891,#1891,#107,.T.);
#2315=EDGE_CURVE('',#1891,#1851,#1108,.T.);
#2316=EDGE_CURVE('',#1760,#1892,#1109,.T.);
#2317=EDGE_CURVE('',#1762,#1892,#360,.T.);
#2318=EDGE_CURVE('',#1893,#1894,#361,.F.);
#2319=EDGE_CURVE('',#1821,#1893,#1110,.T.);
#2320=EDGE_CURVE('',#1894,#1820,#1111,.T.);
#2321=EDGE_CURVE('',#1895,#1800,#1112,.T.);
#2322=EDGE_CURVE('',#1896,#1895,#1113,.F.);
#2323=EDGE_CURVE('',#1897,#1896,#362,.F.);
#2324=EDGE_CURVE('',#1801,#1897,#1114,.T.);
#2325=EDGE_CURVE('',#1898,#1898,#108,.T.);
#2326=EDGE_CURVE('',#1898,#1899,#1115,.T.);
#2327=EDGE_CURVE('',#1899,#1899,#109,.T.);
#2328=EDGE_CURVE('',#1900,#1900,#110,.T.);
#2329=EDGE_CURVE('',#1900,#1871,#1116,.T.);
#2330=EDGE_CURVE('',#1901,#1902,#111,.T.);
#2331=EDGE_CURVE('',#1804,#1902,#934,.T.);
#2332=EDGE_CURVE('',#1803,#1903,#1117,.T.);
#2333=EDGE_CURVE('',#1903,#1903,#112,.T.);
#2334=EDGE_CURVE('',#1802,#1901,#935,.T.);
#2335=EDGE_CURVE('',#1722,#1732,#1118,.T.);
#2336=EDGE_CURVE('',#1904,#1905,#936,.F.);
#2337=EDGE_CURVE('',#1906,#1905,#937,.T.);
#2338=EDGE_CURVE('',#1906,#1907,#938,.T.);
#2339=EDGE_CURVE('',#1907,#1908,#1119,.T.);
#2340=EDGE_CURVE('',#1908,#1908,#113,.T.);
#2341=EDGE_CURVE('',#1907,#1909,#939,.T.);
#2342=EDGE_CURVE('',#1904,#1909,#940,.T.);
#2343=EDGE_CURVE('',#1910,#1911,#114,.T.);
#2344=EDGE_CURVE('',#1910,#1912,#1120,.T.);
#2345=EDGE_CURVE('',#1912,#1912,#115,.T.);
#2346=EDGE_CURVE('',#1911,#1910,#116,.T.);
#2347=EDGE_CURVE('',#1908,#1913,#1121,.T.);
#2348=EDGE_CURVE('',#1913,#1913,#117,.T.);
#2349=EDGE_CURVE('',#1914,#1914,#118,.T.);
#2350=EDGE_CURVE('',#1914,#1911,#1122,.T.);
#2351=EDGE_CURVE('',#1915,#1915,#119,.T.);
#2352=EDGE_CURVE('',#1915,#1872,#1123,.T.);
#2353=EDGE_CURVE('',#1916,#1917,#1124,.T.);
#2354=EDGE_CURVE('',#1917,#1918,#941,.T.);
#2355=EDGE_CURVE('',#1918,#1919,#1125,.T.);
#2356=EDGE_CURVE('',#1919,#1920,#942,.T.);
#2357=EDGE_CURVE('',#1920,#1921,#1126,.T.);
#2358=EDGE_CURVE('',#1921,#1922,#120,.T.);
#2359=EDGE_CURVE('',#1922,#1923,#121,.T.);
#2360=EDGE_CURVE('',#1923,#1924,#1127,.T.);
#2361=EDGE_CURVE('',#1924,#1925,#363,.T.);
#2362=EDGE_CURVE('',#1925,#1926,#364,.T.);
#2363=EDGE_CURVE('',#1926,#1927,#1128,.T.);
#2364=EDGE_CURVE('',#1927,#1928,#122,.T.);
#2365=EDGE_CURVE('',#1928,#1929,#123,.T.);
#2366=EDGE_CURVE('',#1929,#1930,#1129,.T.);
#2367=EDGE_CURVE('',#1930,#1931,#365,.T.);
#2368=EDGE_CURVE('',#1931,#1932,#366,.T.);
#2369=EDGE_CURVE('',#1932,#1933,#1130,.T.);
#2370=EDGE_CURVE('',#1933,#1934,#943,.T.);
#2371=EDGE_CURVE('',#1934,#1935,#944,.T.);
#2372=EDGE_CURVE('',#1935,#1936,#1131,.T.);
#2373=EDGE_CURVE('',#1936,#1937,#945,.T.);
#2374=EDGE_CURVE('',#1937,#1938,#946,.T.);
#2375=EDGE_CURVE('',#1938,#1939,#1132,.T.);
#2376=EDGE_CURVE('',#1939,#1916,#947,.T.);
#2377=EDGE_CURVE('',#1940,#1941,#1133,.T.);
#2378=EDGE_CURVE('',#1940,#1942,#1134,.T.);
#2379=EDGE_CURVE('',#1942,#1943,#1135,.T.);
#2380=EDGE_CURVE('',#1944,#1943,#1136,.T.);
#2381=EDGE_CURVE('',#1945,#1944,#1137,.T.);
#2382=EDGE_CURVE('',#1945,#1941,#1138,.T.);
#2383=EDGE_CURVE('',#1946,#1763,#1139,.T.);
#2384=EDGE_CURVE('',#1766,#1947,#1140,.T.);
#2385=EDGE_CURVE('',#1947,#1946,#1141,.T.);
#2386=EDGE_CURVE('',#1940,#1948,#1142,.T.);
#2387=EDGE_CURVE('',#1948,#1949,#1143,.T.);
#2388=EDGE_CURVE('',#1949,#1942,#1144,.T.);
#2389=EDGE_CURVE('',#1950,#1951,#1145,.T.);
#2390=EDGE_CURVE('',#1951,#1941,#1146,.T.);
#2391=EDGE_CURVE('',#1945,#1950,#1147,.T.);
#2392=EDGE_CURVE('',#1949,#1952,#1148,.T.);
#2393=EDGE_CURVE('',#1952,#1943,#1149,.T.);
#2394=EDGE_CURVE('',#1764,#1953,#1150,.T.);
#2395=EDGE_CURVE('',#1954,#1946,#1151,.T.);
#2396=EDGE_CURVE('',#1954,#1955,#1152,.T.);
#2397=EDGE_CURVE('',#1955,#1953,#1153,.T.);
#2398=EDGE_CURVE('',#1947,#1956,#1154,.T.);
#2399=EDGE_CURVE('',#1956,#1954,#1155,.T.);
#2400=EDGE_CURVE('',#1956,#1957,#1156,.T.);
#2401=EDGE_CURVE('',#1958,#1765,#1157,.T.);
#2402=EDGE_CURVE('',#1958,#1957,#1158,.T.);
#2403=EDGE_CURVE('',#1959,#1929,#124,.T.);
#2404=EDGE_CURVE('',#1928,#1960,#125,.T.);
#2405=EDGE_CURVE('',#1959,#1960,#126,.T.);
#2406=EDGE_CURVE('',#1927,#1961,#127,.T.);
#2407=EDGE_CURVE('',#1960,#1961,#128,.T.);
#2408=EDGE_CURVE('',#1926,#1962,#129,.T.);
#2409=EDGE_CURVE('',#1961,#1962,#1159,.T.);
#2410=EDGE_CURVE('',#1925,#1963,#130,.T.);
#2411=EDGE_CURVE('',#1962,#1963,#367,.T.);
#2412=EDGE_CURVE('',#1924,#1964,#131,.T.);
#2413=EDGE_CURVE('',#1963,#1964,#368,.T.);
#2414=EDGE_CURVE('',#1923,#1965,#132,.T.);
#2415=EDGE_CURVE('',#1965,#1964,#1160,.T.);
#2416=EDGE_CURVE('',#1922,#1966,#133,.T.);
#2417=EDGE_CURVE('',#1965,#1966,#134,.T.);
#2418=EDGE_CURVE('',#1921,#1967,#135,.T.);
#2419=EDGE_CURVE('',#1966,#1967,#136,.T.);
#2420=EDGE_CURVE('',#1920,#1968,#137,.T.);
#2421=EDGE_CURVE('',#1968,#1967,#1161,.T.);
#2422=EDGE_CURVE('',#1919,#1969,#138,.T.);
#2423=EDGE_CURVE('',#1968,#1969,#948,.T.);
#2424=EDGE_CURVE('',#1918,#1970,#139,.T.);
#2425=EDGE_CURVE('',#1970,#1969,#1162,.T.);
#2426=EDGE_CURVE('',#1917,#1971,#140,.T.);
#2427=EDGE_CURVE('',#1971,#1970,#949,.T.);
#2428=EDGE_CURVE('',#1916,#1972,#141,.T.);
#2429=EDGE_CURVE('',#1972,#1971,#1163,.T.);
#2430=EDGE_CURVE('',#1939,#1699,#142,.T.);
#2431=EDGE_CURVE('',#1699,#1972,#950,.T.);
#2432=EDGE_CURVE('',#1938,#1688,#143,.T.);
#2433=EDGE_CURVE('',#1937,#1973,#144,.T.);
#2434=EDGE_CURVE('',#1688,#1973,#145,.T.);
#2435=EDGE_CURVE('',#1936,#1974,#146,.T.);
#2436=EDGE_CURVE('',#1973,#1974,#147,.T.);
#2437=EDGE_CURVE('',#1935,#1975,#148,.T.);
#2438=EDGE_CURVE('',#1975,#1974,#1164,.T.);
#2439=EDGE_CURVE('',#1934,#1976,#149,.T.);
#2440=EDGE_CURVE('',#1975,#1976,#150,.T.);
#2441=EDGE_CURVE('',#1933,#1977,#151,.T.);
#2442=EDGE_CURVE('',#1976,#1977,#152,.T.);
#2443=EDGE_CURVE('',#1932,#1978,#153,.T.);
#2444=EDGE_CURVE('',#1978,#1977,#1165,.T.);
#2445=EDGE_CURVE('',#1979,#1978,#154,.T.);
#2446=EDGE_CURVE('',#1931,#1979,#155,.T.);
#2447=EDGE_CURVE('',#1930,#1980,#156,.T.);
#2448=EDGE_CURVE('',#1980,#1979,#157,.T.);
#2449=EDGE_CURVE('',#1959,#1980,#1166,.T.);
#2450=EDGE_CURVE('',#1950,#1981,#1167,.T.);
#2451=EDGE_CURVE('',#1981,#1952,#1168,.T.);
#2452=EDGE_CURVE('',#1948,#1951,#1169,.T.);
#2453=EDGE_CURVE('',#1944,#1981,#1170,.T.);
#2454=EDGE_CURVE('',#1953,#1958,#1171,.T.);
#2455=EDGE_CURVE('',#1957,#1955,#1172,.T.);
#2456=EDGE_CURVE('',#1982,#1983,#1173,.T.);
#2457=EDGE_CURVE('',#1983,#1984,#1174,.T.);
#2458=EDGE_CURVE('',#1984,#1964,#1175,.T.);
#2459=EDGE_CURVE('',#1965,#1832,#1176,.T.);
#2460=EDGE_CURVE('',#1831,#1985,#1177,.T.);
#2461=EDGE_CURVE('',#1985,#1982,#369,.T.);
#2462=EDGE_CURVE('',#1968,#1834,#1178,.T.);
#2463=EDGE_CURVE('',#1833,#1967,#1179,.T.);
#2464=EDGE_CURVE('',#1970,#1836,#1180,.T.);
#2465=EDGE_CURVE('',#1835,#1969,#1181,.T.);
#2466=EDGE_CURVE('',#1837,#1971,#1182,.T.);
#2467=EDGE_CURVE('',#1972,#1838,#1183,.T.);
#2468=EDGE_CURVE('',#1986,#1974,#1184,.T.);
#2469=EDGE_CURVE('',#1975,#1987,#1185,.T.);
#2470=EDGE_CURVE('',#1987,#1988,#1186,.T.);
#2471=EDGE_CURVE('',#1988,#1989,#1187,.T.);
#2472=EDGE_CURVE('',#1989,#1990,#1188,.T.);
#2473=EDGE_CURVE('',#1990,#1845,#1189,.T.);
#2474=EDGE_CURVE('',#1844,#1986,#1190,.T.);
#2475=EDGE_CURVE('',#1978,#1991,#1191,.T.);
#2476=EDGE_CURVE('',#1991,#1992,#1192,.T.);
#2477=EDGE_CURVE('',#1992,#1977,#1193,.T.);
#2478=EDGE_CURVE('',#1959,#1993,#1194,.T.);
#2479=EDGE_CURVE('',#1993,#1994,#1195,.T.);
#2480=EDGE_CURVE('',#1994,#1980,#1196,.T.);
#2481=EDGE_CURVE('',#1953,#1774,#1197,.T.);
#2482=EDGE_CURVE('',#1775,#1958,#1198,.T.);
#2483=EDGE_CURVE('',#1825,#1995,#1199,.T.);
#2484=EDGE_CURVE('',#1776,#1824,#1200,.T.);
#2485=EDGE_CURVE('',#1781,#1955,#1201,.T.);
#2486=EDGE_CURVE('',#1996,#1780,#1202,.T.);
#2487=EDGE_CURVE('',#1997,#1996,#1203,.T.);
#2488=EDGE_CURVE('',#1998,#1997,#1204,.T.);
#2489=EDGE_CURVE('',#1995,#1998,#370,.T.);
#2490=EDGE_CURVE('',#1957,#1782,#1205,.T.);
#2491=EDGE_CURVE('',#1984,#1999,#158,.T.);
#2492=EDGE_CURVE('',#2000,#1983,#1206,.T.);
#2493=EDGE_CURVE('',#2001,#2000,#1207,.T.);
#2494=EDGE_CURVE('',#2002,#2001,#1208,.T.);
#2495=EDGE_CURVE('',#2003,#2002,#1209,.T.);
#2496=EDGE_CURVE('',#2004,#2003,#1210,.T.);
#2497=EDGE_CURVE('',#1997,#2004,#1211,.T.);
#2498=EDGE_CURVE('',#1771,#1996,#1212,.T.);
#2499=EDGE_CURVE('',#1988,#1731,#1213,.T.);
#2500=EDGE_CURVE('',#1992,#1987,#371,.T.);
#2501=EDGE_CURVE('',#1994,#1991,#159,.T.);
#2502=EDGE_CURVE('',#2005,#1993,#160,.T.);
#2503=EDGE_CURVE('',#1999,#2005,#1214,.T.);
#2504=EDGE_CURVE('',#2006,#1982,#1215,.T.);
#2505=EDGE_CURVE('',#2000,#2006,#1216,.T.);
#2506=EDGE_CURVE('',#2007,#1985,#1217,.T.);
#2507=EDGE_CURVE('',#2006,#2007,#372,.T.);
#2508=EDGE_CURVE('',#2007,#1830,#1218,.T.);
#2509=EDGE_CURVE('',#1999,#1962,#1219,.T.);
#2510=EDGE_CURVE('',#1696,#2008,#1220,.T.);
#2511=EDGE_CURVE('',#2009,#1695,#1221,.T.);
#2512=EDGE_CURVE('',#2008,#2009,#1222,.T.);
#2513=EDGE_CURVE('',#1848,#2009,#1223,.T.);
#2514=EDGE_CURVE('',#2010,#1847,#1224,.T.);
#2515=EDGE_CURVE('',#1692,#2010,#1225,.T.);
#2516=EDGE_CURVE('',#2011,#2012,#161,.T.);
#2517=EDGE_CURVE('',#2013,#2011,#162,.T.);
#2518=EDGE_CURVE('',#2014,#2013,#1226,.T.);
#2519=EDGE_CURVE('',#2015,#2014,#1227,.T.);
#2520=EDGE_CURVE('',#2010,#2015,#1228,.T.);
#2521=EDGE_CURVE('',#2012,#1691,#1229,.T.);
#2522=EDGE_CURVE('',#1690,#2016,#1230,.T.);
#2523=EDGE_CURVE('',#2016,#2012,#1231,.T.);
#2524=EDGE_CURVE('',#1689,#2017,#373,.T.);
#2525=EDGE_CURVE('',#2017,#2018,#1232,.T.);
#2526=EDGE_CURVE('',#2019,#2018,#374,.T.);
#2527=EDGE_CURVE('',#2019,#2020,#1233,.T.);
#2528=EDGE_CURVE('',#2020,#2021,#163,.T.);
#2529=EDGE_CURVE('',#2021,#2016,#164,.T.);
#2530=EDGE_CURVE('',#1986,#2017,#375,.T.);
#2531=EDGE_CURVE('',#1843,#2018,#1234,.T.);
#2532=EDGE_CURVE('',#1990,#1729,#1235,.T.);
#2533=EDGE_CURVE('',#1989,#1730,#1236,.T.);
#2534=EDGE_CURVE('',#1961,#2005,#1237,.T.);
#2535=EDGE_CURVE('',#2022,#1998,#1238,.T.);
#2536=EDGE_CURVE('',#2023,#2022,#376,.T.);
#2537=EDGE_CURVE('',#1995,#2023,#1239,.T.);
#2538=EDGE_CURVE('',#1826,#2023,#1240,.T.);
#2539=EDGE_CURVE('',#1823,#1777,#1241,.T.);
#2540=EDGE_CURVE('',#2022,#2004,#1242,.T.);
#2541=EDGE_CURVE('',#2024,#2025,#1243,.T.);
#2542=EDGE_CURVE('',#2025,#1827,#1244,.T.);
#2543=EDGE_CURVE('',#2003,#2024,#1245,.T.);
#2544=EDGE_CURVE('',#1829,#2026,#1246,.T.);
#2545=EDGE_CURVE('',#2026,#2027,#1247,.T.);
#2546=EDGE_CURVE('',#2027,#2001,#1248,.T.);
#2547=EDGE_CURVE('',#2028,#2029,#1249,.T.);
#2548=EDGE_CURVE('',#2028,#2008,#1250,.T.);
#2549=EDGE_CURVE('',#2015,#2029,#1251,.T.);
#2550=EDGE_CURVE('',#1841,#2020,#1252,.T.);
#2551=EDGE_CURVE('',#2019,#1842,#1253,.T.);
#2552=EDGE_CURVE('',#2030,#2031,#1254,.T.);
#2553=EDGE_CURVE('',#2031,#1761,#1255,.T.);
#2554=EDGE_CURVE('',#1892,#1813,#1256,.T.);
#2555=EDGE_CURVE('',#1812,#1816,#951,.T.);
#2556=EDGE_CURVE('',#1721,#2032,#1257,.T.);
#2557=EDGE_CURVE('',#2032,#2030,#377,.T.);
#2558=EDGE_CURVE('',#1807,#1817,#952,.T.);
#2559=EDGE_CURVE('',#1811,#2033,#953,.T.);
#2560=EDGE_CURVE('',#2033,#2034,#165,.T.);
#2561=EDGE_CURVE('',#2034,#1808,#954,.T.);
#2562=EDGE_CURVE('',#1806,#1818,#1258,.T.);
#2563=EDGE_CURVE('',#2035,#2036,#1259,.T.);
#2564=EDGE_CURVE('',#2036,#1819,#1260,.T.);
#2565=EDGE_CURVE('',#1805,#2035,#1261,.T.);
#2566=EDGE_CURVE('',#2036,#1894,#1262,.F.);
#2567=EDGE_CURVE('',#1893,#1896,#1263,.F.);
#2568=EDGE_CURVE('',#1799,#1822,#1264,.T.);
#2569=EDGE_CURVE('',#2037,#1828,#1265,.T.);
#2570=EDGE_CURVE('',#2025,#2037,#1266,.T.);
#2571=EDGE_CURVE('',#2028,#2038,#1267,.T.);
#2572=EDGE_CURVE('',#2038,#1839,#1268,.T.);
#2573=EDGE_CURVE('',#2038,#2039,#1269,.T.);
#2574=EDGE_CURVE('',#2039,#2014,#1270,.T.);
#2575=EDGE_CURVE('',#2013,#1840,#1271,.T.);
#2576=EDGE_CURVE('',#2011,#2021,#1272,.T.);
#2577=EDGE_CURVE('',#2039,#2029,#1273,.T.);
#2578=EDGE_CURVE('',#2040,#2041,#955,.T.);
#2579=EDGE_CURVE('',#1719,#2040,#956,.T.);
#2580=EDGE_CURVE('',#1884,#1718,#1274,.T.);
#2581=EDGE_CURVE('',#2041,#1883,#1275,.T.);
#2582=EDGE_CURVE('',#1717,#1885,#1276,.T.);
#2583=EDGE_CURVE('',#2042,#1716,#1277,.T.);
#2584=EDGE_CURVE('',#1742,#2042,#166,.T.);
#2585=EDGE_CURVE('',#2043,#1744,#957,.T.);
#2586=EDGE_CURVE('',#1882,#2043,#1278,.T.);
#2587=EDGE_CURVE('',#2043,#2041,#167,.T.);
#2588=EDGE_CURVE('',#1797,#1779,#1279,.T.);
#2589=EDGE_CURVE('',#1778,#1798,#1280,.T.);
#2590=EDGE_CURVE('',#2044,#2024,#1281,.T.);
#2591=EDGE_CURVE('',#2027,#2044,#1282,.T.);
#2592=EDGE_CURVE('',#2037,#2026,#1283,.T.);
#2593=EDGE_CURVE('',#2002,#2044,#1284,.T.);
#2594=EDGE_CURVE('',#1779,#2045,#1285,.T.);
#2595=EDGE_CURVE('',#2045,#1726,#168,.T.);
#2596=EDGE_CURVE('',#2046,#2031,#1286,.T.);
#2597=EDGE_CURVE('',#1747,#2046,#1287,.T.);
#2598=EDGE_CURVE('',#2046,#2047,#1288,.T.);
#2599=EDGE_CURVE('',#1743,#2030,#1289,.T.);
#2600=EDGE_CURVE('',#2047,#1858,#1290,.T.);
#2601=EDGE_CURVE('',#2032,#2048,#1291,.T.);
#2602=EDGE_CURVE('',#2048,#2049,#958,.T.);
#2603=EDGE_CURVE('',#2049,#1743,#959,.T.);
#2604=EDGE_CURVE('',#2048,#1720,#1292,.T.);
#2605=EDGE_CURVE('',#2034,#2050,#1293,.T.);
#2606=EDGE_CURVE('',#2050,#2051,#378,.T.);
#2607=EDGE_CURVE('',#2051,#1809,#1294,.T.);
#2608=EDGE_CURVE('',#2033,#2052,#1295,.T.);
#2609=EDGE_CURVE('',#2052,#2050,#1296,.T.);
#2610=EDGE_CURVE('',#1810,#2053,#1297,.T.);
#2611=EDGE_CURVE('',#2053,#2052,#379,.T.);
#2612=EDGE_CURVE('',#1902,#2035,#1298,.T.);
#2613=EDGE_CURVE('',#2041,#2049,#960,.T.);
#2614=EDGE_CURVE('',#2048,#2040,#961,.T.);
#2615=EDGE_CURVE('',#2054,#1735,#169,.T.);
#2616=EDGE_CURVE('',#2042,#2054,#1299,.T.);
#2617=EDGE_CURVE('',#2049,#2043,#962,.T.);
#2618=EDGE_CURVE('',#2054,#1715,#1300,.T.);
#2619=EDGE_CURVE('',#1757,#1785,#1301,.T.);
#2620=EDGE_CURVE('',#2045,#1796,#1302,.T.);
#2621=EDGE_CURVE('',#2055,#1726,#1303,.T.);
#2622=EDGE_CURVE('',#1708,#2055,#1304,.T.);
#2623=EDGE_CURVE('',#2045,#2056,#1305,.T.);
#2624=EDGE_CURVE('',#2056,#2055,#380,.T.);
#2625=EDGE_CURVE('',#2047,#2057,#1306,.T.);
#2626=EDGE_CURVE('',#2057,#2058,#381,.T.);
#2627=EDGE_CURVE('',#2058,#2059,#1307,.T.);
#2628=EDGE_CURVE('',#2059,#1859,#382,.T.);
#2629=EDGE_CURVE('',#2060,#2061,#1308,.T.);
#2630=EDGE_CURVE('',#2061,#1852,#170,.T.);
#2631=EDGE_CURVE('',#1738,#2062,#963,.T.);
#2632=EDGE_CURVE('',#2062,#2060,#964,.T.);
#2633=EDGE_CURVE('',#2063,#1794,#1309,.T.);
#2634=EDGE_CURVE('',#1852,#2063,#1310,.T.);
#2635=EDGE_CURVE('',#2051,#2053,#1311,.T.);
#2636=EDGE_CURVE('',#2064,#2065,#965,.T.);
#2637=EDGE_CURVE('',#1905,#2064,#1312,.T.);
#2638=EDGE_CURVE('',#1713,#1904,#1313,.T.);
#2639=EDGE_CURVE('',#2065,#1712,#966,.T.);
#2640=EDGE_CURVE('',#1909,#1714,#1314,.T.);
#2641=EDGE_CURVE('',#2066,#1906,#1315,.T.);
#2642=EDGE_CURVE('',#1737,#2066,#967,.T.);
#2643=EDGE_CURVE('',#1752,#1786,#1316,.T.);
#2644=EDGE_CURVE('',#2056,#1795,#1317,.T.);
#2645=EDGE_CURVE('',#2063,#2067,#383,.T.);
#2646=EDGE_CURVE('',#2067,#1709,#1318,.T.);
#2647=EDGE_CURVE('',#2061,#1710,#1319,.T.);
#2648=EDGE_CURVE('',#1711,#2060,#1320,.T.);
#2649=EDGE_CURVE('',#1857,#2057,#1321,.T.);
#2650=EDGE_CURVE('',#2058,#1856,#1322,.T.);
#2651=EDGE_CURVE('',#2059,#1855,#1323,.T.);
#2652=EDGE_CURVE('',#1787,#1751,#1324,.T.);
#2653=EDGE_CURVE('',#1750,#1788,#1325,.T.);
#2654=EDGE_CURVE('',#2061,#2067,#1326,.T.);
#2655=EDGE_CURVE('',#2062,#2064,#968,.T.);
#2656=EDGE_CURVE('',#2065,#2060,#969,.T.);
#2657=EDGE_CURVE('',#2066,#2062,#970,.T.);
#2658=EDGE_CURVE('',#1901,#1897,#1327,.T.);
#2659=EDGE_CURVE('',#2064,#2066,#171,.T.);
#2660=ORIENTED_EDGE('',*,*,#2068,.T.);
#2661=ORIENTED_EDGE('',*,*,#2069,.T.);
#2662=ORIENTED_EDGE('',*,*,#2068,.F.);
#2663=ORIENTED_EDGE('',*,*,#2070,.T.);
#2664=ORIENTED_EDGE('',*,*,#2071,.F.);
#2665=ORIENTED_EDGE('',*,*,#2072,.T.);
#2666=ORIENTED_EDGE('',*,*,#2069,.F.);
#2667=ORIENTED_EDGE('',*,*,#2072,.F.);
#2668=ORIENTED_EDGE('',*,*,#2073,.T.);
#2669=ORIENTED_EDGE('',*,*,#2074,.T.);
#2670=ORIENTED_EDGE('',*,*,#2075,.T.);
#2671=ORIENTED_EDGE('',*,*,#2076,.T.);
#2672=ORIENTED_EDGE('',*,*,#2077,.T.);
#2673=ORIENTED_EDGE('',*,*,#2078,.T.);
#2674=ORIENTED_EDGE('',*,*,#2079,.T.);
#2675=ORIENTED_EDGE('',*,*,#2080,.T.);
#2676=ORIENTED_EDGE('',*,*,#2081,.F.);
#2677=ORIENTED_EDGE('',*,*,#2082,.T.);
#2678=ORIENTED_EDGE('',*,*,#2083,.F.);
#2679=ORIENTED_EDGE('',*,*,#2084,.F.);
#2680=ORIENTED_EDGE('',*,*,#2085,.T.);
#2681=ORIENTED_EDGE('',*,*,#2070,.F.);
#2682=ORIENTED_EDGE('',*,*,#2086,.F.);
#2683=ORIENTED_EDGE('',*,*,#2087,.T.);
#2684=ORIENTED_EDGE('',*,*,#2088,.F.);
#2685=ORIENTED_EDGE('',*,*,#2087,.F.);
#2686=ORIENTED_EDGE('',*,*,#2089,.F.);
#2687=ORIENTED_EDGE('',*,*,#2090,.T.);
#2688=ORIENTED_EDGE('',*,*,#2091,.F.);
#2689=ORIENTED_EDGE('',*,*,#2092,.F.);
#2690=ORIENTED_EDGE('',*,*,#2093,.T.);
#2691=ORIENTED_EDGE('',*,*,#2094,.F.);
#2692=ORIENTED_EDGE('',*,*,#2095,.F.);
#2693=ORIENTED_EDGE('',*,*,#2096,.T.);
#2694=ORIENTED_EDGE('',*,*,#2097,.F.);
#2695=ORIENTED_EDGE('',*,*,#2098,.F.);
#2696=ORIENTED_EDGE('',*,*,#2099,.F.);
#2697=ORIENTED_EDGE('',*,*,#2100,.T.);
#2698=ORIENTED_EDGE('',*,*,#2101,.F.);
#2699=ORIENTED_EDGE('',*,*,#2102,.T.);
#2700=ORIENTED_EDGE('',*,*,#2103,.F.);
#2701=ORIENTED_EDGE('',*,*,#2104,.T.);
#2702=ORIENTED_EDGE('',*,*,#2105,.F.);
#2703=ORIENTED_EDGE('',*,*,#2106,.T.);
#2704=ORIENTED_EDGE('',*,*,#2107,.F.);
#2705=ORIENTED_EDGE('',*,*,#2108,.F.);
#2706=ORIENTED_EDGE('',*,*,#2090,.F.);
#2707=ORIENTED_EDGE('',*,*,#2109,.T.);
#2708=ORIENTED_EDGE('',*,*,#2110,.T.);
#2709=ORIENTED_EDGE('',*,*,#2111,.F.);
#2710=ORIENTED_EDGE('',*,*,#2092,.T.);
#2711=ORIENTED_EDGE('',*,*,#2112,.F.);
#2712=ORIENTED_EDGE('',*,*,#2113,.F.);
#2713=ORIENTED_EDGE('',*,*,#2114,.F.);
#2714=ORIENTED_EDGE('',*,*,#2089,.T.);
#2715=ORIENTED_EDGE('',*,*,#2115,.T.);
#2716=ORIENTED_EDGE('',*,*,#2116,.T.);
#2717=ORIENTED_EDGE('',*,*,#2117,.F.);
#2718=ORIENTED_EDGE('',*,*,#2118,.F.);
#2719=ORIENTED_EDGE('',*,*,#2119,.F.);
#2720=ORIENTED_EDGE('',*,*,#2120,.T.);
#2721=ORIENTED_EDGE('',*,*,#2109,.F.);
#2722=ORIENTED_EDGE('',*,*,#2121,.T.);
#2723=ORIENTED_EDGE('',*,*,#2088,.T.);
#2724=ORIENTED_EDGE('',*,*,#2122,.T.);
#2725=ORIENTED_EDGE('',*,*,#2123,.F.);
#2726=ORIENTED_EDGE('',*,*,#2124,.T.);
#2727=ORIENTED_EDGE('',*,*,#2125,.T.);
#2728=ORIENTED_EDGE('',*,*,#2126,.F.);
#2729=ORIENTED_EDGE('',*,*,#2127,.T.);
#2730=ORIENTED_EDGE('',*,*,#2128,.F.);
#2731=ORIENTED_EDGE('',*,*,#2129,.F.);
#2732=ORIENTED_EDGE('',*,*,#2122,.F.);
#2733=ORIENTED_EDGE('',*,*,#2130,.F.);
#2734=ORIENTED_EDGE('',*,*,#2131,.T.);
#2735=ORIENTED_EDGE('',*,*,#2132,.F.);
#2736=ORIENTED_EDGE('',*,*,#2128,.T.);
#2737=ORIENTED_EDGE('',*,*,#2133,.T.);
#2738=ORIENTED_EDGE('',*,*,#2134,.T.);
#2739=ORIENTED_EDGE('',*,*,#2135,.T.);
#2740=ORIENTED_EDGE('',*,*,#2136,.F.);
#2741=ORIENTED_EDGE('',*,*,#2137,.T.);
#2742=ORIENTED_EDGE('',*,*,#2138,.F.);
#2743=ORIENTED_EDGE('',*,*,#2139,.T.);
#2744=ORIENTED_EDGE('',*,*,#2140,.T.);
#2745=ORIENTED_EDGE('',*,*,#2141,.T.);
#2746=ORIENTED_EDGE('',*,*,#2142,.T.);
#2747=ORIENTED_EDGE('',*,*,#2143,.T.);
#2748=ORIENTED_EDGE('',*,*,#2144,.F.);
#2749=ORIENTED_EDGE('',*,*,#2145,.T.);
#2750=ORIENTED_EDGE('',*,*,#2136,.T.);
#2751=ORIENTED_EDGE('',*,*,#2146,.T.);
#2752=ORIENTED_EDGE('',*,*,#2147,.T.);
#2753=ORIENTED_EDGE('',*,*,#2148,.T.);
#2754=ORIENTED_EDGE('',*,*,#2144,.T.);
#2755=ORIENTED_EDGE('',*,*,#2149,.F.);
#2756=ORIENTED_EDGE('',*,*,#2150,.T.);
#2757=ORIENTED_EDGE('',*,*,#2151,.T.);
#2758=ORIENTED_EDGE('',*,*,#2152,.T.);
#2759=ORIENTED_EDGE('',*,*,#2153,.T.);
#2760=ORIENTED_EDGE('',*,*,#2071,.T.);
#2761=ORIENTED_EDGE('',*,*,#2154,.F.);
#2762=ORIENTED_EDGE('',*,*,#2155,.F.);
#2763=ORIENTED_EDGE('',*,*,#2147,.F.);
#2764=ORIENTED_EDGE('',*,*,#2156,.F.);
#2765=ORIENTED_EDGE('',*,*,#2157,.T.);
#2766=ORIENTED_EDGE('',*,*,#2158,.T.);
#2767=ORIENTED_EDGE('',*,*,#2159,.T.);
#2768=ORIENTED_EDGE('',*,*,#2160,.F.);
#2769=ORIENTED_EDGE('',*,*,#2161,.F.);
#2770=ORIENTED_EDGE('',*,*,#2162,.T.);
#2771=ORIENTED_EDGE('',*,*,#2163,.F.);
#2772=ORIENTED_EDGE('',*,*,#2162,.F.);
#2773=ORIENTED_EDGE('',*,*,#2164,.F.);
#2774=ORIENTED_EDGE('',*,*,#2165,.T.);
#2775=ORIENTED_EDGE('',*,*,#2166,.F.);
#2776=ORIENTED_EDGE('',*,*,#2165,.F.);
#2777=ORIENTED_EDGE('',*,*,#2091,.T.);
#2778=ORIENTED_EDGE('',*,*,#2111,.T.);
#2779=ORIENTED_EDGE('',*,*,#2167,.T.);
#2780=ORIENTED_EDGE('',*,*,#2168,.F.);
#2781=ORIENTED_EDGE('',*,*,#2169,.T.);
#2782=ORIENTED_EDGE('',*,*,#2170,.T.);
#2783=ORIENTED_EDGE('',*,*,#2112,.T.);
#2784=ORIENTED_EDGE('',*,*,#2171,.F.);
#2785=ORIENTED_EDGE('',*,*,#2172,.T.);
#2786=ORIENTED_EDGE('',*,*,#2173,.F.);
#2787=ORIENTED_EDGE('',*,*,#2174,.F.);
#2788=ORIENTED_EDGE('',*,*,#2175,.F.);
#2789=ORIENTED_EDGE('',*,*,#2176,.F.);
#2790=ORIENTED_EDGE('',*,*,#2169,.F.);
#2791=ORIENTED_EDGE('',*,*,#2177,.F.);
#2792=ORIENTED_EDGE('',*,*,#2178,.T.);
#2793=ORIENTED_EDGE('',*,*,#2179,.F.);
#2794=ORIENTED_EDGE('',*,*,#2180,.T.);
#2795=ORIENTED_EDGE('',*,*,#2181,.T.);
#2796=ORIENTED_EDGE('',*,*,#2182,.F.);
#2797=ORIENTED_EDGE('',*,*,#2183,.F.);
#2798=ORIENTED_EDGE('',*,*,#2184,.F.);
#2799=ORIENTED_EDGE('',*,*,#2185,.F.);
#2800=ORIENTED_EDGE('',*,*,#2186,.F.);
#2801=ORIENTED_EDGE('',*,*,#2187,.F.);
#2802=ORIENTED_EDGE('',*,*,#2188,.F.);
#2803=ORIENTED_EDGE('',*,*,#2181,.F.);
#2804=ORIENTED_EDGE('',*,*,#2189,.F.);
#2805=ORIENTED_EDGE('',*,*,#2190,.F.);
#2806=ORIENTED_EDGE('',*,*,#2191,.T.);
#2807=ORIENTED_EDGE('',*,*,#2130,.T.);
#2808=ORIENTED_EDGE('',*,*,#2192,.T.);
#2809=ORIENTED_EDGE('',*,*,#2193,.F.);
#2810=ORIENTED_EDGE('',*,*,#2194,.F.);
#2811=ORIENTED_EDGE('',*,*,#2195,.F.);
#2812=ORIENTED_EDGE('',*,*,#2196,.T.);
#2813=ORIENTED_EDGE('',*,*,#2197,.F.);
#2814=ORIENTED_EDGE('',*,*,#2198,.F.);
#2815=ORIENTED_EDGE('',*,*,#2199,.F.);
#2816=ORIENTED_EDGE('',*,*,#2200,.F.);
#2817=ORIENTED_EDGE('',*,*,#2201,.F.);
#2818=ORIENTED_EDGE('',*,*,#2202,.F.);
#2819=ORIENTED_EDGE('',*,*,#2203,.F.);
#2820=ORIENTED_EDGE('',*,*,#2204,.F.);
#2821=ORIENTED_EDGE('',*,*,#2205,.F.);
#2822=ORIENTED_EDGE('',*,*,#2206,.F.);
#2823=ORIENTED_EDGE('',*,*,#2207,.F.);
#2824=ORIENTED_EDGE('',*,*,#2208,.F.);
#2825=ORIENTED_EDGE('',*,*,#2209,.T.);
#2826=ORIENTED_EDGE('',*,*,#2210,.F.);
#2827=ORIENTED_EDGE('',*,*,#2211,.F.);
#2828=ORIENTED_EDGE('',*,*,#2212,.F.);
#2829=ORIENTED_EDGE('',*,*,#2213,.T.);
#2830=ORIENTED_EDGE('',*,*,#2151,.F.);
#2831=ORIENTED_EDGE('',*,*,#2214,.F.);
#2832=ORIENTED_EDGE('',*,*,#2215,.T.);
#2833=ORIENTED_EDGE('',*,*,#2216,.T.);
#2834=ORIENTED_EDGE('',*,*,#2217,.F.);
#2835=ORIENTED_EDGE('',*,*,#2218,.F.);
#2836=ORIENTED_EDGE('',*,*,#2219,.F.);
#2837=ORIENTED_EDGE('',*,*,#2220,.F.);
#2838=ORIENTED_EDGE('',*,*,#2221,.F.);
#2839=ORIENTED_EDGE('',*,*,#2222,.T.);
#2840=ORIENTED_EDGE('',*,*,#2223,.F.);
#2841=ORIENTED_EDGE('',*,*,#2224,.F.);
#2842=ORIENTED_EDGE('',*,*,#2225,.F.);
#2843=ORIENTED_EDGE('',*,*,#2226,.T.);
#2844=ORIENTED_EDGE('',*,*,#2227,.F.);
#2845=ORIENTED_EDGE('',*,*,#2228,.F.);
#2846=ORIENTED_EDGE('',*,*,#2229,.F.);
#2847=ORIENTED_EDGE('',*,*,#2230,.F.);
#2848=ORIENTED_EDGE('',*,*,#2231,.F.);
#2849=ORIENTED_EDGE('',*,*,#2232,.T.);
#2850=ORIENTED_EDGE('',*,*,#2233,.F.);
#2851=ORIENTED_EDGE('',*,*,#2234,.F.);
#2852=ORIENTED_EDGE('',*,*,#2235,.F.);
#2853=ORIENTED_EDGE('',*,*,#2236,.F.);
#2854=ORIENTED_EDGE('',*,*,#2237,.F.);
#2855=ORIENTED_EDGE('',*,*,#2238,.F.);
#2856=ORIENTED_EDGE('',*,*,#2239,.F.);
#2857=ORIENTED_EDGE('',*,*,#2240,.F.);
#2858=ORIENTED_EDGE('',*,*,#2082,.F.);
#2859=ORIENTED_EDGE('',*,*,#2241,.F.);
#2860=ORIENTED_EDGE('',*,*,#2242,.F.);
#2861=ORIENTED_EDGE('',*,*,#2243,.F.);
#2862=ORIENTED_EDGE('',*,*,#2244,.F.);
#2863=ORIENTED_EDGE('',*,*,#2245,.F.);
#2864=ORIENTED_EDGE('',*,*,#2246,.F.);
#2865=ORIENTED_EDGE('',*,*,#2247,.F.);
#2866=ORIENTED_EDGE('',*,*,#2248,.F.);
#2867=ORIENTED_EDGE('',*,*,#2116,.F.);
#2868=ORIENTED_EDGE('',*,*,#2249,.F.);
#2869=ORIENTED_EDGE('',*,*,#2078,.F.);
#2870=ORIENTED_EDGE('',*,*,#2250,.F.);
#2871=ORIENTED_EDGE('',*,*,#2251,.F.);
#2872=ORIENTED_EDGE('',*,*,#2252,.F.);
#2873=ORIENTED_EDGE('',*,*,#2253,.F.);
#2874=ORIENTED_EDGE('',*,*,#2254,.F.);
#2875=ORIENTED_EDGE('',*,*,#2255,.F.);
#2876=ORIENTED_EDGE('',*,*,#2192,.F.);
#2877=ORIENTED_EDGE('',*,*,#2127,.F.);
#2878=ORIENTED_EDGE('',*,*,#2256,.F.);
#2879=ORIENTED_EDGE('',*,*,#2257,.F.);
#2880=ORIENTED_EDGE('',*,*,#2258,.T.);
#2881=ORIENTED_EDGE('',*,*,#2259,.T.);
#2882=ORIENTED_EDGE('',*,*,#2189,.T.);
#2883=ORIENTED_EDGE('',*,*,#2188,.T.);
#2884=ORIENTED_EDGE('',*,*,#2259,.F.);
#2885=ORIENTED_EDGE('',*,*,#2260,.T.);
#2886=ORIENTED_EDGE('',*,*,#2261,.T.);
#2887=ORIENTED_EDGE('',*,*,#2262,.T.);
#2888=ORIENTED_EDGE('',*,*,#2263,.T.);
#2889=ORIENTED_EDGE('',*,*,#2264,.T.);
#2890=ORIENTED_EDGE('',*,*,#2265,.T.);
#2891=ORIENTED_EDGE('',*,*,#2190,.T.);
#2892=ORIENTED_EDGE('',*,*,#2258,.F.);
#2893=ORIENTED_EDGE('',*,*,#2187,.T.);
#2894=ORIENTED_EDGE('',*,*,#2266,.F.);
#2895=ORIENTED_EDGE('',*,*,#2139,.F.);
#2896=ORIENTED_EDGE('',*,*,#2267,.T.);
#2897=ORIENTED_EDGE('',*,*,#2268,.F.);
#2898=ORIENTED_EDGE('',*,*,#2260,.F.);
#2899=ORIENTED_EDGE('',*,*,#2269,.F.);
#2900=ORIENTED_EDGE('',*,*,#2270,.T.);
#2901=ORIENTED_EDGE('',*,*,#2271,.F.);
#2902=ORIENTED_EDGE('',*,*,#2272,.F.);
#2903=ORIENTED_EDGE('',*,*,#2270,.F.);
#2904=ORIENTED_EDGE('',*,*,#2273,.F.);
#2905=ORIENTED_EDGE('',*,*,#2274,.F.);
#2906=ORIENTED_EDGE('',*,*,#2275,.T.);
#2907=ORIENTED_EDGE('',*,*,#2276,.F.);
#2908=ORIENTED_EDGE('',*,*,#2277,.F.);
#2909=ORIENTED_EDGE('',*,*,#2275,.F.);
#2910=ORIENTED_EDGE('',*,*,#2278,.F.);
#2911=ORIENTED_EDGE('',*,*,#2279,.F.);
#2912=ORIENTED_EDGE('',*,*,#2280,.T.);
#2913=ORIENTED_EDGE('',*,*,#2281,.T.);
#2914=ORIENTED_EDGE('',*,*,#2282,.T.);
#2915=ORIENTED_EDGE('',*,*,#2280,.F.);
#2916=ORIENTED_EDGE('',*,*,#2283,.F.);
#2917=ORIENTED_EDGE('',*,*,#2284,.T.);
#2918=ORIENTED_EDGE('',*,*,#2285,.T.);
#2919=ORIENTED_EDGE('',*,*,#2215,.F.);
#2920=ORIENTED_EDGE('',*,*,#2216,.F.);
#2921=ORIENTED_EDGE('',*,*,#2285,.F.);
#2922=ORIENTED_EDGE('',*,*,#2286,.F.);
#2923=ORIENTED_EDGE('',*,*,#2287,.T.);
#2924=ORIENTED_EDGE('',*,*,#2288,.F.);
#2925=ORIENTED_EDGE('',*,*,#2287,.F.);
#2926=ORIENTED_EDGE('',*,*,#2289,.F.);
#2927=ORIENTED_EDGE('',*,*,#2290,.T.);
#2928=ORIENTED_EDGE('',*,*,#2291,.F.);
#2929=ORIENTED_EDGE('',*,*,#2290,.F.);
#2930=ORIENTED_EDGE('',*,*,#2292,.F.);
#2931=ORIENTED_EDGE('',*,*,#2293,.T.);
#2932=ORIENTED_EDGE('',*,*,#2294,.F.);
#2933=ORIENTED_EDGE('',*,*,#2293,.F.);
#2934=ORIENTED_EDGE('',*,*,#2295,.F.);
#2935=ORIENTED_EDGE('',*,*,#2296,.T.);
#2936=ORIENTED_EDGE('',*,*,#2297,.F.);
#2937=ORIENTED_EDGE('',*,*,#2296,.F.);
#2938=ORIENTED_EDGE('',*,*,#2085,.F.);
#2939=ORIENTED_EDGE('',*,*,#2298,.T.);
#2940=ORIENTED_EDGE('',*,*,#2299,.F.);
#2941=ORIENTED_EDGE('',*,*,#2300,.F.);
#2942=ORIENTED_EDGE('',*,*,#2301,.F.);
#2943=ORIENTED_EDGE('',*,*,#2302,.F.);
#2944=ORIENTED_EDGE('',*,*,#2303,.F.);
#2945=ORIENTED_EDGE('',*,*,#2298,.F.);
#2946=ORIENTED_EDGE('',*,*,#2304,.F.);
#2947=ORIENTED_EDGE('',*,*,#2305,.T.);
#2948=ORIENTED_EDGE('',*,*,#2306,.T.);
#2949=ORIENTED_EDGE('',*,*,#2305,.F.);
#2950=ORIENTED_EDGE('',*,*,#2307,.T.);
#2951=ORIENTED_EDGE('',*,*,#2308,.T.);
#2952=ORIENTED_EDGE('',*,*,#2271,.T.);
#2953=ORIENTED_EDGE('',*,*,#2272,.T.);
#2954=ORIENTED_EDGE('',*,*,#2308,.F.);
#2955=ORIENTED_EDGE('',*,*,#2253,.T.);
#2956=ORIENTED_EDGE('',*,*,#2309,.T.);
#2957=ORIENTED_EDGE('',*,*,#2276,.T.);
#2958=ORIENTED_EDGE('',*,*,#2277,.T.);
#2959=ORIENTED_EDGE('',*,*,#2309,.F.);
#2960=ORIENTED_EDGE('',*,*,#2254,.T.);
#2961=ORIENTED_EDGE('',*,*,#2310,.T.);
#2962=ORIENTED_EDGE('',*,*,#2311,.T.);
#2963=ORIENTED_EDGE('',*,*,#2310,.F.);
#2964=ORIENTED_EDGE('',*,*,#2249,.T.);
#2965=ORIENTED_EDGE('',*,*,#2312,.T.);
#2966=ORIENTED_EDGE('',*,*,#2313,.T.);
#2967=ORIENTED_EDGE('',*,*,#2312,.F.);
#2968=ORIENTED_EDGE('',*,*,#2314,.F.);
#2969=ORIENTED_EDGE('',*,*,#2315,.T.);
#2970=ORIENTED_EDGE('',*,*,#2255,.T.);
#2971=ORIENTED_EDGE('',*,*,#2315,.F.);
#2972=ORIENTED_EDGE('',*,*,#2153,.F.);
#2973=ORIENTED_EDGE('',*,*,#2316,.T.);
#2974=ORIENTED_EDGE('',*,*,#2317,.F.);
#2975=ORIENTED_EDGE('',*,*,#2156,.T.);
#2976=ORIENTED_EDGE('',*,*,#2318,.F.);
#2977=ORIENTED_EDGE('',*,*,#2319,.F.);
#2978=ORIENTED_EDGE('',*,*,#2222,.F.);
#2979=ORIENTED_EDGE('',*,*,#2320,.F.);
#2980=ORIENTED_EDGE('',*,*,#2200,.T.);
#2981=ORIENTED_EDGE('',*,*,#2321,.F.);
#2982=ORIENTED_EDGE('',*,*,#2322,.F.);
#2983=ORIENTED_EDGE('',*,*,#2323,.F.);
#2984=ORIENTED_EDGE('',*,*,#2324,.F.);
#2985=ORIENTED_EDGE('',*,*,#2325,.F.);
#2986=ORIENTED_EDGE('',*,*,#2326,.T.);
#2987=ORIENTED_EDGE('',*,*,#2327,.F.);
#2988=ORIENTED_EDGE('',*,*,#2326,.F.);
#2989=ORIENTED_EDGE('',*,*,#2328,.T.);
#2990=ORIENTED_EDGE('',*,*,#2329,.T.);
#2991=ORIENTED_EDGE('',*,*,#2281,.F.);
#2992=ORIENTED_EDGE('',*,*,#2282,.F.);
#2993=ORIENTED_EDGE('',*,*,#2329,.F.);
#2994=ORIENTED_EDGE('',*,*,#2330,.T.);
#2995=ORIENTED_EDGE('',*,*,#2331,.F.);
#2996=ORIENTED_EDGE('',*,*,#2203,.T.);
#2997=ORIENTED_EDGE('',*,*,#2332,.T.);
#2998=ORIENTED_EDGE('',*,*,#2333,.T.);
#2999=ORIENTED_EDGE('',*,*,#2332,.F.);
#3000=ORIENTED_EDGE('',*,*,#2202,.T.);
#3001=ORIENTED_EDGE('',*,*,#2334,.T.);
#3002=ORIENTED_EDGE('',*,*,#2108,.T.);
#3003=ORIENTED_EDGE('',*,*,#2335,.T.);
#3004=ORIENTED_EDGE('',*,*,#2121,.F.);
#3005=ORIENTED_EDGE('',*,*,#2335,.F.);
#3006=ORIENTED_EDGE('',*,*,#2336,.T.);
#3007=ORIENTED_EDGE('',*,*,#2337,.F.);
#3008=ORIENTED_EDGE('',*,*,#2338,.T.);
#3009=ORIENTED_EDGE('',*,*,#2339,.T.);
#3010=ORIENTED_EDGE('',*,*,#2340,.F.);
#3011=ORIENTED_EDGE('',*,*,#2339,.F.);
#3012=ORIENTED_EDGE('',*,*,#2341,.T.);
#3013=ORIENTED_EDGE('',*,*,#2342,.F.);
#3014=ORIENTED_EDGE('',*,*,#2343,.F.);
#3015=ORIENTED_EDGE('',*,*,#2344,.T.);
#3016=ORIENTED_EDGE('',*,*,#2345,.F.);
#3017=ORIENTED_EDGE('',*,*,#2344,.F.);
#3018=ORIENTED_EDGE('',*,*,#2346,.F.);
#3019=ORIENTED_EDGE('',*,*,#2340,.T.);
#3020=ORIENTED_EDGE('',*,*,#2347,.T.);
#3021=ORIENTED_EDGE('',*,*,#2348,.F.);
#3022=ORIENTED_EDGE('',*,*,#2347,.F.);
#3023=ORIENTED_EDGE('',*,*,#2349,.F.);
#3024=ORIENTED_EDGE('',*,*,#2350,.T.);
#3025=ORIENTED_EDGE('',*,*,#2346,.T.);
#3026=ORIENTED_EDGE('',*,*,#2343,.T.);
#3027=ORIENTED_EDGE('',*,*,#2350,.F.);
#3028=ORIENTED_EDGE('',*,*,#2351,.F.);
#3029=ORIENTED_EDGE('',*,*,#2352,.T.);
#3030=ORIENTED_EDGE('',*,*,#2284,.F.);
#3031=ORIENTED_EDGE('',*,*,#2352,.F.);
#3032=ORIENTED_EDGE('',*,*,#2353,.T.);
#3033=ORIENTED_EDGE('',*,*,#2354,.T.);
#3034=ORIENTED_EDGE('',*,*,#2355,.T.);
#3035=ORIENTED_EDGE('',*,*,#2356,.T.);
#3036=ORIENTED_EDGE('',*,*,#2357,.T.);
#3037=ORIENTED_EDGE('',*,*,#2358,.T.);
#3038=ORIENTED_EDGE('',*,*,#2359,.T.);
#3039=ORIENTED_EDGE('',*,*,#2360,.T.);
#3040=ORIENTED_EDGE('',*,*,#2361,.T.);
#3041=ORIENTED_EDGE('',*,*,#2362,.T.);
#3042=ORIENTED_EDGE('',*,*,#2363,.T.);
#3043=ORIENTED_EDGE('',*,*,#2364,.T.);
#3044=ORIENTED_EDGE('',*,*,#2365,.T.);
#3045=ORIENTED_EDGE('',*,*,#2366,.T.);
#3046=ORIENTED_EDGE('',*,*,#2367,.T.);
#3047=ORIENTED_EDGE('',*,*,#2368,.T.);
#3048=ORIENTED_EDGE('',*,*,#2369,.T.);
#3049=ORIENTED_EDGE('',*,*,#2370,.T.);
#3050=ORIENTED_EDGE('',*,*,#2371,.T.);
#3051=ORIENTED_EDGE('',*,*,#2372,.T.);
#3052=ORIENTED_EDGE('',*,*,#2373,.T.);
#3053=ORIENTED_EDGE('',*,*,#2374,.T.);
#3054=ORIENTED_EDGE('',*,*,#2375,.T.);
#3055=ORIENTED_EDGE('',*,*,#2376,.T.);
#3056=ORIENTED_EDGE('',*,*,#2288,.T.);
#3057=ORIENTED_EDGE('',*,*,#2294,.T.);
#3058=ORIENTED_EDGE('',*,*,#2377,.F.);
#3059=ORIENTED_EDGE('',*,*,#2378,.T.);
#3060=ORIENTED_EDGE('',*,*,#2379,.T.);
#3061=ORIENTED_EDGE('',*,*,#2380,.F.);
#3062=ORIENTED_EDGE('',*,*,#2381,.F.);
#3063=ORIENTED_EDGE('',*,*,#2382,.T.);
#3064=ORIENTED_EDGE('',*,*,#2383,.T.);
#3065=ORIENTED_EDGE('',*,*,#2160,.T.);
#3066=ORIENTED_EDGE('',*,*,#2384,.T.);
#3067=ORIENTED_EDGE('',*,*,#2385,.T.);
#3068=ORIENTED_EDGE('',*,*,#2291,.T.);
#3069=ORIENTED_EDGE('',*,*,#2386,.T.);
#3070=ORIENTED_EDGE('',*,*,#2387,.T.);
#3071=ORIENTED_EDGE('',*,*,#2388,.T.);
#3072=ORIENTED_EDGE('',*,*,#2378,.F.);
#3073=ORIENTED_EDGE('',*,*,#2389,.T.);
#3074=ORIENTED_EDGE('',*,*,#2390,.T.);
#3075=ORIENTED_EDGE('',*,*,#2382,.F.);
#3076=ORIENTED_EDGE('',*,*,#2391,.T.);
#3077=ORIENTED_EDGE('',*,*,#2392,.T.);
#3078=ORIENTED_EDGE('',*,*,#2393,.T.);
#3079=ORIENTED_EDGE('',*,*,#2379,.F.);
#3080=ORIENTED_EDGE('',*,*,#2388,.F.);
#3081=ORIENTED_EDGE('',*,*,#2394,.F.);
#3082=ORIENTED_EDGE('',*,*,#2157,.F.);
#3083=ORIENTED_EDGE('',*,*,#2383,.F.);
#3084=ORIENTED_EDGE('',*,*,#2395,.F.);
#3085=ORIENTED_EDGE('',*,*,#2396,.T.);
#3086=ORIENTED_EDGE('',*,*,#2397,.T.);
#3087=ORIENTED_EDGE('',*,*,#2385,.F.);
#3088=ORIENTED_EDGE('',*,*,#2398,.T.);
#3089=ORIENTED_EDGE('',*,*,#2399,.T.);
#3090=ORIENTED_EDGE('',*,*,#2395,.T.);
#3091=ORIENTED_EDGE('',*,*,#2400,.F.);
#3092=ORIENTED_EDGE('',*,*,#2398,.F.);
#3093=ORIENTED_EDGE('',*,*,#2384,.F.);
#3094=ORIENTED_EDGE('',*,*,#2159,.F.);
#3095=ORIENTED_EDGE('',*,*,#2401,.F.);
#3096=ORIENTED_EDGE('',*,*,#2402,.T.);
#3097=ORIENTED_EDGE('',*,*,#2403,.T.);
#3098=ORIENTED_EDGE('',*,*,#2365,.F.);
#3099=ORIENTED_EDGE('',*,*,#2404,.T.);
#3100=ORIENTED_EDGE('',*,*,#2405,.F.);
#3101=ORIENTED_EDGE('',*,*,#2364,.F.);
#3102=ORIENTED_EDGE('',*,*,#2406,.T.);
#3103=ORIENTED_EDGE('',*,*,#2407,.F.);
#3104=ORIENTED_EDGE('',*,*,#2404,.F.);
#3105=ORIENTED_EDGE('',*,*,#2406,.F.);
#3106=ORIENTED_EDGE('',*,*,#2363,.F.);
#3107=ORIENTED_EDGE('',*,*,#2408,.T.);
#3108=ORIENTED_EDGE('',*,*,#2409,.F.);
#3109=ORIENTED_EDGE('',*,*,#2408,.F.);
#3110=ORIENTED_EDGE('',*,*,#2362,.F.);
#3111=ORIENTED_EDGE('',*,*,#2410,.T.);
#3112=ORIENTED_EDGE('',*,*,#2411,.F.);
#3113=ORIENTED_EDGE('',*,*,#2361,.F.);
#3114=ORIENTED_EDGE('',*,*,#2412,.T.);
#3115=ORIENTED_EDGE('',*,*,#2413,.F.);
#3116=ORIENTED_EDGE('',*,*,#2410,.F.);
#3117=ORIENTED_EDGE('',*,*,#2412,.F.);
#3118=ORIENTED_EDGE('',*,*,#2360,.F.);
#3119=ORIENTED_EDGE('',*,*,#2414,.T.);
#3120=ORIENTED_EDGE('',*,*,#2415,.T.);
#3121=ORIENTED_EDGE('',*,*,#2414,.F.);
#3122=ORIENTED_EDGE('',*,*,#2359,.F.);
#3123=ORIENTED_EDGE('',*,*,#2416,.T.);
#3124=ORIENTED_EDGE('',*,*,#2417,.F.);
#3125=ORIENTED_EDGE('',*,*,#2358,.F.);
#3126=ORIENTED_EDGE('',*,*,#2418,.T.);
#3127=ORIENTED_EDGE('',*,*,#2419,.F.);
#3128=ORIENTED_EDGE('',*,*,#2416,.F.);
#3129=ORIENTED_EDGE('',*,*,#2418,.F.);
#3130=ORIENTED_EDGE('',*,*,#2357,.F.);
#3131=ORIENTED_EDGE('',*,*,#2420,.T.);
#3132=ORIENTED_EDGE('',*,*,#2421,.T.);
#3133=ORIENTED_EDGE('',*,*,#2420,.F.);
#3134=ORIENTED_EDGE('',*,*,#2356,.F.);
#3135=ORIENTED_EDGE('',*,*,#2422,.T.);
#3136=ORIENTED_EDGE('',*,*,#2423,.F.);
#3137=ORIENTED_EDGE('',*,*,#2422,.F.);
#3138=ORIENTED_EDGE('',*,*,#2355,.F.);
#3139=ORIENTED_EDGE('',*,*,#2424,.T.);
#3140=ORIENTED_EDGE('',*,*,#2425,.T.);
#3141=ORIENTED_EDGE('',*,*,#2426,.T.);
#3142=ORIENTED_EDGE('',*,*,#2427,.T.);
#3143=ORIENTED_EDGE('',*,*,#2424,.F.);
#3144=ORIENTED_EDGE('',*,*,#2354,.F.);
#3145=ORIENTED_EDGE('',*,*,#2428,.T.);
#3146=ORIENTED_EDGE('',*,*,#2429,.T.);
#3147=ORIENTED_EDGE('',*,*,#2426,.F.);
#3148=ORIENTED_EDGE('',*,*,#2353,.F.);
#3149=ORIENTED_EDGE('',*,*,#2430,.T.);
#3150=ORIENTED_EDGE('',*,*,#2431,.T.);
#3151=ORIENTED_EDGE('',*,*,#2428,.F.);
#3152=ORIENTED_EDGE('',*,*,#2376,.F.);
#3153=ORIENTED_EDGE('',*,*,#2432,.T.);
#3154=ORIENTED_EDGE('',*,*,#2084,.T.);
#3155=ORIENTED_EDGE('',*,*,#2430,.F.);
#3156=ORIENTED_EDGE('',*,*,#2375,.F.);
#3157=ORIENTED_EDGE('',*,*,#2432,.F.);
#3158=ORIENTED_EDGE('',*,*,#2374,.F.);
#3159=ORIENTED_EDGE('',*,*,#2433,.T.);
#3160=ORIENTED_EDGE('',*,*,#2434,.F.);
#3161=ORIENTED_EDGE('',*,*,#2373,.F.);
#3162=ORIENTED_EDGE('',*,*,#2435,.T.);
#3163=ORIENTED_EDGE('',*,*,#2436,.F.);
#3164=ORIENTED_EDGE('',*,*,#2433,.F.);
#3165=ORIENTED_EDGE('',*,*,#2437,.T.);
#3166=ORIENTED_EDGE('',*,*,#2438,.T.);
#3167=ORIENTED_EDGE('',*,*,#2435,.F.);
#3168=ORIENTED_EDGE('',*,*,#2372,.F.);
#3169=ORIENTED_EDGE('',*,*,#2437,.F.);
#3170=ORIENTED_EDGE('',*,*,#2371,.F.);
#3171=ORIENTED_EDGE('',*,*,#2439,.T.);
#3172=ORIENTED_EDGE('',*,*,#2440,.F.);
#3173=ORIENTED_EDGE('',*,*,#2370,.F.);
#3174=ORIENTED_EDGE('',*,*,#2441,.T.);
#3175=ORIENTED_EDGE('',*,*,#2442,.F.);
#3176=ORIENTED_EDGE('',*,*,#2439,.F.);
#3177=ORIENTED_EDGE('',*,*,#2443,.T.);
#3178=ORIENTED_EDGE('',*,*,#2444,.T.);
#3179=ORIENTED_EDGE('',*,*,#2441,.F.);
#3180=ORIENTED_EDGE('',*,*,#2369,.F.);
#3181=ORIENTED_EDGE('',*,*,#2445,.T.);
#3182=ORIENTED_EDGE('',*,*,#2443,.F.);
#3183=ORIENTED_EDGE('',*,*,#2368,.F.);
#3184=ORIENTED_EDGE('',*,*,#2446,.T.);
#3185=ORIENTED_EDGE('',*,*,#2447,.T.);
#3186=ORIENTED_EDGE('',*,*,#2448,.T.);
#3187=ORIENTED_EDGE('',*,*,#2446,.F.);
#3188=ORIENTED_EDGE('',*,*,#2367,.F.);
#3189=ORIENTED_EDGE('',*,*,#2447,.F.);
#3190=ORIENTED_EDGE('',*,*,#2366,.F.);
#3191=ORIENTED_EDGE('',*,*,#2403,.F.);
#3192=ORIENTED_EDGE('',*,*,#2449,.T.);
#3193=ORIENTED_EDGE('',*,*,#2286,.T.);
#3194=ORIENTED_EDGE('',*,*,#2297,.T.);
#3195=ORIENTED_EDGE('',*,*,#2289,.T.);
#3196=ORIENTED_EDGE('',*,*,#2166,.T.);
#3197=ORIENTED_EDGE('',*,*,#2292,.T.);
#3198=ORIENTED_EDGE('',*,*,#2163,.T.);
#3199=ORIENTED_EDGE('',*,*,#2389,.F.);
#3200=ORIENTED_EDGE('',*,*,#2450,.T.);
#3201=ORIENTED_EDGE('',*,*,#2451,.T.);
#3202=ORIENTED_EDGE('',*,*,#2392,.F.);
#3203=ORIENTED_EDGE('',*,*,#2387,.F.);
#3204=ORIENTED_EDGE('',*,*,#2452,.T.);
#3205=ORIENTED_EDGE('',*,*,#2452,.F.);
#3206=ORIENTED_EDGE('',*,*,#2386,.F.);
#3207=ORIENTED_EDGE('',*,*,#2377,.T.);
#3208=ORIENTED_EDGE('',*,*,#2390,.F.);
#3209=ORIENTED_EDGE('',*,*,#2450,.F.);
#3210=ORIENTED_EDGE('',*,*,#2391,.F.);
#3211=ORIENTED_EDGE('',*,*,#2381,.T.);
#3212=ORIENTED_EDGE('',*,*,#2453,.T.);
#3213=ORIENTED_EDGE('',*,*,#2453,.F.);
#3214=ORIENTED_EDGE('',*,*,#2380,.T.);
#3215=ORIENTED_EDGE('',*,*,#2393,.F.);
#3216=ORIENTED_EDGE('',*,*,#2451,.F.);
#3217=ORIENTED_EDGE('',*,*,#2454,.T.);
#3218=ORIENTED_EDGE('',*,*,#2401,.T.);
#3219=ORIENTED_EDGE('',*,*,#2158,.F.);
#3220=ORIENTED_EDGE('',*,*,#2394,.T.);
#3221=ORIENTED_EDGE('',*,*,#2399,.F.);
#3222=ORIENTED_EDGE('',*,*,#2400,.T.);
#3223=ORIENTED_EDGE('',*,*,#2455,.T.);
#3224=ORIENTED_EDGE('',*,*,#2396,.F.);
#3225=ORIENTED_EDGE('',*,*,#2456,.T.);
#3226=ORIENTED_EDGE('',*,*,#2457,.T.);
#3227=ORIENTED_EDGE('',*,*,#2458,.T.);
#3228=ORIENTED_EDGE('',*,*,#2415,.F.);
#3229=ORIENTED_EDGE('',*,*,#2459,.T.);
#3230=ORIENTED_EDGE('',*,*,#2233,.T.);
#3231=ORIENTED_EDGE('',*,*,#2460,.T.);
#3232=ORIENTED_EDGE('',*,*,#2461,.T.);
#3233=ORIENTED_EDGE('',*,*,#2462,.T.);
#3234=ORIENTED_EDGE('',*,*,#2235,.T.);
#3235=ORIENTED_EDGE('',*,*,#2463,.T.);
#3236=ORIENTED_EDGE('',*,*,#2421,.F.);
#3237=ORIENTED_EDGE('',*,*,#2464,.T.);
#3238=ORIENTED_EDGE('',*,*,#2237,.T.);
#3239=ORIENTED_EDGE('',*,*,#2465,.T.);
#3240=ORIENTED_EDGE('',*,*,#2425,.F.);
#3241=ORIENTED_EDGE('',*,*,#2466,.T.);
#3242=ORIENTED_EDGE('',*,*,#2429,.F.);
#3243=ORIENTED_EDGE('',*,*,#2467,.T.);
#3244=ORIENTED_EDGE('',*,*,#2239,.T.);
#3245=ORIENTED_EDGE('',*,*,#2467,.F.);
#3246=ORIENTED_EDGE('',*,*,#2431,.F.);
#3247=ORIENTED_EDGE('',*,*,#2083,.T.);
#3248=ORIENTED_EDGE('',*,*,#2240,.T.);
#3249=ORIENTED_EDGE('',*,*,#2468,.T.);
#3250=ORIENTED_EDGE('',*,*,#2438,.F.);
#3251=ORIENTED_EDGE('',*,*,#2469,.T.);
#3252=ORIENTED_EDGE('',*,*,#2470,.T.);
#3253=ORIENTED_EDGE('',*,*,#2471,.T.);
#3254=ORIENTED_EDGE('',*,*,#2472,.T.);
#3255=ORIENTED_EDGE('',*,*,#2473,.T.);
#3256=ORIENTED_EDGE('',*,*,#2247,.T.);
#3257=ORIENTED_EDGE('',*,*,#2474,.T.);
#3258=ORIENTED_EDGE('',*,*,#2475,.T.);
#3259=ORIENTED_EDGE('',*,*,#2476,.T.);
#3260=ORIENTED_EDGE('',*,*,#2477,.T.);
#3261=ORIENTED_EDGE('',*,*,#2444,.F.);
#3262=ORIENTED_EDGE('',*,*,#2304,.T.);
#3263=ORIENTED_EDGE('',*,*,#2478,.T.);
#3264=ORIENTED_EDGE('',*,*,#2479,.T.);
#3265=ORIENTED_EDGE('',*,*,#2480,.T.);
#3266=ORIENTED_EDGE('',*,*,#2449,.F.);
#3267=ORIENTED_EDGE('',*,*,#2481,.T.);
#3268=ORIENTED_EDGE('',*,*,#2171,.T.);
#3269=ORIENTED_EDGE('',*,*,#2482,.T.);
#3270=ORIENTED_EDGE('',*,*,#2454,.F.);
#3271=ORIENTED_EDGE('',*,*,#2483,.F.);
#3272=ORIENTED_EDGE('',*,*,#2226,.F.);
#3273=ORIENTED_EDGE('',*,*,#2484,.F.);
#3274=ORIENTED_EDGE('',*,*,#2172,.F.);
#3275=ORIENTED_EDGE('',*,*,#2481,.F.);
#3276=ORIENTED_EDGE('',*,*,#2397,.F.);
#3277=ORIENTED_EDGE('',*,*,#2485,.F.);
#3278=ORIENTED_EDGE('',*,*,#2178,.F.);
#3279=ORIENTED_EDGE('',*,*,#2486,.F.);
#3280=ORIENTED_EDGE('',*,*,#2487,.F.);
#3281=ORIENTED_EDGE('',*,*,#2488,.F.);
#3282=ORIENTED_EDGE('',*,*,#2489,.F.);
#3283=ORIENTED_EDGE('',*,*,#2455,.F.);
#3284=ORIENTED_EDGE('',*,*,#2490,.T.);
#3285=ORIENTED_EDGE('',*,*,#2179,.T.);
#3286=ORIENTED_EDGE('',*,*,#2485,.T.);
#3287=ORIENTED_EDGE('',*,*,#2402,.F.);
#3288=ORIENTED_EDGE('',*,*,#2482,.F.);
#3289=ORIENTED_EDGE('',*,*,#2180,.F.);
#3290=ORIENTED_EDGE('',*,*,#2490,.F.);
#3291=ORIENTED_EDGE('',*,*,#2491,.F.);
#3292=ORIENTED_EDGE('',*,*,#2457,.F.);
#3293=ORIENTED_EDGE('',*,*,#2492,.F.);
#3294=ORIENTED_EDGE('',*,*,#2493,.F.);
#3295=ORIENTED_EDGE('',*,*,#2494,.F.);
#3296=ORIENTED_EDGE('',*,*,#2495,.F.);
#3297=ORIENTED_EDGE('',*,*,#2496,.F.);
#3298=ORIENTED_EDGE('',*,*,#2497,.F.);
#3299=ORIENTED_EDGE('',*,*,#2487,.T.);
#3300=ORIENTED_EDGE('',*,*,#2498,.F.);
#3301=ORIENTED_EDGE('',*,*,#2167,.F.);
#3302=ORIENTED_EDGE('',*,*,#2110,.F.);
#3303=ORIENTED_EDGE('',*,*,#2120,.F.);
#3304=ORIENTED_EDGE('',*,*,#2499,.F.);
#3305=ORIENTED_EDGE('',*,*,#2470,.F.);
#3306=ORIENTED_EDGE('',*,*,#2500,.F.);
#3307=ORIENTED_EDGE('',*,*,#2476,.F.);
#3308=ORIENTED_EDGE('',*,*,#2501,.F.);
#3309=ORIENTED_EDGE('',*,*,#2479,.F.);
#3310=ORIENTED_EDGE('',*,*,#2502,.F.);
#3311=ORIENTED_EDGE('',*,*,#2503,.F.);
#3312=ORIENTED_EDGE('',*,*,#2307,.F.);
#3313=ORIENTED_EDGE('',*,*,#2492,.T.);
#3314=ORIENTED_EDGE('',*,*,#2456,.F.);
#3315=ORIENTED_EDGE('',*,*,#2504,.F.);
#3316=ORIENTED_EDGE('',*,*,#2505,.F.);
#3317=ORIENTED_EDGE('',*,*,#2504,.T.);
#3318=ORIENTED_EDGE('',*,*,#2461,.F.);
#3319=ORIENTED_EDGE('',*,*,#2506,.F.);
#3320=ORIENTED_EDGE('',*,*,#2507,.F.);
#3321=ORIENTED_EDGE('',*,*,#2506,.T.);
#3322=ORIENTED_EDGE('',*,*,#2460,.F.);
#3323=ORIENTED_EDGE('',*,*,#2232,.F.);
#3324=ORIENTED_EDGE('',*,*,#2508,.F.);
#3325=ORIENTED_EDGE('',*,*,#2463,.F.);
#3326=ORIENTED_EDGE('',*,*,#2234,.T.);
#3327=ORIENTED_EDGE('',*,*,#2459,.F.);
#3328=ORIENTED_EDGE('',*,*,#2417,.T.);
#3329=ORIENTED_EDGE('',*,*,#2419,.T.);
#3330=ORIENTED_EDGE('',*,*,#2458,.F.);
#3331=ORIENTED_EDGE('',*,*,#2491,.T.);
#3332=ORIENTED_EDGE('',*,*,#2509,.T.);
#3333=ORIENTED_EDGE('',*,*,#2411,.T.);
#3334=ORIENTED_EDGE('',*,*,#2413,.T.);
#3335=ORIENTED_EDGE('',*,*,#2465,.F.);
#3336=ORIENTED_EDGE('',*,*,#2236,.T.);
#3337=ORIENTED_EDGE('',*,*,#2462,.F.);
#3338=ORIENTED_EDGE('',*,*,#2423,.T.);
#3339=ORIENTED_EDGE('',*,*,#2464,.F.);
#3340=ORIENTED_EDGE('',*,*,#2427,.F.);
#3341=ORIENTED_EDGE('',*,*,#2466,.F.);
#3342=ORIENTED_EDGE('',*,*,#2238,.T.);
#3343=ORIENTED_EDGE('',*,*,#2510,.F.);
#3344=ORIENTED_EDGE('',*,*,#2080,.F.);
#3345=ORIENTED_EDGE('',*,*,#2511,.F.);
#3346=ORIENTED_EDGE('',*,*,#2512,.F.);
#3347=ORIENTED_EDGE('',*,*,#2079,.F.);
#3348=ORIENTED_EDGE('',*,*,#2252,.T.);
#3349=ORIENTED_EDGE('',*,*,#2513,.T.);
#3350=ORIENTED_EDGE('',*,*,#2511,.T.);
#3351=ORIENTED_EDGE('',*,*,#2514,.T.);
#3352=ORIENTED_EDGE('',*,*,#2250,.T.);
#3353=ORIENTED_EDGE('',*,*,#2077,.F.);
#3354=ORIENTED_EDGE('',*,*,#2515,.T.);
#3355=ORIENTED_EDGE('',*,*,#2516,.F.);
#3356=ORIENTED_EDGE('',*,*,#2517,.F.);
#3357=ORIENTED_EDGE('',*,*,#2518,.F.);
#3358=ORIENTED_EDGE('',*,*,#2519,.F.);
#3359=ORIENTED_EDGE('',*,*,#2520,.F.);
#3360=ORIENTED_EDGE('',*,*,#2515,.F.);
#3361=ORIENTED_EDGE('',*,*,#2076,.F.);
#3362=ORIENTED_EDGE('',*,*,#2521,.F.);
#3363=ORIENTED_EDGE('',*,*,#2313,.F.);
#3364=ORIENTED_EDGE('',*,*,#2311,.F.);
#3365=ORIENTED_EDGE('',*,*,#2521,.T.);
#3366=ORIENTED_EDGE('',*,*,#2075,.F.);
#3367=ORIENTED_EDGE('',*,*,#2522,.T.);
#3368=ORIENTED_EDGE('',*,*,#2523,.T.);
#3369=ORIENTED_EDGE('',*,*,#2074,.F.);
#3370=ORIENTED_EDGE('',*,*,#2524,.T.);
#3371=ORIENTED_EDGE('',*,*,#2525,.T.);
#3372=ORIENTED_EDGE('',*,*,#2526,.F.);
#3373=ORIENTED_EDGE('',*,*,#2527,.T.);
#3374=ORIENTED_EDGE('',*,*,#2528,.T.);
#3375=ORIENTED_EDGE('',*,*,#2529,.T.);
#3376=ORIENTED_EDGE('',*,*,#2522,.F.);
#3377=ORIENTED_EDGE('',*,*,#2468,.F.);
#3378=ORIENTED_EDGE('',*,*,#2530,.T.);
#3379=ORIENTED_EDGE('',*,*,#2524,.F.);
#3380=ORIENTED_EDGE('',*,*,#2073,.F.);
#3381=ORIENTED_EDGE('',*,*,#2434,.T.);
#3382=ORIENTED_EDGE('',*,*,#2436,.T.);
#3383=ORIENTED_EDGE('',*,*,#2530,.F.);
#3384=ORIENTED_EDGE('',*,*,#2474,.F.);
#3385=ORIENTED_EDGE('',*,*,#2246,.T.);
#3386=ORIENTED_EDGE('',*,*,#2531,.T.);
#3387=ORIENTED_EDGE('',*,*,#2525,.F.);
#3388=ORIENTED_EDGE('',*,*,#2532,.T.);
#3389=ORIENTED_EDGE('',*,*,#2117,.T.);
#3390=ORIENTED_EDGE('',*,*,#2248,.T.);
#3391=ORIENTED_EDGE('',*,*,#2473,.F.);
#3392=ORIENTED_EDGE('',*,*,#2472,.F.);
#3393=ORIENTED_EDGE('',*,*,#2533,.T.);
#3394=ORIENTED_EDGE('',*,*,#2118,.T.);
#3395=ORIENTED_EDGE('',*,*,#2532,.F.);
#3396=ORIENTED_EDGE('',*,*,#2533,.F.);
#3397=ORIENTED_EDGE('',*,*,#2471,.F.);
#3398=ORIENTED_EDGE('',*,*,#2499,.T.);
#3399=ORIENTED_EDGE('',*,*,#2119,.T.);
#3400=ORIENTED_EDGE('',*,*,#2477,.F.);
#3401=ORIENTED_EDGE('',*,*,#2500,.T.);
#3402=ORIENTED_EDGE('',*,*,#2469,.F.);
#3403=ORIENTED_EDGE('',*,*,#2440,.T.);
#3404=ORIENTED_EDGE('',*,*,#2442,.T.);
#3405=ORIENTED_EDGE('',*,*,#2445,.F.);
#3406=ORIENTED_EDGE('',*,*,#2448,.F.);
#3407=ORIENTED_EDGE('',*,*,#2480,.F.);
#3408=ORIENTED_EDGE('',*,*,#2501,.T.);
#3409=ORIENTED_EDGE('',*,*,#2475,.F.);
#3410=ORIENTED_EDGE('',*,*,#2534,.T.);
#3411=ORIENTED_EDGE('',*,*,#2502,.T.);
#3412=ORIENTED_EDGE('',*,*,#2478,.F.);
#3413=ORIENTED_EDGE('',*,*,#2405,.T.);
#3414=ORIENTED_EDGE('',*,*,#2407,.T.);
#3415=ORIENTED_EDGE('',*,*,#2273,.T.);
#3416=ORIENTED_EDGE('',*,*,#2269,.T.);
#3417=ORIENTED_EDGE('',*,*,#2295,.T.);
#3418=ORIENTED_EDGE('',*,*,#2278,.T.);
#3419=ORIENTED_EDGE('',*,*,#2274,.T.);
#3420=ORIENTED_EDGE('',*,*,#2164,.T.);
#3421=ORIENTED_EDGE('',*,*,#2283,.T.);
#3422=ORIENTED_EDGE('',*,*,#2279,.T.);
#3423=ORIENTED_EDGE('',*,*,#2161,.T.);
#3424=ORIENTED_EDGE('',*,*,#2489,.T.);
#3425=ORIENTED_EDGE('',*,*,#2535,.F.);
#3426=ORIENTED_EDGE('',*,*,#2536,.F.);
#3427=ORIENTED_EDGE('',*,*,#2537,.F.);
#3428=ORIENTED_EDGE('',*,*,#2537,.T.);
#3429=ORIENTED_EDGE('',*,*,#2538,.F.);
#3430=ORIENTED_EDGE('',*,*,#2227,.T.);
#3431=ORIENTED_EDGE('',*,*,#2483,.T.);
#3432=ORIENTED_EDGE('',*,*,#2225,.T.);
#3433=ORIENTED_EDGE('',*,*,#2539,.T.);
#3434=ORIENTED_EDGE('',*,*,#2173,.T.);
#3435=ORIENTED_EDGE('',*,*,#2484,.T.);
#3436=ORIENTED_EDGE('',*,*,#2177,.T.);
#3437=ORIENTED_EDGE('',*,*,#2168,.T.);
#3438=ORIENTED_EDGE('',*,*,#2498,.T.);
#3439=ORIENTED_EDGE('',*,*,#2486,.T.);
#3440=ORIENTED_EDGE('',*,*,#2497,.T.);
#3441=ORIENTED_EDGE('',*,*,#2540,.F.);
#3442=ORIENTED_EDGE('',*,*,#2535,.T.);
#3443=ORIENTED_EDGE('',*,*,#2488,.T.);
#3444=ORIENTED_EDGE('',*,*,#2509,.F.);
#3445=ORIENTED_EDGE('',*,*,#2503,.T.);
#3446=ORIENTED_EDGE('',*,*,#2534,.F.);
#3447=ORIENTED_EDGE('',*,*,#2409,.T.);
#3448=ORIENTED_EDGE('',*,*,#2541,.T.);
#3449=ORIENTED_EDGE('',*,*,#2542,.T.);
#3450=ORIENTED_EDGE('',*,*,#2228,.T.);
#3451=ORIENTED_EDGE('',*,*,#2538,.T.);
#3452=ORIENTED_EDGE('',*,*,#2536,.T.);
#3453=ORIENTED_EDGE('',*,*,#2540,.T.);
#3454=ORIENTED_EDGE('',*,*,#2496,.T.);
#3455=ORIENTED_EDGE('',*,*,#2543,.T.);
#3456=ORIENTED_EDGE('',*,*,#2493,.T.);
#3457=ORIENTED_EDGE('',*,*,#2505,.T.);
#3458=ORIENTED_EDGE('',*,*,#2507,.T.);
#3459=ORIENTED_EDGE('',*,*,#2508,.T.);
#3460=ORIENTED_EDGE('',*,*,#2231,.T.);
#3461=ORIENTED_EDGE('',*,*,#2544,.T.);
#3462=ORIENTED_EDGE('',*,*,#2545,.T.);
#3463=ORIENTED_EDGE('',*,*,#2546,.T.);
#3464=ORIENTED_EDGE('',*,*,#2547,.F.);
#3465=ORIENTED_EDGE('',*,*,#2548,.T.);
#3466=ORIENTED_EDGE('',*,*,#2512,.T.);
#3467=ORIENTED_EDGE('',*,*,#2513,.F.);
#3468=ORIENTED_EDGE('',*,*,#2251,.T.);
#3469=ORIENTED_EDGE('',*,*,#2514,.F.);
#3470=ORIENTED_EDGE('',*,*,#2520,.T.);
#3471=ORIENTED_EDGE('',*,*,#2549,.T.);
#3472=ORIENTED_EDGE('',*,*,#2244,.T.);
#3473=ORIENTED_EDGE('',*,*,#2550,.T.);
#3474=ORIENTED_EDGE('',*,*,#2527,.F.);
#3475=ORIENTED_EDGE('',*,*,#2551,.T.);
#3476=ORIENTED_EDGE('',*,*,#2552,.T.);
#3477=ORIENTED_EDGE('',*,*,#2553,.T.);
#3478=ORIENTED_EDGE('',*,*,#2154,.T.);
#3479=ORIENTED_EDGE('',*,*,#2317,.T.);
#3480=ORIENTED_EDGE('',*,*,#2554,.T.);
#3481=ORIENTED_EDGE('',*,*,#2212,.T.);
#3482=ORIENTED_EDGE('',*,*,#2555,.T.);
#3483=ORIENTED_EDGE('',*,*,#2217,.T.);
#3484=ORIENTED_EDGE('',*,*,#2115,.F.);
#3485=ORIENTED_EDGE('',*,*,#2107,.T.);
#3486=ORIENTED_EDGE('',*,*,#2556,.T.);
#3487=ORIENTED_EDGE('',*,*,#2557,.T.);
#3488=ORIENTED_EDGE('',*,*,#2207,.T.);
#3489=ORIENTED_EDGE('',*,*,#2558,.T.);
#3490=ORIENTED_EDGE('',*,*,#2218,.T.);
#3491=ORIENTED_EDGE('',*,*,#2555,.F.);
#3492=ORIENTED_EDGE('',*,*,#2211,.T.);
#3493=ORIENTED_EDGE('',*,*,#2559,.T.);
#3494=ORIENTED_EDGE('',*,*,#2560,.T.);
#3495=ORIENTED_EDGE('',*,*,#2561,.T.);
#3496=ORIENTED_EDGE('',*,*,#2206,.T.);
#3497=ORIENTED_EDGE('',*,*,#2562,.T.);
#3498=ORIENTED_EDGE('',*,*,#2219,.T.);
#3499=ORIENTED_EDGE('',*,*,#2558,.F.);
#3500=ORIENTED_EDGE('',*,*,#2563,.T.);
#3501=ORIENTED_EDGE('',*,*,#2564,.T.);
#3502=ORIENTED_EDGE('',*,*,#2220,.T.);
#3503=ORIENTED_EDGE('',*,*,#2562,.F.);
#3504=ORIENTED_EDGE('',*,*,#2205,.T.);
#3505=ORIENTED_EDGE('',*,*,#2565,.T.);
#3506=ORIENTED_EDGE('',*,*,#2566,.T.);
#3507=ORIENTED_EDGE('',*,*,#2320,.T.);
#3508=ORIENTED_EDGE('',*,*,#2221,.T.);
#3509=ORIENTED_EDGE('',*,*,#2564,.F.);
#3510=ORIENTED_EDGE('',*,*,#2567,.T.);
#3511=ORIENTED_EDGE('',*,*,#2322,.T.);
#3512=ORIENTED_EDGE('',*,*,#2321,.T.);
#3513=ORIENTED_EDGE('',*,*,#2199,.T.);
#3514=ORIENTED_EDGE('',*,*,#2568,.T.);
#3515=ORIENTED_EDGE('',*,*,#2223,.T.);
#3516=ORIENTED_EDGE('',*,*,#2319,.T.);
#3517=ORIENTED_EDGE('',*,*,#2569,.T.);
#3518=ORIENTED_EDGE('',*,*,#2229,.T.);
#3519=ORIENTED_EDGE('',*,*,#2542,.F.);
#3520=ORIENTED_EDGE('',*,*,#2570,.T.);
#3521=ORIENTED_EDGE('',*,*,#2571,.T.);
#3522=ORIENTED_EDGE('',*,*,#2572,.T.);
#3523=ORIENTED_EDGE('',*,*,#2241,.T.);
#3524=ORIENTED_EDGE('',*,*,#2081,.T.);
#3525=ORIENTED_EDGE('',*,*,#2510,.T.);
#3526=ORIENTED_EDGE('',*,*,#2548,.F.);
#3527=ORIENTED_EDGE('',*,*,#2573,.T.);
#3528=ORIENTED_EDGE('',*,*,#2574,.T.);
#3529=ORIENTED_EDGE('',*,*,#2518,.T.);
#3530=ORIENTED_EDGE('',*,*,#2575,.T.);
#3531=ORIENTED_EDGE('',*,*,#2242,.T.);
#3532=ORIENTED_EDGE('',*,*,#2572,.F.);
#3533=ORIENTED_EDGE('',*,*,#2243,.T.);
#3534=ORIENTED_EDGE('',*,*,#2575,.F.);
#3535=ORIENTED_EDGE('',*,*,#2517,.T.);
#3536=ORIENTED_EDGE('',*,*,#2576,.T.);
#3537=ORIENTED_EDGE('',*,*,#2528,.F.);
#3538=ORIENTED_EDGE('',*,*,#2550,.F.);
#3539=ORIENTED_EDGE('',*,*,#2577,.T.);
#3540=ORIENTED_EDGE('',*,*,#2549,.F.);
#3541=ORIENTED_EDGE('',*,*,#2519,.T.);
#3542=ORIENTED_EDGE('',*,*,#2574,.F.);
#3543=ORIENTED_EDGE('',*,*,#2516,.T.);
#3544=ORIENTED_EDGE('',*,*,#2523,.F.);
#3545=ORIENTED_EDGE('',*,*,#2529,.F.);
#3546=ORIENTED_EDGE('',*,*,#2576,.F.);
#3547=ORIENTED_EDGE('',*,*,#2578,.F.);
#3548=ORIENTED_EDGE('',*,*,#2579,.F.);
#3549=ORIENTED_EDGE('',*,*,#2104,.F.);
#3550=ORIENTED_EDGE('',*,*,#2580,.F.);
#3551=ORIENTED_EDGE('',*,*,#2301,.T.);
#3552=ORIENTED_EDGE('',*,*,#2581,.F.);
#3553=ORIENTED_EDGE('',*,*,#2302,.T.);
#3554=ORIENTED_EDGE('',*,*,#2580,.T.);
#3555=ORIENTED_EDGE('',*,*,#2103,.T.);
#3556=ORIENTED_EDGE('',*,*,#2582,.T.);
#3557=ORIENTED_EDGE('',*,*,#2583,.F.);
#3558=ORIENTED_EDGE('',*,*,#2584,.F.);
#3559=ORIENTED_EDGE('',*,*,#2131,.F.);
#3560=ORIENTED_EDGE('',*,*,#2135,.F.);
#3561=ORIENTED_EDGE('',*,*,#2585,.F.);
#3562=ORIENTED_EDGE('',*,*,#2586,.F.);
#3563=ORIENTED_EDGE('',*,*,#2299,.T.);
#3564=ORIENTED_EDGE('',*,*,#2303,.T.);
#3565=ORIENTED_EDGE('',*,*,#2582,.F.);
#3566=ORIENTED_EDGE('',*,*,#2102,.F.);
#3567=ORIENTED_EDGE('',*,*,#2581,.T.);
#3568=ORIENTED_EDGE('',*,*,#2300,.T.);
#3569=ORIENTED_EDGE('',*,*,#2586,.T.);
#3570=ORIENTED_EDGE('',*,*,#2587,.T.);
#3571=ORIENTED_EDGE('',*,*,#2245,.T.);
#3572=ORIENTED_EDGE('',*,*,#2551,.F.);
#3573=ORIENTED_EDGE('',*,*,#2526,.T.);
#3574=ORIENTED_EDGE('',*,*,#2531,.F.);
#3575=ORIENTED_EDGE('',*,*,#2306,.F.);
#3576=ORIENTED_EDGE('',*,*,#2327,.T.);
#3577=ORIENTED_EDGE('',*,*,#2197,.T.);
#3578=ORIENTED_EDGE('',*,*,#2588,.T.);
#3579=ORIENTED_EDGE('',*,*,#2175,.T.);
#3580=ORIENTED_EDGE('',*,*,#2589,.T.);
#3581=ORIENTED_EDGE('',*,*,#2224,.T.);
#3582=ORIENTED_EDGE('',*,*,#2568,.F.);
#3583=ORIENTED_EDGE('',*,*,#2198,.T.);
#3584=ORIENTED_EDGE('',*,*,#2589,.F.);
#3585=ORIENTED_EDGE('',*,*,#2174,.T.);
#3586=ORIENTED_EDGE('',*,*,#2539,.F.);
#3587=ORIENTED_EDGE('',*,*,#2590,.F.);
#3588=ORIENTED_EDGE('',*,*,#2591,.F.);
#3589=ORIENTED_EDGE('',*,*,#2545,.F.);
#3590=ORIENTED_EDGE('',*,*,#2592,.F.);
#3591=ORIENTED_EDGE('',*,*,#2570,.F.);
#3592=ORIENTED_EDGE('',*,*,#2541,.F.);
#3593=ORIENTED_EDGE('',*,*,#2495,.T.);
#3594=ORIENTED_EDGE('',*,*,#2593,.T.);
#3595=ORIENTED_EDGE('',*,*,#2590,.T.);
#3596=ORIENTED_EDGE('',*,*,#2543,.F.);
#3597=ORIENTED_EDGE('',*,*,#2176,.T.);
#3598=ORIENTED_EDGE('',*,*,#2594,.T.);
#3599=ORIENTED_EDGE('',*,*,#2595,.T.);
#3600=ORIENTED_EDGE('',*,*,#2113,.T.);
#3601=ORIENTED_EDGE('',*,*,#2170,.F.);
#3602=ORIENTED_EDGE('',*,*,#2593,.F.);
#3603=ORIENTED_EDGE('',*,*,#2494,.T.);
#3604=ORIENTED_EDGE('',*,*,#2546,.F.);
#3605=ORIENTED_EDGE('',*,*,#2591,.T.);
#3606=ORIENTED_EDGE('',*,*,#2592,.T.);
#3607=ORIENTED_EDGE('',*,*,#2544,.F.);
#3608=ORIENTED_EDGE('',*,*,#2230,.T.);
#3609=ORIENTED_EDGE('',*,*,#2569,.F.);
#3610=ORIENTED_EDGE('',*,*,#2314,.T.);
#3611=ORIENTED_EDGE('',*,*,#2155,.T.);
#3612=ORIENTED_EDGE('',*,*,#2553,.F.);
#3613=ORIENTED_EDGE('',*,*,#2596,.F.);
#3614=ORIENTED_EDGE('',*,*,#2597,.F.);
#3615=ORIENTED_EDGE('',*,*,#2137,.F.);
#3616=ORIENTED_EDGE('',*,*,#2145,.F.);
#3617=ORIENTED_EDGE('',*,*,#2148,.F.);
#3618=ORIENTED_EDGE('',*,*,#2598,.F.);
#3619=ORIENTED_EDGE('',*,*,#2596,.T.);
#3620=ORIENTED_EDGE('',*,*,#2552,.F.);
#3621=ORIENTED_EDGE('',*,*,#2599,.F.);
#3622=ORIENTED_EDGE('',*,*,#2133,.F.);
#3623=ORIENTED_EDGE('',*,*,#2191,.F.);
#3624=ORIENTED_EDGE('',*,*,#2265,.F.);
#3625=ORIENTED_EDGE('',*,*,#2600,.F.);
#3626=ORIENTED_EDGE('',*,*,#2557,.F.);
#3627=ORIENTED_EDGE('',*,*,#2601,.T.);
#3628=ORIENTED_EDGE('',*,*,#2602,.T.);
#3629=ORIENTED_EDGE('',*,*,#2603,.T.);
#3630=ORIENTED_EDGE('',*,*,#2599,.T.);
#3631=ORIENTED_EDGE('',*,*,#2106,.F.);
#3632=ORIENTED_EDGE('',*,*,#2604,.F.);
#3633=ORIENTED_EDGE('',*,*,#2601,.F.);
#3634=ORIENTED_EDGE('',*,*,#2556,.F.);
#3635=ORIENTED_EDGE('',*,*,#2316,.F.);
#3636=ORIENTED_EDGE('',*,*,#2152,.F.);
#3637=ORIENTED_EDGE('',*,*,#2213,.F.);
#3638=ORIENTED_EDGE('',*,*,#2554,.F.);
#3639=ORIENTED_EDGE('',*,*,#2208,.T.);
#3640=ORIENTED_EDGE('',*,*,#2561,.F.);
#3641=ORIENTED_EDGE('',*,*,#2605,.T.);
#3642=ORIENTED_EDGE('',*,*,#2606,.T.);
#3643=ORIENTED_EDGE('',*,*,#2607,.T.);
#3644=ORIENTED_EDGE('',*,*,#2605,.F.);
#3645=ORIENTED_EDGE('',*,*,#2560,.F.);
#3646=ORIENTED_EDGE('',*,*,#2608,.T.);
#3647=ORIENTED_EDGE('',*,*,#2609,.T.);
#3648=ORIENTED_EDGE('',*,*,#2210,.T.);
#3649=ORIENTED_EDGE('',*,*,#2610,.T.);
#3650=ORIENTED_EDGE('',*,*,#2611,.T.);
#3651=ORIENTED_EDGE('',*,*,#2608,.F.);
#3652=ORIENTED_EDGE('',*,*,#2559,.F.);
#3653=ORIENTED_EDGE('',*,*,#2204,.T.);
#3654=ORIENTED_EDGE('',*,*,#2331,.T.);
#3655=ORIENTED_EDGE('',*,*,#2612,.T.);
#3656=ORIENTED_EDGE('',*,*,#2565,.F.);
#3657=ORIENTED_EDGE('',*,*,#2571,.F.);
#3658=ORIENTED_EDGE('',*,*,#2547,.T.);
#3659=ORIENTED_EDGE('',*,*,#2577,.F.);
#3660=ORIENTED_EDGE('',*,*,#2573,.F.);
#3661=ORIENTED_EDGE('',*,*,#2613,.T.);
#3662=ORIENTED_EDGE('',*,*,#2602,.F.);
#3663=ORIENTED_EDGE('',*,*,#2614,.T.);
#3664=ORIENTED_EDGE('',*,*,#2578,.T.);
#3665=ORIENTED_EDGE('',*,*,#2614,.F.);
#3666=ORIENTED_EDGE('',*,*,#2604,.T.);
#3667=ORIENTED_EDGE('',*,*,#2105,.T.);
#3668=ORIENTED_EDGE('',*,*,#2579,.T.);
#3669=ORIENTED_EDGE('',*,*,#2615,.T.);
#3670=ORIENTED_EDGE('',*,*,#2123,.T.);
#3671=ORIENTED_EDGE('',*,*,#2129,.T.);
#3672=ORIENTED_EDGE('',*,*,#2132,.T.);
#3673=ORIENTED_EDGE('',*,*,#2584,.T.);
#3674=ORIENTED_EDGE('',*,*,#2616,.T.);
#3675=ORIENTED_EDGE('',*,*,#2134,.F.);
#3676=ORIENTED_EDGE('',*,*,#2603,.F.);
#3677=ORIENTED_EDGE('',*,*,#2617,.T.);
#3678=ORIENTED_EDGE('',*,*,#2585,.T.);
#3679=ORIENTED_EDGE('',*,*,#2618,.F.);
#3680=ORIENTED_EDGE('',*,*,#2616,.F.);
#3681=ORIENTED_EDGE('',*,*,#2583,.T.);
#3682=ORIENTED_EDGE('',*,*,#2101,.T.);
#3683=ORIENTED_EDGE('',*,*,#2587,.F.);
#3684=ORIENTED_EDGE('',*,*,#2617,.F.);
#3685=ORIENTED_EDGE('',*,*,#2613,.F.);
#3686=ORIENTED_EDGE('',*,*,#2619,.T.);
#3687=ORIENTED_EDGE('',*,*,#2182,.T.);
#3688=ORIENTED_EDGE('',*,*,#2214,.T.);
#3689=ORIENTED_EDGE('',*,*,#2150,.F.);
#3690=ORIENTED_EDGE('',*,*,#2196,.F.);
#3691=ORIENTED_EDGE('',*,*,#2620,.F.);
#3692=ORIENTED_EDGE('',*,*,#2594,.F.);
#3693=ORIENTED_EDGE('',*,*,#2588,.F.);
#3694=ORIENTED_EDGE('',*,*,#2114,.T.);
#3695=ORIENTED_EDGE('',*,*,#2621,.F.);
#3696=ORIENTED_EDGE('',*,*,#2622,.F.);
#3697=ORIENTED_EDGE('',*,*,#2093,.F.);
#3698=ORIENTED_EDGE('',*,*,#2621,.T.);
#3699=ORIENTED_EDGE('',*,*,#2595,.F.);
#3700=ORIENTED_EDGE('',*,*,#2623,.T.);
#3701=ORIENTED_EDGE('',*,*,#2624,.T.);
#3702=ORIENTED_EDGE('',*,*,#2138,.T.);
#3703=ORIENTED_EDGE('',*,*,#2597,.T.);
#3704=ORIENTED_EDGE('',*,*,#2598,.T.);
#3705=ORIENTED_EDGE('',*,*,#2625,.T.);
#3706=ORIENTED_EDGE('',*,*,#2626,.T.);
#3707=ORIENTED_EDGE('',*,*,#2627,.T.);
#3708=ORIENTED_EDGE('',*,*,#2628,.T.);
#3709=ORIENTED_EDGE('',*,*,#2267,.F.);
#3710=ORIENTED_EDGE('',*,*,#2629,.T.);
#3711=ORIENTED_EDGE('',*,*,#2630,.T.);
#3712=ORIENTED_EDGE('',*,*,#2256,.T.);
#3713=ORIENTED_EDGE('',*,*,#2631,.T.);
#3714=ORIENTED_EDGE('',*,*,#2632,.T.);
#3715=ORIENTED_EDGE('',*,*,#2633,.T.);
#3716=ORIENTED_EDGE('',*,*,#2193,.T.);
#3717=ORIENTED_EDGE('',*,*,#2257,.T.);
#3718=ORIENTED_EDGE('',*,*,#2634,.T.);
#3719=ORIENTED_EDGE('',*,*,#2610,.F.);
#3720=ORIENTED_EDGE('',*,*,#2209,.F.);
#3721=ORIENTED_EDGE('',*,*,#2607,.F.);
#3722=ORIENTED_EDGE('',*,*,#2635,.T.);
#3723=ORIENTED_EDGE('',*,*,#2606,.F.);
#3724=ORIENTED_EDGE('',*,*,#2609,.F.);
#3725=ORIENTED_EDGE('',*,*,#2611,.F.);
#3726=ORIENTED_EDGE('',*,*,#2635,.F.);
#3727=ORIENTED_EDGE('',*,*,#2636,.F.);
#3728=ORIENTED_EDGE('',*,*,#2637,.F.);
#3729=ORIENTED_EDGE('',*,*,#2336,.F.);
#3730=ORIENTED_EDGE('',*,*,#2638,.F.);
#3731=ORIENTED_EDGE('',*,*,#2098,.T.);
#3732=ORIENTED_EDGE('',*,*,#2639,.F.);
#3733=ORIENTED_EDGE('',*,*,#2099,.T.);
#3734=ORIENTED_EDGE('',*,*,#2638,.T.);
#3735=ORIENTED_EDGE('',*,*,#2342,.T.);
#3736=ORIENTED_EDGE('',*,*,#2640,.T.);
#3737=ORIENTED_EDGE('',*,*,#2124,.F.);
#3738=ORIENTED_EDGE('',*,*,#2615,.F.);
#3739=ORIENTED_EDGE('',*,*,#2618,.T.);
#3740=ORIENTED_EDGE('',*,*,#2100,.F.);
#3741=ORIENTED_EDGE('',*,*,#2640,.F.);
#3742=ORIENTED_EDGE('',*,*,#2341,.F.);
#3743=ORIENTED_EDGE('',*,*,#2338,.F.);
#3744=ORIENTED_EDGE('',*,*,#2641,.F.);
#3745=ORIENTED_EDGE('',*,*,#2642,.F.);
#3746=ORIENTED_EDGE('',*,*,#2125,.F.);
#3747=ORIENTED_EDGE('',*,*,#2149,.T.);
#3748=ORIENTED_EDGE('',*,*,#2146,.F.);
#3749=ORIENTED_EDGE('',*,*,#2143,.F.);
#3750=ORIENTED_EDGE('',*,*,#2643,.T.);
#3751=ORIENTED_EDGE('',*,*,#2183,.T.);
#3752=ORIENTED_EDGE('',*,*,#2619,.F.);
#3753=ORIENTED_EDGE('',*,*,#2325,.T.);
#3754=ORIENTED_EDGE('',*,*,#2345,.T.);
#3755=ORIENTED_EDGE('',*,*,#2333,.F.);
#3756=ORIENTED_EDGE('',*,*,#2328,.F.);
#3757=ORIENTED_EDGE('',*,*,#2623,.F.);
#3758=ORIENTED_EDGE('',*,*,#2620,.T.);
#3759=ORIENTED_EDGE('',*,*,#2195,.T.);
#3760=ORIENTED_EDGE('',*,*,#2644,.F.);
#3761=ORIENTED_EDGE('',*,*,#2624,.F.);
#3762=ORIENTED_EDGE('',*,*,#2644,.T.);
#3763=ORIENTED_EDGE('',*,*,#2194,.T.);
#3764=ORIENTED_EDGE('',*,*,#2633,.F.);
#3765=ORIENTED_EDGE('',*,*,#2645,.T.);
#3766=ORIENTED_EDGE('',*,*,#2646,.T.);
#3767=ORIENTED_EDGE('',*,*,#2094,.T.);
#3768=ORIENTED_EDGE('',*,*,#2622,.T.);
#3769=ORIENTED_EDGE('',*,*,#2096,.F.);
#3770=ORIENTED_EDGE('',*,*,#2647,.F.);
#3771=ORIENTED_EDGE('',*,*,#2629,.F.);
#3772=ORIENTED_EDGE('',*,*,#2648,.F.);
#3773=ORIENTED_EDGE('',*,*,#2649,.F.);
#3774=ORIENTED_EDGE('',*,*,#2263,.F.);
#3775=ORIENTED_EDGE('',*,*,#2650,.F.);
#3776=ORIENTED_EDGE('',*,*,#2626,.F.);
#3777=ORIENTED_EDGE('',*,*,#2625,.F.);
#3778=ORIENTED_EDGE('',*,*,#2600,.T.);
#3779=ORIENTED_EDGE('',*,*,#2264,.F.);
#3780=ORIENTED_EDGE('',*,*,#2649,.T.);
#3781=ORIENTED_EDGE('',*,*,#2261,.F.);
#3782=ORIENTED_EDGE('',*,*,#2268,.T.);
#3783=ORIENTED_EDGE('',*,*,#2628,.F.);
#3784=ORIENTED_EDGE('',*,*,#2651,.T.);
#3785=ORIENTED_EDGE('',*,*,#2627,.F.);
#3786=ORIENTED_EDGE('',*,*,#2650,.T.);
#3787=ORIENTED_EDGE('',*,*,#2262,.F.);
#3788=ORIENTED_EDGE('',*,*,#2651,.F.);
#3789=ORIENTED_EDGE('',*,*,#2643,.F.);
#3790=ORIENTED_EDGE('',*,*,#2142,.F.);
#3791=ORIENTED_EDGE('',*,*,#2652,.F.);
#3792=ORIENTED_EDGE('',*,*,#2184,.T.);
#3793=ORIENTED_EDGE('',*,*,#2141,.F.);
#3794=ORIENTED_EDGE('',*,*,#2653,.T.);
#3795=ORIENTED_EDGE('',*,*,#2185,.T.);
#3796=ORIENTED_EDGE('',*,*,#2652,.T.);
#3797=ORIENTED_EDGE('',*,*,#2140,.F.);
#3798=ORIENTED_EDGE('',*,*,#2266,.T.);
#3799=ORIENTED_EDGE('',*,*,#2186,.T.);
#3800=ORIENTED_EDGE('',*,*,#2653,.F.);
#3801=ORIENTED_EDGE('',*,*,#2654,.T.);
#3802=ORIENTED_EDGE('',*,*,#2645,.F.);
#3803=ORIENTED_EDGE('',*,*,#2634,.F.);
#3804=ORIENTED_EDGE('',*,*,#2630,.F.);
#3805=ORIENTED_EDGE('',*,*,#2655,.T.);
#3806=ORIENTED_EDGE('',*,*,#2636,.T.);
#3807=ORIENTED_EDGE('',*,*,#2656,.T.);
#3808=ORIENTED_EDGE('',*,*,#2632,.F.);
#3809=ORIENTED_EDGE('',*,*,#2126,.T.);
#3810=ORIENTED_EDGE('',*,*,#2642,.T.);
#3811=ORIENTED_EDGE('',*,*,#2657,.T.);
#3812=ORIENTED_EDGE('',*,*,#2631,.F.);
#3813=ORIENTED_EDGE('',*,*,#2330,.F.);
#3814=ORIENTED_EDGE('',*,*,#2658,.T.);
#3815=ORIENTED_EDGE('',*,*,#2323,.T.);
#3816=ORIENTED_EDGE('',*,*,#2567,.F.);
#3817=ORIENTED_EDGE('',*,*,#2318,.T.);
#3818=ORIENTED_EDGE('',*,*,#2566,.F.);
#3819=ORIENTED_EDGE('',*,*,#2563,.F.);
#3820=ORIENTED_EDGE('',*,*,#2612,.F.);
#3821=ORIENTED_EDGE('',*,*,#2201,.T.);
#3822=ORIENTED_EDGE('',*,*,#2324,.T.);
#3823=ORIENTED_EDGE('',*,*,#2658,.F.);
#3824=ORIENTED_EDGE('',*,*,#2334,.F.);
#3825=ORIENTED_EDGE('',*,*,#2639,.T.);
#3826=ORIENTED_EDGE('',*,*,#2097,.T.);
#3827=ORIENTED_EDGE('',*,*,#2648,.T.);
#3828=ORIENTED_EDGE('',*,*,#2656,.F.);
#3829=ORIENTED_EDGE('',*,*,#2641,.T.);
#3830=ORIENTED_EDGE('',*,*,#2337,.T.);
#3831=ORIENTED_EDGE('',*,*,#2637,.T.);
#3832=ORIENTED_EDGE('',*,*,#2659,.T.);
#3833=ORIENTED_EDGE('',*,*,#2647,.T.);
#3834=ORIENTED_EDGE('',*,*,#2095,.T.);
#3835=ORIENTED_EDGE('',*,*,#2646,.F.);
#3836=ORIENTED_EDGE('',*,*,#2654,.F.);
#3837=ORIENTED_EDGE('',*,*,#2655,.F.);
#3838=ORIENTED_EDGE('',*,*,#2657,.F.);
#3839=ORIENTED_EDGE('',*,*,#2659,.F.);
#3840=ORIENTED_EDGE('',*,*,#2349,.T.);
#3841=ORIENTED_EDGE('',*,*,#2348,.T.);
#3842=ORIENTED_EDGE('',*,*,#2086,.T.);
#3843=ORIENTED_EDGE('',*,*,#2351,.T.);
#3844=B_SPLINE_SURFACE_WITH_KNOTS('',3,3,((#5521,#5522,#5523,#5524,#5525,
#5526,#5527,#5528,#5529,#5530),(#5531,#5532,#5533,#5534,#5535,#5536,#5537,
#5538,#5539,#5540),(#5541,#5542,#5543,#5544,#5545,#5546,#5547,#5548,#5549,
#5550),(#5551,#5552,#5553,#5554,#5555,#5556,#5557,#5558,#5559,#5560)),
 .UNSPECIFIED.,.F.,.T.,.F.,(4,4),(4,1,1,1,1,1,1,4),(0.,1.),(-3.14159265358979,
-2.24399475256414,-1.34639685153848,-0.448798950512828,0.448798950512828,
1.34639685153848,2.24399475256414,3.14159265358979),.UNSPECIFIED.);
#3845=B_SPLINE_SURFACE_WITH_KNOTS('',3,3,((#6428,#6429,#6430,#6431,#6432),
(#6433,#6434,#6435,#6436,#6437),(#6438,#6439,#6440,#6441,#6442),(#6443,
#6444,#6445,#6446,#6447),(#6448,#6449,#6450,#6451,#6452),(#6453,#6454,#6455,
#6456,#6457)),.UNSPECIFIED.,.F.,.F.,.F.,(4,1,1,4),(4,1,4),(0.,0.5,0.785714285714286,
1.),(-0.000122531588863974,0.,0.835087580071769),.UNSPECIFIED.);
#3846=ADVANCED_FACE('',(#431),#3844,.T.);
#3847=ADVANCED_FACE('',(#432),#384,.F.);
#3848=ADVANCED_FACE('',(#433,#197,#198),#227,.T.);
#3849=ADVANCED_FACE('',(#434),#172,.F.);
#3850=ADVANCED_FACE('',(#435,#199),#228,.F.);
#3851=ADVANCED_FACE('',(#436),#173,.T.);
#3852=ADVANCED_FACE('',(#437),#229,.F.);
#3853=ADVANCED_FACE('',(#438),#230,.T.);
#3854=ADVANCED_FACE('',(#439,#200),#231,.T.);
#3855=ADVANCED_FACE('',(#440),#20,.T.);
#3856=ADVANCED_FACE('',(#441),#232,.T.);
#3857=ADVANCED_FACE('',(#442),#21,.T.);
#3858=ADVANCED_FACE('',(#443),#174,.T.);
#3859=ADVANCED_FACE('',(#444),#233,.T.);
#3860=ADVANCED_FACE('',(#445,#201),#234,.T.);
#3861=ADVANCED_FACE('',(#446),#235,.F.);
#3862=ADVANCED_FACE('',(#447),#236,.T.);
#3863=ADVANCED_FACE('',(#448),#175,.F.);
#3864=ADVANCED_FACE('',(#449),#176,.F.);
#3865=ADVANCED_FACE('',(#450),#237,.T.);
#3866=ADVANCED_FACE('',(#451),#238,.F.);
#3867=ADVANCED_FACE('',(#452),#177,.F.);
#3868=ADVANCED_FACE('',(#453,#202),#239,.T.);
#3869=ADVANCED_FACE('',(#454,#203,#204,#205,#206,#207),#240,.F.);
#3870=ADVANCED_FACE('',(#455),#241,.F.);
#3871=ADVANCED_FACE('',(#456),#3845,.T.);
#3872=ADVANCED_FACE('',(#457),#242,.T.);
#3873=ADVANCED_FACE('',(#458),#243,.T.);
#3874=ADVANCED_FACE('',(#459),#15,.T.);
#3875=ADVANCED_FACE('',(#460),#16,.T.);
#3876=ADVANCED_FACE('',(#461),#17,.T.);
#3877=ADVANCED_FACE('',(#462),#18,.T.);
#3878=ADVANCED_FACE('',(#463),#178,.F.);
#3879=ADVANCED_FACE('',(#464),#179,.F.);
#3880=ADVANCED_FACE('',(#465),#180,.F.);
#3881=ADVANCED_FACE('',(#466),#181,.F.);
#3882=ADVANCED_FACE('',(#467),#385,.F.);
#3883=ADVANCED_FACE('',(#468),#182,.T.);
#3884=ADVANCED_FACE('',(#469),#183,.T.);
#3885=ADVANCED_FACE('',(#470),#184,.T.);
#3886=ADVANCED_FACE('',(#471),#185,.F.);
#3887=ADVANCED_FACE('',(#472),#186,.F.);
#3888=ADVANCED_FACE('',(#473),#187,.F.);
#3889=ADVANCED_FACE('',(#474),#386,.T.);
#3890=ADVANCED_FACE('',(#475),#387,.F.);
#3891=ADVANCED_FACE('',(#476),#388,.F.);
#3892=ADVANCED_FACE('',(#477),#389,.F.);
#3893=ADVANCED_FACE('',(#478),#188,.T.);
#3894=ADVANCED_FACE('',(#479),#189,.T.);
#3895=ADVANCED_FACE('',(#480),#390,.F.);
#3896=ADVANCED_FACE('',(#481),#391,.F.);
#3897=ADVANCED_FACE('',(#482),#190,.F.);
#3898=ADVANCED_FACE('',(#483),#191,.F.);
#3899=ADVANCED_FACE('',(#484),#392,.F.);
#3900=ADVANCED_FACE('',(#485),#393,.F.);
#3901=ADVANCED_FACE('',(#486,#208,#209,#210,#211,#212),#244,.T.);
#3902=ADVANCED_FACE('',(#487),#245,.T.);
#3903=ADVANCED_FACE('',(#488),#246,.T.);
#3904=ADVANCED_FACE('',(#489),#247,.T.);
#3905=ADVANCED_FACE('',(#490),#248,.F.);
#3906=ADVANCED_FACE('',(#491),#249,.T.);
#3907=ADVANCED_FACE('',(#492),#250,.F.);
#3908=ADVANCED_FACE('',(#493),#22,.T.);
#3909=ADVANCED_FACE('',(#494),#23,.T.);
#3910=ADVANCED_FACE('',(#495),#394,.T.);
#3911=ADVANCED_FACE('',(#496),#24,.T.);
#3912=ADVANCED_FACE('',(#497),#25,.T.);
#3913=ADVANCED_FACE('',(#498),#395,.T.);
#3914=ADVANCED_FACE('',(#499),#26,.T.);
#3915=ADVANCED_FACE('',(#500),#27,.T.);
#3916=ADVANCED_FACE('',(#501),#396,.T.);
#3917=ADVANCED_FACE('',(#502),#28,.T.);
#3918=ADVANCED_FACE('',(#503),#397,.T.);
#3919=ADVANCED_FACE('',(#504),#29,.T.);
#3920=ADVANCED_FACE('',(#505),#398,.T.);
#3921=ADVANCED_FACE('',(#506),#30,.T.);
#3922=ADVANCED_FACE('',(#507),#399,.T.);
#3923=ADVANCED_FACE('',(#508),#31,.T.);
#3924=ADVANCED_FACE('',(#509),#32,.T.);
#3925=ADVANCED_FACE('',(#510),#400,.T.);
#3926=ADVANCED_FACE('',(#511),#33,.T.);
#3927=ADVANCED_FACE('',(#512),#34,.T.);
#3928=ADVANCED_FACE('',(#513),#401,.T.);
#3929=ADVANCED_FACE('',(#514),#35,.T.);
#3930=ADVANCED_FACE('',(#515),#36,.T.);
#3931=ADVANCED_FACE('',(#516),#402,.T.);
#3932=ADVANCED_FACE('',(#517,#213),#251,.T.);
#3933=ADVANCED_FACE('',(#518,#214),#252,.T.);
#3934=ADVANCED_FACE('',(#519,#215),#253,.T.);
#3935=ADVANCED_FACE('',(#520),#254,.T.);
#3936=ADVANCED_FACE('',(#521),#255,.T.);
#3937=ADVANCED_FACE('',(#522),#256,.T.);
#3938=ADVANCED_FACE('',(#523),#257,.T.);
#3939=ADVANCED_FACE('',(#524),#258,.T.);
#3940=ADVANCED_FACE('',(#525),#259,.T.);
#3941=ADVANCED_FACE('',(#526),#260,.T.);
#3942=ADVANCED_FACE('',(#527),#261,.T.);
#3943=ADVANCED_FACE('',(#528),#262,.T.);
#3944=ADVANCED_FACE('',(#529),#263,.T.);
#3945=ADVANCED_FACE('',(#530),#403,.T.);
#3946=ADVANCED_FACE('',(#531),#264,.T.);
#3947=ADVANCED_FACE('',(#532,#216),#265,.T.);
#3948=ADVANCED_FACE('',(#533),#266,.T.);
#3949=ADVANCED_FACE('',(#534),#267,.T.);
#3950=ADVANCED_FACE('',(#535),#268,.F.);
#3951=ADVANCED_FACE('',(#536),#269,.T.);
#3952=ADVANCED_FACE('',(#537),#270,.F.);
#3953=ADVANCED_FACE('',(#538,#217),#271,.F.);
#3954=ADVANCED_FACE('',(#539),#272,.F.);
#3955=ADVANCED_FACE('',(#540),#404,.F.);
#3956=ADVANCED_FACE('',(#541),#273,.F.);
#3957=ADVANCED_FACE('',(#542),#405,.T.);
#3958=ADVANCED_FACE('',(#543),#406,.T.);
#3959=ADVANCED_FACE('',(#544),#407,.T.);
#3960=ADVANCED_FACE('',(#545),#408,.F.);
#3961=ADVANCED_FACE('',(#546),#274,.F.);
#3962=ADVANCED_FACE('',(#547),#275,.T.);
#3963=ADVANCED_FACE('',(#548),#276,.T.);
#3964=ADVANCED_FACE('',(#549,#218,#219),#277,.F.);
#3965=ADVANCED_FACE('',(#550),#278,.T.);
#3966=ADVANCED_FACE('',(#551),#279,.T.);
#3967=ADVANCED_FACE('',(#552),#409,.T.);
#3968=ADVANCED_FACE('',(#553),#280,.T.);
#3969=ADVANCED_FACE('',(#554),#281,.T.);
#3970=ADVANCED_FACE('',(#555),#282,.T.);
#3971=ADVANCED_FACE('',(#556),#283,.T.);
#3972=ADVANCED_FACE('',(#557),#410,.T.);
#3973=ADVANCED_FACE('',(#558),#411,.F.);
#3974=ADVANCED_FACE('',(#559),#412,.T.);
#3975=ADVANCED_FACE('',(#560,#220),#284,.T.);
#3976=ADVANCED_FACE('',(#561,#221),#285,.T.);
#3977=ADVANCED_FACE('',(#562,#222),#286,.T.);
#3978=ADVANCED_FACE('',(#563),#413,.F.);
#3979=ADVANCED_FACE('',(#564),#287,.F.);
#3980=ADVANCED_FACE('',(#565),#288,.T.);
#3981=ADVANCED_FACE('',(#566),#289,.T.);
#3982=ADVANCED_FACE('',(#567),#290,.F.);
#3983=ADVANCED_FACE('',(#568),#291,.T.);
#3984=ADVANCED_FACE('',(#569),#292,.T.);
#3985=ADVANCED_FACE('',(#570),#293,.T.);
#3986=ADVANCED_FACE('',(#571),#294,.T.);
#3987=ADVANCED_FACE('',(#572),#295,.T.);
#3988=ADVANCED_FACE('',(#573),#296,.T.);
#3989=ADVANCED_FACE('',(#574),#192,.T.);
#3990=ADVANCED_FACE('',(#575),#297,.T.);
#3991=ADVANCED_FACE('',(#576),#298,.T.);
#3992=ADVANCED_FACE('',(#577),#299,.T.);
#3993=ADVANCED_FACE('',(#578),#300,.T.);
#3994=ADVANCED_FACE('',(#579),#301,.T.);
#3995=ADVANCED_FACE('',(#580),#302,.T.);
#3996=ADVANCED_FACE('',(#581),#303,.T.);
#3997=ADVANCED_FACE('',(#582),#193,.T.);
#3998=ADVANCED_FACE('',(#583),#304,.T.);
#3999=ADVANCED_FACE('',(#584),#194,.T.);
#4000=ADVANCED_FACE('',(#585),#414,.F.);
#4001=ADVANCED_FACE('',(#586),#415,.T.);
#4002=ADVANCED_FACE('',(#587),#416,.F.);
#4003=ADVANCED_FACE('',(#588),#417,.T.);
#4004=ADVANCED_FACE('',(#589),#418,.T.);
#4005=ADVANCED_FACE('',(#590,#223),#305,.T.);
#4006=ADVANCED_FACE('',(#591),#306,.T.);
#4007=ADVANCED_FACE('',(#592),#307,.T.);
#4008=ADVANCED_FACE('',(#593),#308,.F.);
#4009=ADVANCED_FACE('',(#594),#309,.T.);
#4010=ADVANCED_FACE('',(#595),#419,.T.);
#4011=ADVANCED_FACE('',(#596),#310,.T.);
#4012=ADVANCED_FACE('',(#597),#311,.T.);
#4013=ADVANCED_FACE('',(#598),#312,.T.);
#4014=ADVANCED_FACE('',(#599),#313,.F.);
#4015=ADVANCED_FACE('',(#600),#314,.F.);
#4016=ADVANCED_FACE('',(#601),#420,.T.);
#4017=ADVANCED_FACE('',(#602),#315,.F.);
#4018=ADVANCED_FACE('',(#603),#316,.F.);
#4019=ADVANCED_FACE('',(#604),#317,.T.);
#4020=ADVANCED_FACE('',(#605),#318,.T.);
#4021=ADVANCED_FACE('',(#606),#319,.T.);
#4022=ADVANCED_FACE('',(#607),#320,.T.);
#4023=ADVANCED_FACE('',(#608),#321,.T.);
#4024=ADVANCED_FACE('',(#609),#37,.T.);
#4025=ADVANCED_FACE('',(#610),#38,.T.);
#4026=ADVANCED_FACE('',(#611),#322,.T.);
#4027=ADVANCED_FACE('',(#612),#39,.T.);
#4028=ADVANCED_FACE('',(#613),#323,.F.);
#4029=ADVANCED_FACE('',(#614),#40,.T.);
#4030=ADVANCED_FACE('',(#615),#324,.T.);
#4031=ADVANCED_FACE('',(#616),#325,.F.);
#4032=ADVANCED_FACE('',(#617),#326,.F.);
#4033=ADVANCED_FACE('',(#618),#195,.T.);
#4034=ADVANCED_FACE('',(#619),#327,.T.);
#4035=ADVANCED_FACE('',(#620),#421,.T.);
#4036=ADVANCED_FACE('',(#621),#328,.T.);
#4037=ADVANCED_FACE('',(#622),#329,.T.);
#4038=ADVANCED_FACE('',(#623),#422,.T.);
#4039=ADVANCED_FACE('',(#624),#423,.F.);
#4040=ADVANCED_FACE('',(#625),#424,.T.);
#4041=ADVANCED_FACE('',(#626),#425,.F.);
#4042=ADVANCED_FACE('',(#627),#330,.T.);
#4043=ADVANCED_FACE('',(#628,#224),#331,.T.);
#4044=ADVANCED_FACE('',(#629,#225),#332,.F.);
#4045=ADVANCED_FACE('',(#630),#333,.F.);
#4046=ADVANCED_FACE('',(#631),#334,.T.);
#4047=ADVANCED_FACE('',(#632),#335,.F.);
#4048=ADVANCED_FACE('',(#633),#426,.F.);
#4049=ADVANCED_FACE('',(#634),#336,.T.);
#4050=ADVANCED_FACE('',(#635),#427,.T.);
#4051=ADVANCED_FACE('',(#636),#337,.T.);
#4052=ADVANCED_FACE('',(#637),#428,.F.);
#4053=ADVANCED_FACE('',(#638),#338,.T.);
#4054=ADVANCED_FACE('',(#639),#429,.T.);
#4055=ADVANCED_FACE('',(#640),#196,.T.);
#4056=ADVANCED_FACE('',(#641),#41,.T.);
#4057=ADVANCED_FACE('',(#642),#42,.T.);
#4058=ADVANCED_FACE('',(#643),#339,.T.);
#4059=ADVANCED_FACE('',(#644),#340,.T.);
#4060=ADVANCED_FACE('',(#645),#43,.T.);
#4061=ADVANCED_FACE('',(#646),#430,.T.);
#4062=ADVANCED_FACE('',(#647),#341,.T.);
#4063=ADVANCED_FACE('',(#648),#44,.T.);
#4064=ADVANCED_FACE('',(#649,#226),#342,.T.);
#4065=ADVANCED_FACE('',(#650),#343,.T.);
#4066=ADVANCED_FACE('',(#651),#344,.T.);
#4067=CLOSED_SHELL('',(#3846,#3847,#3848,#3849,#3850,#3851,#3852,#3853,
#3854,#3855,#3856,#3857,#3858,#3859,#3860,#3861,#3862,#3863,#3864,#3865,
#3866,#3867,#3868,#3869,#3870,#3871,#3872,#3873,#3874,#3875,#3876,#3877,
#3878,#3879,#3880,#3881,#3882,#3883,#3884,#3885,#3886,#3887,#3888,#3889,
#3890,#3891,#3892,#3893,#3894,#3895,#3896,#3897,#3898,#3899,#3900,#3901,
#3902,#3903,#3904,#3905,#3906,#3907,#3908,#3909,#3910,#3911,#3912,#3913,
#3914,#3915,#3916,#3917,#3918,#3919,#3920,#3921,#3922,#3923,#3924,#3925,
#3926,#3927,#3928,#3929,#3930,#3931,#3932,#3933,#3934,#3935,#3936,#3937,
#3938,#3939,#3940,#3941,#3942,#3943,#3944,#3945,#3946,#3947,#3948,#3949,
#3950,#3951,#3952,#3953,#3954,#3955,#3956,#3957,#3958,#3959,#3960,#3961,
#3962,#3963,#3964,#3965,#3966,#3967,#3968,#3969,#3970,#3971,#3972,#3973,
#3974,#3975,#3976,#3977,#3978,#3979,#3980,#3981,#3982,#3983,#3984,#3985,
#3986,#3987,#3988,#3989,#3990,#3991,#3992,#3993,#3994,#3995,#3996,#3997,
#3998,#3999,#4000,#4001,#4002,#4003,#4004,#4005,#4006,#4007,#4008,#4009,
#4010,#4011,#4012,#4013,#4014,#4015,#4016,#4017,#4018,#4019,#4020,#4021,
#4022,#4023,#4024,#4025,#4026,#4027,#4028,#4029,#4030,#4031,#4032,#4033,
#4034,#4035,#4036,#4037,#4038,#4039,#4040,#4041,#4042,#4043,#4044,#4045,
#4046,#4047,#4048,#4049,#4050,#4051,#4052,#4053,#4054,#4055,#4056,#4057,
#4058,#4059,#4060,#4061,#4062,#4063,#4064,#4065,#4066));
#4068=DERIVED_UNIT_ELEMENT(#4070,1.);
#4069=DERIVED_UNIT_ELEMENT(#10012,-3.);
#4070=(
MASS_UNIT()
NAMED_UNIT(*)
SI_UNIT(.KILO.,.GRAM.)
);
#4071=DERIVED_UNIT((#4068,#4069));
#4072=MEASURE_REPRESENTATION_ITEM('density measure',
POSITIVE_RATIO_MEASURE(1060.),#4071);
#4073=PROPERTY_DEFINITION_REPRESENTATION(#4078,#4075);
#4074=PROPERTY_DEFINITION_REPRESENTATION(#4079,#4076);
#4075=REPRESENTATION('material name',(#4077),#10009);
#4076=REPRESENTATION('density',(#4072),#10009);
#4077=DESCRIPTIVE_REPRESENTATION_ITEM('ABS Plastic','ABS Plastic');
#4078=PROPERTY_DEFINITION('material property','material name',#10019);
#4079=PROPERTY_DEFINITION('material property','density of part',#10019);
#4080=AXIS2_PLACEMENT_3D('',#5520,#4441,#4442);
#4081=AXIS2_PLACEMENT_3D('',#5584,#4444,#4445);
#4082=AXIS2_PLACEMENT_3D('',#5586,#4446,#4447);
#4083=AXIS2_PLACEMENT_3D('',#5588,#4449,#4450);
#4084=AXIS2_PLACEMENT_3D('',#5614,#4463,#4464);
#4085=AXIS2_PLACEMENT_3D('',#5615,#4465,#4466);
#4086=AXIS2_PLACEMENT_3D('',#5617,#4467,#4468);
#4087=AXIS2_PLACEMENT_3D('',#5620,#4470,#4471);
#4088=AXIS2_PLACEMENT_3D('',#5621,#4472,#4473);
#4089=AXIS2_PLACEMENT_3D('',#5626,#4475,#4476);
#4090=AXIS2_PLACEMENT_3D('',#5640,#4483,#4484);
#4091=AXIS2_PLACEMENT_3D('',#5642,#4485,#4486);
#4092=AXIS2_PLACEMENT_3D('',#5644,#4487,#4488);
#4093=AXIS2_PLACEMENT_3D('',#5646,#4489,#4490);
#4094=AXIS2_PLACEMENT_3D('',#5650,#4492,#4493);
#4095=AXIS2_PLACEMENT_3D('',#5652,#4494,#4495);
#4096=AXIS2_PLACEMENT_3D('',#5654,#4496,#4497);
#4097=AXIS2_PLACEMENT_3D('',#5656,#4498,#4499);
#4098=AXIS2_PLACEMENT_3D('',#5661,#4502,#4503);
#4099=AXIS2_PLACEMENT_3D('',#5662,#4504,#4505);
#4100=AXIS2_PLACEMENT_3D('',#5669,#4506,#4507);
#4101=AXIS2_PLACEMENT_3D('',#5674,#4508,#4509);
#4102=AXIS2_PLACEMENT_3D('',#5680,#4513,#4514);
#4103=AXIS2_PLACEMENT_3D('',#5692,#4521,#4522);
#4104=AXIS2_PLACEMENT_3D('',#5694,#4523,#4524);
#4105=AXIS2_PLACEMENT_3D('',#5711,#4526,#4527);
#4106=AXIS2_PLACEMENT_3D('',#5713,#4528,#4529);
#4107=AXIS2_PLACEMENT_3D('',#5715,#4530,#4531);
#4108=AXIS2_PLACEMENT_3D('',#5749,#4533,#4534);
#4109=AXIS2_PLACEMENT_3D('',#5769,#4538,#4539);
#4110=AXIS2_PLACEMENT_3D('',#5770,#4540,#4541);
#4111=AXIS2_PLACEMENT_3D('',#5805,#4543,#4544);
#4112=AXIS2_PLACEMENT_3D('',#5806,#4545,#4546);
#4113=AXIS2_PLACEMENT_3D('',#5814,#4547,#4548);
#4114=AXIS2_PLACEMENT_3D('',#5821,#4549,#4550);
#4115=AXIS2_PLACEMENT_3D('',#5851,#4551,#4552);
#4116=AXIS2_PLACEMENT_3D('',#5852,#4553,#4554);
#4117=AXIS2_PLACEMENT_3D('',#5858,#4558,#4559);
#4118=AXIS2_PLACEMENT_3D('',#5871,#4566,#4567);
#4119=AXIS2_PLACEMENT_3D('',#5872,#4568,#4569);
#4120=AXIS2_PLACEMENT_3D('',#5878,#4573,#4574);
#4121=AXIS2_PLACEMENT_3D('',#5887,#4579,#4580);
#4122=AXIS2_PLACEMENT_3D('',#5889,#4581,#4582);
#4123=AXIS2_PLACEMENT_3D('',#5892,#4584,#4585);
#4124=AXIS2_PLACEMENT_3D('',#5893,#4586,#4587);
#4125=AXIS2_PLACEMENT_3D('',#5895,#4588,#4589);
#4126=AXIS2_PLACEMENT_3D('',#5898,#4591,#4592);
#4127=AXIS2_PLACEMENT_3D('',#5899,#4593,#4594);
#4128=AXIS2_PLACEMENT_3D('',#5906,#4598,#4599);
#4129=AXIS2_PLACEMENT_3D('',#5907,#4600,#4601);
#4130=AXIS2_PLACEMENT_3D('',#5927,#4612,#4613);
#4131=AXIS2_PLACEMENT_3D('',#5930,#4614,#4615);
#4132=AXIS2_PLACEMENT_3D('',#5936,#4616,#4617);
#4133=AXIS2_PLACEMENT_3D('',#5967,#4618,#4619);
#4134=AXIS2_PLACEMENT_3D('',#5973,#4620,#4621);
#4135=AXIS2_PLACEMENT_3D('',#6041,#4632,#4633);
#4136=AXIS2_PLACEMENT_3D('',#6045,#4635,#4636);
#4137=AXIS2_PLACEMENT_3D('',#6047,#4637,#4638);
#4138=AXIS2_PLACEMENT_3D('',#6055,#4642,#4643);
#4139=AXIS2_PLACEMENT_3D('',#6063,#4647,#4648);
#4140=AXIS2_PLACEMENT_3D('',#6348,#4652,#4653);
#4141=AXIS2_PLACEMENT_3D('',#6352,#4655,#4656);
#4142=AXIS2_PLACEMENT_3D('',#6360,#4660,#4661);
#4143=AXIS2_PLACEMENT_3D('',#6384,#4673,#4674);
#4144=AXIS2_PLACEMENT_3D('',#6388,#4676,#4677);
#4145=AXIS2_PLACEMENT_3D('',#6392,#4679,#4680);
#4146=AXIS2_PLACEMENT_3D('',#6395,#4682,#4683);
#4147=AXIS2_PLACEMENT_3D('',#6401,#4686,#4687);
#4148=AXIS2_PLACEMENT_3D('',#6405,#4689,#4690);
#4149=AXIS2_PLACEMENT_3D('',#6412,#4694,#4695);
#4150=AXIS2_PLACEMENT_3D('',#6419,#4699,#4700);
#4151=AXIS2_PLACEMENT_3D('',#6421,#4701,#4702);
#4152=AXIS2_PLACEMENT_3D('',#6423,#4703,#4704);
#4153=AXIS2_PLACEMENT_3D('',#6424,#4705,#4706);
#4154=AXIS2_PLACEMENT_3D('',#6498,#4709,#4710);
#4155=AXIS2_PLACEMENT_3D('',#6502,#4712,#4713);
#4156=AXIS2_PLACEMENT_3D('',#6506,#4715,#4716);
#4157=AXIS2_PLACEMENT_3D('',#6510,#4719,#4720);
#4158=AXIS2_PLACEMENT_3D('',#6515,#4724,#4725);
#4159=AXIS2_PLACEMENT_3D('',#6664,#4726,#4727);
#4160=AXIS2_PLACEMENT_3D('',#6666,#4728,#4729);
#4161=AXIS2_PLACEMENT_3D('',#6667,#4730,#4731);
#4162=AXIS2_PLACEMENT_3D('',#6813,#4732,#4733);
#4163=AXIS2_PLACEMENT_3D('',#6962,#4734,#4735);
#4164=AXIS2_PLACEMENT_3D('',#6964,#4736,#4737);
#4165=AXIS2_PLACEMENT_3D('',#6965,#4738,#4739);
#4166=AXIS2_PLACEMENT_3D('',#7111,#4740,#4741);
#4167=AXIS2_PLACEMENT_3D('',#7260,#4742,#4743);
#4168=AXIS2_PLACEMENT_3D('',#7262,#4744,#4745);
#4169=AXIS2_PLACEMENT_3D('',#7263,#4746,#4747);
#4170=AXIS2_PLACEMENT_3D('',#7409,#4748,#4749);
#4171=AXIS2_PLACEMENT_3D('',#7411,#4750,#4751);
#4172=AXIS2_PLACEMENT_3D('',#7412,#4752,#4753);
#4173=AXIS2_PLACEMENT_3D('',#7413,#4754,#4755);
#4174=AXIS2_PLACEMENT_3D('',#7415,#4756,#4757);
#4175=AXIS2_PLACEMENT_3D('',#7418,#4759,#4760);
#4176=AXIS2_PLACEMENT_3D('',#7419,#4761,#4762);
#4177=AXIS2_PLACEMENT_3D('',#7421,#4763,#4764);
#4178=AXIS2_PLACEMENT_3D('',#7424,#4766,#4767);
#4179=AXIS2_PLACEMENT_3D('',#7425,#4768,#4769);
#4180=AXIS2_PLACEMENT_3D('',#7427,#4770,#4771);
#4181=AXIS2_PLACEMENT_3D('',#7430,#4773,#4774);
#4182=AXIS2_PLACEMENT_3D('',#7431,#4775,#4776);
#4183=AXIS2_PLACEMENT_3D('',#7433,#4777,#4778);
#4184=AXIS2_PLACEMENT_3D('',#7436,#4780,#4781);
#4185=AXIS2_PLACEMENT_3D('',#7437,#4782,#4783);
#4186=AXIS2_PLACEMENT_3D('',#7518,#4785,#4786);
#4187=AXIS2_PLACEMENT_3D('',#7520,#4787,#4788);
#4188=AXIS2_PLACEMENT_3D('',#7523,#4790,#4791);
#4189=AXIS2_PLACEMENT_3D('',#7524,#4792,#4793);
#4190=AXIS2_PLACEMENT_3D('',#7526,#4794,#4795);
#4191=AXIS2_PLACEMENT_3D('',#7528,#4797,#4798);
#4192=AXIS2_PLACEMENT_3D('',#7530,#4800,#4801);
#4193=AXIS2_PLACEMENT_3D('',#7533,#4803,#4804);
#4194=AXIS2_PLACEMENT_3D('',#7534,#4805,#4806);
#4195=AXIS2_PLACEMENT_3D('',#7537,#4808,#4809);
#4196=AXIS2_PLACEMENT_3D('',#7538,#4810,#4811);
#4197=AXIS2_PLACEMENT_3D('',#7540,#4812,#4813);
#4198=AXIS2_PLACEMENT_3D('',#7542,#4815,#4816);
#4199=AXIS2_PLACEMENT_3D('',#7545,#4818,#4819);
#4200=AXIS2_PLACEMENT_3D('',#7546,#4820,#4821);
#4201=AXIS2_PLACEMENT_3D('',#7549,#4822,#4823);
#4202=AXIS2_PLACEMENT_3D('',#7552,#4826,#4827);
#4203=AXIS2_PLACEMENT_3D('',#7558,#4830,#4831);
#4204=AXIS2_PLACEMENT_3D('',#7560,#4833,#4834);
#4205=AXIS2_PLACEMENT_3D('',#7562,#4835,#4836);
#4206=AXIS2_PLACEMENT_3D('',#7565,#4838,#4839);
#4207=AXIS2_PLACEMENT_3D('',#7566,#4840,#4841);
#4208=AXIS2_PLACEMENT_3D('',#7568,#4842,#4843);
#4209=AXIS2_PLACEMENT_3D('',#7570,#4845,#4846);
#4210=AXIS2_PLACEMENT_3D('',#7573,#4847,#4848);
#4211=AXIS2_PLACEMENT_3D('',#7583,#4850,#4851);
#4212=AXIS2_PLACEMENT_3D('',#7591,#4852,#4853);
#4213=AXIS2_PLACEMENT_3D('',#7593,#4855,#4856);
#4214=AXIS2_PLACEMENT_3D('',#7654,#4858,#4859);
#4215=AXIS2_PLACEMENT_3D('',#7684,#4860,#4861);
#4216=AXIS2_PLACEMENT_3D('',#7687,#4862,#4863);
#4217=AXIS2_PLACEMENT_3D('',#7690,#4865,#4866);
#4218=AXIS2_PLACEMENT_3D('',#7691,#4867,#4868);
#4219=AXIS2_PLACEMENT_3D('',#7692,#4869,#4870);
#4220=AXIS2_PLACEMENT_3D('',#7695,#4872,#4873);
#4221=AXIS2_PLACEMENT_3D('',#7696,#4874,#4875);
#4222=AXIS2_PLACEMENT_3D('',#7698,#4876,#4877);
#4223=AXIS2_PLACEMENT_3D('',#7700,#4879,#4880);
#4224=AXIS2_PLACEMENT_3D('',#7702,#4881,#4882);
#4225=AXIS2_PLACEMENT_3D('',#7704,#4884,#4885);
#4226=AXIS2_PLACEMENT_3D('',#7783,#4889,#4890);
#4227=AXIS2_PLACEMENT_3D('',#7785,#4891,#4892);
#4228=AXIS2_PLACEMENT_3D('',#7789,#4894,#4895);
#4229=AXIS2_PLACEMENT_3D('',#7791,#4896,#4897);
#4230=AXIS2_PLACEMENT_3D('',#7795,#4899,#4900);
#4231=AXIS2_PLACEMENT_3D('',#7797,#4901,#4902);
#4232=AXIS2_PLACEMENT_3D('',#7801,#4904,#4905);
#4233=AXIS2_PLACEMENT_3D('',#7803,#4906,#4907);
#4234=AXIS2_PLACEMENT_3D('',#8031,#4920,#4921);
#4235=AXIS2_PLACEMENT_3D('',#8037,#4925,#4926);
#4236=AXIS2_PLACEMENT_3D('',#8043,#4930,#4931);
#4237=AXIS2_PLACEMENT_3D('',#8047,#4934,#4935);
#4238=AXIS2_PLACEMENT_3D('',#8055,#4940,#4941);
#4239=AXIS2_PLACEMENT_3D('',#8059,#4944,#4945);
#4240=AXIS2_PLACEMENT_3D('',#8078,#4949,#4950);
#4241=AXIS2_PLACEMENT_3D('',#8080,#4951,#4952);
#4242=AXIS2_PLACEMENT_3D('',#8081,#4953,#4954);
#4243=AXIS2_PLACEMENT_3D('',#8095,#4955,#4956);
#4244=AXIS2_PLACEMENT_3D('',#8096,#4957,#4958);
#4245=AXIS2_PLACEMENT_3D('',#8097,#4959,#4960);
#4246=AXIS2_PLACEMENT_3D('',#8099,#4961,#4962);
#4247=AXIS2_PLACEMENT_3D('',#8114,#4964,#4965);
#4248=AXIS2_PLACEMENT_3D('',#8115,#4966,#4967);
#4249=AXIS2_PLACEMENT_3D('',#8129,#4968,#4969);
#4250=AXIS2_PLACEMENT_3D('',#8130,#4970,#4971);
#4251=AXIS2_PLACEMENT_3D('',#8131,#4972,#4973);
#4252=AXIS2_PLACEMENT_3D('',#8133,#4974,#4975);
#4253=AXIS2_PLACEMENT_3D('',#8148,#4977,#4978);
#4254=AXIS2_PLACEMENT_3D('',#8149,#4979,#4980);
#4255=AXIS2_PLACEMENT_3D('',#8163,#4981,#4982);
#4256=AXIS2_PLACEMENT_3D('',#8164,#4983,#4984);
#4257=AXIS2_PLACEMENT_3D('',#8165,#4985,#4986);
#4258=AXIS2_PLACEMENT_3D('',#8167,#4987,#4988);
#4259=AXIS2_PLACEMENT_3D('',#8188,#4990,#4991);
#4260=AXIS2_PLACEMENT_3D('',#8202,#4992,#4993);
#4261=AXIS2_PLACEMENT_3D('',#8204,#4994,#4995);
#4262=AXIS2_PLACEMENT_3D('',#8225,#4997,#4998);
#4263=AXIS2_PLACEMENT_3D('',#8232,#4999,#5000);
#4264=AXIS2_PLACEMENT_3D('',#8234,#5001,#5002);
#4265=AXIS2_PLACEMENT_3D('',#8266,#5004,#5005);
#4266=AXIS2_PLACEMENT_3D('',#8277,#5006,#5007);
#4267=AXIS2_PLACEMENT_3D('',#8278,#5008,#5009);
#4268=AXIS2_PLACEMENT_3D('',#8298,#5010,#5011);
#4269=AXIS2_PLACEMENT_3D('',#8299,#5012,#5013);
#4270=AXIS2_PLACEMENT_3D('',#8319,#5014,#5015);
#4271=AXIS2_PLACEMENT_3D('',#8320,#5016,#5017);
#4272=AXIS2_PLACEMENT_3D('',#8321,#5018,#5019);
#4273=AXIS2_PLACEMENT_3D('',#8323,#5020,#5021);
#4274=AXIS2_PLACEMENT_3D('',#8344,#5023,#5024);
#4275=AXIS2_PLACEMENT_3D('',#8345,#5025,#5026);
#4276=AXIS2_PLACEMENT_3D('',#8365,#5027,#5028);
#4277=AXIS2_PLACEMENT_3D('',#8366,#5029,#5030);
#4278=AXIS2_PLACEMENT_3D('',#8367,#5031,#5032);
#4279=AXIS2_PLACEMENT_3D('',#8369,#5033,#5034);
#4280=AXIS2_PLACEMENT_3D('',#8384,#5036,#5037);
#4281=AXIS2_PLACEMENT_3D('',#8385,#5038,#5039);
#4282=AXIS2_PLACEMENT_3D('',#8399,#5040,#5041);
#4283=AXIS2_PLACEMENT_3D('',#8400,#5042,#5043);
#4284=AXIS2_PLACEMENT_3D('',#8401,#5044,#5045);
#4285=AXIS2_PLACEMENT_3D('',#8403,#5047,#5048);
#4286=AXIS2_PLACEMENT_3D('',#8404,#5049,#5050);
#4287=AXIS2_PLACEMENT_3D('',#8405,#5051,#5052);
#4288=AXIS2_PLACEMENT_3D('',#8406,#5053,#5054);
#4289=AXIS2_PLACEMENT_3D('',#8411,#5058,#5059);
#4290=AXIS2_PLACEMENT_3D('',#8412,#5060,#5061);
#4291=AXIS2_PLACEMENT_3D('',#8414,#5063,#5064);
#4292=AXIS2_PLACEMENT_3D('',#8415,#5065,#5066);
#4293=AXIS2_PLACEMENT_3D('',#8417,#5068,#5069);
#4294=AXIS2_PLACEMENT_3D('',#8419,#5071,#5072);
#4295=AXIS2_PLACEMENT_3D('',#8429,#5078,#5079);
#4296=AXIS2_PLACEMENT_3D('',#8430,#5080,#5081);
#4297=AXIS2_PLACEMENT_3D('',#8433,#5084,#5085);
#4298=AXIS2_PLACEMENT_3D('',#8436,#5088,#5089);
#4299=AXIS2_PLACEMENT_3D('',#8439,#5092,#5093);
#4300=AXIS2_PLACEMENT_3D('',#8440,#5094,#5095);
#4301=AXIS2_PLACEMENT_3D('',#8453,#5103,#5104);
#4302=AXIS2_PLACEMENT_3D('',#8459,#5108,#5109);
#4303=AXIS2_PLACEMENT_3D('',#8465,#5113,#5114);
#4304=AXIS2_PLACEMENT_3D('',#8468,#5117,#5118);
#4305=AXIS2_PLACEMENT_3D('',#8479,#5125,#5126);
#4306=AXIS2_PLACEMENT_3D('',#8480,#5127,#5128);
#4307=AXIS2_PLACEMENT_3D('',#8482,#5130,#5131);
#4308=AXIS2_PLACEMENT_3D('',#8483,#5132,#5133);
#4309=AXIS2_PLACEMENT_3D('',#8485,#5134,#5135);
#4310=AXIS2_PLACEMENT_3D('',#8499,#5144,#5145);
#4311=AXIS2_PLACEMENT_3D('',#8500,#5146,#5147);
#4312=AXIS2_PLACEMENT_3D('',#8502,#5148,#5149);
#4313=AXIS2_PLACEMENT_3D('',#8504,#5151,#5152);
#4314=AXIS2_PLACEMENT_3D('',#8508,#5155,#5156);
#4315=AXIS2_PLACEMENT_3D('',#8511,#5158,#5159);
#4316=AXIS2_PLACEMENT_3D('',#8512,#5160,#5161);
#4317=AXIS2_PLACEMENT_3D('',#8514,#5163,#5164);
#4318=AXIS2_PLACEMENT_3D('',#8515,#5165,#5166);
#4319=AXIS2_PLACEMENT_3D('',#8517,#5168,#5169);
#4320=AXIS2_PLACEMENT_3D('',#8518,#5170,#5171);
#4321=AXIS2_PLACEMENT_3D('',#8519,#5172,#5173);
#4322=AXIS2_PLACEMENT_3D('',#8525,#5177,#5178);
#4323=AXIS2_PLACEMENT_3D('',#8527,#5180,#5181);
#4324=AXIS2_PLACEMENT_3D('',#8531,#5184,#5185);
#4325=AXIS2_PLACEMENT_3D('',#8534,#5186,#5187);
#4326=AXIS2_PLACEMENT_3D('',#8536,#5188,#5189);
#4327=AXIS2_PLACEMENT_3D('',#8543,#5194,#5195);
#4328=AXIS2_PLACEMENT_3D('',#8547,#5198,#5199);
#4329=AXIS2_PLACEMENT_3D('',#8549,#5200,#5201);
#4330=AXIS2_PLACEMENT_3D('',#8553,#5203,#5204);
#4331=AXIS2_PLACEMENT_3D('',#8557,#5206,#5207);
#4332=AXIS2_PLACEMENT_3D('',#8558,#5208,#5209);
#4333=AXIS2_PLACEMENT_3D('',#8559,#5210,#5211);
#4334=AXIS2_PLACEMENT_3D('',#8560,#5212,#5213);
#4335=AXIS2_PLACEMENT_3D('',#8561,#5214,#5215);
#4336=AXIS2_PLACEMENT_3D('',#8563,#5217,#5218);
#4337=AXIS2_PLACEMENT_3D('',#8565,#5220,#5221);
#4338=AXIS2_PLACEMENT_3D('',#8567,#5223,#5224);
#4339=AXIS2_PLACEMENT_3D('',#8568,#5225,#5226);
#4340=AXIS2_PLACEMENT_3D('',#8569,#5227,#5228);
#4341=AXIS2_PLACEMENT_3D('',#8570,#5229,#5230);
#4342=AXIS2_PLACEMENT_3D('',#8572,#5232,#5233);
#4343=AXIS2_PLACEMENT_3D('',#8573,#5234,#5235);
#4344=AXIS2_PLACEMENT_3D('',#8574,#5236,#5237);
#4345=AXIS2_PLACEMENT_3D('',#8575,#5238,#5239);
#4346=AXIS2_PLACEMENT_3D('',#8579,#5241,#5242);
#4347=AXIS2_PLACEMENT_3D('',#8581,#5244,#5245);
#4348=AXIS2_PLACEMENT_3D('',#8583,#5247,#5248);
#4349=AXIS2_PLACEMENT_3D('',#8585,#5250,#5251);
#4350=AXIS2_PLACEMENT_3D('',#8586,#5252,#5253);
#4351=AXIS2_PLACEMENT_3D('',#8588,#5255,#5256);
#4352=AXIS2_PLACEMENT_3D('',#8589,#5257,#5258);
#4353=AXIS2_PLACEMENT_3D('',#8595,#5262,#5263);
#4354=AXIS2_PLACEMENT_3D('',#8601,#5267,#5268);
#4355=AXIS2_PLACEMENT_3D('',#8607,#5272,#5273);
#4356=AXIS2_PLACEMENT_3D('',#8610,#5276,#5277);
#4357=AXIS2_PLACEMENT_3D('',#8622,#5282,#5283);
#4358=AXIS2_PLACEMENT_3D('',#8623,#5284,#5285);
#4359=AXIS2_PLACEMENT_3D('',#8637,#5286,#5287);
#4360=AXIS2_PLACEMENT_3D('',#8645,#5288,#5289);
#4361=AXIS2_PLACEMENT_3D('',#8647,#5291,#5292);
#4362=AXIS2_PLACEMENT_3D('',#8653,#5296,#5297);
#4363=AXIS2_PLACEMENT_3D('',#8655,#5299,#5300);
#4364=AXIS2_PLACEMENT_3D('',#8658,#5303,#5304);
#4365=AXIS2_PLACEMENT_3D('',#8662,#5307,#5308);
#4366=AXIS2_PLACEMENT_3D('',#8666,#5311,#5312);
#4367=AXIS2_PLACEMENT_3D('',#8671,#5316,#5317);
#4368=AXIS2_PLACEMENT_3D('',#8673,#5319,#5320);
#4369=AXIS2_PLACEMENT_3D('',#8675,#5322,#5323);
#4370=AXIS2_PLACEMENT_3D('',#8676,#5324,#5325);
#4371=AXIS2_PLACEMENT_3D('',#8705,#5328,#5329);
#4372=AXIS2_PLACEMENT_3D('',#8707,#5331,#5332);
#4373=AXIS2_PLACEMENT_3D('',#8710,#5334,#5335);
#4374=AXIS2_PLACEMENT_3D('',#8733,#5337,#5338);
#4375=AXIS2_PLACEMENT_3D('',#8734,#5339,#5340);
#4376=AXIS2_PLACEMENT_3D('',#8735,#5341,#5342);
#4377=AXIS2_PLACEMENT_3D('',#8736,#5343,#5344);
#4378=AXIS2_PLACEMENT_3D('',#8737,#5345,#5346);
#4379=AXIS2_PLACEMENT_3D('',#8740,#5349,#5350);
#4380=AXIS2_PLACEMENT_3D('',#8741,#5351,#5352);
#4381=AXIS2_PLACEMENT_3D('',#8746,#5356,#5357);
#4382=AXIS2_PLACEMENT_3D('',#8748,#5359,#5360);
#4383=AXIS2_PLACEMENT_3D('',#8751,#5362,#5363);
#4384=AXIS2_PLACEMENT_3D('',#8752,#5364,#5365);
#4385=AXIS2_PLACEMENT_3D('',#8753,#5366,#5367);
#4386=AXIS2_PLACEMENT_3D('',#8754,#5368,#5369);
#4387=AXIS2_PLACEMENT_3D('',#8755,#5370,#5371);
#4388=AXIS2_PLACEMENT_3D('',#8759,#5374,#5375);
#4389=AXIS2_PLACEMENT_3D('',#8764,#5379,#5380);
#4390=AXIS2_PLACEMENT_3D('',#8953,#5382,#5383);
#4391=AXIS2_PLACEMENT_3D('',#8955,#5385,#5386);
#4392=AXIS2_PLACEMENT_3D('',#8956,#5387,#5388);
#4393=AXIS2_PLACEMENT_3D('',#8960,#5390,#5391);
#4394=AXIS2_PLACEMENT_3D('',#8962,#5393,#5394);
#4395=AXIS2_PLACEMENT_3D('',#8966,#5397,#5398);
#4396=AXIS2_PLACEMENT_3D('',#8969,#5400,#5401);
#4397=AXIS2_PLACEMENT_3D('',#8970,#5402,#5403);
#4398=AXIS2_PLACEMENT_3D('',#8972,#5405,#5406);
#4399=AXIS2_PLACEMENT_3D('',#9152,#5407,#5408);
#4400=AXIS2_PLACEMENT_3D('',#9154,#5409,#5410);
#4401=AXIS2_PLACEMENT_3D('',#9289,#5412,#5413);
#4402=AXIS2_PLACEMENT_3D('',#9339,#5415,#5416);
#4403=AXIS2_PLACEMENT_3D('',#9341,#5418,#5419);
#4404=AXIS2_PLACEMENT_3D('',#9343,#5421,#5422);
#4405=AXIS2_PLACEMENT_3D('',#9347,#5425,#5426);
#4406=AXIS2_PLACEMENT_3D('',#9350,#5428,#5429);
#4407=AXIS2_PLACEMENT_3D('',#9351,#5430,#5431);
#4408=AXIS2_PLACEMENT_3D('',#9355,#5433,#5434);
#4409=AXIS2_PLACEMENT_3D('',#9358,#5436,#5437);
#4410=AXIS2_PLACEMENT_3D('',#9359,#5438,#5439);
#4411=AXIS2_PLACEMENT_3D('',#9363,#5441,#5442);
#4412=AXIS2_PLACEMENT_3D('',#9550,#5443,#5444);
#4413=AXIS2_PLACEMENT_3D('',#9554,#5447,#5448);
#4414=AXIS2_PLACEMENT_3D('',#9556,#5450,#5451);
#4415=AXIS2_PLACEMENT_3D('',#9557,#5452,#5453);
#4416=AXIS2_PLACEMENT_3D('',#9586,#5456,#5457);
#4417=AXIS2_PLACEMENT_3D('',#9588,#5459,#5460);
#4418=AXIS2_PLACEMENT_3D('',#9611,#5462,#5463);
#4419=AXIS2_PLACEMENT_3D('',#9613,#5465,#5466);
#4420=AXIS2_PLACEMENT_3D('',#9614,#5467,#5468);
#4421=AXIS2_PLACEMENT_3D('',#9615,#5469,#5470);
#4422=AXIS2_PLACEMENT_3D('',#9617,#5472,#5473);
#4423=AXIS2_PLACEMENT_3D('',#9619,#5474,#5475);
#4424=AXIS2_PLACEMENT_3D('',#9621,#5477,#5478);
#4425=AXIS2_PLACEMENT_3D('',#9624,#5481,#5482);
#4426=AXIS2_PLACEMENT_3D('',#9627,#5485,#5486);
#4427=AXIS2_PLACEMENT_3D('',#9628,#5487,#5488);
#4428=AXIS2_PLACEMENT_3D('',#9630,#5490,#5491);
#4429=AXIS2_PLACEMENT_3D('',#9631,#5492,#5493);
#4430=AXIS2_PLACEMENT_3D('',#9633,#5495,#5496);
#4431=AXIS2_PLACEMENT_3D('',#9635,#5498,#5499);
#4432=AXIS2_PLACEMENT_3D('',#9636,#5500,#5501);
#4433=AXIS2_PLACEMENT_3D('',#9938,#5503,#5504);
#4434=AXIS2_PLACEMENT_3D('',#9940,#5506,#5507);
#4435=AXIS2_PLACEMENT_3D('',#9953,#5508,#5509);
#4436=AXIS2_PLACEMENT_3D('',#9954,#5510,#5511);
#4437=AXIS2_PLACEMENT_3D('',#9955,#5512,#5513);
#4438=AXIS2_PLACEMENT_3D('',#10004,#5514,#5515);
#4439=AXIS2_PLACEMENT_3D('',#10005,#5516,#5517);
#4440=AXIS2_PLACEMENT_3D('',#10006,#5518,#5519);
#4441=DIRECTION('axis',(0.,0.,1.));
#4442=DIRECTION('refdir',(1.,0.,0.));
#4443=DIRECTION('',(0.,0.702153052995163,-0.712026045990995));
#4444=DIRECTION('center_axis',(0.,-1.,0.));
#4445=DIRECTION('ref_axis',(0.,0.,-1.));
#4446=DIRECTION('center_axis',(0.,-0.999902524009304,0.0139621803391453));
#4447=DIRECTION('ref_axis',(0.,-0.0139621803391453,-0.999902524009304));
#4448=DIRECTION('',(0.,-1.,0.));
#4449=DIRECTION('center_axis',(0.,-0.999902524009304,0.0139621803391453));
#4450=DIRECTION('ref_axis',(0.,-0.0139621803391453,-0.999902524009304));
#4451=DIRECTION('',(-0.0139608196270579,-0.013960819627058,-0.999805076517759));
#4452=DIRECTION('',(-1.,0.,0.));
#4453=DIRECTION('',(0.0104707634806318,-0.0139614149331654,-0.999847709406386));
#4454=DIRECTION('',(1.,0.,0.));
#4455=DIRECTION('',(-0.0174507057647597,-0.0139600542459043,-0.99975026369277));
#4456=DIRECTION('',(1.,0.,0.));
#4457=DIRECTION('',(-0.0174507057647596,0.0139600542459043,0.99975026369277));
#4458=DIRECTION('',(0.994520836007354,0.00145958597470999,0.104528351924327));
#4459=DIRECTION('',(-0.0104707634806331,0.0139614149331654,0.999847709406386));
#4460=DIRECTION('',(1.,0.,0.));
#4461=DIRECTION('',(0.013960819627058,-0.013960819627058,-0.999805076517759));
#4462=DIRECTION('',(1.,0.,0.));
#4463=DIRECTION('center_axis',(0.,0.999902524009304,-0.0139621803391453));
#4464=DIRECTION('ref_axis',(-6.93562417168497E-12,0.0139621803391453,0.999902524009304));
#4465=DIRECTION('center_axis',(0.,0.,-1.));
#4466=DIRECTION('ref_axis',(-1.,0.,0.));
#4467=DIRECTION('center_axis',(0.,0.,-1.));
#4468=DIRECTION('ref_axis',(-1.,0.,0.));
#4469=DIRECTION('',(0.0139621803391852,-1.70987394615013E-18,-0.999902524009304));
#4470=DIRECTION('center_axis',(0.,0.,1.));
#4471=DIRECTION('ref_axis',(-1.,0.,0.));
#4472=DIRECTION('center_axis',(0.,0.,1.));
#4473=DIRECTION('ref_axis',(1.,0.,0.));
#4474=DIRECTION('',(0.,-1.,0.));
#4475=DIRECTION('center_axis',(0.,0.,1.));
#4476=DIRECTION('ref_axis',(1.,0.,0.));
#4477=DIRECTION('',(-1.,-4.41530284568854E-16,0.));
#4478=DIRECTION('',(-4.41530284568854E-16,1.,0.));
#4479=DIRECTION('',(-0.707106781186549,0.707106781186546,0.));
#4480=DIRECTION('',(1.,4.41530284568854E-16,0.));
#4481=DIRECTION('',(0.707106781186543,-0.707106781186552,0.));
#4482=DIRECTION('',(-2.20722105780132E-16,-1.,-3.08206227281235E-18));
#4483=DIRECTION('center_axis',(-9.85794049314409E-9,-5.72715386826627E-9,
-1.));
#4484=DIRECTION('ref_axis',(-0.999999999466313,-3.2670683419104E-5,9.8581265389988E-9));
#4485=DIRECTION('center_axis',(0.,0.,1.));
#4486=DIRECTION('ref_axis',(-1.,1.89242561015652E-15,0.));
#4487=DIRECTION('center_axis',(0.,0.,-1.));
#4488=DIRECTION('ref_axis',(-1.,0.,0.));
#4489=DIRECTION('center_axis',(0.,0.,1.));
#4490=DIRECTION('ref_axis',(-1.,-4.79414487906317E-14,0.));
#4491=DIRECTION('',(0.,1.,0.));
#4492=DIRECTION('center_axis',(0.,0.,1.));
#4493=DIRECTION('ref_axis',(-1.,0.,0.));
#4494=DIRECTION('center_axis',(0.,0.,-1.));
#4495=DIRECTION('ref_axis',(-1.,0.,0.));
#4496=DIRECTION('center_axis',(0.,0.,-1.));
#4497=DIRECTION('ref_axis',(-1.,0.,0.));
#4498=DIRECTION('center_axis',(-1.0905397954844E-8,6.33561839868933E-9,
-1.));
#4499=DIRECTION('ref_axis',(-0.495332788319888,0.868703303099076,1.09055740003426E-8));
#4500=DIRECTION('',(-2.20765142284427E-16,-1.,0.));
#4501=DIRECTION('',(-1.,0.,0.));
#4502=DIRECTION('center_axis',(0.,0.,-1.));
#4503=DIRECTION('ref_axis',(1.,0.,0.));
#4504=DIRECTION('center_axis',(0.,0.,1.));
#4505=DIRECTION('ref_axis',(1.,0.,0.));
#4506=DIRECTION('center_axis',(0.,0.,1.));
#4507=DIRECTION('ref_axis',(1.,0.,0.));
#4508=DIRECTION('center_axis',(0.999902524009304,4.41487245966944E-16,0.0139621803391488));
#4509=DIRECTION('ref_axis',(0.0139621803391488,7.70371977754894E-34,-0.999902524009304));
#4510=DIRECTION('',(-0.013960819627058,-0.013960819627058,0.999805076517759));
#4511=DIRECTION('',(-4.41444211560263E-16,1.,-6.16412454562462E-18));
#4512=DIRECTION('',(0.0139619468495876,0.00578322774223074,-0.999885802638007));
#4513=DIRECTION('center_axis',(0.999902524009304,0.,-0.0139621803391453));
#4514=DIRECTION('ref_axis',(-0.0139621803391453,0.,-0.999902524009304));
#4515=DIRECTION('',(-0.013960819627058,-0.013960819627058,-0.999805076517759));
#4516=DIRECTION('',(0.,1.,0.));
#4517=DIRECTION('',(0.013960819627058,-0.013960819627058,0.999805076517759));
#4518=DIRECTION('',(0.,-1.,0.));
#4519=DIRECTION('',(-0.013960819627058,-0.013960819627058,-0.999805076517759));
#4520=DIRECTION('',(0.,1.,0.));
#4521=DIRECTION('center_axis',(0.,0.,-1.));
#4522=DIRECTION('ref_axis',(-1.,0.,0.));
#4523=DIRECTION('center_axis',(0.,0.,-1.));
#4524=DIRECTION('ref_axis',(1.,0.,0.));
#4525=DIRECTION('',(0.0139617415576997,0.00792791699956788,0.99987110064484));
#4526=DIRECTION('center_axis',(1.23420911862812E-7,-7.24441345558115E-8,
0.99999999999999));
#4527=DIRECTION('ref_axis',(0.999999999456824,-3.2959609705165E-5,-1.2342330103759E-7));
#4528=DIRECTION('center_axis',(-0.999905453827491,-0.0049363077911538,0.0128341837071771));
#4529=DIRECTION('ref_axis',(0.0128221494799954,0.00246187136438672,0.999914762203308));
#4530=DIRECTION('center_axis',(-0.999905453827491,-0.0049363077911538,0.0128341837071771));
#4531=DIRECTION('ref_axis',(0.0128221494799954,0.00246187136438672,0.999914762203308));
#4532=DIRECTION('',(0.0139617415576997,0.00792791699956788,0.99987110064484));
#4533=DIRECTION('center_axis',(-0.999902524009304,2.20743622983472E-16,
0.0139621803391518));
#4534=DIRECTION('ref_axis',(0.0139621803391518,-3.85185988877447E-34,0.999902524009304));
#4535=DIRECTION('',(-0.0139617412666056,0.00793054627000785,-0.999871079798123));
#4536=DIRECTION('',(-2.20722105780132E-16,-1.,3.08206227281297E-18));
#4537=DIRECTION('',(-2.20765142284427E-16,-1.,0.));
#4538=DIRECTION('center_axis',(-0.999911137443763,0.00363846669853545,0.0128249279141651));
#4539=DIRECTION('ref_axis',(0.0128155389681721,-0.00259215322325919,0.999914517697699));
#4540=DIRECTION('center_axis',(1.12970503446667E-7,6.63097967015653E-8,
0.999999999999991));
#4541=DIRECTION('ref_axis',(0.487536107710506,0.873102825375384,-1.12972469961703E-7));
#4542=DIRECTION('',(-0.0139617412666056,0.00793054627000785,-0.999871079798123));
#4543=DIRECTION('center_axis',(-0.999911137443763,0.00363846669853545,0.0128249279141651));
#4544=DIRECTION('ref_axis',(0.0128155389681721,-0.00259215322325919,0.999914517697699));
#4545=DIRECTION('center_axis',(0.,0.,1.));
#4546=DIRECTION('ref_axis',(1.,0.,0.));
#4547=DIRECTION('center_axis',(0.,0.,-1.));
#4548=DIRECTION('ref_axis',(1.,-9.72742136061717E-16,0.));
#4549=DIRECTION('center_axis',(0.,0.,1.));
#4550=DIRECTION('ref_axis',(1.,0.,0.));
#4551=DIRECTION('center_axis',(0.,0.,1.));
#4552=DIRECTION('ref_axis',(1.,0.,0.));
#4553=DIRECTION('center_axis',(-0.999902524009304,0.,-0.0139621803391453));
#4554=DIRECTION('ref_axis',(-0.0139621803391453,0.,0.999902524009304));
#4555=DIRECTION('',(0.0139608196270583,-0.0139608196270581,-0.999805076517759));
#4556=DIRECTION('',(0.,1.,0.));
#4557=DIRECTION('',(0.,-1.,0.));
#4558=DIRECTION('center_axis',(0.,0.999902524009304,-0.0139621803391453));
#4559=DIRECTION('ref_axis',(0.,0.0139621803391453,0.999902524009304));
#4560=DIRECTION('',(-0.0139608196270581,0.013960819627058,0.999805076517759));
#4561=DIRECTION('',(1.,0.,0.));
#4562=DIRECTION('',(-1.,0.,0.));
#4563=DIRECTION('',(0.0139608196270575,0.0139608196270581,0.999805076517759));
#4564=DIRECTION('',(-1.,0.,0.));
#4565=DIRECTION('',(-0.0139608196270581,-0.013960819627058,-0.999805076517759));
#4566=DIRECTION('center_axis',(-2.50564251568928E-17,0.999902524009304,
-0.0139621803391451));
#4567=DIRECTION('ref_axis',(4.47293938338215E-10,0.0139621803391451,0.999902524009304));
#4568=DIRECTION('center_axis',(0.999902524009304,0.,0.0139621803391493));
#4569=DIRECTION('ref_axis',(0.0139621803391493,0.,-0.999902524009304));
#4570=DIRECTION('',(0.0139608196270581,-0.013960819627058,-0.999805076517759));
#4571=DIRECTION('',(0.,-1.,0.));
#4572=DIRECTION('',(0.,1.,0.));
#4573=DIRECTION('center_axis',(-0.573520526419674,0.819072196631944,0.0139621803391453));
#4574=DIRECTION('ref_axis',(-0.819152044288991,-0.573576436351047,8.67361737988403E-19));
#4575=DIRECTION('',(-0.0308750956057034,-0.00458094389200964,-0.999512753007383));
#4576=DIRECTION('',(-0.819152044288991,-0.573576436351047,0.));
#4577=DIRECTION('',(-0.0148645837958102,-0.0274463244202256,0.999512753007383));
#4578=DIRECTION('',(-0.819152044288992,-0.573576436351046,0.));
#4579=DIRECTION('center_axis',(0.,0.,1.));
#4580=DIRECTION('ref_axis',(1.,0.,0.));
#4581=DIRECTION('center_axis',(0.,0.,1.));
#4582=DIRECTION('ref_axis',(1.,0.,0.));
#4583=DIRECTION('',(-0.0104717841162479,-1.28242368993251E-18,0.999945169365512));
#4584=DIRECTION('center_axis',(0.,0.,-1.));
#4585=DIRECTION('ref_axis',(1.,0.,0.));
#4586=DIRECTION('center_axis',(0.,0.,1.));
#4587=DIRECTION('ref_axis',(1.,0.,0.));
#4588=DIRECTION('center_axis',(0.,0.,1.));
#4589=DIRECTION('ref_axis',(1.,0.,0.));
#4590=DIRECTION('',(-0.0104717841162479,-1.28242368993251E-18,0.999945169365512));
#4591=DIRECTION('center_axis',(0.,0.,-1.));
#4592=DIRECTION('ref_axis',(1.,0.,0.));
#4593=DIRECTION('center_axis',(4.41487245966944E-16,-0.999902524009304,
-0.0139621803391453));
#4594=DIRECTION('ref_axis',(0.,0.0139621803391453,-0.999902524009304));
#4595=DIRECTION('',(1.,0.,0.));
#4596=DIRECTION('',(-0.00440221589403768,0.0139620450484207,-0.999892835154492));
#4597=DIRECTION('',(-1.,0.,0.));
#4598=DIRECTION('center_axis',(-6.96769993690796E-16,0.999902524009304,
0.0139621803391462));
#4599=DIRECTION('ref_axis',(4.48533096451249E-13,-0.0139621803391462,0.999902524009304));
#4600=DIRECTION('center_axis',(0.,0.,1.));
#4601=DIRECTION('ref_axis',(1.,0.,0.));
#4602=DIRECTION('',(-0.81915204428899,-0.573576436351048,0.));
#4603=DIRECTION('',(0.573576436351047,-0.819152044288991,0.));
#4604=DIRECTION('',(0.819152044288991,0.573576436351047,0.));
#4605=DIRECTION('',(0.573576436351048,-0.819152044288991,0.));
#4606=DIRECTION('',(1.,0.,0.));
#4607=DIRECTION('',(4.41530284568854E-16,-1.,0.));
#4608=DIRECTION('',(-0.819152044288991,-0.573576436351046,0.));
#4609=DIRECTION('',(0.573576436351046,-0.819152044288991,0.));
#4610=DIRECTION('',(0.819152044288991,0.573576436351048,0.));
#4611=DIRECTION('',(0.573576436351047,-0.819152044288991,0.));
#4612=DIRECTION('center_axis',(0.,0.,-1.));
#4613=DIRECTION('ref_axis',(-1.,0.,0.));
#4614=DIRECTION('center_axis',(0.,0.,1.));
#4615=DIRECTION('ref_axis',(-1.,0.,0.));
#4616=DIRECTION('center_axis',(0.,0.,1.));
#4617=DIRECTION('ref_axis',(-1.,1.64981799900166E-15,0.));
#4618=DIRECTION('center_axis',(0.,0.,1.));
#4619=DIRECTION('ref_axis',(-1.,0.,0.));
#4620=DIRECTION('center_axis',(0.,0.,-1.));
#4621=DIRECTION('ref_axis',(-1.,0.,0.));
#4622=DIRECTION('',(-1.,1.08756161821099E-15,0.));
#4623=DIRECTION('',(-2.20765142284427E-16,-1.,0.));
#4624=DIRECTION('',(-2.20765142284427E-16,-1.,0.));
#4625=DIRECTION('',(0.707106781186543,0.707106781186552,0.));
#4626=DIRECTION('',(1.,4.41530284568854E-16,0.));
#4627=DIRECTION('',(-0.707106781186549,-0.707106781186546,0.));
#4628=DIRECTION('',(4.41530284568854E-16,-1.,0.));
#4629=DIRECTION('',(1.,0.,0.));
#4630=DIRECTION('',(0.573576436351047,-0.819152044288991,0.));
#4631=DIRECTION('',(0.819152044288991,0.573576436351047,0.));
#4632=DIRECTION('center_axis',(0.,0.,1.));
#4633=DIRECTION('ref_axis',(0.461748613235269,0.887010833178099,0.));
#4634=DIRECTION('',(0.,1.,0.));
#4635=DIRECTION('center_axis',(0.,0.,-1.));
#4636=DIRECTION('ref_axis',(1.,0.,0.));
#4637=DIRECTION('center_axis',(0.,0.,-1.));
#4638=DIRECTION('ref_axis',(1.,0.,0.));
#4639=DIRECTION('',(0.,-1.,0.));
#4640=DIRECTION('',(-0.707106781186544,-0.707106781186552,0.));
#4641=DIRECTION('',(0.,-1.,0.));
#4642=DIRECTION('center_axis',(0.,0.,-1.));
#4643=DIRECTION('ref_axis',(1.,0.,0.));
#4644=DIRECTION('',(-0.66724832158524,0.744835335723058,0.));
#4645=DIRECTION('',(-0.74483533572306,-0.667248321585237,0.));
#4646=DIRECTION('',(-0.66724832158524,0.744835335723058,0.));
#4647=DIRECTION('center_axis',(0.,0.,-1.));
#4648=DIRECTION('ref_axis',(1.,0.,0.));
#4649=DIRECTION('',(1.,0.,0.));
#4650=DIRECTION('',(0.,-1.,0.));
#4651=DIRECTION('',(0.,-1.,0.));
#4652=DIRECTION('center_axis',(0.,0.,1.));
#4653=DIRECTION('ref_axis',(1.,0.,0.));
#4654=DIRECTION('',(-1.,0.,0.));
#4655=DIRECTION('center_axis',(0.,0.,1.));
#4656=DIRECTION('ref_axis',(1.,0.,0.));
#4657=DIRECTION('',(0.,-1.,0.));
#4658=DIRECTION('',(-0.707106781186544,-0.707106781186551,0.));
#4659=DIRECTION('',(0.,-1.,0.));
#4660=DIRECTION('center_axis',(0.,0.,-1.));
#4661=DIRECTION('ref_axis',(0.461748613235276,0.887010833178096,0.));
#4662=DIRECTION('',(0.819152044288991,0.573576436351047,0.));
#4663=DIRECTION('',(0.573576436351047,-0.819152044288991,0.));
#4664=DIRECTION('',(-0.819152044288991,-0.573576436351046,0.));
#4665=DIRECTION('',(-0.573576436351047,0.819152044288991,0.));
#4666=DIRECTION('',(-0.81915204428899,-0.573576436351049,0.));
#4667=DIRECTION('',(-0.573576436351046,0.819152044288991,0.));
#4668=DIRECTION('',(-0.819152044288993,-0.573576436351045,0.));
#4669=DIRECTION('',(0.,-1.,0.));
#4670=DIRECTION('',(0.573576436351049,-0.81915204428899,0.));
#4671=DIRECTION('',(0.819152044288991,0.573576436351048,0.));
#4672=DIRECTION('',(-0.573576436351049,0.819152044288989,0.));
#4673=DIRECTION('center_axis',(-3.10817865925337E-15,-1.73617819698693E-15,
1.));
#4674=DIRECTION('ref_axis',(0.819151188850485,0.573577658041905,3.54190126805829E-15));
#4675=DIRECTION('',(0.,1.,0.));
#4676=DIRECTION('center_axis',(-6.49458974425238E-15,8.50015685460542E-16,
1.));
#4677=DIRECTION('ref_axis',(0.999999999994467,3.32643957899458E-6,6.49458691669062E-15));
#4678=DIRECTION('',(0.707106781186544,0.707106781186551,0.));
#4679=DIRECTION('center_axis',(-1.73114010149625E-15,1.330438864627E-15,
-1.));
#4680=DIRECTION('ref_axis',(-0.707104429034622,0.707109133330648,2.16486230556325E-15));
#4681=DIRECTION('',(0.,1.,0.));
#4682=DIRECTION('center_axis',(0.,0.,1.));
#4683=DIRECTION('ref_axis',(0.707106781186451,-0.707106781186644,0.));
#4684=DIRECTION('',(0.,1.,0.));
#4685=DIRECTION('',(1.,0.,0.));
#4686=DIRECTION('center_axis',(0.,0.,1.));
#4687=DIRECTION('ref_axis',(-1.,0.,0.));
#4688=DIRECTION('',(0.,-1.,0.));
#4689=DIRECTION('center_axis',(0.,0.,1.));
#4690=DIRECTION('ref_axis',(-0.599989081723344,0.800008188591078,0.));
#4691=DIRECTION('',(-1.,0.,0.));
#4692=DIRECTION('',(0.,-1.,0.));
#4693=DIRECTION('',(-1.,0.,0.));
#4694=DIRECTION('center_axis',(0.,0.,-1.));
#4695=DIRECTION('ref_axis',(1.,0.,0.));
#4696=DIRECTION('',(0.,1.,0.));
#4697=DIRECTION('',(-1.,0.,0.));
#4698=DIRECTION('',(0.,-1.,0.));
#4699=DIRECTION('center_axis',(0.,0.,-1.));
#4700=DIRECTION('ref_axis',(1.,0.,0.));
#4701=DIRECTION('center_axis',(0.,0.,-1.));
#4702=DIRECTION('ref_axis',(1.,0.,0.));
#4703=DIRECTION('center_axis',(0.,0.,-1.));
#4704=DIRECTION('ref_axis',(-1.,0.,0.));
#4705=DIRECTION('center_axis',(-0.999902524009304,2.20743622983472E-16,
0.0139621803391518));
#4706=DIRECTION('ref_axis',(0.0139621803391518,-3.85185988877447E-34,0.999902524009304));
#4707=DIRECTION('',(-2.20722105780132E-16,-1.,3.08206227281297E-18));
#4708=DIRECTION('',(-0.0139621753364473,0.000846526892800799,-0.999902165740276));
#4709=DIRECTION('center_axis',(1.08745560706482E-15,0.999902524009304,-0.0139621803391453));
#4710=DIRECTION('ref_axis',(0.,0.0139621803391453,0.999902524009304));
#4711=DIRECTION('',(-1.,1.08734960625218E-15,-1.51832512966537E-17));
#4712=DIRECTION('center_axis',(1.08745560706482E-15,0.999902524009304,-0.0139621803391453));
#4713=DIRECTION('ref_axis',(0.,0.0139621803391453,0.999902524009304));
#4714=DIRECTION('',(-0.0139608196270579,0.0139608196270579,0.999805076517759));
#4715=DIRECTION('center_axis',(-1.08745560706482E-15,-0.999902524009304,
0.0139621803391453));
#4716=DIRECTION('ref_axis',(0.,-0.0139621803391453,-0.999902524009304));
#4717=DIRECTION('',(-1.,1.08734960625218E-15,-1.51832512966537E-17));
#4718=DIRECTION('',(0.0139608196270644,0.0139608196270579,0.999805076517759));
#4719=DIRECTION('center_axis',(0.,0.,-1.));
#4720=DIRECTION('ref_axis',(-1.,0.,0.));
#4721=DIRECTION('',(0.642787609686536,0.766044443118981,0.));
#4722=DIRECTION('',(-1.,0.,0.));
#4723=DIRECTION('',(0.,-1.,0.));
#4724=DIRECTION('center_axis',(-6.83491938470308E-17,-5.30262717267964E-16,
-1.));
#4725=DIRECTION('ref_axis',(-1.,0.,4.45962211025247E-17));
#4726=DIRECTION('center_axis',(2.95596417271345E-32,-1.,5.30262717267964E-16));
#4727=DIRECTION('ref_axis',(1.,0.,-5.57452763781558E-17));
#4728=DIRECTION('center_axis',(0.,0.,1.));
#4729=DIRECTION('ref_axis',(-1.,0.,0.));
#4730=DIRECTION('center_axis',(0.,0.,1.));
#4731=DIRECTION('ref_axis',(-1.,0.,0.));
#4732=DIRECTION('center_axis',(8.28782661916322E-16,5.25640780904943E-16,
-1.));
#4733=DIRECTION('ref_axis',(-1.,0.,-8.47328200947973E-16));
#4734=DIRECTION('center_axis',(-2.22981105512624E-16,-1.,-5.25640780904944E-16));
#4735=DIRECTION('ref_axis',(1.,-2.22981105512624E-16,8.3617914567234E-16));
#4736=DIRECTION('center_axis',(0.,0.,1.));
#4737=DIRECTION('ref_axis',(-1.,0.,0.));
#4738=DIRECTION('center_axis',(0.,0.,1.));
#4739=DIRECTION('ref_axis',(-1.,0.,0.));
#4740=DIRECTION('center_axis',(2.35913172241784E-16,1.90199887801477E-16,
-1.));
#4741=DIRECTION('ref_axis',(-1.,0.,-2.22981105512624E-16));
#4742=DIRECTION('center_axis',(4.24109812503505E-32,-1.,-1.90199887801477E-16));
#4743=DIRECTION('ref_axis',(1.,0.,2.22981105512624E-16));
#4744=DIRECTION('center_axis',(0.,0.,-1.));
#4745=DIRECTION('ref_axis',(-1.,0.,0.));
#4746=DIRECTION('center_axis',(0.,0.,-1.));
#4747=DIRECTION('ref_axis',(-1.,0.,0.));
#4748=DIRECTION('center_axis',(-1.61707598887581E-15,5.77239395986971E-15,
-1.));
#4749=DIRECTION('ref_axis',(-1.,0.,1.86005951769659E-15));
#4750=DIRECTION('center_axis',(0.,0.,1.));
#4751=DIRECTION('ref_axis',(-1.,0.,0.));
#4752=DIRECTION('center_axis',(-6.71062270309373E-30,-1.,-5.77239395986971E-15));
#4753=DIRECTION('ref_axis',(1.,0.,-1.16253719856037E-15));
#4754=DIRECTION('center_axis',(0.,0.,1.));
#4755=DIRECTION('ref_axis',(1.,0.,0.));
#4756=DIRECTION('center_axis',(0.,0.,1.));
#4757=DIRECTION('ref_axis',(1.,0.,0.));
#4758=DIRECTION('',(-0.0139621803391853,-1.70987394615013E-18,0.999902524009304));
#4759=DIRECTION('center_axis',(0.,0.,-1.));
#4760=DIRECTION('ref_axis',(1.,0.,0.));
#4761=DIRECTION('center_axis',(0.,0.,1.));
#4762=DIRECTION('ref_axis',(1.,0.,0.));
#4763=DIRECTION('center_axis',(0.,0.,1.));
#4764=DIRECTION('ref_axis',(1.,0.,0.));
#4765=DIRECTION('',(-0.0139621803391853,-1.70987394615013E-18,0.999902524009304));
#4766=DIRECTION('center_axis',(0.,0.,-1.));
#4767=DIRECTION('ref_axis',(1.,0.,0.));
#4768=DIRECTION('center_axis',(0.,0.,1.));
#4769=DIRECTION('ref_axis',(1.,0.,0.));
#4770=DIRECTION('center_axis',(0.,0.,1.));
#4771=DIRECTION('ref_axis',(1.,0.,0.));
#4772=DIRECTION('',(-0.0139621803391853,-1.70987394615013E-18,0.999902524009304));
#4773=DIRECTION('center_axis',(0.,0.,-1.));
#4774=DIRECTION('ref_axis',(1.,0.,0.));
#4775=DIRECTION('center_axis',(0.,0.,1.));
#4776=DIRECTION('ref_axis',(1.,0.,0.));
#4777=DIRECTION('center_axis',(0.,0.,1.));
#4778=DIRECTION('ref_axis',(1.,0.,0.));
#4779=DIRECTION('',(-0.0104717841162479,-1.28242368993251E-18,0.999945169365512));
#4780=DIRECTION('center_axis',(0.,0.,-1.));
#4781=DIRECTION('ref_axis',(1.,0.,0.));
#4782=DIRECTION('center_axis',(2.20765142284427E-16,1.,0.));
#4783=DIRECTION('ref_axis',(-1.,2.20765142284427E-16,0.));
#4784=DIRECTION('',(2.20765142284427E-16,1.,0.));
#4785=DIRECTION('center_axis',(0.,-1.,0.));
#4786=DIRECTION('ref_axis',(0.,0.,-1.));
#4787=DIRECTION('center_axis',(2.08104584091743E-16,-0.999902524009304,
-0.0139621803391452));
#4788=DIRECTION('ref_axis',(-3.29707837189116E-11,0.0139621803391452,-0.999902524009304));
#4789=DIRECTION('',(8.65956056215817E-17,0.707106781202614,-0.707106781170481));
#4790=DIRECTION('center_axis',(0.,-1.,0.));
#4791=DIRECTION('ref_axis',(0.,0.,-1.));
#4792=DIRECTION('center_axis',(0.,0.,1.));
#4793=DIRECTION('ref_axis',(1.,0.,0.));
#4794=DIRECTION('center_axis',(0.,0.,-1.));
#4795=DIRECTION('ref_axis',(1.,0.,0.));
#4796=DIRECTION('',(0.0104717841160385,1.28242368990687E-18,-0.999945169365514));
#4797=DIRECTION('center_axis',(0.,0.,1.));
#4798=DIRECTION('ref_axis',(1.,0.,0.));
#4799=DIRECTION('',(0.0104717841160385,1.28242368990687E-18,-0.999945169365514));
#4800=DIRECTION('center_axis',(0.,0.,1.));
#4801=DIRECTION('ref_axis',(1.,0.,0.));
#4802=DIRECTION('',(-0.0104717841161253,-1.28242368991749E-18,0.999945169365513));
#4803=DIRECTION('center_axis',(0.,0.,1.));
#4804=DIRECTION('ref_axis',(1.,0.,0.));
#4805=DIRECTION('center_axis',(0.,0.,1.));
#4806=DIRECTION('ref_axis',(1.,0.,0.));
#4807=DIRECTION('',(-0.0104717841161253,-1.28242368991749E-18,0.999945169365513));
#4808=DIRECTION('center_axis',(0.,0.,1.));
#4809=DIRECTION('ref_axis',(1.,0.,0.));
#4810=DIRECTION('center_axis',(0.,0.,-1.));
#4811=DIRECTION('ref_axis',(-1.,0.,0.));
#4812=DIRECTION('center_axis',(0.,0.,-1.));
#4813=DIRECTION('ref_axis',(-1.,0.,0.));
#4814=DIRECTION('',(0.0104717841165433,-1.28242368996868E-18,-0.999945169365509));
#4815=DIRECTION('center_axis',(0.,-1.,0.));
#4816=DIRECTION('ref_axis',(0.,0.,-1.));
#4817=DIRECTION('',(0.,-1.,0.));
#4818=DIRECTION('center_axis',(-4.55571366488961E-18,-0.999902524009304,
0.0139621803391453));
#4819=DIRECTION('ref_axis',(-6.19891055897196E-10,-0.0139621803391453,-0.999902524009304));
#4820=DIRECTION('center_axis',(0.0139571610508045,0.0268114569218536,-0.999543067322829));
#4821=DIRECTION('ref_axis',(-2.44487589895481E-17,0.999640438215639,0.0268140687707908));
#4822=DIRECTION('center_axis',(0.,0.,1.));
#4823=DIRECTION('ref_axis',(0.461748613235276,0.887010833178096,0.));
#4824=DIRECTION('',(-0.0139571610508046,-0.0268114569218542,0.999543067322829));
#4825=DIRECTION('',(0.0139571610508046,0.0268114569218531,-0.999543067322829));
#4826=DIRECTION('center_axis',(0.0139571610508045,0.0268114569218536,-0.999543067322829));
#4827=DIRECTION('ref_axis',(-1.79435459546351E-17,0.999640438215639,0.0268140687707908));
#4828=DIRECTION('',(-0.0139571610508036,-0.0268114569218532,0.999543067322829));
#4829=DIRECTION('',(0.819152044288991,0.573576436351047,0.));
#4830=DIRECTION('center_axis',(0.,0.,-1.));
#4831=DIRECTION('ref_axis',(0.461748613235269,0.887010833178099,0.));
#4832=DIRECTION('',(0.0139571610508045,0.0268114569218536,-0.999543067322829));
#4833=DIRECTION('center_axis',(-4.41530284568854E-16,1.,0.));
#4834=DIRECTION('ref_axis',(-1.,-4.41530284568854E-16,0.));
#4835=DIRECTION('center_axis',(-4.41530284568854E-16,1.,0.));
#4836=DIRECTION('ref_axis',(-1.,-4.41530284568854E-16,0.));
#4837=DIRECTION('',(-4.41530284568854E-16,1.,0.));
#4838=DIRECTION('center_axis',(4.41530284568854E-16,-1.,0.));
#4839=DIRECTION('ref_axis',(-1.,-4.41530284568854E-16,0.));
#4840=DIRECTION('center_axis',(0.,0.,1.));
#4841=DIRECTION('ref_axis',(1.,0.,0.));
#4842=DIRECTION('center_axis',(0.,0.,-1.));
#4843=DIRECTION('ref_axis',(1.,0.,0.));
#4844=DIRECTION('',(0.0104717841160385,1.28242368990687E-18,-0.999945169365514));
#4845=DIRECTION('center_axis',(0.,0.,1.));
#4846=DIRECTION('ref_axis',(1.,0.,0.));
#4847=DIRECTION('center_axis',(0.,0.,-1.));
#4848=DIRECTION('ref_axis',(1.,-7.56491296138205E-15,0.));
#4849=DIRECTION('',(0.0139621803391602,1.70987394614706E-18,-0.999902524009304));
#4850=DIRECTION('center_axis',(0.,0.,1.));
#4851=DIRECTION('ref_axis',(1.,0.,0.));
#4852=DIRECTION('center_axis',(0.,0.,1.));
#4853=DIRECTION('ref_axis',(1.,0.,0.));
#4854=DIRECTION('',(0.,0.,1.));
#4855=DIRECTION('center_axis',(-4.41530284568854E-16,1.,0.));
#4856=DIRECTION('ref_axis',(-1.,-4.41530284568854E-16,0.));
#4857=DIRECTION('',(-4.41530284568854E-16,1.,0.));
#4858=DIRECTION('center_axis',(4.41530284568854E-16,-1.,0.));
#4859=DIRECTION('ref_axis',(-1.,-4.41530284568854E-16,0.));
#4860=DIRECTION('center_axis',(0.,1.,0.));
#4861=DIRECTION('ref_axis',(0.,0.,1.));
#4862=DIRECTION('center_axis',(0.,1.,0.));
#4863=DIRECTION('ref_axis',(0.,0.,1.));
#4864=DIRECTION('',(-8.65956056235493E-17,0.707106781186547,-0.707106781186547));
#4865=DIRECTION('center_axis',(0.,-1.,0.));
#4866=DIRECTION('ref_axis',(0.,0.,1.));
#4867=DIRECTION('center_axis',(0.,1.,0.));
#4868=DIRECTION('ref_axis',(0.,0.,1.));
#4869=DIRECTION('center_axis',(9.91270557786036E-16,1.,0.));
#4870=DIRECTION('ref_axis',(-1.,9.91270557786036E-16,0.));
#4871=DIRECTION('',(0.707106781186548,0.707106781186547,-8.65956056235493E-17));
#4872=DIRECTION('center_axis',(-9.91270557786036E-16,-1.,0.));
#4873=DIRECTION('ref_axis',(-1.,9.91270557786036E-16,0.));
#4874=DIRECTION('center_axis',(-4.41530284568854E-16,1.,0.));
#4875=DIRECTION('ref_axis',(-1.,-4.41530284568854E-16,0.));
#4876=DIRECTION('center_axis',(-4.41530284568854E-16,1.,0.));
#4877=DIRECTION('ref_axis',(-1.,-4.41530284568854E-16,0.));
#4878=DIRECTION('',(-4.41530284568854E-16,1.,0.));
#4879=DIRECTION('center_axis',(0.,0.,-1.));
#4880=DIRECTION('ref_axis',(-1.,0.,0.));
#4881=DIRECTION('center_axis',(0.,0.,-1.));
#4882=DIRECTION('ref_axis',(-1.,0.,0.));
#4883=DIRECTION('',(0.,0.,-1.));
#4884=DIRECTION('center_axis',(0.,0.,1.));
#4885=DIRECTION('ref_axis',(1.,0.,0.));
#4886=DIRECTION('',(0.,1.,0.));
#4887=DIRECTION('',(0.707106781186543,0.707106781186552,0.));
#4888=DIRECTION('',(0.,1.,0.));
#4889=DIRECTION('center_axis',(0.,0.,1.));
#4890=DIRECTION('ref_axis',(0.953795358018262,0.300457010274042,0.));
#4891=DIRECTION('center_axis',(0.,0.,1.));
#4892=DIRECTION('ref_axis',(0.81930077987986,0.573363961274384,0.));
#4893=DIRECTION('',(-0.573576436351046,0.819152044288991,0.));
#4894=DIRECTION('center_axis',(0.,0.,1.));
#4895=DIRECTION('ref_axis',(0.751691312268987,-0.659515102980461,0.));
#4896=DIRECTION('center_axis',(-8.10567867778521E-15,-2.15644566935944E-14,
1.));
#4897=DIRECTION('ref_axis',(0.971395569050431,-0.237467152316251,2.75297022947213E-15));
#4898=DIRECTION('',(-1.,0.,0.));
#4899=DIRECTION('center_axis',(0.,0.,1.));
#4900=DIRECTION('ref_axis',(-0.300457010274092,0.953795358018246,0.));
#4901=DIRECTION('center_axis',(4.97263590493617E-14,-1.00834891585718E-13,
1.));
#4902=DIRECTION('ref_axis',(-0.573363961277271,0.81930077987784,1.10845469957869E-13));
#4903=DIRECTION('',(-0.819152044288991,-0.573576436351048,0.));
#4904=DIRECTION('center_axis',(0.,0.,-1.));
#4905=DIRECTION('ref_axis',(0.896824364900757,0.442386774802722,0.));
#4906=DIRECTION('center_axis',(3.18422024543027E-15,-4.15492989583717E-14,
-1.));
#4907=DIRECTION('ref_axis',(0.98837814153323,0.152015293109997,-3.16891517126092E-15));
#4908=DIRECTION('',(-1.,0.,0.));
#4909=DIRECTION('',(0.,-1.,0.));
#4910=DIRECTION('',(1.,0.,0.));
#4911=DIRECTION('',(0.,1.,0.));
#4912=DIRECTION('',(-0.819152044288989,-0.573576436351049,0.));
#4913=DIRECTION('',(-0.573576436351047,0.819152044288991,0.));
#4914=DIRECTION('',(-0.819152044288991,-0.573576436351047,0.));
#4915=DIRECTION('',(-1.,0.,0.));
#4916=DIRECTION('',(0.573576436351047,-0.819152044288991,0.));
#4917=DIRECTION('',(0.573576436351046,-0.819152044288992,0.));
#4918=DIRECTION('',(-0.573576436351047,0.819152044288991,0.));
#4919=DIRECTION('',(0.819152044288991,0.573576436351047,0.));
#4920=DIRECTION('center_axis',(-0.573520526419674,0.819072196631944,0.0139621803391453));
#4921=DIRECTION('ref_axis',(-0.819152044288991,-0.573576436351047,8.67361737988403E-19));
#4922=DIRECTION('',(-0.0139618115604031,0.00726805906435868,-0.999876113893811));
#4923=DIRECTION('',(-0.819152044288991,-0.573576436351047,0.));
#4924=DIRECTION('',(-0.00342843676722705,-0.0194436311076822,0.999805076517759));
#4925=DIRECTION('center_axis',(-0.819072196631944,-0.573520526419674,0.0139621803391453));
#4926=DIRECTION('ref_axis',(0.573576436351047,-0.819152044288991,0.));
#4927=DIRECTION('',(0.573576436351047,-0.819152044288991,0.));
#4928=DIRECTION('',(0.0139620450484186,0.00440221589404149,0.999892835154492));
#4929=DIRECTION('',(-0.00726805906435868,-0.0139618115604031,-0.999876113893811));
#4930=DIRECTION('center_axis',(0.819072196631944,0.573520526419674,0.0139621803391453));
#4931=DIRECTION('ref_axis',(-0.573576436351047,0.819152044288991,0.));
#4932=DIRECTION('',(-0.573576436351047,0.819152044288991,0.));
#4933=DIRECTION('',(-0.0194436311076832,0.00342843676722812,0.999805076517759));
#4934=DIRECTION('center_axis',(0.81883266922726,0.573352807525306,-0.027921638723561));
#4935=DIRECTION('ref_axis',(-0.573576436351047,0.819152044288992,-1.73472347597681E-18));
#4936=DIRECTION('',(-0.573576436351047,0.819152044288991,0.));
#4937=DIRECTION('',(0.0148645837958117,0.0274463244202268,0.999512753007383));
#4938=DIRECTION('',(0.573576436351046,-0.819152044288991,0.));
#4939=DIRECTION('',(0.573576436351047,-0.819152044288991,0.));
#4940=DIRECTION('center_axis',(0.573520526419674,-0.819072196631944,0.0139621803391453));
#4941=DIRECTION('ref_axis',(0.819152044288991,0.573576436351047,-8.67361737988404E-19));
#4942=DIRECTION('',(0.0308750956057035,0.00458094389200919,-0.999512753007383));
#4943=DIRECTION('',(0.819152044288991,0.573576436351047,0.));
#4944=DIRECTION('center_axis',(-0.81883266922726,-0.573352807525307,-0.0279216387235594));
#4945=DIRECTION('ref_axis',(0.573576436351048,-0.819152044288991,-1.73472347597681E-18));
#4946=DIRECTION('',(0.573576436351048,-0.819152044288991,0.));
#4947=DIRECTION('',(0.573576436351048,-0.81915204428899,0.));
#4948=DIRECTION('',(-0.573576436351048,0.819152044288991,0.));
#4949=DIRECTION('center_axis',(0.819152044289002,0.573576436351032,-8.88851954060116E-15));
#4950=DIRECTION('ref_axis',(-0.573576436351032,0.819152044289002,3.23432971140615E-29));
#4951=DIRECTION('center_axis',(-0.953716950748232,-0.300705799504257,9.61645053345812E-15));
#4952=DIRECTION('ref_axis',(0.300705799504257,-0.953716950748232,-2.36658271566304E-30));
#4953=DIRECTION('center_axis',(-0.00609932312513392,0.0131234668425994,
-0.999895280954684));
#4954=DIRECTION('ref_axis',(-0.300924414999505,0.953540011844943,0.0143506887622895));
#4955=DIRECTION('center_axis',(-1.,-2.34548729268013E-14,-2.37846725269549E-14));
#4956=DIRECTION('ref_axis',(-2.37846725269549E-14,-1.53635558296422E-29,
1.));
#4957=DIRECTION('center_axis',(-0.00253103833741617,0.0142485427145375,
-0.999895280954684));
#4958=DIRECTION('ref_axis',(-0.000260436900919589,0.999898440409362,0.0142492469816938));
#4959=DIRECTION('center_axis',(-1.,0.,0.));
#4960=DIRECTION('ref_axis',(0.,0.,1.));
#4961=DIRECTION('center_axis',(-1.,0.,0.));
#4962=DIRECTION('ref_axis',(0.,0.,1.));
#4963=DIRECTION('',(1.,0.,0.));
#4964=DIRECTION('center_axis',(-0.887010833178236,0.461748613235006,-6.34105715710496E-14));
#4965=DIRECTION('ref_axis',(-0.461748613235006,-0.887010833178236,-1.13595970351826E-28));
#4966=DIRECTION('center_axis',(0.00417630382716665,0.0147062893907164,-0.999883134940629));
#4967=DIRECTION('ref_axis',(0.971338628485653,-0.237699293425283,0.000560996195392079));
#4968=DIRECTION('center_axis',(-0.573576436351048,0.81915204428899,-1.05946237831413E-14));
#4969=DIRECTION('ref_axis',(-0.81915204428899,-0.573576436351048,4.02319061662716E-29));
#4970=DIRECTION('center_axis',(0.0096512575521223,0.0118562088783997,-0.999883134940626));
#4971=DIRECTION('ref_axis',(0.751848811145301,-0.659335309582815,-0.000560996195551612));
#4972=DIRECTION('center_axis',(-0.573576436351047,0.819152044288991,0.));
#4973=DIRECTION('ref_axis',(-0.819152044288991,-0.573576436351047,0.));
#4974=DIRECTION('center_axis',(-0.573576436351047,0.819152044288991,0.));
#4975=DIRECTION('ref_axis',(-0.819152044288991,-0.573576436351047,0.));
#4976=DIRECTION('',(-0.573576436351047,0.819152044288991,0.));
#4977=DIRECTION('center_axis',(-0.300705799504243,0.953716950748236,2.51692372568319E-14));
#4978=DIRECTION('ref_axis',(-0.953716950748236,-0.300705799504243,2.01948391736579E-28));
#4979=DIRECTION('center_axis',(0.013123466842549,0.00609932312511279,-0.999895280954685));
#4980=DIRECTION('ref_axis',(0.95354001184497,0.30092441499942,0.0143506887622351));
#4981=DIRECTION('center_axis',(0.,1.,0.));
#4982=DIRECTION('ref_axis',(0.,0.,1.));
#4983=DIRECTION('center_axis',(0.014248542714441,0.00253103833740179,-0.999895280954685));
#4984=DIRECTION('ref_axis',(0.999898440409364,0.000260436900932923,0.0142492469815971));
#4985=DIRECTION('center_axis',(0.,1.,0.));
#4986=DIRECTION('ref_axis',(0.,0.,1.));
#4987=DIRECTION('center_axis',(0.,1.,0.));
#4988=DIRECTION('ref_axis',(0.,0.,1.));
#4989=DIRECTION('',(0.,1.,0.));
#4990=DIRECTION('center_axis',(0.707106781186574,0.707106781186521,3.78414866205474E-14));
#4991=DIRECTION('ref_axis',(-0.707106781186521,0.707106781186574,2.20881053461883E-29));
#4992=DIRECTION('center_axis',(-0.707106781186544,-0.707106781186551,0.));
#4993=DIRECTION('ref_axis',(0.707106781186551,-0.707106781186544,0.));
#4994=DIRECTION('center_axis',(0.707106781186544,0.707106781186551,0.));
#4995=DIRECTION('ref_axis',(0.707106781186551,-0.707106781186544,-1.15648231731787E-14));
#4996=DIRECTION('',(0.707106781186544,0.707106781186551,0.));
#4997=DIRECTION('center_axis',(0.,1.,0.));
#4998=DIRECTION('ref_axis',(0.,0.,1.));
#4999=DIRECTION('center_axis',(0.,-1.,0.));
#5000=DIRECTION('ref_axis',(0.,0.,-1.));
#5001=DIRECTION('center_axis',(0.,1.,0.));
#5002=DIRECTION('ref_axis',(0.,0.,-1.));
#5003=DIRECTION('',(0.,1.,0.));
#5004=DIRECTION('center_axis',(1.,0.,0.));
#5005=DIRECTION('ref_axis',(0.,0.,-1.));
#5006=DIRECTION('center_axis',(1.,0.,0.));
#5007=DIRECTION('ref_axis',(0.,0.,-1.));
#5008=DIRECTION('center_axis',(1.,0.,0.));
#5009=DIRECTION('ref_axis',(0.,0.,-1.));
#5010=DIRECTION('center_axis',(0.707106781186548,-0.707106781186548,0.));
#5011=DIRECTION('ref_axis',(0.707106781186548,0.707106781186548,0.));
#5012=DIRECTION('center_axis',(-0.00219223467471143,-0.002331404580718,
-0.999994879316795));
#5013=DIRECTION('ref_axis',(-0.707094124223481,-0.70711220313641,0.00319869726639715));
#5014=DIRECTION('center_axis',(0.,-1.,0.));
#5015=DIRECTION('ref_axis',(0.,0.,-1.));
#5016=DIRECTION('center_axis',(-0.00233140458071799,-0.00219223467471143,
-0.999994879316795));
#5017=DIRECTION('ref_axis',(-0.999997282187069,-7.97166765775624E-6,0.00233142765866573));
#5018=DIRECTION('center_axis',(0.,-1.,0.));
#5019=DIRECTION('ref_axis',(0.,0.,-1.));
#5020=DIRECTION('center_axis',(0.,-1.,0.));
#5021=DIRECTION('ref_axis',(0.,0.,-1.));
#5022=DIRECTION('',(0.,-1.,0.));
#5023=DIRECTION('center_axis',(-0.707106781186547,-0.707106781186548,-1.30893450685787E-15));
#5024=DIRECTION('ref_axis',(0.707106781186548,-0.707106781186547,4.93038065763132E-30));
#5025=DIRECTION('center_axis',(-0.00233140458072474,0.0021922346747158,
-0.999994879316795));
#5026=DIRECTION('ref_axis',(-0.707112203136407,0.707094124223483,0.00319869726640492));
#5027=DIRECTION('center_axis',(-1.,-1.46592955792508E-15,-2.04695681436404E-17));
#5028=DIRECTION('ref_axis',(1.46592955792508E-15,-1.,4.16077978156938E-34));
#5029=DIRECTION('center_axis',(-0.00219223467470991,0.00233140458071055,
-0.999994879316795));
#5030=DIRECTION('ref_axis',(-7.97166765276002E-6,0.999997282187069,0.00233142765865799));
#5031=DIRECTION('center_axis',(-1.,-4.41530284568854E-16,0.));
#5032=DIRECTION('ref_axis',(4.41530284568854E-16,-1.,0.));
#5033=DIRECTION('center_axis',(-1.,-4.41530284568854E-16,0.));
#5034=DIRECTION('ref_axis',(4.41530284568854E-16,-1.,0.));
#5035=DIRECTION('',(-1.,-4.41530284568854E-16,0.));
#5036=DIRECTION('center_axis',(0.000660238801296959,-0.0020940099443992,
-0.999997589600634));
#5037=DIRECTION('ref_axis',(0.000248465936601834,-0.999997776346694,0.00209417438269605));
#5038=DIRECTION('center_axis',(-0.953716950748224,-0.300705799504282,-2.31230203279913E-14));
#5039=DIRECTION('ref_axis',(0.300705799504282,-0.953716950748224,-2.66634985964702E-28));
#5040=DIRECTION('center_axis',(-0.819152044288983,-0.573576436351059,-5.02142869168618E-15));
#5041=DIRECTION('ref_axis',(0.573576436351059,-0.819152044288983,-8.67746995743113E-30));
#5042=DIRECTION('center_axis',(0.000660238798508803,-0.00209400994717509,
-0.99999758960063));
#5043=DIRECTION('ref_axis',(0.300954023255005,-0.953636123001863,0.00219563034261791));
#5044=DIRECTION('center_axis',(-0.819152044288991,-0.573576436351047,0.));
#5045=DIRECTION('ref_axis',(0.573576436351047,-0.819152044288991,0.));
#5046=DIRECTION('',(-0.819152044288991,-0.573576436351047,0.));
#5047=DIRECTION('center_axis',(0.,0.,1.));
#5048=DIRECTION('ref_axis',(1.,0.,0.));
#5049=DIRECTION('center_axis',(0.,0.,1.));
#5050=DIRECTION('ref_axis',(1.,0.,0.));
#5051=DIRECTION('center_axis',(0.,0.,1.));
#5052=DIRECTION('ref_axis',(1.,0.,0.));
#5053=DIRECTION('center_axis',(0.,0.,1.));
#5054=DIRECTION('ref_axis',(1.,0.,0.));
#5055=DIRECTION('',(-1.,0.,0.));
#5056=DIRECTION('',(-0.819152044288992,-0.573576436351046,0.));
#5057=DIRECTION('',(0.,1.,0.));
#5058=DIRECTION('center_axis',(-0.999902524009304,0.,0.0139621803391453));
#5059=DIRECTION('ref_axis',(0.0139621803391453,0.,0.999902524009304));
#5060=DIRECTION('center_axis',(0.,-0.999902524009304,0.0139621803391453));
#5061=DIRECTION('ref_axis',(0.,-0.0139621803391453,-0.999902524009304));
#5062=DIRECTION('',(0.00440221589404149,-0.0139620450484197,-0.999892835154492));
#5063=DIRECTION('center_axis',(0.573520526419674,-0.819072196631944,0.0139621803391453));
#5064=DIRECTION('ref_axis',(0.819152044288991,0.573576436351047,-8.67361737988404E-19));
#5065=DIRECTION('center_axis',(0.,0.,1.));
#5066=DIRECTION('ref_axis',(1.,0.,0.));
#5067=DIRECTION('',(-0.819152044288991,-0.573576436351048,0.));
#5068=DIRECTION('center_axis',(0.,0.,1.));
#5069=DIRECTION('ref_axis',(1.,0.,0.));
#5070=DIRECTION('',(0.819152044288991,0.573576436351047,0.));
#5071=DIRECTION('center_axis',(0.819072196631943,0.573520526419674,0.0139621803391453));
#5072=DIRECTION('ref_axis',(-0.573576436351047,0.819152044288991,0.));
#5073=DIRECTION('',(0.00342843676722428,0.0194436311076822,-0.999805076517759));
#5074=DIRECTION('',(-0.573576436351047,0.819152044288991,0.));
#5075=DIRECTION('',(-0.00726805906435826,-0.0139618115604027,0.999876113893811));
#5076=DIRECTION('',(0.0139620450484197,0.00440221589403993,-0.999892835154492));
#5077=DIRECTION('',(-0.0194436311076804,0.00342843676722798,0.999805076517759));
#5078=DIRECTION('center_axis',(-0.819072196631941,-0.573520526419678,-0.0139621803391539));
#5079=DIRECTION('ref_axis',(0.01143714855316,0.00800837766317284,-0.999902524009304));
#5080=DIRECTION('center_axis',(0.999902524009304,0.,0.0139621803391453));
#5081=DIRECTION('ref_axis',(0.0139621803391453,0.,-0.999902524009304));
#5082=DIRECTION('',(0.0139619468495839,-0.00578322774222997,-0.999885802638007));
#5083=DIRECTION('',(-0.0139620450484193,-0.00440221589404084,0.999892835154492));
#5084=DIRECTION('center_axis',(0.707037855252528,-0.70703785525252,0.0139621803391453));
#5085=DIRECTION('ref_axis',(0.707106781186544,0.707106781186551,8.67361737988403E-19));
#5086=DIRECTION('',(0.0139619468495848,-0.00578322774222929,-0.999885802638007));
#5087=DIRECTION('',(-0.0139619468495839,0.00578322774222997,0.999885802638007));
#5088=DIRECTION('center_axis',(0.999902524009304,0.,0.0139621803391453));
#5089=DIRECTION('ref_axis',(0.0139621803391453,0.,-0.999902524009304));
#5090=DIRECTION('',(-0.0139619468495843,0.00578322774223003,0.999885802638007));
#5091=DIRECTION('',(0.0139608196270582,-0.013960819627058,-0.999805076517759));
#5092=DIRECTION('center_axis',(-0.013960819627058,0.013960819627058,0.999805076517759));
#5093=DIRECTION('ref_axis',(0.999902524009304,-5.42101086242752E-18,0.0139621803391453));
#5094=DIRECTION('center_axis',(-0.999902524009304,0.,0.0139621803391453));
#5095=DIRECTION('ref_axis',(0.0139621803391453,0.,0.999902524009304));
#5096=DIRECTION('',(0.013960819627058,0.013960819627058,0.999805076517759));
#5097=DIRECTION('',(-0.013960819627058,0.0139608196270573,-0.999805076517759));
#5098=DIRECTION('',(0.,-1.,0.));
#5099=DIRECTION('',(-0.013960819627058,-0.0139608196270592,-0.999805076517759));
#5100=DIRECTION('',(0.,-1.,0.));
#5101=DIRECTION('',(0.013960819627058,-0.0139608196270575,0.999805076517759));
#5102=DIRECTION('',(0.013960819627058,-0.0139608196270578,0.999805076517759));
#5103=DIRECTION('center_axis',(-4.41487245966944E-16,0.999902524009304,
0.0139621803391453));
#5104=DIRECTION('ref_axis',(0.,-0.0139621803391453,0.999902524009304));
#5105=DIRECTION('',(-0.00440221589404016,0.0139620450484193,-0.999892835154492));
#5106=DIRECTION('',(-1.,-4.41444211560264E-16,-6.16412454562307E-18));
#5107=DIRECTION('',(0.013960819627058,-0.0139608196270577,0.999805076517759));
#5108=DIRECTION('center_axis',(-0.573520526419674,0.819072196631944,0.0139621803391453));
#5109=DIRECTION('ref_axis',(-0.819152044288991,-0.573576436351047,8.67361737988403E-19));
#5110=DIRECTION('',(-0.00440221589404084,0.0139620450484193,-0.999892835154492));
#5111=DIRECTION('',(-0.819152044288991,-0.573576436351047,0.));
#5112=DIRECTION('',(0.00440221589403993,-0.0139620450484193,0.999892835154492));
#5113=DIRECTION('center_axis',(-0.573520526419675,0.819072196631943,-0.0139621803391453));
#5114=DIRECTION('ref_axis',(-0.81915204428899,-0.573576436351048,8.67361737988403E-19));
#5115=DIRECTION('',(0.0165850859342209,-0.00543073838056759,-0.999847709406386));
#5116=DIRECTION('',(-0.00800837764261763,0.0114371485675424,0.999902524009304));
#5117=DIRECTION('center_axis',(0.819107129662661,0.573544986791114,0.0104717841162411));
#5118=DIRECTION('ref_axis',(-0.573576436351047,0.819152044288991,0.));
#5119=DIRECTION('',(-0.0165850859342057,0.00543073838057708,0.999847709406386));
#5120=DIRECTION('',(0.0165850859342051,-0.00543073838057603,-0.999847709406386));
#5121=DIRECTION('',(-0.000569208686636712,-0.0174423047867615,0.999847709406386));
#5122=DIRECTION('',(-0.000569208686639191,-0.0174423047867625,0.999847709406386));
#5123=DIRECTION('',(-0.573576436351047,0.819152044288991,0.));
#5124=DIRECTION('',(0.000569208686636482,0.017442304786761,-0.999847709406386));
#5125=DIRECTION('center_axis',(-0.819107129662661,-0.573544986791114,-0.0104717841162448));
#5126=DIRECTION('ref_axis',(0.00857798336190752,0.00600636862172759,-0.999945169365512));
#5127=DIRECTION('center_axis',(0.573520526419675,-0.819072196631943,-0.0139621803391453));
#5128=DIRECTION('ref_axis',(0.819152044288991,0.573576436351048,0.));
#5129=DIRECTION('',(-0.00800837764261762,0.0114371485675424,-0.999902524009304));
#5130=DIRECTION('center_axis',(-0.819152044288991,-0.573576436351047,0.));
#5131=DIRECTION('ref_axis',(0.573576436351047,-0.819152044288991,0.));
#5132=DIRECTION('center_axis',(0.,0.,1.));
#5133=DIRECTION('ref_axis',(1.,0.,0.));
#5134=DIRECTION('center_axis',(-2.37571849648803E-16,-1.48540793429503E-15,
1.));
#5135=DIRECTION('ref_axis',(-6.46322951297067E-6,0.999999999979113,1.48540639878261E-15));
#5136=DIRECTION('',(0.819152044288991,0.573576436351048,0.));
#5137=DIRECTION('',(0.573576436351047,-0.819152044288991,0.));
#5138=DIRECTION('',(1.,0.,0.));
#5139=DIRECTION('',(0.819152044288991,0.573576436351047,0.));
#5140=DIRECTION('',(-0.573576436351049,0.81915204428899,0.));
#5141=DIRECTION('',(0.819152044288996,0.573576436351041,0.));
#5142=DIRECTION('',(0.819152044288991,0.573576436351047,0.));
#5143=DIRECTION('',(1.,0.,0.));
#5144=DIRECTION('center_axis',(0.,0.,1.));
#5145=DIRECTION('ref_axis',(-0.707106781186451,0.707106781186644,0.));
#5146=DIRECTION('center_axis',(2.72118210621673E-15,-1.35380550680918E-14,
-1.));
#5147=DIRECTION('ref_axis',(-1.49140997242886E-6,-0.999999999998888,1.35380510096786E-14));
#5148=DIRECTION('center_axis',(1.08175235881483E-15,-1.06257054175219E-14,
1.));
#5149=DIRECTION('ref_axis',(-0.573577658041931,0.819151188850467,9.32452820968824E-15));
#5150=DIRECTION('',(-1.,0.,0.));
#5151=DIRECTION('center_axis',(-0.573520526419675,0.819072196631943,0.0139621803391408));
#5152=DIRECTION('ref_axis',(-0.819152044288991,-0.573576436351048,-8.67361737988404E-19));
#5153=DIRECTION('',(0.819152044288991,0.573576436351048,0.));
#5154=DIRECTION('',(-0.00342843676722798,-0.0194436311076767,0.999805076517759));
#5155=DIRECTION('center_axis',(0.819152044288991,0.573576436351048,0.));
#5156=DIRECTION('ref_axis',(-0.573576436351047,0.819152044288991,0.));
#5157=DIRECTION('',(0.819152044288991,0.573576436351048,0.));
#5158=DIRECTION('center_axis',(0.819072196631943,0.573520526419674,0.0139621803391504));
#5159=DIRECTION('ref_axis',(-0.0114371485853038,-0.00800837761726072,0.999902524009304));
#5160=DIRECTION('center_axis',(0.573520526419675,-0.819072196631943,0.0139621803391408));
#5161=DIRECTION('ref_axis',(0.819152044288991,0.573576436351048,-8.67361737988404E-19));
#5162=DIRECTION('',(0.0194436311076785,-0.00342843676722243,-0.999805076517759));
#5163=DIRECTION('center_axis',(0.0139620450484195,0.0044022158940405,-0.999892835154492));
#5164=DIRECTION('ref_axis',(-0.999902524009304,-1.6940658945086E-18,-0.0139621803391453));
#5165=DIRECTION('center_axis',(0.00726805906435822,0.0139618115604029,-0.999876113893811));
#5166=DIRECTION('ref_axis',(2.79182059415017E-18,0.999902524009304,0.0139621803391453));
#5167=DIRECTION('',(-0.00726805906435822,-0.0139618115604029,0.999876113893811));
#5168=DIRECTION('center_axis',(-0.0139619468495841,0.00578322774223,0.999885802638007));
#5169=DIRECTION('ref_axis',(0.999902524009304,-2.23616698075135E-18,0.0139621803391453));
#5170=DIRECTION('center_axis',(0.0139619468495841,-0.00578322774223,-0.999885802638007));
#5171=DIRECTION('ref_axis',(-0.999902524009304,2.23616698075135E-18,-0.0139621803391453));
#5172=DIRECTION('center_axis',(0.104528463267647,0.,-0.994521895368274));
#5173=DIRECTION('ref_axis',(-0.994521895368274,0.,-0.104528463267647));
#5174=DIRECTION('',(0.,-1.,0.));
#5175=DIRECTION('',(0.,1.,0.));
#5176=DIRECTION('',(-0.994520239997294,-0.00182454807623799,-0.104528289281146));
#5177=DIRECTION('center_axis',(-0.999847695156391,0.,-0.0174524064372836));
#5178=DIRECTION('ref_axis',(-0.0174524064372836,0.,0.999847695156391));
#5179=DIRECTION('',(-0.0174497491606823,0.0174497491606823,0.999695459881887));
#5180=DIRECTION('center_axis',(0.999847695156391,0.,-0.0174524064372835));
#5181=DIRECTION('ref_axis',(-0.0174524064372835,0.,-0.999847695156391));
#5182=DIRECTION('',(-0.0174497491606828,-0.0174497491606827,-0.999695459881887));
#5183=DIRECTION('',(0.,-1.,0.));
#5184=DIRECTION('center_axis',(0.,0.,-1.));
#5185=DIRECTION('ref_axis',(-1.,0.,0.));
#5186=DIRECTION('center_axis',(0.,0.,1.));
#5187=DIRECTION('ref_axis',(-1.,0.,0.));
#5188=DIRECTION('center_axis',(0.,0.,-1.));
#5189=DIRECTION('ref_axis',(-1.,0.,0.));
#5190=DIRECTION('',(-1.,0.,0.));
#5191=DIRECTION('',(0.,-1.,0.));
#5192=DIRECTION('',(1.,0.,0.));
#5193=DIRECTION('',(0.,1.,0.));
#5194=DIRECTION('center_axis',(0.999945169365512,9.91216205707405E-17,0.0104717841162458));
#5195=DIRECTION('ref_axis',(0.0104717841162458,0.,-0.999945169365512));
#5196=DIRECTION('',(9.91161856693931E-17,-1.,1.03798021186922E-18));
#5197=DIRECTION('',(0.0104717841162458,0.,-0.999945169365512));
#5198=DIRECTION('center_axis',(0.,0.,1.));
#5199=DIRECTION('ref_axis',(1.,0.,0.));
#5200=DIRECTION('center_axis',(0.,0.,-1.));
#5201=DIRECTION('ref_axis',(-0.707106781186451,-0.707106781186644,0.));
#5202=DIRECTION('',(-1.,0.,0.));
#5203=DIRECTION('center_axis',(0.,0.,-1.));
#5204=DIRECTION('ref_axis',(-0.599989081723344,0.800008188591078,0.));
#5205=DIRECTION('',(0.,-1.,0.));
#5206=DIRECTION('center_axis',(0.,0.,1.));
#5207=DIRECTION('ref_axis',(-1.,0.,0.));
#5208=DIRECTION('center_axis',(0.,0.,1.));
#5209=DIRECTION('ref_axis',(-1.,0.,0.));
#5210=DIRECTION('center_axis',(-0.013960819627058,-0.013960819627058,-0.999805076517759));
#5211=DIRECTION('ref_axis',(-0.999902524009304,-5.50232602536393E-18,0.0139621803391453));
#5212=DIRECTION('center_axis',(0.,0.999902524009304,0.0139621803391453));
#5213=DIRECTION('ref_axis',(-0.0139662638017488,0.0139608185655501,-0.999805000497797));
#5214=DIRECTION('center_axis',(0.,0.999902524009304,0.0139621803391453));
#5215=DIRECTION('ref_axis',(0.,-0.0139621803391453,0.999902524009304));
#5216=DIRECTION('',(0.0104707634806318,-0.0139614149331654,0.999847709406386));
#5217=DIRECTION('center_axis',(0.,-0.999902524009304,-0.0139621803391453));
#5218=DIRECTION('ref_axis',(0.,0.0139621803391453,-0.999902524009304));
#5219=DIRECTION('',(1.,0.,0.));
#5220=DIRECTION('center_axis',(0.,0.,-1.));
#5221=DIRECTION('ref_axis',(-1.,0.,0.));
#5222=DIRECTION('',(1.,0.,0.));
#5223=DIRECTION('center_axis',(0.,0.999902524009304,-0.0139621803391453));
#5224=DIRECTION('ref_axis',(0.,0.0139621803391453,0.999902524009304));
#5225=DIRECTION('center_axis',(-0.013960819627058,0.013960819627058,-0.999805076517759));
#5226=DIRECTION('ref_axis',(-0.999902524009304,5.47522097105179E-18,0.0139621803391453));
#5227=DIRECTION('center_axis',(0.00440221589404049,-0.0139620450484195,
0.999892835154492));
#5228=DIRECTION('ref_axis',(1.6940658945086E-18,-0.999902524009304,-0.0139621803391453));
#5229=DIRECTION('center_axis',(-0.00440221589404049,0.0139620450484195,
-0.999892835154492));
#5230=DIRECTION('ref_axis',(-1.6940658945086E-18,0.999902524009304,0.0139621803391453));
#5231=DIRECTION('',(-0.00440221589404049,0.0139620450484195,-0.999892835154492));
#5232=DIRECTION('center_axis',(0.,0.,-1.));
#5233=DIRECTION('ref_axis',(-1.,0.,0.));
#5234=DIRECTION('center_axis',(0.,0.,-1.));
#5235=DIRECTION('ref_axis',(-1.,0.,0.));
#5236=DIRECTION('center_axis',(0.,0.,-1.));
#5237=DIRECTION('ref_axis',(-1.,0.,0.));
#5238=DIRECTION('center_axis',(0.819152044288991,0.573576436351048,0.));
#5239=DIRECTION('ref_axis',(-0.573576436351048,0.819152044288991,0.));
#5240=DIRECTION('',(-0.819152044288991,-0.573576436351048,0.));
#5241=DIRECTION('center_axis',(-0.819072196631944,-0.573520526419674,0.0139621803391476));
#5242=DIRECTION('ref_axis',(-0.0114371485413606,-0.00800837768001314,-0.999902524009304));
#5243=DIRECTION('',(0.819152044288991,0.573576436351048,0.));
#5244=DIRECTION('center_axis',(0.573520526419675,-0.819072196631943,0.0139621803391405));
#5245=DIRECTION('ref_axis',(0.819152044288991,0.573576436351048,0.));
#5246=DIRECTION('',(0.00342843676722983,0.0194436311076785,0.999805076517759));
#5247=DIRECTION('center_axis',(-0.573520526419674,0.819072196631944,-0.0139621803391453));
#5248=DIRECTION('ref_axis',(-0.819152044288991,-0.573576436351047,-8.67361737988403E-19));
#5249=DIRECTION('',(-0.0194436311076797,0.00342843676722755,0.999805076517759));
#5250=DIRECTION('center_axis',(0.573520526419674,-0.819072196631944,-0.0139621803391453));
#5251=DIRECTION('ref_axis',(0.819152044288991,0.573576436351047,-8.67361737988403E-19));
#5252=DIRECTION('center_axis',(-0.573520526419675,0.819072196631943,0.0139621803391422));
#5253=DIRECTION('ref_axis',(-0.819152044288991,-0.573576436351047,-8.67361737988403E-19));
#5254=DIRECTION('',(-0.0194436311076804,0.00342843676722428,-0.999805076517759));
#5255=DIRECTION('center_axis',(0.,0.999902524009304,0.0139621803391453));
#5256=DIRECTION('ref_axis',(0.,-0.0139621803391453,0.999902524009304));
#5257=DIRECTION('center_axis',(0.819072196631943,0.573520526419674,-0.0139621803391453));
#5258=DIRECTION('ref_axis',(-0.573576436351047,0.819152044288991,-8.67361737988404E-19));
#5259=DIRECTION('',(0.573576436351047,-0.819152044288991,0.));
#5260=DIRECTION('',(-0.00342843676722606,-0.0194436311076817,-0.999805076517759));
#5261=DIRECTION('',(0.0194436311076817,-0.00342843676722705,0.999805076517759));
#5262=DIRECTION('center_axis',(-0.819072196631943,-0.573520526419674,-0.0139621803391453));
#5263=DIRECTION('ref_axis',(0.573576436351047,-0.819152044288991,0.));
#5264=DIRECTION('',(-0.0139620450484207,-0.00440221589403867,0.999892835154492));
#5265=DIRECTION('',(-0.573576436351047,0.819152044288991,0.));
#5266=DIRECTION('',(0.00726805906435754,0.0139618115604031,-0.999876113893811));
#5267=DIRECTION('center_axis',(0.,0.999847695156391,-0.0174524064372835));
#5268=DIRECTION('ref_axis',(0.,0.0174524064372835,0.999847695156391));
#5269=DIRECTION('',(-1.,0.,0.));
#5270=DIRECTION('',(0.0104701893876574,-0.0174514498022082,-0.999792889569629));
#5271=DIRECTION('',(0.0104701893876607,0.0174514498022081,0.999792889569629));
#5272=DIRECTION('center_axis',(-0.999945169365512,-9.91216205707405E-17,
0.0104717841162458));
#5273=DIRECTION('ref_axis',(0.0104717841162458,0.,0.999945169365512));
#5274=DIRECTION('',(0.0104717841162458,0.,0.999945169365512));
#5275=DIRECTION('',(-0.0104707634806318,0.0139614149331654,-0.999847709406386));
#5276=DIRECTION('center_axis',(0.,0.999902524009304,-0.0139621803391453));
#5277=DIRECTION('ref_axis',(0.,0.0139621803391453,0.999902524009304));
#5278=DIRECTION('',(0.013960819627065,0.013960819627058,0.999805076517759));
#5279=DIRECTION('',(1.,0.,0.));
#5280=DIRECTION('',(0.0139608196270581,0.013960819627058,0.999805076517759));
#5281=DIRECTION('',(0.013960819627058,-0.013960819627058,-0.999805076517759));
#5282=DIRECTION('center_axis',(-4.14621589143511E-17,-0.999902524009304,
0.0139621803391453));
#5283=DIRECTION('ref_axis',(2.94141332266759E-12,-0.0139621803391453,-0.999902524009304));
#5284=DIRECTION('center_axis',(0.,0.,1.));
#5285=DIRECTION('ref_axis',(-0.637201173668937,0.77069751801529,0.));
#5286=DIRECTION('center_axis',(0.,0.,-1.));
#5287=DIRECTION('ref_axis',(1.,-1.24280712936968E-14,0.));
#5288=DIRECTION('center_axis',(-0.999902524009304,0.,-0.0139621803391453));
#5289=DIRECTION('ref_axis',(-0.0139621803391453,0.,0.999902524009304));
#5290=DIRECTION('',(0.0139619468495842,-0.00578322774223011,-0.999885802638007));
#5291=DIRECTION('center_axis',(-0.707037855252528,0.70703785525252,-0.0139621803391453));
#5292=DIRECTION('ref_axis',(-0.707106781186544,-0.707106781186551,8.67361737988403E-19));
#5293=DIRECTION('',(0.707106781186544,0.707106781186551,0.));
#5294=DIRECTION('',(0.0139619468495848,-0.00578322774222931,-0.999885802638007));
#5295=DIRECTION('',(0.0139619468495839,-0.00578322774222958,-0.999885802638007));
#5296=DIRECTION('center_axis',(-0.999902524009304,0.,-0.0139621803391453));
#5297=DIRECTION('ref_axis',(-0.0139621803391453,0.,0.999902524009304));
#5298=DIRECTION('',(0.,-1.,0.));
#5299=DIRECTION('center_axis',(0.573520526419674,-0.819072196631944,-0.0139621803391453));
#5300=DIRECTION('ref_axis',(0.819152044288991,0.573576436351047,-8.67361737988403E-19));
#5301=DIRECTION('',(0.819152044288991,0.573576436351047,0.));
#5302=DIRECTION('',(0.00342843676722758,0.0194436311076824,-0.999805076517759));
#5303=DIRECTION('center_axis',(-0.573520526419674,0.819072196631944,-0.0139621803391453));
#5304=DIRECTION('ref_axis',(-0.819152044288991,-0.573576436351047,-8.67361737988403E-19));
#5305=DIRECTION('',(0.0139618115604022,-0.00726805906435853,-0.999876113893811));
#5306=DIRECTION('',(0.819152044288991,0.573576436351047,0.));
#5307=DIRECTION('center_axis',(0.999945169365512,0.,0.0104717841162458));
#5308=DIRECTION('ref_axis',(0.0104717841162458,0.,-0.999945169365512));
#5309=DIRECTION('',(0.,-1.,0.));
#5310=DIRECTION('',(0.0104712100046362,-0.0104712100046369,-0.999890347749231));
#5311=DIRECTION('center_axis',(0.,-0.999945169365512,0.0104717841162458));
#5312=DIRECTION('ref_axis',(0.,-0.0104717841162458,-0.999945169365512));
#5313=DIRECTION('',(-1.,0.,0.));
#5314=DIRECTION('',(-0.0104712100046355,-0.0104712100046355,-0.999890347749231));
#5315=DIRECTION('',(0.,-0.0104717841162458,-0.999945169365512));
#5316=DIRECTION('center_axis',(0.,0.,-1.));
#5317=DIRECTION('ref_axis',(-1.,0.,0.));
#5318=DIRECTION('',(0.00837742729299665,0.0062830704697475,0.999945169365512));
#5319=DIRECTION('center_axis',(-0.999945169365512,0.,0.0104717841162458));
#5320=DIRECTION('ref_axis',(0.0104717841162458,0.,0.999945169365512));
#5321=DIRECTION('',(0.,1.,0.));
#5322=DIRECTION('center_axis',(0.,0.,-1.));
#5323=DIRECTION('ref_axis',(-1.,0.,0.));
#5324=DIRECTION('center_axis',(0.,0.,-1.));
#5325=DIRECTION('ref_axis',(-1.,0.,0.));
#5326=DIRECTION('',(0.,0.,1.));
#5327=DIRECTION('',(0.,0.,1.));
#5328=DIRECTION('center_axis',(0.,0.,-1.));
#5329=DIRECTION('ref_axis',(-1.,0.,0.));
#5330=DIRECTION('',(0.,0.,-1.));
#5331=DIRECTION('center_axis',(0.,0.,-1.));
#5332=DIRECTION('ref_axis',(-1.,0.,0.));
#5333=DIRECTION('',(0.,0.,-1.));
#5334=DIRECTION('center_axis',(0.,0.,-1.));
#5335=DIRECTION('ref_axis',(-1.,0.,0.));
#5336=DIRECTION('',(0.,0.,-1.));
#5337=DIRECTION('center_axis',(0.,0.,-1.));
#5338=DIRECTION('ref_axis',(-1.,0.,0.));
#5339=DIRECTION('center_axis',(0.,0.,1.));
#5340=DIRECTION('ref_axis',(-1.,0.,0.));
#5341=DIRECTION('center_axis',(-0.0104707634806318,0.0139614149331654,-0.999847709406386));
#5342=DIRECTION('ref_axis',(-4.14707330975705E-18,0.999902524009304,0.0139621803391453));
#5343=DIRECTION('center_axis',(-4.41530284568854E-16,1.,0.));
#5344=DIRECTION('ref_axis',(-1.,-4.41530284568854E-16,0.));
#5345=DIRECTION('center_axis',(0.,-0.999902524009304,-0.0139621803391453));
#5346=DIRECTION('ref_axis',(0.,0.0139621803391453,-0.999902524009304));
#5347=DIRECTION('',(-0.013960819627058,0.013960819627058,-0.999805076517759));
#5348=DIRECTION('',(-0.00726805906435885,-0.013961811560403,0.999876113893811));
#5349=DIRECTION('center_axis',(-0.819072196631943,-0.573520526419674,-0.0139621803391453));
#5350=DIRECTION('ref_axis',(0.573576436351047,-0.819152044288991,0.));
#5351=DIRECTION('center_axis',(0.,0.,1.));
#5352=DIRECTION('ref_axis',(1.,0.,0.));
#5353=DIRECTION('',(-0.819152044288991,-0.573576436351048,0.));
#5354=DIRECTION('',(-1.,0.,0.));
#5355=DIRECTION('',(0.,1.,0.));
#5356=DIRECTION('center_axis',(0.573520526419674,-0.819072196631944,-0.0139621803391453));
#5357=DIRECTION('ref_axis',(0.819152044288991,0.573576436351047,-8.67361737988403E-19));
#5358=DIRECTION('',(0.00440221589403966,-0.0139620450484197,0.999892835154492));
#5359=DIRECTION('center_axis',(-4.41530284568854E-16,1.,0.));
#5360=DIRECTION('ref_axis',(-1.,-4.41530284568854E-16,0.));
#5361=DIRECTION('',(4.41530284568854E-16,-1.,0.));
#5362=DIRECTION('center_axis',(-4.41530284568854E-16,1.,0.));
#5363=DIRECTION('ref_axis',(-1.,-4.41530284568854E-16,0.));
#5364=DIRECTION('center_axis',(0.,-0.999902524009304,-0.0139621803391453));
#5365=DIRECTION('ref_axis',(0.,0.0139621803391453,-0.999902524009304));
#5366=DIRECTION('center_axis',(-0.999902524009304,0.,-0.0139621803391453));
#5367=DIRECTION('ref_axis',(-0.0139621803391453,0.,0.999902524009304));
#5368=DIRECTION('center_axis',(0.,0.,-1.));
#5369=DIRECTION('ref_axis',(-1.,0.,0.));
#5370=DIRECTION('center_axis',(0.,0.,1.));
#5371=DIRECTION('ref_axis',(1.,0.,0.));
#5372=DIRECTION('',(0.,-1.,0.));
#5373=DIRECTION('',(-1.,0.,0.));
#5374=DIRECTION('center_axis',(-0.999902524009304,2.20743622983472E-16,
0.0139621803391518));
#5375=DIRECTION('ref_axis',(0.0139621803391518,-3.85185988877447E-34,0.999902524009304));
#5376=DIRECTION('',(-0.0139608196270644,0.0139608196270579,-0.999805076517759));
#5377=DIRECTION('',(-2.20722105780132E-16,-1.,3.08206227281297E-18));
#5378=DIRECTION('',(0.,1.,0.));
#5379=DIRECTION('center_axis',(2.20765142284427E-16,1.,0.));
#5380=DIRECTION('ref_axis',(1.22322054095201E-8,-2.70044460725724E-24,-1.));
#5381=DIRECTION('',(2.20765142284427E-16,1.,0.));
#5382=DIRECTION('center_axis',(0.999902524009304,-2.20743622983472E-16,
0.013962180339149));
#5383=DIRECTION('ref_axis',(0.013962180339149,-3.85185988877447E-34,-0.999902524009304));
#5384=DIRECTION('',(-0.0139617315519459,-0.00801779814533647,0.999870384082343));
#5385=DIRECTION('center_axis',(-0.999902524009304,0.,0.0139621803391486));
#5386=DIRECTION('ref_axis',(0.0139621803391486,0.,0.999902524009304));
#5387=DIRECTION('center_axis',(0.744762732160803,0.667183280894053,-0.0139621803391453));
#5388=DIRECTION('ref_axis',(-0.66724832158524,0.744835335723058,0.));
#5389=DIRECTION('',(-0.66724832158524,0.744835335723058,0.));
#5390=DIRECTION('center_axis',(0.744762732160803,0.667183280894053,-0.0139621803391453));
#5391=DIRECTION('ref_axis',(0.0103995252803332,0.00931624139696514,0.999902524009304));
#5392=DIRECTION('',(0.0010831783097802,0.0197138452379974,0.999805076517759));
#5393=DIRECTION('center_axis',(0.,0.,-1.));
#5394=DIRECTION('ref_axis',(-1.,0.,0.));
#5395=DIRECTION('',(-0.66724832158524,0.744835335723058,0.));
#5396=DIRECTION('',(0.744835335723061,0.667248321585236,0.));
#5397=DIRECTION('center_axis',(-0.744762732160803,-0.667183280894053,-0.0139621803391453));
#5398=DIRECTION('ref_axis',(0.66724832158524,-0.744835335723058,0.));
#5399=DIRECTION('',(0.0197138452379974,-0.00108317830978008,-0.999805076517759));
#5400=DIRECTION('center_axis',(-0.744762732160803,-0.667183280894053,-0.0139621803391453));
#5401=DIRECTION('ref_axis',(-0.0103995252803332,-0.00931624139696514,0.999902524009304));
#5402=DIRECTION('center_axis',(-0.999902524009304,0.,-0.0139621803391453));
#5403=DIRECTION('ref_axis',(-0.0139621803391453,0.,0.999902524009304));
#5404=DIRECTION('',(0.,-1.,0.));
#5405=DIRECTION('center_axis',(0.,0.,1.));
#5406=DIRECTION('ref_axis',(1.,0.,0.));
#5407=DIRECTION('center_axis',(0.,0.,-1.));
#5408=DIRECTION('ref_axis',(-1.,0.,0.));
#5409=DIRECTION('center_axis',(0.,0.,-1.));
#5410=DIRECTION('ref_axis',(-1.,0.,0.));
#5411=DIRECTION('',(0.,1.,0.));
#5412=DIRECTION('center_axis',(-1.,0.,0.));
#5413=DIRECTION('ref_axis',(0.,0.,1.));
#5414=DIRECTION('',(0.,0.,-1.));
#5415=DIRECTION('center_axis',(0.999902524009304,0.,-0.0139621803391453));
#5416=DIRECTION('ref_axis',(-0.0139621803391453,0.,-0.999902524009304));
#5417=DIRECTION('',(0.,1.,0.));
#5418=DIRECTION('center_axis',(-0.999902524009304,-4.41487245966944E-16,
0.0139621803391489));
#5419=DIRECTION('ref_axis',(0.0139621803391489,7.70371977754894E-34,0.999902524009304));
#5420=DIRECTION('',(0.0139619468495876,-0.00578322774222785,0.999885802638007));
#5421=DIRECTION('center_axis',(0.707037855252522,0.707037855252525,0.0139621803391487));
#5422=DIRECTION('ref_axis',(-0.707106781186549,0.707106781186546,0.));
#5423=DIRECTION('',(-0.707106781186549,0.707106781186546,0.));
#5424=DIRECTION('',(0.00578322774223218,0.013961946849587,-0.999885802638007));
#5425=DIRECTION('center_axis',(0.,1.,0.));
#5426=DIRECTION('ref_axis',(-1.22464679914735E-16,0.,-1.));
#5427=DIRECTION('',(-0.707106781186549,-0.707106781186546,-4.32978028117748E-17));
#5428=DIRECTION('center_axis',(7.63228062326921E-13,0.999902524009294,0.0139621803398964));
#5429=DIRECTION('ref_axis',(-8.09353597040207E-9,-0.0139621803398964,0.999902524009294));
#5430=DIRECTION('center_axis',(0.,-0.999902524009304,-0.0139621803391453));
#5431=DIRECTION('ref_axis',(0.,0.0139621803391453,-0.999902524009304));
#5432=DIRECTION('',(1.,0.,0.));
#5433=DIRECTION('center_axis',(0.,0.999902524009304,0.0139621803391453));
#5434=DIRECTION('ref_axis',(0.,0.0139621803391453,-0.999902524009304));
#5435=DIRECTION('',(0.0139608196270579,0.0139608196270579,-0.999805076517759));
#5436=DIRECTION('center_axis',(0.,-0.999902524009304,-0.0139621803391453));
#5437=DIRECTION('ref_axis',(0.,-0.0139621803391453,0.999902524009304));
#5438=DIRECTION('center_axis',(2.20765142284427E-16,1.,0.));
#5439=DIRECTION('ref_axis',(-1.,2.20765142284427E-16,0.));
#5440=DIRECTION('',(2.20765142284427E-16,1.,0.));
#5441=DIRECTION('center_axis',(-2.20765142284427E-16,-1.,0.));
#5442=DIRECTION('ref_axis',(-1.,2.20765142284427E-16,0.));
#5443=DIRECTION('center_axis',(0.707068010073089,-0.70706801007308,-0.0104717841162495));
#5444=DIRECTION('ref_axis',(0.707106781186543,0.707106781186553,0.));
#5445=DIRECTION('',(0.000846526892809472,-0.0139621753364432,0.999902165740276));
#5446=DIRECTION('',(0.707106781186543,0.707106781186552,0.));
#5447=DIRECTION('center_axis',(-0.667183280894053,0.744762732160803,-0.0139621803391453));
#5448=DIRECTION('ref_axis',(-0.744835335723058,-0.66724832158524,8.67361737988403E-19));
#5449=DIRECTION('',(-0.744835335723058,-0.66724832158524,0.));
#5450=DIRECTION('center_axis',(0.744835335723058,0.66724832158524,0.));
#5451=DIRECTION('ref_axis',(-0.66724832158524,0.744835335723058,0.));
#5452=DIRECTION('center_axis',(0.,0.,-1.));
#5453=DIRECTION('ref_axis',(-1.,0.,0.));
#5454=DIRECTION('',(0.,0.,-1.));
#5455=DIRECTION('',(0.,0.,-1.));
#5456=DIRECTION('center_axis',(0.,0.,-1.));
#5457=DIRECTION('ref_axis',(-1.,0.,0.));
#5458=DIRECTION('',(0.,0.,1.));
#5459=DIRECTION('center_axis',(0.,0.,-1.));
#5460=DIRECTION('ref_axis',(-1.,0.,0.));
#5461=DIRECTION('',(0.,0.,1.));
#5462=DIRECTION('center_axis',(0.,0.,-1.));
#5463=DIRECTION('ref_axis',(-1.,0.,0.));
#5464=DIRECTION('',(0.642787609686536,0.766044443118981,0.));
#5465=DIRECTION('center_axis',(-4.41530284568854E-16,1.,0.));
#5466=DIRECTION('ref_axis',(-1.,-4.41530284568854E-16,0.));
#5467=DIRECTION('center_axis',(0.,0.,1.));
#5468=DIRECTION('ref_axis',(1.,0.,0.));
#5469=DIRECTION('center_axis',(-0.707037855252522,0.707037855252525,0.0139621803391476));
#5470=DIRECTION('ref_axis',(-0.707106781186549,-0.707106781186546,-8.67361737988404E-19));
#5471=DIRECTION('',(0.00578322774223073,-0.0139619468495859,0.999885802638007));
#5472=DIRECTION('center_axis',(4.41487245966944E-16,-0.999902524009304,
-0.0139621803391453));
#5473=DIRECTION('ref_axis',(0.,0.0139621803391453,-0.999902524009304));
#5474=DIRECTION('center_axis',(5.20356440212859E-12,0.999902524009376,0.0139621803340137));
#5475=DIRECTION('ref_axis',(-1.47953655237546E-8,-0.0139621803340137,0.999902524009376));
#5476=DIRECTION('',(-0.00578322774223016,-0.0139619468495841,0.999885802638007));
#5477=DIRECTION('center_axis',(0.999902524009304,-2.20743622983472E-16,
0.013962180339149));
#5478=DIRECTION('ref_axis',(0.013962180339149,-3.85185988877447E-34,-0.999902524009304));
#5479=DIRECTION('',(-0.0139619468495876,-0.00578322774223074,0.999885802638007));
#5480=DIRECTION('',(0.0139617323389735,-0.00801076486121963,-0.999870440445377));
#5481=DIRECTION('center_axis',(0.,-1.,0.));
#5482=DIRECTION('ref_axis',(0.,0.,-1.));
#5483=DIRECTION('',(0.,-1.,0.));
#5484=DIRECTION('',(0.,1.,0.));
#5485=DIRECTION('center_axis',(0.,0.,-1.));
#5486=DIRECTION('ref_axis',(-1.,0.,0.));
#5487=DIRECTION('center_axis',(0.,1.,0.));
#5488=DIRECTION('ref_axis',(0.,0.,1.));
#5489=DIRECTION('',(0.,1.,0.));
#5490=DIRECTION('center_axis',(-0.999902524009304,0.,-0.0139621803391453));
#5491=DIRECTION('ref_axis',(-0.0139621803391453,0.,0.999902524009304));
#5492=DIRECTION('center_axis',(0.642787609686536,0.766044443118981,0.));
#5493=DIRECTION('ref_axis',(-0.766044443118981,0.642787609686536,0.));
#5494=DIRECTION('',(-0.642787609686536,-0.766044443118981,0.));
#5495=DIRECTION('center_axis',(0.765969772177971,-0.642724953327475,-0.0139621803391453));
#5496=DIRECTION('ref_axis',(0.642787609686536,0.766044443118981,0.));
#5497=DIRECTION('',(0.642787609686536,0.766044443118981,0.));
#5498=DIRECTION('center_axis',(-0.642787609686536,-0.766044443118981,0.));
#5499=DIRECTION('ref_axis',(0.766044443118981,-0.642787609686536,0.));
#5500=DIRECTION('center_axis',(0.,1.,0.));
#5501=DIRECTION('ref_axis',(-1.22464679914735E-16,0.,-1.));
#5502=DIRECTION('',(-0.707106781186543,0.707106781186552,-1.29893408435323E-16));
#5503=DIRECTION('center_axis',(0.,0.,-1.));
#5504=DIRECTION('ref_axis',(-1.,0.,0.));
#5505=DIRECTION('',(0.,1.,0.));
#5506=DIRECTION('center_axis',(-0.999902524009304,0.,-0.0139621803391453));
#5507=DIRECTION('ref_axis',(-0.0139621803391453,0.,0.999902524009304));
#5508=DIRECTION('center_axis',(0.,0.,-1.));
#5509=DIRECTION('ref_axis',(-1.,0.,0.));
#5510=DIRECTION('center_axis',(0.,0.,1.));
#5511=DIRECTION('ref_axis',(-1.,0.,0.));
#5512=DIRECTION('center_axis',(-0.707037855252528,-0.707037855252519,-0.0139621803391494));
#5513=DIRECTION('ref_axis',(0.707106781186543,-0.707106781186553,8.67361737988404E-19));
#5514=DIRECTION('center_axis',(-4.41530284568854E-16,1.,0.));
#5515=DIRECTION('ref_axis',(-1.,-4.41530284568854E-16,0.));
#5516=DIRECTION('center_axis',(0.,0.,-1.));
#5517=DIRECTION('ref_axis',(-1.,0.,0.));
#5518=DIRECTION('center_axis',(0.,0.,-1.));
#5519=DIRECTION('ref_axis',(-1.,0.,0.));
#5520=CARTESIAN_POINT('',(0.,0.,0.));
#5521=CARTESIAN_POINT('Ctrl Pts',(30.,0.250641700086613,9.09997075720279));
#5522=CARTESIAN_POINT('Ctrl Pts',(30.7779269311663,0.250641700086613,9.09997075720279));
#5523=CARTESIAN_POINT('Ctrl Pts',(32.3281587411136,0.240249832755894,8.35575644964056));
#5524=CARTESIAN_POINT('Ctrl Pts',(32.8997505173523,0.205104727801139,5.83883729394783));
#5525=CARTESIAN_POINT('Ctrl Pts',(31.292173131405,0.176849891119188,3.81536518375421));
#5526=CARTESIAN_POINT('Ctrl Pts',(28.7102190349365,0.176930500706614,3.82113804501008));
#5527=CARTESIAN_POINT('Ctrl Pts',(27.094278820437,0.205069657416737,5.83632572590973));
#5528=CARTESIAN_POINT('Ctrl Pts',(27.6762793005345,0.240252171114951,8.3559239113884));
#5529=CARTESIAN_POINT('Ctrl Pts',(29.2220730688337,0.250641700086613,9.09997075720279));
#5530=CARTESIAN_POINT('Ctrl Pts',(30.,0.250641700086613,9.09997075720279));
#5531=CARTESIAN_POINT('Ctrl Pts',(30.,0.349245482052699,8.99998050480186));
#5532=CARTESIAN_POINT('Ctrl Pts',(30.7484218725562,0.349245482052699,8.99998050480186));
#5533=CARTESIAN_POINT('Ctrl Pts',(32.2397746894228,0.339246538159604,8.28341425068269));
#5534=CARTESIAN_POINT('Ctrl Pts',(32.7877118723781,0.305447304283057,5.86248285548666));
#5535=CARTESIAN_POINT('Ctrl Pts',(31.2415036613124,0.278291991313756,3.91867183696512));
#5536=CARTESIAN_POINT('Ctrl Pts',(28.7607790253688,0.278369442774569,3.92421452463671));
#5537=CARTESIAN_POINT('Ctrl Pts',(27.2065533917122,0.30541340600211,5.86004266267012));
#5538=CARTESIAN_POINT('Ctrl Pts',(27.7645028096833,0.339248907292785,8.2835930196714));
#5539=CARTESIAN_POINT('Ctrl Pts',(29.2515781274438,0.349245482052699,8.99998050480186));
#5540=CARTESIAN_POINT('Ctrl Pts',(30.,0.349245482052699,8.99998050480186));
#5541=CARTESIAN_POINT('Ctrl Pts',(30.,0.447849264018785,8.89999025240093));
#5542=CARTESIAN_POINT('Ctrl Pts',(30.718916813946,0.447849264018785,8.89999025240093));
#5543=CARTESIAN_POINT('Ctrl Pts',(32.1513906377319,0.438243243563314,8.21107205172481));
#5544=CARTESIAN_POINT('Ctrl Pts',(32.6756732274038,0.405789880764975,5.88612841702548));
#5545=CARTESIAN_POINT('Ctrl Pts',(31.1908341912199,0.379734091508324,4.02197849017603));
#5546=CARTESIAN_POINT('Ctrl Pts',(28.8113390158011,0.379808384842524,4.02729100426335));
#5547=CARTESIAN_POINT('Ctrl Pts',(27.3188279629873,0.405757154587484,5.8837595994305));
#5548=CARTESIAN_POINT('Ctrl Pts',(27.8527263188321,0.438245643470618,8.2112621279544));
#5549=CARTESIAN_POINT('Ctrl Pts',(29.281083186054,0.447849264018785,8.89999025240093));
#5550=CARTESIAN_POINT('Ctrl Pts',(30.,0.447849264018785,8.89999025240093));
#5551=CARTESIAN_POINT('Ctrl Pts',(30.,0.54645304598487,8.8));
#5552=CARTESIAN_POINT('Ctrl Pts',(30.6894117553359,0.54645304598487,8.8));
#5553=CARTESIAN_POINT('Ctrl Pts',(32.0630065860411,0.537239948967023,8.13872985276693));
#5554=CARTESIAN_POINT('Ctrl Pts',(32.5636345824296,0.506132457246892,5.90977397856431));
#5555=CARTESIAN_POINT('Ctrl Pts',(31.1401647211273,0.481176191702893,4.12528514338693));
#5556=CARTESIAN_POINT('Ctrl Pts',(28.8618990062334,0.481247326910479,4.13036748388998));
#5557=CARTESIAN_POINT('Ctrl Pts',(27.4311025342625,0.506100903172857,5.90747653619089));
#5558=CARTESIAN_POINT('Ctrl Pts',(27.9409498279809,0.537242379648451,8.1389312362374));
#5559=CARTESIAN_POINT('Ctrl Pts',(29.3105882446641,0.54645304598487,8.8));
#5560=CARTESIAN_POINT('Ctrl Pts',(30.,0.54645304598487,8.8));
#5561=CARTESIAN_POINT('',(30.,0.250641700086613,9.09997075720279));
#5562=CARTESIAN_POINT('',(30.,0.54645304598487,8.8));
#5563=CARTESIAN_POINT('',(30.,0.250641700086613,9.09997075720279));
#5564=CARTESIAN_POINT('Ctrl Pts',(30.,0.54645304598487,8.8));
#5565=CARTESIAN_POINT('Ctrl Pts',(30.6894117553359,0.54645304598487,8.8));
#5566=CARTESIAN_POINT('Ctrl Pts',(32.0630065860411,0.537239948967023,8.13872985276693));
#5567=CARTESIAN_POINT('Ctrl Pts',(32.5636345824296,0.506132457246892,5.90977397856431));
#5568=CARTESIAN_POINT('Ctrl Pts',(31.1401647211273,0.481176191702893,4.12528514338693));
#5569=CARTESIAN_POINT('Ctrl Pts',(28.8618990062334,0.481247326910479,4.13036748388998));
#5570=CARTESIAN_POINT('Ctrl Pts',(27.4311025342625,0.506100903172857,5.90747653619089));
#5571=CARTESIAN_POINT('Ctrl Pts',(27.9409498279809,0.537242379648451,8.1389312362374));
#5572=CARTESIAN_POINT('Ctrl Pts',(29.3105882446641,0.54645304598487,8.8));
#5573=CARTESIAN_POINT('Ctrl Pts',(30.,0.54645304598487,8.8));
#5574=CARTESIAN_POINT('Ctrl Pts',(30.,0.250641700086613,9.09997075720279));
#5575=CARTESIAN_POINT('Ctrl Pts',(29.2220730688337,0.250641700086613,9.09997075720279));
#5576=CARTESIAN_POINT('Ctrl Pts',(27.6762793005345,0.240252171114951,8.3559239113884));
#5577=CARTESIAN_POINT('Ctrl Pts',(27.094278820437,0.205069657416737,5.83632572590973));
#5578=CARTESIAN_POINT('Ctrl Pts',(28.7102190349365,0.176930500706614,3.82113804501008));
#5579=CARTESIAN_POINT('Ctrl Pts',(31.292173131405,0.176849891119188,3.81536518375421));
#5580=CARTESIAN_POINT('Ctrl Pts',(32.8997505173523,0.205104727801139,5.83883729394783));
#5581=CARTESIAN_POINT('Ctrl Pts',(32.3281587411136,0.240249832755894,8.35575644964056));
#5582=CARTESIAN_POINT('Ctrl Pts',(30.7779269311663,0.250641700086613,9.09997075720279));
#5583=CARTESIAN_POINT('Ctrl Pts',(30.,0.250641700086613,9.09997075720279));
#5584=CARTESIAN_POINT('Origin',(30.,10.,6.5));
#5585=CARTESIAN_POINT('',(30.,5.07136579902755,8.8));
#5586=CARTESIAN_POINT('Origin',(30.,5.03924965369444,6.5));
#5587=CARTESIAN_POINT('',(30.,10.,8.8));
#5588=CARTESIAN_POINT('Origin',(0.,0.339991227160837,15.4987434037695));
#5589=CARTESIAN_POINT('',(1.99567447402902,0.335878199704798,15.2041886541017));
#5590=CARTESIAN_POINT('',(1.92300557004811,0.263209295723888,10.));
#5591=CARTESIAN_POINT('',(1.99567447402902,0.335878199704799,15.2041886541017));
#5592=CARTESIAN_POINT('',(-0.562834149933785,0.263209295723888,10.));
#5593=CARTESIAN_POINT('',(0.,0.263209295723888,10.));
#5594=CARTESIAN_POINT('',(-0.500000000000001,0.179428047028798,4.));
#5595=CARTESIAN_POINT('',(-0.562834149933785,0.263209295723888,10.));
#5596=CARTESIAN_POINT('',(14.0698202597129,0.179428047028798,4.));
#5597=CARTESIAN_POINT('',(0.,0.179428047028798,4.));
#5598=CARTESIAN_POINT('',(14.,0.123573881232071,1.0842021724855E-16));
#5599=CARTESIAN_POINT('',(14.0698202597129,0.179428047028798,4.));
#5600=CARTESIAN_POINT('',(19.,0.123573881232071,-1.51322944538992E-17));
#5601=CARTESIAN_POINT('',(0.,0.123573881232071,0.));
#5602=CARTESIAN_POINT('',(18.9857239542103,0.134994300344496,0.817874115530639));
#5603=CARTESIAN_POINT('',(19.,0.123573881232071,0.));
#5604=CARTESIAN_POINT('',(24.8568527526339,0.1436109295187,1.4349546180352));
#5605=CARTESIAN_POINT('',(18.9857239542103,0.134994300344496,0.817874115530639));
#5606=CARTESIAN_POINT('',(24.8718801115702,0.123573881232071,-2.89057537322017E-16));
#5607=CARTESIAN_POINT('',(24.8718801115702,0.123573881232071,-8.67361737988404E-16));
#5608=CARTESIAN_POINT('',(39.9065996239408,0.12357388123207,-1.73472347597681E-15));
#5609=CARTESIAN_POINT('',(0.,0.123573881232071,0.));
#5610=CARTESIAN_POINT('',(39.6942953054681,0.335878199704783,15.2041886541007));
#5611=CARTESIAN_POINT('',(39.6824464834891,0.347727021683763,16.0527428709591));
#5612=CARTESIAN_POINT('',(0.,0.335878199704799,15.2041886541017));
#5613=CARTESIAN_POINT('',(19.55,0.221318671376343,7.));
#5614=CARTESIAN_POINT('Origin',(18.5,0.221318671376343,7.));
#5615=CARTESIAN_POINT('Origin',(13.25,19.,11.6500000000315));
#5616=CARTESIAN_POINT('',(16.2500000000008,19.,13.6499999999842));
#5617=CARTESIAN_POINT('Origin',(13.25,19.,13.6499999999842));
#5618=CARTESIAN_POINT('',(16.2779270828994,19.,11.6499999999746));
#5619=CARTESIAN_POINT('',(16.2779270828986,19.,11.6500000000315));
#5620=CARTESIAN_POINT('Origin',(13.25,19.,11.6499999999746));
#5621=CARTESIAN_POINT('Origin',(0.,0.,9.00000047684444));
#5622=CARTESIAN_POINT('',(2.44414584086141,31.1978247720374,9.00000047684444));
#5623=CARTESIAN_POINT('',(2.44414584086171,2.44414584086171,9.00000047684444));
#5624=CARTESIAN_POINT('',(2.44414584086171,0.,9.00000047684444));
#5625=CARTESIAN_POINT('',(6.8021752647065,35.5558541591383,9.00000047684444));
#5626=CARTESIAN_POINT('Origin',(3.8,34.2,9.00000000001455));
#5627=CARTESIAN_POINT('',(12.7220729104432,35.5558541591383,9.00000047684444));
#5628=CARTESIAN_POINT('',(-1.5698986404973E-14,35.5558541591383,9.00000047684444));
#5629=CARTESIAN_POINT('',(12.7220729104432,30.788432220748,9.00000047684444));
#5630=CARTESIAN_POINT('',(12.7220729104432,15.,9.00000047684444));
#5631=CARTESIAN_POINT('',(13.4546509720529,30.0558541591383,9.00000047684444));
#5632=CARTESIAN_POINT('',(21.7552525655956,21.7552525655957,9.00000047684444));
#5633=CARTESIAN_POINT('',(15.1546509720529,30.0558541591383,9.00000047684444));
#5634=CARTESIAN_POINT('',(-1.32705698398443E-14,30.0558541591383,9.00000047684444));
#5635=CARTESIAN_POINT('',(15.7220729104432,29.488432220748,9.00000047684444));
#5636=CARTESIAN_POINT('',(22.6052525655957,22.6052525655954,9.00000047684444));
#5637=CARTESIAN_POINT('',(15.7220729171017,24.2122041670303,8.99999999999998));
#5638=CARTESIAN_POINT('',(15.7220729171016,-3.45855501169079E-15,9.));
#5639=CARTESIAN_POINT('',(15.9744448548609,23.7778028666765,9.));
#5640=CARTESIAN_POINT('Origin',(16.2221488789948,24.2122205048521,8.99999999507018));
#5641=CARTESIAN_POINT('',(18.3157894736842,21.1419096639005,9.));
#5642=CARTESIAN_POINT('Origin',(13.25,19.,9.));
#5643=CARTESIAN_POINT('',(18.6842105263158,21.1419096639005,9.));
#5644=CARTESIAN_POINT('Origin',(18.5,21.2197972880423,9.));
#5645=CARTESIAN_POINT('',(18.5,20.6393596310755,9.));
#5646=CARTESIAN_POINT('Origin',(23.75,19.,9.));
#5647=CARTESIAN_POINT('',(18.5,17.3606403689245,9.));
#5648=CARTESIAN_POINT('',(18.5,19.,9.));
#5649=CARTESIAN_POINT('',(18.6842105263158,16.8580903360995,9.));
#5650=CARTESIAN_POINT('Origin',(23.75,19.,9.));
#5651=CARTESIAN_POINT('',(18.3157894736842,16.8580903360995,9.));
#5652=CARTESIAN_POINT('Origin',(18.5,16.7802027119577,9.));
#5653=CARTESIAN_POINT('',(15.9744448548609,14.2221971333235,9.));
#5654=CARTESIAN_POINT('Origin',(13.25,19.,9.));
#5655=CARTESIAN_POINT('',(15.7220729171016,13.7877958329949,9.));
#5656=CARTESIAN_POINT('Origin',(16.2221488722071,13.7877794990913,8.99999999454639));
#5657=CARTESIAN_POINT('',(15.7220729104432,2.44414584086171,9.00000047684444));
#5658=CARTESIAN_POINT('',(15.7220729104432,-3.47088566308013E-15,9.00000047684444));
#5659=CARTESIAN_POINT('',(0.,2.44414584086171,9.00000047684444));
#5660=CARTESIAN_POINT('',(9.235,19.,9.));
#5661=CARTESIAN_POINT('Origin',(13.25,19.,9.));
#5662=CARTESIAN_POINT('Origin',(3.8,34.2,11.4999999999554));
#5663=CARTESIAN_POINT('',(2.31847396116045,31.3992308487134,0.));
#5664=CARTESIAN_POINT('Ctrl Pts',(2.44414584086141,31.1978247720374,9.00000047684444));
#5665=CARTESIAN_POINT('Ctrl Pts',(2.40077718745117,31.2649975471288,5.89415132187722));
#5666=CARTESIAN_POINT('Ctrl Pts',(2.35888656088425,31.3321354979133,2.89415116292807));
#5667=CARTESIAN_POINT('Ctrl Pts',(2.31847396116045,31.3992308487134,0.));
#5668=CARTESIAN_POINT('',(6.60076915128623,35.6815260388394,2.03439815727161E-17));
#5669=CARTESIAN_POINT('Origin',(3.8,34.2,0.));
#5670=CARTESIAN_POINT('Ctrl Pts',(6.8021752647065,35.5558541591383,9.00000047684444));
#5671=CARTESIAN_POINT('Ctrl Pts',(6.73503989356608,35.5991987076596,5.89587759519469));
#5672=CARTESIAN_POINT('Ctrl Pts',(6.66790452242602,35.6410893342266,2.89587743624756));
#5673=CARTESIAN_POINT('Ctrl Pts',(6.60076915128623,35.6815260388394,2.03439815727161E-17));
#5674=CARTESIAN_POINT('Origin',(12.75,30.,7.00000000000153));
#5675=CARTESIAN_POINT('',(12.75,35.5837812486951,7.00000000000006));
#5676=CARTESIAN_POINT('',(12.75,35.5837812486951,7.));
#5677=CARTESIAN_POINT('',(12.75,30.8,7.));
#5678=CARTESIAN_POINT('',(12.75,30.,7.));
#5679=CARTESIAN_POINT('',(12.6662187513049,30.7652966705179,13.));
#5680=CARTESIAN_POINT('Origin',(2.5,0.,13.));
#5681=CARTESIAN_POINT('',(2.31847396116064,2.31847396116064,5.78241158658936E-16));
#5682=CARTESIAN_POINT('',(2.5,2.5,13.));
#5683=CARTESIAN_POINT('',(2.31847396116064,11.6,0.));
#5684=CARTESIAN_POINT('',(2.31847396116064,0.,0.));
#5685=CARTESIAN_POINT('',(2.27658333681309,11.6418906243475,-3.));
#5686=CARTESIAN_POINT('',(2.27658333681309,11.6418906243475,-3.));
#5687=CARTESIAN_POINT('',(2.27658333681309,26.3581093756525,-3.));
#5688=CARTESIAN_POINT('',(2.27658333681309,0.,-3.));
#5689=CARTESIAN_POINT('',(2.31847396116064,26.4,3.02628683213461E-18));
#5690=CARTESIAN_POINT('',(2.31847396116064,26.4,0.));
#5691=CARTESIAN_POINT('',(2.31847396116064,0.,0.));
#5692=CARTESIAN_POINT('Origin',(18.5,19.,11.65));
#5693=CARTESIAN_POINT('',(9.235,19.,11.65));
#5694=CARTESIAN_POINT('Origin',(13.25,19.,11.65));
#5695=CARTESIAN_POINT('Ctrl Pts',(21.2495029788139,24.1958935805016,6.96440579290394));
#5696=CARTESIAN_POINT('Ctrl Pts',(21.2495354735196,23.9072378233507,6.96673290353198));
#5697=CARTESIAN_POINT('Ctrl Pts',(20.9995890737418,23.7629024487931,6.97138688307351));
#5698=CARTESIAN_POINT('Ctrl Pts',(21.2745681847781,24.2103678673683,8.7594522755952));
#5699=CARTESIAN_POINT('Ctrl Pts',(21.2746354465015,23.9201221159354,8.76426922892209));
#5700=CARTESIAN_POINT('Ctrl Pts',(21.0225655125424,23.7761705450859,8.76643336576172));
#5701=CARTESIAN_POINT('Ctrl Pts',(21.2997867491251,24.2246888479838,10.5654815296145));
#5702=CARTESIAN_POINT('Ctrl Pts',(21.2998548827331,23.9328251802003,10.5703609232201));
#5703=CARTESIAN_POINT('Ctrl Pts',(21.0456825298637,23.7892981106501,10.5724626197817));
#5704=CARTESIAN_POINT('Ctrl Pts',(21.3251561654797,24.2388523212001,12.3823140607373));
#5705=CARTESIAN_POINT('Ctrl Pts',(21.3251881093516,23.9453430797036,12.3846017233662));
#5706=CARTESIAN_POINT('Ctrl Pts',(21.0689378281854,23.8022812944334,12.3892951509069));
#5707=CARTESIAN_POINT('',(21.3107414119623,24.2306714498783,11.3500004768337));
#5708=CARTESIAN_POINT('',(21.3247049467532,24.2386003851314,12.35));
#5709=CARTESIAN_POINT('',(21.3247049467532,24.2386003851322,12.35));
#5710=CARTESIAN_POINT('',(21.0684348536727,23.802000454602,12.35));
#5711=CARTESIAN_POINT('Origin',(20.8246304956733,24.2386168673881,12.3500000617209));
#5712=CARTESIAN_POINT('',(21.0575548399891,23.7959086280677,11.5));
#5713=CARTESIAN_POINT('Origin',(22.6113765572472,19.941973716575,131.075240268183));
#5714=CARTESIAN_POINT('',(21.0000001600876,23.7631408120702,7.0033157674809));
#5715=CARTESIAN_POINT('Origin',(22.6113765572472,19.941973716575,131.075240268183));
#5716=CARTESIAN_POINT('',(21.2500054795782,24.1961576576452,6.99999991980823));
#5717=CARTESIAN_POINT('Ctrl Pts',(21.250005479578,24.1961576576451,6.99999992081781));
#5718=CARTESIAN_POINT('Ctrl Pts',(21.2500053338049,24.1768162933935,7.00015654205755));
#5719=CARTESIAN_POINT('Ctrl Pts',(21.2488795306845,24.1571719490933,7.00031126324184));
#5720=CARTESIAN_POINT('Ctrl Pts',(21.2465431993222,24.137422333563,7.00046343003787));
#5721=CARTESIAN_POINT('Ctrl Pts',(21.2442476008892,24.1180170440599,7.00061294387145));
#5722=CARTESIAN_POINT('Ctrl Pts',(21.2407827956594,24.0985109774847,7.00075998842091));
#5723=CARTESIAN_POINT('Ctrl Pts',(21.2361126760117,24.0791153296679,7.00090399072913));
#5724=CARTESIAN_POINT('Ctrl Pts',(21.2314811092679,24.0598797973522,7.00104680426542));
#5725=CARTESIAN_POINT('Ctrl Pts',(21.2256637757895,24.0407538517735,7.00118662267429));
#5726=CARTESIAN_POINT('Ctrl Pts',(21.2186755192608,24.0219532969738,7.00132298005568));
#5727=CARTESIAN_POINT('Ctrl Pts',(21.2117279430597,24.0032621847404,7.00145854366785));
#5728=CARTESIAN_POINT('Ctrl Pts',(21.2036231082746,23.98489371649,7.0015906842043));
#5729=CARTESIAN_POINT('Ctrl Pts',(21.1944268146756,23.9670545522752,7.00171907475311));
#5730=CARTESIAN_POINT('Ctrl Pts',(21.1907907248651,23.9600011885988,7.00176983863546));
#5731=CARTESIAN_POINT('Ctrl Pts',(21.1869845634612,23.9530304271661,7.00182001790159));
#5732=CARTESIAN_POINT('Ctrl Pts',(21.183014515459,23.9461542683377,7.00186959903494));
#5733=CARTESIAN_POINT('Ctrl Pts',(21.1729850172,23.9287830871936,7.00199485542741));
#5734=CARTESIAN_POINT('Ctrl Pts',(21.1619067290963,23.9120180340032,7.00211628256197));
#5735=CARTESIAN_POINT('Ctrl Pts',(21.1499099777215,23.8960327637715,7.00223377865277));
#5736=CARTESIAN_POINT('Ctrl Pts',(21.1378142786463,23.8799156490363,7.00235224383659));
#5737=CARTESIAN_POINT('Ctrl Pts',(21.1247856764198,23.8645919605122,7.00246671296359));
#5738=CARTESIAN_POINT('Ctrl Pts',(21.1109938244056,23.8502007108784,7.00257725553592));
#5739=CARTESIAN_POINT('Ctrl Pts',(21.097111692416,23.8357152576771,7.00268852170801));
#5740=CARTESIAN_POINT('Ctrl Pts',(21.0824572705413,23.8221748844971,7.00279581111374));
#5741=CARTESIAN_POINT('Ctrl Pts',(21.0672265179791,23.8096734693192,7.00289935880013));
#5742=CARTESIAN_POINT('Ctrl Pts',(21.0517538230895,23.7969734676649,7.00300455135392));
#5743=CARTESIAN_POINT('Ctrl Pts',(21.0356873983342,23.7853457985417,7.0031058845681));
#5744=CARTESIAN_POINT('Ctrl Pts',(21.0192406571046,23.7748356651124,7.0032037467936));
#5745=CARTESIAN_POINT('Ctrl Pts',(21.0128803162742,23.7707711498477,7.00324159241297));
#5746=CARTESIAN_POINT('Ctrl Pts',(21.0064630953963,23.7668732052279,7.00327892022966));
#5747=CARTESIAN_POINT('Ctrl Pts',(21.0000011434029,23.7631423786128,7.00331575705291));
#5748=CARTESIAN_POINT('',(21.3247049467532,24.2386003851322,12.35));
#5749=CARTESIAN_POINT('Origin',(21.3337812486951,-4.70975525283302E-15,
13.));
#5750=CARTESIAN_POINT('',(21.3247049467532,13.7613996148933,12.3499999999999));
#5751=CARTESIAN_POINT('',(21.3107414119623,13.7693311798952,11.3500004768337));
#5752=CARTESIAN_POINT('',(21.25,13.8038335079984,7.));
#5753=CARTESIAN_POINT('',(21.3247049467532,-4.70975525283302E-15,12.35));
#5754=CARTESIAN_POINT('',(21.3107414119622,-4.70466885999848E-15,11.3500004768337));
#5755=CARTESIAN_POINT('Ctrl Pts',(21.3251561654797,13.7611476787999,12.3823140607375));
#5756=CARTESIAN_POINT('Ctrl Pts',(21.3251881093516,14.0546569202964,12.3846017233664));
#5757=CARTESIAN_POINT('Ctrl Pts',(21.0689378281854,14.1977187055666,12.3892951509071));
#5758=CARTESIAN_POINT('Ctrl Pts',(21.2997867491251,13.7753111520198,10.5654815296128));
#5759=CARTESIAN_POINT('Ctrl Pts',(21.299854882735,14.0671748197783,10.5703609232182));
#5760=CARTESIAN_POINT('Ctrl Pts',(21.0456825298474,14.210701889359,10.5724626197802));
#5761=CARTESIAN_POINT('Ctrl Pts',(21.2745681847781,13.789632132636,8.75945227559176));
#5762=CARTESIAN_POINT('Ctrl Pts',(21.2746354465053,14.0798778840518,8.76426922891848));
#5763=CARTESIAN_POINT('Ctrl Pts',(21.0225655125461,14.223829454912,8.76643336575819));
#5764=CARTESIAN_POINT('Ctrl Pts',(21.2495029788138,13.8041064194985,6.9644057928987));
#5765=CARTESIAN_POINT('Ctrl Pts',(21.2495354735195,14.0927621766494,6.96673290352674));
#5766=CARTESIAN_POINT('Ctrl Pts',(20.9995890737417,14.2370975512069,6.97138688306828));
#5767=CARTESIAN_POINT('',(21.0575548630339,14.2040913729762,11.5));
#5768=CARTESIAN_POINT('',(21.0684348536726,14.197999545398,12.35));
#5769=CARTESIAN_POINT('Origin',(22.571268372123,17.6358150739897,128.544929552747));
#5770=CARTESIAN_POINT('Origin',(20.8246305082058,13.7613831399681,12.3500000564946));
#5771=CARTESIAN_POINT('',(21.2500009342479,13.803838377641,7.0000000672772));
#5772=CARTESIAN_POINT('',(21.25,13.8038335079984,7.));
#5773=CARTESIAN_POINT('',(20.9999994365612,14.2368596508206,7.00331576254397));
#5774=CARTESIAN_POINT('Ctrl Pts',(21.250003735364,13.8038432847785,7.00000007641109));
#5775=CARTESIAN_POINT('Ctrl Pts',(21.2500036431307,13.823170911161,7.00001416957643));
#5776=CARTESIAN_POINT('Ctrl Pts',(21.2488794944885,13.8428019921264,7.00004735203306));
#5777=CARTESIAN_POINT('Ctrl Pts',(21.2465463097743,13.8625390049486,7.00009816465146));
#5778=CARTESIAN_POINT('Ctrl Pts',(21.2442538453216,13.8819315545491,7.0001480904549));
#5779=CARTESIAN_POINT('Ctrl Pts',(21.2407936565917,13.9014255151999,7.00021503213125));
#5780=CARTESIAN_POINT('Ctrl Pts',(21.236129515116,13.9208098436784,7.00029736263695));
#5781=CARTESIAN_POINT('Ctrl Pts',(21.2315039114868,13.9400340075741,7.00037901288019));
#5782=CARTESIAN_POINT('Ctrl Pts',(21.2256938971268,13.9591493595936,7.00047579308686));
#5783=CARTESIAN_POINT('Ctrl Pts',(21.2187141904783,13.9779402183713,7.00058594833211));
#5784=CARTESIAN_POINT('Ctrl Pts',(21.2117751244169,13.9966216640218,7.0006954621788));
#5785=CARTESIAN_POINT('Ctrl Pts',(21.2036800191088,14.0149813530806,7.00081818912136));
#5786=CARTESIAN_POINT('Ctrl Pts',(21.194494553128,14.0328127243434,7.00095233000211));
#5787=CARTESIAN_POINT('Ctrl Pts',(21.19083754637,14.0399119227234,7.00100573546989));
#5788=CARTESIAN_POINT('Ctrl Pts',(21.1870082726439,14.0469275241061,7.00106094985007));
#5789=CARTESIAN_POINT('Ctrl Pts',(21.183013043233,14.0538472843083,7.00111785999165));
#5790=CARTESIAN_POINT('Ctrl Pts',(21.1729838609841,14.0712178853546,7.00126072091978));
#5791=CARTESIAN_POINT('Ctrl Pts',(21.1619060248777,14.0879822582005,7.00141405517111));
#5792=CARTESIAN_POINT('Ctrl Pts',(21.1499098977259,14.1039667949271,7.00157378742048));
#5793=CARTESIAN_POINT('Ctrl Pts',(21.1378146794817,14.1200833680338,7.00173483909926));
#5794=CARTESIAN_POINT('Ctrl Pts',(21.1247867105222,14.1354064417873,7.00190238749941));
#5795=CARTESIAN_POINT('Ctrl Pts',(21.1109956717945,14.149797058711,7.00207269340822));
#5796=CARTESIAN_POINT('Ctrl Pts',(21.0971142332778,14.1642820056383,7.00224411566646));
#5797=CARTESIAN_POINT('Ctrl Pts',(21.0824606734884,14.1778218378265,7.00241832798366));
#5798=CARTESIAN_POINT('Ctrl Pts',(21.0672309665796,14.1903227373486,7.0025920439692));
#5799=CARTESIAN_POINT('Ctrl Pts',(21.0517590771563,14.2030224259412,7.00276852238308));
#5800=CARTESIAN_POINT('Ctrl Pts',(21.0356936276179,14.2146497730115,7.00294448798448));
#5801=CARTESIAN_POINT('Ctrl Pts',(21.0192480376843,14.2251596356264,7.00311707149283));
#5802=CARTESIAN_POINT('Ctrl Pts',(21.0128849039061,14.2292261155811,7.00318384756811));
#5803=CARTESIAN_POINT('Ctrl Pts',(21.0064648583161,14.2331258627827,7.00325012337083));
#5804=CARTESIAN_POINT('Ctrl Pts',(21.0000000679565,14.2368583326195,7.00331575485794));
#5805=CARTESIAN_POINT('Origin',(22.571268372123,17.6358150739897,128.544929552747));
#5806=CARTESIAN_POINT('Origin',(31.75,11.,12.9999999999768));
#5807=CARTESIAN_POINT('',(29.75,6.03789359243435,12.9999999999861));
#5808=CARTESIAN_POINT('',(29.8058541657966,6.0757460372998,9.00000000000728));
#5809=CARTESIAN_POINT('Ctrl Pts',(29.75,6.03789359243435,12.9999999999861));
#5810=CARTESIAN_POINT('Ctrl Pts',(29.7686180616108,6.05046295336144,11.6666662122501));
#5811=CARTESIAN_POINT('Ctrl Pts',(29.7872361169497,6.0630800651323,10.3333328736701));
#5812=CARTESIAN_POINT('Ctrl Pts',(29.8058541657966,6.0757460372998,9.00000000000728));
#5813=CARTESIAN_POINT('',(26.6772788367579,9.3000000000002,12.9999999999861));
#5814=CARTESIAN_POINT('Origin',(31.75,11.,12.9999999999768));
#5815=CARTESIAN_POINT('',(26.778766604331,9.43963541449192,2.99999999999295));
#5816=CARTESIAN_POINT('Ctrl Pts',(26.778766604331,9.43963541449192,2.99999999999295));
#5817=CARTESIAN_POINT('Ctrl Pts',(26.7445920723174,9.39309032549814,6.33332981200167));
#5818=CARTESIAN_POINT('Ctrl Pts',(26.7107697231961,9.34654518586616,9.66666325046885));
#5819=CARTESIAN_POINT('Ctrl Pts',(26.6772788367579,9.3000000000002,12.9999999999861));
#5820=CARTESIAN_POINT('',(27.6175622117118,7.82653863425904,2.99999999999295));
#5821=CARTESIAN_POINT('Origin',(31.75,11.,2.9999999999859));
#5822=CARTESIAN_POINT('',(28.2965471259082,7.08014916393054,3.98603781966849));
#5823=CARTESIAN_POINT('Ctrl Pts',(27.6175622117117,7.82653863425898,3.));
#5824=CARTESIAN_POINT('Ctrl Pts',(27.6181881537834,7.82572354109343,3.));
#5825=CARTESIAN_POINT('Ctrl Pts',(27.618814001254,7.82490903571802,3.00000151031698));
#5826=CARTESIAN_POINT('Ctrl Pts',(27.6967548479713,7.72353109387801,3.00037723946253));
#5827=CARTESIAN_POINT('Ctrl Pts',(27.7830623765052,7.61909878397205,3.02525733869434));
#5828=CARTESIAN_POINT('Ctrl Pts',(27.9480613826884,7.43247574591598,3.12749321752166));
#5829=CARTESIAN_POINT('Ctrl Pts',(28.0265415933888,7.35012069271286,3.20488982104572));
#5830=CARTESIAN_POINT('Ctrl Pts',(28.15174112622,7.22321950786514,3.38322883945534));
#5831=CARTESIAN_POINT('Ctrl Pts',(28.2069668338897,7.16991574516306,3.49546692816928));
#5832=CARTESIAN_POINT('Ctrl Pts',(28.2786168136029,7.10037218703737,3.73671129269542));
#5833=CARTESIAN_POINT('Ctrl Pts',(28.2963651709475,7.08256361479579,3.86491061894944));
#5834=CARTESIAN_POINT('Ctrl Pts',(28.2965471259082,7.08014916393054,3.9860378196685));
#5835=CARTESIAN_POINT('',(28.3027998578875,7.00010061197256,8.01396212265538));
#5836=CARTESIAN_POINT('Ctrl Pts',(28.2965471259082,7.08014916393054,3.98603781966849));
#5837=CARTESIAN_POINT('Ctrl Pts',(28.2985640138295,7.05338607514147,5.32867770248487));
#5838=CARTESIAN_POINT('Ctrl Pts',(28.3006489885016,7.02670409599749,6.67131910369957));
#5839=CARTESIAN_POINT('Ctrl Pts',(28.3027998575249,7.00010061278317,8.01396206545084));
#5840=CARTESIAN_POINT('',(29.1125736653684,6.40957927383441,9.00000000000728));
#5841=CARTESIAN_POINT('Ctrl Pts',(28.3027998576165,7.00010061164983,8.01396212264942));
#5842=CARTESIAN_POINT('Ctrl Pts',(28.3029947639579,6.99768980971162,8.13563237101496));
#5843=CARTESIAN_POINT('Ctrl Pts',(28.3208682775972,6.97970070990293,8.26438423477001));
#5844=CARTESIAN_POINT('Ctrl Pts',(28.3957060106732,6.91265449461234,8.50649827792925));
#5845=CARTESIAN_POINT('Ctrl Pts',(28.4543980217717,6.86253349517079,8.61906990256601));
#5846=CARTESIAN_POINT('Ctrl Pts',(28.5944877194019,6.75161380029937,8.79727662443577));
#5847=CARTESIAN_POINT('Ctrl Pts',(28.6853320490311,6.68344327809247,8.87437690668185));
#5848=CARTESIAN_POINT('Ctrl Pts',(28.8898343143312,6.54364995189739,8.97554300028018));
#5849=CARTESIAN_POINT('Ctrl Pts',(29.0034703963949,6.47226455955241,9.));
#5850=CARTESIAN_POINT('Ctrl Pts',(29.1125736653684,6.4095792738345,9.));
#5851=CARTESIAN_POINT('Origin',(31.75,11.,9.00000000001455));
#5852=CARTESIAN_POINT('Origin',(29.75,0.,13.));
#5853=CARTESIAN_POINT('',(29.75,5.13001267311411,13.));
#5854=CARTESIAN_POINT('',(29.8058541657967,5.07415850731739,9.));
#5855=CARTESIAN_POINT('',(29.75,5.13001267311412,13.));
#5856=CARTESIAN_POINT('',(29.75,0.,13.));
#5857=CARTESIAN_POINT('',(29.8058541657967,0.,9.));
#5858=CARTESIAN_POINT('Origin',(0.,5.12998732812121,12.9981849165559));
#5859=CARTESIAN_POINT('',(26.75,5.03924965369443,6.5));
#5860=CARTESIAN_POINT('',(26.6592369805803,5.13001267311412,13.));
#5861=CARTESIAN_POINT('',(26.75,5.03924965369443,6.5));
#5862=CARTESIAN_POINT('',(0.,5.13001267311412,13.));
#5863=CARTESIAN_POINT('',(30.8941458342033,5.07415850731739,9.));
#5864=CARTESIAN_POINT('',(31.75,5.07415850731739,9.));
#5865=CARTESIAN_POINT('',(30.9269601632671,5.10697283638125,11.3500004768337));
#5866=CARTESIAN_POINT('',(30.8941458342033,5.07415850731739,9.));
#5867=CARTESIAN_POINT('',(33.3177231826868,5.10697283638125,11.3500004768337));
#5868=CARTESIAN_POINT('',(0.,5.10697283638125,11.3500004768337));
#5869=CARTESIAN_POINT('',(33.25,5.03924965369443,6.5));
#5870=CARTESIAN_POINT('',(33.3407630194197,5.13001267311412,13.));
#5871=CARTESIAN_POINT('Origin',(30.0000000000003,5.03924965369444,6.50000000000037));
#5872=CARTESIAN_POINT('Origin',(26.6592369805803,0.,13.));
#5873=CARTESIAN_POINT('',(26.6592369805803,2.5,13.));
#5874=CARTESIAN_POINT('',(26.75,2.40923698058032,6.5));
#5875=CARTESIAN_POINT('',(26.6592369805803,2.5,13.));
#5876=CARTESIAN_POINT('',(26.6592369805803,0.,13.));
#5877=CARTESIAN_POINT('',(26.75,5.,6.5));
#5878=CARTESIAN_POINT('Origin',(37.3894493702542,30.2084818003116,15.5));
#5879=CARTESIAN_POINT('',(43.0395629796157,34.1647339413278,15.5));
#5880=CARTESIAN_POINT('',(42.8387856553062,34.1349483225383,9.000356390268));
#5881=CARTESIAN_POINT('',(43.0395629796157,34.1647339413278,15.5));
#5882=CARTESIAN_POINT('',(37.3373913921697,30.2828305859141,9.00005945122284));
#5883=CARTESIAN_POINT('',(37.337389841023,30.2828305132151,9.));
#5884=CARTESIAN_POINT('',(37.240728043107,30.1043460059506,15.5));
#5885=CARTESIAN_POINT('',(37.3373896381266,30.2828242958461,9.00035639912285));
#5886=CARTESIAN_POINT('',(43.0395629796157,34.1647339413278,15.5));
#5887=CARTESIAN_POINT('Origin',(41.,25.,13.4999999999081));
#5888=CARTESIAN_POINT('',(39.4499999999994,25.,-1.50000000002138));
#5889=CARTESIAN_POINT('Origin',(41.,25.,-1.50000000002137));
#5890=CARTESIAN_POINT('',(39.2929146251644,25.,13.5000000000218));
#5891=CARTESIAN_POINT('',(39.2929146251656,25.,13.4999999999081));
#5892=CARTESIAN_POINT('Origin',(41.,25.,13.5000000000218));
#5893=CARTESIAN_POINT('Origin',(38.2,3.8,13.4999999999081));
#5894=CARTESIAN_POINT('',(36.65,3.8,-1.50000000002137));
#5895=CARTESIAN_POINT('Origin',(38.2,3.8,-1.50000000002137));
#5896=CARTESIAN_POINT('',(36.492914625165,3.8,13.5000000000218));
#5897=CARTESIAN_POINT('',(36.4929146251662,3.8,13.4999999999081));
#5898=CARTESIAN_POINT('Origin',(38.2,3.8,13.5000000000218));
#5899=CARTESIAN_POINT('Origin',(-1.56743251021943E-14,35.5,13.));
#5900=CARTESIAN_POINT('',(32.3081921411193,35.6815260388394,-5.78241158658936E-16));
#5901=CARTESIAN_POINT('',(0.,35.6815260388394,0.));
#5902=CARTESIAN_POINT('',(32.339010955071,35.5837812486951,7.));
#5903=CARTESIAN_POINT('',(32.339010955071,35.5837812486951,7.));
#5904=CARTESIAN_POINT('',(24.25,35.5837812486951,7.));
#5905=CARTESIAN_POINT('',(0.,35.5837812486951,7.));
#5906=CARTESIAN_POINT('Origin',(18.5,35.5837812486951,7.));
#5907=CARTESIAN_POINT('Origin',(0.,0.,7.));
#5908=CARTESIAN_POINT('',(41.7608456872228,35.7109156314781,7.));
#5909=CARTESIAN_POINT('',(36.2422964975521,31.8467858888896,7.));
#5910=CARTESIAN_POINT('',(-3.03974432026514,4.3412047919923,7.));
#5911=CARTESIAN_POINT('',(42.9079985599249,34.0726115429001,7.));
#5912=CARTESIAN_POINT('',(42.9079985599249,34.0726115429001,7.));
#5913=CARTESIAN_POINT('',(36.4750964982491,29.5682450267499,7.));
#5914=CARTESIAN_POINT('',(36.4750964982491,29.5682450267499,7.));
#5915=CARTESIAN_POINT('',(34.8537405806455,31.8837812486951,7.));
#5916=CARTESIAN_POINT('',(34.8537405806455,31.8837812486951,7.));
#5917=CARTESIAN_POINT('',(24.25,31.8837812486951,7.));
#5918=CARTESIAN_POINT('',(0.,31.8837812486951,7.));
#5919=CARTESIAN_POINT('',(24.25,1.07071094007947E-14,7.));
#5920=CARTESIAN_POINT('',(38.7208905745623,40.0524214662098,7.));
#5921=CARTESIAN_POINT('',(38.7208905745623,40.0524214662098,7.));
#5922=CARTESIAN_POINT('',(40.0401163781697,38.1683717643451,7.));
#5923=CARTESIAN_POINT('',(42.9079985599249,34.0726115429001,7.));
#5924=CARTESIAN_POINT('',(34.521567188499,34.3042420217566,7.));
#5925=CARTESIAN_POINT('',(-4.76047362931829,6.79866092485929,7.));
#5926=CARTESIAN_POINT('',(33.2023413848916,36.1882917236213,7.));
#5927=CARTESIAN_POINT('Origin',(31.75,11.,2.9999999999859));
#5928=CARTESIAN_POINT('',(27.6411894793974,10.2706594864227,11.3500004768337));
#5929=CARTESIAN_POINT('',(30.9269601632671,6.9089283914712,11.3500004768337));
#5930=CARTESIAN_POINT('Origin',(31.75,11.,11.3500004768337));
#5931=CARTESIAN_POINT('',(30.8941458342034,6.88214583662349,9.00000000000873));
#5932=CARTESIAN_POINT('Ctrl Pts',(30.9269601632609,6.90892839153397,11.3500004780479));
#5933=CARTESIAN_POINT('Ctrl Pts',(30.9106065289676,6.89553711410749,10.1788338114316));
#5934=CARTESIAN_POINT('Ctrl Pts',(30.8941458341902,6.882145836681,9.00000000072882));
#5935=CARTESIAN_POINT('',(29.8261257901086,7.25995758199677,9.00000000000728));
#5936=CARTESIAN_POINT('Origin',(31.75,11.,9.00000000001455));
#5937=CARTESIAN_POINT('',(28.9847138929051,7.81277411179235,8.01396218033165));
#5938=CARTESIAN_POINT('Ctrl Pts',(28.9847138929051,7.81277411179235,8.01396218033164));
#5939=CARTESIAN_POINT('Ctrl Pts',(28.987082896629,7.81296169204146,8.13529156410994));
#5940=CARTESIAN_POINT('Ctrl Pts',(29.0070890679768,7.79771379899951,8.26373980996262));
#5941=CARTESIAN_POINT('Ctrl Pts',(29.0858748783251,7.73619899217171,8.50523044937769));
#5942=CARTESIAN_POINT('Ctrl Pts',(29.1463649062739,7.68894279133509,8.61749997923186));
#5943=CARTESIAN_POINT('Ctrl Pts',(29.2901253666166,7.58382686596615,8.79567418136902));
#5944=CARTESIAN_POINT('Ctrl Pts',(29.3832357239983,7.51890852583211,8.87292010079867));
#5945=CARTESIAN_POINT('Ctrl Pts',(29.593496103255,7.38654122636946,8.97486872604732));
#5946=CARTESIAN_POINT('Ctrl Pts',(29.7108059629657,7.31938009528818,8.99961521770693));
#5947=CARTESIAN_POINT('Ctrl Pts',(29.8242543574888,7.26092066469552,8.99999841928944));
#5948=CARTESIAN_POINT('Ctrl Pts',(29.8251897502521,7.26043907999534,9.));
#5949=CARTESIAN_POINT('Ctrl Pts',(29.8261257901085,7.25995758199668,9.));
#5950=CARTESIAN_POINT('',(28.9062972391198,7.80682105193512,3.98603781966849));
#5951=CARTESIAN_POINT('Ctrl Pts',(28.9062972391198,7.80682105193512,3.98603781966849));
#5952=CARTESIAN_POINT('Ctrl Pts',(28.932360425909,7.80871515728956,5.3286808751433));
#5953=CARTESIAN_POINT('Ctrl Pts',(28.9584983247064,7.81069833506538,6.67132236009315));
#5954=CARTESIAN_POINT('Ctrl Pts',(28.9847138929051,7.81277411179235,8.01396218033165));
#5955=CARTESIAN_POINT('',(28.2269345723288,8.55276033425192,2.99999999999295));
#5956=CARTESIAN_POINT('Ctrl Pts',(28.2269345723289,8.55276033425198,3.));
#5957=CARTESIAN_POINT('Ctrl Pts',(28.2992155180845,8.4487041175131,3.));
#5958=CARTESIAN_POINT('Ctrl Pts',(28.3816481427561,8.34146289936792,3.02385224343645));
#5959=CARTESIAN_POINT('Ctrl Pts',(28.5433913260853,8.15051550943415,3.12425646299742));
#5960=CARTESIAN_POINT('Ctrl Pts',(28.6224065761183,8.06687274570301,3.20142973326876));
#5961=CARTESIAN_POINT('Ctrl Pts',(28.7501173419665,7.93991009195712,3.38013994215334));
#5962=CARTESIAN_POINT('Ctrl Pts',(28.8073703995965,7.88783653292474,3.49265807654611));
#5963=CARTESIAN_POINT('Ctrl Pts',(28.8836834558369,7.82199765755727,3.73501861534169));
#5964=CARTESIAN_POINT('Ctrl Pts',(28.9039300576554,7.80664902035892,3.86409264923254));
#5965=CARTESIAN_POINT('Ctrl Pts',(28.9062972391198,7.80682105193512,3.9860378196685));
#5966=CARTESIAN_POINT('',(27.5231406468382,10.2688146624473,2.9999999999859));
#5967=CARTESIAN_POINT('Origin',(31.75,11.,2.9999999999859));
#5968=CARTESIAN_POINT('Ctrl Pts',(27.6411894793974,10.2706594864227,11.3500004768337));
#5969=CARTESIAN_POINT('Ctrl Pts',(27.6018656552346,10.2698444043666,8.56696528565783));
#5970=CARTESIAN_POINT('Ctrl Pts',(27.5625176015587,10.2692305453072,5.78379130123564));
#5971=CARTESIAN_POINT('Ctrl Pts',(27.5231459673407,10.2688147186437,3.00037613804028));
#5972=CARTESIAN_POINT('Ctrl Pts',(27.523140646838,10.2688146624471,2.99999999997337));
#5973=CARTESIAN_POINT('Origin',(41.,25.,11.3500007152523));
#5974=CARTESIAN_POINT('',(27.3950441827604,10.4769601632671,11.3500004768337));
#5975=CARTESIAN_POINT('Ctrl Pts',(27.6411894793974,10.2706594864227,11.3500004768337));
#5976=CARTESIAN_POINT('Ctrl Pts',(27.6394318476944,10.2805612750908,11.3500004768337));
#5977=CARTESIAN_POINT('Ctrl Pts',(27.6369901067932,10.2903501876024,11.3500003274974));
#5978=CARTESIAN_POINT('Ctrl Pts',(27.6339676650539,10.299944989643,11.350000137865));
#5979=CARTESIAN_POINT('Ctrl Pts',(27.6307587422595,10.3101317795404,11.3499999365325));
#5980=CARTESIAN_POINT('Ctrl Pts',(27.6268951719077,10.3201008874033,11.3499996926843));
#5981=CARTESIAN_POINT('Ctrl Pts',(27.6224512009943,10.3297896403518,11.3499995176518));
#5982=CARTESIAN_POINT('Ctrl Pts',(27.617686308535,10.340178067001,11.3499993299793));
#5983=CARTESIAN_POINT('Ctrl Pts',(27.6122541857297,10.3502456824927,11.3499992256064));
#5984=CARTESIAN_POINT('Ctrl Pts',(27.6061914954121,10.3599328429133,11.3499992635379));
#5985=CARTESIAN_POINT('Ctrl Pts',(27.6057356354899,10.3606612304713,11.34999926639));
#5986=CARTESIAN_POINT('Ctrl Pts',(27.6052761864304,10.3613874681968,11.3499992699941));
#5987=CARTESIAN_POINT('Ctrl Pts',(27.6048131522878,10.3621115305529,11.3499992743481));
#5988=CARTESIAN_POINT('Ctrl Pts',(27.5980126475442,10.3727457128632,11.3499993382948));
#5989=CARTESIAN_POINT('Ctrl Pts',(27.5904977378831,10.3828268753843,11.349999571307));
#5990=CARTESIAN_POINT('Ctrl Pts',(27.5822979269192,10.3922740704768,11.3499998589243));
#5991=CARTESIAN_POINT('Ctrl Pts',(27.5745541050464,10.4011959098113,11.3500001305474));
#5992=CARTESIAN_POINT('Ctrl Pts',(27.566198490714,10.4095539360236,11.3500004531084));
#5993=CARTESIAN_POINT('Ctrl Pts',(27.5572102910885,10.4172604302273,11.3500005708244));
#5994=CARTESIAN_POINT('Ctrl Pts',(27.556681027755,10.4177142213068,11.350000577756));
#5995=CARTESIAN_POINT('Ctrl Pts',(27.5561495593984,10.4181657434593,11.3500005839234));
#5996=CARTESIAN_POINT('Ctrl Pts',(27.5556158774804,10.4186149747637,11.3500005892532));
#5997=CARTESIAN_POINT('Ctrl Pts',(27.5496743760441,10.4236162842534,11.350000648591));
#5998=CARTESIAN_POINT('Ctrl Pts',(27.5434589055972,10.42833435168,11.3500006069496));
#5999=CARTESIAN_POINT('Ctrl Pts',(27.5370034604261,10.4327644681987,11.3500005395428));
#6000=CARTESIAN_POINT('Ctrl Pts',(27.5272014587718,10.4394911939775,11.3500004371919));
#6001=CARTESIAN_POINT('Ctrl Pts',(27.516910490998,10.4455127810537,11.3500002849703));
#6002=CARTESIAN_POINT('Ctrl Pts',(27.506249194317,10.4508030455154,11.3500002047521));
#6003=CARTESIAN_POINT('Ctrl Pts',(27.4962368294136,10.4557713021742,11.3500001294166));
#6004=CARTESIAN_POINT('Ctrl Pts',(27.4858960492427,10.4600946634897,11.3500001137323));
#6005=CARTESIAN_POINT('Ctrl Pts',(27.4753272985879,10.4637069832961,11.35000014108));
#6006=CARTESIAN_POINT('Ctrl Pts',(27.4725451922716,10.4646578863951,11.350000148279));
#6007=CARTESIAN_POINT('Ctrl Pts',(27.4697473789092,10.4655592603693,11.3500001579574));
#6008=CARTESIAN_POINT('Ctrl Pts',(27.4669359509473,10.4664093220068,11.3500001688235));
#6009=CARTESIAN_POINT('Ctrl Pts',(27.4665500731425,10.4665259957836,11.3500001703149));
#6010=CARTESIAN_POINT('Ctrl Pts',(27.4661640115147,10.4666416806231,11.3500001718304));
#6011=CARTESIAN_POINT('Ctrl Pts',(27.4657777710685,10.4667563728961,11.3500001733649));
#6012=CARTESIAN_POINT('Ctrl Pts',(27.4542717839397,10.4701730213343,11.3500002190768));
#6013=CARTESIAN_POINT('Ctrl Pts',(27.4426049474297,10.4727131068825,11.3500002884171));
#6014=CARTESIAN_POINT('Ctrl Pts',(27.4308017401457,10.4744101437885,11.3500003546608));
#6015=CARTESIAN_POINT('Ctrl Pts',(27.4197222274346,10.4760031296202,11.3500004168428));
#6016=CARTESIAN_POINT('Ctrl Pts',(27.4085213842525,10.4768521002737,11.3500004703454));
#6017=CARTESIAN_POINT('Ctrl Pts',(27.3972530578762,10.4769505178269,11.3500004762529));
#6018=CARTESIAN_POINT('Ctrl Pts',(27.3965170303218,10.476956946291,11.3500004766387));
#6019=CARTESIAN_POINT('Ctrl Pts',(27.3957807311841,10.4769601632671,11.3500004768337));
#6020=CARTESIAN_POINT('Ctrl Pts',(27.3950441827604,10.4769601632671,11.3500004768337));
#6021=CARTESIAN_POINT('',(21.3107414119623,10.4769601632671,11.3500004768337));
#6022=CARTESIAN_POINT('',(1.1394339749095E-14,10.4769601632672,11.3500004768337));
#6023=CARTESIAN_POINT('',(21.3107414119622,-4.70466885999848E-15,11.3500004768337));
#6024=CARTESIAN_POINT('',(21.3107414119623,29.4963172473133,11.3500004768337));
#6025=CARTESIAN_POINT('',(21.3107414119622,-4.70466885999848E-15,11.3500004768337));
#6026=CARTESIAN_POINT('',(21.8374640013818,30.0230398367329,11.3500004768337));
#6027=CARTESIAN_POINT('',(-4.09278791767538,4.09278791767532,11.3500004768337));
#6028=CARTESIAN_POINT('',(23.5589411653275,30.0230398367329,11.3500004768337));
#6029=CARTESIAN_POINT('',(-1.32560813227347E-14,30.0230398367329,11.3500004768337));
#6030=CARTESIAN_POINT('',(24.3107414119622,30.7748400833676,11.3500004768337));
#6031=CARTESIAN_POINT('',(-3.23204933570273,3.23204933570274,11.3500004768337));
#6032=CARTESIAN_POINT('',(24.3107414119622,31.8230398367329,11.3500004768337));
#6033=CARTESIAN_POINT('',(24.3107414119622,1.07339285737035E-14,11.3500004768337));
#6034=CARTESIAN_POINT('',(34.822120602974,31.8230398367329,11.3500004768337));
#6035=CARTESIAN_POINT('',(0.,31.8230398367329,11.3500004768337));
#6036=CARTESIAN_POINT('',(37.1004166626412,28.5692958603507,11.3500004768337));
#6037=CARTESIAN_POINT('',(38.3179314940303,26.8305044807234,11.3500004768337));
#6038=CARTESIAN_POINT('',(40.1083552266471,30.6754771173394,11.3500004768337));
#6039=CARTESIAN_POINT('',(-1.21751483138917,1.7387913796274,11.3500004768337));
#6040=CARTESIAN_POINT('',(40.4230398367329,30.511662678013,11.3500004768337));
#6041=CARTESIAN_POINT('Origin',(40.2230203396342,30.5115877745078,11.3500004768337));
#6042=CARTESIAN_POINT('',(40.4230398334038,28.2765501550338,11.3500007152523));
#6043=CARTESIAN_POINT('',(40.4230398334037,12.5,11.3500007152523));
#6044=CARTESIAN_POINT('',(37.673039833403,25.,11.3500007152568));
#6045=CARTESIAN_POINT('Origin',(41.,25.,11.3500007152523));
#6046=CARTESIAN_POINT('',(40.4230398334037,21.7234498452969,11.3500007152523));
#6047=CARTESIAN_POINT('Origin',(41.,25.,11.3500007152523));
#6048=CARTESIAN_POINT('',(40.4230398367329,9.21888371189658,11.3500004768337));
#6049=CARTESIAN_POINT('',(40.4230398367329,0.,11.3500004768337));
#6050=CARTESIAN_POINT('',(40.0230398367329,8.81888371189657,11.3500004768337));
#6051=CARTESIAN_POINT('',(15.6020780624184,-15.6020780624182,11.3500004768337));
#6052=CARTESIAN_POINT('',(40.0230398334033,6.58301809479598,11.3500007152523));
#6053=CARTESIAN_POINT('',(40.0230398334037,1.9,11.3500007152523));
#6054=CARTESIAN_POINT('',(36.4434677280697,6.62546603727507,11.3500007152523));
#6055=CARTESIAN_POINT('Origin',(38.2,3.8,11.3500007152523));
#6056=CARTESIAN_POINT('',(34.9752478400601,8.26440915310837,11.35));
#6057=CARTESIAN_POINT('',(23.5108864763087,21.0618358016933,11.3500004768337));
#6058=CARTESIAN_POINT('',(34.1157672161669,7.49445776087075,11.35));
#6059=CARTESIAN_POINT('',(34.9752478400601,8.26440915310837,11.35));
#6060=CARTESIAN_POINT('',(35.5839870890779,5.85551463195558,11.3500007152523));
#6061=CARTESIAN_POINT('',(30.2108327603158,11.8534543477829,11.3500007152523));
#6062=CARTESIAN_POINT('',(35.1474224744719,2.47696016659645,11.3500007152523));
#6063=CARTESIAN_POINT('Origin',(38.2,3.8,11.3500007152523));
#6064=CARTESIAN_POINT('',(33.3177231826868,2.47696016326714,11.3500004768337));
#6065=CARTESIAN_POINT('',(0.,2.47696016326714,11.3500004768337));
#6066=CARTESIAN_POINT('',(33.3177231826868,0.,11.3500004768337));
#6067=CARTESIAN_POINT('',(30.9269601632671,0.,11.3500004768337));
#6068=CARTESIAN_POINT('',(30.04,11.,11.35));
#6069=CARTESIAN_POINT('',(33.46,11.,11.35));
#6070=CARTESIAN_POINT('Ctrl Pts',(30.04,11.,11.35));
#6071=CARTESIAN_POINT('Ctrl Pts',(30.04,10.9490775376857,11.35));
#6072=CARTESIAN_POINT('Ctrl Pts',(30.0422700808807,10.8985717579739,11.35));
#6073=CARTESIAN_POINT('Ctrl Pts',(30.0467263237108,10.8484787760833,11.35));
#6074=CARTESIAN_POINT('Ctrl Pts',(30.0511608976902,10.7986293754765,11.35));
#6075=CARTESIAN_POINT('Ctrl Pts',(30.0577605517027,10.7491878343783,11.35));
#6076=CARTESIAN_POINT('Ctrl Pts',(30.0664958580174,10.7001450501142,11.3500000000001));
#6077=CARTESIAN_POINT('Ctrl Pts',(30.0752951898901,10.650742806031,11.3500000000003));
#6078=CARTESIAN_POINT('Ctrl Pts',(30.0862616949194,10.6017442611258,11.3500000000005));
#6079=CARTESIAN_POINT('Ctrl Pts',(30.0994179367095,10.5531486878058,11.3500000000016));
#6080=CARTESIAN_POINT('Ctrl Pts',(30.1125741784997,10.5045531144859,11.3500000000027));
#6081=CARTESIAN_POINT('Ctrl Pts',(30.1279204053238,10.4563595913681,11.3500000000046));
#6082=CARTESIAN_POINT('Ctrl Pts',(30.1455289334556,10.408589782582,11.3500000000092));
#6083=CARTESIAN_POINT('Ctrl Pts',(30.1484793212586,10.4005857370343,11.3500000000099));
#6084=CARTESIAN_POINT('Ctrl Pts',(30.1513346904668,10.3930145487405,11.3500000000211));
#6085=CARTESIAN_POINT('Ctrl Pts',(30.1543930196629,10.3850805400014,11.350000000033));
#6086=CARTESIAN_POINT('Ctrl Pts',(30.1561902837225,10.3804180240192,11.3500000000399));
#6087=CARTESIAN_POINT('Ctrl Pts',(30.1580584703982,10.3756305105438,11.3500000000459));
#6088=CARTESIAN_POINT('Ctrl Pts',(30.1600658982595,10.3705595878826,11.3500000000438));
#6089=CARTESIAN_POINT('Ctrl Pts',(30.1791282327778,10.3224066126507,11.3500000000246));
#6090=CARTESIAN_POINT('Ctrl Pts',(30.2002205861728,10.2755163883855,11.3500000000405));
#6091=CARTESIAN_POINT('Ctrl Pts',(30.2232496170127,10.2298724276074,11.3500000002893));
#6092=CARTESIAN_POINT('Ctrl Pts',(30.2466602474801,10.183472129381,11.3500000005422));
#6093=CARTESIAN_POINT('Ctrl Pts',(30.2720725430191,10.1383588333784,11.3500000011113));
#6094=CARTESIAN_POINT('Ctrl Pts',(30.2994406794305,10.0945270628161,11.350000001987));
#6095=CARTESIAN_POINT('Ctrl Pts',(30.3268076170958,10.0506972121202,11.3500000028627));
#6096=CARTESIAN_POINT('Ctrl Pts',(30.356130722672,10.0081479513776,11.3500000040319));
#6097=CARTESIAN_POINT('Ctrl Pts',(30.3874099464826,9.96689854021493,11.3500000047913));
#6098=CARTESIAN_POINT('Ctrl Pts',(30.4183092110037,9.92615019957286,11.3500000055415));
#6099=CARTESIAN_POINT('Ctrl Pts',(30.4511179902625,9.88666964881163,11.3500000057932));
#6100=CARTESIAN_POINT('Ctrl Pts',(30.4858723766139,9.84851059066517,11.3500000050358));
#6101=CARTESIAN_POINT('Ctrl Pts',(30.5036912916131,9.82894606701958,11.3500000046475));
#6102=CARTESIAN_POINT('Ctrl Pts',(30.5220221811498,9.80972955876495,11.3500000040045));
#6103=CARTESIAN_POINT('Ctrl Pts',(30.5408728054011,9.79087280540113,11.3500000032261));
#6104=CARTESIAN_POINT('Ctrl Pts',(30.576141758073,9.75559238534348,11.3500000017697));
#6105=CARTESIAN_POINT('Ctrl Pts',(30.6126501449303,9.72215641760171,11.3500000011005));
#6106=CARTESIAN_POINT('Ctrl Pts',(30.6503392014545,9.69050044214374,11.3500000006953));
#6107=CARTESIAN_POINT('Ctrl Pts',(30.6886045475324,9.6583604267641,11.350000000284));
#6108=CARTESIAN_POINT('Ctrl Pts',(30.7280875343096,9.62805458851417,11.3500000001564));
#6109=CARTESIAN_POINT('Ctrl Pts',(30.7687689630791,9.59954804513002,11.3500000000853));
#6110=CARTESIAN_POINT('Ctrl Pts',(30.8094563140734,9.57103735188777,11.3500000000142));
#6111=CARTESIAN_POINT('Ctrl Pts',(30.8513431930442,9.54432595761563,11.3500000000085));
#6112=CARTESIAN_POINT('Ctrl Pts',(30.8944422360739,9.51942011960407,11.3500000000036));
#6113=CARTESIAN_POINT('Ctrl Pts',(30.9370825752028,9.49477935488057,11.3499999999989));
#6114=CARTESIAN_POINT('Ctrl Pts',(30.9809102062229,9.47190555910188,11.3500000000001));
#6115=CARTESIAN_POINT('Ctrl Pts',(31.025957090277,9.45085146955032,11.3500000000001));
#6116=CARTESIAN_POINT('Ctrl Pts',(31.0436674134036,9.44257398850085,11.3500000000001));
#6117=CARTESIAN_POINT('Ctrl Pts',(31.0615663479475,9.43457831915415,11.3500000000001));
#6118=CARTESIAN_POINT('Ctrl Pts',(31.0796562653442,9.42686984895338,11.3500000000001));
#6119=CARTESIAN_POINT('Ctrl Pts',(31.0879560991743,9.42333312623941,11.3500000000001));
#6120=CARTESIAN_POINT('Ctrl Pts',(31.0967172318781,9.41968388347732,11.3500000000044));
#6121=CARTESIAN_POINT('Ctrl Pts',(31.1051659446984,9.41624509576322,11.3500000000191));
#6122=CARTESIAN_POINT('Ctrl Pts',(31.1104872527046,9.41407922162547,11.3500000000283));
#6123=CARTESIAN_POINT('Ctrl Pts',(31.1156841723864,9.41199577521363,11.350000000039));
#6124=CARTESIAN_POINT('Ctrl Pts',(31.1205594661256,9.41006559070769,11.3500000000372));
#6125=CARTESIAN_POINT('Ctrl Pts',(31.1710229207842,9.39008653231473,11.3500000000186));
#6126=CARTESIAN_POINT('Ctrl Pts',(31.2220470359454,9.37266420056936,11.3500000000338));
#6127=CARTESIAN_POINT('Ctrl Pts',(31.2735707523703,9.35772245289639,11.3500000003357));
#6128=CARTESIAN_POINT('Ctrl Pts',(31.3240609220444,9.3430804311716,11.3500000006315));
#6129=CARTESIAN_POINT('Ctrl Pts',(31.3750319255928,9.33082031731244,11.3500000012896));
#6130=CARTESIAN_POINT('Ctrl Pts',(31.4264520144057,9.32091796572732,11.350000002147));
#6131=CARTESIAN_POINT('Ctrl Pts',(31.4794509768705,9.31071155861896,11.3500000030307));
#6132=CARTESIAN_POINT('Ctrl Pts',(31.5329280396352,9.30300942590437,11.3500000040764));
#6133=CARTESIAN_POINT('Ctrl Pts',(31.5868604825658,9.2978416883193,11.3500000043452));
#6134=CARTESIAN_POINT('Ctrl Pts',(31.6407929254965,9.29267395073424,11.3500000046141));
#6135=CARTESIAN_POINT('Ctrl Pts',(31.6951819097086,9.29004049478276,11.3500000038939));
#6136=CARTESIAN_POINT('Ctrl Pts',(31.75,9.29003142566966,11.3500000024689));
#6137=CARTESIAN_POINT('Ctrl Pts',(31.8002581010187,9.29002311096186,11.3500000011624));
#6138=CARTESIAN_POINT('Ctrl Pts',(31.8501183606224,9.29222835959539,11.3500000006716));
#6139=CARTESIAN_POINT('Ctrl Pts',(31.8995851028789,9.29656771498919,11.3500000003906));
#6140=CARTESIAN_POINT('Ctrl Pts',(31.9493495062333,9.30093318201338,11.3500000001078));
#6141=CARTESIAN_POINT('Ctrl Pts',(31.9987165481677,9.30745854230247,11.3500000000563));
#6142=CARTESIAN_POINT('Ctrl Pts',(32.0476957620059,9.3161157614645,11.3500000000264));
#6143=CARTESIAN_POINT('Ctrl Pts',(32.0965307593594,9.32474748994144,11.3499999999965));
#6144=CARTESIAN_POINT('Ctrl Pts',(32.1449810855721,9.33549871911471,11.3500000000006));
#6145=CARTESIAN_POINT('Ctrl Pts',(32.1930479187372,9.348392410018,11.3500000000002));
#6146=CARTESIAN_POINT('Ctrl Pts',(32.2299743516016,9.35829774349146,11.3499999999998));
#6147=CARTESIAN_POINT('Ctrl Pts',(32.2666743989511,9.36946857274966,11.35));
#6148=CARTESIAN_POINT('Ctrl Pts',(32.3031403898197,9.38193457822308,11.35));
#6149=CARTESIAN_POINT('Ctrl Pts',(32.3146619364847,9.38587325259793,11.35));
#6150=CARTESIAN_POINT('Ctrl Pts',(32.3257290182608,9.38979129983098,11.3499999999992));
#6151=CARTESIAN_POINT('Ctrl Pts',(32.3369266347465,9.39388529230074,11.3500000000343));
#6152=CARTESIAN_POINT('Ctrl Pts',(32.3478490677163,9.39787867414116,11.3500000000686));
#6153=CARTESIAN_POINT('Ctrl Pts',(32.3588958704744,9.40203948850805,11.3500000001397));
#6154=CARTESIAN_POINT('Ctrl Pts',(32.3705929881222,9.40659568420779,11.3500000001562));
#6155=CARTESIAN_POINT('Ctrl Pts',(32.3734990051336,9.40772761966481,11.3500000001602));
#6156=CARTESIAN_POINT('Ctrl Pts',(32.376445067748,9.40888418783177,11.3500000001606));
#6157=CARTESIAN_POINT('Ctrl Pts',(32.379439042121,9.41006935879996,11.3500000001564));
#6158=CARTESIAN_POINT('Ctrl Pts',(32.4275929000066,9.42913116336566,11.3500000000877));
#6159=CARTESIAN_POINT('Ctrl Pts',(32.4744839751817,9.45022323464303,11.3500000001337));
#6160=CARTESIAN_POINT('Ctrl Pts',(32.5201287281484,9.47325218082947,11.3500000003922));
#6161=CARTESIAN_POINT('Ctrl Pts',(32.5665300899207,9.49666285552436,11.350000000655));
#6162=CARTESIAN_POINT('Ctrl Pts',(32.6116443746233,9.52207542138248,11.3500000012202));
#6163=CARTESIAN_POINT('Ctrl Pts',(32.6554770472092,9.54944400391512,11.3500000020788));
#6164=CARTESIAN_POINT('Ctrl Pts',(32.6993078956658,9.57681144748385,11.3500000029374));
#6165=CARTESIAN_POINT('Ctrl Pts',(32.7418580621214,9.60613524313412,11.3500000040803));
#6166=CARTESIAN_POINT('Ctrl Pts',(32.7831082881282,9.63741529794099,11.3500000048218));
#6167=CARTESIAN_POINT('Ctrl Pts',(32.8238574999861,9.66831543361646,11.3500000055542));
#6168=CARTESIAN_POINT('Ctrl Pts',(32.8633388293933,9.70112522765472,11.3500000057969));
#6169=CARTESIAN_POINT('Ctrl Pts',(32.9014985838541,9.73588073989376,11.3500000050368));
#6170=CARTESIAN_POINT('Ctrl Pts',(32.9210599427616,9.75369702457712,11.3500000046472));
#6171=CARTESIAN_POINT('Ctrl Pts',(32.940273389947,9.7720251289048,11.3500000040044));
#6172=CARTESIAN_POINT('Ctrl Pts',(32.9591271945982,9.79087280540178,11.3500000032261));
#6173=CARTESIAN_POINT('Ctrl Pts',(32.9944076146557,9.82614175807327,11.3500000017697));
#6174=CARTESIAN_POINT('Ctrl Pts',(33.0278435823975,9.86265014493031,11.3500000011005));
#6175=CARTESIAN_POINT('Ctrl Pts',(33.0594995578557,9.9003392014545,11.3500000006953));
#6176=CARTESIAN_POINT('Ctrl Pts',(33.0916395732348,9.93860454753163,11.350000000284));
#6177=CARTESIAN_POINT('Ctrl Pts',(33.1219454114845,9.97808753430821,11.3500000001564));
#6178=CARTESIAN_POINT('Ctrl Pts',(33.1504519548685,10.0187689630774,11.3500000000853));
#6179=CARTESIAN_POINT('Ctrl Pts',(33.1789626481104,10.0594563140708,11.3500000000142));
#6180=CARTESIAN_POINT('Ctrl Pts',(33.2056740423823,10.101343193041,11.3500000000085));
#6181=CARTESIAN_POINT('Ctrl Pts',(33.2305798803938,10.1444422360703,11.3500000000036));
#6182=CARTESIAN_POINT('Ctrl Pts',(33.2552206451168,10.1870825751982,11.3499999999989));
#6183=CARTESIAN_POINT('Ctrl Pts',(33.2780944408953,10.2309102062174,11.3500000000001));
#6184=CARTESIAN_POINT('Ctrl Pts',(33.2991485304468,10.2759570902708,11.3500000000001));
#6185=CARTESIAN_POINT('Ctrl Pts',(33.3074260114971,10.2936674133991,11.3500000000001));
#6186=CARTESIAN_POINT('Ctrl Pts',(33.3154216808446,10.3115663479447,11.3500000000001));
#6187=CARTESIAN_POINT('Ctrl Pts',(33.3231301510462,10.3296562653432,11.3500000000001));
#6188=CARTESIAN_POINT('Ctrl Pts',(33.3266751330528,10.337975481738,11.3500000000001));
#6189=CARTESIAN_POINT('Ctrl Pts',(33.3303314811372,10.3467541577285,11.3500000000044));
#6190=CARTESIAN_POINT('Ctrl Pts',(33.3337771025673,10.355220493734,11.3500000000192));
#6191=CARTESIAN_POINT('Ctrl Pts',(33.3359341968324,10.3605207523998,11.3500000000284));
#6192=CARTESIAN_POINT('Ctrl Pts',(33.3380097540553,10.3656981471597,11.350000000039));
#6193=CARTESIAN_POINT('Ctrl Pts',(33.3399344062636,10.3705594673247,11.3500000000372));
#6194=CARTESIAN_POINT('Ctrl Pts',(33.3583325325628,10.4170297760873,11.3500000000201));
#6195=CARTESIAN_POINT('Ctrl Pts',(33.3745488582877,10.4639308377418,11.3500000000124));
#6196=CARTESIAN_POINT('Ctrl Pts',(33.3886593772502,10.5112368468669,11.3500000000078));
#6197=CARTESIAN_POINT('Ctrl Pts',(33.4029591852557,10.55917745414,11.3500000000031));
#6198=CARTESIAN_POINT('Ctrl Pts',(33.4150966721883,10.6075347631815,11.3500000000017));
#6199=CARTESIAN_POINT('Ctrl Pts',(33.4251037869334,10.6563064438803,11.3500000000009));
#6200=CARTESIAN_POINT('Ctrl Pts',(33.4351012737159,10.7050312007725,11.3500000000001));
#6201=CARTESIAN_POINT('Ctrl Pts',(33.4429726588482,10.7541704178567,11.3500000000001));
#6202=CARTESIAN_POINT('Ctrl Pts',(33.4486991992229,10.8037331923224,11.35));
#6203=CARTESIAN_POINT('Ctrl Pts',(33.4543577728299,10.8527077195458,11.35));
#6204=CARTESIAN_POINT('Ctrl Pts',(33.4579221140715,10.9020966769374,11.35));
#6205=CARTESIAN_POINT('Ctrl Pts',(33.4593235668064,10.9519069792782,11.35));
#6206=CARTESIAN_POINT('Ctrl Pts',(33.4597733929972,10.9678946597794,11.35));
#6207=CARTESIAN_POINT('Ctrl Pts',(33.46,10.9839256800635,11.35));
#6208=CARTESIAN_POINT('Ctrl Pts',(33.46,11.,11.35));
#6209=CARTESIAN_POINT('Ctrl Pts',(33.46,11.,11.35));
#6210=CARTESIAN_POINT('Ctrl Pts',(33.46,11.0509224623139,11.35));
#6211=CARTESIAN_POINT('Ctrl Pts',(33.4577299191193,11.1014282420255,11.35));
#6212=CARTESIAN_POINT('Ctrl Pts',(33.4532736762892,11.1515212239159,11.35));
#6213=CARTESIAN_POINT('Ctrl Pts',(33.4488391023099,11.201370624523,11.35));
#6214=CARTESIAN_POINT('Ctrl Pts',(33.4422394482974,11.2508121656216,11.35));
#6215=CARTESIAN_POINT('Ctrl Pts',(33.4335041419825,11.2998549498861,11.3500000000002));
#6216=CARTESIAN_POINT('Ctrl Pts',(33.4247048101099,11.3492571939691,11.3500000000003));
#6217=CARTESIAN_POINT('Ctrl Pts',(33.4137383050806,11.3982557388741,11.3500000000006));
#6218=CARTESIAN_POINT('Ctrl Pts',(33.4005820632905,11.446851312194,11.3500000000016));
#6219=CARTESIAN_POINT('Ctrl Pts',(33.3874258215003,11.4954468855138,11.3500000000027));
#6220=CARTESIAN_POINT('Ctrl Pts',(33.3720795946762,11.5436404086316,11.3500000000046));
#6221=CARTESIAN_POINT('Ctrl Pts',(33.3544710665445,11.5914102174177,11.3500000000092));
#6222=CARTESIAN_POINT('Ctrl Pts',(33.351520678741,11.5994142629668,11.35000000001));
#6223=CARTESIAN_POINT('Ctrl Pts',(33.3486653095321,11.606985451262,11.3500000000212));
#6224=CARTESIAN_POINT('Ctrl Pts',(33.3456069803355,11.6149194600027,11.350000000033));
#6225=CARTESIAN_POINT('Ctrl Pts',(33.3438097162763,11.6195819759837,11.35000000004));
#6226=CARTESIAN_POINT('Ctrl Pts',(33.3419415296012,11.6243694894578,11.3500000000459));
#6227=CARTESIAN_POINT('Ctrl Pts',(33.3399341017405,11.6294404121174,11.3500000000438));
#6228=CARTESIAN_POINT('Ctrl Pts',(33.3208717672025,11.6775933873991,11.3500000000246));
#6229=CARTESIAN_POINT('Ctrl Pts',(33.299779413783,11.7244836117126,11.3500000000405));
#6230=CARTESIAN_POINT('Ctrl Pts',(33.2767503829139,11.7701275725371,11.3500000002893));
#6231=CARTESIAN_POINT('Ctrl Pts',(33.2533397524165,11.8165278708115,11.3500000005422));
#6232=CARTESIAN_POINT('Ctrl Pts',(33.2279274568428,11.86164116686,11.3500000011113));
#6233=CARTESIAN_POINT('Ctrl Pts',(33.2005593203922,11.9054729374654,11.3500000019871));
#6234=CARTESIAN_POINT('Ctrl Pts',(33.1731923826879,11.9493027882042,11.3500000028628));
#6235=CARTESIAN_POINT('Ctrl Pts',(33.1438692770683,11.991852048987,11.350000004032));
#6236=CARTESIAN_POINT('Ctrl Pts',(33.1125900532103,12.0331014601866,11.3500000047914));
#6237=CARTESIAN_POINT('Ctrl Pts',(33.0816907886429,12.0738498008645,11.3500000055415));
#6238=CARTESIAN_POINT('Ctrl Pts',(33.048882009334,12.1133303516584,11.3500000057933));
#6239=CARTESIAN_POINT('Ctrl Pts',(33.0141276229288,12.1514894098338,11.3500000050358));
#6240=CARTESIAN_POINT('Ctrl Pts',(32.9963087080727,12.1710539333069,11.3500000046475));
#6241=CARTESIAN_POINT('Ctrl Pts',(32.9779778186879,12.1902704413947,11.3500000040046));
#6242=CARTESIAN_POINT('Ctrl Pts',(32.9591271945977,12.2091271945977,11.3500000032261));
#6243=CARTESIAN_POINT('Ctrl Pts',(32.9238582419271,12.2444076146546,11.3500000017697));
#6244=CARTESIAN_POINT('Ctrl Pts',(32.8873498550708,12.2778435823959,11.3500000011005));
#6245=CARTESIAN_POINT('Ctrl Pts',(32.8496607985473,12.3094995578537,11.3500000006953));
#6246=CARTESIAN_POINT('Ctrl Pts',(32.8113954524712,12.3416395732322,11.350000000284));
#6247=CARTESIAN_POINT('Ctrl Pts',(32.7719124656956,12.3719454114814,11.3500000001564));
#6248=CARTESIAN_POINT('Ctrl Pts',(32.7312310369273,12.4004519548651,11.3500000000853));
#6249=CARTESIAN_POINT('Ctrl Pts',(32.690543685935,12.4289626481064,11.3500000000142));
#6250=CARTESIAN_POINT('Ctrl Pts',(32.6486568069659,12.455674042378,11.3500000000085));
#6251=CARTESIAN_POINT('Ctrl Pts',(32.6055577639375,12.4805798803893,11.3500000000037));
#6252=CARTESIAN_POINT('Ctrl Pts',(32.5629174248109,12.5052206451119,11.3499999999989));
#6253=CARTESIAN_POINT('Ctrl Pts',(32.5190897937927,12.5280944408902,11.3500000000001));
#6254=CARTESIAN_POINT('Ctrl Pts',(32.4740429097404,12.5491485304415,11.3500000000001));
#6255=CARTESIAN_POINT('Ctrl Pts',(32.4563325866087,12.5574260114936,11.3500000000001));
#6256=CARTESIAN_POINT('Ctrl Pts',(32.4384336520595,12.5654216808428,11.3500000000001));
#6257=CARTESIAN_POINT('Ctrl Pts',(32.4203437346574,12.5731301510459,11.3500000000001));
#6258=CARTESIAN_POINT('Ctrl Pts',(32.4120439008281,12.5766668737596,11.3500000000002));
#6259=CARTESIAN_POINT('Ctrl Pts',(32.4032827681249,12.5803161165214,11.3500000000044));
#6260=CARTESIAN_POINT('Ctrl Pts',(32.3948340553054,12.5837549042352,11.3500000000191));
#6261=CARTESIAN_POINT('Ctrl Pts',(32.3895127472978,12.5859207783736,11.3500000000283));
#6262=CARTESIAN_POINT('Ctrl Pts',(32.3843158276146,12.5880042247859,11.350000000039));
#6263=CARTESIAN_POINT('Ctrl Pts',(32.3794405338744,12.5899344092923,11.3500000000372));
#6264=CARTESIAN_POINT('Ctrl Pts',(32.3289770792159,12.6099134676852,11.3500000000186));
#6265=CARTESIAN_POINT('Ctrl Pts',(32.2779529640547,12.6273357994306,11.3500000000339));
#6266=CARTESIAN_POINT('Ctrl Pts',(32.2264292476296,12.6422775471036,11.3500000003357));
#6267=CARTESIAN_POINT('Ctrl Pts',(32.1759390779425,12.6569195688322,11.3500000006315));
#6268=CARTESIAN_POINT('Ctrl Pts',(32.1249680743808,12.6691796826939,11.3500000012896));
#6269=CARTESIAN_POINT('Ctrl Pts',(32.0735479855543,12.6790820342804,11.350000002147));
#6270=CARTESIAN_POINT('Ctrl Pts',(32.0205490230956,12.6892884413863,11.3500000030307));
#6271=CARTESIAN_POINT('Ctrl Pts',(31.9670719603372,12.696990574099,11.3500000040764));
#6272=CARTESIAN_POINT('Ctrl Pts',(31.9131395174132,12.7021583116827,11.3500000043453));
#6273=CARTESIAN_POINT('Ctrl Pts',(31.8592070744891,12.7073260492665,11.3500000046141));
#6274=CARTESIAN_POINT('Ctrl Pts',(31.804818090284,12.7099595052173,11.350000003894));
#6275=CARTESIAN_POINT('Ctrl Pts',(31.75,12.7099685743304,11.3500000024689));
#6276=CARTESIAN_POINT('Ctrl Pts',(31.699741898981,12.7099768890381,11.3500000011625));
#6277=CARTESIAN_POINT('Ctrl Pts',(31.6498816393769,12.7077716404046,11.3500000006716));
#6278=CARTESIAN_POINT('Ctrl Pts',(31.6004148971199,12.7034322850107,11.3500000003906));
#6279=CARTESIAN_POINT('Ctrl Pts',(31.5506504937652,12.6990668179865,11.3500000001079));
#6280=CARTESIAN_POINT('Ctrl Pts',(31.5012834518304,12.6925414576973,11.3500000000563));
#6281=CARTESIAN_POINT('Ctrl Pts',(31.4523042379917,12.6838842385351,11.3500000000264));
#6282=CARTESIAN_POINT('Ctrl Pts',(31.4034692406381,12.6752525100581,11.3499999999965));
#6283=CARTESIAN_POINT('Ctrl Pts',(31.3550189144252,12.6645012808847,11.3500000000006));
#6284=CARTESIAN_POINT('Ctrl Pts',(31.3069520812598,12.6516075899812,11.3500000000002));
#6285=CARTESIAN_POINT('Ctrl Pts',(31.2700256483968,12.641702256508,11.3499999999998));
#6286=CARTESIAN_POINT('Ctrl Pts',(31.2333256010485,12.6305314272502,11.35));
#6287=CARTESIAN_POINT('Ctrl Pts',(31.196859610181,12.6180654217772,11.35));
#6288=CARTESIAN_POINT('Ctrl Pts',(31.1853380635158,12.6141267474022,11.35));
#6289=CARTESIAN_POINT('Ctrl Pts',(31.1742709817394,12.6102087001691,11.3499999999992));
#6290=CARTESIAN_POINT('Ctrl Pts',(31.1630733652533,12.6061147076991,11.3500000000343));
#6291=CARTESIAN_POINT('Ctrl Pts',(31.1521509322831,12.6021213258586,11.3500000000686));
#6292=CARTESIAN_POINT('Ctrl Pts',(31.1411041295247,12.5979605114915,11.3500000001397));
#6293=CARTESIAN_POINT('Ctrl Pts',(31.1294070118766,12.5934043157917,11.3500000001562));
#6294=CARTESIAN_POINT('Ctrl Pts',(31.1265009948656,12.5922723803348,11.3500000001603));
#6295=CARTESIAN_POINT('Ctrl Pts',(31.1235549322516,12.591115812168,11.3500000001607));
#6296=CARTESIAN_POINT('Ctrl Pts',(31.120560957879,12.5899306412,11.3500000001564));
#6297=CARTESIAN_POINT('Ctrl Pts',(31.0724071000078,12.57086883664,11.3500000000877));
#6298=CARTESIAN_POINT('Ctrl Pts',(31.0255160248465,12.5497767653697,11.3500000001338));
#6299=CARTESIAN_POINT('Ctrl Pts',(30.9798712718931,12.5267478191916,11.3500000003923));
#6300=CARTESIAN_POINT('Ctrl Pts',(30.9334699101349,12.5033371445055,11.350000000655));
#6301=CARTESIAN_POINT('Ctrl Pts',(30.8883556254457,12.4779245786576,11.3500000012203));
#6302=CARTESIAN_POINT('Ctrl Pts',(30.8445229528722,12.4505559961363,11.3500000020788));
#6303=CARTESIAN_POINT('Ctrl Pts',(30.8006921044283,12.4231885525791,11.3500000029374));
#6304=CARTESIAN_POINT('Ctrl Pts',(30.7581419379845,12.3938647569415,11.3500000040803));
#6305=CARTESIAN_POINT('Ctrl Pts',(30.7168917119885,12.3625847021485,11.3500000048218));
#6306=CARTESIAN_POINT('Ctrl Pts',(30.6761425001413,12.3316845664867,11.3500000055542));
#6307=CARTESIAN_POINT('Ctrl Pts',(30.6366611707438,12.2988747724632,11.3500000057969));
#6308=CARTESIAN_POINT('Ctrl Pts',(30.5985014162915,12.26411926024,11.3500000050369));
#6309=CARTESIAN_POINT('Ctrl Pts',(30.5789400573337,12.2463029755148,11.3500000046472));
#6310=CARTESIAN_POINT('Ctrl Pts',(30.5597266100996,12.2279748711428,11.3500000040044));
#6311=CARTESIAN_POINT('Ctrl Pts',(30.5408728054013,12.2091271945987,11.3500000032261));
#6312=CARTESIAN_POINT('Ctrl Pts',(30.5055923853438,12.173858241927,11.3500000017697));
#6313=CARTESIAN_POINT('Ctrl Pts',(30.4721564176021,12.1373498550699,11.3500000011005));
#6314=CARTESIAN_POINT('Ctrl Pts',(30.4405004421442,12.0996607985458,11.3500000006953));
#6315=CARTESIAN_POINT('Ctrl Pts',(30.4083604267647,12.0613954524681,11.350000000284));
#6316=CARTESIAN_POINT('Ctrl Pts',(30.3780545885149,12.0219124656912,11.3500000001564));
#6317=CARTESIAN_POINT('Ctrl Pts',(30.3495480451308,11.9812310369219,11.3500000000853));
#6318=CARTESIAN_POINT('Ctrl Pts',(30.3210373518887,11.9405436859279,11.3500000000142));
#6319=CARTESIAN_POINT('Ctrl Pts',(30.2943259576166,11.8986568069573,11.3500000000085));
#6320=CARTESIAN_POINT('Ctrl Pts',(30.2694201196051,11.8555577639278,11.3500000000037));
#6321=CARTESIAN_POINT('Ctrl Pts',(30.2447793548817,11.8129174247992,11.3499999999989));
#6322=CARTESIAN_POINT('Ctrl Pts',(30.2219055591031,11.7690897937794,11.3500000000001));
#6323=CARTESIAN_POINT('Ctrl Pts',(30.2008514695515,11.7240429097256,11.3500000000001));
#6324=CARTESIAN_POINT('Ctrl Pts',(30.1925739885017,11.7063325865982,11.3500000000001));
#6325=CARTESIAN_POINT('Ctrl Pts',(30.1845783191546,11.6884336520536,11.3500000000001));
#6326=CARTESIAN_POINT('Ctrl Pts',(30.1768698489535,11.670343734656,11.3500000000001));
#6327=CARTESIAN_POINT('Ctrl Pts',(30.1733248669466,11.6620245182608,11.3500000000002));
#6328=CARTESIAN_POINT('Ctrl Pts',(30.169668518862,11.6532458422697,11.3500000000044));
#6329=CARTESIAN_POINT('Ctrl Pts',(30.1662228974318,11.6447795062638,11.3500000000192));
#6330=CARTESIAN_POINT('Ctrl Pts',(30.164065803167,11.6394792475988,11.3500000000285));
#6331=CARTESIAN_POINT('Ctrl Pts',(30.1619902459444,11.6343018528397,11.350000000039));
#6332=CARTESIAN_POINT('Ctrl Pts',(30.1600655937364,11.6294405326753,11.3500000000372));
#6333=CARTESIAN_POINT('Ctrl Pts',(30.1416674674371,11.5829702239125,11.3500000000201));
#6334=CARTESIAN_POINT('Ctrl Pts',(30.1254511417121,11.5360691622577,11.3500000000124));
#6335=CARTESIAN_POINT('Ctrl Pts',(30.1113406227496,11.4887631531325,11.3500000000078));
#6336=CARTESIAN_POINT('Ctrl Pts',(30.097040814744,11.440822545859,11.3500000000031));
#6337=CARTESIAN_POINT('Ctrl Pts',(30.0849033278114,11.392465236817,11.3500000000017));
#6338=CARTESIAN_POINT('Ctrl Pts',(30.0748962130663,11.3436935561179,11.3500000000009));
#6339=CARTESIAN_POINT('Ctrl Pts',(30.0648987262837,11.2949687992252,11.3500000000001));
#6340=CARTESIAN_POINT('Ctrl Pts',(30.0570273411514,11.2458295821405,11.3500000000001));
#6341=CARTESIAN_POINT('Ctrl Pts',(30.0513008007767,11.1962668076744,11.35));
#6342=CARTESIAN_POINT('Ctrl Pts',(30.0456422271698,11.1472922804504,11.35));
#6343=CARTESIAN_POINT('Ctrl Pts',(30.0420778859283,11.0979033230583,11.35));
#6344=CARTESIAN_POINT('Ctrl Pts',(30.0406764331935,11.0480930207171,11.35));
#6345=CARTESIAN_POINT('Ctrl Pts',(30.0402266070028,11.0321053402174,11.35));
#6346=CARTESIAN_POINT('Ctrl Pts',(30.04,11.0160743199349,11.35));
#6347=CARTESIAN_POINT('Ctrl Pts',(30.04,11.,11.35));
#6348=CARTESIAN_POINT('Origin',(0.,0.,0.));
#6349=CARTESIAN_POINT('',(35.3992308487136,2.31847396116064,0.));
#6350=CARTESIAN_POINT('',(0.,2.31847396116064,0.));
#6351=CARTESIAN_POINT('',(40.1815260388392,6.27240405273124,0.));
#6352=CARTESIAN_POINT('Origin',(38.2,3.8,0.));
#6353=CARTESIAN_POINT('',(40.1815260388394,8.75323657753505,-5.78241158658936E-16));
#6354=CARTESIAN_POINT('',(40.1815260388394,0.,0.));
#6355=CARTESIAN_POINT('',(45.6815260388394,14.2532365775351,5.78241158658936E-16));
#6356=CARTESIAN_POINT('',(45.6815260388394,14.2532365775351,0.));
#6357=CARTESIAN_POINT('',(45.6815260388394,34.3871702845006,4.33680868994202E-16));
#6358=CARTESIAN_POINT('',(45.6815260388394,0.,0.));
#6359=CARTESIAN_POINT('',(45.3668414287536,34.550984723827,2.27344153880312E-19));
#6360=CARTESIAN_POINT('Origin',(45.4815065417407,34.3870953809954,0.));
#6361=CARTESIAN_POINT('',(37.1393370080732,28.7900241078129,-2.89120579329468E-15));
#6362=CARTESIAN_POINT('',(37.1393370080732,28.7900241078129,0.));
#6363=CARTESIAN_POINT('',(36.6112284513172,29.5442412904875,-2.35396414593377E-15));
#6364=CARTESIAN_POINT('',(38.4477557904775,26.9214084317384,-6.93889390390723E-15));
#6365=CARTESIAN_POINT('',(43.0241118444254,34.0345905840017,0.));
#6366=CARTESIAN_POINT('',(43.0241118444254,34.0345905840017,0.));
#6367=CARTESIAN_POINT('',(41.8509292071077,35.7100690290314,0.));
#6368=CARTESIAN_POINT('',(42.9680477360226,34.114658428667,0.));
#6369=CARTESIAN_POINT('',(42.6766377320351,36.2882363625496,7.04317558237381E-21));
#6370=CARTESIAN_POINT('',(42.6766377320351,36.2882363625496,0.));
#6371=CARTESIAN_POINT('',(43.8498203693528,34.6127579175199,2.89120579329468E-16));
#6372=CARTESIAN_POINT('',(43.8498203693528,34.6127579175199,0.));
#6373=CARTESIAN_POINT('',(45.5977447901443,35.8366677731789,0.));
#6374=CARTESIAN_POINT('',(45.5977447901443,35.8366677731789,0.));
#6375=CARTESIAN_POINT('',(45.5977447901443,36.8159058114148,-3.09544700146158E-16));
#6376=CARTESIAN_POINT('',(45.5977447901443,0.,-8.67361737988404E-16));
#6377=CARTESIAN_POINT('',(44.7699382448179,37.9981360790907,1.12272555796059E-16));
#6378=CARTESIAN_POINT('',(44.7699382448179,37.9981360790907,0.));
#6379=CARTESIAN_POINT('',(46.9150435954911,39.500155015886,-6.10528892527611E-16));
#6380=CARTESIAN_POINT('',(-3.12442526374813,4.46214171263658,-9.68632016060245E-17));
#6381=CARTESIAN_POINT('',(47.8547742377076,38.1580805723301,0.));
#6382=CARTESIAN_POINT('',(47.8547742377076,38.1580805723301,0.));
#6383=CARTESIAN_POINT('',(48.2164348924623,37.0110395194907,-8.67361737988404E-16));
#6384=CARTESIAN_POINT('Origin',(46.2166393037728,37.0110425020057,-7.0830785314446E-15));
#6385=CARTESIAN_POINT('',(48.2164348924623,15.1771450477436,0.));
#6386=CARTESIAN_POINT('',(48.2164348924623,0.,-1.73472347597681E-15));
#6387=CARTESIAN_POINT('',(47.6307055549488,13.7630693372386,-2.60208521396521E-15));
#6388=CARTESIAN_POINT('Origin',(46.2166459042202,15.1771383955664,-1.2987803399251E-14));
#6389=CARTESIAN_POINT('',(42.492134009473,8.62449779176273,0.));
#6390=CARTESIAN_POINT('',(16.9338181088554,-16.9338181088552,-5.20417042793042E-15));
#6391=CARTESIAN_POINT('',(41.9064046719594,7.21042208125768,-8.67361737988404E-16));
#6392=CARTESIAN_POINT('Origin',(43.9061936602013,7.21042873343501,-4.32926779974929E-15));
#6393=CARTESIAN_POINT('',(41.9064046719594,2.12337892925068,-1.30104260698261E-15));
#6394=CARTESIAN_POINT('',(41.9064046719594,0.,-1.73472347597681E-15));
#6395=CARTESIAN_POINT('Origin',(39.9062097009731,2.12376885221845,0.));
#6396=CARTESIAN_POINT('',(24.8718801115702,-8.79188943328919,0.));
#6397=CARTESIAN_POINT('',(24.8718801115702,0.,0.));
#6398=CARTESIAN_POINT('',(0.999999999999998,-8.79188943328919,-2.16840434497101E-16));
#6399=CARTESIAN_POINT('',(0.,-8.79188943328919,0.));
#6400=CARTESIAN_POINT('',(-2.04188943328919,-5.75,0.));
#6401=CARTESIAN_POINT('Origin',(0.999999999999998,-5.75,0.));
#6402=CARTESIAN_POINT('',(-2.04188943328919,1.79645438754166,0.));
#6403=CARTESIAN_POINT('',(-2.04188943328919,0.,0.));
#6404=CARTESIAN_POINT('',(-1.64192598661496,2.19643489246232,-1.85001244701282E-20));
#6405=CARTESIAN_POINT('Origin',(-1.64186749983277,1.79639589826504,0.));
#6406=CARTESIAN_POINT('',(-0.216434892462316,2.19643489246232,-1.19260830200968E-15));
#6407=CARTESIAN_POINT('',(0.,2.19643489246232,0.));
#6408=CARTESIAN_POINT('',(-0.216434892462316,11.6,-1.30104260698261E-15));
#6409=CARTESIAN_POINT('',(-0.216434892462316,0.,-1.73472347597681E-15));
#6410=CARTESIAN_POINT('',(0.,11.6,0.));
#6411=CARTESIAN_POINT('',(13.018070329095,-4.75,-5.55111512312578E-16));
#6412=CARTESIAN_POINT('Origin',(14.5,-4.75,0.));
#6413=CARTESIAN_POINT('',(14.,-1.5,-1.23550852718795E-16));
#6414=CARTESIAN_POINT('',(14.,0.,0.));
#6415=CARTESIAN_POINT('',(19.,-1.5,0.));
#6416=CARTESIAN_POINT('',(0.,-1.5,0.));
#6417=CARTESIAN_POINT('',(19.,0.,0.));
#6418=CARTESIAN_POINT('',(35.7000000000009,3.8,8.87075405715063E-17));
#6419=CARTESIAN_POINT('Origin',(38.2,3.8,0.));
#6420=CARTESIAN_POINT('',(1.01807032909454,-4.75,-1.11022302462516E-15));
#6421=CARTESIAN_POINT('Origin',(2.5,-4.75,0.));
#6422=CARTESIAN_POINT('',(0.26570853748328,-6.75,-2.57182735751715E-18));
#6423=CARTESIAN_POINT('Origin',(-0.500000000000001,-6.75,0.));
#6424=CARTESIAN_POINT('Origin',(21.3337812486951,-4.70975525283302E-15,
13.));
#6425=CARTESIAN_POINT('',(21.25,29.5,7.));
#6426=CARTESIAN_POINT('',(21.25,-4.70975525283302E-15,7.));
#6427=CARTESIAN_POINT('',(21.3337812486951,29.4949203416786,13.));
#6428=CARTESIAN_POINT('Ctrl Pts',(27.5231392797812,10.2688146480078,2.99990335457331));
#6429=CARTESIAN_POINT('Ctrl Pts',(27.5231450559708,10.2688147090183,3.00031170787401));
#6430=CARTESIAN_POINT('Ctrl Pts',(27.5625171461466,10.2692305382024,5.78375908894392));
#6431=CARTESIAN_POINT('Ctrl Pts',(27.6018656552346,10.2698444043666,8.56696528565783));
#6432=CARTESIAN_POINT('Ctrl Pts',(27.6411894793974,10.2706594864227,11.3500004768337));
#6433=CARTESIAN_POINT('Ctrl Pts',(27.5191017147253,10.2921596449104,2.99995835822307));
#6434=CARTESIAN_POINT('Ctrl Pts',(27.5191072365871,10.2921611465131,3.0003667151283));
#6435=CARTESIAN_POINT('Ctrl Pts',(27.556745696367,10.3023964488131,5.78383718033977));
#6436=CARTESIAN_POINT('Ctrl Pts',(27.5943218932365,10.312796557014,8.56706630253407));
#6437=CARTESIAN_POINT('Ctrl Pts',(27.6318359454263,10.3233634119941,11.3501241992855));
#6438=CARTESIAN_POINT('Ctrl Pts',(27.4983228563682,10.3314960633968,3.0000185944735));
#6439=CARTESIAN_POINT('Ctrl Pts',(27.4983270893831,10.3314999880899,3.0004269551769));
#6440=CARTESIAN_POINT('Ctrl Pts',(27.5271803847052,10.358251751893,5.78392264932932));
#6441=CARTESIAN_POINT('Ctrl Pts',(27.5559443434778,10.3850753801047,8.56717678232811));
#6442=CARTESIAN_POINT('Ctrl Pts',(27.5846215620332,10.4119721044912,11.3502594285373));
#6443=CARTESIAN_POINT('Ctrl Pts',(27.4492777699405,10.3571347634741,2.99997543545374));
#6444=CARTESIAN_POINT('Ctrl Pts',(27.44927897533,10.3571402665153,3.00038379340668));
#6445=CARTESIAN_POINT('Ctrl Pts',(27.4574951732244,10.3946504389094,5.7838614081755));
#6446=CARTESIAN_POINT('Ctrl Pts',(27.4656821981814,10.4321635901159,8.56709761839799));
#6447=CARTESIAN_POINT('Ctrl Pts',(27.4738448104806,10.4696807603139,11.3501625337772));
#6448=CARTESIAN_POINT('Ctrl Pts',(27.4245480004865,10.3603635651582,2.99992692756606));
#6449=CARTESIAN_POINT('Ctrl Pts',(27.4245476791876,10.360369267238,3.00033528241156));
#6450=CARTESIAN_POINT('Ctrl Pts',(27.4223575558395,10.3992361882608,5.78379255668454));
#6451=CARTESIAN_POINT('Ctrl Pts',(27.4201678844692,10.4380997405435,8.56700857860478));
#6452=CARTESIAN_POINT('Ctrl Pts',(27.417984536337,10.4769609036687,11.3500535007416));
#6453=CARTESIAN_POINT('Ctrl Pts',(27.4143944675713,10.3603632359958,2.99990335457331));
#6454=CARTESIAN_POINT('Ctrl Pts',(27.4143935193312,10.360368938054,3.00031170787401));
#6455=CARTESIAN_POINT('Ctrl Pts',(27.4079299927469,10.3992357209326,5.78375908894346));
#6456=CARTESIAN_POINT('Ctrl Pts',(27.4014780929413,10.4380991360206,8.56696528565782));
#6457=CARTESIAN_POINT('Ctrl Pts',(27.3950441827604,10.4769601632671,11.3500004768337));
#6458=CARTESIAN_POINT('',(27.4143942431503,10.3603645855082,3.));
#6459=CARTESIAN_POINT('Ctrl Pts',(27.5231406468382,10.2688146624471,2.99999999998746));
#6460=CARTESIAN_POINT('Ctrl Pts',(27.5222132189949,10.2741759666946,3.00000000000176));
#6461=CARTESIAN_POINT('Ctrl Pts',(27.5208325842535,10.2794636297788,2.99999990076886));
#6462=CARTESIAN_POINT('Ctrl Pts',(27.5190789387965,10.284614221972,2.99999979043307));
#6463=CARTESIAN_POINT('Ctrl Pts',(27.5171275889914,10.2903454871099,2.99999966765813));
#6464=CARTESIAN_POINT('Ctrl Pts',(27.5147145735103,10.2959084553438,2.99999953550418));
#6465=CARTESIAN_POINT('Ctrl Pts',(27.5118944900097,10.3012507700227,2.9999994822648));
#6466=CARTESIAN_POINT('Ctrl Pts',(27.5104545745613,10.3039785195504,2.99999945508114));
#6467=CARTESIAN_POINT('Ctrl Pts',(27.5089076674958,10.3066491302344,2.99999944752509));
#6468=CARTESIAN_POINT('Ctrl Pts',(27.5072560721089,10.3092566599716,2.99999946265739));
#6469=CARTESIAN_POINT('Ctrl Pts',(27.5037356264161,10.3148147203202,2.99999949491252));
#6470=CARTESIAN_POINT('Ctrl Pts',(27.4997756119605,10.320034615535,2.99999963529347));
#6471=CARTESIAN_POINT('Ctrl Pts',(27.4953936476678,10.3248567552906,2.99999979051886));
#6472=CARTESIAN_POINT('Ctrl Pts',(27.4922985259716,10.3282627870112,2.99999990015952));
#6473=CARTESIAN_POINT('Ctrl Pts',(27.4889917232419,10.3314705917164,3.00000001508739));
#6474=CARTESIAN_POINT('Ctrl Pts',(27.4854652457974,10.3344523534348,3.00000005066022));
#6475=CARTESIAN_POINT('Ctrl Pts',(27.4829063445907,10.3366159951365,3.00000007647277));
#6476=CARTESIAN_POINT('Ctrl Pts',(27.4802314684784,10.3386604667485,3.00000005936769));
#6477=CARTESIAN_POINT('Ctrl Pts',(27.477454648567,10.3405838322129,3.0000000306384));
#6478=CARTESIAN_POINT('Ctrl Pts',(27.4722801434693,10.3441679553168,2.99999997710239));
#6479=CARTESIAN_POINT('Ctrl Pts',(27.4667927662323,10.3473062944715,2.99999989324587));
#6480=CARTESIAN_POINT('Ctrl Pts',(27.4610824279715,10.349975371622,2.99999986213503));
#6481=CARTESIAN_POINT('Ctrl Pts',(27.4563077287851,10.3522071204112,2.9999998361217));
#6482=CARTESIAN_POINT('Ctrl Pts',(27.4513759089944,10.3541103257363,2.9999998428412));
#6483=CARTESIAN_POINT('Ctrl Pts',(27.4463432714798,10.3556432993394,2.99999986242681));
#6484=CARTESIAN_POINT('Ctrl Pts',(27.446131296932,10.3557078681435,2.99999986325175));
#6485=CARTESIAN_POINT('Ctrl Pts',(27.4459191954623,10.3557717606347,2.99999986409401));
#6486=CARTESIAN_POINT('Ctrl Pts',(27.4457069713357,10.3558349737101,2.99999986494923));
#6487=CARTESIAN_POINT('Ctrl Pts',(27.4396947966551,10.3576257599784,2.99999988917721));
#6488=CARTESIAN_POINT('Ctrl Pts',(27.4335821666897,10.3588748966015,2.99999992910876));
#6489=CARTESIAN_POINT('Ctrl Pts',(27.4273889890753,10.359604003794,2.9999999613431));
#6490=CARTESIAN_POINT('Ctrl Pts',(27.4230901152956,10.36011009937,2.99999998371794));
#6491=CARTESIAN_POINT('Ctrl Pts',(27.4187526524632,10.3603645855082,2.99999999999892));
#6492=CARTESIAN_POINT('Ctrl Pts',(27.4143942431501,10.360364585508,2.99999999998746));
#6493=CARTESIAN_POINT('Ctrl Pts',(27.4143942431501,10.360364585508,2.99999999998746));
#6494=CARTESIAN_POINT('Ctrl Pts',(27.414393369716,10.3603698377274,3.00037613804967));
#6495=CARTESIAN_POINT('Ctrl Pts',(27.4079299180739,10.3992361707304,5.78379130123989));
#6496=CARTESIAN_POINT('Ctrl Pts',(27.4014780929413,10.4380991360206,8.56696528565782));
#6497=CARTESIAN_POINT('Ctrl Pts',(27.3950441827604,10.4769601632671,11.3500004768337));
#6498=CARTESIAN_POINT('Origin',(1.14193969912155E-14,10.5,13.));
#6499=CARTESIAN_POINT('',(25.089408776915,10.3603645855082,3.));
#6500=CARTESIAN_POINT('',(1.14193969912155E-14,10.3603645855082,3.));
#6501=CARTESIAN_POINT('',(24.0895062529057,10.3741331654735,3.98603781966085));
#6502=CARTESIAN_POINT('Origin',(25.089408776915,10.3743281269574,4.));
#6503=CARTESIAN_POINT('',(24.0332621641412,10.430377254238,8.01396218033915));
#6504=CARTESIAN_POINT('',(24.0895062529057,10.3741331654735,3.98603781966085));
#6505=CARTESIAN_POINT('',(23.0333596401319,10.4441458342033,9.));
#6506=CARTESIAN_POINT('Origin',(23.0333596401319,10.4301822927541,8.));
#6507=CARTESIAN_POINT('',(21.2779270828984,10.4441458342033,9.));
#6508=CARTESIAN_POINT('',(1.14193969912155E-14,10.4441458342033,9.));
#6509=CARTESIAN_POINT('',(21.2779270828984,10.4441458342033,9.));
#6510=CARTESIAN_POINT('Origin',(31.75,11.,3.));
#6511=CARTESIAN_POINT('',(30.88761063866,11.7236305950316,3.));
#6512=CARTESIAN_POINT('',(25.089408776915,9.43963541449182,3.));
#6513=CARTESIAN_POINT('',(31.75,9.43963541449182,3.));
#6514=CARTESIAN_POINT('',(25.089408776915,11.,3.));
#6515=CARTESIAN_POINT('Origin',(3.8,34.2,-1.));
#6516=CARTESIAN_POINT('',(5.78950022485718,34.2,-1.5));
#6517=CARTESIAN_POINT('',(1.81049977514282,34.2,-1.5));
#6518=CARTESIAN_POINT('Ctrl Pts',(5.78950022485718,34.2,-1.5));
#6519=CARTESIAN_POINT('Ctrl Pts',(5.78950022485718,34.1439442793512,-1.5));
#6520=CARTESIAN_POINT('Ctrl Pts',(5.787142217508,34.0883237384375,-1.50000000003294));
#6521=CARTESIAN_POINT('Ctrl Pts',(5.78250589080379,34.0331339086489,-1.49999999975126));
#6522=CARTESIAN_POINT('Ctrl Pts',(5.77780789789353,33.9772100176879,-1.49999999946584));
#6523=CARTESIAN_POINT('Ctrl Pts',(5.77077059406079,33.9217275097977,-1.49999999877348));
#6524=CARTESIAN_POINT('Ctrl Pts',(5.76142394631285,33.866677428413,-1.4999999980282));
#6525=CARTESIAN_POINT('Ctrl Pts',(5.75207959527214,33.8116408742225,-1.49999999728311));
#6526=CARTESIAN_POINT('Ctrl Pts',(5.74042686349327,33.7570356775963,-1.49999999659584));
#6527=CARTESIAN_POINT('Ctrl Pts',(5.7264444645424,33.7028615627394,-1.4999999968378));
#6528=CARTESIAN_POINT('Ctrl Pts',(5.71259948626262,33.6492198774924,-1.49999999707738));
#6529=CARTESIAN_POINT('Ctrl Pts',(5.69647009656813,33.5960000545535,-1.4999999985189));
#6530=CARTESIAN_POINT('Ctrl Pts',(5.67798911489177,33.5432225165402,-1.49999999950381));
#6531=CARTESIAN_POINT('Ctrl Pts',(5.67432875202287,33.5327693412793,-1.49999999969889));
#6532=CARTESIAN_POINT('Ctrl Pts',(5.67057600188613,33.5223336030168,-1.4999999998592));
#6533=CARTESIAN_POINT('Ctrl Pts',(5.66673014079326,33.5119155995242,-1.49999999994157));
#6534=CARTESIAN_POINT('Ctrl Pts',(5.66342436338098,33.5029606217454,-1.50000000001237));
#6535=CARTESIAN_POINT('Ctrl Pts',(5.66022483169142,33.4944723035328,-1.49999999999863));
#6536=CARTESIAN_POINT('Ctrl Pts',(5.65682074068387,33.4856237337329,-1.49999999999804));
#6537=CARTESIAN_POINT('Ctrl Pts',(5.654606128628,33.4798670870062,-1.49999999999766));
#6538=CARTESIAN_POINT('Ctrl Pts',(5.6523040608141,33.4739582791266,-1.49999999999629));
#6539=CARTESIAN_POINT('Ctrl Pts',(5.64981792795003,33.4676739509918,-1.49999999998246));
#6540=CARTESIAN_POINT('Ctrl Pts',(5.62858535353965,33.4140032615969,-1.49999999986438));
#6541=CARTESIAN_POINT('Ctrl Pts',(5.60518567294404,33.3616873251625,-1.49999999932731));
#6542=CARTESIAN_POINT('Ctrl Pts',(5.57971585057548,33.3107060939058,-1.49999999907503));
#6543=CARTESIAN_POINT('Ctrl Pts',(5.5538277122941,33.2588875478073,-1.4999999988186));
#6544=CARTESIAN_POINT('Ctrl Pts',(5.52580062153269,33.2084470417404,-1.49999999878473));
#6545=CARTESIAN_POINT('Ctrl Pts',(5.49568391925355,33.1593747991175,-1.49999999887235));
#6546=CARTESIAN_POINT('Ctrl Pts',(5.46555587171583,33.110284070497,-1.49999999896));
#6547=CARTESIAN_POINT('Ctrl Pts',(5.43333617162054,33.0625618430098,-1.49999999913924));
#6548=CARTESIAN_POINT('Ctrl Pts',(5.39902775550582,33.0162220077393,-1.49999999925023));
#6549=CARTESIAN_POINT('Ctrl Pts',(5.36510708843569,32.9704058989736,-1.49999999935998));
#6550=CARTESIAN_POINT('Ctrl Pts',(5.32914405788726,32.9259404571075,-1.49999999941844));
#6551=CARTESIAN_POINT('Ctrl Pts',(5.29110410597929,32.8828729145172,-1.49999999931594));
#6552=CARTESIAN_POINT('Ctrl Pts',(5.26406491448376,32.8522600595336,-1.49999999924309));
#6553=CARTESIAN_POINT('Ctrl Pts',(5.23597555154682,32.8223541784574,-1.49999999909724));
#6554=CARTESIAN_POINT('Ctrl Pts',(5.20681450614747,32.7931854938525,-1.49999999870907));
#6555=CARTESIAN_POINT('Ctrl Pts',(5.16725040511512,32.7536110283668,-1.49999999818243));
#6556=CARTESIAN_POINT('Ctrl Pts',(5.1263516070335,32.716028581537,-1.49999999712452));
#6557=CARTESIAN_POINT('Ctrl Pts',(5.08417684098726,32.6803727718486,-1.49999999553356));
#6558=CARTESIAN_POINT('Ctrl Pts',(5.04136919844355,32.6441819094245,-1.49999999391872));
#6559=CARTESIAN_POINT('Ctrl Pts',(4.99724642495539,32.6099753085721,-1.49999999174469));
#6560=CARTESIAN_POINT('Ctrl Pts',(4.95182819171354,32.5777180053514,-1.49999999010034));
#6561=CARTESIAN_POINT('Ctrl Pts',(4.90639499230036,32.545450072736,-1.49999998845544));
#6562=CARTESIAN_POINT('Ctrl Pts',(4.85966475730337,32.5151322322095,-1.49999998748021));
#6563=CARTESIAN_POINT('Ctrl Pts',(4.81162569457112,32.486771001813,-1.49999998837626));
#6564=CARTESIAN_POINT('Ctrl Pts',(4.76407797669598,32.4586998508623,-1.49999998926313));
#6565=CARTESIAN_POINT('Ctrl Pts',(4.71524729379159,32.4325451551093,-1.49999999225515));
#6566=CARTESIAN_POINT('Ctrl Pts',(4.66510256837631,32.4083599093211,-1.49999999554709));
#6567=CARTESIAN_POINT('Ctrl Pts',(4.63711609305737,32.3948617840701,-1.49999999738437));
#6568=CARTESIAN_POINT('Ctrl Pts',(4.60872001616069,32.3819779919576,-1.49999999924314));
#6569=CARTESIAN_POINT('Ctrl Pts',(4.57990761960103,32.3697247231766,-1.49999999982698));
#6570=CARTESIAN_POINT('Ctrl Pts',(4.57059632745011,32.3657648385766,-1.50000000001565));
#6571=CARTESIAN_POINT('Ctrl Pts',(4.56079088486342,32.3616789420935,-1.49999999999323));
#6572=CARTESIAN_POINT('Ctrl Pts',(4.55129218226149,32.3578058847737,-1.499999999996));
#6573=CARTESIAN_POINT('Ctrl Pts',(4.54473368322977,32.3551316834911,-1.49999999999791));
#6574=CARTESIAN_POINT('Ctrl Pts',(4.53832191116216,32.3525578294245,-1.49999999999728));
#6575=CARTESIAN_POINT('Ctrl Pts',(4.53232592722334,32.3501823796723,-1.49999999998512));
#6576=CARTESIAN_POINT('Ctrl Pts',(4.47811121693283,32.32870394987,-1.49999999987524));
#6577=CARTESIAN_POINT('Ctrl Pts',(4.42334621649193,32.309767917399,-1.49999999935836));
#6578=CARTESIAN_POINT('Ctrl Pts',(4.36808534587769,32.2932997997453,-1.49999999915787));
#6579=CARTESIAN_POINT('Ctrl Pts',(4.31202436324038,32.2765932432326,-1.49999999895449));
#6580=CARTESIAN_POINT('Ctrl Pts',(4.25545221734115,32.2624261804281,-1.49999999898569));
#6581=CARTESIAN_POINT('Ctrl Pts',(4.19839950288862,32.2507671900476,-1.49999999909705));
#6582=CARTESIAN_POINT('Ctrl Pts',(4.14137238046241,32.2391134295179,-1.49999999920836));
#6583=CARTESIAN_POINT('Ctrl Pts',(4.08386420618285,32.2299652923741,-1.49999999937127));
#6584=CARTESIAN_POINT('Ctrl Pts',(4.02589276020676,32.223341739199,-1.49999999943865));
#6585=CARTESIAN_POINT('Ctrl Pts',(3.968572051709,32.2167925363221,-1.49999999950527));
#6586=CARTESIAN_POINT('Ctrl Pts',(3.91079751361611,32.2127115435485,-1.49999999951504));
#6587=CARTESIAN_POINT('Ctrl Pts',(3.85258733796814,32.2111677530474,-1.49999999926343));
#6588=CARTESIAN_POINT('Ctrl Pts',(3.83509726328757,32.2107038992477,-1.49999999918783));
#6589=CARTESIAN_POINT('Ctrl Pts',(3.81756791720391,32.2104694510142,-1.49999999908558));
#6590=CARTESIAN_POINT('Ctrl Pts',(3.8,32.2104671847811,-1.49999999893787));
#6591=CARTESIAN_POINT('Ctrl Pts',(3.74398464235484,32.2104599588896,-1.49999999846688));
#6592=CARTESIAN_POINT('Ctrl Pts',(3.68839616653343,32.2128120841905,-1.49999999765912));
#6593=CARTESIAN_POINT('Ctrl Pts',(3.63323031967663,32.217444183527,-1.49999999670094));
#6594=CARTESIAN_POINT('Ctrl Pts',(3.57735212868789,32.2221360961169,-1.49999999573038));
#6595=CARTESIAN_POINT('Ctrl Pts',(3.52190668932564,32.2291672214742,-1.49999999462822));
#6596=CARTESIAN_POINT('Ctrl Pts',(3.46688501401857,32.23850794607,-1.49999999410432));
#6597=CARTESIAN_POINT('Ctrl Pts',(3.41189057789987,32.2478440464198,-1.49999999358068));
#6598=CARTESIAN_POINT('Ctrl Pts',(3.35731862921041,32.2594876248137,-1.49999999373588));
#6599=CARTESIAN_POINT('Ctrl Pts',(3.30316861697298,32.2734603534229,-1.49999999485951));
#6600=CARTESIAN_POINT('Ctrl Pts',(3.24956845276469,32.2872912006738,-1.49999999597173));
#6601=CARTESIAN_POINT('Ctrl Pts',(3.19638091172235,32.3034044428785,-1.49999999820048));
#6602=CARTESIAN_POINT('Ctrl Pts',(3.14362590254755,32.3218676907522,-1.49999999940839));
#6603=CARTESIAN_POINT('Ctrl Pts',(3.13304822806922,32.3255696752438,-1.49999999965058));
#6604=CARTESIAN_POINT('Ctrl Pts',(3.12248803068889,32.329366278176,-1.49999999983882));
#6605=CARTESIAN_POINT('Ctrl Pts',(3.11194561439384,32.3332582550568,-1.49999999993355));
#6606=CARTESIAN_POINT('Ctrl Pts',(3.10296669769993,32.3365730298872,-1.50000000001423));
#6607=CARTESIAN_POINT('Ctrl Pts',(3.09445211766319,32.3397826035263,-1.49999999999845));
#6608=CARTESIAN_POINT('Ctrl Pts',(3.0855771369953,32.3431971527932,-1.49999999999795));
#6609=CARTESIAN_POINT('Ctrl Pts',(3.07983316795299,32.3454070804557,-1.49999999999763));
#6610=CARTESIAN_POINT('Ctrl Pts',(3.07393854878819,32.3477037446731,-1.49999999999624));
#6611=CARTESIAN_POINT('Ctrl Pts',(3.0676739509918,32.35018207205,-1.49999999998246));
#6612=CARTESIAN_POINT('Ctrl Pts',(3.01400326161358,32.3714146464539,-1.49999999986438));
#6613=CARTESIAN_POINT('Ctrl Pts',(2.96168732519557,32.3948143270415,-1.49999999932731));
#6614=CARTESIAN_POINT('Ctrl Pts',(2.91070609395468,32.4202841494005,-1.49999999907503));
#6615=CARTESIAN_POINT('Ctrl Pts',(2.85888754787204,32.4461722876722,-1.4999999988186));
#6616=CARTESIAN_POINT('Ctrl Pts',(2.80844704182057,32.4741993784223,-1.49999999878473));
#6617=CARTESIAN_POINT('Ctrl Pts',(2.75937479921218,32.5043160806887,-1.49999999887235));
#6618=CARTESIAN_POINT('Ctrl Pts',(2.71028407060606,32.5344441282139,-1.49999999896));
#6619=CARTESIAN_POINT('Ctrl Pts',(2.66256184313243,32.5666638282952,-1.49999999913924));
#6620=CARTESIAN_POINT('Ctrl Pts',(2.61622200787463,32.6009722443945,-1.49999999925023));
#6621=CARTESIAN_POINT('Ctrl Pts',(2.57040589912086,32.6348929114498,-1.49999999935998));
#6622=CARTESIAN_POINT('Ctrl Pts',(2.52594045726584,32.670855941982,-1.49999999941844));
#6623=CARTESIAN_POINT('Ctrl Pts',(2.48287291468554,32.7088958938727,-1.49999999931594));
#6624=CARTESIAN_POINT('Ctrl Pts',(2.4522600596435,32.7359350854138,-1.49999999924309));
#6625=CARTESIAN_POINT('Ctrl Pts',(2.42235417851128,32.7640244484002,-1.49999999909723));
#6626=CARTESIAN_POINT('Ctrl Pts',(2.39318549385307,32.7931854938531,-1.49999999870907));
#6627=CARTESIAN_POINT('Ctrl Pts',(2.35361102836674,32.8327495948862,-1.49999999818243));
#6628=CARTESIAN_POINT('Ctrl Pts',(2.31602858153649,32.8736483929686,-1.49999999712452));
#6629=CARTESIAN_POINT('Ctrl Pts',(2.28037277184762,32.9158231590156,-1.49999999553356));
#6630=CARTESIAN_POINT('Ctrl Pts',(2.24418190942298,32.9586308015601,-1.49999999391872));
#6631=CARTESIAN_POINT('Ctrl Pts',(2.2099753085701,33.0027535750491,-1.49999999174469));
#6632=CARTESIAN_POINT('Ctrl Pts',(2.17771800534899,33.0481718082917,-1.49999999010034));
#6633=CARTESIAN_POINT('Ctrl Pts',(2.14545007273315,33.0936050077058,-1.49999998845544));
#6634=CARTESIAN_POINT('Ctrl Pts',(2.11513223220625,33.1403352427037,-1.49999998748021));
#6635=CARTESIAN_POINT('Ctrl Pts',(2.08677100180936,33.1883743054368,-1.49999998837626));
#6636=CARTESIAN_POINT('Ctrl Pts',(2.05869985085832,33.2359220233128,-1.49999998926314));
#6637=CARTESIAN_POINT('Ctrl Pts',(2.03254515510502,33.2847527062181,-1.49999999225515));
#6638=CARTESIAN_POINT('Ctrl Pts',(2.00835990931659,33.3348974316342,-1.49999999554709));
#6639=CARTESIAN_POINT('Ctrl Pts',(1.99486178406724,33.3628839069499,-1.49999999738437));
#6640=CARTESIAN_POINT('Ctrl Pts',(1.98197799195624,33.3912799838432,-1.49999999924314));
#6641=CARTESIAN_POINT('Ctrl Pts',(1.96972472317661,33.4200923803993,-1.49999999982698));
#6642=CARTESIAN_POINT('Ctrl Pts',(1.96575685554972,33.429422443879,-1.50000000001604));
#6643=CARTESIAN_POINT('Ctrl Pts',(1.96166402825216,33.4392449404049,-1.49999999999329));
#6644=CARTESIAN_POINT('Ctrl Pts',(1.95778432038975,33.4487607059785,-1.49999999999602));
#6645=CARTESIAN_POINT('Ctrl Pts',(1.95511872232682,33.4552986225381,-1.49999999999789));
#6646=CARTESIAN_POINT('Ctrl Pts',(1.95255261013397,33.461691255493,-1.49999999999724));
#6647=CARTESIAN_POINT('Ctrl Pts',(1.95018237706941,33.4676740717462,-1.4999999999851));
#6648=CARTESIAN_POINT('Ctrl Pts',(1.92955717502406,33.5197351099063,-1.4999999998795));
#6649=CARTESIAN_POINT('Ctrl Pts',(1.91129198863797,33.5722632034618,-1.4999999993873));
#6650=CARTESIAN_POINT('Ctrl Pts',(1.89530533622298,33.6252289337245,-1.4999999992021));
#6651=CARTESIAN_POINT('Ctrl Pts',(1.87910098978558,33.6789159108481,-1.49999999901437));
#6652=CARTESIAN_POINT('Ctrl Pts',(1.86523728757665,33.7330533047202,-1.49999999907111));
#6653=CARTESIAN_POINT('Ctrl Pts',(1.85367600651298,33.7876362159787,-1.49999999923807));
#6654=CARTESIAN_POINT('Ctrl Pts',(1.84211965690864,33.8421958449206,-1.49999999940497));
#6655=CARTESIAN_POINT('Ctrl Pts',(1.83286357799155,33.897201462677,-1.49999999964567));
#6656=CARTESIAN_POINT('Ctrl Pts',(1.8259198775631,33.9526613436589,-1.49999999979048));
#6657=CARTESIAN_POINT('Ctrl Pts',(1.8190526486666,34.0075104405058,-1.49999999993369));
#6658=CARTESIAN_POINT('Ctrl Pts',(1.81444712326425,34.0628046886409,-1.49999999998506));
#6659=CARTESIAN_POINT('Ctrl Pts',(1.81216561201906,34.1185524024012,-1.49999999999583));
#6660=CARTESIAN_POINT('Ctrl Pts',(1.81105887841827,34.145594946292,-1.50000000000106));
#6661=CARTESIAN_POINT('Ctrl Pts',(1.81049977514282,34.1727441224312,-1.5));
#6662=CARTESIAN_POINT('Ctrl Pts',(1.81049977514282,34.2,-1.5));
#6663=CARTESIAN_POINT('',(6.28947280954057,34.2,-1.00523589208024));
#6664=CARTESIAN_POINT('Origin',(5.78950022485718,34.2,-1.));
#6665=CARTESIAN_POINT('',(1.31052719045943,34.2,-1.00523589208024));
#6666=CARTESIAN_POINT('Origin',(3.8,34.2,-1.00523589208024));
#6667=CARTESIAN_POINT('Origin',(3.8,34.2,-1.00523589208024));
#6668=CARTESIAN_POINT('Ctrl Pts',(1.81049977514282,34.2,-1.5));
#6669=CARTESIAN_POINT('Ctrl Pts',(1.81049977514282,34.2560557206491,-1.5));
#6670=CARTESIAN_POINT('Ctrl Pts',(1.81285778249207,34.3116762615631,-1.50000000003294));
#6671=CARTESIAN_POINT('Ctrl Pts',(1.8174941091964,34.3668660913522,-1.49999999975126));
#6672=CARTESIAN_POINT('Ctrl Pts',(1.82219210210677,34.4227899823134,-1.49999999946584));
#6673=CARTESIAN_POINT('Ctrl Pts',(1.82922940593966,34.478272490204,-1.49999999877348));
#6674=CARTESIAN_POINT('Ctrl Pts',(1.83857605368778,34.5333225715891,-1.4999999980282));
#6675=CARTESIAN_POINT('Ctrl Pts',(1.84792040472864,34.5883591257797,-1.49999999728311));
#6676=CARTESIAN_POINT('Ctrl Pts',(1.85957313650768,34.6429643224063,-1.49999999659584));
#6677=CARTESIAN_POINT('Ctrl Pts',(1.87355553545874,34.6971384372636,-1.4999999968378));
#6678=CARTESIAN_POINT('Ctrl Pts',(1.88740051373867,34.7507801225109,-1.49999999707738));
#6679=CARTESIAN_POINT('Ctrl Pts',(1.90352990343332,34.8039999454502,-1.4999999985189));
#6680=CARTESIAN_POINT('Ctrl Pts',(1.92201088510987,34.8567774834641,-1.49999999950381));
#6681=CARTESIAN_POINT('Ctrl Pts',(1.92567124797822,34.8672306587234,-1.49999999969889));
#6682=CARTESIAN_POINT('Ctrl Pts',(1.92942399811439,34.8776663969844,-1.4999999998592));
#6683=CARTESIAN_POINT('Ctrl Pts',(1.93326985920665,34.8880844004754,-1.49999999994157));
#6684=CARTESIAN_POINT('Ctrl Pts',(1.93657563661909,34.8970393782547,-1.50000000001237));
#6685=CARTESIAN_POINT('Ctrl Pts',(1.93977516830886,34.905527696468,-1.49999999999864));
#6686=CARTESIAN_POINT('Ctrl Pts',(1.94317925931662,34.9143762662685,-1.49999999999804));
#6687=CARTESIAN_POINT('Ctrl Pts',(1.94539387137234,34.9201329129948,-1.49999999999766));
#6688=CARTESIAN_POINT('Ctrl Pts',(1.94769593918609,34.926041720874,-1.49999999999629));
#6689=CARTESIAN_POINT('Ctrl Pts',(1.95018207204992,34.9323260490083,-1.49999999998246));
#6690=CARTESIAN_POINT('Ctrl Pts',(1.97141464646874,34.9859967384251,-1.49999999986438));
#6691=CARTESIAN_POINT('Ctrl Pts',(1.99481432707482,35.0383126748806,-1.49999999932731));
#6692=CARTESIAN_POINT('Ctrl Pts',(2.02028414945572,35.0892939061576,-1.49999999907503));
#6693=CARTESIAN_POINT('Ctrl Pts',(2.04617228774999,35.1411124522774,-1.49999999881861));
#6694=CARTESIAN_POINT('Ctrl Pts',(2.07419937852629,35.1915529583646,-1.49999999878474));
#6695=CARTESIAN_POINT('Ctrl Pts',(2.10431608082213,35.2406252010067,-1.49999999887235));
#6696=CARTESIAN_POINT('Ctrl Pts',(2.13444412837665,35.2897159296464,-1.49999999896));
#6697=CARTESIAN_POINT('Ctrl Pts',(2.16666382849056,35.3374381571516,-1.49999999913924));
#6698=CARTESIAN_POINT('Ctrl Pts',(2.2009722446256,35.3837779924386,-1.49999999925024));
#6699=CARTESIAN_POINT('Ctrl Pts',(2.23489291171581,35.4295941012207,-1.49999999935998));
#6700=CARTESIAN_POINT('Ctrl Pts',(2.27085594228597,35.4740595431018,-1.49999999941844));
#6701=CARTESIAN_POINT('Ctrl Pts',(2.30889589421716,35.5171270857053,-1.49999999931594));
#6702=CARTESIAN_POINT('Ctrl Pts',(2.3359350856525,35.5477399406115,-1.49999999924309));
#6703=CARTESIAN_POINT('Ctrl Pts',(2.36402444852405,35.5776458216135,-1.49999999909724));
#6704=CARTESIAN_POINT('Ctrl Pts',(2.39318549385256,35.6068145061474,-1.49999999870907));
#6705=CARTESIAN_POINT('Ctrl Pts',(2.43274959488504,35.6463889716333,-1.49999999818244));
#6706=CARTESIAN_POINT('Ctrl Pts',(2.47364839296707,35.6839714184633,-1.49999999712452));
#6707=CARTESIAN_POINT('Ctrl Pts',(2.51582315901398,35.719627228152,-1.49999999553356));
#6708=CARTESIAN_POINT('Ctrl Pts',(2.55863080155787,35.755818090576,-1.49999999391873));
#6709=CARTESIAN_POINT('Ctrl Pts',(2.60275357504646,35.7900246914285,-1.4999999917447));
#6710=CARTESIAN_POINT('Ctrl Pts',(2.64817180828896,35.8222819946494,-1.49999999010034));
#6711=CARTESIAN_POINT('Ctrl Pts',(2.69360500770248,35.8545499272647,-1.49999998845544));
#6712=CARTESIAN_POINT('Ctrl Pts',(2.74033524270003,35.8848677677913,-1.49999998748022));
#6713=CARTESIAN_POINT('Ctrl Pts',(2.78837430543305,35.9132289981881,-1.49999998837626));
#6714=CARTESIAN_POINT('Ctrl Pts',(2.83592202330846,35.9413001491387,-1.49999998926314));
#6715=CARTESIAN_POINT('Ctrl Pts',(2.8847527062133,35.9674548448919,-1.49999999225515));
#6716=CARTESIAN_POINT('Ctrl Pts',(2.93489743162924,35.9916400906805,-1.49999999554709));
#6717=CARTESIAN_POINT('Ctrl Pts',(2.96288390694606,36.0051382159305,-1.49999999738437));
#6718=CARTESIAN_POINT('Ctrl Pts',(2.99127998384063,36.0180220080422,-1.49999999924314));
#6719=CARTESIAN_POINT('Ctrl Pts',(3.02009238039816,36.0302752768226,-1.49999999982698));
#6720=CARTESIAN_POINT('Ctrl Pts',(3.02940367254791,36.0342351614222,-1.50000000001566));
#6721=CARTESIAN_POINT('Ctrl Pts',(3.03920911513353,36.038321057905,-1.49999999999323));
#6722=CARTESIAN_POINT('Ctrl Pts',(3.04870781773441,36.0421941152245,-1.499999999996));
#6723=CARTESIAN_POINT('Ctrl Pts',(3.05526631676767,36.0448683165079,-1.49999999999792));
#6724=CARTESIAN_POINT('Ctrl Pts',(3.06167808883674,36.0474421705751,-1.49999999999728));
#6725=CARTESIAN_POINT('Ctrl Pts',(3.06767407277661,36.0498176203278,-1.49999999998512));
#6726=CARTESIAN_POINT('Ctrl Pts',(3.12188878310884,36.0712960501473,-1.49999999987524));
#6727=CARTESIAN_POINT('Ctrl Pts',(3.17665378359336,36.0902320826316,-1.49999999935836));
#6728=CARTESIAN_POINT('Ctrl Pts',(3.23191465425255,36.1067002002947,-1.49999999915787));
#6729=CARTESIAN_POINT('Ctrl Pts',(3.28797563693654,36.1234067568172,-1.49999999895449));
#6730=CARTESIAN_POINT('Ctrl Pts',(3.34454778288386,36.1375738196275,-1.49999999898569));
#6731=CARTESIAN_POINT('Ctrl Pts',(3.40160049738532,36.1492328100095,-1.49999999909705));
#6732=CARTESIAN_POINT('Ctrl Pts',(3.45862761986042,36.1608865705406,-1.49999999920836));
#6733=CARTESIAN_POINT('Ctrl Pts',(3.51613579418972,36.1700347076817,-1.49999999937127));
#6734=CARTESIAN_POINT('Ctrl Pts',(3.57410724021585,36.1766582608497,-1.49999999943865));
#6735=CARTESIAN_POINT('Ctrl Pts',(3.63142794876247,36.1832074637197,-1.49999999950527));
#6736=CARTESIAN_POINT('Ctrl Pts',(3.68920248690452,36.187288456482,-1.49999999951504));
#6737=CARTESIAN_POINT('Ctrl Pts',(3.74741266260139,36.1888322469677,-1.49999999926343));
#6738=CARTESIAN_POINT('Ctrl Pts',(3.76490273709305,36.1892961007574,-1.49999999918784));
#6739=CARTESIAN_POINT('Ctrl Pts',(3.78243208298686,36.1895305489858,-1.49999999908558));
#6740=CARTESIAN_POINT('Ctrl Pts',(3.8,36.189532815219,-1.49999999893787));
#6741=CARTESIAN_POINT('Ctrl Pts',(3.85601535764543,36.1895400411104,-1.49999999846688));
#6742=CARTESIAN_POINT('Ctrl Pts',(3.91160383346739,36.1871879158094,-1.49999999765913));
#6743=CARTESIAN_POINT('Ctrl Pts',(3.96676968032502,36.1825558164727,-1.49999999670094));
#6744=CARTESIAN_POINT('Ctrl Pts',(4.02264787131378,36.1778639038825,-1.49999999573038));
#6745=CARTESIAN_POINT('Ctrl Pts',(4.07809331067635,36.1708327785249,-1.49999999462822));
#6746=CARTESIAN_POINT('Ctrl Pts',(4.13311498598401,36.1614920539289,-1.49999999410432));
#6747=CARTESIAN_POINT('Ctrl Pts',(4.18810942210291,36.1521559535788,-1.49999999358068));
#6748=CARTESIAN_POINT('Ctrl Pts',(4.24268137079287,36.1405123751846,-1.49999999373589));
#6749=CARTESIAN_POINT('Ctrl Pts',(4.29683138303109,36.1265396465751,-1.49999999485952));
#6750=CARTESIAN_POINT('Ctrl Pts',(4.35043154723965,36.112708799324,-1.49999999597174));
#6751=CARTESIAN_POINT('Ctrl Pts',(4.40361908828256,36.0965955571192,-1.49999999820048));
#6752=CARTESIAN_POINT('Ctrl Pts',(4.45637409745824,36.0781323092454,-1.49999999940839));
#6753=CARTESIAN_POINT('Ctrl Pts',(4.46695177193428,36.0744303247547,-1.49999999965058));
#6754=CARTESIAN_POINT('Ctrl Pts',(4.47751196931235,36.0706337218233,-1.49999999983882));
#6755=CARTESIAN_POINT('Ctrl Pts',(4.48805438560516,36.0667417449435,-1.49999999993355));
#6756=CARTESIAN_POINT('Ctrl Pts',(4.49703330230077,36.0634269701125,-1.50000000001423));
#6757=CARTESIAN_POINT('Ctrl Pts',(4.50554788233935,36.0602173964727,-1.49999999999845));
#6758=CARTESIAN_POINT('Ctrl Pts',(4.5144228630091,36.0568028472051,-1.49999999999795));
#6759=CARTESIAN_POINT('Ctrl Pts',(4.52016683205018,36.0545929195431,-1.49999999999763));
#6760=CARTESIAN_POINT('Ctrl Pts',(4.52606145121364,36.0522962553263,-1.49999999999625));
#6761=CARTESIAN_POINT('Ctrl Pts',(4.53232604900825,36.0498179279501,-1.49999999998246));
#6762=CARTESIAN_POINT('Ctrl Pts',(4.58599673841859,36.028585353534,-1.49999999986438));
#6763=CARTESIAN_POINT('Ctrl Pts',(4.63831267486791,36.0051856729312,-1.49999999932731));
#6764=CARTESIAN_POINT('Ctrl Pts',(4.68929390613892,35.979715850554,-1.49999999907503));
#6765=CARTESIAN_POINT('Ctrl Pts',(4.74111245225263,35.9538277122635,-1.49999999881861));
#6766=CARTESIAN_POINT('Ctrl Pts',(4.79155295833394,35.9258006214915,-1.49999999878474));
#6767=CARTESIAN_POINT('Ctrl Pts',(4.84062520097054,35.8956839192004,-1.49999999887235));
#6768=CARTESIAN_POINT('Ctrl Pts',(4.88971592960471,35.8655558716507,-1.49999999896));
#6769=CARTESIAN_POINT('Ctrl Pts',(4.9374381571048,35.8333361715421,-1.49999999913924));
#6770=CARTESIAN_POINT('Ctrl Pts',(4.98377799238708,35.7990277554127,-1.49999999925024));
#6771=CARTESIAN_POINT('Ctrl Pts',(5.02959410116442,35.7651070883282,-1.49999999935998));
#6772=CARTESIAN_POINT('Ctrl Pts',(5.07405954304113,35.7291440577643,-1.49999999941844));
#6773=CARTESIAN_POINT('Ctrl Pts',(5.1171270856409,35.6911041058396,-1.49999999931594));
#6774=CARTESIAN_POINT('Ctrl Pts',(5.1477399405694,35.6640649143869,-1.49999999924309));
#6775=CARTESIAN_POINT('Ctrl Pts',(5.17764582159285,35.6359755514964,-1.49999999909724));
#6776=CARTESIAN_POINT('Ctrl Pts',(5.2068145061473,35.6068145061473,-1.49999999870907));
#6777=CARTESIAN_POINT('Ctrl Pts',(5.24638897163338,35.5672504051146,-1.49999999818244));
#6778=CARTESIAN_POINT('Ctrl Pts',(5.28397141846347,35.5263516070325,-1.49999999712452));
#6779=CARTESIAN_POINT('Ctrl Pts',(5.31962722815226,35.4841768409856,-1.49999999553356));
#6780=CARTESIAN_POINT('Ctrl Pts',(5.35581809057654,35.4413691984414,-1.49999999391872));
#6781=CARTESIAN_POINT('Ctrl Pts',(5.39002469142918,35.3972464249527,-1.4999999917447));
#6782=CARTESIAN_POINT('Ctrl Pts',(5.42228199465014,35.3518281917101,-1.49999999010034));
#6783=CARTESIAN_POINT('Ctrl Pts',(5.45454992726565,35.3063949922964,-1.49999998845544));
#6784=CARTESIAN_POINT('Ctrl Pts',(5.48486776779234,35.2596647572988,-1.49999998748022));
#6785=CARTESIAN_POINT('Ctrl Pts',(5.51322899818914,35.2116256945658,-1.49999998837626));
#6786=CARTESIAN_POINT('Ctrl Pts',(5.54130014913992,35.1640779766902,-1.49999998926314));
#6787=CARTESIAN_POINT('Ctrl Pts',(5.5674548448931,35.1152472937852,-1.49999999225515));
#6788=CARTESIAN_POINT('Ctrl Pts',(5.59164009068156,35.0651025683692,-1.49999999554709));
#6789=CARTESIAN_POINT('Ctrl Pts',(5.60513821593139,35.0371160930527,-1.49999999738437));
#6790=CARTESIAN_POINT('Ctrl Pts',(5.61802200804287,35.0087200161585,-1.49999999924314));
#6791=CARTESIAN_POINT('Ctrl Pts',(5.63027527682299,34.9799076196014,-1.49999999982698));
#6792=CARTESIAN_POINT('Ctrl Pts',(5.63424314444967,34.9705775561222,-1.50000000001604));
#6793=CARTESIAN_POINT('Ctrl Pts',(5.63833597174709,34.9607550595968,-1.49999999999329));
#6794=CARTESIAN_POINT('Ctrl Pts',(5.64221567960937,34.9512392940237,-1.49999999999602));
#6795=CARTESIAN_POINT('Ctrl Pts',(5.64488127767265,34.9447013774632,-1.49999999999789));
#6796=CARTESIAN_POINT('Ctrl Pts',(5.64744738986583,34.9383087445076,-1.49999999999724));
#6797=CARTESIAN_POINT('Ctrl Pts',(5.64981762293063,34.9323259282538,-1.4999999999851));
#6798=CARTESIAN_POINT('Ctrl Pts',(5.670442824976,34.8802648900941,-1.4999999998795));
#6799=CARTESIAN_POINT('Ctrl Pts',(5.68870801136211,34.8277367965388,-1.49999999938731));
#6800=CARTESIAN_POINT('Ctrl Pts',(5.7046946637771,34.7747710662762,-1.4999999992021));
#6801=CARTESIAN_POINT('Ctrl Pts',(5.72089901021447,34.7210840891529,-1.49999999901437));
#6802=CARTESIAN_POINT('Ctrl Pts',(5.73476271242337,34.6669466952811,-1.49999999907111));
#6803=CARTESIAN_POINT('Ctrl Pts',(5.74632399348701,34.6123637840227,-1.49999999923807));
#6804=CARTESIAN_POINT('Ctrl Pts',(5.7578803430913,34.5578041550811,-1.49999999940496));
#6805=CARTESIAN_POINT('Ctrl Pts',(5.76713642200836,34.5027985373249,-1.49999999964567));
#6806=CARTESIAN_POINT('Ctrl Pts',(5.77408012243679,34.4473386563432,-1.49999999979048));
#6807=CARTESIAN_POINT('Ctrl Pts',(5.78094735133326,34.3924895594965,-1.49999999993369));
#6808=CARTESIAN_POINT('Ctrl Pts',(5.78555287673562,34.3371953113617,-1.49999999998506));
#6809=CARTESIAN_POINT('Ctrl Pts',(5.78783438798085,34.2814475976015,-1.49999999999583));
#6810=CARTESIAN_POINT('Ctrl Pts',(5.7889411215817,34.2544050537098,-1.50000000000106));
#6811=CARTESIAN_POINT('Ctrl Pts',(5.78950022485718,34.2272558775698,-1.5));
#6812=CARTESIAN_POINT('Ctrl Pts',(5.78950022485718,34.2,-1.5));
#6813=CARTESIAN_POINT('Origin',(38.2,3.79999999999999,-0.999999999999991));
#6814=CARTESIAN_POINT('',(40.1895002248572,3.8,-1.5));
#6815=CARTESIAN_POINT('',(36.2104997751428,3.8,-1.5));
#6816=CARTESIAN_POINT('Ctrl Pts',(40.1895002248572,3.79999999999999,-1.5));
#6817=CARTESIAN_POINT('Ctrl Pts',(40.1895002248572,3.7439442793511,-1.5));
#6818=CARTESIAN_POINT('Ctrl Pts',(40.1871422175079,3.68832373843711,-1.50000000003294));
#6819=CARTESIAN_POINT('Ctrl Pts',(40.1825058908035,3.63313390864803,-1.49999999975126));
#6820=CARTESIAN_POINT('Ctrl Pts',(40.1778078978932,3.57721001768715,-1.49999999946584));
#6821=CARTESIAN_POINT('Ctrl Pts',(40.1707705940603,3.52172750979677,-1.49999999877348));
#6822=CARTESIAN_POINT('Ctrl Pts',(40.1614239463122,3.46667742841178,-1.4999999980282));
#6823=CARTESIAN_POINT('Ctrl Pts',(40.1520795952713,3.41164087422122,-1.49999999728311));
#6824=CARTESIAN_POINT('Ctrl Pts',(40.1404268634923,3.35703567759465,-1.49999999659584));
#6825=CARTESIAN_POINT('Ctrl Pts',(40.1264444645412,3.30286156273724,-1.4999999968378));
#6826=CARTESIAN_POINT('Ctrl Pts',(40.1125994862614,3.24921987749008,-1.49999999707738));
#6827=CARTESIAN_POINT('Ctrl Pts',(40.0964700965668,3.19600005455084,-1.4999999985189));
#6828=CARTESIAN_POINT('Ctrl Pts',(40.0779891148904,3.14322251653687,-1.49999999950381));
#6829=CARTESIAN_POINT('Ctrl Pts',(40.0743287520219,3.13276934127732,-1.49999999969889));
#6830=CARTESIAN_POINT('Ctrl Pts',(40.0705760018857,3.12233360301614,-1.4999999998592));
#6831=CARTESIAN_POINT('Ctrl Pts',(40.0667301407934,3.11191559952485,-1.49999999994157));
#6832=CARTESIAN_POINT('Ctrl Pts',(40.0634243633808,3.10296062174495,-1.50000000001237));
#6833=CARTESIAN_POINT('Ctrl Pts',(40.0602248316908,3.09447230353107,-1.49999999999864));
#6834=CARTESIAN_POINT('Ctrl Pts',(40.0568207406828,3.08562373372993,-1.49999999999804));
#6835=CARTESIAN_POINT('Ctrl Pts',(40.0546061286272,3.07986708700404,-1.49999999999766));
#6836=CARTESIAN_POINT('Ctrl Pts',(40.0523040608137,3.07395827912538,-1.49999999999629));
#6837=CARTESIAN_POINT('Ctrl Pts',(40.0498179279501,3.06767395099175,-1.49999999998246));
#6838=CARTESIAN_POINT('Ctrl Pts',(40.0285853535277,3.01400326156558,-1.49999999986438));
#6839=CARTESIAN_POINT('Ctrl Pts',(40.0051856729172,2.96168732510086,-1.49999999932731));
#6840=CARTESIAN_POINT('Ctrl Pts',(39.9797158505309,2.91070609381504,-1.49999999907503));
#6841=CARTESIAN_POINT('Ctrl Pts',(39.9538277122312,2.85888754768625,-1.49999999881861));
#6842=CARTESIAN_POINT('Ctrl Pts',(39.9258006214486,2.80844704159048,-1.49999999878474));
#6843=CARTESIAN_POINT('Ctrl Pts',(39.8956839191456,2.75937479894021,-1.49999999887235));
#6844=CARTESIAN_POINT('Ctrl Pts',(39.8655558715841,2.71028407029256,-1.49999999896));
#6845=CARTESIAN_POINT('Ctrl Pts',(39.8333361714624,2.66256184277978,-1.49999999913924));
#6846=CARTESIAN_POINT('Ctrl Pts',(39.7990277553187,2.61622200748577,-1.49999999925024));
#6847=CARTESIAN_POINT('Ctrl Pts',(39.7651070882202,2.57040589869694,-1.49999999935998));
#6848=CARTESIAN_POINT('Ctrl Pts',(39.729144057641,2.52594045680967,-1.49999999941844));
#6849=CARTESIAN_POINT('Ctrl Pts',(39.6911041057,2.48287291420047,-1.49999999931594));
#6850=CARTESIAN_POINT('Ctrl Pts',(39.6640649142902,2.45226005932702,-1.49999999924309));
#6851=CARTESIAN_POINT('Ctrl Pts',(39.6359755514463,2.42235417835635,-1.49999999909724));
#6852=CARTESIAN_POINT('Ctrl Pts',(39.6068145061477,2.39318549385227,-1.49999999870907));
#6853=CARTESIAN_POINT('Ctrl Pts',(39.5672504051155,2.35361102836651,-1.49999999818244));
#6854=CARTESIAN_POINT('Ctrl Pts',(39.5263516070337,2.31602858153667,-1.49999999712452));
#6855=CARTESIAN_POINT('Ctrl Pts',(39.4841768409871,2.28037277184806,-1.49999999553356));
#6856=CARTESIAN_POINT('Ctrl Pts',(39.4413691984435,2.24418190942418,-1.49999999391873));
#6857=CARTESIAN_POINT('Ctrl Pts',(39.3972464249551,2.20997530857185,-1.4999999917447));
#6858=CARTESIAN_POINT('Ctrl Pts',(39.3518281917129,2.17771800535111,-1.49999999010034));
#6859=CARTESIAN_POINT('Ctrl Pts',(39.3063949922996,2.14545007273592,-1.49999998845544));
#6860=CARTESIAN_POINT('Ctrl Pts',(39.2596647573023,2.11513223220944,-1.49999998748022));
#6861=CARTESIAN_POINT('Ctrl Pts',(39.2116256945695,2.08677100181276,-1.49999998837626));
#6862=CARTESIAN_POINT('Ctrl Pts',(39.1640779766945,2.05869985086228,-1.49999998926314));
#6863=CARTESIAN_POINT('Ctrl Pts',(39.11524729379,2.03254515510929,-1.49999999225515));
#6864=CARTESIAN_POINT('Ctrl Pts',(39.0651025683744,2.00835990932089,-1.49999999554709));
#6865=CARTESIAN_POINT('Ctrl Pts',(39.0371160930564,1.9948617840703,-1.49999999738437));
#6866=CARTESIAN_POINT('Ctrl Pts',(39.0087200161607,1.98197799195809,-1.49999999924314));
#6867=CARTESIAN_POINT('Ctrl Pts',(38.979907619602,1.96972472317727,-1.49999999982698));
#6868=CARTESIAN_POINT('Ctrl Pts',(38.970596327452,1.96576483857767,-1.50000000001566));
#6869=CARTESIAN_POINT('Ctrl Pts',(38.9607908848661,1.96167894209475,-1.49999999999323));
#6870=CARTESIAN_POINT('Ctrl Pts',(38.951292182265,1.95780588477523,-1.499999999996));
#6871=CARTESIAN_POINT('Ctrl Pts',(38.944733683232,1.955131683492,-1.49999999999792));
#6872=CARTESIAN_POINT('Ctrl Pts',(38.9383219111631,1.95255782942486,-1.49999999999728));
#6873=CARTESIAN_POINT('Ctrl Pts',(38.9323259272234,1.95018237967223,-1.49999999998513));
#6874=CARTESIAN_POINT('Ctrl Pts',(38.8781112169121,1.92870394986123,-1.49999999987524));
#6875=CARTESIAN_POINT('Ctrl Pts',(38.8233462164495,1.90976791738359,-1.49999999935836));
#6876=CARTESIAN_POINT('Ctrl Pts',(38.7680853458128,1.89329979972513,-1.49999999915788));
#6877=CARTESIAN_POINT('Ctrl Pts',(38.7120243631521,1.87659324320749,-1.49999999895449));
#6878=CARTESIAN_POINT('Ctrl Pts',(38.6554522172288,1.86242618040011,-1.49999999898569));
#6879=CARTESIAN_POINT('Ctrl Pts',(38.5983995027517,1.85076719001888,-1.49999999909705));
#6880=CARTESIAN_POINT('Ctrl Pts',(38.5413723803009,1.83911342948852,-1.49999999920836));
#6881=CARTESIAN_POINT('Ctrl Pts',(38.4838642059964,1.82996529234609,-1.49999999937128));
#6882=CARTESIAN_POINT('Ctrl Pts',(38.4258927599952,1.8233417391746,-1.49999999943865));
#6883=CARTESIAN_POINT('Ctrl Pts',(38.3685720514728,1.81679253630122,-1.49999999950527));
#6884=CARTESIAN_POINT('Ctrl Pts',(38.3107975133551,1.81271154353331,-1.49999999951504));
#6885=CARTESIAN_POINT('Ctrl Pts',(38.2525873376825,1.81116775303997,-1.49999999926344));
#6886=CARTESIAN_POINT('Ctrl Pts',(38.2350972630967,1.81070389924531,-1.49999999918784));
#6887=CARTESIAN_POINT('Ctrl Pts',(38.2175679171082,1.81046945101442,-1.49999999908559));
#6888=CARTESIAN_POINT('Ctrl Pts',(38.2,1.81046718478126,-1.49999999893787));
#6889=CARTESIAN_POINT('Ctrl Pts',(38.1439846423544,1.81045995888987,-1.49999999846688));
#6890=CARTESIAN_POINT('Ctrl Pts',(38.0883961665324,1.81281208419085,-1.49999999765913));
#6891=CARTESIAN_POINT('Ctrl Pts',(38.0332303196749,1.81744418352754,-1.49999999670094));
#6892=CARTESIAN_POINT('Ctrl Pts',(37.977352128686,1.82213609611767,-1.49999999573038));
#6893=CARTESIAN_POINT('Ctrl Pts',(37.9219066893233,1.82916722147516,-1.49999999462822));
#6894=CARTESIAN_POINT('Ctrl Pts',(37.8668850140158,1.8385079460711,-1.49999999410432));
#6895=CARTESIAN_POINT('Ctrl Pts',(37.8118905778968,1.8478440464211,-1.49999999358068));
#6896=CARTESIAN_POINT('Ctrl Pts',(37.7573186292069,1.85948762481525,-1.49999999373589));
#6897=CARTESIAN_POINT('Ctrl Pts',(37.7031686169688,1.87346035342469,-1.49999999485952));
#6898=CARTESIAN_POINT('Ctrl Pts',(37.6495684527603,1.88729120067576,-1.49999999597174));
#6899=CARTESIAN_POINT('Ctrl Pts',(37.5963809117175,1.90340444288053,-1.49999999820048));
#6900=CARTESIAN_POINT('Ctrl Pts',(37.5436259025421,1.92186769075432,-1.49999999940839));
#6901=CARTESIAN_POINT('Ctrl Pts',(37.5330482280658,1.92556967524524,-1.49999999965058));
#6902=CARTESIAN_POINT('Ctrl Pts',(37.5224880306874,1.92936627817675,-1.49999999983883));
#6903=CARTESIAN_POINT('Ctrl Pts',(37.5119456143943,1.93325825505671,-1.49999999993356));
#6904=CARTESIAN_POINT('Ctrl Pts',(37.5029666976997,1.93657302988735,-1.50000000001424));
#6905=CARTESIAN_POINT('Ctrl Pts',(37.4944521176622,1.93978260352674,-1.49999999999845));
#6906=CARTESIAN_POINT('Ctrl Pts',(37.4855771369935,1.94319715279389,-1.49999999999795));
#6907=CARTESIAN_POINT('Ctrl Pts',(37.4798331679517,1.94540708045621,-1.49999999999763));
#6908=CARTESIAN_POINT('Ctrl Pts',(37.4739385487874,1.94770374467337,-1.49999999999625));
#6909=CARTESIAN_POINT('Ctrl Pts',(37.4676739509918,1.95018207204994,-1.49999999998246));
#6910=CARTESIAN_POINT('Ctrl Pts',(37.4140032616132,1.97141464645365,-1.49999999986438));
#6911=CARTESIAN_POINT('Ctrl Pts',(37.3616873251948,1.99481432704119,-1.49999999932732));
#6912=CARTESIAN_POINT('Ctrl Pts',(37.3107060939535,2.02028414940034,-1.49999999907503));
#6913=CARTESIAN_POINT('Ctrl Pts',(37.2588875478707,2.04617228767205,-1.49999999881861));
#6914=CARTESIAN_POINT('Ctrl Pts',(37.208447041819,2.07419937842239,-1.49999999878474));
#6915=CARTESIAN_POINT('Ctrl Pts',(37.1593747992103,2.10431608068912,-1.49999999887235));
#6916=CARTESIAN_POINT('Ctrl Pts',(37.1102840706041,2.13444412821449,-1.49999999896));
#6917=CARTESIAN_POINT('Ctrl Pts',(37.0625618431302,2.16666382829608,-1.49999999913924));
#6918=CARTESIAN_POINT('Ctrl Pts',(37.0162220078721,2.20097224439587,-1.49999999925024));
#6919=CARTESIAN_POINT('Ctrl Pts',(36.9704058991183,2.23489291145142,-1.49999999935998));
#6920=CARTESIAN_POINT('Ctrl Pts',(36.9259404572632,2.27085594198407,-1.49999999941844));
#6921=CARTESIAN_POINT('Ctrl Pts',(36.8828729146827,2.30889589387515,-1.49999999931595));
#6922=CARTESIAN_POINT('Ctrl Pts',(36.8522600596417,2.33593508541549,-1.49999999924309));
#6923=CARTESIAN_POINT('Ctrl Pts',(36.8223541785105,2.36402444840108,-1.49999999909724));
#6924=CARTESIAN_POINT('Ctrl Pts',(36.7931854938531,2.39318549385311,-1.49999999870908));
#6925=CARTESIAN_POINT('Ctrl Pts',(36.7536110283669,2.43274959488621,-1.49999999818244));
#6926=CARTESIAN_POINT('Ctrl Pts',(36.7160285815367,2.47364839296844,-1.49999999712453));
#6927=CARTESIAN_POINT('Ctrl Pts',(36.680372771848,2.51582315901513,-1.49999999553356));
#6928=CARTESIAN_POINT('Ctrl Pts',(36.6441819094232,2.55863080155969,-1.49999999391873));
#6929=CARTESIAN_POINT('Ctrl Pts',(36.6099753085703,2.60275357504858,-1.4999999917447));
#6930=CARTESIAN_POINT('Ctrl Pts',(36.5777180053492,2.64817180829103,-1.49999999010034));
#6931=CARTESIAN_POINT('Ctrl Pts',(36.5454500727333,2.69360500770501,-1.49999998845544));
#6932=CARTESIAN_POINT('Ctrl Pts',(36.5151322322064,2.74033524270271,-1.49999998748022));
#6933=CARTESIAN_POINT('Ctrl Pts',(36.4867710018096,2.78837430543552,-1.49999998837626));
#6934=CARTESIAN_POINT('Ctrl Pts',(36.4586998508585,2.83592202331152,-1.49999998926314));
#6935=CARTESIAN_POINT('Ctrl Pts',(36.4325451551052,2.88475270621666,-1.49999999225516));
#6936=CARTESIAN_POINT('Ctrl Pts',(36.4083599093169,2.93489743163258,-1.49999999554709));
#6937=CARTESIAN_POINT('Ctrl Pts',(36.3948617840673,2.96288390694893,-1.49999999738437));
#6938=CARTESIAN_POINT('Ctrl Pts',(36.381977991956,2.99127998384289,-1.49999999924314));
#6939=CARTESIAN_POINT('Ctrl Pts',(36.3697247231762,3.02009238039971,-1.49999999982698));
#6940=CARTESIAN_POINT('Ctrl Pts',(36.3657568555492,3.02942244387996,-1.50000000001604));
#6941=CARTESIAN_POINT('Ctrl Pts',(36.3616640282515,3.03924494040629,-1.49999999999329));
#6942=CARTESIAN_POINT('Ctrl Pts',(36.357784320389,3.04876070598036,-1.49999999999602));
#6943=CARTESIAN_POINT('Ctrl Pts',(36.3551187223264,3.05529862253928,-1.49999999999789));
#6944=CARTESIAN_POINT('Ctrl Pts',(36.3525526101338,3.06169125549352,-1.49999999999724));
#6945=CARTESIAN_POINT('Ctrl Pts',(36.3501823770695,3.06767407174622,-1.4999999999851));
#6946=CARTESIAN_POINT('Ctrl Pts',(36.3295571750242,3.11973510990678,-1.49999999987951));
#6947=CARTESIAN_POINT('Ctrl Pts',(36.3112919886381,3.17226320346262,-1.49999999938731));
#6948=CARTESIAN_POINT('Ctrl Pts',(36.2953053362232,3.22522893372548,-1.4999999992021));
#6949=CARTESIAN_POINT('Ctrl Pts',(36.2791009897857,3.27891591084966,-1.49999999901438));
#6950=CARTESIAN_POINT('Ctrl Pts',(36.2652372875767,3.33305330472212,-1.49999999907111));
#6951=CARTESIAN_POINT('Ctrl Pts',(36.253676006513,3.38763621598096,-1.49999999923808));
#6952=CARTESIAN_POINT('Ctrl Pts',(36.2421196569085,3.4421958449234,-1.49999999940497));
#6953=CARTESIAN_POINT('Ctrl Pts',(36.2328635779914,3.49720146268017,-1.49999999964567));
#6954=CARTESIAN_POINT('Ctrl Pts',(36.2259198775629,3.55266134366233,-1.49999999979048));
#6955=CARTESIAN_POINT('Ctrl Pts',(36.2190526486664,3.6075104405097,-1.49999999993369));
#6956=CARTESIAN_POINT('Ctrl Pts',(36.214447123264,3.66280468864511,-1.49999999998507));
#6957=CARTESIAN_POINT('Ctrl Pts',(36.2121656120189,3.71855240240568,-1.49999999999584));
#6958=CARTESIAN_POINT('Ctrl Pts',(36.2110588784182,3.74559494629505,-1.50000000000106));
#6959=CARTESIAN_POINT('Ctrl Pts',(36.2104997751428,3.77274412243268,-1.5));
#6960=CARTESIAN_POINT('Ctrl Pts',(36.2104997751428,3.8,-1.5));
#6961=CARTESIAN_POINT('',(40.689472809539,3.79999999999999,-1.00523589208024));
#6962=CARTESIAN_POINT('Origin',(40.1895002248572,3.79999999999999,-0.99999999999999));
#6963=CARTESIAN_POINT('',(35.710527190461,3.8,-1.00523589208024));
#6964=CARTESIAN_POINT('Origin',(38.2,3.8,-1.00523589208024));
#6965=CARTESIAN_POINT('Origin',(38.2,3.8,-1.00523589208024));
#6966=CARTESIAN_POINT('Ctrl Pts',(36.2104997751428,3.8,-1.5));
#6967=CARTESIAN_POINT('Ctrl Pts',(36.2104997751428,3.85605572064846,-1.5));
#6968=CARTESIAN_POINT('Ctrl Pts',(36.2128577824919,3.91167626156162,-1.50000000003294));
#6969=CARTESIAN_POINT('Ctrl Pts',(36.2174941091959,3.9668660913495,-1.49999999975126));
#6970=CARTESIAN_POINT('Ctrl Pts',(36.222192102106,4.02278998231027,-1.49999999946584));
#6971=CARTESIAN_POINT('Ctrl Pts',(36.2292294059385,4.07827249020014,-1.49999999877348));
#6972=CARTESIAN_POINT('Ctrl Pts',(36.2385760536862,4.13332257158424,-1.4999999980282));
#6973=CARTESIAN_POINT('Ctrl Pts',(36.2479204047267,4.18835912577443,-1.49999999728311));
#6974=CARTESIAN_POINT('Ctrl Pts',(36.2595731365053,4.24296432240022,-1.49999999659584));
#6975=CARTESIAN_POINT('Ctrl Pts',(36.2735555354559,4.29713843725647,-1.4999999968378));
#6976=CARTESIAN_POINT('Ctrl Pts',(36.2874005137355,4.35078012250303,-1.49999999707738));
#6977=CARTESIAN_POINT('Ctrl Pts',(36.3035299034297,4.4039999454413,-1.4999999985189));
#6978=CARTESIAN_POINT('Ctrl Pts',(36.3220108851059,4.45677748345386,-1.49999999950381));
#6979=CARTESIAN_POINT('Ctrl Pts',(36.3256712479756,4.46723065871697,-1.49999999969889));
#6980=CARTESIAN_POINT('Ctrl Pts',(36.3294239981132,4.47766639698168,-1.4999999998592));
#6981=CARTESIAN_POINT('Ctrl Pts',(36.3332698592069,4.48808440047648,-1.49999999994157));
#6982=CARTESIAN_POINT('Ctrl Pts',(36.3365756366189,4.49703937825424,-1.50000000001237));
#6983=CARTESIAN_POINT('Ctrl Pts',(36.339775168308,4.5055276964658,-1.49999999999864));
#6984=CARTESIAN_POINT('Ctrl Pts',(36.3431792593152,4.51437626626459,-1.49999999999804));
#6985=CARTESIAN_POINT('Ctrl Pts',(36.3453938713713,4.520132912992,-1.49999999999766));
#6986=CARTESIAN_POINT('Ctrl Pts',(36.3476959391856,4.52604172087233,-1.49999999999629));
#6987=CARTESIAN_POINT('Ctrl Pts',(36.3501820720501,4.53232604900818,-1.49999999998246));
#6988=CARTESIAN_POINT('Ctrl Pts',(36.3714146464581,4.58599673839639,-1.49999999986438));
#6989=CARTESIAN_POINT('Ctrl Pts',(36.3948143270506,4.6383126748241,-1.49999999932731));
#6990=CARTESIAN_POINT('Ctrl Pts',(36.4202841494154,4.6892939060743,-1.49999999907503));
#6991=CARTESIAN_POINT('Ctrl Pts',(36.4461722876929,4.74111245216645,-1.49999999881861));
#6992=CARTESIAN_POINT('Ctrl Pts',(36.4741993784498,4.79155295822704,-1.49999999878474));
#6993=CARTESIAN_POINT('Ctrl Pts',(36.5043160807237,4.84062520084403,-1.49999999887235));
#6994=CARTESIAN_POINT('Ctrl Pts',(36.5344441282563,4.88971592945872,-1.49999999896));
#6995=CARTESIAN_POINT('Ctrl Pts',(36.5666638283457,4.93743815694042,-1.49999999913924));
#6996=CARTESIAN_POINT('Ctrl Pts',(36.600972244454,4.98377799220565,-1.49999999925023));
#6997=CARTESIAN_POINT('Ctrl Pts',(36.634892911518,5.02959410096659,-1.49999999935998));
#6998=CARTESIAN_POINT('Ctrl Pts',(36.6708559420597,5.07405954282819,-1.49999999941844));
#6999=CARTESIAN_POINT('Ctrl Pts',(36.7088958939605,5.11712708541433,-1.49999999931594));
#7000=CARTESIAN_POINT('Ctrl Pts',(36.7359350854745,5.14773994042178,-1.49999999924309));
#7001=CARTESIAN_POINT('Ctrl Pts',(36.7640244484316,5.17764582152083,-1.49999999909724));
#7002=CARTESIAN_POINT('Ctrl Pts',(36.7931854938527,5.20681450614736,-1.49999999870907));
#7003=CARTESIAN_POINT('Ctrl Pts',(36.8327495948852,5.24638897163333,-1.49999999818243));
#7004=CARTESIAN_POINT('Ctrl Pts',(36.8736483929672,5.28397141846328,-1.49999999712452));
#7005=CARTESIAN_POINT('Ctrl Pts',(36.9158231590138,5.31962722815193,-1.49999999553356));
#7006=CARTESIAN_POINT('Ctrl Pts',(36.9586308015578,5.35581809057615,-1.49999999391872));
#7007=CARTESIAN_POINT('Ctrl Pts',(37.0027535750463,5.39002469142871,-1.4999999917447));
#7008=CARTESIAN_POINT('Ctrl Pts',(37.0481718082886,5.42228199464957,-1.49999999010034));
#7009=CARTESIAN_POINT('Ctrl Pts',(37.0936050077021,5.454549927265,-1.49999998845544));
#7010=CARTESIAN_POINT('Ctrl Pts',(37.1403352426994,5.48486776779159,-1.49999998748021));
#7011=CARTESIAN_POINT('Ctrl Pts',(37.1883743054321,5.51322899818827,-1.49999998837626));
#7012=CARTESIAN_POINT('Ctrl Pts',(37.2359220233075,5.54130014913901,-1.49999998926314));
#7013=CARTESIAN_POINT('Ctrl Pts',(37.2847527062122,5.56745484489211,-1.49999999225515));
#7014=CARTESIAN_POINT('Ctrl Pts',(37.3348974316279,5.59164009068047,-1.49999999554709));
#7015=CARTESIAN_POINT('Ctrl Pts',(37.3628839069454,5.60513821593078,-1.49999999738437));
#7016=CARTESIAN_POINT('Ctrl Pts',(37.3912799838406,5.61802200804269,-1.49999999924314));
#7017=CARTESIAN_POINT('Ctrl Pts',(37.4200923803988,5.63027527682317,-1.49999999982698));
#7018=CARTESIAN_POINT('Ctrl Pts',(37.4294036725494,5.63423516142302,-1.50000000001566));
#7019=CARTESIAN_POINT('Ctrl Pts',(37.4392091151358,5.63832105790613,-1.49999999999323));
#7020=CARTESIAN_POINT('Ctrl Pts',(37.4487078177375,5.64219411522582,-1.499999999996));
#7021=CARTESIAN_POINT('Ctrl Pts',(37.4552663167696,5.64486831650863,-1.49999999999791));
#7022=CARTESIAN_POINT('Ctrl Pts',(37.4616780888376,5.64744217057538,-1.49999999999728));
#7023=CARTESIAN_POINT('Ctrl Pts',(37.4676740727766,5.64981762032773,-1.49999999998512));
#7024=CARTESIAN_POINT('Ctrl Pts',(37.521888783086,5.6712960501378,-1.49999999987524));
#7025=CARTESIAN_POINT('Ctrl Pts',(37.5766537835466,5.69023208261473,-1.49999999935836));
#7026=CARTESIAN_POINT('Ctrl Pts',(37.631914654181,5.70670020027268,-1.49999999915787));
#7027=CARTESIAN_POINT('Ctrl Pts',(37.6879756368396,5.72340675678984,-1.49999999895449));
#7028=CARTESIAN_POINT('Ctrl Pts',(37.7445477827606,5.73757381959695,-1.49999999898569));
#7029=CARTESIAN_POINT('Ctrl Pts',(37.8016004972352,5.74923280997813,-1.49999999909705));
#7030=CARTESIAN_POINT('Ctrl Pts',(37.8586276196837,5.76088657050845,-1.49999999920836));
#7031=CARTESIAN_POINT('Ctrl Pts',(37.9161357939857,5.77003470765105,-1.49999999937127));
#7032=CARTESIAN_POINT('Ctrl Pts',(37.9741072399844,5.77665826082292,-1.49999999943865));
#7033=CARTESIAN_POINT('Ctrl Pts',(38.0314279485045,5.7832074636967,-1.49999999950527));
#7034=CARTESIAN_POINT('Ctrl Pts',(38.0892024866198,5.78728845646519,-1.49999999951504));
#7035=CARTESIAN_POINT('Ctrl Pts',(38.14741266229,5.78883224695929,-1.49999999926343));
#7036=CARTESIAN_POINT('Ctrl Pts',(38.1649027368849,5.78929610075444,-1.49999999918783));
#7037=CARTESIAN_POINT('Ctrl Pts',(38.1824320828826,5.78953054898558,-1.49999999908558));
#7038=CARTESIAN_POINT('Ctrl Pts',(38.2,5.78953281521874,-1.49999999893787));
#7039=CARTESIAN_POINT('Ctrl Pts',(38.2560153576456,5.78954004111013,-1.49999999846688));
#7040=CARTESIAN_POINT('Ctrl Pts',(38.3116038334677,5.78718791580913,-1.49999999765912));
#7041=CARTESIAN_POINT('Ctrl Pts',(38.3667696803253,5.78255581647238,-1.49999999670094));
#7042=CARTESIAN_POINT('Ctrl Pts',(38.4226478713144,5.77786390388221,-1.49999999573038));
#7043=CARTESIAN_POINT('Ctrl Pts',(38.4780933106772,5.77083277852465,-1.49999999462822));
#7044=CARTESIAN_POINT('Ctrl Pts',(38.533114985985,5.76149205392861,-1.49999999410432));
#7045=CARTESIAN_POINT('Ctrl Pts',(38.5881094221042,5.75215595357852,-1.49999999358068));
#7046=CARTESIAN_POINT('Ctrl Pts',(38.6426813707943,5.74051237518427,-1.49999999373588));
#7047=CARTESIAN_POINT('Ctrl Pts',(38.6968313830326,5.72653964657472,-1.49999999485951));
#7048=CARTESIAN_POINT('Ctrl Pts',(38.7504315472415,5.71270879932354,-1.49999999597173));
#7049=CARTESIAN_POINT('Ctrl Pts',(38.8036190882846,5.69659555711865,-1.49999999820048));
#7050=CARTESIAN_POINT('Ctrl Pts',(38.8563740974603,5.67813230924472,-1.49999999940839));
#7051=CARTESIAN_POINT('Ctrl Pts',(38.8669517719358,5.67443032475413,-1.49999999965058));
#7052=CARTESIAN_POINT('Ctrl Pts',(38.8775119693133,5.67063372182294,-1.49999999983882));
#7053=CARTESIAN_POINT('Ctrl Pts',(38.8880543856055,5.66674174494334,-1.49999999993355));
#7054=CARTESIAN_POINT('Ctrl Pts',(38.8970333023009,5.66342697011244,-1.50000000001423));
#7055=CARTESIAN_POINT('Ctrl Pts',(38.9055478823392,5.66021739647274,-1.49999999999845));
#7056=CARTESIAN_POINT('Ctrl Pts',(38.9144228630087,5.65680284720527,-1.49999999999795));
#7057=CARTESIAN_POINT('Ctrl Pts',(38.9201668320499,5.65459291954319,-1.49999999999763));
#7058=CARTESIAN_POINT('Ctrl Pts',(38.9260614512134,5.65229625532629,-1.49999999999624));
#7059=CARTESIAN_POINT('Ctrl Pts',(38.9323260490082,5.64981792795009,-1.49999999998246));
#7060=CARTESIAN_POINT('Ctrl Pts',(38.9859967384392,5.62858535352577,-1.49999999986438));
#7061=CARTESIAN_POINT('Ctrl Pts',(39.0383126749084,5.6051856729129,-1.49999999932731));
#7062=CARTESIAN_POINT('Ctrl Pts',(39.0892939061984,5.57971585052402,-1.49999999907503));
#7063=CARTESIAN_POINT('Ctrl Pts',(39.1411124523322,5.55382771222137,-1.49999999881861));
#7064=CARTESIAN_POINT('Ctrl Pts',(39.1915529584325,5.52580062143542,-1.49999999878474));
#7065=CARTESIAN_POINT('Ctrl Pts',(39.240625201087,5.49568391912876,-1.49999999887235));
#7066=CARTESIAN_POINT('Ctrl Pts',(39.2897159297392,5.46555587156338,-1.49999999896));
#7067=CARTESIAN_POINT('Ctrl Pts',(39.337438157256,5.43333617143744,-1.49999999913924));
#7068=CARTESIAN_POINT('Ctrl Pts',(39.3837779925537,5.3990277552893,-1.49999999925023));
#7069=CARTESIAN_POINT('Ctrl Pts',(39.4295941013464,5.3651070881861,-1.49999999935998));
#7070=CARTESIAN_POINT('Ctrl Pts',(39.4740595432371,5.32914405760191,-1.49999999941844));
#7071=CARTESIAN_POINT('Ctrl Pts',(39.5171270858493,5.29110410565573,-1.49999999931594));
#7072=CARTESIAN_POINT('Ctrl Pts',(39.5477399407054,5.26406491425934,-1.49999999924309));
#7073=CARTESIAN_POINT('Ctrl Pts',(39.5776458216594,5.23597555143012,-1.49999999909724));
#7074=CARTESIAN_POINT('Ctrl Pts',(39.6068145061475,5.20681450614746,-1.49999999870907));
#7075=CARTESIAN_POINT('Ctrl Pts',(39.6463889716336,5.16725040511479,-1.49999999818243));
#7076=CARTESIAN_POINT('Ctrl Pts',(39.6839714184638,5.12635160703236,-1.49999999712452));
#7077=CARTESIAN_POINT('Ctrl Pts',(39.7196272281528,5.08417684098486,-1.49999999553356));
#7078=CARTESIAN_POINT('Ctrl Pts',(39.7558180905769,5.04136919844069,-1.49999999391872));
#7079=CARTESIAN_POINT('Ctrl Pts',(39.7900246914295,4.99724642495164,-1.4999999917447));
#7080=CARTESIAN_POINT('Ctrl Pts',(39.8222819946506,4.95182819170851,-1.49999999010034));
#7081=CARTESIAN_POINT('Ctrl Pts',(39.8545499272659,4.90639499229466,-1.49999998845544));
#7082=CARTESIAN_POINT('Ctrl Pts',(39.8848677677926,4.85966475729663,-1.49999998748022));
#7083=CARTESIAN_POINT('Ctrl Pts',(39.9132289981896,4.81162569456297,-1.49999998837626));
#7084=CARTESIAN_POINT('Ctrl Pts',(39.9413001491402,4.76407797668723,-1.49999998926314));
#7085=CARTESIAN_POINT('Ctrl Pts',(39.9674548448936,4.71524729378191,-1.49999999225515));
#7086=CARTESIAN_POINT('Ctrl Pts',(39.9916400906824,4.66510256836536,-1.49999999554709));
#7087=CARTESIAN_POINT('Ctrl Pts',(40.0051382159315,4.63711609305051,-1.49999999738437));
#7088=CARTESIAN_POINT('Ctrl Pts',(40.0180220080424,4.60872001615793,-1.49999999924314));
#7089=CARTESIAN_POINT('Ctrl Pts',(40.0302752768221,4.57990761960242,-1.49999999982698));
#7090=CARTESIAN_POINT('Ctrl Pts',(40.0342431444483,4.57057755612451,-1.50000000001604));
#7091=CARTESIAN_POINT('Ctrl Pts',(40.0383359717454,4.56075505960031,-1.49999999999329));
#7092=CARTESIAN_POINT('Ctrl Pts',(40.0422156796074,4.55123929402834,-1.49999999999602));
#7093=CARTESIAN_POINT('Ctrl Pts',(40.0448812776715,4.54470137746615,-1.49999999999789));
#7094=CARTESIAN_POINT('Ctrl Pts',(40.0474473898654,4.53830874450883,-1.49999999999724));
#7095=CARTESIAN_POINT('Ctrl Pts',(40.0498176229308,4.53232592825386,-1.4999999999851));
#7096=CARTESIAN_POINT('Ctrl Pts',(40.0704428249761,4.48026489009557,-1.4999999998795));
#7097=CARTESIAN_POINT('Ctrl Pts',(40.0887080113622,4.42773679654141,-1.49999999938731));
#7098=CARTESIAN_POINT('Ctrl Pts',(40.1046946637772,4.37477106627966,-1.4999999992021));
#7099=CARTESIAN_POINT('Ctrl Pts',(40.1208990102143,4.3210840891578,-1.49999999901437));
#7100=CARTESIAN_POINT('Ctrl Pts',(40.1347627124231,4.2669466952871,-1.49999999907111));
#7101=CARTESIAN_POINT('Ctrl Pts',(40.1463239934866,4.2123637840295,-1.49999999923807));
#7102=CARTESIAN_POINT('Ctrl Pts',(40.1578803430907,4.15780415508912,-1.49999999940497));
#7103=CARTESIAN_POINT('Ctrl Pts',(40.1671364220077,4.10279853733389,-1.49999999964567));
#7104=CARTESIAN_POINT('Ctrl Pts',(40.1740801224361,4.04733865635275,-1.49999999979048));
#7105=CARTESIAN_POINT('Ctrl Pts',(40.1809473513325,3.99248955950744,-1.49999999993369));
#7106=CARTESIAN_POINT('Ctrl Pts',(40.185552876735,3.93719531137359,-1.49999999998506));
#7107=CARTESIAN_POINT('Ctrl Pts',(40.1878343879804,3.88144759761407,-1.49999999999584));
#7108=CARTESIAN_POINT('Ctrl Pts',(40.1889411215815,3.85440505371829,-1.50000000000106));
#7109=CARTESIAN_POINT('Ctrl Pts',(40.1895002248572,3.82725587757409,-1.5));
#7110=CARTESIAN_POINT('Ctrl Pts',(40.1895002248572,3.8,-1.5));
#7111=CARTESIAN_POINT('Origin',(41.,25.,-0.999999999999999));
#7112=CARTESIAN_POINT('',(42.9895002248572,25.,-1.5));
#7113=CARTESIAN_POINT('',(39.0104997751428,25.,-1.5));
#7114=CARTESIAN_POINT('Ctrl Pts',(42.9895002248572,25.,-1.5));
#7115=CARTESIAN_POINT('Ctrl Pts',(42.9895002248572,24.9439442793513,-1.5));
#7116=CARTESIAN_POINT('Ctrl Pts',(42.9871422175079,24.8883237384373,-1.50000000003294));
#7117=CARTESIAN_POINT('Ctrl Pts',(42.9825058908034,24.8331339086481,-1.49999999975126));
#7118=CARTESIAN_POINT('Ctrl Pts',(42.977807897893,24.7772100176874,-1.49999999946584));
#7119=CARTESIAN_POINT('Ctrl Pts',(42.97077059406,24.721727509797,-1.49999999877348));
#7120=CARTESIAN_POINT('Ctrl Pts',(42.9614239463118,24.6666774284118,-1.4999999980282));
#7121=CARTESIAN_POINT('Ctrl Pts',(42.9520795952709,24.6116408742213,-1.49999999728311));
#7122=CARTESIAN_POINT('Ctrl Pts',(42.9404268634918,24.5570356775946,-1.49999999659584));
#7123=CARTESIAN_POINT('Ctrl Pts',(42.9264444645406,24.5028615627369,-1.4999999968378));
#7124=CARTESIAN_POINT('Ctrl Pts',(42.9125994862608,24.4492198774899,-1.49999999707738));
#7125=CARTESIAN_POINT('Ctrl Pts',(42.8964700965663,24.3960000545506,-1.4999999985189));
#7126=CARTESIAN_POINT('Ctrl Pts',(42.87798911489,24.3432225165364,-1.49999999950381));
#7127=CARTESIAN_POINT('Ctrl Pts',(42.8743287520218,24.3327693412772,-1.49999999969889));
#7128=CARTESIAN_POINT('Ctrl Pts',(42.8705760018857,24.3223336030164,-1.4999999998592));
#7129=CARTESIAN_POINT('Ctrl Pts',(42.8667301407935,24.3119155995254,-1.49999999994157));
#7130=CARTESIAN_POINT('Ctrl Pts',(42.8634243633807,24.3029606217448,-1.50000000001237));
#7131=CARTESIAN_POINT('Ctrl Pts',(42.8602248316905,24.2944723035302,-1.49999999999864));
#7132=CARTESIAN_POINT('Ctrl Pts',(42.8568207406822,24.2856237337284,-1.49999999999804));
#7133=CARTESIAN_POINT('Ctrl Pts',(42.8546061286268,24.2798670870029,-1.49999999999766));
#7134=CARTESIAN_POINT('Ctrl Pts',(42.8523040608135,24.2739582791247,-1.49999999999629));
#7135=CARTESIAN_POINT('Ctrl Pts',(42.8498179279502,24.2676739509917,-1.49999999998246));
#7136=CARTESIAN_POINT('Ctrl Pts',(42.8285853535304,24.2140032615713,-1.49999999986438));
#7137=CARTESIAN_POINT('Ctrl Pts',(42.8051856729227,24.1616873251121,-1.49999999932731));
#7138=CARTESIAN_POINT('Ctrl Pts',(42.7797158505397,24.1107060938315,-1.49999999907503));
#7139=CARTESIAN_POINT('Ctrl Pts',(42.7538277122435,24.0588875477082,-1.49999999881861));
#7140=CARTESIAN_POINT('Ctrl Pts',(42.7258006214647,24.0084470416176,-1.49999999878474));
#7141=CARTESIAN_POINT('Ctrl Pts',(42.6956839191659,23.9593747989721,-1.49999999887235));
#7142=CARTESIAN_POINT('Ctrl Pts',(42.6655558716086,23.9102840703294,-1.49999999896));
#7143=CARTESIAN_POINT('Ctrl Pts',(42.6333361714915,23.8625618428212,-1.49999999913924));
#7144=CARTESIAN_POINT('Ctrl Pts',(42.5990277553528,23.8162220075313,-1.49999999925024));
#7145=CARTESIAN_POINT('Ctrl Pts',(42.5651070882593,23.7704058987468,-1.49999999935998));
#7146=CARTESIAN_POINT('Ctrl Pts',(42.5291440576855,23.7259404568633,-1.49999999941844));
#7147=CARTESIAN_POINT('Ctrl Pts',(42.4911041057503,23.6828729142575,-1.49999999931594));
#7148=CARTESIAN_POINT('Ctrl Pts',(42.4640649143251,23.6522600593643,-1.49999999924309));
#7149=CARTESIAN_POINT('Ctrl Pts',(42.4359755514644,23.6223541783746,-1.49999999909724));
#7150=CARTESIAN_POINT('Ctrl Pts',(42.4068145061476,23.5931854938524,-1.49999999870907));
#7151=CARTESIAN_POINT('Ctrl Pts',(42.3672504051153,23.5536110283666,-1.49999999818244));
#7152=CARTESIAN_POINT('Ctrl Pts',(42.3263516070337,23.5160285815368,-1.49999999712452));
#7153=CARTESIAN_POINT('Ctrl Pts',(42.2841768409873,23.4803727718483,-1.49999999553356));
#7154=CARTESIAN_POINT('Ctrl Pts',(42.2413691984436,23.4441819094242,-1.49999999391873));
#7155=CARTESIAN_POINT('Ctrl Pts',(42.1972464249554,23.4099753085719,-1.4999999917447));
#7156=CARTESIAN_POINT('Ctrl Pts',(42.1518281917135,23.3777180053512,-1.49999999010034));
#7157=CARTESIAN_POINT('Ctrl Pts',(42.1063949923003,23.3454500727359,-1.49999998845544));
#7158=CARTESIAN_POINT('Ctrl Pts',(42.0596647573032,23.3151322322094,-1.49999998748022));
#7159=CARTESIAN_POINT('Ctrl Pts',(42.0116256945708,23.2867710018128,-1.49999998837626));
#7160=CARTESIAN_POINT('Ctrl Pts',(41.9640779766958,23.2586998508623,-1.49999998926314));
#7161=CARTESIAN_POINT('Ctrl Pts',(41.9152472937914,23.2325451551093,-1.49999999225515));
#7162=CARTESIAN_POINT('Ctrl Pts',(41.8651025683761,23.2083599093211,-1.49999999554709));
#7163=CARTESIAN_POINT('Ctrl Pts',(41.8371160930573,23.1948617840702,-1.49999999738437));
#7164=CARTESIAN_POINT('Ctrl Pts',(41.8087200161608,23.1819779919577,-1.49999999924314));
#7165=CARTESIAN_POINT('Ctrl Pts',(41.7799076196013,23.1697247231767,-1.49999999982698));
#7166=CARTESIAN_POINT('Ctrl Pts',(41.7705963274509,23.165764838577,-1.50000000001566));
#7167=CARTESIAN_POINT('Ctrl Pts',(41.7607908848647,23.161678942094,-1.49999999999323));
#7168=CARTESIAN_POINT('Ctrl Pts',(41.7512921822632,23.1578058847744,-1.499999999996));
#7169=CARTESIAN_POINT('Ctrl Pts',(41.7447336832308,23.1551316834915,-1.49999999999792));
#7170=CARTESIAN_POINT('Ctrl Pts',(41.7383219111626,23.1525578294247,-1.49999999999728));
#7171=CARTESIAN_POINT('Ctrl Pts',(41.7323259272233,23.1501823796723,-1.49999999998512));
#7172=CARTESIAN_POINT('Ctrl Pts',(41.6781112169045,23.1287039498586,-1.49999999987524));
#7173=CARTESIAN_POINT('Ctrl Pts',(41.6233462164342,23.1097679173788,-1.49999999935836));
#7174=CARTESIAN_POINT('Ctrl Pts',(41.5680853457896,23.0932997997188,-1.49999999915787));
#7175=CARTESIAN_POINT('Ctrl Pts',(41.5120243631209,23.0765932431996,-1.49999999895449));
#7176=CARTESIAN_POINT('Ctrl Pts',(41.4554522171894,23.0624261803912,-1.49999999898569));
#7177=CARTESIAN_POINT('Ctrl Pts',(41.3983995027041,23.0507671900097,-1.49999999909705));
#7178=CARTESIAN_POINT('Ctrl Pts',(41.3413723802451,23.039113429479,-1.49999999920836));
#7179=CARTESIAN_POINT('Ctrl Pts',(41.2838642059322,23.0299652923368,-1.49999999937127));
#7180=CARTESIAN_POINT('Ctrl Pts',(41.2258927599227,23.0233417391664,-1.49999999943865));
#7181=CARTESIAN_POINT('Ctrl Pts',(41.1685720513923,23.016792536294,-1.49999999950527));
#7182=CARTESIAN_POINT('Ctrl Pts',(41.1107975132666,23.0127115435278,-1.49999999951504));
#7183=CARTESIAN_POINT('Ctrl Pts',(41.0525873375861,23.0111677530369,-1.49999999926343));
#7184=CARTESIAN_POINT('Ctrl Pts',(41.0350972630323,23.0107038992439,-1.49999999918784));
#7185=CARTESIAN_POINT('Ctrl Pts',(41.017567917076,23.0104694510139,-1.49999999908558));
#7186=CARTESIAN_POINT('Ctrl Pts',(41.,23.0104671847807,-1.49999999893787));
#7187=CARTESIAN_POINT('Ctrl Pts',(40.9439846423548,23.0104599588891,-1.49999999846688));
#7188=CARTESIAN_POINT('Ctrl Pts',(40.8883961665332,23.01281208419,-1.49999999765913));
#7189=CARTESIAN_POINT('Ctrl Pts',(40.8332303196759,23.0174441835267,-1.49999999670094));
#7190=CARTESIAN_POINT('Ctrl Pts',(40.7773521286875,23.0221360961167,-1.49999999573038));
#7191=CARTESIAN_POINT('Ctrl Pts',(40.7219066893253,23.0291672214741,-1.49999999462822));
#7192=CARTESIAN_POINT('Ctrl Pts',(40.666885014018,23.03850794607,-1.49999999410432));
#7193=CARTESIAN_POINT('Ctrl Pts',(40.6118905778994,23.04784404642,-1.49999999358068));
#7194=CARTESIAN_POINT('Ctrl Pts',(40.5573186292098,23.0594876248141,-1.49999999373589));
#7195=CARTESIAN_POINT('Ctrl Pts',(40.5031686169719,23.0734603534235,-1.49999999485951));
#7196=CARTESIAN_POINT('Ctrl Pts',(40.4495684527637,23.0872912006744,-1.49999999597174));
#7197=CARTESIAN_POINT('Ctrl Pts',(40.3963809117212,23.1034044428791,-1.49999999820048));
#7198=CARTESIAN_POINT('Ctrl Pts',(40.343625902546,23.1218676907529,-1.49999999940839));
#7199=CARTESIAN_POINT('Ctrl Pts',(40.3330482280685,23.1255696752442,-1.49999999965058));
#7200=CARTESIAN_POINT('Ctrl Pts',(40.322488030689,23.1293662781761,-1.49999999983883));
#7201=CARTESIAN_POINT('Ctrl Pts',(40.3119456143947,23.1332582550565,-1.49999999993355));
#7202=CARTESIAN_POINT('Ctrl Pts',(40.3029666976997,23.1365730298873,-1.50000000001423));
#7203=CARTESIAN_POINT('Ctrl Pts',(40.2944521176619,23.1397826035268,-1.49999999999845));
#7204=CARTESIAN_POINT('Ctrl Pts',(40.2855771369928,23.1431971527941,-1.49999999999795));
#7205=CARTESIAN_POINT('Ctrl Pts',(40.2798331679512,23.1454070804564,-1.49999999999763));
#7206=CARTESIAN_POINT('Ctrl Pts',(40.2739385487871,23.1477037446735,-1.49999999999625));
#7207=CARTESIAN_POINT('Ctrl Pts',(40.2676739509918,23.1501820720499,-1.49999999998246));
#7208=CARTESIAN_POINT('Ctrl Pts',(40.2140032616102,23.1714146464549,-1.49999999986438));
#7209=CARTESIAN_POINT('Ctrl Pts',(40.1616873251889,23.194814327044,-1.49999999932731));
#7210=CARTESIAN_POINT('Ctrl Pts',(40.1107060939447,23.2202841494048,-1.49999999907503));
#7211=CARTESIAN_POINT('Ctrl Pts',(40.058887547859,23.2461722876784,-1.49999999881861));
#7212=CARTESIAN_POINT('Ctrl Pts',(40.0084470418045,23.2741993784308,-1.49999999878474));
#7213=CARTESIAN_POINT('Ctrl Pts',(39.9593747991932,23.3043160806998,-1.49999999887235));
#7214=CARTESIAN_POINT('Ctrl Pts',(39.9102840705843,23.3344441282274,-1.49999999896));
#7215=CARTESIAN_POINT('Ctrl Pts',(39.862561843108,23.3666638283115,-1.49999999913924));
#7216=CARTESIAN_POINT('Ctrl Pts',(39.8162220078476,23.4009722444141,-1.49999999925024));
#7217=CARTESIAN_POINT('Ctrl Pts',(39.7704058990916,23.4348929114723,-1.49999999935998));
#7218=CARTESIAN_POINT('Ctrl Pts',(39.7259404572344,23.4708559420079,-1.49999999941844));
#7219=CARTESIAN_POINT('Ctrl Pts',(39.682872914652,23.5088958939021,-1.49999999931594));
#7220=CARTESIAN_POINT('Ctrl Pts',(39.6522600596217,23.5359350854341,-1.49999999924309));
#7221=CARTESIAN_POINT('Ctrl Pts',(39.6223541785006,23.5640244484107,-1.49999999909724));
#7222=CARTESIAN_POINT('Ctrl Pts',(39.593185493853,23.593185493853,-1.49999999870907));
#7223=CARTESIAN_POINT('Ctrl Pts',(39.5536110283667,23.6327495948861,-1.49999999818244));
#7224=CARTESIAN_POINT('Ctrl Pts',(39.5160285815366,23.6736483929683,-1.49999999712452));
#7225=CARTESIAN_POINT('Ctrl Pts',(39.4803727718478,23.715823159015,-1.49999999553356));
#7226=CARTESIAN_POINT('Ctrl Pts',(39.4441819094232,23.7586308015595,-1.49999999391873));
#7227=CARTESIAN_POINT('Ctrl Pts',(39.4099753085703,23.8027535750483,-1.4999999917447));
#7228=CARTESIAN_POINT('Ctrl Pts',(39.3777180053493,23.8481718082907,-1.49999999010034));
#7229=CARTESIAN_POINT('Ctrl Pts',(39.3454500727335,23.8936050077046,-1.49999998845544));
#7230=CARTESIAN_POINT('Ctrl Pts',(39.3151322322066,23.9403352427022,-1.49999998748022));
#7231=CARTESIAN_POINT('Ctrl Pts',(39.2867710018099,23.9883743054351,-1.49999998837626));
#7232=CARTESIAN_POINT('Ctrl Pts',(39.2586998508588,24.035922023311,-1.49999998926314));
#7233=CARTESIAN_POINT('Ctrl Pts',(39.2325451551056,24.0847527062161,-1.49999999225515));
#7234=CARTESIAN_POINT('Ctrl Pts',(39.2083599093173,24.134897431632,-1.49999999554709));
#7235=CARTESIAN_POINT('Ctrl Pts',(39.1948617840676,24.1628839069484,-1.49999999738437));
#7236=CARTESIAN_POINT('Ctrl Pts',(39.1819779919562,24.1912799838425,-1.49999999924314));
#7237=CARTESIAN_POINT('Ctrl Pts',(39.1697247231764,24.2200923803995,-1.49999999982698));
#7238=CARTESIAN_POINT('Ctrl Pts',(39.1657568555493,24.2294224438796,-1.50000000001604));
#7239=CARTESIAN_POINT('Ctrl Pts',(39.1616640282517,24.2392449404058,-1.49999999999329));
#7240=CARTESIAN_POINT('Ctrl Pts',(39.1577843203892,24.2487607059798,-1.49999999999602));
#7241=CARTESIAN_POINT('Ctrl Pts',(39.1551187223265,24.2552986225389,-1.49999999999789));
#7242=CARTESIAN_POINT('Ctrl Pts',(39.1525526101339,24.2616912554934,-1.49999999999724));
#7243=CARTESIAN_POINT('Ctrl Pts',(39.1501823770695,24.2676740717462,-1.4999999999851));
#7244=CARTESIAN_POINT('Ctrl Pts',(39.1295571750241,24.3197351099067,-1.4999999998795));
#7245=CARTESIAN_POINT('Ctrl Pts',(39.1112919886381,24.3722632034626,-1.49999999938731));
#7246=CARTESIAN_POINT('Ctrl Pts',(39.0953053362231,24.4252289337254,-1.4999999992021));
#7247=CARTESIAN_POINT('Ctrl Pts',(39.0791009897856,24.4789159108495,-1.49999999901437));
#7248=CARTESIAN_POINT('Ctrl Pts',(39.0652372875766,24.5330533047219,-1.49999999907111));
#7249=CARTESIAN_POINT('Ctrl Pts',(39.0536760065129,24.5876362159807,-1.49999999923807));
#7250=CARTESIAN_POINT('Ctrl Pts',(39.0421196569085,24.642195844923,-1.49999999940497));
#7251=CARTESIAN_POINT('Ctrl Pts',(39.0328635779914,24.6972014626797,-1.49999999964567));
#7252=CARTESIAN_POINT('Ctrl Pts',(39.0259198775629,24.7526613436618,-1.49999999979048));
#7253=CARTESIAN_POINT('Ctrl Pts',(39.0190526486664,24.8075104405091,-1.49999999993369));
#7254=CARTESIAN_POINT('Ctrl Pts',(39.0144471232641,24.8628046886445,-1.49999999998506));
#7255=CARTESIAN_POINT('Ctrl Pts',(39.0121656120189,24.9185524024051,-1.49999999999584));
#7256=CARTESIAN_POINT('Ctrl Pts',(39.0110588784182,24.9455949462946,-1.50000000000106));
#7257=CARTESIAN_POINT('Ctrl Pts',(39.0104997751428,24.9727441224325,-1.5));
#7258=CARTESIAN_POINT('Ctrl Pts',(39.0104997751428,25.,-1.5));
#7259=CARTESIAN_POINT('',(43.4894728095399,25.,-1.00523589205812));
#7260=CARTESIAN_POINT('Origin',(42.9895002248572,25.,-0.999999999999998));
#7261=CARTESIAN_POINT('',(38.5105271904601,25.,-1.00523589205812));
#7262=CARTESIAN_POINT('Origin',(41.,25.,-1.00523589205812));
#7263=CARTESIAN_POINT('Origin',(41.,25.,-1.00523589205812));
#7264=CARTESIAN_POINT('Ctrl Pts',(39.0104997751428,25.,-1.5));
#7265=CARTESIAN_POINT('Ctrl Pts',(39.0104997751428,25.0560557206483,-1.5));
#7266=CARTESIAN_POINT('Ctrl Pts',(39.0128577824917,25.111676261561,-1.50000000003294));
#7267=CARTESIAN_POINT('Ctrl Pts',(39.0174941091955,25.166866091348,-1.49999999975126));
#7268=CARTESIAN_POINT('Ctrl Pts',(39.0221921021053,25.2227899823087,-1.49999999946584));
#7269=CARTESIAN_POINT('Ctrl Pts',(39.0292294059376,25.2782724901982,-1.49999999877348));
#7270=CARTESIAN_POINT('Ctrl Pts',(39.0385760536848,25.3333225715815,-1.4999999980282));
#7271=CARTESIAN_POINT('Ctrl Pts',(39.047920404725,25.3883591257714,-1.49999999728311));
#7272=CARTESIAN_POINT('Ctrl Pts',(39.0595731365033,25.4429643223966,-1.49999999659584));
#7273=CARTESIAN_POINT('Ctrl Pts',(39.0735555354535,25.4971384372518,-1.4999999968378));
#7274=CARTESIAN_POINT('Ctrl Pts',(39.0874005137329,25.5507801224981,-1.49999999707738));
#7275=CARTESIAN_POINT('Ctrl Pts',(39.103529903427,25.6039999454357,-1.4999999985189));
#7276=CARTESIAN_POINT('Ctrl Pts',(39.1220108851031,25.6567774834472,-1.49999999950381));
#7277=CARTESIAN_POINT('Ctrl Pts',(39.1256712479737,25.6672306587129,-1.49999999969889));
#7278=CARTESIAN_POINT('Ctrl Pts',(39.1294239981123,25.6776663969803,-1.4999999998592));
#7279=CARTESIAN_POINT('Ctrl Pts',(39.1332698592072,25.6880844004777,-1.49999999994157));
#7280=CARTESIAN_POINT('Ctrl Pts',(39.1365756366188,25.6970393782543,-1.50000000001237));
#7281=CARTESIAN_POINT('Ctrl Pts',(39.1397751683076,25.7055276964646,-1.49999999999864));
#7282=CARTESIAN_POINT('Ctrl Pts',(39.1431792593143,25.7143762662622,-1.49999999999804));
#7283=CARTESIAN_POINT('Ctrl Pts',(39.1453938713707,25.7201329129902,-1.49999999999766));
#7284=CARTESIAN_POINT('Ctrl Pts',(39.1476959391853,25.7260417208713,-1.49999999999629));
#7285=CARTESIAN_POINT('Ctrl Pts',(39.1501820720502,25.7323260490081,-1.49999999998246));
#7286=CARTESIAN_POINT('Ctrl Pts',(39.1714146464663,25.7859967384151,-1.49999999986438));
#7287=CARTESIAN_POINT('Ctrl Pts',(39.1948143270683,25.8383126748609,-1.49999999932731));
#7288=CARTESIAN_POINT('Ctrl Pts',(39.2202841494438,25.8892939061283,-1.49999999907503));
#7289=CARTESIAN_POINT('Ctrl Pts',(39.2461722877326,25.9411124522386,-1.49999999881861));
#7290=CARTESIAN_POINT('Ctrl Pts',(39.2741993785021,25.9915529583165,-1.49999999878474));
#7291=CARTESIAN_POINT('Ctrl Pts',(39.3043160807899,26.0406252009497,-1.49999999887235));
#7292=CARTESIAN_POINT('Ctrl Pts',(39.3344441283366,26.0897159295807,-1.49999999896));
#7293=CARTESIAN_POINT('Ctrl Pts',(39.3666638284415,26.1374381570776,-1.49999999913924));
#7294=CARTESIAN_POINT('Ctrl Pts',(39.4009722445664,26.1837779923567,-1.49999999925024));
#7295=CARTESIAN_POINT('Ctrl Pts',(39.4348929116471,26.2295941011315,-1.49999999935998));
#7296=CARTESIAN_POINT('Ctrl Pts',(39.4708559422067,26.2740595430057,-1.49999999941844));
#7297=CARTESIAN_POINT('Ctrl Pts',(39.5088958941265,26.317127085603,-1.49999999931594));
#7298=CARTESIAN_POINT('Ctrl Pts',(39.5359350855895,26.3477399405451,-1.49999999924309));
#7299=CARTESIAN_POINT('Ctrl Pts',(39.564024448491,26.3776458215815,-1.49999999909724));
#7300=CARTESIAN_POINT('Ctrl Pts',(39.5931854938519,26.406814506148,-1.49999999870908));
#7301=CARTESIAN_POINT('Ctrl Pts',(39.6327495948838,26.4463889716336,-1.49999999818244));
#7302=CARTESIAN_POINT('Ctrl Pts',(39.6736483929654,26.4839714184633,-1.49999999712452));
#7303=CARTESIAN_POINT('Ctrl Pts',(39.715823159012,26.5196272281518,-1.49999999553356));
#7304=CARTESIAN_POINT('Ctrl Pts',(39.7586308015552,26.5558180905753,-1.49999999391873));
#7305=CARTESIAN_POINT('Ctrl Pts',(39.8027535750433,26.5900246914273,-1.4999999917447));
#7306=CARTESIAN_POINT('Ctrl Pts',(39.8481718082854,26.6222819946479,-1.49999999010034));
#7307=CARTESIAN_POINT('Ctrl Pts',(39.8936050076983,26.6545499272627,-1.49999998845544));
#7308=CARTESIAN_POINT('Ctrl Pts',(39.9403352426953,26.684867767789,-1.49999998748022));
#7309=CARTESIAN_POINT('Ctrl Pts',(39.988374305428,26.7132289981856,-1.49999998837626));
#7310=CARTESIAN_POINT('Ctrl Pts',(40.0359220233026,26.7413001491358,-1.49999998926314));
#7311=CARTESIAN_POINT('Ctrl Pts',(40.0847527062068,26.7674548448887,-1.49999999225516));
#7312=CARTESIAN_POINT('Ctrl Pts',(40.1348974316223,26.7916400906771,-1.49999999554709));
#7313=CARTESIAN_POINT('Ctrl Pts',(40.162883906941,26.8051382159282,-1.49999999738437));
#7314=CARTESIAN_POINT('Ctrl Pts',(40.1912799838376,26.8180220080409,-1.49999999924314));
#7315=CARTESIAN_POINT('Ctrl Pts',(40.2200923803973,26.8302752768222,-1.49999999982698));
#7316=CARTESIAN_POINT('Ctrl Pts',(40.2294036725465,26.8342351614215,-1.50000000001566));
#7317=CARTESIAN_POINT('Ctrl Pts',(40.2392091151317,26.8383210579042,-1.49999999999324));
#7318=CARTESIAN_POINT('Ctrl Pts',(40.2487078177321,26.8421941152235,-1.499999999996));
#7319=CARTESIAN_POINT('Ctrl Pts',(40.2552663167662,26.8448683165073,-1.49999999999792));
#7320=CARTESIAN_POINT('Ctrl Pts',(40.2616780888361,26.8474421705749,-1.49999999999728));
#7321=CARTESIAN_POINT('Ctrl Pts',(40.2676740727766,26.8498176203278,-1.49999999998513));
#7322=CARTESIAN_POINT('Ctrl Pts',(40.3218887831154,26.87129605015,-1.49999999987524));
#7323=CARTESIAN_POINT('Ctrl Pts',(40.3766537836067,26.8902320826363,-1.49999999935836));
#7324=CARTESIAN_POINT('Ctrl Pts',(40.4319146542728,26.9067002003009,-1.49999999915788));
#7325=CARTESIAN_POINT('Ctrl Pts',(40.4879756369643,26.923406756825,-1.49999999895449));
#7326=CARTESIAN_POINT('Ctrl Pts',(40.5445477829192,26.9375738196361,-1.49999999898569));
#7327=CARTESIAN_POINT('Ctrl Pts',(40.6016004974285,26.9492328100184,-1.49999999909705));
#7328=CARTESIAN_POINT('Ctrl Pts',(40.6586276199113,26.9608865705497,-1.49999999920836));
#7329=CARTESIAN_POINT('Ctrl Pts',(40.7161357942484,26.9700347076904,-1.49999999937128));
#7330=CARTESIAN_POINT('Ctrl Pts',(40.7741072402824,26.9766582608574,-1.49999999943865));
#7331=CARTESIAN_POINT('Ctrl Pts',(40.8314279488367,26.9832074637262,-1.49999999950527));
#7332=CARTESIAN_POINT('Ctrl Pts',(40.8892024869865,26.9872884564868,-1.49999999951504));
#7333=CARTESIAN_POINT('Ctrl Pts',(40.947412662691,26.9888322469701,-1.49999999926344));
#7334=CARTESIAN_POINT('Ctrl Pts',(40.9649027371529,26.9892961007582,-1.49999999918784));
#7335=CARTESIAN_POINT('Ctrl Pts',(40.9824320830169,26.9895305489858,-1.49999999908559));
#7336=CARTESIAN_POINT('Ctrl Pts',(41.,26.9895328152189,-1.49999999893787));
#7337=CARTESIAN_POINT('Ctrl Pts',(41.0560153576455,26.9895400411104,-1.49999999846688));
#7338=CARTESIAN_POINT('Ctrl Pts',(41.1116038334676,26.9871879158094,-1.49999999765913));
#7339=CARTESIAN_POINT('Ctrl Pts',(41.1667696803254,26.9825558164725,-1.49999999670094));
#7340=CARTESIAN_POINT('Ctrl Pts',(41.2226478713142,26.9778639038823,-1.49999999573038));
#7341=CARTESIAN_POINT('Ctrl Pts',(41.2780933106768,26.9708327785247,-1.49999999462822));
#7342=CARTESIAN_POINT('Ctrl Pts',(41.3331149859846,26.9614920539286,-1.49999999410432));
#7343=CARTESIAN_POINT('Ctrl Pts',(41.3881094221036,26.9521559535785,-1.49999999358068));
#7344=CARTESIAN_POINT('Ctrl Pts',(41.4426813707937,26.9405123751842,-1.49999999373589));
#7345=CARTESIAN_POINT('Ctrl Pts',(41.4968313830321,26.9265396465746,-1.49999999485952));
#7346=CARTESIAN_POINT('Ctrl Pts',(41.5504315472407,26.9127087993235,-1.49999999597174));
#7347=CARTESIAN_POINT('Ctrl Pts',(41.6036190882838,26.8965955571187,-1.49999999820048));
#7348=CARTESIAN_POINT('Ctrl Pts',(41.6563740974597,26.8781323092449,-1.49999999940839));
#7349=CARTESIAN_POINT('Ctrl Pts',(41.6669517719352,26.8744303247543,-1.49999999965058));
#7350=CARTESIAN_POINT('Ctrl Pts',(41.6775119693127,26.8706337218231,-1.49999999983883));
#7351=CARTESIAN_POINT('Ctrl Pts',(41.688054385605,26.8667417449435,-1.49999999993355));
#7352=CARTESIAN_POINT('Ctrl Pts',(41.697033302301,26.8634269701124,-1.50000000001423));
#7353=CARTESIAN_POINT('Ctrl Pts',(41.7055478823399,26.8602173964725,-1.49999999999845));
#7354=CARTESIAN_POINT('Ctrl Pts',(41.71442286301,26.8568028472048,-1.49999999999795));
#7355=CARTESIAN_POINT('Ctrl Pts',(41.7201668320509,26.8545929195428,-1.49999999999763));
#7356=CARTESIAN_POINT('Ctrl Pts',(41.726061451214,26.8522962553261,-1.49999999999625));
#7357=CARTESIAN_POINT('Ctrl Pts',(41.7323260490083,26.8498179279501,-1.49999999998246));
#7358=CARTESIAN_POINT('Ctrl Pts',(41.7859967384431,26.8285853535245,-1.49999999986438));
#7359=CARTESIAN_POINT('Ctrl Pts',(41.8383126749161,26.8051856729098,-1.49999999932732));
#7360=CARTESIAN_POINT('Ctrl Pts',(41.8892939062098,26.7797158505188,-1.49999999907503));
#7361=CARTESIAN_POINT('Ctrl Pts',(41.9411124523472,26.7538277122139,-1.49999999881861));
#7362=CARTESIAN_POINT('Ctrl Pts',(41.9915529584511,26.7258006214254,-1.49999999878474));
#7363=CARTESIAN_POINT('Ctrl Pts',(42.0406252011089,26.6956839191158,-1.49999999887235));
#7364=CARTESIAN_POINT('Ctrl Pts',(42.0897159297643,26.6655558715475,-1.49999999896));
#7365=CARTESIAN_POINT('Ctrl Pts',(42.1374381572843,26.6333361714183,-1.49999999913924));
#7366=CARTESIAN_POINT('Ctrl Pts',(42.1837779925849,26.5990277552665,-1.49999999925024));
#7367=CARTESIAN_POINT('Ctrl Pts',(42.2295941013804,26.5651070881598,-1.49999999935998));
#7368=CARTESIAN_POINT('Ctrl Pts',(42.2740595432737,26.5291440575717,-1.49999999941844));
#7369=CARTESIAN_POINT('Ctrl Pts',(42.3171270858881,26.4911041056214,-1.49999999931594));
#7370=CARTESIAN_POINT('Ctrl Pts',(42.3477399407307,26.4640649142355,-1.49999999924309));
#7371=CARTESIAN_POINT('Ctrl Pts',(42.3776458216717,26.4359755514177,-1.49999999909724));
#7372=CARTESIAN_POINT('Ctrl Pts',(42.4068145061474,26.4068145061474,-1.49999999870907));
#7373=CARTESIAN_POINT('Ctrl Pts',(42.4463889716337,26.3672504051146,-1.49999999818244));
#7374=CARTESIAN_POINT('Ctrl Pts',(42.483971418464,26.326351607032,-1.49999999712452));
#7375=CARTESIAN_POINT('Ctrl Pts',(42.5196272281531,26.2841768409844,-1.49999999553356));
#7376=CARTESIAN_POINT('Ctrl Pts',(42.5558180905773,26.2413691984401,-1.49999999391872));
#7377=CARTESIAN_POINT('Ctrl Pts',(42.5900246914299,26.197246424951,-1.4999999917447));
#7378=CARTESIAN_POINT('Ctrl Pts',(42.622281994651,26.1518281917077,-1.49999999010034));
#7379=CARTESIAN_POINT('Ctrl Pts',(42.6545499272664,26.1063949922937,-1.49999998845544));
#7380=CARTESIAN_POINT('Ctrl Pts',(42.6848677677932,26.0596647572955,-1.49999998748021));
#7381=CARTESIAN_POINT('Ctrl Pts',(42.7132289981902,26.0116256945617,-1.49999998837626));
#7382=CARTESIAN_POINT('Ctrl Pts',(42.741300149141,25.9640779766858,-1.49999998926314));
#7383=CARTESIAN_POINT('Ctrl Pts',(42.7674548448943,25.9152472937803,-1.49999999225515));
#7384=CARTESIAN_POINT('Ctrl Pts',(42.7916400906832,25.8651025683636,-1.49999999554709));
#7385=CARTESIAN_POINT('Ctrl Pts',(42.805138215932,25.8371160930493,-1.49999999738437));
#7386=CARTESIAN_POINT('Ctrl Pts',(42.8180220080426,25.8087200161573,-1.49999999924314));
#7387=CARTESIAN_POINT('Ctrl Pts',(42.8302752768221,25.7799076196024,-1.49999999982698));
#7388=CARTESIAN_POINT('Ctrl Pts',(42.8342431444483,25.7705775561245,-1.50000000001603));
#7389=CARTESIAN_POINT('Ctrl Pts',(42.8383359717454,25.7607550596003,-1.49999999999329));
#7390=CARTESIAN_POINT('Ctrl Pts',(42.8422156796074,25.7512392940284,-1.49999999999601));
#7391=CARTESIAN_POINT('Ctrl Pts',(42.8448812776715,25.7447013774662,-1.49999999999789));
#7392=CARTESIAN_POINT('Ctrl Pts',(42.8474473898654,25.7383087445088,-1.49999999999724));
#7393=CARTESIAN_POINT('Ctrl Pts',(42.8498176229308,25.7323259282539,-1.4999999999851));
#7394=CARTESIAN_POINT('Ctrl Pts',(42.8704428249762,25.6802648900954,-1.4999999998795));
#7395=CARTESIAN_POINT('Ctrl Pts',(42.8887080113623,25.6277367965411,-1.4999999993873));
#7396=CARTESIAN_POINT('Ctrl Pts',(42.9046946637774,25.5747710662792,-1.4999999992021));
#7397=CARTESIAN_POINT('Ctrl Pts',(42.9208990102145,25.5210840891573,-1.49999999901437));
#7398=CARTESIAN_POINT('Ctrl Pts',(42.9347627124233,25.4669466952866,-1.49999999907111));
#7399=CARTESIAN_POINT('Ctrl Pts',(42.9463239934868,25.412363784029,-1.49999999923807));
#7400=CARTESIAN_POINT('Ctrl Pts',(42.9578803430909,25.3578041550886,-1.49999999940496));
#7401=CARTESIAN_POINT('Ctrl Pts',(42.9671364220078,25.3027985373334,-1.49999999964567));
#7402=CARTESIAN_POINT('Ctrl Pts',(42.9740801224362,25.2473386563522,-1.49999999979047));
#7403=CARTESIAN_POINT('Ctrl Pts',(42.9809473513326,25.1924895595069,-1.49999999993368));
#7404=CARTESIAN_POINT('Ctrl Pts',(42.985552876735,25.137195311373,-1.49999999998506));
#7405=CARTESIAN_POINT('Ctrl Pts',(42.9878343879805,25.0814475976134,-1.49999999999583));
#7406=CARTESIAN_POINT('Ctrl Pts',(42.9889411215816,25.0544050537178,-1.50000000000106));
#7407=CARTESIAN_POINT('Ctrl Pts',(42.9895002248572,25.0272558775739,-1.5));
#7408=CARTESIAN_POINT('Ctrl Pts',(42.9895002248572,25.,-1.5));
#7409=CARTESIAN_POINT('Origin',(31.75,11.,11.55));
#7410=CARTESIAN_POINT('',(33.26,11.,11.55));
#7411=CARTESIAN_POINT('Origin',(31.75,11.,11.55));
#7412=CARTESIAN_POINT('Origin',(33.46,11.,11.55));
#7413=CARTESIAN_POINT('Origin',(3.8,34.2,15.4999999999745));
#7414=CARTESIAN_POINT('',(0.827927082896755,34.2,13.5000000000218));
#7415=CARTESIAN_POINT('Origin',(3.8,34.2,13.5000000000218));
#7416=CARTESIAN_POINT('',(0.799999999998972,34.2,15.4999999999745));
#7417=CARTESIAN_POINT('',(0.799999999998972,34.2,15.4999999999745));
#7418=CARTESIAN_POINT('Origin',(3.8,34.2,15.4999999999745));
#7419=CARTESIAN_POINT('Origin',(38.2,3.8,15.4999999999745));
#7420=CARTESIAN_POINT('',(35.2279270828979,3.8,13.5000000000218));
#7421=CARTESIAN_POINT('Origin',(38.2,3.8,13.5000000000218));
#7422=CARTESIAN_POINT('',(35.2000000000001,3.8,15.4999999999745));
#7423=CARTESIAN_POINT('',(35.2000000000001,3.8,15.4999999999745));
#7424=CARTESIAN_POINT('Origin',(38.2,3.8,15.4999999999745));
#7425=CARTESIAN_POINT('Origin',(41.,25.,15.4999999999745));
#7426=CARTESIAN_POINT('',(38.0279270828982,25.,13.5000000000218));
#7427=CARTESIAN_POINT('Origin',(41.,25.,13.5000000000218));
#7428=CARTESIAN_POINT('',(38.0000000000004,25.,15.4999999999745));
#7429=CARTESIAN_POINT('',(38.0000000000004,25.,15.4999999999745));
#7430=CARTESIAN_POINT('Origin',(41.,25.,15.4999999999745));
#7431=CARTESIAN_POINT('Origin',(3.8,34.2,13.5000000000218));
#7432=CARTESIAN_POINT('',(2.25000000000003,34.2,-1.50000000002138));
#7433=CARTESIAN_POINT('Origin',(3.8,34.2,-1.50000000002137));
#7434=CARTESIAN_POINT('',(2.09291462516509,34.2,13.5000000000218));
#7435=CARTESIAN_POINT('',(2.09291462516509,34.2,13.5000000000218));
#7436=CARTESIAN_POINT('Origin',(3.8,34.2,13.5000000000218));
#7437=CARTESIAN_POINT('Origin',(18.5,-2.9698484809835,7.));
#7438=CARTESIAN_POINT('',(19.55,15.4489438190871,7.));
#7439=CARTESIAN_POINT('',(19.55,-2.9698484809835,7.));
#7440=CARTESIAN_POINT('',(18.6842105263158,16.8580903360995,5.96628510604014));
#7441=CARTESIAN_POINT('Ctrl Pts',(19.55,15.4489438190871,7.));
#7442=CARTESIAN_POINT('Ctrl Pts',(19.55,15.4489438190871,6.92755845575263));
#7443=CARTESIAN_POINT('Ctrl Pts',(19.5419234383031,15.4584289924611,6.84966943489624));
#7444=CARTESIAN_POINT('Ctrl Pts',(19.5096840594363,15.4970934450968,6.70210442215896));
#7445=CARTESIAN_POINT('Ctrl Pts',(19.4856635405687,15.5262130126509,6.63238174014013));
#7446=CARTESIAN_POINT('Ctrl Pts',(19.4208642768275,15.6070103585925,6.48667253197231));
#7447=CARTESIAN_POINT('Ctrl Pts',(19.3701594962297,15.6719962131979,6.40593815076052));
#7448=CARTESIAN_POINT('Ctrl Pts',(19.2603775853787,15.8216509267677,6.27067648378438));
#7449=CARTESIAN_POINT('Ctrl Pts',(19.2015750905546,15.906236126738,6.21583407154049));
#7450=CARTESIAN_POINT('Ctrl Pts',(18.9791377393166,16.2460876107331,6.04133985699977));
#7451=CARTESIAN_POINT('Ctrl Pts',(18.8183784657172,16.5407723153722,5.99019416150238));
#7452=CARTESIAN_POINT('Ctrl Pts',(18.6842105263158,16.8580903360995,5.96628510604013));
#7453=CARTESIAN_POINT('',(18.3157894736842,16.8580903360995,5.96628510604013));
#7454=CARTESIAN_POINT('Ctrl Pts',(18.3157894736842,16.8580903360995,5.96628510604013));
#7455=CARTESIAN_POINT('Ctrl Pts',(18.325994299134,16.8822255730872,5.96446658114699));
#7456=CARTESIAN_POINT('Ctrl Pts',(18.3411598686289,16.9042052930612,5.96193505396362));
#7457=CARTESIAN_POINT('Ctrl Pts',(18.3763006079203,16.9393460323526,5.95715853023818));
#7458=CARTESIAN_POINT('Ctrl Pts',(18.398747922737,16.9547295506315,5.95459430927324));
#7459=CARTESIAN_POINT('Ctrl Pts',(18.4480081481528,16.9751569942673,5.95100442276023));
#7460=CARTESIAN_POINT('Ctrl Pts',(18.4748218612783,16.9802027119577,5.95));
#7461=CARTESIAN_POINT('Ctrl Pts',(18.5251781387217,16.9802027119577,5.95));
#7462=CARTESIAN_POINT('Ctrl Pts',(18.5519918518472,16.9751569942673,5.95100442276023));
#7463=CARTESIAN_POINT('Ctrl Pts',(18.601252077263,16.9547295506315,5.95459430927324));
#7464=CARTESIAN_POINT('Ctrl Pts',(18.6236993920798,16.9393460323526,5.95715853023818));
#7465=CARTESIAN_POINT('Ctrl Pts',(18.6588401313711,16.9042052930612,5.96193505396362));
#7466=CARTESIAN_POINT('Ctrl Pts',(18.674005700866,16.8822255730872,5.964466581147));
#7467=CARTESIAN_POINT('Ctrl Pts',(18.6842105263158,16.8580903360995,5.96628510604013));
#7468=CARTESIAN_POINT('',(18.3157894736842,16.8580903360995,8.03371489395987));
#7469=CARTESIAN_POINT('Ctrl Pts',(18.3157894736842,16.8580903360995,8.03371489395987));
#7470=CARTESIAN_POINT('Ctrl Pts',(18.1816215342828,16.5407723153722,8.00980583849762));
#7471=CARTESIAN_POINT('Ctrl Pts',(18.0208622606834,16.2460876107331,7.95866014300024));
#7472=CARTESIAN_POINT('Ctrl Pts',(17.7984249094453,15.906236126738,7.78416592845951));
#7473=CARTESIAN_POINT('Ctrl Pts',(17.7396224146213,15.8216509267676,7.72932351621563));
#7474=CARTESIAN_POINT('Ctrl Pts',(17.6298405037703,15.6719962131979,7.59406184923949));
#7475=CARTESIAN_POINT('Ctrl Pts',(17.5791357231725,15.6070103585925,7.51332746802769));
#7476=CARTESIAN_POINT('Ctrl Pts',(17.5143364594313,15.5262130126509,7.36761825985987));
#7477=CARTESIAN_POINT('Ctrl Pts',(17.4903159405636,15.4970934450968,7.29789557784104));
#7478=CARTESIAN_POINT('Ctrl Pts',(17.4580765616968,15.4584289924611,7.15033056510375));
#7479=CARTESIAN_POINT('Ctrl Pts',(17.45,15.4489438190871,7.07244154424737));
#7480=CARTESIAN_POINT('Ctrl Pts',(17.45,15.4489438190871,6.92755845575263));
#7481=CARTESIAN_POINT('Ctrl Pts',(17.4580765616968,15.4584289924611,6.84966943489625));
#7482=CARTESIAN_POINT('Ctrl Pts',(17.4903159405636,15.4970934450968,6.70210442215896));
#7483=CARTESIAN_POINT('Ctrl Pts',(17.5143364594313,15.5262130126509,6.63238174014013));
#7484=CARTESIAN_POINT('Ctrl Pts',(17.5791357231725,15.6070103585925,6.48667253197231));
#7485=CARTESIAN_POINT('Ctrl Pts',(17.6298405037703,15.6719962131979,6.40593815076051));
#7486=CARTESIAN_POINT('Ctrl Pts',(17.7396224146213,15.8216509267676,6.27067648378437));
#7487=CARTESIAN_POINT('Ctrl Pts',(17.7984249094453,15.906236126738,6.21583407154048));
#7488=CARTESIAN_POINT('Ctrl Pts',(18.0208622606834,16.2460876107331,6.04133985699976));
#7489=CARTESIAN_POINT('Ctrl Pts',(18.1816215342828,16.5407723153722,5.99019416150238));
#7490=CARTESIAN_POINT('Ctrl Pts',(18.3157894736842,16.8580903360995,5.96628510604013));
#7491=CARTESIAN_POINT('',(18.6842105263158,16.8580903360995,8.03371489395987));
#7492=CARTESIAN_POINT('Ctrl Pts',(18.6842105263158,16.8580903360995,8.03371489395986));
#7493=CARTESIAN_POINT('Ctrl Pts',(18.674005700866,16.8822255730872,8.035533418853));
#7494=CARTESIAN_POINT('Ctrl Pts',(18.6588401313711,16.9042052930612,8.03806494603638));
#7495=CARTESIAN_POINT('Ctrl Pts',(18.6236993920798,16.9393460323526,8.04284146976181));
#7496=CARTESIAN_POINT('Ctrl Pts',(18.601252077263,16.9547295506315,8.04540569072676));
#7497=CARTESIAN_POINT('Ctrl Pts',(18.5519918518472,16.9751569942673,8.04899557723977));
#7498=CARTESIAN_POINT('Ctrl Pts',(18.5251781387217,16.9802027119577,8.05));
#7499=CARTESIAN_POINT('Ctrl Pts',(18.4748218612783,16.9802027119577,8.05));
#7500=CARTESIAN_POINT('Ctrl Pts',(18.4480081481528,16.9751569942673,8.04899557723978));
#7501=CARTESIAN_POINT('Ctrl Pts',(18.398747922737,16.9547295506315,8.04540569072676));
#7502=CARTESIAN_POINT('Ctrl Pts',(18.3763006079203,16.9393460323526,8.04284146976182));
#7503=CARTESIAN_POINT('Ctrl Pts',(18.3411598686289,16.9042052930612,8.03806494603638));
#7504=CARTESIAN_POINT('Ctrl Pts',(18.325994299134,16.8822255730872,8.035533418853));
#7505=CARTESIAN_POINT('Ctrl Pts',(18.3157894736842,16.8580903360995,8.03371489395987));
#7506=CARTESIAN_POINT('Ctrl Pts',(18.6842105263158,16.8580903360995,8.03371489395987));
#7507=CARTESIAN_POINT('Ctrl Pts',(18.8183784657172,16.5407723153722,8.00980583849762));
#7508=CARTESIAN_POINT('Ctrl Pts',(18.9791377393166,16.2460876107331,7.95866014300023));
#7509=CARTESIAN_POINT('Ctrl Pts',(19.2015750905546,15.906236126738,7.78416592845951));
#7510=CARTESIAN_POINT('Ctrl Pts',(19.2603775853787,15.8216509267677,7.72932351621562));
#7511=CARTESIAN_POINT('Ctrl Pts',(19.3701594962297,15.6719962131979,7.59406184923948));
#7512=CARTESIAN_POINT('Ctrl Pts',(19.4208642768275,15.6070103585925,7.51332746802769));
#7513=CARTESIAN_POINT('Ctrl Pts',(19.4856635405687,15.5262130126509,7.36761825985987));
#7514=CARTESIAN_POINT('Ctrl Pts',(19.5096840594363,15.4970934450968,7.29789557784104));
#7515=CARTESIAN_POINT('Ctrl Pts',(19.5419234383031,15.4584289924611,7.15033056510375));
#7516=CARTESIAN_POINT('Ctrl Pts',(19.55,15.4489438190871,7.07244154424737));
#7517=CARTESIAN_POINT('Ctrl Pts',(19.55,15.4489438190871,7.));
#7518=CARTESIAN_POINT('Origin',(18.5,37.7491629515134,7.));
#7519=CARTESIAN_POINT('',(18.5,37.7566232122522,13.5933767877517));
#7520=CARTESIAN_POINT('Origin',(18.5000000000001,37.8474222265188,7.09079901426252));
#7521=CARTESIAN_POINT('',(18.5,39.0000000000441,12.3500000000163));
#7522=CARTESIAN_POINT('',(18.5,37.7491629515134,13.6008370484901));
#7523=CARTESIAN_POINT('Origin',(18.5,39.0000000000441,7.));
#7524=CARTESIAN_POINT('Origin',(3.8,34.2,-1.13686837721616E-10));
#7525=CARTESIAN_POINT('',(1.29999999999933,34.2,1.51720277266759E-18));
#7526=CARTESIAN_POINT('Origin',(3.8,34.2,0.));
#7527=CARTESIAN_POINT('',(1.30000000000052,34.2,-1.13686837721616E-10));
#7528=CARTESIAN_POINT('Origin',(38.2,3.8,-1.13686837721616E-10));
#7529=CARTESIAN_POINT('',(35.7000000000021,3.8,-1.13686837721616E-10));
#7530=CARTESIAN_POINT('Origin',(2.5,-4.75,3.99999999984857));
#7531=CARTESIAN_POINT('',(0.976180895805629,-4.75,4.0000000000191));
#7532=CARTESIAN_POINT('',(0.976180895807415,-4.75,3.99999999984857));
#7533=CARTESIAN_POINT('Origin',(2.5,-4.75,4.0000000000191));
#7534=CARTESIAN_POINT('Origin',(14.5,-4.75,3.99999999984857));
#7535=CARTESIAN_POINT('',(12.9761808958061,-4.75,4.0000000000191));
#7536=CARTESIAN_POINT('',(12.9761808958079,-4.75,3.99999999984857));
#7537=CARTESIAN_POINT('Origin',(14.5,-4.75,4.0000000000191));
#7538=CARTESIAN_POINT('Origin',(-0.500000000000001,-6.75,1.13686837721616E-10));
#7539=CARTESIAN_POINT('',(0.249999999999164,-6.75,1.50000000002137));
#7540=CARTESIAN_POINT('Origin',(-0.500000000000001,-6.75,1.50000000002137));
#7541=CARTESIAN_POINT('',(0.265708537482089,-6.75,1.13686837721616E-10));
#7542=CARTESIAN_POINT('Origin',(30.,5.,6.5));
#7543=CARTESIAN_POINT('',(33.25,2.40923698058032,6.5));
#7544=CARTESIAN_POINT('',(33.25,0.,6.5));
#7545=CARTESIAN_POINT('Origin',(30.0000000000005,2.40923698058033,6.50000000000048));
#7546=CARTESIAN_POINT('Origin',(45.2788274069565,33.9977523855649,14.5148804493395));
#7547=CARTESIAN_POINT('',(45.3249507977477,34.4705135703772,3.00000047683716));
#7548=CARTESIAN_POINT('',(45.6396354078335,34.3066991310508,3.00000047683716));
#7549=CARTESIAN_POINT('Origin',(45.4396159107348,34.3066242275456,3.00000047683716));
#7550=CARTESIAN_POINT('',(45.3668414287536,34.550984723827,-3.46944695195361E-15));
#7551=CARTESIAN_POINT('',(45.5,34.0384620083104,13.));
#7552=CARTESIAN_POINT('Origin',(40.181157231202,30.43116949143,14.3480299226305));
#7553=CARTESIAN_POINT('',(40.224950804406,30.8994551382982,3.));
#7554=CARTESIAN_POINT('',(40.224950804406,30.8994551382982,3.));
#7555=CARTESIAN_POINT('',(40.2249930957332,30.899484742876,3.));
#7556=CARTESIAN_POINT('',(-1.28439130355538,1.83430088004952,3.00000047683716));
#7557=CARTESIAN_POINT('',(40.5396354144918,30.7356406989718,3.));
#7558=CARTESIAN_POINT('Origin',(40.3396159173932,30.7355657954666,3.));
#7559=CARTESIAN_POINT('',(40.3811377360039,30.43116949143,14.3508223586983));
#7560=CARTESIAN_POINT('Origin',(18.5,31.5,7.));
#7561=CARTESIAN_POINT('',(22.65,31.5,7.));
#7562=CARTESIAN_POINT('Origin',(18.5,31.5,7.));
#7563=CARTESIAN_POINT('',(22.65,39.,7.));
#7564=CARTESIAN_POINT('',(22.65,31.5,7.));
#7565=CARTESIAN_POINT('Origin',(18.5,39.,7.));
#7566=CARTESIAN_POINT('Origin',(41.,25.,-1.13686837721616E-10));
#7567=CARTESIAN_POINT('',(38.5000000000006,25.,4.22060270787923E-17));
#7568=CARTESIAN_POINT('Origin',(41.,25.,0.));
#7569=CARTESIAN_POINT('',(38.5000000000018,25.,-1.13686837721616E-10));
#7570=CARTESIAN_POINT('Origin',(41.,25.,11.4999999999554));
#7571=CARTESIAN_POINT('',(40.5396354144919,28.1771851095424,2.99999999999295));
#7572=CARTESIAN_POINT('',(40.5396354144919,21.8228148904576,2.99999999999295));
#7573=CARTESIAN_POINT('Origin',(41.,25.,2.9999999999859));
#7574=CARTESIAN_POINT('Ctrl Pts',(40.4230398334038,21.7234498449663,11.3500007152484));
#7575=CARTESIAN_POINT('Ctrl Pts',(40.4529001112839,21.7485114891044,9.2115548210738));
#7576=CARTESIAN_POINT('Ctrl Pts',(40.4827603424557,21.773860447895,7.07311227191653));
#7577=CARTESIAN_POINT('Ctrl Pts',(40.5126205217177,21.7995176722006,4.93467344028934));
#7578=CARTESIAN_POINT('Ctrl Pts',(40.5216254907181,21.807255151185,4.2897819539004));
#7579=CARTESIAN_POINT('Ctrl Pts',(40.5306304550284,21.815020683425,3.64489080339452));
#7580=CARTESIAN_POINT('Ctrl Pts',(40.5396354144919,21.8228148904576,2.99999999999295));
#7581=CARTESIAN_POINT('',(37.8315260388389,25.,-2.22044604925031E-15));
#7582=CARTESIAN_POINT('',(37.6709453121737,25.,11.4999999999554));
#7583=CARTESIAN_POINT('Origin',(41.,25.,0.));
#7584=CARTESIAN_POINT('Ctrl Pts',(40.4230398334038,28.2765501550338,11.3500007152523));
#7585=CARTESIAN_POINT('Ctrl Pts',(40.4529001112838,28.2514885108957,9.21155482108104));
#7586=CARTESIAN_POINT('Ctrl Pts',(40.4827603424557,28.2261395521051,7.07311227192254));
#7587=CARTESIAN_POINT('Ctrl Pts',(40.5126205217176,28.2004823277994,4.93467344029412));
#7588=CARTESIAN_POINT('Ctrl Pts',(40.5216254907181,28.192744848815,4.28978195390171));
#7589=CARTESIAN_POINT('Ctrl Pts',(40.5306304550285,28.1849793165749,3.64489080339235));
#7590=CARTESIAN_POINT('Ctrl Pts',(40.5396354144919,28.1771851095424,2.99999999999295));
#7591=CARTESIAN_POINT('Origin',(13.25,19.,9.));
#7592=CARTESIAN_POINT('',(9.235,19.,9.));
#7593=CARTESIAN_POINT('Origin',(18.5,20.5,7.));
#7594=CARTESIAN_POINT('',(18.3157894736842,21.1419096639005,8.23635208658151));
#7595=CARTESIAN_POINT('',(18.3157894736842,21.1419096639005,5.76364791341849));
#7596=CARTESIAN_POINT('Ctrl Pts',(18.3157894736841,21.1419096639006,5.7636479134185));
#7597=CARTESIAN_POINT('Ctrl Pts',(18.2595490334993,21.2749228505375,5.77202746904762));
#7598=CARTESIAN_POINT('Ctrl Pts',(18.1986486809104,21.4042944421445,5.78498708961336));
#7599=CARTESIAN_POINT('Ctrl Pts',(18.0041266016444,21.7799404655318,5.84455080064241));
#7600=CARTESIAN_POINT('Ctrl Pts',(17.8587137665264,22.0124419597765,5.90986495610746));
#7601=CARTESIAN_POINT('Ctrl Pts',(17.6477979613772,22.3046120471467,6.08207698987537));
#7602=CARTESIAN_POINT('Ctrl Pts',(17.5805882658749,22.3920068208272,6.14721148068606));
#7603=CARTESIAN_POINT('Ctrl Pts',(17.4563374594285,22.5449160676483,6.30477708782343));
#7604=CARTESIAN_POINT('Ctrl Pts',(17.3996266141903,22.6103697263275,6.39752731707692));
#7605=CARTESIAN_POINT('Ctrl Pts',(17.3253859863688,22.6937028258479,6.56552195632564));
#7606=CARTESIAN_POINT('Ctrl Pts',(17.2970850373288,22.7244961611942,6.64859612566558));
#7607=CARTESIAN_POINT('Ctrl Pts',(17.2593245551016,22.7651142745359,6.82332630424306));
#7608=CARTESIAN_POINT('Ctrl Pts',(17.25,22.7749172176354,6.91501653059906));
#7609=CARTESIAN_POINT('Ctrl Pts',(17.25,22.7749172176354,7.08498346940094));
#7610=CARTESIAN_POINT('Ctrl Pts',(17.2593245551016,22.7651142745359,7.17667369575694));
#7611=CARTESIAN_POINT('Ctrl Pts',(17.2970850373288,22.7244961611942,7.35140387433442));
#7612=CARTESIAN_POINT('Ctrl Pts',(17.3253859863688,22.6937028258479,7.43447804367436));
#7613=CARTESIAN_POINT('Ctrl Pts',(17.3996266141903,22.6103697263275,7.60247268292308));
#7614=CARTESIAN_POINT('Ctrl Pts',(17.4563374594285,22.5449160676483,7.69522291217657));
#7615=CARTESIAN_POINT('Ctrl Pts',(17.5805882658749,22.3920068208272,7.85278851931394));
#7616=CARTESIAN_POINT('Ctrl Pts',(17.6477979613772,22.3046120471467,7.91792301012463));
#7617=CARTESIAN_POINT('Ctrl Pts',(17.8587137665264,22.0124419597765,8.09013504389254));
#7618=CARTESIAN_POINT('Ctrl Pts',(18.0041266016444,21.7799404655318,8.15544919935759));
#7619=CARTESIAN_POINT('Ctrl Pts',(18.1986486809104,21.4042944421445,8.21501291038664));
#7620=CARTESIAN_POINT('Ctrl Pts',(18.2595490334993,21.2749228505375,8.22797253095238));
#7621=CARTESIAN_POINT('Ctrl Pts',(18.3157894736841,21.1419096639006,8.2363520865815));
#7622=CARTESIAN_POINT('',(18.6842105263158,21.1419096639005,5.76364791341849));
#7623=CARTESIAN_POINT('Ctrl Pts',(18.6842105263158,21.1419096639005,5.76364791341848));
#7624=CARTESIAN_POINT('Ctrl Pts',(18.6740085162237,21.1177810854613,5.76212786288519));
#7625=CARTESIAN_POINT('Ctrl Pts',(18.6588439944717,21.0957985700393,5.76000964941655));
#7626=CARTESIAN_POINT('Ctrl Pts',(18.6236888722704,21.0606434478381,5.75600659933634));
#7627=CARTESIAN_POINT('Ctrl Pts',(18.6012290526958,21.0452574537753,5.75385517288056));
#7628=CARTESIAN_POINT('Ctrl Pts',(18.5519642462489,21.0248350066946,5.75084280347557));
#7629=CARTESIAN_POINT('Ctrl Pts',(18.5251586765531,21.0197972880423,5.75));
#7630=CARTESIAN_POINT('Ctrl Pts',(18.4748413234469,21.0197972880423,5.75));
#7631=CARTESIAN_POINT('Ctrl Pts',(18.4480357537511,21.0248350066946,5.75084280347557));
#7632=CARTESIAN_POINT('Ctrl Pts',(18.3987709473042,21.0452574537753,5.75385517288056));
#7633=CARTESIAN_POINT('Ctrl Pts',(18.3763111277296,21.0606434478381,5.75600659933634));
#7634=CARTESIAN_POINT('Ctrl Pts',(18.3411560055283,21.0957985700393,5.76000964941655));
#7635=CARTESIAN_POINT('Ctrl Pts',(18.3259914837763,21.1177810854613,5.76212786288519));
#7636=CARTESIAN_POINT('Ctrl Pts',(18.3157894736842,21.1419096639005,5.76364791341849));
#7637=CARTESIAN_POINT('',(19.75,22.7749172176354,7.));
#7638=CARTESIAN_POINT('Ctrl Pts',(18.6842105263159,21.1419096639006,5.7636479134185));
#7639=CARTESIAN_POINT('Ctrl Pts',(18.7404509665007,21.2749228505375,5.77202746904761));
#7640=CARTESIAN_POINT('Ctrl Pts',(18.8013513190896,21.4042944421445,5.78498708961336));
#7641=CARTESIAN_POINT('Ctrl Pts',(18.9958733983556,21.7799404655318,5.84455080064241));
#7642=CARTESIAN_POINT('Ctrl Pts',(19.1412862334736,22.0124419597765,5.90986495610746));
#7643=CARTESIAN_POINT('Ctrl Pts',(19.3522020386228,22.3046120471467,6.08207698987537));
#7644=CARTESIAN_POINT('Ctrl Pts',(19.4194117341251,22.3920068208272,6.14721148068606));
#7645=CARTESIAN_POINT('Ctrl Pts',(19.5436625405715,22.5449160676483,6.30477708782342));
#7646=CARTESIAN_POINT('Ctrl Pts',(19.6003733858097,22.6103697263275,6.39752731707691));
#7647=CARTESIAN_POINT('Ctrl Pts',(19.6746140136312,22.6937028258479,6.56552195632564));
#7648=CARTESIAN_POINT('Ctrl Pts',(19.7029149626712,22.7244961611942,6.64859612566558));
#7649=CARTESIAN_POINT('Ctrl Pts',(19.7406754448984,22.7651142745359,6.82332630424306));
#7650=CARTESIAN_POINT('Ctrl Pts',(19.75,22.7749172176354,6.91501653059906));
#7651=CARTESIAN_POINT('Ctrl Pts',(19.75,22.7749172176354,7.));
#7652=CARTESIAN_POINT('',(19.75,25.,7.));
#7653=CARTESIAN_POINT('',(19.75,20.5,7.));
#7654=CARTESIAN_POINT('Origin',(18.5,25.,7.));
#7655=CARTESIAN_POINT('',(18.6842105263158,21.1419096639005,8.23635208658151));
#7656=CARTESIAN_POINT('Ctrl Pts',(19.75,22.7749172176354,7.));
#7657=CARTESIAN_POINT('Ctrl Pts',(19.75,22.7749172176354,7.08498346940094));
#7658=CARTESIAN_POINT('Ctrl Pts',(19.7406754448984,22.7651142745359,7.17667369575694));
#7659=CARTESIAN_POINT('Ctrl Pts',(19.7029149626712,22.7244961611942,7.35140387433442));
#7660=CARTESIAN_POINT('Ctrl Pts',(19.6746140136312,22.6937028258479,7.43447804367436));
#7661=CARTESIAN_POINT('Ctrl Pts',(19.6003733858097,22.6103697263275,7.60247268292308));
#7662=CARTESIAN_POINT('Ctrl Pts',(19.5436625405715,22.5449160676483,7.69522291217658));
#7663=CARTESIAN_POINT('Ctrl Pts',(19.4194117341251,22.3920068208272,7.85278851931394));
#7664=CARTESIAN_POINT('Ctrl Pts',(19.3522020386228,22.3046120471467,7.91792301012463));
#7665=CARTESIAN_POINT('Ctrl Pts',(19.1412862334736,22.0124419597765,8.09013504389254));
#7666=CARTESIAN_POINT('Ctrl Pts',(18.9958733983556,21.7799404655318,8.15544919935759));
#7667=CARTESIAN_POINT('Ctrl Pts',(18.8013513190896,21.4042944421445,8.21501291038664));
#7668=CARTESIAN_POINT('Ctrl Pts',(18.7404509665007,21.2749228505375,8.22797253095238));
#7669=CARTESIAN_POINT('Ctrl Pts',(18.6842105263159,21.1419096639006,8.2363520865815));
#7670=CARTESIAN_POINT('Ctrl Pts',(18.3157894736842,21.1419096639005,8.23635208658151));
#7671=CARTESIAN_POINT('Ctrl Pts',(18.3259914837763,21.1177810854613,8.23787213711481));
#7672=CARTESIAN_POINT('Ctrl Pts',(18.3411560055283,21.0957985700393,8.23999035058345));
#7673=CARTESIAN_POINT('Ctrl Pts',(18.3763111277296,21.0606434478381,8.24399340066366));
#7674=CARTESIAN_POINT('Ctrl Pts',(18.3987709473042,21.0452574537753,8.24614482711944));
#7675=CARTESIAN_POINT('Ctrl Pts',(18.4480357537511,21.0248350066946,8.24915719652443));
#7676=CARTESIAN_POINT('Ctrl Pts',(18.4748413234469,21.0197972880423,8.25));
#7677=CARTESIAN_POINT('Ctrl Pts',(18.5251586765531,21.0197972880423,8.25));
#7678=CARTESIAN_POINT('Ctrl Pts',(18.5519642462489,21.0248350066946,8.24915719652443));
#7679=CARTESIAN_POINT('Ctrl Pts',(18.6012290526958,21.0452574537753,8.24614482711944));
#7680=CARTESIAN_POINT('Ctrl Pts',(18.6236888722704,21.0606434478381,8.24399340066366));
#7681=CARTESIAN_POINT('Ctrl Pts',(18.6588439944717,21.0957985700393,8.23999035058345));
#7682=CARTESIAN_POINT('Ctrl Pts',(18.6740085162237,21.1177810854613,8.23787213711481));
#7683=CARTESIAN_POINT('Ctrl Pts',(18.6842105263158,21.1419096639005,8.23635208658151));
#7684=CARTESIAN_POINT('Origin',(18.5,31.4999999999372,7.));
#7685=CARTESIAN_POINT('',(18.5,30.5000000000177,4.89999999995371));
#7686=CARTESIAN_POINT('',(20.6,30.5000000000177,7.));
#7687=CARTESIAN_POINT('Origin',(18.5,30.5000000000177,7.));
#7688=CARTESIAN_POINT('',(18.5,31.4999999999372,3.9000000000342));
#7689=CARTESIAN_POINT('',(18.5,31.4999999999372,3.9000000000342));
#7690=CARTESIAN_POINT('Origin',(18.5,31.4999999999372,7.));
#7691=CARTESIAN_POINT('Origin',(18.5,30.5000000000177,7.));
#7692=CARTESIAN_POINT('Origin',(18.5,25.4999999999654,7.));
#7693=CARTESIAN_POINT('',(20.2499999999068,25.5000000000223,7.));
#7694=CARTESIAN_POINT('',(20.2499999998499,25.4999999999654,7.));
#7695=CARTESIAN_POINT('Origin',(18.5,25.5000000000223,7.));
#7696=CARTESIAN_POINT('Origin',(18.5,25.5,7.));
#7697=CARTESIAN_POINT('',(20.6,25.5,7.));
#7698=CARTESIAN_POINT('Origin',(18.5,25.5,7.));
#7699=CARTESIAN_POINT('',(20.6,25.5,7.));
#7700=CARTESIAN_POINT('Origin',(31.75,11.,15.));
#7701=CARTESIAN_POINT('',(33.26,11.,15.));
#7702=CARTESIAN_POINT('Origin',(31.75,11.,15.));
#7703=CARTESIAN_POINT('',(33.26,11.,15.));
#7704=CARTESIAN_POINT('Origin',(0.,0.,15.5));
#7705=CARTESIAN_POINT('',(41.3941295962839,2.33568324772341,15.5));
#7706=CARTESIAN_POINT('',(41.3941295962839,7.29836140931946,15.5));
#7707=CARTESIAN_POINT('',(41.3941295962839,0.,15.5));
#7708=CARTESIAN_POINT('',(42.0677183344245,8.92454847640026,15.5));
#7709=CARTESIAN_POINT('Ctrl Pts',(41.3941295962839,7.29836140931946,15.5));
#7710=CARTESIAN_POINT('Ctrl Pts',(41.3941295962847,7.35707894980511,15.5));
#7711=CARTESIAN_POINT('Ctrl Pts',(41.3964042184712,7.41537379230037,15.5000000000155));
#7712=CARTESIAN_POINT('Ctrl Pts',(41.4008489459558,7.47324411918057,15.4999999999246));
#7713=CARTESIAN_POINT('Ctrl Pts',(41.4055055487049,7.53387306081402,15.4999999998294));
#7714=CARTESIAN_POINT('Ctrl Pts',(41.4125438495166,7.59403671242203,15.4999999995891));
#7715=CARTESIAN_POINT('Ctrl Pts',(41.4219030252697,7.65373881293085,15.4999999991527));
#7716=CARTESIAN_POINT('Ctrl Pts',(41.4310307592421,7.71196454833896,15.499999998727));
#7717=CARTESIAN_POINT('Ctrl Pts',(41.4423663840971,7.76975193393518,15.4999999981151));
#7718=CARTESIAN_POINT('Ctrl Pts',(41.4559063995612,7.82709987594616,15.4999999975579));
#7719=CARTESIAN_POINT('Ctrl Pts',(41.4699613936551,7.88662897976441,15.4999999969795));
#7720=CARTESIAN_POINT('Ctrl Pts',(41.4863914160341,7.94568542998602,15.4999999964874));
#7721=CARTESIAN_POINT('Ctrl Pts',(41.5052499050262,8.00425148594135,15.499999996468));
#7722=CARTESIAN_POINT('Ctrl Pts',(41.5229825426168,8.05932114957182,15.4999999964499));
#7723=CARTESIAN_POINT('Ctrl Pts',(41.5428628858716,8.11395765643363,15.4999999968937));
#7724=CARTESIAN_POINT('Ctrl Pts',(41.5649813600495,8.1681231133823,15.4999999976893));
#7725=CARTESIAN_POINT('Ctrl Pts',(41.5663856697593,8.17156209730671,15.4999999977398));
#7726=CARTESIAN_POINT('Ctrl Pts',(41.5677990162136,8.17499917296966,15.4999999977914));
#7727=CARTESIAN_POINT('Ctrl Pts',(41.5692214285619,8.1784343266694,15.499999997844));
#7728=CARTESIAN_POINT('Ctrl Pts',(41.5914220326375,8.23204922063381,15.499999998665));
#7729=CARTESIAN_POINT('Ctrl Pts',(41.6155109751496,8.28442080862235,15.4999999991073));
#7730=CARTESIAN_POINT('Ctrl Pts',(41.6413961988397,8.33559374449638,15.4999999993928));
#7731=CARTESIAN_POINT('Ctrl Pts',(41.6689141310851,8.38999440948713,15.4999999996964));
#7732=CARTESIAN_POINT('Ctrl Pts',(41.6984619963659,8.44304121921695,15.4999999998199));
#7733=CARTESIAN_POINT('Ctrl Pts',(41.7299891821132,8.49476917820654,15.4999999998919));
#7734=CARTESIAN_POINT('Ctrl Pts',(41.7602824435061,8.54447258641922,15.4999999999611));
#7735=CARTESIAN_POINT('Ctrl Pts',(41.7924038556295,8.59295875807331,15.4999999999793));
#7736=CARTESIAN_POINT('Ctrl Pts',(41.826355856,8.6402338299103,15.4999999999893));
#7737=CARTESIAN_POINT('Ctrl Pts',(41.8601123457506,8.68723667099499,15.4999999999993));
#7738=CARTESIAN_POINT('Ctrl Pts',(41.8956787776035,8.73304284083393,15.4999999999993));
#7739=CARTESIAN_POINT('Ctrl Pts',(41.9330975893382,8.77762631142797,15.4999999999998));
#7740=CARTESIAN_POINT('Ctrl Pts',(41.9698326857688,8.82139515430542,15.5000000000002));
#7741=CARTESIAN_POINT('Ctrl Pts',(42.0083534775844,8.86398601257089,15.5));
#7742=CARTESIAN_POINT('Ctrl Pts',(42.0487330696465,8.90533630756716,15.5));
#7743=CARTESIAN_POINT('Ctrl Pts',(42.0550163119433,8.91177059551405,15.5));
#7744=CARTESIAN_POINT('Ctrl Pts',(42.0613446202909,8.91817476226644,15.5));
#7745=CARTESIAN_POINT('Ctrl Pts',(42.0677183344245,8.92454847640026,15.5));
#7746=CARTESIAN_POINT('',(47.2062898799003,14.0631200218761,15.5));
#7747=CARTESIAN_POINT('',(42.0677183344245,8.92454847640026,15.5));
#7748=CARTESIAN_POINT('',(47.7041598167868,15.2650843758054,15.5));
#7749=CARTESIAN_POINT('Ctrl Pts',(47.2062898799003,14.0631200218761,15.5));
#7750=CARTESIAN_POINT('Ctrl Pts',(47.2395253973825,14.0963555393584,15.5));
#7751=CARTESIAN_POINT('Ctrl Pts',(47.2711137546308,14.1307285120952,15.5000000000002));
#7752=CARTESIAN_POINT('Ctrl Pts',(47.3011190050581,14.1661698952485,15.4999999999998));
#7753=CARTESIAN_POINT('Ctrl Pts',(47.3317365286211,14.2023344787247,15.4999999999995));
#7754=CARTESIAN_POINT('Ctrl Pts',(47.3607061346016,14.2396120261448,15.5000000000001));
#7755=CARTESIAN_POINT('Ctrl Pts',(47.3880607599323,14.2779703394926,15.4999999999879));
#7756=CARTESIAN_POINT('Ctrl Pts',(47.415438594154,14.3163611977542,15.4999999999756));
#7757=CARTESIAN_POINT('Ctrl Pts',(47.4411990947387,14.355835261179,15.4999999999537));
#7758=CARTESIAN_POINT('Ctrl Pts',(47.465334248792,14.3963924796425,15.499999999859));
#7759=CARTESIAN_POINT('Ctrl Pts',(47.4891009793885,14.4363305916113,15.4999999997658));
#7760=CARTESIAN_POINT('Ctrl Pts',(47.5112919021547,14.4773196507735,15.4999999996063));
#7761=CARTESIAN_POINT('Ctrl Pts',(47.5318547042466,14.5193817607412,15.4999999992175));
#7762=CARTESIAN_POINT('Ctrl Pts',(47.5470764754148,14.5505185586307,15.4999999989296));
#7763=CARTESIAN_POINT('Ctrl Pts',(47.5614051947047,14.5822438619931,15.4999999985145));
#7764=CARTESIAN_POINT('Ctrl Pts',(47.5748018970813,14.614571763505,15.4999999978449));
#7765=CARTESIAN_POINT('Ctrl Pts',(47.5925098369728,14.6573032149244,15.4999999969597));
#7766=CARTESIAN_POINT('Ctrl Pts',(47.6083123238559,14.700429323275,15.4999999964458));
#7767=CARTESIAN_POINT('Ctrl Pts',(47.6222980430978,14.7439192202319,15.4999999964698));
#7768=CARTESIAN_POINT('Ctrl Pts',(47.6365656198262,14.788285579302,15.4999999964943));
#7769=CARTESIAN_POINT('Ctrl Pts',(47.6489426927702,14.8330311693082,15.4999999970142));
#7770=CARTESIAN_POINT('Ctrl Pts',(47.6594754167238,14.8781482188783,15.4999999976116));
#7771=CARTESIAN_POINT('Ctrl Pts',(47.6700157441161,14.9232978378695,15.4999999982095));
#7772=CARTESIAN_POINT('Ctrl Pts',(47.6787091898111,14.9688201483124,15.4999999988528));
#7773=CARTESIAN_POINT('Ctrl Pts',(47.6855519313001,15.0147220115511,15.4999999992715));
#7774=CARTESIAN_POINT('Ctrl Pts',(47.6922871936109,15.0599028926304,15.4999999996837));
#7775=CARTESIAN_POINT('Ctrl Pts',(47.6972294757108,15.1054521610506,15.4999999998831));
#7776=CARTESIAN_POINT('Ctrl Pts',(47.700325558566,15.151380451658,15.4999999999531));
#7777=CARTESIAN_POINT('Ctrl Pts',(47.7028632774237,15.1890257908248,15.5000000000105));
#7778=CARTESIAN_POINT('Ctrl Pts',(47.7041598167868,15.2269260085784,15.5));
#7779=CARTESIAN_POINT('Ctrl Pts',(47.7041598167868,15.2650843758054,15.5));
#7780=CARTESIAN_POINT('',(47.7041598167868,36.9441002250025,15.5));
#7781=CARTESIAN_POINT('',(47.7041598167868,0.,15.5));
#7782=CARTESIAN_POINT('',(47.6254866747225,37.4552503717815,15.5));
#7783=CARTESIAN_POINT('Origin',(46.0014478529497,36.9436586085623,15.5));
#7784=CARTESIAN_POINT('',(47.3967482602453,37.9190851199159,15.5));
#7785=CARTESIAN_POINT('Origin',(46.0017149733817,36.9428114105426,15.5));
#7786=CARTESIAN_POINT('',(43.8535403594676,42.9793104208844,15.5));
#7787=CARTESIAN_POINT('',(47.3967482602453,37.9190851199159,15.5));
#7788=CARTESIAN_POINT('',(43.2460149930542,43.5120993411385,15.5));
#7789=CARTESIAN_POINT('Origin',(42.6842921186971,42.2587003011789,15.5));
#7790=CARTESIAN_POINT('',(42.4611176251933,43.7041598167868,15.5));
#7791=CARTESIAN_POINT('Origin',(42.5414816114724,42.3330427453472,15.5));
#7792=CARTESIAN_POINT('',(40.7338405523953,43.7041598167868,15.5));
#7793=CARTESIAN_POINT('',(0.,43.7041598167868,15.5));
#7794=CARTESIAN_POINT('',(40.2226904056163,43.6254866747225,15.5));
#7795=CARTESIAN_POINT('Origin',(40.7342821688355,42.0014478529501,15.5));
#7796=CARTESIAN_POINT('',(39.7588556574819,43.3967482602453,15.5));
#7797=CARTESIAN_POINT('Origin',(40.7351293668377,42.0017149734172,15.4999999999998));
#7798=CARTESIAN_POINT('',(31.8373775416189,37.8500695697547,15.5));
#7799=CARTESIAN_POINT('',(39.7588556574819,43.3967482602453,15.5));
#7800=CARTESIAN_POINT('',(31.2098364117899,37.5405999501679,15.5));
#7801=CARTESIAN_POINT('Origin',(30.7483445611115,39.2675361798263,15.5));
#7802=CARTESIAN_POINT('',(30.5182803308536,37.4341598167868,15.5));
#7803=CARTESIAN_POINT('Origin',(30.5973384765998,39.2199241448866,15.4999999999999));
#7804=CARTESIAN_POINT('',(1.99567447402902,37.4341598167868,15.5));
#7805=CARTESIAN_POINT('',(0.,37.4341598167868,15.5));
#7806=CARTESIAN_POINT('',(0.793690020934927,36.9363099790651,15.5));
#7807=CARTESIAN_POINT('Ctrl Pts',(1.99567447402902,37.4341598167868,15.5));
#7808=CARTESIAN_POINT('Ctrl Pts',(1.9486684412045,37.4341598167868,15.5));
#7809=CARTESIAN_POINT('Ctrl Pts',(1.90202307313425,37.4321907878221,15.5000000000002));
#7810=CARTESIAN_POINT('Ctrl Pts',(1.85574188850176,37.4283468427643,15.4999999999998));
#7811=CARTESIAN_POINT('Ctrl Pts',(1.80851668014354,37.4244244905663,15.4999999999995));
#7812=CARTESIAN_POINT('Ctrl Pts',(1.76166998309084,37.4185499200257,15.5000000000001));
#7813=CARTESIAN_POINT('Ctrl Pts',(1.71520126961785,37.4107691848671,15.4999999999879));
#7814=CARTESIAN_POINT('Ctrl Pts',(1.66869338536535,37.4029818909415,15.4999999999756));
#7815=CARTESIAN_POINT('Ctrl Pts',(1.62256341993785,37.3932850647399,15.4999999999536));
#7816=CARTESIAN_POINT('Ctrl Pts',(1.57681707623139,37.3816730730542,15.4999999998588));
#7817=CARTESIAN_POINT('Ctrl Pts',(1.53176938557202,37.3702384234842,15.4999999997655));
#7818=CARTESIAN_POINT('Ctrl Pts',(1.48709304928419,37.356946438461,15.499999999606));
#7819=CARTESIAN_POINT('Ctrl Pts',(1.44280943590719,37.341744498069,15.4999999992171));
#7820=CARTESIAN_POINT('Ctrl Pts',(1.41003073801261,37.3304920330257,15.4999999989293));
#7821=CARTESIAN_POINT('Ctrl Pts',(1.37746747883675,37.3181921474093,15.4999999985143));
#7822=CARTESIAN_POINT('Ctrl Pts',(1.34513724629621,37.3048073343993,15.4999999978451));
#7823=CARTESIAN_POINT('Ctrl Pts',(1.30239939826876,37.2871137374362,15.4999999969605));
#7824=CARTESIAN_POINT('Ctrl Pts',(1.26073005505151,37.267793767482,15.4999999964476));
#7825=CARTESIAN_POINT('Ctrl Pts',(1.2200883234579,37.2469319589805,15.4999999964723));
#7826=CARTESIAN_POINT('Ctrl Pts',(1.1786279010567,37.2256499082752,15.4999999964975));
#7827=CARTESIAN_POINT('Ctrl Pts',(1.13823629925226,37.2027629909769,15.4999999970176));
#7828=CARTESIAN_POINT('Ctrl Pts',(1.09888637251811,37.1783093361156,15.4999999976148));
#7829=CARTESIAN_POINT('Ctrl Pts',(1.05950817686223,37.1538381137893,15.4999999982123));
#7830=CARTESIAN_POINT('Ctrl Pts',(1.02117256913966,37.1277975029697,15.4999999988548));
#7831=CARTESIAN_POINT('Ctrl Pts',(0.983877401189555,37.1001799493091,15.4999999992729));
#7832=CARTESIAN_POINT('Ctrl Pts',(0.947168117873448,37.0729962507887,15.4999999996844));
#7833=CARTESIAN_POINT('Ctrl Pts',(0.911466342137911,37.0442843262478,15.4999999998833));
#7834=CARTESIAN_POINT('Ctrl Pts',(0.876802189659297,37.0139990277885,15.4999999999532));
#7835=CARTESIAN_POINT('Ctrl Pts',(0.848388253205402,36.9891744039514,15.5000000000105));
#7836=CARTESIAN_POINT('Ctrl Pts',(0.820671916452992,36.9632918745831,15.5));
#7837=CARTESIAN_POINT('Ctrl Pts',(0.793690020934923,36.9363099790651,15.5));
#7838=CARTESIAN_POINT('',(0.295840183213203,35.734325525971,15.5));
#7839=CARTESIAN_POINT('Ctrl Pts',(0.793690020934927,36.9363099790651,15.5));
#7840=CARTESIAN_POINT('Ctrl Pts',(0.76045590294185,36.903075861072,15.5));
#7841=CARTESIAN_POINT('Ctrl Pts',(0.728868874720321,36.8687040879587,15.5000000000002));
#7842=CARTESIAN_POINT('Ctrl Pts',(0.698864888209401,36.8332637102041,15.4999999999998));
#7843=CARTESIAN_POINT('Ctrl Pts',(0.66824851517745,36.797099988249,15.4999999999995));
#7844=CARTESIAN_POINT('Ctrl Pts',(0.639280006954596,36.7598230900994,15.5000000000001));
#7845=CARTESIAN_POINT('Ctrl Pts',(0.611926428821987,36.7214652176827,15.4999999999879));
#7846=CARTESIAN_POINT('Ctrl Pts',(0.584549513834778,36.6830746200377,15.4999999999757));
#7847=CARTESIAN_POINT('Ctrl Pts',(0.558789897081669,36.643600598417,15.4999999999538));
#7848=CARTESIAN_POINT('Ctrl Pts',(0.534655590599431,36.6030432027445,15.4999999998592));
#7849=CARTESIAN_POINT('Ctrl Pts',(0.510889498687814,36.5631045869836,15.499999999766));
#7850=CARTESIAN_POINT('Ctrl Pts',(0.488699205394359,36.5221147943735,15.4999999996067));
#7851=CARTESIAN_POINT('Ctrl Pts',(0.46813702123758,36.4800517154286,15.4999999992179));
#7852=CARTESIAN_POINT('Ctrl Pts',(0.452916270137763,36.4489153512062,15.4999999989301));
#7853=CARTESIAN_POINT('Ctrl Pts',(0.438588498642643,36.417190395825,15.499999998515));
#7854=CARTESIAN_POINT('Ctrl Pts',(0.425192665601683,36.3848627537034,15.4999999978451));
#7855=CARTESIAN_POINT('Ctrl Pts',(0.407485202227187,36.3421300220321,15.4999999969596));
#7856=CARTESIAN_POINT('Ctrl Pts',(0.391683162200609,36.2990023991786,15.4999999964446));
#7857=CARTESIAN_POINT('Ctrl Pts',(0.377697867527581,36.2555107625,15.4999999964679));
#7858=CARTESIAN_POINT('Ctrl Pts',(0.363430596476347,36.2111422323072,15.4999999964916));
#7859=CARTESIAN_POINT('Ctrl Pts',(0.351053839754807,36.1663942300601,15.4999999970112));
#7860=CARTESIAN_POINT('Ctrl Pts',(0.340521446329024,36.121274532242,15.4999999976089));
#7861=CARTESIAN_POINT('Ctrl Pts',(0.329981392914568,36.0761220198147,15.499999998207));
#7862=CARTESIAN_POINT('Ctrl Pts',(0.321288255402442,36.0305965755926,15.4999999988509));
#7863=CARTESIAN_POINT('Ctrl Pts',(0.314445858542893,35.9846913377116,15.4999999992703));
#7864=CARTESIAN_POINT('Ctrl Pts',(0.307710887015214,35.9395068100606,15.499999999683));
#7865=CARTESIAN_POINT('Ctrl Pts',(0.302768956738788,35.8939536564063,15.4999999998828));
#7866=CARTESIAN_POINT('Ctrl Pts',(0.299673289425174,35.8480212355805,15.499999999953));
#7867=CARTESIAN_POINT('Ctrl Pts',(0.297136329408038,35.8103787167566,15.5000000000105));
#7868=CARTESIAN_POINT('Ctrl Pts',(0.295840183213203,35.7724812388495,15.5));
#7869=CARTESIAN_POINT('Ctrl Pts',(0.295840183213203,35.734325525971,15.5));
#7870=CARTESIAN_POINT('',(0.295840183213203,2.33568324772341,15.5));
#7871=CARTESIAN_POINT('',(0.295840183213203,0.,15.5));
#7872=CARTESIAN_POINT('',(0.793690020934929,1.13369879462931,15.5));
#7873=CARTESIAN_POINT('Ctrl Pts',(0.295840183213202,2.33568324772341,15.5));
#7874=CARTESIAN_POINT('Ctrl Pts',(0.295840183213202,2.28867721491102,15.5));
#7875=CARTESIAN_POINT('Ctrl Pts',(0.297809212176886,2.24203184685308,15.5000000000002));
#7876=CARTESIAN_POINT('Ctrl Pts',(0.301653157232662,2.19575066223288,15.4999999999998));
#7877=CARTESIAN_POINT('Ctrl Pts',(0.305575509428727,2.14852545388639,15.4999999999995));
#7878=CARTESIAN_POINT('Ctrl Pts',(0.31145007996632,2.10167875684542,15.5000000000001));
#7879=CARTESIAN_POINT('Ctrl Pts',(0.319230815121058,2.05521004338402,15.4999999999879));
#7880=CARTESIAN_POINT('Ctrl Pts',(0.327018109042831,2.00870215914249,15.4999999999756));
#7881=CARTESIAN_POINT('Ctrl Pts',(0.336714935239691,1.96257219372581,15.4999999999536));
#7882=CARTESIAN_POINT('Ctrl Pts',(0.34832692691965,1.9168258500299,15.4999999998588));
#7883=CARTESIAN_POINT('Ctrl Pts',(0.359761576484251,1.87177815938029,15.4999999997655));
#7884=CARTESIAN_POINT('Ctrl Pts',(0.373053561501229,1.82710182310195,15.499999999606));
#7885=CARTESIAN_POINT('Ctrl Pts',(0.388255501886032,1.78281820973404,15.4999999992171));
#7886=CARTESIAN_POINT('Ctrl Pts',(0.399507966941714,1.75003951179493,15.4999999989293));
#7887=CARTESIAN_POINT('Ctrl Pts',(0.411807852573149,1.71747625257499,15.4999999985143));
#7888=CARTESIAN_POINT('Ctrl Pts',(0.425192665601265,1.68514601999085,15.4999999978451));
#7889=CARTESIAN_POINT('Ctrl Pts',(0.442886262564229,1.64240817196406,15.4999999969605));
#7890=CARTESIAN_POINT('Ctrl Pts',(0.462206232518022,1.60073882874752,15.4999999964476));
#7891=CARTESIAN_POINT('Ctrl Pts',(0.483068041019074,1.56009709715465,15.4999999964723));
#7892=CARTESIAN_POINT('Ctrl Pts',(0.504350091724126,1.51863667475373,15.4999999964975));
#7893=CARTESIAN_POINT('Ctrl Pts',(0.52723700902211,1.47824507294962,15.4999999970176));
#7894=CARTESIAN_POINT('Ctrl Pts',(0.551690663883023,1.43889514621586,15.4999999976148));
#7895=CARTESIAN_POINT('Ctrl Pts',(0.576161886208975,1.39951695056009,15.4999999982123));
#7896=CARTESIAN_POINT('Ctrl Pts',(0.60220249702828,1.36118134283769,15.4999999988548));
#7897=CARTESIAN_POINT('Ctrl Pts',(0.629820050688379,1.32388617488784,15.4999999992729));
#7898=CARTESIAN_POINT('Ctrl Pts',(0.657003749208543,1.28717689157168,15.4999999996844));
#7899=CARTESIAN_POINT('Ctrl Pts',(0.685715673749196,1.25147511583617,15.4999999998833));
#7900=CARTESIAN_POINT('Ctrl Pts',(0.716000972208168,1.21681096335767,15.4999999999532));
#7901=CARTESIAN_POINT('Ctrl Pts',(0.740825596046251,1.18839702690231,15.5000000000105));
#7902=CARTESIAN_POINT('Ctrl Pts',(0.766708125415674,1.16068069014857,15.5));
#7903=CARTESIAN_POINT('Ctrl Pts',(0.793690020934929,1.13369879462931,15.5));
#7904=CARTESIAN_POINT('',(1.99567447402902,0.63584895690759,15.5));
#7905=CARTESIAN_POINT('Ctrl Pts',(0.793690020934929,1.13369879462931,15.5));
#7906=CARTESIAN_POINT('Ctrl Pts',(0.826924138934596,1.10046467662965,15.5));
#7907=CARTESIAN_POINT('Ctrl Pts',(0.861295912055112,1.06887764840198,15.5000000000002));
#7908=CARTESIAN_POINT('Ctrl Pts',(0.896736289817454,1.03887366188547,15.4999999999998));
#7909=CARTESIAN_POINT('Ctrl Pts',(0.932900011780395,1.00825728884793,15.4999999999995));
#7910=CARTESIAN_POINT('Ctrl Pts',(0.970176909938397,0.979288780620037,15.5000000000001));
#7911=CARTESIAN_POINT('Ctrl Pts',(1.0085347823639,0.951935202483021,15.4999999999879));
#7912=CARTESIAN_POINT('Ctrl Pts',(1.04692538001769,0.924558287491467,15.4999999999757));
#7913=CARTESIAN_POINT('Ctrl Pts',(1.08639940164768,0.89879867073464,15.4999999999538));
#7914=CARTESIAN_POINT('Ctrl Pts',(1.12695679732987,0.874664364249401,15.4999999998592));
#7915=CARTESIAN_POINT('Ctrl Pts',(1.1668954131003,0.850898272334798,15.499999999766));
#7916=CARTESIAN_POINT('Ctrl Pts',(1.20788520572031,0.828707979039056,15.4999999996067));
#7917=CARTESIAN_POINT('Ctrl Pts',(1.24994828467547,0.80814579488078,15.4999999992179));
#7918=CARTESIAN_POINT('Ctrl Pts',(1.28108464886453,0.792925043799835,15.4999999989301));
#7919=CARTESIAN_POINT('Ctrl Pts',(1.312809604211,0.778597272321679,15.499999998515));
#7920=CARTESIAN_POINT('Ctrl Pts',(1.34513724629646,0.765201439295648,15.4999999978451));
#7921=CARTESIAN_POINT('Ctrl Pts',(1.38786997796817,0.747493975920899,15.4999999969596));
#7922=CARTESIAN_POINT('Ctrl Pts',(1.43099760082212,0.73169193589412,15.4999999964446));
#7923=CARTESIAN_POINT('Ctrl Pts',(1.47448923750133,0.717706641220947,15.4999999964679));
#7924=CARTESIAN_POINT('Ctrl Pts',(1.51885776769436,0.70343937016969,15.4999999964916));
#7925=CARTESIAN_POINT('Ctrl Pts',(1.56360576994176,0.691062613448151,15.4999999970112));
#7926=CARTESIAN_POINT('Ctrl Pts',(1.60872546776025,0.680530220022399,15.4999999976089));
#7927=CARTESIAN_POINT('Ctrl Pts',(1.65387798018774,0.669990166608025,15.499999998207));
#7928=CARTESIAN_POINT('Ctrl Pts',(1.69940342441014,0.661297029095991,15.4999999988509));
#7929=CARTESIAN_POINT('Ctrl Pts',(1.74530866229147,0.654454632236549,15.4999999992703));
#7930=CARTESIAN_POINT('Ctrl Pts',(1.79049318994259,0.647719660709015,15.499999999683));
#7931=CARTESIAN_POINT('Ctrl Pts',(1.8360463435971,0.642777730432726,15.4999999998828));
#7932=CARTESIAN_POINT('Ctrl Pts',(1.88197876442319,0.639682063119244,15.499999999953));
#7933=CARTESIAN_POINT('Ctrl Pts',(1.91962128324585,0.637145103102318,15.5000000000105));
#7934=CARTESIAN_POINT('Ctrl Pts',(1.95751876115166,0.63584895690759,15.5));
#7935=CARTESIAN_POINT('Ctrl Pts',(1.99567447402902,0.63584895690759,15.5));
#7936=CARTESIAN_POINT('',(39.6942953054681,0.63584895690759,15.5));
#7937=CARTESIAN_POINT('',(0.,0.63584895690759,15.5));
#7938=CARTESIAN_POINT('Ctrl Pts',(39.6942953054681,0.63584895690759,15.5));
#7939=CARTESIAN_POINT('Ctrl Pts',(39.7405590832446,0.63584895690759,15.5));
#7940=CARTESIAN_POINT('Ctrl Pts',(39.7864730919766,0.637746859395694,15.5000000001123));
#7941=CARTESIAN_POINT('Ctrl Pts',(39.8320450142955,0.641460618103507,15.4999999992175));
#7942=CARTESIAN_POINT('Ctrl Pts',(39.8785128317828,0.645247385328696,15.499999998305));
#7943=CARTESIAN_POINT('Ctrl Pts',(39.9246256552453,0.650922171585546,15.4999999960687));
#7944=CARTESIAN_POINT('Ctrl Pts',(39.9703928662608,0.658451778075587,15.4999999934378));
#7945=CARTESIAN_POINT('Ctrl Pts',(40.0162110671502,0.665989773402897,15.4999999908041));
#7946=CARTESIAN_POINT('Ctrl Pts',(40.0616835747202,0.675386896511445,15.499999988062));
#7947=CARTESIAN_POINT('Ctrl Pts',(40.106810724116,0.686661172375166,15.4999999882129));
#7948=CARTESIAN_POINT('Ctrl Pts',(40.1513694021936,0.697793425032256,15.499999988362));
#7949=CARTESIAN_POINT('Ctrl Pts',(40.1955920063151,0.710756056171708,15.499999992135));
#7950=CARTESIAN_POINT('Ctrl Pts',(40.2394602149917,0.72561335354513,15.4999999962462));
#7951=CARTESIAN_POINT('Ctrl Pts',(40.2537518245925,0.730453639943631,15.4999999975855));
#7952=CARTESIAN_POINT('Ctrl Pts',(40.2680056306729,0.735495380067013,15.4999999988557));
#7953=CARTESIAN_POINT('Ctrl Pts',(40.2822203879029,0.740741837390296,15.4999999995302));
#7954=CARTESIAN_POINT('Ctrl Pts',(40.2901721913586,0.743676730811173,15.4999999999075));
#7955=CARTESIAN_POINT('Ctrl Pts',(40.2976953057684,0.746515232449588,15.4999999999618));
#7956=CARTESIAN_POINT('Ctrl Pts',(40.3055787046956,0.749553122417439,15.4999999999837));
#7957=CARTESIAN_POINT('Ctrl Pts',(40.3102176218821,0.751340742213473,15.4999999999966));
#7958=CARTESIAN_POINT('Ctrl Pts',(40.3149809916651,0.753198231667222,15.4999999999969));
#7959=CARTESIAN_POINT('Ctrl Pts',(40.3200265001413,0.755193745367886,15.4999999999905));
#7960=CARTESIAN_POINT('Ctrl Pts',(40.3283292041882,0.758477489663717,15.49999999998));
#7961=CARTESIAN_POINT('Ctrl Pts',(40.3365940510837,0.76182273466521,15.4999999999617));
#7962=CARTESIAN_POINT('Ctrl Pts',(40.3448210851739,0.765229078855079,15.4999999999392));
#7963=CARTESIAN_POINT('Ctrl Pts',(40.38865724621,0.78337912549577,15.4999999998192));
#7964=CARTESIAN_POINT('Ctrl Pts',(40.4314115835364,0.803256604007575,15.4999999996182));
#7965=CARTESIAN_POINT('Ctrl Pts',(40.4731093242403,0.824772227201044,15.4999999995221));
#7966=CARTESIAN_POINT('Ctrl Pts',(40.5156127805359,0.846703591697972,15.499999999424));
#7967=CARTESIAN_POINT('Ctrl Pts',(40.5570190418363,0.870337316986624,15.4999999994097));
#7968=CARTESIAN_POINT('Ctrl Pts',(40.5973380188627,0.895630085159893,15.4999999994201));
#7969=CARTESIAN_POINT('Ctrl Pts',(40.6376579250931,0.920923436238353,15.4999999994305));
#7970=CARTESIAN_POINT('Ctrl Pts',(40.6768910995092,0.94787631907469,15.4999999994603));
#7971=CARTESIAN_POINT('Ctrl Pts',(40.7150215991873,0.976490568612956,15.4999999994317));
#7972=CARTESIAN_POINT('Ctrl Pts',(40.7525244154736,1.00463378605477,15.4999999994036));
#7973=CARTESIAN_POINT('Ctrl Pts',(40.7889610731645,1.03438457617706,15.4999999993337));
#7974=CARTESIAN_POINT('Ctrl Pts',(40.8242832824182,1.06578179783426,15.4999999990559));
#7975=CARTESIAN_POINT('Ctrl Pts',(40.848838851508,1.08760876341548,15.4999999988628));
#7976=CARTESIAN_POINT('Ctrl Pts',(40.8728551536106,1.11023219239554,15.4999999985701));
#7977=CARTESIAN_POINT('Ctrl Pts',(40.8963042181084,1.13367433508312,15.4999999980058));
#7978=CARTESIAN_POINT('Ctrl Pts',(40.9289251701408,1.16628565790248,15.4999999972207));
#7979=CARTESIAN_POINT('Ctrl Pts',(40.9599447215312,1.19997323931571,15.4999999957093));
#7980=CARTESIAN_POINT('Ctrl Pts',(40.9894319546001,1.23467788283803,15.4999999934814));
#7981=CARTESIAN_POINT('Ctrl Pts',(41.0195477763282,1.27012233620579,15.4999999912061));
#7982=CARTESIAN_POINT('Ctrl Pts',(41.0480656968167,1.30662818627788,15.4999999881682));
#7983=CARTESIAN_POINT('Ctrl Pts',(41.0750234559003,1.34417301891974,15.4999999857749));
#7984=CARTESIAN_POINT('Ctrl Pts',(41.1020209124772,1.3817731393819,15.4999999833779));
#7985=CARTESIAN_POINT('Ctrl Pts',(41.1274539827268,1.4204159135803,15.4999999817924));
#7986=CARTESIAN_POINT('Ctrl Pts',(41.1513189978388,1.46011050845916,15.4999999826972));
#7987=CARTESIAN_POINT('Ctrl Pts',(41.1748472515261,1.49924496925631,15.4999999835893));
#7988=CARTESIAN_POINT('Ctrl Pts',(41.1968516787325,1.539402386397,15.4999999872202));
#7989=CARTESIAN_POINT('Ctrl Pts',(41.2172836613066,1.58061317142966,15.499999991845));
#7990=CARTESIAN_POINT('Ctrl Pts',(41.231676732743,1.60964362751851,15.499999995103));
#7991=CARTESIAN_POINT('Ctrl Pts',(41.2452885896309,1.63919725869414,15.4999999988167));
#7992=CARTESIAN_POINT('Ctrl Pts',(41.2580872084955,1.66928886368398,15.4999999997838));
#7993=CARTESIAN_POINT('Ctrl Pts',(41.260288044417,1.67446338180179,15.4999999999501));
#7994=CARTESIAN_POINT('Ctrl Pts',(41.2625349987363,1.67981546442245,15.4999999999718));
#7995=CARTESIAN_POINT('Ctrl Pts',(41.2647466795315,1.68515862559761,15.4999999999848));
#7996=CARTESIAN_POINT('Ctrl Pts',(41.2682841669105,1.69370477984458,15.5000000000057));
#7997=CARTESIAN_POINT('Ctrl Pts',(41.2717289230306,1.70222864265252,15.5000000000156));
#7998=CARTESIAN_POINT('Ctrl Pts',(41.2747885108245,1.70995058713436,15.4999999999323));
#7999=CARTESIAN_POINT('Ctrl Pts',(41.2918517638941,1.75301569974415,15.4999999994678));
#8000=CARTESIAN_POINT('Ctrl Pts',(41.3070044753044,1.79646224956407,15.4999999973273));
#8001=CARTESIAN_POINT('Ctrl Pts',(41.3203314653048,1.84026108673128,15.4999999964552));
#8002=CARTESIAN_POINT('Ctrl Pts',(41.3339023122293,1.88486135390744,15.4999999955671));
#8003=CARTESIAN_POINT('Ctrl Pts',(41.3455802407952,1.92982755775969,15.4999999957149));
#8004=CARTESIAN_POINT('Ctrl Pts',(41.355406740623,1.97515303481752,15.4999999964041));
#8005=CARTESIAN_POINT('Ctrl Pts',(41.3652317740894,2.02047174817126,15.4999999970932));
#8006=CARTESIAN_POINT('Ctrl Pts',(41.3732060682766,2.06615032208246,15.4999999981707));
#8007=CARTESIAN_POINT('Ctrl Pts',(41.379320941275,2.11219582264336,15.4999999988691));
#8008=CARTESIAN_POINT('Ctrl Pts',(41.3853386155078,2.1575094084412,15.4999999995564));
#8009=CARTESIAN_POINT('Ctrl Pts',(41.3895555644742,2.20317901017616,15.4999999998724));
#8010=CARTESIAN_POINT('Ctrl Pts',(41.391913735137,2.24921459825859,15.4999999999572));
#8011=CARTESIAN_POINT('Ctrl Pts',(41.3933828848101,2.27789495216468,15.50000000001));
#8012=CARTESIAN_POINT('Ctrl Pts',(41.3941295962839,2.30671738694413,15.5));
#8013=CARTESIAN_POINT('Ctrl Pts',(41.3941295962839,2.33568324772341,15.5));
#8014=CARTESIAN_POINT('',(45.5,35.8875504902911,15.5));
#8015=CARTESIAN_POINT('',(45.5,36.7850869974631,15.5));
#8016=CARTESIAN_POINT('',(45.5,35.8875504902911,15.5));
#8017=CARTESIAN_POINT('',(43.7099936967574,34.6341745833178,15.5));
#8018=CARTESIAN_POINT('',(45.5,35.8875504902911,15.5));
#8019=CARTESIAN_POINT('',(39.5228857113948,40.6139845066274,15.5));
#8020=CARTESIAN_POINT('',(43.7099936967574,34.6341745833178,15.5));
#8021=CARTESIAN_POINT('',(40.7882469721975,41.5,15.5));
#8022=CARTESIAN_POINT('',(40.7882469721975,41.5,15.5));
#8023=CARTESIAN_POINT('',(42.1985823736206,41.5,15.5));
#8024=CARTESIAN_POINT('',(42.1985823736206,41.5,15.5));
#8025=CARTESIAN_POINT('',(42.1985823736206,41.5,15.5));
#8026=CARTESIAN_POINT('',(38.852454994253,40.1445438646374,15.5));
#8027=CARTESIAN_POINT('',(38.852454994253,40.1445438646374,15.5));
#8028=CARTESIAN_POINT('',(33.0536200577444,36.0841559292602,15.5));
#8029=CARTESIAN_POINT('',(37.240728043107,30.1043460059506,15.5));
#8030=CARTESIAN_POINT('',(33.0536200577444,36.0841559292602,15.5));
#8031=CARTESIAN_POINT('Origin',(37.3894493702542,30.2084818003116,15.5));
#8032=CARTESIAN_POINT('',(45.4092369805803,35.9347987276096,9.));
#8033=CARTESIAN_POINT('',(45.5,35.8875504902911,15.5));
#8034=CARTESIAN_POINT('',(43.7322828804297,34.7605828254525,9.));
#8035=CARTESIAN_POINT('',(37.337389841023,30.2828305132151,9.));
#8036=CARTESIAN_POINT('',(43.7322828804297,34.7605828254525,9.));
#8037=CARTESIAN_POINT('Origin',(45.5,36.7850869974631,15.5));
#8038=CARTESIAN_POINT('',(42.1513341363022,41.4092369805803,9.));
#8039=CARTESIAN_POINT('',(45.4092369805803,36.756469527365,9.));
#8040=CARTESIAN_POINT('',(45.4256512870965,36.7330274682319,9.));
#8041=CARTESIAN_POINT('',(45.4092369805803,36.756469527365,9.));
#8042=CARTESIAN_POINT('',(42.1985823736207,41.5,15.5));
#8043=CARTESIAN_POINT('Origin',(39.5228857113948,40.6139845066274,15.5));
#8044=CARTESIAN_POINT('',(39.6492939535295,40.5916953229551,9.));
#8045=CARTESIAN_POINT('',(39.5972344242983,40.6660440358586,9.));
#8046=CARTESIAN_POINT('',(39.6492939535295,40.5916953229551,9.));
#8047=CARTESIAN_POINT('Origin',(44.9321544271787,31.4618332379134,15.5));
#8048=CARTESIAN_POINT('',(41.7276735203494,35.7217809033152,9.0003563893527));
#8049=CARTESIAN_POINT('',(44.7834361573849,31.3576995843342,9.0003563991235));
#8050=CARTESIAN_POINT('',(38.7557912943812,39.9660595443039,9.00005945122295));
#8051=CARTESIAN_POINT('',(38.7557933992334,39.9660655747419,9.0003563991235));
#8052=CARTESIAN_POINT('',(40.0389777873997,38.1334818413645,9.));
#8053=CARTESIAN_POINT('',(44.7834331000315,31.3576974435524,9.));
#8054=CARTESIAN_POINT('',(44.7834331000315,31.3576974435524,9.));
#8055=CARTESIAN_POINT('Origin',(40.7882469721975,41.5,15.5));
#8056=CARTESIAN_POINT('',(33.2543973820538,36.1139415480497,9.00035639026735));
#8057=CARTESIAN_POINT('',(33.0536200577444,36.0841559292602,15.5));
#8058=CARTESIAN_POINT('',(40.8403065014287,41.4256512870965,9.));
#8059=CARTESIAN_POINT('Origin',(39.1333194906701,27.4014453025362,15.5));
#8060=CARTESIAN_POINT('',(34.5375824479159,34.2813633539861,9.00035638935206));
#8061=CARTESIAN_POINT('',(39.2820377604639,27.5055789561154,9.00035639912285));
#8062=CARTESIAN_POINT('',(36.2262781808656,31.8696624159368,9.));
#8063=CARTESIAN_POINT('',(36.2262781808656,31.8696624159368,9.));
#8064=CARTESIAN_POINT('',(33.2023413848916,36.1882917236212,9.));
#8065=CARTESIAN_POINT('Ctrl Pts',(40.1324883332922,43.9115710984681,15.2043918832639));
#8066=CARTESIAN_POINT('Ctrl Pts',(40.1337898035139,43.9074433622774,15.5));
#8067=CARTESIAN_POINT('Ctrl Pts',(40.2226904056163,43.6254866747225,15.5));
#8068=CARTESIAN_POINT('Ctrl Pts',(39.9382650586745,43.850332735209,15.204391883264));
#8069=CARTESIAN_POINT('Ctrl Pts',(39.9399877333133,43.8463378042501,15.5));
#8070=CARTESIAN_POINT('Ctrl Pts',(40.0576006205832,43.5734340654357,15.5));
#8071=CARTESIAN_POINT('Ctrl Pts',(39.753621007935,43.7592773048398,15.2043231168662));
#8072=CARTESIAN_POINT('Ctrl Pts',(39.7556832929815,43.7555192567578,15.5));
#8073=CARTESIAN_POINT('Ctrl Pts',(39.9006534383401,43.4960361352937,15.5));
#8074=CARTESIAN_POINT('Ctrl Pts',(39.586799499556,43.6424699192349,15.2041886541017));
#8075=CARTESIAN_POINT('Ctrl Pts',(39.589168699465,43.6390863511072,15.5));
#8076=CARTESIAN_POINT('Ctrl Pts',(39.7588556574819,43.3967482602453,15.5));
#8077=CARTESIAN_POINT('',(39.586799499556,43.6424699192349,15.2041886541017));
#8078=CARTESIAN_POINT('Origin',(39.7588556574819,43.3967482602453,15.2));
#8079=CARTESIAN_POINT('',(40.1324883332922,43.9115710984681,15.2043918832639));
#8080=CARTESIAN_POINT('Origin',(40.2226904056163,43.6254866747225,15.2));
#8081=CARTESIAN_POINT('Origin',(40.7353623797595,42.001242468568,15.1756416145171));
#8082=CARTESIAN_POINT('Ctrl Pts',(40.7338405523953,44.0041305739896,15.2041886541017));
#8083=CARTESIAN_POINT('Ctrl Pts',(40.7338405523953,44.,15.5));
#8084=CARTESIAN_POINT('Ctrl Pts',(40.7338405523953,43.7041598167868,15.5));
#8085=CARTESIAN_POINT('Ctrl Pts',(40.5301904088005,44.0041286964132,15.2043231168662));
#8086=CARTESIAN_POINT('Ctrl Pts',(40.5306566116163,43.9998674055374,15.5));
#8087=CARTESIAN_POINT('Ctrl Pts',(40.560737424787,43.704159816779,15.5));
#8088=CARTESIAN_POINT('Ctrl Pts',(40.3267116079099,43.9728094617272,15.2043918832639));
#8089=CARTESIAN_POINT('Ctrl Pts',(40.3275918737193,43.9685489202864,15.5));
#8090=CARTESIAN_POINT('Ctrl Pts',(40.3877801906542,43.6775392839926,15.5));
#8091=CARTESIAN_POINT('Ctrl Pts',(40.1324883332922,43.9115710984681,15.2043918832639));
#8092=CARTESIAN_POINT('Ctrl Pts',(40.1337898035139,43.9074433622774,15.5));
#8093=CARTESIAN_POINT('Ctrl Pts',(40.2226904056163,43.6254866747225,15.5));
#8094=CARTESIAN_POINT('',(40.7338405523953,44.0041305739896,15.2041886541017));
#8095=CARTESIAN_POINT('Origin',(40.7338405523953,43.7041598167868,15.2));
#8096=CARTESIAN_POINT('Origin',(40.7343623134771,42.0009271488809,15.1756416145171));
#8097=CARTESIAN_POINT('Origin',(0.,43.7041598167868,15.2));
#8098=CARTESIAN_POINT('',(42.4611176251933,44.0041305739896,15.2041886541017));
#8099=CARTESIAN_POINT('Origin',(42.4611176251933,43.7041598167868,15.2));
#8100=CARTESIAN_POINT('',(0.,44.0041305739896,15.2041886541017));
#8101=CARTESIAN_POINT('Ctrl Pts',(43.3845224157534,43.7781696245964,15.2047220882896));
#8102=CARTESIAN_POINT('Ctrl Pts',(43.3823760525461,43.7740464992373,15.5));
#8103=CARTESIAN_POINT('Ctrl Pts',(43.2460149930542,43.5120993411385,15.5));
#8104=CARTESIAN_POINT('Ctrl Pts',(43.10038886681,43.9260801881327,15.2047220882901));
#8105=CARTESIAN_POINT('Ctrl Pts',(43.0989097185998,43.9216097326122,15.4999999999946));
#8106=CARTESIAN_POINT('Ctrl Pts',(43.0045014661866,43.6378233254745,15.5));
#8107=CARTESIAN_POINT('Ctrl Pts',(42.7814505991819,44.0041256980696,15.2045378434507));
#8108=CARTESIAN_POINT('Ctrl Pts',(42.7806004317607,43.9996557884061,15.5));
#8109=CARTESIAN_POINT('Ctrl Pts',(42.7334028279456,43.7041598167717,15.5));
#8110=CARTESIAN_POINT('Ctrl Pts',(42.4611176251933,44.0041305739896,15.2041886541017));
#8111=CARTESIAN_POINT('Ctrl Pts',(42.4611176251933,44.,15.5));
#8112=CARTESIAN_POINT('Ctrl Pts',(42.4611176251933,43.7041598167868,15.5));
#8113=CARTESIAN_POINT('',(43.3845224157534,43.7781696245964,15.2047220882896));
#8114=CARTESIAN_POINT('Origin',(43.2460149930542,43.5120993411385,15.2));
#8115=CARTESIAN_POINT('Origin',(42.5561796870346,42.3927795177161,15.1808859439382));
#8116=CARTESIAN_POINT('Ctrl Pts',(44.0992620184572,43.1513665788103,15.2041886541017));
#8117=CARTESIAN_POINT('Ctrl Pts',(44.0958784503296,43.1489973789013,15.5));
#8118=CARTESIAN_POINT('Ctrl Pts',(43.8535403594676,42.9793104208844,15.5));
#8119=CARTESIAN_POINT('Ctrl Pts',(43.9155225786713,43.4137651925935,15.2045378434507));
#8120=CARTESIAN_POINT('Ctrl Pts',(43.9123486790333,43.4105049413577,15.5000000000068));
#8121=CARTESIAN_POINT('Ctrl Pts',(43.6973639831914,43.2023534013407,15.5));
#8122=CARTESIAN_POINT('Ctrl Pts',(43.6686559646968,43.6302590610602,15.2047220882901));
#8123=CARTESIAN_POINT('Ctrl Pts',(43.6658423864767,43.6264832658329,15.5));
#8124=CARTESIAN_POINT('Ctrl Pts',(43.4875285199094,43.3863753567807,15.5));
#8125=CARTESIAN_POINT('Ctrl Pts',(43.3845224157534,43.7781696245964,15.2047220882896));
#8126=CARTESIAN_POINT('Ctrl Pts',(43.3823760525461,43.7740464992373,15.5));
#8127=CARTESIAN_POINT('Ctrl Pts',(43.2460149930542,43.5120993411385,15.5));
#8128=CARTESIAN_POINT('',(44.0992620184572,43.1513665788103,15.2041886541017));
#8129=CARTESIAN_POINT('Origin',(43.8535403594676,42.9793104208844,15.2));
#8130=CARTESIAN_POINT('Origin',(42.7247951479005,42.3050038644365,15.180885943936));
#8131=CARTESIAN_POINT('Origin',(49.6198376837613,34.744184390912,15.2));
#8132=CARTESIAN_POINT('',(47.6424699192349,38.0911412778418,15.2041886541017));
#8133=CARTESIAN_POINT('Origin',(47.3967482602453,37.9190851199159,15.2));
#8134=CARTESIAN_POINT('',(49.8655593427509,34.9162405488379,15.2041886541017));
#8135=CARTESIAN_POINT('Ctrl Pts',(47.9115710984681,37.5454524441056,15.2043918832639));
#8136=CARTESIAN_POINT('Ctrl Pts',(47.9074433622773,37.5441509738838,15.5));
#8137=CARTESIAN_POINT('Ctrl Pts',(47.6254866747225,37.4552503717815,15.5));
#8138=CARTESIAN_POINT('Ctrl Pts',(47.850332735209,37.7396757187234,15.204391883264));
#8139=CARTESIAN_POINT('Ctrl Pts',(47.8463378042491,37.7379530440852,15.4999999999989));
#8140=CARTESIAN_POINT('Ctrl Pts',(47.5734340654355,37.6203401568152,15.5));
#8141=CARTESIAN_POINT('Ctrl Pts',(47.7592773048399,37.9243197694627,15.2043231168662));
#8142=CARTESIAN_POINT('Ctrl Pts',(47.7555192567571,37.9222574844148,15.4999999999996));
#8143=CARTESIAN_POINT('Ctrl Pts',(47.4960361352928,37.7772873390565,15.5));
#8144=CARTESIAN_POINT('Ctrl Pts',(47.6424699192349,38.0911412778418,15.2041886541017));
#8145=CARTESIAN_POINT('Ctrl Pts',(47.6390863511072,38.0887720779328,15.5));
#8146=CARTESIAN_POINT('Ctrl Pts',(47.3967482602453,37.9190851199159,15.5));
#8147=CARTESIAN_POINT('',(47.9115710984681,37.5454524441056,15.2043918832639));
#8148=CARTESIAN_POINT('Origin',(47.6254866747225,37.4552503717815,15.2));
#8149=CARTESIAN_POINT('Origin',(46.0012424685686,36.9425783976386,15.1756416145172));
#8150=CARTESIAN_POINT('Ctrl Pts',(48.0041305739896,36.9441002250025,15.2041886541017));
#8151=CARTESIAN_POINT('Ctrl Pts',(48.,36.9441002250025,15.5));
#8152=CARTESIAN_POINT('Ctrl Pts',(47.7041598167868,36.9441002250025,15.5));
#8153=CARTESIAN_POINT('Ctrl Pts',(48.0041286964132,37.1477503685974,15.2043231168662));
#8154=CARTESIAN_POINT('Ctrl Pts',(47.9998674055374,37.1472841657815,15.5000000000024));
#8155=CARTESIAN_POINT('Ctrl Pts',(47.704159816779,37.1172033526108,15.5));
#8156=CARTESIAN_POINT('Ctrl Pts',(47.9728094617272,37.3512291694878,15.2043918832639));
#8157=CARTESIAN_POINT('Ctrl Pts',(47.9685489202864,37.3503489036785,15.4999999999989));
#8158=CARTESIAN_POINT('Ctrl Pts',(47.6775392839926,37.2901605867436,15.5));
#8159=CARTESIAN_POINT('Ctrl Pts',(47.9115710984681,37.5454524441056,15.2043918832639));
#8160=CARTESIAN_POINT('Ctrl Pts',(47.9074433622773,37.5441509738838,15.5));
#8161=CARTESIAN_POINT('Ctrl Pts',(47.6254866747225,37.4552503717815,15.5));
#8162=CARTESIAN_POINT('',(48.0041305739896,36.9441002250025,15.2041886541017));
#8163=CARTESIAN_POINT('Origin',(47.7041598167868,36.9441002250025,15.2));
#8164=CARTESIAN_POINT('Origin',(46.0009271488811,36.9435784639206,15.1756416145173));
#8165=CARTESIAN_POINT('Origin',(47.7041598167868,0.,15.2));
#8166=CARTESIAN_POINT('',(48.0041305739896,15.2650843758054,15.2041886541017));
#8167=CARTESIAN_POINT('Origin',(47.7041598167868,15.2650843758054,15.2));
#8168=CARTESIAN_POINT('',(48.0041305739896,0.,15.2041886541017));
#8169=CARTESIAN_POINT('Ctrl Pts',(47.418401236476,13.8510086653003,15.2041886541017));
#8170=CARTESIAN_POINT('Ctrl Pts',(47.4154804795978,13.8539294221786,15.5));
#8171=CARTESIAN_POINT('Ctrl Pts',(47.2062898799003,14.0631200218761,15.5));
#8172=CARTESIAN_POINT('Ctrl Pts',(47.6035356127594,14.0361475262697,15.2044157563639));
#8173=CARTESIAN_POINT('Ctrl Pts',(47.6000072202214,14.0387728238195,15.5));
#8174=CARTESIAN_POINT('Ctrl Pts',(47.3636567984819,14.2204869404739,15.5));
#8175=CARTESIAN_POINT('Ctrl Pts',(47.7517249015663,14.2579473912764,15.2045336907113));
#8176=CARTESIAN_POINT('Ctrl Pts',(47.7478228482676,14.2601964016193,15.5));
#8177=CARTESIAN_POINT('Ctrl Pts',(47.4896190904704,14.4090162426502,15.5));
#8178=CARTESIAN_POINT('Ctrl Pts',(47.9520768652398,14.741639819225,15.2045336907113));
#8179=CARTESIAN_POINT('Ctrl Pts',(47.9477274064253,14.7428086971093,15.5));
#8180=CARTESIAN_POINT('Ctrl Pts',(47.6599182595922,14.8201548064071,15.5));
#8181=CARTESIAN_POINT('Ctrl Pts',(48.0041274028378,15.0032616588521,15.2044157563639));
#8182=CARTESIAN_POINT('Ctrl Pts',(47.9997760868472,15.0039002434416,15.5000000000008));
#8183=CARTESIAN_POINT('Ctrl Pts',(47.704159816776,15.0425339452667,15.5));
#8184=CARTESIAN_POINT('Ctrl Pts',(48.0041305739896,15.2650843758054,15.2041886541017));
#8185=CARTESIAN_POINT('Ctrl Pts',(48.,15.2650843758054,15.5));
#8186=CARTESIAN_POINT('Ctrl Pts',(47.7041598167868,15.2650843758054,15.5));
#8187=CARTESIAN_POINT('',(47.418401236476,13.8510086653003,15.2041886541018));
#8188=CARTESIAN_POINT('Origin',(47.2062898799003,14.0631200218761,15.2));
#8189=CARTESIAN_POINT('Ctrl Pts',(48.0041305739896,15.2650843758054,15.2041886541017));
#8190=CARTESIAN_POINT('Ctrl Pts',(48.0041283663189,15.0828104373538,15.2043467565928));
#8191=CARTESIAN_POINT('Ctrl Pts',(47.9788963521546,14.9005876722049,15.2044641939842));
#8192=CARTESIAN_POINT('Ctrl Pts',(47.9297474706598,14.7250732297822,15.2045209299933));
#8193=CARTESIAN_POINT('Ctrl Pts',(47.9083104260173,14.6485198917775,15.204545676281));
#8194=CARTESIAN_POINT('Ctrl Pts',(47.8823241184848,14.5732427894802,15.204558876784));
#8195=CARTESIAN_POINT('Ctrl Pts',(47.8519005307392,14.4997937513288,15.204558876784));
#8196=CARTESIAN_POINT('Ctrl Pts',(47.7821481309258,14.3313965616911,15.204558876784));
#8197=CARTESIAN_POINT('Ctrl Pts',(47.6891049096883,14.1726992863451,15.2044894801982));
#8198=CARTESIAN_POINT('Ctrl Pts',(47.5765321238232,14.0293519386476,15.2043706620907));
#8199=CARTESIAN_POINT('Ctrl Pts',(47.5274317625763,13.9668287763963,15.2043188377358));
#8200=CARTESIAN_POINT('Ctrl Pts',(47.4746166737532,13.9072254643374,15.2042576129479));
#8201=CARTESIAN_POINT('Ctrl Pts',(47.418401236476,13.8510086653003,15.2041886541018));
#8202=CARTESIAN_POINT('Origin',(16.5715849290123,-16.5715849290122,15.2));
#8203=CARTESIAN_POINT('',(42.2798296910003,8.71243711982451,15.2041886541017));
#8204=CARTESIAN_POINT('Origin',(42.0677183344245,8.92454847640026,15.2));
#8205=CARTESIAN_POINT('',(16.7836962855881,-16.7836962855879,15.2041886541017));
#8206=CARTESIAN_POINT('Ctrl Pts',(42.0677183344245,8.92454847640026,15.5));
#8207=CARTESIAN_POINT('Ctrl Pts',(42.276908934122,8.71535787670274,15.5));
#8208=CARTESIAN_POINT('Ctrl Pts',(42.2798296910003,8.71243711982451,15.2041886541017));
#8209=CARTESIAN_POINT('Ctrl Pts',(41.8548101465885,8.71164028855873,15.5));
#8210=CARTESIAN_POINT('Ctrl Pts',(42.0912990354669,8.53006463925671,15.5));
#8211=CARTESIAN_POINT('Ctrl Pts',(42.0946889607353,8.5273008742458,15.204415756378));
#8212=CARTESIAN_POINT('Ctrl Pts',(41.6843905819616,8.45657124380601,15.5));
#8213=CARTESIAN_POINT('Ctrl Pts',(41.9425943393888,8.30775140188156,15.5));
#8214=CARTESIAN_POINT('Ctrl Pts',(41.946496392665,8.3055023914825,15.2045336907113));
#8215=CARTESIAN_POINT('Ctrl Pts',(41.4539858177094,7.90032493711102,15.5));
#8216=CARTESIAN_POINT('Ctrl Pts',(41.7417949649125,7.82297882870685,15.5));
#8217=CARTESIAN_POINT('Ctrl Pts',(41.7461444237495,7.82180995087855,15.2045336907113));
#8218=CARTESIAN_POINT('Ctrl Pts',(41.3941295962881,7.59945905610161,15.5));
#8219=CARTESIAN_POINT('Ctrl Pts',(41.6897458662128,7.56062953201968,15.5));
#8220=CARTESIAN_POINT('Ctrl Pts',(41.6940971823347,7.56018676985574,15.204415756378));
#8221=CARTESIAN_POINT('Ctrl Pts',(41.3941295962839,7.29836140931946,15.5));
#8222=CARTESIAN_POINT('Ctrl Pts',(41.6899697794971,7.29836140931946,15.5));
#8223=CARTESIAN_POINT('Ctrl Pts',(41.6941003534867,7.29836140931946,15.2041886541017));
#8224=CARTESIAN_POINT('',(41.6941003534867,7.29836140931946,15.2041886541022));
#8225=CARTESIAN_POINT('Origin',(41.3941295962839,7.29836140931946,15.2));
#8226=CARTESIAN_POINT('Ctrl Pts',(41.6941003534867,7.29836140931946,15.2041886541022));
#8227=CARTESIAN_POINT('Ctrl Pts',(41.6940971823347,7.56018676985574,15.204415756378));
#8228=CARTESIAN_POINT('Ctrl Pts',(41.7461444237495,7.82180995087855,15.2045336907113));
#8229=CARTESIAN_POINT('Ctrl Pts',(41.946496392665,8.3055023914825,15.2045336907113));
#8230=CARTESIAN_POINT('Ctrl Pts',(42.0946889607353,8.5273008742458,15.204415756378));
#8231=CARTESIAN_POINT('Ctrl Pts',(42.2798296910003,8.71243711982451,15.2041886541017));
#8232=CARTESIAN_POINT('Origin',(41.3941295962839,0.,15.2));
#8233=CARTESIAN_POINT('',(41.6941003534867,2.33568324772341,15.2041886541017));
#8234=CARTESIAN_POINT('Origin',(41.3941295962839,2.33568324772341,15.2));
#8235=CARTESIAN_POINT('',(41.6941003534867,0.,15.2041886541017));
#8236=CARTESIAN_POINT('Ctrl Pts',(39.6942953054681,0.335878199704798,15.2041886541017));
#8237=CARTESIAN_POINT('Ctrl Pts',(39.6942953054681,0.340008773694387,15.5));
#8238=CARTESIAN_POINT('Ctrl Pts',(39.6942953054681,0.63584895690759,15.5));
#8239=CARTESIAN_POINT('Ctrl Pts',(39.956127262152,0.335885854761985,15.2047368715588));
#8240=CARTESIAN_POINT('Ctrl Pts',(39.9553527386531,0.340549011304543,15.5));
#8241=CARTESIAN_POINT('Ctrl Pts',(39.9168589866093,0.635848956918931,15.5));
#8242=CARTESIAN_POINT('Ctrl Pts',(40.2177532594578,0.387938629374788,15.2051756837648));
#8243=CARTESIAN_POINT('Ctrl Pts',(40.2163392133571,0.392859345711386,15.5));
#8244=CARTESIAN_POINT('Ctrl Pts',(40.1392462814245,0.680088607061821,15.5));
#8245=CARTESIAN_POINT('Ctrl Pts',(40.7014449567766,0.588290567385868,15.2057689510871));
#8246=CARTESIAN_POINT('Ctrl Pts',(40.6985124772354,0.593201392617518,15.5));
#8247=CARTESIAN_POINT('Ctrl Pts',(40.5503912656414,0.850380712875502,15.5));
#8248=CARTESIAN_POINT('Ctrl Pts',(40.9232733058463,0.736510972231114,15.2059230741375));
#8249=CARTESIAN_POINT('Ctrl Pts',(40.9197045091124,0.741154886184299,15.5));
#8250=CARTESIAN_POINT('Ctrl Pts',(40.7389471916388,0.976366227705893,15.5));
#8251=CARTESIAN_POINT('Ctrl Pts',(41.2934675809604,1.10670524734526,15.2059230741375));
#8252=CARTESIAN_POINT('Ctrl Pts',(41.2888236670072,1.11027404407914,15.5));
#8253=CARTESIAN_POINT('Ctrl Pts',(41.0536123254856,1.29103136155274,15.5));
#8254=CARTESIAN_POINT('Ctrl Pts',(41.4416879858056,1.32853359641487,15.2057689510871));
#8255=CARTESIAN_POINT('Ctrl Pts',(41.4367771605743,1.33146607595582,15.5));
#8256=CARTESIAN_POINT('Ctrl Pts',(41.1795978403164,1.47958728754997,15.5));
#8257=CARTESIAN_POINT('Ctrl Pts',(41.6420399238167,1.81222529373378,15.2051756837648));
#8258=CARTESIAN_POINT('Ctrl Pts',(41.6371192074798,1.81363933983476,15.5));
#8259=CARTESIAN_POINT('Ctrl Pts',(41.3498899461293,1.89073227176715,15.5));
#8260=CARTESIAN_POINT('Ctrl Pts',(41.6940926984295,2.07385129103947,15.2047368715588));
#8261=CARTESIAN_POINT('Ctrl Pts',(41.6894295418885,2.0746258145382,15.5));
#8262=CARTESIAN_POINT('Ctrl Pts',(41.3941295962716,2.11311956658209,15.5));
#8263=CARTESIAN_POINT('Ctrl Pts',(41.6941003534867,2.33568324772341,15.2041886541017));
#8264=CARTESIAN_POINT('Ctrl Pts',(41.6899697794971,2.33568324772341,15.5));
#8265=CARTESIAN_POINT('Ctrl Pts',(41.3941295962839,2.33568324772341,15.5));
#8266=CARTESIAN_POINT('Origin',(39.6942953054681,0.63584895690759,15.2));
#8267=CARTESIAN_POINT('Ctrl Pts',(39.6942953054681,0.335878199704783,15.2041886541007));
#8268=CARTESIAN_POINT('Ctrl Pts',(39.956127262152,0.335885854761985,15.2047368715588));
#8269=CARTESIAN_POINT('Ctrl Pts',(40.2177532594578,0.387938629374788,15.2051756837647));
#8270=CARTESIAN_POINT('Ctrl Pts',(40.7014449567766,0.588290567385868,15.2057689510871));
#8271=CARTESIAN_POINT('Ctrl Pts',(40.9232733058462,0.736510972231114,15.2059230741375));
#8272=CARTESIAN_POINT('Ctrl Pts',(41.2934675809604,1.10670524734526,15.2059230741375));
#8273=CARTESIAN_POINT('Ctrl Pts',(41.4416879858056,1.32853359641487,15.205768951087));
#8274=CARTESIAN_POINT('Ctrl Pts',(41.6420399238167,1.81222529373378,15.2051756837648));
#8275=CARTESIAN_POINT('Ctrl Pts',(41.6940926984295,2.07385129103947,15.2047368715588));
#8276=CARTESIAN_POINT('Ctrl Pts',(41.6941003534867,2.33568324772341,15.2041886541017));
#8277=CARTESIAN_POINT('Origin',(0.,0.63584895690759,15.2));
#8278=CARTESIAN_POINT('Origin',(1.99567447402902,0.63584895690759,15.2));
#8279=CARTESIAN_POINT('Ctrl Pts',(0.581599336093795,0.921608109788183,15.2059230741375));
#8280=CARTESIAN_POINT('Ctrl Pts',(0.585705691437324,0.925714465131712,15.5));
#8281=CARTESIAN_POINT('Ctrl Pts',(0.793690020934928,1.13369879462932,15.5));
#8282=CARTESIAN_POINT('Ctrl Pts',(0.766729832940438,0.736477612941547,15.2059230741378));
#8283=CARTESIAN_POINT('Ctrl Pts',(0.770296985940389,0.7411231706469,15.5));
#8284=CARTESIAN_POINT('Ctrl Pts',(0.951050943262528,0.97633787231764,15.5));
#8285=CARTESIAN_POINT('Ctrl Pts',(0.988524822720331,0.588290567385956,15.2057689510871));
#8286=CARTESIAN_POINT('Ctrl Pts',(0.991457302261375,0.593201392617497,15.5));
#8287=CARTESIAN_POINT('Ctrl Pts',(1.13957851385553,0.850380712875477,15.5));
#8288=CARTESIAN_POINT('Ctrl Pts',(1.47221652003955,0.387938629374698,15.2051756837648));
#8289=CARTESIAN_POINT('Ctrl Pts',(1.47363056614042,0.392859345711413,15.5));
#8290=CARTESIAN_POINT('Ctrl Pts',(1.55072349807282,0.680088607061844,15.5));
#8291=CARTESIAN_POINT('Ctrl Pts',(1.73384251734496,0.335885854761984,15.2047368715588));
#8292=CARTESIAN_POINT('Ctrl Pts',(1.73461704084377,0.340549011304521,15.5));
#8293=CARTESIAN_POINT('Ctrl Pts',(1.77311079288766,0.635848956918883,15.5));
#8294=CARTESIAN_POINT('Ctrl Pts',(1.99567447402902,0.335878199704798,15.2041886541017));
#8295=CARTESIAN_POINT('Ctrl Pts',(1.99567447402902,0.340008773694387,15.5));
#8296=CARTESIAN_POINT('Ctrl Pts',(1.99567447402902,0.63584895690759,15.5));
#8297=CARTESIAN_POINT('',(0.5815993360938,0.921608109788185,15.2059230741378));
#8298=CARTESIAN_POINT('Origin',(0.793690020934929,1.13369879462932,15.2));
#8299=CARTESIAN_POINT('Origin',(1.99569041626888,2.33573534530474,15.1995261191672));
#8300=CARTESIAN_POINT('Ctrl Pts',(-0.00413057398958891,2.33568324772341,
15.2041886541017));
#8301=CARTESIAN_POINT('Ctrl Pts',(-3.25260651745651E-16,2.33568324772341,
15.5));
#8302=CARTESIAN_POINT('Ctrl Pts',(0.295840183213202,2.33568324772341,15.5));
#8303=CARTESIAN_POINT('Ctrl Pts',(-0.0041229189324035,2.07385129103939,
15.2047368715589));
#8304=CARTESIAN_POINT('Ctrl Pts',(0.000540237610181402,2.07462581453817,
15.5));
#8305=CARTESIAN_POINT('Ctrl Pts',(0.295840183224544,2.1131195665821,15.5));
#8306=CARTESIAN_POINT('Ctrl Pts',(0.0479298556803317,1.81222529373389,15.2051756837648));
#8307=CARTESIAN_POINT('Ctrl Pts',(0.052850572016967,1.81363933983482,15.5));
#8308=CARTESIAN_POINT('Ctrl Pts',(0.340079833367433,1.89073227176713,15.5));
#8309=CARTESIAN_POINT('Ctrl Pts',(0.24828179369155,1.32853359641476,15.2057689510871));
#8310=CARTESIAN_POINT('Ctrl Pts',(0.25319261892316,1.33146607595577,15.5));
#8311=CARTESIAN_POINT('Ctrl Pts',(0.510371939181115,1.47958728754999,15.5));
#8312=CARTESIAN_POINT('Ctrl Pts',(0.396468839247186,1.1067386066348,15.2059230741378));
#8313=CARTESIAN_POINT('Ctrl Pts',(0.401114396952528,1.11030575963484,15.5));
#8314=CARTESIAN_POINT('Ctrl Pts',(0.636329098623271,1.2910597169569,15.5));
#8315=CARTESIAN_POINT('Ctrl Pts',(0.581599336093801,0.921608109788178,15.2059230741375));
#8316=CARTESIAN_POINT('Ctrl Pts',(0.585705691437329,0.925714465131706,15.5));
#8317=CARTESIAN_POINT('Ctrl Pts',(0.793690020934932,1.13369879462931,15.5));
#8318=CARTESIAN_POINT('',(-0.00413057398958889,2.33568324772341,15.2041886541017));
#8319=CARTESIAN_POINT('Origin',(0.295840183213202,2.33568324772341,15.2));
#8320=CARTESIAN_POINT('Origin',(1.99572657161035,2.33569918996326,15.1995261191672));
#8321=CARTESIAN_POINT('Origin',(0.295840183213203,0.,15.2));
#8322=CARTESIAN_POINT('',(-0.0041305739895887,35.734325525971,15.2041886541017));
#8323=CARTESIAN_POINT('Origin',(0.295840183213203,35.734325525971,15.2));
#8324=CARTESIAN_POINT('',(-0.00413057398958847,0.,15.2041886541017));
#8325=CARTESIAN_POINT('Ctrl Pts',(0.581599336093794,37.1484006639062,15.2059230741375));
#8326=CARTESIAN_POINT('Ctrl Pts',(0.585705691437323,37.1442943085627,15.5));
#8327=CARTESIAN_POINT('Ctrl Pts',(0.793690020934927,36.9363099790651,15.5));
#8328=CARTESIAN_POINT('Ctrl Pts',(0.396468839247283,36.9632701670597,15.2059230741378));
#8329=CARTESIAN_POINT('Ctrl Pts',(0.401114396951959,36.9597030140604,15.5));
#8330=CARTESIAN_POINT('Ctrl Pts',(0.636329098623456,36.7789490567374,15.5));
#8331=CARTESIAN_POINT('Ctrl Pts',(0.248281793691476,36.7414751772794,15.2057689510871));
#8332=CARTESIAN_POINT('Ctrl Pts',(0.253192618923113,36.7385426977382,15.5));
#8333=CARTESIAN_POINT('Ctrl Pts',(0.51037193918109,36.5904214861443,15.5));
#8334=CARTESIAN_POINT('Ctrl Pts',(0.0479298556804057,36.2577834799607,15.2051756837648));
#8335=CARTESIAN_POINT('Ctrl Pts',(0.0528505720170173,36.2563694338599,15.5));
#8336=CARTESIAN_POINT('Ctrl Pts',(0.340079833367458,36.1792765019273,15.5));
#8337=CARTESIAN_POINT('Ctrl Pts',(-0.00412291893240254,35.9961574826548,
15.2047368715588));
#8338=CARTESIAN_POINT('Ctrl Pts',(0.000540237610035377,35.995382959156,
15.5));
#8339=CARTESIAN_POINT('Ctrl Pts',(0.295840183224447,35.9568892071122,15.5));
#8340=CARTESIAN_POINT('Ctrl Pts',(-0.00413057398958847,35.734325525971,
15.2041886541017));
#8341=CARTESIAN_POINT('Ctrl Pts',(1.0842021724855E-16,35.734325525971,15.5));
#8342=CARTESIAN_POINT('Ctrl Pts',(0.295840183213203,35.734325525971,15.5));
#8343=CARTESIAN_POINT('',(0.581599336093797,37.1484006639062,15.2059230741378));
#8344=CARTESIAN_POINT('Origin',(0.793690020934929,36.9363099790651,15.2));
#8345=CARTESIAN_POINT('Origin',(1.99572657161035,35.7343095837311,15.1995261191672));
#8346=CARTESIAN_POINT('Ctrl Pts',(1.99567447402902,37.7341305739896,15.2041886541017));
#8347=CARTESIAN_POINT('Ctrl Pts',(1.99567447402902,37.73,15.5));
#8348=CARTESIAN_POINT('Ctrl Pts',(1.99567447402902,37.4341598167868,15.5));
#8349=CARTESIAN_POINT('Ctrl Pts',(1.73384251734485,37.7341229189324,15.2047368715589));
#8350=CARTESIAN_POINT('Ctrl Pts',(1.73461704084376,37.7294597623914,15.5));
#8351=CARTESIAN_POINT('Ctrl Pts',(1.7731107928877,37.4341598167744,15.5));
#8352=CARTESIAN_POINT('Ctrl Pts',(1.47221652003971,37.6820701443198,15.2051756837647));
#8353=CARTESIAN_POINT('Ctrl Pts',(1.47363056614045,37.6771494279835,15.5));
#8354=CARTESIAN_POINT('Ctrl Pts',(1.55072349807276,37.3899201666329,15.5));
#8355=CARTESIAN_POINT('Ctrl Pts',(0.988524822720168,37.4817182063084,15.2057689510871));
#8356=CARTESIAN_POINT('Ctrl Pts',(0.991457302261359,37.4768073810764,15.5));
#8357=CARTESIAN_POINT('Ctrl Pts',(1.13957851385558,37.2196280608185,15.5));
#8358=CARTESIAN_POINT('Ctrl Pts',(0.766729832940513,37.3335311607529,15.2059230741378));
#8359=CARTESIAN_POINT('Ctrl Pts',(0.770296985941544,37.3288856030467,15.5));
#8360=CARTESIAN_POINT('Ctrl Pts',(0.951050943262721,37.0936709013768,15.5));
#8361=CARTESIAN_POINT('Ctrl Pts',(0.58159933609379,37.1484006639062,15.2059230741375));
#8362=CARTESIAN_POINT('Ctrl Pts',(0.585705691437319,37.1442943085627,15.5));
#8363=CARTESIAN_POINT('Ctrl Pts',(0.793690020934923,36.9363099790651,15.5));
#8364=CARTESIAN_POINT('',(1.99567447402902,37.7341305739896,15.2041886541017));
#8365=CARTESIAN_POINT('Origin',(1.99567447402902,37.4341598167868,15.2));
#8366=CARTESIAN_POINT('Origin',(1.99569041626886,35.7342734283897,15.1995261191672));
#8367=CARTESIAN_POINT('Origin',(-1.65283152365018E-14,37.4341598167868,
15.2));
#8368=CARTESIAN_POINT('',(30.5182803308536,37.7341305739896,15.2041886541017));
#8369=CARTESIAN_POINT('Origin',(30.5182803308536,37.4341598167868,15.2));
#8370=CARTESIAN_POINT('',(-1.66607614102919E-14,37.7341305739896,15.2041886541017));
#8371=CARTESIAN_POINT('Ctrl Pts',(30.5182803308536,37.4341598167868,15.5));
#8372=CARTESIAN_POINT('Ctrl Pts',(30.5182803308536,37.73,15.5));
#8373=CARTESIAN_POINT('Ctrl Pts',(30.5182803308536,37.7341305739896,15.2041886541017));
#8374=CARTESIAN_POINT('Ctrl Pts',(30.7524786799667,37.4341598167909,15.5));
#8375=CARTESIAN_POINT('Ctrl Pts',(30.7223078158178,37.7298674047324,15.5));
#8376=CARTESIAN_POINT('Ctrl Pts',(30.721931664417,37.7341286964132,15.2043231168698));
#8377=CARTESIAN_POINT('Ctrl Pts',(30.9864796438028,37.4701758317412,15.5));
#8378=CARTESIAN_POINT('Ctrl Pts',(30.9262913956051,37.7611854897097,15.5));
#8379=CARTESIAN_POINT('Ctrl Pts',(30.9254110607674,37.7654460093677,15.2043918832636));
#8380=CARTESIAN_POINT('Ctrl Pts',(31.2098364117899,37.5405999501679,15.5));
#8381=CARTESIAN_POINT('Ctrl Pts',(31.1209358096876,37.8225566377227,15.5));
#8382=CARTESIAN_POINT('Ctrl Pts',(31.1196343394658,37.8266843739134,15.2043918832639));
#8383=CARTESIAN_POINT('',(31.1196343394658,37.8266843739134,15.204391883264));
#8384=CARTESIAN_POINT('Origin',(30.517782622044,39.7372530529583,15.1999937569929));
#8385=CARTESIAN_POINT('Origin',(31.20983641179,37.5405999501679,15.2));
#8386=CARTESIAN_POINT('Ctrl Pts',(31.2098364117899,37.5405999501679,15.5));
#8387=CARTESIAN_POINT('Ctrl Pts',(31.1209358096876,37.8225566377227,15.5));
#8388=CARTESIAN_POINT('Ctrl Pts',(31.1196343394658,37.8266843739134,15.2043918832639));
#8389=CARTESIAN_POINT('Ctrl Pts',(31.433193179773,37.6110240686064,15.5));
#8390=CARTESIAN_POINT('Ctrl Pts',(31.3155802237641,37.88392778575,15.499999999999));
#8391=CARTESIAN_POINT('Ctrl Pts',(31.3138576181643,37.8879227384592,15.2043918832637));
#8392=CARTESIAN_POINT('Ctrl Pts',(31.6455334851715,37.7157389152754,15.5));
#8393=CARTESIAN_POINT('Ctrl Pts',(31.5006371057256,37.9752736871883,15.5));
#8394=CARTESIAN_POINT('Ctrl Pts',(31.4985010544159,37.9789800845603,15.2043231168698));
#8395=CARTESIAN_POINT('Ctrl Pts',(31.8373775416189,37.8500695697547,15.5));
#8396=CARTESIAN_POINT('Ctrl Pts',(31.667690583602,38.0924076606167,15.5));
#8397=CARTESIAN_POINT('Ctrl Pts',(31.6653213836929,38.0957912287443,15.2041886541017));
#8398=CARTESIAN_POINT('',(31.6653213836929,38.0957912287443,15.2041886541017));
#8399=CARTESIAN_POINT('Origin',(31.8373775416189,37.8500695697547,15.2));
#8400=CARTESIAN_POINT('Origin',(30.5167852298202,39.7369385763981,15.1999937569893));
#8401=CARTESIAN_POINT('Origin',(-7.30953897960541,10.4391035239272,15.2));
#8402=CARTESIAN_POINT('',(-7.48159513753131,10.6848251829168,15.2041886541017));
#8403=CARTESIAN_POINT('Origin',(3.8,34.2,13.5));
#8404=CARTESIAN_POINT('Origin',(38.2,3.8,13.5));
#8405=CARTESIAN_POINT('Origin',(41.,25.,13.5));
#8406=CARTESIAN_POINT('Origin',(0.,0.,9.));
#8407=CARTESIAN_POINT('',(40.8168644422955,41.4092369805803,9.));
#8408=CARTESIAN_POINT('',(0.,41.4092369805803,9.));
#8409=CARTESIAN_POINT('',(40.8168644422955,41.4092369805803,9.));
#8410=CARTESIAN_POINT('',(45.4092369805803,0.,9.));
#8411=CARTESIAN_POINT('Origin',(45.5,35.8875504902911,15.5));
#8412=CARTESIAN_POINT('Origin',(42.1985823736206,41.5,15.5));
#8413=CARTESIAN_POINT('',(40.7882469721975,41.5,15.5));
#8414=CARTESIAN_POINT('Origin',(40.7882469721975,41.5,15.5));
#8415=CARTESIAN_POINT('Origin',(0.,0.,9.));
#8416=CARTESIAN_POINT('',(41.7276704630798,35.721778762592,9.));
#8417=CARTESIAN_POINT('Origin',(0.,0.,9.));
#8418=CARTESIAN_POINT('',(34.5375855051855,34.2813654947094,9.));
#8419=CARTESIAN_POINT('Origin',(49.8621757746233,34.9138713489289,15.5));
#8420=CARTESIAN_POINT('',(45.3508170289776,41.6428094754637,3.74999999999952));
#8421=CARTESIAN_POINT('',(45.3636761734039,41.7157373074645,-1.22876246215024E-15));
#8422=CARTESIAN_POINT('',(45.3508170289776,41.6428094754637,3.75));
#8423=CARTESIAN_POINT('',(44.209780651344,43.3636708972831,-8.77525411020893E-16));
#8424=CARTESIAN_POINT('',(50.0394688592392,35.0380133032494,-1.73472347597681E-15));
#8425=CARTESIAN_POINT('',(44.209780651344,43.363670897283,-1.73472347597681E-15));
#8426=CARTESIAN_POINT('',(47.6424699192349,38.0911412778418,15.2041886541017));
#8427=CARTESIAN_POINT('',(46.8421157634903,39.5130141603123,3.75000000000011));
#8428=CARTESIAN_POINT('',(46.9150435954911,39.500155015886,-1.73472347597681E-15));
#8429=CARTESIAN_POINT('Origin',(46.096466396234,40.577911817888,3.75));
#8430=CARTESIAN_POINT('Origin',(48.,0.,15.5));
#8431=CARTESIAN_POINT('',(48.0041305739896,15.2650843758054,15.2041886541017));
#8432=CARTESIAN_POINT('',(48.2164348924623,37.0110395194907,-1.73472347597681E-15));
#8433=CARTESIAN_POINT('Origin',(16.780818264872,-16.7808182648718,15.4956717240949));
#8434=CARTESIAN_POINT('',(42.2798296910003,8.71243711982451,15.2041886541017));
#8435=CARTESIAN_POINT('',(47.6307055549488,13.7630693372386,-5.20417042793042E-15));
#8436=CARTESIAN_POINT('Origin',(41.6900302175571,0.,15.4956717240949));
#8437=CARTESIAN_POINT('',(41.9064046719594,7.21042208125768,-1.73472347597681E-15));
#8438=CARTESIAN_POINT('',(41.6941003534867,2.33568324772341,15.2041886541017));
#8439=CARTESIAN_POINT('Origin',(39.6824464834891,2.34753206970237,16.0248185102809));
#8440=CARTESIAN_POINT('Origin',(0.,0.,15.5));
#8441=CARTESIAN_POINT('',(-0.179906910856494,2.1599069108565,2.61595396402555));
#8442=CARTESIAN_POINT('',(-0.179906910856498,2.1599069108565,2.61595396402528));
#8443=CARTESIAN_POINT('',(-0.216434892462316,35.9466298444437,-8.67361737988404E-16));
#8444=CARTESIAN_POINT('',(-0.00413057398958852,35.734325525971,15.2041886541017));
#8445=CARTESIAN_POINT('',(-0.216434892462316,26.4,-1.099993727255E-15));
#8446=CARTESIAN_POINT('',(-0.216434892462316,0.,-1.73472347597681E-15));
#8447=CARTESIAN_POINT('',(-0.258325516809861,26.3581093756525,-3.));
#8448=CARTESIAN_POINT('',(-0.216434892462316,26.4,-1.73472347597681E-15));
#8449=CARTESIAN_POINT('',(-0.258325516809861,11.6418906243475,-3.));
#8450=CARTESIAN_POINT('',(-0.258325516809861,0.,-3.));
#8451=CARTESIAN_POINT('',(-0.258325516809861,11.6418906243475,-3.));
#8452=CARTESIAN_POINT('',(-0.216434892462316,2.19643489246232,-1.73472347597681E-15));
#8453=CARTESIAN_POINT('Origin',(-1.66589376367829E-14,37.73,15.5));
#8454=CARTESIAN_POINT('',(30.4513410363654,37.9464348924623,-8.20435273306054E-16));
#8455=CARTESIAN_POINT('',(30.5182803308536,37.7341305739896,15.2041886541017));
#8456=CARTESIAN_POINT('',(1.78337015555629,37.9464348924623,-8.64406378906984E-16));
#8457=CARTESIAN_POINT('',(-1.66589376367829E-14,37.9464348924623,-1.73472347597681E-15));
#8458=CARTESIAN_POINT('',(1.78337015555629,37.9464348924623,-1.72373056022701E-15));
#8459=CARTESIAN_POINT('Origin',(-7.47922593762228,10.6814416147892,15.5));
#8460=CARTESIAN_POINT('',(39.5198602050677,43.8547742377076,-2.60208521396521E-15));
#8461=CARTESIAN_POINT('',(39.586799499556,43.6424699192349,15.2041886541017));
#8462=CARTESIAN_POINT('',(31.5983820892047,38.3080955472171,-2.59530954525531E-15));
#8463=CARTESIAN_POINT('',(-7.60336789194283,10.8587346994051,-5.20417042793042E-15));
#8464=CARTESIAN_POINT('',(31.5983820892047,38.3080955472171,-5.20417042793042E-15));
#8465=CARTESIAN_POINT('Origin',(-3.03974432026514,4.3412047919923,7.));
#8466=CARTESIAN_POINT('',(41.7276704630798,35.721778762592,9.00000000000001));
#8467=CARTESIAN_POINT('',(36.2422964975521,31.8467858888896,7.));
#8468=CARTESIAN_POINT('Origin',(42.8908416524684,34.0605981469667,9.00000000000301));
#8469=CARTESIAN_POINT('',(41.7887256618396,35.7304373998699,3.74999999999998));
#8470=CARTESIAN_POINT('',(41.8509292071077,35.7100690290314,0.));
#8471=CARTESIAN_POINT('',(42.9079985599249,34.0726115429001,7.));
#8472=CARTESIAN_POINT('',(40.0401163781697,38.1683717643451,7.));
#8473=CARTESIAN_POINT('',(38.7248756422571,40.1745361966419,1.97433813959182E-18));
#8474=CARTESIAN_POINT('',(38.7248756422571,40.1745361966419,0.));
#8475=CARTESIAN_POINT('',(40.0701312104801,38.2533121383255,0.));
#8476=CARTESIAN_POINT('',(42.9680477360226,34.114658428667,0.));
#8477=CARTESIAN_POINT('',(40.0679963527865,38.1878935327369,3.7500000000001));
#8478=CARTESIAN_POINT('',(40.0679963527865,38.1878935327369,3.75));
#8479=CARTESIAN_POINT('Origin',(40.928361007313,36.9591654663034,3.75));
#8480=CARTESIAN_POINT('Origin',(-4.76047362931829,6.79866092485929,7.));
#8481=CARTESIAN_POINT('',(34.521567188499,34.3042420217566,7.));
#8482=CARTESIAN_POINT('Origin',(33.2023413848916,36.1882917236213,9.));
#8483=CARTESIAN_POINT('Origin',(0.,0.,0.));
#8484=CARTESIAN_POINT('',(42.5716362580801,44.2164348924623,0.));
#8485=CARTESIAN_POINT('Origin',(42.5716491831186,42.2166546732118,-2.9704863338957E-15));
#8486=CARTESIAN_POINT('',(43.2185708227307,40.2137183706691,-4.50763667331177E-17));
#8487=CARTESIAN_POINT('',(43.2185708227307,40.2137183706691,0.));
#8488=CARTESIAN_POINT('',(42.2494650907329,41.5977447901443,0.));
#8489=CARTESIAN_POINT('',(47.894363508566,33.5359943664541,0.));
#8490=CARTESIAN_POINT('',(40.7574281582457,41.5977447901443,-2.03902164300435E-15));
#8491=CARTESIAN_POINT('',(0.,41.5977447901443,-8.67361737988404E-16));
#8492=CARTESIAN_POINT('',(39.5505841671845,40.7527035301601,-8.77271349457233E-16));
#8493=CARTESIAN_POINT('',(-6.13576354132856,8.7627784713893,-2.60208521396521E-15));
#8494=CARTESIAN_POINT('',(40.8958397354075,38.8314794718437,0.));
#8495=CARTESIAN_POINT('',(40.8958397354075,38.8314794718437,0.));
#8496=CARTESIAN_POINT('',(40.0701312104801,38.2533121383255,0.));
#8497=CARTESIAN_POINT('',(32.3081921411193,35.6815260388394,0.));
#8498=CARTESIAN_POINT('',(0.,26.4,0.));
#8499=CARTESIAN_POINT('Origin',(1.78376007852407,35.9462399214759,0.));
#8500=CARTESIAN_POINT('Origin',(30.4513440188805,39.9462304811515,-2.7893769961941E-14));
#8501=CARTESIAN_POINT('',(40.6669012579071,44.2164348924623,0.));
#8502=CARTESIAN_POINT('Origin',(40.666898275392,42.2166393037731,-2.12492355943289E-14));
#8503=CARTESIAN_POINT('',(0.,44.2164348924623,0.));
#8504=CARTESIAN_POINT('Origin',(35.1845135709058,34.5242871583944,3.75000000000128));
#8505=CARTESIAN_POINT('',(43.2057116783044,40.1407905386684,3.75000000000056));
#8506=CARTESIAN_POINT('',(35.1845135709058,34.5242871583944,3.75));
#8507=CARTESIAN_POINT('',(43.2185708227307,40.2137183706691,-8.67361737988404E-16));
#8508=CARTESIAN_POINT('Origin',(35.9301629381621,33.4593895008187,3.75));
#8509=CARTESIAN_POINT('',(44.6970104128171,38.010995223517,3.75000000000046));
#8510=CARTESIAN_POINT('',(36.6758123054185,32.394491843243,3.75));
#8511=CARTESIAN_POINT('Origin',(43.9513610455608,39.0758928810927,3.74999999999998));
#8512=CARTESIAN_POINT('Origin',(-3.12442526374813,4.46214171263658,0.));
#8513=CARTESIAN_POINT('',(44.6970104128172,38.010995223517,3.75));
#8514=CARTESIAN_POINT('Origin',(46.0004332562992,36.942872997089,15.4550094588939));
#8515=CARTESIAN_POINT('Origin',(42.4567245030005,41.9958864167568,15.7806316915396));
#8516=CARTESIAN_POINT('',(42.4567245030005,43.9956914647755,15.8085560522179));
#8517=CARTESIAN_POINT('Origin',(45.9967573234334,15.2682192279392,15.7182616488332));
#8518=CARTESIAN_POINT('Origin',(43.6904247087602,7.29980315946095,15.481383069788));
#8519=CARTESIAN_POINT('Origin',(25.,-7.67272225197279,1.45));
#8520=CARTESIAN_POINT('',(24.8568527526339,-1.47495277397315,1.4349546180352));
#8521=CARTESIAN_POINT('',(24.8568527526339,-7.67272225197279,1.4349546180352));
#8522=CARTESIAN_POINT('',(18.9857239542103,-1.4857239542103,0.817874115530639));
#8523=CARTESIAN_POINT('',(18.9857239542103,-7.67272225197279,0.817874115530639));
#8524=CARTESIAN_POINT('',(24.8568527526339,-1.47495277397315,1.4349546180352));
#8525=CARTESIAN_POINT('Origin',(19.,-7.67272225197279,0.));
#8526=CARTESIAN_POINT('',(19.,-1.5,0.));
#8527=CARTESIAN_POINT('Origin',(14.,0.,0.));
#8528=CARTESIAN_POINT('',(14.0698202597129,-1.43017974028713,4.));
#8529=CARTESIAN_POINT('',(14.0698202597129,-1.43017974028713,4.));
#8530=CARTESIAN_POINT('',(14.0698202597129,0.,4.));
#8531=CARTESIAN_POINT('Origin',(0.,0.,4.));
#8532=CARTESIAN_POINT('',(-1.39999999999977,-7.55000000000005,4.0000000000191));
#8533=CARTESIAN_POINT('',(-0.500000000000101,-7.25,4.00000000000955));
#8534=CARTESIAN_POINT('Origin',(-1.,-7.25,4.0000000000191));
#8535=CARTESIAN_POINT('',(0.999999999999998,-8.7499999999999,4.00000000000955));
#8536=CARTESIAN_POINT('Origin',(0.999999999999998,-5.75,4.0000000000191));
#8537=CARTESIAN_POINT('',(23.550002741682,-8.75,4.));
#8538=CARTESIAN_POINT('',(0.,-8.75,4.));
#8539=CARTESIAN_POINT('',(23.550002741682,-1.43017974028713,4.));
#8540=CARTESIAN_POINT('',(23.550002741682,0.,4.));
#8541=CARTESIAN_POINT('',(0.,-1.43017974028713,4.));
#8542=CARTESIAN_POINT('',(-0.500000000000001,0.,4.));
#8543=CARTESIAN_POINT('Origin',(-0.500000000000002,-4.95635278850518E-17,
4.));
#8544=CARTESIAN_POINT('',(-0.562834149933737,-7.25,9.99999999999545));
#8545=CARTESIAN_POINT('',(-0.562834149933785,-4.95635278850518E-17,10.));
#8546=CARTESIAN_POINT('',(-0.500000000000001,-7.25,4.));
#8547=CARTESIAN_POINT('Origin',(0.,0.,10.));
#8548=CARTESIAN_POINT('',(-0.066140757599206,2.0567994779705,10.));
#8549=CARTESIAN_POINT('Origin',(1.92339549301588,2.26340426671027,10.));
#8550=CARTESIAN_POINT('',(-1.53720240339199,2.0567994779705,10.));
#8551=CARTESIAN_POINT('',(0.,2.0567994779705,10.));
#8552=CARTESIAN_POINT('',(-1.93716585006622,1.65681897304984,10.));
#8553=CARTESIAN_POINT('Origin',(-1.5371439166098,1.65676048377322,10.));
#8554=CARTESIAN_POINT('',(-1.93716585006627,-5.75,9.99999999999545));
#8555=CARTESIAN_POINT('',(-1.93716585006622,0.,10.));
#8556=CARTESIAN_POINT('',(-1.34973268005299,-7.51229951003986,9.99999999999091));
#8557=CARTESIAN_POINT('Origin',(0.999999999999998,-5.75,9.99999999999091));
#8558=CARTESIAN_POINT('Origin',(-1.,-7.25,9.99999999999091));
#8559=CARTESIAN_POINT('Origin',(1.99939773393265,2.33940650762704,15.4429058124954));
#8560=CARTESIAN_POINT('Origin',(1.820093098646,2.16010187234038,2.60199178368614));
#8561=CARTESIAN_POINT('Origin',(0.,1.98,15.5));
#8562=CARTESIAN_POINT('',(-1.64192598661496,2.19643489246232,-1.73472347597681E-15));
#8563=CARTESIAN_POINT('Origin',(0.,11.6,0.));
#8564=CARTESIAN_POINT('',(0.,11.6418906243475,-3.));
#8565=CARTESIAN_POINT('Origin',(0.,0.,-3.));
#8566=CARTESIAN_POINT('',(0.,26.3581093756525,-3.));
#8567=CARTESIAN_POINT('Origin',(0.,26.4,0.));
#8568=CARTESIAN_POINT('Origin',(2.0067690232525,35.7232309767475,15.9708012140074));
#8569=CARTESIAN_POINT('Origin',(30.5189912414312,39.7316809017153,15.3935849666586));
#8570=CARTESIAN_POINT('Origin',(40.7362564365411,41.9966633203712,15.7249936847217));
#8571=CARTESIAN_POINT('',(40.7362564365411,43.9964683683898,15.7529180454));
#8572=CARTESIAN_POINT('Origin',(3.8,34.2,-1.5));
#8573=CARTESIAN_POINT('Origin',(38.2,3.8,-1.5));
#8574=CARTESIAN_POINT('Origin',(41.,25.,-1.5));
#8575=CARTESIAN_POINT('Origin',(35.9301629381621,33.4593895008187,3.75));
#8576=CARTESIAN_POINT('',(40.9687675674083,38.8186203274174,3.75000000000019));
#8577=CARTESIAN_POINT('',(35.0697982836356,34.6881175672522,3.75));
#8578=CARTESIAN_POINT('',(42.6894968764614,36.3611641945504,3.75000000000072));
#8579=CARTESIAN_POINT('Origin',(41.8291322219348,37.5898922609839,3.74999999999999));
#8580=CARTESIAN_POINT('',(36.7905275926887,32.2306614343852,3.75));
#8581=CARTESIAN_POINT('Origin',(-3.00970997647792,4.29831130377878,0.));
#8582=CARTESIAN_POINT('',(42.6766377320351,36.2882363625496,5.42048244402314E-17));
#8583=CARTESIAN_POINT('Origin',(-1.89259144756308,2.70290070341438,7.));
#8584=CARTESIAN_POINT('',(36.6112284513172,29.5442412904875,0.));
#8585=CARTESIAN_POINT('Origin',(-6.07969943292573,8.68271062672402,7.));
#8586=CARTESIAN_POINT('Origin',(35.0697982836356,34.6881175672522,3.75000000000091));
#8587=CARTESIAN_POINT('',(40.9687675674082,38.8186203274174,3.75));
#8588=CARTESIAN_POINT('Origin',(0.,44.,15.5));
#8589=CARTESIAN_POINT('Origin',(45.7664155531783,32.0459891671736,7.));
#8590=CARTESIAN_POINT('',(39.6867161202526,40.7286997938976,7.));
#8591=CARTESIAN_POINT('',(43.8738241056152,34.748889870588,7.));
#8592=CARTESIAN_POINT('',(45.7664155531783,32.0459891671736,7.));
#8593=CARTESIAN_POINT('',(43.8738241056152,34.748889870588,7.));
#8594=CARTESIAN_POINT('',(39.5505841671845,40.7527035301601,0.));
#8595=CARTESIAN_POINT('Origin',(47.8142956639008,33.4799302580513,7.));
#8596=CARTESIAN_POINT('',(45.5,36.7850869974631,7.));
#8597=CARTESIAN_POINT('',(45.5977447901443,36.8159058114148,-8.67361737988404E-16));
#8598=CARTESIAN_POINT('',(42.1985823736206,41.5,7.));
#8599=CARTESIAN_POINT('',(47.8142956639008,33.4799302580513,7.));
#8600=CARTESIAN_POINT('',(42.1985823736206,41.5,7.));
#8601=CARTESIAN_POINT('Origin',(0.,-1.5,0.));
#8602=CARTESIAN_POINT('',(24.8195183199587,-1.41272467535891,5.));
#8603=CARTESIAN_POINT('',(23.5604751000043,-1.41272467535891,5.));
#8604=CARTESIAN_POINT('',(0.,-1.41272467535891,5.));
#8605=CARTESIAN_POINT('',(24.8195183199587,-1.41272467535891,5.));
#8606=CARTESIAN_POINT('',(23.550002741682,-1.43017974028713,4.));
#8607=CARTESIAN_POINT('Origin',(-2.,-1.98254111540207E-16,4.));
#8608=CARTESIAN_POINT('',(-2.,-5.75,4.));
#8609=CARTESIAN_POINT('',(-1.93716585006622,1.65681897304984,10.));
#8610=CARTESIAN_POINT('Origin',(0.,2.5,13.));
#8611=CARTESIAN_POINT('',(21.25,2.41621875130491,7.));
#8612=CARTESIAN_POINT('',(21.3337812486951,2.5,13.));
#8613=CARTESIAN_POINT('',(21.25,2.41621875130491,7.));
#8614=CARTESIAN_POINT('',(0.,2.5,13.));
#8615=CARTESIAN_POINT('',(33.25,2.40923698058032,6.5));
#8616=CARTESIAN_POINT('Ctrl Pts',(35.1474224744735,2.47696016659631,11.3500007152523));
#8617=CARTESIAN_POINT('Ctrl Pts',(35.2313585992208,2.42185876272935,7.40390981363609));
#8618=CARTESIAN_POINT('Ctrl Pts',(35.3152947239674,2.36903002758415,3.62057624188729));
#8619=CARTESIAN_POINT('Ctrl Pts',(35.3992308487136,2.31847396116064,0.));
#8620=CARTESIAN_POINT('',(15.75,2.41621875130491,7.00000000000004));
#8621=CARTESIAN_POINT('',(15.6662187513049,2.5,13.));
#8622=CARTESIAN_POINT('Origin',(18.5,2.41621875130491,7.));
#8623=CARTESIAN_POINT('Origin',(38.2,3.8,11.4999999999554));
#8624=CARTESIAN_POINT('Ctrl Pts',(40.0230398334044,6.58301809543323,11.3500007152358));
#8625=CARTESIAN_POINT('Ctrl Pts',(40.0789382010328,6.47957769747185,7.34683519797309));
#8626=CARTESIAN_POINT('Ctrl Pts',(40.1317669361769,6.37605190852052,3.56350162622584));
#8627=CARTESIAN_POINT('Ctrl Pts',(40.1815260388392,6.27240405273124,0.));
#8628=CARTESIAN_POINT('',(35.7371327576899,5.85930224072319,2.99999999999295));
#8629=CARTESIAN_POINT('Ctrl Pts',(35.5839870890779,5.85551463195558,11.3500007152523));
#8630=CARTESIAN_POINT('Ctrl Pts',(35.6229504191648,5.85677205412771,9.21155482108065));
#8631=CARTESIAN_POINT('Ctrl Pts',(35.6621054246814,5.85781544302828,7.07311227192177));
#8632=CARTESIAN_POINT('Ctrl Pts',(35.7014660811813,5.85862919024366,4.93467344029297));
#8633=CARTESIAN_POINT('Ctrl Pts',(35.7133361201555,5.85887459293815,4.28978195390094));
#8634=CARTESIAN_POINT('Ctrl Pts',(35.7252248741242,5.85909909744705,3.64489080339197));
#8635=CARTESIAN_POINT('Ctrl Pts',(35.7371327576899,5.85930224072319,2.99999999999295));
#8636=CARTESIAN_POINT('',(36.4229243788938,6.47365723471835,2.99999999999295));
#8637=CARTESIAN_POINT('Origin',(38.2,3.8,2.9999999999859));
#8638=CARTESIAN_POINT('Ctrl Pts',(36.4229243788938,6.47365723471835,2.99999999999295));
#8639=CARTESIAN_POINT('Ctrl Pts',(36.4278545490668,6.51231849932677,5.1104122463167));
#8640=CARTESIAN_POINT('Ctrl Pts',(36.4329895362634,6.55075120899137,7.22082822047615));
#8641=CARTESIAN_POINT('Ctrl Pts',(36.4383153821035,6.5889709373188,9.33124754779737));
#8642=CARTESIAN_POINT('Ctrl Pts',(36.4400135537387,6.60115748204826,10.0041649298879));
#8643=CARTESIAN_POINT('Ctrl Pts',(36.4417311418827,6.613322359735,10.6770826560142));
#8644=CARTESIAN_POINT('Ctrl Pts',(36.4434677280486,6.62546603729587,11.350000715117));
#8645=CARTESIAN_POINT('Origin',(40.,0.,13.));
#8646=CARTESIAN_POINT('',(40.,8.82842712474618,13.));
#8647=CARTESIAN_POINT('Origin',(15.5857864376271,-15.585786437627,13.));
#8648=CARTESIAN_POINT('',(40.5396354144918,9.17058824227609,3.));
#8649=CARTESIAN_POINT('',(45.6396354078335,14.2705882450341,3.00000047683716));
#8650=CARTESIAN_POINT('',(15.6845235861081,-15.6845235861079,2.99999999999999));
#8651=CARTESIAN_POINT('',(45.5,14.3284271247462,13.));
#8652=CARTESIAN_POINT('',(40.4,9.22842712474619,13.));
#8653=CARTESIAN_POINT('Origin',(45.5,0.,13.));
#8654=CARTESIAN_POINT('',(45.6396354078335,0.,3.00000047683716));
#8655=CARTESIAN_POINT('Origin',(-1.20429972394183,1.71991825026759,13.));
#8656=CARTESIAN_POINT('',(-1.28439130355538,1.83430088004952,3.00000047683716));
#8657=CARTESIAN_POINT('',(37.0947586407287,28.5372076235436,13.));
#8658=CARTESIAN_POINT('Origin',(-1.89259144756308,2.70290070341438,7.));
#8659=CARTESIAN_POINT('',(45.5,35.8875504902911,7.));
#8660=CARTESIAN_POINT('',(45.5,35.8875504902911,7.));
#8661=CARTESIAN_POINT('',(-1.89259144756308,2.70290070341438,7.));
#8662=CARTESIAN_POINT('Origin',(24.8300093212079,0.,3.99821979670024));
#8663=CARTESIAN_POINT('',(24.8195183199587,-8.7395276416777,5.));
#8664=CARTESIAN_POINT('',(24.8195183199587,0.,5.));
#8665=CARTESIAN_POINT('',(24.8195183199587,-8.7395276416777,5.));
#8666=CARTESIAN_POINT('Origin',(0.,-8.75,4.));
#8667=CARTESIAN_POINT('',(23.5604751000043,-8.7395276416777,5.));
#8668=CARTESIAN_POINT('',(0.,-8.7395276416777,5.));
#8669=CARTESIAN_POINT('',(23.5604751000043,-8.7395276416777,5.));
#8670=CARTESIAN_POINT('',(0.999999999999998,-8.75,4.));
#8671=CARTESIAN_POINT('Origin',(0.999999999999998,-5.75,1.13686837721616E-10));
#8672=CARTESIAN_POINT('',(-1.39999999999977,-7.55000000000005,4.0000000000191));
#8673=CARTESIAN_POINT('Origin',(23.5499972584683,0.,3.99947641079419));
#8674=CARTESIAN_POINT('',(23.5604751000043,0.,5.));
#8675=CARTESIAN_POINT('Origin',(-1.,-7.25,4.00000000013279));
#8676=CARTESIAN_POINT('Origin',(13.25,19.,11.35));
#8677=CARTESIAN_POINT('',(15.9999998399126,14.2368591879295,7.00331576748036));
#8678=CARTESIAN_POINT('',(18.3157887331485,16.858090670066,4.76703082251964));
#8679=CARTESIAN_POINT('Ctrl Pts',(16.0000005480776,14.2368595967915,7.00331575280326));
#8680=CARTESIAN_POINT('Ctrl Pts',(15.9996784770992,14.2366472417198,6.79799214419107));
#8681=CARTESIAN_POINT('Ctrl Pts',(16.0247625996505,14.2508885590513,6.59702110556515));
#8682=CARTESIAN_POINT('Ctrl Pts',(16.1268206290101,14.3119712300307,6.19424828607403));
#8683=CARTESIAN_POINT('Ctrl Pts',(16.2033575210897,14.3587476532273,6.00479376608344));
#8684=CARTESIAN_POINT('Ctrl Pts',(16.3486206582558,14.4555598788541,5.74416973277505));
#8685=CARTESIAN_POINT('Ctrl Pts',(16.4020669663384,14.492311606428,5.66175471852989));
#8686=CARTESIAN_POINT('Ctrl Pts',(16.5143899907575,14.5729763043251,5.51010127362289));
#8687=CARTESIAN_POINT('Ctrl Pts',(16.5736840997684,14.6171612612042,5.4400905697206));
#8688=CARTESIAN_POINT('Ctrl Pts',(16.6973071912723,14.7137166992435,5.31085700943271));
#8689=CARTESIAN_POINT('Ctrl Pts',(16.7620654226724,14.7664834201217,5.25137207852978));
#8690=CARTESIAN_POINT('Ctrl Pts',(16.8915734886972,14.8773541636888,5.14565404737961));
#8691=CARTESIAN_POINT('Ctrl Pts',(16.9566973546669,14.9357190421934,5.09894212965049));
#8692=CARTESIAN_POINT('Ctrl Pts',(17.1518081552017,15.1195576215674,4.9745352452856));
#8693=CARTESIAN_POINT('Ctrl Pts',(17.2818770844092,15.2541938349623,4.9123382112234));
#8694=CARTESIAN_POINT('Ctrl Pts',(17.5340283193541,15.5454091401744,4.82028305448582));
#8695=CARTESIAN_POINT('Ctrl Pts',(17.6529780599377,15.6982318563594,4.79139335755086));
#8696=CARTESIAN_POINT('Ctrl Pts',(17.9812726456196,16.1698984174747,4.73904092256344));
#8697=CARTESIAN_POINT('Ctrl Pts',(18.168958672476,16.5109965386444,4.74719395392749));
#8698=CARTESIAN_POINT('Ctrl Pts',(18.315788731284,16.8580906656561,4.7670309209267));
#8699=CARTESIAN_POINT('Ctrl Pts',(15.9744448548608,14.2221971333235,9.00000000000001));
#8700=CARTESIAN_POINT('Ctrl Pts',(15.9829831397327,14.2270659165181,8.3329419600556));
#8701=CARTESIAN_POINT('Ctrl Pts',(15.9915023004705,14.2319541298103,7.66737757577029));
#8702=CARTESIAN_POINT('Ctrl Pts',(16.0000001152298,14.236860345706,7.00331577955743));
#8703=CARTESIAN_POINT('',(18.3157894736842,16.8580903360995,11.35));
#8704=CARTESIAN_POINT('',(18.3157894736842,16.8580903360995,11.35));
#8705=CARTESIAN_POINT('Origin',(18.5,16.7802027119577,11.35));
#8706=CARTESIAN_POINT('',(18.6842105263158,16.8580903360995,11.35));
#8707=CARTESIAN_POINT('Origin',(23.75,19.,11.35));
#8708=CARTESIAN_POINT('',(18.5,17.3606403689245,12.35));
#8709=CARTESIAN_POINT('',(18.5,17.3606403689245,11.35));
#8710=CARTESIAN_POINT('Origin',(23.75,19.,12.35));
#8711=CARTESIAN_POINT('',(18.684210470046,16.8580903535761,4.76703042825459));
#8712=CARTESIAN_POINT('Ctrl Pts',(18.6842104745396,16.8580903429483,4.76703066780939));
#8713=CARTESIAN_POINT('Ctrl Pts',(18.8335646591157,16.5048460479044,4.74682267220739));
#8714=CARTESIAN_POINT('Ctrl Pts',(19.0184472115935,16.1704035640382,4.73905369943883));
#8715=CARTESIAN_POINT('Ctrl Pts',(19.3464033638761,15.6990681789319,4.79126539248898));
#8716=CARTESIAN_POINT('Ctrl Pts',(19.4673522087018,15.5438115325688,4.8207839931595));
#8717=CARTESIAN_POINT('Ctrl Pts',(19.7168216438022,15.255699908686,4.91186620832757));
#8718=CARTESIAN_POINT('Ctrl Pts',(19.8456424307285,15.1220944843777,4.97314408700416));
#8719=CARTESIAN_POINT('Ctrl Pts',(20.1065482349893,14.8759948529541,5.13903835708802));
#8720=CARTESIAN_POINT('Ctrl Pts',(20.240147695728,14.7626183565264,5.2456660075614));
#8721=CARTESIAN_POINT('Ctrl Pts',(20.4250200048082,14.6181482648158,5.43864083715583));
#8722=CARTESIAN_POINT('Ctrl Pts',(20.4844664022157,14.5738114478441,5.50864418036702));
#8723=CARTESIAN_POINT('Ctrl Pts',(20.5976419078929,14.4925069898423,5.66127579657907));
#8724=CARTESIAN_POINT('Ctrl Pts',(20.6510576180135,14.4557839824966,5.74370811992508));
#8725=CARTESIAN_POINT('Ctrl Pts',(20.747275415356,14.3916393186535,5.91610769508418));
#8726=CARTESIAN_POINT('Ctrl Pts',(20.7905807749911,14.363854255746,6.00670257637382));
#8727=CARTESIAN_POINT('Ctrl Pts',(20.8665424317019,14.3162320762936,6.19704709798831));
#8728=CARTESIAN_POINT('Ctrl Pts',(20.8993974855264,14.2962803986184,6.29781064284017));
#8729=CARTESIAN_POINT('Ctrl Pts',(20.9747268444922,14.2511923243782,6.59483082598658));
#8730=CARTESIAN_POINT('Ctrl Pts',(21.0003089704525,14.2366555478085,6.79651328499987));
#8731=CARTESIAN_POINT('Ctrl Pts',(20.9999989141992,14.2368599524079,7.00331575170431));
#8732=CARTESIAN_POINT('',(18.6842105263158,16.8580903360995,11.35));
#8733=CARTESIAN_POINT('Origin',(18.5,16.7802027119577,11.35));
#8734=CARTESIAN_POINT('Origin',(18.5,16.7802027119577,4.76703121730564));
#8735=CARTESIAN_POINT('Origin',(-1.59976747969728,1.74026094202298,4.02010882743148));
#8736=CARTESIAN_POINT('Origin',(18.5,39.,7.));
#8737=CARTESIAN_POINT('Origin',(0.,31.8,13.));
#8738=CARTESIAN_POINT('',(24.3337812486951,31.8,13.));
#8739=CARTESIAN_POINT('',(34.8537405806455,31.8837812486951,7.));
#8740=CARTESIAN_POINT('Origin',(38.2990583646705,26.817289373276,13.));
#8741=CARTESIAN_POINT('Origin',(0.,0.,7.));
#8742=CARTESIAN_POINT('',(40.7882469721974,41.5,7.));
#8743=CARTESIAN_POINT('',(40.7882469721974,41.5,7.));
#8744=CARTESIAN_POINT('',(0.,41.5,7.));
#8745=CARTESIAN_POINT('',(45.5,0.,7.));
#8746=CARTESIAN_POINT('Origin',(-6.07969943292573,8.68271062672402,7.));
#8747=CARTESIAN_POINT('',(40.7574281582458,41.5977447901443,-1.73472347597681E-15));
#8748=CARTESIAN_POINT('Origin',(18.5,30.,7.));
#8749=CARTESIAN_POINT('',(24.2499999999845,30.7999999999998,7.));
#8750=CARTESIAN_POINT('',(24.25,30.,7.));
#8751=CARTESIAN_POINT('Origin',(18.5,30.8,7.));
#8752=CARTESIAN_POINT('Origin',(0.,41.5,7.));
#8753=CARTESIAN_POINT('Origin',(45.5,0.,7.));
#8754=CARTESIAN_POINT('Origin',(-0.500000000000001,-6.75,1.5));
#8755=CARTESIAN_POINT('Origin',(0.,0.,13.));
#8756=CARTESIAN_POINT('',(21.3337812486951,9.3,13.));
#8757=CARTESIAN_POINT('',(21.3337812486951,0.,13.));
#8758=CARTESIAN_POINT('',(0.,9.3,13.));
#8759=CARTESIAN_POINT('Origin',(21.3337812486951,-4.70975525283302E-15,
13.));
#8760=CARTESIAN_POINT('',(21.2779270828984,9.35585416579673,9.));
#8761=CARTESIAN_POINT('',(21.3337812486951,9.3,13.));
#8762=CARTESIAN_POINT('',(21.25,-4.70975525283302E-15,7.));
#8763=CARTESIAN_POINT('',(21.2779270828984,11.,9.));
#8764=CARTESIAN_POINT('Origin',(18.5,-12.5224797863682,7.));
#8765=CARTESIAN_POINT('',(15.7499972602635,13.8038393977888,6.99999999661217));
#8766=CARTESIAN_POINT('',(15.75,-12.5224797863682,7.));
#8767=CARTESIAN_POINT('',(18.4998689728678,16.0954012904328,4.24970611026057));
#8768=CARTESIAN_POINT('Ctrl Pts',(15.7499945204411,13.803842342374,6.9999999972488));
#8769=CARTESIAN_POINT('Ctrl Pts',(15.7499779396061,13.8038413078654,6.9334269843679));
#8770=CARTESIAN_POINT('Ctrl Pts',(15.7523497771721,13.8049482074245,6.86717977224102));
#8771=CARTESIAN_POINT('Ctrl Pts',(15.7570798122074,13.8071751966614,6.80142326086824));
#8772=CARTESIAN_POINT('Ctrl Pts',(15.7601025338243,13.8085983507093,6.75940166337473));
#8773=CARTESIAN_POINT('Ctrl Pts',(15.7640873517778,13.8104784871013,6.71758029512622));
#8774=CARTESIAN_POINT('Ctrl Pts',(15.7690165072898,13.8128139269599,6.67600043759534));
#8775=CARTESIAN_POINT('Ctrl Pts',(15.7767874686,13.8164958178516,6.61044854673563));
#8776=CARTESIAN_POINT('Ctrl Pts',(15.7869069019304,13.8213288420876,6.54550502599677));
#8777=CARTESIAN_POINT('Ctrl Pts',(15.7992652665204,13.8272860861435,6.48132700290807));
#8778=CARTESIAN_POINT('Ctrl Pts',(15.8070124901053,13.8310205690772,6.44109502152535));
#8779=CARTESIAN_POINT('Ctrl Pts',(15.8156386389849,13.8351963635595,6.40116369528413));
#8780=CARTESIAN_POINT('Ctrl Pts',(15.8251077071147,13.8398019070268,6.36157003736935));
#8781=CARTESIAN_POINT('Ctrl Pts',(15.8326757032008,13.8434828114681,6.32992546115274));
#8782=CARTESIAN_POINT('Ctrl Pts',(15.8407628314115,13.8474287719996,6.29856633523069));
#8783=CARTESIAN_POINT('Ctrl Pts',(15.8494024049682,13.8516594797858,6.26731153331589));
#8784=CARTESIAN_POINT('Ctrl Pts',(15.8547038695573,13.8542555509191,6.2481327828253));
#8785=CARTESIAN_POINT('Ctrl Pts',(15.8601910616432,13.8569486724397,6.22907737021231));
#8786=CARTESIAN_POINT('Ctrl Pts',(15.8658744366406,13.8597462497353,6.21010416185099));
#8787=CARTESIAN_POINT('Ctrl Pts',(15.8724321369623,13.8629742038189,6.18821213209196));
#8788=CARTESIAN_POINT('Ctrl Pts',(15.8792487824461,13.8663401342711,6.16643866639325));
#8789=CARTESIAN_POINT('Ctrl Pts',(15.8863209740105,13.8698459550061,6.14479147378345));
#8790=CARTESIAN_POINT('Ctrl Pts',(15.8955650278813,13.8744284094604,6.11649645196215));
#8791=CARTESIAN_POINT('Ctrl Pts',(15.9052458827831,13.8792499658727,6.08841674215574));
#8792=CARTESIAN_POINT('Ctrl Pts',(15.9153548987498,13.8843144555329,6.06056675811148));
#8793=CARTESIAN_POINT('Ctrl Pts',(15.9330893868876,13.8931992106959,6.01170886597903));
#8794=CARTESIAN_POINT('Ctrl Pts',(15.9521405491976,13.9028598463837,5.96356371465351));
#8795=CARTESIAN_POINT('Ctrl Pts',(15.9724496188792,13.913279735411,5.91619740905066));
#8796=CARTESIAN_POINT('Ctrl Pts',(15.9812950497729,13.9178180234644,5.89556744473084));
#8797=CARTESIAN_POINT('Ctrl Pts',(15.9902331173665,13.92242239543,5.87541523276673));
#8798=CARTESIAN_POINT('Ctrl Pts',(15.9994418768477,13.9271866004772,5.85530872922946));
#8799=CARTESIAN_POINT('Ctrl Pts',(16.0086043476452,13.9319268578058,5.83530329289721));
#8800=CARTESIAN_POINT('Ctrl Pts',(16.0180348622191,13.9368252782572,5.815343112045));
#8801=CARTESIAN_POINT('Ctrl Pts',(16.0279463076242,13.9419978401744,5.79502795624009));
#8802=CARTESIAN_POINT('Ctrl Pts',(16.0309449447627,13.9435627619019,5.7888817506989));
#8803=CARTESIAN_POINT('Ctrl Pts',(16.033987862185,13.9451529462508,5.78270323113741));
#8804=CARTESIAN_POINT('Ctrl Pts',(16.037081641019,13.9467720612622,5.77648178612556));
#8805=CARTESIAN_POINT('Ctrl Pts',(16.0622152685574,13.959925630351,5.7259392328054));
#8806=CARTESIAN_POINT('Ctrl Pts',(16.0886213083176,13.9739306223041,5.67675110132922));
#8807=CARTESIAN_POINT('Ctrl Pts',(16.1162765061724,13.9888260664091,5.6287133256168));
#8808=CARTESIAN_POINT('Ctrl Pts',(16.1274026764163,13.9948187643402,5.60938688747246));
#8809=CARTESIAN_POINT('Ctrl Pts',(16.1387314901895,14.0009558438012,5.59024693776355));
#8810=CARTESIAN_POINT('Ctrl Pts',(16.1502632045051,14.0072408886578,5.57128134670331));
#8811=CARTESIAN_POINT('Ctrl Pts',(16.1792756737602,14.0230533399271,5.52356609704672));
#8812=CARTESIAN_POINT('Ctrl Pts',(16.2095560695528,14.039809225812,5.47708422369707));
#8813=CARTESIAN_POINT('Ctrl Pts',(16.24091658858,14.0574666802228,5.4319097345795));
#8814=CARTESIAN_POINT('Ctrl Pts',(16.2722809968243,14.0751263244467,5.38672964308675));
#8815=CARTESIAN_POINT('Ctrl Pts',(16.3047270038696,14.0936881439952,5.34285622434621));
#8816=CARTESIAN_POINT('Ctrl Pts',(16.3380934698546,14.1131332775462,5.30039958271839));
#8817=CARTESIAN_POINT('Ctrl Pts',(16.3456724561706,14.1175501193287,5.29075581924441));
#8818=CARTESIAN_POINT('Ctrl Pts',(16.3532989996977,14.1220126156591,5.28118533713171));
#8819=CARTESIAN_POINT('Ctrl Pts',(16.3609713043933,14.1265206797816,5.27168977339967));
#8820=CARTESIAN_POINT('Ctrl Pts',(16.3642658714379,14.1284564891742,5.26761228005412));
#8821=CARTESIAN_POINT('Ctrl Pts',(16.367569953908,14.1304012757925,5.26354677598031));
#8822=CARTESIAN_POINT('Ctrl Pts',(16.370883606304,14.1323551430472,5.25949312788634));
#8823=CARTESIAN_POINT('Ctrl Pts',(16.4166678150826,14.1593514165317,5.20348451609828));
#8824=CARTESIAN_POINT('Ctrl Pts',(16.464115469272,14.1879853976528,5.14994554332947));
#8825=CARTESIAN_POINT('Ctrl Pts',(16.5129677327184,14.2182808880708,5.09888864838851));
#8826=CARTESIAN_POINT('Ctrl Pts',(16.5406536460264,14.2354501707645,5.06995331013824));
#8827=CARTESIAN_POINT('Ctrl Pts',(16.5687901959535,14.2531526944554,5.04181440245312));
#8828=CARTESIAN_POINT('Ctrl Pts',(16.5973269315324,14.2713894418051,5.01446853600524));
#8829=CARTESIAN_POINT('Ctrl Pts',(16.6487500573309,14.3042520146994,4.96519135338796));
#8830=CARTESIAN_POINT('Ctrl Pts',(16.7016955378082,14.3390186986631,4.91836738915396));
#8831=CARTESIAN_POINT('Ctrl Pts',(16.7550999000955,14.3751299428391,4.87451247192479));
#8832=CARTESIAN_POINT('Ctrl Pts',(16.7637182890333,14.3809575706583,4.86743517117022));
#8833=CARTESIAN_POINT('Ctrl Pts',(16.7723486279608,14.3868201777237,4.86043509100107));
#8834=CARTESIAN_POINT('Ctrl Pts',(16.7809864608094,14.3927153761339,4.85351427304328));
#8835=CARTESIAN_POINT('Ctrl Pts',(16.8046208019328,14.4088454787483,4.83457792924807));
#8836=CARTESIAN_POINT('Ctrl Pts',(16.8284626354648,14.4253217258514,4.81611396666393));
#8837=CARTESIAN_POINT('Ctrl Pts',(16.8524205311146,14.4421030851199,4.79818668071803));
#8838=CARTESIAN_POINT('Ctrl Pts',(16.9010384294344,14.4761575960214,4.76180673408133));
#8839=CARTESIAN_POINT('Ctrl Pts',(16.9502918187337,14.5115588026942,4.72745571693101));
#8840=CARTESIAN_POINT('Ctrl Pts',(16.9999914365838,14.5483007961862,4.69511296172468));
#8841=CARTESIAN_POINT('Ctrl Pts',(17.0372092990083,14.5758152624566,4.67089289191796));
#8842=CARTESIAN_POINT('Ctrl Pts',(17.0746770661653,14.6040813586203,4.64779791015025));
#8843=CARTESIAN_POINT('Ctrl Pts',(17.112310758192,14.6330916629324,4.62580148931792));
#8844=CARTESIAN_POINT('Ctrl Pts',(17.1508344930066,14.6627880655447,4.60328484964269));
#8845=CARTESIAN_POINT('Ctrl Pts',(17.189554630019,14.6932869137746,4.58190521498813));
#8846=CARTESIAN_POINT('Ctrl Pts',(17.2283734663433,14.724564008231,4.56165525560934));
#8847=CARTESIAN_POINT('Ctrl Pts',(17.2987619037236,14.7812773467297,4.52493692160821));
#8848=CARTESIAN_POINT('Ctrl Pts',(17.3695099825035,14.8405703886467,4.49191543923153));
#8849=CARTESIAN_POINT('Ctrl Pts',(17.4402171599927,14.9024436660894,4.46239256128635));
#8850=CARTESIAN_POINT('Ctrl Pts',(17.4842785685101,14.9410002009495,4.44399528350008));
#8851=CARTESIAN_POINT('Ctrl Pts',(17.5283233109259,14.9805582390778,4.42695567255899));
#8852=CARTESIAN_POINT('Ctrl Pts',(17.5722565036771,15.0211241680947,4.41121528282127));
#8853=CARTESIAN_POINT('Ctrl Pts',(17.5904714375324,15.0379430166133,4.40468923406464));
#8854=CARTESIAN_POINT('Ctrl Pts',(17.6089326534541,15.055182945542,4.39829423242467));
#8855=CARTESIAN_POINT('Ctrl Pts',(17.6272699931878,15.0725109794403,4.39215753251674));
#8856=CARTESIAN_POINT('Ctrl Pts',(17.6473338625388,15.0914705130092,4.38544303919396));
#8857=CARTESIAN_POINT('Ctrl Pts',(17.667188730671,15.1104766166964,4.37905523444045));
#8858=CARTESIAN_POINT('Ctrl Pts',(17.6863774224241,15.1290708863504,4.37310650974032));
#8859=CARTESIAN_POINT('Ctrl Pts',(17.7581236176568,15.1985945473678,4.35086432829238));
#8860=CARTESIAN_POINT('Ctrl Pts',(17.8287524229756,15.2702389572437,4.33217517203983));
#8861=CARTESIAN_POINT('Ctrl Pts',(17.8981138188113,15.3440909943289,4.31662497269538));
#8862=CARTESIAN_POINT('Ctrl Pts',(17.9636591697095,15.4138799255778,4.30193029620726));
#8863=CARTESIAN_POINT('Ctrl Pts',(18.0280726664336,15.4856402844437,4.29003863867196));
#8864=CARTESIAN_POINT('Ctrl Pts',(18.0912142822541,15.5594478861586,4.28055214630202));
#8865=CARTESIAN_POINT('Ctrl Pts',(18.0948903819331,15.5637449586589,4.27999984349662));
#8866=CARTESIAN_POINT('Ctrl Pts',(18.0985621666682,15.5680489710757,4.27945567886767));
#8867=CARTESIAN_POINT('Ctrl Pts',(18.1022296073951,15.5723599386161,4.27891956853328));
#8868=CARTESIAN_POINT('Ctrl Pts',(18.1652979013858,15.6464948431626,4.26970017912838));
#8869=CARTESIAN_POINT('Ctrl Pts',(18.2270944154394,15.7228353766011,4.26288032538936));
#8870=CARTESIAN_POINT('Ctrl Pts',(18.287363758574,15.8012133623967,4.25818398709598));
#8871=CARTESIAN_POINT('Ctrl Pts',(18.3459395526968,15.8773889521898,4.25361961438679));
#8872=CARTESIAN_POINT('Ctrl Pts',(18.4030728110693,15.9554891705351,4.25106120107543));
#8873=CARTESIAN_POINT('Ctrl Pts',(18.4585048550752,16.0353351693502,4.25021974964749));
#8874=CARTESIAN_POINT('Ctrl Pts',(18.4723384555777,16.0552615074303,4.25000975733879));
#8875=CARTESIAN_POINT('Ctrl Pts',(18.4860659828922,16.0752964477284,4.24990651529164));
#8876=CARTESIAN_POINT('Ctrl Pts',(18.4996831699733,16.0954369552923,4.24990515980775));
#8877=CARTESIAN_POINT('Ctrl Pts',(18.4999999429385,16.0952624514902,4.25));
#8878=CARTESIAN_POINT('Ctrl Pts',(18.5609002792828,16.0052001886499,4.24999999873634));
#8879=CARTESIAN_POINT('Ctrl Pts',(18.623835488719,15.9174828736774,4.2520217689093));
#8880=CARTESIAN_POINT('Ctrl Pts',(18.6886408244518,15.8321105114295,4.25647769475986));
#8881=CARTESIAN_POINT('Ctrl Pts',(18.7496783210398,15.751701773314,4.26067454916737));
#8882=CARTESIAN_POINT('Ctrl Pts',(18.8123747253617,15.6733732394891,4.26703125287493));
#8883=CARTESIAN_POINT('Ctrl Pts',(18.8765422502897,15.5971249140127,4.27590089502111));
#8884=CARTESIAN_POINT('Ctrl Pts',(18.8805033058007,15.5924181117763,4.2764484172287));
#8885=CARTESIAN_POINT('Ctrl Pts',(18.8844699505956,15.5877192363438,4.27700551661482));
#8886=CARTESIAN_POINT('Ctrl Pts',(18.8884421338855,15.5830282877162,4.27757227669447));
#8887=CARTESIAN_POINT('Ctrl Pts',(18.9506812588264,15.5095270123675,4.28645269555601));
#8888=CARTESIAN_POINT('Ctrl Pts',(19.0142855169881,15.4379718433459,4.29770516506351));
#8889=CARTESIAN_POINT('Ctrl Pts',(19.0790348251638,15.3683627806515,4.31165131144646));
#8890=CARTESIAN_POINT('Ctrl Pts',(19.1208986251358,15.3233568962802,4.32066822141826));
#8891=CARTESIAN_POINT('Ctrl Pts',(19.1632400978598,15.2791645419467,4.33081119039624));
#8892=CARTESIAN_POINT('Ctrl Pts',(19.205988122397,15.235785717651,4.34216615059663));
#8893=CARTESIAN_POINT('Ctrl Pts',(19.2250360864524,15.216456677423,4.34722577325964));
#8894=CARTESIAN_POINT('Ctrl Pts',(19.2438044669436,15.1976347513092,4.35242599798989));
#8895=CARTESIAN_POINT('Ctrl Pts',(19.2628550620556,15.1787757329071,4.35792654260028));
#8896=CARTESIAN_POINT('Ctrl Pts',(19.280097790247,15.1617064011433,4.36290509550448));
#8897=CARTESIAN_POINT('Ctrl Pts',(19.2975717084374,15.1446066830321,4.36813012988678));
#8898=CARTESIAN_POINT('Ctrl Pts',(19.3156825450197,15.12707306704,4.37375515502643));
#8899=CARTESIAN_POINT('Ctrl Pts',(19.3836407897972,15.0612807574457,4.39486223274665));
#8900=CARTESIAN_POINT('Ctrl Pts',(19.4520686459461,14.9979013953991,4.41900872331563));
#8901=CARTESIAN_POINT('Ctrl Pts',(19.5206243866598,14.9369475430657,4.44640922202572));
#8902=CARTESIAN_POINT('Ctrl Pts',(19.5876966943562,14.8773126314388,4.47321681919239));
#8903=CARTESIAN_POINT('Ctrl Pts',(19.6548911819537,14.8199993971432,4.5031394807716));
#8904=CARTESIAN_POINT('Ctrl Pts',(19.7218489478861,14.7650196043891,4.53634719399229));
#8905=CARTESIAN_POINT('Ctrl Pts',(19.788004664356,14.7106983836858,4.56915713067179));
#8906=CARTESIAN_POINT('Ctrl Pts',(19.8539290740306,14.6586550373625,4.60517426621494));
#8907=CARTESIAN_POINT('Ctrl Pts',(19.9192408855438,14.6089009119225,4.64452652131234));
#8908=CARTESIAN_POINT('Ctrl Pts',(19.9834227187359,14.5600075968295,4.68319793179502));
#8909=CARTESIAN_POINT('Ctrl Pts',(20.047012669479,14.5133249749328,4.7250903557191));
#8910=CARTESIAN_POINT('Ctrl Pts',(20.1096186531057,14.4688638139387,4.77028526677196));
#8911=CARTESIAN_POINT('Ctrl Pts',(20.1486752945743,14.4411267906763,4.79848003882002));
#8912=CARTESIAN_POINT('Ctrl Pts',(20.1873484016109,14.4142543306768,4.82795928760094));
#8913=CARTESIAN_POINT('Ctrl Pts',(20.2255374858687,14.38824904827,4.85873392945626));
#8914=CARTESIAN_POINT('Ctrl Pts',(20.2887974765517,14.345171452807,4.90971194044744));
#8915=CARTESIAN_POINT('Ctrl Pts',(20.350752605393,14.304459037654,4.96426462619013));
#8916=CARTESIAN_POINT('Ctrl Pts',(20.4109345303129,14.2661118028111,5.02241834028082));
#8917=CARTESIAN_POINT('Ctrl Pts',(20.4671480288323,14.2302932039222,5.07673736921319));
#8918=CARTESIAN_POINT('Ctrl Pts',(20.52181392009,14.1965381471433,5.13419804584611));
#8919=CARTESIAN_POINT('Ctrl Pts',(20.5745279716066,14.1648466324744,5.19477599865787));
#8920=CARTESIAN_POINT('Ctrl Pts',(20.6265909053453,14.1335465676755,5.25460569970571));
#8921=CARTESIAN_POINT('Ctrl Pts',(20.6767495769904,14.1042593825592,5.31747638765252));
#8922=CARTESIAN_POINT('Ctrl Pts',(20.7245978617467,14.0769850771255,5.38331686669527));
#8923=CARTESIAN_POINT('Ctrl Pts',(20.7716352356779,14.0501730041341,5.44804151144103));
#8924=CARTESIAN_POINT('Ctrl Pts',(20.8164394916513,14.0253061622362,5.51563629693952));
#8925=CARTESIAN_POINT('Ctrl Pts',(20.8586139085169,14.0023845514318,5.58598428914295));
#8926=CARTESIAN_POINT('Ctrl Pts',(20.8696136701092,13.9964062291953,5.60433216921445));
#8927=CARTESIAN_POINT('Ctrl Pts',(20.880434495634,13.9905602312495,5.62286706491188));
#8928=CARTESIAN_POINT('Ctrl Pts',(20.8910692728468,13.9848465575945,5.64158631763074));
#8929=CARTESIAN_POINT('Ctrl Pts',(20.9025806591549,13.9786619141962,5.66184857090929));
#8930=CARTESIAN_POINT('Ctrl Pts',(20.9140565140401,13.9725448122344,5.68265669876596));
#8931=CARTESIAN_POINT('Ctrl Pts',(20.9252347350625,13.966612859741,5.70356778817923));
#8932=CARTESIAN_POINT('Ctrl Pts',(20.9364741692401,13.96064842323,5.72459338899473));
#8933=CARTESIAN_POINT('Ctrl Pts',(20.9474125850308,13.954871169537,5.7457228861419));
#8934=CARTESIAN_POINT('Ctrl Pts',(20.9578305900158,13.949400649397,5.76648113480886));
#8935=CARTESIAN_POINT('Ctrl Pts',(20.9601766454884,13.9481687298758,5.77115573450002));
#8936=CARTESIAN_POINT('Ctrl Pts',(20.962496499456,13.9469523653082,5.77581141612487));
#8937=CARTESIAN_POINT('Ctrl Pts',(20.9647879727421,13.9457529209479,5.78044260101218));
#8938=CARTESIAN_POINT('Ctrl Pts',(21.0038348561283,13.9253142955666,5.85935835243416));
#8939=CARTESIAN_POINT('Ctrl Pts',(21.0393743147301,13.9070832823833,5.94072771485752));
#8940=CARTESIAN_POINT('Ctrl Pts',(21.0710700729119,13.8910598813924,6.02424455923787));
#8941=CARTESIAN_POINT('Ctrl Pts',(21.1022907668277,13.8752766433024,6.10650963143654));
#8942=CARTESIAN_POINT('Ctrl Pts',(21.129781762029,13.8616353368091,6.1908581513034));
#8943=CARTESIAN_POINT('Ctrl Pts',(21.153243654877,13.8501359619074,6.2769522091486));
#8944=CARTESIAN_POINT('Ctrl Pts',(21.1765061730258,13.8387343065045,6.36231465607923));
#8945=CARTESIAN_POINT('Ctrl Pts',(21.1958074087568,13.8294383339142,6.44939296346358));
#8946=CARTESIAN_POINT('Ctrl Pts',(21.2108826768166,13.8222480441313,6.53781485037279));
#8947=CARTESIAN_POINT('Ctrl Pts',(21.2257638947859,13.8151503083498,6.62509856348113));
#8948=CARTESIAN_POINT('Ctrl Pts',(21.2365269170237,13.8101043952229,6.71369128199965));
#8949=CARTESIAN_POINT('Ctrl Pts',(21.2429487778939,13.8071103047455,6.80319552380505));
#8950=CARTESIAN_POINT('Ctrl Pts',(21.247624985039,13.8049300975491,6.86836983752948));
#8951=CARTESIAN_POINT('Ctrl Pts',(21.2500000016063,13.8038378317871,6.93402664114759));
#8952=CARTESIAN_POINT('Ctrl Pts',(21.25,13.8038335074575,7.00000006695795));
#8953=CARTESIAN_POINT('Origin',(15.6662187513049,-3.45855501169079E-15,
13.));
#8954=CARTESIAN_POINT('',(15.7220729171016,13.7877958329698,9.));
#8955=CARTESIAN_POINT('Origin',(33.3407630194197,0.,13.));
#8956=CARTESIAN_POINT('Origin',(23.5280473608367,21.0772090940829,13.));
#8957=CARTESIAN_POINT('',(35.6241977568583,7.36525904536267,3.));
#8958=CARTESIAN_POINT('',(23.4240419700048,20.9840375981293,3.));
#8959=CARTESIAN_POINT('',(34.9672698008451,8.11920883939593,3.98603781966085));
#8960=CARTESIAN_POINT('Origin',(35.6345982959415,7.37457619495802,4.));
#8961=CARTESIAN_POINT('',(34.9672698008451,8.11920883939593,3.98603781966085));
#8962=CARTESIAN_POINT('Origin',(38.2,3.8,3.));
#8963=CARTESIAN_POINT('',(34.9384061356543,6.75090405136743,3.));
#8964=CARTESIAN_POINT('',(35.7371327576905,5.85930224072235,3.));
#8965=CARTESIAN_POINT('',(34.9384061356543,6.75090405136744,3.));
#8966=CARTESIAN_POINT('Origin',(22.634244957969,20.2765111081806,13.));
#8967=CARTESIAN_POINT('',(34.2609675298794,7.48647972165578,3.98603781966085));
#8968=CARTESIAN_POINT('',(34.1157672161669,7.49445776087075,11.35));
#8969=CARTESIAN_POINT('Origin',(34.9280055965711,6.74158690177208,4.));
#8970=CARTESIAN_POINT('Origin',(40.4,0.,13.));
#8971=CARTESIAN_POINT('',(40.5396354144918,0.,3.));
#8972=CARTESIAN_POINT('Origin',(0.,0.,5.));
#8973=CARTESIAN_POINT('Ctrl Pts',(18.8519598427127,16.6911215035088,4.27261585596791));
#8974=CARTESIAN_POINT('Ctrl Pts',(18.3372153522752,16.9093016233674,4.20618979336575));
#8975=CARTESIAN_POINT('Ctrl Pts',(18.3264698820345,16.8835280448831,4.76850388215556));
#8976=CARTESIAN_POINT('Ctrl Pts',(18.6541927049492,16.3030129217309,4.24709466532328));
#8977=CARTESIAN_POINT('Ctrl Pts',(18.1913770875066,16.5546087166786,4.22387379892649));
#8978=CARTESIAN_POINT('Ctrl Pts',(18.1781070616199,16.5276719761893,4.74761762262164));
#8979=CARTESIAN_POINT('Ctrl Pts',(18.3987649985392,15.9209250233438,4.23557236940669));
#8980=CARTESIAN_POINT('Ctrl Pts',(17.9931752446203,16.1822477879048,4.25335226449924));
#8981=CARTESIAN_POINT('Ctrl Pts',(17.9865737483916,16.1775146043498,4.7381955670494));
#8982=CARTESIAN_POINT('Ctrl Pts',(17.9539707462417,15.39807111582,4.30059187661122));
#8983=CARTESIAN_POINT('Ctrl Pts',(17.6248343863927,15.6600437491295,4.36832984623984));
#8984=CARTESIAN_POINT('Ctrl Pts',(17.6529780599377,15.6982318563594,4.79139335755086));
#8985=CARTESIAN_POINT('Ctrl Pts',(17.7953710945858,15.2313554257913,4.33590151797283));
#8986=CARTESIAN_POINT('Ctrl Pts',(17.4946924478844,15.4954261874805,4.41656101693375));
#8987=CARTESIAN_POINT('Ctrl Pts',(17.5340283193541,15.5454091401744,4.82028305448581));
#8988=CARTESIAN_POINT('Ctrl Pts',(17.4591694437653,14.9136660016306,4.44841336233847));
#8989=CARTESIAN_POINT('Ctrl Pts',(17.2159217028865,15.1824327102002,4.5491647531409));
#8990=CARTESIAN_POINT('Ctrl Pts',(17.2818770844092,15.2541938349623,4.9123382112234));
#8991=CARTESIAN_POINT('Ctrl Pts',(17.2857442088745,14.7667901341086,4.52443197271271));
#8992=CARTESIAN_POINT('Ctrl Pts',(17.0704168686446,15.0367061351614,4.63146092020579));
#8993=CARTESIAN_POINT('Ctrl Pts',(17.1518081552017,15.1195576215674,4.9745352452856));
#8994=CARTESIAN_POINT('Ctrl Pts',(17.0255964719197,14.5662389543753,4.67648482200211));
#8995=CARTESIAN_POINT('Ctrl Pts',(16.8497384599927,14.8379673063201,4.78852165501256));
#8996=CARTESIAN_POINT('Ctrl Pts',(16.9566973546669,14.9357190421934,5.09894212965049));
#8997=CARTESIAN_POINT('Ctrl Pts',(16.9387646535529,14.5025681793912,4.73357717278315));
#8998=CARTESIAN_POINT('Ctrl Pts',(16.7761537344482,14.7751871756116,4.84603566831735));
#8999=CARTESIAN_POINT('Ctrl Pts',(16.8915734886972,14.8773541636888,5.14565404737961));
#9000=CARTESIAN_POINT('Ctrl Pts',(16.7660872282733,14.3816182756748,4.86278809221721));
#9001=CARTESIAN_POINT('Ctrl Pts',(16.6293950498324,14.6562304491118,4.97420362512028));
#9002=CARTESIAN_POINT('Ctrl Pts',(16.7620654226724,14.7664834201217,5.25137207852978));
#9003=CARTESIAN_POINT('Ctrl Pts',(16.6797429219474,14.3240545825988,4.93549190227962));
#9004=CARTESIAN_POINT('Ctrl Pts',(16.5556391536469,14.5995945921003,5.04542359730947));
#9005=CARTESIAN_POINT('Ctrl Pts',(16.6973071912723,14.7137166992435,5.31085700943271));
#9006=CARTESIAN_POINT('Ctrl Pts',(16.5149121327736,14.2187213742533,5.09344402779665));
#9007=CARTESIAN_POINT('Ctrl Pts',(16.4145018871317,14.4962793053271,5.19858994716994));
#9008=CARTESIAN_POINT('Ctrl Pts',(16.5736840997684,14.6171612612042,5.4400905697206));
#9009=CARTESIAN_POINT('Ctrl Pts',(16.4358533225006,14.1705196062788,5.17901267007232));
#9010=CARTESIAN_POINT('Ctrl Pts',(16.3464666669287,14.4490098128032,5.28092493561041));
#9011=CARTESIAN_POINT('Ctrl Pts',(16.5143899907575,14.5729763043251,5.51010127362289));
#9012=CARTESIAN_POINT('Ctrl Pts',(16.2860892869606,14.0825217509063,5.36436687589219));
#9013=CARTESIAN_POINT('Ctrl Pts',(16.2173392009752,14.3630036038549,5.45812374185647));
#9014=CARTESIAN_POINT('Ctrl Pts',(16.4020669663384,14.492311606428,5.66175471852989));
#9015=CARTESIAN_POINT('Ctrl Pts',(16.2148275434645,14.0424289606371,5.46509634046006));
#9016=CARTESIAN_POINT('Ctrl Pts',(16.1556065852191,14.323851025263,5.55397587174299));
#9017=CARTESIAN_POINT('Ctrl Pts',(16.3486206582558,14.4555598788541,5.74416973277505));
#9018=CARTESIAN_POINT('Ctrl Pts',(16.0211433632059,13.9368156179282,5.78363682440977));
#9019=CARTESIAN_POINT('Ctrl Pts',(15.9878649306128,14.2212409546287,5.85530795237143));
#9020=CARTESIAN_POINT('Ctrl Pts',(16.2033575210896,14.3587476532273,6.00479376608344));
#9021=CARTESIAN_POINT('Ctrl Pts',(15.919094167675,13.8857867988226,6.01519234893734));
#9022=CARTESIAN_POINT('Ctrl Pts',(15.8983325606651,14.1716440971162,6.07394183395461));
#9023=CARTESIAN_POINT('Ctrl Pts',(16.1268206290101,14.3119712300307,6.19424828607403));
#9024=CARTESIAN_POINT('Ctrl Pts',(15.7797106422615,13.8175321607489,6.51943071769444));
#9025=CARTESIAN_POINT('Ctrl Pts',(15.7762447284222,14.1057140357274,6.54828537324092));
#9026=CARTESIAN_POINT('Ctrl Pts',(16.0222829784423,14.2494044829099,6.60680695026106));
#9027=CARTESIAN_POINT('Ctrl Pts',(15.7463216656757,13.8021098124504,6.77758131276033));
#9028=CARTESIAN_POINT('Ctrl Pts',(15.7467675319344,14.0908492722569,6.79105782990566));
#9029=CARTESIAN_POINT('Ctrl Pts',(15.9972412542071,14.2352673266383,6.81802092463144));
#9030=CARTESIAN_POINT('Ctrl Pts',(15.7503144541956,13.8039961268705,7.04158604567306));
#9031=CARTESIAN_POINT('Ctrl Pts',(15.7502763370828,14.092665760363,7.03906572731828));
#9032=CARTESIAN_POINT('Ctrl Pts',(16.0002358406467,14.2369964496312,7.03402494645978));
#9033=CARTESIAN_POINT('Ctrl Pts',(18.3157872464834,16.8580913247694,4.76703032816884));
#9034=CARTESIAN_POINT('Ctrl Pts',(18.3159209741693,16.8584078564525,4.7500707178094));
#9035=CARTESIAN_POINT('Ctrl Pts',(18.3163453746546,16.8571917051224,4.7326450436964));
#9036=CARTESIAN_POINT('Ctrl Pts',(18.3171500064223,16.8543786554006,4.7148940919292));
#9037=CARTESIAN_POINT('Ctrl Pts',(18.3179298248295,16.8516523549467,4.6976905467931));
#9038=CARTESIAN_POINT('Ctrl Pts',(18.3190674353106,16.8474258445411,4.68018195053566));
#9039=CARTESIAN_POINT('Ctrl Pts',(18.3206091935866,16.8416422902106,4.66253098525452));
#9040=CARTESIAN_POINT('Ctrl Pts',(18.3209594385712,16.84032842608,4.65852117245989));
#9041=CARTESIAN_POINT('Ctrl Pts',(18.3213303711278,16.838934224136,4.65450413889777));
#9042=CARTESIAN_POINT('Ctrl Pts',(18.3217222202492,16.8374590552139,4.65048200409908));
#9043=CARTESIAN_POINT('Ctrl Pts',(18.3234026680561,16.831132782564,4.63323304976542));
#9044=CARTESIAN_POINT('Ctrl Pts',(18.3254715183757,16.8233167210898,4.61588882531645));
#9045=CARTESIAN_POINT('Ctrl Pts',(18.3279186386288,16.8139661513962,4.59862932083245));
#9046=CARTESIAN_POINT('Ctrl Pts',(18.3283086415519,16.8124759305913,4.59587863573977));
#9047=CARTESIAN_POINT('Ctrl Pts',(18.328708152464,16.8109467540817,4.59313013761676));
#9048=CARTESIAN_POINT('Ctrl Pts',(18.3291170143613,16.8093784655002,4.59038459066095));
#9049=CARTESIAN_POINT('Ctrl Pts',(18.3306041718874,16.8036741135354,4.58039818486996));
#9050=CARTESIAN_POINT('Ctrl Pts',(18.3322155024283,16.797452187546,4.57045076391664));
#9051=CARTESIAN_POINT('Ctrl Pts',(18.3339396754031,16.7907061075624,4.56057974000489));
#9052=CARTESIAN_POINT('Ctrl Pts',(18.3348017618904,16.7873330675706,4.55564422804901));
#9053=CARTESIAN_POINT('Ctrl Pts',(18.3356919922535,16.7838290199329,4.55072778172499));
#9054=CARTESIAN_POINT('Ctrl Pts',(18.3366083567266,16.7801932914781,4.54583516757107));
#9055=CARTESIAN_POINT('Ctrl Pts',(18.3370665389632,16.7783754272506,4.54338886049411));
#9056=CARTESIAN_POINT('Ctrl Pts',(18.3375312500084,16.776524644986,4.5409485092477));
#9057=CARTESIAN_POINT('Ctrl Pts',(18.3380022074449,16.7746408726173,4.53851470092387));
#9058=CARTESIAN_POINT('Ctrl Pts',(18.3383540071939,16.7732337164813,4.53669667430145));
#9059=CARTESIAN_POINT('Ctrl Pts',(18.3388068669586,16.7714048222528,4.53437825618193));
#9060=CARTESIAN_POINT('Ctrl Pts',(18.3391429425022,16.7700574429351,4.53268968163408));
#9061=CARTESIAN_POINT('Ctrl Pts',(18.3392567742622,16.7696010736398,4.5321177464956));
#9062=CARTESIAN_POINT('Ctrl Pts',(18.3393567794611,16.7692002030755,4.53161786732864));
#9063=CARTESIAN_POINT('Ctrl Pts',(18.3394335156833,16.7688905211408,4.53123348579477));
#9064=CARTESIAN_POINT('Ctrl Pts',(18.341733605487,16.7596081217647,4.51971204230583));
#9065=CARTESIAN_POINT('Ctrl Pts',(18.3442847354172,16.7490209207027,4.50769799294672));
#9066=CARTESIAN_POINT('Ctrl Pts',(18.3471672485098,16.7370439952652,4.49533893042657));
#9067=CARTESIAN_POINT('Ctrl Pts',(18.3499224561131,16.7255960278254,4.48352570289549));
#9068=CARTESIAN_POINT('Ctrl Pts',(18.3529811991694,16.7128779144082,4.47139751361472));
#9069=CARTESIAN_POINT('Ctrl Pts',(18.3563881040309,16.6988157661325,4.45912422713703));
#9070=CARTESIAN_POINT('Ctrl Pts',(18.3569367785767,16.6965510880355,4.457147641304));
#9071=CARTESIAN_POINT('Ctrl Pts',(18.357494412882,16.6942515600098,4.45516737625159));
#9072=CARTESIAN_POINT('Ctrl Pts',(18.3580611066591,16.6919168875671,4.45318423709985));
#9073=CARTESIAN_POINT('Ctrl Pts',(18.3614395623438,16.6779982816028,4.44136136553963));
#9074=CARTESIAN_POINT('Ctrl Pts',(18.3651432807407,16.6628296736923,4.42943397076825));
#9075=CARTESIAN_POINT('Ctrl Pts',(18.3691709174302,16.6463544493329,4.41759039150539));
#9076=CARTESIAN_POINT('Ctrl Pts',(18.3697729275475,16.6438919005694,4.41582013388505));
#9077=CARTESIAN_POINT('Ctrl Pts',(18.3703820971948,16.6414001833168,4.41405179955277));
#9078=CARTESIAN_POINT('Ctrl Pts',(18.3709983372178,16.6388791351294,4.41228606816051));
#9079=CARTESIAN_POINT('Ctrl Pts',(18.3733678768421,16.6291853090998,4.40549655377641));
#9080=CARTESIAN_POINT('Ctrl Pts',(18.3758423837215,16.6190576545182,4.39874536371133));
#9081=CARTESIAN_POINT('Ctrl Pts',(18.3784133544955,16.6084882019223,4.39207257885897));
#9082=CARTESIAN_POINT('Ctrl Pts',(18.3796988398826,16.6032034756244,4.38873618643279));
#9083=CARTESIAN_POINT('Ctrl Pts',(18.3810084189571,16.5978083113796,4.38541936776807));
#9084=CARTESIAN_POINT('Ctrl Pts',(18.3823403961442,16.5923019615039,4.38212738347536));
#9085=CARTESIAN_POINT('Ctrl Pts',(18.3831805415695,16.5888288279523,4.38005096236946));
#9086=CARTESIAN_POINT('Ctrl Pts',(18.3841387138098,16.5848510935346,4.37771689987296));
#9087=CARTESIAN_POINT('Ctrl Pts',(18.3850088708597,16.5812385642134,4.37563529775857));
#9088=CARTESIAN_POINT('Ctrl Pts',(18.3855182718061,16.5791237438421,4.37441670154384));
#9089=CARTESIAN_POINT('Ctrl Pts',(18.3859971183338,16.5771345618937,4.37328358519369));
#9090=CARTESIAN_POINT('Ctrl Pts',(18.3864016791562,16.5754486952379,4.37233105028079));
#9091=CARTESIAN_POINT('Ctrl Pts',(18.3920759657547,16.5518030774668,4.35897099218473));
#9092=CARTESIAN_POINT('Ctrl Pts',(18.3978946116077,16.5276538663753,4.34681128991624));
#9093=CARTESIAN_POINT('Ctrl Pts',(18.4037901116568,16.5030792762605,4.33577261259593));
#9094=CARTESIAN_POINT('Ctrl Pts',(18.4100216749523,16.4771038522115,4.32410469370099));
#9095=CARTESIAN_POINT('Ctrl Pts',(18.4163402782329,16.4506527481356,4.31368786116713));
#9096=CARTESIAN_POINT('Ctrl Pts',(18.4227161811857,16.4238000374655,4.30445457438196));
#9097=CARTESIAN_POINT('Ctrl Pts',(18.4295523495088,16.3950088762088,4.29455475264601));
#9098=CARTESIAN_POINT('Ctrl Pts',(18.4364562169778,16.3657551110959,4.28601447401123));
#9099=CARTESIAN_POINT('Ctrl Pts',(18.4434229942399,16.3361201503558,4.27880020713771));
#9100=CARTESIAN_POINT('Ctrl Pts',(18.4504285644813,16.3063201738014,4.27154576919284));
#9101=CARTESIAN_POINT('Ctrl Pts',(18.4574998491099,16.2761335159255,4.26563263696371));
#9102=CARTESIAN_POINT('Ctrl Pts',(18.4646317544088,16.2456502875371,4.26107906372349));
#9103=CARTESIAN_POINT('Ctrl Pts',(18.4715817142203,16.2159447315398,4.25664165889379));
#9104=CARTESIAN_POINT('Ctrl Pts',(18.4785905248269,16.1859566583062,4.2534968162275));
#9105=CARTESIAN_POINT('Ctrl Pts',(18.4856283364267,16.1557920531604,4.25169564194917));
#9106=CARTESIAN_POINT('Ctrl Pts',(18.4903071989617,16.1357380862562,4.25049818919976));
#9107=CARTESIAN_POINT('Ctrl Pts',(18.4949982593533,16.1156066161997,4.24989534082312));
#9108=CARTESIAN_POINT('Ctrl Pts',(18.4996831699733,16.0954369552923,4.24990515980775));
#9109=CARTESIAN_POINT('Ctrl Pts',(15.7499945204421,13.803842342374,7.00000000130417));
#9110=CARTESIAN_POINT('Ctrl Pts',(15.7499946661406,13.8231731070462,7.00015654125328));
#9111=CARTESIAN_POINT('Ctrl Pts',(15.7511192365897,13.8428073313114,7.00031118716173));
#9112=CARTESIAN_POINT('Ctrl Pts',(15.7534532290881,13.86254746672,7.00046328440059));
#9113=CARTESIAN_POINT('Ctrl Pts',(15.7557464723159,13.8819429582958,7.00061272616753));
#9114=CARTESIAN_POINT('Ctrl Pts',(15.7592077972719,13.901439839879,7.0007597042933));
#9115=CARTESIAN_POINT('Ctrl Pts',(15.7638734513219,13.9208270400774,7.00090364542308));
#9116=CARTESIAN_POINT('Ctrl Pts',(15.7685005347199,13.9400539675802,7.0010463966011));
#9117=CARTESIAN_POINT('Ctrl Pts',(15.7743123888056,13.9591720360297,7.00118615787978));
#9118=CARTESIAN_POINT('Ctrl Pts',(15.7812943155173,13.9779655276967,7.00132246284323));
#9119=CARTESIAN_POINT('Ctrl Pts',(15.7882355256044,13.9966494210282,7.00145797291463));
#9120=CARTESIAN_POINT('Ctrl Pts',(15.7963331301509,14.0150114812146,7.00159006463794));
#9121=CARTESIAN_POINT('Ctrl Pts',(15.8055214703672,14.0328451020866,7.00171841048597));
#9122=CARTESIAN_POINT('Ctrl Pts',(15.8091720302525,14.0399304623837,7.0017694027428));
#9123=CARTESIAN_POINT('Ctrl Pts',(15.8129942016406,14.0469325531206,7.00181980534519));
#9124=CARTESIAN_POINT('Ctrl Pts',(15.8169817146516,14.0538392020153,7.00186960454602));
#9125=CARTESIAN_POINT('Ctrl Pts',(15.8270109486809,14.0712105304429,7.00199485751402));
#9126=CARTESIAN_POINT('Ctrl Pts',(15.8380889858287,14.0879757549669,7.00211628132832));
#9127=CARTESIAN_POINT('Ctrl Pts',(15.8500855047251,14.1039612166168,7.00223377419422));
#9128=CARTESIAN_POINT('Ctrl Pts',(15.8621809644732,14.1200785177783,7.00235223607825));
#9129=CARTESIAN_POINT('Ctrl Pts',(15.8752093454246,14.1354024137594,7.00246670200557));
#9130=CARTESIAN_POINT('Ctrl Pts',(15.8890009982514,14.149793886676,7.00257724146532));
#9131=CARTESIAN_POINT('Ctrl Pts',(15.9028829247912,14.1642795594477,7.0026885044647));
#9132=CARTESIAN_POINT('Ctrl Pts',(15.9175371630564,14.1778201688647,7.00279579078867));
#9133=CARTESIAN_POINT('Ctrl Pts',(15.9327677563457,14.190321830967,7.00289933546833));
#9134=CARTESIAN_POINT('Ctrl Pts',(15.9482402923202,14.2030220858384,7.00300452498725));
#9135=CARTESIAN_POINT('Ctrl Pts',(15.9643065834982,14.2146500187594,7.00310585524241));
#9136=CARTESIAN_POINT('Ctrl Pts',(15.9807532169991,14.2251604201292,7.00320371456757));
#9137=CARTESIAN_POINT('Ctrl Pts',(15.9871155632537,14.2292263472253,7.00324157124571));
#9138=CARTESIAN_POINT('Ctrl Pts',(15.9935348300105,14.2331255969999,7.00327890979647));
#9139=CARTESIAN_POINT('Ctrl Pts',(15.9999988565971,14.2368576213872,7.00331575705436));
#9140=CARTESIAN_POINT('Ctrl Pts',(15.7502186689042,13.8039456906543,6.98434001109114));
#9141=CARTESIAN_POINT('Ctrl Pts',(15.7501861762082,14.0926193041126,6.98666697779283));
#9142=CARTESIAN_POINT('Ctrl Pts',(16.0001557699998,14.2369502164331,6.99132110126072));
#9143=CARTESIAN_POINT('Ctrl Pts',(15.7408022634873,13.7985087158445,7.65869654529856));
#9144=CARTESIAN_POINT('Ctrl Pts',(15.7407649106138,14.0877838626199,7.66137157401859));
#9145=CARTESIAN_POINT('Ctrl Pts',(15.9915240650296,14.2319663228549,7.665677635468));
#9146=CARTESIAN_POINT('Ctrl Pts',(15.7313642191502,13.7930933775842,8.33460275228817));
#9147=CARTESIAN_POINT('Ctrl Pts',(15.7313268789095,14.0829739823257,8.33727687615382));
#9148=CARTESIAN_POINT('Ctrl Pts',(15.9828725243899,14.227002262783,8.34158384245764));
#9149=CARTESIAN_POINT('Ctrl Pts',(15.7219046664572,13.787699899232,9.01204928170193));
#9150=CARTESIAN_POINT('Ctrl Pts',(15.7218723788416,14.0781898738412,9.01436156155691));
#9151=CARTESIAN_POINT('Ctrl Pts',(15.9742012677567,14.2220582409626,9.0190303718715));
#9152=CARTESIAN_POINT('Origin',(18.5,19.,12.35));
#9153=CARTESIAN_POINT('',(18.5,20.6393596310755,12.35));
#9154=CARTESIAN_POINT('Origin',(23.75,19.,12.35));
#9155=CARTESIAN_POINT('',(18.5,19.,12.35));
#9156=CARTESIAN_POINT('Ctrl Pts',(18.6734522200761,16.8837148967707,4.76851485012415));
#9157=CARTESIAN_POINT('Ctrl Pts',(18.6627042494622,16.9094971442929,4.20613931511851));
#9158=CARTESIAN_POINT('Ctrl Pts',(18.1479033394786,16.6913113752742,4.27263351644695));
#9159=CARTESIAN_POINT('Ctrl Pts',(18.8246537953584,16.5210123383353,4.74722256911891));
#9160=CARTESIAN_POINT('Ctrl Pts',(18.8112746183934,16.5481200248302,4.2241559683054));
#9161=CARTESIAN_POINT('Ctrl Pts',(18.3495100530908,16.2956282700065,4.24660655866241));
#9162=CARTESIAN_POINT('Ctrl Pts',(19.0132094553487,16.177931216255,4.73821983149957));
#9163=CARTESIAN_POINT('Ctrl Pts',(19.0066166454956,16.1826664846229,4.25330457070543));
#9164=CARTESIAN_POINT('Ctrl Pts',(18.6009177698531,15.9213613653509,4.23560079645724));
#9165=CARTESIAN_POINT('Ctrl Pts',(19.346403363876,15.699068178932,4.79126539249027));
#9166=CARTESIAN_POINT('Ctrl Pts',(19.3744979801371,15.6609319525572,4.36807073877904));
#9167=CARTESIAN_POINT('Ctrl Pts',(19.0451803059103,15.3989642328951,4.30043050697831));
#9168=CARTESIAN_POINT('Ctrl Pts',(19.4673522087016,15.5438115325689,4.82078399316074));
#9169=CARTESIAN_POINT('Ctrl Pts',(19.5068831061935,15.4936530974639,4.41728133862805));
#9170=CARTESIAN_POINT('Ctrl Pts',(19.2064471607589,15.2295928494554,4.33650773754834));
#9171=CARTESIAN_POINT('Ctrl Pts',(19.716821643802,15.2556999086862,4.91186620832873));
#9172=CARTESIAN_POINT('Ctrl Pts',(19.7826895393714,15.1839957349515,4.54848314249081));
#9173=CARTESIAN_POINT('Ctrl Pts',(19.539076746624,14.9152882768202,4.44782871202461));
#9174=CARTESIAN_POINT('Ctrl Pts',(19.8456424307283,15.122094484378,4.97314408700527));
#9175=CARTESIAN_POINT('Ctrl Pts',(19.9267211262479,15.0394431339043,4.62963803268633));
#9176=CARTESIAN_POINT('Ctrl Pts',(19.7108397010117,14.7695365276773,4.52272331307889));
#9177=CARTESIAN_POINT('Ctrl Pts',(20.1065482349889,14.8759948529544,5.13903835708902));
#9178=CARTESIAN_POINT('Ctrl Pts',(20.2200959937133,14.7749219546269,4.83797331542012));
#9179=CARTESIAN_POINT('Ctrl Pts',(20.0587180733926,14.5010633850033,4.72548231860913));
#9180=CARTESIAN_POINT('Ctrl Pts',(20.2401476957275,14.7626183565268,5.24566600756234));
#9181=CARTESIAN_POINT('Ctrl Pts',(20.372175373945,14.6524964534675,4.96726838117289));
#9182=CARTESIAN_POINT('Ctrl Pts',(20.2368526607492,14.3773796206643,4.85580500868239));
#9183=CARTESIAN_POINT('Ctrl Pts',(20.4250200048077,14.6181482648162,5.43864083715664));
#9184=CARTESIAN_POINT('Ctrl Pts',(20.5840259540908,14.49732673655,5.19686785050643));
#9185=CARTESIAN_POINT('Ctrl Pts',(20.4833517827914,14.2197754300109,5.09166353642188));
#9186=CARTESIAN_POINT('Ctrl Pts',(20.4844664022152,14.5738114478445,5.50864418036779));
#9187=CARTESIAN_POINT('Ctrl Pts',(20.6522271409075,14.4498958996814,5.27920149962539));
#9188=CARTESIAN_POINT('Ctrl Pts',(20.562614523057,14.1714078464891,5.17722342013576));
#9189=CARTESIAN_POINT('Ctrl Pts',(20.5976419078923,14.4925069898427,5.66127579657976));
#9190=CARTESIAN_POINT('Ctrl Pts',(20.7823318628735,14.3632058624832,5.45755320190357));
#9191=CARTESIAN_POINT('Ctrl Pts',(20.7135168752578,14.0827117797906,5.3637737971521));
#9192=CARTESIAN_POINT('Ctrl Pts',(20.6510576180129,14.4557839824971,5.74370811992574));
#9193=CARTESIAN_POINT('Ctrl Pts',(20.8440347575527,14.3240814727567,5.55343006440619));
#9194=CARTESIAN_POINT('Ctrl Pts',(20.7847385931997,14.0426501901945,5.46452480325947));
#9195=CARTESIAN_POINT('Ctrl Pts',(20.7472754153553,14.3916393186539,5.91610769508474));
#9196=CARTESIAN_POINT('Ctrl Pts',(20.9553463880075,14.2559673453042,5.75313581377719));
#9197=CARTESIAN_POINT('Ctrl Pts',(20.9130303792145,13.9726739489072,5.6752362786369));
#9198=CARTESIAN_POINT('Ctrl Pts',(20.7905807749904,14.3638542557465,6.00670257637433));
#9199=CARTESIAN_POINT('Ctrl Pts',(21.00565970694,14.2265003310112,5.85781566547341));
#9200=CARTESIAN_POINT('Ctrl Pts',(20.9707714686759,13.9423628701644,5.7859638506404));
#9201=CARTESIAN_POINT('Ctrl Pts',(20.8665424317011,14.3162320762941,6.19704709798872));
#9202=CARTESIAN_POINT('Ctrl Pts',(21.0940084279798,14.1761381704701,6.07723024949501));
#9203=CARTESIAN_POINT('Ctrl Pts',(21.0720547508181,13.8904112116663,6.01860823958633));
#9204=CARTESIAN_POINT('Ctrl Pts',(20.8993974855256,14.2962803986188,6.29781064284053));
#9205=CARTESIAN_POINT('Ctrl Pts',(21.1323596901308,14.1550699367713,6.19323829929768));
#9206=CARTESIAN_POINT('Ctrl Pts',(21.1158619416154,13.8686456689344,6.14176427560634));
#9207=CARTESIAN_POINT('Ctrl Pts',(20.9784016055899,14.2489928114198,6.6093202392714));
#9208=CARTESIAN_POINT('Ctrl Pts',(21.2245656659704,14.1052734097224,6.55116311548892));
#9209=CARTESIAN_POINT('Ctrl Pts',(21.2212018581292,13.8170590106371,6.52250012259332));
#9210=CARTESIAN_POINT('Ctrl Pts',(21.0039827175294,14.2345762627627,6.82655321016422));
#9211=CARTESIAN_POINT('Ctrl Pts',(21.2546865020206,14.0901149335748,6.80086302317841));
#9212=CARTESIAN_POINT('Ctrl Pts',(21.2553103333625,13.8013318126454,6.78800849762314));
#9213=CARTESIAN_POINT('Ctrl Pts',(20.9995005839562,14.2371480880452,7.04954528848096));
#9214=CARTESIAN_POINT('Ctrl Pts',(21.2494285150343,14.0928170452087,7.05688640785556));
#9215=CARTESIAN_POINT('Ctrl Pts',(21.2493341053116,13.804137449104,7.06055565238346));
#9216=CARTESIAN_POINT('Ctrl Pts',(18.500023891298,16.0953650674188,4.24972821817266));
#9217=CARTESIAN_POINT('Ctrl Pts',(18.5047425894086,16.1155424541118,4.24972244910462));
#9218=CARTESIAN_POINT('Ctrl Pts',(18.5096816575133,16.1368027054477,4.25032947511998));
#9219=CARTESIAN_POINT('Ctrl Pts',(18.5148805071789,16.1591110810526,4.25174156866118));
#9220=CARTESIAN_POINT('Ctrl Pts',(18.5187324127258,16.1756396905069,4.25278780990566));
#9221=CARTESIAN_POINT('Ctrl Pts',(18.522726636223,16.1927432882196,4.25427673742605));
#9222=CARTESIAN_POINT('Ctrl Pts',(18.5268674283666,16.2103979397077,4.25629723144748));
#9223=CARTESIAN_POINT('Ctrl Pts',(18.5317369412435,16.2311595596531,4.25867330378192));
#9224=CARTESIAN_POINT('Ctrl Pts',(18.5368087948367,16.2526829772189,4.26178433218345));
#9225=CARTESIAN_POINT('Ctrl Pts',(18.5420615410951,16.2749097141363,4.2657856885249));
#9226=CARTESIAN_POINT('Ctrl Pts',(18.5446879142243,16.286023082595,4.26778636669563));
#9227=CARTESIAN_POINT('Ctrl Pts',(18.5473590180168,16.2973119535481,4.27000978684256));
#9228=CARTESIAN_POINT('Ctrl Pts',(18.5500688065768,16.3087669468416,4.27247591047493));
#9229=CARTESIAN_POINT('Ctrl Pts',(18.5514237008568,16.3144944434884,4.27370897229111));
#9230=CARTESIAN_POINT('Ctrl Pts',(18.5529002461151,16.3207538407803,4.27511171472901));
#9231=CARTESIAN_POINT('Ctrl Pts',(18.5543311696302,16.3268074120067,4.2765304189775));
#9232=CARTESIAN_POINT('Ctrl Pts',(18.5557620931452,16.332860983233,4.27794912322599));
#9233=CARTESIAN_POINT('Ctrl Pts',(18.5571469451447,16.3387086187429,4.27938321696506));
#9234=CARTESIAN_POINT('Ctrl Pts',(18.5583056074821,16.3436194620561,4.28062232764064));
#9235=CARTESIAN_POINT('Ctrl Pts',(18.5643573872754,16.3692691628997,4.28709429510411));
#9236=CARTESIAN_POINT('Ctrl Pts',(18.5705744196598,16.394885730762,4.29468389556518));
#9237=CARTESIAN_POINT('Ctrl Pts',(18.5767903422492,16.4203655846231,4.3034360096246));
#9238=CARTESIAN_POINT('Ctrl Pts',(18.5800951301177,16.4339123286055,4.30808920148018));
#9239=CARTESIAN_POINT('Ctrl Pts',(18.5833991133238,16.447420341543,4.31307029757932));
#9240=CARTESIAN_POINT('Ctrl Pts',(18.5866744930109,16.460873929541,4.31838066784389));
#9241=CARTESIAN_POINT('Ctrl Pts',(18.5913924874605,16.4802530426707,4.32602994817961));
#9242=CARTESIAN_POINT('Ctrl Pts',(18.5960512319983,16.4995190549277,4.33436330176275));
#9243=CARTESIAN_POINT('Ctrl Pts',(18.6005629861333,16.5186265993424,4.34336926172577));
#9244=CARTESIAN_POINT('Ctrl Pts',(18.6028188632009,16.5281803715497,4.34787224170727));
#9245=CARTESIAN_POINT('Ctrl Pts',(18.6050379226329,16.5376945667326,4.35254307580621));
#9246=CARTESIAN_POINT('Ctrl Pts',(18.6072089444429,16.547163859445,4.35737849944296));
#9247=CARTESIAN_POINT('Ctrl Pts',(18.6084395876138,16.5525315256543,4.36011945812391));
#9248=CARTESIAN_POINT('Ctrl Pts',(18.6095769967108,16.5575388396443,4.36273273087863));
#9249=CARTESIAN_POINT('Ctrl Pts',(18.6107524752789,16.5627746336797,4.36552083333245));
#9250=CARTESIAN_POINT('Ctrl Pts',(18.6116507006641,16.5667754919192,4.36765132253802));
#9251=CARTESIAN_POINT('Ctrl Pts',(18.6125710624018,16.570909521085,4.36988466211071));
#9252=CARTESIAN_POINT('Ctrl Pts',(18.6135666505347,16.575432021293,4.37237402657334));
#9253=CARTESIAN_POINT('Ctrl Pts',(18.6184182122965,16.5974704409477,4.38450485159876));
#9254=CARTESIAN_POINT('Ctrl Pts',(18.6232425076189,16.6181877077994,4.3973414322866));
#9255=CARTESIAN_POINT('Ctrl Pts',(18.6278876262593,16.637568885767,4.41071577640755));
#9256=CARTESIAN_POINT('Ctrl Pts',(18.632045217321,16.6549159157399,4.42268641868328));
#9257=CARTESIAN_POINT('Ctrl Pts',(18.6360596555769,16.6711930098824,4.43508701133053));
#9258=CARTESIAN_POINT('Ctrl Pts',(18.6398525042786,16.6864048399225,4.44778731937337));
#9259=CARTESIAN_POINT('Ctrl Pts',(18.6438677315545,16.7025085550179,4.46123225938432));
#9260=CARTESIAN_POINT('Ctrl Pts',(18.6476343116368,16.7174184908514,4.47501244561942));
#9261=CARTESIAN_POINT('Ctrl Pts',(18.6510958353579,16.7311553910046,4.48897271734538));
#9262=CARTESIAN_POINT('Ctrl Pts',(18.6528265972185,16.7380238410812,4.49595285320836));
#9263=CARTESIAN_POINT('Ctrl Pts',(18.6544816835088,16.7445992570372,4.50297806560183));
#9264=CARTESIAN_POINT('Ctrl Pts',(18.6560574434246,16.7508854134626,4.51002968594055));
#9265=CARTESIAN_POINT('Ctrl Pts',(18.6568453233825,16.7540284916753,4.51355549610991));
#9266=CARTESIAN_POINT('Ctrl Pts',(18.6576133919379,16.7570992645543,4.51708789553307));
#9267=CARTESIAN_POINT('Ctrl Pts',(18.6583614130338,16.7600982662775,4.52062465914287));
#9268=CARTESIAN_POINT('Ctrl Pts',(18.658805314556,16.7618779773542,4.52272349667372));
#9269=CARTESIAN_POINT('Ctrl Pts',(18.6591459564228,16.7632648310859,4.52437520975866));
#9270=CARTESIAN_POINT('Ctrl Pts',(18.6595571371338,16.7649148745704,4.52637677545902));
#9271=CARTESIAN_POINT('Ctrl Pts',(18.6598388394851,16.7660453291782,4.5277480600282));
#9272=CARTESIAN_POINT('Ctrl Pts',(18.6601532625842,16.7672990750425,4.52928380737036));
#9273=CARTESIAN_POINT('Ctrl Pts',(18.6605451747106,16.7688805226411,4.53124579142711));
#9274=CARTESIAN_POINT('Ctrl Pts',(18.6638372259445,16.7821646395816,4.5477264042955));
#9275=CARTESIAN_POINT('Ctrl Pts',(18.6668508470847,16.7939228933964,4.56454772996558));
#9276=CARTESIAN_POINT('Ctrl Pts',(18.6695104884157,16.8041751829421,4.58152501785376));
#9277=CARTESIAN_POINT('Ctrl Pts',(18.6722198385016,16.8146190880044,4.59881961162503));
#9278=CARTESIAN_POINT('Ctrl Pts',(18.6745618967365,16.8235004511295,4.61627512718484));
#9279=CARTESIAN_POINT('Ctrl Pts',(18.6765088936558,16.8308551211172,4.63370264867227));
#9280=CARTESIAN_POINT('Ctrl Pts',(18.6784841757099,16.8383166365914,4.65138334970591));
#9281=CARTESIAN_POINT('Ctrl Pts',(18.6800532460808,16.8442070853123,4.66903443206051));
#9282=CARTESIAN_POINT('Ctrl Pts',(18.6812366766465,16.8485747528502,4.68647851222515));
#9283=CARTESIAN_POINT('Ctrl Pts',(18.682457061926,16.8530788085364,4.70446731466379));
#9284=CARTESIAN_POINT('Ctrl Pts',(18.683267930204,16.8559638044263,4.72223529217997));
#9285=CARTESIAN_POINT('Ctrl Pts',(18.6837366338861,16.857289374993,4.73962072612317));
#9286=CARTESIAN_POINT('Ctrl Pts',(18.6839860261807,16.8579946971357,4.74887133248717));
#9287=CARTESIAN_POINT('Ctrl Pts',(18.684139239151,16.8582585970345,4.75801425289559));
#9288=CARTESIAN_POINT('Ctrl Pts',(18.684210370989,16.8580903566418,4.76702956881666));
#9289=CARTESIAN_POINT('Origin',(18.5,20.6393596310755,14.6382366094915));
#9290=CARTESIAN_POINT('',(18.5,20.6393596310755,14.6382366094915));
#9291=CARTESIAN_POINT('Ctrl Pts',(18.677554351218,16.8189160080797,4.90261993952148));
#9292=CARTESIAN_POINT('Ctrl Pts',(18.5006532439377,17.0287177886828,5.16644498825473));
#9293=CARTESIAN_POINT('Ctrl Pts',(18.322756917888,16.8192838098871,4.90308244910289));
#9294=CARTESIAN_POINT('Ctrl Pts',(18.6865289780401,16.8608848473348,4.83153803357686));
#9295=CARTESIAN_POINT('Ctrl Pts',(18.5009431245309,17.3902143926028,4.9959956570393));
#9296=CARTESIAN_POINT('Ctrl Pts',(18.3137090783146,16.8615604006094,4.83174792151253));
#9297=CARTESIAN_POINT('Ctrl Pts',(18.6863022591804,16.8641468128879,4.75261426047561));
#9298=CARTESIAN_POINT('Ctrl Pts',(18.500905319641,17.3490166375839,4.70146917211413));
#9299=CARTESIAN_POINT('Ctrl Pts',(18.3139451227939,16.8647906486365,4.75254634732744));
#9300=CARTESIAN_POINT('Ctrl Pts',(18.6797403995843,16.8408840355866,4.65947100873171));
#9301=CARTESIAN_POINT('Ctrl Pts',(18.5007327421483,17.1635860150564,4.4817669235263));
#9302=CARTESIAN_POINT('Ctrl Pts',(18.3205440224718,16.841394680721,4.65918980894906));
#9303=CARTESIAN_POINT('Ctrl Pts',(18.6773336375098,16.8317777164535,4.63596542346993));
#9304=CARTESIAN_POINT('Ctrl Pts',(18.5006853273339,17.1133034343938,4.44777716784995));
#9305=CARTESIAN_POINT('Ctrl Pts',(18.3229623473692,16.8322476067502,4.63565132131283));
#9306=CARTESIAN_POINT('Ctrl Pts',(18.6717550107665,16.8101162277327,4.59197084451153));
#9307=CARTESIAN_POINT('Ctrl Pts',(18.5005994980393,17.0234375895759,4.4002448116269));
#9308=CARTESIAN_POINT('Ctrl Pts',(18.3285623393734,16.8105103796339,4.59161659409931));
#9309=CARTESIAN_POINT('Ctrl Pts',(18.6686456034846,16.7977999392879,4.57204250640464));
#9310=CARTESIAN_POINT('Ctrl Pts',(18.5005611774976,16.9835887925029,4.38550895370202));
#9311=CARTESIAN_POINT('Ctrl Pts',(18.3316812236863,16.7981599892628,4.57168101323777));
#9312=CARTESIAN_POINT('Ctrl Pts',(18.662057633426,16.7714416028531,4.53520522312041));
#9313=CARTESIAN_POINT('Ctrl Pts',(18.5004949012801,16.9132935251898,4.36308051065081));
#9314=CARTESIAN_POINT('Ctrl Pts',(18.3382845140485,16.7717410906089,4.53484182132049));
#9315=CARTESIAN_POINT('Ctrl Pts',(18.6585642859085,16.7573379133251,4.5182391959057));
#9316=CARTESIAN_POINT('Ctrl Pts',(18.5004657377457,16.8816896326792,4.35488293015648));
#9317=CARTESIAN_POINT('Ctrl Pts',(18.3417837514272,16.7576108565093,4.51788064051489));
#9318=CARTESIAN_POINT('Ctrl Pts',(18.6476229573008,16.7129192763629,4.47052110648494));
#9319=CARTESIAN_POINT('Ctrl Pts',(18.5003908109144,16.7972366742505,4.33479700478701));
#9320=CARTESIAN_POINT('Ctrl Pts',(18.3527364552849,16.7131245610594,4.47019066363767));
#9321=CARTESIAN_POINT('Ctrl Pts',(18.6398827499087,16.681188820497,4.44356980737426));
#9322=CARTESIAN_POINT('Ctrl Pts',(18.5003499358677,16.7468923948305,4.32497815398787));
#9323=CARTESIAN_POINT('Ctrl Pts',(18.3604776050046,16.6813580808643,4.44326430090523));
#9324=CARTESIAN_POINT('Ctrl Pts',(18.6239252070193,16.6154476792176,4.39599313965088));
#9325=CARTESIAN_POINT('Ctrl Pts',(18.5002824908555,16.6550784189116,4.30776884525373));
#9326=CARTESIAN_POINT('Ctrl Pts',(18.3764250577675,16.6155596923666,4.39574378066805));
#9327=CARTESIAN_POINT('Ctrl Pts',(18.6156756605522,16.5812969444011,4.37536669338579));
#9328=CARTESIAN_POINT('Ctrl Pts',(18.5002538284425,16.611788398781,4.30016794920698));
#9329=CARTESIAN_POINT('Ctrl Pts',(18.3846639472044,16.5813864630982,4.37514592026303));
#9330=CARTESIAN_POINT('Ctrl Pts',(18.573270999029,16.4051167110199,4.28437739655944));
#9331=CARTESIAN_POINT('Ctrl Pts',(18.5001380854447,16.4208498943777,4.26907681366739));
#9332=CARTESIAN_POINT('Ctrl Pts',(18.4269793470166,16.4051704668072,4.28432511884419));
#9333=CARTESIAN_POINT('Ctrl Pts',(18.537040230878,16.252510286635,4.24999999999991));
#9334=CARTESIAN_POINT('Ctrl Pts',(18.5000665448225,16.2544059769562,4.24999999999993));
#9335=CARTESIAN_POINT('Ctrl Pts',(18.4630925039123,16.2525170798974,4.24999999999995));
#9336=CARTESIAN_POINT('Ctrl Pts',(18.5,16.0952624903446,4.24999999999989));
#9337=CARTESIAN_POINT('Ctrl Pts',(18.5,16.0952624903446,4.24999999999989));
#9338=CARTESIAN_POINT('Ctrl Pts',(18.5,16.0952624903446,4.24999999999989));
#9339=CARTESIAN_POINT('Origin',(30.95,0.,13.));
#9340=CARTESIAN_POINT('',(30.8941458342033,0.,9.));
#9341=CARTESIAN_POINT('Origin',(24.3337812486951,1.07441013593726E-14,13.));
#9342=CARTESIAN_POINT('',(24.25,30.8,7.));
#9343=CARTESIAN_POINT('Origin',(21.7157577109114,21.7157577109115,13.));
#9344=CARTESIAN_POINT('',(13.4662187513074,30.0837812487011,6.9999999995726));
#9345=CARTESIAN_POINT('',(21.775,21.7750000000001,7.));
#9346=CARTESIAN_POINT('',(13.4315154218228,30.,13.));
#9347=CARTESIAN_POINT('Origin',(18.5,30.7999999999993,7.));
#9348=CARTESIAN_POINT('',(23.533781248666,30.0837812486934,6.99999999957279));
#9349=CARTESIAN_POINT('',(24.2499999999845,30.7999999999998,7.));
#9350=CARTESIAN_POINT('Origin',(18.4999999999869,30.0847629292333,6.92969687914743));
#9351=CARTESIAN_POINT('Origin',(0.,9.3,13.));
#9352=CARTESIAN_POINT('',(23.0333596401319,9.35585416579673,9.));
#9353=CARTESIAN_POINT('',(0.,9.35585416579673,9.));
#9354=CARTESIAN_POINT('',(24.0332621641412,9.36962274576203,8.01396218033915));
#9355=CARTESIAN_POINT('Origin',(23.0333596401319,9.36981770724591,8.));
#9356=CARTESIAN_POINT('',(24.0895062529057,9.42586683452652,3.98603781966085));
#9357=CARTESIAN_POINT('',(24.0332621641412,9.36962274576203,8.01396218033915));
#9358=CARTESIAN_POINT('Origin',(25.089408776915,9.42567187304264,4.));
#9359=CARTESIAN_POINT('Origin',(18.5,-12.5224797863682,7.));
#9360=CARTESIAN_POINT('',(15.7499990666175,24.1961678947497,6.99999995612452));
#9361=CARTESIAN_POINT('',(15.7500000000206,29.4999999999819,7.));
#9362=CARTESIAN_POINT('',(15.75,-12.5224797863682,7.));
#9363=CARTESIAN_POINT('Origin',(18.5,29.5,7.));
#9364=CARTESIAN_POINT('',(18.5001669448951,21.9046122718321,4.24982270920056));
#9365=CARTESIAN_POINT('Ctrl Pts',(21.2500054795782,24.1961576576452,6.99999991980823));
#9366=CARTESIAN_POINT('Ctrl Pts',(21.2500220574914,24.1961587021923,6.93343121454649));
#9367=CARTESIAN_POINT('Ctrl Pts',(21.2476505258474,24.1950523386099,6.86718644679376));
#9368=CARTESIAN_POINT('Ctrl Pts',(21.2429207137769,24.1928256419815,6.80143057209977));
#9369=CARTESIAN_POINT('Ctrl Pts',(21.2398990935129,24.1914031263394,6.75942271206391));
#9370=CARTESIAN_POINT('Ctrl Pts',(21.235915953604,24.1895238188943,6.71761421846794));
#9371=CARTESIAN_POINT('Ctrl Pts',(21.2309889374316,24.1871891947762,6.67604636908828));
#9372=CARTESIAN_POINT('Ctrl Pts',(21.2232189711579,24.1835074632729,6.61049334948097));
#9373=CARTESIAN_POINT('Ctrl Pts',(21.2131002366644,24.1786746644372,6.54554685836571));
#9374=CARTESIAN_POINT('Ctrl Pts',(21.2007418644669,24.1727173834891,6.48136403607178));
#9375=CARTESIAN_POINT('Ctrl Pts',(21.1929968973918,24.1689839674645,6.44114079004012));
#9376=CARTESIAN_POINT('Ctrl Pts',(21.1843732408839,24.1648093944266,6.40121730578759));
#9377=CARTESIAN_POINT('Ctrl Pts',(21.1749067693289,24.160205133977,6.36163057171398));
#9378=CARTESIAN_POINT('Ctrl Pts',(21.1673347473554,24.1565222875127,6.32996601554658));
#9379=CARTESIAN_POINT('Ctrl Pts',(21.1592428257542,24.1525739982546,6.29858680077812));
#9380=CARTESIAN_POINT('Ctrl Pts',(21.1505975950356,24.1483405202162,6.26731153332995));
#9381=CARTESIAN_POINT('Ctrl Pts',(21.1452926743675,24.1457427566775,6.24812028001515));
#9382=CARTESIAN_POINT('Ctrl Pts',(21.1398017307772,24.1430477901614,6.22905233211513));
#9383=CARTESIAN_POINT('Ctrl Pts',(21.134114281939,24.1402481971023,6.21006650126568));
#9384=CARTESIAN_POINT('Ctrl Pts',(21.1275723945272,24.1370280147126,6.18822838520144));
#9385=CARTESIAN_POINT('Ctrl Pts',(21.120772779197,24.1336705047339,6.16650806833283));
#9386=CARTESIAN_POINT('Ctrl Pts',(21.1137187681118,24.1301737457856,6.14491312956603));
#9387=CARTESIAN_POINT('Ctrl Pts',(21.1044677107348,24.1255878843129,6.11659221892788));
#9388=CARTESIAN_POINT('Ctrl Pts',(21.0947789249539,24.1207624325681,6.08848656924178));
#9389=CARTESIAN_POINT('Ctrl Pts',(21.0846610319709,24.115693525534,6.06061064785424));
#9390=CARTESIAN_POINT('Ctrl Pts',(21.0669255957119,24.1068083477843,6.01174754683481));
#9391=CARTESIAN_POINT('Ctrl Pts',(21.047872662628,24.0971478769639,5.96359582386085));
#9392=CARTESIAN_POINT('Ctrl Pts',(21.0275610219645,24.0867263367384,5.91622222640497));
#9393=CARTESIAN_POINT('Ctrl Pts',(21.018702660696,24.082181269709,5.89556153986524));
#9394=CARTESIAN_POINT('Ctrl Pts',(21.0097504506411,24.0775694665757,5.87537788051438));
#9395=CARTESIAN_POINT('Ctrl Pts',(21.0005265898866,24.0727972995596,5.85523988152636));
#9396=CARTESIAN_POINT('Ctrl Pts',(20.9913488148814,24.0680489760184,5.83520249927568));
#9397=CARTESIAN_POINT('Ctrl Pts',(20.9819020308285,24.0631419545779,5.81521032743975));
#9398=CARTESIAN_POINT('Ctrl Pts',(20.9719735800687,24.0579603630823,5.79486376665435));
#9399=CARTESIAN_POINT('Ctrl Pts',(20.9690007364541,24.0564088560483,5.78877146234876));
#9400=CARTESIAN_POINT('Ctrl Pts',(20.9659844534618,24.0548325652677,5.78264755919363));
#9401=CARTESIAN_POINT('Ctrl Pts',(20.9629183589812,24.0532279387362,5.77648178612598));
#9402=CARTESIAN_POINT('Ctrl Pts',(20.9377847314448,24.040074369649,5.72593923281002));
#9403=CARTESIAN_POINT('Ctrl Pts',(20.9113786916868,24.0260693776973,5.67675110133733));
#9404=CARTESIAN_POINT('Ctrl Pts',(20.8837234938338,24.0111739335936,5.62871332562771));
#9405=CARTESIAN_POINT('Ctrl Pts',(20.87259732359,24.0051812356627,5.60938688748324));
#9406=CARTESIAN_POINT('Ctrl Pts',(20.8612685098168,23.9990441562017,5.5902469377741));
#9407=CARTESIAN_POINT('Ctrl Pts',(20.8497367955011,23.9927591113452,5.57128134671356));
#9408=CARTESIAN_POINT('Ctrl Pts',(20.8207243262472,23.9769466600768,5.52356609705842));
#9409=CARTESIAN_POINT('Ctrl Pts',(20.7904439304554,23.9601907741925,5.47708422370942));
#9410=CARTESIAN_POINT('Ctrl Pts',(20.7590834114285,23.942533319782,5.43190973459184));
#9411=CARTESIAN_POINT('Ctrl Pts',(20.7277190031901,23.9248736755615,5.38672964310696));
#9412=CARTESIAN_POINT('Ctrl Pts',(20.6952729961505,23.9063118560164,5.34285622437316));
#9413=CARTESIAN_POINT('Ctrl Pts',(20.6619065301711,23.8868667224688,5.30039958275108));
#9414=CARTESIAN_POINT('Ctrl Pts',(20.6543275438488,23.8824498806826,5.29075581926881));
#9415=CARTESIAN_POINT('Ctrl Pts',(20.6467010003153,23.8779873843486,5.28118533714791));
#9416=CARTESIAN_POINT('Ctrl Pts',(20.6390286956132,23.8734793202223,5.27168977340778));
#9417=CARTESIAN_POINT('Ctrl Pts',(20.635734128573,23.8715435108322,5.26761228006764));
#9418=CARTESIAN_POINT('Ctrl Pts',(20.6324300461074,23.8695987242165,5.26354677599921));
#9419=CARTESIAN_POINT('Ctrl Pts',(20.6291163937158,23.8676448569644,5.25949312791058));
#9420=CARTESIAN_POINT('Ctrl Pts',(20.5833321850136,23.8406485835252,5.20348451621465));
#9421=CARTESIAN_POINT('Ctrl Pts',(20.5358845309045,23.8120146024538,5.14994554352796));
#9422=CARTESIAN_POINT('Ctrl Pts',(20.4870322675416,23.7817191120903,5.09888864866025));
#9423=CARTESIAN_POINT('Ctrl Pts',(20.4593463541521,23.7645498293477,5.06995331031691));
#9424=CARTESIAN_POINT('Ctrl Pts',(20.4312098041404,23.7468473056045,5.04181440254327));
#9425=CARTESIAN_POINT('Ctrl Pts',(20.4026730684742,23.7286105581988,5.0144685360116));
#9426=CARTESIAN_POINT('Ctrl Pts',(20.3512499427435,23.6957479853478,4.96519135345892));
#9427=CARTESIAN_POINT('Ctrl Pts',(20.2983044623374,23.6609813014318,4.91836738928255));
#9428=CARTESIAN_POINT('Ctrl Pts',(20.244900100121,23.6248700573061,4.87451247210261));
#9429=CARTESIAN_POINT('Ctrl Pts',(20.2362817111115,23.6190424294387,4.86743517128762));
#9430=CARTESIAN_POINT('Ctrl Pts',(20.2276513721119,23.6131798223245,4.86043509105932));
#9431=CARTESIAN_POINT('Ctrl Pts',(20.2190135391911,23.6072846238651,4.85351427304371));
#9432=CARTESIAN_POINT('Ctrl Pts',(20.1953791980698,23.5911545212518,4.83457792925008));
#9433=CARTESIAN_POINT('Ctrl Pts',(20.1715373645398,23.57467827415,4.81611396666753));
#9434=CARTESIAN_POINT('Ctrl Pts',(20.1475794688923,23.5578969148831,4.79818668072318));
#9435=CARTESIAN_POINT('Ctrl Pts',(20.0989615705729,23.523842403982,4.76180673408656));
#9436=CARTESIAN_POINT('Ctrl Pts',(20.0497081812748,23.4884411973103,4.7274557169368));
#9437=CARTESIAN_POINT('Ctrl Pts',(20.0000085634263,23.45169920382,4.69511296173127));
#9438=CARTESIAN_POINT('Ctrl Pts',(19.9627907010001,23.4241847375486,4.67089289192318));
#9439=CARTESIAN_POINT('Ctrl Pts',(19.9253229338416,23.3959186413842,4.64779791015442));
#9440=CARTESIAN_POINT('Ctrl Pts',(19.8876892418137,23.3669083370715,4.62580148932126));
#9441=CARTESIAN_POINT('Ctrl Pts',(19.8491655069909,23.3372119344533,4.60328484964114));
#9442=CARTESIAN_POINT('Ctrl Pts',(19.8104453699707,23.3067130862173,4.58190521498243));
#9443=CARTESIAN_POINT('Ctrl Pts',(19.7716265336392,23.2754359917549,4.56165525560019));
#9444=CARTESIAN_POINT('Ctrl Pts',(19.7012380962462,23.2187226532457,4.52493692159312));
#9445=CARTESIAN_POINT('Ctrl Pts',(19.6304900174549,23.1594296113182,4.49191543921247));
#9446=CARTESIAN_POINT('Ctrl Pts',(19.5597828399556,23.0975563338653,4.46239256126477));
#9447=CARTESIAN_POINT('Ctrl Pts',(19.5157214314525,23.058999799017,4.44399528348553));
#9448=CARTESIAN_POINT('Ctrl Pts',(19.4716766890515,23.0194417609014,4.42695567255076));
#9449=CARTESIAN_POINT('Ctrl Pts',(19.4277434963154,22.9788758318984,4.41121528281861));
#9450=CARTESIAN_POINT('Ctrl Pts',(19.4095285624634,22.9620569833827,4.4046892340632));
#9451=CARTESIAN_POINT('Ctrl Pts',(19.391067346546,22.9448170544582,4.39829423242472));
#9452=CARTESIAN_POINT('Ctrl Pts',(19.3727300068161,22.9274890205636,4.39215753251804));
#9453=CARTESIAN_POINT('Ctrl Pts',(19.3526661374647,22.9085294869944,4.38544303919509));
#9454=CARTESIAN_POINT('Ctrl Pts',(19.3328112693317,22.8895233833065,4.37905523444128));
#9455=CARTESIAN_POINT('Ctrl Pts',(19.3136225775759,22.8709291136496,4.37310650974032));
#9456=CARTESIAN_POINT('Ctrl Pts',(19.241876382343,22.8014054526309,4.35086432829231));
#9457=CARTESIAN_POINT('Ctrl Pts',(19.1712475770244,22.7297610427545,4.33217517203984));
#9458=CARTESIAN_POINT('Ctrl Pts',(19.1018861811893,22.6559090056695,4.31662497269551));
#9459=CARTESIAN_POINT('Ctrl Pts',(19.036340830287,22.586120074416,4.30193029620647));
#9460=CARTESIAN_POINT('Ctrl Pts',(18.9719273335594,22.514359715546,4.29003863867068));
#9461=CARTESIAN_POINT('Ctrl Pts',(18.9087857177359,22.4405521138275,4.28055214630052));
#9462=CARTESIAN_POINT('Ctrl Pts',(18.9051096180614,22.4362550413324,4.27999984349581));
#9463=CARTESIAN_POINT('Ctrl Pts',(18.9014378333308,22.4319510289209,4.27945567886753));
#9464=CARTESIAN_POINT('Ctrl Pts',(18.8977703926084,22.4276400613858,4.27891956853379));
#9465=CARTESIAN_POINT('Ctrl Pts',(18.8347020986195,22.3535051568419,4.26970017912908));
#9466=CARTESIAN_POINT('Ctrl Pts',(18.7729055845679,22.2771646234066,4.26288032539016));
#9467=CARTESIAN_POINT('Ctrl Pts',(18.7126362414357,22.1987866376151,4.25818398709677));
#9468=CARTESIAN_POINT('Ctrl Pts',(18.6540604473126,22.1226110478226,4.25361961438736));
#9469=CARTESIAN_POINT('Ctrl Pts',(18.5969271889402,22.0445108294783,4.25106120107583));
#9470=CARTESIAN_POINT('Ctrl Pts',(18.5414951449349,21.9646648306648,4.2502197496477));
#9471=CARTESIAN_POINT('Ctrl Pts',(18.5276615444288,21.9447384925798,4.2500097573389));
#9472=CARTESIAN_POINT('Ctrl Pts',(18.5139340171109,21.9247035522767,4.2499065152917));
#9473=CARTESIAN_POINT('Ctrl Pts',(18.5003168300264,21.9045630447079,4.24990515980781));
#9474=CARTESIAN_POINT('Ctrl Pts',(18.5000000570614,21.9047375485098,4.25));
#9475=CARTESIAN_POINT('Ctrl Pts',(18.4390997207105,21.99479981136,4.24999999873634));
#9476=CARTESIAN_POINT('Ctrl Pts',(18.3761645112692,22.0825171263399,4.25202176890975));
#9477=CARTESIAN_POINT('Ctrl Pts',(18.3113591755331,22.1678894885928,4.2564776947609));
#9478=CARTESIAN_POINT('Ctrl Pts',(18.2503216789286,22.2482982267306,4.26067454916987));
#9479=CARTESIAN_POINT('Ctrl Pts',(18.1876252745911,22.3266267605746,4.26703125287996));
#9480=CARTESIAN_POINT('Ctrl Pts',(18.1234577496484,22.4028750860669,4.27590089502966));
#9481=CARTESIAN_POINT('Ctrl Pts',(18.1194966941513,22.4075818882867,4.27644841723542));
#9482=CARTESIAN_POINT('Ctrl Pts',(18.1155300493704,22.4122807637026,4.27700551661964));
#9483=CARTESIAN_POINT('Ctrl Pts',(18.1115578660946,22.4169717123136,4.27757227669732));
#9484=CARTESIAN_POINT('Ctrl Pts',(18.0493187411068,22.4904729877178,4.28645269556601));
#9485=CARTESIAN_POINT('Ctrl Pts',(17.9857144828975,22.5620281567898,4.29770516508406));
#9486=CARTESIAN_POINT('Ctrl Pts',(17.920965174674,22.6316372195296,4.31165131148138));
#9487=CARTESIAN_POINT('Ctrl Pts',(17.8791013747516,22.6766431038439,4.32066822144515));
#9488=CARTESIAN_POINT('Ctrl Pts',(17.8367599020789,22.7208354581213,4.33081119041237));
#9489=CARTESIAN_POINT('Ctrl Pts',(17.7940118775945,22.764214282362,4.34216615059889));
#9490=CARTESIAN_POINT('Ctrl Pts',(17.7749639136026,22.783543322525,4.3472257732451));
#9491=CARTESIAN_POINT('Ctrl Pts',(17.7561955331778,22.8023652485723,4.35242599795629));
#9492=CARTESIAN_POINT('Ctrl Pts',(17.7371449381334,22.8212242669084,4.35792654254571));
#9493=CARTESIAN_POINT('Ctrl Pts',(17.7199022098846,22.8382935987297,4.36290509546514));
#9494=CARTESIAN_POINT('Ctrl Pts',(17.7024282916345,22.8553933168992,4.36813012986446));
#9495=CARTESIAN_POINT('Ctrl Pts',(17.6843174549804,22.87292693296,4.37375515502642));
#9496=CARTESIAN_POINT('Ctrl Pts',(17.6163592098599,22.9387192428829,4.39486223285317));
#9497=CARTESIAN_POINT('Ctrl Pts',(17.5479313533798,23.0020986052253,4.41900872355406));
#9498=CARTESIAN_POINT('Ctrl Pts',(17.4793756123438,23.0630524578253,4.44640922242394));
#9499=CARTESIAN_POINT('Ctrl Pts',(17.41230330439,23.1226873696618,4.47321681972385));
#9500=CARTESIAN_POINT('Ctrl Pts',(17.3451088165439,23.180000604143,4.50313948145762));
#9501=CARTESIAN_POINT('Ctrl Pts',(17.2781510503695,23.2349803970622,4.53634719485742));
#9502=CARTESIAN_POINT('Ctrl Pts',(17.2119953336975,23.2893016178982,4.56915713169551));
#9503=CARTESIAN_POINT('Ctrl Pts',(17.146070923827,23.3413449643367,4.60517426741764));
#9504=CARTESIAN_POINT('Ctrl Pts',(17.0807591121223,23.3910990898777,4.64452652271858));
#9505=CARTESIAN_POINT('Ctrl Pts',(17.0165772787993,23.4399924050264,4.68319793336681));
#9506=CARTESIAN_POINT('Ctrl Pts',(16.9529873279286,23.4866750269691,4.72509035747444));
#9507=CARTESIAN_POINT('Ctrl Pts',(16.8903813441768,23.5311361880025,4.77028526873372));
#9508=CARTESIAN_POINT('Ctrl Pts',(16.8513247036353,23.5588732105757,4.79848004018487));
#9509=CARTESIAN_POINT('Ctrl Pts',(16.8126515975072,23.5857456699277,4.82795928831166));
#9510=CARTESIAN_POINT('Ctrl Pts',(16.7744625141313,23.61175095173,4.85873392945625));
#9511=CARTESIAN_POINT('Ctrl Pts',(16.7112025234313,23.6548285471981,4.90971194046112));
#9512=CARTESIAN_POINT('Ctrl Pts',(16.649247394578,23.695540962355,4.964264626216));
#9513=CARTESIAN_POINT('Ctrl Pts',(16.5890654696503,23.7338881972008,5.02241834031634));
#9514=CARTESIAN_POINT('Ctrl Pts',(16.5328519710828,23.7697067961184,5.0767373692972));
#9515=CARTESIAN_POINT('Ctrl Pts',(16.478186079783,23.803461852922,5.13419804598096));
#9516=CARTESIAN_POINT('Ctrl Pts',(16.4254720282305,23.8351533676116,5.19477599884504));
#9517=CARTESIAN_POINT('Ctrl Pts',(16.3734090944582,23.8664534324299,5.25460569994245));
#9518=CARTESIAN_POINT('Ctrl Pts',(16.3232504227853,23.8957406175619,5.31747638794006));
#9519=CARTESIAN_POINT('Ctrl Pts',(16.2754021380071,23.9230149230076,5.38331686703397));
#9520=CARTESIAN_POINT('Ctrl Pts',(16.2283647640455,23.9498269960158,5.44804151184226));
#9521=CARTESIAN_POINT('Ctrl Pts',(16.1835605080484,23.9746938379262,5.51563629740472));
#9522=CARTESIAN_POINT('Ctrl Pts',(16.1413860911655,23.9976154487387,5.58598428967262));
#9523=CARTESIAN_POINT('Ctrl Pts',(16.1303863296768,24.0035937709186,5.60433216958067));
#9524=CARTESIAN_POINT('Ctrl Pts',(16.1195655042526,24.0094397688101,5.622867065111));
#9525=CARTESIAN_POINT('Ctrl Pts',(16.1089307271371,24.0151534424131,5.64158631765919));
#9526=CARTESIAN_POINT('Ctrl Pts',(16.09740344296,24.0213466271504,5.66187655424437));
#9527=CARTESIAN_POINT('Ctrl Pts',(16.0859128023592,24.0274716025049,5.68271236568127));
#9528=CARTESIAN_POINT('Ctrl Pts',(16.0747205698318,24.0334109202787,5.70365140274578));
#9529=CARTESIAN_POINT('Ctrl Pts',(16.0634675471169,24.0393824972322,5.72470416939772));
#9530=CARTESIAN_POINT('Ctrl Pts',(16.0525162984494,24.0451663943437,5.74586108964539));
#9531=CARTESIAN_POINT('Ctrl Pts',(16.0420858434722,24.0506432392557,5.76664765815266));
#9532=CARTESIAN_POINT('Ctrl Pts',(16.0397683497439,24.0518601136645,5.7712661280329));
#9533=CARTESIAN_POINT('Ctrl Pts',(16.0374763811013,24.0530618300406,5.7758662259077));
#9534=CARTESIAN_POINT('Ctrl Pts',(16.0352120272579,24.0542470790521,5.78044260101217));
#9535=CARTESIAN_POINT('Ctrl Pts',(15.9961380579123,24.0746998822558,5.85941309454561));
#9536=CARTESIAN_POINT('Ctrl Pts',(15.9605782192881,24.0929417900761,5.94083690295145));
#9537=CARTESIAN_POINT('Ctrl Pts',(15.9288683531434,24.1089729438473,6.02440681914405));
#9538=CARTESIAN_POINT('Ctrl Pts',(15.8976319144223,24.1247647529365,6.10672903880163));
#9539=CARTESIAN_POINT('Ctrl Pts',(15.8701317012713,24.138411328184,6.19113361802196));
#9540=CARTESIAN_POINT('Ctrl Pts',(15.8466665930549,24.1499128046877,6.2772816374346));
#9541=CARTESIAN_POINT('Ctrl Pts',(15.8234001727185,24.1613168938723,6.36270020922719));
#9542=CARTESIAN_POINT('Ctrl Pts',(15.8041011785417,24.1706120572299,6.44983268296664));
#9543=CARTESIAN_POINT('Ctrl Pts',(15.7890336564522,24.1777984264557,6.53830585432439));
#9544=CARTESIAN_POINT('Ctrl Pts',(15.7741592834279,24.1848926743299,6.62564489690882));
#9545=CARTESIAN_POINT('Ctrl Pts',(15.7634089131624,24.1899318463904,6.71429027639946));
#9546=CARTESIAN_POINT('Ctrl Pts',(15.7570047952074,24.1929160693323,6.80384366825215));
#9547=CARTESIAN_POINT('Ctrl Pts',(15.7523591651972,24.1950808632592,6.86880685719264));
#9548=CARTESIAN_POINT('Ctrl Pts',(15.7500000010479,24.1961642937888,6.9342470373324));
#9549=CARTESIAN_POINT('Ctrl Pts',(15.75,24.1961664092843,6.99999995617233));
#9550=CARTESIAN_POINT('Origin',(-4.08056954649159,4.08056954649153,13.));
#9551=CARTESIAN_POINT('',(21.8337812486972,30.0837812487106,6.99999999910046));
#9552=CARTESIAN_POINT('',(21.8337812486951,30.0837812486951,7.));
#9553=CARTESIAN_POINT('',(-4.12499999999987,4.12499999999982,7.));
#9554=CARTESIAN_POINT('Origin',(11.4489880718784,-12.7802657546549,13.));
#9555=CARTESIAN_POINT('',(11.5329725059594,-12.8740158206059,3.98603781966085));
#9556=CARTESIAN_POINT('Origin',(35.2813019462563,7.05808154836505,4.));
#9557=CARTESIAN_POINT('Origin',(13.25,19.,11.35));
#9558=CARTESIAN_POINT('',(18.315789529954,21.1419096464239,4.76703042825461));
#9559=CARTESIAN_POINT('',(16.0000005634397,23.7631403491793,7.00331576254427));
#9560=CARTESIAN_POINT('Ctrl Pts',(18.3157895254604,21.1419096570517,4.7670306678094));
#9561=CARTESIAN_POINT('Ctrl Pts',(18.1664353408837,21.495153952097,4.74682267220797));
#9562=CARTESIAN_POINT('Ctrl Pts',(17.9815527884056,21.8295964359636,4.73905369943851));
#9563=CARTESIAN_POINT('Ctrl Pts',(17.6535966361212,22.3009318210718,4.79126539248965));
#9564=CARTESIAN_POINT('Ctrl Pts',(17.5326477912951,22.4561884674351,4.82078399316037));
#9565=CARTESIAN_POINT('Ctrl Pts',(17.2831783561937,22.7443000913184,4.91186620832929));
#9566=CARTESIAN_POINT('Ctrl Pts',(17.154357569267,22.8779055156268,4.97314408700653));
#9567=CARTESIAN_POINT('Ctrl Pts',(16.8934517650052,23.1240051470508,5.13903835709199));
#9568=CARTESIAN_POINT('Ctrl Pts',(16.7598523042659,23.2373816434786,5.2456660075665));
#9569=CARTESIAN_POINT('Ctrl Pts',(16.574979995186,23.3818517351886,5.43864083716252));
#9570=CARTESIAN_POINT('Ctrl Pts',(16.5155335977785,23.4261885521602,5.5086441803741));
#9571=CARTESIAN_POINT('Ctrl Pts',(16.4023580921009,23.5074930101621,5.66127579658809));
#9572=CARTESIAN_POINT('Ctrl Pts',(16.3489423819807,23.5442160175073,5.7437081199346));
#9573=CARTESIAN_POINT('Ctrl Pts',(16.2527245846387,23.60836068135,5.91610769509454));
#9574=CARTESIAN_POINT('Ctrl Pts',(16.2094192250039,23.6361457442572,6.00670257638499));
#9575=CARTESIAN_POINT('Ctrl Pts',(16.1334575682936,23.6837679237091,6.19704709800092));
#9576=CARTESIAN_POINT('Ctrl Pts',(16.1006025144694,23.7037196013842,6.2978106428535));
#9577=CARTESIAN_POINT('Ctrl Pts',(16.0252731555068,23.7488076756224,6.59483082599642));
#9578=CARTESIAN_POINT('Ctrl Pts',(15.9996910295471,23.7633444521918,6.79651328500598));
#9579=CARTESIAN_POINT('Ctrl Pts',(16.0000010858008,23.7631400475924,7.00331575170571));
#9580=CARTESIAN_POINT('',(18.3157894736842,21.1419096639005,11.35));
#9581=CARTESIAN_POINT('',(18.3157894736842,21.1419096639005,11.35));
#9582=CARTESIAN_POINT('Ctrl Pts',(16.0000006725977,23.763139332494,7.00331577145307));
#9583=CARTESIAN_POINT('Ctrl Pts',(15.991502301974,23.768045870651,7.66737757110569));
#9584=CARTESIAN_POINT('Ctrl Pts',(15.982983139764,23.7729340834641,8.33294195770945));
#9585=CARTESIAN_POINT('Ctrl Pts',(15.9744448548609,23.7778028666764,9.00000000000001));
#9586=CARTESIAN_POINT('Origin',(18.5,21.2197972880423,11.35));
#9587=CARTESIAN_POINT('',(18.6842105263158,21.1419096639005,11.35));
#9588=CARTESIAN_POINT('Origin',(23.75,19.,11.35));
#9589=CARTESIAN_POINT('',(18.6842112668515,21.141909329934,4.76703082251964));
#9590=CARTESIAN_POINT('',(18.6842105263158,21.1419096639005,11.35));
#9591=CARTESIAN_POINT('Ctrl Pts',(20.9999994519224,23.7631404032083,7.00331575280181));
#9592=CARTESIAN_POINT('Ctrl Pts',(21.0003215229011,23.7633527582803,6.79799214419417));
#9593=CARTESIAN_POINT('Ctrl Pts',(20.9752374003504,23.7491114409492,6.59702110557245));
#9594=CARTESIAN_POINT('Ctrl Pts',(20.8731793709937,23.6880287699716,6.19424828608488));
#9595=CARTESIAN_POINT('Ctrl Pts',(20.7966424789146,23.6412523467754,6.00479376609242));
#9596=CARTESIAN_POINT('Ctrl Pts',(20.651379341749,23.5444401211492,5.74416973278301));
#9597=CARTESIAN_POINT('Ctrl Pts',(20.5979330336665,23.5076883935754,5.66175471853696));
#9598=CARTESIAN_POINT('Ctrl Pts',(20.4856100092474,23.4270236956786,5.5101012736291));
#9599=CARTESIAN_POINT('Ctrl Pts',(20.4263159002365,23.3828387387995,5.44009056972619));
#9600=CARTESIAN_POINT('Ctrl Pts',(20.3026928087326,23.2862833007605,5.31085700943741));
#9601=CARTESIAN_POINT('Ctrl Pts',(20.2379345773325,23.2335165798824,5.25137207853407));
#9602=CARTESIAN_POINT('Ctrl Pts',(20.1084265113071,23.122645836315,5.14565404738287));
#9603=CARTESIAN_POINT('Ctrl Pts',(20.0433026453376,23.0642809578106,5.09894212965351));
#9604=CARTESIAN_POINT('Ctrl Pts',(19.8481918448017,22.8804423784361,4.97453524528747));
#9605=CARTESIAN_POINT('Ctrl Pts',(19.7181229155942,22.7458061650414,4.91233821122481));
#9606=CARTESIAN_POINT('Ctrl Pts',(19.4659716806485,22.4545908598288,4.82028305448661));
#9607=CARTESIAN_POINT('Ctrl Pts',(19.3470219400644,22.3017681436435,4.79139335755128));
#9608=CARTESIAN_POINT('Ctrl Pts',(19.0187273543814,21.830101582527,4.73904092256345));
#9609=CARTESIAN_POINT('Ctrl Pts',(18.8310413275244,21.4890034613565,4.74719395392766));
#9610=CARTESIAN_POINT('Ctrl Pts',(18.684211268716,21.1419093343439,4.76703092092671));
#9611=CARTESIAN_POINT('Origin',(31.75,11.,9.));
#9612=CARTESIAN_POINT('',(29.1125736653688,6.40957927383494,9.));
#9613=CARTESIAN_POINT('Origin',(18.5,31.5,7.));
#9614=CARTESIAN_POINT('Origin',(0.,0.,0.));
#9615=CARTESIAN_POINT('Origin',(-3.21575771091148,3.2157577109115,13.));
#9616=CARTESIAN_POINT('',(23.5337812486951,30.0837812486951,7.));
#9617=CARTESIAN_POINT('Origin',(-1.32459085370656E-14,30.,13.));
#9618=CARTESIAN_POINT('',(15.166218751286,30.083781248729,6.99999999932476));
#9619=CARTESIAN_POINT('Origin',(18.4999999999842,30.0844313977783,6.95343952904025));
#9620=CARTESIAN_POINT('',(15.1662187513049,30.0837812486951,7.));
#9621=CARTESIAN_POINT('Origin',(15.6662187513049,-3.45855501169079E-15,
13.));
#9622=CARTESIAN_POINT('',(15.75,29.5,7.));
#9623=CARTESIAN_POINT('',(15.75,24.1961805612966,7.));
#9624=CARTESIAN_POINT('Origin',(23.0333596401319,0.,8.));
#9625=CARTESIAN_POINT('',(23.0333596401319,0.,9.));
#9626=CARTESIAN_POINT('',(24.0332621641412,0.,8.01396218033915));
#9627=CARTESIAN_POINT('Origin',(31.75,11.,9.));
#9628=CARTESIAN_POINT('Origin',(25.089408776915,11.,4.));
#9629=CARTESIAN_POINT('',(24.0895062529057,11.,3.98603781966085));
#9630=CARTESIAN_POINT('Origin',(23.9636394183792,0.,13.));
#9631=CARTESIAN_POINT('Origin',(13.9278578335678,-11.6868603712362,8.));
#9632=CARTESIAN_POINT('',(13.1618880613898,-11.0441354179088,8.01396218033915));
#9633=CARTESIAN_POINT('Origin',(13.2152221788955,-11.0888880562369,13.));
#9634=CARTESIAN_POINT('',(13.1188025897335,-11.0079824145328,3.98603781966085));
#9635=CARTESIAN_POINT('Origin',(30.88761063866,11.7236305950316,4.));
#9636=CARTESIAN_POINT('Origin',(18.5,30.1347784482573,7.));
#9637=CARTESIAN_POINT('',(15.7500000000206,29.4999999999819,7.));
#9638=CARTESIAN_POINT('Ctrl Pts',(18.3265477799239,21.1162851032292,4.76851485012415));
#9639=CARTESIAN_POINT('Ctrl Pts',(18.3372957505377,21.0905028557074,4.20613931512706));
#9640=CARTESIAN_POINT('Ctrl Pts',(18.8520966605145,21.3086886247228,4.27263351644607));
#9641=CARTESIAN_POINT('Ctrl Pts',(18.175346204641,21.4789876616661,4.74722256911954));
#9642=CARTESIAN_POINT('Ctrl Pts',(18.1887253816031,21.4518799751706,4.22415596831167));
#9643=CARTESIAN_POINT('Ctrl Pts',(18.6504899469039,21.7043717299929,4.24660655866224));
#9644=CARTESIAN_POINT('Ctrl Pts',(17.9867905446504,21.8220687837468,4.73821983149924));
#9645=CARTESIAN_POINT('Ctrl Pts',(17.9933833545029,21.8173335153784,4.25330457071151));
#9646=CARTESIAN_POINT('Ctrl Pts',(18.3990822301399,22.0786386346467,4.23560079645734));
#9647=CARTESIAN_POINT('Ctrl Pts',(17.6535966361213,22.3009318210716,4.79126539249093));
#9648=CARTESIAN_POINT('Ctrl Pts',(17.6255020198607,22.3390680474464,4.36807073878602));
#9649=CARTESIAN_POINT('Ctrl Pts',(17.954819694081,22.6010357671051,4.30043050698004));
#9650=CARTESIAN_POINT('Ctrl Pts',(17.5326477912953,22.456188467435,4.82078399316162));
#9651=CARTESIAN_POINT('Ctrl Pts',(17.4931168938036,22.5063469025395,4.41728133863466));
#9652=CARTESIAN_POINT('Ctrl Pts',(17.7935528392325,22.7704071505446,4.33650773755057));
#9653=CARTESIAN_POINT('Ctrl Pts',(17.2831783561939,22.7443000913182,4.91186620833045));
#9654=CARTESIAN_POINT('Ctrl Pts',(17.2173104606251,22.8160042650523,4.54848314249774));
#9655=CARTESIAN_POINT('Ctrl Pts',(17.4609232533665,23.0847117231803,4.44782871202845));
#9656=CARTESIAN_POINT('Ctrl Pts',(17.1543575692672,22.8779055156265,4.97314408700764));
#9657=CARTESIAN_POINT('Ctrl Pts',(17.0732788737485,22.9605568660996,4.62963803269389));
#9658=CARTESIAN_POINT('Ctrl Pts',(17.2891602989793,23.2304634723233,4.52272331308315));
#9659=CARTESIAN_POINT('Ctrl Pts',(16.8934517650056,23.1240051470505,5.13903835709299));
#9660=CARTESIAN_POINT('Ctrl Pts',(16.7799040062815,23.2250780453771,4.83797331542847));
#9661=CARTESIAN_POINT('Ctrl Pts',(16.9412819265968,23.4989366149974,4.72548231861625));
#9662=CARTESIAN_POINT('Ctrl Pts',(16.7598523042664,23.2373816434782,5.24566600756743));
#9663=CARTESIAN_POINT('Ctrl Pts',(16.6278246260499,23.3475035465364,4.96726838118266));
#9664=CARTESIAN_POINT('Ctrl Pts',(16.7631473392405,23.6226203793365,4.85580500869062));
#9665=CARTESIAN_POINT('Ctrl Pts',(16.5749799951865,23.3818517351882,5.43864083716334));
#9666=CARTESIAN_POINT('Ctrl Pts',(16.4159740459043,23.5026732634534,5.19686785051711));
#9667=CARTESIAN_POINT('Ctrl Pts',(16.516648217199,23.7802245699892,5.09166353643181));
#9668=CARTESIAN_POINT('Ctrl Pts',(16.5155335977791,23.4261885521597,5.50864418037488));
#9669=CARTESIAN_POINT('Ctrl Pts',(16.3477728590878,23.5501041003216,5.27920149963646));
#9670=CARTESIAN_POINT('Ctrl Pts',(16.4373854769337,23.8285921535107,5.17722342014615));
#9671=CARTESIAN_POINT('Ctrl Pts',(16.4023580921015,23.5074930101617,5.66127579658879));
#9672=CARTESIAN_POINT('Ctrl Pts',(16.2176681371218,23.6367941375199,5.45755320191645));
#9673=CARTESIAN_POINT('Ctrl Pts',(16.2864831247327,23.9172882202093,5.36377379716478));
#9674=CARTESIAN_POINT('Ctrl Pts',(16.3489423819814,23.5442160175069,5.74370811993525));
#9675=CARTESIAN_POINT('Ctrl Pts',(16.1559652424426,23.6759185272459,5.55343006441958));
#9676=CARTESIAN_POINT('Ctrl Pts',(16.2152614067914,23.9573498098049,5.46452480327271));
#9677=CARTESIAN_POINT('Ctrl Pts',(16.2527245846394,23.6083606813495,5.9161076950951));
#9678=CARTESIAN_POINT('Ctrl Pts',(16.044653611989,23.7440326546979,5.75313581379099));
#9679=CARTESIAN_POINT('Ctrl Pts',(16.0869696207779,24.0273260510917,5.67523627865084));
#9680=CARTESIAN_POINT('Ctrl Pts',(16.2094192250046,23.6361457442567,6.0067025763855));
#9681=CARTESIAN_POINT('Ctrl Pts',(15.9943402930564,23.7734996689903,5.85781566548804));
#9682=CARTESIAN_POINT('Ctrl Pts',(16.0292285313167,24.057637129834,5.78596385065533));
#9683=CARTESIAN_POINT('Ctrl Pts',(16.1334575682944,23.6837679237087,6.19704709800133));
#9684=CARTESIAN_POINT('Ctrl Pts',(15.9059915720179,23.8238618295315,6.07723024951094));
#9685=CARTESIAN_POINT('Ctrl Pts',(15.9279452491756,24.1095887883319,6.01860823960273));
#9686=CARTESIAN_POINT('Ctrl Pts',(16.1006025144702,23.7037196013837,6.29781064285386));
#9687=CARTESIAN_POINT('Ctrl Pts',(15.8676403098673,23.8449300632296,6.19323829931436));
#9688=CARTESIAN_POINT('Ctrl Pts',(15.884138058379,24.1313543310633,6.14176427562356));
#9689=CARTESIAN_POINT('Ctrl Pts',(16.0215984001871,23.7510071851223,6.6093202164993));
#9690=CARTESIAN_POINT('Ctrl Pts',(15.775434340761,23.894726586642,6.55116308937519));
#9691=CARTESIAN_POINT('Ctrl Pts',(15.7787981495731,24.1829409855857,6.52250009476106));
#9692=CARTESIAN_POINT('Ctrl Pts',(15.9960172880393,23.765423734099,6.82655316287832));
#9693=CARTESIAN_POINT('Ctrl Pts',(15.7453135045372,23.9098850631235,6.80086296884835));
#9694=CARTESIAN_POINT('Ctrl Pts',(15.744689674063,24.1986681839256,6.78800843982921));
#9695=CARTESIAN_POINT('Ctrl Pts',(16.0004994145802,23.7628519127946,7.0495452156635));
#9696=CARTESIAN_POINT('Ctrl Pts',(15.7505714832515,23.9071829556721,7.05688632424699));
#9697=CARTESIAN_POINT('Ctrl Pts',(15.7506658927369,24.1958625518072,7.06055556338386));
#9698=CARTESIAN_POINT('Ctrl Pts',(18.4999851147078,21.9046734425173,4.24972822993107));
#9699=CARTESIAN_POINT('Ctrl Pts',(18.4952727851525,21.8845234687587,4.24972168625426));
#9700=CARTESIAN_POINT('Ctrl Pts',(18.4903404753053,21.8632892617447,4.25032622996464));
#9701=CARTESIAN_POINT('Ctrl Pts',(18.4851484521524,21.8410053408077,4.25173407019862));
#9702=CARTESIAN_POINT('Ctrl Pts',(18.4812856028732,21.8244261720726,4.25278149900871));
#9703=CARTESIAN_POINT('Ctrl Pts',(18.4772792757718,21.8072663338707,4.25427431953212));
#9704=CARTESIAN_POINT('Ctrl Pts',(18.4731250229056,21.7895499780759,4.25630255881627));
#9705=CARTESIAN_POINT('Ctrl Pts',(18.4682530856405,21.7687729631039,4.25868119460693));
#9706=CARTESIAN_POINT('Ctrl Pts',(18.4631780520557,21.7472308133949,4.26179605898777));
#9707=CARTESIAN_POINT('Ctrl Pts',(18.4579212638211,21.7249821684594,4.26580334676379));
#9708=CARTESIAN_POINT('Ctrl Pts',(18.4552928697039,21.7138578459917,4.26780699065181));
#9709=CARTESIAN_POINT('Ctrl Pts',(18.4526195320559,21.7025572291392,4.27003390267497));
#9710=CARTESIAN_POINT('Ctrl Pts',(18.4499073034199,21.6910897322537,4.27250415846227));
#9711=CARTESIAN_POINT('Ctrl Pts',(18.4485511891018,21.6853559838109,4.27373928635592));
#9712=CARTESIAN_POINT('Ctrl Pts',(18.4470722480483,21.6790851335518,4.27514543679858));
#9713=CARTESIAN_POINT('Ctrl Pts',(18.4456394236897,21.6730224420977,4.2765672170539));
#9714=CARTESIAN_POINT('Ctrl Pts',(18.4442065993311,21.6669597506435,4.27798899730923));
#9715=CARTESIAN_POINT('Ctrl Pts',(18.4428203483021,21.6611053281369,4.27942582171698));
#9716=CARTESIAN_POINT('Ctrl Pts',(18.4416625870367,21.6561974779294,4.28066501202449));
#9717=CARTESIAN_POINT('Ctrl Pts',(18.4356119528036,21.6305483157368,4.2871412066598));
#9718=CARTESIAN_POINT('Ctrl Pts',(18.4293956370921,21.6049337353496,4.29473496147538));
#9719=CARTESIAN_POINT('Ctrl Pts',(18.4231801085426,21.5794572913094,4.303491048656));
#9720=CARTESIAN_POINT('Ctrl Pts',(18.4198811327657,21.5659353243356,4.30813846026059));
#9721=CARTESIAN_POINT('Ctrl Pts',(18.4165828681445,21.5524523574862,4.31311261263756));
#9722=CARTESIAN_POINT('Ctrl Pts',(18.4133129839717,21.5390239989338,4.31841485420872));
#9723=CARTESIAN_POINT('Ctrl Pts',(18.4085976830399,21.5196597804335,4.3260608940374));
#9724=CARTESIAN_POINT('Ctrl Pts',(18.4039412997523,21.5004092943462,4.33439005821745));
#9725=CARTESIAN_POINT('Ctrl Pts',(18.3994314425244,21.4813178076609,4.3433908722945));
#9726=CARTESIAN_POINT('Ctrl Pts',(18.3971765139105,21.4717720643182,4.34789127933302));
#9727=CARTESIAN_POINT('Ctrl Pts',(18.3949582865612,21.46226603094,4.3525593020867));
#9728=CARTESIAN_POINT('Ctrl Pts',(18.3927879626975,21.4528050211475,4.35739167956991));
#9729=CARTESIAN_POINT('Ctrl Pts',(18.391562042613,21.4474609146212,4.36012127615756));
#9730=CARTESIAN_POINT('Ctrl Pts',(18.3904298174987,21.4424795563298,4.3627214419258));
#9731=CARTESIAN_POINT('Ctrl Pts',(18.3892593744632,21.4372699875832,4.36549577768466));
#9732=CARTESIAN_POINT('Ctrl Pts',(18.3883577081637,21.4332567272781,4.36763302399349));
#9733=CARTESIAN_POINT('Ctrl Pts',(18.3874334464496,21.4291082655509,4.36987438638703));
#9734=CARTESIAN_POINT('Ctrl Pts',(18.3864319298278,21.4245620603369,4.37237737058904));
#9735=CARTESIAN_POINT('Ctrl Pts',(18.3815809489733,21.4025419021345,4.38450091220501));
#9736=CARTESIAN_POINT('Ctrl Pts',(18.3767595202923,21.3818434404375,4.39732684319551));
#9737=CARTESIAN_POINT('Ctrl Pts',(18.3721186042873,21.3624811055767,4.41068658753148));
#9738=CARTESIAN_POINT('Ctrl Pts',(18.3679518889165,21.3450971800341,4.42268125669069));
#9739=CARTESIAN_POINT('Ctrl Pts',(18.3639303000793,21.3287898735578,4.43510536939834));
#9740=CARTESIAN_POINT('Ctrl Pts',(18.3601321842066,21.3135540936975,4.44782730455679));
#9741=CARTESIAN_POINT('Ctrl Pts',(18.3561179425855,21.2974513459946,4.46127316121965));
#9742=CARTESIAN_POINT('Ctrl Pts',(18.3523536273829,21.282545471678,4.4750510468563));
#9743=CARTESIAN_POINT('Ctrl Pts',(18.3488948507984,21.2688152199147,4.48900523384642));
#9744=CARTESIAN_POINT('Ctrl Pts',(18.3471654625062,21.2619500940331,4.49598232734148));
#9745=CARTESIAN_POINT('Ctrl Pts',(18.3455118677755,21.2553786490098,4.50300355677377));
#9746=CARTESIAN_POINT('Ctrl Pts',(18.3439376075599,21.2490970492653,4.510050215332));
#9747=CARTESIAN_POINT('Ctrl Pts',(18.3431504774521,21.245956249393,4.51357354461111));
#9748=CARTESIAN_POINT('Ctrl Pts',(18.3423831608855,21.2428879013406,4.51710321850552));
#9749=CARTESIAN_POINT('Ctrl Pts',(18.3416358797108,21.2398914636161,4.52063700954756));
#9750=CARTESIAN_POINT('Ctrl Pts',(18.341192639991,21.2381141671146,4.52273302990013));
#9751=CARTESIAN_POINT('Ctrl Pts',(18.3408528048834,21.2367303547246,4.52438109228417));
#9752=CARTESIAN_POINT('Ctrl Pts',(18.3404423769836,21.2350832310762,4.52637909671984));
#9753=CARTESIAN_POINT('Ctrl Pts',(18.3401608428831,21.233953382265,4.52774963313257));
#9754=CARTESIAN_POINT('Ctrl Pts',(18.3398464781348,21.2326998779857,4.52928507937642));
#9755=CARTESIAN_POINT('Ctrl Pts',(18.3394542879564,21.2311173097279,4.5312484809293));
#9756=CARTESIAN_POINT('Ctrl Pts',(18.3361622712174,21.2178333432161,4.54772913530116));
#9757=CARTESIAN_POINT('Ctrl Pts',(18.3331486868217,21.2060752417503,4.56455049682427));
#9758=CARTESIAN_POINT('Ctrl Pts',(18.3304890833045,21.1958231062162,4.58152781493678));
#9759=CARTESIAN_POINT('Ctrl Pts',(18.3277797722058,21.1853793598428,4.59882243651854));
#9760=CARTESIAN_POINT('Ctrl Pts',(18.3254377539345,21.176498156594,4.61627797399438));
#9761=CARTESIAN_POINT('Ctrl Pts',(18.3234907967154,21.1691436475369,4.6337055118465));
#9762=CARTESIAN_POINT('Ctrl Pts',(18.3215155549766,21.1616822954769,4.65138622913765));
#9763=CARTESIAN_POINT('Ctrl Pts',(18.31994652463,21.155792011196,4.66903732204079));
#9764=CARTESIAN_POINT('Ctrl Pts',(18.3187631326301,21.1514245091002,4.68648140759049));
#9765=CARTESIAN_POINT('Ctrl Pts',(18.3175427877836,21.1469206264685,4.70447020581205));
#9766=CARTESIAN_POINT('Ctrl Pts',(18.3167319579365,21.1440358029423,4.7222381738673));
#9767=CARTESIAN_POINT('Ctrl Pts',(18.3162632897126,21.1427104042045,4.73962359408457));
#9768=CARTESIAN_POINT('Ctrl Pts',(18.3160139424945,21.1420052476111,4.74887322089164));
#9769=CARTESIAN_POINT('Ctrl Pts',(18.3158607535086,21.141741420327,4.75801518322693));
#9770=CARTESIAN_POINT('Ctrl Pts',(18.315789629011,21.1419096433582,4.76702956881671));
#9771=CARTESIAN_POINT('Ctrl Pts',(15.9999999320435,23.7631416673805,7.00331575485934));
#9772=CARTESIAN_POINT('Ctrl Pts',(15.9832550520805,23.7728093749077,7.00322031650547));
#9773=CARTESIAN_POINT('Ctrl Pts',(15.9668100530946,23.7836029028318,7.00312157267821));
#9774=CARTESIAN_POINT('Ctrl Pts',(15.950878543102,23.7954969928838,7.00301908790163));
#9775=CARTESIAN_POINT('Ctrl Pts',(15.9352249637723,23.8071835864502,7.00291839100718));
#9776=CARTESIAN_POINT('Ctrl Pts',(15.9200681151009,23.8199327013891,7.00281408017796));
#9777=CARTESIAN_POINT('Ctrl Pts',(15.9056089219757,23.833670102399,7.00270586297592));
#9778=CARTESIAN_POINT('Ctrl Pts',(15.8912691562556,23.8472940377306,7.00259853960657));
#9779=CARTESIAN_POINT('Ctrl Pts',(15.8776165562558,23.861889743646,7.00248737244148));
#9780=CARTESIAN_POINT('Ctrl Pts',(15.8648305787132,23.877336549102,7.00237222650087));
#9781=CARTESIAN_POINT('Ctrl Pts',(15.8521190559446,23.8926934053613,7.00225775107332));
#9782=CARTESIAN_POINT('Ctrl Pts',(15.8402649490827,23.9088909006366,7.00213934243102));
#9783=CARTESIAN_POINT('Ctrl Pts',(15.8294143300193,23.9257687969821,7.00201703467077));
#9784=CARTESIAN_POINT('Ctrl Pts',(15.8251119335092,23.9324610789532,7.00196853822299));
#9785=CARTESIAN_POINT('Ctrl Pts',(15.8209669020414,23.9392599224401,7.00191943064323));
#9786=CARTESIAN_POINT('Ctrl Pts',(15.8169865969671,23.9461538770057,7.00186972148507));
#9787=CARTESIAN_POINT('Ctrl Pts',(15.8069549877857,23.9635287908942,7.0017444389155));
#9788=CARTESIAN_POINT('Ctrl Pts',(15.7979731704465,23.9815091361095,7.00161532404626));
#9789=CARTESIAN_POINT('Ctrl Pts',(15.7901263799136,23.9998951725853,7.00148264360659));
#9790=CARTESIAN_POINT('Ctrl Pts',(15.7822148764952,24.0184328396507,7.0013488689445));
#9791=CARTESIAN_POINT('Ctrl Pts',(15.7754574412194,24.0373818840116,7.00121147149608));
#9792=CARTESIAN_POINT('Ctrl Pts',(15.7698896443449,24.0565258305032,7.00107087178377));
#9793=CARTESIAN_POINT('Ctrl Pts',(15.7642854046441,24.0757950796113,7.00092935180605));
#9794=CARTESIAN_POINT('Ctrl Pts',(15.7598862760617,24.0952607409152,7.00078459029594));
#9795=CARTESIAN_POINT('Ctrl Pts',(15.7566755887967,24.1147061235212,7.00063712915879));
#9796=CARTESIAN_POINT('Ctrl Pts',(15.7534139290781,24.1344602184929,7.0004873269478));
#9797=CARTESIAN_POINT('Ctrl Pts',(15.7513783076538,24.1541924189037,7.0003347419699));
#9798=CARTESIAN_POINT('Ctrl Pts',(15.7505011751795,24.1736952545565,7.00018001244791));
#9799=CARTESIAN_POINT('Ctrl Pts',(15.7501627597089,24.1812198434867,7.00012031466503));
#9800=CARTESIAN_POINT('Ctrl Pts',(15.7499963094705,24.1887105715002,7.00006029811745));
#9801=CARTESIAN_POINT('Ctrl Pts',(15.7499962646231,24.1961567152363,7.00000000057904));
#9802=CARTESIAN_POINT('Ctrl Pts',(18.1480401572873,21.3088784964911,4.27261585596791));
#9803=CARTESIAN_POINT('Ctrl Pts',(18.6627846477248,21.0906983766325,4.20618979336575));
#9804=CARTESIAN_POINT('Ctrl Pts',(18.6735301179655,21.1164719551168,4.76850388215556));
#9805=CARTESIAN_POINT('Ctrl Pts',(18.3458072950502,21.6969870782701,4.24709466532335));
#9806=CARTESIAN_POINT('Ctrl Pts',(18.8086229124951,21.4453912833214,4.22387379892284));
#9807=CARTESIAN_POINT('Ctrl Pts',(18.8218929383805,21.4723280238116,4.74761762262181));
#9808=CARTESIAN_POINT('Ctrl Pts',(18.6012350014623,22.0790749766587,4.23557236940666));
#9809=CARTESIAN_POINT('Ctrl Pts',(19.0068247553809,21.8177522120976,4.25335226449942));
#9810=CARTESIAN_POINT('Ctrl Pts',(19.0134262516093,21.822485395652,4.73819556704939));
#9811=CARTESIAN_POINT('Ctrl Pts',(19.046029253761,22.6019288841828,4.30059187661175));
#9812=CARTESIAN_POINT('Ctrl Pts',(19.3751656136095,22.3399562508733,4.36832984624062));
#9813=CARTESIAN_POINT('Ctrl Pts',(19.3470219400644,22.3017681436435,4.79139335755128));
#9814=CARTESIAN_POINT('Ctrl Pts',(19.2046289054174,22.7686445742122,4.33590151797362));
#9815=CARTESIAN_POINT('Ctrl Pts',(19.5053075521185,22.5045738125229,4.41656101693494));
#9816=CARTESIAN_POINT('Ctrl Pts',(19.4659716806485,22.4545908598288,4.8202830544866));
#9817=CARTESIAN_POINT('Ctrl Pts',(19.5408305562394,23.0863339983734,4.44841336234034));
#9818=CARTESIAN_POINT('Ctrl Pts',(19.7840782971171,22.8175672898037,4.54916475314282));
#9819=CARTESIAN_POINT('Ctrl Pts',(19.7181229155942,22.7458061650414,4.9123382112248));
#9820=CARTESIAN_POINT('Ctrl Pts',(19.7142557911301,23.2332098658953,4.52443197271488));
#9821=CARTESIAN_POINT('Ctrl Pts',(19.9295831313589,22.9632938648418,4.63146092020837));
#9822=CARTESIAN_POINT('Ctrl Pts',(19.8481918448017,22.8804423784361,4.97453524528746));
#9823=CARTESIAN_POINT('Ctrl Pts',(19.9744035280862,23.4337610456291,4.67648482200584));
#9824=CARTESIAN_POINT('Ctrl Pts',(20.1502615400124,23.1620326936846,4.78852165501624));
#9825=CARTESIAN_POINT('Ctrl Pts',(20.0433026453376,23.0642809578106,5.0989421296535));
#9826=CARTESIAN_POINT('Ctrl Pts',(20.0612353464529,23.4974318206131,4.73357717278709));
#9827=CARTESIAN_POINT('Ctrl Pts',(20.2238462655567,23.2248128243924,4.84603566832153));
#9828=CARTESIAN_POINT('Ctrl Pts',(20.1084265113071,23.122645836315,5.14565404738287));
#9829=CARTESIAN_POINT('Ctrl Pts',(20.2339127717333,23.6183817243296,4.86278809222249));
#9830=CARTESIAN_POINT('Ctrl Pts',(20.3706049501732,23.3437695508928,4.97420362512527));
#9831=CARTESIAN_POINT('Ctrl Pts',(20.2379345773325,23.2335165798824,5.25137207853406));
#9832=CARTESIAN_POINT('Ctrl Pts',(20.3202570780592,23.6759454174054,4.93549190228535));
#9833=CARTESIAN_POINT('Ctrl Pts',(20.4443608463587,23.400405407904,5.04542359731503));
#9834=CARTESIAN_POINT('Ctrl Pts',(20.3026928087326,23.2862833007605,5.3108570094374));
#9835=CARTESIAN_POINT('Ctrl Pts',(20.485087867233,23.7812786257509,5.09344402780348));
#9836=CARTESIAN_POINT('Ctrl Pts',(20.585498112874,23.5037206946768,5.19858994717656));
#9837=CARTESIAN_POINT('Ctrl Pts',(20.4263159002365,23.3828387387995,5.44009056972619));
#9838=CARTESIAN_POINT('Ctrl Pts',(20.5641466775062,23.8294803937252,5.17901267008));
#9839=CARTESIAN_POINT('Ctrl Pts',(20.653533333077,23.5509901872009,5.28092493561745));
#9840=CARTESIAN_POINT('Ctrl Pts',(20.4856100092474,23.4270236956786,5.51010127362909));
#9841=CARTESIAN_POINT('Ctrl Pts',(20.7139107130457,23.9174782490974,5.36436687590073));
#9842=CARTESIAN_POINT('Ctrl Pts',(20.7826607990304,23.6369963961485,5.45812374186491));
#9843=CARTESIAN_POINT('Ctrl Pts',(20.5979330336665,23.5076883935754,5.66175471853695));
#9844=CARTESIAN_POINT('Ctrl Pts',(20.785172456542,23.9575710393666,5.46509634046969));
#9845=CARTESIAN_POINT('Ctrl Pts',(20.8443934147866,23.6761489747407,5.55397587175219));
#9846=CARTESIAN_POINT('Ctrl Pts',(20.651379341749,23.5444401211492,5.74416973278301));
#9847=CARTESIAN_POINT('Ctrl Pts',(20.9788566367996,24.0631843820746,5.78363682442092));
#9848=CARTESIAN_POINT('Ctrl Pts',(21.012135069392,23.7787590453738,5.85530795238188));
#9849=CARTESIAN_POINT('Ctrl Pts',(20.7966424789146,23.6412523467754,6.00479376609242));
#9850=CARTESIAN_POINT('Ctrl Pts',(21.0809058323301,24.11421320118,6.01519234895062));
#9851=CARTESIAN_POINT('Ctrl Pts',(21.1016674393397,23.8283559028858,6.07394183396713));
#9852=CARTESIAN_POINT('Ctrl Pts',(20.8731793709937,23.6880287699716,6.19424828608488));
#9853=CARTESIAN_POINT('Ctrl Pts',(21.2202893577411,24.1824678392523,6.51943071770928));
#9854=CARTESIAN_POINT('Ctrl Pts',(21.2237552715798,23.8942859642743,6.54828537325486));
#9855=CARTESIAN_POINT('Ctrl Pts',(20.9777170215597,23.7505955170913,6.60680695027322));
#9856=CARTESIAN_POINT('Ctrl Pts',(21.2536783343257,24.1978901875504,6.77758131277629));
#9857=CARTESIAN_POINT('Ctrl Pts',(21.253232468068,23.9091507277442,6.79105782992069));
#9858=CARTESIAN_POINT('Ctrl Pts',(21.0027587457943,23.7647326733625,6.8180209246445));
#9859=CARTESIAN_POINT('Ctrl Pts',(21.2496855458041,24.1960038731294,7.0415860456899));
#9860=CARTESIAN_POINT('Ctrl Pts',(21.249723662917,23.9073342396369,7.0390657273341));
#9861=CARTESIAN_POINT('Ctrl Pts',(20.9997641593531,23.7630035503686,7.03402494647356));
#9862=CARTESIAN_POINT('Ctrl Pts',(18.6842127535166,21.1419086752306,4.76703032816885));
#9863=CARTESIAN_POINT('Ctrl Pts',(18.6840790256515,21.1415921431232,4.75007069508084));
#9864=CARTESIAN_POINT('Ctrl Pts',(18.6836546229623,21.1428082952766,4.73264500194205));
#9865=CARTESIAN_POINT('Ctrl Pts',(18.6828499880984,21.1456213466646,4.71489403582337));
#9866=CARTESIAN_POINT('Ctrl Pts',(18.6820701663204,21.1483476500269,4.69769046861459));
#9867=CARTESIAN_POINT('Ctrl Pts',(18.6809325512953,21.1525741655557,4.68018185439388));
#9868=CARTESIAN_POINT('Ctrl Pts',(18.6793907886163,21.1583577267623,4.66253087604034));
#9869=CARTESIAN_POINT('Ctrl Pts',(18.6790405842693,21.159671436261,4.65852153696763));
#9870=CARTESIAN_POINT('Ctrl Pts',(18.6786696972798,21.1610654645624,4.65450497909631));
#9871=CARTESIAN_POINT('Ctrl Pts',(18.6782778987471,21.1625404406011,4.65048332120346));
#9872=CARTESIAN_POINT('Ctrl Pts',(18.6765974669678,21.1688666424676,4.63323434969448));
#9873=CARTESIAN_POINT('Ctrl Pts',(18.6745286329916,21.1766826353726,4.6158901079698));
#9874=CARTESIAN_POINT('Ctrl Pts',(18.6720815296383,21.1860331384482,4.59863058617622));
#9875=CARTESIAN_POINT('Ctrl Pts',(18.6716915658844,21.18752320926,4.59588015559044));
#9876=CARTESIAN_POINT('Ctrl Pts',(18.6712920959348,21.1890522285394,4.59313191156415));
#9877=CARTESIAN_POINT('Ctrl Pts',(18.6708832767488,21.190620352609,4.59038661808001));
#9878=CARTESIAN_POINT('Ctrl Pts',(18.6693961546076,21.1963245663637,4.58040032862971));
#9879=CARTESIAN_POINT('Ctrl Pts',(18.6677848626472,21.2025463412826,4.57045302204781));
#9880=CARTESIAN_POINT('Ctrl Pts',(18.6660607308772,21.2092922570814,4.56058210905107));
#9881=CARTESIAN_POINT('Ctrl Pts',(18.6651986649922,21.2126652149808,4.5556466525527));
#9882=CARTESIAN_POINT('Ctrl Pts',(18.6643084558843,21.2161691772491,4.55073026082415));
#9883=CARTESIAN_POINT('Ctrl Pts',(18.6633921132165,21.2198048170351,4.54583770021392));
#9884=CARTESIAN_POINT('Ctrl Pts',(18.6629339418826,21.2216226369281,4.5433914199088));
#9885=CARTESIAN_POINT('Ctrl Pts',(18.6624692418775,21.2234733740336,4.54095109517143));
#9886=CARTESIAN_POINT('Ctrl Pts',(18.661998295604,21.2253571004163,4.53851731307073));
#9887=CARTESIAN_POINT('Ctrl Pts',(18.6616465004258,21.2267642372716,4.53669928656574));
#9888=CARTESIAN_POINT('Ctrl Pts',(18.6611936471873,21.2285931034682,4.53438087251462));
#9889=CARTESIAN_POINT('Ctrl Pts',(18.660857578138,21.2299404557382,4.53269230899859));
#9890=CARTESIAN_POINT('Ctrl Pts',(18.6607437533962,21.2303967965546,4.53212040180645));
#9891=CARTESIAN_POINT('Ctrl Pts',(18.6606437540424,21.2307976434523,4.53162054529006));
#9892=CARTESIAN_POINT('Ctrl Pts',(18.6605670212077,21.2311073114525,4.53123617573061));
#9893=CARTESIAN_POINT('Ctrl Pts',(18.6582669273719,21.2403897191884,4.51971456235741));
#9894=CARTESIAN_POINT('Ctrl Pts',(18.6557157914665,21.2509769305316,4.50770035391462));
#9895=CARTESIAN_POINT('Ctrl Pts',(18.6528332713863,21.2629538679062,4.4953411434999));
#9896=CARTESIAN_POINT('Ctrl Pts',(18.6500780550954,21.2744018551022,4.48352776599312));
#9897=CARTESIAN_POINT('Ctrl Pts',(18.6470193019899,21.287119991639,4.4713994365106));
#9898=CARTESIAN_POINT('Ctrl Pts',(18.6436123869735,21.3011821660664,4.45912602003022));
#9899=CARTESIAN_POINT('Ctrl Pts',(18.6430638210382,21.3034463933306,4.45714981042171));
#9900=CARTESIAN_POINT('Ctrl Pts',(18.6425062989429,21.305745456598,4.45516992333679));
#9901=CARTESIAN_POINT('Ctrl Pts',(18.6419397210393,21.3080796501779,4.45318716340859));
#9902=CARTESIAN_POINT('Ctrl Pts',(18.6385612730883,21.3219982154218,4.4413641622397));
#9903=CARTESIAN_POINT('Ctrl Pts',(18.6348575623956,21.3371667863646,4.42943664117862));
#9904=CARTESIAN_POINT('Ctrl Pts',(18.6308299336176,21.3536419775658,4.4175929386204));
#9905=CARTESIAN_POINT('Ctrl Pts',(18.6302279999594,21.3561042134511,4.41582288393048));
#9906=CARTESIAN_POINT('Ctrl Pts',(18.6296189085669,21.3585956106161,4.4140547521146));
#9907=CARTESIAN_POINT('Ctrl Pts',(18.6290027485607,21.3611163314467,4.41228922256772));
#9908=CARTESIAN_POINT('Ctrl Pts',(18.6266332588499,21.370809953252,4.40549974572207));
#9909=CARTESIAN_POINT('Ctrl Pts',(18.6241588052145,21.3809373904632,4.39874859165287));
#9910=CARTESIAN_POINT('Ctrl Pts',(18.6215878904386,21.3915066122565,4.3920758391332));
#9911=CARTESIAN_POINT('Ctrl Pts',(18.6203024330506,21.3967912231532,4.38873946287336));
#9912=CARTESIAN_POINT('Ctrl Pts',(18.6189928826628,21.4021862686391,4.38542265946092));
#9913=CARTESIAN_POINT('Ctrl Pts',(18.6176609347343,21.4076924963825,4.38213068922819));
#9914=CARTESIAN_POINT('Ctrl Pts',(18.6168213260303,21.4111634104032,4.38005555790984));
#9915=CARTESIAN_POINT('Ctrl Pts',(18.6158635518814,21.415139506746,4.37772239138147));
#9916=CARTESIAN_POINT('Ctrl Pts',(18.6149938066882,21.4187503146815,4.37564170513031));
#9917=CARTESIAN_POINT('Ctrl Pts',(18.6144837956892,21.4208676609763,4.37442160885175));
#9918=CARTESIAN_POINT('Ctrl Pts',(18.6140044459463,21.4228589200577,4.37328728603369));
#9919=CARTESIAN_POINT('Ctrl Pts',(18.6135997410903,21.4245453861212,4.37233439436926));
#9920=CARTESIAN_POINT('Ctrl Pts',(18.6078869190473,21.4483515756427,4.35888335610265));
#9921=CARTESIAN_POINT('Ctrl Pts',(18.6020252527529,21.4726778233512,4.34664359042491));
#9922=CARTESIAN_POINT('Ctrl Pts',(18.5960838995211,21.4974418304656,4.3355381737465));
#9923=CARTESIAN_POINT('Ctrl Pts',(18.5897963513786,21.523648804005,4.32378565890953));
#9924=CARTESIAN_POINT('Ctrl Pts',(18.5834183871311,21.5503464650491,4.3133021353716));
#9925=CARTESIAN_POINT('Ctrl Pts',(18.5769815141932,21.57745519069,4.30402209348034));
#9926=CARTESIAN_POINT('Ctrl Pts',(18.5700645055199,21.6065859956931,4.29404983973683));
#9927=CARTESIAN_POINT('Ctrl Pts',(18.5630776181542,21.6361924229609,4.28546623774808));
#9928=CARTESIAN_POINT('Ctrl Pts',(18.5560275361247,21.6661849911061,4.27823967098));
#9929=CARTESIAN_POINT('Ctrl Pts',(18.5489372069518,21.6963487792724,4.27097184956151));
#9930=CARTESIAN_POINT('Ctrl Pts',(18.5417808147354,21.7269043867172,4.26507712757628));
#9931=CARTESIAN_POINT('Ctrl Pts',(18.534565492426,21.7577524514368,4.26057543738147));
#9932=CARTESIAN_POINT('Ctrl Pts',(18.5275473149645,21.7877576519343,4.25619674723996));
#9933=CARTESIAN_POINT('Ctrl Pts',(18.5204721085763,21.8180404233733,4.25313755613043));
#9934=CARTESIAN_POINT('Ctrl Pts',(18.5133718749983,21.8484856985277,4.2514491808352));
#9935=CARTESIAN_POINT('Ctrl Pts',(18.5090240918978,21.8671286701075,4.25041531490738));
#9936=CARTESIAN_POINT('Ctrl Pts',(18.504667548718,21.8858320330964,4.24989604119931));
#9937=CARTESIAN_POINT('Ctrl Pts',(18.5003168300264,21.9045630447079,4.24990515980781));
#9938=CARTESIAN_POINT('Origin',(41.,25.,3.00000071525574));
#9939=CARTESIAN_POINT('',(40.5396354144918,25.,3.));
#9940=CARTESIAN_POINT('Origin',(40.4,0.,13.));
#9941=CARTESIAN_POINT('Ctrl Pts',(15.7219046664572,24.212300100768,9.01204928170232));
#9942=CARTESIAN_POINT('Ctrl Pts',(15.7218723788416,23.9218101261588,9.01436156155729));
#9943=CARTESIAN_POINT('Ctrl Pts',(15.9742012677567,23.7779417590374,9.01903037187189));
#9944=CARTESIAN_POINT('Ctrl Pts',(15.7313642191502,24.2069066224188,8.33460275228899));
#9945=CARTESIAN_POINT('Ctrl Pts',(15.7313268789096,23.9170260176754,8.33727687615466));
#9946=CARTESIAN_POINT('Ctrl Pts',(15.9828725243911,23.7729977372163,8.34158384245852));
#9947=CARTESIAN_POINT('Ctrl Pts',(15.7408022634873,24.2014912841522,7.65869654530019));
#9948=CARTESIAN_POINT('Ctrl Pts',(15.740764910617,23.9122161373685,7.66137157402033));
#9949=CARTESIAN_POINT('Ctrl Pts',(15.9915240650377,23.7680336771404,7.66567763546973));
#9950=CARTESIAN_POINT('Ctrl Pts',(15.7502186689042,24.1960543093457,6.9843400110933));
#9951=CARTESIAN_POINT('Ctrl Pts',(15.7501861762082,23.9073806958875,6.98666697779498));
#9952=CARTESIAN_POINT('Ctrl Pts',(16.0001557699998,23.7630497835669,6.99132110126287));
#9953=CARTESIAN_POINT('Origin',(18.5,21.2197972880423,11.35));
#9954=CARTESIAN_POINT('Origin',(18.5,21.2197972880423,4.76703121730564));
#9955=CARTESIAN_POINT('Origin',(22.5657577109115,22.5657577109112,13.));
#9956=CARTESIAN_POINT('Ctrl Pts',(18.3224569351111,21.1810706083156,4.90263676935294));
#9957=CARTESIAN_POINT('Ctrl Pts',(18.499371189953,20.9713095130496,5.16641065639097));
#9958=CARTESIAN_POINT('Ctrl Pts',(18.677243378953,21.1807165395794,4.90308200964516));
#9959=CARTESIAN_POINT('Ctrl Pts',(18.3134796381988,21.1390905818907,4.83154566748261));
#9960=CARTESIAN_POINT('Ctrl Pts',(18.4990921962432,20.6098802670411,4.99596624719912));
#9961=CARTESIAN_POINT('Ctrl Pts',(18.6862911491278,21.1384402415753,4.83174772199309));
#9962=CARTESIAN_POINT('Ctrl Pts',(18.3137066967438,21.1358297687793,4.75261179026045));
#9963=CARTESIAN_POINT('Ctrl Pts',(18.4991285792457,20.6510666975215,4.70147796247551));
#9964=CARTESIAN_POINT('Ctrl Pts',(18.6860551134996,21.1352099633653,4.75254641188248));
#9965=CARTESIAN_POINT('Ctrl Pts',(18.3202699076303,21.1590973860794,4.65946077809775));
#9966=CARTESIAN_POINT('Ctrl Pts',(18.4992946752015,20.836460515488,4.48179254675896));
#9967=CARTESIAN_POINT('Ctrl Pts',(18.679456248921,21.1586058045522,4.65919007617721));
#9968=CARTESIAN_POINT('Ctrl Pts',(18.3226770918299,21.1682051865281,4.63595399482282));
#9969=CARTESIAN_POINT('Ctrl Pts',(18.4993403109263,20.8867350477534,4.44780289156779));
#9970=CARTESIAN_POINT('Ctrl Pts',(18.6770379349727,21.1677528397543,4.63565161978258));
#9971=CARTESIAN_POINT('Ctrl Pts',(18.3282564992039,21.1898694285272,4.5919579528426));
#9972=CARTESIAN_POINT('Ctrl Pts',(18.4994229216885,20.9765887466015,4.40026848169343));
#9973=CARTESIAN_POINT('Ctrl Pts',(18.6714379631821,21.1894899948347,4.59161693065904));
#9974=CARTESIAN_POINT('Ctrl Pts',(18.3313662531081,21.202186956847,4.57202935001525));
#9975=CARTESIAN_POINT('Ctrl Pts',(18.4994598060259,21.0164330744072,4.3855309082616));
#9976=CARTESIAN_POINT('Ctrl Pts',(18.6683190878258,21.201840352776,4.57168135664755));
#9977=CARTESIAN_POINT('Ctrl Pts',(18.3379547843169,21.2285474955939,4.53519199505368));
#9978=CARTESIAN_POINT('Ctrl Pts',(18.4995235994341,21.0867217973606,4.36309910320499));
#9979=CARTESIAN_POINT('Ctrl Pts',(18.6617158119205,21.2282591938479,4.53484216648349));
#9980=CARTESIAN_POINT('Ctrl Pts',(18.341448348043,21.2426521505592,4.51822614319699));
#9981=CARTESIAN_POINT('Ctrl Pts',(18.499551670909,21.1183232865438,4.35489990166302));
#9982=CARTESIAN_POINT('Ctrl Pts',(18.6582165800868,21.2423894027135,4.51788098104617));
#9983=CARTESIAN_POINT('Ctrl Pts',(18.3523900962555,21.2870732488037,4.47050907438854));
#9984=CARTESIAN_POINT('Ctrl Pts',(18.4996237932185,21.20277122131,4.33480971411968));
#9985=CARTESIAN_POINT('Ctrl Pts',(18.6472638868835,21.2868756338592,4.47019097739437));
#9986=CARTESIAN_POINT('Ctrl Pts',(18.3601303415033,21.3188050155465,4.44355868174213));
#9987=CARTESIAN_POINT('Ctrl Pts',(18.4996631390773,21.2531134190823,4.32498864780869));
#9988=CARTESIAN_POINT('Ctrl Pts',(18.6395227379624,21.3186420798261,4.44326459094357));
#9989=CARTESIAN_POINT('Ctrl Pts',(18.3760875236353,21.3845482406118,4.39598405654558));
#9990=CARTESIAN_POINT('Ctrl Pts',(18.4997280619494,21.3449247765646,4.3077759588888));
#9991=CARTESIAN_POINT('Ctrl Pts',(18.6235752754389,21.3844404139486,4.39574401734238));
#9992=CARTESIAN_POINT('Ctrl Pts',(18.3843366850853,21.4186997944622,4.37535865069354));
#9993=CARTESIAN_POINT('Ctrl Pts',(18.4997556529048,21.3882139678817,4.30017378592653));
#9994=CARTESIAN_POINT('Ctrl Pts',(18.6153363758012,21.4186136218575,4.37514612978266));
#9995=CARTESIAN_POINT('Ctrl Pts',(18.4267381086644,21.5948813297642,4.2843754912139));
#9996=CARTESIAN_POINT('Ctrl Pts',(18.4998670710554,21.5791511544334,4.26907783364029));
#9997=CARTESIAN_POINT('Ctrl Pts',(18.5730208909026,21.5948295841839,4.28432516843318));
#9998=CARTESIAN_POINT('Ctrl Pts',(18.4629645992576,21.7474894657337,4.25));
#9999=CARTESIAN_POINT('Ctrl Pts',(18.4999359399486,21.745594143512,4.25000000000002));
#10000=CARTESIAN_POINT('Ctrl Pts',(18.5369076222005,21.7474829265452,4.25000000000004));
#10001=CARTESIAN_POINT('Ctrl Pts',(18.5,21.9047375096554,4.24999999999999));
#10002=CARTESIAN_POINT('Ctrl Pts',(18.5,21.9047375096554,4.24999999999999));
#10003=CARTESIAN_POINT('Ctrl Pts',(18.5,21.9047375096554,4.24999999999999));
#10004=CARTESIAN_POINT('Origin',(18.5,25.5,7.));
#10005=CARTESIAN_POINT('Origin',(13.25,19.,13.65));
#10006=CARTESIAN_POINT('Origin',(31.75,11.,15.));
#10007=UNCERTAINTY_MEASURE_WITH_UNIT(LENGTH_MEASURE(0.01),#10011,
'DISTANCE_ACCURACY_VALUE',
'Maximum model space distance between geometric entities at asserted c
onnectivities');
#10008=UNCERTAINTY_MEASURE_WITH_UNIT(LENGTH_MEASURE(0.01),#10011,
'DISTANCE_ACCURACY_VALUE',
'Maximum model space distance between geometric entities at asserted c
onnectivities');
#10009=(
GEOMETRIC_REPRESENTATION_CONTEXT(3)
GLOBAL_UNCERTAINTY_ASSIGNED_CONTEXT((#10007))
GLOBAL_UNIT_ASSIGNED_CONTEXT((#10011,#10013,#10014))
REPRESENTATION_CONTEXT('','3D')
);
#10010=(
GEOMETRIC_REPRESENTATION_CONTEXT(3)
GLOBAL_UNCERTAINTY_ASSIGNED_CONTEXT((#10008))
GLOBAL_UNIT_ASSIGNED_CONTEXT((#10011,#10013,#10014))
REPRESENTATION_CONTEXT('','3D')
);
#10011=(
LENGTH_UNIT()
NAMED_UNIT(*)
SI_UNIT(.MILLI.,.METRE.)
);
#10012=(
LENGTH_UNIT()
NAMED_UNIT(*)
SI_UNIT($,.METRE.)
);
#10013=(
NAMED_UNIT(*)
PLANE_ANGLE_UNIT()
SI_UNIT($,.RADIAN.)
);
#10014=(
NAMED_UNIT(*)
SI_UNIT($,.STERADIAN.)
SOLID_ANGLE_UNIT()
);
#10015=SHAPE_DEFINITION_REPRESENTATION(#10016,#10017);
#10016=PRODUCT_DEFINITION_SHAPE('',$,#10019);
#10017=SHAPE_REPRESENTATION('',(#4080),#10009);
#10018=PRODUCT_DEFINITION_CONTEXT('part definition',#10023,'design');
#10019=PRODUCT_DEFINITION('\X\BC\X\B7\X\B3\X\F6\X\B3\X\DD\X\CB\X\DC\X\BD
\X\BA\X\B8\X\C7','extruder front opt v2',#10020,#10018);
#10020=PRODUCT_DEFINITION_FORMATION('',$,#10025);
#10021=PRODUCT_RELATED_PRODUCT_CATEGORY('extruder front opt v2',
'extruder front opt v2',(#10025));
#10022=APPLICATION_PROTOCOL_DEFINITION('international standard',
'automotive_design',2009,#10023);
#10023=APPLICATION_CONTEXT(
'Core Data for Automotive Mechanical Design Process');
#10024=PRODUCT_CONTEXT('part definition',#10023,'mechanical');
#10025=PRODUCT('\X\BC\X\B7\X\B3\X\F6\X\B3\X\DD\X\CB\X\DC\X\BD\X\BA\X\B8
\X\C7','extruder front opt v2','STEP AP214',(#10024));
#10026=PRESENTATION_STYLE_ASSIGNMENT((#10029));
#10027=PRESENTATION_STYLE_ASSIGNMENT((#10030));
#10028=PRESENTATION_STYLE_ASSIGNMENT((#10031));
#10029=SURFACE_STYLE_USAGE(.BOTH.,#10032);
#10030=SURFACE_STYLE_USAGE(.BOTH.,#10033);
#10031=SURFACE_STYLE_USAGE(.BOTH.,#10034);
#10032=SURFACE_SIDE_STYLE('',(#10035));
#10033=SURFACE_SIDE_STYLE('',(#10036));
#10034=SURFACE_SIDE_STYLE('',(#10037));
#10035=SURFACE_STYLE_FILL_AREA(#10038);
#10036=SURFACE_STYLE_FILL_AREA(#10039);
#10037=SURFACE_STYLE_FILL_AREA(#10040);
#10038=FILL_AREA_STYLE('ABS (White)',(#10041));
#10039=FILL_AREA_STYLE('Brass - Matte',(#10042));
#10040=FILL_AREA_STYLE('Powder Coat - Rough (Dark Grey)',(#10043));
#10041=FILL_AREA_STYLE_COLOUR('ABS (White)',#10044);
#10042=FILL_AREA_STYLE_COLOUR('Brass - Matte',#10045);
#10043=FILL_AREA_STYLE_COLOUR('Powder Coat - Rough (Dark Grey)',#10046);
#10044=COLOUR_RGB('ABS (White)',0.964705882352941,0.964705882352941,0.952941176470588);
#10045=COLOUR_RGB('Brass - Matte',0.952941176470588,0.796078431372549,0.486274509803922);
#10046=COLOUR_RGB('Powder Coat - Rough (Dark Grey)',0.349019607843137,0.349019607843137,
0.349019607843137);
ENDSEC;
END-ISO-10303-21;
