ISO-10303-21;
HEADER;
/* Generated by software containing ST-Developer
 * from STEP Tools, Inc. (www.steptools.com) 
 */

FILE_DESCRIPTION(
/* description */ ('STEP AP214'),
/* implementation_level */ '2;1');

FILE_NAME(
/* name */ 'extruder rear opt.step',
/* time_stamp */ '2025-12-22T14:12:30-05:00',
/* author */ (''),
/* organization */ (''),
/* preprocessor_version */ 'ST-DEVELOPER v20.1',
/* originating_system */ 'Autodesk Translation Framework v14.21.0.0',
/* authorisation */ '');

FILE_SCHEMA (('AUTOMOTIVE_DESIGN { 1 0 10303 214 3 1 1 }'));
ENDSEC;

DATA;
#10=MECHANICAL_DESIGN_GEOMETRIC_PRESENTATION_REPRESENTATION('',(#13),#8143);
#11=SHAPE_REPRESENTATION_RELATIONSHIP('SRR','None',#8150,#12);
#12=ADVANCED_BREP_SHAPE_REPRESENTATION('',(#14),#8142);
#13=STYLED_ITEM('',(#8161),#14);
#14=MANIFOLD_SOLID_BREP('Body5',#3779);
#15=B_SPLINE_SURFACE_WITH_KNOTS('',3,3,((#7275,#7276,#7277,#7278,#7279,
#7280),(#7281,#7282,#7283,#7284,#7285,#7286),(#7287,#7288,#7289,#7290,#7291,
#7292),(#7293,#7294,#7295,#7296,#7297,#7298),(#7299,#7300,#7301,#7302,#7303,
#7304),(#7305,#7306,#7307,#7308,#7309,#7310),(#7311,#7312,#7313,#7314,#7315,
#7316)),.UNSPECIFIED.,.F.,.F.,.F.,(4,1,1,1,4),(4,2,4),(0.,0.285714285714286,
0.571428571428571,0.785714285714286,1.),(-0.000987276161744134,0.,0.389499022044843),
 .UNSPECIFIED.);
#16=B_SPLINE_SURFACE_WITH_KNOTS('',3,3,((#7529,#7530,#7531,#7532,#7533,
#7534),(#7535,#7536,#7537,#7538,#7539,#7540),(#7541,#7542,#7543,#7544,#7545,
#7546),(#7547,#7548,#7549,#7550,#7551,#7552),(#7553,#7554,#7555,#7556,#7557,
#7558),(#7559,#7560,#7561,#7562,#7563,#7564),(#7565,#7566,#7567,#7568,#7569,
#7570),(#7571,#7572,#7573,#7574,#7575,#7576)),.UNSPECIFIED.,.F.,.F.,.F.,
(4,1,1,1,1,4),(4,2,4),(0.,0.142857142857143,0.285714285714286,0.571428571428571,
0.785714285714286,1.),(0.00138475450808268,0.39058522070695,0.391975186688801),
 .UNSPECIFIED.);
#17=B_SPLINE_SURFACE_WITH_KNOTS('',3,3,((#8010,#8011,#8012,#8013,#8014,
#8015),(#8016,#8017,#8018,#8019,#8020,#8021),(#8022,#8023,#8024,#8025,#8026,
#8027),(#8028,#8029,#8030,#8031,#8032,#8033),(#8034,#8035,#8036,#8037,#8038,
#8039),(#8040,#8041,#8042,#8043,#8044,#8045),(#8046,#8047,#8048,#8049,#8050,
#8051)),.UNSPECIFIED.,.F.,.F.,.F.,(4,1,1,1,4),(4,2,4),(0.,0.285714285714286,
0.571428571428571,0.785714285714286,1.),(0.000940898397308224,0.390439920442204,
0.391427196604017),.UNSPECIFIED.);
#18=(
BOUNDED_CURVE()
B_SPLINE_CURVE(2,(#7217,#7218,#7219),.UNSPECIFIED.,.F.,.F.)
B_SPLINE_CURVE_WITH_KNOTS((3,3),(10437.7079802822,10442.3506573544),
 .UNSPECIFIED.)
CURVE()
GEOMETRIC_REPRESENTATION_ITEM()
RATIONAL_B_SPLINE_CURVE((0.999999998464178,0.999999998464207,0.999999998464237))
REPRESENTATION_ITEM('')
);
#19=(
BOUNDED_CURVE()
B_SPLINE_CURVE(2,(#7223,#7224,#7225),.UNSPECIFIED.,.F.,.F.)
B_SPLINE_CURVE_WITH_KNOTS((3,3),(9596.01747561771,9600.66015268632),
 .UNSPECIFIED.)
CURVE()
GEOMETRIC_REPRESENTATION_ITEM()
RATIONAL_B_SPLINE_CURVE((0.999999998464237,0.999999998464207,0.999999998464177))
REPRESENTATION_ITEM('')
);
#20=TOROIDAL_SURFACE('',#4050,2.03999999999999,0.500000000000005);
#21=TOROIDAL_SURFACE('',#4056,2.87376726611157,0.3);
#22=TOROIDAL_SURFACE('',#4058,2.8737672661116,0.300000000000008);
#23=TOROIDAL_SURFACE('',#4128,2.87376726611157,0.300000000000003);
#24=(
BOUNDED_SURFACE()
B_SPLINE_SURFACE(3,2,((#5770,#5771,#5772),(#5773,#5774,#5775),(#5776,#5777,
#5778),(#5779,#5780,#5781)),.UNSPECIFIED.,.F.,.F.,.F.)
B_SPLINE_SURFACE_WITH_KNOTS((4,4),(3,3),(0.00203207426394375,0.00355250844551714),
(0.,1.),.UNSPECIFIED.)
GEOMETRIC_REPRESENTATION_ITEM()
RATIONAL_B_SPLINE_SURFACE(((1.,0.870815603122307,1.),(1.,0.86983600635962,
1.),(1.,0.86883834918464,1.),(1.,0.867821647096243,1.)))
REPRESENTATION_ITEM('')
SURFACE()
);
#25=(
BOUNDED_SURFACE()
B_SPLINE_SURFACE(3,2,((#5785,#5786,#5787),(#5788,#5789,#5790),(#5791,#5792,
#5793),(#5794,#5795,#5796)),.UNSPECIFIED.,.F.,.F.,.F.)
B_SPLINE_SURFACE_WITH_KNOTS((4,4),(3,3),(0.00909137559513229,0.0106115233765227),
(0.,1.),.UNSPECIFIED.)
GEOMETRIC_REPRESENTATION_ITEM()
RATIONAL_B_SPLINE_SURFACE(((1.,0.997218312677816,1.),(1.,0.997306337477492,
1.),(1.,0.997388184401814,1.),(1.,0.99746397342822,1.)))
REPRESENTATION_ITEM('')
SURFACE()
);
#26=B_SPLINE_CURVE_WITH_KNOTS('',3,(#5647,#5648,#5649,#5650),
 .UNSPECIFIED.,.F.,.F.,(4,4),(0.,0.999927668378622),.UNSPECIFIED.);
#27=B_SPLINE_CURVE_WITH_KNOTS('',3,(#5655,#5656,#5657,#5658,#5659,#5660,
#5661),.UNSPECIFIED.,.F.,.F.,(4,3,4),(1.45561293176832E-15,0.00659778471208639,
0.00900104444855702),.UNSPECIFIED.);
#28=B_SPLINE_CURVE_WITH_KNOTS('',3,(#5662,#5663,#5664,#5665,#5666,#5667,
#5668),.UNSPECIFIED.,.F.,.F.,(4,3,4),(4.35835820394149E-15,0.00659778476124932,
0.00900147147926563),.UNSPECIFIED.);
#29=B_SPLINE_CURVE_WITH_KNOTS('',3,(#5695,#5696,#5697,#5698),
 .UNSPECIFIED.,.F.,.F.,(4,4),(0.,1.),.UNSPECIFIED.);
#30=B_SPLINE_CURVE_WITH_KNOTS('',3,(#5718,#5719,#5720,#5721,#5722,#5723,
#5724),.UNSPECIFIED.,.F.,.F.,(4,3,4),(1.88616205891695E-18,0.00616261275147428,
0.00900105041001108),.UNSPECIFIED.);
#31=B_SPLINE_CURVE_WITH_KNOTS('',3,(#5726,#5727,#5728,#5729,#5730,#5731,
#5732),.UNSPECIFIED.,.F.,.F.,(4,3,4),(4.35648521865597E-15,0.00641049552447,
0.00900118383478193),.UNSPECIFIED.);
#32=B_SPLINE_CURVE_WITH_KNOTS('',3,(#5738,#5739,#5740,#5741,#5742,#5743,
#5744),.UNSPECIFIED.,.F.,.F.,(4,3,4),(5.33685495418726E-18,0.0061626128037242,
0.00900150179329027),.UNSPECIFIED.);
#33=B_SPLINE_CURVE_WITH_KNOTS('',3,(#5746,#5747,#5748,#5749,#5750,#5751,
#5752),.UNSPECIFIED.,.F.,.F.,(4,3,4),(4.35640219230783E-15,0.00641049551407411,
0.00900105040979043),.UNSPECIFIED.);
#34=B_SPLINE_CURVE_WITH_KNOTS('',3,(#5766,#5767,#5768,#5769),
 .UNSPECIFIED.,.F.,.F.,(4,4),(0.,1.),.UNSPECIFIED.);
#35=B_SPLINE_CURVE_WITH_KNOTS('',3,(#6040,#6041,#6042,#6043,#6044,#6045,
#6046,#6047,#6048,#6049,#6050,#6051,#6052,#6053,#6054,#6055,#6056,#6057,
#6058,#6059,#6060,#6061,#6062,#6063,#6064,#6065,#6066,#6067,#6068,#6069,
#6070,#6071,#6072,#6073,#6074,#6075,#6076,#6077,#6078,#6079,#6080,#6081,
#6082,#6083,#6084,#6085,#6086,#6087,#6088,#6089,#6090,#6091,#6092,#6093,
#6094,#6095,#6096,#6097),.UNSPECIFIED.,.F.,.F.,(4,3,3,3,3,3,3,3,3,3,3,3,
3,3,3,3,3,3,3,4),(0.,0.00342173168490054,0.00706425644715711,0.0109235233239281,
0.0112246286514462,0.0118536262460645,0.0156453234201444,0.0197121521636132,
0.0237591840522368,0.0237767866140527,0.0278097059095194,0.0319531260962223,
0.0354893827706327,0.0392903481507788,0.0409079316265571,0.0449657880463842,
0.0467917386161565,0.0504016949120651,0.0536456196104473,0.0561912625105925),
 .UNSPECIFIED.);
#36=B_SPLINE_CURVE_WITH_KNOTS('',3,(#6118,#6119,#6120,#6121,#6122,#6123,
#6124,#6125,#6126,#6127,#6128,#6129,#6130,#6131,#6132,#6133,#6134,#6135,
#6136,#6137,#6138,#6139,#6140,#6141,#6142,#6143,#6144,#6145,#6146,#6147,
#6148,#6149,#6150,#6151,#6152,#6153,#6154,#6155,#6156,#6157,#6158,#6159,
#6160,#6161,#6162,#6163,#6164,#6165,#6166,#6167,#6168,#6169,#6170,#6171,
#6172,#6173,#6174,#6175),.UNSPECIFIED.,.F.,.F.,(4,3,3,3,3,3,3,3,3,3,3,3,
3,3,3,3,3,3,3,4),(-3.46944695195361E-18,0.00325760921160991,0.00673585891634371,
0.0105163387422609,0.0118536262305244,0.0152932440149508,0.0190530026281309,
0.0230673337432742,0.0237591840314532,0.0280962616905879,0.0321207599922314,
0.0324333393497226,0.0354893827689122,0.0394901904695375,0.0432188319499469,
0.0449835555627278,0.0467917385181337,0.0505347443798304,0.0539565542628006,
0.0561912625104926),.UNSPECIFIED.);
#37=B_SPLINE_CURVE_WITH_KNOTS('',3,(#6179,#6180,#6181,#6182,#6183,#6184,
#6185,#6186,#6187,#6188,#6189,#6190,#6191,#6192,#6193,#6194,#6195,#6196,
#6197,#6198,#6199,#6200,#6201,#6202,#6203,#6204,#6205,#6206,#6207,#6208,
#6209,#6210,#6211,#6212,#6213,#6214,#6215,#6216,#6217,#6218,#6219,#6220,
#6221,#6222,#6223,#6224,#6225,#6226,#6227,#6228,#6229,#6230,#6231,#6232,
#6233,#6234,#6235,#6236,#6237,#6238,#6239,#6240,#6241,#6242),
 .UNSPECIFIED.,.F.,.F.,(4,3,3,3,3,3,3,3,3,3,3,3,3,3,3,3,3,3,3,3,3,4),(0.,
0.00340171639254458,0.00704315094805288,0.00775077930364672,0.0113483306795241,
0.0118343288671989,0.0158352264290578,0.0163671390954948,0.0201701713818884,
0.0237321027494752,0.0278771385007184,0.0319397002777768,0.0350813396226284,
0.0355471553004986,0.0396218826837643,0.04347865981064,0.0469249518545989,
0.0487212982485429,0.0526136170234681,0.054118710098256,0.0574852754395387,
0.0606602817390193),.UNSPECIFIED.);
#38=B_SPLINE_CURVE_WITH_KNOTS('',3,(#6275,#6276,#6277,#6278,#6279,#6280,
#6281,#6282,#6283,#6284,#6285,#6286,#6287,#6288,#6289,#6290,#6291,#6292,
#6293,#6294,#6295,#6296,#6297,#6298,#6299,#6300,#6301,#6302,#6303,#6304,
#6305,#6306,#6307,#6308,#6309,#6310,#6311,#6312,#6313,#6314,#6315,#6316,
#6317,#6318,#6319,#6320,#6321,#6322,#6323,#6324,#6325,#6326,#6327,#6328,
#6329,#6330,#6331,#6332,#6333,#6334,#6335,#6336,#6337,#6338,#6339,#6340,
#6341,#6342,#6343,#6344,#6345,#6346,#6347,#6348,#6349,#6350,#6351,#6352,
#6353,#6354,#6355,#6356,#6357,#6358,#6359,#6360,#6361,#6362,#6363,#6364,
#6365,#6366,#6367,#6368,#6369,#6370,#6371,#6372,#6373,#6374,#6375,#6376,
#6377,#6378,#6379,#6380,#6381,#6382,#6383,#6384,#6385,#6386,#6387,#6388,
#6389,#6390,#6391,#6392,#6393,#6394,#6395,#6396,#6397,#6398,#6399,#6400,
#6401,#6402,#6403,#6404,#6405,#6406,#6407,#6408,#6409,#6410,#6411,#6412,
#6413,#6414,#6415,#6416,#6417,#6418,#6419),.UNSPECIFIED.,.F.,.F.,(4,3,3,
3,3,3,3,3,3,3,3,3,3,3,3,3,3,3,3,3,3,3,3,3,3,3,3,3,3,3,3,3,3,3,3,3,3,3,3,
3,3,3,3,3,3,3,3,3,4),(0.,0.0275115773030153,0.0553985534185941,0.0832877973314441,
0.110916613272792,0.117187500000003,0.121890510071653,0.125000000000003,
0.1511065893108,0.177639236022868,0.204182825353849,0.230429548648156,0.250000000000015,
0.275303691055419,0.30099482103703,0.326702327137199,0.352160373679527,
0.367187500000025,0.371780950409049,0.375000000000026,0.403633836499979,
0.432678805863107,0.461711789986019,0.490421909859014,0.50000000000003,
0.527513133595575,0.555388142579949,0.583256582618405,0.610853085700116,
0.617187500000031,0.621899876398034,0.625000000000031,0.651106589315616,
0.677639236032593,0.704182825368459,0.730429548667555,0.75000000000002,
0.775303691055458,0.800994821037016,0.826702327137072,0.852160373679142,
0.86718750000001,0.871789986396513,0.875000000000009,0.902511976396069,
0.930393025720437,0.958261029706535,0.985821740514832,1.),.UNSPECIFIED.);
#39=B_SPLINE_CURVE_WITH_KNOTS('',3,(#6420,#6421,#6422,#6423,#6424,#6425,
#6426,#6427,#6428,#6429,#6430,#6431,#6432,#6433,#6434,#6435,#6436,#6437,
#6438,#6439,#6440,#6441,#6442,#6443,#6444,#6445,#6446,#6447,#6448,#6449,
#6450,#6451,#6452,#6453,#6454,#6455,#6456,#6457,#6458,#6459,#6460,#6461,
#6462,#6463,#6464,#6465,#6466,#6467,#6468,#6469,#6470,#6471,#6472,#6473,
#6474,#6475,#6476,#6477,#6478,#6479,#6480,#6481,#6482,#6483,#6484,#6485,
#6486,#6487,#6488,#6489,#6490,#6491,#6492,#6493,#6494,#6495,#6496,#6497,
#6498,#6499,#6500,#6501,#6502,#6503,#6504,#6505,#6506,#6507,#6508,#6509,
#6510,#6511,#6512,#6513,#6514,#6515,#6516,#6517,#6518,#6519,#6520,#6521,
#6522,#6523,#6524,#6525,#6526,#6527,#6528,#6529,#6530,#6531,#6532,#6533,
#6534,#6535,#6536,#6537,#6538,#6539,#6540,#6541,#6542,#6543,#6544,#6545,
#6546,#6547,#6548,#6549,#6550,#6551,#6552,#6553,#6554,#6555,#6556,#6557,
#6558,#6559,#6560,#6561,#6562,#6563,#6564),.UNSPECIFIED.,.F.,.F.,(4,3,3,
3,3,3,3,3,3,3,3,3,3,3,3,3,3,3,3,3,3,3,3,3,3,3,3,3,3,3,3,3,3,3,3,3,3,3,3,
3,3,3,3,3,3,3,3,3,4),(2.49825698110654E-15,0.0275115773034834,0.0553985534193143,
0.0832877973323399,0.110916613273733,0.117187499999983,0.121890510071939,
0.124999999999982,0.151106589319784,0.177639236041108,0.204182825381297,
0.230429548684535,0.249999999999971,0.275303691055548,0.300994821037111,
0.326702327137117,0.352160373679062,0.367187499999961,0.371780950408863,
0.374999999999961,0.403633836494046,0.432678805851032,0.461711789967787,
0.490421909834685,0.499999999999968,0.527513133595503,0.555388142579975,
0.583256582618659,0.610853085700703,0.617187499999976,0.621899876397817,
0.624999999999976,0.651106589313714,0.677639236028792,0.70418282536279,
0.730429548660049,0.749999999999984,0.775303691055489,0.800994821037147,
0.826702327137314,0.852160373679546,0.86718749999999,0.871789986396534,
0.874999999999991,0.902511976396058,0.930393025720457,0.95826102970659,
0.985821740514928,1.),.UNSPECIFIED.);
#40=B_SPLINE_CURVE_WITH_KNOTS('',3,(#6574,#6575,#6576,#6577),
 .UNSPECIFIED.,.F.,.F.,(4,4),(2.26381413614973E-16,0.00510041336348179),
 .UNSPECIFIED.);
#41=B_SPLINE_CURVE_WITH_KNOTS('',3,(#6592,#6593,#6594,#6595,#6596,#6597,
#6598,#6599,#6600,#6601,#6602,#6603,#6604,#6605,#6606,#6607,#6608,#6609,
#6610,#6611,#6612,#6613,#6614,#6615,#6616,#6617,#6618,#6619,#6620,#6621,
#6622,#6623,#6624,#6625,#6626,#6627,#6628,#6629,#6630,#6631,#6632,#6633,
#6634,#6635,#6636,#6637,#6638,#6639,#6640,#6641,#6642,#6643,#6644,#6645,
#6646,#6647,#6648,#6649,#6650,#6651,#6652,#6653,#6654,#6655,#6656,#6657,
#6658,#6659,#6660,#6661,#6662,#6663,#6664,#6665,#6666,#6667,#6668,#6669,
#6670,#6671,#6672,#6673,#6674,#6675,#6676,#6677,#6678,#6679,#6680,#6681,
#6682,#6683,#6684,#6685,#6686,#6687,#6688,#6689,#6690,#6691,#6692,#6693,
#6694,#6695,#6696,#6697,#6698,#6699,#6700,#6701,#6702,#6703,#6704,#6705,
#6706,#6707,#6708,#6709,#6710,#6711,#6712,#6713,#6714,#6715,#6716,#6717,
#6718,#6719,#6720,#6721,#6722,#6723,#6724,#6725,#6726,#6727,#6728,#6729,
#6730,#6731,#6732,#6733,#6734,#6735,#6736,#6737,#6738,#6739,#6740,#6741,
#6742),.UNSPECIFIED.,.F.,.F.,(4,3,3,3,3,3,3,3,3,3,3,3,3,3,3,3,3,3,3,3,3,
3,3,3,3,3,3,3,3,3,3,3,3,3,3,3,3,3,3,3,3,3,3,3,3,3,3,3,3,3,4),(0.,0.0252432637974189,
0.0508278850840359,0.0764334761749417,0.101837468032739,0.117187499999993,
0.12149699707015,0.124999999999992,0.148739803711822,0.172752421258695,
0.196896234814311,0.220944600925729,0.244673524232726,0.249999999999989,
0.273217993768666,0.296789912071759,0.32039447662502,0.343809986285076,
0.367187499999987,0.371413412966065,0.374999999999987,0.400963149198169,
0.427288413242556,0.453623854500864,0.479709511347638,0.49999999999999,
0.525244391095632,0.550821812612637,0.576414911240333,0.601798729526014,
0.617187499999993,0.62150303590713,0.624999999999993,0.648739803718135,
0.672752421271379,0.696896234833266,0.720944600950774,0.744673524263583,
0.749999999999993,0.773217993768331,0.796789912071068,0.820394476623952,
0.843809986283608,0.867187499999995,0.871419358044048,0.874999999999996,
0.900253035138324,0.92584295179229,0.951440816623646,0.976795861014503,
1.),.UNSPECIFIED.);
#42=B_SPLINE_CURVE_WITH_KNOTS('',3,(#6743,#6744,#6745,#6746,#6747,#6748,
#6749,#6750,#6751,#6752,#6753,#6754,#6755,#6756,#6757,#6758,#6759,#6760,
#6761,#6762,#6763,#6764,#6765,#6766,#6767,#6768,#6769,#6770,#6771,#6772,
#6773,#6774,#6775,#6776,#6777,#6778,#6779,#6780,#6781,#6782,#6783,#6784,
#6785,#6786,#6787,#6788,#6789,#6790,#6791,#6792,#6793,#6794,#6795,#6796,
#6797,#6798,#6799,#6800,#6801,#6802,#6803,#6804,#6805,#6806,#6807,#6808,
#6809,#6810,#6811,#6812,#6813,#6814,#6815,#6816,#6817,#6818,#6819,#6820,
#6821,#6822,#6823,#6824,#6825,#6826,#6827,#6828,#6829,#6830,#6831,#6832,
#6833,#6834,#6835,#6836,#6837,#6838,#6839,#6840,#6841,#6842,#6843,#6844,
#6845,#6846,#6847,#6848,#6849,#6850,#6851,#6852,#6853,#6854,#6855,#6856,
#6857,#6858,#6859,#6860,#6861,#6862,#6863,#6864,#6865,#6866,#6867,#6868,
#6869,#6870,#6871,#6872,#6873,#6874,#6875,#6876,#6877,#6878,#6879,#6880,
#6881,#6882,#6883,#6884,#6885,#6886,#6887,#6888,#6889,#6890,#6891,#6892,
#6893),.UNSPECIFIED.,.F.,.F.,(4,3,3,3,3,3,3,3,3,3,3,3,3,3,3,3,3,3,3,3,3,
3,3,3,3,3,3,3,3,3,3,3,3,3,3,3,3,3,3,3,3,3,3,3,3,3,3,3,3,3,4),(0.,0.0252432637985126,
0.0508278850857569,0.0764334761770419,0.101837468034828,0.117187499999982,
0.121496997071005,0.124999999999981,0.148739803727382,0.172752421290068,
0.196896234861225,0.220944600987814,0.244673524309391,0.249999999999979,
0.273217993768082,0.29678991207044,0.320394476622891,0.343809986282036,
0.367187499999978,0.371413412965985,0.374999999999978,0.400963149195343,
0.427288413236996,0.453623854492672,0.479709511336991,0.499999999999982,
0.525244391095259,0.550821812611905,0.576414911239252,0.601798729524603,
0.617187499999985,0.621503035907175,0.624999999999985,0.648739803720977,
0.672752421277178,0.696896234842103,0.720944600962659,0.744673524278521,
0.749999999999985,0.773217993768287,0.796789912070861,0.820394476623512,
0.843809986282843,0.867187499999985,0.871419358043946,0.874999999999985,
0.900253035138326,0.92584295179234,0.95144081662377,0.976795861014734,1.),
 .UNSPECIFIED.);
#43=B_SPLINE_CURVE_WITH_KNOTS('',3,(#6898,#6899,#6900,#6901,#6902,#6903,
#6904,#6905,#6906,#6907,#6908,#6909,#6910,#6911,#6912,#6913,#6914,#6915,
#6916,#6917,#6918,#6919,#6920,#6921,#6922,#6923,#6924,#6925,#6926,#6927,
#6928,#6929,#6930,#6931,#6932,#6933,#6934,#6935,#6936,#6937,#6938,#6939,
#6940,#6941,#6942,#6943,#6944,#6945,#6946,#6947,#6948,#6949,#6950,#6951,
#6952,#6953,#6954,#6955,#6956,#6957,#6958,#6959,#6960,#6961,#6962,#6963,
#6964,#6965,#6966,#6967,#6968,#6969,#6970,#6971,#6972,#6973,#6974,#6975,
#6976,#6977,#6978,#6979,#6980,#6981,#6982,#6983,#6984,#6985,#6986,#6987,
#6988,#6989,#6990,#6991,#6992,#6993,#6994,#6995,#6996,#6997,#6998,#6999,
#7000,#7001,#7002,#7003,#7004,#7005,#7006,#7007,#7008,#7009,#7010,#7011,
#7012,#7013,#7014,#7015,#7016,#7017,#7018,#7019,#7020,#7021,#7022,#7023,
#7024,#7025,#7026,#7027,#7028,#7029,#7030,#7031,#7032,#7033,#7034,#7035,
#7036,#7037,#7038,#7039,#7040,#7041,#7042,#7043,#7044,#7045,#7046,#7047,
#7048),.UNSPECIFIED.,.F.,.F.,(4,3,3,3,3,3,3,3,3,3,3,3,3,3,3,3,3,3,3,3,3,
3,3,3,3,3,3,3,3,3,3,3,3,3,3,3,3,3,3,3,3,3,3,3,3,3,3,3,3,3,4),(0.,0.0252432637974,
0.0508278850839762,0.0764334761748401,0.10183746803258,0.117187499999986,
0.121496997070137,0.124999999999985,0.148739803702129,0.172752421238927,
0.196896234784223,0.220944600885369,0.244673524182169,0.24999999999998,
0.273217993767391,0.29678991206969,0.320394476622474,0.343809986282558,
0.367187499999975,0.371413412966826,0.374999999999973,0.400963149177351,
0.427288413200604,0.453623854437994,0.479709511264481,0.49999999999997,
0.525244391094604,0.550821812610962,0.576414911238241,0.601798729523846,
0.61718749999997,0.621503035906636,0.62499999999997,0.648739803716028,0.672752421267347,
0.696896234827498,0.720944600943471,0.744673524254978,0.749999999999972,
0.773217993768847,0.796789912071925,0.820394476625038,0.843809986284736,
0.867187499999977,0.871419358043734,0.874999999999977,0.900253035138398,
0.92584295179216,0.951440816623181,0.976795861013472,1.),.UNSPECIFIED.);
#44=B_SPLINE_CURVE_WITH_KNOTS('',3,(#7049,#7050,#7051,#7052,#7053,#7054,
#7055,#7056,#7057,#7058,#7059,#7060,#7061,#7062,#7063,#7064,#7065,#7066,
#7067,#7068,#7069,#7070,#7071,#7072,#7073,#7074,#7075,#7076,#7077,#7078,
#7079,#7080,#7081,#7082,#7083,#7084,#7085,#7086,#7087,#7088,#7089,#7090,
#7091,#7092,#7093,#7094,#7095,#7096,#7097,#7098,#7099,#7100,#7101,#7102,
#7103,#7104,#7105,#7106,#7107,#7108,#7109,#7110,#7111,#7112,#7113,#7114,
#7115,#7116,#7117,#7118,#7119,#7120,#7121,#7122,#7123,#7124,#7125,#7126,
#7127,#7128,#7129,#7130,#7131,#7132,#7133,#7134,#7135,#7136,#7137,#7138,
#7139,#7140,#7141,#7142,#7143,#7144,#7145,#7146,#7147,#7148,#7149,#7150,
#7151,#7152,#7153,#7154,#7155,#7156,#7157,#7158,#7159,#7160,#7161,#7162,
#7163,#7164,#7165,#7166,#7167,#7168,#7169,#7170,#7171,#7172,#7173,#7174,
#7175,#7176,#7177,#7178,#7179,#7180,#7181,#7182,#7183,#7184,#7185,#7186,
#7187,#7188,#7189,#7190,#7191,#7192,#7193,#7194,#7195,#7196,#7197,#7198,
#7199),.UNSPECIFIED.,.F.,.F.,(4,3,3,3,3,3,3,3,3,3,3,3,3,3,3,3,3,3,3,3,3,
3,3,3,3,3,3,3,3,3,3,3,3,3,3,3,3,3,3,3,3,3,3,3,3,3,3,3,3,3,4),(0.,0.025243263799949,
0.0508278850881914,0.0764334761800456,0.101837468037918,0.117187499999995,
0.121496997072043,0.124999999999996,0.148739803749502,0.172752421334681,
0.196896234928159,0.220944601076487,0.244673524419164,0.24999999999999,
0.273217993768387,0.296789912070669,0.320394476622809,0.343809986281268,
0.367187499999986,0.371413412965674,0.374999999999987,0.400963149186566,
0.427288413218998,0.453623854465354,0.479709511300358,0.500000000000002,
0.525244391094615,0.550821812610941,0.576414911238198,0.601798729523773,
0.617187500000021,0.621503035907014,0.625000000000022,0.648739803730043,
0.672752421295653,0.696896234870249,0.720944601000449,0.744673524325906,
0.750000000000019,0.77321799376902,0.796789912071858,0.820394476624505,
0.843809986283369,0.867187500000015,0.871419358043378,0.875000000000015,
0.900253035138375,0.925842951792055,0.951440816622945,0.976795861013073,
1.),.UNSPECIFIED.);
#45=B_SPLINE_CURVE_WITH_KNOTS('',3,(#7269,#7270,#7271,#7272,#7273,#7274),
 .UNSPECIFIED.,.F.,.F.,(4,2,4),(-0.00070157890262904,0.,0.389499022044843),
 .UNSPECIFIED.);
#46=B_SPLINE_CURVE_WITH_KNOTS('',3,(#7318,#7319,#7320,#7321,#7322,#7323,
#7324,#7325,#7326,#7327,#7328,#7329,#7330,#7331,#7332,#7333,#7334,#7335,
#7336,#7337,#7338,#7339,#7340,#7341,#7342,#7343,#7344,#7345,#7346,#7347,
#7348,#7349,#7350,#7351,#7352,#7353,#7354,#7355,#7356,#7357,#7358,#7359,
#7360,#7361,#7362,#7363,#7364,#7365,#7366,#7367,#7368,#7369,#7370,#7371,
#7372,#7373,#7374,#7375,#7376,#7377,#7378),.UNSPECIFIED.,.F.,.F.,(4,3,3,
3,3,3,3,3,3,3,3,3,3,3,3,3,3,3,3,3,4),(0.,0.00421175106527403,0.00867697499438547,
0.0134125803395317,0.0146191164879339,0.0155805205570209,0.02025122519373,
0.025156786051009,0.0301453768055961,0.0309273935160832,0.031227404371026,
0.0361922848825335,0.0414102031538602,0.0466281214251868,0.0512842980861308,
0.0531680102389567,0.0581560834155193,0.0605313548397565,0.0649893455420587,
0.0690252958335783,0.0730612461250979),.UNSPECIFIED.);
#47=B_SPLINE_CURVE_WITH_KNOTS('',3,(#7379,#7380,#7381,#7382,#7383,#7384),
 .UNSPECIFIED.,.F.,.F.,(4,2,4),(-0.389499022044843,0.,0.000701578902629941),
 .UNSPECIFIED.);
#48=B_SPLINE_CURVE_WITH_KNOTS('',3,(#7401,#7402,#7403,#7404),
 .UNSPECIFIED.,.F.,.F.,(4,4),(2.60208521396521E-17,0.00900055805855084),
 .UNSPECIFIED.);
#49=B_SPLINE_CURVE_WITH_KNOTS('',3,(#7409,#7410,#7411,#7412),
 .UNSPECIFIED.,.F.,.F.,(4,4),(4.16333634234434E-17,0.00900064204549201),
 .UNSPECIFIED.);
#50=B_SPLINE_CURVE_WITH_KNOTS('',3,(#7524,#7525,#7526,#7527),
 .UNSPECIFIED.,.F.,.F.,(4,4),(6.93889390390723E-18,0.00900064204549207),
 .UNSPECIFIED.);
#51=B_SPLINE_CURVE_WITH_KNOTS('',3,(#7578,#7579,#7580,#7581,#7582,#7583),
 .UNSPECIFIED.,.F.,.F.,(4,2,4),(-0.391609598579292,-0.39058522070695,-0.00138475450808268),
 .UNSPECIFIED.);
#52=B_SPLINE_CURVE_WITH_KNOTS('',3,(#7585,#7586,#7587,#7588,#7589,#7590,
#7591,#7592,#7593,#7594,#7595,#7596,#7597,#7598,#7599,#7600,#7601,#7602,
#7603,#7604,#7605,#7606,#7607,#7608,#7609,#7610,#7611,#7612,#7613,#7614,
#7615,#7616,#7617,#7618,#7619,#7620,#7621,#7622,#7623,#7624,#7625,#7626,
#7627,#7628,#7629,#7630,#7631,#7632,#7633,#7634,#7635,#7636,#7637,#7638,
#7639,#7640,#7641,#7642,#7643,#7644,#7645,#7646,#7647,#7648,#7649,#7650,
#7651,#7652,#7653,#7654),.UNSPECIFIED.,.F.,.F.,(4,3,3,3,3,3,3,3,3,3,3,3,
3,3,3,3,3,3,3,3,3,3,3,4),(0.,0.00418365159793084,0.0086541361686703,0.0100968961424652,
0.0145327844245882,0.015556242170581,0.020478439728934,0.0212936325453521,
0.0258176130825775,0.0306422573425044,0.0311934332377648,0.0362841974540516,
0.0412750277580633,0.0455635044458605,0.0467028257229799,0.0516944008365325,
0.0566670127876065,0.0611851307211199,0.0616396247386806,0.0632644265787479,
0.0680288552081291,0.0706095885377311,0.0747417382052425,0.078805508155681),
 .UNSPECIFIED.);
#53=B_SPLINE_CURVE_WITH_KNOTS('',3,(#7655,#7656,#7657,#7658,#7659,#7660),
 .UNSPECIFIED.,.F.,.F.,(4,2,4),(0.00138475450808268,0.39058522070695,0.391609598579293),
 .UNSPECIFIED.);
#54=B_SPLINE_CURVE_WITH_KNOTS('',3,(#7671,#7672,#7673,#7674,#7675,#7676,
#7677,#7678,#7679,#7680,#7681,#7682,#7683,#7684,#7685,#7686,#7687,#7688,
#7689,#7690,#7691,#7692,#7693,#7694,#7695,#7696,#7697,#7698,#7699,#7700,
#7701,#7702,#7703,#7704,#7705,#7706,#7707,#7708,#7709,#7710,#7711,#7712,
#7713,#7714,#7715,#7716,#7717,#7718,#7719,#7720,#7721,#7722,#7723,#7724,
#7725,#7726,#7727,#7728,#7729,#7730,#7731,#7732,#7733,#7734,#7735,#7736,
#7737,#7738,#7739,#7740,#7741,#7742,#7743,#7744,#7745,#7746,#7747,#7748,
#7749,#7750,#7751,#7752,#7753,#7754,#7755,#7756,#7757,#7758,#7759,#7760,
#7761,#7762,#7763,#7764,#7765,#7766,#7767,#7768,#7769,#7770,#7771,#7772,
#7773,#7774,#7775,#7776,#7777,#7778,#7779,#7780,#7781,#7782,#7783,#7784,
#7785,#7786,#7787,#7788,#7789,#7790,#7791,#7792,#7793,#7794,#7795,#7796,
#7797,#7798,#7799,#7800,#7801,#7802,#7803,#7804,#7805,#7806,#7807,#7808,
#7809,#7810,#7811,#7812,#7813,#7814,#7815,#7816,#7817,#7818,#7819,#7820,
#7821),.UNSPECIFIED.,.F.,.F.,(4,3,3,3,3,3,3,3,3,3,3,3,3,3,3,3,3,3,3,3,3,
3,3,3,3,3,3,3,3,3,3,3,3,3,3,3,3,3,3,3,3,3,3,3,3,3,3,3,3,3,4),(0.,0.0252432637976868,
0.0508278850844741,0.0764334761754851,0.101837468033288,0.1171875,0.121496997070451,
0.125,0.148739803718235,0.172752421271603,0.196896234833667,0.220944600951382,
0.244673524264482,0.250000000000001,0.273217993768472,0.296789912071271,
0.320394476624187,0.343809986283832,0.367187500000002,0.371413412966049,
0.375000000000002,0.400963149197121,0.427288413240512,0.453623854497879,
0.479709511343802,0.499999999999998,0.525244391095705,0.550821812612728,
0.576414911240419,0.601798729526059,0.617187499999996,0.621503035907243,
0.624999999999996,0.648739803723294,0.672752421281803,0.696896234849035,
0.720944600971827,0.744673524289869,0.749999999999997,0.773217993768675,
0.796789912071548,0.820394476624468,0.843809986283993,0.867187499999998,
0.871419358043814,0.874999999999998,0.900253035138433,0.925842951792272,
0.951440816623438,0.976795861013963,1.),.UNSPECIFIED.);
#55=B_SPLINE_CURVE_WITH_KNOTS('',3,(#7822,#7823,#7824,#7825,#7826,#7827,
#7828,#7829,#7830,#7831,#7832,#7833,#7834,#7835,#7836,#7837,#7838,#7839,
#7840,#7841,#7842,#7843,#7844,#7845,#7846,#7847,#7848,#7849,#7850,#7851,
#7852,#7853,#7854,#7855,#7856,#7857,#7858,#7859,#7860,#7861,#7862,#7863,
#7864,#7865,#7866,#7867,#7868,#7869,#7870,#7871,#7872,#7873,#7874,#7875,
#7876,#7877,#7878,#7879,#7880,#7881,#7882,#7883,#7884,#7885,#7886,#7887,
#7888,#7889,#7890,#7891,#7892,#7893,#7894,#7895,#7896,#7897,#7898,#7899,
#7900,#7901,#7902,#7903,#7904,#7905,#7906,#7907,#7908,#7909,#7910,#7911,
#7912,#7913,#7914,#7915,#7916,#7917,#7918,#7919,#7920,#7921,#7922,#7923,
#7924,#7925,#7926,#7927,#7928,#7929,#7930,#7931,#7932,#7933,#7934,#7935,
#7936,#7937,#7938,#7939,#7940,#7941,#7942,#7943,#7944,#7945,#7946,#7947,
#7948,#7949,#7950,#7951,#7952,#7953,#7954,#7955,#7956,#7957,#7958,#7959,
#7960,#7961,#7962,#7963,#7964,#7965,#7966,#7967,#7968,#7969,#7970,#7971,
#7972),.UNSPECIFIED.,.F.,.F.,(4,3,3,3,3,3,3,3,3,3,3,3,3,3,3,3,3,3,3,3,3,
3,3,3,3,3,3,3,3,3,3,3,3,3,3,3,3,3,3,3,3,3,3,3,3,3,3,3,3,3,4),(0.,0.0252432637978092,
0.0508278850846928,0.0764334761757369,0.101837468033544,0.1171875,0.12149699707067,
0.125,0.148739803723985,0.172752421283217,0.196896234851103,0.220944600974515,
0.244673524293126,0.249999999999997,0.273217993768372,0.296789912070967,
0.320394476623625,0.343809986282908,0.367187499999995,0.371413412965966,
0.374999999999995,0.400963149194414,0.427288413235036,0.453623854489647,
0.479709511332866,0.499999999999995,0.525244391095444,0.550821812612296,
0.57641491123986,0.601798729525464,0.617187499999996,0.621503035907051,
0.624999999999997,0.648739803717668,0.672752421270463,0.696896234831947,
0.720944600949074,0.744673524261605,0.749999999999998,0.773217993768481,
0.796789912071312,0.820394476624268,0.843809986283964,0.8671875,0.871419358043987,
0.875,0.900253035138367,0.925842951792289,0.951440816623568,0.976795861014302,
1.),.UNSPECIFIED.);
#56=B_SPLINE_CURVE_WITH_KNOTS('',3,(#8003,#8004,#8005,#8006,#8007,#8008),
 .UNSPECIFIED.,.F.,.F.,(4,2,4),(0.000940898397308224,0.390439920442204,
0.391141499344857),.UNSPECIFIED.);
#57=B_SPLINE_CURVE_WITH_KNOTS('',3,(#8053,#8054,#8055,#8056,#8057,#8058),
 .UNSPECIFIED.,.F.,.F.,(4,2,4),(-0.391141499344856,-0.390439920442204,-0.000940898397308224),
 .UNSPECIFIED.);
#58=B_SPLINE_CURVE_WITH_KNOTS('',3,(#8059,#8060,#8061,#8062,#8063,#8064,
#8065,#8066,#8067,#8068,#8069,#8070,#8071,#8072,#8073,#8074,#8075,#8076,
#8077,#8078,#8079,#8080,#8081,#8082,#8083,#8084,#8085,#8086,#8087,#8088,
#8089,#8090,#8091,#8092,#8093,#8094,#8095,#8096,#8097,#8098,#8099,#8100,
#8101,#8102,#8103,#8104,#8105,#8106,#8107,#8108,#8109,#8110,#8111,#8112,
#8113,#8114,#8115,#8116),.UNSPECIFIED.,.F.,.F.,(4,3,3,3,3,3,3,3,3,3,3,3,
3,3,3,3,3,3,3,4),(0.,0.00401775120485552,0.00828893588105316,0.0129277580133726,
0.0155805205234465,0.0199079110427275,0.0245357105743554,0.0294676649906724,
0.0312274043267965,0.0363269791972712,0.0412777352770677,0.0421637777436423,
0.0466281214137361,0.0515291574727436,0.056108157121484,0.0584639084942051,
0.0605313550239461,0.0651443352374457,0.069377095943911,0.0730612461254044),
 .UNSPECIFIED.);
#59=B_SPLINE_CURVE_WITH_KNOTS('',3,(#8123,#8124,#8125,#8126),
 .UNSPECIFIED.,.F.,.F.,(4,4),(7.44670968994064E-16,0.00830047225962515),
 .UNSPECIFIED.);
#60=CYLINDRICAL_SURFACE('',#3895,4.015);
#61=CYLINDRICAL_SURFACE('',#3983,1.54);
#62=CYLINDRICAL_SURFACE('',#4091,2.);
#63=CYLINDRICAL_SURFACE('',#4094,2.);
#64=CYLINDRICAL_SURFACE('',#4097,2.);
#65=CYLINDRICAL_SURFACE('',#4100,2.);
#66=CYLINDRICAL_SURFACE('',#4103,2.);
#67=CYLINDRICAL_SURFACE('',#4106,2.);
#68=CYLINDRICAL_SURFACE('',#4109,2.);
#69=CYLINDRICAL_SURFACE('',#4112,2.);
#70=CYLINDRICAL_SURFACE('',#4119,0.400000000000002);
#71=CYLINDRICAL_SURFACE('',#4141,1.9);
#72=CYLINDRICAL_SURFACE('',#4158,3.);
#73=ELLIPSE('',#3853,1.90018522243706,1.90000000000001);
#74=ELLIPSE('',#3997,2.00049959738156,1.99999999999873);
#75=ELLIPSE('',#4006,2.0016879925682,2.);
#76=ELLIPSE('',#4008,2.00038992296963,2.);
#77=ELLIPSE('',#4043,0.500089510990125,0.50003458072105);
#78=ELLIPSE('',#4044,0.500089510989456,0.500034580720383);
#79=ELLIPSE('',#4046,0.500091305970042,0.50003975637692);
#80=ELLIPSE('',#4062,0.594357608931256,0.594292324171896);
#81=ELLIPSE('',#4077,0.405822869670716,0.405781037302185);
#82=ELLIPSE('',#4092,2.00049959738232,2.00000000000062);
#83=ELLIPSE('',#4107,2.0016879925682,2.);
#84=ELLIPSE('',#4113,2.00038992296963,2.);
#85=ELLIPSE('',#4120,0.400099919476415,0.400000000000002);
#86=ELLIPSE('',#4121,0.400099919476415,0.400000000000002);
#87=ELLIPSE('',#4127,0.405821413048918,0.405776837270138);
#88=ELLIPSE('',#4142,1.900104183918,1.90000000000001);
#89=ELLIPSE('',#4143,1.900104183918,1.90000000000001);
#90=ELLIPSE('',#4144,1.900104183918,1.90000000000001);
#91=ELLIPSE('',#4153,3.00016450092315,3.);
#92=ELLIPSE('',#4155,3.00016450092315,3.);
#93=ELLIPSE('',#4157,3.00016450092313,2.99999999999999);
#94=FACE_BOUND('',#446,.T.);
#95=FACE_BOUND('',#447,.T.);
#96=FACE_BOUND('',#448,.T.);
#97=FACE_BOUND('',#449,.T.);
#98=FACE_BOUND('',#450,.T.);
#99=FACE_BOUND('',#451,.T.);
#100=FACE_BOUND('',#452,.T.);
#101=FACE_BOUND('',#453,.T.);
#102=FACE_BOUND('',#454,.T.);
#103=FACE_BOUND('',#455,.T.);
#104=FACE_BOUND('',#456,.T.);
#105=FACE_BOUND('',#457,.T.);
#106=FACE_BOUND('',#458,.T.);
#107=FACE_BOUND('',#459,.T.);
#108=FACE_BOUND('',#460,.T.);
#109=FACE_BOUND('',#461,.T.);
#110=FACE_BOUND('',#462,.T.);
#111=FACE_BOUND('',#463,.T.);
#112=FACE_BOUND('',#470,.T.);
#113=FACE_BOUND('',#490,.T.);
#114=FACE_BOUND('',#492,.T.);
#115=FACE_BOUND('',#557,.T.);
#116=FACE_BOUND('',#562,.T.);
#117=FACE_BOUND('',#569,.T.);
#118=FACE_BOUND('',#570,.T.);
#119=FACE_BOUND('',#575,.T.);
#120=FACE_BOUND('',#596,.T.);
#121=FACE_BOUND('',#655,.T.);
#122=FACE_BOUND('',#660,.T.);
#123=FACE_BOUND('',#661,.T.);
#124=FACE_BOUND('',#668,.T.);
#125=FACE_BOUND('',#669,.T.);
#126=FACE_BOUND('',#670,.T.);
#127=FACE_BOUND('',#671,.T.);
#128=FACE_BOUND('',#672,.T.);
#129=PLANE('',#3796);
#130=PLANE('',#3852);
#131=PLANE('',#3854);
#132=PLANE('',#3855);
#133=PLANE('',#3856);
#134=PLANE('',#3862);
#135=PLANE('',#3863);
#136=PLANE('',#3865);
#137=PLANE('',#3867);
#138=PLANE('',#3870);
#139=PLANE('',#3874);
#140=PLANE('',#3876);
#141=PLANE('',#3878);
#142=PLANE('',#3879);
#143=PLANE('',#3883);
#144=PLANE('',#3884);
#145=PLANE('',#3889);
#146=PLANE('',#3893);
#147=PLANE('',#3897);
#148=PLANE('',#3899);
#149=PLANE('',#3901);
#150=PLANE('',#3903);
#151=PLANE('',#3904);
#152=PLANE('',#3905);
#153=PLANE('',#3906);
#154=PLANE('',#3907);
#155=PLANE('',#3908);
#156=PLANE('',#3913);
#157=PLANE('',#3914);
#158=PLANE('',#3915);
#159=PLANE('',#3917);
#160=PLANE('',#3920);
#161=PLANE('',#3921);
#162=PLANE('',#3922);
#163=PLANE('',#3926);
#164=PLANE('',#3927);
#165=PLANE('',#3928);
#166=PLANE('',#3929);
#167=PLANE('',#3931);
#168=PLANE('',#3932);
#169=PLANE('',#3933);
#170=PLANE('',#3935);
#171=PLANE('',#3936);
#172=PLANE('',#3937);
#173=PLANE('',#3938);
#174=PLANE('',#3944);
#175=PLANE('',#3948);
#176=PLANE('',#3949);
#177=PLANE('',#3954);
#178=PLANE('',#3957);
#179=PLANE('',#3960);
#180=PLANE('',#3963);
#181=PLANE('',#3966);
#182=PLANE('',#3969);
#183=PLANE('',#3971);
#184=PLANE('',#3976);
#185=PLANE('',#3978);
#186=PLANE('',#3979);
#187=PLANE('',#3980);
#188=PLANE('',#3981);
#189=PLANE('',#3990);
#190=PLANE('',#3993);
#191=PLANE('',#4001);
#192=PLANE('',#4003);
#193=PLANE('',#4007);
#194=PLANE('',#4009);
#195=PLANE('',#4010);
#196=PLANE('',#4011);
#197=PLANE('',#4012);
#198=PLANE('',#4015);
#199=PLANE('',#4021);
#200=PLANE('',#4022);
#201=PLANE('',#4031);
#202=PLANE('',#4034);
#203=PLANE('',#4037);
#204=PLANE('',#4038);
#205=PLANE('',#4049);
#206=PLANE('',#4060);
#207=PLANE('',#4063);
#208=PLANE('',#4064);
#209=PLANE('',#4067);
#210=PLANE('',#4068);
#211=PLANE('',#4069);
#212=PLANE('',#4070);
#213=PLANE('',#4071);
#214=PLANE('',#4072);
#215=PLANE('',#4073);
#216=PLANE('',#4074);
#217=PLANE('',#4075);
#218=PLANE('',#4078);
#219=PLANE('',#4085);
#220=PLANE('',#4089);
#221=PLANE('',#4090);
#222=PLANE('',#4093);
#223=PLANE('',#4096);
#224=PLANE('',#4099);
#225=PLANE('',#4102);
#226=PLANE('',#4105);
#227=PLANE('',#4108);
#228=PLANE('',#4111);
#229=PLANE('',#4114);
#230=PLANE('',#4115);
#231=PLANE('',#4118);
#232=PLANE('',#4122);
#233=PLANE('',#4123);
#234=PLANE('',#4124);
#235=PLANE('',#4125);
#236=PLANE('',#4130);
#237=PLANE('',#4138);
#238=PLANE('',#4145);
#239=PLANE('',#4148);
#240=PLANE('',#4151);
#241=PLANE('',#4152);
#242=PLANE('',#4154);
#243=PLANE('',#4156);
#244=FACE_OUTER_BOUND('',#444,.T.);
#245=FACE_OUTER_BOUND('',#445,.T.);
#246=FACE_OUTER_BOUND('',#464,.T.);
#247=FACE_OUTER_BOUND('',#465,.T.);
#248=FACE_OUTER_BOUND('',#466,.T.);
#249=FACE_OUTER_BOUND('',#467,.T.);
#250=FACE_OUTER_BOUND('',#468,.T.);
#251=FACE_OUTER_BOUND('',#469,.T.);
#252=FACE_OUTER_BOUND('',#471,.T.);
#253=FACE_OUTER_BOUND('',#472,.T.);
#254=FACE_OUTER_BOUND('',#473,.T.);
#255=FACE_OUTER_BOUND('',#474,.T.);
#256=FACE_OUTER_BOUND('',#475,.T.);
#257=FACE_OUTER_BOUND('',#476,.T.);
#258=FACE_OUTER_BOUND('',#477,.T.);
#259=FACE_OUTER_BOUND('',#478,.T.);
#260=FACE_OUTER_BOUND('',#479,.T.);
#261=FACE_OUTER_BOUND('',#480,.T.);
#262=FACE_OUTER_BOUND('',#481,.T.);
#263=FACE_OUTER_BOUND('',#482,.T.);
#264=FACE_OUTER_BOUND('',#483,.T.);
#265=FACE_OUTER_BOUND('',#484,.T.);
#266=FACE_OUTER_BOUND('',#485,.T.);
#267=FACE_OUTER_BOUND('',#486,.T.);
#268=FACE_OUTER_BOUND('',#487,.T.);
#269=FACE_OUTER_BOUND('',#488,.T.);
#270=FACE_OUTER_BOUND('',#489,.T.);
#271=FACE_OUTER_BOUND('',#491,.T.);
#272=FACE_OUTER_BOUND('',#493,.T.);
#273=FACE_OUTER_BOUND('',#494,.T.);
#274=FACE_OUTER_BOUND('',#495,.T.);
#275=FACE_OUTER_BOUND('',#496,.T.);
#276=FACE_OUTER_BOUND('',#497,.T.);
#277=FACE_OUTER_BOUND('',#498,.T.);
#278=FACE_OUTER_BOUND('',#499,.T.);
#279=FACE_OUTER_BOUND('',#500,.T.);
#280=FACE_OUTER_BOUND('',#501,.T.);
#281=FACE_OUTER_BOUND('',#502,.T.);
#282=FACE_OUTER_BOUND('',#503,.T.);
#283=FACE_OUTER_BOUND('',#504,.T.);
#284=FACE_OUTER_BOUND('',#505,.T.);
#285=FACE_OUTER_BOUND('',#506,.T.);
#286=FACE_OUTER_BOUND('',#507,.T.);
#287=FACE_OUTER_BOUND('',#508,.T.);
#288=FACE_OUTER_BOUND('',#509,.T.);
#289=FACE_OUTER_BOUND('',#510,.T.);
#290=FACE_OUTER_BOUND('',#511,.T.);
#291=FACE_OUTER_BOUND('',#512,.T.);
#292=FACE_OUTER_BOUND('',#513,.T.);
#293=FACE_OUTER_BOUND('',#514,.T.);
#294=FACE_OUTER_BOUND('',#515,.T.);
#295=FACE_OUTER_BOUND('',#516,.T.);
#296=FACE_OUTER_BOUND('',#517,.T.);
#297=FACE_OUTER_BOUND('',#518,.T.);
#298=FACE_OUTER_BOUND('',#519,.T.);
#299=FACE_OUTER_BOUND('',#520,.T.);
#300=FACE_OUTER_BOUND('',#521,.T.);
#301=FACE_OUTER_BOUND('',#522,.T.);
#302=FACE_OUTER_BOUND('',#523,.T.);
#303=FACE_OUTER_BOUND('',#524,.T.);
#304=FACE_OUTER_BOUND('',#525,.T.);
#305=FACE_OUTER_BOUND('',#526,.T.);
#306=FACE_OUTER_BOUND('',#527,.T.);
#307=FACE_OUTER_BOUND('',#528,.T.);
#308=FACE_OUTER_BOUND('',#529,.T.);
#309=FACE_OUTER_BOUND('',#530,.T.);
#310=FACE_OUTER_BOUND('',#531,.T.);
#311=FACE_OUTER_BOUND('',#532,.T.);
#312=FACE_OUTER_BOUND('',#533,.T.);
#313=FACE_OUTER_BOUND('',#534,.T.);
#314=FACE_OUTER_BOUND('',#535,.T.);
#315=FACE_OUTER_BOUND('',#536,.T.);
#316=FACE_OUTER_BOUND('',#537,.T.);
#317=FACE_OUTER_BOUND('',#538,.T.);
#318=FACE_OUTER_BOUND('',#539,.T.);
#319=FACE_OUTER_BOUND('',#540,.T.);
#320=FACE_OUTER_BOUND('',#541,.T.);
#321=FACE_OUTER_BOUND('',#542,.T.);
#322=FACE_OUTER_BOUND('',#543,.T.);
#323=FACE_OUTER_BOUND('',#544,.T.);
#324=FACE_OUTER_BOUND('',#545,.T.);
#325=FACE_OUTER_BOUND('',#546,.T.);
#326=FACE_OUTER_BOUND('',#547,.T.);
#327=FACE_OUTER_BOUND('',#548,.T.);
#328=FACE_OUTER_BOUND('',#549,.T.);
#329=FACE_OUTER_BOUND('',#550,.T.);
#330=FACE_OUTER_BOUND('',#551,.T.);
#331=FACE_OUTER_BOUND('',#552,.T.);
#332=FACE_OUTER_BOUND('',#553,.T.);
#333=FACE_OUTER_BOUND('',#554,.T.);
#334=FACE_OUTER_BOUND('',#555,.T.);
#335=FACE_OUTER_BOUND('',#556,.T.);
#336=FACE_OUTER_BOUND('',#558,.T.);
#337=FACE_OUTER_BOUND('',#559,.T.);
#338=FACE_OUTER_BOUND('',#560,.T.);
#339=FACE_OUTER_BOUND('',#561,.T.);
#340=FACE_OUTER_BOUND('',#563,.T.);
#341=FACE_OUTER_BOUND('',#564,.T.);
#342=FACE_OUTER_BOUND('',#565,.T.);
#343=FACE_OUTER_BOUND('',#566,.T.);
#344=FACE_OUTER_BOUND('',#567,.T.);
#345=FACE_OUTER_BOUND('',#568,.T.);
#346=FACE_OUTER_BOUND('',#571,.T.);
#347=FACE_OUTER_BOUND('',#572,.T.);
#348=FACE_OUTER_BOUND('',#573,.T.);
#349=FACE_OUTER_BOUND('',#574,.T.);
#350=FACE_OUTER_BOUND('',#576,.T.);
#351=FACE_OUTER_BOUND('',#577,.T.);
#352=FACE_OUTER_BOUND('',#578,.T.);
#353=FACE_OUTER_BOUND('',#579,.T.);
#354=FACE_OUTER_BOUND('',#580,.T.);
#355=FACE_OUTER_BOUND('',#581,.T.);
#356=FACE_OUTER_BOUND('',#582,.T.);
#357=FACE_OUTER_BOUND('',#583,.T.);
#358=FACE_OUTER_BOUND('',#584,.T.);
#359=FACE_OUTER_BOUND('',#585,.T.);
#360=FACE_OUTER_BOUND('',#586,.T.);
#361=FACE_OUTER_BOUND('',#587,.T.);
#362=FACE_OUTER_BOUND('',#588,.T.);
#363=FACE_OUTER_BOUND('',#589,.T.);
#364=FACE_OUTER_BOUND('',#590,.T.);
#365=FACE_OUTER_BOUND('',#591,.T.);
#366=FACE_OUTER_BOUND('',#592,.T.);
#367=FACE_OUTER_BOUND('',#593,.T.);
#368=FACE_OUTER_BOUND('',#594,.T.);
#369=FACE_OUTER_BOUND('',#595,.T.);
#370=FACE_OUTER_BOUND('',#597,.T.);
#371=FACE_OUTER_BOUND('',#598,.T.);
#372=FACE_OUTER_BOUND('',#599,.T.);
#373=FACE_OUTER_BOUND('',#600,.T.);
#374=FACE_OUTER_BOUND('',#601,.T.);
#375=FACE_OUTER_BOUND('',#602,.T.);
#376=FACE_OUTER_BOUND('',#603,.T.);
#377=FACE_OUTER_BOUND('',#604,.T.);
#378=FACE_OUTER_BOUND('',#605,.T.);
#379=FACE_OUTER_BOUND('',#606,.T.);
#380=FACE_OUTER_BOUND('',#607,.T.);
#381=FACE_OUTER_BOUND('',#608,.T.);
#382=FACE_OUTER_BOUND('',#609,.T.);
#383=FACE_OUTER_BOUND('',#610,.T.);
#384=FACE_OUTER_BOUND('',#611,.T.);
#385=FACE_OUTER_BOUND('',#612,.T.);
#386=FACE_OUTER_BOUND('',#613,.T.);
#387=FACE_OUTER_BOUND('',#614,.T.);
#388=FACE_OUTER_BOUND('',#615,.T.);
#389=FACE_OUTER_BOUND('',#616,.T.);
#390=FACE_OUTER_BOUND('',#617,.T.);
#391=FACE_OUTER_BOUND('',#618,.T.);
#392=FACE_OUTER_BOUND('',#619,.T.);
#393=FACE_OUTER_BOUND('',#620,.T.);
#394=FACE_OUTER_BOUND('',#621,.T.);
#395=FACE_OUTER_BOUND('',#622,.T.);
#396=FACE_OUTER_BOUND('',#623,.T.);
#397=FACE_OUTER_BOUND('',#624,.T.);
#398=FACE_OUTER_BOUND('',#625,.T.);
#399=FACE_OUTER_BOUND('',#626,.T.);
#400=FACE_OUTER_BOUND('',#627,.T.);
#401=FACE_OUTER_BOUND('',#628,.T.);
#402=FACE_OUTER_BOUND('',#629,.T.);
#403=FACE_OUTER_BOUND('',#630,.T.);
#404=FACE_OUTER_BOUND('',#631,.T.);
#405=FACE_OUTER_BOUND('',#632,.T.);
#406=FACE_OUTER_BOUND('',#633,.T.);
#407=FACE_OUTER_BOUND('',#634,.T.);
#408=FACE_OUTER_BOUND('',#635,.T.);
#409=FACE_OUTER_BOUND('',#636,.T.);
#410=FACE_OUTER_BOUND('',#637,.T.);
#411=FACE_OUTER_BOUND('',#638,.T.);
#412=FACE_OUTER_BOUND('',#639,.T.);
#413=FACE_OUTER_BOUND('',#640,.T.);
#414=FACE_OUTER_BOUND('',#641,.T.);
#415=FACE_OUTER_BOUND('',#642,.T.);
#416=FACE_OUTER_BOUND('',#643,.T.);
#417=FACE_OUTER_BOUND('',#644,.T.);
#418=FACE_OUTER_BOUND('',#645,.T.);
#419=FACE_OUTER_BOUND('',#646,.T.);
#420=FACE_OUTER_BOUND('',#647,.T.);
#421=FACE_OUTER_BOUND('',#648,.T.);
#422=FACE_OUTER_BOUND('',#649,.T.);
#423=FACE_OUTER_BOUND('',#650,.T.);
#424=FACE_OUTER_BOUND('',#651,.T.);
#425=FACE_OUTER_BOUND('',#652,.T.);
#426=FACE_OUTER_BOUND('',#653,.T.);
#427=FACE_OUTER_BOUND('',#654,.T.);
#428=FACE_OUTER_BOUND('',#656,.T.);
#429=FACE_OUTER_BOUND('',#657,.T.);
#430=FACE_OUTER_BOUND('',#658,.T.);
#431=FACE_OUTER_BOUND('',#659,.T.);
#432=FACE_OUTER_BOUND('',#662,.T.);
#433=FACE_OUTER_BOUND('',#663,.T.);
#434=FACE_OUTER_BOUND('',#664,.T.);
#435=FACE_OUTER_BOUND('',#665,.T.);
#436=FACE_OUTER_BOUND('',#666,.T.);
#437=FACE_OUTER_BOUND('',#667,.T.);
#438=FACE_OUTER_BOUND('',#673,.T.);
#439=FACE_OUTER_BOUND('',#674,.T.);
#440=FACE_OUTER_BOUND('',#675,.T.);
#441=FACE_OUTER_BOUND('',#676,.T.);
#442=FACE_OUTER_BOUND('',#677,.T.);
#443=FACE_OUTER_BOUND('',#678,.T.);
#444=EDGE_LOOP('',(#2420,#2421,#2422,#2423));
#445=EDGE_LOOP('',(#2424,#2425,#2426,#2427,#2428,#2429,#2430,#2431,#2432,
#2433,#2434,#2435,#2436,#2437,#2438,#2439,#2440,#2441,#2442,#2443,#2444,
#2445,#2446,#2447,#2448,#2449,#2450,#2451,#2452,#2453,#2454,#2455,#2456,
#2457));
#446=EDGE_LOOP('',(#2458));
#447=EDGE_LOOP('',(#2459,#2460,#2461,#2462,#2463,#2464,#2465,#2466));
#448=EDGE_LOOP('',(#2467));
#449=EDGE_LOOP('',(#2468));
#450=EDGE_LOOP('',(#2469));
#451=EDGE_LOOP('',(#2470,#2471,#2472,#2473));
#452=EDGE_LOOP('',(#2474));
#453=EDGE_LOOP('',(#2475,#2476,#2477,#2478,#2479));
#454=EDGE_LOOP('',(#2480,#2481,#2482,#2483,#2484,#2485));
#455=EDGE_LOOP('',(#2486,#2487,#2488,#2489,#2490));
#456=EDGE_LOOP('',(#2491,#2492,#2493,#2494,#2495));
#457=EDGE_LOOP('',(#2496,#2497,#2498,#2499,#2500,#2501,#2502));
#458=EDGE_LOOP('',(#2503,#2504,#2505,#2506,#2507,#2508));
#459=EDGE_LOOP('',(#2509));
#460=EDGE_LOOP('',(#2510));
#461=EDGE_LOOP('',(#2511));
#462=EDGE_LOOP('',(#2512));
#463=EDGE_LOOP('',(#2513));
#464=EDGE_LOOP('',(#2514,#2515,#2516,#2517));
#465=EDGE_LOOP('',(#2518,#2519,#2520,#2521));
#466=EDGE_LOOP('',(#2522,#2523,#2524,#2525));
#467=EDGE_LOOP('',(#2526,#2527,#2528,#2529));
#468=EDGE_LOOP('',(#2530,#2531,#2532,#2533));
#469=EDGE_LOOP('',(#2534,#2535,#2536,#2537,#2538,#2539));
#470=EDGE_LOOP('',(#2540));
#471=EDGE_LOOP('',(#2541,#2542,#2543,#2544));
#472=EDGE_LOOP('',(#2545,#2546,#2547,#2548));
#473=EDGE_LOOP('',(#2549,#2550,#2551,#2552,#2553,#2554,#2555));
#474=EDGE_LOOP('',(#2556,#2557,#2558,#2559));
#475=EDGE_LOOP('',(#2560));
#476=EDGE_LOOP('',(#2561));
#477=EDGE_LOOP('',(#2562,#2563,#2564,#2565,#2566));
#478=EDGE_LOOP('',(#2567,#2568,#2569,#2570,#2571,#2572));
#479=EDGE_LOOP('',(#2573,#2574,#2575,#2576,#2577));
#480=EDGE_LOOP('',(#2578,#2579,#2580,#2581,#2582));
#481=EDGE_LOOP('',(#2583,#2584,#2585,#2586));
#482=EDGE_LOOP('',(#2587,#2588,#2589,#2590,#2591,#2592));
#483=EDGE_LOOP('',(#2593,#2594,#2595,#2596));
#484=EDGE_LOOP('',(#2597,#2598,#2599,#2600,#2601,#2602));
#485=EDGE_LOOP('',(#2603,#2604,#2605,#2606,#2607,#2608));
#486=EDGE_LOOP('',(#2609,#2610,#2611));
#487=EDGE_LOOP('',(#2612,#2613,#2614,#2615));
#488=EDGE_LOOP('',(#2616));
#489=EDGE_LOOP('',(#2617));
#490=EDGE_LOOP('',(#2618));
#491=EDGE_LOOP('',(#2619));
#492=EDGE_LOOP('',(#2620));
#493=EDGE_LOOP('',(#2621,#2622,#2623,#2624));
#494=EDGE_LOOP('',(#2625,#2626,#2627,#2628));
#495=EDGE_LOOP('',(#2629,#2630,#2631,#2632,#2633));
#496=EDGE_LOOP('',(#2634,#2635,#2636,#2637));
#497=EDGE_LOOP('',(#2638,#2639,#2640,#2641));
#498=EDGE_LOOP('',(#2642,#2643,#2644,#2645,#2646));
#499=EDGE_LOOP('',(#2647,#2648,#2649,#2650));
#500=EDGE_LOOP('',(#2651,#2652,#2653,#2654));
#501=EDGE_LOOP('',(#2655,#2656,#2657,#2658));
#502=EDGE_LOOP('',(#2659,#2660,#2661,#2662));
#503=EDGE_LOOP('',(#2663,#2664,#2665,#2666));
#504=EDGE_LOOP('',(#2667,#2668,#2669,#2670));
#505=EDGE_LOOP('',(#2671,#2672,#2673,#2674));
#506=EDGE_LOOP('',(#2675,#2676,#2677,#2678));
#507=EDGE_LOOP('',(#2679,#2680,#2681,#2682));
#508=EDGE_LOOP('',(#2683,#2684,#2685,#2686));
#509=EDGE_LOOP('',(#2687,#2688,#2689,#2690));
#510=EDGE_LOOP('',(#2691,#2692,#2693,#2694));
#511=EDGE_LOOP('',(#2695,#2696,#2697,#2698));
#512=EDGE_LOOP('',(#2699,#2700,#2701,#2702));
#513=EDGE_LOOP('',(#2703,#2704,#2705,#2706));
#514=EDGE_LOOP('',(#2707,#2708,#2709,#2710));
#515=EDGE_LOOP('',(#2711,#2712,#2713,#2714));
#516=EDGE_LOOP('',(#2715,#2716,#2717,#2718));
#517=EDGE_LOOP('',(#2719,#2720,#2721,#2722));
#518=EDGE_LOOP('',(#2723,#2724,#2725,#2726));
#519=EDGE_LOOP('',(#2727,#2728,#2729,#2730));
#520=EDGE_LOOP('',(#2731,#2732,#2733,#2734));
#521=EDGE_LOOP('',(#2735,#2736,#2737,#2738));
#522=EDGE_LOOP('',(#2739,#2740,#2741,#2742));
#523=EDGE_LOOP('',(#2743,#2744,#2745,#2746));
#524=EDGE_LOOP('',(#2747,#2748,#2749,#2750));
#525=EDGE_LOOP('',(#2751,#2752,#2753,#2754));
#526=EDGE_LOOP('',(#2755,#2756,#2757,#2758,#2759));
#527=EDGE_LOOP('',(#2760,#2761,#2762,#2763));
#528=EDGE_LOOP('',(#2764,#2765,#2766,#2767));
#529=EDGE_LOOP('',(#2768,#2769,#2770,#2771,#2772,#2773));
#530=EDGE_LOOP('',(#2774,#2775,#2776,#2777));
#531=EDGE_LOOP('',(#2778,#2779,#2780,#2781));
#532=EDGE_LOOP('',(#2782,#2783,#2784,#2785));
#533=EDGE_LOOP('',(#2786,#2787,#2788,#2789));
#534=EDGE_LOOP('',(#2790,#2791,#2792,#2793));
#535=EDGE_LOOP('',(#2794,#2795,#2796,#2797));
#536=EDGE_LOOP('',(#2798,#2799,#2800,#2801));
#537=EDGE_LOOP('',(#2802,#2803,#2804,#2805));
#538=EDGE_LOOP('',(#2806,#2807,#2808,#2809));
#539=EDGE_LOOP('',(#2810,#2811,#2812,#2813));
#540=EDGE_LOOP('',(#2814,#2815,#2816,#2817));
#541=EDGE_LOOP('',(#2818,#2819,#2820,#2821));
#542=EDGE_LOOP('',(#2822,#2823,#2824,#2825));
#543=EDGE_LOOP('',(#2826,#2827,#2828,#2829));
#544=EDGE_LOOP('',(#2830,#2831,#2832,#2833));
#545=EDGE_LOOP('',(#2834,#2835,#2836,#2837));
#546=EDGE_LOOP('',(#2838,#2839,#2840,#2841));
#547=EDGE_LOOP('',(#2842,#2843,#2844,#2845));
#548=EDGE_LOOP('',(#2846,#2847,#2848,#2849));
#549=EDGE_LOOP('',(#2850,#2851,#2852,#2853));
#550=EDGE_LOOP('',(#2854,#2855,#2856,#2857));
#551=EDGE_LOOP('',(#2858,#2859,#2860,#2861,#2862));
#552=EDGE_LOOP('',(#2863,#2864,#2865,#2866,#2867));
#553=EDGE_LOOP('',(#2868,#2869,#2870,#2871));
#554=EDGE_LOOP('',(#2872,#2873,#2874,#2875));
#555=EDGE_LOOP('',(#2876,#2877,#2878,#2879));
#556=EDGE_LOOP('',(#2880));
#557=EDGE_LOOP('',(#2881));
#558=EDGE_LOOP('',(#2882,#2883,#2884,#2885));
#559=EDGE_LOOP('',(#2886,#2887,#2888,#2889));
#560=EDGE_LOOP('',(#2890,#2891,#2892,#2893,#2894));
#561=EDGE_LOOP('',(#2895));
#562=EDGE_LOOP('',(#2896));
#563=EDGE_LOOP('',(#2897,#2898,#2899,#2900,#2901));
#564=EDGE_LOOP('',(#2902,#2903,#2904,#2905));
#565=EDGE_LOOP('',(#2906,#2907,#2908,#2909));
#566=EDGE_LOOP('',(#2910,#2911,#2912,#2913));
#567=EDGE_LOOP('',(#2914,#2915,#2916,#2917));
#568=EDGE_LOOP('',(#2918,#2919,#2920,#2921,#2922,#2923,#2924,#2925,#2926,
#2927,#2928,#2929,#2930,#2931,#2932,#2933));
#569=EDGE_LOOP('',(#2934));
#570=EDGE_LOOP('',(#2935));
#571=EDGE_LOOP('',(#2936,#2937,#2938,#2939));
#572=EDGE_LOOP('',(#2940,#2941,#2942,#2943));
#573=EDGE_LOOP('',(#2944,#2945,#2946,#2947));
#574=EDGE_LOOP('',(#2948,#2949,#2950,#2951,#2952,#2953,#2954,#2955,#2956,
#2957,#2958,#2959,#2960));
#575=EDGE_LOOP('',(#2961));
#576=EDGE_LOOP('',(#2962,#2963,#2964,#2965,#2966,#2967,#2968,#2969,#2970,
#2971));
#577=EDGE_LOOP('',(#2972,#2973,#2974,#2975));
#578=EDGE_LOOP('',(#2976,#2977,#2978,#2979));
#579=EDGE_LOOP('',(#2980,#2981,#2982,#2983,#2984,#2985,#2986,#2987,#2988,
#2989,#2990,#2991));
#580=EDGE_LOOP('',(#2992,#2993,#2994,#2995));
#581=EDGE_LOOP('',(#2996,#2997,#2998,#2999));
#582=EDGE_LOOP('',(#3000,#3001,#3002,#3003,#3004));
#583=EDGE_LOOP('',(#3005,#3006,#3007,#3008));
#584=EDGE_LOOP('',(#3009,#3010,#3011,#3012,#3013,#3014));
#585=EDGE_LOOP('',(#3015,#3016,#3017,#3018,#3019,#3020));
#586=EDGE_LOOP('',(#3021,#3022,#3023,#3024));
#587=EDGE_LOOP('',(#3025,#3026,#3027,#3028));
#588=EDGE_LOOP('',(#3029,#3030,#3031,#3032));
#589=EDGE_LOOP('',(#3033,#3034,#3035,#3036));
#590=EDGE_LOOP('',(#3037,#3038,#3039,#3040));
#591=EDGE_LOOP('',(#3041,#3042,#3043,#3044));
#592=EDGE_LOOP('',(#3045,#3046,#3047,#3048));
#593=EDGE_LOOP('',(#3049,#3050,#3051,#3052));
#594=EDGE_LOOP('',(#3053,#3054,#3055,#3056));
#595=EDGE_LOOP('',(#3057,#3058,#3059,#3060,#3061,#3062,#3063,#3064,#3065,
#3066,#3067,#3068,#3069,#3070,#3071,#3072,#3073,#3074,#3075,#3076,#3077,
#3078,#3079,#3080,#3081,#3082,#3083,#3084,#3085,#3086,#3087,#3088,#3089));
#596=EDGE_LOOP('',(#3090,#3091));
#597=EDGE_LOOP('',(#3092,#3093,#3094,#3095));
#598=EDGE_LOOP('',(#3096,#3097,#3098,#3099));
#599=EDGE_LOOP('',(#3100,#3101,#3102,#3103,#3104,#3105));
#600=EDGE_LOOP('',(#3106,#3107,#3108,#3109));
#601=EDGE_LOOP('',(#3110,#3111,#3112,#3113));
#602=EDGE_LOOP('',(#3114,#3115,#3116,#3117,#3118));
#603=EDGE_LOOP('',(#3119,#3120,#3121,#3122,#3123));
#604=EDGE_LOOP('',(#3124,#3125,#3126,#3127));
#605=EDGE_LOOP('',(#3128,#3129,#3130,#3131));
#606=EDGE_LOOP('',(#3132,#3133,#3134,#3135));
#607=EDGE_LOOP('',(#3136,#3137,#3138,#3139));
#608=EDGE_LOOP('',(#3140,#3141,#3142,#3143));
#609=EDGE_LOOP('',(#3144,#3145,#3146,#3147));
#610=EDGE_LOOP('',(#3148,#3149,#3150,#3151));
#611=EDGE_LOOP('',(#3152,#3153,#3154,#3155));
#612=EDGE_LOOP('',(#3156,#3157,#3158,#3159,#3160));
#613=EDGE_LOOP('',(#3161,#3162,#3163,#3164));
#614=EDGE_LOOP('',(#3165,#3166,#3167,#3168,#3169));
#615=EDGE_LOOP('',(#3170,#3171,#3172,#3173));
#616=EDGE_LOOP('',(#3174,#3175,#3176,#3177));
#617=EDGE_LOOP('',(#3178,#3179,#3180,#3181));
#618=EDGE_LOOP('',(#3182,#3183,#3184,#3185));
#619=EDGE_LOOP('',(#3186,#3187,#3188,#3189));
#620=EDGE_LOOP('',(#3190,#3191,#3192,#3193));
#621=EDGE_LOOP('',(#3194,#3195,#3196,#3197,#3198,#3199));
#622=EDGE_LOOP('',(#3200,#3201,#3202,#3203));
#623=EDGE_LOOP('',(#3204,#3205,#3206,#3207));
#624=EDGE_LOOP('',(#3208,#3209,#3210,#3211));
#625=EDGE_LOOP('',(#3212,#3213,#3214,#3215));
#626=EDGE_LOOP('',(#3216,#3217,#3218,#3219,#3220,#3221,#3222,#3223));
#627=EDGE_LOOP('',(#3224,#3225,#3226,#3227));
#628=EDGE_LOOP('',(#3228,#3229,#3230,#3231));
#629=EDGE_LOOP('',(#3232,#3233,#3234,#3235));
#630=EDGE_LOOP('',(#3236,#3237,#3238,#3239));
#631=EDGE_LOOP('',(#3240,#3241,#3242,#3243));
#632=EDGE_LOOP('',(#3244,#3245,#3246,#3247,#3248,#3249));
#633=EDGE_LOOP('',(#3250,#3251,#3252,#3253));
#634=EDGE_LOOP('',(#3254,#3255,#3256,#3257));
#635=EDGE_LOOP('',(#3258,#3259,#3260,#3261));
#636=EDGE_LOOP('',(#3262,#3263,#3264,#3265,#3266,#3267));
#637=EDGE_LOOP('',(#3268,#3269,#3270,#3271));
#638=EDGE_LOOP('',(#3272,#3273,#3274,#3275));
#639=EDGE_LOOP('',(#3276,#3277,#3278,#3279));
#640=EDGE_LOOP('',(#3280,#3281,#3282,#3283));
#641=EDGE_LOOP('',(#3284,#3285,#3286,#3287,#3288,#3289));
#642=EDGE_LOOP('',(#3290,#3291,#3292,#3293,#3294,#3295,#3296,#3297));
#643=EDGE_LOOP('',(#3298,#3299,#3300,#3301));
#644=EDGE_LOOP('',(#3302,#3303,#3304,#3305));
#645=EDGE_LOOP('',(#3306,#3307,#3308,#3309,#3310,#3311));
#646=EDGE_LOOP('',(#3312,#3313,#3314,#3315));
#647=EDGE_LOOP('',(#3316,#3317,#3318,#3319));
#648=EDGE_LOOP('',(#3320,#3321,#3322,#3323));
#649=EDGE_LOOP('',(#3324,#3325,#3326,#3327));
#650=EDGE_LOOP('',(#3328,#3329,#3330,#3331));
#651=EDGE_LOOP('',(#3332,#3333,#3334,#3335));
#652=EDGE_LOOP('',(#3336,#3337,#3338,#3339));
#653=EDGE_LOOP('',(#3340,#3341,#3342,#3343,#3344));
#654=EDGE_LOOP('',(#3345,#3346,#3347,#3348,#3349));
#655=EDGE_LOOP('',(#3350));
#656=EDGE_LOOP('',(#3351,#3352,#3353,#3354));
#657=EDGE_LOOP('',(#3355,#3356,#3357,#3358,#3359,#3360,#3361,#3362));
#658=EDGE_LOOP('',(#3363,#3364,#3365,#3366));
#659=EDGE_LOOP('',(#3367,#3368,#3369,#3370,#3371,#3372,#3373,#3374,#3375,
#3376,#3377,#3378,#3379,#3380,#3381,#3382,#3383,#3384,#3385,#3386,#3387,
#3388));
#660=EDGE_LOOP('',(#3389));
#661=EDGE_LOOP('',(#3390));
#662=EDGE_LOOP('',(#3391,#3392,#3393,#3394));
#663=EDGE_LOOP('',(#3395,#3396,#3397,#3398,#3399,#3400));
#664=EDGE_LOOP('',(#3401,#3402));
#665=EDGE_LOOP('',(#3403,#3404,#3405,#3406));
#666=EDGE_LOOP('',(#3407,#3408,#3409,#3410));
#667=EDGE_LOOP('',(#3411,#3412,#3413,#3414,#3415,#3416,#3417,#3418,#3419,
#3420,#3421,#3422,#3423,#3424,#3425,#3426,#3427,#3428,#3429,#3430,#3431,
#3432,#3433,#3434,#3435,#3436,#3437,#3438,#3439,#3440,#3441,#3442,#3443,
#3444,#3445,#3446,#3447,#3448,#3449,#3450,#3451,#3452,#3453,#3454,#3455,
#3456,#3457,#3458,#3459,#3460,#3461,#3462,#3463,#3464,#3465,#3466,#3467));
#668=EDGE_LOOP('',(#3468,#3469));
#669=EDGE_LOOP('',(#3470,#3471));
#670=EDGE_LOOP('',(#3472,#3473));
#671=EDGE_LOOP('',(#3474));
#672=EDGE_LOOP('',(#3475));
#673=EDGE_LOOP('',(#3476,#3477,#3478,#3479,#3480,#3481,#3482,#3483,#3484,
#3485));
#674=EDGE_LOOP('',(#3486,#3487,#3488,#3489,#3490,#3491,#3492,#3493));
#675=EDGE_LOOP('',(#3494,#3495,#3496,#3497,#3498,#3499));
#676=EDGE_LOOP('',(#3500,#3501,#3502));
#677=EDGE_LOOP('',(#3503,#3504,#3505,#3506,#3507,#3508,#3509,#3510));
#678=EDGE_LOOP('',(#3511,#3512,#3513,#3514,#3515));
#679=LINE('',#5239,#1020);
#680=LINE('',#5246,#1021);
#681=LINE('',#5254,#1022);
#682=LINE('',#5258,#1023);
#683=LINE('',#5262,#1024);
#684=LINE('',#5266,#1025);
#685=LINE('',#5268,#1026);
#686=LINE('',#5270,#1027);
#687=LINE('',#5274,#1028);
#688=LINE('',#5276,#1029);
#689=LINE('',#5280,#1030);
#690=LINE('',#5284,#1031);
#691=LINE('',#5286,#1032);
#692=LINE('',#5290,#1033);
#693=LINE('',#5294,#1034);
#694=LINE('',#5298,#1035);
#695=LINE('',#5302,#1036);
#696=LINE('',#5306,#1037);
#697=LINE('',#5309,#1038);
#698=LINE('',#5320,#1039);
#699=LINE('',#5322,#1040);
#700=LINE('',#5326,#1041);
#701=LINE('',#5327,#1042);
#702=LINE('',#5336,#1043);
#703=LINE('',#5338,#1044);
#704=LINE('',#5340,#1045);
#705=LINE('',#5341,#1046);
#706=LINE('',#5346,#1047);
#707=LINE('',#5348,#1048);
#708=LINE('',#5353,#1049);
#709=LINE('',#5356,#1050);
#710=LINE('',#5358,#1051);
#711=LINE('',#5365,#1052);
#712=LINE('',#5368,#1053);
#713=LINE('',#5370,#1054);
#714=LINE('',#5374,#1055);
#715=LINE('',#5375,#1056);
#716=LINE('',#5378,#1057);
#717=LINE('',#5380,#1058);
#718=LINE('',#5382,#1059);
#719=LINE('',#5385,#1060);
#720=LINE('',#5399,#1061);
#721=LINE('',#5402,#1062);
#722=LINE('',#5404,#1063);
#723=LINE('',#5411,#1064);
#724=LINE('',#5423,#1065);
#725=LINE('',#5427,#1066);
#726=LINE('',#5431,#1067);
#727=LINE('',#5435,#1068);
#728=LINE('',#5439,#1069);
#729=LINE('',#5443,#1070);
#730=LINE('',#5445,#1071);
#731=LINE('',#5447,#1072);
#732=LINE('',#5449,#1073);
#733=LINE('',#5451,#1074);
#734=LINE('',#5452,#1075);
#735=LINE('',#5458,#1076);
#736=LINE('',#5460,#1077);
#737=LINE('',#5462,#1078);
#738=LINE('',#5463,#1079);
#739=LINE('',#5466,#1080);
#740=LINE('',#5468,#1081);
#741=LINE('',#5469,#1082);
#742=LINE('',#5473,#1083);
#743=LINE('',#5484,#1084);
#744=LINE('',#5488,#1085);
#745=LINE('',#5490,#1086);
#746=LINE('',#5492,#1087);
#747=LINE('',#5493,#1088);
#748=LINE('',#5503,#1089);
#749=LINE('',#5505,#1090);
#750=LINE('',#5507,#1091);
#751=LINE('',#5514,#1092);
#752=LINE('',#5516,#1093);
#753=LINE('',#5518,#1094);
#754=LINE('',#5529,#1095);
#755=LINE('',#5531,#1096);
#756=LINE('',#5533,#1097);
#757=LINE('',#5534,#1098);
#758=LINE('',#5538,#1099);
#759=LINE('',#5540,#1100);
#760=LINE('',#5542,#1101);
#761=LINE('',#5544,#1102);
#762=LINE('',#5549,#1103);
#763=LINE('',#5551,#1104);
#764=LINE('',#5553,#1105);
#765=LINE('',#5554,#1106);
#766=LINE('',#5557,#1107);
#767=LINE('',#5559,#1108);
#768=LINE('',#5567,#1109);
#769=LINE('',#5568,#1110);
#770=LINE('',#5586,#1111);
#771=LINE('',#5588,#1112);
#772=LINE('',#5589,#1113);
#773=LINE('',#5595,#1114);
#774=LINE('',#5596,#1115);
#775=LINE('',#5599,#1116);
#776=LINE('',#5613,#1117);
#777=LINE('',#5615,#1118);
#778=LINE('',#5617,#1119);
#779=LINE('',#5618,#1120);
#780=LINE('',#5621,#1121);
#781=LINE('',#5623,#1122);
#782=LINE('',#5624,#1123);
#783=LINE('',#5627,#1124);
#784=LINE('',#5628,#1125);
#785=LINE('',#5630,#1126);
#786=LINE('',#5631,#1127);
#787=LINE('',#5634,#1128);
#788=LINE('',#5635,#1129);
#789=LINE('',#5638,#1130);
#790=LINE('',#5639,#1131);
#791=LINE('',#5642,#1132);
#792=LINE('',#5644,#1133);
#793=LINE('',#5646,#1134);
#794=LINE('',#5671,#1135);
#795=LINE('',#5675,#1136);
#796=LINE('',#5677,#1137);
#797=LINE('',#5678,#1138);
#798=LINE('',#5681,#1139);
#799=LINE('',#5682,#1140);
#800=LINE('',#5685,#1141);
#801=LINE('',#5686,#1142);
#802=LINE('',#5688,#1143);
#803=LINE('',#5690,#1144);
#804=LINE('',#5691,#1145);
#805=LINE('',#5693,#1146);
#806=LINE('',#5700,#1147);
#807=LINE('',#5703,#1148);
#808=LINE('',#5704,#1149);
#809=LINE('',#5706,#1150);
#810=LINE('',#5708,#1151);
#811=LINE('',#5710,#1152);
#812=LINE('',#5712,#1153);
#813=LINE('',#5715,#1154);
#814=LINE('',#5716,#1155);
#815=LINE('',#5734,#1156);
#816=LINE('',#5737,#1157);
#817=LINE('',#5754,#1158);
#818=LINE('',#5756,#1159);
#819=LINE('',#5759,#1160);
#820=LINE('',#5760,#1161);
#821=LINE('',#5762,#1162);
#822=LINE('',#5764,#1163);
#823=LINE('',#5782,#1164);
#824=LINE('',#5798,#1165);
#825=LINE('',#5799,#1166);
#826=LINE('',#5801,#1167);
#827=LINE('',#5803,#1168);
#828=LINE('',#5805,#1169);
#829=LINE('',#5807,#1170);
#830=LINE('',#5811,#1171);
#831=LINE('',#5815,#1172);
#832=LINE('',#5819,#1173);
#833=LINE('',#5821,#1174);
#834=LINE('',#5822,#1175);
#835=LINE('',#5826,#1176);
#836=LINE('',#5829,#1177);
#837=LINE('',#5830,#1178);
#838=LINE('',#5834,#1179);
#839=LINE('',#5837,#1180);
#840=LINE('',#5838,#1181);
#841=LINE('',#5841,#1182);
#842=LINE('',#5845,#1183);
#843=LINE('',#5846,#1184);
#844=LINE('',#5849,#1185);
#845=LINE('',#5852,#1186);
#846=LINE('',#5855,#1187);
#847=LINE('',#5856,#1188);
#848=LINE('',#5859,#1189);
#849=LINE('',#5862,#1190);
#850=LINE('',#5863,#1191);
#851=LINE('',#5865,#1192);
#852=LINE('',#5867,#1193);
#853=LINE('',#5870,#1194);
#854=LINE('',#5874,#1195);
#855=LINE('',#5881,#1196);
#856=LINE('',#5882,#1197);
#857=LINE('',#5885,#1198);
#858=LINE('',#5886,#1199);
#859=LINE('',#5889,#1200);
#860=LINE('',#5890,#1201);
#861=LINE('',#5898,#1202);
#862=LINE('',#5902,#1203);
#863=LINE('',#5906,#1204);
#864=LINE('',#5911,#1205);
#865=LINE('',#5913,#1206);
#866=LINE('',#5915,#1207);
#867=LINE('',#5916,#1208);
#868=LINE('',#5919,#1209);
#869=LINE('',#5926,#1210);
#870=LINE('',#5930,#1211);
#871=LINE('',#5933,#1212);
#872=LINE('',#5936,#1213);
#873=LINE('',#5938,#1214);
#874=LINE('',#5941,#1215);
#875=LINE('',#5945,#1216);
#876=LINE('',#5948,#1217);
#877=LINE('',#5954,#1218);
#878=LINE('',#5957,#1219);
#879=LINE('',#5960,#1220);
#880=LINE('',#5963,#1221);
#881=LINE('',#5965,#1222);
#882=LINE('',#5967,#1223);
#883=LINE('',#5969,#1224);
#884=LINE('',#5971,#1225);
#885=LINE('',#5972,#1226);
#886=LINE('',#5974,#1227);
#887=LINE('',#5977,#1228);
#888=LINE('',#5987,#1229);
#889=LINE('',#5990,#1230);
#890=LINE('',#5993,#1231);
#891=LINE('',#5994,#1232);
#892=LINE('',#5997,#1233);
#893=LINE('',#5998,#1234);
#894=LINE('',#6002,#1235);
#895=LINE('',#6007,#1236);
#896=LINE('',#6012,#1237);
#897=LINE('',#6015,#1238);
#898=LINE('',#6017,#1239);
#899=LINE('',#6018,#1240);
#900=LINE('',#6022,#1241);
#901=LINE('',#6025,#1242);
#902=LINE('',#6026,#1243);
#903=LINE('',#6030,#1244);
#904=LINE('',#6033,#1245);
#905=LINE('',#6034,#1246);
#906=LINE('',#6038,#1247);
#907=LINE('',#6101,#1248);
#908=LINE('',#6107,#1249);
#909=LINE('',#6109,#1250);
#910=LINE('',#6111,#1251);
#911=LINE('',#6113,#1252);
#912=LINE('',#6114,#1253);
#913=LINE('',#6116,#1254);
#914=LINE('',#6244,#1255);
#915=LINE('',#6248,#1256);
#916=LINE('',#6252,#1257);
#917=LINE('',#6254,#1258);
#918=LINE('',#6258,#1259);
#919=LINE('',#6260,#1260);
#920=LINE('',#6262,#1261);
#921=LINE('',#6263,#1262);
#922=LINE('',#6265,#1263);
#923=LINE('',#6267,#1264);
#924=LINE('',#6269,#1265);
#925=LINE('',#6271,#1266);
#926=LINE('',#6569,#1267);
#927=LINE('',#6570,#1268);
#928=LINE('',#6573,#1269);
#929=LINE('',#6583,#1270);
#930=LINE('',#6587,#1271);
#931=LINE('',#7202,#1272);
#932=LINE('',#7204,#1273);
#933=LINE('',#7205,#1274);
#934=LINE('',#7209,#1275);
#935=LINE('',#7212,#1276);
#936=LINE('',#7213,#1277);
#937=LINE('',#7216,#1278);
#938=LINE('',#7228,#1279);
#939=LINE('',#7229,#1280);
#940=LINE('',#7232,#1281);
#941=LINE('',#7233,#1282);
#942=LINE('',#7236,#1283);
#943=LINE('',#7237,#1284);
#944=LINE('',#7240,#1285);
#945=LINE('',#7241,#1286);
#946=LINE('',#7244,#1287);
#947=LINE('',#7245,#1288);
#948=LINE('',#7248,#1289);
#949=LINE('',#7249,#1290);
#950=LINE('',#7252,#1291);
#951=LINE('',#7253,#1292);
#952=LINE('',#7256,#1293);
#953=LINE('',#7257,#1294);
#954=LINE('',#7260,#1295);
#955=LINE('',#7261,#1296);
#956=LINE('',#7265,#1297);
#957=LINE('',#7268,#1298);
#958=LINE('',#7389,#1299);
#959=LINE('',#7395,#1300);
#960=LINE('',#7399,#1301);
#961=LINE('',#7405,#1302);
#962=LINE('',#7417,#1303);
#963=LINE('',#7419,#1304);
#964=LINE('',#7420,#1305);
#965=LINE('',#7422,#1306);
#966=LINE('',#7424,#1307);
#967=LINE('',#7425,#1308);
#968=LINE('',#7429,#1309);
#969=LINE('',#7432,#1310);
#970=LINE('',#7433,#1311);
#971=LINE('',#7436,#1312);
#972=LINE('',#7440,#1313);
#973=LINE('',#7441,#1314);
#974=LINE('',#7445,#1315);
#975=LINE('',#7448,#1316);
#976=LINE('',#7449,#1317);
#977=LINE('',#7453,#1318);
#978=LINE('',#7456,#1319);
#979=LINE('',#7457,#1320);
#980=LINE('',#7461,#1321);
#981=LINE('',#7464,#1322);
#982=LINE('',#7465,#1323);
#983=LINE('',#7469,#1324);
#984=LINE('',#7472,#1325);
#985=LINE('',#7473,#1326);
#986=LINE('',#7476,#1327);
#987=LINE('',#7480,#1328);
#988=LINE('',#7481,#1329);
#989=LINE('',#7486,#1330);
#990=LINE('',#7487,#1331);
#991=LINE('',#7490,#1332);
#992=LINE('',#7491,#1333);
#993=LINE('',#7495,#1334);
#994=LINE('',#7498,#1335);
#995=LINE('',#7500,#1336);
#996=LINE('',#7501,#1337);
#997=LINE('',#7507,#1338);
#998=LINE('',#7510,#1339);
#999=LINE('',#7512,#1340);
#1000=LINE('',#7513,#1341);
#1001=LINE('',#7516,#1342);
#1002=LINE('',#7518,#1343);
#1003=LINE('',#7519,#1344);
#1004=LINE('',#7522,#1345);
#1005=LINE('',#7528,#1346);
#1006=LINE('',#7663,#1347);
#1007=LINE('',#7664,#1348);
#1008=LINE('',#7977,#1349);
#1009=LINE('',#7978,#1350);
#1010=LINE('',#7981,#1351);
#1011=LINE('',#7986,#1352);
#1012=LINE('',#7990,#1353);
#1013=LINE('',#7993,#1354);
#1014=LINE('',#7998,#1355);
#1015=LINE('',#8119,#1356);
#1016=LINE('',#8122,#1357);
#1017=LINE('',#8130,#1358);
#1018=LINE('',#8131,#1359);
#1019=LINE('',#8132,#1360);
#1020=VECTOR('',#4165,2.62867420688487);
#1021=VECTOR('',#4172,1000.);
#1022=VECTOR('',#4179,1000.);
#1023=VECTOR('',#4182,1000.);
#1024=VECTOR('',#4185,1000.);
#1025=VECTOR('',#4188,1000.);
#1026=VECTOR('',#4189,1000.);
#1027=VECTOR('',#4190,1000.);
#1028=VECTOR('',#4193,1000.);
#1029=VECTOR('',#4194,1000.);
#1030=VECTOR('',#4197,1000.);
#1031=VECTOR('',#4200,1000.);
#1032=VECTOR('',#4201,1000.);
#1033=VECTOR('',#4204,1000.);
#1034=VECTOR('',#4207,1000.);
#1035=VECTOR('',#4210,1000.);
#1036=VECTOR('',#4213,1000.);
#1037=VECTOR('',#4216,1000.);
#1038=VECTOR('',#4219,1000.);
#1039=VECTOR('',#4228,1000.);
#1040=VECTOR('',#4229,1000.);
#1041=VECTOR('',#4232,1000.);
#1042=VECTOR('',#4233,1000.);
#1043=VECTOR('',#4240,1000.);
#1044=VECTOR('',#4241,1000.);
#1045=VECTOR('',#4242,1000.);
#1046=VECTOR('',#4243,1000.);
#1047=VECTOR('',#4246,1000.);
#1048=VECTOR('',#4247,1000.);
#1049=VECTOR('',#4252,1000.);
#1050=VECTOR('',#4253,1000.);
#1051=VECTOR('',#4254,1000.);
#1052=VECTOR('',#4261,1000.);
#1053=VECTOR('',#4262,1000.);
#1054=VECTOR('',#4263,1000.);
#1055=VECTOR('',#4266,1000.);
#1056=VECTOR('',#4267,1000.);
#1057=VECTOR('',#4268,1000.);
#1058=VECTOR('',#4269,1000.);
#1059=VECTOR('',#4270,1000.);
#1060=VECTOR('',#4273,1000.);
#1061=VECTOR('',#4286,1000.);
#1062=VECTOR('',#4287,1000.);
#1063=VECTOR('',#4288,1000.);
#1064=VECTOR('',#4295,1000.);
#1065=VECTOR('',#4308,1.93071979118756);
#1066=VECTOR('',#4313,2.62867420688463);
#1067=VECTOR('',#4318,1.93071979118732);
#1068=VECTOR('',#4323,2.62867420688429);
#1069=VECTOR('',#4328,1.93071979118698);
#1070=VECTOR('',#4331,1000.);
#1071=VECTOR('',#4332,1000.);
#1072=VECTOR('',#4333,1000.);
#1073=VECTOR('',#4334,1000.);
#1074=VECTOR('',#4335,1000.);
#1075=VECTOR('',#4336,1000.);
#1076=VECTOR('',#4341,10.);
#1077=VECTOR('',#4342,10.);
#1078=VECTOR('',#4343,1000.);
#1079=VECTOR('',#4344,1000.);
#1080=VECTOR('',#4347,1000.);
#1081=VECTOR('',#4348,1000.);
#1082=VECTOR('',#4349,10.);
#1083=VECTOR('',#4352,1000.);
#1084=VECTOR('',#4363,1000.);
#1085=VECTOR('',#4366,10.);
#1086=VECTOR('',#4367,1000.);
#1087=VECTOR('',#4368,10.);
#1088=VECTOR('',#4369,1000.);
#1089=VECTOR('',#4380,1000.);
#1090=VECTOR('',#4381,1000.);
#1091=VECTOR('',#4382,1000.);
#1092=VECTOR('',#4389,1000.);
#1093=VECTOR('',#4390,1000.);
#1094=VECTOR('',#4391,1000.);
#1095=VECTOR('',#4402,1000.);
#1096=VECTOR('',#4403,1000.);
#1097=VECTOR('',#4404,1000.);
#1098=VECTOR('',#4405,1000.);
#1099=VECTOR('',#4408,1000.);
#1100=VECTOR('',#4409,1000.);
#1101=VECTOR('',#4410,1000.);
#1102=VECTOR('',#4411,1000.);
#1103=VECTOR('',#4416,1000.);
#1104=VECTOR('',#4417,1000.);
#1105=VECTOR('',#4418,1000.);
#1106=VECTOR('',#4419,1000.);
#1107=VECTOR('',#4422,1000.);
#1108=VECTOR('',#4423,1000.);
#1109=VECTOR('',#4432,1000.);
#1110=VECTOR('',#4433,1000.);
#1111=VECTOR('',#4452,1000.);
#1112=VECTOR('',#4453,1000.);
#1113=VECTOR('',#4454,1000.);
#1114=VECTOR('',#4459,1000.);
#1115=VECTOR('',#4460,1000.);
#1116=VECTOR('',#4463,4.015);
#1117=VECTOR('',#4480,1000.);
#1118=VECTOR('',#4481,1000.);
#1119=VECTOR('',#4482,1000.);
#1120=VECTOR('',#4483,1000.);
#1121=VECTOR('',#4486,1000.);
#1122=VECTOR('',#4487,1000.);
#1123=VECTOR('',#4488,1000.);
#1124=VECTOR('',#4491,1000.);
#1125=VECTOR('',#4492,1000.);
#1126=VECTOR('',#4493,1000.);
#1127=VECTOR('',#4494,1000.);
#1128=VECTOR('',#4497,1000.);
#1129=VECTOR('',#4498,1000.);
#1130=VECTOR('',#4501,1000.);
#1131=VECTOR('',#4502,1000.);
#1132=VECTOR('',#4505,1000.);
#1133=VECTOR('',#4506,1000.);
#1134=VECTOR('',#4507,1000.);
#1135=VECTOR('',#4514,1.63490885361894);
#1136=VECTOR('',#4519,1000.);
#1137=VECTOR('',#4520,1000.);
#1138=VECTOR('',#4521,1000.);
#1139=VECTOR('',#4524,1000.);
#1140=VECTOR('',#4525,1000.);
#1141=VECTOR('',#4528,1000.);
#1142=VECTOR('',#4529,1000.);
#1143=VECTOR('',#4532,2.28071979118936);
#1144=VECTOR('',#4535,1000.);
#1145=VECTOR('',#4536,1000.);
#1146=VECTOR('',#4539,1000.);
#1147=VECTOR('',#4544,1000.);
#1148=VECTOR('',#4549,1000.);
#1149=VECTOR('',#4550,1000.);
#1150=VECTOR('',#4553,1000.);
#1151=VECTOR('',#4556,1000.);
#1152=VECTOR('',#4559,1000.);
#1153=VECTOR('',#4562,1000.);
#1154=VECTOR('',#4567,1000.);
#1155=VECTOR('',#4568,1000.);
#1156=VECTOR('',#4575,1000.);
#1157=VECTOR('',#4580,1000.);
#1158=VECTOR('',#4585,1000.);
#1159=VECTOR('',#4588,1000.);
#1160=VECTOR('',#4593,1000.);
#1161=VECTOR('',#4594,1000.);
#1162=VECTOR('',#4597,1000.);
#1163=VECTOR('',#4600,1000.);
#1164=VECTOR('',#4603,10.);
#1165=VECTOR('',#4610,1000.);
#1166=VECTOR('',#4611,1000.);
#1167=VECTOR('',#4614,1000.);
#1168=VECTOR('',#4617,1000.);
#1169=VECTOR('',#4620,1000.);
#1170=VECTOR('',#4623,1000.);
#1171=VECTOR('',#4628,1.63490885362026);
#1172=VECTOR('',#4633,1.63490885361985);
#1173=VECTOR('',#4638,1000.);
#1174=VECTOR('',#4639,1000.);
#1175=VECTOR('',#4640,1000.);
#1176=VECTOR('',#4645,1000.);
#1177=VECTOR('',#4648,1000.);
#1178=VECTOR('',#4649,1000.);
#1179=VECTOR('',#4654,1000.);
#1180=VECTOR('',#4657,1000.);
#1181=VECTOR('',#4658,1000.);
#1182=VECTOR('',#4661,1000.);
#1183=VECTOR('',#4666,1000.);
#1184=VECTOR('',#4667,1000.);
#1185=VECTOR('',#4670,1000.);
#1186=VECTOR('',#4673,1000.);
#1187=VECTOR('',#4676,1000.);
#1188=VECTOR('',#4677,1000.);
#1189=VECTOR('',#4680,1000.);
#1190=VECTOR('',#4685,1000.);
#1191=VECTOR('',#4686,1000.);
#1192=VECTOR('',#4689,1000.);
#1193=VECTOR('',#4692,1000.);
#1194=VECTOR('',#4695,1000.);
#1195=VECTOR('',#4700,1000.);
#1196=VECTOR('',#4709,1000.);
#1197=VECTOR('',#4710,1000.);
#1198=VECTOR('',#4713,1000.);
#1199=VECTOR('',#4714,1000.);
#1200=VECTOR('',#4717,1000.);
#1201=VECTOR('',#4718,1000.);
#1202=VECTOR('',#4727,1.54);
#1203=VECTOR('',#4732,2.57379650890709);
#1204=VECTOR('',#4737,2.57379650890764);
#1205=VECTOR('',#4742,1000.);
#1206=VECTOR('',#4743,10.);
#1207=VECTOR('',#4744,1000.);
#1208=VECTOR('',#4745,1000.);
#1209=VECTOR('',#4748,1000.);
#1210=VECTOR('',#4755,1000.);
#1211=VECTOR('',#4758,1000.);
#1212=VECTOR('',#4761,1000.);
#1213=VECTOR('',#4764,1000.);
#1214=VECTOR('',#4767,1000.);
#1215=VECTOR('',#4770,1000.);
#1216=VECTOR('',#4775,1000.);
#1217=VECTOR('',#4778,1000.);
#1218=VECTOR('',#4783,1000.);
#1219=VECTOR('',#4786,1000.);
#1220=VECTOR('',#4789,1000.);
#1221=VECTOR('',#4794,1000.);
#1222=VECTOR('',#4797,1000.);
#1223=VECTOR('',#4800,1000.);
#1224=VECTOR('',#4803,1000.);
#1225=VECTOR('',#4804,1000.);
#1226=VECTOR('',#4805,1000.);
#1227=VECTOR('',#4808,1000.);
#1228=VECTOR('',#4811,2.5737965089074);
#1229=VECTOR('',#4824,1000.);
#1230=VECTOR('',#4827,1000.);
#1231=VECTOR('',#4830,1000.);
#1232=VECTOR('',#4831,1000.);
#1233=VECTOR('',#4834,1000.);
#1234=VECTOR('',#4835,1000.);
#1235=VECTOR('',#4840,1000.);
#1236=VECTOR('',#4847,1.63490885362021);
#1237=VECTOR('',#4854,5.21499999999903);
#1238=VECTOR('',#4857,1000.);
#1239=VECTOR('',#4858,1000.);
#1240=VECTOR('',#4859,1000.);
#1241=VECTOR('',#4864,1000.);
#1242=VECTOR('',#4867,1000.);
#1243=VECTOR('',#4868,1000.);
#1244=VECTOR('',#4873,1000.);
#1245=VECTOR('',#4876,1000.);
#1246=VECTOR('',#4877,1000.);
#1247=VECTOR('',#4880,10.);
#1248=VECTOR('',#4883,1000.);
#1249=VECTOR('',#4888,1000.);
#1250=VECTOR('',#4889,10.);
#1251=VECTOR('',#4890,10.);
#1252=VECTOR('',#4891,10.);
#1253=VECTOR('',#4892,10.);
#1254=VECTOR('',#4893,10.);
#1255=VECTOR('',#4896,10.);
#1256=VECTOR('',#4899,10.);
#1257=VECTOR('',#4902,10.);
#1258=VECTOR('',#4903,10.);
#1259=VECTOR('',#4906,10.);
#1260=VECTOR('',#4907,10.);
#1261=VECTOR('',#4908,10.);
#1262=VECTOR('',#4909,10.);
#1263=VECTOR('',#4910,10.);
#1264=VECTOR('',#4911,10.);
#1265=VECTOR('',#4912,10.);
#1266=VECTOR('',#4913,10.);
#1267=VECTOR('',#4920,1000.);
#1268=VECTOR('',#4921,1000.);
#1269=VECTOR('',#4924,1000.);
#1270=VECTOR('',#4933,1.93071979118739);
#1271=VECTOR('',#4938,1.93071979118695);
#1272=VECTOR('',#4949,10.0005009621579);
#1273=VECTOR('',#4950,10.0005009621579);
#1274=VECTOR('',#4951,1000.);
#1275=VECTOR('',#4956,10.0005009621579);
#1276=VECTOR('',#4959,1000.);
#1277=VECTOR('',#4960,1000.);
#1278=VECTOR('',#4963,1000.);
#1279=VECTOR('',#4970,1000.);
#1280=VECTOR('',#4971,1000.);
#1281=VECTOR('',#4974,1000.);
#1282=VECTOR('',#4975,1000.);
#1283=VECTOR('',#4978,1000.);
#1284=VECTOR('',#4979,1000.);
#1285=VECTOR('',#4982,1000.);
#1286=VECTOR('',#4983,1000.);
#1287=VECTOR('',#4986,1000.);
#1288=VECTOR('',#4987,1000.);
#1289=VECTOR('',#4990,1000.);
#1290=VECTOR('',#4991,1000.);
#1291=VECTOR('',#4994,1000.);
#1292=VECTOR('',#4995,1000.);
#1293=VECTOR('',#4998,1000.);
#1294=VECTOR('',#4999,1000.);
#1295=VECTOR('',#5002,10.0002902722182);
#1296=VECTOR('',#5003,1000.);
#1297=VECTOR('',#5008,10.0002902722182);
#1298=VECTOR('',#5011,1000.);
#1299=VECTOR('',#5016,1000.);
#1300=VECTOR('',#5023,1000.);
#1301=VECTOR('',#5028,1000.);
#1302=VECTOR('',#5029,1000.);
#1303=VECTOR('',#5038,1000.);
#1304=VECTOR('',#5039,1000.);
#1305=VECTOR('',#5040,1000.);
#1306=VECTOR('',#5043,1000.);
#1307=VECTOR('',#5044,1000.);
#1308=VECTOR('',#5045,1000.);
#1309=VECTOR('',#5050,1000.);
#1310=VECTOR('',#5053,1000.);
#1311=VECTOR('',#5054,1000.);
#1312=VECTOR('',#5057,1000.);
#1313=VECTOR('',#5062,1000.);
#1314=VECTOR('',#5063,1000.);
#1315=VECTOR('',#5068,1000.);
#1316=VECTOR('',#5071,1000.);
#1317=VECTOR('',#5072,1000.);
#1318=VECTOR('',#5077,1000.);
#1319=VECTOR('',#5080,1000.);
#1320=VECTOR('',#5081,1000.);
#1321=VECTOR('',#5086,1000.);
#1322=VECTOR('',#5089,1000.);
#1323=VECTOR('',#5090,1000.);
#1324=VECTOR('',#5095,1000.);
#1325=VECTOR('',#5098,1000.);
#1326=VECTOR('',#5099,1000.);
#1327=VECTOR('',#5102,1000.);
#1328=VECTOR('',#5107,1000.);
#1329=VECTOR('',#5108,1000.);
#1330=VECTOR('',#5115,1000.);
#1331=VECTOR('',#5116,1000.);
#1332=VECTOR('',#5119,1000.);
#1333=VECTOR('',#5120,1000.);
#1334=VECTOR('',#5125,1000.);
#1335=VECTOR('',#5128,1000.);
#1336=VECTOR('',#5129,1000.);
#1337=VECTOR('',#5130,1000.);
#1338=VECTOR('',#5137,1000.);
#1339=VECTOR('',#5140,1000.);
#1340=VECTOR('',#5141,1000.);
#1341=VECTOR('',#5142,1000.);
#1342=VECTOR('',#5145,1000.);
#1343=VECTOR('',#5146,1000.);
#1344=VECTOR('',#5147,1000.);
#1345=VECTOR('',#5150,1000.);
#1346=VECTOR('',#5151,1000.);
#1347=VECTOR('',#5154,1000.);
#1348=VECTOR('',#5155,10.0005009621579);
#1349=VECTOR('',#5170,1000.);
#1350=VECTOR('',#5171,1000.);
#1351=VECTOR('',#5174,10.);
#1352=VECTOR('',#5181,1000.);
#1353=VECTOR('',#5186,1000.);
#1354=VECTOR('',#5191,1000.);
#1355=VECTOR('',#5198,1.9);
#1356=VECTOR('',#5209,1000.);
#1357=VECTOR('',#5214,4.09425122490002);
#1358=VECTOR('',#5217,1000.);
#1359=VECTOR('',#5218,1000.);
#1360=VECTOR('',#5219,1000.);
#1361=CIRCLE('',#3794,2.42657987983399);
#1362=CIRCLE('',#3795,2.83076853393574);
#1363=CIRCLE('',#3797,1.99968061158656);
#1364=CIRCLE('',#3798,2.50000000000198);
#1365=CIRCLE('',#3799,2.99999999999887);
#1366=CIRCLE('',#3800,2.50000000000198);
#1367=CIRCLE('',#3801,2.0000000000012);
#1368=CIRCLE('',#3802,2.00000000000169);
#1369=CIRCLE('',#3803,2.00000000000208);
#1370=CIRCLE('',#3804,2.85997867407457);
#1371=CIRCLE('',#3805,2.00000000000029);
#1372=CIRCLE('',#3806,2.00000000000029);
#1373=CIRCLE('',#3807,2.00000000000051);
#1374=CIRCLE('',#3808,1.00000000000129);
#1375=CIRCLE('',#3809,1.00000000000018);
#1376=CIRCLE('',#3810,1.00000000000109);
#1377=CIRCLE('',#3811,1.00000000000176);
#1378=CIRCLE('',#3812,1.99965659985719);
#1379=CIRCLE('',#3813,2.83076853393551);
#1380=CIRCLE('',#3814,0.269280208811007);
#1381=CIRCLE('',#3815,8.18071979118819);
#1382=CIRCLE('',#3816,0.269280208810965);
#1383=CIRCLE('',#3817,3.21928020881124);
#1384=CIRCLE('',#3818,1.93071979118854);
#1385=CIRCLE('',#3819,1.93071979118898);
#1386=CIRCLE('',#3820,1.59999999999852);
#1387=CIRCLE('',#3821,2.28071979118936);
#1388=CIRCLE('',#3822,3.12432812695675);
#1389=CIRCLE('',#3823,0.425671873042772);
#1390=CIRCLE('',#3824,0.425671873043224);
#1391=CIRCLE('',#3825,3.1243281269563);
#1392=CIRCLE('',#3826,0.425671873042752);
#1393=CIRCLE('',#3827,3.12432812695675);
#1394=CIRCLE('',#3828,3.1243281269563);
#1395=CIRCLE('',#3829,1.0000540060675);
#1396=CIRCLE('',#3830,2.37567187304351);
#1397=CIRCLE('',#3831,0.999888060201619);
#1398=CIRCLE('',#3832,0.425671873043645);
#1399=CIRCLE('',#3833,3.12432812695763);
#1400=CIRCLE('',#3834,0.425671873043001);
#1401=CIRCLE('',#3835,0.425671873042786);
#1402=CIRCLE('',#3836,3.1243281269563);
#1403=CIRCLE('',#3837,0.425671873043206);
#1404=CIRCLE('',#3838,1.59999999999979);
#1405=CIRCLE('',#3839,1.59999999999984);
#1406=CIRCLE('',#3840,1.59999999999943);
#1407=CIRCLE('',#3841,2.83076853393516);
#1408=CIRCLE('',#3843,2.29811489016833);
#1409=CIRCLE('',#3845,2.42657987983375);
#1410=CIRCLE('',#3847,2.29811489016809);
#1411=CIRCLE('',#3849,2.42657987983341);
#1412=CIRCLE('',#3851,2.29811489016775);
#1413=CIRCLE('',#3857,9.3426693491744);
#1414=CIRCLE('',#3858,14.0073306508256);
#1415=CIRCLE('',#3859,0.292669349174492);
#1416=CIRCLE('',#3860,4.00733065082536);
#1417=CIRCLE('',#3861,4.00733065082536);
#1418=CIRCLE('',#3864,4.015);
#1419=CIRCLE('',#3866,2.25977447901402);
#1420=CIRCLE('',#3868,0.299999999999641);
#1421=CIRCLE('',#3869,3.24999999999899);
#1422=CIRCLE('',#3871,0.29999999999962);
#1423=CIRCLE('',#3872,3.24999999999854);
#1424=CIRCLE('',#3873,0.300000000000092);
#1425=CIRCLE('',#3875,3.24999999999899);
#1426=CIRCLE('',#3877,3.24999999999854);
#1427=CIRCLE('',#3880,0.29999999999987);
#1428=CIRCLE('',#3881,3.24999999999988);
#1429=CIRCLE('',#3882,0.300000000000491);
#1430=CIRCLE('',#3885,2.35472656086906);
#1431=CIRCLE('',#3886,1.00004066735783);
#1432=CIRCLE('',#3887,0.404726559058539);
#1433=CIRCLE('',#3888,0.999887679084593);
#1434=CIRCLE('',#3890,0.300000000000075);
#1435=CIRCLE('',#3891,3.24999999999854);
#1436=CIRCLE('',#3892,0.299999999999655);
#1437=CIRCLE('',#3894,2.04363766232039);
#1438=CIRCLE('',#3896,4.015);
#1439=CIRCLE('',#3898,1.54);
#1440=CIRCLE('',#3900,2.54999999999962);
#1441=CIRCLE('',#3902,2.55000000000016);
#1442=CIRCLE('',#3910,3.34495208185349);
#1443=CIRCLE('',#3912,1.63490885362133);
#1444=CIRCLE('',#3943,3333.43985429743);
#1445=CIRCLE('',#3951,1.63490885362264);
#1446=CIRCLE('',#3953,1.63490885362223);
#1447=CIRCLE('',#3956,1.04363766232028);
#1448=CIRCLE('',#3959,1.04363766231937);
#1449=CIRCLE('',#3962,0.956362337679338);
#1450=CIRCLE('',#3965,2.04363766232127);
#1451=CIRCLE('',#3968,1.95636233767974);
#1452=CIRCLE('',#3973,2.45636233768003);
#1453=CIRCLE('',#3975,3.04363766231983);
#1454=CIRCLE('',#3977,2.54999999999993);
#1455=CIRCLE('',#3982,5.20452764167806);
#1456=CIRCLE('',#3984,1.54);
#1457=CIRCLE('',#3985,1.54);
#1458=CIRCLE('',#3987,2.57379650890798);
#1459=CIRCLE('',#3989,2.57379650890877);
#1460=CIRCLE('',#3992,2.04363766231969);
#1461=CIRCLE('',#3994,1.99979558869159);
#1462=CIRCLE('',#3995,2.00532848306899);
#1463=CIRCLE('',#3996,0.956362337679806);
#1464=CIRCLE('',#4000,2.45636233768003);
#1465=CIRCLE('',#4002,1915.75734503124);
#1466=CIRCLE('',#4004,1.999788988253);
#1467=CIRCLE('',#4005,1.99996431245946);
#1468=CIRCLE('',#4014,2.57379650890878);
#1469=CIRCLE('',#4016,4.05340902744411);
#1470=CIRCLE('',#4017,0.2465909725556);
#1471=CIRCLE('',#4018,14.0534090274437);
#1472=CIRCLE('',#4020,0.299999999999148);
#1473=CIRCLE('',#4024,0.29999999999919);
#1474=CIRCLE('',#4026,8.14999999999999);
#1475=CIRCLE('',#4028,1.63490885362259);
#1476=CIRCLE('',#4030,5.21499999999903);
#1477=CIRCLE('',#4033,2.04363766231947);
#1478=CIRCLE('',#4036,2.04363766231947);
#1479=CIRCLE('',#4039,3.29659097255575);
#1480=CIRCLE('',#4040,14.0534090274437);
#1481=CIRCLE('',#4041,0.246590972555364);
#1482=CIRCLE('',#4042,3.29659097255577);
#1483=CIRCLE('',#4045,3.29659097255635);
#1484=CIRCLE('',#4048,14.);
#1485=CIRCLE('',#4051,0.500000000000005);
#1486=CIRCLE('',#4053,1.77013906452295);
#1487=CIRCLE('',#4055,1.77013906452252);
#1488=CIRCLE('',#4057,0.3);
#1489=CIRCLE('',#4059,0.300000000000008);
#1490=CIRCLE('',#4066,3.25574877509938);
#1491=CIRCLE('',#4080,3.25574877509904);
#1492=CIRCLE('',#4081,3.34999999999959);
#1493=CIRCLE('',#4083,0.394251224900978);
#1494=CIRCLE('',#4084,0.299999999999835);
#1495=CIRCLE('',#4087,14.);
#1496=CIRCLE('',#4088,14.0942512249007);
#1497=CIRCLE('',#4095,1.99979558869133);
#1498=CIRCLE('',#4098,2.00532848306946);
#1499=CIRCLE('',#4101,1.99965659985732);
#1500=CIRCLE('',#4104,1.99968061158654);
#1501=CIRCLE('',#4110,1.99978898825302);
#1502=CIRCLE('',#4117,3.06071192074893);
#1503=CIRCLE('',#4129,0.300000000000003);
#1504=CIRCLE('',#4131,3.99685829250324);
#1505=CIRCLE('',#4134,14.);
#1506=CIRCLE('',#4135,14.0942512249007);
#1507=CIRCLE('',#4137,9.35);
#1508=CIRCLE('',#4139,0.300000000204948);
#1509=CIRCLE('',#4147,3.2557487750988);
#1510=CIRCLE('',#4149,4.09425122490121);
#1511=VERTEX_POINT('',#5236);
#1512=VERTEX_POINT('',#5238);
#1513=VERTEX_POINT('',#5242);
#1514=VERTEX_POINT('',#5243);
#1515=VERTEX_POINT('',#5245);
#1516=VERTEX_POINT('',#5247);
#1517=VERTEX_POINT('',#5249);
#1518=VERTEX_POINT('',#5251);
#1519=VERTEX_POINT('',#5253);
#1520=VERTEX_POINT('',#5255);
#1521=VERTEX_POINT('',#5257);
#1522=VERTEX_POINT('',#5259);
#1523=VERTEX_POINT('',#5261);
#1524=VERTEX_POINT('',#5263);
#1525=VERTEX_POINT('',#5265);
#1526=VERTEX_POINT('',#5267);
#1527=VERTEX_POINT('',#5269);
#1528=VERTEX_POINT('',#5271);
#1529=VERTEX_POINT('',#5273);
#1530=VERTEX_POINT('',#5275);
#1531=VERTEX_POINT('',#5277);
#1532=VERTEX_POINT('',#5279);
#1533=VERTEX_POINT('',#5281);
#1534=VERTEX_POINT('',#5283);
#1535=VERTEX_POINT('',#5285);
#1536=VERTEX_POINT('',#5287);
#1537=VERTEX_POINT('',#5289);
#1538=VERTEX_POINT('',#5291);
#1539=VERTEX_POINT('',#5293);
#1540=VERTEX_POINT('',#5295);
#1541=VERTEX_POINT('',#5297);
#1542=VERTEX_POINT('',#5299);
#1543=VERTEX_POINT('',#5301);
#1544=VERTEX_POINT('',#5303);
#1545=VERTEX_POINT('',#5305);
#1546=VERTEX_POINT('',#5307);
#1547=VERTEX_POINT('',#5310);
#1548=VERTEX_POINT('',#5312);
#1549=VERTEX_POINT('',#5313);
#1550=VERTEX_POINT('',#5315);
#1551=VERTEX_POINT('',#5317);
#1552=VERTEX_POINT('',#5319);
#1553=VERTEX_POINT('',#5321);
#1554=VERTEX_POINT('',#5323);
#1555=VERTEX_POINT('',#5325);
#1556=VERTEX_POINT('',#5328);
#1557=VERTEX_POINT('',#5330);
#1558=VERTEX_POINT('',#5332);
#1559=VERTEX_POINT('',#5334);
#1560=VERTEX_POINT('',#5335);
#1561=VERTEX_POINT('',#5337);
#1562=VERTEX_POINT('',#5339);
#1563=VERTEX_POINT('',#5342);
#1564=VERTEX_POINT('',#5344);
#1565=VERTEX_POINT('',#5345);
#1566=VERTEX_POINT('',#5347);
#1567=VERTEX_POINT('',#5349);
#1568=VERTEX_POINT('',#5351);
#1569=VERTEX_POINT('',#5354);
#1570=VERTEX_POINT('',#5355);
#1571=VERTEX_POINT('',#5357);
#1572=VERTEX_POINT('',#5359);
#1573=VERTEX_POINT('',#5361);
#1574=VERTEX_POINT('',#5363);
#1575=VERTEX_POINT('',#5366);
#1576=VERTEX_POINT('',#5367);
#1577=VERTEX_POINT('',#5369);
#1578=VERTEX_POINT('',#5371);
#1579=VERTEX_POINT('',#5373);
#1580=VERTEX_POINT('',#5376);
#1581=VERTEX_POINT('',#5377);
#1582=VERTEX_POINT('',#5379);
#1583=VERTEX_POINT('',#5381);
#1584=VERTEX_POINT('',#5383);
#1585=VERTEX_POINT('',#5386);
#1586=VERTEX_POINT('',#5387);
#1587=VERTEX_POINT('',#5389);
#1588=VERTEX_POINT('',#5391);
#1589=VERTEX_POINT('',#5393);
#1590=VERTEX_POINT('',#5395);
#1591=VERTEX_POINT('',#5397);
#1592=VERTEX_POINT('',#5400);
#1593=VERTEX_POINT('',#5401);
#1594=VERTEX_POINT('',#5403);
#1595=VERTEX_POINT('',#5405);
#1596=VERTEX_POINT('',#5407);
#1597=VERTEX_POINT('',#5409);
#1598=VERTEX_POINT('',#5412);
#1599=VERTEX_POINT('',#5414);
#1600=VERTEX_POINT('',#5416);
#1601=VERTEX_POINT('',#5418);
#1602=VERTEX_POINT('',#5421);
#1603=VERTEX_POINT('',#5425);
#1604=VERTEX_POINT('',#5429);
#1605=VERTEX_POINT('',#5433);
#1606=VERTEX_POINT('',#5437);
#1607=VERTEX_POINT('',#5441);
#1608=VERTEX_POINT('',#5442);
#1609=VERTEX_POINT('',#5444);
#1610=VERTEX_POINT('',#5446);
#1611=VERTEX_POINT('',#5448);
#1612=VERTEX_POINT('',#5450);
#1613=VERTEX_POINT('',#5453);
#1614=VERTEX_POINT('',#5456);
#1615=VERTEX_POINT('',#5457);
#1616=VERTEX_POINT('',#5459);
#1617=VERTEX_POINT('',#5461);
#1618=VERTEX_POINT('',#5465);
#1619=VERTEX_POINT('',#5467);
#1620=VERTEX_POINT('',#5471);
#1621=VERTEX_POINT('',#5472);
#1622=VERTEX_POINT('',#5474);
#1623=VERTEX_POINT('',#5476);
#1624=VERTEX_POINT('',#5478);
#1625=VERTEX_POINT('',#5480);
#1626=VERTEX_POINT('',#5482);
#1627=VERTEX_POINT('',#5486);
#1628=VERTEX_POINT('',#5487);
#1629=VERTEX_POINT('',#5489);
#1630=VERTEX_POINT('',#5491);
#1631=VERTEX_POINT('',#5495);
#1632=VERTEX_POINT('',#5498);
#1633=VERTEX_POINT('',#5501);
#1634=VERTEX_POINT('',#5502);
#1635=VERTEX_POINT('',#5504);
#1636=VERTEX_POINT('',#5506);
#1637=VERTEX_POINT('',#5508);
#1638=VERTEX_POINT('',#5512);
#1639=VERTEX_POINT('',#5513);
#1640=VERTEX_POINT('',#5515);
#1641=VERTEX_POINT('',#5517);
#1642=VERTEX_POINT('',#5519);
#1643=VERTEX_POINT('',#5521);
#1644=VERTEX_POINT('',#5525);
#1645=VERTEX_POINT('',#5526);
#1646=VERTEX_POINT('',#5528);
#1647=VERTEX_POINT('',#5530);
#1648=VERTEX_POINT('',#5532);
#1649=VERTEX_POINT('',#5536);
#1650=VERTEX_POINT('',#5537);
#1651=VERTEX_POINT('',#5539);
#1652=VERTEX_POINT('',#5541);
#1653=VERTEX_POINT('',#5543);
#1654=VERTEX_POINT('',#5547);
#1655=VERTEX_POINT('',#5548);
#1656=VERTEX_POINT('',#5550);
#1657=VERTEX_POINT('',#5552);
#1658=VERTEX_POINT('',#5556);
#1659=VERTEX_POINT('',#5558);
#1660=VERTEX_POINT('',#5560);
#1661=VERTEX_POINT('',#5562);
#1662=VERTEX_POINT('',#5566);
#1663=VERTEX_POINT('',#5570);
#1664=VERTEX_POINT('',#5571);
#1665=VERTEX_POINT('',#5574);
#1666=VERTEX_POINT('',#5578);
#1667=VERTEX_POINT('',#5579);
#1668=VERTEX_POINT('',#5581);
#1669=VERTEX_POINT('',#5583);
#1670=VERTEX_POINT('',#5585);
#1671=VERTEX_POINT('',#5587);
#1672=VERTEX_POINT('',#5591);
#1673=VERTEX_POINT('',#5592);
#1674=VERTEX_POINT('',#5594);
#1675=VERTEX_POINT('',#5598);
#1676=VERTEX_POINT('',#5602);
#1677=VERTEX_POINT('',#5605);
#1678=VERTEX_POINT('',#5608);
#1679=VERTEX_POINT('',#5611);
#1680=VERTEX_POINT('',#5612);
#1681=VERTEX_POINT('',#5614);
#1682=VERTEX_POINT('',#5616);
#1683=VERTEX_POINT('',#5620);
#1684=VERTEX_POINT('',#5622);
#1685=VERTEX_POINT('',#5626);
#1686=VERTEX_POINT('',#5629);
#1687=VERTEX_POINT('',#5633);
#1688=VERTEX_POINT('',#5637);
#1689=VERTEX_POINT('',#5641);
#1690=VERTEX_POINT('',#5643);
#1691=VERTEX_POINT('',#5645);
#1692=VERTEX_POINT('',#5652);
#1693=VERTEX_POINT('',#5653);
#1694=VERTEX_POINT('',#5670);
#1695=VERTEX_POINT('',#5674);
#1696=VERTEX_POINT('',#5676);
#1697=VERTEX_POINT('',#5680);
#1698=VERTEX_POINT('',#5684);
#1699=VERTEX_POINT('',#5810);
#1700=VERTEX_POINT('',#5814);
#1701=VERTEX_POINT('',#5818);
#1702=VERTEX_POINT('',#5820);
#1703=VERTEX_POINT('',#5824);
#1704=VERTEX_POINT('',#5828);
#1705=VERTEX_POINT('',#5832);
#1706=VERTEX_POINT('',#5836);
#1707=VERTEX_POINT('',#5840);
#1708=VERTEX_POINT('',#5844);
#1709=VERTEX_POINT('',#5848);
#1710=VERTEX_POINT('',#5850);
#1711=VERTEX_POINT('',#5854);
#1712=VERTEX_POINT('',#5858);
#1713=VERTEX_POINT('',#5869);
#1714=VERTEX_POINT('',#5873);
#1715=VERTEX_POINT('',#5877);
#1716=VERTEX_POINT('',#5880);
#1717=VERTEX_POINT('',#5884);
#1718=VERTEX_POINT('',#5888);
#1719=VERTEX_POINT('',#5892);
#1720=VERTEX_POINT('',#5895);
#1721=VERTEX_POINT('',#5896);
#1722=VERTEX_POINT('',#5901);
#1723=VERTEX_POINT('',#5905);
#1724=VERTEX_POINT('',#5909);
#1725=VERTEX_POINT('',#5910);
#1726=VERTEX_POINT('',#5912);
#1727=VERTEX_POINT('',#5914);
#1728=VERTEX_POINT('',#5918);
#1729=VERTEX_POINT('',#5922);
#1730=VERTEX_POINT('',#5923);
#1731=VERTEX_POINT('',#5925);
#1732=VERTEX_POINT('',#5927);
#1733=VERTEX_POINT('',#5929);
#1734=VERTEX_POINT('',#5932);
#1735=VERTEX_POINT('',#5934);
#1736=VERTEX_POINT('',#5940);
#1737=VERTEX_POINT('',#5944);
#1738=VERTEX_POINT('',#5946);
#1739=VERTEX_POINT('',#5950);
#1740=VERTEX_POINT('',#5951);
#1741=VERTEX_POINT('',#5953);
#1742=VERTEX_POINT('',#5956);
#1743=VERTEX_POINT('',#5958);
#1744=VERTEX_POINT('',#5970);
#1745=VERTEX_POINT('',#5976);
#1746=VERTEX_POINT('',#5980);
#1747=VERTEX_POINT('',#5982);
#1748=VERTEX_POINT('',#5986);
#1749=VERTEX_POINT('',#5988);
#1750=VERTEX_POINT('',#5992);
#1751=VERTEX_POINT('',#5996);
#1752=VERTEX_POINT('',#6000);
#1753=VERTEX_POINT('',#6006);
#1754=VERTEX_POINT('',#6010);
#1755=VERTEX_POINT('',#6014);
#1756=VERTEX_POINT('',#6016);
#1757=VERTEX_POINT('',#6020);
#1758=VERTEX_POINT('',#6024);
#1759=VERTEX_POINT('',#6028);
#1760=VERTEX_POINT('',#6032);
#1761=VERTEX_POINT('',#6036);
#1762=VERTEX_POINT('',#6037);
#1763=VERTEX_POINT('',#6039);
#1764=VERTEX_POINT('',#6098);
#1765=VERTEX_POINT('',#6100);
#1766=VERTEX_POINT('',#6102);
#1767=VERTEX_POINT('',#6104);
#1768=VERTEX_POINT('',#6106);
#1769=VERTEX_POINT('',#6108);
#1770=VERTEX_POINT('',#6110);
#1771=VERTEX_POINT('',#6112);
#1772=VERTEX_POINT('',#6115);
#1773=VERTEX_POINT('',#6117);
#1774=VERTEX_POINT('',#6176);
#1775=VERTEX_POINT('',#6178);
#1776=VERTEX_POINT('',#6243);
#1777=VERTEX_POINT('',#6245);
#1778=VERTEX_POINT('',#6247);
#1779=VERTEX_POINT('',#6249);
#1780=VERTEX_POINT('',#6251);
#1781=VERTEX_POINT('',#6253);
#1782=VERTEX_POINT('',#6255);
#1783=VERTEX_POINT('',#6257);
#1784=VERTEX_POINT('',#6259);
#1785=VERTEX_POINT('',#6261);
#1786=VERTEX_POINT('',#6264);
#1787=VERTEX_POINT('',#6266);
#1788=VERTEX_POINT('',#6268);
#1789=VERTEX_POINT('',#6270);
#1790=VERTEX_POINT('',#6273);
#1791=VERTEX_POINT('',#6274);
#1792=VERTEX_POINT('',#6566);
#1793=VERTEX_POINT('',#6567);
#1794=VERTEX_POINT('',#6572);
#1795=VERTEX_POINT('',#6581);
#1796=VERTEX_POINT('',#6585);
#1797=VERTEX_POINT('',#6589);
#1798=VERTEX_POINT('',#6591);
#1799=VERTEX_POINT('',#6895);
#1800=VERTEX_POINT('',#6897);
#1801=VERTEX_POINT('',#7201);
#1802=VERTEX_POINT('',#7203);
#1803=VERTEX_POINT('',#7207);
#1804=VERTEX_POINT('',#7211);
#1805=VERTEX_POINT('',#7215);
#1806=VERTEX_POINT('',#7221);
#1807=VERTEX_POINT('',#7227);
#1808=VERTEX_POINT('',#7231);
#1809=VERTEX_POINT('',#7235);
#1810=VERTEX_POINT('',#7239);
#1811=VERTEX_POINT('',#7243);
#1812=VERTEX_POINT('',#7247);
#1813=VERTEX_POINT('',#7251);
#1814=VERTEX_POINT('',#7255);
#1815=VERTEX_POINT('',#7259);
#1816=VERTEX_POINT('',#7263);
#1817=VERTEX_POINT('',#7267);
#1818=VERTEX_POINT('',#7317);
#1819=VERTEX_POINT('',#7386);
#1820=VERTEX_POINT('',#7388);
#1821=VERTEX_POINT('',#7392);
#1822=VERTEX_POINT('',#7394);
#1823=VERTEX_POINT('',#7398);
#1824=VERTEX_POINT('',#7400);
#1825=VERTEX_POINT('',#7407);
#1826=VERTEX_POINT('',#7408);
#1827=VERTEX_POINT('',#7416);
#1828=VERTEX_POINT('',#7418);
#1829=VERTEX_POINT('',#7423);
#1830=VERTEX_POINT('',#7427);
#1831=VERTEX_POINT('',#7431);
#1832=VERTEX_POINT('',#7435);
#1833=VERTEX_POINT('',#7439);
#1834=VERTEX_POINT('',#7443);
#1835=VERTEX_POINT('',#7447);
#1836=VERTEX_POINT('',#7451);
#1837=VERTEX_POINT('',#7455);
#1838=VERTEX_POINT('',#7459);
#1839=VERTEX_POINT('',#7463);
#1840=VERTEX_POINT('',#7467);
#1841=VERTEX_POINT('',#7471);
#1842=VERTEX_POINT('',#7475);
#1843=VERTEX_POINT('',#7479);
#1844=VERTEX_POINT('',#7485);
#1845=VERTEX_POINT('',#7489);
#1846=VERTEX_POINT('',#7493);
#1847=VERTEX_POINT('',#7497);
#1848=VERTEX_POINT('',#7499);
#1849=VERTEX_POINT('',#7503);
#1850=VERTEX_POINT('',#7505);
#1851=VERTEX_POINT('',#7509);
#1852=VERTEX_POINT('',#7511);
#1853=VERTEX_POINT('',#7515);
#1854=VERTEX_POINT('',#7517);
#1855=VERTEX_POINT('',#7521);
#1856=VERTEX_POINT('',#7523);
#1857=VERTEX_POINT('',#7577);
#1858=VERTEX_POINT('',#7584);
#1859=VERTEX_POINT('',#7662);
#1860=VERTEX_POINT('',#7668);
#1861=VERTEX_POINT('',#7670);
#1862=VERTEX_POINT('',#7974);
#1863=VERTEX_POINT('',#7980);
#1864=VERTEX_POINT('',#7985);
#1865=VERTEX_POINT('',#7989);
#1866=VERTEX_POINT('',#7996);
#1867=VERTEX_POINT('',#8002);
#1868=VERTEX_POINT('',#8052);
#1869=VERTEX_POINT('',#8118);
#1870=VERTEX_POINT('',#8128);
#1871=VERTEX_POINT('',#8129);
#1872=EDGE_CURVE('',#1511,#1511,#1361,.T.);
#1873=EDGE_CURVE('',#1511,#1512,#679,.T.);
#1874=EDGE_CURVE('',#1512,#1512,#1362,.T.);
#1875=EDGE_CURVE('',#1513,#1514,#1363,.T.);
#1876=EDGE_CURVE('',#1515,#1513,#680,.T.);
#1877=EDGE_CURVE('',#1515,#1516,#1364,.T.);
#1878=EDGE_CURVE('',#1517,#1516,#1365,.T.);
#1879=EDGE_CURVE('',#1517,#1518,#1366,.T.);
#1880=EDGE_CURVE('',#1519,#1518,#681,.T.);
#1881=EDGE_CURVE('',#1520,#1519,#1367,.T.);
#1882=EDGE_CURVE('',#1521,#1520,#682,.T.);
#1883=EDGE_CURVE('',#1521,#1522,#1368,.T.);
#1884=EDGE_CURVE('',#1523,#1522,#683,.T.);
#1885=EDGE_CURVE('',#1524,#1523,#1369,.T.);
#1886=EDGE_CURVE('',#1525,#1524,#684,.T.);
#1887=EDGE_CURVE('',#1526,#1525,#685,.T.);
#1888=EDGE_CURVE('',#1527,#1526,#686,.T.);
#1889=EDGE_CURVE('',#1528,#1527,#1370,.T.);
#1890=EDGE_CURVE('',#1529,#1528,#687,.T.);
#1891=EDGE_CURVE('',#1530,#1529,#688,.T.);
#1892=EDGE_CURVE('',#1531,#1530,#1371,.T.);
#1893=EDGE_CURVE('',#1532,#1531,#689,.T.);
#1894=EDGE_CURVE('',#1533,#1532,#1372,.T.);
#1895=EDGE_CURVE('',#1534,#1533,#690,.T.);
#1896=EDGE_CURVE('',#1535,#1534,#691,.T.);
#1897=EDGE_CURVE('',#1536,#1535,#1373,.T.);
#1898=EDGE_CURVE('',#1537,#1536,#692,.T.);
#1899=EDGE_CURVE('',#1537,#1538,#1374,.T.);
#1900=EDGE_CURVE('',#1539,#1538,#693,.T.);
#1901=EDGE_CURVE('',#1540,#1539,#1375,.T.);
#1902=EDGE_CURVE('',#1541,#1540,#694,.T.);
#1903=EDGE_CURVE('',#1542,#1541,#1376,.T.);
#1904=EDGE_CURVE('',#1543,#1542,#695,.T.);
#1905=EDGE_CURVE('',#1543,#1544,#1377,.T.);
#1906=EDGE_CURVE('',#1545,#1544,#696,.T.);
#1907=EDGE_CURVE('',#1546,#1545,#1378,.T.);
#1908=EDGE_CURVE('',#1514,#1546,#697,.T.);
#1909=EDGE_CURVE('',#1547,#1547,#1379,.T.);
#1910=EDGE_CURVE('',#1548,#1549,#1380,.T.);
#1911=EDGE_CURVE('',#1550,#1548,#1381,.T.);
#1912=EDGE_CURVE('',#1551,#1550,#1382,.T.);
#1913=EDGE_CURVE('',#1552,#1551,#698,.T.);
#1914=EDGE_CURVE('',#1553,#1552,#699,.T.);
#1915=EDGE_CURVE('',#1554,#1553,#1383,.T.);
#1916=EDGE_CURVE('',#1555,#1554,#700,.T.);
#1917=EDGE_CURVE('',#1549,#1555,#701,.T.);
#1918=EDGE_CURVE('',#1556,#1556,#1384,.T.);
#1919=EDGE_CURVE('',#1557,#1557,#1385,.T.);
#1920=EDGE_CURVE('',#1558,#1558,#1386,.T.);
#1921=EDGE_CURVE('',#1559,#1560,#702,.T.);
#1922=EDGE_CURVE('',#1561,#1559,#703,.T.);
#1923=EDGE_CURVE('',#1562,#1561,#704,.T.);
#1924=EDGE_CURVE('',#1560,#1562,#705,.T.);
#1925=EDGE_CURVE('',#1563,#1563,#1387,.T.);
#1926=EDGE_CURVE('',#1564,#1565,#706,.T.);
#1927=EDGE_CURVE('',#1566,#1564,#707,.T.);
#1928=EDGE_CURVE('',#1567,#1566,#1388,.T.);
#1929=EDGE_CURVE('',#1567,#1568,#1389,.T.);
#1930=EDGE_CURVE('',#1565,#1568,#708,.T.);
#1931=EDGE_CURVE('',#1569,#1570,#709,.T.);
#1932=EDGE_CURVE('',#1571,#1569,#710,.T.);
#1933=EDGE_CURVE('',#1571,#1572,#1390,.T.);
#1934=EDGE_CURVE('',#1573,#1572,#1391,.T.);
#1935=EDGE_CURVE('',#1573,#1574,#1392,.T.);
#1936=EDGE_CURVE('',#1570,#1574,#711,.T.);
#1937=EDGE_CURVE('',#1575,#1576,#712,.T.);
#1938=EDGE_CURVE('',#1577,#1575,#713,.T.);
#1939=EDGE_CURVE('',#1578,#1577,#1393,.T.);
#1940=EDGE_CURVE('',#1579,#1578,#714,.T.);
#1941=EDGE_CURVE('',#1576,#1579,#715,.T.);
#1942=EDGE_CURVE('',#1580,#1581,#716,.T.);
#1943=EDGE_CURVE('',#1582,#1580,#717,.T.);
#1944=EDGE_CURVE('',#1583,#1582,#718,.T.);
#1945=EDGE_CURVE('',#1584,#1583,#1394,.T.);
#1946=EDGE_CURVE('',#1581,#1584,#719,.T.);
#1947=EDGE_CURVE('',#1585,#1586,#1395,.T.);
#1948=EDGE_CURVE('',#1587,#1585,#1396,.T.);
#1949=EDGE_CURVE('',#1588,#1587,#1397,.T.);
#1950=EDGE_CURVE('',#1588,#1589,#1398,.T.);
#1951=EDGE_CURVE('',#1590,#1589,#1399,.T.);
#1952=EDGE_CURVE('',#1590,#1591,#1400,.T.);
#1953=EDGE_CURVE('',#1586,#1591,#720,.T.);
#1954=EDGE_CURVE('',#1592,#1593,#721,.T.);
#1955=EDGE_CURVE('',#1594,#1592,#722,.T.);
#1956=EDGE_CURVE('',#1594,#1595,#1401,.T.);
#1957=EDGE_CURVE('',#1596,#1595,#1402,.T.);
#1958=EDGE_CURVE('',#1596,#1597,#1403,.T.);
#1959=EDGE_CURVE('',#1593,#1597,#723,.T.);
#1960=EDGE_CURVE('',#1598,#1598,#1404,.T.);
#1961=EDGE_CURVE('',#1599,#1599,#1405,.T.);
#1962=EDGE_CURVE('',#1600,#1600,#1406,.T.);
#1963=EDGE_CURVE('',#1601,#1601,#1407,.T.);
#1964=EDGE_CURVE('',#1602,#1602,#1408,.T.);
#1965=EDGE_CURVE('',#1602,#1511,#724,.T.);
#1966=EDGE_CURVE('',#1603,#1603,#1409,.T.);
#1967=EDGE_CURVE('',#1603,#1547,#725,.T.);
#1968=EDGE_CURVE('',#1604,#1604,#1410,.T.);
#1969=EDGE_CURVE('',#1604,#1603,#726,.T.);
#1970=EDGE_CURVE('',#1605,#1605,#1411,.T.);
#1971=EDGE_CURVE('',#1605,#1601,#727,.T.);
#1972=EDGE_CURVE('',#1606,#1606,#1412,.T.);
#1973=EDGE_CURVE('',#1606,#1605,#728,.T.);
#1974=EDGE_CURVE('',#1607,#1608,#729,.T.);
#1975=EDGE_CURVE('',#1608,#1609,#730,.T.);
#1976=EDGE_CURVE('',#1609,#1610,#731,.T.);
#1977=EDGE_CURVE('',#1611,#1610,#732,.T.);
#1978=EDGE_CURVE('',#1612,#1611,#733,.T.);
#1979=EDGE_CURVE('',#1607,#1612,#734,.T.);
#1980=EDGE_CURVE('',#1613,#1613,#73,.T.);
#1981=EDGE_CURVE('',#1614,#1615,#735,.F.);
#1982=EDGE_CURVE('',#1615,#1616,#736,.T.);
#1983=EDGE_CURVE('',#1617,#1616,#737,.T.);
#1984=EDGE_CURVE('',#1617,#1614,#738,.T.);
#1985=EDGE_CURVE('',#1618,#1614,#739,.T.);
#1986=EDGE_CURVE('',#1619,#1617,#740,.T.);
#1987=EDGE_CURVE('',#1619,#1618,#741,.T.);
#1988=EDGE_CURVE('',#1620,#1621,#742,.T.);
#1989=EDGE_CURVE('',#1622,#1620,#1413,.T.);
#1990=EDGE_CURVE('',#1622,#1623,#1414,.T.);
#1991=EDGE_CURVE('',#1624,#1623,#1415,.T.);
#1992=EDGE_CURVE('',#1624,#1625,#1416,.T.);
#1993=EDGE_CURVE('',#1625,#1626,#1417,.T.);
#1994=EDGE_CURVE('',#1621,#1626,#743,.T.);
#1995=EDGE_CURVE('',#1627,#1628,#744,.T.);
#1996=EDGE_CURVE('',#1629,#1627,#745,.F.);
#1997=EDGE_CURVE('',#1629,#1630,#746,.T.);
#1998=EDGE_CURVE('',#1630,#1628,#747,.F.);
#1999=EDGE_CURVE('',#1631,#1631,#1418,.T.);
#2000=EDGE_CURVE('',#1632,#1632,#1419,.T.);
#2001=EDGE_CURVE('',#1633,#1634,#748,.T.);
#2002=EDGE_CURVE('',#1635,#1633,#749,.T.);
#2003=EDGE_CURVE('',#1636,#1635,#750,.T.);
#2004=EDGE_CURVE('',#1636,#1637,#1420,.T.);
#2005=EDGE_CURVE('',#1634,#1637,#1421,.T.);
#2006=EDGE_CURVE('',#1638,#1639,#751,.T.);
#2007=EDGE_CURVE('',#1640,#1638,#752,.T.);
#2008=EDGE_CURVE('',#1641,#1640,#753,.T.);
#2009=EDGE_CURVE('',#1641,#1642,#1422,.T.);
#2010=EDGE_CURVE('',#1643,#1642,#1423,.T.);
#2011=EDGE_CURVE('',#1643,#1639,#1424,.T.);
#2012=EDGE_CURVE('',#1644,#1645,#1425,.T.);
#2013=EDGE_CURVE('',#1646,#1645,#754,.T.);
#2014=EDGE_CURVE('',#1647,#1646,#755,.T.);
#2015=EDGE_CURVE('',#1648,#1647,#756,.T.);
#2016=EDGE_CURVE('',#1644,#1648,#757,.T.);
#2017=EDGE_CURVE('',#1649,#1650,#758,.T.);
#2018=EDGE_CURVE('',#1651,#1649,#759,.T.);
#2019=EDGE_CURVE('',#1652,#1651,#760,.T.);
#2020=EDGE_CURVE('',#1653,#1652,#761,.T.);
#2021=EDGE_CURVE('',#1650,#1653,#1426,.T.);
#2022=EDGE_CURVE('',#1654,#1655,#762,.T.);
#2023=EDGE_CURVE('',#1655,#1656,#763,.T.);
#2024=EDGE_CURVE('',#1656,#1657,#764,.T.);
#2025=EDGE_CURVE('',#1654,#1657,#765,.T.);
#2026=EDGE_CURVE('',#1658,#1655,#766,.T.);
#2027=EDGE_CURVE('',#1659,#1654,#767,.T.);
#2028=EDGE_CURVE('',#1659,#1660,#1427,.T.);
#2029=EDGE_CURVE('',#1661,#1660,#1428,.T.);
#2030=EDGE_CURVE('',#1661,#1658,#1429,.T.);
#2031=EDGE_CURVE('',#1658,#1662,#768,.T.);
#2032=EDGE_CURVE('',#1656,#1662,#769,.T.);
#2033=EDGE_CURVE('',#1663,#1664,#1430,.T.);
#2034=EDGE_CURVE('',#1657,#1664,#1431,.T.);
#2035=EDGE_CURVE('',#1662,#1665,#1432,.T.);
#2036=EDGE_CURVE('',#1663,#1665,#1433,.T.);
#2037=EDGE_CURVE('',#1666,#1667,#1434,.T.);
#2038=EDGE_CURVE('',#1667,#1668,#1435,.T.);
#2039=EDGE_CURVE('',#1668,#1669,#1436,.T.);
#2040=EDGE_CURVE('',#1670,#1669,#770,.T.);
#2041=EDGE_CURVE('',#1671,#1670,#771,.T.);
#2042=EDGE_CURVE('',#1666,#1671,#772,.T.);
#2043=EDGE_CURVE('',#1672,#1673,#1437,.T.);
#2044=EDGE_CURVE('',#1674,#1672,#773,.T.);
#2045=EDGE_CURVE('',#1673,#1674,#774,.T.);
#2046=EDGE_CURVE('',#1631,#1675,#775,.T.);
#2047=EDGE_CURVE('',#1675,#1675,#1438,.T.);
#2048=EDGE_CURVE('',#1676,#1676,#1439,.T.);
#2049=EDGE_CURVE('',#1677,#1677,#1440,.T.);
#2050=EDGE_CURVE('',#1678,#1678,#1441,.T.);
#2051=EDGE_CURVE('',#1679,#1680,#776,.T.);
#2052=EDGE_CURVE('',#1681,#1679,#777,.T.);
#2053=EDGE_CURVE('',#1682,#1681,#778,.T.);
#2054=EDGE_CURVE('',#1680,#1682,#779,.T.);
#2055=EDGE_CURVE('',#1683,#1679,#780,.T.);
#2056=EDGE_CURVE('',#1680,#1684,#781,.T.);
#2057=EDGE_CURVE('',#1684,#1683,#782,.T.);
#2058=EDGE_CURVE('',#1685,#1684,#783,.T.);
#2059=EDGE_CURVE('',#1672,#1685,#784,.T.);
#2060=EDGE_CURVE('',#1672,#1686,#785,.T.);
#2061=EDGE_CURVE('',#1686,#1683,#786,.T.);
#2062=EDGE_CURVE('',#1685,#1687,#787,.T.);
#2063=EDGE_CURVE('',#1674,#1687,#788,.T.);
#2064=EDGE_CURVE('',#1687,#1688,#789,.T.);
#2065=EDGE_CURVE('',#1688,#1673,#790,.T.);
#2066=EDGE_CURVE('',#1689,#1688,#791,.T.);
#2067=EDGE_CURVE('',#1690,#1689,#792,.T.);
#2068=EDGE_CURVE('',#1690,#1691,#793,.T.);
#2069=EDGE_CURVE('',#1691,#1673,#26,.T.);
#2070=EDGE_CURVE('',#1692,#1693,#1442,.T.);
#2071=EDGE_CURVE('',#1693,#1554,#27,.T.);
#2072=EDGE_CURVE('',#1692,#1553,#28,.T.);
#2073=EDGE_CURVE('',#1558,#1694,#794,.T.);
#2074=EDGE_CURVE('',#1694,#1694,#1443,.T.);
#2075=EDGE_CURVE('',#1560,#1695,#795,.T.);
#2076=EDGE_CURVE('',#1696,#1562,#796,.T.);
#2077=EDGE_CURVE('',#1695,#1696,#797,.T.);
#2078=EDGE_CURVE('',#1696,#1697,#798,.T.);
#2079=EDGE_CURVE('',#1561,#1697,#799,.T.);
#2080=EDGE_CURVE('',#1698,#1559,#800,.T.);
#2081=EDGE_CURVE('',#1697,#1698,#801,.T.);
#2082=EDGE_CURVE('',#1632,#1563,#802,.T.);
#2083=EDGE_CURVE('',#1635,#1565,#803,.T.);
#2084=EDGE_CURVE('',#1568,#1636,#804,.T.);
#2085=EDGE_CURVE('',#1637,#1567,#805,.T.);
#2086=EDGE_CURVE('',#1634,#1566,#29,.T.);
#2087=EDGE_CURVE('',#1633,#1564,#806,.T.);
#2088=EDGE_CURVE('',#1640,#1570,#807,.T.);
#2089=EDGE_CURVE('',#1574,#1641,#808,.T.);
#2090=EDGE_CURVE('',#1642,#1573,#809,.T.);
#2091=EDGE_CURVE('',#1572,#1643,#810,.T.);
#2092=EDGE_CURVE('',#1639,#1571,#811,.T.);
#2093=EDGE_CURVE('',#1638,#1569,#812,.T.);
#2094=EDGE_CURVE('',#1647,#1576,#813,.T.);
#2095=EDGE_CURVE('',#1579,#1648,#814,.T.);
#2096=EDGE_CURVE('',#1578,#1644,#30,.T.);
#2097=EDGE_CURVE('',#1645,#1577,#31,.T.);
#2098=EDGE_CURVE('',#1646,#1575,#815,.T.);
#2099=EDGE_CURVE('',#1652,#1581,#816,.T.);
#2100=EDGE_CURVE('',#1584,#1653,#32,.T.);
#2101=EDGE_CURVE('',#1650,#1583,#33,.T.);
#2102=EDGE_CURVE('',#1649,#1582,#817,.T.);
#2103=EDGE_CURVE('',#1651,#1580,#818,.T.);
#2104=EDGE_CURVE('',#1657,#1586,#819,.T.);
#2105=EDGE_CURVE('',#1591,#1659,#820,.T.);
#2106=EDGE_CURVE('',#1660,#1590,#821,.T.);
#2107=EDGE_CURVE('',#1589,#1661,#822,.T.);
#2108=EDGE_CURVE('',#1665,#1588,#34,.T.);
#2109=EDGE_CURVE('',#1587,#1663,#823,.T.);
#2110=EDGE_CURVE('',#1664,#1585,#1444,.T.);
#2111=EDGE_CURVE('',#1671,#1593,#824,.T.);
#2112=EDGE_CURVE('',#1597,#1666,#825,.T.);
#2113=EDGE_CURVE('',#1667,#1596,#826,.T.);
#2114=EDGE_CURVE('',#1595,#1668,#827,.T.);
#2115=EDGE_CURVE('',#1669,#1594,#828,.T.);
#2116=EDGE_CURVE('',#1670,#1592,#829,.T.);
#2117=EDGE_CURVE('',#1599,#1699,#830,.T.);
#2118=EDGE_CURVE('',#1699,#1699,#1445,.T.);
#2119=EDGE_CURVE('',#1600,#1700,#831,.T.);
#2120=EDGE_CURVE('',#1700,#1700,#1446,.T.);
#2121=EDGE_CURVE('',#1542,#1701,#832,.T.);
#2122=EDGE_CURVE('',#1701,#1702,#833,.T.);
#2123=EDGE_CURVE('',#1702,#1543,#834,.T.);
#2124=EDGE_CURVE('',#1703,#1701,#1447,.T.);
#2125=EDGE_CURVE('',#1703,#1541,#835,.T.);
#2126=EDGE_CURVE('',#1540,#1704,#836,.T.);
#2127=EDGE_CURVE('',#1704,#1703,#837,.T.);
#2128=EDGE_CURVE('',#1705,#1704,#1448,.T.);
#2129=EDGE_CURVE('',#1705,#1539,#838,.T.);
#2130=EDGE_CURVE('',#1706,#1705,#839,.T.);
#2131=EDGE_CURVE('',#1538,#1706,#840,.T.);
#2132=EDGE_CURVE('',#1707,#1537,#841,.T.);
#2133=EDGE_CURVE('',#1707,#1706,#1449,.T.);
#2134=EDGE_CURVE('',#1708,#1536,#842,.T.);
#2135=EDGE_CURVE('',#1708,#1707,#843,.T.);
#2136=EDGE_CURVE('',#1709,#1523,#844,.T.);
#2137=EDGE_CURVE('',#1709,#1710,#1450,.T.);
#2138=EDGE_CURVE('',#1524,#1710,#845,.T.);
#2139=EDGE_CURVE('',#1522,#1711,#846,.T.);
#2140=EDGE_CURVE('',#1711,#1709,#847,.T.);
#2141=EDGE_CURVE('',#1712,#1521,#848,.T.);
#2142=EDGE_CURVE('',#1711,#1712,#1451,.T.);
#2143=EDGE_CURVE('',#1691,#1520,#849,.T.);
#2144=EDGE_CURVE('',#1690,#1712,#850,.T.);
#2145=EDGE_CURVE('',#1519,#1672,#851,.T.);
#2146=EDGE_CURVE('',#1518,#1686,#852,.T.);
#2147=EDGE_CURVE('',#1713,#1517,#853,.T.);
#2148=EDGE_CURVE('',#1713,#1686,#1452,.T.);
#2149=EDGE_CURVE('',#1516,#1714,#854,.T.);
#2150=EDGE_CURVE('',#1714,#1713,#1453,.T.);
#2151=EDGE_CURVE('',#1715,#1715,#1454,.T.);
#2152=EDGE_CURVE('',#1716,#1692,#855,.T.);
#2153=EDGE_CURVE('',#1552,#1716,#856,.T.);
#2154=EDGE_CURVE('',#1693,#1717,#857,.T.);
#2155=EDGE_CURVE('',#1717,#1555,#858,.T.);
#2156=EDGE_CURVE('',#1716,#1718,#859,.T.);
#2157=EDGE_CURVE('',#1718,#1717,#860,.T.);
#2158=EDGE_CURVE('',#1719,#1719,#1455,.T.);
#2159=EDGE_CURVE('',#1720,#1721,#1456,.T.);
#2160=EDGE_CURVE('',#1720,#1676,#861,.T.);
#2161=EDGE_CURVE('',#1721,#1720,#1457,.T.);
#2162=EDGE_CURVE('',#1677,#1722,#862,.T.);
#2163=EDGE_CURVE('',#1722,#1722,#1458,.T.);
#2164=EDGE_CURVE('',#1678,#1723,#863,.T.);
#2165=EDGE_CURVE('',#1723,#1723,#1459,.T.);
#2166=EDGE_CURVE('',#1724,#1725,#864,.T.);
#2167=EDGE_CURVE('',#1726,#1724,#865,.F.);
#2168=EDGE_CURVE('',#1727,#1726,#866,.T.);
#2169=EDGE_CURVE('',#1727,#1725,#867,.T.);
#2170=EDGE_CURVE('',#1728,#1535,#868,.T.);
#2171=EDGE_CURVE('',#1728,#1708,#1460,.T.);
#2172=EDGE_CURVE('',#1729,#1730,#1461,.T.);
#2173=EDGE_CURVE('',#1731,#1730,#869,.T.);
#2174=EDGE_CURVE('',#1732,#1731,#1462,.T.);
#2175=EDGE_CURVE('',#1733,#1732,#870,.T.);
#2176=EDGE_CURVE('',#1702,#1733,#1463,.T.);
#2177=EDGE_CURVE('',#1734,#1728,#871,.T.);
#2178=EDGE_CURVE('',#1735,#1734,#74,.T.);
#2179=EDGE_CURVE('',#1729,#1735,#872,.T.);
#2180=EDGE_CURVE('',#1544,#1733,#873,.T.);
#2181=EDGE_CURVE('',#1736,#1515,#874,.T.);
#2182=EDGE_CURVE('',#1736,#1714,#1464,.T.);
#2183=EDGE_CURVE('',#1681,#1737,#875,.T.);
#2184=EDGE_CURVE('',#1737,#1738,#1465,.T.);
#2185=EDGE_CURVE('',#1738,#1682,#876,.T.);
#2186=EDGE_CURVE('',#1739,#1740,#1466,.T.);
#2187=EDGE_CURVE('',#1741,#1740,#877,.T.);
#2188=EDGE_CURVE('',#1737,#1741,#1467,.T.);
#2189=EDGE_CURVE('',#1742,#1736,#878,.T.);
#2190=EDGE_CURVE('',#1743,#1742,#75,.T.);
#2191=EDGE_CURVE('',#1739,#1743,#879,.T.);
#2192=EDGE_CURVE('',#1610,#1738,#76,.T.);
#2193=EDGE_CURVE('',#1689,#1609,#880,.T.);
#2194=EDGE_CURVE('',#1608,#1690,#881,.T.);
#2195=EDGE_CURVE('',#1695,#1698,#882,.T.);
#2196=EDGE_CURVE('',#1695,#1607,#883,.T.);
#2197=EDGE_CURVE('',#1744,#1698,#884,.T.);
#2198=EDGE_CURVE('',#1710,#1744,#885,.T.);
#2199=EDGE_CURVE('',#1744,#1525,#886,.T.);
#2200=EDGE_CURVE('',#1715,#1745,#887,.T.);
#2201=EDGE_CURVE('',#1745,#1745,#1468,.T.);
#2202=EDGE_CURVE('',#1618,#1746,#1469,.T.);
#2203=EDGE_CURVE('',#1746,#1747,#1470,.T.);
#2204=EDGE_CURVE('',#1747,#1615,#1471,.T.);
#2205=EDGE_CURVE('',#1550,#1748,#888,.T.);
#2206=EDGE_CURVE('',#1749,#1748,#1472,.T.);
#2207=EDGE_CURVE('',#1749,#1551,#889,.T.);
#2208=EDGE_CURVE('',#1750,#1749,#890,.T.);
#2209=EDGE_CURVE('',#1750,#1718,#891,.T.);
#2210=EDGE_CURVE('',#1751,#1750,#892,.T.);
#2211=EDGE_CURVE('',#1549,#1751,#893,.T.);
#2212=EDGE_CURVE('',#1752,#1751,#1473,.T.);
#2213=EDGE_CURVE('',#1752,#1548,#894,.T.);
#2214=EDGE_CURVE('',#1748,#1752,#1474,.T.);
#2215=EDGE_CURVE('',#1598,#1753,#895,.T.);
#2216=EDGE_CURVE('',#1753,#1753,#1475,.T.);
#2217=EDGE_CURVE('',#1754,#1754,#1476,.T.);
#2218=EDGE_CURVE('',#1754,#1719,#896,.T.);
#2219=EDGE_CURVE('',#1755,#1529,#897,.T.);
#2220=EDGE_CURVE('',#1755,#1756,#898,.T.);
#2221=EDGE_CURVE('',#1756,#1530,#899,.T.);
#2222=EDGE_CURVE('',#1756,#1757,#1477,.T.);
#2223=EDGE_CURVE('',#1531,#1757,#900,.T.);
#2224=EDGE_CURVE('',#1757,#1758,#901,.T.);
#2225=EDGE_CURVE('',#1758,#1532,#902,.T.);
#2226=EDGE_CURVE('',#1759,#1758,#1478,.T.);
#2227=EDGE_CURVE('',#1533,#1759,#903,.T.);
#2228=EDGE_CURVE('',#1759,#1760,#904,.T.);
#2229=EDGE_CURVE('',#1760,#1534,#905,.T.);
#2230=EDGE_CURVE('',#1761,#1762,#906,.T.);
#2231=EDGE_CURVE('',#1761,#1763,#35,.T.);
#2232=EDGE_CURVE('',#1764,#1763,#1479,.T.);
#2233=EDGE_CURVE('',#1765,#1764,#907,.T.);
#2234=EDGE_CURVE('',#1765,#1766,#1480,.T.);
#2235=EDGE_CURVE('',#1766,#1767,#1481,.T.);
#2236=EDGE_CURVE('',#1768,#1767,#908,.T.);
#2237=EDGE_CURVE('',#1768,#1769,#909,.F.);
#2238=EDGE_CURVE('',#1769,#1770,#910,.F.);
#2239=EDGE_CURVE('',#1770,#1771,#911,.F.);
#2240=EDGE_CURVE('',#1771,#1630,#912,.F.);
#2241=EDGE_CURVE('',#1772,#1629,#913,.F.);
#2242=EDGE_CURVE('',#1772,#1773,#36,.T.);
#2243=EDGE_CURVE('',#1774,#1773,#1482,.F.);
#2244=EDGE_CURVE('',#1774,#1775,#37,.T.);
#2245=EDGE_CURVE('',#1776,#1775,#914,.T.);
#2246=EDGE_CURVE('',#1777,#1776,#77,.F.);
#2247=EDGE_CURVE('',#1778,#1777,#915,.T.);
#2248=EDGE_CURVE('',#1778,#1779,#78,.T.);
#2249=EDGE_CURVE('',#1780,#1779,#916,.T.);
#2250=EDGE_CURVE('',#1781,#1780,#917,.T.);
#2251=EDGE_CURVE('',#1782,#1781,#1483,.F.);
#2252=EDGE_CURVE('',#1782,#1783,#918,.F.);
#2253=EDGE_CURVE('',#1784,#1783,#919,.T.);
#2254=EDGE_CURVE('',#1785,#1784,#920,.T.);
#2255=EDGE_CURVE('',#1726,#1785,#921,.T.);
#2256=EDGE_CURVE('',#1786,#1724,#922,.T.);
#2257=EDGE_CURVE('',#1787,#1786,#923,.T.);
#2258=EDGE_CURVE('',#1787,#1788,#924,.F.);
#2259=EDGE_CURVE('',#1788,#1789,#925,.F.);
#2260=EDGE_CURVE('',#1762,#1789,#79,.F.);
#2261=EDGE_CURVE('',#1790,#1791,#38,.T.);
#2262=EDGE_CURVE('',#1791,#1790,#39,.T.);
#2263=EDGE_CURVE('',#1792,#1793,#1484,.T.);
#2264=EDGE_CURVE('',#1766,#1792,#926,.T.);
#2265=EDGE_CURVE('',#1793,#1765,#927,.T.);
#2266=EDGE_CURVE('',#1793,#1794,#928,.T.);
#2267=EDGE_CURVE('',#1794,#1764,#40,.T.);
#2268=EDGE_CURVE('',#1721,#1791,#1485,.T.);
#2269=EDGE_CURVE('',#1795,#1795,#1486,.T.);
#2270=EDGE_CURVE('',#1795,#1557,#929,.T.);
#2271=EDGE_CURVE('',#1796,#1796,#1487,.T.);
#2272=EDGE_CURVE('',#1796,#1556,#930,.T.);
#2273=EDGE_CURVE('',#1722,#1797,#1488,.T.);
#2274=EDGE_CURVE('',#1798,#1797,#41,.T.);
#2275=EDGE_CURVE('',#1797,#1798,#42,.T.);
#2276=EDGE_CURVE('',#1723,#1799,#1489,.T.);
#2277=EDGE_CURVE('',#1800,#1799,#43,.T.);
#2278=EDGE_CURVE('',#1799,#1800,#44,.T.);
#2279=EDGE_CURVE('',#1778,#1801,#931,.T.);
#2280=EDGE_CURVE('',#1802,#1777,#932,.T.);
#2281=EDGE_CURVE('',#1801,#1802,#933,.T.);
#2282=EDGE_CURVE('',#1801,#1803,#80,.T.);
#2283=EDGE_CURVE('',#1803,#1779,#934,.T.);
#2284=EDGE_CURVE('',#1804,#1803,#935,.T.);
#2285=EDGE_CURVE('',#1804,#1780,#936,.T.);
#2286=EDGE_CURVE('',#1804,#1805,#937,.T.);
#2287=EDGE_CURVE('',#1781,#1805,#18,.F.);
#2288=EDGE_CURVE('',#1806,#1805,#1490,.T.);
#2289=EDGE_CURVE('',#1806,#1782,#19,.F.);
#2290=EDGE_CURVE('',#1806,#1807,#938,.T.);
#2291=EDGE_CURVE('',#1783,#1807,#939,.T.);
#2292=EDGE_CURVE('',#1808,#1807,#940,.T.);
#2293=EDGE_CURVE('',#1808,#1784,#941,.T.);
#2294=EDGE_CURVE('',#1809,#1808,#942,.T.);
#2295=EDGE_CURVE('',#1809,#1785,#943,.T.);
#2296=EDGE_CURVE('',#1810,#1809,#944,.T.);
#2297=EDGE_CURVE('',#1810,#1727,#945,.T.);
#2298=EDGE_CURVE('',#1810,#1811,#946,.T.);
#2299=EDGE_CURVE('',#1725,#1811,#947,.T.);
#2300=EDGE_CURVE('',#1812,#1786,#948,.T.);
#2301=EDGE_CURVE('',#1812,#1811,#949,.T.);
#2302=EDGE_CURVE('',#1813,#1812,#950,.T.);
#2303=EDGE_CURVE('',#1813,#1787,#951,.T.);
#2304=EDGE_CURVE('',#1813,#1814,#952,.T.);
#2305=EDGE_CURVE('',#1788,#1814,#953,.T.);
#2306=EDGE_CURVE('',#1789,#1815,#954,.T.);
#2307=EDGE_CURVE('',#1815,#1814,#955,.T.);
#2308=EDGE_CURVE('',#1815,#1816,#81,.T.);
#2309=EDGE_CURVE('',#1816,#1762,#956,.T.);
#2310=EDGE_CURVE('',#1817,#1816,#957,.T.);
#2311=EDGE_CURVE('',#1761,#1817,#45,.T.);
#2312=EDGE_CURVE('',#1817,#1818,#46,.T.);
#2313=EDGE_CURVE('',#1818,#1763,#47,.T.);
#2314=EDGE_CURVE('',#1819,#1818,#1491,.T.);
#2315=EDGE_CURVE('',#1819,#1820,#958,.T.);
#2316=EDGE_CURVE('',#1794,#1820,#1492,.T.);
#2317=EDGE_CURVE('',#1821,#1819,#1493,.T.);
#2318=EDGE_CURVE('',#1822,#1821,#959,.T.);
#2319=EDGE_CURVE('',#1820,#1822,#1494,.T.);
#2320=EDGE_CURVE('',#1823,#1821,#960,.T.);
#2321=EDGE_CURVE('',#1823,#1824,#48,.T.);
#2322=EDGE_CURVE('',#1822,#1824,#961,.T.);
#2323=EDGE_CURVE('',#1825,#1826,#49,.T.);
#2324=EDGE_CURVE('',#1824,#1825,#1495,.T.);
#2325=EDGE_CURVE('',#1826,#1823,#1496,.T.);
#2326=EDGE_CURVE('',#1825,#1827,#962,.T.);
#2327=EDGE_CURVE('',#1828,#1826,#963,.T.);
#2328=EDGE_CURVE('',#1827,#1828,#964,.T.);
#2329=EDGE_CURVE('',#1760,#1827,#965,.T.);
#2330=EDGE_CURVE('',#1828,#1829,#966,.T.);
#2331=EDGE_CURVE('',#1829,#1734,#967,.T.);
#2332=EDGE_CURVE('',#1830,#1829,#82,.T.);
#2333=EDGE_CURVE('',#1830,#1735,#968,.T.);
#2334=EDGE_CURVE('',#1831,#1830,#969,.T.);
#2335=EDGE_CURVE('',#1831,#1729,#970,.T.);
#2336=EDGE_CURVE('',#1730,#1832,#971,.T.);
#2337=EDGE_CURVE('',#1832,#1831,#1497,.T.);
#2338=EDGE_CURVE('',#1833,#1832,#972,.T.);
#2339=EDGE_CURVE('',#1731,#1833,#973,.T.);
#2340=EDGE_CURVE('',#1834,#1833,#1498,.T.);
#2341=EDGE_CURVE('',#1732,#1834,#974,.T.);
#2342=EDGE_CURVE('',#1834,#1835,#975,.T.);
#2343=EDGE_CURVE('',#1835,#1545,#976,.T.);
#2344=EDGE_CURVE('',#1835,#1836,#1499,.T.);
#2345=EDGE_CURVE('',#1546,#1836,#977,.T.);
#2346=EDGE_CURVE('',#1836,#1837,#978,.T.);
#2347=EDGE_CURVE('',#1837,#1514,#979,.T.);
#2348=EDGE_CURVE('',#1838,#1837,#1500,.T.);
#2349=EDGE_CURVE('',#1513,#1838,#980,.T.);
#2350=EDGE_CURVE('',#1838,#1839,#981,.T.);
#2351=EDGE_CURVE('',#1839,#1742,#982,.T.);
#2352=EDGE_CURVE('',#1840,#1839,#83,.T.);
#2353=EDGE_CURVE('',#1840,#1743,#983,.T.);
#2354=EDGE_CURVE('',#1841,#1840,#984,.T.);
#2355=EDGE_CURVE('',#1841,#1739,#985,.T.);
#2356=EDGE_CURVE('',#1740,#1842,#986,.T.);
#2357=EDGE_CURVE('',#1842,#1841,#1501,.T.);
#2358=EDGE_CURVE('',#1843,#1842,#987,.T.);
#2359=EDGE_CURVE('',#1843,#1741,#988,.T.);
#2360=EDGE_CURVE('',#1611,#1843,#84,.T.);
#2361=EDGE_CURVE('',#1844,#1612,#989,.T.);
#2362=EDGE_CURVE('',#1526,#1844,#990,.T.);
#2363=EDGE_CURVE('',#1844,#1845,#991,.T.);
#2364=EDGE_CURVE('',#1845,#1527,#992,.T.);
#2365=EDGE_CURVE('',#1845,#1846,#1502,.T.);
#2366=EDGE_CURVE('',#1846,#1528,#993,.T.);
#2367=EDGE_CURVE('',#1846,#1847,#994,.T.);
#2368=EDGE_CURVE('',#1847,#1848,#995,.T.);
#2369=EDGE_CURVE('',#1755,#1848,#996,.T.);
#2370=EDGE_CURVE('',#1849,#1848,#85,.T.);
#2371=EDGE_CURVE('',#1850,#1847,#86,.T.);
#2372=EDGE_CURVE('',#1850,#1849,#997,.T.);
#2373=EDGE_CURVE('',#1850,#1851,#998,.T.);
#2374=EDGE_CURVE('',#1852,#1851,#999,.T.);
#2375=EDGE_CURVE('',#1849,#1852,#1000,.T.);
#2376=EDGE_CURVE('',#1853,#1851,#1001,.T.);
#2377=EDGE_CURVE('',#1853,#1854,#1002,.T.);
#2378=EDGE_CURVE('',#1852,#1854,#1003,.T.);
#2379=EDGE_CURVE('',#1853,#1855,#1004,.T.);
#2380=EDGE_CURVE('',#1855,#1856,#50,.T.);
#2381=EDGE_CURVE('',#1854,#1856,#1005,.T.);
#2382=EDGE_CURVE('',#1774,#1857,#51,.T.);
#2383=EDGE_CURVE('',#1857,#1858,#52,.T.);
#2384=EDGE_CURVE('',#1858,#1775,#53,.T.);
#2385=EDGE_CURVE('',#1858,#1859,#1006,.T.);
#2386=EDGE_CURVE('',#1776,#1859,#1007,.T.);
#2387=EDGE_CURVE('',#1859,#1802,#87,.T.);
#2388=EDGE_CURVE('',#1745,#1860,#1503,.T.);
#2389=EDGE_CURVE('',#1861,#1860,#54,.T.);
#2390=EDGE_CURVE('',#1860,#1861,#55,.T.);
#2391=EDGE_CURVE('',#1862,#1862,#1504,.T.);
#2392=EDGE_CURVE('',#1746,#1624,#1008,.T.);
#2393=EDGE_CURVE('',#1623,#1747,#1009,.T.);
#2394=EDGE_CURVE('',#1863,#1622,#1010,.T.);
#2395=EDGE_CURVE('',#1856,#1863,#1505,.T.);
#2396=EDGE_CURVE('',#1616,#1855,#1506,.T.);
#2397=EDGE_CURVE('',#1864,#1620,#1011,.T.);
#2398=EDGE_CURVE('',#1863,#1864,#1507,.T.);
#2399=EDGE_CURVE('',#1864,#1865,#1012,.T.);
#2400=EDGE_CURVE('',#1792,#1865,#1508,.T.);
#2401=EDGE_CURVE('',#1767,#1865,#1013,.T.);
#2402=EDGE_CURVE('',#1769,#1770,#88,.T.);
#2403=EDGE_CURVE('',#1866,#1769,#89,.T.);
#2404=EDGE_CURVE('',#1866,#1613,#1014,.T.);
#2405=EDGE_CURVE('',#1770,#1866,#90,.T.);
#2406=EDGE_CURVE('',#1867,#1773,#56,.T.);
#2407=EDGE_CURVE('',#1857,#1867,#1509,.T.);
#2408=EDGE_CURVE('',#1772,#1868,#57,.T.);
#2409=EDGE_CURVE('',#1868,#1867,#58,.T.);
#2410=EDGE_CURVE('',#1868,#1869,#1015,.T.);
#2411=EDGE_CURVE('',#1869,#1619,#1510,.T.);
#2412=EDGE_CURVE('',#1862,#1625,#1016,.T.);
#2413=EDGE_CURVE('',#1626,#1869,#59,.T.);
#2414=EDGE_CURVE('',#1870,#1871,#1017,.T.);
#2415=EDGE_CURVE('',#1768,#1871,#1018,.T.);
#2416=EDGE_CURVE('',#1870,#1621,#1019,.T.);
#2417=EDGE_CURVE('',#1771,#1871,#91,.T.);
#2418=EDGE_CURVE('',#1628,#1771,#92,.T.);
#2419=EDGE_CURVE('',#1627,#1870,#93,.T.);
#2420=ORIENTED_EDGE('',*,*,#1872,.T.);
#2421=ORIENTED_EDGE('',*,*,#1873,.T.);
#2422=ORIENTED_EDGE('',*,*,#1874,.T.);
#2423=ORIENTED_EDGE('',*,*,#1873,.F.);
#2424=ORIENTED_EDGE('',*,*,#1875,.F.);
#2425=ORIENTED_EDGE('',*,*,#1876,.F.);
#2426=ORIENTED_EDGE('',*,*,#1877,.T.);
#2427=ORIENTED_EDGE('',*,*,#1878,.F.);
#2428=ORIENTED_EDGE('',*,*,#1879,.T.);
#2429=ORIENTED_EDGE('',*,*,#1880,.F.);
#2430=ORIENTED_EDGE('',*,*,#1881,.F.);
#2431=ORIENTED_EDGE('',*,*,#1882,.F.);
#2432=ORIENTED_EDGE('',*,*,#1883,.T.);
#2433=ORIENTED_EDGE('',*,*,#1884,.F.);
#2434=ORIENTED_EDGE('',*,*,#1885,.F.);
#2435=ORIENTED_EDGE('',*,*,#1886,.F.);
#2436=ORIENTED_EDGE('',*,*,#1887,.F.);
#2437=ORIENTED_EDGE('',*,*,#1888,.F.);
#2438=ORIENTED_EDGE('',*,*,#1889,.F.);
#2439=ORIENTED_EDGE('',*,*,#1890,.F.);
#2440=ORIENTED_EDGE('',*,*,#1891,.F.);
#2441=ORIENTED_EDGE('',*,*,#1892,.F.);
#2442=ORIENTED_EDGE('',*,*,#1893,.F.);
#2443=ORIENTED_EDGE('',*,*,#1894,.F.);
#2444=ORIENTED_EDGE('',*,*,#1895,.F.);
#2445=ORIENTED_EDGE('',*,*,#1896,.F.);
#2446=ORIENTED_EDGE('',*,*,#1897,.F.);
#2447=ORIENTED_EDGE('',*,*,#1898,.F.);
#2448=ORIENTED_EDGE('',*,*,#1899,.T.);
#2449=ORIENTED_EDGE('',*,*,#1900,.F.);
#2450=ORIENTED_EDGE('',*,*,#1901,.F.);
#2451=ORIENTED_EDGE('',*,*,#1902,.F.);
#2452=ORIENTED_EDGE('',*,*,#1903,.F.);
#2453=ORIENTED_EDGE('',*,*,#1904,.F.);
#2454=ORIENTED_EDGE('',*,*,#1905,.T.);
#2455=ORIENTED_EDGE('',*,*,#1906,.F.);
#2456=ORIENTED_EDGE('',*,*,#1907,.F.);
#2457=ORIENTED_EDGE('',*,*,#1908,.F.);
#2458=ORIENTED_EDGE('',*,*,#1909,.F.);
#2459=ORIENTED_EDGE('',*,*,#1910,.F.);
#2460=ORIENTED_EDGE('',*,*,#1911,.F.);
#2461=ORIENTED_EDGE('',*,*,#1912,.F.);
#2462=ORIENTED_EDGE('',*,*,#1913,.F.);
#2463=ORIENTED_EDGE('',*,*,#1914,.F.);
#2464=ORIENTED_EDGE('',*,*,#1915,.F.);
#2465=ORIENTED_EDGE('',*,*,#1916,.F.);
#2466=ORIENTED_EDGE('',*,*,#1917,.F.);
#2467=ORIENTED_EDGE('',*,*,#1918,.F.);
#2468=ORIENTED_EDGE('',*,*,#1919,.F.);
#2469=ORIENTED_EDGE('',*,*,#1920,.F.);
#2470=ORIENTED_EDGE('',*,*,#1921,.F.);
#2471=ORIENTED_EDGE('',*,*,#1922,.F.);
#2472=ORIENTED_EDGE('',*,*,#1923,.F.);
#2473=ORIENTED_EDGE('',*,*,#1924,.F.);
#2474=ORIENTED_EDGE('',*,*,#1925,.F.);
#2475=ORIENTED_EDGE('',*,*,#1926,.F.);
#2476=ORIENTED_EDGE('',*,*,#1927,.F.);
#2477=ORIENTED_EDGE('',*,*,#1928,.F.);
#2478=ORIENTED_EDGE('',*,*,#1929,.T.);
#2479=ORIENTED_EDGE('',*,*,#1930,.F.);
#2480=ORIENTED_EDGE('',*,*,#1931,.F.);
#2481=ORIENTED_EDGE('',*,*,#1932,.F.);
#2482=ORIENTED_EDGE('',*,*,#1933,.T.);
#2483=ORIENTED_EDGE('',*,*,#1934,.F.);
#2484=ORIENTED_EDGE('',*,*,#1935,.T.);
#2485=ORIENTED_EDGE('',*,*,#1936,.F.);
#2486=ORIENTED_EDGE('',*,*,#1937,.F.);
#2487=ORIENTED_EDGE('',*,*,#1938,.F.);
#2488=ORIENTED_EDGE('',*,*,#1939,.F.);
#2489=ORIENTED_EDGE('',*,*,#1940,.F.);
#2490=ORIENTED_EDGE('',*,*,#1941,.F.);
#2491=ORIENTED_EDGE('',*,*,#1942,.F.);
#2492=ORIENTED_EDGE('',*,*,#1943,.F.);
#2493=ORIENTED_EDGE('',*,*,#1944,.F.);
#2494=ORIENTED_EDGE('',*,*,#1945,.F.);
#2495=ORIENTED_EDGE('',*,*,#1946,.F.);
#2496=ORIENTED_EDGE('',*,*,#1947,.F.);
#2497=ORIENTED_EDGE('',*,*,#1948,.F.);
#2498=ORIENTED_EDGE('',*,*,#1949,.F.);
#2499=ORIENTED_EDGE('',*,*,#1950,.T.);
#2500=ORIENTED_EDGE('',*,*,#1951,.F.);
#2501=ORIENTED_EDGE('',*,*,#1952,.T.);
#2502=ORIENTED_EDGE('',*,*,#1953,.F.);
#2503=ORIENTED_EDGE('',*,*,#1954,.F.);
#2504=ORIENTED_EDGE('',*,*,#1955,.F.);
#2505=ORIENTED_EDGE('',*,*,#1956,.T.);
#2506=ORIENTED_EDGE('',*,*,#1957,.F.);
#2507=ORIENTED_EDGE('',*,*,#1958,.T.);
#2508=ORIENTED_EDGE('',*,*,#1959,.F.);
#2509=ORIENTED_EDGE('',*,*,#1960,.F.);
#2510=ORIENTED_EDGE('',*,*,#1961,.F.);
#2511=ORIENTED_EDGE('',*,*,#1962,.F.);
#2512=ORIENTED_EDGE('',*,*,#1963,.F.);
#2513=ORIENTED_EDGE('',*,*,#1874,.F.);
#2514=ORIENTED_EDGE('',*,*,#1964,.F.);
#2515=ORIENTED_EDGE('',*,*,#1965,.T.);
#2516=ORIENTED_EDGE('',*,*,#1872,.F.);
#2517=ORIENTED_EDGE('',*,*,#1965,.F.);
#2518=ORIENTED_EDGE('',*,*,#1966,.T.);
#2519=ORIENTED_EDGE('',*,*,#1967,.T.);
#2520=ORIENTED_EDGE('',*,*,#1909,.T.);
#2521=ORIENTED_EDGE('',*,*,#1967,.F.);
#2522=ORIENTED_EDGE('',*,*,#1968,.F.);
#2523=ORIENTED_EDGE('',*,*,#1969,.T.);
#2524=ORIENTED_EDGE('',*,*,#1966,.F.);
#2525=ORIENTED_EDGE('',*,*,#1969,.F.);
#2526=ORIENTED_EDGE('',*,*,#1970,.T.);
#2527=ORIENTED_EDGE('',*,*,#1971,.T.);
#2528=ORIENTED_EDGE('',*,*,#1963,.T.);
#2529=ORIENTED_EDGE('',*,*,#1971,.F.);
#2530=ORIENTED_EDGE('',*,*,#1972,.F.);
#2531=ORIENTED_EDGE('',*,*,#1973,.T.);
#2532=ORIENTED_EDGE('',*,*,#1970,.F.);
#2533=ORIENTED_EDGE('',*,*,#1973,.F.);
#2534=ORIENTED_EDGE('',*,*,#1974,.T.);
#2535=ORIENTED_EDGE('',*,*,#1975,.T.);
#2536=ORIENTED_EDGE('',*,*,#1976,.T.);
#2537=ORIENTED_EDGE('',*,*,#1977,.F.);
#2538=ORIENTED_EDGE('',*,*,#1978,.F.);
#2539=ORIENTED_EDGE('',*,*,#1979,.F.);
#2540=ORIENTED_EDGE('',*,*,#1980,.T.);
#2541=ORIENTED_EDGE('',*,*,#1981,.T.);
#2542=ORIENTED_EDGE('',*,*,#1982,.T.);
#2543=ORIENTED_EDGE('',*,*,#1983,.F.);
#2544=ORIENTED_EDGE('',*,*,#1984,.T.);
#2545=ORIENTED_EDGE('',*,*,#1985,.T.);
#2546=ORIENTED_EDGE('',*,*,#1984,.F.);
#2547=ORIENTED_EDGE('',*,*,#1986,.F.);
#2548=ORIENTED_EDGE('',*,*,#1987,.T.);
#2549=ORIENTED_EDGE('',*,*,#1988,.F.);
#2550=ORIENTED_EDGE('',*,*,#1989,.F.);
#2551=ORIENTED_EDGE('',*,*,#1990,.T.);
#2552=ORIENTED_EDGE('',*,*,#1991,.F.);
#2553=ORIENTED_EDGE('',*,*,#1992,.T.);
#2554=ORIENTED_EDGE('',*,*,#1993,.T.);
#2555=ORIENTED_EDGE('',*,*,#1994,.F.);
#2556=ORIENTED_EDGE('',*,*,#1995,.F.);
#2557=ORIENTED_EDGE('',*,*,#1996,.F.);
#2558=ORIENTED_EDGE('',*,*,#1997,.T.);
#2559=ORIENTED_EDGE('',*,*,#1998,.T.);
#2560=ORIENTED_EDGE('',*,*,#1999,.T.);
#2561=ORIENTED_EDGE('',*,*,#2000,.T.);
#2562=ORIENTED_EDGE('',*,*,#2001,.F.);
#2563=ORIENTED_EDGE('',*,*,#2002,.F.);
#2564=ORIENTED_EDGE('',*,*,#2003,.F.);
#2565=ORIENTED_EDGE('',*,*,#2004,.T.);
#2566=ORIENTED_EDGE('',*,*,#2005,.F.);
#2567=ORIENTED_EDGE('',*,*,#2006,.F.);
#2568=ORIENTED_EDGE('',*,*,#2007,.F.);
#2569=ORIENTED_EDGE('',*,*,#2008,.F.);
#2570=ORIENTED_EDGE('',*,*,#2009,.T.);
#2571=ORIENTED_EDGE('',*,*,#2010,.F.);
#2572=ORIENTED_EDGE('',*,*,#2011,.T.);
#2573=ORIENTED_EDGE('',*,*,#2012,.T.);
#2574=ORIENTED_EDGE('',*,*,#2013,.F.);
#2575=ORIENTED_EDGE('',*,*,#2014,.F.);
#2576=ORIENTED_EDGE('',*,*,#2015,.F.);
#2577=ORIENTED_EDGE('',*,*,#2016,.F.);
#2578=ORIENTED_EDGE('',*,*,#2017,.F.);
#2579=ORIENTED_EDGE('',*,*,#2018,.F.);
#2580=ORIENTED_EDGE('',*,*,#2019,.F.);
#2581=ORIENTED_EDGE('',*,*,#2020,.F.);
#2582=ORIENTED_EDGE('',*,*,#2021,.F.);
#2583=ORIENTED_EDGE('',*,*,#2022,.T.);
#2584=ORIENTED_EDGE('',*,*,#2023,.T.);
#2585=ORIENTED_EDGE('',*,*,#2024,.T.);
#2586=ORIENTED_EDGE('',*,*,#2025,.F.);
#2587=ORIENTED_EDGE('',*,*,#2026,.T.);
#2588=ORIENTED_EDGE('',*,*,#2022,.F.);
#2589=ORIENTED_EDGE('',*,*,#2027,.F.);
#2590=ORIENTED_EDGE('',*,*,#2028,.T.);
#2591=ORIENTED_EDGE('',*,*,#2029,.F.);
#2592=ORIENTED_EDGE('',*,*,#2030,.T.);
#2593=ORIENTED_EDGE('',*,*,#2023,.F.);
#2594=ORIENTED_EDGE('',*,*,#2026,.F.);
#2595=ORIENTED_EDGE('',*,*,#2031,.T.);
#2596=ORIENTED_EDGE('',*,*,#2032,.F.);
#2597=ORIENTED_EDGE('',*,*,#2033,.T.);
#2598=ORIENTED_EDGE('',*,*,#2034,.F.);
#2599=ORIENTED_EDGE('',*,*,#2024,.F.);
#2600=ORIENTED_EDGE('',*,*,#2032,.T.);
#2601=ORIENTED_EDGE('',*,*,#2035,.T.);
#2602=ORIENTED_EDGE('',*,*,#2036,.F.);
#2603=ORIENTED_EDGE('',*,*,#2037,.T.);
#2604=ORIENTED_EDGE('',*,*,#2038,.T.);
#2605=ORIENTED_EDGE('',*,*,#2039,.T.);
#2606=ORIENTED_EDGE('',*,*,#2040,.F.);
#2607=ORIENTED_EDGE('',*,*,#2041,.F.);
#2608=ORIENTED_EDGE('',*,*,#2042,.F.);
#2609=ORIENTED_EDGE('',*,*,#2043,.F.);
#2610=ORIENTED_EDGE('',*,*,#2044,.F.);
#2611=ORIENTED_EDGE('',*,*,#2045,.F.);
#2612=ORIENTED_EDGE('',*,*,#1999,.F.);
#2613=ORIENTED_EDGE('',*,*,#2046,.T.);
#2614=ORIENTED_EDGE('',*,*,#2047,.F.);
#2615=ORIENTED_EDGE('',*,*,#2046,.F.);
#2616=ORIENTED_EDGE('',*,*,#2048,.T.);
#2617=ORIENTED_EDGE('',*,*,#2049,.T.);
#2618=ORIENTED_EDGE('',*,*,#1972,.T.);
#2619=ORIENTED_EDGE('',*,*,#2050,.T.);
#2620=ORIENTED_EDGE('',*,*,#1968,.T.);
#2621=ORIENTED_EDGE('',*,*,#2051,.F.);
#2622=ORIENTED_EDGE('',*,*,#2052,.F.);
#2623=ORIENTED_EDGE('',*,*,#2053,.F.);
#2624=ORIENTED_EDGE('',*,*,#2054,.F.);
#2625=ORIENTED_EDGE('',*,*,#2055,.T.);
#2626=ORIENTED_EDGE('',*,*,#2051,.T.);
#2627=ORIENTED_EDGE('',*,*,#2056,.T.);
#2628=ORIENTED_EDGE('',*,*,#2057,.T.);
#2629=ORIENTED_EDGE('',*,*,#2058,.F.);
#2630=ORIENTED_EDGE('',*,*,#2059,.F.);
#2631=ORIENTED_EDGE('',*,*,#2060,.T.);
#2632=ORIENTED_EDGE('',*,*,#2061,.T.);
#2633=ORIENTED_EDGE('',*,*,#2057,.F.);
#2634=ORIENTED_EDGE('',*,*,#2062,.T.);
#2635=ORIENTED_EDGE('',*,*,#2063,.F.);
#2636=ORIENTED_EDGE('',*,*,#2044,.T.);
#2637=ORIENTED_EDGE('',*,*,#2059,.T.);
#2638=ORIENTED_EDGE('',*,*,#2045,.T.);
#2639=ORIENTED_EDGE('',*,*,#2063,.T.);
#2640=ORIENTED_EDGE('',*,*,#2064,.T.);
#2641=ORIENTED_EDGE('',*,*,#2065,.T.);
#2642=ORIENTED_EDGE('',*,*,#2066,.F.);
#2643=ORIENTED_EDGE('',*,*,#2067,.F.);
#2644=ORIENTED_EDGE('',*,*,#2068,.T.);
#2645=ORIENTED_EDGE('',*,*,#2069,.T.);
#2646=ORIENTED_EDGE('',*,*,#2065,.F.);
#2647=ORIENTED_EDGE('',*,*,#2070,.T.);
#2648=ORIENTED_EDGE('',*,*,#2071,.T.);
#2649=ORIENTED_EDGE('',*,*,#1915,.T.);
#2650=ORIENTED_EDGE('',*,*,#2072,.F.);
#2651=ORIENTED_EDGE('',*,*,#1920,.T.);
#2652=ORIENTED_EDGE('',*,*,#2073,.T.);
#2653=ORIENTED_EDGE('',*,*,#2074,.F.);
#2654=ORIENTED_EDGE('',*,*,#2073,.F.);
#2655=ORIENTED_EDGE('',*,*,#2075,.F.);
#2656=ORIENTED_EDGE('',*,*,#1924,.T.);
#2657=ORIENTED_EDGE('',*,*,#2076,.F.);
#2658=ORIENTED_EDGE('',*,*,#2077,.F.);
#2659=ORIENTED_EDGE('',*,*,#2078,.F.);
#2660=ORIENTED_EDGE('',*,*,#2076,.T.);
#2661=ORIENTED_EDGE('',*,*,#1923,.T.);
#2662=ORIENTED_EDGE('',*,*,#2079,.T.);
#2663=ORIENTED_EDGE('',*,*,#1922,.T.);
#2664=ORIENTED_EDGE('',*,*,#2080,.F.);
#2665=ORIENTED_EDGE('',*,*,#2081,.F.);
#2666=ORIENTED_EDGE('',*,*,#2079,.F.);
#2667=ORIENTED_EDGE('',*,*,#2000,.F.);
#2668=ORIENTED_EDGE('',*,*,#2082,.T.);
#2669=ORIENTED_EDGE('',*,*,#1925,.T.);
#2670=ORIENTED_EDGE('',*,*,#2082,.F.);
#2671=ORIENTED_EDGE('',*,*,#2003,.T.);
#2672=ORIENTED_EDGE('',*,*,#2083,.T.);
#2673=ORIENTED_EDGE('',*,*,#1930,.T.);
#2674=ORIENTED_EDGE('',*,*,#2084,.T.);
#2675=ORIENTED_EDGE('',*,*,#2004,.F.);
#2676=ORIENTED_EDGE('',*,*,#2084,.F.);
#2677=ORIENTED_EDGE('',*,*,#1929,.F.);
#2678=ORIENTED_EDGE('',*,*,#2085,.F.);
#2679=ORIENTED_EDGE('',*,*,#1928,.T.);
#2680=ORIENTED_EDGE('',*,*,#2086,.F.);
#2681=ORIENTED_EDGE('',*,*,#2005,.T.);
#2682=ORIENTED_EDGE('',*,*,#2085,.T.);
#2683=ORIENTED_EDGE('',*,*,#2001,.T.);
#2684=ORIENTED_EDGE('',*,*,#2086,.T.);
#2685=ORIENTED_EDGE('',*,*,#1927,.T.);
#2686=ORIENTED_EDGE('',*,*,#2087,.F.);
#2687=ORIENTED_EDGE('',*,*,#2002,.T.);
#2688=ORIENTED_EDGE('',*,*,#2087,.T.);
#2689=ORIENTED_EDGE('',*,*,#1926,.T.);
#2690=ORIENTED_EDGE('',*,*,#2083,.F.);
#2691=ORIENTED_EDGE('',*,*,#2008,.T.);
#2692=ORIENTED_EDGE('',*,*,#2088,.T.);
#2693=ORIENTED_EDGE('',*,*,#1936,.T.);
#2694=ORIENTED_EDGE('',*,*,#2089,.T.);
#2695=ORIENTED_EDGE('',*,*,#2089,.F.);
#2696=ORIENTED_EDGE('',*,*,#1935,.F.);
#2697=ORIENTED_EDGE('',*,*,#2090,.F.);
#2698=ORIENTED_EDGE('',*,*,#2009,.F.);
#2699=ORIENTED_EDGE('',*,*,#2010,.T.);
#2700=ORIENTED_EDGE('',*,*,#2090,.T.);
#2701=ORIENTED_EDGE('',*,*,#1934,.T.);
#2702=ORIENTED_EDGE('',*,*,#2091,.T.);
#2703=ORIENTED_EDGE('',*,*,#2091,.F.);
#2704=ORIENTED_EDGE('',*,*,#1933,.F.);
#2705=ORIENTED_EDGE('',*,*,#2092,.F.);
#2706=ORIENTED_EDGE('',*,*,#2011,.F.);
#2707=ORIENTED_EDGE('',*,*,#1932,.T.);
#2708=ORIENTED_EDGE('',*,*,#2093,.F.);
#2709=ORIENTED_EDGE('',*,*,#2006,.T.);
#2710=ORIENTED_EDGE('',*,*,#2092,.T.);
#2711=ORIENTED_EDGE('',*,*,#2007,.T.);
#2712=ORIENTED_EDGE('',*,*,#2093,.T.);
#2713=ORIENTED_EDGE('',*,*,#1931,.T.);
#2714=ORIENTED_EDGE('',*,*,#2088,.F.);
#2715=ORIENTED_EDGE('',*,*,#2015,.T.);
#2716=ORIENTED_EDGE('',*,*,#2094,.T.);
#2717=ORIENTED_EDGE('',*,*,#1941,.T.);
#2718=ORIENTED_EDGE('',*,*,#2095,.T.);
#2719=ORIENTED_EDGE('',*,*,#2016,.T.);
#2720=ORIENTED_EDGE('',*,*,#2095,.F.);
#2721=ORIENTED_EDGE('',*,*,#1940,.T.);
#2722=ORIENTED_EDGE('',*,*,#2096,.T.);
#2723=ORIENTED_EDGE('',*,*,#2012,.F.);
#2724=ORIENTED_EDGE('',*,*,#2096,.F.);
#2725=ORIENTED_EDGE('',*,*,#1939,.T.);
#2726=ORIENTED_EDGE('',*,*,#2097,.F.);
#2727=ORIENTED_EDGE('',*,*,#2013,.T.);
#2728=ORIENTED_EDGE('',*,*,#2097,.T.);
#2729=ORIENTED_EDGE('',*,*,#1938,.T.);
#2730=ORIENTED_EDGE('',*,*,#2098,.F.);
#2731=ORIENTED_EDGE('',*,*,#2014,.T.);
#2732=ORIENTED_EDGE('',*,*,#2098,.T.);
#2733=ORIENTED_EDGE('',*,*,#1937,.T.);
#2734=ORIENTED_EDGE('',*,*,#2094,.F.);
#2735=ORIENTED_EDGE('',*,*,#2020,.T.);
#2736=ORIENTED_EDGE('',*,*,#2099,.T.);
#2737=ORIENTED_EDGE('',*,*,#1946,.T.);
#2738=ORIENTED_EDGE('',*,*,#2100,.T.);
#2739=ORIENTED_EDGE('',*,*,#2021,.T.);
#2740=ORIENTED_EDGE('',*,*,#2100,.F.);
#2741=ORIENTED_EDGE('',*,*,#1945,.T.);
#2742=ORIENTED_EDGE('',*,*,#2101,.F.);
#2743=ORIENTED_EDGE('',*,*,#2017,.T.);
#2744=ORIENTED_EDGE('',*,*,#2101,.T.);
#2745=ORIENTED_EDGE('',*,*,#1944,.T.);
#2746=ORIENTED_EDGE('',*,*,#2102,.F.);
#2747=ORIENTED_EDGE('',*,*,#2018,.T.);
#2748=ORIENTED_EDGE('',*,*,#2102,.T.);
#2749=ORIENTED_EDGE('',*,*,#1943,.T.);
#2750=ORIENTED_EDGE('',*,*,#2103,.F.);
#2751=ORIENTED_EDGE('',*,*,#2019,.T.);
#2752=ORIENTED_EDGE('',*,*,#2103,.T.);
#2753=ORIENTED_EDGE('',*,*,#1942,.T.);
#2754=ORIENTED_EDGE('',*,*,#2099,.F.);
#2755=ORIENTED_EDGE('',*,*,#2025,.T.);
#2756=ORIENTED_EDGE('',*,*,#2104,.T.);
#2757=ORIENTED_EDGE('',*,*,#1953,.T.);
#2758=ORIENTED_EDGE('',*,*,#2105,.T.);
#2759=ORIENTED_EDGE('',*,*,#2027,.T.);
#2760=ORIENTED_EDGE('',*,*,#2105,.F.);
#2761=ORIENTED_EDGE('',*,*,#1952,.F.);
#2762=ORIENTED_EDGE('',*,*,#2106,.F.);
#2763=ORIENTED_EDGE('',*,*,#2028,.F.);
#2764=ORIENTED_EDGE('',*,*,#1951,.T.);
#2765=ORIENTED_EDGE('',*,*,#2107,.T.);
#2766=ORIENTED_EDGE('',*,*,#2029,.T.);
#2767=ORIENTED_EDGE('',*,*,#2106,.T.);
#2768=ORIENTED_EDGE('',*,*,#2108,.F.);
#2769=ORIENTED_EDGE('',*,*,#2035,.F.);
#2770=ORIENTED_EDGE('',*,*,#2031,.F.);
#2771=ORIENTED_EDGE('',*,*,#2030,.F.);
#2772=ORIENTED_EDGE('',*,*,#2107,.F.);
#2773=ORIENTED_EDGE('',*,*,#1950,.F.);
#2774=ORIENTED_EDGE('',*,*,#2036,.T.);
#2775=ORIENTED_EDGE('',*,*,#2108,.T.);
#2776=ORIENTED_EDGE('',*,*,#1949,.T.);
#2777=ORIENTED_EDGE('',*,*,#2109,.T.);
#2778=ORIENTED_EDGE('',*,*,#2033,.F.);
#2779=ORIENTED_EDGE('',*,*,#2109,.F.);
#2780=ORIENTED_EDGE('',*,*,#1948,.T.);
#2781=ORIENTED_EDGE('',*,*,#2110,.F.);
#2782=ORIENTED_EDGE('',*,*,#1947,.T.);
#2783=ORIENTED_EDGE('',*,*,#2104,.F.);
#2784=ORIENTED_EDGE('',*,*,#2034,.T.);
#2785=ORIENTED_EDGE('',*,*,#2110,.T.);
#2786=ORIENTED_EDGE('',*,*,#2042,.T.);
#2787=ORIENTED_EDGE('',*,*,#2111,.T.);
#2788=ORIENTED_EDGE('',*,*,#1959,.T.);
#2789=ORIENTED_EDGE('',*,*,#2112,.T.);
#2790=ORIENTED_EDGE('',*,*,#2037,.F.);
#2791=ORIENTED_EDGE('',*,*,#2112,.F.);
#2792=ORIENTED_EDGE('',*,*,#1958,.F.);
#2793=ORIENTED_EDGE('',*,*,#2113,.F.);
#2794=ORIENTED_EDGE('',*,*,#1957,.T.);
#2795=ORIENTED_EDGE('',*,*,#2114,.T.);
#2796=ORIENTED_EDGE('',*,*,#2038,.F.);
#2797=ORIENTED_EDGE('',*,*,#2113,.T.);
#2798=ORIENTED_EDGE('',*,*,#2039,.F.);
#2799=ORIENTED_EDGE('',*,*,#2114,.F.);
#2800=ORIENTED_EDGE('',*,*,#1956,.F.);
#2801=ORIENTED_EDGE('',*,*,#2115,.F.);
#2802=ORIENTED_EDGE('',*,*,#1955,.T.);
#2803=ORIENTED_EDGE('',*,*,#2116,.F.);
#2804=ORIENTED_EDGE('',*,*,#2040,.T.);
#2805=ORIENTED_EDGE('',*,*,#2115,.T.);
#2806=ORIENTED_EDGE('',*,*,#2041,.T.);
#2807=ORIENTED_EDGE('',*,*,#2116,.T.);
#2808=ORIENTED_EDGE('',*,*,#1954,.T.);
#2809=ORIENTED_EDGE('',*,*,#2111,.F.);
#2810=ORIENTED_EDGE('',*,*,#1961,.T.);
#2811=ORIENTED_EDGE('',*,*,#2117,.T.);
#2812=ORIENTED_EDGE('',*,*,#2118,.F.);
#2813=ORIENTED_EDGE('',*,*,#2117,.F.);
#2814=ORIENTED_EDGE('',*,*,#1962,.T.);
#2815=ORIENTED_EDGE('',*,*,#2119,.T.);
#2816=ORIENTED_EDGE('',*,*,#2120,.F.);
#2817=ORIENTED_EDGE('',*,*,#2119,.F.);
#2818=ORIENTED_EDGE('',*,*,#1904,.T.);
#2819=ORIENTED_EDGE('',*,*,#2121,.T.);
#2820=ORIENTED_EDGE('',*,*,#2122,.T.);
#2821=ORIENTED_EDGE('',*,*,#2123,.T.);
#2822=ORIENTED_EDGE('',*,*,#2124,.T.);
#2823=ORIENTED_EDGE('',*,*,#2121,.F.);
#2824=ORIENTED_EDGE('',*,*,#1903,.T.);
#2825=ORIENTED_EDGE('',*,*,#2125,.F.);
#2826=ORIENTED_EDGE('',*,*,#1902,.T.);
#2827=ORIENTED_EDGE('',*,*,#2126,.T.);
#2828=ORIENTED_EDGE('',*,*,#2127,.T.);
#2829=ORIENTED_EDGE('',*,*,#2125,.T.);
#2830=ORIENTED_EDGE('',*,*,#2128,.T.);
#2831=ORIENTED_EDGE('',*,*,#2126,.F.);
#2832=ORIENTED_EDGE('',*,*,#1901,.T.);
#2833=ORIENTED_EDGE('',*,*,#2129,.F.);
#2834=ORIENTED_EDGE('',*,*,#2130,.T.);
#2835=ORIENTED_EDGE('',*,*,#2129,.T.);
#2836=ORIENTED_EDGE('',*,*,#1900,.T.);
#2837=ORIENTED_EDGE('',*,*,#2131,.T.);
#2838=ORIENTED_EDGE('',*,*,#2132,.F.);
#2839=ORIENTED_EDGE('',*,*,#2133,.T.);
#2840=ORIENTED_EDGE('',*,*,#2131,.F.);
#2841=ORIENTED_EDGE('',*,*,#1899,.F.);
#2842=ORIENTED_EDGE('',*,*,#1898,.T.);
#2843=ORIENTED_EDGE('',*,*,#2134,.F.);
#2844=ORIENTED_EDGE('',*,*,#2135,.T.);
#2845=ORIENTED_EDGE('',*,*,#2132,.T.);
#2846=ORIENTED_EDGE('',*,*,#1885,.T.);
#2847=ORIENTED_EDGE('',*,*,#2136,.F.);
#2848=ORIENTED_EDGE('',*,*,#2137,.T.);
#2849=ORIENTED_EDGE('',*,*,#2138,.F.);
#2850=ORIENTED_EDGE('',*,*,#1884,.T.);
#2851=ORIENTED_EDGE('',*,*,#2139,.T.);
#2852=ORIENTED_EDGE('',*,*,#2140,.T.);
#2853=ORIENTED_EDGE('',*,*,#2136,.T.);
#2854=ORIENTED_EDGE('',*,*,#2139,.F.);
#2855=ORIENTED_EDGE('',*,*,#1883,.F.);
#2856=ORIENTED_EDGE('',*,*,#2141,.F.);
#2857=ORIENTED_EDGE('',*,*,#2142,.F.);
#2858=ORIENTED_EDGE('',*,*,#1882,.T.);
#2859=ORIENTED_EDGE('',*,*,#2143,.F.);
#2860=ORIENTED_EDGE('',*,*,#2068,.F.);
#2861=ORIENTED_EDGE('',*,*,#2144,.T.);
#2862=ORIENTED_EDGE('',*,*,#2141,.T.);
#2863=ORIENTED_EDGE('',*,*,#2145,.T.);
#2864=ORIENTED_EDGE('',*,*,#2043,.T.);
#2865=ORIENTED_EDGE('',*,*,#2069,.F.);
#2866=ORIENTED_EDGE('',*,*,#2143,.T.);
#2867=ORIENTED_EDGE('',*,*,#1881,.T.);
#2868=ORIENTED_EDGE('',*,*,#2060,.F.);
#2869=ORIENTED_EDGE('',*,*,#2145,.F.);
#2870=ORIENTED_EDGE('',*,*,#1880,.T.);
#2871=ORIENTED_EDGE('',*,*,#2146,.T.);
#2872=ORIENTED_EDGE('',*,*,#2147,.F.);
#2873=ORIENTED_EDGE('',*,*,#2148,.T.);
#2874=ORIENTED_EDGE('',*,*,#2146,.F.);
#2875=ORIENTED_EDGE('',*,*,#1879,.F.);
#2876=ORIENTED_EDGE('',*,*,#1878,.T.);
#2877=ORIENTED_EDGE('',*,*,#2149,.T.);
#2878=ORIENTED_EDGE('',*,*,#2150,.T.);
#2879=ORIENTED_EDGE('',*,*,#2147,.T.);
#2880=ORIENTED_EDGE('',*,*,#2151,.T.);
#2881=ORIENTED_EDGE('',*,*,#1964,.T.);
#2882=ORIENTED_EDGE('',*,*,#2152,.T.);
#2883=ORIENTED_EDGE('',*,*,#2072,.T.);
#2884=ORIENTED_EDGE('',*,*,#1914,.T.);
#2885=ORIENTED_EDGE('',*,*,#2153,.T.);
#2886=ORIENTED_EDGE('',*,*,#2154,.T.);
#2887=ORIENTED_EDGE('',*,*,#2155,.T.);
#2888=ORIENTED_EDGE('',*,*,#1916,.T.);
#2889=ORIENTED_EDGE('',*,*,#2071,.F.);
#2890=ORIENTED_EDGE('',*,*,#2152,.F.);
#2891=ORIENTED_EDGE('',*,*,#2156,.T.);
#2892=ORIENTED_EDGE('',*,*,#2157,.T.);
#2893=ORIENTED_EDGE('',*,*,#2154,.F.);
#2894=ORIENTED_EDGE('',*,*,#2070,.F.);
#2895=ORIENTED_EDGE('',*,*,#2158,.F.);
#2896=ORIENTED_EDGE('',*,*,#2047,.T.);
#2897=ORIENTED_EDGE('',*,*,#2159,.F.);
#2898=ORIENTED_EDGE('',*,*,#2160,.T.);
#2899=ORIENTED_EDGE('',*,*,#2048,.F.);
#2900=ORIENTED_EDGE('',*,*,#2160,.F.);
#2901=ORIENTED_EDGE('',*,*,#2161,.F.);
#2902=ORIENTED_EDGE('',*,*,#2049,.F.);
#2903=ORIENTED_EDGE('',*,*,#2162,.T.);
#2904=ORIENTED_EDGE('',*,*,#2163,.F.);
#2905=ORIENTED_EDGE('',*,*,#2162,.F.);
#2906=ORIENTED_EDGE('',*,*,#2050,.F.);
#2907=ORIENTED_EDGE('',*,*,#2164,.T.);
#2908=ORIENTED_EDGE('',*,*,#2165,.F.);
#2909=ORIENTED_EDGE('',*,*,#2164,.F.);
#2910=ORIENTED_EDGE('',*,*,#2166,.F.);
#2911=ORIENTED_EDGE('',*,*,#2167,.F.);
#2912=ORIENTED_EDGE('',*,*,#2168,.F.);
#2913=ORIENTED_EDGE('',*,*,#2169,.T.);
#2914=ORIENTED_EDGE('',*,*,#1897,.T.);
#2915=ORIENTED_EDGE('',*,*,#2170,.F.);
#2916=ORIENTED_EDGE('',*,*,#2171,.T.);
#2917=ORIENTED_EDGE('',*,*,#2134,.T.);
#2918=ORIENTED_EDGE('',*,*,#2172,.T.);
#2919=ORIENTED_EDGE('',*,*,#2173,.F.);
#2920=ORIENTED_EDGE('',*,*,#2174,.F.);
#2921=ORIENTED_EDGE('',*,*,#2175,.F.);
#2922=ORIENTED_EDGE('',*,*,#2176,.F.);
#2923=ORIENTED_EDGE('',*,*,#2122,.F.);
#2924=ORIENTED_EDGE('',*,*,#2124,.F.);
#2925=ORIENTED_EDGE('',*,*,#2127,.F.);
#2926=ORIENTED_EDGE('',*,*,#2128,.F.);
#2927=ORIENTED_EDGE('',*,*,#2130,.F.);
#2928=ORIENTED_EDGE('',*,*,#2133,.F.);
#2929=ORIENTED_EDGE('',*,*,#2135,.F.);
#2930=ORIENTED_EDGE('',*,*,#2171,.F.);
#2931=ORIENTED_EDGE('',*,*,#2177,.F.);
#2932=ORIENTED_EDGE('',*,*,#2178,.F.);
#2933=ORIENTED_EDGE('',*,*,#2179,.F.);
#2934=ORIENTED_EDGE('',*,*,#2118,.T.);
#2935=ORIENTED_EDGE('',*,*,#2120,.T.);
#2936=ORIENTED_EDGE('',*,*,#2123,.F.);
#2937=ORIENTED_EDGE('',*,*,#2176,.T.);
#2938=ORIENTED_EDGE('',*,*,#2180,.F.);
#2939=ORIENTED_EDGE('',*,*,#1905,.F.);
#2940=ORIENTED_EDGE('',*,*,#2149,.F.);
#2941=ORIENTED_EDGE('',*,*,#1877,.F.);
#2942=ORIENTED_EDGE('',*,*,#2181,.F.);
#2943=ORIENTED_EDGE('',*,*,#2182,.T.);
#2944=ORIENTED_EDGE('',*,*,#2183,.T.);
#2945=ORIENTED_EDGE('',*,*,#2184,.T.);
#2946=ORIENTED_EDGE('',*,*,#2185,.T.);
#2947=ORIENTED_EDGE('',*,*,#2053,.T.);
#2948=ORIENTED_EDGE('',*,*,#2186,.T.);
#2949=ORIENTED_EDGE('',*,*,#2187,.F.);
#2950=ORIENTED_EDGE('',*,*,#2188,.F.);
#2951=ORIENTED_EDGE('',*,*,#2183,.F.);
#2952=ORIENTED_EDGE('',*,*,#2052,.T.);
#2953=ORIENTED_EDGE('',*,*,#2055,.F.);
#2954=ORIENTED_EDGE('',*,*,#2061,.F.);
#2955=ORIENTED_EDGE('',*,*,#2148,.F.);
#2956=ORIENTED_EDGE('',*,*,#2150,.F.);
#2957=ORIENTED_EDGE('',*,*,#2182,.F.);
#2958=ORIENTED_EDGE('',*,*,#2189,.F.);
#2959=ORIENTED_EDGE('',*,*,#2190,.F.);
#2960=ORIENTED_EDGE('',*,*,#2191,.F.);
#2961=ORIENTED_EDGE('',*,*,#2074,.T.);
#2962=ORIENTED_EDGE('',*,*,#2192,.F.);
#2963=ORIENTED_EDGE('',*,*,#1976,.F.);
#2964=ORIENTED_EDGE('',*,*,#2193,.F.);
#2965=ORIENTED_EDGE('',*,*,#2066,.T.);
#2966=ORIENTED_EDGE('',*,*,#2064,.F.);
#2967=ORIENTED_EDGE('',*,*,#2062,.F.);
#2968=ORIENTED_EDGE('',*,*,#2058,.T.);
#2969=ORIENTED_EDGE('',*,*,#2056,.F.);
#2970=ORIENTED_EDGE('',*,*,#2054,.T.);
#2971=ORIENTED_EDGE('',*,*,#2185,.F.);
#2972=ORIENTED_EDGE('',*,*,#2193,.T.);
#2973=ORIENTED_EDGE('',*,*,#1975,.F.);
#2974=ORIENTED_EDGE('',*,*,#2194,.T.);
#2975=ORIENTED_EDGE('',*,*,#2067,.T.);
#2976=ORIENTED_EDGE('',*,*,#2080,.T.);
#2977=ORIENTED_EDGE('',*,*,#1921,.T.);
#2978=ORIENTED_EDGE('',*,*,#2075,.T.);
#2979=ORIENTED_EDGE('',*,*,#2195,.T.);
#2980=ORIENTED_EDGE('',*,*,#1974,.F.);
#2981=ORIENTED_EDGE('',*,*,#2196,.F.);
#2982=ORIENTED_EDGE('',*,*,#2077,.T.);
#2983=ORIENTED_EDGE('',*,*,#2078,.T.);
#2984=ORIENTED_EDGE('',*,*,#2081,.T.);
#2985=ORIENTED_EDGE('',*,*,#2197,.F.);
#2986=ORIENTED_EDGE('',*,*,#2198,.F.);
#2987=ORIENTED_EDGE('',*,*,#2137,.F.);
#2988=ORIENTED_EDGE('',*,*,#2140,.F.);
#2989=ORIENTED_EDGE('',*,*,#2142,.T.);
#2990=ORIENTED_EDGE('',*,*,#2144,.F.);
#2991=ORIENTED_EDGE('',*,*,#2194,.F.);
#2992=ORIENTED_EDGE('',*,*,#2198,.T.);
#2993=ORIENTED_EDGE('',*,*,#2199,.T.);
#2994=ORIENTED_EDGE('',*,*,#1886,.T.);
#2995=ORIENTED_EDGE('',*,*,#2138,.T.);
#2996=ORIENTED_EDGE('',*,*,#2151,.F.);
#2997=ORIENTED_EDGE('',*,*,#2200,.T.);
#2998=ORIENTED_EDGE('',*,*,#2201,.F.);
#2999=ORIENTED_EDGE('',*,*,#2200,.F.);
#3000=ORIENTED_EDGE('',*,*,#1981,.F.);
#3001=ORIENTED_EDGE('',*,*,#1985,.F.);
#3002=ORIENTED_EDGE('',*,*,#2202,.T.);
#3003=ORIENTED_EDGE('',*,*,#2203,.T.);
#3004=ORIENTED_EDGE('',*,*,#2204,.T.);
#3005=ORIENTED_EDGE('',*,*,#1912,.T.);
#3006=ORIENTED_EDGE('',*,*,#2205,.T.);
#3007=ORIENTED_EDGE('',*,*,#2206,.F.);
#3008=ORIENTED_EDGE('',*,*,#2207,.T.);
#3009=ORIENTED_EDGE('',*,*,#2156,.F.);
#3010=ORIENTED_EDGE('',*,*,#2153,.F.);
#3011=ORIENTED_EDGE('',*,*,#1913,.T.);
#3012=ORIENTED_EDGE('',*,*,#2207,.F.);
#3013=ORIENTED_EDGE('',*,*,#2208,.F.);
#3014=ORIENTED_EDGE('',*,*,#2209,.T.);
#3015=ORIENTED_EDGE('',*,*,#2157,.F.);
#3016=ORIENTED_EDGE('',*,*,#2209,.F.);
#3017=ORIENTED_EDGE('',*,*,#2210,.F.);
#3018=ORIENTED_EDGE('',*,*,#2211,.F.);
#3019=ORIENTED_EDGE('',*,*,#1917,.T.);
#3020=ORIENTED_EDGE('',*,*,#2155,.F.);
#3021=ORIENTED_EDGE('',*,*,#2212,.F.);
#3022=ORIENTED_EDGE('',*,*,#2213,.T.);
#3023=ORIENTED_EDGE('',*,*,#1910,.T.);
#3024=ORIENTED_EDGE('',*,*,#2211,.T.);
#3025=ORIENTED_EDGE('',*,*,#2214,.F.);
#3026=ORIENTED_EDGE('',*,*,#2205,.F.);
#3027=ORIENTED_EDGE('',*,*,#1911,.T.);
#3028=ORIENTED_EDGE('',*,*,#2213,.F.);
#3029=ORIENTED_EDGE('',*,*,#1960,.T.);
#3030=ORIENTED_EDGE('',*,*,#2215,.T.);
#3031=ORIENTED_EDGE('',*,*,#2216,.F.);
#3032=ORIENTED_EDGE('',*,*,#2215,.F.);
#3033=ORIENTED_EDGE('',*,*,#2217,.F.);
#3034=ORIENTED_EDGE('',*,*,#2218,.T.);
#3035=ORIENTED_EDGE('',*,*,#2158,.T.);
#3036=ORIENTED_EDGE('',*,*,#2218,.F.);
#3037=ORIENTED_EDGE('',*,*,#1891,.T.);
#3038=ORIENTED_EDGE('',*,*,#2219,.F.);
#3039=ORIENTED_EDGE('',*,*,#2220,.T.);
#3040=ORIENTED_EDGE('',*,*,#2221,.T.);
#3041=ORIENTED_EDGE('',*,*,#1892,.T.);
#3042=ORIENTED_EDGE('',*,*,#2221,.F.);
#3043=ORIENTED_EDGE('',*,*,#2222,.T.);
#3044=ORIENTED_EDGE('',*,*,#2223,.F.);
#3045=ORIENTED_EDGE('',*,*,#2224,.T.);
#3046=ORIENTED_EDGE('',*,*,#2225,.T.);
#3047=ORIENTED_EDGE('',*,*,#1893,.T.);
#3048=ORIENTED_EDGE('',*,*,#2223,.T.);
#3049=ORIENTED_EDGE('',*,*,#1894,.T.);
#3050=ORIENTED_EDGE('',*,*,#2225,.F.);
#3051=ORIENTED_EDGE('',*,*,#2226,.F.);
#3052=ORIENTED_EDGE('',*,*,#2227,.F.);
#3053=ORIENTED_EDGE('',*,*,#2228,.T.);
#3054=ORIENTED_EDGE('',*,*,#2229,.T.);
#3055=ORIENTED_EDGE('',*,*,#1895,.T.);
#3056=ORIENTED_EDGE('',*,*,#2227,.T.);
#3057=ORIENTED_EDGE('',*,*,#2230,.F.);
#3058=ORIENTED_EDGE('',*,*,#2231,.T.);
#3059=ORIENTED_EDGE('',*,*,#2232,.F.);
#3060=ORIENTED_EDGE('',*,*,#2233,.F.);
#3061=ORIENTED_EDGE('',*,*,#2234,.T.);
#3062=ORIENTED_EDGE('',*,*,#2235,.T.);
#3063=ORIENTED_EDGE('',*,*,#2236,.F.);
#3064=ORIENTED_EDGE('',*,*,#2237,.T.);
#3065=ORIENTED_EDGE('',*,*,#2238,.T.);
#3066=ORIENTED_EDGE('',*,*,#2239,.T.);
#3067=ORIENTED_EDGE('',*,*,#2240,.T.);
#3068=ORIENTED_EDGE('',*,*,#1997,.F.);
#3069=ORIENTED_EDGE('',*,*,#2241,.F.);
#3070=ORIENTED_EDGE('',*,*,#2242,.T.);
#3071=ORIENTED_EDGE('',*,*,#2243,.F.);
#3072=ORIENTED_EDGE('',*,*,#2244,.T.);
#3073=ORIENTED_EDGE('',*,*,#2245,.F.);
#3074=ORIENTED_EDGE('',*,*,#2246,.F.);
#3075=ORIENTED_EDGE('',*,*,#2247,.F.);
#3076=ORIENTED_EDGE('',*,*,#2248,.T.);
#3077=ORIENTED_EDGE('',*,*,#2249,.F.);
#3078=ORIENTED_EDGE('',*,*,#2250,.F.);
#3079=ORIENTED_EDGE('',*,*,#2251,.F.);
#3080=ORIENTED_EDGE('',*,*,#2252,.T.);
#3081=ORIENTED_EDGE('',*,*,#2253,.F.);
#3082=ORIENTED_EDGE('',*,*,#2254,.F.);
#3083=ORIENTED_EDGE('',*,*,#2255,.F.);
#3084=ORIENTED_EDGE('',*,*,#2167,.T.);
#3085=ORIENTED_EDGE('',*,*,#2256,.F.);
#3086=ORIENTED_EDGE('',*,*,#2257,.F.);
#3087=ORIENTED_EDGE('',*,*,#2258,.T.);
#3088=ORIENTED_EDGE('',*,*,#2259,.T.);
#3089=ORIENTED_EDGE('',*,*,#2260,.F.);
#3090=ORIENTED_EDGE('',*,*,#2261,.T.);
#3091=ORIENTED_EDGE('',*,*,#2262,.T.);
#3092=ORIENTED_EDGE('',*,*,#2263,.F.);
#3093=ORIENTED_EDGE('',*,*,#2264,.F.);
#3094=ORIENTED_EDGE('',*,*,#2234,.F.);
#3095=ORIENTED_EDGE('',*,*,#2265,.F.);
#3096=ORIENTED_EDGE('',*,*,#2266,.F.);
#3097=ORIENTED_EDGE('',*,*,#2265,.T.);
#3098=ORIENTED_EDGE('',*,*,#2233,.T.);
#3099=ORIENTED_EDGE('',*,*,#2267,.F.);
#3100=ORIENTED_EDGE('',*,*,#2159,.T.);
#3101=ORIENTED_EDGE('',*,*,#2268,.T.);
#3102=ORIENTED_EDGE('',*,*,#2261,.F.);
#3103=ORIENTED_EDGE('',*,*,#2262,.F.);
#3104=ORIENTED_EDGE('',*,*,#2268,.F.);
#3105=ORIENTED_EDGE('',*,*,#2161,.T.);
#3106=ORIENTED_EDGE('',*,*,#2269,.F.);
#3107=ORIENTED_EDGE('',*,*,#2270,.T.);
#3108=ORIENTED_EDGE('',*,*,#1919,.T.);
#3109=ORIENTED_EDGE('',*,*,#2270,.F.);
#3110=ORIENTED_EDGE('',*,*,#2271,.F.);
#3111=ORIENTED_EDGE('',*,*,#2272,.T.);
#3112=ORIENTED_EDGE('',*,*,#1918,.T.);
#3113=ORIENTED_EDGE('',*,*,#2272,.F.);
#3114=ORIENTED_EDGE('',*,*,#2163,.T.);
#3115=ORIENTED_EDGE('',*,*,#2273,.T.);
#3116=ORIENTED_EDGE('',*,*,#2274,.F.);
#3117=ORIENTED_EDGE('',*,*,#2275,.F.);
#3118=ORIENTED_EDGE('',*,*,#2273,.F.);
#3119=ORIENTED_EDGE('',*,*,#2165,.T.);
#3120=ORIENTED_EDGE('',*,*,#2276,.T.);
#3121=ORIENTED_EDGE('',*,*,#2277,.F.);
#3122=ORIENTED_EDGE('',*,*,#2278,.F.);
#3123=ORIENTED_EDGE('',*,*,#2276,.F.);
#3124=ORIENTED_EDGE('',*,*,#2279,.F.);
#3125=ORIENTED_EDGE('',*,*,#2247,.T.);
#3126=ORIENTED_EDGE('',*,*,#2280,.F.);
#3127=ORIENTED_EDGE('',*,*,#2281,.F.);
#3128=ORIENTED_EDGE('',*,*,#2248,.F.);
#3129=ORIENTED_EDGE('',*,*,#2279,.T.);
#3130=ORIENTED_EDGE('',*,*,#2282,.T.);
#3131=ORIENTED_EDGE('',*,*,#2283,.T.);
#3132=ORIENTED_EDGE('',*,*,#2283,.F.);
#3133=ORIENTED_EDGE('',*,*,#2284,.F.);
#3134=ORIENTED_EDGE('',*,*,#2285,.T.);
#3135=ORIENTED_EDGE('',*,*,#2249,.T.);
#3136=ORIENTED_EDGE('',*,*,#2250,.T.);
#3137=ORIENTED_EDGE('',*,*,#2285,.F.);
#3138=ORIENTED_EDGE('',*,*,#2286,.T.);
#3139=ORIENTED_EDGE('',*,*,#2287,.F.);
#3140=ORIENTED_EDGE('',*,*,#2251,.T.);
#3141=ORIENTED_EDGE('',*,*,#2287,.T.);
#3142=ORIENTED_EDGE('',*,*,#2288,.F.);
#3143=ORIENTED_EDGE('',*,*,#2289,.T.);
#3144=ORIENTED_EDGE('',*,*,#2252,.F.);
#3145=ORIENTED_EDGE('',*,*,#2289,.F.);
#3146=ORIENTED_EDGE('',*,*,#2290,.T.);
#3147=ORIENTED_EDGE('',*,*,#2291,.F.);
#3148=ORIENTED_EDGE('',*,*,#2291,.T.);
#3149=ORIENTED_EDGE('',*,*,#2292,.F.);
#3150=ORIENTED_EDGE('',*,*,#2293,.T.);
#3151=ORIENTED_EDGE('',*,*,#2253,.T.);
#3152=ORIENTED_EDGE('',*,*,#2294,.F.);
#3153=ORIENTED_EDGE('',*,*,#2295,.T.);
#3154=ORIENTED_EDGE('',*,*,#2254,.T.);
#3155=ORIENTED_EDGE('',*,*,#2293,.F.);
#3156=ORIENTED_EDGE('',*,*,#2255,.T.);
#3157=ORIENTED_EDGE('',*,*,#2295,.F.);
#3158=ORIENTED_EDGE('',*,*,#2296,.F.);
#3159=ORIENTED_EDGE('',*,*,#2297,.T.);
#3160=ORIENTED_EDGE('',*,*,#2168,.T.);
#3161=ORIENTED_EDGE('',*,*,#2297,.F.);
#3162=ORIENTED_EDGE('',*,*,#2298,.T.);
#3163=ORIENTED_EDGE('',*,*,#2299,.F.);
#3164=ORIENTED_EDGE('',*,*,#2169,.F.);
#3165=ORIENTED_EDGE('',*,*,#2300,.T.);
#3166=ORIENTED_EDGE('',*,*,#2256,.T.);
#3167=ORIENTED_EDGE('',*,*,#2166,.T.);
#3168=ORIENTED_EDGE('',*,*,#2299,.T.);
#3169=ORIENTED_EDGE('',*,*,#2301,.F.);
#3170=ORIENTED_EDGE('',*,*,#2302,.F.);
#3171=ORIENTED_EDGE('',*,*,#2303,.T.);
#3172=ORIENTED_EDGE('',*,*,#2257,.T.);
#3173=ORIENTED_EDGE('',*,*,#2300,.F.);
#3174=ORIENTED_EDGE('',*,*,#2304,.T.);
#3175=ORIENTED_EDGE('',*,*,#2305,.F.);
#3176=ORIENTED_EDGE('',*,*,#2258,.F.);
#3177=ORIENTED_EDGE('',*,*,#2303,.F.);
#3178=ORIENTED_EDGE('',*,*,#2306,.F.);
#3179=ORIENTED_EDGE('',*,*,#2259,.F.);
#3180=ORIENTED_EDGE('',*,*,#2305,.T.);
#3181=ORIENTED_EDGE('',*,*,#2307,.F.);
#3182=ORIENTED_EDGE('',*,*,#2308,.T.);
#3183=ORIENTED_EDGE('',*,*,#2309,.T.);
#3184=ORIENTED_EDGE('',*,*,#2260,.T.);
#3185=ORIENTED_EDGE('',*,*,#2306,.T.);
#3186=ORIENTED_EDGE('',*,*,#2309,.F.);
#3187=ORIENTED_EDGE('',*,*,#2310,.F.);
#3188=ORIENTED_EDGE('',*,*,#2311,.F.);
#3189=ORIENTED_EDGE('',*,*,#2230,.T.);
#3190=ORIENTED_EDGE('',*,*,#2231,.F.);
#3191=ORIENTED_EDGE('',*,*,#2311,.T.);
#3192=ORIENTED_EDGE('',*,*,#2312,.T.);
#3193=ORIENTED_EDGE('',*,*,#2313,.T.);
#3194=ORIENTED_EDGE('',*,*,#2313,.F.);
#3195=ORIENTED_EDGE('',*,*,#2314,.F.);
#3196=ORIENTED_EDGE('',*,*,#2315,.T.);
#3197=ORIENTED_EDGE('',*,*,#2316,.F.);
#3198=ORIENTED_EDGE('',*,*,#2267,.T.);
#3199=ORIENTED_EDGE('',*,*,#2232,.T.);
#3200=ORIENTED_EDGE('',*,*,#2315,.F.);
#3201=ORIENTED_EDGE('',*,*,#2317,.F.);
#3202=ORIENTED_EDGE('',*,*,#2318,.F.);
#3203=ORIENTED_EDGE('',*,*,#2319,.F.);
#3204=ORIENTED_EDGE('',*,*,#2318,.T.);
#3205=ORIENTED_EDGE('',*,*,#2320,.F.);
#3206=ORIENTED_EDGE('',*,*,#2321,.T.);
#3207=ORIENTED_EDGE('',*,*,#2322,.F.);
#3208=ORIENTED_EDGE('',*,*,#2323,.F.);
#3209=ORIENTED_EDGE('',*,*,#2324,.F.);
#3210=ORIENTED_EDGE('',*,*,#2321,.F.);
#3211=ORIENTED_EDGE('',*,*,#2325,.F.);
#3212=ORIENTED_EDGE('',*,*,#2326,.F.);
#3213=ORIENTED_EDGE('',*,*,#2323,.T.);
#3214=ORIENTED_EDGE('',*,*,#2327,.F.);
#3215=ORIENTED_EDGE('',*,*,#2328,.F.);
#3216=ORIENTED_EDGE('',*,*,#2329,.T.);
#3217=ORIENTED_EDGE('',*,*,#2328,.T.);
#3218=ORIENTED_EDGE('',*,*,#2330,.T.);
#3219=ORIENTED_EDGE('',*,*,#2331,.T.);
#3220=ORIENTED_EDGE('',*,*,#2177,.T.);
#3221=ORIENTED_EDGE('',*,*,#2170,.T.);
#3222=ORIENTED_EDGE('',*,*,#1896,.T.);
#3223=ORIENTED_EDGE('',*,*,#2229,.F.);
#3224=ORIENTED_EDGE('',*,*,#2178,.T.);
#3225=ORIENTED_EDGE('',*,*,#2331,.F.);
#3226=ORIENTED_EDGE('',*,*,#2332,.F.);
#3227=ORIENTED_EDGE('',*,*,#2333,.T.);
#3228=ORIENTED_EDGE('',*,*,#2334,.F.);
#3229=ORIENTED_EDGE('',*,*,#2335,.T.);
#3230=ORIENTED_EDGE('',*,*,#2179,.T.);
#3231=ORIENTED_EDGE('',*,*,#2333,.F.);
#3232=ORIENTED_EDGE('',*,*,#2336,.F.);
#3233=ORIENTED_EDGE('',*,*,#2172,.F.);
#3234=ORIENTED_EDGE('',*,*,#2335,.F.);
#3235=ORIENTED_EDGE('',*,*,#2337,.F.);
#3236=ORIENTED_EDGE('',*,*,#2338,.F.);
#3237=ORIENTED_EDGE('',*,*,#2339,.F.);
#3238=ORIENTED_EDGE('',*,*,#2173,.T.);
#3239=ORIENTED_EDGE('',*,*,#2336,.T.);
#3240=ORIENTED_EDGE('',*,*,#2174,.T.);
#3241=ORIENTED_EDGE('',*,*,#2339,.T.);
#3242=ORIENTED_EDGE('',*,*,#2340,.F.);
#3243=ORIENTED_EDGE('',*,*,#2341,.F.);
#3244=ORIENTED_EDGE('',*,*,#1906,.T.);
#3245=ORIENTED_EDGE('',*,*,#2180,.T.);
#3246=ORIENTED_EDGE('',*,*,#2175,.T.);
#3247=ORIENTED_EDGE('',*,*,#2341,.T.);
#3248=ORIENTED_EDGE('',*,*,#2342,.T.);
#3249=ORIENTED_EDGE('',*,*,#2343,.T.);
#3250=ORIENTED_EDGE('',*,*,#1907,.T.);
#3251=ORIENTED_EDGE('',*,*,#2343,.F.);
#3252=ORIENTED_EDGE('',*,*,#2344,.T.);
#3253=ORIENTED_EDGE('',*,*,#2345,.F.);
#3254=ORIENTED_EDGE('',*,*,#1908,.T.);
#3255=ORIENTED_EDGE('',*,*,#2345,.T.);
#3256=ORIENTED_EDGE('',*,*,#2346,.T.);
#3257=ORIENTED_EDGE('',*,*,#2347,.T.);
#3258=ORIENTED_EDGE('',*,*,#1875,.T.);
#3259=ORIENTED_EDGE('',*,*,#2347,.F.);
#3260=ORIENTED_EDGE('',*,*,#2348,.F.);
#3261=ORIENTED_EDGE('',*,*,#2349,.F.);
#3262=ORIENTED_EDGE('',*,*,#1876,.T.);
#3263=ORIENTED_EDGE('',*,*,#2349,.T.);
#3264=ORIENTED_EDGE('',*,*,#2350,.T.);
#3265=ORIENTED_EDGE('',*,*,#2351,.T.);
#3266=ORIENTED_EDGE('',*,*,#2189,.T.);
#3267=ORIENTED_EDGE('',*,*,#2181,.T.);
#3268=ORIENTED_EDGE('',*,*,#2190,.T.);
#3269=ORIENTED_EDGE('',*,*,#2351,.F.);
#3270=ORIENTED_EDGE('',*,*,#2352,.F.);
#3271=ORIENTED_EDGE('',*,*,#2353,.T.);
#3272=ORIENTED_EDGE('',*,*,#2354,.F.);
#3273=ORIENTED_EDGE('',*,*,#2355,.T.);
#3274=ORIENTED_EDGE('',*,*,#2191,.T.);
#3275=ORIENTED_EDGE('',*,*,#2353,.F.);
#3276=ORIENTED_EDGE('',*,*,#2356,.F.);
#3277=ORIENTED_EDGE('',*,*,#2186,.F.);
#3278=ORIENTED_EDGE('',*,*,#2355,.F.);
#3279=ORIENTED_EDGE('',*,*,#2357,.F.);
#3280=ORIENTED_EDGE('',*,*,#2358,.F.);
#3281=ORIENTED_EDGE('',*,*,#2359,.T.);
#3282=ORIENTED_EDGE('',*,*,#2187,.T.);
#3283=ORIENTED_EDGE('',*,*,#2356,.T.);
#3284=ORIENTED_EDGE('',*,*,#2188,.T.);
#3285=ORIENTED_EDGE('',*,*,#2359,.F.);
#3286=ORIENTED_EDGE('',*,*,#2360,.F.);
#3287=ORIENTED_EDGE('',*,*,#1977,.T.);
#3288=ORIENTED_EDGE('',*,*,#2192,.T.);
#3289=ORIENTED_EDGE('',*,*,#2184,.F.);
#3290=ORIENTED_EDGE('',*,*,#1887,.T.);
#3291=ORIENTED_EDGE('',*,*,#2199,.F.);
#3292=ORIENTED_EDGE('',*,*,#2197,.T.);
#3293=ORIENTED_EDGE('',*,*,#2195,.F.);
#3294=ORIENTED_EDGE('',*,*,#2196,.T.);
#3295=ORIENTED_EDGE('',*,*,#1979,.T.);
#3296=ORIENTED_EDGE('',*,*,#2361,.F.);
#3297=ORIENTED_EDGE('',*,*,#2362,.F.);
#3298=ORIENTED_EDGE('',*,*,#1888,.T.);
#3299=ORIENTED_EDGE('',*,*,#2362,.T.);
#3300=ORIENTED_EDGE('',*,*,#2363,.T.);
#3301=ORIENTED_EDGE('',*,*,#2364,.T.);
#3302=ORIENTED_EDGE('',*,*,#1889,.T.);
#3303=ORIENTED_EDGE('',*,*,#2364,.F.);
#3304=ORIENTED_EDGE('',*,*,#2365,.T.);
#3305=ORIENTED_EDGE('',*,*,#2366,.T.);
#3306=ORIENTED_EDGE('',*,*,#1890,.T.);
#3307=ORIENTED_EDGE('',*,*,#2366,.F.);
#3308=ORIENTED_EDGE('',*,*,#2367,.T.);
#3309=ORIENTED_EDGE('',*,*,#2368,.T.);
#3310=ORIENTED_EDGE('',*,*,#2369,.F.);
#3311=ORIENTED_EDGE('',*,*,#2219,.T.);
#3312=ORIENTED_EDGE('',*,*,#2370,.T.);
#3313=ORIENTED_EDGE('',*,*,#2368,.F.);
#3314=ORIENTED_EDGE('',*,*,#2371,.F.);
#3315=ORIENTED_EDGE('',*,*,#2372,.T.);
#3316=ORIENTED_EDGE('',*,*,#2373,.T.);
#3317=ORIENTED_EDGE('',*,*,#2374,.F.);
#3318=ORIENTED_EDGE('',*,*,#2375,.F.);
#3319=ORIENTED_EDGE('',*,*,#2372,.F.);
#3320=ORIENTED_EDGE('',*,*,#2374,.T.);
#3321=ORIENTED_EDGE('',*,*,#2376,.F.);
#3322=ORIENTED_EDGE('',*,*,#2377,.T.);
#3323=ORIENTED_EDGE('',*,*,#2378,.F.);
#3324=ORIENTED_EDGE('',*,*,#2379,.T.);
#3325=ORIENTED_EDGE('',*,*,#2380,.T.);
#3326=ORIENTED_EDGE('',*,*,#2381,.F.);
#3327=ORIENTED_EDGE('',*,*,#2377,.F.);
#3328=ORIENTED_EDGE('',*,*,#2244,.F.);
#3329=ORIENTED_EDGE('',*,*,#2382,.T.);
#3330=ORIENTED_EDGE('',*,*,#2383,.T.);
#3331=ORIENTED_EDGE('',*,*,#2384,.T.);
#3332=ORIENTED_EDGE('',*,*,#2384,.F.);
#3333=ORIENTED_EDGE('',*,*,#2385,.T.);
#3334=ORIENTED_EDGE('',*,*,#2386,.F.);
#3335=ORIENTED_EDGE('',*,*,#2245,.T.);
#3336=ORIENTED_EDGE('',*,*,#2387,.T.);
#3337=ORIENTED_EDGE('',*,*,#2280,.T.);
#3338=ORIENTED_EDGE('',*,*,#2246,.T.);
#3339=ORIENTED_EDGE('',*,*,#2386,.T.);
#3340=ORIENTED_EDGE('',*,*,#2201,.T.);
#3341=ORIENTED_EDGE('',*,*,#2388,.T.);
#3342=ORIENTED_EDGE('',*,*,#2389,.F.);
#3343=ORIENTED_EDGE('',*,*,#2390,.F.);
#3344=ORIENTED_EDGE('',*,*,#2388,.F.);
#3345=ORIENTED_EDGE('',*,*,#2214,.T.);
#3346=ORIENTED_EDGE('',*,*,#2212,.T.);
#3347=ORIENTED_EDGE('',*,*,#2210,.T.);
#3348=ORIENTED_EDGE('',*,*,#2208,.T.);
#3349=ORIENTED_EDGE('',*,*,#2206,.T.);
#3350=ORIENTED_EDGE('',*,*,#2391,.T.);
#3351=ORIENTED_EDGE('',*,*,#2203,.F.);
#3352=ORIENTED_EDGE('',*,*,#2392,.T.);
#3353=ORIENTED_EDGE('',*,*,#1991,.T.);
#3354=ORIENTED_EDGE('',*,*,#2393,.T.);
#3355=ORIENTED_EDGE('',*,*,#2393,.F.);
#3356=ORIENTED_EDGE('',*,*,#1990,.F.);
#3357=ORIENTED_EDGE('',*,*,#2394,.F.);
#3358=ORIENTED_EDGE('',*,*,#2395,.F.);
#3359=ORIENTED_EDGE('',*,*,#2380,.F.);
#3360=ORIENTED_EDGE('',*,*,#2396,.F.);
#3361=ORIENTED_EDGE('',*,*,#1982,.F.);
#3362=ORIENTED_EDGE('',*,*,#2204,.F.);
#3363=ORIENTED_EDGE('',*,*,#1989,.T.);
#3364=ORIENTED_EDGE('',*,*,#2397,.F.);
#3365=ORIENTED_EDGE('',*,*,#2398,.F.);
#3366=ORIENTED_EDGE('',*,*,#2394,.T.);
#3367=ORIENTED_EDGE('',*,*,#2378,.T.);
#3368=ORIENTED_EDGE('',*,*,#2381,.T.);
#3369=ORIENTED_EDGE('',*,*,#2395,.T.);
#3370=ORIENTED_EDGE('',*,*,#2398,.T.);
#3371=ORIENTED_EDGE('',*,*,#2399,.T.);
#3372=ORIENTED_EDGE('',*,*,#2400,.F.);
#3373=ORIENTED_EDGE('',*,*,#2263,.T.);
#3374=ORIENTED_EDGE('',*,*,#2266,.T.);
#3375=ORIENTED_EDGE('',*,*,#2316,.T.);
#3376=ORIENTED_EDGE('',*,*,#2319,.T.);
#3377=ORIENTED_EDGE('',*,*,#2322,.T.);
#3378=ORIENTED_EDGE('',*,*,#2324,.T.);
#3379=ORIENTED_EDGE('',*,*,#2326,.T.);
#3380=ORIENTED_EDGE('',*,*,#2329,.F.);
#3381=ORIENTED_EDGE('',*,*,#2228,.F.);
#3382=ORIENTED_EDGE('',*,*,#2226,.T.);
#3383=ORIENTED_EDGE('',*,*,#2224,.F.);
#3384=ORIENTED_EDGE('',*,*,#2222,.F.);
#3385=ORIENTED_EDGE('',*,*,#2220,.F.);
#3386=ORIENTED_EDGE('',*,*,#2369,.T.);
#3387=ORIENTED_EDGE('',*,*,#2370,.F.);
#3388=ORIENTED_EDGE('',*,*,#2375,.T.);
#3389=ORIENTED_EDGE('',*,*,#2217,.T.);
#3390=ORIENTED_EDGE('',*,*,#2216,.T.);
#3391=ORIENTED_EDGE('',*,*,#2400,.T.);
#3392=ORIENTED_EDGE('',*,*,#2401,.F.);
#3393=ORIENTED_EDGE('',*,*,#2235,.F.);
#3394=ORIENTED_EDGE('',*,*,#2264,.T.);
#3395=ORIENTED_EDGE('',*,*,#2402,.F.);
#3396=ORIENTED_EDGE('',*,*,#2403,.F.);
#3397=ORIENTED_EDGE('',*,*,#2404,.T.);
#3398=ORIENTED_EDGE('',*,*,#1980,.F.);
#3399=ORIENTED_EDGE('',*,*,#2404,.F.);
#3400=ORIENTED_EDGE('',*,*,#2405,.F.);
#3401=ORIENTED_EDGE('',*,*,#2238,.F.);
#3402=ORIENTED_EDGE('',*,*,#2402,.T.);
#3403=ORIENTED_EDGE('',*,*,#2406,.F.);
#3404=ORIENTED_EDGE('',*,*,#2407,.F.);
#3405=ORIENTED_EDGE('',*,*,#2382,.F.);
#3406=ORIENTED_EDGE('',*,*,#2243,.T.);
#3407=ORIENTED_EDGE('',*,*,#2242,.F.);
#3408=ORIENTED_EDGE('',*,*,#2408,.T.);
#3409=ORIENTED_EDGE('',*,*,#2409,.T.);
#3410=ORIENTED_EDGE('',*,*,#2406,.T.);
#3411=ORIENTED_EDGE('',*,*,#2387,.F.);
#3412=ORIENTED_EDGE('',*,*,#2385,.F.);
#3413=ORIENTED_EDGE('',*,*,#2383,.F.);
#3414=ORIENTED_EDGE('',*,*,#2407,.T.);
#3415=ORIENTED_EDGE('',*,*,#2409,.F.);
#3416=ORIENTED_EDGE('',*,*,#2410,.T.);
#3417=ORIENTED_EDGE('',*,*,#2411,.T.);
#3418=ORIENTED_EDGE('',*,*,#1986,.T.);
#3419=ORIENTED_EDGE('',*,*,#1983,.T.);
#3420=ORIENTED_EDGE('',*,*,#2396,.T.);
#3421=ORIENTED_EDGE('',*,*,#2379,.F.);
#3422=ORIENTED_EDGE('',*,*,#2376,.T.);
#3423=ORIENTED_EDGE('',*,*,#2373,.F.);
#3424=ORIENTED_EDGE('',*,*,#2371,.T.);
#3425=ORIENTED_EDGE('',*,*,#2367,.F.);
#3426=ORIENTED_EDGE('',*,*,#2365,.F.);
#3427=ORIENTED_EDGE('',*,*,#2363,.F.);
#3428=ORIENTED_EDGE('',*,*,#2361,.T.);
#3429=ORIENTED_EDGE('',*,*,#1978,.T.);
#3430=ORIENTED_EDGE('',*,*,#2360,.T.);
#3431=ORIENTED_EDGE('',*,*,#2358,.T.);
#3432=ORIENTED_EDGE('',*,*,#2357,.T.);
#3433=ORIENTED_EDGE('',*,*,#2354,.T.);
#3434=ORIENTED_EDGE('',*,*,#2352,.T.);
#3435=ORIENTED_EDGE('',*,*,#2350,.F.);
#3436=ORIENTED_EDGE('',*,*,#2348,.T.);
#3437=ORIENTED_EDGE('',*,*,#2346,.F.);
#3438=ORIENTED_EDGE('',*,*,#2344,.F.);
#3439=ORIENTED_EDGE('',*,*,#2342,.F.);
#3440=ORIENTED_EDGE('',*,*,#2340,.T.);
#3441=ORIENTED_EDGE('',*,*,#2338,.T.);
#3442=ORIENTED_EDGE('',*,*,#2337,.T.);
#3443=ORIENTED_EDGE('',*,*,#2334,.T.);
#3444=ORIENTED_EDGE('',*,*,#2332,.T.);
#3445=ORIENTED_EDGE('',*,*,#2330,.F.);
#3446=ORIENTED_EDGE('',*,*,#2327,.T.);
#3447=ORIENTED_EDGE('',*,*,#2325,.T.);
#3448=ORIENTED_EDGE('',*,*,#2320,.T.);
#3449=ORIENTED_EDGE('',*,*,#2317,.T.);
#3450=ORIENTED_EDGE('',*,*,#2314,.T.);
#3451=ORIENTED_EDGE('',*,*,#2312,.F.);
#3452=ORIENTED_EDGE('',*,*,#2310,.T.);
#3453=ORIENTED_EDGE('',*,*,#2308,.F.);
#3454=ORIENTED_EDGE('',*,*,#2307,.T.);
#3455=ORIENTED_EDGE('',*,*,#2304,.F.);
#3456=ORIENTED_EDGE('',*,*,#2302,.T.);
#3457=ORIENTED_EDGE('',*,*,#2301,.T.);
#3458=ORIENTED_EDGE('',*,*,#2298,.F.);
#3459=ORIENTED_EDGE('',*,*,#2296,.T.);
#3460=ORIENTED_EDGE('',*,*,#2294,.T.);
#3461=ORIENTED_EDGE('',*,*,#2292,.T.);
#3462=ORIENTED_EDGE('',*,*,#2290,.F.);
#3463=ORIENTED_EDGE('',*,*,#2288,.T.);
#3464=ORIENTED_EDGE('',*,*,#2286,.F.);
#3465=ORIENTED_EDGE('',*,*,#2284,.T.);
#3466=ORIENTED_EDGE('',*,*,#2282,.F.);
#3467=ORIENTED_EDGE('',*,*,#2281,.T.);
#3468=ORIENTED_EDGE('',*,*,#2390,.T.);
#3469=ORIENTED_EDGE('',*,*,#2389,.T.);
#3470=ORIENTED_EDGE('',*,*,#2278,.T.);
#3471=ORIENTED_EDGE('',*,*,#2277,.T.);
#3472=ORIENTED_EDGE('',*,*,#2274,.T.);
#3473=ORIENTED_EDGE('',*,*,#2275,.T.);
#3474=ORIENTED_EDGE('',*,*,#2271,.T.);
#3475=ORIENTED_EDGE('',*,*,#2269,.T.);
#3476=ORIENTED_EDGE('',*,*,#2391,.F.);
#3477=ORIENTED_EDGE('',*,*,#2412,.T.);
#3478=ORIENTED_EDGE('',*,*,#1992,.F.);
#3479=ORIENTED_EDGE('',*,*,#2392,.F.);
#3480=ORIENTED_EDGE('',*,*,#2202,.F.);
#3481=ORIENTED_EDGE('',*,*,#1987,.F.);
#3482=ORIENTED_EDGE('',*,*,#2411,.F.);
#3483=ORIENTED_EDGE('',*,*,#2413,.F.);
#3484=ORIENTED_EDGE('',*,*,#1993,.F.);
#3485=ORIENTED_EDGE('',*,*,#2412,.F.);
#3486=ORIENTED_EDGE('',*,*,#2414,.T.);
#3487=ORIENTED_EDGE('',*,*,#2415,.F.);
#3488=ORIENTED_EDGE('',*,*,#2236,.T.);
#3489=ORIENTED_EDGE('',*,*,#2401,.T.);
#3490=ORIENTED_EDGE('',*,*,#2399,.F.);
#3491=ORIENTED_EDGE('',*,*,#2397,.T.);
#3492=ORIENTED_EDGE('',*,*,#1988,.T.);
#3493=ORIENTED_EDGE('',*,*,#2416,.F.);
#3494=ORIENTED_EDGE('',*,*,#2405,.T.);
#3495=ORIENTED_EDGE('',*,*,#2403,.T.);
#3496=ORIENTED_EDGE('',*,*,#2237,.F.);
#3497=ORIENTED_EDGE('',*,*,#2415,.T.);
#3498=ORIENTED_EDGE('',*,*,#2417,.F.);
#3499=ORIENTED_EDGE('',*,*,#2239,.F.);
#3500=ORIENTED_EDGE('',*,*,#2240,.F.);
#3501=ORIENTED_EDGE('',*,*,#2418,.F.);
#3502=ORIENTED_EDGE('',*,*,#1998,.F.);
#3503=ORIENTED_EDGE('',*,*,#1996,.T.);
#3504=ORIENTED_EDGE('',*,*,#2419,.T.);
#3505=ORIENTED_EDGE('',*,*,#2416,.T.);
#3506=ORIENTED_EDGE('',*,*,#1994,.T.);
#3507=ORIENTED_EDGE('',*,*,#2413,.T.);
#3508=ORIENTED_EDGE('',*,*,#2410,.F.);
#3509=ORIENTED_EDGE('',*,*,#2408,.F.);
#3510=ORIENTED_EDGE('',*,*,#2241,.T.);
#3511=ORIENTED_EDGE('',*,*,#1995,.T.);
#3512=ORIENTED_EDGE('',*,*,#2418,.T.);
#3513=ORIENTED_EDGE('',*,*,#2417,.T.);
#3514=ORIENTED_EDGE('',*,*,#2414,.F.);
#3515=ORIENTED_EDGE('',*,*,#2419,.F.);
#3516=CONICAL_SURFACE('',#3793,2.62867420688487,0.932334751117917);
#3517=CONICAL_SURFACE('',#3842,2.43067105319221,0.0139626340159742);
#3518=CONICAL_SURFACE('',#3844,2.62867420688463,0.932334751117922);
#3519=CONICAL_SURFACE('',#3846,2.43067105319197,0.0139626340159742);
#3520=CONICAL_SURFACE('',#3848,2.62867420688429,0.932334751117918);
#3521=CONICAL_SURFACE('',#3850,2.43067105319163,0.0139626340159742);
#3522=CONICAL_SURFACE('',#3909,3.3449520818519,0.0139626340158886);
#3523=CONICAL_SURFACE('',#3911,1.63490885361894,0.0139626340159058);
#3524=CONICAL_SURFACE('',#3916,2.28071979118936,0.0139626340167976);
#3525=CONICAL_SURFACE('',#3918,0.425671873041183,0.0139626340159873);
#3526=CONICAL_SURFACE('',#3919,3.2499999999974,0.0139626340158886);
#3527=CONICAL_SURFACE('',#3923,0.425671873041163,0.0139626340159873);
#3528=CONICAL_SURFACE('',#3924,3.24999999999695,0.0139626340158886);
#3529=CONICAL_SURFACE('',#3925,0.425671873041634,0.0139626340159873);
#3530=CONICAL_SURFACE('',#3930,3.2499999999974,0.0139626340158886);
#3531=CONICAL_SURFACE('',#3934,3.24999999999695,0.0139626340158886);
#3532=CONICAL_SURFACE('',#3939,0.425671873041412,0.0139626340159873);
#3533=CONICAL_SURFACE('',#3940,3.24999999999829,0.0139626340158886);
#3534=CONICAL_SURFACE('',#3941,0.425671873041676,0.0139626340159873);
#3535=CONICAL_SURFACE('',#3942,2.37567187304351,0.0139626340162056);
#3536=CONICAL_SURFACE('',#3945,0.425671873041617,0.0139626340159873);
#3537=CONICAL_SURFACE('',#3946,3.24999999999695,0.0139626340158886);
#3538=CONICAL_SURFACE('',#3947,0.425671873041197,0.0139626340159873);
#3539=CONICAL_SURFACE('',#3950,1.63490885362026,0.0139626340159058);
#3540=CONICAL_SURFACE('',#3952,1.63490885361985,0.0139626340159058);
#3541=CONICAL_SURFACE('',#3955,1.04363766231929,0.0174532925194156);
#3542=CONICAL_SURFACE('',#3958,1.04363766231837,0.0174532925194156);
#3543=CONICAL_SURFACE('',#3961,1.0000000000003,0.0174532925205227);
#3544=CONICAL_SURFACE('',#3964,2.04363766231829,0.0174532925194156);
#3545=CONICAL_SURFACE('',#3967,1.99999999999871,0.0174532925205227);
#3546=CONICAL_SURFACE('',#3970,2.04363766231741,0.0174532925194156);
#3547=CONICAL_SURFACE('',#3972,2.499999999999,0.0174532925205227);
#3548=CONICAL_SURFACE('',#3974,3.04363766231686,0.017453292520126);
#3549=CONICAL_SURFACE('',#3986,2.57379650890709,0.0139626340155373);
#3550=CONICAL_SURFACE('',#3988,2.57379650890764,0.0139626340155373);
#3551=CONICAL_SURFACE('',#3991,2.0436376623187,0.0174532925194156);
#3552=CONICAL_SURFACE('',#3998,1.00000000000077,0.0174532925205227);
#3553=CONICAL_SURFACE('',#3999,2.499999999999,0.0174532925205227);
#3554=CONICAL_SURFACE('',#4013,2.5737965089074,0.0139626340155373);
#3555=CONICAL_SURFACE('',#4019,0.299999999999148,0.0139626340158443);
#3556=CONICAL_SURFACE('',#4023,0.29999999999919,0.0139626340158443);
#3557=CONICAL_SURFACE('',#4025,8.18071979118819,0.0139626340159531);
#3558=CONICAL_SURFACE('',#4027,1.63490885362021,0.0139626340159058);
#3559=CONICAL_SURFACE('',#4029,5.21499999999903,0.0104719755108841);
#3560=CONICAL_SURFACE('',#4032,2.04363766231848,0.0174532925194156);
#3561=CONICAL_SURFACE('',#4035,2.04363766231848,0.0174532925194156);
#3562=CONICAL_SURFACE('',#4047,14.0534090274437,0.010471975511966);
#3563=CONICAL_SURFACE('',#4052,1.93071979118739,0.0139626340159778);
#3564=CONICAL_SURFACE('',#4054,1.93071979118695,0.0139626340159778);
#3565=CONICAL_SURFACE('',#4061,0.37697869891042,0.0241612948314643);
#3566=CONICAL_SURFACE('',#4065,3.34999999999874,0.0104719755119349);
#3567=CONICAL_SURFACE('',#4076,0.624036607603428,0.0241617081165731);
#3568=CONICAL_SURFACE('',#4079,3.3499999999984,0.0104719755119349);
#3569=CONICAL_SURFACE('',#4082,0.394251224900978,0.0104719755120011);
#3570=CONICAL_SURFACE('',#4086,14.0942512249007,0.0104719755119658);
#3571=CONICAL_SURFACE('',#4116,3.06071192074893,0.0174532925199126);
#3572=CONICAL_SURFACE('',#4126,0.622683688096848,0.0241612948313118);
#3573=CONICAL_SURFACE('',#4132,0.292669349173897,0.0104719755120672);
#3574=CONICAL_SURFACE('',#4133,14.0942512249007,0.0104719755119658);
#3575=CONICAL_SURFACE('',#4136,9.35,0.0104719755119659);
#3576=CONICAL_SURFACE('',#4140,0.299999999998694,0.0104719755118345);
#3577=CONICAL_SURFACE('',#4146,3.34999999999816,0.0104719755119349);
#3578=CONICAL_SURFACE('',#4150,4.09425122490002,0.0104719755120351);
#3579=ADVANCED_FACE('',(#244),#3516,.F.);
#3580=ADVANCED_FACE('',(#245,#94,#95,#96,#97,#98,#99,#100,#101,#102,#103,
#104,#105,#106,#107,#108,#109,#110,#111),#129,.F.);
#3581=ADVANCED_FACE('',(#246),#3517,.F.);
#3582=ADVANCED_FACE('',(#247),#3518,.F.);
#3583=ADVANCED_FACE('',(#248),#3519,.F.);
#3584=ADVANCED_FACE('',(#249),#3520,.F.);
#3585=ADVANCED_FACE('',(#250),#3521,.F.);
#3586=ADVANCED_FACE('',(#251,#112),#130,.T.);
#3587=ADVANCED_FACE('',(#252),#131,.T.);
#3588=ADVANCED_FACE('',(#253),#132,.T.);
#3589=ADVANCED_FACE('',(#254),#133,.T.);
#3590=ADVANCED_FACE('',(#255),#134,.F.);
#3591=ADVANCED_FACE('',(#256),#135,.F.);
#3592=ADVANCED_FACE('',(#257),#136,.T.);
#3593=ADVANCED_FACE('',(#258),#137,.T.);
#3594=ADVANCED_FACE('',(#259),#138,.T.);
#3595=ADVANCED_FACE('',(#260),#139,.T.);
#3596=ADVANCED_FACE('',(#261),#140,.T.);
#3597=ADVANCED_FACE('',(#262),#141,.T.);
#3598=ADVANCED_FACE('',(#263),#142,.T.);
#3599=ADVANCED_FACE('',(#264),#143,.T.);
#3600=ADVANCED_FACE('',(#265),#144,.T.);
#3601=ADVANCED_FACE('',(#266),#145,.T.);
#3602=ADVANCED_FACE('',(#267),#146,.F.);
#3603=ADVANCED_FACE('',(#268),#60,.F.);
#3604=ADVANCED_FACE('',(#269),#147,.T.);
#3605=ADVANCED_FACE('',(#270,#113),#148,.T.);
#3606=ADVANCED_FACE('',(#271,#114),#149,.T.);
#3607=ADVANCED_FACE('',(#272),#150,.F.);
#3608=ADVANCED_FACE('',(#273),#151,.T.);
#3609=ADVANCED_FACE('',(#274),#152,.T.);
#3610=ADVANCED_FACE('',(#275),#153,.T.);
#3611=ADVANCED_FACE('',(#276),#154,.T.);
#3612=ADVANCED_FACE('',(#277),#155,.T.);
#3613=ADVANCED_FACE('',(#278),#3522,.T.);
#3614=ADVANCED_FACE('',(#279),#3523,.F.);
#3615=ADVANCED_FACE('',(#280),#156,.F.);
#3616=ADVANCED_FACE('',(#281),#157,.F.);
#3617=ADVANCED_FACE('',(#282),#158,.F.);
#3618=ADVANCED_FACE('',(#283),#3524,.F.);
#3619=ADVANCED_FACE('',(#284),#159,.T.);
#3620=ADVANCED_FACE('',(#285),#3525,.F.);
#3621=ADVANCED_FACE('',(#286),#3526,.T.);
#3622=ADVANCED_FACE('',(#287),#160,.T.);
#3623=ADVANCED_FACE('',(#288),#161,.T.);
#3624=ADVANCED_FACE('',(#289),#162,.T.);
#3625=ADVANCED_FACE('',(#290),#3527,.F.);
#3626=ADVANCED_FACE('',(#291),#3528,.T.);
#3627=ADVANCED_FACE('',(#292),#3529,.F.);
#3628=ADVANCED_FACE('',(#293),#163,.T.);
#3629=ADVANCED_FACE('',(#294),#164,.T.);
#3630=ADVANCED_FACE('',(#295),#165,.T.);
#3631=ADVANCED_FACE('',(#296),#166,.T.);
#3632=ADVANCED_FACE('',(#297),#3530,.T.);
#3633=ADVANCED_FACE('',(#298),#167,.T.);
#3634=ADVANCED_FACE('',(#299),#168,.T.);
#3635=ADVANCED_FACE('',(#300),#169,.T.);
#3636=ADVANCED_FACE('',(#301),#3531,.T.);
#3637=ADVANCED_FACE('',(#302),#170,.T.);
#3638=ADVANCED_FACE('',(#303),#171,.T.);
#3639=ADVANCED_FACE('',(#304),#172,.T.);
#3640=ADVANCED_FACE('',(#305),#173,.T.);
#3641=ADVANCED_FACE('',(#306),#3532,.F.);
#3642=ADVANCED_FACE('',(#307),#3533,.T.);
#3643=ADVANCED_FACE('',(#308),#3534,.F.);
#3644=ADVANCED_FACE('',(#309),#24,.T.);
#3645=ADVANCED_FACE('',(#310),#3535,.F.);
#3646=ADVANCED_FACE('',(#311),#25,.T.);
#3647=ADVANCED_FACE('',(#312),#174,.T.);
#3648=ADVANCED_FACE('',(#313),#3536,.F.);
#3649=ADVANCED_FACE('',(#314),#3537,.T.);
#3650=ADVANCED_FACE('',(#315),#3538,.F.);
#3651=ADVANCED_FACE('',(#316),#175,.T.);
#3652=ADVANCED_FACE('',(#317),#176,.T.);
#3653=ADVANCED_FACE('',(#318),#3539,.F.);
#3654=ADVANCED_FACE('',(#319),#3540,.F.);
#3655=ADVANCED_FACE('',(#320),#177,.T.);
#3656=ADVANCED_FACE('',(#321),#3541,.T.);
#3657=ADVANCED_FACE('',(#322),#178,.T.);
#3658=ADVANCED_FACE('',(#323),#3542,.T.);
#3659=ADVANCED_FACE('',(#324),#179,.T.);
#3660=ADVANCED_FACE('',(#325),#3543,.F.);
#3661=ADVANCED_FACE('',(#326),#180,.T.);
#3662=ADVANCED_FACE('',(#327),#3544,.T.);
#3663=ADVANCED_FACE('',(#328),#181,.T.);
#3664=ADVANCED_FACE('',(#329),#3545,.F.);
#3665=ADVANCED_FACE('',(#330),#182,.T.);
#3666=ADVANCED_FACE('',(#331),#3546,.T.);
#3667=ADVANCED_FACE('',(#332),#183,.T.);
#3668=ADVANCED_FACE('',(#333),#3547,.F.);
#3669=ADVANCED_FACE('',(#334),#3548,.T.);
#3670=ADVANCED_FACE('',(#335,#115),#184,.T.);
#3671=ADVANCED_FACE('',(#336),#185,.T.);
#3672=ADVANCED_FACE('',(#337),#186,.T.);
#3673=ADVANCED_FACE('',(#338),#187,.T.);
#3674=ADVANCED_FACE('',(#339,#116),#188,.T.);
#3675=ADVANCED_FACE('',(#340),#61,.F.);
#3676=ADVANCED_FACE('',(#341),#3549,.F.);
#3677=ADVANCED_FACE('',(#342),#3550,.F.);
#3678=ADVANCED_FACE('',(#343),#189,.T.);
#3679=ADVANCED_FACE('',(#344),#3551,.T.);
#3680=ADVANCED_FACE('',(#345,#117,#118),#190,.F.);
#3681=ADVANCED_FACE('',(#346),#3552,.F.);
#3682=ADVANCED_FACE('',(#347),#3553,.F.);
#3683=ADVANCED_FACE('',(#348),#191,.T.);
#3684=ADVANCED_FACE('',(#349,#119),#192,.F.);
#3685=ADVANCED_FACE('',(#350),#193,.T.);
#3686=ADVANCED_FACE('',(#351),#194,.T.);
#3687=ADVANCED_FACE('',(#352),#195,.T.);
#3688=ADVANCED_FACE('',(#353),#196,.F.);
#3689=ADVANCED_FACE('',(#354),#197,.T.);
#3690=ADVANCED_FACE('',(#355),#3554,.F.);
#3691=ADVANCED_FACE('',(#356),#198,.F.);
#3692=ADVANCED_FACE('',(#357),#3555,.T.);
#3693=ADVANCED_FACE('',(#358),#199,.T.);
#3694=ADVANCED_FACE('',(#359),#200,.T.);
#3695=ADVANCED_FACE('',(#360),#3556,.T.);
#3696=ADVANCED_FACE('',(#361),#3557,.F.);
#3697=ADVANCED_FACE('',(#362),#3558,.F.);
#3698=ADVANCED_FACE('',(#363),#3559,.T.);
#3699=ADVANCED_FACE('',(#364),#201,.T.);
#3700=ADVANCED_FACE('',(#365),#3560,.T.);
#3701=ADVANCED_FACE('',(#366),#202,.T.);
#3702=ADVANCED_FACE('',(#367),#3561,.T.);
#3703=ADVANCED_FACE('',(#368),#203,.T.);
#3704=ADVANCED_FACE('',(#369,#120),#204,.T.);
#3705=ADVANCED_FACE('',(#370),#3562,.F.);
#3706=ADVANCED_FACE('',(#371),#205,.T.);
#3707=ADVANCED_FACE('',(#372),#20,.T.);
#3708=ADVANCED_FACE('',(#373),#3563,.F.);
#3709=ADVANCED_FACE('',(#374),#3564,.F.);
#3710=ADVANCED_FACE('',(#375),#21,.T.);
#3711=ADVANCED_FACE('',(#376),#22,.T.);
#3712=ADVANCED_FACE('',(#377),#206,.T.);
#3713=ADVANCED_FACE('',(#378),#3565,.F.);
#3714=ADVANCED_FACE('',(#379),#207,.T.);
#3715=ADVANCED_FACE('',(#380),#208,.T.);
#3716=ADVANCED_FACE('',(#381),#3566,.T.);
#3717=ADVANCED_FACE('',(#382),#209,.T.);
#3718=ADVANCED_FACE('',(#383),#210,.T.);
#3719=ADVANCED_FACE('',(#384),#211,.T.);
#3720=ADVANCED_FACE('',(#385),#212,.T.);
#3721=ADVANCED_FACE('',(#386),#213,.T.);
#3722=ADVANCED_FACE('',(#387),#214,.T.);
#3723=ADVANCED_FACE('',(#388),#215,.T.);
#3724=ADVANCED_FACE('',(#389),#216,.T.);
#3725=ADVANCED_FACE('',(#390),#217,.T.);
#3726=ADVANCED_FACE('',(#391),#3567,.T.);
#3727=ADVANCED_FACE('',(#392),#218,.T.);
#3728=ADVANCED_FACE('',(#393),#15,.T.);
#3729=ADVANCED_FACE('',(#394),#3568,.T.);
#3730=ADVANCED_FACE('',(#395),#3569,.F.);
#3731=ADVANCED_FACE('',(#396),#219,.T.);
#3732=ADVANCED_FACE('',(#397),#3570,.F.);
#3733=ADVANCED_FACE('',(#398),#220,.T.);
#3734=ADVANCED_FACE('',(#399),#221,.T.);
#3735=ADVANCED_FACE('',(#400),#62,.T.);
#3736=ADVANCED_FACE('',(#401),#222,.T.);
#3737=ADVANCED_FACE('',(#402),#63,.F.);
#3738=ADVANCED_FACE('',(#403),#223,.T.);
#3739=ADVANCED_FACE('',(#404),#64,.T.);
#3740=ADVANCED_FACE('',(#405),#224,.T.);
#3741=ADVANCED_FACE('',(#406),#65,.T.);
#3742=ADVANCED_FACE('',(#407),#225,.T.);
#3743=ADVANCED_FACE('',(#408),#66,.T.);
#3744=ADVANCED_FACE('',(#409),#226,.T.);
#3745=ADVANCED_FACE('',(#410),#67,.T.);
#3746=ADVANCED_FACE('',(#411),#227,.T.);
#3747=ADVANCED_FACE('',(#412),#68,.F.);
#3748=ADVANCED_FACE('',(#413),#228,.T.);
#3749=ADVANCED_FACE('',(#414),#69,.T.);
#3750=ADVANCED_FACE('',(#415),#229,.T.);
#3751=ADVANCED_FACE('',(#416),#230,.T.);
#3752=ADVANCED_FACE('',(#417),#3571,.T.);
#3753=ADVANCED_FACE('',(#418),#231,.T.);
#3754=ADVANCED_FACE('',(#419),#70,.T.);
#3755=ADVANCED_FACE('',(#420),#232,.T.);
#3756=ADVANCED_FACE('',(#421),#233,.T.);
#3757=ADVANCED_FACE('',(#422),#234,.T.);
#3758=ADVANCED_FACE('',(#423),#16,.T.);
#3759=ADVANCED_FACE('',(#424),#235,.T.);
#3760=ADVANCED_FACE('',(#425),#3572,.T.);
#3761=ADVANCED_FACE('',(#426),#23,.T.);
#3762=ADVANCED_FACE('',(#427,#121),#236,.T.);
#3763=ADVANCED_FACE('',(#428),#3573,.T.);
#3764=ADVANCED_FACE('',(#429),#3574,.F.);
#3765=ADVANCED_FACE('',(#430),#3575,.T.);
#3766=ADVANCED_FACE('',(#431,#122,#123),#237,.T.);
#3767=ADVANCED_FACE('',(#432),#3576,.T.);
#3768=ADVANCED_FACE('',(#433),#71,.F.);
#3769=ADVANCED_FACE('',(#434),#238,.F.);
#3770=ADVANCED_FACE('',(#435),#3577,.T.);
#3771=ADVANCED_FACE('',(#436),#17,.T.);
#3772=ADVANCED_FACE('',(#437,#124,#125,#126,#127,#128),#239,.T.);
#3773=ADVANCED_FACE('',(#438),#3578,.F.);
#3774=ADVANCED_FACE('',(#439),#240,.T.);
#3775=ADVANCED_FACE('',(#440),#241,.T.);
#3776=ADVANCED_FACE('',(#441),#242,.F.);
#3777=ADVANCED_FACE('',(#442),#243,.T.);
#3778=ADVANCED_FACE('',(#443),#72,.T.);
#3779=CLOSED_SHELL('',(#3579,#3580,#3581,#3582,#3583,#3584,#3585,#3586,
#3587,#3588,#3589,#3590,#3591,#3592,#3593,#3594,#3595,#3596,#3597,#3598,
#3599,#3600,#3601,#3602,#3603,#3604,#3605,#3606,#3607,#3608,#3609,#3610,
#3611,#3612,#3613,#3614,#3615,#3616,#3617,#3618,#3619,#3620,#3621,#3622,
#3623,#3624,#3625,#3626,#3627,#3628,#3629,#3630,#3631,#3632,#3633,#3634,
#3635,#3636,#3637,#3638,#3639,#3640,#3641,#3642,#3643,#3644,#3645,#3646,
#3647,#3648,#3649,#3650,#3651,#3652,#3653,#3654,#3655,#3656,#3657,#3658,
#3659,#3660,#3661,#3662,#3663,#3664,#3665,#3666,#3667,#3668,#3669,#3670,
#3671,#3672,#3673,#3674,#3675,#3676,#3677,#3678,#3679,#3680,#3681,#3682,
#3683,#3684,#3685,#3686,#3687,#3688,#3689,#3690,#3691,#3692,#3693,#3694,
#3695,#3696,#3697,#3698,#3699,#3700,#3701,#3702,#3703,#3704,#3705,#3706,
#3707,#3708,#3709,#3710,#3711,#3712,#3713,#3714,#3715,#3716,#3717,#3718,
#3719,#3720,#3721,#3722,#3723,#3724,#3725,#3726,#3727,#3728,#3729,#3730,
#3731,#3732,#3733,#3734,#3735,#3736,#3737,#3738,#3739,#3740,#3741,#3742,
#3743,#3744,#3745,#3746,#3747,#3748,#3749,#3750,#3751,#3752,#3753,#3754,
#3755,#3756,#3757,#3758,#3759,#3760,#3761,#3762,#3763,#3764,#3765,#3766,
#3767,#3768,#3769,#3770,#3771,#3772,#3773,#3774,#3775,#3776,#3777,#3778));
#3780=DERIVED_UNIT_ELEMENT(#3782,1.);
#3781=DERIVED_UNIT_ELEMENT(#8145,-3.);
#3782=(
MASS_UNIT()
NAMED_UNIT(*)
SI_UNIT(.KILO.,.GRAM.)
);
#3783=DERIVED_UNIT((#3780,#3781));
#3784=MEASURE_REPRESENTATION_ITEM('density measure',
POSITIVE_RATIO_MEASURE(1060.),#3783);
#3785=PROPERTY_DEFINITION_REPRESENTATION(#3790,#3787);
#3786=PROPERTY_DEFINITION_REPRESENTATION(#3791,#3788);
#3787=REPRESENTATION('material name',(#3789),#8142);
#3788=REPRESENTATION('density',(#3784),#8142);
#3789=DESCRIPTIVE_REPRESENTATION_ITEM('ABS Plastic','ABS Plastic');
#3790=PROPERTY_DEFINITION('material property','material name',#8152);
#3791=PROPERTY_DEFINITION('material property','density of part',#8152);
#3792=AXIS2_PLACEMENT_3D('',#5234,#4159,#4160);
#3793=AXIS2_PLACEMENT_3D('',#5235,#4161,#4162);
#3794=AXIS2_PLACEMENT_3D('',#5237,#4163,#4164);
#3795=AXIS2_PLACEMENT_3D('',#5240,#4166,#4167);
#3796=AXIS2_PLACEMENT_3D('',#5241,#4168,#4169);
#3797=AXIS2_PLACEMENT_3D('',#5244,#4170,#4171);
#3798=AXIS2_PLACEMENT_3D('',#5248,#4173,#4174);
#3799=AXIS2_PLACEMENT_3D('',#5250,#4175,#4176);
#3800=AXIS2_PLACEMENT_3D('',#5252,#4177,#4178);
#3801=AXIS2_PLACEMENT_3D('',#5256,#4180,#4181);
#3802=AXIS2_PLACEMENT_3D('',#5260,#4183,#4184);
#3803=AXIS2_PLACEMENT_3D('',#5264,#4186,#4187);
#3804=AXIS2_PLACEMENT_3D('',#5272,#4191,#4192);
#3805=AXIS2_PLACEMENT_3D('',#5278,#4195,#4196);
#3806=AXIS2_PLACEMENT_3D('',#5282,#4198,#4199);
#3807=AXIS2_PLACEMENT_3D('',#5288,#4202,#4203);
#3808=AXIS2_PLACEMENT_3D('',#5292,#4205,#4206);
#3809=AXIS2_PLACEMENT_3D('',#5296,#4208,#4209);
#3810=AXIS2_PLACEMENT_3D('',#5300,#4211,#4212);
#3811=AXIS2_PLACEMENT_3D('',#5304,#4214,#4215);
#3812=AXIS2_PLACEMENT_3D('',#5308,#4217,#4218);
#3813=AXIS2_PLACEMENT_3D('',#5311,#4220,#4221);
#3814=AXIS2_PLACEMENT_3D('',#5314,#4222,#4223);
#3815=AXIS2_PLACEMENT_3D('',#5316,#4224,#4225);
#3816=AXIS2_PLACEMENT_3D('',#5318,#4226,#4227);
#3817=AXIS2_PLACEMENT_3D('',#5324,#4230,#4231);
#3818=AXIS2_PLACEMENT_3D('',#5329,#4234,#4235);
#3819=AXIS2_PLACEMENT_3D('',#5331,#4236,#4237);
#3820=AXIS2_PLACEMENT_3D('',#5333,#4238,#4239);
#3821=AXIS2_PLACEMENT_3D('',#5343,#4244,#4245);
#3822=AXIS2_PLACEMENT_3D('',#5350,#4248,#4249);
#3823=AXIS2_PLACEMENT_3D('',#5352,#4250,#4251);
#3824=AXIS2_PLACEMENT_3D('',#5360,#4255,#4256);
#3825=AXIS2_PLACEMENT_3D('',#5362,#4257,#4258);
#3826=AXIS2_PLACEMENT_3D('',#5364,#4259,#4260);
#3827=AXIS2_PLACEMENT_3D('',#5372,#4264,#4265);
#3828=AXIS2_PLACEMENT_3D('',#5384,#4271,#4272);
#3829=AXIS2_PLACEMENT_3D('',#5388,#4274,#4275);
#3830=AXIS2_PLACEMENT_3D('',#5390,#4276,#4277);
#3831=AXIS2_PLACEMENT_3D('',#5392,#4278,#4279);
#3832=AXIS2_PLACEMENT_3D('',#5394,#4280,#4281);
#3833=AXIS2_PLACEMENT_3D('',#5396,#4282,#4283);
#3834=AXIS2_PLACEMENT_3D('',#5398,#4284,#4285);
#3835=AXIS2_PLACEMENT_3D('',#5406,#4289,#4290);
#3836=AXIS2_PLACEMENT_3D('',#5408,#4291,#4292);
#3837=AXIS2_PLACEMENT_3D('',#5410,#4293,#4294);
#3838=AXIS2_PLACEMENT_3D('',#5413,#4296,#4297);
#3839=AXIS2_PLACEMENT_3D('',#5415,#4298,#4299);
#3840=AXIS2_PLACEMENT_3D('',#5417,#4300,#4301);
#3841=AXIS2_PLACEMENT_3D('',#5419,#4302,#4303);
#3842=AXIS2_PLACEMENT_3D('',#5420,#4304,#4305);
#3843=AXIS2_PLACEMENT_3D('',#5422,#4306,#4307);
#3844=AXIS2_PLACEMENT_3D('',#5424,#4309,#4310);
#3845=AXIS2_PLACEMENT_3D('',#5426,#4311,#4312);
#3846=AXIS2_PLACEMENT_3D('',#5428,#4314,#4315);
#3847=AXIS2_PLACEMENT_3D('',#5430,#4316,#4317);
#3848=AXIS2_PLACEMENT_3D('',#5432,#4319,#4320);
#3849=AXIS2_PLACEMENT_3D('',#5434,#4321,#4322);
#3850=AXIS2_PLACEMENT_3D('',#5436,#4324,#4325);
#3851=AXIS2_PLACEMENT_3D('',#5438,#4326,#4327);
#3852=AXIS2_PLACEMENT_3D('',#5440,#4329,#4330);
#3853=AXIS2_PLACEMENT_3D('',#5454,#4337,#4338);
#3854=AXIS2_PLACEMENT_3D('',#5455,#4339,#4340);
#3855=AXIS2_PLACEMENT_3D('',#5464,#4345,#4346);
#3856=AXIS2_PLACEMENT_3D('',#5470,#4350,#4351);
#3857=AXIS2_PLACEMENT_3D('',#5475,#4353,#4354);
#3858=AXIS2_PLACEMENT_3D('',#5477,#4355,#4356);
#3859=AXIS2_PLACEMENT_3D('',#5479,#4357,#4358);
#3860=AXIS2_PLACEMENT_3D('',#5481,#4359,#4360);
#3861=AXIS2_PLACEMENT_3D('',#5483,#4361,#4362);
#3862=AXIS2_PLACEMENT_3D('',#5485,#4364,#4365);
#3863=AXIS2_PLACEMENT_3D('',#5494,#4370,#4371);
#3864=AXIS2_PLACEMENT_3D('',#5496,#4372,#4373);
#3865=AXIS2_PLACEMENT_3D('',#5497,#4374,#4375);
#3866=AXIS2_PLACEMENT_3D('',#5499,#4376,#4377);
#3867=AXIS2_PLACEMENT_3D('',#5500,#4378,#4379);
#3868=AXIS2_PLACEMENT_3D('',#5509,#4383,#4384);
#3869=AXIS2_PLACEMENT_3D('',#5510,#4385,#4386);
#3870=AXIS2_PLACEMENT_3D('',#5511,#4387,#4388);
#3871=AXIS2_PLACEMENT_3D('',#5520,#4392,#4393);
#3872=AXIS2_PLACEMENT_3D('',#5522,#4394,#4395);
#3873=AXIS2_PLACEMENT_3D('',#5523,#4396,#4397);
#3874=AXIS2_PLACEMENT_3D('',#5524,#4398,#4399);
#3875=AXIS2_PLACEMENT_3D('',#5527,#4400,#4401);
#3876=AXIS2_PLACEMENT_3D('',#5535,#4406,#4407);
#3877=AXIS2_PLACEMENT_3D('',#5545,#4412,#4413);
#3878=AXIS2_PLACEMENT_3D('',#5546,#4414,#4415);
#3879=AXIS2_PLACEMENT_3D('',#5555,#4420,#4421);
#3880=AXIS2_PLACEMENT_3D('',#5561,#4424,#4425);
#3881=AXIS2_PLACEMENT_3D('',#5563,#4426,#4427);
#3882=AXIS2_PLACEMENT_3D('',#5564,#4428,#4429);
#3883=AXIS2_PLACEMENT_3D('',#5565,#4430,#4431);
#3884=AXIS2_PLACEMENT_3D('',#5569,#4434,#4435);
#3885=AXIS2_PLACEMENT_3D('',#5572,#4436,#4437);
#3886=AXIS2_PLACEMENT_3D('',#5573,#4438,#4439);
#3887=AXIS2_PLACEMENT_3D('',#5575,#4440,#4441);
#3888=AXIS2_PLACEMENT_3D('',#5576,#4442,#4443);
#3889=AXIS2_PLACEMENT_3D('',#5577,#4444,#4445);
#3890=AXIS2_PLACEMENT_3D('',#5580,#4446,#4447);
#3891=AXIS2_PLACEMENT_3D('',#5582,#4448,#4449);
#3892=AXIS2_PLACEMENT_3D('',#5584,#4450,#4451);
#3893=AXIS2_PLACEMENT_3D('',#5590,#4455,#4456);
#3894=AXIS2_PLACEMENT_3D('',#5593,#4457,#4458);
#3895=AXIS2_PLACEMENT_3D('',#5597,#4461,#4462);
#3896=AXIS2_PLACEMENT_3D('',#5600,#4464,#4465);
#3897=AXIS2_PLACEMENT_3D('',#5601,#4466,#4467);
#3898=AXIS2_PLACEMENT_3D('',#5603,#4468,#4469);
#3899=AXIS2_PLACEMENT_3D('',#5604,#4470,#4471);
#3900=AXIS2_PLACEMENT_3D('',#5606,#4472,#4473);
#3901=AXIS2_PLACEMENT_3D('',#5607,#4474,#4475);
#3902=AXIS2_PLACEMENT_3D('',#5609,#4476,#4477);
#3903=AXIS2_PLACEMENT_3D('',#5610,#4478,#4479);
#3904=AXIS2_PLACEMENT_3D('',#5619,#4484,#4485);
#3905=AXIS2_PLACEMENT_3D('',#5625,#4489,#4490);
#3906=AXIS2_PLACEMENT_3D('',#5632,#4495,#4496);
#3907=AXIS2_PLACEMENT_3D('',#5636,#4499,#4500);
#3908=AXIS2_PLACEMENT_3D('',#5640,#4503,#4504);
#3909=AXIS2_PLACEMENT_3D('',#5651,#4508,#4509);
#3910=AXIS2_PLACEMENT_3D('',#5654,#4510,#4511);
#3911=AXIS2_PLACEMENT_3D('',#5669,#4512,#4513);
#3912=AXIS2_PLACEMENT_3D('',#5672,#4515,#4516);
#3913=AXIS2_PLACEMENT_3D('',#5673,#4517,#4518);
#3914=AXIS2_PLACEMENT_3D('',#5679,#4522,#4523);
#3915=AXIS2_PLACEMENT_3D('',#5683,#4526,#4527);
#3916=AXIS2_PLACEMENT_3D('',#5687,#4530,#4531);
#3917=AXIS2_PLACEMENT_3D('',#5689,#4533,#4534);
#3918=AXIS2_PLACEMENT_3D('',#5692,#4537,#4538);
#3919=AXIS2_PLACEMENT_3D('',#5694,#4540,#4541);
#3920=AXIS2_PLACEMENT_3D('',#5699,#4542,#4543);
#3921=AXIS2_PLACEMENT_3D('',#5701,#4545,#4546);
#3922=AXIS2_PLACEMENT_3D('',#5702,#4547,#4548);
#3923=AXIS2_PLACEMENT_3D('',#5705,#4551,#4552);
#3924=AXIS2_PLACEMENT_3D('',#5707,#4554,#4555);
#3925=AXIS2_PLACEMENT_3D('',#5709,#4557,#4558);
#3926=AXIS2_PLACEMENT_3D('',#5711,#4560,#4561);
#3927=AXIS2_PLACEMENT_3D('',#5713,#4563,#4564);
#3928=AXIS2_PLACEMENT_3D('',#5714,#4565,#4566);
#3929=AXIS2_PLACEMENT_3D('',#5717,#4569,#4570);
#3930=AXIS2_PLACEMENT_3D('',#5725,#4571,#4572);
#3931=AXIS2_PLACEMENT_3D('',#5733,#4573,#4574);
#3932=AXIS2_PLACEMENT_3D('',#5735,#4576,#4577);
#3933=AXIS2_PLACEMENT_3D('',#5736,#4578,#4579);
#3934=AXIS2_PLACEMENT_3D('',#5745,#4581,#4582);
#3935=AXIS2_PLACEMENT_3D('',#5753,#4583,#4584);
#3936=AXIS2_PLACEMENT_3D('',#5755,#4586,#4587);
#3937=AXIS2_PLACEMENT_3D('',#5757,#4589,#4590);
#3938=AXIS2_PLACEMENT_3D('',#5758,#4591,#4592);
#3939=AXIS2_PLACEMENT_3D('',#5761,#4595,#4596);
#3940=AXIS2_PLACEMENT_3D('',#5763,#4598,#4599);
#3941=AXIS2_PLACEMENT_3D('',#5765,#4601,#4602);
#3942=AXIS2_PLACEMENT_3D('',#5783,#4604,#4605);
#3943=AXIS2_PLACEMENT_3D('',#5784,#4606,#4607);
#3944=AXIS2_PLACEMENT_3D('',#5797,#4608,#4609);
#3945=AXIS2_PLACEMENT_3D('',#5800,#4612,#4613);
#3946=AXIS2_PLACEMENT_3D('',#5802,#4615,#4616);
#3947=AXIS2_PLACEMENT_3D('',#5804,#4618,#4619);
#3948=AXIS2_PLACEMENT_3D('',#5806,#4621,#4622);
#3949=AXIS2_PLACEMENT_3D('',#5808,#4624,#4625);
#3950=AXIS2_PLACEMENT_3D('',#5809,#4626,#4627);
#3951=AXIS2_PLACEMENT_3D('',#5812,#4629,#4630);
#3952=AXIS2_PLACEMENT_3D('',#5813,#4631,#4632);
#3953=AXIS2_PLACEMENT_3D('',#5816,#4634,#4635);
#3954=AXIS2_PLACEMENT_3D('',#5817,#4636,#4637);
#3955=AXIS2_PLACEMENT_3D('',#5823,#4641,#4642);
#3956=AXIS2_PLACEMENT_3D('',#5825,#4643,#4644);
#3957=AXIS2_PLACEMENT_3D('',#5827,#4646,#4647);
#3958=AXIS2_PLACEMENT_3D('',#5831,#4650,#4651);
#3959=AXIS2_PLACEMENT_3D('',#5833,#4652,#4653);
#3960=AXIS2_PLACEMENT_3D('',#5835,#4655,#4656);
#3961=AXIS2_PLACEMENT_3D('',#5839,#4659,#4660);
#3962=AXIS2_PLACEMENT_3D('',#5842,#4662,#4663);
#3963=AXIS2_PLACEMENT_3D('',#5843,#4664,#4665);
#3964=AXIS2_PLACEMENT_3D('',#5847,#4668,#4669);
#3965=AXIS2_PLACEMENT_3D('',#5851,#4671,#4672);
#3966=AXIS2_PLACEMENT_3D('',#5853,#4674,#4675);
#3967=AXIS2_PLACEMENT_3D('',#5857,#4678,#4679);
#3968=AXIS2_PLACEMENT_3D('',#5860,#4681,#4682);
#3969=AXIS2_PLACEMENT_3D('',#5861,#4683,#4684);
#3970=AXIS2_PLACEMENT_3D('',#5864,#4687,#4688);
#3971=AXIS2_PLACEMENT_3D('',#5866,#4690,#4691);
#3972=AXIS2_PLACEMENT_3D('',#5868,#4693,#4694);
#3973=AXIS2_PLACEMENT_3D('',#5871,#4696,#4697);
#3974=AXIS2_PLACEMENT_3D('',#5872,#4698,#4699);
#3975=AXIS2_PLACEMENT_3D('',#5875,#4701,#4702);
#3976=AXIS2_PLACEMENT_3D('',#5876,#4703,#4704);
#3977=AXIS2_PLACEMENT_3D('',#5878,#4705,#4706);
#3978=AXIS2_PLACEMENT_3D('',#5879,#4707,#4708);
#3979=AXIS2_PLACEMENT_3D('',#5883,#4711,#4712);
#3980=AXIS2_PLACEMENT_3D('',#5887,#4715,#4716);
#3981=AXIS2_PLACEMENT_3D('',#5891,#4719,#4720);
#3982=AXIS2_PLACEMENT_3D('',#5893,#4721,#4722);
#3983=AXIS2_PLACEMENT_3D('',#5894,#4723,#4724);
#3984=AXIS2_PLACEMENT_3D('',#5897,#4725,#4726);
#3985=AXIS2_PLACEMENT_3D('',#5899,#4728,#4729);
#3986=AXIS2_PLACEMENT_3D('',#5900,#4730,#4731);
#3987=AXIS2_PLACEMENT_3D('',#5903,#4733,#4734);
#3988=AXIS2_PLACEMENT_3D('',#5904,#4735,#4736);
#3989=AXIS2_PLACEMENT_3D('',#5907,#4738,#4739);
#3990=AXIS2_PLACEMENT_3D('',#5908,#4740,#4741);
#3991=AXIS2_PLACEMENT_3D('',#5917,#4746,#4747);
#3992=AXIS2_PLACEMENT_3D('',#5920,#4749,#4750);
#3993=AXIS2_PLACEMENT_3D('',#5921,#4751,#4752);
#3994=AXIS2_PLACEMENT_3D('',#5924,#4753,#4754);
#3995=AXIS2_PLACEMENT_3D('',#5928,#4756,#4757);
#3996=AXIS2_PLACEMENT_3D('',#5931,#4759,#4760);
#3997=AXIS2_PLACEMENT_3D('',#5935,#4762,#4763);
#3998=AXIS2_PLACEMENT_3D('',#5937,#4765,#4766);
#3999=AXIS2_PLACEMENT_3D('',#5939,#4768,#4769);
#4000=AXIS2_PLACEMENT_3D('',#5942,#4771,#4772);
#4001=AXIS2_PLACEMENT_3D('',#5943,#4773,#4774);
#4002=AXIS2_PLACEMENT_3D('',#5947,#4776,#4777);
#4003=AXIS2_PLACEMENT_3D('',#5949,#4779,#4780);
#4004=AXIS2_PLACEMENT_3D('',#5952,#4781,#4782);
#4005=AXIS2_PLACEMENT_3D('',#5955,#4784,#4785);
#4006=AXIS2_PLACEMENT_3D('',#5959,#4787,#4788);
#4007=AXIS2_PLACEMENT_3D('',#5961,#4790,#4791);
#4008=AXIS2_PLACEMENT_3D('',#5962,#4792,#4793);
#4009=AXIS2_PLACEMENT_3D('',#5964,#4795,#4796);
#4010=AXIS2_PLACEMENT_3D('',#5966,#4798,#4799);
#4011=AXIS2_PLACEMENT_3D('',#5968,#4801,#4802);
#4012=AXIS2_PLACEMENT_3D('',#5973,#4806,#4807);
#4013=AXIS2_PLACEMENT_3D('',#5975,#4809,#4810);
#4014=AXIS2_PLACEMENT_3D('',#5978,#4812,#4813);
#4015=AXIS2_PLACEMENT_3D('',#5979,#4814,#4815);
#4016=AXIS2_PLACEMENT_3D('',#5981,#4816,#4817);
#4017=AXIS2_PLACEMENT_3D('',#5983,#4818,#4819);
#4018=AXIS2_PLACEMENT_3D('',#5984,#4820,#4821);
#4019=AXIS2_PLACEMENT_3D('',#5985,#4822,#4823);
#4020=AXIS2_PLACEMENT_3D('',#5989,#4825,#4826);
#4021=AXIS2_PLACEMENT_3D('',#5991,#4828,#4829);
#4022=AXIS2_PLACEMENT_3D('',#5995,#4832,#4833);
#4023=AXIS2_PLACEMENT_3D('',#5999,#4836,#4837);
#4024=AXIS2_PLACEMENT_3D('',#6001,#4838,#4839);
#4025=AXIS2_PLACEMENT_3D('',#6003,#4841,#4842);
#4026=AXIS2_PLACEMENT_3D('',#6004,#4843,#4844);
#4027=AXIS2_PLACEMENT_3D('',#6005,#4845,#4846);
#4028=AXIS2_PLACEMENT_3D('',#6008,#4848,#4849);
#4029=AXIS2_PLACEMENT_3D('',#6009,#4850,#4851);
#4030=AXIS2_PLACEMENT_3D('',#6011,#4852,#4853);
#4031=AXIS2_PLACEMENT_3D('',#6013,#4855,#4856);
#4032=AXIS2_PLACEMENT_3D('',#6019,#4860,#4861);
#4033=AXIS2_PLACEMENT_3D('',#6021,#4862,#4863);
#4034=AXIS2_PLACEMENT_3D('',#6023,#4865,#4866);
#4035=AXIS2_PLACEMENT_3D('',#6027,#4869,#4870);
#4036=AXIS2_PLACEMENT_3D('',#6029,#4871,#4872);
#4037=AXIS2_PLACEMENT_3D('',#6031,#4874,#4875);
#4038=AXIS2_PLACEMENT_3D('',#6035,#4878,#4879);
#4039=AXIS2_PLACEMENT_3D('',#6099,#4881,#4882);
#4040=AXIS2_PLACEMENT_3D('',#6103,#4884,#4885);
#4041=AXIS2_PLACEMENT_3D('',#6105,#4886,#4887);
#4042=AXIS2_PLACEMENT_3D('',#6177,#4894,#4895);
#4043=AXIS2_PLACEMENT_3D('',#6246,#4897,#4898);
#4044=AXIS2_PLACEMENT_3D('',#6250,#4900,#4901);
#4045=AXIS2_PLACEMENT_3D('',#6256,#4904,#4905);
#4046=AXIS2_PLACEMENT_3D('',#6272,#4914,#4915);
#4047=AXIS2_PLACEMENT_3D('',#6565,#4916,#4917);
#4048=AXIS2_PLACEMENT_3D('',#6568,#4918,#4919);
#4049=AXIS2_PLACEMENT_3D('',#6571,#4922,#4923);
#4050=AXIS2_PLACEMENT_3D('',#6578,#4925,#4926);
#4051=AXIS2_PLACEMENT_3D('',#6579,#4927,#4928);
#4052=AXIS2_PLACEMENT_3D('',#6580,#4929,#4930);
#4053=AXIS2_PLACEMENT_3D('',#6582,#4931,#4932);
#4054=AXIS2_PLACEMENT_3D('',#6584,#4934,#4935);
#4055=AXIS2_PLACEMENT_3D('',#6586,#4936,#4937);
#4056=AXIS2_PLACEMENT_3D('',#6588,#4939,#4940);
#4057=AXIS2_PLACEMENT_3D('',#6590,#4941,#4942);
#4058=AXIS2_PLACEMENT_3D('',#6894,#4943,#4944);
#4059=AXIS2_PLACEMENT_3D('',#6896,#4945,#4946);
#4060=AXIS2_PLACEMENT_3D('',#7200,#4947,#4948);
#4061=AXIS2_PLACEMENT_3D('',#7206,#4952,#4953);
#4062=AXIS2_PLACEMENT_3D('',#7208,#4954,#4955);
#4063=AXIS2_PLACEMENT_3D('',#7210,#4957,#4958);
#4064=AXIS2_PLACEMENT_3D('',#7214,#4961,#4962);
#4065=AXIS2_PLACEMENT_3D('',#7220,#4964,#4965);
#4066=AXIS2_PLACEMENT_3D('',#7222,#4966,#4967);
#4067=AXIS2_PLACEMENT_3D('',#7226,#4968,#4969);
#4068=AXIS2_PLACEMENT_3D('',#7230,#4972,#4973);
#4069=AXIS2_PLACEMENT_3D('',#7234,#4976,#4977);
#4070=AXIS2_PLACEMENT_3D('',#7238,#4980,#4981);
#4071=AXIS2_PLACEMENT_3D('',#7242,#4984,#4985);
#4072=AXIS2_PLACEMENT_3D('',#7246,#4988,#4989);
#4073=AXIS2_PLACEMENT_3D('',#7250,#4992,#4993);
#4074=AXIS2_PLACEMENT_3D('',#7254,#4996,#4997);
#4075=AXIS2_PLACEMENT_3D('',#7258,#5000,#5001);
#4076=AXIS2_PLACEMENT_3D('',#7262,#5004,#5005);
#4077=AXIS2_PLACEMENT_3D('',#7264,#5006,#5007);
#4078=AXIS2_PLACEMENT_3D('',#7266,#5009,#5010);
#4079=AXIS2_PLACEMENT_3D('',#7385,#5012,#5013);
#4080=AXIS2_PLACEMENT_3D('',#7387,#5014,#5015);
#4081=AXIS2_PLACEMENT_3D('',#7390,#5017,#5018);
#4082=AXIS2_PLACEMENT_3D('',#7391,#5019,#5020);
#4083=AXIS2_PLACEMENT_3D('',#7393,#5021,#5022);
#4084=AXIS2_PLACEMENT_3D('',#7396,#5024,#5025);
#4085=AXIS2_PLACEMENT_3D('',#7397,#5026,#5027);
#4086=AXIS2_PLACEMENT_3D('',#7406,#5030,#5031);
#4087=AXIS2_PLACEMENT_3D('',#7413,#5032,#5033);
#4088=AXIS2_PLACEMENT_3D('',#7414,#5034,#5035);
#4089=AXIS2_PLACEMENT_3D('',#7415,#5036,#5037);
#4090=AXIS2_PLACEMENT_3D('',#7421,#5041,#5042);
#4091=AXIS2_PLACEMENT_3D('',#7426,#5046,#5047);
#4092=AXIS2_PLACEMENT_3D('',#7428,#5048,#5049);
#4093=AXIS2_PLACEMENT_3D('',#7430,#5051,#5052);
#4094=AXIS2_PLACEMENT_3D('',#7434,#5055,#5056);
#4095=AXIS2_PLACEMENT_3D('',#7437,#5058,#5059);
#4096=AXIS2_PLACEMENT_3D('',#7438,#5060,#5061);
#4097=AXIS2_PLACEMENT_3D('',#7442,#5064,#5065);
#4098=AXIS2_PLACEMENT_3D('',#7444,#5066,#5067);
#4099=AXIS2_PLACEMENT_3D('',#7446,#5069,#5070);
#4100=AXIS2_PLACEMENT_3D('',#7450,#5073,#5074);
#4101=AXIS2_PLACEMENT_3D('',#7452,#5075,#5076);
#4102=AXIS2_PLACEMENT_3D('',#7454,#5078,#5079);
#4103=AXIS2_PLACEMENT_3D('',#7458,#5082,#5083);
#4104=AXIS2_PLACEMENT_3D('',#7460,#5084,#5085);
#4105=AXIS2_PLACEMENT_3D('',#7462,#5087,#5088);
#4106=AXIS2_PLACEMENT_3D('',#7466,#5091,#5092);
#4107=AXIS2_PLACEMENT_3D('',#7468,#5093,#5094);
#4108=AXIS2_PLACEMENT_3D('',#7470,#5096,#5097);
#4109=AXIS2_PLACEMENT_3D('',#7474,#5100,#5101);
#4110=AXIS2_PLACEMENT_3D('',#7477,#5103,#5104);
#4111=AXIS2_PLACEMENT_3D('',#7478,#5105,#5106);
#4112=AXIS2_PLACEMENT_3D('',#7482,#5109,#5110);
#4113=AXIS2_PLACEMENT_3D('',#7483,#5111,#5112);
#4114=AXIS2_PLACEMENT_3D('',#7484,#5113,#5114);
#4115=AXIS2_PLACEMENT_3D('',#7488,#5117,#5118);
#4116=AXIS2_PLACEMENT_3D('',#7492,#5121,#5122);
#4117=AXIS2_PLACEMENT_3D('',#7494,#5123,#5124);
#4118=AXIS2_PLACEMENT_3D('',#7496,#5126,#5127);
#4119=AXIS2_PLACEMENT_3D('',#7502,#5131,#5132);
#4120=AXIS2_PLACEMENT_3D('',#7504,#5133,#5134);
#4121=AXIS2_PLACEMENT_3D('',#7506,#5135,#5136);
#4122=AXIS2_PLACEMENT_3D('',#7508,#5138,#5139);
#4123=AXIS2_PLACEMENT_3D('',#7514,#5143,#5144);
#4124=AXIS2_PLACEMENT_3D('',#7520,#5148,#5149);
#4125=AXIS2_PLACEMENT_3D('',#7661,#5152,#5153);
#4126=AXIS2_PLACEMENT_3D('',#7665,#5156,#5157);
#4127=AXIS2_PLACEMENT_3D('',#7666,#5158,#5159);
#4128=AXIS2_PLACEMENT_3D('',#7667,#5160,#5161);
#4129=AXIS2_PLACEMENT_3D('',#7669,#5162,#5163);
#4130=AXIS2_PLACEMENT_3D('',#7973,#5164,#5165);
#4131=AXIS2_PLACEMENT_3D('',#7975,#5166,#5167);
#4132=AXIS2_PLACEMENT_3D('',#7976,#5168,#5169);
#4133=AXIS2_PLACEMENT_3D('',#7979,#5172,#5173);
#4134=AXIS2_PLACEMENT_3D('',#7982,#5175,#5176);
#4135=AXIS2_PLACEMENT_3D('',#7983,#5177,#5178);
#4136=AXIS2_PLACEMENT_3D('',#7984,#5179,#5180);
#4137=AXIS2_PLACEMENT_3D('',#7987,#5182,#5183);
#4138=AXIS2_PLACEMENT_3D('',#7988,#5184,#5185);
#4139=AXIS2_PLACEMENT_3D('',#7991,#5187,#5188);
#4140=AXIS2_PLACEMENT_3D('',#7992,#5189,#5190);
#4141=AXIS2_PLACEMENT_3D('',#7994,#5192,#5193);
#4142=AXIS2_PLACEMENT_3D('',#7995,#5194,#5195);
#4143=AXIS2_PLACEMENT_3D('',#7997,#5196,#5197);
#4144=AXIS2_PLACEMENT_3D('',#7999,#5199,#5200);
#4145=AXIS2_PLACEMENT_3D('',#8000,#5201,#5202);
#4146=AXIS2_PLACEMENT_3D('',#8001,#5203,#5204);
#4147=AXIS2_PLACEMENT_3D('',#8009,#5205,#5206);
#4148=AXIS2_PLACEMENT_3D('',#8117,#5207,#5208);
#4149=AXIS2_PLACEMENT_3D('',#8120,#5210,#5211);
#4150=AXIS2_PLACEMENT_3D('',#8121,#5212,#5213);
#4151=AXIS2_PLACEMENT_3D('',#8127,#5215,#5216);
#4152=AXIS2_PLACEMENT_3D('',#8133,#5220,#5221);
#4153=AXIS2_PLACEMENT_3D('',#8134,#5222,#5223);
#4154=AXIS2_PLACEMENT_3D('',#8135,#5224,#5225);
#4155=AXIS2_PLACEMENT_3D('',#8136,#5226,#5227);
#4156=AXIS2_PLACEMENT_3D('',#8137,#5228,#5229);
#4157=AXIS2_PLACEMENT_3D('',#8138,#5230,#5231);
#4158=AXIS2_PLACEMENT_3D('',#8139,#5232,#5233);
#4159=DIRECTION('axis',(0.,0.,1.));
#4160=DIRECTION('refdir',(1.,0.,0.));
#4161=DIRECTION('center_axis',(0.,0.,-1.));
#4162=DIRECTION('ref_axis',(-1.,0.,0.));
#4163=DIRECTION('center_axis',(0.,0.,1.));
#4164=DIRECTION('ref_axis',(-1.,0.,0.));
#4165=DIRECTION('',(0.803013548334838,9.83407971640218E-17,-0.595960771519982));
#4166=DIRECTION('center_axis',(0.,0.,-1.));
#4167=DIRECTION('ref_axis',(-1.,0.,0.));
#4168=DIRECTION('center_axis',(0.,0.,1.));
#4169=DIRECTION('ref_axis',(1.,0.,0.));
#4170=DIRECTION('center_axis',(1.15687643489676E-14,1.17775634182257E-15,
1.));
#4171=DIRECTION('ref_axis',(0.81915070772162,0.573578345162341,-1.01520970374685E-14));
#4172=DIRECTION('',(0.,1.,0.));
#4173=DIRECTION('center_axis',(0.,0.,1.));
#4174=DIRECTION('ref_axis',(-1.,0.,0.));
#4175=DIRECTION('center_axis',(0.,0.,1.));
#4176=DIRECTION('ref_axis',(1.,0.,0.));
#4177=DIRECTION('center_axis',(0.,0.,1.));
#4178=DIRECTION('ref_axis',(-1.,-8.67361737987716E-16,0.));
#4179=DIRECTION('',(0.,1.,0.));
#4180=DIRECTION('center_axis',(0.,0.,1.));
#4181=DIRECTION('ref_axis',(1.,0.,0.));
#4182=DIRECTION('',(1.,-1.08387193915085E-16,-1.89190550717513E-18));
#4183=DIRECTION('center_axis',(0.,0.,1.));
#4184=DIRECTION('ref_axis',(-1.,8.67361737987671E-16,0.));
#4185=DIRECTION('',(0.707106781186551,0.707106781186544,0.));
#4186=DIRECTION('center_axis',(0.,0.,1.));
#4187=DIRECTION('ref_axis',(1.,0.,0.));
#4188=DIRECTION('',(1.,0.,0.));
#4189=DIRECTION('',(0.,1.,0.));
#4190=DIRECTION('',(1.,-1.92688344737928E-16,-3.36338756831132E-18));
#4191=DIRECTION('center_axis',(0.,0.,1.));
#4192=DIRECTION('ref_axis',(1.,0.,0.));
#4193=DIRECTION('',(0.,-1.,0.));
#4194=DIRECTION('',(0.707106781186549,-0.707106781186546,0.));
#4195=DIRECTION('center_axis',(0.,0.,1.));
#4196=DIRECTION('ref_axis',(1.,0.,0.));
#4197=DIRECTION('',(0.,-1.,0.));
#4198=DIRECTION('center_axis',(0.,0.,1.));
#4199=DIRECTION('ref_axis',(1.,0.,0.));
#4200=DIRECTION('',(-0.707106781186549,-0.707106781186546,0.));
#4201=DIRECTION('',(1.82546852909616E-16,-1.,3.18636716997915E-18));
#4202=DIRECTION('center_axis',(0.,0.,1.));
#4203=DIRECTION('ref_axis',(1.,0.,0.));
#4204=DIRECTION('',(-1.,0.,0.));
#4205=DIRECTION('center_axis',(0.,0.,1.));
#4206=DIRECTION('ref_axis',(-1.,0.,0.));
#4207=DIRECTION('',(0.,-1.,0.));
#4208=DIRECTION('center_axis',(0.,0.,1.));
#4209=DIRECTION('ref_axis',(1.,0.,0.));
#4210=DIRECTION('',(-1.,0.,0.));
#4211=DIRECTION('center_axis',(0.,0.,1.));
#4212=DIRECTION('ref_axis',(1.,0.,0.));
#4213=DIRECTION('',(0.,1.,0.));
#4214=DIRECTION('center_axis',(0.,0.,1.));
#4215=DIRECTION('ref_axis',(-1.,0.,0.));
#4216=DIRECTION('',(-1.,0.,0.));
#4217=DIRECTION('center_axis',(3.62529476560129E-16,2.26672353464237E-15,
1.));
#4218=DIRECTION('ref_axis',(-1.00982769409234E-5,0.999999999949012,-2.26671987360375E-15));
#4219=DIRECTION('',(-0.573576436351048,0.819152044288991,0.));
#4220=DIRECTION('center_axis',(0.,0.,-1.));
#4221=DIRECTION('ref_axis',(-1.,0.,0.));
#4222=DIRECTION('center_axis',(0.,0.,1.));
#4223=DIRECTION('ref_axis',(1.,0.,0.));
#4224=DIRECTION('center_axis',(0.,0.,-1.));
#4225=DIRECTION('ref_axis',(-1.,0.,0.));
#4226=DIRECTION('center_axis',(0.,0.,1.));
#4227=DIRECTION('ref_axis',(1.,0.,0.));
#4228=DIRECTION('',(1.,0.,0.));
#4229=DIRECTION('',(0.,1.,0.));
#4230=DIRECTION('center_axis',(0.,0.,1.));
#4231=DIRECTION('ref_axis',(1.,0.,0.));
#4232=DIRECTION('',(-1.,2.61220842389379E-16,-3.64756806009425E-18));
#4233=DIRECTION('',(0.,-1.,0.));
#4234=DIRECTION('center_axis',(0.,0.,-1.));
#4235=DIRECTION('ref_axis',(-1.,0.,0.));
#4236=DIRECTION('center_axis',(0.,0.,-1.));
#4237=DIRECTION('ref_axis',(-1.,0.,0.));
#4238=DIRECTION('center_axis',(0.,0.,-1.));
#4239=DIRECTION('ref_axis',(1.,0.,0.));
#4240=DIRECTION('',(0.,1.,0.));
#4241=DIRECTION('',(-1.,0.,0.));
#4242=DIRECTION('',(0.,-1.,0.));
#4243=DIRECTION('',(1.,0.,0.));
#4244=DIRECTION('center_axis',(0.,0.,-1.));
#4245=DIRECTION('ref_axis',(-1.,0.,0.));
#4246=DIRECTION('',(0.,-1.,0.));
#4247=DIRECTION('',(1.,-4.03345419693163E-16,-5.63213048622306E-18));
#4248=DIRECTION('center_axis',(0.,0.,1.));
#4249=DIRECTION('ref_axis',(1.,0.,0.));
#4250=DIRECTION('center_axis',(0.,0.,1.));
#4251=DIRECTION('ref_axis',(-1.,6.11288971330212E-15,0.));
#4252=DIRECTION('',(-1.,0.,0.));
#4253=DIRECTION('',(0.,1.,0.));
#4254=DIRECTION('',(-1.,0.,0.));
#4255=DIRECTION('center_axis',(0.,0.,1.));
#4256=DIRECTION('ref_axis',(-1.,-4.07525980886376E-15,0.));
#4257=DIRECTION('center_axis',(0.,0.,1.));
#4258=DIRECTION('ref_axis',(1.,0.,0.));
#4259=DIRECTION('center_axis',(0.,0.,1.));
#4260=DIRECTION('ref_axis',(-1.,-2.03762990443414E-15,0.));
#4261=DIRECTION('',(1.,-8.06690839386323E-16,-1.12642609724461E-17));
#4262=DIRECTION('',(1.,0.,0.));
#4263=DIRECTION('',(0.,1.,0.));
#4264=DIRECTION('center_axis',(0.,0.,1.));
#4265=DIRECTION('ref_axis',(1.,0.,0.));
#4266=DIRECTION('',(-1.,5.46629840753389E-16,-7.63288843871953E-18));
#4267=DIRECTION('',(0.,-1.,0.));
#4268=DIRECTION('',(1.,0.,0.));
#4269=DIRECTION('',(0.,1.,0.));
#4270=DIRECTION('',(-1.,3.64419893835592E-16,-5.08859229247967E-18));
#4271=DIRECTION('center_axis',(0.,0.,1.));
#4272=DIRECTION('ref_axis',(1.,0.,0.));
#4273=DIRECTION('',(0.,-1.,0.));
#4274=DIRECTION('center_axis',(-2.05281958925157E-9,-1.44211021972645E-10,
1.));
#4275=DIRECTION('ref_axis',(-0.989998979501291,-0.141074521393492,-2.05263379936377E-9));
#4276=DIRECTION('center_axis',(0.,0.,-1.));
#4277=DIRECTION('ref_axis',(-1.,0.,0.));
#4278=DIRECTION('center_axis',(-5.04483352438672E-14,-5.9597461425712E-14,
1.));
#4279=DIRECTION('ref_axis',(0.369207126525889,0.929347135209711,7.40126149351594E-14));
#4280=DIRECTION('center_axis',(5.72795331360486E-11,4.27528082863354E-11,
1.));
#4281=DIRECTION('ref_axis',(0.478873239435987,-0.87788405871851,1.01023732737823E-11));
#4282=DIRECTION('center_axis',(0.,0.,1.));
#4283=DIRECTION('ref_axis',(1.,0.,0.));
#4284=DIRECTION('center_axis',(0.,0.,1.));
#4285=DIRECTION('ref_axis',(-1.,-1.0697556998273E-14,0.));
#4286=DIRECTION('',(0.,-1.,0.));
#4287=DIRECTION('',(0.,-1.,0.));
#4288=DIRECTION('',(1.,-3.65133748353809E-16,-5.09856022963349E-18));
#4289=DIRECTION('center_axis',(0.,0.,1.));
#4290=DIRECTION('ref_axis',(-1.,0.,0.));
#4291=DIRECTION('center_axis',(0.,0.,1.));
#4292=DIRECTION('ref_axis',(1.,0.,0.));
#4293=DIRECTION('center_axis',(0.,0.,1.));
#4294=DIRECTION('ref_axis',(-1.,-2.03762990443196E-15,0.));
#4295=DIRECTION('',(-1.,0.,0.));
#4296=DIRECTION('center_axis',(0.,0.,-1.));
#4297=DIRECTION('ref_axis',(1.,0.,0.));
#4298=DIRECTION('center_axis',(0.,0.,-1.));
#4299=DIRECTION('ref_axis',(1.,0.,0.));
#4300=DIRECTION('center_axis',(0.,0.,-1.));
#4301=DIRECTION('ref_axis',(1.,0.,0.));
#4302=DIRECTION('center_axis',(0.,0.,-1.));
#4303=DIRECTION('ref_axis',(-1.,0.,0.));
#4304=DIRECTION('center_axis',(0.,0.,-1.));
#4305=DIRECTION('ref_axis',(-1.,0.,0.));
#4306=DIRECTION('center_axis',(0.,0.,-1.));
#4307=DIRECTION('ref_axis',(-1.,0.,0.));
#4308=DIRECTION('',(0.0139621803391648,-1.70987394614763E-18,-0.999902524009304));
#4309=DIRECTION('center_axis',(0.,0.,-1.));
#4310=DIRECTION('ref_axis',(-1.,0.,0.));
#4311=DIRECTION('center_axis',(0.,1.42976828448413E-17,1.));
#4312=DIRECTION('ref_axis',(-1.,0.,0.));
#4313=DIRECTION('',(0.803013548334841,9.83407971640222E-17,-0.595960771519978));
#4314=DIRECTION('center_axis',(0.,0.,-1.));
#4315=DIRECTION('ref_axis',(-1.,0.,0.));
#4316=DIRECTION('center_axis',(0.,0.,-1.));
#4317=DIRECTION('ref_axis',(-1.,0.,0.));
#4318=DIRECTION('',(0.0139621803391648,-1.70987394614763E-18,-0.999902524009304));
#4319=DIRECTION('center_axis',(0.,0.,-1.));
#4320=DIRECTION('ref_axis',(-1.,0.,0.));
#4321=DIRECTION('center_axis',(0.,-1.42976828448433E-17,1.));
#4322=DIRECTION('ref_axis',(-1.,0.,0.));
#4323=DIRECTION('',(0.803013548334839,9.83407971640219E-17,-0.595960771519981));
#4324=DIRECTION('center_axis',(0.,0.,-1.));
#4325=DIRECTION('ref_axis',(-1.,0.,0.));
#4326=DIRECTION('center_axis',(0.,0.,-1.));
#4327=DIRECTION('ref_axis',(-1.,0.,0.));
#4328=DIRECTION('',(0.0139621803391649,-1.70987394614763E-18,-0.999902524009304));
#4329=DIRECTION('center_axis',(0.,-0.999902524009304,0.0139621803391453));
#4330=DIRECTION('ref_axis',(0.,-0.0139621803391453,-0.999902524009304));
#4331=DIRECTION('',(1.,0.,0.));
#4332=DIRECTION('',(0.013960819627058,0.013960819627058,0.999805076517759));
#4333=DIRECTION('',(-1.,0.,0.));
#4334=DIRECTION('',(0.013960819627058,-0.013960819627058,-0.999805076517759));
#4335=DIRECTION('',(1.,0.,0.));
#4336=DIRECTION('',(-0.013960819627058,0.013960819627058,0.999805076517759));
#4337=DIRECTION('center_axis',(4.56506177888634E-18,0.999902524009304,-0.0139621803391452));
#4338=DIRECTION('ref_axis',(1.28372796938833E-12,0.0139621803391452,0.999902524009304));
#4339=DIRECTION('center_axis',(0.999945169365512,1.82592458946101E-16,0.0104717841162458));
#4340=DIRECTION('ref_axis',(0.0104717841162458,0.,-0.999945169365512));
#4341=DIRECTION('',(1.82602471155453E-16,-1.,0.));
#4342=DIRECTION('',(-0.0104717091695466,-0.00378338145256259,0.999938012744716));
#4343=DIRECTION('',(0.,1.,0.));
#4344=DIRECTION('',(0.0104712100046367,0.0104712100046363,-0.999890347749231));
#4345=DIRECTION('center_axis',(0.,0.999945169365512,0.0104717841162458));
#4346=DIRECTION('ref_axis',(0.,-0.0104717841162458,0.999945169365512));
#4347=DIRECTION('',(-1.,0.,0.));
#4348=DIRECTION('',(-1.,0.,0.));
#4349=DIRECTION('',(0.00202623926524041,0.0104717626195874,-0.999943116653182));
#4350=DIRECTION('center_axis',(0.,0.,1.));
#4351=DIRECTION('ref_axis',(1.,0.,0.));
#4352=DIRECTION('',(0.,-1.,0.));
#4353=DIRECTION('center_axis',(0.,0.,-1.));
#4354=DIRECTION('ref_axis',(-1.,0.,0.));
#4355=DIRECTION('center_axis',(0.,0.,1.));
#4356=DIRECTION('ref_axis',(1.,0.,0.));
#4357=DIRECTION('center_axis',(0.,-7.40905855393349E-16,1.));
#4358=DIRECTION('ref_axis',(0.,1.,7.40905855393349E-16));
#4359=DIRECTION('center_axis',(0.,0.,-1.));
#4360=DIRECTION('ref_axis',(1.,0.,0.));
#4361=DIRECTION('center_axis',(0.,0.,-1.));
#4362=DIRECTION('ref_axis',(1.,0.,0.));
#4363=DIRECTION('',(-1.,0.,0.));
#4364=DIRECTION('center_axis',(0.999902524009304,0.,0.0139621803391488));
#4365=DIRECTION('ref_axis',(0.0139621803391488,0.,-0.999902524009304));
#4366=DIRECTION('',(0.,1.,0.));
#4367=DIRECTION('',(-0.0139614149331663,-0.0104707634806317,0.999847709406386));
#4368=DIRECTION('',(0.,1.,0.));
#4369=DIRECTION('',(-0.0139614149331691,-0.0104707634806315,0.999847709406386));
#4370=DIRECTION('center_axis',(0.,0.,-1.));
#4371=DIRECTION('ref_axis',(-1.,0.,0.));
#4372=DIRECTION('center_axis',(0.,0.,1.));
#4373=DIRECTION('ref_axis',(1.,-5.53037621232955E-16,0.));
#4374=DIRECTION('center_axis',(0.,0.,-1.));
#4375=DIRECTION('ref_axis',(-1.,0.,0.));
#4376=DIRECTION('center_axis',(0.,0.,-1.));
#4377=DIRECTION('ref_axis',(-1.,0.,0.));
#4378=DIRECTION('center_axis',(0.,0.,-1.));
#4379=DIRECTION('ref_axis',(-1.,0.,0.));
#4380=DIRECTION('',(-1.,4.03345419693163E-16,5.63213048622306E-18));
#4381=DIRECTION('',(0.,1.,0.));
#4382=DIRECTION('',(1.,0.,0.));
#4383=DIRECTION('center_axis',(0.,0.,-1.));
#4384=DIRECTION('ref_axis',(-1.,0.,0.));
#4385=DIRECTION('center_axis',(0.,0.,-1.));
#4386=DIRECTION('ref_axis',(1.,0.,0.));
#4387=DIRECTION('center_axis',(0.,0.,-1.));
#4388=DIRECTION('ref_axis',(-1.,0.,0.));
#4389=DIRECTION('',(1.,0.,0.));
#4390=DIRECTION('',(0.,-1.,0.));
#4391=DIRECTION('',(-1.,8.06690839386323E-16,1.12642609724461E-17));
#4392=DIRECTION('center_axis',(0.,0.,-1.));
#4393=DIRECTION('ref_axis',(-1.,0.,0.));
#4394=DIRECTION('center_axis',(0.,0.,-1.));
#4395=DIRECTION('ref_axis',(1.,2.66880534765783E-15,0.));
#4396=DIRECTION('center_axis',(0.,0.,-1.));
#4397=DIRECTION('ref_axis',(-1.,0.,0.));
#4398=DIRECTION('center_axis',(0.,0.,-1.));
#4399=DIRECTION('ref_axis',(-1.,0.,0.));
#4400=DIRECTION('center_axis',(0.,0.,1.));
#4401=DIRECTION('ref_axis',(1.,0.,0.));
#4402=DIRECTION('',(0.,-1.,0.));
#4403=DIRECTION('',(-1.,0.,0.));
#4404=DIRECTION('',(0.,1.,0.));
#4405=DIRECTION('',(1.,-5.46629840753389E-16,7.63288843871953E-18));
#4406=DIRECTION('center_axis',(0.,0.,-1.));
#4407=DIRECTION('ref_axis',(-1.,0.,0.));
#4408=DIRECTION('',(1.,-3.64419893835592E-16,5.08859229247967E-18));
#4409=DIRECTION('',(0.,-1.,0.));
#4410=DIRECTION('',(-1.,0.,0.));
#4411=DIRECTION('',(0.,1.,0.));
#4412=DIRECTION('center_axis',(0.,0.,-1.));
#4413=DIRECTION('ref_axis',(1.,-7.20577443867613E-15,0.));
#4414=DIRECTION('center_axis',(0.,-0.999902524009304,-0.0139621803391453));
#4415=DIRECTION('ref_axis',(0.,0.0139621803391453,-0.999902524009304));
#4416=DIRECTION('',(-1.,0.,0.));
#4417=DIRECTION('',(-0.0139608196270583,0.013960819627058,-0.999805076517759));
#4418=DIRECTION('',(1.,0.,0.));
#4419=DIRECTION('',(0.0139608196270583,0.0139608196270579,-0.999805076517759));
#4420=DIRECTION('center_axis',(0.,0.,-1.));
#4421=DIRECTION('ref_axis',(-1.,0.,0.));
#4422=DIRECTION('',(0.,1.,0.));
#4423=DIRECTION('',(0.,1.,0.));
#4424=DIRECTION('center_axis',(0.,0.,-1.));
#4425=DIRECTION('ref_axis',(-1.,0.,0.));
#4426=DIRECTION('center_axis',(0.,0.,-1.));
#4427=DIRECTION('ref_axis',(1.,3.46944695195374E-15,0.));
#4428=DIRECTION('center_axis',(-4.74419790989217E-11,-1.29186278736039E-11,
-1.));
#4429=DIRECTION('ref_axis',(-1.,-1.94289029309084E-13,4.74435305855707E-11));
#4430=DIRECTION('center_axis',(0.999902524009304,0.,-0.0139621803391453));
#4431=DIRECTION('ref_axis',(-0.0139621803391453,0.,-0.999902524009304));
#4432=DIRECTION('',(-0.0139621803391453,0.,-0.999902524009304));
#4433=DIRECTION('',(0.,-1.,0.));
#4434=DIRECTION('center_axis',(0.,0.,-1.));
#4435=DIRECTION('ref_axis',(-1.,0.,0.));
#4436=DIRECTION('center_axis',(0.,0.,-1.));
#4437=DIRECTION('ref_axis',(-1.,0.,0.));
#4438=DIRECTION('center_axis',(6.29196782139317E-10,6.59821006008282E-11,
-1.));
#4439=DIRECTION('ref_axis',(-0.999975206976607,0.00704169241669453,-6.28716490178752E-10));
#4440=DIRECTION('center_axis',(-2.08334119173882E-12,2.80706763715674E-11,
1.));
#4441=DIRECTION('ref_axis',(0.0745962644432323,-0.997213817258423,2.81478758079809E-11));
#4442=DIRECTION('center_axis',(-4.19805378227615E-11,-3.36522162251575E-11,
-1.));
#4443=DIRECTION('ref_axis',(0.987833030290538,0.155518179860148,-4.67031690487271E-11));
#4444=DIRECTION('center_axis',(0.,0.,-1.));
#4445=DIRECTION('ref_axis',(-1.,0.,0.));
#4446=DIRECTION('center_axis',(0.,0.,-1.));
#4447=DIRECTION('ref_axis',(-1.,0.,0.));
#4448=DIRECTION('center_axis',(0.,0.,1.));
#4449=DIRECTION('ref_axis',(1.,0.,0.));
#4450=DIRECTION('center_axis',(0.,0.,-1.));
#4451=DIRECTION('ref_axis',(-1.,0.,0.));
#4452=DIRECTION('',(-1.,3.65133748353809E-16,5.09856022963349E-18));
#4453=DIRECTION('',(0.,1.,0.));
#4454=DIRECTION('',(1.,0.,0.));
#4455=DIRECTION('center_axis',(0.,0.,-1.));
#4456=DIRECTION('ref_axis',(-1.,0.,0.));
#4457=DIRECTION('center_axis',(0.,0.,-1.));
#4458=DIRECTION('ref_axis',(1.,0.,0.));
#4459=DIRECTION('',(1.,0.,0.));
#4460=DIRECTION('',(0.,1.,0.));
#4461=DIRECTION('center_axis',(0.,0.,1.));
#4462=DIRECTION('ref_axis',(1.,0.,0.));
#4463=DIRECTION('',(0.,0.,1.));
#4464=DIRECTION('center_axis',(0.,0.,-1.));
#4465=DIRECTION('ref_axis',(-1.,-5.53037621232955E-16,0.));
#4466=DIRECTION('center_axis',(0.,0.,1.));
#4467=DIRECTION('ref_axis',(1.,0.,0.));
#4468=DIRECTION('center_axis',(0.,-7.20924041964388E-16,1.));
#4469=DIRECTION('ref_axis',(1.,0.,0.));
#4470=DIRECTION('center_axis',(0.,0.,1.));
#4471=DIRECTION('ref_axis',(1.,0.,0.));
#4472=DIRECTION('center_axis',(0.,0.,1.));
#4473=DIRECTION('ref_axis',(1.,0.,0.));
#4474=DIRECTION('center_axis',(0.,0.,1.));
#4475=DIRECTION('ref_axis',(1.,0.,0.));
#4476=DIRECTION('center_axis',(0.,0.,1.));
#4477=DIRECTION('ref_axis',(1.,0.,0.));
#4478=DIRECTION('center_axis',(-0.706900023537069,-0.707037868687156,-0.0197435803646416));
#4479=DIRECTION('ref_axis',(0.707175713838544,-0.707037841813963,-1.73472347597681E-18));
#4480=DIRECTION('',(-0.013960819627058,-0.013960819627058,0.999805076517759));
#4481=DIRECTION('',(0.707175713838543,-0.707037841813963,0.));
#4482=DIRECTION('',(0.013960819627058,0.013960819627058,-0.999805076517759));
#4483=DIRECTION('',(-0.707175713838544,0.707037841813963,0.));
#4484=DIRECTION('center_axis',(-1.08409648880463E-16,0.999902524009304,
0.0139621803391453));
#4485=DIRECTION('ref_axis',(-1.92592994438724E-34,-0.0139621803391453,0.999902524009304));
#4486=DIRECTION('',(-1.,0.,0.));
#4487=DIRECTION('',(1.,1.08399081542537E-16,1.51363506817244E-18));
#4488=DIRECTION('',(0.01745070576476,0.0139600542459043,-0.99975026369277));
#4489=DIRECTION('center_axis',(0.999847695156391,0.,0.01745240643728));
#4490=DIRECTION('ref_axis',(0.01745240643728,0.,-0.999847695156391));
#4491=DIRECTION('',(0.,1.,0.));
#4492=DIRECTION('',(-0.0174507057647601,0.0139600542459043,0.99975026369277));
#4493=DIRECTION('',(0.,1.,0.));
#4494=DIRECTION('',(0.,1.,0.));
#4495=DIRECTION('center_axis',(1.35512061100578E-16,-0.999902524009304,
0.0139621803391453));
#4496=DIRECTION('ref_axis',(0.,-0.0139621803391453,-0.999902524009304));
#4497=DIRECTION('',(-1.,-1.35498851928171E-16,1.89204383521555E-18));
#4498=DIRECTION('',(-0.013960819627058,0.013960819627058,0.999805076517759));
#4499=DIRECTION('center_axis',(0.999902524009304,0.,0.0139621803391453));
#4500=DIRECTION('ref_axis',(0.0139621803391453,0.,-0.999902524009304));
#4501=DIRECTION('',(0.,-1.,0.));
#4502=DIRECTION('',(0.0139600542459044,-0.01745070576476,-0.99975026369277));
#4503=DIRECTION('center_axis',(0.,-0.999847695156391,0.01745240643728));
#4504=DIRECTION('ref_axis',(0.,-0.01745240643728,-0.999847695156391));
#4505=DIRECTION('',(1.,0.,0.));
#4506=DIRECTION('',(0.0139600542459043,0.0174507057647599,0.99975026369277));
#4507=DIRECTION('',(1.,0.,0.));
#4508=DIRECTION('center_axis',(0.,0.,1.));
#4509=DIRECTION('ref_axis',(1.,0.,0.));
#4510=DIRECTION('center_axis',(0.,0.,-1.));
#4511=DIRECTION('ref_axis',(1.,5.44539833517241E-15,0.));
#4512=DIRECTION('center_axis',(0.,0.,1.));
#4513=DIRECTION('ref_axis',(1.,0.,0.));
#4514=DIRECTION('',(-0.0139621803390965,-1.70987394613926E-18,0.999902524009305));
#4515=DIRECTION('center_axis',(0.,0.,-1.));
#4516=DIRECTION('ref_axis',(1.,0.,0.));
#4517=DIRECTION('center_axis',(0.,0.999610115040354,0.0279216387235655));
#4518=DIRECTION('ref_axis',(0.,-0.0279216387235655,0.999610115040355));
#4519=DIRECTION('',(0.0139567377556011,-0.0279189191561502,0.999512753007371));
#4520=DIRECTION('',(0.0279107609787208,0.027910760978717,-0.999220685756244));
#4521=DIRECTION('',(1.,0.,0.));
#4522=DIRECTION('center_axis',(0.999610115040354,0.,0.0279216387235658));
#4523=DIRECTION('ref_axis',(0.0279216387235658,0.,-0.999610115040355));
#4524=DIRECTION('',(0.,-1.,0.));
#4525=DIRECTION('',(-0.0279107609787208,0.027910760978717,0.999220685756244));
#4526=DIRECTION('center_axis',(0.,-0.999610115040354,0.0279216387235655));
#4527=DIRECTION('ref_axis',(0.,-0.0279216387235655,-0.999610115040355));
#4528=DIRECTION('',(-0.0139567377556014,-0.0279189191557369,-0.999512753007382));
#4529=DIRECTION('',(-1.,0.,0.));
#4530=DIRECTION('center_axis',(0.,0.,-1.));
#4531=DIRECTION('ref_axis',(-1.,0.,0.));
#4532=DIRECTION('',(0.0139621803399881,-1.70987394624846E-18,-0.999902524009293));
#4533=DIRECTION('center_axis',(0.,0.999902524009304,-0.0139621803391453));
#4534=DIRECTION('ref_axis',(0.,0.0139621803391453,0.999902524009304));
#4535=DIRECTION('',(0.0139608196270569,-0.013960819627058,-0.999805076517759));
#4536=DIRECTION('',(0.,0.0139621803391453,0.999902524009304));
#4537=DIRECTION('center_axis',(0.,0.,-1.));
#4538=DIRECTION('ref_axis',(-1.,0.,0.));
#4539=DIRECTION('',(-0.0131403104552035,0.00471961025548573,-0.999902524009304));
#4540=DIRECTION('center_axis',(0.,0.,1.));
#4541=DIRECTION('ref_axis',(1.,0.,0.));
#4542=DIRECTION('center_axis',(-4.03384740020328E-16,-0.999902524009304,
-0.0139621803391453));
#4543=DIRECTION('ref_axis',(0.,0.0139621803391453,-0.999902524009304));
#4544=DIRECTION('',(0.0139608196270576,0.013960819627058,-0.999805076517759));
#4545=DIRECTION('center_axis',(-0.999902524009304,0.,-0.0139621803391453));
#4546=DIRECTION('ref_axis',(-0.0139621803391453,0.,0.999902524009304));
#4547=DIRECTION('center_axis',(-8.06769480040653E-16,-0.999902524009304,
-0.0139621803391453));
#4548=DIRECTION('ref_axis',(0.,0.0139621803391453,-0.999902524009304));
#4549=DIRECTION('',(-0.0139608196270576,0.013960819627058,-0.999805076517759));
#4550=DIRECTION('',(0.,-0.0139621803391453,0.999902524009304));
#4551=DIRECTION('center_axis',(0.,0.,-1.));
#4552=DIRECTION('ref_axis',(0.773686984054807,0.633568031630524,0.));
#4553=DIRECTION('',(0.0136880563730821,-0.00275310598236674,-0.999902524009304));
#4554=DIRECTION('center_axis',(0.,0.,1.));
#4555=DIRECTION('ref_axis',(-0.997324372933011,-0.0731033183499689,0.));
#4556=DIRECTION('',(-0.0131403104552035,-0.00471961025548558,0.999902524009304));
#4557=DIRECTION('center_axis',(0.,0.,-1.));
#4558=DIRECTION('ref_axis',(0.817932811731756,-0.575313753957424,0.));
#4559=DIRECTION('',(0.,-0.0139621803391453,-0.999902524009304));
#4560=DIRECTION('center_axis',(0.,0.999902524009304,-0.0139621803391453));
#4561=DIRECTION('ref_axis',(0.,0.0139621803391453,0.999902524009304));
#4562=DIRECTION('',(-0.0139608196270576,-0.0139608196270581,-0.999805076517759));
#4563=DIRECTION('center_axis',(0.999902524009304,0.,-0.0139621803391453));
#4564=DIRECTION('ref_axis',(-0.0139621803391453,0.,-0.999902524009304));
#4565=DIRECTION('center_axis',(-0.999902524009304,0.,-0.0139621803391453));
#4566=DIRECTION('ref_axis',(-0.0139621803391453,0.,0.999902524009304));
#4567=DIRECTION('',(0.0139608196270576,0.0139608196270579,-0.999805076517759));
#4568=DIRECTION('',(-0.0139608196270576,0.013960819627058,0.999805076517759));
#4569=DIRECTION('center_axis',(5.46683129233008E-16,0.999902524009304,-0.0139621803391453));
#4570=DIRECTION('ref_axis',(0.,0.0139621803391453,0.999902524009304));
#4571=DIRECTION('center_axis',(0.,0.,1.));
#4572=DIRECTION('ref_axis',(1.,0.,0.));
#4573=DIRECTION('center_axis',(0.999902524009304,0.,-0.0139621803391453));
#4574=DIRECTION('ref_axis',(-0.0139621803391453,0.,-0.999902524009304));
#4575=DIRECTION('',(-0.0139608196270576,0.013960819627058,-0.999805076517759));
#4576=DIRECTION('center_axis',(0.,-0.999902524009304,-0.0139621803391453));
#4577=DIRECTION('ref_axis',(0.,0.0139621803391453,-0.999902524009304));
#4578=DIRECTION('center_axis',(-0.999902524009304,0.,-0.0139621803391453));
#4579=DIRECTION('ref_axis',(-0.0139621803391453,0.,0.999902524009304));
#4580=DIRECTION('',(0.0139608196270576,0.0139608196270579,-0.999805076517759));
#4581=DIRECTION('center_axis',(0.,0.,1.));
#4582=DIRECTION('ref_axis',(1.,0.,0.));
#4583=DIRECTION('center_axis',(3.64455419488671E-16,0.999902524009304,-0.0139621803391453));
#4584=DIRECTION('ref_axis',(0.,0.0139621803391453,0.999902524009304));
#4585=DIRECTION('',(-0.0139608196270576,-0.013960819627058,-0.999805076517759));
#4586=DIRECTION('center_axis',(0.999902524009304,0.,-0.0139621803391453));
#4587=DIRECTION('ref_axis',(-0.0139621803391453,0.,-0.999902524009304));
#4588=DIRECTION('',(-0.0139608196270576,0.013960819627058,-0.999805076517759));
#4589=DIRECTION('center_axis',(0.,-0.999902524009304,-0.0139621803391453));
#4590=DIRECTION('ref_axis',(0.,0.0139621803391453,-0.999902524009304));
#4591=DIRECTION('center_axis',(-0.999902524009304,0.,-0.0139621803391453));
#4592=DIRECTION('ref_axis',(-0.0139621803391453,0.,0.999902524009304));
#4593=DIRECTION('',(0.0139608196270546,0.013960819627058,-0.999805076517759));
#4594=DIRECTION('',(-0.0139621803391453,0.,0.999902524009304));
#4595=DIRECTION('center_axis',(0.,0.,-1.));
#4596=DIRECTION('ref_axis',(-1.,0.,0.));
#4597=DIRECTION('',(-0.000393300854623465,-0.0139566397911735,-0.999902524009304));
#4598=DIRECTION('center_axis',(0.,0.,1.));
#4599=DIRECTION('ref_axis',(1.,0.,0.));
#4600=DIRECTION('',(-0.00668611452860478,0.0122571755446838,0.999902524009304));
#4601=DIRECTION('center_axis',(0.,0.,-1.));
#4602=DIRECTION('ref_axis',(-1.,0.,0.));
#4603=DIRECTION('',(0.0103212084211461,0.0109335722085339,0.999886958438547));
#4604=DIRECTION('center_axis',(0.,0.,-1.));
#4605=DIRECTION('ref_axis',(-0.560148797562477,0.82839201142292,0.));
#4606=DIRECTION('center_axis',(0.991973174496345,0.125545370356462,0.0150857900589774));
#4607=DIRECTION('ref_axis',(0.125674262215128,-0.992039948296266,-0.00791964652151724));
#4608=DIRECTION('center_axis',(0.,0.999902524009304,-0.0139621803391453));
#4609=DIRECTION('ref_axis',(0.,0.0139621803391453,0.999902524009304));
#4610=DIRECTION('',(0.0139608196270584,-0.013960819627058,-0.999805076517759));
#4611=DIRECTION('',(0.,0.0139621803391453,0.999902524009304));
#4612=DIRECTION('center_axis',(0.,0.,-1.));
#4613=DIRECTION('ref_axis',(-1.,0.,0.));
#4614=DIRECTION('',(-0.0131403104552035,0.00471961025548573,-0.999902524009304));
#4615=DIRECTION('center_axis',(0.,0.,1.));
#4616=DIRECTION('ref_axis',(1.,0.,0.));
#4617=DIRECTION('',(0.0136880563730821,0.00275310598236665,0.999902524009304));
#4618=DIRECTION('center_axis',(0.,0.,-1.));
#4619=DIRECTION('ref_axis',(-1.,0.,0.));
#4620=DIRECTION('',(0.,0.0139621803391453,-0.999902524009304));
#4621=DIRECTION('center_axis',(-3.65169343597348E-16,-0.999902524009304,
-0.0139621803391453));
#4622=DIRECTION('ref_axis',(0.,0.0139621803391453,-0.999902524009304));
#4623=DIRECTION('',(0.013960819627058,0.013960819627058,-0.999805076517759));
#4624=DIRECTION('center_axis',(-0.999902524009304,0.,-0.0139621803391453));
#4625=DIRECTION('ref_axis',(-0.0139621803391453,0.,0.999902524009304));
#4626=DIRECTION('center_axis',(0.,0.,1.));
#4627=DIRECTION('ref_axis',(1.,0.,0.));
#4628=DIRECTION('',(-0.0139621803390965,-1.70987394613926E-18,0.999902524009305));
#4629=DIRECTION('center_axis',(0.,0.,-1.));
#4630=DIRECTION('ref_axis',(1.,0.,0.));
#4631=DIRECTION('center_axis',(0.,0.,1.));
#4632=DIRECTION('ref_axis',(1.,0.,0.));
#4633=DIRECTION('',(-0.0139621803390965,-1.70987394613926E-18,0.999902524009305));
#4634=DIRECTION('center_axis',(0.,0.,-1.));
#4635=DIRECTION('ref_axis',(1.,0.,0.));
#4636=DIRECTION('center_axis',(0.999847695156391,0.,-0.0174524064372835));
#4637=DIRECTION('ref_axis',(-0.0174524064372835,0.,-0.999847695156391));
#4638=DIRECTION('',(0.0174524064372835,0.,0.999847695156391));
#4639=DIRECTION('',(0.,-1.,0.));
#4640=DIRECTION('',(-0.0174524064372835,0.,-0.999847695156391));
#4641=DIRECTION('center_axis',(0.,0.,1.));
#4642=DIRECTION('ref_axis',(1.,0.,0.));
#4643=DIRECTION('center_axis',(0.,0.,-1.));
#4644=DIRECTION('ref_axis',(1.,0.,0.));
#4645=DIRECTION('',(0.,-0.0174524064372835,-0.999847695156391));
#4646=DIRECTION('center_axis',(0.,0.999847695156391,-0.0174524064372835));
#4647=DIRECTION('ref_axis',(0.,0.0174524064372835,0.999847695156391));
#4648=DIRECTION('',(0.,0.0174524064372835,0.999847695156391));
#4649=DIRECTION('',(1.,0.,0.));
#4650=DIRECTION('center_axis',(0.,0.,1.));
#4651=DIRECTION('ref_axis',(1.,0.,0.));
#4652=DIRECTION('center_axis',(0.,0.,-1.));
#4653=DIRECTION('ref_axis',(1.,0.,0.));
#4654=DIRECTION('',(0.0174524064372835,0.,-0.999847695156391));
#4655=DIRECTION('center_axis',(-0.999847695156391,0.,-0.0174524064372835));
#4656=DIRECTION('ref_axis',(-0.0174524064372835,0.,0.999847695156391));
#4657=DIRECTION('',(0.,1.,0.));
#4658=DIRECTION('',(-0.0174524064372835,0.,0.999847695156391));
#4659=DIRECTION('center_axis',(0.,0.,-1.));
#4660=DIRECTION('ref_axis',(-1.,0.,0.));
#4661=DIRECTION('',(0.,-0.0174524064372835,-0.999847695156391));
#4662=DIRECTION('center_axis',(0.,0.,1.));
#4663=DIRECTION('ref_axis',(-1.,0.,0.));
#4664=DIRECTION('center_axis',(0.,0.999847695156391,-0.0174524064372835));
#4665=DIRECTION('ref_axis',(0.,0.0174524064372835,0.999847695156391));
#4666=DIRECTION('',(-1.0686516840419E-18,-0.0174524064372835,-0.999847695156391));
#4667=DIRECTION('',(1.,0.,0.));
#4668=DIRECTION('center_axis',(0.,0.,1.));
#4669=DIRECTION('ref_axis',(1.,0.,0.));
#4670=DIRECTION('',(-0.0123407149398269,0.012340714939827,-0.999847695156391));
#4671=DIRECTION('center_axis',(0.,0.,-1.));
#4672=DIRECTION('ref_axis',(1.,8.48841019110217E-16,0.));
#4673=DIRECTION('',(0.,-0.0174524064372835,0.999847695156391));
#4674=DIRECTION('center_axis',(0.70699908539882,-0.706999085398828,-0.0174524064372836));
#4675=DIRECTION('ref_axis',(0.707106781186551,0.707106781186544,0.));
#4676=DIRECTION('',(0.0123407149398269,-0.012340714939827,0.999847695156391));
#4677=DIRECTION('',(-0.707106781186551,-0.707106781186544,0.));
#4678=DIRECTION('center_axis',(0.,0.,-1.));
#4679=DIRECTION('ref_axis',(-1.,0.,0.));
#4680=DIRECTION('',(0.,0.0174524064372836,-0.999847695156391));
#4681=DIRECTION('center_axis',(0.,0.,-1.));
#4682=DIRECTION('ref_axis',(-1.,0.,0.));
#4683=DIRECTION('center_axis',(-1.08403704324319E-16,-0.999847695156391,
-0.0174524064372836));
#4684=DIRECTION('ref_axis',(0.,0.0174524064372836,-0.999847695156391));
#4685=DIRECTION('',(3.42076565909873E-17,0.0174524064372836,-0.999847695156391));
#4686=DIRECTION('',(-1.,1.08387193915085E-16,1.89190550717513E-18));
#4687=DIRECTION('center_axis',(0.,0.,1.));
#4688=DIRECTION('ref_axis',(1.,0.,0.));
#4689=DIRECTION('',(0.0174524064372836,0.,0.999847695156391));
#4690=DIRECTION('center_axis',(0.999847695156391,0.,-0.0174524064372835));
#4691=DIRECTION('ref_axis',(-0.0174524064372835,0.,-0.999847695156391));
#4692=DIRECTION('',(0.0174524064372836,2.1373033680838E-18,0.999847695156391));
#4693=DIRECTION('center_axis',(0.,0.,-1.));
#4694=DIRECTION('ref_axis',(-1.,0.,0.));
#4695=DIRECTION('',(-0.0142792416305047,0.0100344281805092,-0.999847695156391));
#4696=DIRECTION('center_axis',(0.,0.,1.));
#4697=DIRECTION('ref_axis',(-1.,-2.64831166604559E-15,0.));
#4698=DIRECTION('center_axis',(0.,0.,1.));
#4699=DIRECTION('ref_axis',(1.,0.,0.));
#4700=DIRECTION('',(0.0142792416305047,0.0100344281805092,0.999847695156391));
#4701=DIRECTION('center_axis',(0.,0.,-1.));
#4702=DIRECTION('ref_axis',(1.,0.,0.));
#4703=DIRECTION('center_axis',(0.,0.,1.));
#4704=DIRECTION('ref_axis',(1.,0.,0.));
#4705=DIRECTION('center_axis',(0.,0.,1.));
#4706=DIRECTION('ref_axis',(1.,0.,0.));
#4707=DIRECTION('center_axis',(0.999902524009304,0.,-0.0139621803391453));
#4708=DIRECTION('ref_axis',(-0.0139621803391453,0.,-0.999902524009304));
#4709=DIRECTION('',(0.,-1.,0.));
#4710=DIRECTION('',(0.0139608196270576,-0.0139608196270579,0.999805076517759));
#4711=DIRECTION('center_axis',(2.61246307632031E-16,0.999902524009304,-0.0139621803391453));
#4712=DIRECTION('ref_axis',(0.,0.0139621803391453,0.999902524009304));
#4713=DIRECTION('',(1.,-2.61220842389379E-16,3.64756806009425E-18));
#4714=DIRECTION('',(0.0139608196270576,-0.013960819627058,-0.999805076517759));
#4715=DIRECTION('center_axis',(0.,0.,-1.));
#4716=DIRECTION('ref_axis',(-1.,0.,0.));
#4717=DIRECTION('',(1.,0.,0.));
#4718=DIRECTION('',(0.,-1.,0.));
#4719=DIRECTION('center_axis',(0.,0.,1.));
#4720=DIRECTION('ref_axis',(1.,0.,0.));
#4721=DIRECTION('center_axis',(0.,0.,-1.));
#4722=DIRECTION('ref_axis',(-1.,0.,0.));
#4723=DIRECTION('center_axis',(0.,0.,-1.));
#4724=DIRECTION('ref_axis',(-1.,0.,0.));
#4725=DIRECTION('center_axis',(0.,0.,-1.));
#4726=DIRECTION('ref_axis',(1.,0.,0.));
#4727=DIRECTION('',(0.,0.,-1.));
#4728=DIRECTION('center_axis',(0.,0.,-1.));
#4729=DIRECTION('ref_axis',(1.,0.,0.));
#4730=DIRECTION('center_axis',(0.,0.,1.));
#4731=DIRECTION('ref_axis',(1.,0.,0.));
#4732=DIRECTION('',(-0.013962180338728,-1.70987394609414E-18,0.99990252400931));
#4733=DIRECTION('center_axis',(0.,0.,-1.));
#4734=DIRECTION('ref_axis',(1.,0.,0.));
#4735=DIRECTION('center_axis',(0.,0.,1.));
#4736=DIRECTION('ref_axis',(1.,0.,0.));
#4737=DIRECTION('',(-0.013962180338728,-1.70987394609414E-18,0.99990252400931));
#4738=DIRECTION('center_axis',(0.,0.,-1.));
#4739=DIRECTION('ref_axis',(1.,0.,0.));
#4740=DIRECTION('center_axis',(-0.819107129662659,-0.573544986791117,0.0104717841162458));
#4741=DIRECTION('ref_axis',(0.573576436351049,-0.81915204428899,-8.67361737988403E-19));
#4742=DIRECTION('',(0.0145835524002208,-0.00257147376273391,0.999890347749231));
#4743=DIRECTION('',(0.573576436351049,-0.819152044288989,0.));
#4744=DIRECTION('',(-0.00257147376273391,-0.0145835524002186,-0.999890347749231));
#4745=DIRECTION('',(-0.573576436351049,0.819152044288989,0.));
#4746=DIRECTION('center_axis',(0.,0.,1.));
#4747=DIRECTION('ref_axis',(1.,0.,0.));
#4748=DIRECTION('',(0.0174524064372835,0.,-0.999847695156391));
#4749=DIRECTION('center_axis',(0.,0.,-1.));
#4750=DIRECTION('ref_axis',(1.,0.,0.));
#4751=DIRECTION('center_axis',(0.,0.,-1.));
#4752=DIRECTION('ref_axis',(-1.,0.,0.));
#4753=DIRECTION('center_axis',(1.34192788261875E-15,-2.72115544243636E-15,
1.));
#4754=DIRECTION('ref_axis',(0.573577658041925,-0.819151188850471,-3.05342539505925E-15));
#4755=DIRECTION('',(-0.81915204428899,-0.573576436351049,0.));
#4756=DIRECTION('center_axis',(-1.33841008900297E-15,2.71404804863037E-15,
1.));
#4757=DIRECTION('ref_axis',(-0.573567981600321,0.819157964304159,-3.04500070038066E-15));
#4758=DIRECTION('',(1.,0.,0.));
#4759=DIRECTION('center_axis',(0.,0.,1.));
#4760=DIRECTION('ref_axis',(-1.,0.,0.));
#4761=DIRECTION('',(-1.82546852909616E-16,1.,-3.18636716997915E-18));
#4762=DIRECTION('center_axis',(6.69861412222913E-16,-6.69898145550423E-16,
1.));
#4763=DIRECTION('ref_axis',(0.780879949632775,0.624681122062701,-1.04608620607407E-16));
#4764=DIRECTION('',(-1.,0.,0.));
#4765=DIRECTION('center_axis',(0.,0.,-1.));
#4766=DIRECTION('ref_axis',(-1.,0.,0.));
#4767=DIRECTION('',(0.,0.0174524064372835,0.999847695156391));
#4768=DIRECTION('center_axis',(0.,0.,-1.));
#4769=DIRECTION('ref_axis',(-1.,0.,0.));
#4770=DIRECTION('',(-0.0174524064372835,0.,-0.999847695156391));
#4771=DIRECTION('center_axis',(0.,0.,1.));
#4772=DIRECTION('ref_axis',(-1.,0.,0.));
#4773=DIRECTION('center_axis',(-1.60859589211931E-16,0.999902524009304,
0.0139621803391453));
#4774=DIRECTION('ref_axis',(0.,-0.0139621803391453,0.999902524009304));
#4775=DIRECTION('',(-1.,0.,0.));
#4776=DIRECTION('center_axis',(8.97311494982699E-13,-0.999902524009305,
-0.013962180339121));
#4777=DIRECTION('ref_axis',(0.999616419431416,-0.000386682830149572,0.0276923180594219));
#4778=DIRECTION('',(1.,1.6084390926411E-16,2.24595059385781E-18));
#4779=DIRECTION('center_axis',(0.,0.,-1.));
#4780=DIRECTION('ref_axis',(-1.,0.,0.));
#4781=DIRECTION('center_axis',(-1.82329794993492E-15,3.62673359129728E-16,
1.));
#4782=DIRECTION('ref_axis',(-0.999999999994467,-3.32643961174991E-6,-1.94309530106106E-15));
#4783=DIRECTION('',(0.,1.,0.));
#4784=DIRECTION('center_axis',(-6.44363090017068E-15,1.34447791618792E-15,
1.));
#4785=DIRECTION('ref_axis',(0.999999999969659,7.78981460948848E-6,6.38389630437374E-15));
#4786=DIRECTION('',(0.,-1.,0.));
#4787=DIRECTION('center_axis',(0.,0.,1.));
#4788=DIRECTION('ref_axis',(0.424760953575482,0.905305546386217,0.));
#4789=DIRECTION('',(0.707106781186544,0.707106781186551,0.));
#4790=DIRECTION('center_axis',(0.,0.,1.));
#4791=DIRECTION('ref_axis',(1.,0.,0.));
#4792=DIRECTION('center_axis',(0.,0.,1.));
#4793=DIRECTION('ref_axis',(-0.707106781186451,0.707106781186644,0.));
#4794=DIRECTION('',(0.,1.,0.));
#4795=DIRECTION('center_axis',(-0.999902524009304,0.,0.0139621803391453));
#4796=DIRECTION('ref_axis',(0.0139621803391453,0.,0.999902524009304));
#4797=DIRECTION('',(0.,-1.,0.));
#4798=DIRECTION('center_axis',(0.999902524009304,0.,-0.0139621803391424));
#4799=DIRECTION('ref_axis',(-0.0139621803391424,0.,-0.999902524009304));
#4800=DIRECTION('',(0.,-1.,0.));
#4801=DIRECTION('center_axis',(0.,0.,-1.));
#4802=DIRECTION('ref_axis',(-1.,0.,0.));
#4803=DIRECTION('',(0.,1.,0.));
#4804=DIRECTION('',(0.,1.,0.));
#4805=DIRECTION('',(-1.,0.,0.));
#4806=DIRECTION('center_axis',(0.,-0.999847695156391,-0.0174524064372835));
#4807=DIRECTION('ref_axis',(0.,0.0174524064372835,-0.999847695156391));
#4808=DIRECTION('',(0.0139600542459041,0.0174507057647599,-0.99975026369277));
#4809=DIRECTION('center_axis',(0.,0.,1.));
#4810=DIRECTION('ref_axis',(1.,0.,0.));
#4811=DIRECTION('',(-0.013962180338728,-1.70987394609414E-18,0.99990252400931));
#4812=DIRECTION('center_axis',(0.,0.,-1.));
#4813=DIRECTION('ref_axis',(1.,0.,0.));
#4814=DIRECTION('center_axis',(0.,0.,-1.));
#4815=DIRECTION('ref_axis',(-1.,0.,0.));
#4816=DIRECTION('center_axis',(0.,0.,-1.));
#4817=DIRECTION('ref_axis',(1.,0.,0.));
#4818=DIRECTION('center_axis',(0.,-7.40905855393349E-16,1.));
#4819=DIRECTION('ref_axis',(0.,1.,7.40905855393349E-16));
#4820=DIRECTION('center_axis',(0.,0.,-1.));
#4821=DIRECTION('ref_axis',(1.,9.87503301207108E-16,0.));
#4822=DIRECTION('center_axis',(0.,0.,1.));
#4823=DIRECTION('ref_axis',(1.,0.,0.));
#4824=DIRECTION('',(0.0113679843684543,0.00810625753485508,0.999902524009304));
#4825=DIRECTION('center_axis',(0.,0.,1.));
#4826=DIRECTION('ref_axis',(1.,0.,0.));
#4827=DIRECTION('',(8.5493697307262E-19,0.0139621803391453,-0.999902524009304));
#4828=DIRECTION('center_axis',(0.,-0.999902524009304,-0.0139621803391453));
#4829=DIRECTION('ref_axis',(0.,0.0139621803391453,-0.999902524009304));
#4830=DIRECTION('',(-1.,0.,0.));
#4831=DIRECTION('',(-0.0139608196270574,-0.013960819627058,0.999805076517759));
#4832=DIRECTION('center_axis',(-0.999902524009304,0.,-0.0139621803391453));
#4833=DIRECTION('ref_axis',(-0.0139621803391453,0.,0.999902524009304));
#4834=DIRECTION('',(0.,1.,0.));
#4835=DIRECTION('',(-0.0139621803391453,0.,0.999902524009304));
#4836=DIRECTION('center_axis',(0.,0.,1.));
#4837=DIRECTION('ref_axis',(1.,0.,0.));
#4838=DIRECTION('center_axis',(0.,0.,1.));
#4839=DIRECTION('ref_axis',(1.,0.,0.));
#4840=DIRECTION('',(0.00132186322737473,-0.0138994660843836,-0.999902524009304));
#4841=DIRECTION('center_axis',(0.,0.,-1.));
#4842=DIRECTION('ref_axis',(0.415293373248554,0.909687536539793,0.));
#4843=DIRECTION('center_axis',(0.,0.,-1.));
#4844=DIRECTION('ref_axis',(-1.,0.,0.));
#4845=DIRECTION('center_axis',(0.,0.,1.));
#4846=DIRECTION('ref_axis',(1.,0.,0.));
#4847=DIRECTION('',(-0.0139621803390965,-1.70987394613926E-18,0.999902524009305));
#4848=DIRECTION('center_axis',(0.,0.,-1.));
#4849=DIRECTION('ref_axis',(1.,0.,0.));
#4850=DIRECTION('center_axis',(0.,0.,-1.));
#4851=DIRECTION('ref_axis',(-1.,0.,0.));
#4852=DIRECTION('center_axis',(0.,0.,-1.));
#4853=DIRECTION('ref_axis',(-1.,0.,0.));
#4854=DIRECTION('',(-0.010471784115164,1.28242368979977E-18,0.999945169365523));
#4855=DIRECTION('center_axis',(-0.706999085398823,-0.706999085398825,-0.0174524064372836));
#4856=DIRECTION('ref_axis',(0.707106781186549,-0.707106781186546,0.));
#4857=DIRECTION('',(0.0174519504344228,0.00722883455980082,-0.999821570769976));
#4858=DIRECTION('',(-0.707106781186549,0.707106781186546,0.));
#4859=DIRECTION('',(0.0123407149398269,0.012340714939827,-0.999847695156391));
#4860=DIRECTION('center_axis',(0.,0.,1.));
#4861=DIRECTION('ref_axis',(1.,0.,0.));
#4862=DIRECTION('center_axis',(0.,0.,-1.));
#4863=DIRECTION('ref_axis',(1.,7.21514866244319E-15,0.));
#4864=DIRECTION('',(-0.0174524064372835,0.,0.999847695156391));
#4865=DIRECTION('center_axis',(-0.999847695156391,0.,-0.0174524064372835));
#4866=DIRECTION('ref_axis',(-0.0174524064372835,0.,0.999847695156391));
#4867=DIRECTION('',(0.,1.,0.));
#4868=DIRECTION('',(0.0174524064372835,0.,-0.999847695156391));
#4869=DIRECTION('center_axis',(0.,0.,1.));
#4870=DIRECTION('ref_axis',(1.,0.,0.));
#4871=DIRECTION('center_axis',(0.,0.,1.));
#4872=DIRECTION('ref_axis',(1.,0.,0.));
#4873=DIRECTION('',(-0.0123407149398269,0.012340714939827,0.999847695156391));
#4874=DIRECTION('center_axis',(-0.706999085398823,0.706999085398826,-0.0174524064372836));
#4875=DIRECTION('ref_axis',(-0.707106781186549,-0.707106781186546,0.));
#4876=DIRECTION('',(0.707106781186549,0.707106781186546,0.));
#4877=DIRECTION('',(0.0174519504344227,-0.00722883455980099,-0.999821570769976));
#4878=DIRECTION('center_axis',(0.,0.,1.));
#4879=DIRECTION('ref_axis',(1.,0.,0.));
#4880=DIRECTION('',(1.,2.20765142284427E-16,0.));
#4881=DIRECTION('center_axis',(0.,0.,1.));
#4882=DIRECTION('ref_axis',(-1.,1.05243476695681E-14,0.));
#4883=DIRECTION('',(-1.,-2.19481255807145E-15,2.2984863558402E-17));
#4884=DIRECTION('center_axis',(0.,0.,-1.));
#4885=DIRECTION('ref_axis',(1.,9.87503301207108E-16,0.));
#4886=DIRECTION('center_axis',(0.,0.,1.));
#4887=DIRECTION('ref_axis',(-1.,-2.25114288069871E-13,0.));
#4888=DIRECTION('',(0.,1.,0.));
#4889=DIRECTION('',(-1.,0.,0.));
#4890=DIRECTION('',(-1.,0.,0.));
#4891=DIRECTION('',(-1.,0.,0.));
#4892=DIRECTION('',(-1.,0.,0.));
#4893=DIRECTION('',(1.,0.,0.));
#4894=DIRECTION('center_axis',(0.,0.,-1.));
#4895=DIRECTION('ref_axis',(-1.,0.,0.));
#4896=DIRECTION('',(0.,-1.,0.));
#4897=DIRECTION('center_axis',(0.,0.,-1.));
#4898=DIRECTION('ref_axis',(-0.923879532508369,0.382683432372135,0.));
#4899=DIRECTION('',(-0.707106781186544,-0.707106781186551,0.));
#4900=DIRECTION('center_axis',(0.,0.,1.));
#4901=DIRECTION('ref_axis',(-0.92387953251037,0.382683432367303,0.));
#4902=DIRECTION('',(0.,-1.,0.));
#4903=DIRECTION('',(1.,0.,0.));
#4904=DIRECTION('center_axis',(0.,0.,-1.));
#4905=DIRECTION('ref_axis',(-1.,0.,0.));
#4906=DIRECTION('',(-1.,0.,0.));
#4907=DIRECTION('',(0.,-1.,0.));
#4908=DIRECTION('',(0.573576436351048,-0.81915204428899,0.));
#4909=DIRECTION('',(0.81915204428899,0.573576436351049,0.));
#4910=DIRECTION('',(-0.81915204428899,-0.573576436351049,0.));
#4911=DIRECTION('',(0.573576436351048,-0.81915204428899,0.));
#4912=DIRECTION('',(1.,0.,0.));
#4913=DIRECTION('',(0.81915204428899,0.573576436351049,0.));
#4914=DIRECTION('center_axis',(0.,0.,-1.));
#4915=DIRECTION('ref_axis',(-0.300705799502637,0.953716950748743,0.));
#4916=DIRECTION('center_axis',(0.,0.,1.));
#4917=DIRECTION('ref_axis',(1.,0.,0.));
#4918=DIRECTION('center_axis',(0.,0.,1.));
#4919=DIRECTION('ref_axis',(1.,0.,0.));
#4920=DIRECTION('',(-0.0102887109673604,0.00194953563890894,-0.999945169365512));
#4921=DIRECTION('',(0.,0.0104717841162458,0.999945169365512));
#4922=DIRECTION('center_axis',(2.19493290763544E-15,-0.999945169365512,
0.0104717841162458));
#4923=DIRECTION('ref_axis',(-3.08148791101958E-33,-0.0104717841162458,-0.999945169365512));
#4924=DIRECTION('',(-1.,0.,0.));
#4925=DIRECTION('center_axis',(-2.25170171478106E-15,-3.00392463737731E-15,
1.));
#4926=DIRECTION('ref_axis',(1.,0.,2.09805925913415E-15));
#4927=DIRECTION('center_axis',(6.56501239499028E-30,-1.,-3.00392463737731E-15));
#4928=DIRECTION('ref_axis',(-1.,0.,-2.18547839493141E-15));
#4929=DIRECTION('center_axis',(0.,0.,-1.));
#4930=DIRECTION('ref_axis',(-1.,0.,0.));
#4931=DIRECTION('center_axis',(0.,0.,-1.));
#4932=DIRECTION('ref_axis',(-1.,0.,0.));
#4933=DIRECTION('',(0.0139621803391684,-1.70987394614807E-18,-0.999902524009304));
#4934=DIRECTION('center_axis',(0.,0.,-1.));
#4935=DIRECTION('ref_axis',(-1.,0.,0.));
#4936=DIRECTION('center_axis',(0.,0.,-1.));
#4937=DIRECTION('ref_axis',(-1.,0.,0.));
#4938=DIRECTION('',(0.0139621803391684,-1.70987394614807E-18,-0.999902524009304));
#4939=DIRECTION('center_axis',(-1.4091428348416E-15,-3.60079174233312E-15,
1.));
#4940=DIRECTION('ref_axis',(1.,0.,1.11939955923523E-15));
#4941=DIRECTION('center_axis',(5.03840586158196E-30,-1.,-3.60079174233312E-15));
#4942=DIRECTION('ref_axis',(-1.,0.,-1.39924944904404E-15));
#4943=DIRECTION('center_axis',(-1.65093014403727E-15,5.54158903957004E-15,
1.));
#4944=DIRECTION('ref_axis',(1.,0.,1.67909933885283E-15));
#4945=DIRECTION('center_axis',(-7.75406541044678E-30,-1.,5.54158903957004E-15));
#4946=DIRECTION('ref_axis',(-1.,0.,-1.39924944904402E-15));
#4947=DIRECTION('center_axis',(-0.707068010073088,0.707068010073081,0.0104717841162458));
#4948=DIRECTION('ref_axis',(-0.707106781186544,-0.707106781186551,0.));
#4949=DIRECTION('',(0.00339394698897431,-0.0114151539212143,0.99992908517794));
#4950=DIRECTION('',(-0.003393946989019,0.0114151539211697,-0.99992908517794));
#4951=DIRECTION('',(-0.707106781186544,-0.707106781186551,0.));
#4952=DIRECTION('center_axis',(-0.0136890601564316,0.00567019437293507,
0.999890223238435));
#4953=DIRECTION('ref_axis',(0.9999062986622,0.0001370259028207,0.0136885031892294));
#4954=DIRECTION('center_axis',(0.,0.,1.));
#4955=DIRECTION('ref_axis',(-0.923879532507511,0.382683432374206,0.));
#4956=DIRECTION('',(-0.0104716156768702,-0.00567184981508752,-0.99992908517794));
#4957=DIRECTION('center_axis',(-0.999945169365512,0.,0.0104717841162458));
#4958=DIRECTION('ref_axis',(0.0104717841162458,0.,0.999945169365512));
#4959=DIRECTION('',(0.,-1.,0.));
#4960=DIRECTION('',(-0.0104712100046363,-0.0104712100046363,-0.999890347749231));
#4961=DIRECTION('center_axis',(0.,-0.999945169365512,0.0104717841162458));
#4962=DIRECTION('ref_axis',(0.,-0.0104717841162458,-0.999945169365512));
#4963=DIRECTION('',(-1.,0.,0.));
#4964=DIRECTION('center_axis',(0.,0.,-1.));
#4965=DIRECTION('ref_axis',(-1.,0.,0.));
#4966=DIRECTION('center_axis',(0.,0.,1.));
#4967=DIRECTION('ref_axis',(-1.,0.,0.));
#4968=DIRECTION('center_axis',(0.,0.999945169365512,0.0104717841162458));
#4969=DIRECTION('ref_axis',(0.,-0.0104717841162458,0.999945169365512));
#4970=DIRECTION('',(1.,0.,0.));
#4971=DIRECTION('',(0.0104712100046363,-0.0104712100046367,0.999890347749231));
#4972=DIRECTION('center_axis',(-0.999945169365512,0.,0.0104717841162458));
#4973=DIRECTION('ref_axis',(0.0104717841162458,0.,0.999945169365512));
#4974=DIRECTION('',(0.,-1.,0.));
#4975=DIRECTION('',(-0.0104717270376738,-0.00330172285245184,-0.999939718962625));
#4976=DIRECTION('center_axis',(-0.81910712966266,-0.573544986791116,0.0104717841162458));
#4977=DIRECTION('ref_axis',(0.573576436351048,-0.819152044288991,0.));
#4978=DIRECTION('',(0.573576436351047,-0.819152044288991,0.));
#4979=DIRECTION('',(-0.00257147376273466,-0.0145835524002192,-0.999890347749231));
#4980=DIRECTION('center_axis',(0.573544986791116,-0.81910712966266,0.0104717841162458));
#4981=DIRECTION('ref_axis',(0.81915204428899,0.573576436351049,0.));
#4982=DIRECTION('',(0.81915204428899,0.573576436351048,0.));
#4983=DIRECTION('',(-0.574964824551284,-0.411634384615225,-0.707087394832603));
#4984=DIRECTION('center_axis',(-0.579227965339569,-0.405579787672642,0.707106781186546));
#4985=DIRECTION('ref_axis',(0.773589321594955,-2.77555756156289E-17,0.633687274224643));
#4986=DIRECTION('',(-0.573576436351048,0.81915204428899,0.));
#4987=DIRECTION('',(0.583459345384918,0.399502951618438,0.707087394832605));
#4988=DIRECTION('center_axis',(-0.573544986791116,0.81910712966266,0.0104717841162458));
#4989=DIRECTION('ref_axis',(-0.81915204428899,-0.573576436351049,0.));
#4990=DIRECTION('',(-0.0145835524002199,0.002571473762735,-0.999890347749231));
#4991=DIRECTION('',(-0.81915204428899,-0.573576436351048,0.));
#4992=DIRECTION('center_axis',(-0.81910712966266,-0.573544986791116,0.0104717841162458));
#4993=DIRECTION('ref_axis',(0.573576436351048,-0.819152044288991,0.));
#4994=DIRECTION('',(0.573576436351047,-0.819152044288991,0.));
#4995=DIRECTION('',(-0.00545118477749286,-0.0104716285283824,-0.999930312362059));
#4996=DIRECTION('center_axis',(0.,-0.999945169365512,0.0104717841162458));
#4997=DIRECTION('ref_axis',(0.,-0.0104717841162458,-0.999945169365512));
#4998=DIRECTION('',(-1.,0.,0.));
#4999=DIRECTION('',(-0.00330172285244962,0.0104717270376749,0.999939718962625));
#5000=DIRECTION('center_axis',(0.573544986791116,-0.81910712966266,0.0104717841162458));
#5001=DIRECTION('ref_axis',(0.81915204428899,0.573576436351049,0.));
#5002=DIRECTION('',(-0.00954301161982316,0.00610148012432915,0.999935849377107));
#5003=DIRECTION('',(0.81915204428899,0.573576436351048,0.));
#5004=DIRECTION('center_axis',(-0.00431625205596002,0.0136894025863723,
-0.999896979805929));
#5005=DIRECTION('ref_axis',(0.573608133582664,-0.819015456618944,-0.0136890798476724));
#5006=DIRECTION('center_axis',(0.,0.,-1.));
#5007=DIRECTION('ref_axis',(-0.30070579957096,0.953716950727201,0.));
#5008=DIRECTION('',(-0.00431751225087225,-0.0104716865139877,-0.999935849377107));
#5009=DIRECTION('center_axis',(2.20753037591603E-16,-0.999945169365512,
0.0104717841162458));
#5010=DIRECTION('ref_axis',(3.85185988877447E-34,-0.0104717841162458,-0.999945169365512));
#5011=DIRECTION('',(1.,0.,0.));
#5012=DIRECTION('center_axis',(0.,0.,-1.));
#5013=DIRECTION('ref_axis',(0.714060184571499,-0.700084318357237,0.));
#5014=DIRECTION('center_axis',(0.,0.,1.));
#5015=DIRECTION('ref_axis',(-1.,0.,0.));
#5016=DIRECTION('',(-0.00286898194965637,-0.0100711074440602,-0.999945169365512));
#5017=DIRECTION('center_axis',(0.,0.,-1.));
#5018=DIRECTION('ref_axis',(-1.,0.,0.));
#5019=DIRECTION('center_axis',(0.,0.,1.));
#5020=DIRECTION('ref_axis',(1.,0.,0.));
#5021=DIRECTION('center_axis',(0.,0.,-1.));
#5022=DIRECTION('ref_axis',(1.,-8.80009175069784E-15,0.));
#5023=DIRECTION('',(-0.0104717841162458,0.,0.999945169365512));
#5024=DIRECTION('center_axis',(0.,0.,1.));
#5025=DIRECTION('ref_axis',(1.,0.,0.));
#5026=DIRECTION('center_axis',(0.999945169365512,1.82592458946101E-16,0.0104717841162458));
#5027=DIRECTION('ref_axis',(0.0104717841162458,0.,-0.999945169365512));
#5028=DIRECTION('',(0.,1.,0.));
#5029=DIRECTION('',(0.,-1.,0.));
#5030=DIRECTION('center_axis',(0.,0.,1.));
#5031=DIRECTION('ref_axis',(1.,0.,0.));
#5032=DIRECTION('center_axis',(0.,0.,1.));
#5033=DIRECTION('ref_axis',(1.,0.,0.));
#5034=DIRECTION('center_axis',(0.,0.,-1.));
#5035=DIRECTION('ref_axis',(1.,0.,0.));
#5036=DIRECTION('center_axis',(1.38770268799037E-15,-0.999945169365512,
0.0104717841162458));
#5037=DIRECTION('ref_axis',(0.,-0.0104717841162458,-0.999945169365512));
#5038=DIRECTION('',(-1.,0.,0.));
#5039=DIRECTION('',(1.,0.,0.));
#5040=DIRECTION('',(-0.017451449802208,0.0104701893876576,0.999792889569629));
#5041=DIRECTION('center_axis',(-0.999847695156391,-1.82574659914642E-16,
-0.0174524064372835));
#5042=DIRECTION('ref_axis',(-0.0174524064372835,0.,0.999847695156391));
#5043=DIRECTION('',(-1.82546852909616E-16,1.,-3.18636716997915E-18));
#5044=DIRECTION('',(-1.82546852909616E-16,1.,-3.18636716997915E-18));
#5045=DIRECTION('',(0.0174507057647598,0.0139600542459047,-0.99975026369277));
#5046=DIRECTION('center_axis',(0.01745070576476,0.0139600542459043,-0.99975026369277));
#5047=DIRECTION('ref_axis',(-0.999847695156391,2.71050543121376E-20,-0.0174524064372835));
#5048=DIRECTION('center_axis',(-5.35889129778315E-15,5.35918516440322E-15,
1.));
#5049=DIRECTION('ref_axis',(0.780879949689928,0.624681121991257,8.36868965548393E-16));
#5050=DIRECTION('',(0.01745070576476,0.0139600542459043,-0.99975026369277));
#5051=DIRECTION('center_axis',(-2.20743622983472E-16,0.999902524009304,
0.0139621803391453));
#5052=DIRECTION('ref_axis',(-3.85185988877447E-34,-0.0139621803391453,0.999902524009304));
#5053=DIRECTION('',(-1.,0.,0.));
#5054=DIRECTION('',(-0.00440221589404016,0.0139620450484192,-0.999892835154492));
#5055=DIRECTION('center_axis',(0.00440221589404051,-0.0139620450484195,
0.999892835154492));
#5056=DIRECTION('ref_axis',(-2.03287907341032E-19,-0.999902524009304,-0.0139621803391453));
#5057=DIRECTION('',(0.00440221589404093,-0.0139620450484192,0.999892835154492));
#5058=DIRECTION('center_axis',(0.,0.,-1.));
#5059=DIRECTION('ref_axis',(-1.491409992415E-6,-0.999999999998888,0.));
#5060=DIRECTION('center_axis',(-0.573520526419676,0.819072196631943,0.0139621803391453));
#5061=DIRECTION('ref_axis',(-0.81915204428899,-0.573576436351049,0.));
#5062=DIRECTION('',(-0.81915204428899,-0.573576436351049,0.));
#5063=DIRECTION('',(0.0492059255931504,0.0174312655478998,0.998636534414759));
#5064=DIRECTION('center_axis',(-0.0492059255931504,-0.0174312655478999,
-0.998636534414759));
#5065=DIRECTION('ref_axis',(-0.998788286363356,6.50521303491302E-19,0.0492134028832694));
#5066=DIRECTION('center_axis',(0.,0.,1.));
#5067=DIRECTION('ref_axis',(-0.573567981600254,0.819157964304206,0.));
#5068=DIRECTION('',(0.0492059255931505,0.0174312655478997,0.998636534414759));
#5069=DIRECTION('center_axis',(0.,0.999847695156391,-0.0174524064372835));
#5070=DIRECTION('ref_axis',(0.,0.0174524064372835,0.999847695156391));
#5071=DIRECTION('',(1.,0.,0.));
#5072=DIRECTION('',(-0.00908477282365975,-0.0174516862218438,-0.999806434041488));
#5073=DIRECTION('center_axis',(-0.00908477282365981,-0.0174516862218439,
-0.999806434041488));
#5074=DIRECTION('ref_axis',(2.71050543121376E-20,0.999847695156391,-0.0174524064372835));
#5075=DIRECTION('center_axis',(-1.20232772541636E-15,-4.91361532410965E-15,
-1.));
#5076=DIRECTION('ref_axis',(0.819157836380907,0.573568164297629,-3.3312410482011E-15));
#5077=DIRECTION('',(0.0090847728236599,0.0174516862218438,0.999806434041488));
#5078=DIRECTION('center_axis',(0.819027283464993,0.573489077881612,-0.0174524064372835));
#5079=DIRECTION('ref_axis',(-0.573576436351048,0.81915204428899,0.));
#5080=DIRECTION('',(0.573576436351048,-0.819152044288991,0.));
#5081=DIRECTION('',(-0.0174521422142335,-0.00550263930349112,-0.999832557827975));
#5082=DIRECTION('center_axis',(-0.0174521422142332,-0.00550263930349153,
-0.999832557827975));
#5083=DIRECTION('ref_axis',(-0.999847695156391,0.,0.0174524064372835));
#5084=DIRECTION('center_axis',(1.19955788818527E-14,1.84628187023065E-15,
1.));
#5085=DIRECTION('ref_axis',(0.819150707721619,0.573578345162342,-1.11040034912806E-14));
#5086=DIRECTION('',(0.0174521422142332,0.00550263930349173,0.999832557827974));
#5087=DIRECTION('center_axis',(0.999847695156391,0.,-0.0174524064372835));
#5088=DIRECTION('ref_axis',(-0.0174524064372835,0.,-0.999847695156391));
#5089=DIRECTION('',(0.,-1.,0.));
#5090=DIRECTION('',(-0.0174403453415559,-0.0371711223352828,-0.999156715444931));
#5091=DIRECTION('center_axis',(-0.0174403453415559,-0.0371711223352827,
-0.999156715444931));
#5092=DIRECTION('ref_axis',(4.33680868994202E-19,0.999308704691961,-0.0371767767144283));
#5093=DIRECTION('center_axis',(0.,0.,1.));
#5094=DIRECTION('ref_axis',(0.424760953575482,0.905305546386217,0.));
#5095=DIRECTION('',(-0.0174403453415559,-0.0371711223352827,-0.999156715444931));
#5096=DIRECTION('center_axis',(0.707037855252528,-0.70703785525252,0.0139621803391453));
#5097=DIRECTION('ref_axis',(0.707106781186544,0.707106781186551,-8.67361737988403E-19));
#5098=DIRECTION('',(0.707106781186544,0.707106781186551,0.));
#5099=DIRECTION('',(0.013961946849584,-0.00578322774222997,-0.999885802638007));
#5100=DIRECTION('center_axis',(-0.0139619468495841,0.00578322774222999,
0.999885802638007));
#5101=DIRECTION('ref_axis',(0.999902524009304,1.62630325872826E-19,0.0139621803391453));
#5102=DIRECTION('',(-0.0139619468495841,0.00578322774223006,0.999885802638007));
#5103=DIRECTION('center_axis',(-1.34760523442153E-14,5.58196364822364E-15,
-1.));
#5104=DIRECTION('ref_axis',(-0.707104429034637,0.707109133330633,1.33240820644185E-14));
#5105=DIRECTION('center_axis',(0.999902524009304,1.08409648880463E-16,0.0139621803391453));
#5106=DIRECTION('ref_axis',(0.0139621803391453,-1.92592994438724E-34,-0.999902524009304));
#5107=DIRECTION('',(0.,1.,0.));
#5108=DIRECTION('',(0.013960819627058,-0.013960819627058,-0.999805076517759));
#5109=DIRECTION('center_axis',(0.013960819627058,-0.013960819627058,-0.999805076517759));
#5110=DIRECTION('ref_axis',(-0.999902524009304,-4.87890977618477E-19,-0.0139621803391453));
#5111=DIRECTION('center_axis',(0.,0.,1.));
#5112=DIRECTION('ref_axis',(-0.707106781186451,0.707106781186644,0.));
#5113=DIRECTION('center_axis',(0.999902524009304,0.,0.0139621803391453));
#5114=DIRECTION('ref_axis',(0.0139621803391453,0.,-0.999902524009304));
#5115=DIRECTION('',(0.,1.,0.));
#5116=DIRECTION('',(-0.0139600542459043,-0.0174507057647601,0.99975026369277));
#5117=DIRECTION('center_axis',(-1.92717696576566E-16,-0.999847695156391,
-0.0174524064372835));
#5118=DIRECTION('ref_axis',(3.85185988877447E-34,0.0174524064372835,-0.999847695156391));
#5119=DIRECTION('',(-1.,1.92688344737928E-16,3.36338756831132E-18));
#5120=DIRECTION('',(0.,0.0174524064372835,-0.999847695156391));
#5121=DIRECTION('center_axis',(0.,0.,1.));
#5122=DIRECTION('ref_axis',(1.,0.,0.));
#5123=DIRECTION('center_axis',(0.,0.,-1.));
#5124=DIRECTION('ref_axis',(1.,0.,0.));
#5125=DIRECTION('',(0.0174524064372835,-2.1373033680838E-18,-0.999847695156391));
#5126=DIRECTION('center_axis',(-0.999847695156391,0.,-0.0174524064372835));
#5127=DIRECTION('ref_axis',(-0.0174524064372835,0.,0.999847695156391));
#5128=DIRECTION('',(0.,1.,0.));
#5129=DIRECTION('',(0.0174507057647598,0.0139600542459043,-0.99975026369277));
#5130=DIRECTION('',(0.,1.,0.));
#5131=DIRECTION('center_axis',(0.01745070576476,0.0139600542459043,-0.99975026369277));
#5132=DIRECTION('ref_axis',(-0.999847695156391,8.13151629364128E-20,-0.0174524064372836));
#5133=DIRECTION('center_axis',(0.,0.,1.));
#5134=DIRECTION('ref_axis',(-0.780879949674776,-0.624681122010198,0.));
#5135=DIRECTION('center_axis',(0.,0.,1.));
#5136=DIRECTION('ref_axis',(-0.780879949674776,-0.624681122010198,0.));
#5137=DIRECTION('',(0.01745070576476,0.0139600542459043,-0.99975026369277));
#5138=DIRECTION('center_axis',(1.22452742548735E-16,0.999902524009304,0.0139621803391453));
#5139=DIRECTION('ref_axis',(0.,-0.0139621803391453,0.999902524009304));
#5140=DIRECTION('',(1.,-1.22440806346342E-16,-1.70970727448838E-18));
#5141=DIRECTION('',(0.0139608196270584,-0.013960819627058,0.999805076517759));
#5142=DIRECTION('',(1.,0.,0.));
#5143=DIRECTION('center_axis',(-0.999902524009304,-1.82584671798674E-16,
0.0139621803391453));
#5144=DIRECTION('ref_axis',(0.0139621803391453,0.,0.999902524009304));
#5145=DIRECTION('',(0.,-1.,0.));
#5146=DIRECTION('',(-0.0139614149331659,0.0104707634806317,-0.999847709406386));
#5147=DIRECTION('',(0.,1.,0.));
#5148=DIRECTION('center_axis',(6.93851343995183E-16,0.999945169365512,0.0104717841162458));
#5149=DIRECTION('ref_axis',(0.,-0.0104717841162458,0.999945169365512));
#5150=DIRECTION('',(1.,-6.93813299685751E-16,-7.26586148308457E-18));
#5151=DIRECTION('',(1.,0.,0.));
#5152=DIRECTION('center_axis',(-0.999945169365512,0.,0.0104717841162458));
#5153=DIRECTION('ref_axis',(0.0104717841162458,0.,0.999945169365512));
#5154=DIRECTION('',(0.,1.,0.));
#5155=DIRECTION('',(0.0104716156768702,0.00567184981502432,0.99992908517794));
#5156=DIRECTION('center_axis',(0.0136890601562791,-0.00567019437287191,
-0.999890223238437));
#5157=DIRECTION('ref_axis',(-0.999906298662202,-0.000137025902818308,-0.0136885031890769));
#5158=DIRECTION('center_axis',(0.,0.,-1.));
#5159=DIRECTION('ref_axis',(-0.923879532517762,0.382683432349457,0.));
#5160=DIRECTION('center_axis',(-4.46921581372047E-16,-1.65999444509617E-16,
1.));
#5161=DIRECTION('ref_axis',(1.,0.,5.59699779617616E-16));
#5162=DIRECTION('center_axis',(1.74906181130505E-16,-1.,-1.65999444509617E-16));
#5163=DIRECTION('ref_axis',(-1.,-1.74906181130505E-16,-6.9962472452202E-16));
#5164=DIRECTION('center_axis',(0.,0.,-1.));
#5165=DIRECTION('ref_axis',(-1.,0.,0.));
#5166=DIRECTION('center_axis',(0.,0.,1.));
#5167=DIRECTION('ref_axis',(1.,0.,0.));
#5168=DIRECTION('center_axis',(0.,7.40905855393349E-16,-1.));
#5169=DIRECTION('ref_axis',(0.,1.,7.40905855393349E-16));
#5170=DIRECTION('',(0.0103012743647743,0.00188202259255881,-0.999945169365512));
#5171=DIRECTION('',(0.0033099742131903,-0.00993490479497783,0.999945169365512));
#5172=DIRECTION('center_axis',(0.,0.,1.));
#5173=DIRECTION('ref_axis',(1.,0.,0.));
#5174=DIRECTION('',(0.0119724065638759,-0.0109221855866799,0.999868675048418));
#5175=DIRECTION('center_axis',(0.,0.,1.));
#5176=DIRECTION('ref_axis',(1.,0.,0.));
#5177=DIRECTION('center_axis',(0.,0.,-1.));
#5178=DIRECTION('ref_axis',(1.,0.,0.));
#5179=DIRECTION('center_axis',(0.,0.,-1.));
#5180=DIRECTION('ref_axis',(-1.,0.,0.));
#5181=DIRECTION('',(0.0104698873689023,-0.0190322324462397,0.999764049957086));
#5182=DIRECTION('center_axis',(0.,0.,-1.));
#5183=DIRECTION('ref_axis',(-1.,0.,0.));
#5184=DIRECTION('center_axis',(0.,0.,1.));
#5185=DIRECTION('ref_axis',(1.,0.,0.));
#5186=DIRECTION('',(0.,1.,0.));
#5187=DIRECTION('center_axis',(-2.58265123428894E-13,-1.62067377925915E-12,
1.));
#5188=DIRECTION('ref_axis',(0.991302386284909,-0.131603871317853,4.27318896553889E-14));
#5189=DIRECTION('center_axis',(0.,0.,-1.));
#5190=DIRECTION('ref_axis',(-1.,0.,0.));
#5191=DIRECTION('',(-0.0104717841162458,0.,-0.999945169365512));
#5192=DIRECTION('center_axis',(0.,-1.,0.));
#5193=DIRECTION('ref_axis',(0.,0.,-1.));
#5194=DIRECTION('center_axis',(5.84327907697451E-16,-0.999945169365512,
-0.0104717841162461));
#5195=DIRECTION('ref_axis',(-2.73865860433183E-12,0.0104717841162461,-0.999945169365512));
#5196=DIRECTION('center_axis',(5.84327907697451E-16,-0.999945169365512,
-0.0104717841162461));
#5197=DIRECTION('ref_axis',(-2.73865860433183E-12,0.0104717841162461,-0.999945169365512));
#5198=DIRECTION('',(0.,-1.,0.));
#5199=DIRECTION('center_axis',(5.84327907697451E-16,-0.999945169365512,
-0.0104717841162461));
#5200=DIRECTION('ref_axis',(-2.73865860433183E-12,0.0104717841162461,-0.999945169365512));
#5201=DIRECTION('center_axis',(0.,0.999945169365512,0.0104717841162458));
#5202=DIRECTION('ref_axis',(0.,-0.0104717841162458,0.999945169365512));
#5203=DIRECTION('center_axis',(0.,0.,-1.));
#5204=DIRECTION('ref_axis',(-1.,0.,0.));
#5205=DIRECTION('center_axis',(0.,0.,1.));
#5206=DIRECTION('ref_axis',(-1.,0.,0.));
#5207=DIRECTION('center_axis',(0.,0.,1.));
#5208=DIRECTION('ref_axis',(1.,0.,0.));
#5209=DIRECTION('',(-1.,0.,0.));
#5210=DIRECTION('center_axis',(0.,0.,-1.));
#5211=DIRECTION('ref_axis',(1.,0.,0.));
#5212=DIRECTION('center_axis',(0.,0.,1.));
#5213=DIRECTION('ref_axis',(1.,0.,0.));
#5214=DIRECTION('',(-0.0104717841163149,-1.28242368994072E-18,0.999945169365511));
#5215=DIRECTION('center_axis',(-0.999945169365512,0.,0.0104717841162458));
#5216=DIRECTION('ref_axis',(0.0104717841162458,0.,0.999945169365512));
#5217=DIRECTION('',(0.,1.,0.));
#5218=DIRECTION('',(0.0104712100046372,-0.0104712100046355,0.999890347749231));
#5219=DIRECTION('',(-0.0104712100046361,0.0104712100046363,-0.999890347749231));
#5220=DIRECTION('center_axis',(0.,0.999945169365512,0.0104717841162458));
#5221=DIRECTION('ref_axis',(0.,-0.0104717841162458,0.999945169365512));
#5222=DIRECTION('center_axis',(1.40947395756807E-16,-0.999945169365512,
-0.0104717841162459));
#5223=DIRECTION('ref_axis',(7.2121679573979E-12,0.0104717841162459,-0.999945169365512));
#5224=DIRECTION('center_axis',(0.,0.999945169365512,0.0104717841162458));
#5225=DIRECTION('ref_axis',(0.,-0.0104717841162458,0.999945169365512));
#5226=DIRECTION('center_axis',(1.40947395756807E-16,-0.999945169365512,
-0.0104717841162459));
#5227=DIRECTION('ref_axis',(7.2121679573979E-12,0.0104717841162459,-0.999945169365512));
#5228=DIRECTION('center_axis',(0.,0.999945169365512,0.0104717841162458));
#5229=DIRECTION('ref_axis',(0.,-0.0104717841162458,0.999945169365512));
#5230=DIRECTION('center_axis',(-5.27299645576732E-17,-0.999945169365512,
-0.0104717841162457));
#5231=DIRECTION('ref_axis',(3.1967447165213E-11,0.0104717841162457,-0.999945169365512));
#5232=DIRECTION('center_axis',(0.,-1.,0.));
#5233=DIRECTION('ref_axis',(0.0848704713566667,0.,0.996391992687465));
#5234=CARTESIAN_POINT('',(0.,0.,0.));
#5235=CARTESIAN_POINT('Origin',(-9.8,3.8,0.149985378601396));
#5236=CARTESIAN_POINT('',(-7.37342012016601,3.8,0.299970757202791));
#5237=CARTESIAN_POINT('Origin',(-9.8,3.8,0.299970757202791));
#5238=CARTESIAN_POINT('',(-6.96923146606426,3.8,0.));
#5239=CARTESIAN_POINT('',(-7.17132579311513,3.8,0.149985378601396));
#5240=CARTESIAN_POINT('Origin',(-9.8,3.8,0.));
#5241=CARTESIAN_POINT('Origin',(0.,0.,0.));
#5242=CARTESIAN_POINT('',(0.,36.942832434968,0.));
#5243=CARTESIAN_POINT('',(-0.361640823382799,38.0898105907312,2.83287666780013E-15));
#5244=CARTESIAN_POINT('Origin',(-1.99968061158113,36.9428370946842,2.31338282805712E-14));
#5245=CARTESIAN_POINT('',(0.,7.16227766016837,0.));
#5246=CARTESIAN_POINT('',(0.,0.,0.));
#5247=CARTESIAN_POINT('',(0.454545454544326,5.72487872372789,0.));
#5248=CARTESIAN_POINT('Origin',(2.5,7.16227766016837,0.));
#5249=CARTESIAN_POINT('',(0.454545454543798,2.27512127627251,0.));
#5250=CARTESIAN_POINT('Origin',(-2.,4.,0.));
#5251=CARTESIAN_POINT('',(4.44089209850063E-13,0.837722339831621,4.2632564145606E-11));
#5252=CARTESIAN_POINT('Origin',(2.5,0.837722339831621,0.));
#5253=CARTESIAN_POINT('',(-1.10154940724527E-13,-0.250000000000007,-4.2632564145606E-11));
#5254=CARTESIAN_POINT('',(0.,0.,0.));
#5255=CARTESIAN_POINT('',(-2.,-2.25000000000036,-1.42108600324072E-11));
#5256=CARTESIAN_POINT('Origin',(-2.,-0.250000000000007,0.));
#5257=CARTESIAN_POINT('',(-11.1715728752538,-2.25000000000001,-1.56664964174819E-18));
#5258=CARTESIAN_POINT('',(-11.9999999999999,-2.25000000000001,-2.34976552702115E-18));
#5259=CARTESIAN_POINT('',(-12.5857864376269,-2.83578643762691,7.32888349235516E-18));
#5260=CARTESIAN_POINT('Origin',(-11.1715728752538,-4.25000000000001,0.));
#5261=CARTESIAN_POINT('',(-16.4142135623731,-6.66421356237311,6.69370553732986E-18));
#5262=CARTESIAN_POINT('',(-17.,-7.25000000000001,1.12718678539106E-17));
#5263=CARTESIAN_POINT('',(-17.8284271247462,-7.25000000000001,0.));
#5264=CARTESIAN_POINT('Origin',(-17.8284271247462,-5.25000000000001,0.));
#5265=CARTESIAN_POINT('',(-22.965091146377,-7.25000000000001,-4.33680868994202E-16));
#5266=CARTESIAN_POINT('',(-17.,-7.25000000000001,0.));
#5267=CARTESIAN_POINT('',(-22.965091146377,-8.60997867407386,-5.03876253564156E-16));
#5268=CARTESIAN_POINT('',(-22.965091146377,0.,-8.67361737988404E-16));
#5269=CARTESIAN_POINT('',(-47.,-8.60997867407385,-2.74041335018286E-17));
#5270=CARTESIAN_POINT('',(-50.,-8.60997867407385,-4.91279109407494E-17));
#5271=CARTESIAN_POINT('',(-49.8599786740738,-5.75,-1.42108552445976E-11));
#5272=CARTESIAN_POINT('Origin',(-47.,-5.75,0.));
#5273=CARTESIAN_POINT('',(-49.8599786740739,1.85997867407386,-2.03424960326776E-16));
#5274=CARTESIAN_POINT('',(-49.8599786740739,-4.92052921590281E-16,-2.11758236813575E-18));
#5275=CARTESIAN_POINT('',(-53.4142135623731,5.41421356237307,7.16751453261851E-18));
#5276=CARTESIAN_POINT('',(-50.,2.,2.78897395247176E-17));
#5277=CARTESIAN_POINT('',(-54.,6.82842712474617,0.));
#5278=CARTESIAN_POINT('Origin',(-52.,6.82842712474617,0.));
#5279=CARTESIAN_POINT('',(-54.,9.1715728752538,0.));
#5280=CARTESIAN_POINT('',(-54.,5.99999999999999,0.));
#5281=CARTESIAN_POINT('',(-53.4142135623731,10.5857864376269,8.04300803247158E-18));
#5282=CARTESIAN_POINT('Origin',(-52.,9.1715728752538,0.));
#5283=CARTESIAN_POINT('',(-48.,16.,-8.55105072426083E-17));
#5284=CARTESIAN_POINT('',(-54.,9.99999999999998,2.03236309168189E-17));
#5285=CARTESIAN_POINT('',(-48.,42.,-1.27401324213741E-17));
#5286=CARTESIAN_POINT('',(-48.,38.,-1.91084995494106E-17));
#5287=CARTESIAN_POINT('',(-46.,43.9999999999997,-1.4210854715202E-11));
#5288=CARTESIAN_POINT('Origin',(-46.,42.,0.));
#5289=CARTESIAN_POINT('',(-40.,44.,0.));
#5290=CARTESIAN_POINT('',(-4.5,44.,0.));
#5291=CARTESIAN_POINT('',(-39.,45.,0.));
#5292=CARTESIAN_POINT('Origin',(-40.,45.,0.));
#5293=CARTESIAN_POINT('',(-39.,46.8,0.));
#5294=CARTESIAN_POINT('',(-39.,44.,0.));
#5295=CARTESIAN_POINT('',(-38.,47.8,0.));
#5296=CARTESIAN_POINT('Origin',(-38.,46.8,0.));
#5297=CARTESIAN_POINT('',(-14.,47.8,0.));
#5298=CARTESIAN_POINT('',(-39.,47.8,0.));
#5299=CARTESIAN_POINT('',(-13.,46.8,0.));
#5300=CARTESIAN_POINT('Origin',(-14.,46.8,0.));
#5301=CARTESIAN_POINT('',(-13.,45.,0.));
#5302=CARTESIAN_POINT('',(-13.,44.,0.));
#5303=CARTESIAN_POINT('',(-12.,44.,0.));
#5304=CARTESIAN_POINT('Origin',(-12.,45.,0.));
#5305=CARTESIAN_POINT('',(-5.54097553133704,44.,0.));
#5306=CARTESIAN_POINT('',(-4.5,44.,0.));
#5307=CARTESIAN_POINT('',(-3.90292096440706,43.1472827654504,1.33903115922259E-15));
#5308=CARTESIAN_POINT('Origin',(-5.54095533825091,42.0003434002448,4.53266135527918E-15));
#5309=CARTESIAN_POINT('',(3.80034369809516E-17,37.5733339696605,2.65788929131647E-15));
#5310=CARTESIAN_POINT('',(-41.3692314660645,34.2,0.));
#5311=CARTESIAN_POINT('Origin',(-44.2,34.2,0.));
#5312=CARTESIAN_POINT('',(-25.2254939842662,-1.9380158410641,0.));
#5313=CARTESIAN_POINT('',(-25.4692802088115,-2.20608651760995,0.));
#5314=CARTESIAN_POINT('Origin',(-25.2,-2.20608651760995,0.));
#5315=CARTESIAN_POINT('',(-32.6607286577012,1.45634053340112,0.));
#5316=CARTESIAN_POINT('Origin',(-26.,6.20595841807601,0.));
#5317=CARTESIAN_POINT('',(-32.8799761627573,1.03071979118899,0.));
#5318=CARTESIAN_POINT('Origin',(-32.8799761627573,1.3,0.));
#5319=CARTESIAN_POINT('',(-32.9307197911882,1.0307197911882,-4.35109682701833E-16));
#5320=CARTESIAN_POINT('',(-26.,1.0307197911882,-8.67361737988404E-16));
#5321=CARTESIAN_POINT('',(-32.9307197911882,-1.58145378656095,1.9951062145119E-15));
#5322=CARTESIAN_POINT('',(-32.9307197911882,-4.75000000000001,0.));
#5323=CARTESIAN_POINT('',(-31.1213473480768,-2.58071979118821,9.03867431922276E-16));
#5324=CARTESIAN_POINT('Origin',(-33.5,-4.75000000000001,0.));
#5325=CARTESIAN_POINT('',(-25.4692802088118,-2.58071979118821,1.8265853432759E-17));
#5326=CARTESIAN_POINT('',(-45.5,-2.5807197911882,0.));
#5327=CARTESIAN_POINT('',(-25.4692802088118,-4.75000000000001,0.));
#5328=CARTESIAN_POINT('',(-43.5692802088115,-4.75000000000001,-3.91265129189622E-17));
#5329=CARTESIAN_POINT('Origin',(-45.5,-4.75000000000001,0.));
#5330=CARTESIAN_POINT('',(-31.569280208811,-4.75000000000001,-4.85658308416182E-17));
#5331=CARTESIAN_POINT('Origin',(-33.5,-4.75000000000001,0.));
#5332=CARTESIAN_POINT('',(-3.59999999999853,4.,-2.77555756156289E-16));
#5333=CARTESIAN_POINT('Origin',(-2.,4.,0.));
#5334=CARTESIAN_POINT('',(-23.0349020480728,-6.06983132299147,1.08346258758492E-16));
#5335=CARTESIAN_POINT('',(-23.0349020480728,-2.93016867700854,8.12993144531004E-16));
#5336=CARTESIAN_POINT('',(-23.0349020480728,0.,-2.16798163085074E-16));
#5337=CARTESIAN_POINT('',(-21.1301686770085,-6.06983132299147,3.793016582601E-16));
#5338=CARTESIAN_POINT('',(0.,-6.06983132299147,4.33342763621939E-16));
#5339=CARTESIAN_POINT('',(-21.1301686770085,-2.93016867700854,9.75612902550823E-16));
#5340=CARTESIAN_POINT('',(-21.1301686770085,0.,0.));
#5341=CARTESIAN_POINT('',(0.,-2.93016867700854,8.66685527243879E-16));
#5342=CARTESIAN_POINT('',(-2.35928020881064,11.14,-4.90008433611755E-18));
#5343=CARTESIAN_POINT('Origin',(-4.64,11.14,0.));
#5344=CARTESIAN_POINT('',(-39.9743281269574,-3.62432812695737,4.25900542740945E-16));
#5345=CARTESIAN_POINT('',(-39.9743281269574,-6.37567187304264,4.33680868994202E-16));
#5346=CARTESIAN_POINT('',(-39.9743281269574,-4.75000000000001,0.));
#5347=CARTESIAN_POINT('',(-42.5855036319913,-3.62432812695737,-1.6414823846248E-17));
#5348=CARTESIAN_POINT('',(-45.5,-3.62432812695737,0.));
#5349=CARTESIAN_POINT('',(-42.5595823463879,-5.80611091615439,0.));
#5350=CARTESIAN_POINT('Origin',(-45.5,-4.75000000000001,0.));
#5351=CARTESIAN_POINT('',(-42.1589672255424,-6.37567187304264,0.));
#5352=CARTESIAN_POINT('Origin',(-42.1589672255424,-5.95000000000001,0.));
#5353=CARTESIAN_POINT('',(-45.5,-6.37567187304264,0.));
#5354=CARTESIAN_POINT('',(-39.0256718730426,-6.37567187304264,4.33680868994202E-16));
#5355=CARTESIAN_POINT('',(-39.0256718730426,-3.62432812695737,4.15448738583378E-16));
#5356=CARTESIAN_POINT('',(-39.0256718730426,-4.75000000000001,0.));
#5357=CARTESIAN_POINT('',(-36.8410327744576,-6.37567187304264,0.));
#5358=CARTESIAN_POINT('',(-45.5,-6.37567187304264,0.));
#5359=CARTESIAN_POINT('',(-36.4404176536112,-5.80611091615401,0.));
#5360=CARTESIAN_POINT('Origin',(-36.8410327744576,-5.95000000000001,0.));
#5361=CARTESIAN_POINT('',(-36.5629871904674,-4.13393529890988,0.));
#5362=CARTESIAN_POINT('Origin',(-33.5,-4.75000000000001,0.));
#5363=CARTESIAN_POINT('',(-36.980301711059,-3.62432812695737,-2.39920262332835E-17));
#5364=CARTESIAN_POINT('Origin',(-36.980301711059,-4.05000000000001,0.));
#5365=CARTESIAN_POINT('',(-45.5,-3.62432812695737,0.));
#5366=CARTESIAN_POINT('',(-44.0256718730426,1.12567187304264,1.30104260698261E-15));
#5367=CARTESIAN_POINT('',(-39.9743281269574,1.12567187304263,0.));
#5368=CARTESIAN_POINT('',(-45.5,1.12567187304264,0.));
#5369=CARTESIAN_POINT('',(-44.0256718730426,-1.99540695946654,3.83260200930922E-15));
#5370=CARTESIAN_POINT('',(-44.0256718730426,-4.75000000000001,1.73472347597681E-15));
#5371=CARTESIAN_POINT('',(-43.1636376422724,-2.67567187304264,1.88088654115297E-15));
#5372=CARTESIAN_POINT('Origin',(-45.5,-4.75000000000001,0.));
#5373=CARTESIAN_POINT('',(-39.9743281269574,-2.67567187304264,1.95709681967071E-17));
#5374=CARTESIAN_POINT('',(-45.5,-2.67567187304264,0.));
#5375=CARTESIAN_POINT('',(-39.9743281269574,-4.75000000000001,0.));
#5376=CARTESIAN_POINT('',(-39.0256718730426,1.12567187304264,0.));
#5377=CARTESIAN_POINT('',(-33.9743281269574,1.12567187304263,0.));
#5378=CARTESIAN_POINT('',(-45.5,1.12567187304264,0.));
#5379=CARTESIAN_POINT('',(-39.0256718730426,-2.67567187304264,1.30927891103406E-15));
#5380=CARTESIAN_POINT('',(-39.0256718730426,-4.75000000000001,0.));
#5381=CARTESIAN_POINT('',(-35.836362357727,-2.67567187304264,4.91677435865701E-15));
#5382=CARTESIAN_POINT('',(-45.5,-2.67567187304264,1.73472347597681E-15));
#5383=CARTESIAN_POINT('',(-33.9743281269574,-1.66188745786892,5.29161209989285E-15));
#5384=CARTESIAN_POINT('Origin',(-33.5,-4.75000000000001,0.));
#5385=CARTESIAN_POINT('',(-33.9743281269574,-4.75000000000001,0.));
#5386=CARTESIAN_POINT('',(-44.9843292240056,1.26771632007803,-3.44862367015337E-9));
#5387=CARTESIAN_POINT('',(-44.9743281269574,1.12567187304263,4.30716253678812E-16));
#5388=CARTESIAN_POINT('Origin',(-43.9842756815044,1.26675401331625,2.05274520915481E-9));
#5389=CARTESIAN_POINT('',(-48.2371330194013,-0.937816685017876,6.11452183155938E-16));
#5390=CARTESIAN_POINT('Origin',(-47.36,1.27,0.));
#5391=CARTESIAN_POINT('',(-47.6199201085489,-1.70325143623042,-4.93277813671753E-15));
#5392=CARTESIAN_POINT('Origin',(-48.6062988169558,-1.86705978929643,-7.64882371551303E-14));
#5393=CARTESIAN_POINT('',(-46.9961571312187,-2.00720214313974,-2.27373675443232E-11));
#5394=CARTESIAN_POINT('Origin',(-47.1999999999997,-1.63351159155026,-2.70314995024879E-11));
#5395=CARTESIAN_POINT('',(-45.4119907569871,-1.62691168584045,0.));
#5396=CARTESIAN_POINT('Origin',(-45.5,-4.75000000000001,0.));
#5397=CARTESIAN_POINT('',(-44.9743281269574,-1.20140873021421,0.));
#5398=CARTESIAN_POINT('Origin',(-45.4,-1.20140873021421,0.));
#5399=CARTESIAN_POINT('',(-44.9743281269574,-4.75000000000001,0.));
#5400=CARTESIAN_POINT('',(-25.3743281269574,-3.62432812695737,3.82374893890928E-16));
#5401=CARTESIAN_POINT('',(-25.3743281269574,-6.37567187304264,4.33680868994202E-16));
#5402=CARTESIAN_POINT('',(-25.3743281269574,-4.75000000000001,0.));
#5403=CARTESIAN_POINT('',(-30.019698288941,-3.62432812695737,-1.97318126616831E-17));
#5404=CARTESIAN_POINT('',(-45.5,-3.62432812695737,0.));
#5405=CARTESIAN_POINT('',(-30.4370128095333,-4.13393529891002,0.));
#5406=CARTESIAN_POINT('Origin',(-30.019698288941,-4.05000000000001,0.));
#5407=CARTESIAN_POINT('',(-30.5595823463881,-5.80611091615431,0.));
#5408=CARTESIAN_POINT('Origin',(-33.5,-4.75000000000001,0.));
#5409=CARTESIAN_POINT('',(-30.1589672255424,-6.37567187304264,0.));
#5410=CARTESIAN_POINT('Origin',(-30.1589672255424,-5.95000000000001,0.));
#5411=CARTESIAN_POINT('',(-45.5,-6.37567187304264,0.));
#5412=CARTESIAN_POINT('',(-52.5999999999998,8.,0.));
#5413=CARTESIAN_POINT('Origin',(-51.,8.,0.));
#5414=CARTESIAN_POINT('',(-46.0999999999998,41.,-5.55111512312578E-16));
#5415=CARTESIAN_POINT('Origin',(-44.5,41.,0.));
#5416=CARTESIAN_POINT('',(-19.5999999999994,41.,-2.77555756156289E-16));
#5417=CARTESIAN_POINT('Origin',(-18.,41.,0.));
#5418=CARTESIAN_POINT('',(-4.16923146606484,25.,0.));
#5419=CARTESIAN_POINT('Origin',(-7.,25.,0.));
#5420=CARTESIAN_POINT('Origin',(-9.8,3.8,0.00698109028326926));
#5421=CARTESIAN_POINT('',(-7.50188510983167,3.8,9.5));
#5422=CARTESIAN_POINT('Origin',(-9.8,3.8,9.5));
#5423=CARTESIAN_POINT('',(-7.36932894680779,3.8,0.00698109028326926));
#5424=CARTESIAN_POINT('Origin',(-44.2,34.2,0.149985378601396));
#5425=CARTESIAN_POINT('',(-41.7734201201663,34.2,0.299970757202791));
#5426=CARTESIAN_POINT('Origin',(-44.2,34.2,0.299970757202791));
#5427=CARTESIAN_POINT('',(-41.5713257931154,34.2,0.149985378601396));
#5428=CARTESIAN_POINT('Origin',(-44.2,34.2,0.00698109028326926));
#5429=CARTESIAN_POINT('',(-41.9018851098319,34.2,9.5));
#5430=CARTESIAN_POINT('Origin',(-44.2,34.2,9.5));
#5431=CARTESIAN_POINT('',(-41.769328946808,34.2,0.00698109028326926));
#5432=CARTESIAN_POINT('Origin',(-7.,25.,0.149985378601396));
#5433=CARTESIAN_POINT('',(-4.57342012016659,25.,0.299970757202791));
#5434=CARTESIAN_POINT('Origin',(-7.,25.,0.299970757202791));
#5435=CARTESIAN_POINT('',(-4.37132579311571,25.,0.149985378601396));
#5436=CARTESIAN_POINT('Origin',(-7.,25.,0.00698109028326926));
#5437=CARTESIAN_POINT('',(-4.70188510983225,25.,9.5));
#5438=CARTESIAN_POINT('Origin',(-7.,25.,9.5));
#5439=CARTESIAN_POINT('',(-4.56932894680837,25.,0.00698109028326926));
#5440=CARTESIAN_POINT('Origin',(0.,0.,2.5));
#5441=CARTESIAN_POINT('',(-23.,0.,2.5));
#5442=CARTESIAN_POINT('',(-3.15636233767946,0.,2.5));
#5443=CARTESIAN_POINT('',(0.,0.,2.5));
#5444=CARTESIAN_POINT('',(-3.11447171333191,0.041890624347545,5.5));
#5445=CARTESIAN_POINT('',(-3.15636233767946,0.,2.5));
#5446=CARTESIAN_POINT('',(-8.04169567236615,0.0418906243475453,5.5));
#5447=CARTESIAN_POINT('',(0.,0.041890624347545,5.5));
#5448=CARTESIAN_POINT('',(-8.12547692106124,0.125671873042635,11.5));
#5449=CARTESIAN_POINT('',(-7.99941527704631,-0.000389770972303305,2.47208652448796));
#5450=CARTESIAN_POINT('',(-23.1256718730426,0.125671873042635,11.5));
#5451=CARTESIAN_POINT('',(0.,0.125671873042635,11.5));
#5452=CARTESIAN_POINT('',(-23.,0.,2.5));
#5453=CARTESIAN_POINT('',(-18.,0.0963484359993534,9.4));
#5454=CARTESIAN_POINT('Origin',(-18.,0.0698177072459083,7.5));
#5455=CARTESIAN_POINT('Origin',(-45.5,-8.30841243757313E-15,2.5));
#5456=CARTESIAN_POINT('',(-45.5534090281929,2.44659097180711,7.60000007153803));
#5457=CARTESIAN_POINT('',(-45.5534090274437,10.0119713686268,7.60000000000003));
#5458=CARTESIAN_POINT('',(-45.5534090281929,3.102979209038,7.60000007153804));
#5459=CARTESIAN_POINT('',(-45.5942512249007,9.99721526627151,11.5));
#5460=CARTESIAN_POINT('',(-45.5534090274437,10.0119713686268,7.60000000000003));
#5461=CARTESIAN_POINT('',(-45.5942512249007,2.40574877509933,11.5));
#5462=CARTESIAN_POINT('',(-45.5942512249007,0.,11.5));
#5463=CARTESIAN_POINT('',(-45.5942512249007,2.40574877509933,11.5));
#5464=CARTESIAN_POINT('Origin',(0.,2.5,2.5));
#5465=CARTESIAN_POINT('',(-27.5156784465482,2.44659097255626,7.60000000001495));
#5466=CARTESIAN_POINT('',(0.,2.44659097255628,7.6));
#5467=CARTESIAN_POINT('',(-27.5235812292194,2.40574877509906,11.5000000000074));
#5468=CARTESIAN_POINT('',(0.,2.40574877509933,11.5));
#5469=CARTESIAN_POINT('',(-27.5235812292194,2.40574877509906,11.5000000000074));
#5470=CARTESIAN_POINT('Origin',(0.,0.,3.2));
#5471=CARTESIAN_POINT('',(-20.9926693491744,14.0934238107929,3.19999999999999));
#5472=CARTESIAN_POINT('',(-20.9926693491744,2.49266934917439,3.2));
#5473=CARTESIAN_POINT('',(-20.9926693491744,0.,3.2));
#5474=CARTESIAN_POINT('',(-35.2647867050248,5.00213206913658,3.20000000000004));
#5475=CARTESIAN_POINT('Origin',(-26.,6.20595841807601,3.19999999999998));
#5476=CARTESIAN_POINT('',(-30.3224924487381,5.71081308562949,3.19999999999632));
#5477=CARTESIAN_POINT('Origin',(-34.75,19.,3.20000000000009));
#5478=CARTESIAN_POINT('',(-29.9420801695556,5.48574811417881,3.19999999999254));
#5479=CARTESIAN_POINT('Origin',(-30.2299840482588,5.43314864104404,3.19999999999254));
#5480=CARTESIAN_POINT('',(-30.0073306508254,6.20595841807601,3.19999999999254));
#5481=CARTESIAN_POINT('Origin',(-26.,6.20595841807601,3.19999999999254));
#5482=CARTESIAN_POINT('',(-24.4932872749521,2.49266934917439,3.19999999999627));
#5483=CARTESIAN_POINT('Origin',(-26.,6.20595841807601,3.19999999999254));
#5484=CARTESIAN_POINT('',(0.,2.49266934917439,3.2));
#5485=CARTESIAN_POINT('Origin',(-14.9301822927541,0.,2.5));
#5486=CARTESIAN_POINT('',(-15.0011696548789,2.44676099217154,7.58376491617048));
#5487=CARTESIAN_POINT('',(-15.001169654879,5.02676537886281,7.58376491617172));
#5488=CARTESIAN_POINT('',(-15.001169654879,5.,7.5837649161715));
#5489=CARTESIAN_POINT('',(-15.0013963541449,2.44659097255628,7.60000000000005));
#5490=CARTESIAN_POINT('',(-14.9301822927541,2.5,2.5));
#5491=CARTESIAN_POINT('',(-15.0013963541449,5.02659535924757,7.60000000000005));
#5492=CARTESIAN_POINT('',(-15.0013963541449,0.,7.60000000000005));
#5493=CARTESIAN_POINT('',(-14.9301822927541,5.08000438669129,2.5));
#5494=CARTESIAN_POINT('Origin',(-34.75,19.,0.4));
#5495=CARTESIAN_POINT('',(-38.765,19.,0.4));
#5496=CARTESIAN_POINT('Origin',(-34.75,19.,0.4));
#5497=CARTESIAN_POINT('Origin',(-4.64,11.14,1.5));
#5498=CARTESIAN_POINT('',(-2.38022552098598,11.14,1.50000000002137));
#5499=CARTESIAN_POINT('Origin',(-4.64,11.14,1.50000000002137));
#5500=CARTESIAN_POINT('Origin',(-45.5,-4.75000000000001,9.));
#5501=CARTESIAN_POINT('',(-40.1,-3.75000000000001,9.));
#5502=CARTESIAN_POINT('',(-42.4076707807873,-3.75000000000001,9.00000000000728));
#5503=CARTESIAN_POINT('',(-45.5,-3.75,9.));
#5504=CARTESIAN_POINT('',(-40.1,-6.25000000000001,9.));
#5505=CARTESIAN_POINT('',(-40.1,-4.75000000000001,9.));
#5506=CARTESIAN_POINT('',(-42.1589672255424,-6.2499999999999,9.00000000000728));
#5507=CARTESIAN_POINT('',(-45.5,-6.25000000000001,9.));
#5508=CARTESIAN_POINT('',(-42.4413080233843,-5.84859154929553,9.00000000001455));
#5509=CARTESIAN_POINT('Origin',(-42.1589672255424,-5.95000000000001,9.00000000001455));
#5510=CARTESIAN_POINT('Origin',(-45.5,-4.75000000000001,9.00000000001455));
#5511=CARTESIAN_POINT('Origin',(-33.5,-4.75000000000001,9.));
#5512=CARTESIAN_POINT('',(-38.9,-6.25000000000001,9.));
#5513=CARTESIAN_POINT('',(-36.8410327744576,-6.2499999999999,9.00000000000728));
#5514=CARTESIAN_POINT('',(-45.5,-6.25000000000001,9.));
#5515=CARTESIAN_POINT('',(-38.9,-3.75000000000001,9.));
#5516=CARTESIAN_POINT('',(-38.9,-4.75000000000001,9.));
#5517=CARTESIAN_POINT('',(-36.980301711059,-3.75000000000011,9.00000000000728));
#5518=CARTESIAN_POINT('',(-45.5,-3.75,9.));
#5519=CARTESIAN_POINT('',(-36.6861917073074,-4.10915492957748,9.00000000001455));
#5520=CARTESIAN_POINT('Origin',(-36.980301711059,-4.05000000000001,9.00000000001455));
#5521=CARTESIAN_POINT('',(-36.5586919766153,-5.84859154929522,9.00000000001455));
#5522=CARTESIAN_POINT('Origin',(-33.5,-4.75000000000001,9.00000000001455));
#5523=CARTESIAN_POINT('Origin',(-36.8410327744576,-5.95000000000001,9.00000000001455));
#5524=CARTESIAN_POINT('Origin',(-45.5,-4.75000000000001,9.));
#5525=CARTESIAN_POINT('',(-43.1078252572204,-2.54999999999999,9.00000000000873));
#5526=CARTESIAN_POINT('',(-43.8999999999999,-1.92113096803822,9.00000000000728));
#5527=CARTESIAN_POINT('Origin',(-45.5,-4.75000000000001,9.00000000001455));
#5528=CARTESIAN_POINT('',(-43.9,1.,9.));
#5529=CARTESIAN_POINT('',(-43.9,-4.75000000000001,9.));
#5530=CARTESIAN_POINT('',(-40.1,1.,9.));
#5531=CARTESIAN_POINT('',(-45.5,1.,9.));
#5532=CARTESIAN_POINT('',(-40.1,-2.55000000000001,9.));
#5533=CARTESIAN_POINT('',(-40.1,-4.75000000000001,9.));
#5534=CARTESIAN_POINT('',(-45.5,-2.55000000000001,9.));
#5535=CARTESIAN_POINT('Origin',(-33.5,-4.75000000000001,9.));
#5536=CARTESIAN_POINT('',(-38.9,-2.55000000000001,9.));
#5537=CARTESIAN_POINT('',(-35.892174742779,-2.55000000000001,9.00000000000728));
#5538=CARTESIAN_POINT('',(-45.5,-2.55000000000001,9.));
#5539=CARTESIAN_POINT('',(-38.9,1.,9.));
#5540=CARTESIAN_POINT('',(-38.9,-4.75000000000001,9.));
#5541=CARTESIAN_POINT('',(-34.1,1.,9.));
#5542=CARTESIAN_POINT('',(-45.5,1.,9.));
#5543=CARTESIAN_POINT('',(-34.1000000000001,-1.55586474926471,9.00000000000874));
#5544=CARTESIAN_POINT('',(-34.1,-4.75000000000001,9.));
#5545=CARTESIAN_POINT('Origin',(-33.5,-4.75000000000001,9.00000000001455));
#5546=CARTESIAN_POINT('Origin',(-45.5,1.,9.));
#5547=CARTESIAN_POINT('',(-45.1,1.,9.));
#5548=CARTESIAN_POINT('',(-47.5,1.,9.));
#5549=CARTESIAN_POINT('',(-45.5,1.,9.));
#5550=CARTESIAN_POINT('',(-47.6047265608689,1.10472656086886,1.5));
#5551=CARTESIAN_POINT('',(-47.5,1.,9.));
#5552=CARTESIAN_POINT('',(-44.9952734391311,1.10472656086886,1.5));
#5553=CARTESIAN_POINT('',(-45.5,1.10472656086886,1.5));
#5554=CARTESIAN_POINT('',(-45.1,1.,9.));
#5555=CARTESIAN_POINT('Origin',(-45.5,-4.75000000000001,9.));
#5556=CARTESIAN_POINT('',(-47.5,-1.63351159155052,9.00000000000364));
#5557=CARTESIAN_POINT('',(-47.5,-4.75000000000001,9.));
#5558=CARTESIAN_POINT('',(-45.1000000000001,-1.20140873021421,9.00000000000728));
#5559=CARTESIAN_POINT('',(-45.1,-4.75000000000001,9.));
#5560=CARTESIAN_POINT('',(-45.4084507042254,-1.50128968259039,9.00000000001455));
#5561=CARTESIAN_POINT('Origin',(-45.4,-1.20140873021421,9.00000000001455));
#5562=CARTESIAN_POINT('',(-47.0563380281687,-1.89687680916636,8.999999999986));
#5563=CARTESIAN_POINT('Origin',(-45.5,-4.75000000000001,9.00000000001455));
#5564=CARTESIAN_POINT('Origin',(-47.1999999999998,-1.63351159155046,8.99999999998941));
#5565=CARTESIAN_POINT('Origin',(-47.5,-4.75000000000001,9.));
#5566=CARTESIAN_POINT('',(-47.6047265608689,-1.63351159155052,1.50000000000534));
#5567=CARTESIAN_POINT('',(-47.5,-1.63351159155052,9.));
#5568=CARTESIAN_POINT('',(-47.6047265608689,1.27,1.5));
#5569=CARTESIAN_POINT('Origin',(-47.36,1.27,1.5));
#5570=CARTESIAN_POINT('',(-48.2216494564834,-0.921414472573292,1.50000000000713));
#5571=CARTESIAN_POINT('',(-45.0053318028614,1.25342116250229,1.50000000000351));
#5572=CARTESIAN_POINT('Origin',(-47.36,1.27,1.50000000002137));
#5573=CARTESIAN_POINT('Origin',(-44.0053159295325,1.24637918371336,1.50000000063222));
#5574=CARTESIAN_POINT('',(-47.5998017299925,-1.6964573282421,1.50000000000712));
#5575=CARTESIAN_POINT('Origin',(-47.2000000036183,-1.63351159182101,1.50000000000619));
#5576=CARTESIAN_POINT('Origin',(-48.5875238059723,-1.85195804015682,1.5000000000538));
#5577=CARTESIAN_POINT('Origin',(-33.5,-4.75000000000001,9.));
#5578=CARTESIAN_POINT('',(-30.1589672255424,-6.2499999999999,9.00000000000728));
#5579=CARTESIAN_POINT('',(-30.4413080233845,-5.84859154929545,9.00000000001455));
#5580=CARTESIAN_POINT('Origin',(-30.1589672255424,-5.95000000000001,9.00000000001455));
#5581=CARTESIAN_POINT('',(-30.3138082926927,-4.10915492957753,9.00000000001455));
#5582=CARTESIAN_POINT('Origin',(-33.5,-4.75000000000001,9.00000000001455));
#5583=CARTESIAN_POINT('',(-30.019698288941,-3.75000000000011,9.00000000000728));
#5584=CARTESIAN_POINT('Origin',(-30.019698288941,-4.05000000000001,9.00000000001455));
#5585=CARTESIAN_POINT('',(-25.5,-3.75000000000001,9.));
#5586=CARTESIAN_POINT('',(-45.5,-3.75,9.));
#5587=CARTESIAN_POINT('',(-25.5,-6.25000000000001,9.));
#5588=CARTESIAN_POINT('',(-25.5,-4.75000000000001,9.));
#5589=CARTESIAN_POINT('',(-45.5,-6.25000000000001,9.));
#5590=CARTESIAN_POINT('Origin',(0.,0.,2.5));
#5591=CARTESIAN_POINT('',(0.0436376623194999,-0.250000000035194,2.49999999946936));
#5592=CARTESIAN_POINT('',(-1.95636644315073,-2.29340472305532,2.50000294814051));
#5593=CARTESIAN_POINT('Origin',(-2.,-0.250000000000007,2.49999999999773));
#5594=CARTESIAN_POINT('',(-1.95636233767946,-0.250000000000008,2.5));
#5595=CARTESIAN_POINT('',(0.,-0.250000000000008,2.5));
#5596=CARTESIAN_POINT('',(-1.95636233767946,0.,2.5));
#5597=CARTESIAN_POINT('Origin',(-34.75,19.,-11.3561349058559));
#5598=CARTESIAN_POINT('',(-38.765,19.,3.5));
#5599=CARTESIAN_POINT('',(-38.765,19.,-11.3561349058559));
#5600=CARTESIAN_POINT('Origin',(-34.75,19.,3.5));
#5601=CARTESIAN_POINT('Origin',(0.,0.,2.));
#5602=CARTESIAN_POINT('',(-14.71,11.,2.));
#5603=CARTESIAN_POINT('Origin',(-16.25,11.,2.));
#5604=CARTESIAN_POINT('Origin',(-7.,25.,9.5));
#5605=CARTESIAN_POINT('',(-9.54999999999962,25.,9.50000000000273));
#5606=CARTESIAN_POINT('Origin',(-7.,25.,9.50000000000273));
#5607=CARTESIAN_POINT('Origin',(-44.2,34.2,9.5));
#5608=CARTESIAN_POINT('',(-46.7500000000002,34.2,9.50000000000273));
#5609=CARTESIAN_POINT('Origin',(-44.2,34.2,9.50000000000273));
#5610=CARTESIAN_POINT('Origin',(-3.45612731914101,1.20067374603018,2.45174963080614));
#5611=CARTESIAN_POINT('',(-3.20675231529655,0.949999999999992,2.5));
#5612=CARTESIAN_POINT('',(-3.2486429396441,0.908109375652447,5.5));
#5613=CARTESIAN_POINT('',(-3.2486429396441,0.908109375652447,5.5));
#5614=CARTESIAN_POINT('',(-3.45680106517119,1.2,2.5));
#5615=CARTESIAN_POINT('',(-3.20675231529655,0.949999999999992,2.5));
#5616=CARTESIAN_POINT('',(-3.49869168951873,1.15810937565246,5.5));
#5617=CARTESIAN_POINT('',(-3.45680106517119,1.2,2.5));
#5618=CARTESIAN_POINT('',(-3.49869168951873,1.15810937565246,5.5));
#5619=CARTESIAN_POINT('Origin',(-1.02999206386122E-16,0.949999999999992,
2.5));
#5620=CARTESIAN_POINT('',(0.0436376623205405,0.949999999999992,2.5));
#5621=CARTESIAN_POINT('',(0.,0.949999999999992,2.5));
#5622=CARTESIAN_POINT('',(-0.00872753246410894,0.908109375652447,5.5));
#5623=CARTESIAN_POINT('',(-1.02999206386122E-16,0.908109375652447,5.5));
#5624=CARTESIAN_POINT('',(-0.00872753246410894,0.908109375652447,5.5));
#5625=CARTESIAN_POINT('Origin',(-0.00872753246410894,0.,5.5));
#5626=CARTESIAN_POINT('',(-0.00872753246410893,-0.208109375652462,5.5));
#5627=CARTESIAN_POINT('',(-0.00872753246410894,0.,5.5));
#5628=CARTESIAN_POINT('',(0.0436376623205442,-0.250000000000007,2.5));
#5629=CARTESIAN_POINT('',(0.0436376623210845,0.837722339831621,2.50000000002672));
#5630=CARTESIAN_POINT('',(0.0436376623205333,0.,2.5));
#5631=CARTESIAN_POINT('',(0.0436376623205333,0.,2.5));
#5632=CARTESIAN_POINT('Origin',(3.3881317890173E-17,-0.250000000000007,
2.5));
#5633=CARTESIAN_POINT('',(-1.998252962027,-0.208109375652463,5.5));
#5634=CARTESIAN_POINT('',(3.3881317890173E-17,-0.208109375652462,5.5));
#5635=CARTESIAN_POINT('',(-1.95636233767946,-0.250000000000008,2.5));
#5636=CARTESIAN_POINT('Origin',(-1.95636233767946,0.,2.5));
#5637=CARTESIAN_POINT('',(-1.998252962027,-2.2412724675359,5.5));
#5638=CARTESIAN_POINT('',(-1.998252962027,0.,5.5));
#5639=CARTESIAN_POINT('',(-1.998252962027,-2.2412724675359,5.5));
#5640=CARTESIAN_POINT('Origin',(0.,-2.2412724675359,5.5));
#5641=CARTESIAN_POINT('',(-3.11447171333191,-2.2412724675359,5.5));
#5642=CARTESIAN_POINT('',(0.,-2.2412724675359,5.5));
#5643=CARTESIAN_POINT('',(-3.15636233767946,-2.29363766232055,2.5));
#5644=CARTESIAN_POINT('',(-3.15636233767946,-2.29363766232055,2.49999999999999));
#5645=CARTESIAN_POINT('',(-2.,-2.29363766231974,2.49999999995623));
#5646=CARTESIAN_POINT('',(0.,-2.29363766232054,2.49999999999999));
#5647=CARTESIAN_POINT('Ctrl Pts',(-2.,-2.29363766231974,2.49999999995623));
#5648=CARTESIAN_POINT('Ctrl Pts',(-1.98545516468744,-2.29363766232054,2.5));
#5649=CARTESIAN_POINT('Ctrl Pts',(-1.97091032937488,-2.29363766232054,2.5));
#5650=CARTESIAN_POINT('Ctrl Pts',(-1.95636549406233,-2.29340473826946,2.49999999999943));
#5651=CARTESIAN_POINT('Origin',(-33.5,-4.75000000000001,8.99999999990087));
#5652=CARTESIAN_POINT('',(-32.8050479181455,-1.47803636422693,9.00000000000728));
#5653=CARTESIAN_POINT('',(-31.0665047006646,-2.45504791814557,9.00000000000728));
#5654=CARTESIAN_POINT('Origin',(-33.5,-4.75000000000001,9.00000000001455));
#5655=CARTESIAN_POINT('Ctrl Pts',(-31.0665047006646,-2.45504791814557,9.00000000000728));
#5656=CARTESIAN_POINT('Ctrl Pts',(-31.0797536376743,-2.48575384760683,6.80099270854699));
#5657=CARTESIAN_POINT('Ctrl Pts',(-31.093110731879,-2.51645976801173,4.60198606566553));
#5658=CARTESIAN_POINT('Ctrl Pts',(-31.1065815086335,-2.54716567865719,2.40298012170746));
#5659=CARTESIAN_POINT('Ctrl Pts',(-31.1114882730767,-2.5583503841346,1.60198665467638));
#5660=CARTESIAN_POINT('Ctrl Pts',(-31.1164101253184,-2.56953508832373,0.800993279905422));
#5661=CARTESIAN_POINT('Ctrl Pts',(-31.1213473480768,-2.58071979118821,9.03867431922276E-16));
#5662=CARTESIAN_POINT('Ctrl Pts',(-32.8050479181455,-1.47803636422693,9.00000000000728));
#5663=CARTESIAN_POINT('Ctrl Pts',(-32.8357524419493,-1.50290430199676,6.80109337481203));
#5664=CARTESIAN_POINT('Ctrl Pts',(-32.8664569213207,-1.52805551326226,4.60218993164539));
#5665=CARTESIAN_POINT('Ctrl Pts',(-32.8971613513362,-1.55351054468911,2.40329002310662));
#5666=CARTESIAN_POINT('Ctrl Pts',(-32.9083475045468,-1.56278425149229,1.60219287655893));
#5667=CARTESIAN_POINT('Ctrl Pts',(-32.9195336512515,-1.57209830652842,0.801096195930966));
#5668=CARTESIAN_POINT('Ctrl Pts',(-32.9307197911882,-1.58145378656095,1.9951062145119E-15));
#5669=CARTESIAN_POINT('Origin',(-2.,4.,2.4999999998272));
#5670=CARTESIAN_POINT('',(-3.63490885362133,4.,2.49999999999773));
#5671=CARTESIAN_POINT('',(-3.63490885361895,4.,2.4999999998272));
#5672=CARTESIAN_POINT('Origin',(-2.,4.,2.49999999999773));
#5673=CARTESIAN_POINT('Origin',(0.,-2.93016867700854,0.));
#5674=CARTESIAN_POINT('',(-22.9999967862778,-2.99999943413946,2.4998781550118));
#5675=CARTESIAN_POINT('',(-22.9999965945726,-2.99999319842938,2.49975649997164));
#5676=CARTESIAN_POINT('',(-21.2,-3.,2.5));
#5677=CARTESIAN_POINT('',(-21.2,-2.99999999999999,2.5));
#5678=CARTESIAN_POINT('',(0.,-2.99999999999999,2.5));
#5679=CARTESIAN_POINT('Origin',(-21.1301686770085,0.,0.));
#5680=CARTESIAN_POINT('',(-21.2,-6.00000000000001,2.5));
#5681=CARTESIAN_POINT('',(-21.2,0.,2.5));
#5682=CARTESIAN_POINT('',(-21.1301686770085,-6.06983132299147,0.));
#5683=CARTESIAN_POINT('Origin',(0.,-6.06983132299147,0.));
#5684=CARTESIAN_POINT('',(-22.9999967862778,-6.00000056584745,2.4998781550118));
#5685=CARTESIAN_POINT('',(-23.0325368956082,-6.06510009556525,0.169380559595108));
#5686=CARTESIAN_POINT('',(0.,-6.00000000000001,2.5));
#5687=CARTESIAN_POINT('Origin',(-4.64,11.14,0.));
#5688=CARTESIAN_POINT('',(-2.35928020881064,11.14,0.));
#5689=CARTESIAN_POINT('Origin',(-45.5,-6.25000000000001,9.));
#5690=CARTESIAN_POINT('',(-40.1,-6.25000000000001,9.));
#5691=CARTESIAN_POINT('',(-42.1589672255424,-6.25000000000001,9.));
#5692=CARTESIAN_POINT('Origin',(-42.1589672255424,-5.95000000000001,1.13686837721616E-10));
#5693=CARTESIAN_POINT('',(-42.4413080233843,-5.84859154929553,9.00000000001455));
#5694=CARTESIAN_POINT('Origin',(-45.5,-4.75000000000001,8.99999999990087));
#5695=CARTESIAN_POINT('Ctrl Pts',(-42.4076707807873,-3.75000000000001,9.00000000000728));
#5696=CARTESIAN_POINT('Ctrl Pts',(-42.4669483978547,-3.70686919828132,5.91118461060521));
#5697=CARTESIAN_POINT('Ctrl Pts',(-42.5262260149227,-3.66497857393378,2.91118461060521));
#5698=CARTESIAN_POINT('Ctrl Pts',(-42.5855036319913,-3.62432812695737,-1.6414823846248E-17));
#5699=CARTESIAN_POINT('Origin',(-45.5,-3.75,9.));
#5700=CARTESIAN_POINT('',(-40.1,-3.75000000000001,9.));
#5701=CARTESIAN_POINT('Origin',(-40.1,-4.75000000000001,9.));
#5702=CARTESIAN_POINT('Origin',(-45.5,-3.75,9.));
#5703=CARTESIAN_POINT('',(-38.9,-3.75000000000001,9.));
#5704=CARTESIAN_POINT('',(-36.980301711059,-3.75000000000001,9.));
#5705=CARTESIAN_POINT('Origin',(-36.980301711059,-4.05000000000001,1.13686837721616E-10));
#5706=CARTESIAN_POINT('',(-36.6861917073074,-4.10915492957748,9.00000000001455));
#5707=CARTESIAN_POINT('Origin',(-33.5,-4.75000000000001,8.99999999990087));
#5708=CARTESIAN_POINT('',(-36.4404176536112,-5.80611091615401,0.));
#5709=CARTESIAN_POINT('Origin',(-36.8410327744576,-5.95000000000001,1.13686837721616E-10));
#5710=CARTESIAN_POINT('',(-36.8410327744576,-6.25000000000001,9.));
#5711=CARTESIAN_POINT('Origin',(-45.5,-6.25000000000001,9.));
#5712=CARTESIAN_POINT('',(-38.9,-6.25000000000001,9.));
#5713=CARTESIAN_POINT('Origin',(-38.9,-4.75000000000001,9.));
#5714=CARTESIAN_POINT('Origin',(-40.1,-4.75000000000001,9.));
#5715=CARTESIAN_POINT('',(-40.1,1.,9.));
#5716=CARTESIAN_POINT('',(-39.9743281269574,-2.67567187304264,0.));
#5717=CARTESIAN_POINT('Origin',(-45.5,-2.55000000000001,9.));
#5718=CARTESIAN_POINT('Ctrl Pts',(-43.1636376422724,-2.67567187304264,1.88088654115297E-15));
#5719=CARTESIAN_POINT('Ctrl Pts',(-43.1507481023625,-2.64699126746707,2.05396357936462));
#5720=CARTESIAN_POINT('Ctrl Pts',(-43.1379651893205,-2.61831065251487,4.1079278302376));
#5721=CARTESIAN_POINT('Ctrl Pts',(-43.1252838191879,-2.58963002884875,6.16189270515861));
#5722=CARTESIAN_POINT('Ctrl Pts',(-43.1194429072185,-2.57642002107294,7.10792833830231));
#5723=CARTESIAN_POINT('Ctrl Pts',(-43.1136235426719,-2.56321001143657,8.05396410469062));
#5724=CARTESIAN_POINT('Ctrl Pts',(-43.1078252572204,-2.54999999999999,9.00000000000873));
#5725=CARTESIAN_POINT('Origin',(-45.5,-4.75000000000001,8.99999999990087));
#5726=CARTESIAN_POINT('Ctrl Pts',(-43.8999999999999,-1.92113096803822,9.00000000000728));
#5727=CARTESIAN_POINT('Ctrl Pts',(-43.929833842242,-1.93853221183661,6.86344729590763));
#5728=CARTESIAN_POINT('Ctrl Pts',(-43.959667666331,-1.95609393363336,4.72689589183832));
#5729=CARTESIAN_POINT('Ctrl Pts',(-43.9895014706634,-1.97382544734563,2.59034590263936));
#5730=CARTESIAN_POINT('Ctrl Pts',(-44.0015582747023,-1.98099132480999,1.72689703597582));
#5731=CARTESIAN_POINT('Ctrl Pts',(-44.0136150755336,-1.98818494314798,0.863448399025763));
#5732=CARTESIAN_POINT('Ctrl Pts',(-44.0256718730426,-1.99540695946654,3.83260200930922E-15));
#5733=CARTESIAN_POINT('Origin',(-43.9,-4.75000000000001,9.));
#5734=CARTESIAN_POINT('',(-43.9,1.,9.));
#5735=CARTESIAN_POINT('Origin',(-45.5,1.,9.));
#5736=CARTESIAN_POINT('Origin',(-34.1,-4.75000000000001,9.));
#5737=CARTESIAN_POINT('',(-34.1,1.,9.));
#5738=CARTESIAN_POINT('Ctrl Pts',(-33.9743281269574,-1.66188745786892,5.29161209989285E-15));
#5739=CARTESIAN_POINT('Ctrl Pts',(-34.0030072389882,-1.63727707018244,2.05385661905532));
#5740=CARTESIAN_POINT('Ctrl Pts',(-34.0316864004486,-1.6129606381316,4.10771677800659));
#5741=CARTESIAN_POINT('Ctrl Pts',(-34.0603656064041,-1.58891826838786,6.16158012348241));
#5742=CARTESIAN_POINT('Ctrl Pts',(-34.073577061548,-1.57784283310849,7.10771940999753));
#5743=CARTESIAN_POINT('Ctrl Pts',(-34.0867885262253,-1.56682558929016,8.0538593792453));
#5744=CARTESIAN_POINT('Ctrl Pts',(-34.1000000000001,-1.55586474926471,9.00000000000874));
#5745=CARTESIAN_POINT('Origin',(-33.5,-4.75000000000001,8.99999999990087));
#5746=CARTESIAN_POINT('Ctrl Pts',(-35.892174742779,-2.55000000000001,9.00000000000728));
#5747=CARTESIAN_POINT('Ctrl Pts',(-35.8790795519347,-2.57983427122847,6.86341657400874));
#5748=CARTESIAN_POINT('Ctrl Pts',(-35.8658768749741,-2.60966853330148,4.72683380368632));
#5749=CARTESIAN_POINT('Ctrl Pts',(-35.8525611895195,-2.63950278550422,2.59025174022318));
#5750=CARTESIAN_POINT('Ctrl Pts',(-35.8471801680201,-2.65155914963721,1.72683437745297));
#5751=CARTESIAN_POINT('Ctrl Pts',(-35.8417806862999,-2.66361551216689,0.863417129503161));
#5752=CARTESIAN_POINT('Ctrl Pts',(-35.836362357727,-2.67567187304264,4.91677435865701E-15));
#5753=CARTESIAN_POINT('Origin',(-45.5,-2.55000000000001,9.));
#5754=CARTESIAN_POINT('',(-38.9,-2.55000000000001,9.));
#5755=CARTESIAN_POINT('Origin',(-38.9,-4.75000000000001,9.));
#5756=CARTESIAN_POINT('',(-38.9,1.,9.));
#5757=CARTESIAN_POINT('Origin',(-45.5,1.,9.));
#5758=CARTESIAN_POINT('Origin',(-45.1,-4.75000000000001,9.));
#5759=CARTESIAN_POINT('',(-44.9952734391311,1.10472656086886,1.5));
#5760=CARTESIAN_POINT('',(-45.1,-1.20140873021421,9.));
#5761=CARTESIAN_POINT('Origin',(-45.4,-1.20140873021421,1.13686837721616E-10));
#5762=CARTESIAN_POINT('',(-45.4084507042254,-1.50128968259039,9.00000000001455));
#5763=CARTESIAN_POINT('Origin',(-45.5,-4.75000000000001,8.99999999990087));
#5764=CARTESIAN_POINT('',(-46.9961571312187,-2.00720214313974,-2.27373675443232E-11));
#5765=CARTESIAN_POINT('Origin',(-47.2,-1.63351159155052,1.13686837721616E-10));
#5766=CARTESIAN_POINT('Ctrl Pts',(-47.5998017299925,-1.6964573282421,1.50000000000712));
#5767=CARTESIAN_POINT('Ctrl Pts',(-47.6065193991562,-1.69868100585036,1.00000022140504));
#5768=CARTESIAN_POINT('Ctrl Pts',(-47.6132255342619,-1.70094632110706,0.500000216991884));
#5769=CARTESIAN_POINT('Ctrl Pts',(-47.6199201085489,-1.70325143623042,-4.93277813671753E-15));
#5770=CARTESIAN_POINT('Ctrl Pts',(-48.2372259686508,-0.937915182929944,
-0.00901327313513302));
#5771=CARTESIAN_POINT('Ctrl Pts',(-47.7126181524798,-1.14641378099559,-0.0134630874050832));
#5772=CARTESIAN_POINT('Ctrl Pts',(-47.6200407872967,-1.70329299378665,-0.00901327313513302));
#5773=CARTESIAN_POINT('Ctrl Pts',(-48.232000184657,-0.932377431573287,0.497732973141048));
#5774=CARTESIAN_POINT('Ctrl Pts',(-47.704695130124,-1.14121998755332,0.493812378534706));
#5775=CARTESIAN_POINT('Ctrl Pts',(-47.6132560303057,-1.70095629325273,0.49773297311876));
#5776=CARTESIAN_POINT('Ctrl Pts',(-48.226769448152,-0.926836280845144,1.00447900112117));
#5777=CARTESIAN_POINT('Ctrl Pts',(-47.6967304330448,-1.13602905116863,1.00053830151172));
#5778=CARTESIAN_POINT('Ctrl Pts',(-47.6064593982678,-1.69866046245015,1.00447900110069));
#5779=CARTESIAN_POINT('Ctrl Pts',(-48.2215334766696,-0.921291655559752,
1.51122479702802));
#5780=CARTESIAN_POINT('Ctrl Pts',(-47.6887226253776,-1.13084152065263,1.50664772206666));
#5781=CARTESIAN_POINT('Ctrl Pts',(-47.5996509190414,-1.6964074145548,1.51122479702802));
#5782=CARTESIAN_POINT('',(-48.2371330194013,-0.937816685017876,6.11452183155938E-16));
#5783=CARTESIAN_POINT('Origin',(-47.36,1.27,0.));
#5784=CARTESIAN_POINT('Origin',(-463.911923551915,3308.17321702591,26.3996653467736));
#5785=CARTESIAN_POINT('Ctrl Pts',(-45.0054839900256,1.25332017881116,1.51084754804341));
#5786=CARTESIAN_POINT('Ctrl Pts',(-45.0059994467607,1.1785846058973,1.50984612915414));
#5787=CARTESIAN_POINT('Ctrl Pts',(-44.9953992642528,1.10460073574719,1.50901097491174));
#5788=CARTESIAN_POINT('Ctrl Pts',(-44.9983761831585,1.25803572121378,1.00422652932364));
#5789=CARTESIAN_POINT('Ctrl Pts',(-44.9987326648289,1.1844861655139,1.00327448119763));
#5790=CARTESIAN_POINT('Ctrl Pts',(-44.9883250965873,1.11167490341225,1.00239396150891));
#5791=CARTESIAN_POINT('Ctrl Pts',(-44.9912820677653,1.26285952659302,0.497606796869024));
#5792=CARTESIAN_POINT('Ctrl Pts',(-44.99148436987,1.19044159433723,0.496652181013218));
#5793=CARTESIAN_POINT('Ctrl Pts',(-44.9812509241945,1.11874907580547,0.495776609558382));
#5794=CARTESIAN_POINT('Ctrl Pts',(-44.9842033163092,1.26780425697843,-0.00901098879149344));
#5795=CARTESIAN_POINT('Ctrl Pts',(-44.9842554245725,1.19645701492343,-0.01000155444863));
#5796=CARTESIAN_POINT('Ctrl Pts',(-44.9741767533683,1.12582324663172,-0.0108406301961971));
#5797=CARTESIAN_POINT('Origin',(-45.5,-6.25000000000001,9.));
#5798=CARTESIAN_POINT('',(-25.5,-6.25000000000001,9.));
#5799=CARTESIAN_POINT('',(-30.1589672255424,-6.25000000000001,9.));
#5800=CARTESIAN_POINT('Origin',(-30.1589672255424,-5.95000000000001,1.13686837721616E-10));
#5801=CARTESIAN_POINT('',(-30.4413080233845,-5.84859154929545,9.00000000001455));
#5802=CARTESIAN_POINT('Origin',(-33.5,-4.75000000000001,8.99999999990087));
#5803=CARTESIAN_POINT('',(-30.4370128095333,-4.13393529891002,0.));
#5804=CARTESIAN_POINT('Origin',(-30.019698288941,-4.05000000000001,1.13686837721616E-10));
#5805=CARTESIAN_POINT('',(-30.019698288941,-3.75000000000001,9.));
#5806=CARTESIAN_POINT('Origin',(-45.5,-3.75,9.));
#5807=CARTESIAN_POINT('',(-25.5,-3.75000000000001,9.));
#5808=CARTESIAN_POINT('Origin',(-25.5,-4.75000000000001,9.));
#5809=CARTESIAN_POINT('Origin',(-44.5,41.,2.4999999998272));
#5810=CARTESIAN_POINT('',(-46.1349088536226,41.,2.49999999999773));
#5811=CARTESIAN_POINT('',(-46.1349088536203,41.,2.4999999998272));
#5812=CARTESIAN_POINT('Origin',(-44.5,41.,2.49999999999773));
#5813=CARTESIAN_POINT('Origin',(-18.,41.,2.4999999998272));
#5814=CARTESIAN_POINT('',(-19.6349088536222,41.,2.49999999999773));
#5815=CARTESIAN_POINT('',(-19.6349088536199,41.,2.4999999998272));
#5816=CARTESIAN_POINT('Origin',(-18.,41.,2.49999999999773));
#5817=CARTESIAN_POINT('Origin',(-13.,44.,0.));
#5818=CARTESIAN_POINT('',(-12.9563623376795,46.8,2.49999999999886));
#5819=CARTESIAN_POINT('',(-13.,46.8,0.));
#5820=CARTESIAN_POINT('',(-12.9563623376795,45.,2.49999999999886));
#5821=CARTESIAN_POINT('',(-12.9563623376795,44.,2.5));
#5822=CARTESIAN_POINT('',(-13.,45.,0.));
#5823=CARTESIAN_POINT('Origin',(-14.,46.8,2.49999999994088));
#5824=CARTESIAN_POINT('',(-14.,47.8436376623205,2.49999999999886));
#5825=CARTESIAN_POINT('Origin',(-14.,46.8,2.49999999999773));
#5826=CARTESIAN_POINT('',(-14.,47.8,0.));
#5827=CARTESIAN_POINT('Origin',(-39.,47.8,0.));
#5828=CARTESIAN_POINT('',(-38.,47.8436376623205,2.49999999999886));
#5829=CARTESIAN_POINT('',(-38.,47.8,0.));
#5830=CARTESIAN_POINT('',(-39.,47.8436376623205,2.5));
#5831=CARTESIAN_POINT('Origin',(-38.,46.8,2.49999999994088));
#5832=CARTESIAN_POINT('',(-39.0436376623205,46.8,2.49999999999886));
#5833=CARTESIAN_POINT('Origin',(-38.,46.8,2.49999999999773));
#5834=CARTESIAN_POINT('',(-39.,46.8,0.));
#5835=CARTESIAN_POINT('Origin',(-39.,44.,0.));
#5836=CARTESIAN_POINT('',(-39.0436376623205,45.,2.49999999999886));
#5837=CARTESIAN_POINT('',(-39.0436376623205,44.,2.5));
#5838=CARTESIAN_POINT('',(-39.,45.,0.));
#5839=CARTESIAN_POINT('Origin',(-40.,45.,5.6843418860808E-11));
#5840=CARTESIAN_POINT('',(-40.,44.0436376623205,2.49999999999886));
#5841=CARTESIAN_POINT('',(-40.,44.,0.));
#5842=CARTESIAN_POINT('Origin',(-40.,45.,2.49999999999773));
#5843=CARTESIAN_POINT('Origin',(-4.5,44.,0.));
#5844=CARTESIAN_POINT('',(-46.,44.0436376623199,2.49999999998408));
#5845=CARTESIAN_POINT('',(-46.,44.0436376623199,2.49999999998408));
#5846=CARTESIAN_POINT('',(-4.5,44.0436376623205,2.5));
#5847=CARTESIAN_POINT('Origin',(-17.8284271247462,-5.25000000000001,2.4999999998272));
#5848=CARTESIAN_POINT('',(-16.3833570754311,-6.69507004931508,2.49999999999886));
#5849=CARTESIAN_POINT('',(-16.4142135623731,-6.66421356237311,0.));
#5850=CARTESIAN_POINT('',(-17.8284271247462,-7.29363766232053,2.49999999999886));
#5851=CARTESIAN_POINT('Origin',(-17.8284271247462,-5.25000000000001,2.49999999999773));
#5852=CARTESIAN_POINT('',(-17.8284271247462,-7.25000000000001,0.));
#5853=CARTESIAN_POINT('Origin',(-17.,-7.25000000000001,0.));
#5854=CARTESIAN_POINT('',(-12.5549299506849,-2.86664292456888,2.49999999999886));
#5855=CARTESIAN_POINT('',(-12.5857864376269,-2.83578643762691,0.));
#5856=CARTESIAN_POINT('',(-16.969143513058,-7.28085648694199,2.5));
#5857=CARTESIAN_POINT('Origin',(-11.1715728752538,-4.25000000000001,1.70530256582424E-10));
#5858=CARTESIAN_POINT('',(-11.1715728752538,-2.29363766232053,2.49999999999886));
#5859=CARTESIAN_POINT('',(-11.1715728752538,-2.25000000000001,-1.56730583960056E-18));
#5860=CARTESIAN_POINT('Origin',(-11.1715728752538,-4.25000000000001,2.49999999999773));
#5861=CARTESIAN_POINT('Origin',(-11.9999999999999,-2.25000000000001,0.));
#5862=CARTESIAN_POINT('',(-2.,-2.29363766231974,2.49999999995623));
#5863=CARTESIAN_POINT('',(-11.9999999999999,-2.29363766232055,2.49999999999999));
#5864=CARTESIAN_POINT('Origin',(-2.,-0.250000000000007,2.4999999998272));
#5865=CARTESIAN_POINT('',(-1.10154940724527E-13,-0.250000000000007,-4.2632564145606E-11));
#5866=CARTESIAN_POINT('Origin',(0.,0.,0.));
#5867=CARTESIAN_POINT('',(4.44089209850063E-13,0.837722339831621,4.2632564145606E-11));
#5868=CARTESIAN_POINT('Origin',(2.5,0.837722339831621,1.70530256582424E-10));
#5869=CARTESIAN_POINT('',(0.490248996443172,2.25003138450923,2.49999999999773));
#5870=CARTESIAN_POINT('',(0.490248996443172,2.25003138450923,2.49999999999773));
#5871=CARTESIAN_POINT('Origin',(2.5,0.837722339831621,2.49999999999773));
#5872=CARTESIAN_POINT('Origin',(-2.,4.,2.4999999998272));
#5873=CARTESIAN_POINT('',(0.490248996443616,5.74996861549076,2.49999999999773));
#5874=CARTESIAN_POINT('',(0.454545454544326,5.72487872372789,0.));
#5875=CARTESIAN_POINT('Origin',(-2.,4.,2.49999999999773));
#5876=CARTESIAN_POINT('Origin',(-9.8,3.8,9.5));
#5877=CARTESIAN_POINT('',(-12.3499999999999,3.8,9.50000000000273));
#5878=CARTESIAN_POINT('Origin',(-9.8,3.8,9.50000000000273));
#5879=CARTESIAN_POINT('Origin',(-32.8050479181456,-4.75000000000001,9.));
#5880=CARTESIAN_POINT('',(-32.8050479181456,0.905047918145565,9.));
#5881=CARTESIAN_POINT('',(-32.8050479181456,-4.75000000000001,9.));
#5882=CARTESIAN_POINT('',(-32.9307197911882,1.0307197911882,0.));
#5883=CARTESIAN_POINT('Origin',(-45.5,-2.45504791814557,9.));
#5884=CARTESIAN_POINT('',(-25.5949520818544,-2.45504791814557,9.));
#5885=CARTESIAN_POINT('',(-45.5,-2.45504791814557,9.));
#5886=CARTESIAN_POINT('',(-25.5949520818544,-2.45504791814557,9.));
#5887=CARTESIAN_POINT('Origin',(-33.5,-4.75000000000001,9.));
#5888=CARTESIAN_POINT('',(-25.5949520818544,0.905047918145565,9.));
#5889=CARTESIAN_POINT('',(-33.5,0.905047918145565,9.));
#5890=CARTESIAN_POINT('',(-25.5949520818544,-4.75000000000001,9.));
#5891=CARTESIAN_POINT('Origin',(-34.75,19.,3.5));
#5892=CARTESIAN_POINT('',(-29.5454723583219,19.,3.49999999997408));
#5893=CARTESIAN_POINT('Origin',(-34.75,19.,3.49999999997408));
#5894=CARTESIAN_POINT('Origin',(-16.25,11.,7.6));
#5895=CARTESIAN_POINT('',(-14.71,11.,7.1));
#5896=CARTESIAN_POINT('',(-17.79,11.,7.1));
#5897=CARTESIAN_POINT('Origin',(-16.25,11.,7.1));
#5898=CARTESIAN_POINT('',(-14.71,11.,7.6));
#5899=CARTESIAN_POINT('Origin',(-16.25,11.,7.1));
#5900=CARTESIAN_POINT('Origin',(-7.,25.,11.2041886540624));
#5901=CARTESIAN_POINT('',(-9.57379650890789,25.,11.2041886541192));
#5902=CARTESIAN_POINT('',(-9.5737965089071,25.,11.2041886540624));
#5903=CARTESIAN_POINT('Origin',(-7.,25.,11.2041886541192));
#5904=CARTESIAN_POINT('Origin',(-44.2,34.2,11.2041886540624));
#5905=CARTESIAN_POINT('',(-46.7737965089082,34.2,11.2041886541018));
#5906=CARTESIAN_POINT('',(-46.7737965089076,34.2,11.2041886540624));
#5907=CARTESIAN_POINT('Origin',(-44.2,34.2,11.2041886541017));
#5908=CARTESIAN_POINT('Origin',(11.5100520026399,8.05942517743427,2.5));
#5909=CARTESIAN_POINT('',(-8.59012143354642,36.8585636032483,7.60000000000005));
#5910=CARTESIAN_POINT('',(-8.56132914337935,36.8534867456554,9.57408232490787));
#5911=CARTESIAN_POINT('',(-8.66450570719057,36.8716795576321,2.5));
#5912=CARTESIAN_POINT('',(-7.90574038555034,35.8811661737006,7.60000000000005));
#5913=CARTESIAN_POINT('',(11.5538021166539,8.09005933706441,7.60000000000005));
#5914=CARTESIAN_POINT('',(-7.9006635279575,35.9099584638677,9.57408232490787));
#5915=CARTESIAN_POINT('',(-7.9006635279575,35.9099584638677,9.57408232490787));
#5916=CARTESIAN_POINT('',(11.5707366905338,8.10191705335152,9.57408232490787));
#5917=CARTESIAN_POINT('Origin',(-46.,42.,2.49999999994088));
#5918=CARTESIAN_POINT('',(-48.0436376623205,42.,2.49999999999886));
#5919=CARTESIAN_POINT('',(-48.,42.,-1.27454686799166E-17));
#5920=CARTESIAN_POINT('Origin',(-46.,42.,2.49999999999773));
#5921=CARTESIAN_POINT('Origin',(0.,0.,2.5));
#5922=CARTESIAN_POINT('',(-17.5876567357449,38.0700068239845,2.5));
#5923=CARTESIAN_POINT('',(-16.4406156829055,38.4316674787393,2.5));
#5924=CARTESIAN_POINT('Origin',(-17.5876537532298,40.0698024126739,2.50000000000001));
#5925=CARTESIAN_POINT('',(-8.94380621888563,43.6809899779679,2.5));
#5926=CARTESIAN_POINT('',(-8.94380621888563,43.6809899779679,2.5));
#5927=CARTESIAN_POINT('',(-7.79366937740609,44.0436376623205,2.5));
#5928=CARTESIAN_POINT('Origin',(-7.79361400840612,42.0383091800159,2.50000000000001));
#5929=CARTESIAN_POINT('',(-12.,44.0436376623205,2.49999999999886));
#5930=CARTESIAN_POINT('',(-4.5,44.0436376623205,2.5));
#5931=CARTESIAN_POINT('Origin',(-12.,45.,2.49999999999773));
#5932=CARTESIAN_POINT('',(-48.0436376623205,36.0693244581968,2.5));
#5933=CARTESIAN_POINT('',(-48.0436376623205,38.,2.5));
#5934=CARTESIAN_POINT('',(-46.042845584704,38.0700068239845,2.5));
#5935=CARTESIAN_POINT('Origin',(-46.0433330062336,36.0698118529991,2.5));
#5936=CARTESIAN_POINT('',(0.,38.0700068239845,2.5));
#5937=CARTESIAN_POINT('Origin',(-12.,45.,5.6843418860808E-11));
#5938=CARTESIAN_POINT('',(-12.,44.,0.));
#5939=CARTESIAN_POINT('Origin',(2.5,7.16227766016837,1.70530256582424E-10));
#5940=CARTESIAN_POINT('',(0.0436376623205243,7.16227766016837,2.49999999999886));
#5941=CARTESIAN_POINT('',(0.,7.16227766016837,0.));
#5942=CARTESIAN_POINT('Origin',(2.5,7.16227766016837,2.49999999999773));
#5943=CARTESIAN_POINT('Origin',(-1.93050324825984E-16,1.2,2.5));
#5944=CARTESIAN_POINT('',(-6.16688110181608,1.2,2.5));
#5945=CARTESIAN_POINT('',(0.,1.2,2.5));
#5946=CARTESIAN_POINT('',(-6.2476541360623,1.15810937565246,5.5));
#5947=CARTESIAN_POINT('Origin',(-1921.27015187563,1.89889984770897,-47.5517617232788));
#5948=CARTESIAN_POINT('',(-1.93050324825984E-16,1.15810937565246,5.5));
#5949=CARTESIAN_POINT('Origin',(0.,0.,2.5));
#5950=CARTESIAN_POINT('',(-5.41427066248645,8.58572933751356,2.5));
#5951=CARTESIAN_POINT('',(-6.,7.17165362700852,2.5));
#5952=CARTESIAN_POINT('Origin',(-4.00021101175807,7.17166027918583,2.5));
#5953=CARTESIAN_POINT('',(-6.,1.99980504801861,2.5));
#5954=CARTESIAN_POINT('',(-6.,0.,2.5));
#5955=CARTESIAN_POINT('Origin',(-7.99996431239878,1.99978946866739,2.49999999999999));
#5956=CARTESIAN_POINT('',(0.0436376623205435,14.8733344077055,2.5));
#5957=CARTESIAN_POINT('',(0.0436376623205441,0.,2.5));
#5958=CARTESIAN_POINT('',(-0.543078704790934,13.4569212952091,2.5));
#5959=CARTESIAN_POINT('Origin',(-1.95666699376727,14.8720358615922,2.5));
#5960=CARTESIAN_POINT('',(-5.41427066248645,8.58572933751356,2.5));
#5961=CARTESIAN_POINT('Origin',(0.,0.,5.5));
#5962=CARTESIAN_POINT('Origin',(-8.04208559533393,2.04208559533393,5.5));
#5963=CARTESIAN_POINT('',(-3.11447171333191,0.,5.5));
#5964=CARTESIAN_POINT('Origin',(-3.15636233767946,0.,2.5));
#5965=CARTESIAN_POINT('',(-3.15636233767946,0.,2.5));
#5966=CARTESIAN_POINT('Origin',(-23.0349020480728,0.,0.));
#5967=CARTESIAN_POINT('',(-22.9999965972249,0.,2.49975631002361));
#5968=CARTESIAN_POINT('Origin',(0.,0.,2.5));
#5969=CARTESIAN_POINT('',(-23.,0.,2.5));
#5970=CARTESIAN_POINT('',(-23.,-7.29363766232055,2.5));
#5971=CARTESIAN_POINT('',(-23.,0.,2.5));
#5972=CARTESIAN_POINT('',(-17.,-7.29363766232055,2.5));
#5973=CARTESIAN_POINT('Origin',(-17.,-7.25000000000001,0.));
#5974=CARTESIAN_POINT('',(-23.,-7.29363766232055,2.5));
#5975=CARTESIAN_POINT('Origin',(-9.8,3.8,11.2041886540624));
#5976=CARTESIAN_POINT('',(-12.373796508908,3.8,11.2041886541018));
#5977=CARTESIAN_POINT('',(-12.3737965089074,3.8,11.2041886540624));
#5978=CARTESIAN_POINT('Origin',(-9.8,3.8,11.2041886541017));
#5979=CARTESIAN_POINT('Origin',(-26.,6.20595841807601,7.60000007153803));
#5980=CARTESIAN_POINT('',(-29.9874082621293,5.47746676069958,7.60000000002492));
#5981=CARTESIAN_POINT('Origin',(-26.,6.20595841807601,7.60000000002492));
#5982=CARTESIAN_POINT('',(-30.3079277636091,5.66709710755661,7.60000000001249));
#5983=CARTESIAN_POINT('Origin',(-30.2299840482588,5.43314864104404,7.60000000002492));
#5984=CARTESIAN_POINT('Origin',(-34.75,19.,7.60000000000005));
#5985=CARTESIAN_POINT('Origin',(-32.8799761627573,1.3,2.20000000001619));
#5986=CARTESIAN_POINT('',(-32.6357166540203,1.47417603851164,2.20000000000808));
#5987=CARTESIAN_POINT('',(-32.5584068244627,1.52930396339768,9.));
#5988=CARTESIAN_POINT('',(-32.8799761627573,1.0000000000011,2.20000000001214));
#5989=CARTESIAN_POINT('Origin',(-32.8799761627573,1.3,2.20000000001619));
#5990=CARTESIAN_POINT('',(-32.8799761627573,1.0000000000011,2.20000000001214));
#5991=CARTESIAN_POINT('Origin',(-26.,1.,2.2));
#5992=CARTESIAN_POINT('',(-25.5,1.,2.2));
#5993=CARTESIAN_POINT('',(-26.,1.,2.2));
#5994=CARTESIAN_POINT('',(-25.5,1.,2.2));
#5995=CARTESIAN_POINT('Origin',(-25.5949520818544,-4.75000000000001,9.));
#5996=CARTESIAN_POINT('',(-25.4999999999998,-2.20608651760995,2.20000000001214));
#5997=CARTESIAN_POINT('',(-25.5,6.20595841807601,2.2));
#5998=CARTESIAN_POINT('',(-25.4692802088115,-2.20608651760995,0.));
#5999=CARTESIAN_POINT('Origin',(-25.2,-2.20608651760995,2.20000000001619));
#6000=CARTESIAN_POINT('',(-25.2284023668639,-1.90743403468608,2.20000000000808));
#6001=CARTESIAN_POINT('Origin',(-25.2,-2.20608651760995,2.20000000001619));
#6002=CARTESIAN_POINT('',(-25.237391913075,-1.8129084513375,9.));
#6003=CARTESIAN_POINT('Origin',(-26.,6.20595841807601,-3.46944695195361E-15));
#6004=CARTESIAN_POINT('Origin',(-26.,6.20595841807601,2.19999999999998));
#6005=CARTESIAN_POINT('Origin',(-51.,8.,2.4999999998272));
#6006=CARTESIAN_POINT('',(-52.6349088536226,8.,2.49999999999773));
#6007=CARTESIAN_POINT('',(-52.6349088536202,8.,2.4999999998272));
#6008=CARTESIAN_POINT('Origin',(-51.,8.,2.49999999999773));
#6009=CARTESIAN_POINT('Origin',(-34.75,19.,2.49999999999773));
#6010=CARTESIAN_POINT('',(-29.535000000001,19.,2.49999999999773));
#6011=CARTESIAN_POINT('Origin',(-34.75,19.,2.49999999999773));
#6012=CARTESIAN_POINT('',(-29.535000000001,19.,2.49999999999773));
#6013=CARTESIAN_POINT('Origin',(-50.,2.,0.));
#6014=CARTESIAN_POINT('',(-49.9036163363944,1.84190336251043,2.5));
#6015=CARTESIAN_POINT('',(-49.9036163363944,1.84190336251043,2.5));
#6016=CARTESIAN_POINT('',(-53.4450700493151,5.3833570754311,2.49999999999886));
#6017=CARTESIAN_POINT('',(-50.030856486942,1.96914351305801,2.5));
#6018=CARTESIAN_POINT('',(-53.4142135623731,5.41421356237307,0.));
#6019=CARTESIAN_POINT('Origin',(-52.,6.82842712474617,2.49999999994088));
#6020=CARTESIAN_POINT('',(-54.0436376623205,6.82842712474617,2.49999999999886));
#6021=CARTESIAN_POINT('Origin',(-52.,6.82842712474617,2.49999999999773));
#6022=CARTESIAN_POINT('',(-54.,6.82842712474617,0.));
#6023=CARTESIAN_POINT('Origin',(-54.,5.99999999999999,0.));
#6024=CARTESIAN_POINT('',(-54.0436376623205,9.1715728752538,2.49999999999886));
#6025=CARTESIAN_POINT('',(-54.0436376623205,5.99999999999999,2.5));
#6026=CARTESIAN_POINT('',(-54.,9.1715728752538,0.));
#6027=CARTESIAN_POINT('Origin',(-52.,9.1715728752538,2.49999999994088));
#6028=CARTESIAN_POINT('',(-53.4450700493151,10.6166429245689,2.49999999999886));
#6029=CARTESIAN_POINT('Origin',(-52.,9.1715728752538,2.49999999999773));
#6030=CARTESIAN_POINT('',(-53.4142135623731,10.5857864376269,0.));
#6031=CARTESIAN_POINT('Origin',(-54.,9.99999999999998,0.));
#6032=CARTESIAN_POINT('',(-48.0436376623205,16.0180753115634,2.5));
#6033=CARTESIAN_POINT('',(-54.030856486942,10.030856486942,2.5));
#6034=CARTESIAN_POINT('',(-48.0436376623205,16.0180753115634,2.5));
#6035=CARTESIAN_POINT('Origin',(0.,0.,7.60000000000005));
#6036=CARTESIAN_POINT('',(-40.761269126314,35.5534090274437,7.60000000000005));
#6037=CARTESIAN_POINT('',(-15.9551280170016,35.5534090274437,7.60000000000005));
#6038=CARTESIAN_POINT('',(-7.84895340264005E-15,35.5534090274437,7.60000000000005));
#6039=CARTESIAN_POINT('',(-41.0480143857186,35.1656597370197,7.60000000000005));
#6040=CARTESIAN_POINT('Ctrl Pts',(-40.7612691263151,35.553409027447,7.60000000031474));
#6041=CARTESIAN_POINT('Ctrl Pts',(-40.772674898597,35.5534090274463,7.60000000024981));
#6042=CARTESIAN_POINT('Ctrl Pts',(-40.7840795110433,35.552755361936,7.60000053079785));
#6043=CARTESIAN_POINT('Ctrl Pts',(-40.7953819693806,35.551470353977,7.60000088423506));
#6044=CARTESIAN_POINT('Ctrl Pts',(-40.8074137381338,35.5501024286861,7.6000012604784));
#6045=CARTESIAN_POINT('Ctrl Pts',(-40.8193308009043,35.5480199517831,7.60000146783663));
#6046=CARTESIAN_POINT('Ctrl Pts',(-40.8310695888466,35.5452332219501,7.6000015030565));
#6047=CARTESIAN_POINT('Ctrl Pts',(-40.8435068729931,35.5422806725947,7.60000154037208));
#6048=CARTESIAN_POINT('Ctrl Pts',(-40.8557453482024,35.5385386690901,7.60000142384057));
#6049=CARTESIAN_POINT('Ctrl Pts',(-40.8677537085142,35.5339853898613,7.60000150306345));
#6050=CARTESIAN_POINT('Ctrl Pts',(-40.8686906173572,35.5336301367323,7.60000150924453));
#6051=CARTESIAN_POINT('Ctrl Pts',(-40.8696261405329,35.533269923796,7.60000151660553));
#6052=CARTESIAN_POINT('Ctrl Pts',(-40.8705602700671,35.5329047294959,7.60000152528691));
#6053=CARTESIAN_POINT('Ctrl Pts',(-40.8725116311903,35.5321418524714,7.60000154342198));
#6054=CARTESIAN_POINT('Ctrl Pts',(-40.8744569092484,35.5313572414094,7.60000156733751));
#6055=CARTESIAN_POINT('Ctrl Pts',(-40.8763956942135,35.5305512096596,7.60000159904845));
#6056=CARTESIAN_POINT('Ctrl Pts',(-40.8880829972115,35.5256923225446,7.60000179020703));
#6057=CARTESIAN_POINT('Ctrl Pts',(-40.8994533430117,35.5200916904101,7.60000220684809));
#6058=CARTESIAN_POINT('Ctrl Pts',(-40.9104130240507,35.5138319819537,7.60000282799849));
#6059=CARTESIAN_POINT('Ctrl Pts',(-40.9221679569534,35.5071180591093,7.60000349422056));
#6060=CARTESIAN_POINT('Ctrl Pts',(-40.9334521857368,35.4996459818401,7.60000442806792));
#6061=CARTESIAN_POINT('Ctrl Pts',(-40.9441712953782,35.4914596172576,7.60000520058767));
#6062=CARTESIAN_POINT('Ctrl Pts',(-40.9548382256261,35.4833131029568,7.60000596934689));
#6063=CARTESIAN_POINT('Ctrl Pts',(-40.9649474267944,35.4744586920648,7.60000660605283));
#6064=CARTESIAN_POINT('Ctrl Pts',(-40.9743979718761,35.4648890536653,7.60000585027184));
#6065=CARTESIAN_POINT('Ctrl Pts',(-40.974439077014,35.4648474305311,7.60000584698457));
#6066=CARTESIAN_POINT('Ctrl Pts',(-40.9744801684087,35.4648057950526,7.6000058436691));
#6067=CARTESIAN_POINT('Ctrl Pts',(-40.9745212460524,35.4647641472304,7.60000584032529));
#6068=CARTESIAN_POINT('Ctrl Pts',(-40.9839325365091,35.4552222232979,7.60000507422576));
#6069=CARTESIAN_POINT('Ctrl Pts',(-40.992624707808,35.4450362393818,7.60000292316743));
#6070=CARTESIAN_POINT('Ctrl Pts',(-41.0006130725913,35.4343254602382,7.60000119694227));
#6071=CARTESIAN_POINT('Ctrl Pts',(-41.0088203163958,35.4233212086608,7.599999423419));
#6072=CARTESIAN_POINT('Ctrl Pts',(-41.0162854432035,35.4117614639374,7.5999980917272));
#6073=CARTESIAN_POINT('Ctrl Pts',(-41.0229842723453,35.3997401697056,7.59999792554807));
#6074=CARTESIAN_POINT('Ctrl Pts',(-41.0287014765379,35.3894804373958,7.59999778372029));
#6075=CARTESIAN_POINT('Ctrl Pts',(-41.0338600999759,35.3788833173863,7.59999846691038));
#6076=CARTESIAN_POINT('Ctrl Pts',(-41.0384157025279,35.3680008920485,7.59999979441868));
#6077=CARTESIAN_POINT('Ctrl Pts',(-41.043312317559,35.3563038559537,7.60000122129845));
#6078=CARTESIAN_POINT('Ctrl Pts',(-41.0474822258979,35.344351194734,7.60000341645166));
#6079=CARTESIAN_POINT('Ctrl Pts',(-41.0508604941624,35.3322084304122,7.60000534113533));
#6080=CARTESIAN_POINT('Ctrl Pts',(-41.0522981896883,35.3270408129906,7.60000616022632));
#6081=CARTESIAN_POINT('Ctrl Pts',(-41.0535919128889,35.3218388450125,7.60000692036425));
#6082=CARTESIAN_POINT('Ctrl Pts',(-41.0547338055156,35.3166083480273,7.60000749924602));
#6083=CARTESIAN_POINT('Ctrl Pts',(-41.0575983478378,35.3034871669024,7.60000895142401));
#6084=CARTESIAN_POINT('Ctrl Pts',(-41.0595094177095,35.2901840101535,7.6000092665855));
#6085=CARTESIAN_POINT('Ctrl Pts',(-41.0605021578584,35.2767520847644,7.60000893028942));
#6086=CARTESIAN_POINT('Ctrl Pts',(-41.0609488701748,35.2707079990995,7.60000877896321));
#6087=CARTESIAN_POINT('Ctrl Pts',(-41.0612091674436,35.2646383130852,7.60000849349351));
#6088=CARTESIAN_POINT('Ctrl Pts',(-41.0612843675928,35.2585508587706,7.60000812409826));
#6089=CARTESIAN_POINT('Ctrl Pts',(-41.06143304043,35.2465157881653,7.60000739379332));
#6090=CARTESIAN_POINT('Ctrl Pts',(-41.0608589986183,35.2344720084487,7.60000634147887));
#6091=CARTESIAN_POINT('Ctrl Pts',(-41.059580899876,35.2224792245431,7.60000507788651));
#6092=CARTESIAN_POINT('Ctrl Pts',(-41.0584323939837,35.2117024492238,7.60000394241612));
#6093=CARTESIAN_POINT('Ctrl Pts',(-41.0567144737696,35.200966430999,7.60000261401655));
#6094=CARTESIAN_POINT('Ctrl Pts',(-41.0544314601619,35.1903534988847,7.60000153624144));
#6095=CARTESIAN_POINT('Ctrl Pts',(-41.0526398842403,35.1820250887647,7.6000006904664));
#6096=CARTESIAN_POINT('Ctrl Pts',(-41.0505000049171,35.1737729840673,7.60000000026643));
#6097=CARTESIAN_POINT('Ctrl Pts',(-41.0480143857133,35.1656597370194,7.60000000031474));
#6098=CARTESIAN_POINT('',(-41.1092329136622,33.0534090274437,7.60000000001246));
#6099=CARTESIAN_POINT('Origin',(-44.2,34.2,7.60000000002492));
#6100=CARTESIAN_POINT('',(-34.75,33.0534090274437,7.60000000000003));
#6101=CARTESIAN_POINT('',(-7.24367577053548E-14,33.0534090274438,7.6));
#6102=CARTESIAN_POINT('',(-20.9422799415674,16.3836720235034,7.60000000001249));
#6103=CARTESIAN_POINT('Origin',(-34.75,19.,7.60000000000005));
#6104=CARTESIAN_POINT('',(-20.9465909725562,16.3377640976051,7.60000000001246));
#6105=CARTESIAN_POINT('Origin',(-20.7,16.3377640976051,7.60000000002492));
#6106=CARTESIAN_POINT('',(-20.9465909725563,5.02659535924757,7.6));
#6107=CARTESIAN_POINT('',(-20.9465909725563,0.,7.6));
#6108=CARTESIAN_POINT('',(-19.897366596101,5.02659535924757,7.60000000000005));
#6109=CARTESIAN_POINT('',(0.,5.02659535924757,7.60000000000005));
#6110=CARTESIAN_POINT('',(-16.102633403899,5.02659535924757,7.60000000000005));
#6111=CARTESIAN_POINT('',(0.,5.02659535924757,7.60000000000005));
#6112=CARTESIAN_POINT('',(-15.001667129887,5.02659535924757,7.60000000000005));
#6113=CARTESIAN_POINT('',(0.,5.02659535924757,7.60000000000005));
#6114=CARTESIAN_POINT('',(0.,5.02659535924757,7.60000000000005));
#6115=CARTESIAN_POINT('',(-13.2387308736866,2.44659097255628,7.60000000000005));
#6116=CARTESIAN_POINT('',(0.,2.44659097255628,7.60000000000005));
#6117=CARTESIAN_POINT('',(-12.9519856142814,2.83434026298112,7.60000000000005));
#6118=CARTESIAN_POINT('Ctrl Pts',(-13.2387308736857,2.44659097255294,7.60000000031948));
#6119=CARTESIAN_POINT('Ctrl Pts',(-13.2278721763147,2.44659097255359,7.60000000025716));
#6120=CARTESIAN_POINT('Ctrl Pts',(-13.2169690873898,2.4471987077933,7.60000111301121));
#6121=CARTESIAN_POINT('Ctrl Pts',(-13.2061437518885,2.44838084746673,7.60000227282344));
#6122=CARTESIAN_POINT('Ctrl Pts',(-13.1945852077032,2.44964305441145,7.60000351119068));
#6123=CARTESIAN_POINT('Ctrl Pts',(-13.1831142849039,2.45155948456726,7.60000483066979));
#6124=CARTESIAN_POINT('Ctrl Pts',(-13.1718192151174,2.45410746689596,7.6000058075188));
#6125=CARTESIAN_POINT('Ctrl Pts',(-13.1595427004662,2.45687684707513,7.60000686924762));
#6126=CARTESIAN_POINT('Ctrl Pts',(-13.1474726721795,2.46039133359526,7.60000756266287));
#6127=CARTESIAN_POINT('Ctrl Pts',(-13.1356716004769,2.4646552842142,7.60000782602087));
#6128=CARTESIAN_POINT('Ctrl Pts',(-13.1314971500731,2.46616359217399,7.60000791917978));
#6129=CARTESIAN_POINT('Ctrl Pts',(-13.1273560153126,2.46776603662981,7.60000795989971));
#6130=CARTESIAN_POINT('Ctrl Pts',(-13.1232500851201,2.46946405284526,7.6000079446591));
#6131=CARTESIAN_POINT('Ctrl Pts',(-13.1126892815264,2.47383149576547,7.60000790545896));
#6132=CARTESIAN_POINT('Ctrl Pts',(-13.1024267393628,2.47880328815976,7.60000744180398));
#6133=CARTESIAN_POINT('Ctrl Pts',(-13.0925001609942,2.48438679328066,7.60000618958676));
#6134=CARTESIAN_POINT('Ctrl Pts',(-13.0816496709514,2.49048998054904,7.60000482082001));
#6135=CARTESIAN_POINT('Ctrl Pts',(-13.0711997833398,2.49732161348145,7.60000255821153));
#6136=CARTESIAN_POINT('Ctrl Pts',(-13.0611924625697,2.50477254350687,7.60000068600123));
#6137=CARTESIAN_POINT('Ctrl Pts',(-13.0505075481163,2.51272797451059,7.59999868702394));
#6138=CARTESIAN_POINT('Ctrl Pts',(-13.0403257915684,2.52138996713992,7.5999971507873));
#6139=CARTESIAN_POINT('Ctrl Pts',(-13.0307045670564,2.53068300145692,7.59999673944182));
#6140=CARTESIAN_POINT('Ctrl Pts',(-13.0290463961781,2.53228461036407,7.59999666854844));
#6141=CARTESIAN_POINT('Ctrl Pts',(-13.0274049192394,2.53390507988849,7.59999662864373));
#6142=CARTESIAN_POINT('Ctrl Pts',(-13.025780496013,2.53554416091655,7.59999662001365));
#6143=CARTESIAN_POINT('Ctrl Pts',(-13.015597296259,2.54581924763659,7.59999656591332));
#6144=CARTESIAN_POINT('Ctrl Pts',(-13.0061574828335,2.55674488515945,7.59999783503086));
#6145=CARTESIAN_POINT('Ctrl Pts',(-12.9975460192244,2.5682508118738,7.59999968540647));
#6146=CARTESIAN_POINT('Ctrl Pts',(-12.9895551960496,2.57892749007975,7.60000140242288));
#6147=CARTESIAN_POINT('Ctrl Pts',(-12.9822766805392,2.59010533152961,7.60000361681695));
#6148=CARTESIAN_POINT('Ctrl Pts',(-12.9758164659117,2.60175868089996,7.6000046135645));
#6149=CARTESIAN_POINT('Ctrl Pts',(-12.9753147065404,2.60266378662639,7.60000469098103));
#6150=CARTESIAN_POINT('Ctrl Pts',(-12.9748179079551,2.60357177097591,7.60000476046235));
#6151=CARTESIAN_POINT('Ctrl Pts',(-12.9743261327892,2.60448262658671,7.60000482090114));
#6152=CARTESIAN_POINT('Ctrl Pts',(-12.9695181177245,2.6133879308831,7.60000541180248));
#6153=CARTESIAN_POINT('Ctrl Pts',(-12.9651890309336,2.62256769941104,7.60000516126402));
#6154=CARTESIAN_POINT('Ctrl Pts',(-12.9613329959017,2.63198200992908,7.60000467844216));
#6155=CARTESIAN_POINT('Ctrl Pts',(-12.9562848822027,2.64430671898922,7.60000404635776));
#6156=CARTESIAN_POINT('Ctrl Pts',(-12.9520791387476,2.65695142892083,7.60000307298831));
#6157=CARTESIAN_POINT('Ctrl Pts',(-12.94870521414,2.66982419735176,7.60000235593789));
#6158=CARTESIAN_POINT('Ctrl Pts',(-12.9455608102632,2.68182125942795,7.60000168766685));
#6159=CARTESIAN_POINT('Ctrl Pts',(-12.9431394107297,2.69401781316425,7.6000012133525));
#6160=CARTESIAN_POINT('Ctrl Pts',(-12.9414718875682,2.70632063684104,7.6000009446913));
#6161=CARTESIAN_POINT('Ctrl Pts',(-12.9406826678179,2.71214342338686,7.60000081753701));
#6162=CARTESIAN_POINT('Ctrl Pts',(-12.9400628661623,2.71798960942685,7.60000073185119));
#6163=CARTESIAN_POINT('Ctrl Pts',(-12.9396187213318,2.72384632260767,7.60000067490312));
#6164=CARTESIAN_POINT('Ctrl Pts',(-12.9391636386739,2.7298472673854,7.60000061655261));
#6165=CARTESIAN_POINT('Ctrl Pts',(-12.9388930645708,2.73585919826355,7.60000058754473));
#6166=CARTESIAN_POINT('Ctrl Pts',(-12.9388056128559,2.74187778931268,7.60000059373532));
#6167=CARTESIAN_POINT('Ctrl Pts',(-12.9386245845587,2.75433649627521,7.60000060655008));
#6168=CARTESIAN_POINT('Ctrl Pts',(-12.9392274352475,2.76675842342063,7.60000077672225));
#6169=CARTESIAN_POINT('Ctrl Pts',(-12.9405924858264,2.77911147846994,7.60000077245701));
#6170=CARTESIAN_POINT('Ctrl Pts',(-12.9418403982621,2.79040448933193,7.60000076855779));
#6171=CARTESIAN_POINT('Ctrl Pts',(-12.9437264200104,2.80164040032338,7.60000059206998));
#6172=CARTESIAN_POINT('Ctrl Pts',(-12.9462446168971,2.81275431987965,7.60000034527633));
#6173=CARTESIAN_POINT('Ctrl Pts',(-12.9478891955103,2.82001257458871,7.60000018410086));
#6174=CARTESIAN_POINT('Ctrl Pts',(-12.9498035982096,2.82721799925293,7.60000000027673));
#6175=CARTESIAN_POINT('Ctrl Pts',(-12.951985614287,2.83434026298145,7.60000000031948));
#6176=CARTESIAN_POINT('',(-8.37597158289313,6.77315574896578,7.60000000000005));
#6177=CARTESIAN_POINT('Origin',(-9.8,3.8,7.60000000000005));
#6178=CARTESIAN_POINT('',(-7.94659097255628,7.04358963162756,7.60000000000005));
#6179=CARTESIAN_POINT('Ctrl Pts',(-8.37597158289415,6.77315574898242,7.6000000003712));
#6180=CARTESIAN_POINT('Ctrl Pts',(-8.36574502586443,6.76825761751116,7.60000000029399));
#6181=CARTESIAN_POINT('Ctrl Pts',(-8.35524799701846,6.76398178485615,7.59999966865472));
#6182=CARTESIAN_POINT('Ctrl Pts',(-8.34456833809088,6.76031382746345,7.59999912971484));
#6183=CARTESIAN_POINT('Ctrl Pts',(-8.3331360860827,6.75638738996642,7.59999855279599));
#6184=CARTESIAN_POINT('Ctrl Pts',(-8.32149419385264,6.75315645671068,7.5999977663978));
#6185=CARTESIAN_POINT('Ctrl Pts',(-8.30969189281055,6.75060192248983,7.59999775423686));
#6186=CARTESIAN_POINT('Ctrl Pts',(-8.30739838931589,6.75010550800744,7.59999775187367));
#6187=CARTESIAN_POINT('Ctrl Pts',(-8.30509867198096,6.74963466065703,7.59999778035817));
#6188=CARTESIAN_POINT('Ctrl Pts',(-8.30279288650121,6.74918928685467,7.59999784884609));
#6189=CARTESIAN_POINT('Ctrl Pts',(-8.29107037473412,6.74692502607031,7.59999819703564));
#6190=CARTESIAN_POINT('Ctrl Pts',(-8.27919545792212,6.74531856502956,7.59999953163417));
#6191=CARTESIAN_POINT('Ctrl Pts',(-8.2672402954122,6.74442426612148,7.60000088258971));
#6192=CARTESIAN_POINT('Ctrl Pts',(-8.26562525598507,6.74430345404594,7.60000106509216));
#6193=CARTESIAN_POINT('Ctrl Pts',(-8.2640086771329,6.74419565662839,7.60000124852935));
#6194=CARTESIAN_POINT('Ctrl Pts',(-8.26239067132523,6.74410102906068,7.60000143094509));
#6195=CARTESIAN_POINT('Ctrl Pts',(-8.24907071323658,6.74332202367638,7.60000293265168));
#6196=CARTESIAN_POINT('Ctrl Pts',(-8.23575359825198,6.74344018324537,7.60000421141126));
#6197=CARTESIAN_POINT('Ctrl Pts',(-8.22252323624323,6.74451345167274,7.60000378248176));
#6198=CARTESIAN_POINT('Ctrl Pts',(-8.22076428165237,6.74465614092238,7.6000037254563));
#6199=CARTESIAN_POINT('Ctrl Pts',(-8.2190067895259,6.74481573544874,7.60000363870725));
#6200=CARTESIAN_POINT('Ctrl Pts',(-8.21725089673046,6.74499239745723,7.60000351900514));
#6201=CARTESIAN_POINT('Ctrl Pts',(-8.20469673621905,6.74625548323135,7.60000266316729));
#6202=CARTESIAN_POINT('Ctrl Pts',(-8.19222668861298,6.74838654249908,7.60000018815253));
#6203=CARTESIAN_POINT('Ctrl Pts',(-8.17992103592526,6.75128942071997,7.59999787603667));
#6204=CARTESIAN_POINT('Ctrl Pts',(-8.16839552496291,6.75400826510851,7.59999571050208));
#6205=CARTESIAN_POINT('Ctrl Pts',(-8.15701293706117,6.75740504604116,7.59999368643088));
#6206=CARTESIAN_POINT('Ctrl Pts',(-8.14582648635873,6.76143999362511,7.59999259028639));
#6207=CARTESIAN_POINT('Ctrl Pts',(-8.13280876274028,6.76613548050115,7.59999131469805));
#6208=CARTESIAN_POINT('Ctrl Pts',(-8.12014980126216,6.77166086947567,7.59999129775687));
#6209=CARTESIAN_POINT('Ctrl Pts',(-8.10793365756959,6.77796522631255,7.59999255519982));
#6210=CARTESIAN_POINT('Ctrl Pts',(-8.09596057907116,6.78414414506054,7.59999378762335));
#6211=CARTESIAN_POINT('Ctrl Pts',(-8.08441128323769,6.79107201917651,7.599996251245));
#6212=CARTESIAN_POINT('Ctrl Pts',(-8.0733780104128,6.79874667544476,7.5999987873106));
#6213=CARTESIAN_POINT('Ctrl Pts',(-8.06484581671056,6.80468160109358,7.60000074848779));
#6214=CARTESIAN_POINT('Ctrl Pts',(-8.05662224497556,6.81106406534447,7.60000273189359));
#6215=CARTESIAN_POINT('Ctrl Pts',(-8.04876448000067,6.81790899608172,7.60000365686907));
#6216=CARTESIAN_POINT('Ctrl Pts',(-8.04759939715171,6.81892390444686,7.60000379401661));
#6217=CARTESIAN_POINT('Ctrl Pts',(-8.04644238759352,6.81994900298239,7.60000390696617));
#6218=CARTESIAN_POINT('Ctrl Pts',(-8.0452934645002,6.82098415019009,7.60000399869555));
#6219=CARTESIAN_POINT('Ctrl Pts',(-8.03524324804753,6.83003911092522,7.60000480109925));
#6220=CARTESIAN_POINT('Ctrl Pts',(-8.02587674001831,6.8397989363584,7.60000408649654));
#6221=CARTESIAN_POINT('Ctrl Pts',(-8.01719216882847,6.85016197355728,7.60000323596214));
#6222=CARTESIAN_POINT('Ctrl Pts',(-8.00897212062126,6.85997070947363,7.60000243092139));
#6223=CARTESIAN_POINT('Ctrl Pts',(-8.00136292353222,6.87032155355225,7.60000146834266));
#6224=CARTESIAN_POINT('Ctrl Pts',(-7.99440605301886,6.88113454195263,7.60000079599742));
#6225=CARTESIAN_POINT('Ctrl Pts',(-7.98818961719374,6.89079668074618,7.60000019521133));
#6226=CARTESIAN_POINT('Ctrl Pts',(-7.98249430741569,6.90082873877296,7.5999998026634));
#6227=CARTESIAN_POINT('Ctrl Pts',(-7.97738307944925,6.91116188297373,7.59999973729512));
#6228=CARTESIAN_POINT('Ctrl Pts',(-7.97471890130967,6.91654793444192,7.59999970322254));
#6229=CARTESIAN_POINT('Ctrl Pts',(-7.97221988232408,6.92200344066782,7.59999975049928));
#6230=CARTESIAN_POINT('Ctrl Pts',(-7.96989557865261,6.92751783673528,7.59999984944887));
#6231=CARTESIAN_POINT('Ctrl Pts',(-7.96485928339821,6.93946641603942,7.60000006385261));
#6232=CARTESIAN_POINT('Ctrl Pts',(-7.96064158898551,6.95169359847884,7.60000049804146));
#6233=CARTESIAN_POINT('Ctrl Pts',(-7.95723085386172,6.96416522071587,7.60000074682011));
#6234=CARTESIAN_POINT('Ctrl Pts',(-7.95591198094518,6.9689877836522,7.60000084301856));
#6235=CARTESIAN_POINT('Ctrl Pts',(-7.95471413097273,6.97384651068406,7.6000009148938));
#6236=CARTESIAN_POINT('Ctrl Pts',(-7.95363783141984,6.97873764137665,7.60000096136884));
#6237=CARTESIAN_POINT('Ctrl Pts',(-7.95123038377936,6.98967803526006,7.60000106532338));
#6238=CARTESIAN_POINT('Ctrl Pts',(-7.94943758240171,7.00074752262128,7.60000101197105));
#6239=CARTESIAN_POINT('Ctrl Pts',(-7.94826111309471,7.01189892601146,7.60000073852235));
#6240=CARTESIAN_POINT('Ctrl Pts',(-7.94715158540634,7.02241580966665,7.600000480633));
#6241=CARTESIAN_POINT('Ctrl Pts',(-7.94659097255314,7.03300632344542,7.60000000029914));
#6242=CARTESIAN_POINT('Ctrl Pts',(-7.9465909725524,7.04358963163098,7.6000000003712));
#6243=CARTESIAN_POINT('',(-7.94659097255628,8.59920269535387,7.60000000000005));
#6244=CARTESIAN_POINT('',(-7.94659097255628,0.,7.60000000000005));
#6245=CARTESIAN_POINT('',(-7.80014796608104,8.95274738770109,7.60000000000005));
#6246=CARTESIAN_POINT('Origin',(-7.44650950554071,8.59916385529656,7.60000000000005));
#6247=CARTESIAN_POINT('',(-2.59303397903133,14.1598613747509,7.60000000000005));
#6248=CARTESIAN_POINT('',(-8.37644767689111,8.37644767689102,7.60000000000005));
#6249=CARTESIAN_POINT('',(-2.44659097255628,14.5134060670976,7.60000000000005));
#6250=CARTESIAN_POINT('Origin',(-2.94667243957119,14.5134449071549,7.60000000000005));
#6251=CARTESIAN_POINT('',(-2.44659097255628,24.5534090274437,7.60000000000005));
#6252=CARTESIAN_POINT('',(-2.44659097255628,0.,7.60000000000005));
#6253=CARTESIAN_POINT('',(-3.73379906564657,24.5534090274437,7.60000000000005));
#6254=CARTESIAN_POINT('',(0.,24.5534090274437,7.60000000000005));
#6255=CARTESIAN_POINT('',(-3.73379906564657,25.4465909725563,7.60000000000005));
#6256=CARTESIAN_POINT('Origin',(-7.,25.,7.60000000000005));
#6257=CARTESIAN_POINT('',(-2.44659097255628,25.4465909725563,7.60000000000005));
#6258=CARTESIAN_POINT('',(0.,25.4465909725563,7.60000000000005));
#6259=CARTESIAN_POINT('',(-2.44659097255628,36.8019267991313,7.60000000000005));
#6260=CARTESIAN_POINT('',(-2.44659097255628,0.,7.60000000000005));
#6261=CARTESIAN_POINT('',(-3.80998016410539,38.7490483554558,7.60000000000005));
#6262=CARTESIAN_POINT('',(15.6495623380988,10.9579415188196,7.60000000000005));
#6263=CARTESIAN_POINT('',(-19.4595425022042,27.7911068366362,7.60000000000005));
#6264=CARTESIAN_POINT('',(-4.49436121210147,39.7264457850035,7.60000000000005));
#6265=CARTESIAN_POINT('',(-20.1439235502003,28.7685042661839,7.60000000000005));
#6266=CARTESIAN_POINT('',(-5.77361464649015,41.5534090274437,7.60000000000005));
#6267=CARTESIAN_POINT('',(15.6495623380988,10.9579415188196,7.60000000000005));
#6268=CARTESIAN_POINT('',(-7.22859282947075,41.5534090274437,7.60000000000005));
#6269=CARTESIAN_POINT('',(0.,41.5534090274437,7.60000000000005));
#6270=CARTESIAN_POINT('',(-15.6683438871179,35.6438317162658,7.60000000000005));
#6271=CARTESIAN_POINT('',(-21.9018501527399,31.2790836395998,7.60000000000005));
#6272=CARTESIAN_POINT('Origin',(-15.9551575833852,36.053495672313,7.60000000000005));
#6273=CARTESIAN_POINT('',(-14.21,11.,7.6));
#6274=CARTESIAN_POINT('',(-18.29,11.,7.6));
#6275=CARTESIAN_POINT('Ctrl Pts',(-14.21,11.,7.60000000000001));
#6276=CARTESIAN_POINT('Ctrl Pts',(-14.21,10.9429447790794,7.60000000000001));
#6277=CARTESIAN_POINT('Ctrl Pts',(-14.2123893617087,10.88632957738,7.60000000000001));
#6278=CARTESIAN_POINT('Ctrl Pts',(-14.2170830745933,10.8301508686402,7.60000000000001));
#6279=CARTESIAN_POINT('Ctrl Pts',(-14.2218408337601,10.7732055945989,7.60000000000001));
#6280=CARTESIAN_POINT('Ctrl Pts',(-14.2289662147396,10.7167079539032,7.60000000000001));
#6281=CARTESIAN_POINT('Ctrl Pts',(-14.238423508574,10.6606482125783,7.6));
#6282=CARTESIAN_POINT('Ctrl Pts',(-14.2478815714852,10.6045839124182,7.59999999999999));
#6283=CARTESIAN_POINT('Ctrl Pts',(-14.2596720703254,10.5489567292831,7.59999999999998));
#6284=CARTESIAN_POINT('Ctrl Pts',(-14.2738108425566,10.4937637797056,7.59999999999991));
#6285=CARTESIAN_POINT('Ctrl Pts',(-14.2878175878392,10.4390862183526,7.59999999999984));
#6286=CARTESIAN_POINT('Ctrl Pts',(-14.3041292382298,10.3848340281482,7.59999999999973));
#6287=CARTESIAN_POINT('Ctrl Pts',(-14.3228084854708,10.3310233275698,7.59999999999944));
#6288=CARTESIAN_POINT('Ctrl Pts',(-14.3270480968913,10.3188099627714,7.59999999999938));
#6289=CARTESIAN_POINT('Ctrl Pts',(-14.331409858884,10.3066194464934,7.5999999999993));
#6290=CARTESIAN_POINT('Ctrl Pts',(-14.3358948229287,10.2944521696647,7.59999999999922));
#6291=CARTESIAN_POINT('Ctrl Pts',(-14.3392584351243,10.2853270127357,7.59999999999915));
#6292=CARTESIAN_POINT('Ctrl Pts',(-14.3425182860511,10.2766759380176,7.59999999999605));
#6293=CARTESIAN_POINT('Ctrl Pts',(-14.3459848102522,10.2676658980183,7.59999999998998));
#6294=CARTESIAN_POINT('Ctrl Pts',(-14.3482767726179,10.2617087284174,7.59999999998597));
#6295=CARTESIAN_POINT('Ctrl Pts',(-14.35065996228,10.2555949493748,7.5999999999816));
#6296=CARTESIAN_POINT('Ctrl Pts',(-14.3532357598783,10.249088334111,7.59999999998247));
#6297=CARTESIAN_POINT('Ctrl Pts',(-14.3748615864915,10.1944602322643,7.5999999999898));
#6298=CARTESIAN_POINT('Ctrl Pts',(-14.3986739875976,10.1412022692498,7.59999999998355));
#6299=CARTESIAN_POINT('Ctrl Pts',(-14.4245761464392,10.0892933556617,7.59999999989822));
#6300=CARTESIAN_POINT('Ctrl Pts',(-14.4509010263935,10.0365372928514,7.59999999981151));
#6301=CARTESIAN_POINT('Ctrl Pts',(-14.4793846825126,9.98517381261216,7.59999999961834));
#6302=CARTESIAN_POINT('Ctrl Pts',(-14.5099779396188,9.93519219526728,7.5999999993049));
#6303=CARTESIAN_POINT('Ctrl Pts',(-14.5405838140246,9.88518996445713,7.59999999899133));
#6304=CARTESIAN_POINT('Ctrl Pts',(-14.5733014933985,9.83656995121317,7.59999999855871));
#6305=CARTESIAN_POINT('Ctrl Pts',(-14.6081282103692,9.78934511992689,7.59999999822715));
#6306=CARTESIAN_POINT('Ctrl Pts',(-14.642565422013,9.74264845566135,7.59999999789931));
#6307=CARTESIAN_POINT('Ctrl Pts',(-14.6790653485144,9.69731529161758,7.59999999769723));
#6308=CARTESIAN_POINT('Ctrl Pts',(-14.7176627843042,9.65339188952473,7.59999999784831));
#6309=CARTESIAN_POINT('Ctrl Pts',(-14.7464423477934,9.62064110405611,7.59999999796097));
#6310=CARTESIAN_POINT('Ctrl Pts',(-14.776388891221,9.58867474116514,7.59999999827779));
#6311=CARTESIAN_POINT('Ctrl Pts',(-14.8075275731664,9.5575275731664,7.599999998709));
#6312=CARTESIAN_POINT('Ctrl Pts',(-14.8477884528801,9.51725572137714,7.59999999926653));
#6313=CARTESIAN_POINT('Ctrl Pts',(-14.8894013440503,9.47900033529601,7.59999999953483));
#6314=CARTESIAN_POINT('Ctrl Pts',(-14.9323033887295,9.44269303673011,7.59999999970004));
#6315=CARTESIAN_POINT('Ctrl Pts',(-14.9758623305423,9.40582981686643,7.59999999986779));
#6316=CARTESIAN_POINT('Ctrl Pts',(-15.02075076225,9.37097415517926,7.59999999992554));
#6317=CARTESIAN_POINT('Ctrl Pts',(-15.0669457020956,9.33808661161517,7.59999999995808));
#6318=CARTESIAN_POINT('Ctrl Pts',(-15.1131700876609,9.3051781047726,7.59999999999065));
#6319=CARTESIAN_POINT('Ctrl Pts',(-15.1607033477252,9.27423971961187,7.59999999999502));
#6320=CARTESIAN_POINT('Ctrl Pts',(-15.2095553616611,9.24527241132852,7.59999999999781));
#6321=CARTESIAN_POINT('Ctrl Pts',(-15.2579333272101,9.21658619495227,7.60000000000057));
#6322=CARTESIAN_POINT('Ctrl Pts',(-15.3076053326156,9.18983263109449,7.59999999999998));
#6323=CARTESIAN_POINT('Ctrl Pts',(-15.3586023264669,9.16505861711974,7.6));
#6324=CARTESIAN_POINT('Ctrl Pts',(-15.3887043324199,9.15043525484231,7.60000000000001));
#6325=CARTESIAN_POINT('Ctrl Pts',(-15.4192683417166,9.13650250455579,7.6));
#6326=CARTESIAN_POINT('Ctrl Pts',(-15.4503026100367,9.12327836787503,7.6));
#6327=CARTESIAN_POINT('Ctrl Pts',(-15.4597890793368,9.11923605035206,7.6));
#6328=CARTESIAN_POINT('Ctrl Pts',(-15.469777902233,9.11507106807567,7.59999999999925));
#6329=CARTESIAN_POINT('Ctrl Pts',(-15.4794621004561,9.11112176113114,7.59999999999358));
#6330=CARTESIAN_POINT('Ctrl Pts',(-15.4862487012797,9.10835412160695,7.5999999999896));
#6331=CARTESIAN_POINT('Ctrl Pts',(-15.4928852047598,9.10569127320727,7.59999999998436));
#6332=CARTESIAN_POINT('Ctrl Pts',(-15.4990882123218,9.10323545224507,7.59999999998513));
#6333=CARTESIAN_POINT('Ctrl Pts',(-15.5542647168514,9.08139062695818,7.59999999999194));
#6334=CARTESIAN_POINT('Ctrl Pts',(-15.6099935255163,9.06211162570405,7.59999999998636));
#6335=CARTESIAN_POINT('Ctrl Pts',(-15.6662213655597,9.04532346773083,7.59999999989322));
#6336=CARTESIAN_POINT('Ctrl Pts',(-15.7232565411087,9.02829426055502,7.59999999979875));
#6337=CARTESIAN_POINT('Ctrl Pts',(-15.7808060047703,9.01382754231879,7.59999999958517));
#6338=CARTESIAN_POINT('Ctrl Pts',(-15.8388402141997,9.00189150208753,7.5999999992723));
#6339=CARTESIAN_POINT('Ctrl Pts',(-15.8968504761451,8.98996038719491,7.59999999895957));
#6340=CARTESIAN_POINT('Ctrl Pts',(-15.9553459898207,8.98055766689659,7.59999999855587));
#6341=CARTESIAN_POINT('Ctrl Pts',(-16.0143099767059,8.97370193363592,7.59999999833743));
#6342=CARTESIAN_POINT('Ctrl Pts',(-16.0726182485838,8.96692244025358,7.59999999812141));
#6343=CARTESIAN_POINT('Ctrl Pts',(-16.1313855238913,8.96263358790713,7.59999999813034));
#6344=CARTESIAN_POINT('Ctrl Pts',(-16.1905946546635,8.96090401180256,7.59999999848974));
#6345=CARTESIAN_POINT('Ctrl Pts',(-16.210347633551,8.96032700146932,7.59999999860964));
#6346=CARTESIAN_POINT('Ctrl Pts',(-16.2301497239468,8.96003525521886,7.59999999876417));
#6347=CARTESIAN_POINT('Ctrl Pts',(-16.25,8.96003259138968,7.5999999989378));
#6348=CARTESIAN_POINT('Ctrl Pts',(-16.3070200623422,8.96002493952099,7.59999999943657));
#6349=CARTESIAN_POINT('Ctrl Pts',(-16.3636082712348,8.96240553178606,7.5999999996558));
#6350=CARTESIAN_POINT('Ctrl Pts',(-16.419768450926,8.96709098653109,7.5999999997865));
#6351=CARTESIAN_POINT('Ctrl Pts',(-16.4766672955458,8.97183806823517,7.59999999991891));
#6352=CARTESIAN_POINT('Ctrl Pts',(-16.5331276309754,8.97895099952967,7.59999999995594));
#6353=CARTESIAN_POINT('Ctrl Pts',(-16.5891592840744,8.98839586303781,7.59999999997651));
#6354=CARTESIAN_POINT('Ctrl Pts',(-16.6451777329123,8.99783850079607,7.59999999999707));
#6355=CARTESIAN_POINT('Ctrl Pts',(-16.700768554197,9.00961211595199,7.59999999999779));
#6356=CARTESIAN_POINT('Ctrl Pts',(-16.7559345099292,9.02373430195625,7.59999999999896));
#6357=CARTESIAN_POINT('Ctrl Pts',(-16.8105621627606,9.0377186853322,7.60000000000012));
#6358=CARTESIAN_POINT('Ctrl Pts',(-16.8647739893725,9.05400631267014,7.59999999999983));
#6359=CARTESIAN_POINT('Ctrl Pts',(-16.9185535837597,9.07266145219662,7.5999999999997));
#6360=CARTESIAN_POINT('Ctrl Pts',(-16.9308979822772,9.07694349410003,7.59999999999967));
#6361=CARTESIAN_POINT('Ctrl Pts',(-16.9432194996391,9.08135046098593,7.59999999999964));
#6362=CARTESIAN_POINT('Ctrl Pts',(-16.9555177263748,9.08588345949688,7.59999999999959));
#6363=CARTESIAN_POINT('Ctrl Pts',(-16.9646667764153,9.08925570421973,7.59999999999956));
#6364=CARTESIAN_POINT('Ctrl Pts',(-16.9733439347578,9.09252550529361,7.59999999999689));
#6365=CARTESIAN_POINT('Ctrl Pts',(-16.9823801984261,9.09600244848035,7.59999999999051));
#6366=CARTESIAN_POINT('Ctrl Pts',(-16.9883248709026,9.09828981959115,7.59999999998632));
#6367=CARTESIAN_POINT('Ctrl Pts',(-16.994424649686,9.10066772103197,7.59999999998159));
#6368=CARTESIAN_POINT('Ctrl Pts',(-17.0009116658891,9.10323575987832,7.59999999998246));
#6369=CARTESIAN_POINT('Ctrl Pts',(-17.0555397677454,9.12486158649536,7.59999999998979));
#6370=CARTESIAN_POINT('Ctrl Pts',(-17.1087977307693,9.14867398760612,7.59999999998354));
#6371=CARTESIAN_POINT('Ctrl Pts',(-17.1607066443665,9.1745761464533,7.59999999989821));
#6372=CARTESIAN_POINT('Ctrl Pts',(-17.213462707186,9.20090102641335,7.5999999998115));
#6373=CARTESIAN_POINT('Ctrl Pts',(-17.2648261874341,9.229384682539,7.59999999961833));
#6374=CARTESIAN_POINT('Ctrl Pts',(-17.3148078047874,9.2599779396525,7.59999999930489));
#6375=CARTESIAN_POINT('Ctrl Pts',(-17.3648100356059,9.29058381406563,7.59999999899132));
#6376=CARTESIAN_POINT('Ctrl Pts',(-17.4134300488577,9.32330149344763,7.5999999985587));
#6377=CARTESIAN_POINT('Ctrl Pts',(-17.4606548801512,9.35812821042719,7.59999999822715));
#6378=CARTESIAN_POINT('Ctrl Pts',(-17.5073515444238,9.39256542207977,7.5999999978993));
#6379=CARTESIAN_POINT('Ctrl Pts',(-17.5526847084741,9.42906534859054,7.59999999769722));
#6380=CARTESIAN_POINT('Ctrl Pts',(-17.5966081105728,9.46766278439047,7.59999999784831));
#6381=CARTESIAN_POINT('Ctrl Pts',(-17.6293588960074,9.4964423478534,7.59999999796096));
#6382=CARTESIAN_POINT('Ctrl Pts',(-17.6613252588657,9.52638889125234,7.59999999827778));
#6383=CARTESIAN_POINT('Ctrl Pts',(-17.6924724268334,9.55752757316662,7.59999999870899));
#6384=CARTESIAN_POINT('Ctrl Pts',(-17.7327442786224,9.59778845287999,7.59999999926652));
#6385=CARTESIAN_POINT('Ctrl Pts',(-17.7709996647034,9.63940134404993,7.59999999953483));
#6386=CARTESIAN_POINT('Ctrl Pts',(-17.8073069632693,9.68230338872901,7.59999999970004));
#6387=CARTESIAN_POINT('Ctrl Pts',(-17.8441701831328,9.72586233054148,7.59999999986778));
#6388=CARTESIAN_POINT('Ctrl Pts',(-17.8790258448198,9.77075076224886,7.59999999992553));
#6389=CARTESIAN_POINT('Ctrl Pts',(-17.9119133883838,9.8169457020943,7.59999999995808));
#6390=CARTESIAN_POINT('Ctrl Pts',(-17.9448218952263,9.86317008765931,7.59999999999064));
#6391=CARTESIAN_POINT('Ctrl Pts',(-17.9757602803869,9.91070334772335,7.59999999999502));
#6392=CARTESIAN_POINT('Ctrl Pts',(-18.0047275886703,9.95955536165904,7.59999999999781));
#6393=CARTESIAN_POINT('Ctrl Pts',(-18.0334138050464,10.0079333272076,7.60000000000057));
#6394=CARTESIAN_POINT('Ctrl Pts',(-18.060167368904,10.0576053326127,7.59999999999998));
#6395=CARTESIAN_POINT('Ctrl Pts',(-18.0849413828787,10.1086023264637,7.6));
#6396=CARTESIAN_POINT('Ctrl Pts',(-18.0995647451567,10.1387043324176,7.60000000000001));
#6397=CARTESIAN_POINT('Ctrl Pts',(-18.1134974954436,10.1692683417153,7.6));
#6398=CARTESIAN_POINT('Ctrl Pts',(-18.1267216321248,10.2003026100363,7.6));
#6399=CARTESIAN_POINT('Ctrl Pts',(-18.1307719014765,10.2098077406064,7.6));
#6400=CARTESIAN_POINT('Ctrl Pts',(-18.1349437757744,10.2198135371504,7.59999999999923));
#6401=CARTESIAN_POINT('Ctrl Pts',(-18.1388996897061,10.2295147088516,7.59999999999353));
#6402=CARTESIAN_POINT('Ctrl Pts',(-18.1416587500141,10.2362808110076,7.59999999998956));
#6403=CARTESIAN_POINT('Ctrl Pts',(-18.1443138845503,10.2428982398397,7.59999999998434));
#6404=CARTESIAN_POINT('Ctrl Pts',(-18.1467645452166,10.2490882133267,7.5999999999851));
#6405=CARTESIAN_POINT('Ctrl Pts',(-18.1677683560203,10.3021404509498,7.59999999999166));
#6406=CARTESIAN_POINT('Ctrl Pts',(-18.1863877555393,10.355662245509,7.59999999999476));
#6407=CARTESIAN_POINT('Ctrl Pts',(-18.2027034501006,10.4096257414363,7.59999999999665));
#6408=CARTESIAN_POINT('Ctrl Pts',(-18.219238019565,10.4643131572004,7.59999999999857));
#6409=CARTESIAN_POINT('Ctrl Pts',(-18.2334070154556,10.5194549830146,7.5999999999992));
#6410=CARTESIAN_POINT('Ctrl Pts',(-18.2452474902864,10.5750473754351,7.59999999999956));
#6411=CARTESIAN_POINT('Ctrl Pts',(-18.257082425046,10.6306137565834,7.59999999999991));
#6412=CARTESIAN_POINT('Ctrl Pts',(-18.2665911931612,10.6866311295201,7.59999999999995));
#6413=CARTESIAN_POINT('Ctrl Pts',(-18.2737603771657,10.7431082922819,7.59999999999998));
#6414=CARTESIAN_POINT('Ctrl Pts',(-18.2808505084567,10.7989626961685,7.60000000000001));
#6415=CARTESIAN_POINT('Ctrl Pts',(-18.2856523806203,10.8552676383436,7.6));
#6416=CARTESIAN_POINT('Ctrl Pts',(-18.2881024312483,10.9120315013271,7.6));
#6417=CARTESIAN_POINT('Ctrl Pts',(-18.2893628288411,10.9412329535087,7.6));
#6418=CARTESIAN_POINT('Ctrl Pts',(-18.29,10.9705557791308,7.6));
#6419=CARTESIAN_POINT('Ctrl Pts',(-18.29,11.,7.6));
#6420=CARTESIAN_POINT('Ctrl Pts',(-18.29,11.,7.60000000000001));
#6421=CARTESIAN_POINT('Ctrl Pts',(-18.29,11.0570552209212,7.60000000000001));
#6422=CARTESIAN_POINT('Ctrl Pts',(-18.2876106382912,11.1136704226212,7.60000000000001));
#6423=CARTESIAN_POINT('Ctrl Pts',(-18.2829169254065,11.1698491313618,7.60000000000001));
#6424=CARTESIAN_POINT('Ctrl Pts',(-18.2781591662396,11.2267944054034,7.60000000000001));
#6425=CARTESIAN_POINT('Ctrl Pts',(-18.27103378526,11.2832920460995,7.60000000000001));
#6426=CARTESIAN_POINT('Ctrl Pts',(-18.2615764914254,11.3393517874248,7.6));
#6427=CARTESIAN_POINT('Ctrl Pts',(-18.2521184285141,11.3954160875853,7.59999999999999));
#6428=CARTESIAN_POINT('Ctrl Pts',(-18.2403279296737,11.4510432707208,7.59999999999997));
#6429=CARTESIAN_POINT('Ctrl Pts',(-18.2261891574423,11.5062362202987,7.5999999999999));
#6430=CARTESIAN_POINT('Ctrl Pts',(-18.2121824121595,11.5609137816519,7.59999999999984));
#6431=CARTESIAN_POINT('Ctrl Pts',(-18.1958707617687,11.6151659718566,7.59999999999972));
#6432=CARTESIAN_POINT('Ctrl Pts',(-18.1771915145274,11.6689766724353,7.59999999999944));
#6433=CARTESIAN_POINT('Ctrl Pts',(-18.1729519031075,11.6811900372319,7.59999999999937));
#6434=CARTESIAN_POINT('Ctrl Pts',(-18.1685901411154,11.6933805535081,7.5999999999993));
#6435=CARTESIAN_POINT('Ctrl Pts',(-18.1641051770714,11.705547830335,7.59999999999921));
#6436=CARTESIAN_POINT('Ctrl Pts',(-18.1607415648755,11.7146729872646,7.59999999999915));
#6437=CARTESIAN_POINT('Ctrl Pts',(-18.1574817139484,11.7233240619835,7.59999999999605));
#6438=CARTESIAN_POINT('Ctrl Pts',(-18.1540151897471,11.7323341019834,7.59999999998998));
#6439=CARTESIAN_POINT('Ctrl Pts',(-18.1517232273816,11.7382912715838,7.59999999998596));
#6440=CARTESIAN_POINT('Ctrl Pts',(-18.1493400377197,11.7444050506259,7.59999999998159));
#6441=CARTESIAN_POINT('Ctrl Pts',(-18.1467642401217,11.750911665889,7.59999999998246));
#6442=CARTESIAN_POINT('Ctrl Pts',(-18.1251384135013,11.8055397677538,7.59999999998979));
#6443=CARTESIAN_POINT('Ctrl Pts',(-18.1013260123865,11.8587977307858,7.59999999998354));
#6444=CARTESIAN_POINT('Ctrl Pts',(-18.0754238535345,11.9107066443909,7.59999999989822));
#6445=CARTESIAN_POINT('Ctrl Pts',(-18.0490989735694,11.9634627072186,7.5999999998115));
#6446=CARTESIAN_POINT('Ctrl Pts',(-18.0206153174381,12.0148261874745,7.59999999961833));
#6447=CARTESIAN_POINT('Ctrl Pts',(-17.9900220603181,12.0648078048352,7.59999999930489));
#6448=CARTESIAN_POINT('Ctrl Pts',(-17.9594161858985,12.1148100356611,7.59999999899132));
#6449=CARTESIAN_POINT('Ctrl Pts',(-17.9266985065094,12.1634300489198,7.5999999985587));
#6450=CARTESIAN_POINT('Ctrl Pts',(-17.891871789522,12.2106548802198,7.59999999822715));
#6451=CARTESIAN_POINT('Ctrl Pts',(-17.8574345778618,12.2573515444986,7.5999999978993));
#6452=CARTESIAN_POINT('Ctrl Pts',(-17.8209346513428,12.3026847085546,7.59999999769722));
#6453=CARTESIAN_POINT('Ctrl Pts',(-17.7823372155341,12.3466081106584,7.59999999784831));
#6454=CARTESIAN_POINT('Ctrl Pts',(-17.7535576520942,12.379358896063,7.59999999796096));
#6455=CARTESIAN_POINT('Ctrl Pts',(-17.7236111087203,12.4113252588928,7.59999999827778));
#6456=CARTESIAN_POINT('Ctrl Pts',(-17.6924724268333,12.4424724268333,7.59999999870899));
#6457=CARTESIAN_POINT('Ctrl Pts',(-17.6522115471199,12.4827442786224,7.59999999926652));
#6458=CARTESIAN_POINT('Ctrl Pts',(-17.6105986559499,12.5209996647035,7.59999999953482));
#6459=CARTESIAN_POINT('Ctrl Pts',(-17.5676966112707,12.5573069632694,7.59999999970004));
#6460=CARTESIAN_POINT('Ctrl Pts',(-17.5241376694583,12.5941701831328,7.59999999986778));
#6461=CARTESIAN_POINT('Ctrl Pts',(-17.479249237751,12.6290258448198,7.59999999992553));
#6462=CARTESIAN_POINT('Ctrl Pts',(-17.4330542979056,12.6619133883839,7.59999999995807));
#6463=CARTESIAN_POINT('Ctrl Pts',(-17.3868299123408,12.6948218952262,7.59999999999064));
#6464=CARTESIAN_POINT('Ctrl Pts',(-17.3392966522768,12.7257602803868,7.59999999999502));
#6465=CARTESIAN_POINT('Ctrl Pts',(-17.2904446383412,12.7547275886701,7.5999999999978));
#6466=CARTESIAN_POINT('Ctrl Pts',(-17.2420666727928,12.7834138050461,7.60000000000056));
#6467=CARTESIAN_POINT('Ctrl Pts',(-17.1923946673878,12.8101673689037,7.59999999999997));
#6468=CARTESIAN_POINT('Ctrl Pts',(-17.141397673537,12.8349413828784,7.59999999999999));
#6469=CARTESIAN_POINT('Ctrl Pts',(-17.111295667583,12.8495647451564,7.6));
#6470=CARTESIAN_POINT('Ctrl Pts',(-17.0807316582851,12.8634974954435,7.6));
#6471=CARTESIAN_POINT('Ctrl Pts',(-17.0496973899639,12.8767216321247,7.6));
#6472=CARTESIAN_POINT('Ctrl Pts',(-17.0402109206639,12.8807639496476,7.6));
#6473=CARTESIAN_POINT('Ctrl Pts',(-17.0302220977679,12.884928931924,7.59999999999924));
#6474=CARTESIAN_POINT('Ctrl Pts',(-17.0205378995448,12.8888782388685,7.59999999999357));
#6475=CARTESIAN_POINT('Ctrl Pts',(-17.0137512987209,12.8916458783928,7.5999999999896));
#6476=CARTESIAN_POINT('Ctrl Pts',(-17.0071147952405,12.8943087267926,7.59999999998435));
#6477=CARTESIAN_POINT('Ctrl Pts',(-17.0009117876782,12.8967645477549,7.59999999998512));
#6478=CARTESIAN_POINT('Ctrl Pts',(-16.9457352831596,12.9186093730374,7.59999999999193));
#6479=CARTESIAN_POINT('Ctrl Pts',(-16.8900064745063,12.9378883742882,7.59999999998635));
#6480=CARTESIAN_POINT('Ctrl Pts',(-16.8337786344746,12.954676532259,7.59999999989322));
#6481=CARTESIAN_POINT('Ctrl Pts',(-16.776743458938,12.9717057394323,7.59999999979874));
#6482=CARTESIAN_POINT('Ctrl Pts',(-16.7191939952891,12.9861724576671,7.59999999958516));
#6483=CARTESIAN_POINT('Ctrl Pts',(-16.6611597858726,12.9981084978979,7.5999999992723));
#6484=CARTESIAN_POINT('Ctrl Pts',(-16.6031495239401,13.0100396127902,7.59999999895956));
#6485=CARTESIAN_POINT('Ctrl Pts',(-16.5446540102776,13.0194423330892,7.59999999855586));
#6486=CARTESIAN_POINT('Ctrl Pts',(-16.4856900234055,13.0262980663516,7.59999999833742));
#6487=CARTESIAN_POINT('Ctrl Pts',(-16.4273817515407,13.0330775597357,7.5999999981214));
#6488=CARTESIAN_POINT('Ctrl Pts',(-16.3686144762463,13.037366412085,7.59999999813033));
#6489=CARTESIAN_POINT('Ctrl Pts',(-16.309405345487,13.0390959881935,7.59999999848973));
#6490=CARTESIAN_POINT('Ctrl Pts',(-16.2896523665497,13.0396729985297,7.59999999860963));
#6491=CARTESIAN_POINT('Ctrl Pts',(-16.2698502761036,13.0399647447816,7.59999999876416));
#6492=CARTESIAN_POINT('Ctrl Pts',(-16.25,13.0399674086107,7.5999999989378));
#6493=CARTESIAN_POINT('Ctrl Pts',(-16.1929799376574,13.0399750604793,7.59999999943657));
#6494=CARTESIAN_POINT('Ctrl Pts',(-16.1363917287644,13.0375944682141,7.59999999965579));
#6495=CARTESIAN_POINT('Ctrl Pts',(-16.080231549073,13.032909013469,7.59999999978649));
#6496=CARTESIAN_POINT('Ctrl Pts',(-16.0233327044527,13.0281619317648,7.59999999991891));
#6497=CARTESIAN_POINT('Ctrl Pts',(-15.9668723690228,13.0210490004702,7.59999999995593));
#6498=CARTESIAN_POINT('Ctrl Pts',(-15.9108407159235,13.0116041369619,7.5999999999765));
#6499=CARTESIAN_POINT('Ctrl Pts',(-15.8548222670851,13.0021614992035,7.59999999999707));
#6500=CARTESIAN_POINT('Ctrl Pts',(-15.7992314458001,12.9903878840474,7.59999999999779));
#6501=CARTESIAN_POINT('Ctrl Pts',(-15.7440654900675,12.9762656980429,7.59999999999895));
#6502=CARTESIAN_POINT('Ctrl Pts',(-15.6894378372357,12.9622813146667,7.60000000000011));
#6503=CARTESIAN_POINT('Ctrl Pts',(-15.6352260106233,12.9459936873286,7.59999999999982));
#6504=CARTESIAN_POINT('Ctrl Pts',(-15.5814464162359,12.9273385478018,7.5999999999997));
#6505=CARTESIAN_POINT('Ctrl Pts',(-15.5691020177197,12.9230565058989,7.59999999999967));
#6506=CARTESIAN_POINT('Ctrl Pts',(-15.5567805003592,12.9186495390134,7.59999999999963));
#6507=CARTESIAN_POINT('Ctrl Pts',(-15.5444822736248,12.914116540503,7.59999999999959));
#6508=CARTESIAN_POINT('Ctrl Pts',(-15.5353332235847,12.9107442957803,7.59999999999955));
#6509=CARTESIAN_POINT('Ctrl Pts',(-15.5266560652426,12.9074744947065,7.59999999999688));
#6510=CARTESIAN_POINT('Ctrl Pts',(-15.5176198015747,12.90399755152,7.59999999999051));
#6511=CARTESIAN_POINT('Ctrl Pts',(-15.511675129098,12.9017101804091,7.59999999998631));
#6512=CARTESIAN_POINT('Ctrl Pts',(-15.5055753503144,12.8993322789682,7.59999999998159));
#6513=CARTESIAN_POINT('Ctrl Pts',(-15.4990883341109,12.8967642401217,7.59999999998246));
#6514=CARTESIAN_POINT('Ctrl Pts',(-15.4444602322583,12.8751384135061,7.59999999998978));
#6515=CARTESIAN_POINT('Ctrl Pts',(-15.3912022692381,12.8513260123972,7.59999999998353));
#6516=CARTESIAN_POINT('Ctrl Pts',(-15.3392933556444,12.8254238535521,7.59999999989821));
#6517=CARTESIAN_POINT('Ctrl Pts',(-15.2865372928284,12.7990989735943,7.59999999981149));
#6518=CARTESIAN_POINT('Ctrl Pts',(-15.2351738125837,12.7706153174712,7.59999999961832));
#6519=CARTESIAN_POINT('Ctrl Pts',(-15.1851921952337,12.7400220603605,7.59999999930488));
#6520=CARTESIAN_POINT('Ctrl Pts',(-15.1351899644184,12.7094161859502,7.59999999899132));
#6521=CARTESIAN_POINT('Ctrl Pts',(-15.0865699511696,12.6766985065713,7.59999999855869));
#6522=CARTESIAN_POINT('Ctrl Pts',(-15.0393451198788,12.6418717895952,7.59999999822714));
#6523=CARTESIAN_POINT('Ctrl Pts',(-14.9926484556089,12.607434577946,7.5999999978993));
#6524=CARTESIAN_POINT('Ctrl Pts',(-14.9473152915611,12.5709346514388,7.59999999769722));
#6525=CARTESIAN_POINT('Ctrl Pts',(-14.9033918894647,12.5323372156428,7.5999999978483));
#6526=CARTESIAN_POINT('Ctrl Pts',(-14.870641104017,12.5035576521697,7.59999999796096));
#6527=CARTESIAN_POINT('Ctrl Pts',(-14.8386747411461,12.4736111087598,7.59999999827778));
#6528=CARTESIAN_POINT('Ctrl Pts',(-14.8075275731665,12.4424724268335,7.59999999870899));
#6529=CARTESIAN_POINT('Ctrl Pts',(-14.7672557213773,12.4022115471199,7.59999999926652));
#6530=CARTESIAN_POINT('Ctrl Pts',(-14.7290003352961,12.3605986559497,7.59999999953482));
#6531=CARTESIAN_POINT('Ctrl Pts',(-14.6926930367302,12.3176966112704,7.59999999970004));
#6532=CARTESIAN_POINT('Ctrl Pts',(-14.6558298168665,12.2741376694577,7.59999999986778));
#6533=CARTESIAN_POINT('Ctrl Pts',(-14.6209741551793,12.2292492377501,7.59999999992553));
#6534=CARTESIAN_POINT('Ctrl Pts',(-14.5880866116152,12.1830542979044,7.59999999995807));
#6535=CARTESIAN_POINT('Ctrl Pts',(-14.5551781047727,12.1368299123391,7.59999999999064));
#6536=CARTESIAN_POINT('Ctrl Pts',(-14.5242397196119,12.0892966522749,7.59999999999502));
#6537=CARTESIAN_POINT('Ctrl Pts',(-14.4952724113285,12.040444638339,7.5999999999978));
#6538=CARTESIAN_POINT('Ctrl Pts',(-14.4665861949523,11.9920666727901,7.60000000000056));
#6539=CARTESIAN_POINT('Ctrl Pts',(-14.4398326310946,11.9423946673847,7.59999999999997));
#6540=CARTESIAN_POINT('Ctrl Pts',(-14.4150586171199,11.8913976735334,7.59999999999999));
#6541=CARTESIAN_POINT('Ctrl Pts',(-14.4004352548424,11.8612956675804,7.6));
#6542=CARTESIAN_POINT('Ctrl Pts',(-14.3865025045559,11.8307316582837,7.6));
#6543=CARTESIAN_POINT('Ctrl Pts',(-14.3732783678751,11.7996973899636,7.6));
#6544=CARTESIAN_POINT('Ctrl Pts',(-14.3692280985235,11.7901922593934,7.6));
#6545=CARTESIAN_POINT('Ctrl Pts',(-14.3650562242255,11.7801864628494,7.59999999999923));
#6546=CARTESIAN_POINT('Ctrl Pts',(-14.3611003102938,11.7704852911481,7.59999999999353));
#6547=CARTESIAN_POINT('Ctrl Pts',(-14.3583412499858,11.7637191889922,7.59999999998955));
#6548=CARTESIAN_POINT('Ctrl Pts',(-14.3556861154497,11.7571017601602,7.59999999998433));
#6549=CARTESIAN_POINT('Ctrl Pts',(-14.3532354547835,11.7509117866733,7.5999999999851));
#6550=CARTESIAN_POINT('Ctrl Pts',(-14.3322316439797,11.6978595490502,7.59999999999166));
#6551=CARTESIAN_POINT('Ctrl Pts',(-14.3136122444607,11.644337754491,7.59999999999475));
#6552=CARTESIAN_POINT('Ctrl Pts',(-14.2972965498994,11.5903742585637,7.59999999999665));
#6553=CARTESIAN_POINT('Ctrl Pts',(-14.280761980435,11.5356868427995,7.59999999999857));
#6554=CARTESIAN_POINT('Ctrl Pts',(-14.2665929845444,11.4805450169853,7.5999999999992));
#6555=CARTESIAN_POINT('Ctrl Pts',(-14.2547525097136,11.4249526245647,7.59999999999956));
#6556=CARTESIAN_POINT('Ctrl Pts',(-14.242917574954,11.3693862434164,7.59999999999991));
#6557=CARTESIAN_POINT('Ctrl Pts',(-14.2334088068388,11.3133688704796,7.59999999999995));
#6558=CARTESIAN_POINT('Ctrl Pts',(-14.2262396228342,11.2568917077177,7.59999999999998));
#6559=CARTESIAN_POINT('Ctrl Pts',(-14.2191494915432,11.2010373038311,7.60000000000001));
#6560=CARTESIAN_POINT('Ctrl Pts',(-14.2143476193797,11.1447323616558,7.6));
#6561=CARTESIAN_POINT('Ctrl Pts',(-14.2118975687516,11.0879684986723,7.6));
#6562=CARTESIAN_POINT('Ctrl Pts',(-14.2106371711589,11.0587670464909,7.6));
#6563=CARTESIAN_POINT('Ctrl Pts',(-14.21,11.029444220869,7.6));
#6564=CARTESIAN_POINT('Ctrl Pts',(-14.21,11.,7.6));
#6565=CARTESIAN_POINT('Origin',(-34.75,19.,7.60000000000012));
#6566=CARTESIAN_POINT('',(-20.994755244755,16.3936152004525,2.49999999999952));
#6567=CARTESIAN_POINT('',(-34.75,33.,2.49999999999997));
#6568=CARTESIAN_POINT('Origin',(-34.75,19.,2.49999999999995));
#6569=CARTESIAN_POINT('',(-20.9947552447552,16.3936152004526,2.5));
#6570=CARTESIAN_POINT('',(-34.75,33.,2.5));
#6571=CARTESIAN_POINT('Origin',(-7.24367577053548E-14,33.0000000000001,
2.5));
#6572=CARTESIAN_POINT('',(-41.0723011653938,33.,2.49999999999886));
#6573=CARTESIAN_POINT('',(-34.75,33.,2.5));
#6574=CARTESIAN_POINT('Ctrl Pts',(-41.0723011653938,33.,2.49999999999886));
#6575=CARTESIAN_POINT('Ctrl Pts',(-41.0845390704817,33.0178030146426,4.20000052468964));
#6576=CARTESIAN_POINT('Ctrl Pts',(-41.096848784877,33.0356060238894,5.90000053412689));
#6577=CARTESIAN_POINT('Ctrl Pts',(-41.1092329136622,33.0534090274437,7.60000000001246));
#6578=CARTESIAN_POINT('Origin',(-16.25,11.,7.1));
#6579=CARTESIAN_POINT('Origin',(-18.29,11.,7.1));
#6580=CARTESIAN_POINT('Origin',(-33.5,-4.75000000000001,1.13686837721616E-10));
#6581=CARTESIAN_POINT('',(-31.729860935477,-4.75000000000001,11.5000000000123));
#6582=CARTESIAN_POINT('Origin',(-33.5,-4.75000000000001,11.5000000000123));
#6583=CARTESIAN_POINT('',(-31.5692802088126,-4.75000000000001,1.13686837721616E-10));
#6584=CARTESIAN_POINT('Origin',(-45.5,-4.75000000000001,1.13686837721616E-10));
#6585=CARTESIAN_POINT('',(-43.7298609354775,-4.75000000000001,11.5000000000123));
#6586=CARTESIAN_POINT('Origin',(-45.5,-4.75000000000001,11.5000000000123));
#6587=CARTESIAN_POINT('',(-43.5692802088131,-4.75000000000001,1.13686837721616E-10));
#6588=CARTESIAN_POINT('Origin',(-7.,25.,11.2));
#6589=CARTESIAN_POINT('',(-9.87376726611157,25.,11.5));
#6590=CARTESIAN_POINT('Origin',(-9.87376726611157,25.,11.2));
#6591=CARTESIAN_POINT('',(-4.12623273388843,25.,11.5));
#6592=CARTESIAN_POINT('Ctrl Pts',(-4.12623273388843,25.,11.5));
#6593=CARTESIAN_POINT('Ctrl Pts',(-4.12623273388843,24.9262378425909,11.5));
#6594=CARTESIAN_POINT('Ctrl Pts',(-4.12906841951889,24.8530005399671,11.5));
#6595=CARTESIAN_POINT('Ctrl Pts',(-4.13464426410902,24.7802847147534,11.5));
#6596=CARTESIAN_POINT('Ctrl Pts',(-4.14029550926244,24.706585574081,11.5));
#6597=CARTESIAN_POINT('Ctrl Pts',(-4.14876146799665,24.6334213282786,11.5));
#6598=CARTESIAN_POINT('Ctrl Pts',(-4.15999556862895,24.5607812281253,11.5));
#6599=CARTESIAN_POINT('Ctrl Pts',(-4.17123887701497,24.4880815903041,11.5));
#6600=CARTESIAN_POINT('Ctrl Pts',(-4.18525498222736,24.4159061701236,11.5));
#6601=CARTESIAN_POINT('Ctrl Pts',(-4.20204919175065,24.3442488472056,11.5));
#6602=CARTESIAN_POINT('Ctrl Pts',(-4.21871117625525,24.2731557003419,11.5));
#6603=CARTESIAN_POINT('Ctrl Pts',(-4.23810793217637,24.2025717884833,11.5));
#6604=CARTESIAN_POINT('Ctrl Pts',(-4.26029303187032,24.1325070440885,11.5));
#6605=CARTESIAN_POINT('Ctrl Pts',(-4.27369809007555,24.0901713327461,11.5));
#6606=CARTESIAN_POINT('Ctrl Pts',(-4.28812210221914,24.0480255267797,11.5));
#6607=CARTESIAN_POINT('Ctrl Pts',(-4.30358494663187,24.006076381333,11.5));
#6608=CARTESIAN_POINT('Ctrl Pts',(-4.30792611561674,23.9942992254428,11.5));
#6609=CARTESIAN_POINT('Ctrl Pts',(-4.31214370781761,23.983086889967,11.4999999999992));
#6610=CARTESIAN_POINT('Ctrl Pts',(-4.316574545774,23.9715294766353,11.4999999999894));
#6611=CARTESIAN_POINT('Ctrl Pts',(-4.32017618143826,23.962134957483,11.4999999999814));
#6612=CARTESIAN_POINT('Ctrl Pts',(-4.32391942899803,23.9525126512893,11.4999999999691));
#6613=CARTESIAN_POINT('Ctrl Pts',(-4.32800871151602,23.9421830150342,11.4999999999708));
#6614=CARTESIAN_POINT('Ctrl Pts',(-4.35572172410653,23.8721792091503,11.4999999999819));
#6615=CARTESIAN_POINT('Ctrl Pts',(-4.3859776999835,23.8037863375215,11.499999999972));
#6616=CARTESIAN_POINT('Ctrl Pts',(-4.41867178628886,23.7369753323444,11.4999999998655));
#6617=CARTESIAN_POINT('Ctrl Pts',(-4.45174158754016,23.6693965463226,11.4999999997577));
#6618=CARTESIAN_POINT('Ctrl Pts',(-4.48730610864221,23.6034354325478,11.4999999995235));
#6619=CARTESIAN_POINT('Ctrl Pts',(-4.52530891436525,23.5390723454056,11.4999999991113));
#6620=CARTESIAN_POINT('Ctrl Pts',(-4.5635193532804,23.4743576023005,11.4999999986968));
#6621=CARTESIAN_POINT('Ctrl Pts',(-4.60419516185818,23.4112576648475,11.4999999980984));
#6622=CARTESIAN_POINT('Ctrl Pts',(-4.64732656186499,23.349774311669,11.499999997532));
#6623=CARTESIAN_POINT('Ctrl Pts',(-4.69028745103325,23.2885340198822,11.4999999969678));
#6624=CARTESIAN_POINT('Ctrl Pts',(-4.73568504500894,23.2288969081099,11.4999999964566));
#6625=CARTESIAN_POINT('Ctrl Pts',(-4.78355022236812,23.1708965153693,11.4999999963457));
#6626=CARTESIAN_POINT('Ctrl Pts',(-4.83077958994218,23.113666562002,11.4999999962363));
#6627=CARTESIAN_POINT('Ctrl Pts',(-4.88041199476501,23.0580296115795,11.4999999965595));
#6628=CARTESIAN_POINT('Ctrl Pts',(-4.93250867740505,23.0040574623741,11.4999999973004));
#6629=CARTESIAN_POINT('Ctrl Pts',(-4.94420291713295,22.9919422331607,11.4999999974666));
#6630=CARTESIAN_POINT('Ctrl Pts',(-4.95602143348304,22.9799110666788,11.499999997651));
#6631=CARTESIAN_POINT('Ctrl Pts',(-4.96796509481863,22.9679650948186,11.4999999978467));
#6632=CARTESIAN_POINT('Ctrl Pts',(-5.02002725872995,22.91589285938,11.4999999987));
#6633=CARTESIAN_POINT('Ctrl Pts',(-5.07369109384603,22.8662173540092,11.4999999991447));
#6634=CARTESIAN_POINT('Ctrl Pts',(-5.12888539446165,22.8188622426467,11.4999999994276));
#6635=CARTESIAN_POINT('Ctrl Pts',(-5.18492105188623,22.7707852715099,11.4999999997148));
#6636=CARTESIAN_POINT('Ctrl Pts',(-5.24253468824185,22.7250993763147,11.4999999998311));
#6637=CARTESIAN_POINT('Ctrl Pts',(-5.3016954845285,22.6817559901364,11.4999999998988));
#6638=CARTESIAN_POINT('Ctrl Pts',(-5.36093821636791,22.6383525749435,11.4999999999667));
#6639=CARTESIAN_POINT('Ctrl Pts',(-5.42173303082332,22.597297682494,11.4999999999825));
#6640=CARTESIAN_POINT('Ctrl Pts',(-5.48408376469932,22.5585817408072,11.4999999999913));
#6641=CARTESIAN_POINT('Ctrl Pts',(-5.54593511586873,22.520175884833,11.5));
#6642=CARTESIAN_POINT('Ctrl Pts',(-5.60931825092188,22.4840713136423,11.4999999999996));
#6643=CARTESIAN_POINT('Ctrl Pts',(-5.67426119081279,22.450303298426,11.4999999999999));
#6644=CARTESIAN_POINT('Ctrl Pts',(-5.73909874891114,22.4165900779878,11.5000000000001));
#6645=CARTESIAN_POINT('Ctrl Pts',(-5.80549174809057,22.385205488063,11.5));
#6646=CARTESIAN_POINT('Ctrl Pts',(-5.87348210577144,22.3562345539445,11.5));
#6647=CARTESIAN_POINT('Ctrl Pts',(-5.88577260584753,22.3509975279876,11.5));
#6648=CARTESIAN_POINT('Ctrl Pts',(-5.89865655339154,22.3456150606215,11.4999999999995));
#6649=CARTESIAN_POINT('Ctrl Pts',(-5.91125773040005,22.3404576400283,11.4999999999915));
#6650=CARTESIAN_POINT('Ctrl Pts',(-5.92195251243499,22.336080470414,11.4999999999847));
#6651=CARTESIAN_POINT('Ctrl Pts',(-5.93244313427182,22.3318644045744,11.4999999999738));
#6652=CARTESIAN_POINT('Ctrl Pts',(-5.94218289319529,22.3280084037573,11.4999999999752));
#6653=CARTESIAN_POINT('Ctrl Pts',(-6.01268858891454,22.3000949797763,11.4999999999855));
#6654=CARTESIAN_POINT('Ctrl Pts',(-6.08381758449431,22.2751616093893,11.4999999999766));
#6655=CARTESIAN_POINT('Ctrl Pts',(-6.15551883371127,22.2531222381952,11.4999999998614));
#6656=CARTESIAN_POINT('Ctrl Pts',(-6.22822011904229,22.230775478115,11.4999999997445));
#6657=CARTESIAN_POINT('Ctrl Pts',(-6.30151046784573,22.2114036413709,11.4999999994852));
#6658=CARTESIAN_POINT('Ctrl Pts',(-6.37536358563837,22.194963224429,11.4999999990622));
#6659=CARTESIAN_POINT('Ctrl Pts',(-6.44924525467278,22.1785164517051,11.499999998639));
#6660=CARTESIAN_POINT('Ctrl Pts',(-6.5236909402148,22.1650031729258,11.4999999980534));
#6661=CARTESIAN_POINT('Ctrl Pts',(-6.59868930799775,22.1544298057224,11.4999999975957));
#6662=CARTESIAN_POINT('Ctrl Pts',(-6.67297633690549,22.1439567239967,11.4999999971424));
#6663=CARTESIAN_POINT('Ctrl Pts',(-6.74780641968474,22.1363680132736,11.4999999968497));
#6664=CARTESIAN_POINT('Ctrl Pts',(-6.82317117982168,22.1317204995404,11.4999999970312));
#6665=CARTESIAN_POINT('Ctrl Pts',(-6.88179296647356,22.1281054736579,11.4999999971723));
#6666=CARTESIAN_POINT('Ctrl Pts',(-6.94073842823431,22.1262709825304,11.4999999976148));
#6667=CARTESIAN_POINT('Ctrl Pts',(-7.,22.1262653372749,11.4999999982284));
#6668=CARTESIAN_POINT('Ctrl Pts',(-7.07373022504424,22.1262583137359,11.4999999989917));
#6669=CARTESIAN_POINT('Ctrl Pts',(-7.14694246410438,22.1290860604496,11.4999999993599));
#6670=CARTESIAN_POINT('Ctrl Pts',(-7.21964033033561,22.1346543096839,11.4999999995868));
#6671=CARTESIAN_POINT('Ctrl Pts',(-7.29329724528905,22.1402960166769,11.4999999998167));
#6672=CARTESIAN_POINT('Ctrl Pts',(-7.36642690849112,22.148750956245,11.4999999998965));
#6673=CARTESIAN_POINT('Ctrl Pts',(-7.43904016030138,22.1599739431185,11.4999999999416));
#6674=CARTESIAN_POINT('Ctrl Pts',(-7.51169791878663,22.1712038088719,11.4999999999866));
#6675=CARTESIAN_POINT('Ctrl Pts',(-7.58383941976166,22.1852052318526,11.4999999999929));
#6676=CARTESIAN_POINT('Ctrl Pts',(-7.65547071991951,22.201984892149,11.4999999999969));
#6677=CARTESIAN_POINT('Ctrl Pts',(-7.72651627533366,22.2186273415084,11.5000000000008));
#6678=CARTESIAN_POINT('Ctrl Pts',(-7.79706067446663,22.2380030184969,11.5));
#6679=CARTESIAN_POINT('Ctrl Pts',(-7.86709379296875,22.2601667514575,11.5));
#6680=CARTESIAN_POINT('Ctrl Pts',(-7.90955090379727,22.2736033666877,11.5));
#6681=CARTESIAN_POINT('Ctrl Pts',(-7.95181974473659,22.2880656032321,11.5));
#6682=CARTESIAN_POINT('Ctrl Pts',(-7.99389342289313,22.3035738163814,11.5));
#6683=CARTESIAN_POINT('Ctrl Pts',(-8.00569231671229,22.3079228480869,11.5));
#6684=CARTESIAN_POINT('Ctrl Pts',(-8.01692826008118,22.3121493255886,11.4999999999992));
#6685=CARTESIAN_POINT('Ctrl Pts',(-8.02850954099879,22.3165895055711,11.4999999999893));
#6686=CARTESIAN_POINT('Ctrl Pts',(-8.03789408196652,22.3201874712232,11.4999999999813));
#6687=CARTESIAN_POINT('Ctrl Pts',(-8.04750515600097,22.3239264785243,11.4999999999691));
#6688=CARTESIAN_POINT('Ctrl Pts',(-8.0578169849658,22.3280087115161,11.4999999999707));
#6689=CARTESIAN_POINT('Ctrl Pts',(-8.12782079086699,22.3557217241135,11.4999999999819));
#6690=CARTESIAN_POINT('Ctrl Pts',(-8.1962136625127,22.3859776999988,11.499999999972));
#6691=CARTESIAN_POINT('Ctrl Pts',(-8.26302466770635,22.4186717863139,11.4999999998654));
#6692=CARTESIAN_POINT('Ctrl Pts',(-8.33060345374478,22.4517415875751,11.4999999997577));
#6693=CARTESIAN_POINT('Ctrl Pts',(-8.39656456753572,22.4873061086885,11.4999999995235));
#6694=CARTESIAN_POINT('Ctrl Pts',(-8.46092765469344,22.5253089144243,11.4999999991113));
#6695=CARTESIAN_POINT('Ctrl Pts',(-8.52564239781371,22.5635193533521,11.4999999986968));
#6696=CARTESIAN_POINT('Ctrl Pts',(-8.58874233528136,22.6041951619439,11.4999999980984));
#6697=CARTESIAN_POINT('Ctrl Pts',(-8.65022568847359,22.647326561966,11.499999997532));
#6698=CARTESIAN_POINT('Ctrl Pts',(-8.71146598027375,22.6902874511493,11.4999999969678));
#6699=CARTESIAN_POINT('Ctrl Pts',(-8.77110309205854,22.7356850451413,11.4999999964566));
#6700=CARTESIAN_POINT('Ctrl Pts',(-8.82910348481069,22.783550222518,11.4999999963457));
#6701=CARTESIAN_POINT('Ctrl Pts',(-8.88633343818897,22.8307795901089,11.4999999962363));
#6702=CARTESIAN_POINT('Ctrl Pts',(-8.94197038862151,22.8804119949498,11.4999999965595));
#6703=CARTESIAN_POINT('Ctrl Pts',(-8.99594253783591,22.9325086776089,11.4999999973003));
#6704=CARTESIAN_POINT('Ctrl Pts',(-9.00805776697811,22.9442029172705,11.4999999974666));
#6705=CARTESIAN_POINT('Ctrl Pts',(-9.02008893338983,22.9560214335528,11.499999997651));
#6706=CARTESIAN_POINT('Ctrl Pts',(-9.03203490518084,22.9679650948192,11.4999999978467));
#6707=CARTESIAN_POINT('Ctrl Pts',(-9.08410714061868,23.0200272587295,11.4999999987));
#6708=CARTESIAN_POINT('Ctrl Pts',(-9.1337826459888,23.0736910938446,11.4999999991447));
#6709=CARTESIAN_POINT('Ctrl Pts',(-9.18113775735072,23.1288853944592,11.4999999994276));
#6710=CARTESIAN_POINT('Ctrl Pts',(-9.22921472848689,23.1849210518828,11.4999999997148));
#6711=CARTESIAN_POINT('Ctrl Pts',(-9.27490062368151,23.2425346882373,11.499999999831));
#6712=CARTESIAN_POINT('Ctrl Pts',(-9.31824400985929,23.3016954845229,11.4999999998988));
#6713=CARTESIAN_POINT('Ctrl Pts',(-9.36164742505164,23.3609382163612,11.4999999999667));
#6714=CARTESIAN_POINT('Ctrl Pts',(-9.40270231750065,23.4217330308154,11.4999999999825));
#6715=CARTESIAN_POINT('Ctrl Pts',(-9.44141825918711,23.4840837646903,11.4999999999913));
#6716=CARTESIAN_POINT('Ctrl Pts',(-9.4798241151609,23.5459351158584,11.5));
#6717=CARTESIAN_POINT('Ctrl Pts',(-9.51592868635132,23.6093182509103,11.4999999999996));
#6718=CARTESIAN_POINT('Ctrl Pts',(-9.54969670156734,23.6742611908,11.4999999999999));
#6719=CARTESIAN_POINT('Ctrl Pts',(-9.58340992200806,23.7390987489023,11.5000000000001));
#6720=CARTESIAN_POINT('Ctrl Pts',(-9.61479451193503,23.8054917480859,11.5));
#6721=CARTESIAN_POINT('Ctrl Pts',(-9.64376544605546,23.8734821057713,11.5));
#6722=CARTESIAN_POINT('Ctrl Pts',(-9.64900983953924,23.8857898963079,11.5));
#6723=CARTESIAN_POINT('Ctrl Pts',(-9.6543987777863,23.8986897075342,11.4999999999995));
#6724=CARTESIAN_POINT('Ctrl Pts',(-9.65956237314806,23.911306634032,11.4999999999914));
#6725=CARTESIAN_POINT('Ctrl Pts',(-9.66393137277029,23.9219820148938,11.4999999999846));
#6726=CARTESIAN_POINT('Ctrl Pts',(-9.66814005234668,23.9324543971407,11.4999999999737));
#6727=CARTESIAN_POINT('Ctrl Pts',(-9.67199159444132,23.9421828939085,11.4999999999752));
#6728=CARTESIAN_POINT('Ctrl Pts',(-9.69915519500492,24.0107946327364,11.4999999999852));
#6729=CARTESIAN_POINT('Ctrl Pts',(-9.72348624875265,24.0799620900418,11.4999999999903));
#6730=CARTESIAN_POINT('Ctrl Pts',(-9.7450751128261,24.1496532178253,11.4999999999936));
#6731=CARTESIAN_POINT('Ctrl Pts',(-9.76695197749869,24.2202740418858,11.4999999999969));
#6732=CARTESIAN_POINT('Ctrl Pts',(-9.78601333990767,24.2914333098404,11.4999999999982));
#6733=CARTESIAN_POINT('Ctrl Pts',(-9.80230664556032,24.3631239280659,11.4999999999989));
#6734=CARTESIAN_POINT('Ctrl Pts',(-9.81860501188143,24.4348368132553,11.4999999999997));
#6735=CARTESIAN_POINT('Ctrl Pts',(-9.83213378011281,24.5070821547405,11.4999999999998));
#6736=CARTESIAN_POINT('Ctrl Pts',(-9.84289040092456,24.5798676788405,11.4999999999999));
#6737=CARTESIAN_POINT('Ctrl Pts',(-9.85354498481171,24.6519627620331,11.5));
#6738=CARTESIAN_POINT('Ctrl Pts',(-9.86147979834641,24.7245885968129,11.5));
#6739=CARTESIAN_POINT('Ctrl Pts',(-9.86664183483697,24.7977557204727,11.5));
#6740=CARTESIAN_POINT('Ctrl Pts',(-9.8713659682413,24.8647159702912,11.5));
#6741=CARTESIAN_POINT('Ctrl Pts',(-9.87376726611157,24.932130050041,11.5));
#6742=CARTESIAN_POINT('Ctrl Pts',(-9.87376726611157,25.,11.5));
#6743=CARTESIAN_POINT('Ctrl Pts',(-9.87376726611156,25.,11.5));
#6744=CARTESIAN_POINT('Ctrl Pts',(-9.87376726611156,25.0737621574107,11.5));
#6745=CARTESIAN_POINT('Ctrl Pts',(-9.87093158048099,25.1469994600363,11.5));
#6746=CARTESIAN_POINT('Ctrl Pts',(-9.86535573589055,25.2197152852522,11.5));
#6747=CARTESIAN_POINT('Ctrl Pts',(-9.85970449073693,25.2934144259254,11.5));
#6748=CARTESIAN_POINT('Ctrl Pts',(-9.85123853200242,25.3665786717289,11.5));
#6749=CARTESIAN_POINT('Ctrl Pts',(-9.84000443136965,25.4392187718838,11.5));
#6750=CARTESIAN_POINT('Ctrl Pts',(-9.82876112298327,25.5119184097057,11.5));
#6751=CARTESIAN_POINT('Ctrl Pts',(-9.81474501777042,25.5840938298873,11.5));
#6752=CARTESIAN_POINT('Ctrl Pts',(-9.79795080824647,25.6557511528066,11.5));
#6753=CARTESIAN_POINT('Ctrl Pts',(-9.78128882374147,25.7268442996707,11.5));
#6754=CARTESIAN_POINT('Ctrl Pts',(-9.76189206781986,25.7974282115299,11.5));
#6755=CARTESIAN_POINT('Ctrl Pts',(-9.73970696812523,25.8674929559255,11.5));
#6756=CARTESIAN_POINT('Ctrl Pts',(-9.72630190992143,25.9098286672627,11.5));
#6757=CARTESIAN_POINT('Ctrl Pts',(-9.71187789777947,25.951974473224,11.5));
#6758=CARTESIAN_POINT('Ctrl Pts',(-9.69641505336859,25.9939236186657,11.5));
#6759=CARTESIAN_POINT('Ctrl Pts',(-9.69207388438277,26.0057007745585,11.5));
#6760=CARTESIAN_POINT('Ctrl Pts',(-9.68785629218078,26.0169131100371,11.4999999999992));
#6761=CARTESIAN_POINT('Ctrl Pts',(-9.68342545422321,26.0284705233716,11.4999999999894));
#6762=CARTESIAN_POINT('Ctrl Pts',(-9.67982381855961,26.037865042522,11.4999999999814));
#6763=CARTESIAN_POINT('Ctrl Pts',(-9.6760805710006,26.0474873487136,11.4999999999691));
#6764=CARTESIAN_POINT('Ctrl Pts',(-9.6719912884838,26.0578169849658,11.4999999999707));
#6765=CARTESIAN_POINT('Ctrl Pts',(-9.64427827587635,26.1278207908926,11.4999999999819));
#6766=CARTESIAN_POINT('Ctrl Pts',(-9.61402229997871,26.1962136625634,11.499999999972));
#6767=CARTESIAN_POINT('Ctrl Pts',(-9.58132821364911,26.2630246677814,11.4999999998655));
#6768=CARTESIAN_POINT('Ctrl Pts',(-9.54825841237322,26.3306034538446,11.4999999997577));
#6769=CARTESIAN_POINT('Ctrl Pts',(-9.51269389124292,26.3965645676596,11.4999999995235));
#6770=CARTESIAN_POINT('Ctrl Pts',(-9.47469108548815,26.4609276548404,11.4999999991113));
#6771=CARTESIAN_POINT('Ctrl Pts',(-9.43648064654167,26.5256423979832,11.4999999986968));
#6772=CARTESIAN_POINT('Ctrl Pts',(-9.39580483792912,26.5887423354724,11.4999999980984));
#6773=CARTESIAN_POINT('Ctrl Pts',(-9.35267343788428,26.650225688685,11.499999997532));
#6774=CARTESIAN_POINT('Ctrl Pts',(-9.30971254867869,26.711465980505,11.4999999969678));
#6775=CARTESIAN_POINT('Ctrl Pts',(-9.2643149546625,26.7711030923084,11.4999999964566));
#6776=CARTESIAN_POINT('Ctrl Pts',(-9.21644977725984,26.8291034850777,11.4999999963457));
#6777=CARTESIAN_POINT('Ctrl Pts',(-9.16922040964366,26.8863334384725,11.4999999962363));
#6778=CARTESIAN_POINT('Ctrl Pts',(-9.11958800477588,26.9419703889201,11.4999999965595));
#6779=CARTESIAN_POINT('Ctrl Pts',(-9.06749132208826,26.9959425381479,11.4999999973004));
#6780=CARTESIAN_POINT('Ctrl Pts',(-9.05579708252521,27.0080577671844,11.4999999974666));
#6781=CARTESIAN_POINT('Ctrl Pts',(-9.04397856634356,27.0200889334919,11.499999997651));
#6782=CARTESIAN_POINT('Ctrl Pts',(-9.03203490518006,27.0320349051801,11.4999999978467));
#6783=CARTESIAN_POINT('Ctrl Pts',(-8.97997274127071,27.0841071406172,11.4999999987));
#6784=CARTESIAN_POINT('Ctrl Pts',(-8.92630890615659,27.1337826459867,11.4999999991447));
#6785=CARTESIAN_POINT('Ctrl Pts',(-8.87111460554292,27.1811377573481,11.4999999994276));
#6786=CARTESIAN_POINT('Ctrl Pts',(-8.81507894812068,27.2292147284835,11.4999999997148));
#6787=CARTESIAN_POINT('Ctrl Pts',(-8.75746531176739,27.2749006236774,11.4999999998311));
#6788=CARTESIAN_POINT('Ctrl Pts',(-8.69830451548306,27.3182440098546,11.4999999998988));
#6789=CARTESIAN_POINT('Ctrl Pts',(-8.63906178364615,27.3616474250463,11.4999999999667));
#6790=CARTESIAN_POINT('Ctrl Pts',(-8.57826696919324,27.4027023174948,11.4999999999825));
#6791=CARTESIAN_POINT('Ctrl Pts',(-8.51591623531971,27.4414182591808,11.4999999999913));
#6792=CARTESIAN_POINT('Ctrl Pts',(-8.45406488415303,27.4798241151541,11.5));
#6793=CARTESIAN_POINT('Ctrl Pts',(-8.3906817491026,27.5159286863441,11.4999999999996));
#6794=CARTESIAN_POINT('Ctrl Pts',(-8.32573880921436,27.5496967015598,11.4999999999999));
#6795=CARTESIAN_POINT('Ctrl Pts',(-8.26090125110776,27.5834099220033,11.5000000000001));
#6796=CARTESIAN_POINT('Ctrl Pts',(-8.19450825191952,27.6147945119327,11.5));
#6797=CARTESIAN_POINT('Ctrl Pts',(-8.12651789422923,27.6437654460552,11.5));
#6798=CARTESIAN_POINT('Ctrl Pts',(-8.11422739415323,27.649002472012,11.5));
#6799=CARTESIAN_POINT('Ctrl Pts',(-8.10134344660933,27.6543849393781,11.4999999999995));
#6800=CARTESIAN_POINT('Ctrl Pts',(-8.0887422696009,27.6595423599714,11.4999999999915));
#6801=CARTESIAN_POINT('Ctrl Pts',(-8.07804748756563,27.6639195295859,11.4999999999847));
#6802=CARTESIAN_POINT('Ctrl Pts',(-8.06755686572848,27.6681355954256,11.4999999999738));
#6803=CARTESIAN_POINT('Ctrl Pts',(-8.05781710680476,27.6719915962428,11.4999999999752));
#6804=CARTESIAN_POINT('Ctrl Pts',(-7.98731141109272,27.6999050202209,11.4999999999855));
#6805=CARTESIAN_POINT('Ctrl Pts',(-7.91618241552043,27.7248383906055,11.4999999999766));
#6806=CARTESIAN_POINT('Ctrl Pts',(-7.84448116631121,27.7468777617978,11.4999999998614));
#6807=CARTESIAN_POINT('Ctrl Pts',(-7.7717798809877,27.7692245218763,11.4999999997445));
#6808=CARTESIAN_POINT('Ctrl Pts',(-7.69848953219203,27.7885963586191,11.4999999994852));
#6809=CARTESIAN_POINT('Ctrl Pts',(-7.62463641440735,27.8050367755604,11.4999999990622));
#6810=CARTESIAN_POINT('Ctrl Pts',(-7.55075474538061,27.8214835482837,11.4999999986391));
#6811=CARTESIAN_POINT('Ctrl Pts',(-7.47630905984646,27.8349968270631,11.4999999980534));
#6812=CARTESIAN_POINT('Ctrl Pts',(-7.40131069207151,27.8455701942671,11.4999999975957));
#6813=CARTESIAN_POINT('Ctrl Pts',(-7.32702366317126,27.8560432759936,11.4999999971424));
#6814=CARTESIAN_POINT('Ctrl Pts',(-7.25219358039963,27.863631986718,11.4999999968497));
#6815=CARTESIAN_POINT('Ctrl Pts',(-7.17682882027036,27.8682795004531,11.4999999970312));
#6816=CARTESIAN_POINT('Ctrl Pts',(-7.11820703358818,27.8718945263394,11.4999999971723));
#6817=CARTESIAN_POINT('Ctrl Pts',(-7.05926157179676,27.8737290174689,11.4999999976149));
#6818=CARTESIAN_POINT('Ctrl Pts',(-7.,27.8737346627245,11.4999999982284));
#6819=CARTESIAN_POINT('Ctrl Pts',(-6.92626977495683,27.8737416862636,11.4999999989917));
#6820=CARTESIAN_POINT('Ctrl Pts',(-6.85305753589776,27.8709139395501,11.4999999993599));
#6821=CARTESIAN_POINT('Ctrl Pts',(-6.78035966966759,27.865345690316,11.4999999995868));
#6822=CARTESIAN_POINT('Ctrl Pts',(-6.7067027547152,27.8597039833233,11.4999999998167));
#6823=CARTESIAN_POINT('Ctrl Pts',(-6.63357309151415,27.8512490437555,11.4999999998965));
#6824=CARTESIAN_POINT('Ctrl Pts',(-6.5609598397049,27.8400260568823,11.4999999999416));
#6825=CARTESIAN_POINT('Ctrl Pts',(-6.48830208122064,27.8287961911294,11.4999999999866));
#6826=CARTESIAN_POINT('Ctrl Pts',(-6.41616058024657,27.814794768149,11.4999999999929));
#6827=CARTESIAN_POINT('Ctrl Pts',(-6.34452928008966,27.7980151078531,11.4999999999969));
#6828=CARTESIAN_POINT('Ctrl Pts',(-6.2734837246764,27.7813726584942,11.5000000000008));
#6829=CARTESIAN_POINT('Ctrl Pts',(-6.20293932554429,27.7619969815062,11.5));
#6830=CARTESIAN_POINT('Ctrl Pts',(-6.132906207043,27.7398332485462,11.5));
#6831=CARTESIAN_POINT('Ctrl Pts',(-6.09044909621056,27.726396633315,11.5));
#6832=CARTESIAN_POINT('Ctrl Pts',(-6.04818025526734,27.7119343967693,11.5));
#6833=CARTESIAN_POINT('Ctrl Pts',(-6.00610657710693,27.6964261836186,11.5));
#6834=CARTESIAN_POINT('Ctrl Pts',(-5.99430768328762,27.692077151913,11.5));
#6835=CARTESIAN_POINT('Ctrl Pts',(-5.98307173991855,27.6878506744113,11.4999999999992));
#6836=CARTESIAN_POINT('Ctrl Pts',(-5.97149045900076,27.6834104944288,11.4999999999893));
#6837=CARTESIAN_POINT('Ctrl Pts',(-5.96210591803314,27.6798125287767,11.4999999999813));
#6838=CARTESIAN_POINT('Ctrl Pts',(-5.95249484399882,27.6760735214757,11.4999999999691));
#6839=CARTESIAN_POINT('Ctrl Pts',(-5.94218301503417,27.671991288484,11.4999999999707));
#6840=CARTESIAN_POINT('Ctrl Pts',(-5.87217920912479,27.6442782758834,11.4999999999819));
#6841=CARTESIAN_POINT('Ctrl Pts',(-5.80378633747111,27.6140222999941,11.499999999972));
#6842=CARTESIAN_POINT('Ctrl Pts',(-5.73697533226981,27.5813282136743,11.4999999998655));
#6843=CARTESIAN_POINT('Ctrl Pts',(-5.66939654622342,27.5482584124083,11.4999999997577));
#6844=CARTESIAN_POINT('Ctrl Pts',(-5.60343543242485,27.5126938912895,11.4999999995235));
#6845=CARTESIAN_POINT('Ctrl Pts',(-5.53907234525989,27.4746910855476,11.4999999991113));
#6846=CARTESIAN_POINT('Ctrl Pts',(-5.47435760213217,27.4364806466136,11.4999999986968));
#6847=CARTESIAN_POINT('Ctrl Pts',(-5.41125766465747,27.395804838015,11.4999999980984));
#6848=CARTESIAN_POINT('Ctrl Pts',(-5.34977431145866,27.3526734379854,11.499999997532));
#6849=CARTESIAN_POINT('Ctrl Pts',(-5.28853401965188,27.3097125487947,11.4999999969678));
#6850=CARTESIAN_POINT('Ctrl Pts',(-5.22889690786094,27.2643149547947,11.4999999964566));
#6851=CARTESIAN_POINT('Ctrl Pts',(-5.17089651510315,27.2164497774096,11.4999999963457));
#6852=CARTESIAN_POINT('Ctrl Pts',(-5.1136665617192,27.1692204098102,11.4999999962363));
#6853=CARTESIAN_POINT('Ctrl Pts',(-5.0580296112815,27.1195880049603,11.4999999965595));
#6854=CARTESIAN_POINT('Ctrl Pts',(-5.00405746206251,27.0674913222918,11.4999999973003));
#6855=CARTESIAN_POINT('Ctrl Pts',(-4.99194223295483,27.0557970826624,11.4999999974666));
#6856=CARTESIAN_POINT('Ctrl Pts',(-4.97991106657716,27.043978566413,11.499999997651));
#6857=CARTESIAN_POINT('Ctrl Pts',(-4.96796509481974,27.0320349051803,11.4999999978467));
#6858=CARTESIAN_POINT('Ctrl Pts',(-4.91589285938225,26.9799727412705,11.4999999987));
#6859=CARTESIAN_POINT('Ctrl Pts',(-4.8662173540124,26.9263089061559,11.4999999991447));
#6860=CARTESIAN_POINT('Ctrl Pts',(-4.81886224265068,26.8711146055417,11.4999999994276));
#6861=CARTESIAN_POINT('Ctrl Pts',(-4.77078527151496,26.815078948119,11.4999999997148));
#6862=CARTESIAN_POINT('Ctrl Pts',(-4.72509937632069,26.7574653117651,11.4999999998311));
#6863=CARTESIAN_POINT('Ctrl Pts',(-4.68175599014318,26.6983045154802,11.4999999998988));
#6864=CARTESIAN_POINT('Ctrl Pts',(-4.63835257495123,26.6390617836427,11.4999999999667));
#6865=CARTESIAN_POINT('Ctrl Pts',(-4.59729768250251,26.5782669691892,11.4999999999825));
#6866=CARTESIAN_POINT('Ctrl Pts',(-4.55858174081624,26.515916235315,11.4999999999913));
#6867=CARTESIAN_POINT('Ctrl Pts',(-4.5201758848428,26.4540648841478,11.5));
#6868=CARTESIAN_POINT('Ctrl Pts',(-4.48407131365262,26.3906817490967,11.4999999999996));
#6869=CARTESIAN_POINT('Ctrl Pts',(-4.45030329843674,26.3257388092078,11.4999999999999));
#6870=CARTESIAN_POINT('Ctrl Pts',(-4.41659007799462,26.2609012511033,11.5000000000001));
#6871=CARTESIAN_POINT('Ctrl Pts',(-4.38520548806635,26.1945082519173,11.5));
#6872=CARTESIAN_POINT('Ctrl Pts',(-4.35623455394477,26.1265178942293,11.5));
#6873=CARTESIAN_POINT('Ctrl Pts',(-4.35099016046106,26.1142101036928,11.5));
#6874=CARTESIAN_POINT('Ctrl Pts',(-4.34560122221406,26.1013102924667,11.4999999999995));
#6875=CARTESIAN_POINT('Ctrl Pts',(-4.34043762685235,26.088693365969,11.4999999999914));
#6876=CARTESIAN_POINT('Ctrl Pts',(-4.33606862722995,26.0780179851069,11.4999999999846));
#6877=CARTESIAN_POINT('Ctrl Pts',(-4.33185994765342,26.0675456028595,11.4999999999737));
#6878=CARTESIAN_POINT('Ctrl Pts',(-4.32800840555867,26.0578171060916,11.4999999999752));
#6879=CARTESIAN_POINT('Ctrl Pts',(-4.300844804995,25.9892053672634,11.4999999999852));
#6880=CARTESIAN_POINT('Ctrl Pts',(-4.27651375124723,25.9200379099578,11.4999999999903));
#6881=CARTESIAN_POINT('Ctrl Pts',(-4.25492488717376,25.8503467821743,11.4999999999936));
#6882=CARTESIAN_POINT('Ctrl Pts',(-4.23304802250111,25.7797259581135,11.4999999999969));
#6883=CARTESIAN_POINT('Ctrl Pts',(-4.2139866600921,25.7085666901587,11.4999999999982));
#6884=CARTESIAN_POINT('Ctrl Pts',(-4.19769335443943,25.6368760719331,11.4999999999989));
#6885=CARTESIAN_POINT('Ctrl Pts',(-4.18139498811831,25.5651631867435,11.4999999999997));
#6886=CARTESIAN_POINT('Ctrl Pts',(-4.16786621988692,25.492917845258,11.4999999999998));
#6887=CARTESIAN_POINT('Ctrl Pts',(-4.15710959907519,25.4201323211578,11.4999999999999));
#6888=CARTESIAN_POINT('Ctrl Pts',(-4.14645501518805,25.348037237965,11.5));
#6889=CARTESIAN_POINT('Ctrl Pts',(-4.13852020165337,25.2754114031849,11.5));
#6890=CARTESIAN_POINT('Ctrl Pts',(-4.13335816516286,25.2022442795249,11.5));
#6891=CARTESIAN_POINT('Ctrl Pts',(-4.12863403175864,25.1352840297072,11.5));
#6892=CARTESIAN_POINT('Ctrl Pts',(-4.12623273388844,25.0678699499581,11.5));
#6893=CARTESIAN_POINT('Ctrl Pts',(-4.12623273388844,25.,11.5));
#6894=CARTESIAN_POINT('Origin',(-44.2,34.2,11.2));
#6895=CARTESIAN_POINT('',(-47.0737672661116,34.2,11.5));
#6896=CARTESIAN_POINT('Origin',(-47.0737672661116,34.2,11.2));
#6897=CARTESIAN_POINT('',(-41.3262327338884,34.2,11.5));
#6898=CARTESIAN_POINT('Ctrl Pts',(-41.3262327338884,34.2,11.5));
#6899=CARTESIAN_POINT('Ctrl Pts',(-41.3262327338884,34.126237842591,11.5));
#6900=CARTESIAN_POINT('Ctrl Pts',(-41.3290684195189,34.0530005399673,11.5));
#6901=CARTESIAN_POINT('Ctrl Pts',(-41.334644264109,33.9802847147536,11.5));
#6902=CARTESIAN_POINT('Ctrl Pts',(-41.3402955092624,33.9065855740813,11.5));
#6903=CARTESIAN_POINT('Ctrl Pts',(-41.3487614679966,33.8334213282791,11.5));
#6904=CARTESIAN_POINT('Ctrl Pts',(-41.3599955686289,33.7607812281258,11.5));
#6905=CARTESIAN_POINT('Ctrl Pts',(-41.3712388770148,33.6880815903048,11.5));
#6906=CARTESIAN_POINT('Ctrl Pts',(-41.3852549822272,33.6159061701244,11.5));
#6907=CARTESIAN_POINT('Ctrl Pts',(-41.4020491917504,33.5442488472066,11.5));
#6908=CARTESIAN_POINT('Ctrl Pts',(-41.418711176255,33.4731557003429,11.5));
#6909=CARTESIAN_POINT('Ctrl Pts',(-41.438107932176,33.4025717884845,11.5));
#6910=CARTESIAN_POINT('Ctrl Pts',(-41.4602930318699,33.3325070440899,11.5));
#6911=CARTESIAN_POINT('Ctrl Pts',(-41.4736980900752,33.290171332747,11.5));
#6912=CARTESIAN_POINT('Ctrl Pts',(-41.488122102219,33.2480255267802,11.5));
#6913=CARTESIAN_POINT('Ctrl Pts',(-41.5035849466319,33.206076381333,11.5));
#6914=CARTESIAN_POINT('Ctrl Pts',(-41.5079261156167,33.1942992254428,11.5));
#6915=CARTESIAN_POINT('Ctrl Pts',(-41.5121437078176,33.1830868899671,11.4999999999992));
#6916=CARTESIAN_POINT('Ctrl Pts',(-41.516574545774,33.1715294766354,11.4999999999894));
#6917=CARTESIAN_POINT('Ctrl Pts',(-41.5201761814382,33.1621349574831,11.4999999999814));
#6918=CARTESIAN_POINT('Ctrl Pts',(-41.523919428998,33.1525126512893,11.4999999999691));
#6919=CARTESIAN_POINT('Ctrl Pts',(-41.528008711516,33.1421830150342,11.4999999999708));
#6920=CARTESIAN_POINT('Ctrl Pts',(-41.5557217240953,33.0721792091787,11.4999999999819));
#6921=CARTESIAN_POINT('Ctrl Pts',(-41.5859776999587,33.0037863375776,11.499999999972));
#6922=CARTESIAN_POINT('Ctrl Pts',(-41.6186717862484,32.936975332427,11.4999999998655));
#6923=CARTESIAN_POINT('Ctrl Pts',(-41.6517415874835,32.8693965464328,11.4999999997577));
#6924=CARTESIAN_POINT('Ctrl Pts',(-41.6873061085671,32.8034354326844,11.4999999995235));
#6925=CARTESIAN_POINT('Ctrl Pts',(-41.7253089142697,32.7390723455672,11.4999999991113));
#6926=CARTESIAN_POINT('Ctrl Pts',(-41.763519353164,32.6743576024878,11.4999999986968));
#6927=CARTESIAN_POINT('Ctrl Pts',(-41.8041951617188,32.611257665059,11.4999999980984));
#6928=CARTESIAN_POINT('Ctrl Pts',(-41.8473265617007,32.549774311903,11.499999997532));
#6929=CARTESIAN_POINT('Ctrl Pts',(-41.8902874508441,32.4885340201386,11.4999999969678));
#6930=CARTESIAN_POINT('Ctrl Pts',(-41.9356850447931,32.428896908387,11.4999999964566));
#6931=CARTESIAN_POINT('Ctrl Pts',(-41.9835502221238,32.3708965156652,11.4999999963457));
#6932=CARTESIAN_POINT('Ctrl Pts',(-42.0307795896696,32.3136665623165,11.4999999962363));
#6933=CARTESIAN_POINT('Ctrl Pts',(-42.0804119944625,32.2580296119108,11.4999999965595));
#6934=CARTESIAN_POINT('Ctrl Pts',(-42.132508677071,32.20405746272,11.4999999973004));
#6935=CARTESIAN_POINT('Ctrl Pts',(-42.1442029169078,32.1919422333897,11.4999999974667));
#6936=CARTESIAN_POINT('Ctrl Pts',(-42.1560214333692,32.1799110667925,11.499999997651));
#6937=CARTESIAN_POINT('Ctrl Pts',(-42.1679650948186,32.1679650948186,11.4999999978467));
#6938=CARTESIAN_POINT('Ctrl Pts',(-42.2200272587287,32.1158928593812,11.4999999987));
#6939=CARTESIAN_POINT('Ctrl Pts',(-42.2736910938433,32.0662173540117,11.4999999991447));
#6940=CARTESIAN_POINT('Ctrl Pts',(-42.3288853944569,32.0188622426507,11.4999999994276));
#6941=CARTESIAN_POINT('Ctrl Pts',(-42.3849210518806,31.9707852715144,11.4999999997148));
#6942=CARTESIAN_POINT('Ctrl Pts',(-42.442534688235,31.92509937632,11.4999999998311));
#6943=CARTESIAN_POINT('Ctrl Pts',(-42.50169548452,31.8817559901426,11.4999999998988));
#6944=CARTESIAN_POINT('Ctrl Pts',(-42.5609382163585,31.83835257495,11.4999999999667));
#6945=CARTESIAN_POINT('Ctrl Pts',(-42.6217330308126,31.7972976825011,11.4999999999825));
#6946=CARTESIAN_POINT('Ctrl Pts',(-42.6840837646869,31.7585817408149,11.4999999999913));
#6947=CARTESIAN_POINT('Ctrl Pts',(-42.7459351158559,31.7201758848405,11.5));
#6948=CARTESIAN_POINT('Ctrl Pts',(-42.8093182509082,31.6840713136498,11.4999999999996));
#6949=CARTESIAN_POINT('Ctrl Pts',(-42.874261190798,31.6503032984337,11.4999999999999));
#6950=CARTESIAN_POINT('Ctrl Pts',(-42.939098748902,31.616590077992,11.5000000000002));
#6951=CARTESIAN_POINT('Ctrl Pts',(-43.005491748087,31.5852054880644,11.5));
#6952=CARTESIAN_POINT('Ctrl Pts',(-43.0734821057734,31.5562345539436,11.5));
#6953=CARTESIAN_POINT('Ctrl Pts',(-43.0857726058514,31.550997527986,11.5));
#6954=CARTESIAN_POINT('Ctrl Pts',(-43.0986565533971,31.5456150606191,11.4999999999995));
#6955=CARTESIAN_POINT('Ctrl Pts',(-43.1112577304073,31.5404576400252,11.4999999999915));
#6956=CARTESIAN_POINT('Ctrl Pts',(-43.1219525124394,31.536080470412,11.4999999999847));
#6957=CARTESIAN_POINT('Ctrl Pts',(-43.1324431342735,31.5318644045734,11.4999999999738));
#6958=CARTESIAN_POINT('Ctrl Pts',(-43.1421828931952,31.5280084037571,11.4999999999752));
#6959=CARTESIAN_POINT('Ctrl Pts',(-43.2126885888602,31.5000949797976,11.4999999999855));
#6960=CARTESIAN_POINT('Ctrl Pts',(-43.2838175843835,31.475161609428,11.4999999999766));
#6961=CARTESIAN_POINT('Ctrl Pts',(-43.3555188335424,31.453122238247,11.4999999998614));
#6962=CARTESIAN_POINT('Ctrl Pts',(-43.4282201188144,31.4307754781801,11.4999999997445));
#6963=CARTESIAN_POINT('Ctrl Pts',(-43.5015104675571,31.4114036414448,11.4999999994852));
#6964=CARTESIAN_POINT('Ctrl Pts',(-43.5753635852879,31.394963224507,11.4999999990622));
#6965=CARTESIAN_POINT('Ctrl Pts',(-43.649245254261,31.3785164517871,11.4999999986391));
#6966=CARTESIAN_POINT('Ctrl Pts',(-43.7236909397405,31.365003173007,11.4999999980534));
#6967=CARTESIAN_POINT('Ctrl Pts',(-43.7986893074604,31.3544298057982,11.4999999975957));
#6968=CARTESIAN_POINT('Ctrl Pts',(-43.8729763363069,31.3439567240668,11.4999999971424));
#6969=CARTESIAN_POINT('Ctrl Pts',(-43.9478064190243,31.3363680133333,11.4999999968497));
#6970=CARTESIAN_POINT('Ctrl Pts',(-44.0231711790993,31.331720499585,11.4999999970312));
#6971=CARTESIAN_POINT('Ctrl Pts',(-44.0817929659888,31.328105473673,11.4999999971723));
#6972=CARTESIAN_POINT('Ctrl Pts',(-44.1407384279903,31.3262709825305,11.4999999976149));
#6973=CARTESIAN_POINT('Ctrl Pts',(-44.2,31.3262653372749,11.4999999982284));
#6974=CARTESIAN_POINT('Ctrl Pts',(-44.2737302250428,31.3262583137359,11.4999999989917));
#6975=CARTESIAN_POINT('Ctrl Pts',(-44.3469424641012,31.3290860604495,11.4999999993599));
#6976=CARTESIAN_POINT('Ctrl Pts',(-44.4196403303305,31.3346543096835,11.4999999995868));
#6977=CARTESIAN_POINT('Ctrl Pts',(-44.4932972452829,31.3402960166763,11.4999999998167));
#6978=CARTESIAN_POINT('Ctrl Pts',(-44.5664269084838,31.3487509562441,11.4999999998965));
#6979=CARTESIAN_POINT('Ctrl Pts',(-44.6390401602925,31.3599739431172,11.4999999999416));
#6980=CARTESIAN_POINT('Ctrl Pts',(-44.7116979187769,31.3712038088701,11.4999999999866));
#6981=CARTESIAN_POINT('Ctrl Pts',(-44.7838394197507,31.3852052318504,11.4999999999929));
#6982=CARTESIAN_POINT('Ctrl Pts',(-44.8554707199071,31.4019848921461,11.4999999999969));
#6983=CARTESIAN_POINT('Ctrl Pts',(-44.9265162753207,31.418627341505,11.5000000000008));
#6984=CARTESIAN_POINT('Ctrl Pts',(-44.9970606744529,31.438003018493,11.5));
#6985=CARTESIAN_POINT('Ctrl Pts',(-45.067093792954,31.4601667514529,11.5));
#6986=CARTESIAN_POINT('Ctrl Pts',(-45.109550903788,31.4736033666845,11.5));
#6987=CARTESIAN_POINT('Ctrl Pts',(-45.1518197447326,31.4880656032307,11.5));
#6988=CARTESIAN_POINT('Ctrl Pts',(-45.1938934228943,31.5035738163818,11.5));
#6989=CARTESIAN_POINT('Ctrl Pts',(-45.205692316712,31.5079228480868,11.5));
#6990=CARTESIAN_POINT('Ctrl Pts',(-45.2169282600792,31.5121493255878,11.4999999999992));
#6991=CARTESIAN_POINT('Ctrl Pts',(-45.2285095409952,31.5165895055696,11.4999999999893));
#6992=CARTESIAN_POINT('Ctrl Pts',(-45.237894081964,31.5201874712221,11.4999999999813));
#6993=CARTESIAN_POINT('Ctrl Pts',(-45.2475051559995,31.5239264785235,11.4999999999691));
#6994=CARTESIAN_POINT('Ctrl Pts',(-45.2578169849659,31.528008711516,11.4999999999708));
#6995=CARTESIAN_POINT('Ctrl Pts',(-45.3278207908621,31.5557217241114,11.4999999999819));
#6996=CARTESIAN_POINT('Ctrl Pts',(-45.3962136625029,31.5859776999943,11.499999999972));
#6997=CARTESIAN_POINT('Ctrl Pts',(-45.4630246676915,31.6186717863065,11.4999999998655));
#6998=CARTESIAN_POINT('Ctrl Pts',(-45.5306034537254,31.651741587565,11.4999999997577));
#6999=CARTESIAN_POINT('Ctrl Pts',(-45.5965645675117,31.6873061086753,11.4999999995235));
#7000=CARTESIAN_POINT('Ctrl Pts',(-45.6609276546649,31.7253089144074,11.4999999991113));
#7001=CARTESIAN_POINT('Ctrl Pts',(-45.7256423977812,31.7635193533318,11.4999999986968));
#7002=CARTESIAN_POINT('Ctrl Pts',(-45.7887423352448,31.8041951619198,11.4999999980984));
#7003=CARTESIAN_POINT('Ctrl Pts',(-45.8502256884331,31.8473265619376,11.499999997532));
#7004=CARTESIAN_POINT('Ctrl Pts',(-45.9114659802298,31.8902874511169,11.4999999969678));
#7005=CARTESIAN_POINT('Ctrl Pts',(-45.9711030920112,31.9356850451045,11.4999999964566));
#7006=CARTESIAN_POINT('Ctrl Pts',(-46.0291034847602,31.9835502224763,11.4999999963457));
#7007=CARTESIAN_POINT('Ctrl Pts',(-46.0863334381358,32.0307795900628,11.4999999962363));
#7008=CARTESIAN_POINT('Ctrl Pts',(-46.1419703885657,32.0804119948989,11.4999999965595));
#7009=CARTESIAN_POINT('Ctrl Pts',(-46.1959425377777,32.1325086775528,11.4999999973004));
#7010=CARTESIAN_POINT('Ctrl Pts',(-46.2080577669396,32.1442029172327,11.4999999974667));
#7011=CARTESIAN_POINT('Ctrl Pts',(-46.2200889333707,32.1560214335337,11.499999997651));
#7012=CARTESIAN_POINT('Ctrl Pts',(-46.2320349051808,32.1679650948192,11.4999999978467));
#7013=CARTESIAN_POINT('Ctrl Pts',(-46.2841071406193,32.2200272587301,11.4999999987));
#7014=CARTESIAN_POINT('Ctrl Pts',(-46.33378264599,32.273691093846,11.4999999991447));
#7015=CARTESIAN_POINT('Ctrl Pts',(-46.3811377573526,32.3288853944615,11.4999999994276));
#7016=CARTESIAN_POINT('Ctrl Pts',(-46.4292147284891,32.3849210518855,11.4999999997148));
#7017=CARTESIAN_POINT('Ctrl Pts',(-46.4749006236841,32.4425346882406,11.4999999998311));
#7018=CARTESIAN_POINT('Ctrl Pts',(-46.5182440098622,32.5016954845269,11.4999999998988));
#7019=CARTESIAN_POINT('Ctrl Pts',(-46.5616474250548,32.5609382163657,11.4999999999667));
#7020=CARTESIAN_POINT('Ctrl Pts',(-46.6027023175041,32.6217330308206,11.4999999999825));
#7021=CARTESIAN_POINT('Ctrl Pts',(-46.6414182591908,32.6840837646962,11.4999999999913));
#7022=CARTESIAN_POINT('Ctrl Pts',(-46.6798241151646,32.7459351158647,11.5));
#7023=CARTESIAN_POINT('Ctrl Pts',(-46.7159286863551,32.8093182509171,11.4999999999996));
#7024=CARTESIAN_POINT('Ctrl Pts',(-46.7496967015712,32.8742611908074,11.4999999999999));
#7025=CARTESIAN_POINT('Ctrl Pts',(-46.7834099220102,32.939098748907,11.5000000000001));
#7026=CARTESIAN_POINT('Ctrl Pts',(-46.8147945119358,33.0054917480879,11.5));
#7027=CARTESIAN_POINT('Ctrl Pts',(-46.8437654460552,33.0734821057706,11.5));
#7028=CARTESIAN_POINT('Ctrl Pts',(-46.8490098395386,33.0857898963065,11.5));
#7029=CARTESIAN_POINT('Ctrl Pts',(-46.8543987777854,33.0986897075321,11.4999999999995));
#7030=CARTESIAN_POINT('Ctrl Pts',(-46.8595623731469,33.1113066340293,11.4999999999914));
#7031=CARTESIAN_POINT('Ctrl Pts',(-46.8639313727695,33.1219820148921,11.4999999999846));
#7032=CARTESIAN_POINT('Ctrl Pts',(-46.8681400523463,33.1324543971401,11.4999999999737));
#7033=CARTESIAN_POINT('Ctrl Pts',(-46.8719915944412,33.1421828939085,11.4999999999752));
#7034=CARTESIAN_POINT('Ctrl Pts',(-46.8991551950046,33.2107946327359,11.4999999999852));
#7035=CARTESIAN_POINT('Ctrl Pts',(-46.9234862487522,33.2799620900409,11.4999999999903));
#7036=CARTESIAN_POINT('Ctrl Pts',(-46.9450751128256,33.349653217824,11.4999999999936));
#7037=CARTESIAN_POINT('Ctrl Pts',(-46.9669519774979,33.4202740418835,11.4999999999969));
#7038=CARTESIAN_POINT('Ctrl Pts',(-46.9860133399068,33.4914333098371,11.4999999999982));
#7039=CARTESIAN_POINT('Ctrl Pts',(-47.0023066455594,33.5631239280617,11.4999999999989));
#7040=CARTESIAN_POINT('Ctrl Pts',(-47.0186050118803,33.63483681325,11.4999999999997));
#7041=CARTESIAN_POINT('Ctrl Pts',(-47.0321337801117,33.7070821547342,11.4999999999998));
#7042=CARTESIAN_POINT('Ctrl Pts',(-47.0428904009235,33.7798676788334,11.4999999999999));
#7043=CARTESIAN_POINT('Ctrl Pts',(-47.0535449848106,33.8519627620245,11.5));
#7044=CARTESIAN_POINT('Ctrl Pts',(-47.0614797983454,33.9245885968031,11.5));
#7045=CARTESIAN_POINT('Ctrl Pts',(-47.0666418348362,33.9977557204617,11.5));
#7046=CARTESIAN_POINT('Ctrl Pts',(-47.071365968241,34.0647159702837,11.5));
#7047=CARTESIAN_POINT('Ctrl Pts',(-47.0737672661116,34.1321300500372,11.5));
#7048=CARTESIAN_POINT('Ctrl Pts',(-47.0737672661116,34.2,11.5));
#7049=CARTESIAN_POINT('Ctrl Pts',(-47.0737672661116,34.2,11.5));
#7050=CARTESIAN_POINT('Ctrl Pts',(-47.0737672661116,34.2737621574125,11.5));
#7051=CARTESIAN_POINT('Ctrl Pts',(-47.0709315804809,34.3469994600404,11.5));
#7052=CARTESIAN_POINT('Ctrl Pts',(-47.06535573589,34.419715285259,11.5));
#7053=CARTESIAN_POINT('Ctrl Pts',(-47.0597044907361,34.4934144259336,11.5));
#7054=CARTESIAN_POINT('Ctrl Pts',(-47.0512385320012,34.5665786717391,11.5));
#7055=CARTESIAN_POINT('Ctrl Pts',(-47.0400044313677,34.6392187718963,11.5));
#7056=CARTESIAN_POINT('Ctrl Pts',(-47.0287611229809,34.7119184097194,11.5));
#7057=CARTESIAN_POINT('Ctrl Pts',(-47.0147450177673,34.7840938299025,11.5));
#7058=CARTESIAN_POINT('Ctrl Pts',(-46.9979508082425,34.8557511528239,11.5));
#7059=CARTESIAN_POINT('Ctrl Pts',(-46.9812888237368,34.9268442996887,11.5));
#7060=CARTESIAN_POINT('Ctrl Pts',(-46.9618920678144,34.997428211549,11.5));
#7061=CARTESIAN_POINT('Ctrl Pts',(-46.9397069681187,35.0674929559462,11.5));
#7062=CARTESIAN_POINT('Ctrl Pts',(-46.926301909917,35.1098286672756,11.5));
#7063=CARTESIAN_POINT('Ctrl Pts',(-46.9118778977775,35.1519744732295,11.5));
#7064=CARTESIAN_POINT('Ctrl Pts',(-46.8964150533693,35.1939236186639,11.5));
#7065=CARTESIAN_POINT('Ctrl Pts',(-46.8920738843823,35.2057007745599,11.5));
#7066=CARTESIAN_POINT('Ctrl Pts',(-46.887856292179,35.2169131100418,11.4999999999992));
#7067=CARTESIAN_POINT('Ctrl Pts',(-46.88342545422,35.2284705233797,11.4999999999894));
#7068=CARTESIAN_POINT('Ctrl Pts',(-46.8798238185571,35.2378650425279,11.4999999999814));
#7069=CARTESIAN_POINT('Ctrl Pts',(-46.876080570999,35.247487348717,11.4999999999691));
#7070=CARTESIAN_POINT('Ctrl Pts',(-46.8719912884836,35.2578169849657,11.4999999999707));
#7071=CARTESIAN_POINT('Ctrl Pts',(-46.8442782758517,35.3278207909543,11.4999999999819));
#7072=CARTESIAN_POINT('Ctrl Pts',(-46.8140222999244,35.3962136626857,11.499999999972));
#7073=CARTESIAN_POINT('Ctrl Pts',(-46.7813282135601,35.4630246679623,11.4999999998654));
#7074=CARTESIAN_POINT('Ctrl Pts',(-46.748258412249,35.5306034540852,11.4999999997577));
#7075=CARTESIAN_POINT('Ctrl Pts',(-46.7126938910784,35.5965645679578,11.4999999995235));
#7076=CARTESIAN_POINT('Ctrl Pts',(-46.6746910852784,35.6609276551937,11.4999999991113));
#7077=CARTESIAN_POINT('Ctrl Pts',(-46.6364806462869,35.7256423983912,11.4999999986968));
#7078=CARTESIAN_POINT('Ctrl Pts',(-46.5958048376245,35.7887423359324,11.4999999980984));
#7079=CARTESIAN_POINT('Ctrl Pts',(-46.5526734375253,35.8502256891939,11.499999997532));
#7080=CARTESIAN_POINT('Ctrl Pts',(-46.5097125482664,35.9114659810613,11.4999999969678));
#7081=CARTESIAN_POINT('Ctrl Pts',(-46.4643149541924,35.9711030929092,11.4999999964566));
#7082=CARTESIAN_POINT('Ctrl Pts',(-46.4164497767278,36.0291034857193,11.4999999963457));
#7083=CARTESIAN_POINT('Ctrl Pts',(-46.3692204090512,36.0863334391534,11.4999999962363));
#7084=CARTESIAN_POINT('Ctrl Pts',(-46.3195880041191,36.1419703896369,11.4999999965595));
#7085=CARTESIAN_POINT('Ctrl Pts',(-46.2674913213634,36.1959425388964,11.4999999973003));
#7086=CARTESIAN_POINT('Ctrl Pts',(-46.2557970820364,36.2080577676796,11.4999999974666));
#7087=CARTESIAN_POINT('Ctrl Pts',(-46.243978566096,36.2200889337372,11.499999997651));
#7088=CARTESIAN_POINT('Ctrl Pts',(-46.232034905179,36.232034905179,11.4999999978467));
#7089=CARTESIAN_POINT('Ctrl Pts',(-46.1799727412705,36.2841071406157,11.4999999987));
#7090=CARTESIAN_POINT('Ctrl Pts',(-46.126308906157,36.333782645985,11.4999999991447));
#7091=CARTESIAN_POINT('Ctrl Pts',(-46.0711146055437,36.3811377573464,11.4999999994276));
#7092=CARTESIAN_POINT('Ctrl Pts',(-46.0150789481227,36.429214728481,11.4999999997148));
#7093=CARTESIAN_POINT('Ctrl Pts',(-45.9574653117705,36.4749006236745,11.4999999998311));
#7094=CARTESIAN_POINT('Ctrl Pts',(-45.8983045154869,36.5182440098514,11.4999999998988));
#7095=CARTESIAN_POINT('Ctrl Pts',(-45.8390617836513,36.5616474250424,11.4999999999667));
#7096=CARTESIAN_POINT('Ctrl Pts',(-45.7782669691995,36.6027023174905,11.4999999999825));
#7097=CARTESIAN_POINT('Ctrl Pts',(-45.7159162353267,36.6414182591764,11.4999999999913));
#7098=CARTESIAN_POINT('Ctrl Pts',(-45.6540648841618,36.6798241151488,11.5));
#7099=CARTESIAN_POINT('Ctrl Pts',(-45.5906817491129,36.7159286863384,11.4999999999996));
#7100=CARTESIAN_POINT('Ctrl Pts',(-45.5257388092259,36.7496967015538,11.4999999999999));
#7101=CARTESIAN_POINT('Ctrl Pts',(-45.4609012511165,36.7834099219991,11.5000000000001));
#7102=CARTESIAN_POINT('Ctrl Pts',(-45.394508251925,36.8147945119303,11.5));
#7103=CARTESIAN_POINT('Ctrl Pts',(-45.3265178942309,36.8437654460545,11.5));
#7104=CARTESIAN_POINT('Ctrl Pts',(-45.3142273941555,36.8490024720111,11.5));
#7105=CARTESIAN_POINT('Ctrl Pts',(-45.3013434466122,36.8543849393769,11.4999999999995));
#7106=CARTESIAN_POINT('Ctrl Pts',(-45.2887422696043,36.8595423599699,11.4999999999915));
#7107=CARTESIAN_POINT('Ctrl Pts',(-45.2780474875678,36.863919529585,11.4999999999847));
#7108=CARTESIAN_POINT('Ctrl Pts',(-45.2675568657294,36.8681355954252,11.4999999999738));
#7109=CARTESIAN_POINT('Ctrl Pts',(-45.2578171068047,36.8719915962428,11.4999999999752));
#7110=CARTESIAN_POINT('Ctrl Pts',(-45.1873114111164,36.8999050202115,11.4999999999855));
#7111=CARTESIAN_POINT('Ctrl Pts',(-45.1161824155686,36.9248383905887,11.4999999999766));
#7112=CARTESIAN_POINT('Ctrl Pts',(-45.0444811663844,36.9468777617755,11.4999999998614));
#7113=CARTESIAN_POINT('Ctrl Pts',(-44.9717798810872,36.969224521848,11.4999999997445));
#7114=CARTESIAN_POINT('Ctrl Pts',(-44.8984895323183,36.9885963585871,11.4999999994852));
#7115=CARTESIAN_POINT('Ctrl Pts',(-44.8246364145608,37.0050367755266,11.4999999990622));
#7116=CARTESIAN_POINT('Ctrl Pts',(-44.7507547455616,37.0214835482482,11.499999998639));
#7117=CARTESIAN_POINT('Ctrl Pts',(-44.6763090600552,37.034996827028,11.4999999980534));
#7118=CARTESIAN_POINT('Ctrl Pts',(-44.6013106923081,37.0455701942345,11.4999999975957));
#7119=CARTESIAN_POINT('Ctrl Pts',(-44.5270236634357,37.0560432759633,11.4999999971424));
#7120=CARTESIAN_POINT('Ctrl Pts',(-44.452193580692,37.0636319866924,11.4999999968497));
#7121=CARTESIAN_POINT('Ctrl Pts',(-44.3768288205905,37.0682795004341,11.4999999970312));
#7122=CARTESIAN_POINT('Ctrl Pts',(-44.3182070338032,37.0718945263335,11.4999999971723));
#7123=CARTESIAN_POINT('Ctrl Pts',(-44.259261571905,37.0737290174695,11.4999999976149));
#7124=CARTESIAN_POINT('Ctrl Pts',(-44.2,37.0737346627251,11.4999999982284));
#7125=CARTESIAN_POINT('Ctrl Pts',(-44.1262697749573,37.0737416862641,11.4999999989917));
#7126=CARTESIAN_POINT('Ctrl Pts',(-44.0530575358989,37.0709139395505,11.4999999993599));
#7127=CARTESIAN_POINT('Ctrl Pts',(-43.9803596696698,37.0653456903165,11.4999999995868));
#7128=CARTESIAN_POINT('Ctrl Pts',(-43.9067027547174,37.0597039833238,11.4999999998167));
#7129=CARTESIAN_POINT('Ctrl Pts',(-43.8335730915167,37.051249043756,11.4999999998965));
#7130=CARTESIAN_POINT('Ctrl Pts',(-43.760959839708,37.0400260568829,11.4999999999416));
#7131=CARTESIAN_POINT('Ctrl Pts',(-43.6883020812238,37.02879619113,11.4999999999866));
#7132=CARTESIAN_POINT('Ctrl Pts',(-43.61616058025,37.0147947681498,11.4999999999929));
#7133=CARTESIAN_POINT('Ctrl Pts',(-43.5445292800936,36.998015107854,11.4999999999969));
#7134=CARTESIAN_POINT('Ctrl Pts',(-43.4734837246801,36.9813726584952,11.5000000000008));
#7135=CARTESIAN_POINT('Ctrl Pts',(-43.402939325548,36.9619969815073,11.5));
#7136=CARTESIAN_POINT('Ctrl Pts',(-43.332906207047,36.9398332485475,11.5));
#7137=CARTESIAN_POINT('Ctrl Pts',(-43.2904490962127,36.9263966333157,11.5));
#7138=CARTESIAN_POINT('Ctrl Pts',(-43.2481802552677,36.9119343967695,11.5));
#7139=CARTESIAN_POINT('Ctrl Pts',(-43.2061065771057,36.8964261836182,11.5));
#7140=CARTESIAN_POINT('Ctrl Pts',(-43.1943076832872,36.8920771519129,11.5));
#7141=CARTESIAN_POINT('Ctrl Pts',(-43.1830717399189,36.8878506744115,11.4999999999992));
#7142=CARTESIAN_POINT('Ctrl Pts',(-43.1714904590019,36.8834104944293,11.4999999999893));
#7143=CARTESIAN_POINT('Ctrl Pts',(-43.162105918034,36.8798125287771,11.4999999999813));
#7144=CARTESIAN_POINT('Ctrl Pts',(-43.1524948439993,36.876073521476,11.4999999999691));
#7145=CARTESIAN_POINT('Ctrl Pts',(-43.1421830150341,36.8719912884841,11.4999999999708));
#7146=CARTESIAN_POINT('Ctrl Pts',(-43.0721792090983,36.844278275873,11.4999999999819));
#7147=CARTESIAN_POINT('Ctrl Pts',(-43.003786337419,36.814022299971,11.499999999972));
#7148=CARTESIAN_POINT('Ctrl Pts',(-42.9369753321931,36.7813282136366,11.4999999998655));
#7149=CARTESIAN_POINT('Ctrl Pts',(-42.869396546121,36.7482584123555,11.4999999997577));
#7150=CARTESIAN_POINT('Ctrl Pts',(-42.8034354322979,36.7126938912193,11.4999999995235));
#7151=CARTESIAN_POINT('Ctrl Pts',(-42.7390723451096,36.6746910854582,11.4999999991113));
#7152=CARTESIAN_POINT('Ctrl Pts',(-42.674357601958,36.6364806465046,11.4999999986968));
#7153=CARTESIAN_POINT('Ctrl Pts',(-42.6112576644607,36.5958048378843,11.4999999980984));
#7154=CARTESIAN_POINT('Ctrl Pts',(-42.5497743112408,36.5526734378313,11.499999997532));
#7155=CARTESIAN_POINT('Ctrl Pts',(-42.4885340194131,36.5097125486173,11.4999999969678));
#7156=CARTESIAN_POINT('Ctrl Pts',(-42.4288969076027,36.4643149545922,11.4999999964566));
#7157=CARTESIAN_POINT('Ctrl Pts',(-42.3708965148273,36.4164497771802,11.4999999963457));
#7158=CARTESIAN_POINT('Ctrl Pts',(-42.3136665614257,36.3692204095543,11.4999999962363));
#7159=CARTESIAN_POINT('Ctrl Pts',(-42.2580296109721,36.3195880046763,11.4999999965595));
#7160=CARTESIAN_POINT('Ctrl Pts',(-42.2040574617392,36.2674913219782,11.4999999973004));
#7161=CARTESIAN_POINT('Ctrl Pts',(-42.191942232741,36.2557970824509,11.4999999974666));
#7162=CARTESIAN_POINT('Ctrl Pts',(-42.1799110664713,36.2439785663057,11.499999997651));
#7163=CARTESIAN_POINT('Ctrl Pts',(-42.1679650948204,36.2320349051795,11.4999999978467));
#7164=CARTESIAN_POINT('Ctrl Pts',(-42.1158928593827,36.1799727412699,11.4999999987));
#7165=CARTESIAN_POINT('Ctrl Pts',(-42.0662173540125,36.1263089061551,11.4999999991447));
#7166=CARTESIAN_POINT('Ctrl Pts',(-42.0188622426501,36.0711146055403,11.4999999994276));
#7167=CARTESIAN_POINT('Ctrl Pts',(-41.9707852715147,36.015078948118,11.4999999997148));
#7168=CARTESIAN_POINT('Ctrl Pts',(-41.9250993763205,35.9574653117644,11.4999999998311));
#7169=CARTESIAN_POINT('Ctrl Pts',(-41.8817559901428,35.8983045154792,11.4999999998988));
#7170=CARTESIAN_POINT('Ctrl Pts',(-41.8383525749511,35.8390617836423,11.4999999999667));
#7171=CARTESIAN_POINT('Ctrl Pts',(-41.7972976825024,35.7782669691889,11.4999999999825));
#7172=CARTESIAN_POINT('Ctrl Pts',(-41.758581740816,35.7159162353145,11.4999999999913));
#7173=CARTESIAN_POINT('Ctrl Pts',(-41.7201758848432,35.6540648841483,11.5));
#7174=CARTESIAN_POINT('Ctrl Pts',(-41.6840713136533,35.5906817490979,11.4999999999996));
#7175=CARTESIAN_POINT('Ctrl Pts',(-41.6503032984376,35.5257388092094,11.4999999999999));
#7176=CARTESIAN_POINT('Ctrl Pts',(-41.6165900779956,35.4609012511053,11.5000000000001));
#7177=CARTESIAN_POINT('Ctrl Pts',(-41.5852054880673,35.3945082519193,11.5));
#7178=CARTESIAN_POINT('Ctrl Pts',(-41.5562345539456,35.3265178942311,11.5));
#7179=CARTESIAN_POINT('Ctrl Pts',(-41.5509901604625,35.3142101036961,11.5));
#7180=CARTESIAN_POINT('Ctrl Pts',(-41.545601222216,35.3013102924713,11.4999999999995));
#7181=CARTESIAN_POINT('Ctrl Pts',(-41.5404376268548,35.2886933659748,11.4999999999914));
#7182=CARTESIAN_POINT('Ctrl Pts',(-41.5360686272315,35.2780179851104,11.4999999999846));
#7183=CARTESIAN_POINT('Ctrl Pts',(-41.5318599476541,35.2675456028609,11.4999999999737));
#7184=CARTESIAN_POINT('Ctrl Pts',(-41.5280084055588,35.2578171060915,11.4999999999752));
#7185=CARTESIAN_POINT('Ctrl Pts',(-41.5008448049955,35.1892053672645,11.4999999999852));
#7186=CARTESIAN_POINT('Ctrl Pts',(-41.476513751248,35.1200379099598,11.4999999999903));
#7187=CARTESIAN_POINT('Ctrl Pts',(-41.4549248871747,35.050346782177,11.4999999999936));
#7188=CARTESIAN_POINT('Ctrl Pts',(-41.4330480225024,34.9797259581178,11.4999999999969));
#7189=CARTESIAN_POINT('Ctrl Pts',(-41.4139866600937,34.9085666901645,11.4999999999982));
#7190=CARTESIAN_POINT('Ctrl Pts',(-41.3976933544411,34.8368760719401,11.4999999999989));
#7191=CARTESIAN_POINT('Ctrl Pts',(-41.3813949881201,34.7651631867523,11.4999999999997));
#7192=CARTESIAN_POINT('Ctrl Pts',(-41.3678662198888,34.6929178452684,11.4999999999998));
#7193=CARTESIAN_POINT('Ctrl Pts',(-41.3571095990769,34.6201323211695,11.4999999999999));
#7194=CARTESIAN_POINT('Ctrl Pts',(-41.3464550151898,34.5480372379788,11.5));
#7195=CARTESIAN_POINT('Ctrl Pts',(-41.338520201655,34.4754114032007,11.5));
#7196=CARTESIAN_POINT('Ctrl Pts',(-41.3333581651641,34.4022442795423,11.5));
#7197=CARTESIAN_POINT('Ctrl Pts',(-41.3286340317591,34.3352840297191,11.5));
#7198=CARTESIAN_POINT('Ctrl Pts',(-41.3262327338885,34.2678699499643,11.5));
#7199=CARTESIAN_POINT('Ctrl Pts',(-41.3262327338885,34.2,11.5));
#7200=CARTESIAN_POINT('Origin',(-8.41421356237314,8.41421356237305,2.5));
#7201=CARTESIAN_POINT('',(-2.57979664705129,14.1153391171701,11.5));
#7202=CARTESIAN_POINT('',(-2.61029813432979,14.2179273936639,2.51361206582177));
#7203=CARTESIAN_POINT('',(-7.78691063410083,8.90822513012055,11.5));
#7204=CARTESIAN_POINT('',(-7.81740144961631,9.0107775133538,2.51675619466963));
#7205=CARTESIAN_POINT('',(-2.57980092914432,14.1153348350771,11.5));
#7206=CARTESIAN_POINT('Origin',(-2.87680082507122,14.4845031368041,2.50845179169946));
#7207=CARTESIAN_POINT('',(-2.40574877509933,14.5355278501388,11.5));
#7208=CARTESIAN_POINT('Origin',(-3.00009682374712,14.535574011642,11.5));
#7209=CARTESIAN_POINT('',(-2.49985744956921,14.4845547926507,2.51361206582177));
#7210=CARTESIAN_POINT('Origin',(-2.5,0.,2.5));
#7211=CARTESIAN_POINT('',(-2.40574877509933,24.5942512249007,11.5));
#7212=CARTESIAN_POINT('',(-2.40574877509933,0.,11.5));
#7213=CARTESIAN_POINT('',(-2.40574877509933,24.5942512249007,11.5));
#7214=CARTESIAN_POINT('Origin',(0.,24.5,2.5));
#7215=CARTESIAN_POINT('',(-3.76963345453385,24.5942512249007,11.5000000000061));
#7216=CARTESIAN_POINT('',(0.,24.5942512249007,11.5));
#7217=CARTESIAN_POINT('Ctrl Pts',(-3.76963345384165,24.5942512249104,11.5000000022697));
#7218=CARTESIAN_POINT('Ctrl Pts',(-3.7517162593823,24.5739427668201,9.56075599769149));
#7219=CARTESIAN_POINT('Ctrl Pts',(-3.73379906492297,24.5534090274265,7.59999999969935));
#7220=CARTESIAN_POINT('Origin',(-7.,25.,2.50000000011141));
#7221=CARTESIAN_POINT('',(-3.76963345453385,25.4057487750993,11.5000000000061));
#7222=CARTESIAN_POINT('Origin',(-7.,25.,11.5000000000123));
#7223=CARTESIAN_POINT('Ctrl Pts',(-3.73379906494971,25.4465909725428,7.60000000262479));
#7224=CARTESIAN_POINT('Ctrl Pts',(-3.75171625939493,25.4260572331655,9.56075599905249));
#7225=CARTESIAN_POINT('Ctrl Pts',(-3.76963345384015,25.4057487750912,11.5000000021028));
#7226=CARTESIAN_POINT('Origin',(0.,25.5,2.5));
#7227=CARTESIAN_POINT('',(-2.40574877509933,25.4057487750993,11.5));
#7228=CARTESIAN_POINT('',(0.,25.4057487750993,11.5));
#7229=CARTESIAN_POINT('',(-2.5,25.5,2.5));
#7230=CARTESIAN_POINT('Origin',(-2.5,0.,2.5));
#7231=CARTESIAN_POINT('',(-2.40574877509933,36.8148042945246,11.5));
#7232=CARTESIAN_POINT('',(-2.40574877509933,0.,11.5));
#7233=CARTESIAN_POINT('',(-2.40574877509933,36.8148042945246,11.5));
#7234=CARTESIAN_POINT('Origin',(15.6058122240848,10.9273073591895,2.5));
#7235=CARTESIAN_POINT('',(-3.79995031663537,38.8059304470661,11.5));
#7236=CARTESIAN_POINT('',(-3.79995031663537,38.8059304470661,11.5));
#7237=CARTESIAN_POINT('',(-3.79995031663537,38.8059304470661,11.5));
#7238=CARTESIAN_POINT('Origin',(-19.4289083425741,27.7473567226222,2.5));
#7239=CARTESIAN_POINT('',(-6.33461253305648,37.0311408563127,11.5));
#7240=CARTESIAN_POINT('',(-6.33461253305648,37.0311408563127,11.5));
#7241=CARTESIAN_POINT('',(-6.33461253305649,37.0311408563127,11.5));
#7242=CARTESIAN_POINT('Origin',(13.1483560912178,9.20657805013636,11.5));
#7243=CARTESIAN_POINT('',(-6.97214133691234,37.9416263467801,11.5));
#7244=CARTESIAN_POINT('',(-6.33461253305648,37.0311408563127,11.5));
#7245=CARTESIAN_POINT('',(-8.56132914337935,36.8534867456554,9.57408232490787));
#7246=CARTESIAN_POINT('Origin',(-20.1745577098304,28.8122543801979,2.5));
#7247=CARTESIAN_POINT('',(-4.43747912049124,39.7164159375335,11.5));
#7248=CARTESIAN_POINT('',(-4.43747912049124,39.7164159375335,11.5));
#7249=CARTESIAN_POINT('',(-4.43747912049123,39.7164159375335,11.5));
#7250=CARTESIAN_POINT('Origin',(15.6058122240848,10.9273073591895,2.5));
#7251=CARTESIAN_POINT('',(-5.75235354422193,41.5942512249007,11.5));
#7252=CARTESIAN_POINT('',(-5.75235354422193,41.5942512249007,11.5));
#7253=CARTESIAN_POINT('',(-5.75235354422193,41.5942512249007,11.5));
#7254=CARTESIAN_POINT('Origin',(0.,41.5,2.5));
#7255=CARTESIAN_POINT('',(-7.24147032486408,41.5942512249007,11.5));
#7256=CARTESIAN_POINT('',(0.,41.5942512249007,11.5));
#7257=CARTESIAN_POINT('',(-7.21175302780254,41.5,2.5));
#7258=CARTESIAN_POINT('Origin',(-21.8712159931098,31.2353335255858,2.5));
#7259=CARTESIAN_POINT('',(-15.7055640201299,35.6676290153622,11.5));
#7260=CARTESIAN_POINT('',(-15.6192994559852,35.6124743593133,2.4610263871019));
#7261=CARTESIAN_POINT('',(-15.7055625262194,35.6676300614096,11.5));
#7262=CARTESIAN_POINT('Origin',(-15.9772519297599,36.1235699864365,2.46956887405125));
#7263=CARTESIAN_POINT('',(-15.9382886389666,35.5942512249007,11.5));
#7264=CARTESIAN_POINT('Origin',(-15.9383126320145,36.0000703120996,11.5));
#7265=CARTESIAN_POINT('',(-15.9773170219707,35.4995918543606,2.4610263871019));
#7266=CARTESIAN_POINT('Origin',(-7.83716255109716E-15,35.5,2.5));
#7267=CARTESIAN_POINT('',(-40.6898286436502,35.5942512249007,11.4999999999997));
#7268=CARTESIAN_POINT('',(0.,35.5942512249007,11.5));
#7269=CARTESIAN_POINT('Ctrl Pts',(-40.7612691263151,35.553409027447,7.60000000031475));
#7270=CARTESIAN_POINT('Ctrl Pts',(-40.7612258651196,35.5534335055678,7.60233740322232));
#7271=CARTESIAN_POINT('Ctrl Pts',(-40.7611826047407,35.5534579836888,7.60467480614693));
#7272=CARTESIAN_POINT('Ctrl Pts',(-40.7371227158164,35.5670720876096,8.904678444568));
#7273=CARTESIAN_POINT('Ctrl Pts',(-40.7133572410828,35.5806614975914,10.2023240715176));
#7274=CARTESIAN_POINT('Ctrl Pts',(-40.68982864365,35.5942512249008,11.500000000012));
#7275=CARTESIAN_POINT('Ctrl Pts',(-41.0479999845411,35.1657148161212,7.59714448586168));
#7276=CARTESIAN_POINT('Ctrl Pts',(-41.0480165723706,35.1656513699451,7.60043372641379));
#7277=CARTESIAN_POINT('Ctrl Pts',(-41.0480331627772,35.1655879274442,7.60372296887289));
#7278=CARTESIAN_POINT('Ctrl Pts',(-41.0545960422591,35.1404966796964,8.90467844456813));
#7279=CARTESIAN_POINT('Ctrl Pts',(-41.0615474764808,35.1160406615881,10.2023240715177));
#7280=CARTESIAN_POINT('Ctrl Pts',(-41.0688659951809,35.0921322381937,11.500000000012));
#7281=CARTESIAN_POINT('Ctrl Pts',(-41.0614577312255,35.2096092289674,7.59799413945816));
#7282=CARTESIAN_POINT('Ctrl Pts',(-41.0614770583225,35.2095573700167,7.60128358436151));
#7283=CARTESIAN_POINT('Ctrl Pts',(-41.0614963879663,35.2095055139797,7.60457303252653));
#7284=CARTESIAN_POINT('Ctrl Pts',(-41.0691422822957,35.1889970976131,8.90560952366319));
#7285=CARTESIAN_POINT('Ctrl Pts',(-41.0770785492977,35.1691024825422,10.203333689798));
#7286=CARTESIAN_POINT('Ctrl Pts',(-41.0852923392377,35.149742592912,11.5010860640611));
#7287=CARTESIAN_POINT('Ctrl Pts',(-41.0714114040487,35.316378601219,7.59963931008064));
#7288=CARTESIAN_POINT('Ctrl Pts',(-41.0714315414094,35.3163542401088,7.60292914244063));
#7289=CARTESIAN_POINT('Ctrl Pts',(-41.0714516804648,35.3163298799908,7.60621897953308));
#7290=CARTESIAN_POINT('Ctrl Pts',(-41.0794170466715,35.3066967102532,8.9074089208967));
#7291=CARTESIAN_POINT('Ctrl Pts',(-41.0874664727711,35.2975488693961,10.2052808861693));
#7292=CARTESIAN_POINT('Ctrl Pts',(-41.0956047441206,35.2888340991624,11.5031762447131));
#7293=CARTESIAN_POINT('Ctrl Pts',(-40.9933528207138,35.4644777521124,7.60022145629875));
#7294=CARTESIAN_POINT('Ctrl Pts',(-40.9933516673988,35.4644901228697,7.60351142243661));
#7295=CARTESIAN_POINT('Ctrl Pts',(-40.9933505165608,35.4645024943775,7.60680139464967));
#7296=CARTESIAN_POINT('Ctrl Pts',(-40.9928948426123,35.4693961831998,8.90804443328242));
#7297=CARTESIAN_POINT('Ctrl Pts',(-40.9924833937953,35.4744484748377,10.2059671880417));
#7298=CARTESIAN_POINT('Ctrl Pts',(-40.9921099488252,35.4796617546625,11.5039113992825));
#7299=CARTESIAN_POINT('Ctrl Pts',(-40.87104936389,35.541461119566,7.59901178252257));
#7300=CARTESIAN_POINT('Ctrl Pts',(-40.8710167655724,35.541492544043,7.6023014683529));
#7301=CARTESIAN_POINT('Ctrl Pts',(-40.8709841692227,35.5415239693294,7.60559115812478));
#7302=CARTESIAN_POINT('Ctrl Pts',(-40.8580918310338,35.5539530989385,8.90672303493863));
#7303=CARTESIAN_POINT('Ctrl Pts',(-40.845388535286,35.5663670329946,10.2045392098036));
#7304=CARTESIAN_POINT('Ctrl Pts',(-40.8328311698316,35.5787971933826,11.5023807066267));
#7305=CARTESIAN_POINT('Ctrl Pts',(-40.7957553123982,35.5533857968842,7.59778172605903));
#7306=CARTESIAN_POINT('Ctrl Pts',(-40.7957033441783,35.5534202445949,7.60107111987458));
#7307=CARTESIAN_POINT('Ctrl Pts',(-40.7956513774545,35.5534546923362,7.60436051661312));
#7308=CARTESIAN_POINT('Ctrl Pts',(-40.7750981167989,35.567079400555,8.9053767538893));
#7309=CARTESIAN_POINT('Ctrl Pts',(-40.7548222779496,35.5806694274047,10.2030812852279));
#7310=CARTESIAN_POINT('Ctrl Pts',(-40.7347584490304,35.5942597551397,11.5008145480488));
#7311=CARTESIAN_POINT('Ctrl Pts',(-40.7613219772491,35.5533791234765,7.59714448586167));
#7312=CARTESIAN_POINT('Ctrl Pts',(-40.7612610982735,35.5534135695821,7.60043372641379));
#7313=CARTESIAN_POINT('Ctrl Pts',(-40.7612002209214,35.5534480157078,7.60372296887288));
#7314=CARTESIAN_POINT('Ctrl Pts',(-40.7371227158164,35.5670720876096,8.904678444568));
#7315=CARTESIAN_POINT('Ctrl Pts',(-40.7133572410828,35.5806614975914,10.2023240715176));
#7316=CARTESIAN_POINT('Ctrl Pts',(-40.68982864365,35.5942512249008,11.500000000012));
#7317=CARTESIAN_POINT('',(-41.0688659951809,35.0921322381937,11.500000000012));
#7318=CARTESIAN_POINT('Ctrl Pts',(-40.6898286436502,35.5942512249007,11.5));
#7319=CARTESIAN_POINT('Ctrl Pts',(-40.7038678138678,35.5942512249007,11.5));
#7320=CARTESIAN_POINT('Ctrl Pts',(-40.7179053344746,35.5934967456834,11.500000580687));
#7321=CARTESIAN_POINT('Ctrl Pts',(-40.7318314222295,35.592012840842,11.5000009966044));
#7322=CARTESIAN_POINT('Ctrl Pts',(-40.7465956139679,35.5904396311951,11.5000014375528));
#7323=CARTESIAN_POINT('Ctrl Pts',(-40.7612355411526,35.5880473782674,11.5000017223843));
#7324=CARTESIAN_POINT('Ctrl Pts',(-40.7756790345098,35.5848494587777,11.5000018004467));
#7325=CARTESIAN_POINT('Ctrl Pts',(-40.7909971205524,35.5814578965919,11.5000018832361));
#7326=CARTESIAN_POINT('Ctrl Pts',(-40.8060954571098,35.5771611775609,11.50000176925));
#7327=CARTESIAN_POINT('Ctrl Pts',(-40.8209345570033,35.5719424211697,11.500001793464));
#7328=CARTESIAN_POINT('Ctrl Pts',(-40.8247152585454,35.5706127879388,11.5000017996333));
#7329=CARTESIAN_POINT('Ctrl Pts',(-40.8284793036768,35.5692231000146,11.5000018151048));
#7330=CARTESIAN_POINT('Ctrl Pts',(-40.8322263406022,35.56777263882,11.5000018448669));
#7331=CARTESIAN_POINT('Ctrl Pts',(-40.8352120916316,35.5666168679827,11.5000018685822));
#7332=CARTESIAN_POINT('Ctrl Pts',(-40.8381870438924,35.5654225092588,11.5000019013695));
#7333=CARTESIAN_POINT('Ctrl Pts',(-40.8411503575935,35.5641901962214,11.5000019474));
#7334=CARTESIAN_POINT('Ctrl Pts',(-40.8555467633182,35.5582033584258,11.500002171026));
#7335=CARTESIAN_POINT('Ctrl Pts',(-40.8695754691449,35.5513623294252,11.5000026437519));
#7336=CARTESIAN_POINT('Ctrl Pts',(-40.883135587509,35.5437556195599,11.5000033518982));
#7337=CARTESIAN_POINT('Ctrl Pts',(-40.8973775469222,35.5357664228389,11.500004095652));
#7338=CARTESIAN_POINT('Ctrl Pts',(-40.9111041688918,35.5269325047811,11.5000051259335));
#7339=CARTESIAN_POINT('Ctrl Pts',(-40.9242192082216,35.5173016921055,11.5000060522999));
#7340=CARTESIAN_POINT('Ctrl Pts',(-40.9375562283605,35.5075078714864,11.5000069943457));
#7341=CARTESIAN_POINT('Ctrl Pts',(-40.9502625638252,35.4968896220365,11.5000078566076));
#7342=CARTESIAN_POINT('Ctrl Pts',(-40.962231895004,35.4854458376828,11.5000074326164));
#7343=CARTESIAN_POINT('Ctrl Pts',(-40.9641082198932,35.4836518980642,11.5000073661511));
#7344=CARTESIAN_POINT('Ctrl Pts',(-40.9659663921618,35.4818375761796,11.5000072660185));
#7345=CARTESIAN_POINT('Ctrl Pts',(-40.9678059467096,35.4800027632847,11.5000071251347));
#7346=CARTESIAN_POINT('Ctrl Pts',(-40.9685116686274,35.4792988604424,11.5000070710865));
#7347=CARTESIAN_POINT('Ctrl Pts',(-40.9692146502218,35.4785919414989,11.5000070110328));
#7348=CARTESIAN_POINT('Ctrl Pts',(-40.9699148932307,35.4778820319572,11.5000069455144));
#7349=CARTESIAN_POINT('Ctrl Pts',(-40.9815032168238,35.4661337368842,11.5000058612499));
#7350=CARTESIAN_POINT('Ctrl Pts',(-40.9922690205983,35.4536465200737,11.5000033761837));
#7351=CARTESIAN_POINT('Ctrl Pts',(-41.0022263290762,35.440548165899,11.5000013588669));
#7352=CARTESIAN_POINT('Ctrl Pts',(-41.0126911170444,35.4267822471796,11.4999992387365));
#7353=CARTESIAN_POINT('Ctrl Pts',(-41.0222639013906,35.4123398841271,11.4999976339125));
#7354=CARTESIAN_POINT('Ctrl Pts',(-41.0309166088134,35.397330111096,11.499997371767));
#7355=CARTESIAN_POINT('Ctrl Pts',(-41.0395693162362,35.3823203380648,11.4999971096216));
#7356=CARTESIAN_POINT('Ctrl Pts',(-41.0473027622175,35.3667413038723,11.4999981796057));
#7357=CARTESIAN_POINT('Ctrl Pts',(-41.054032323512,35.3506891577384,11.5000002077797));
#7358=CARTESIAN_POINT('Ctrl Pts',(-41.060037405349,35.3363651257585,11.500002017608));
#7359=CARTESIAN_POINT('Ctrl Pts',(-41.0652087699532,35.3217454731675,11.500004587367));
#7360=CARTESIAN_POINT('Ctrl Pts',(-41.0694734266917,35.3068997142102,11.5000067776823));
#7361=CARTESIAN_POINT('Ctrl Pts',(-41.0711987447607,35.3008936842414,11.5000076638006));
#7362=CARTESIAN_POINT('Ctrl Pts',(-41.0727751055009,35.2948507292172,11.5000084788562));
#7363=CARTESIAN_POINT('Ctrl Pts',(-41.0741952589726,35.2887760915983,11.50000911235));
#7364=CARTESIAN_POINT('Ctrl Pts',(-41.077955827926,35.2726904402326,11.5000107898427));
#7365=CARTESIAN_POINT('Ctrl Pts',(-41.0806233084801,35.2563802450034,11.5000112018604));
#7366=CARTESIAN_POINT('Ctrl Pts',(-41.0822360216938,35.2399029922238,11.5000108862205));
#7367=CARTESIAN_POINT('Ctrl Pts',(-41.0830039798765,35.2320566863875,11.5000107359159));
#7368=CARTESIAN_POINT('Ctrl Pts',(-41.0835322218112,35.2241729836434,11.5000104174477));
#7369=CARTESIAN_POINT('Ctrl Pts',(-41.0838224404829,35.2162615563423,11.5000099919894));
#7370=CARTESIAN_POINT('Ctrl Pts',(-41.0843671328186,35.2014131188161,11.5000091934748));
#7371=CARTESIAN_POINT('Ctrl Pts',(-41.0840723848358,35.1865371552225,11.5000080446873));
#7372=CARTESIAN_POINT('Ctrl Pts',(-41.0829585982421,35.1716955582652,11.5000066449227));
#7373=CARTESIAN_POINT('Ctrl Pts',(-41.0819502544326,35.1582590233852,11.5000053776747));
#7374=CARTESIAN_POINT('Ctrl Pts',(-41.0802697462586,35.1448502156506,11.5000038830542));
#7375=CARTESIAN_POINT('Ctrl Pts',(-41.0779204535606,35.1315533705802,11.500002545821));
#7376=CARTESIAN_POINT('Ctrl Pts',(-41.0755711608626,35.1182565255098,11.5000012085878));
#7377=CARTESIAN_POINT('Ctrl Pts',(-41.0725523923036,35.10507045844,11.5));
#7378=CARTESIAN_POINT('Ctrl Pts',(-41.0688659951808,35.0921322381939,11.5));
#7379=CARTESIAN_POINT('Ctrl Pts',(-41.0688659951809,35.0921322381937,11.500000000012));
#7380=CARTESIAN_POINT('Ctrl Pts',(-41.0615474764808,35.1160406615881,10.2023240715177));
#7381=CARTESIAN_POINT('Ctrl Pts',(-41.0545960422591,35.1404966796964,8.90467844456813));
#7382=CARTESIAN_POINT('Ctrl Pts',(-41.0480379644737,35.1655695695639,7.60467480614694));
#7383=CARTESIAN_POINT('Ctrl Pts',(-41.048026174435,35.1656146523635,7.60233740322233));
#7384=CARTESIAN_POINT('Ctrl Pts',(-41.0480143857133,35.1656597370194,7.60000000031474));
#7385=CARTESIAN_POINT('Origin',(-44.2,34.2,2.50000000011141));
#7386=CARTESIAN_POINT('',(-45.0919859657806,31.0688243224933,11.5000000000123));
#7387=CARTESIAN_POINT('Origin',(-44.2,34.2,11.5000000000123));
#7388=CARTESIAN_POINT('',(-45.1178082191779,30.978179385377,2.49999999999773));
#7389=CARTESIAN_POINT('',(-45.0919859657806,31.0688243224933,11.5000000000123));
#7390=CARTESIAN_POINT('Origin',(-44.2,34.2,2.49999999999773));
#7391=CARTESIAN_POINT('Origin',(-45.2,30.6896581363064,11.5000000000123));
#7392=CARTESIAN_POINT('',(-45.5942512249007,30.6896581363064,11.5000000000061));
#7393=CARTESIAN_POINT('Origin',(-45.2,30.6896581363064,11.5000000000123));
#7394=CARTESIAN_POINT('',(-45.5,30.6896581363064,2.49999999999886));
#7395=CARTESIAN_POINT('',(-45.5,30.6896581363064,2.5));
#7396=CARTESIAN_POINT('Origin',(-45.2,30.6896581363064,2.49999999999773));
#7397=CARTESIAN_POINT('Origin',(-45.5,-8.30841243757313E-15,2.5));
#7398=CARTESIAN_POINT('',(-45.5942512249007,28.0027847337285,11.5));
#7399=CARTESIAN_POINT('',(-45.5942512249007,0.,11.5));
#7400=CARTESIAN_POINT('',(-45.5,27.9686955573261,2.49999999999994));
#7401=CARTESIAN_POINT('Ctrl Pts',(-45.5942512249007,28.0027847337285,11.5));
#7402=CARTESIAN_POINT('Ctrl Pts',(-45.5628341490814,27.9914431878143,8.499999918602));
#7403=CARTESIAN_POINT('Ctrl Pts',(-45.5314170741096,27.9800802107802,5.49999991813748));
#7404=CARTESIAN_POINT('Ctrl Pts',(-45.5,27.9686955573261,2.49999999999994));
#7405=CARTESIAN_POINT('',(-45.5,19.,2.5));
#7406=CARTESIAN_POINT('Origin',(-34.75,19.,11.5000000000001));
#7407=CARTESIAN_POINT('',(-46.5715904175369,26.5,2.49999999999994));
#7408=CARTESIAN_POINT('',(-46.6233005488663,26.5942512249007,11.5));
#7409=CARTESIAN_POINT('Ctrl Pts',(-46.5715904175369,26.5,2.49999999999994));
#7410=CARTESIAN_POINT('Ctrl Pts',(-46.5888648252362,26.5314170726964,5.49999978319468));
#7411=CARTESIAN_POINT('Ctrl Pts',(-46.6061013715099,26.5628341476781,8.49999978460944));
#7412=CARTESIAN_POINT('Ctrl Pts',(-46.6233005488663,26.5942512249007,11.5));
#7413=CARTESIAN_POINT('Origin',(-34.75,19.,2.49999999999989));
#7414=CARTESIAN_POINT('Origin',(-34.75,19.,11.5000000000001));
#7415=CARTESIAN_POINT('Origin',(-3.67761376907084E-14,26.5000000000001,
2.5));
#7416=CARTESIAN_POINT('',(-48.0436376623205,26.5,2.5));
#7417=CARTESIAN_POINT('',(-34.75,26.5,2.5));
#7418=CARTESIAN_POINT('',(-48.2007332466745,26.5942512249007,11.5));
#7419=CARTESIAN_POINT('',(0.,26.5942512249007,11.5));
#7420=CARTESIAN_POINT('',(-48.0436376623205,26.5,2.5));
#7421=CARTESIAN_POINT('Origin',(-48.,38.,0.));
#7422=CARTESIAN_POINT('',(-48.0436376623205,38.,2.5));
#7423=CARTESIAN_POINT('',(-48.2007332466745,35.9436525851542,11.5));
#7424=CARTESIAN_POINT('',(-48.2007332466745,38.,11.5));
#7425=CARTESIAN_POINT('',(-48.2007332466745,35.9436525851542,11.5));
#7426=CARTESIAN_POINT('Origin',(-45.9998427766579,36.1046027647364,0.0084464163428129));
#7427=CARTESIAN_POINT('',(-46.199941169058,37.9443349509419,11.5));
#7428=CARTESIAN_POINT('Origin',(-46.2004285905863,35.944139979955,11.5));
#7429=CARTESIAN_POINT('',(-45.9998427766579,38.104407812755,0.0363707770211036));
#7430=CARTESIAN_POINT('Origin',(-8.40452746041707E-15,38.0699931766807,
2.50097735262374));
#7431=CARTESIAN_POINT('',(-17.5480325463784,37.9443349509419,11.5));
#7432=CARTESIAN_POINT('',(0.,37.9443349509419,11.5));
#7433=CARTESIAN_POINT('',(-17.5480325463784,37.9443349509419,11.5));
#7434=CARTESIAN_POINT('Origin',(-17.5873115927721,40.0687172183448,2.6063180591805));
#7435=CARTESIAN_POINT('',(-16.400991493539,38.3059956056966,11.5));
#7436=CARTESIAN_POINT('',(-16.4406156829055,38.4316674787393,2.5));
#7437=CARTESIAN_POINT('Origin',(-17.5480295638632,39.944130539631,11.5));
#7438=CARTESIAN_POINT('Origin',(-23.4657428313849,33.5125538513652,2.50390941049496));
#7439=CARTESIAN_POINT('',(-8.50034824886666,43.8380855623219,11.5));
#7440=CARTESIAN_POINT('',(-8.50034824886666,43.8380855623219,11.5));
#7441=CARTESIAN_POINT('',(-8.98749665043896,43.6655125836271,1.61330067207234));
#7442=CARTESIAN_POINT('Origin',(-7.84045559759961,42.0273681903632,1.58537631139405));
#7443=CARTESIAN_POINT('',(-7.35021140738711,44.2007332466745,11.5));
#7444=CARTESIAN_POINT('Origin',(-7.35015603838701,42.1954047643694,11.5));
#7445=CARTESIAN_POINT('',(-7.79366937740609,44.0436376623205,2.5));
#7446=CARTESIAN_POINT('Origin',(-4.5,44.,0.));
#7447=CARTESIAN_POINT('',(-5.43648041716802,44.2007332466745,11.5));
#7448=CARTESIAN_POINT('',(-4.5,44.2007332466745,11.5));
#7449=CARTESIAN_POINT('',(-5.43648041716802,44.2007332466745,11.5));
#7450=CARTESIAN_POINT('Origin',(-5.54088961640227,42.0004696507414,0.0443600085334083));
#7451=CARTESIAN_POINT('',(-3.79842585023803,43.3480160121249,11.5));
#7452=CARTESIAN_POINT('Origin',(-5.43646022408196,42.2010766469191,11.5));
#7453=CARTESIAN_POINT('',(-3.90292096440706,43.1472827654504,1.51329388864218E-17));
#7454=CARTESIAN_POINT('Origin',(0.,37.5733339696605,0.));
#7455=CARTESIAN_POINT('',(-0.160907576708296,38.1531015402955,11.5));
#7456=CARTESIAN_POINT('',(0.164431049370185,37.6884698299452,11.5));
#7457=CARTESIAN_POINT('',(-0.160907576708297,38.1531015402955,11.5));
#7458=CARTESIAN_POINT('Origin',(-1.99963484145746,36.9428515259488,0.0383736544726344));
#7459=CARTESIAN_POINT('',(0.200733246674503,37.0061233845322,11.5));
#7460=CARTESIAN_POINT('Origin',(-1.79894736490661,37.0061280442484,11.5));
#7461=CARTESIAN_POINT('',(0.,36.942832434968,0.));
#7462=CARTESIAN_POINT('Origin',(0.,0.,0.));
#7463=CARTESIAN_POINT('',(0.200733246674502,15.2081568593252,11.5));
#7464=CARTESIAN_POINT('',(0.200733246674503,0.,11.5));
#7465=CARTESIAN_POINT('',(0.200733246674503,15.2081568593252,11.5));
#7466=CARTESIAN_POINT('Origin',(-2.00927714022631,14.7599063049918,-0.514033272026813));
#7467=CARTESIAN_POINT('',(-0.385983120436976,13.7917437468288,11.5));
#7468=CARTESIAN_POINT('Origin',(-1.79957140941331,15.2068583132119,11.5));
#7469=CARTESIAN_POINT('',(-0.595201429721251,13.3458305944868,-0.486108911348522));
#7470=CARTESIAN_POINT('Origin',(-7.00000000000003,6.99999999999996,2.5));
#7471=CARTESIAN_POINT('',(-5.53994253552908,8.63778433173665,11.5));
#7472=CARTESIAN_POINT('',(-5.53994253552909,8.63778433173665,11.5));
#7473=CARTESIAN_POINT('',(-5.53994253552908,8.63778433173665,11.5));
#7474=CARTESIAN_POINT('Origin',(-4.00037602774879,7.1717286310472,2.5408921144577));
#7475=CARTESIAN_POINT('',(-6.12567187304264,7.22370862123161,11.5));
#7476=CARTESIAN_POINT('',(-6.,7.17165362700852,2.5));
#7477=CARTESIAN_POINT('Origin',(-4.12588288480068,7.22371527340891,11.5));
#7478=CARTESIAN_POINT('Origin',(-6.,-6.50521303491303E-16,2.5));
#7479=CARTESIAN_POINT('',(-6.12567187304264,2.12547692106124,11.5));
#7480=CARTESIAN_POINT('',(-6.12567187304264,0.,11.5));
#7481=CARTESIAN_POINT('',(-6.12567187304264,2.12547692106124,11.5));
#7482=CARTESIAN_POINT('Origin',(-7.99941527704631,1.99941527704631,2.44416216380967));
#7483=CARTESIAN_POINT('Origin',(-8.12586684402902,2.12586684402902,11.5));
#7484=CARTESIAN_POINT('Origin',(-23.,0.,2.5));
#7485=CARTESIAN_POINT('',(-23.1256718730426,-8.81071192074836,11.5));
#7486=CARTESIAN_POINT('',(-23.1256718730426,0.,11.5));
#7487=CARTESIAN_POINT('',(-22.965091146377,-8.60997867407386,-6.29767890893131E-17));
#7488=CARTESIAN_POINT('Origin',(-50.,-8.61002132267811,0.0024433369012197));
#7489=CARTESIAN_POINT('',(-47.,-8.81071192074847,11.5000000000061));
#7490=CARTESIAN_POINT('',(-50.,-8.81071192074836,11.5));
#7491=CARTESIAN_POINT('',(-47.,-8.61002132267811,0.00244333690121969));
#7492=CARTESIAN_POINT('Origin',(-47.,-5.75,11.5000000000123));
#7493=CARTESIAN_POINT('',(-50.0607119207481,-5.75,11.5000000000092));
#7494=CARTESIAN_POINT('Origin',(-47.,-5.75,11.5000000000123));
#7495=CARTESIAN_POINT('',(-50.0607119207481,-5.75,11.5000000000092));
#7496=CARTESIAN_POINT('Origin',(-49.8600213226781,-4.92052921590281E-16,
0.0024433369012197));
#7497=CARTESIAN_POINT('',(-50.0607119207484,1.79422284915764,11.5));
#7498=CARTESIAN_POINT('',(-50.0607119207484,-4.92052921590281E-16,11.5));
#7499=CARTESIAN_POINT('',(-49.9036163363944,1.91989472220027,2.5));
#7500=CARTESIAN_POINT('',(-50.0607119207484,1.79422284915764,11.5));
#7501=CARTESIAN_POINT('',(-49.9036163363944,19.,2.5));
#7502=CARTESIAN_POINT('Origin',(-49.4605584514749,1.9543885066269,0.0367061721745735));
#7503=CARTESIAN_POINT('',(-49.5034579208711,2.32003119535782,2.5));
#7504=CARTESIAN_POINT('Origin',(-49.5035554051768,1.91999220116054,2.5));
#7505=CARTESIAN_POINT('',(-49.6605535052251,2.19435932231519,11.5));
#7506=CARTESIAN_POINT('Origin',(-49.6606509895308,1.79432032811791,11.5));
#7507=CARTESIAN_POINT('',(-49.4605584514749,2.35434951623062,0.0422910443102316));
#7508=CARTESIAN_POINT('Origin',(2.84114237445065E-16,2.31996880768297,2.50446789770853));
#7509=CARTESIAN_POINT('',(-48.1943593223152,2.19435932231519,11.5));
#7510=CARTESIAN_POINT('',(2.84114237445065E-16,2.19435932231518,11.5));
#7511=CARTESIAN_POINT('',(-48.3200311953578,2.32003119535782,2.5));
#7512=CARTESIAN_POINT('',(-48.3200311953578,2.32003119535782,2.5));
#7513=CARTESIAN_POINT('',(-34.75,2.32003119535782,2.5));
#7514=CARTESIAN_POINT('Origin',(-48.319968807683,-8.82334571043734E-15,
2.50446789770853));
#7515=CARTESIAN_POINT('',(-48.1943593223152,11.4057487750993,11.5));
#7516=CARTESIAN_POINT('',(-48.1943593223152,0.,11.5));
#7517=CARTESIAN_POINT('',(-48.3200311953578,11.5,2.5));
#7518=CARTESIAN_POINT('',(-48.1943593223152,11.4057487750993,11.5));
#7519=CARTESIAN_POINT('',(-48.3200311953578,19.,2.5));
#7520=CARTESIAN_POINT('Origin',(7.97972798949328E-15,11.5,2.5));
#7521=CARTESIAN_POINT('',(-46.6233005488663,11.4057487750993,11.5));
#7522=CARTESIAN_POINT('',(7.97972798949328E-15,11.4057487750993,11.5));
#7523=CARTESIAN_POINT('',(-46.5715904175369,11.5,2.49999999999992));
#7524=CARTESIAN_POINT('Ctrl Pts',(-46.6233005488663,11.4057487750993,11.5));
#7525=CARTESIAN_POINT('Ctrl Pts',(-46.6061013715099,11.4371658523219,8.49999978460944));
#7526=CARTESIAN_POINT('Ctrl Pts',(-46.5888648252362,11.4685829273036,5.49999978319466));
#7527=CARTESIAN_POINT('Ctrl Pts',(-46.5715904175369,11.5,2.49999999999992));
#7528=CARTESIAN_POINT('',(-34.75,11.5,2.5));
#7529=CARTESIAN_POINT('Ctrl Pts',(-8.46178269983637,6.76800851482945,11.500000000012));
#7530=CARTESIAN_POINT('Ctrl Pts',(-8.4338699047181,6.77031807692601,10.2033961453064));
#7531=CARTESIAN_POINT('Ctrl Pts',(-8.40535185114731,6.77205161382447,8.90682571409604));
#7532=CARTESIAN_POINT('Ctrl Pts',(-8.37609766085864,6.77315102488003,7.60560733493006));
#7533=CARTESIAN_POINT('Ctrl Pts',(-8.37599354800088,6.77315492884596,7.60097677677856));
#7534=CARTESIAN_POINT('Ctrl Pts',(-8.37588942708262,6.77315882477007,7.59634622129595));
#7535=CARTESIAN_POINT('Ctrl Pts',(-8.43305492442924,6.75504805265899,11.5006674230225));
#7536=CARTESIAN_POINT('Ctrl Pts',(-8.40745326064904,6.75814007411627,10.2040176672493));
#7537=CARTESIAN_POINT('Ctrl Pts',(-8.38124406047759,6.76071002781087,8.90739988061823));
#7538=CARTESIAN_POINT('Ctrl Pts',(-8.35430187479171,6.76270648398655,7.60613236198994));
#7539=CARTESIAN_POINT('Ctrl Pts',(-8.35420598898432,6.76271358118787,7.60150162842422));
#7540=CARTESIAN_POINT('Ctrl Pts',(-8.35411009568245,6.76272067073032,7.59687089835776));
#7541=CARTESIAN_POINT('Ctrl Pts',(-8.36857786687923,6.73471561917479,11.5019799910106));
#7542=CARTESIAN_POINT('Ctrl Pts',(-8.34806339106107,6.73889966495036,10.2052411268654));
#7543=CARTESIAN_POINT('Ctrl Pts',(-8.32695715565314,6.74267409578278,8.90853111803605));
#7544=CARTESIAN_POINT('Ctrl Pts',(-8.30514769072303,6.7460006647864,7.607167653313));
#7545=CARTESIAN_POINT('Ctrl Pts',(-8.30507006989229,6.74601249653252,7.60253657807694));
#7546=CARTESIAN_POINT('Ctrl Pts',(-8.30499244255723,6.74602432274514,7.59790550665514));
#7547=CARTESIAN_POINT('Ctrl Pts',(-8.21751581976359,6.72732251672269,11.5042030585817));
#7548=CARTESIAN_POINT('Ctrl Pts',(-8.20848290974125,6.73107529688587,10.207317624576));
#7549=CARTESIAN_POINT('Ctrl Pts',(-8.19898365031517,6.73462897708839,8.91045505876769));
#7550=CARTESIAN_POINT('Ctrl Pts',(-8.1889488903777,6.73796678483408,7.60893177797695));
#7551=CARTESIAN_POINT('Ctrl Pts',(-8.18891317231816,6.73797866124373,7.60430013276949));
#7552=CARTESIAN_POINT('Ctrl Pts',(-8.18887745023783,6.73799053273728,7.5996684932013));
#7553=CARTESIAN_POINT('Ctrl Pts',(-8.03788008697729,6.80543521535869,11.505006493157));
#7554=CARTESIAN_POINT('Ctrl Pts',(-8.04186973881507,6.80255578753777,10.2080697190366));
#7555=CARTESIAN_POINT('Ctrl Pts',(-8.04566281678004,6.79955665124652,8.91115337498289));
#7556=CARTESIAN_POINT('Ctrl Pts',(-8.04925833532329,6.79641192583357,7.60957335362751));
#7557=CARTESIAN_POINT('Ctrl Pts',(-8.04927112735349,6.79640073477733,7.60494150606291));
#7558=CARTESIAN_POINT('Ctrl Pts',(-8.04928391725769,6.79638953972269,7.60030966476597));
#7559=CARTESIAN_POINT('Ctrl Pts',(-7.92279525091471,6.97547204174114,11.5029804500749));
#7560=CARTESIAN_POINT('Ctrl Pts',(-7.93509287182443,6.95963312826519,10.2061746544105));
#7561=CARTESIAN_POINT('Ctrl Pts',(-7.94737306634037,6.94355266339166,8.90939516643691));
#7562=CARTESIAN_POINT('Ctrl Pts',(-7.95967971876923,6.92715056508113,7.60795917267998));
#7563=CARTESIAN_POINT('Ctrl Pts',(-7.95972351407232,6.92709219332126,7.60332783913356));
#7564=CARTESIAN_POINT('Ctrl Pts',(-7.95976730816392,6.92703381733254,7.59869650967783));
#7565=CARTESIAN_POINT('Ctrl Pts',(-7.90573829085982,7.07996951076626,11.5010011345277));
#7566=CARTESIAN_POINT('Ctrl Pts',(-7.91931751206699,7.05615063445275,10.2043284282208));
#7567=CARTESIAN_POINT('Ctrl Pts',(-7.93289640609709,7.03201758416381,8.90768696387933));
#7568=CARTESIAN_POINT('Ctrl Pts',(-7.94652400312838,7.00745782887691,7.60639487551989));
#7569=CARTESIAN_POINT('Ctrl Pts',(-7.94657249874808,7.00737042548444,7.60176405424705));
#7570=CARTESIAN_POINT('Ctrl Pts',(-7.94662099432678,7.00728301774269,7.59713323688868));
#7571=CARTESIAN_POINT('Ctrl Pts',(-7.9057487750992,7.12724351920629,11.500000000012));
#7572=CARTESIAN_POINT('Ctrl Pts',(-7.91932727526775,7.09978197585085,10.2033961453064));
#7573=CARTESIAN_POINT('Ctrl Pts',(-7.93290542541339,7.07198015473439,8.90682571409604));
#7574=CARTESIAN_POINT('Ctrl Pts',(-7.94653225053567,7.0437114573466,7.60560733493007));
#7575=CARTESIAN_POINT('Ctrl Pts',(-7.94658074339986,7.04361085483692,7.60097677677857));
#7576=CARTESIAN_POINT('Ctrl Pts',(-7.9466292362361,7.04351024766798,7.59634622129596));
#7577=CARTESIAN_POINT('',(-8.46178269983637,6.76800851482945,11.500000000012));
#7578=CARTESIAN_POINT('Ctrl Pts',(-8.37597158289415,6.77315574898241,7.6000000003712));
#7579=CARTESIAN_POINT('Ctrl Pts',(-8.37604831485815,6.77315287462479,7.60341263020787));
#7580=CARTESIAN_POINT('Ctrl Pts',(-8.37612504244109,6.77314999584405,7.60682526022495));
#7581=CARTESIAN_POINT('Ctrl Pts',(-8.40535185114731,6.77205161382447,8.90682571409604));
#7582=CARTESIAN_POINT('Ctrl Pts',(-8.4338699047181,6.77031807692601,10.2033961453064));
#7583=CARTESIAN_POINT('Ctrl Pts',(-8.46178269983637,6.76800851482945,11.500000000012));
#7584=CARTESIAN_POINT('',(-7.90574877509932,7.12724351920605,11.5000000000003));
#7585=CARTESIAN_POINT('Ctrl Pts',(-8.46178269983611,6.76800851482947,11.5));
#7586=CARTESIAN_POINT('Ctrl Pts',(-8.44906968620649,6.76227646430085,11.5));
#7587=CARTESIAN_POINT('Ctrl Pts',(-8.43606162224335,6.75726628466772,11.4999996484691));
#7588=CARTESIAN_POINT('Ctrl Pts',(-8.42285406541568,6.7529613301515,11.4999990499664));
#7589=CARTESIAN_POINT('Ctrl Pts',(-8.40874099274863,6.74836122608163,11.4999984104302));
#7590=CARTESIAN_POINT('Ctrl Pts',(-8.39439978731991,6.7445653800278,11.4999975144666));
#7591=CARTESIAN_POINT('Ctrl Pts',(-8.37988796597758,6.74155272938697,11.4999973137633));
#7592=CARTESIAN_POINT('Ctrl Pts',(-8.37520456429074,6.7405804563166,11.4999972489904));
#7593=CARTESIAN_POINT('Ctrl Pts',(-8.37050298061365,6.73968981426193,11.4999972610445));
#7594=CARTESIAN_POINT('Ctrl Pts',(-8.3657840486159,6.73888033717237,11.4999973918375));
#7595=CARTESIAN_POINT('Ctrl Pts',(-8.35127529072606,6.73639153099433,11.4999977939718));
#7596=CARTESIAN_POINT('Ctrl Pts',(-8.3366067666426,6.73466934427989,11.4999992742307));
#7597=CARTESIAN_POINT('Ctrl Pts',(-8.3218593399757,6.73376900599264,11.5000008197707));
#7598=CARTESIAN_POINT('Ctrl Pts',(-8.3184567817741,6.73356127799421,11.500001176361));
#7599=CARTESIAN_POINT('Ctrl Pts',(-8.31504980823747,6.73339735270564,11.5000015382371));
#7600=CARTESIAN_POINT('Ctrl Pts',(-8.31163905849027,6.73327803296558,11.5000018951662));
#7601=CARTESIAN_POINT('Ctrl Pts',(-8.29523546572491,6.732704178954,11.5000036117739));
#7602=CARTESIAN_POINT('Ctrl Pts',(-8.27885829817894,6.73316487229359,11.5000050539429));
#7603=CARTESIAN_POINT('Ctrl Pts',(-8.26259958949077,6.73471942087703,11.5000046570405));
#7604=CARTESIAN_POINT('Ctrl Pts',(-8.25990689331803,6.73497687840955,11.5000045913073));
#7605=CARTESIAN_POINT('Ctrl Pts',(-8.25721733758636,6.73526437811505,11.5000044757857));
#7606=CARTESIAN_POINT('Ctrl Pts',(-8.25453122122475,6.73558224501697,11.5000043038208));
#7607=CARTESIAN_POINT('Ctrl Pts',(-8.23962439440307,6.73734627390528,11.5000033494873));
#7608=CARTESIAN_POINT('Ctrl Pts',(-8.22482550508357,6.74004158490783,11.5000007132006));
#7609=CARTESIAN_POINT('Ctrl Pts',(-8.21021218797441,6.74357183168568,11.4999981108804));
#7610=CARTESIAN_POINT('Ctrl Pts',(-8.19462766988707,6.7473366986458,11.4999953356101));
#7611=CARTESIAN_POINT('Ctrl Pts',(-8.17925296849223,6.75205116901317,11.4999926159514));
#7612=CARTESIAN_POINT('Ctrl Pts',(-8.16416450613261,6.7576532124209,11.4999911150109));
#7613=CARTESIAN_POINT('Ctrl Pts',(-8.16244077350049,6.75829319977006,11.4999909435408));
#7614=CARTESIAN_POINT('Ctrl Pts',(-8.16072077119729,6.75894482623,11.4999907868813));
#7615=CARTESIAN_POINT('Ctrl Pts',(-8.15900461155028,6.75960804113245,11.4999906459032));
#7616=CARTESIAN_POINT('Ctrl Pts',(-8.14315383832964,6.76573361868792,11.499989343803));
#7617=CARTESIAN_POINT('Ctrl Pts',(-8.12773697619568,6.77280230359665,11.4999894577617));
#7618=CARTESIAN_POINT('Ctrl Pts',(-8.11284341840393,6.78075952592918,11.4999909522947));
#7619=CARTESIAN_POINT('Ctrl Pts',(-8.0982422276193,6.78856054453184,11.4999924174894));
#7620=CARTESIAN_POINT('Ctrl Pts',(-8.08414251942442,6.79721622464644,11.4999952156966));
#7621=CARTESIAN_POINT('Ctrl Pts',(-8.0706422860493,6.80672097513643,11.4999981549517));
#7622=CARTESIAN_POINT('Ctrl Pts',(-8.05904192446969,6.81488813338801,11.5000006805689));
#7623=CARTESIAN_POINT('Ctrl Pts',(-8.04788385042759,6.82368307052283,11.5000032964545));
#7624=CARTESIAN_POINT('Ctrl Pts',(-8.03725097004184,6.83312512262586,11.5000044782261));
#7625=CARTESIAN_POINT('Ctrl Pts',(-8.03442612855558,6.835633596297,11.5000047921878));
#7626=CARTESIAN_POINT('Ctrl Pts',(-8.03163849976557,6.83818785342131,11.5000050006368));
#7627=CARTESIAN_POINT('Ctrl Pts',(-8.02888821053673,6.8407866981761,11.5000051275197));
#7628=CARTESIAN_POINT('Ctrl Pts',(-8.01683868987435,6.85217271286967,11.5000056834173));
#7629=CARTESIAN_POINT('Ctrl Pts',(-8.00557894221889,6.86434012875232,11.5000047786651));
#7630=CARTESIAN_POINT('Ctrl Pts',(-7.99510875049415,6.87718171055676,11.5000037713776));
#7631=CARTESIAN_POINT('Ctrl Pts',(-7.98467833538146,6.88997450675813,11.5000027679168));
#7632=CARTESIAN_POINT('Ctrl Pts',(-7.97503097844464,6.90343819108958,11.5000016308251));
#7633=CARTESIAN_POINT('Ctrl Pts',(-7.96621812547675,6.91747326348609,11.5000008581162));
#7634=CARTESIAN_POINT('Ctrl Pts',(-7.9582107624588,6.93022553792792,11.5000001560324));
#7635=CARTESIAN_POINT('Ctrl Pts',(-7.95089255654258,6.94345072707814,11.4999997261844));
#7636=CARTESIAN_POINT('Ctrl Pts',(-7.94434542641519,6.95705882216089,11.4999996749374));
#7637=CARTESIAN_POINT('Ctrl Pts',(-7.94368682663561,6.95842771024583,11.4999996697823));
#7638=CARTESIAN_POINT('Ctrl Pts',(-7.94303606742701,6.95980045055761,11.4999996684135));
#7639=CARTESIAN_POINT('Ctrl Pts',(-7.9423932582449,6.96117693482505,11.4999996709353));
#7640=CARTESIAN_POINT('Ctrl Pts',(-7.94009523560534,6.9660978228547,11.4999996799505));
#7641=CARTESIAN_POINT('Ctrl Pts',(-7.93790216705845,6.97105926850754,11.4999997331727));
#7642=CARTESIAN_POINT('Ctrl Pts',(-7.93581819977682,6.97605670150132,11.4999998162717));
#7643=CARTESIAN_POINT('Ctrl Pts',(-7.92970735405125,6.99071074253069,11.5000000599439));
#7644=CARTESIAN_POINT('Ctrl Pts',(-7.92453225899544,7.0056765330779,11.5000005437035));
#7645=CARTESIAN_POINT('Ctrl Pts',(-7.9202778295355,7.02091911882329,11.5000008431692));
#7646=CARTESIAN_POINT('Ctrl Pts',(-7.91797334587969,7.02917552313164,11.5000010053798));
#7647=CARTESIAN_POINT('Ctrl Pts',(-7.91593963439756,7.03751260867403,11.5000011159298));
#7648=CARTESIAN_POINT('Ctrl Pts',(-7.91417808304636,7.04591952306392,11.5000011677518));
#7649=CARTESIAN_POINT('Ctrl Pts',(-7.91135756930065,7.05938028171827,11.5000012507269));
#7650=CARTESIAN_POINT('Ctrl Pts',(-7.90924183599161,7.07298331406611,11.5000011607424));
#7651=CARTESIAN_POINT('Ctrl Pts',(-7.90783361949439,7.08667641437918,11.5000008521127));
#7652=CARTESIAN_POINT('Ctrl Pts',(-7.90644870647198,7.10014291827135,11.5000005485902));
#7653=CARTESIAN_POINT('Ctrl Pts',(-7.90574877509933,7.11369767665153,11.5));
#7654=CARTESIAN_POINT('Ctrl Pts',(-7.90574877509933,7.12724351920604,11.5));
#7655=CARTESIAN_POINT('Ctrl Pts',(-7.9057487750992,7.12724351920629,11.500000000012));
#7656=CARTESIAN_POINT('Ctrl Pts',(-7.91932727526775,7.09978197585085,10.2033961453064));
#7657=CARTESIAN_POINT('Ctrl Pts',(-7.93290542541339,7.07198015473439,8.90682571409604));
#7658=CARTESIAN_POINT('Ctrl Pts',(-7.94651949598557,7.04373791651913,7.60682526022496));
#7659=CARTESIAN_POINT('Ctrl Pts',(-7.94655523426993,7.04366377534589,7.60341263020787));
#7660=CARTESIAN_POINT('Ctrl Pts',(-7.9465909725524,7.04358963163098,7.6000000003712));
#7661=CARTESIAN_POINT('Origin',(-8.,0.,2.5));
#7662=CARTESIAN_POINT('',(-7.90574877509933,8.62132447839477,11.5));
#7663=CARTESIAN_POINT('',(-7.90574877509933,0.,11.5));
#7664=CARTESIAN_POINT('',(-7.9998245231253,8.5703692551986,2.51675619466963));
#7665=CARTESIAN_POINT('Origin',(-7.37719918132305,8.57045457899313,2.52527980231993));
#7666=CARTESIAN_POINT('Origin',(-7.49993388971605,8.62129295978342,11.5));
#7667=CARTESIAN_POINT('Origin',(-9.8,3.79999999999999,11.2));
#7668=CARTESIAN_POINT('',(-12.6737672661116,3.8,11.5));
#7669=CARTESIAN_POINT('Origin',(-12.6737672661116,3.79999999999999,11.2));
#7670=CARTESIAN_POINT('',(-6.92623273388843,3.8,11.5));
#7671=CARTESIAN_POINT('Ctrl Pts',(-6.92623273388844,3.8,11.5));
#7672=CARTESIAN_POINT('Ctrl Pts',(-6.92623273388844,3.72623784259053,11.5));
#7673=CARTESIAN_POINT('Ctrl Pts',(-6.92906841951892,3.65300053996627,11.5));
#7674=CARTESIAN_POINT('Ctrl Pts',(-6.93464426410913,3.58028471475203,11.5));
#7675=CARTESIAN_POINT('Ctrl Pts',(-6.9402955092626,3.50658557407939,11.5));
#7676=CARTESIAN_POINT('Ctrl Pts',(-6.94876146799689,3.43342132827669,11.5));
#7677=CARTESIAN_POINT('Ctrl Pts',(-6.95999556862932,3.36078122812293,11.5));
#7678=CARTESIAN_POINT('Ctrl Pts',(-6.97123887701543,3.28808159030152,11.5));
#7679=CARTESIAN_POINT('Ctrl Pts',(-6.98525498222794,3.21590617012076,11.5));
#7680=CARTESIAN_POINT('Ctrl Pts',(-7.0020491917514,3.14424884720244,11.5));
#7681=CARTESIAN_POINT('Ctrl Pts',(-7.01871117625611,3.07315570033859,11.5));
#7682=CARTESIAN_POINT('Ctrl Pts',(-7.03810793217736,3.00257178847982,11.5));
#7683=CARTESIAN_POINT('Ctrl Pts',(-7.06029303187149,2.93250704408486,11.5));
#7684=CARTESIAN_POINT('Ctrl Pts',(-7.07369809007634,2.89017133274381,11.5));
#7685=CARTESIAN_POINT('Ctrl Pts',(-7.08812210221951,2.84802552677873,11.5));
#7686=CARTESIAN_POINT('Ctrl Pts',(-7.10358494663176,2.80607638133331,11.5));
#7687=CARTESIAN_POINT('Ctrl Pts',(-7.10792611561694,2.79429922544224,11.5));
#7688=CARTESIAN_POINT('Ctrl Pts',(-7.11214370781818,2.78308688996556,11.4999999999992));
#7689=CARTESIAN_POINT('Ctrl Pts',(-7.11657454577495,2.77152947663291,11.4999999999894));
#7690=CARTESIAN_POINT('Ctrl Pts',(-7.12017618143898,2.76213495748128,11.4999999999814));
#7691=CARTESIAN_POINT('Ctrl Pts',(-7.12391942899848,2.75251265128828,11.4999999999691));
#7692=CARTESIAN_POINT('Ctrl Pts',(-7.12800871151607,2.74218301503418,11.4999999999708));
#7693=CARTESIAN_POINT('Ctrl Pts',(-7.15572172411359,2.67217920913252,11.4999999999819));
#7694=CARTESIAN_POINT('Ctrl Pts',(-7.18597769999913,2.60378633748639,11.499999999972));
#7695=CARTESIAN_POINT('Ctrl Pts',(-7.21867178631452,2.53697533229238,11.4999999998655));
#7696=CARTESIAN_POINT('Ctrl Pts',(-7.25174158757598,2.46939654625349,11.4999999997577));
#7697=CARTESIAN_POINT('Ctrl Pts',(-7.28730610868969,2.40343543246215,11.4999999995235));
#7698=CARTESIAN_POINT('Ctrl Pts',(-7.32530891442581,2.33907234530409,11.4999999991113));
#7699=CARTESIAN_POINT('Ctrl Pts',(-7.36351935335397,2.27435760218335,11.4999999986968));
#7700=CARTESIAN_POINT('Ctrl Pts',(-7.40419516194618,2.21125766471529,11.4999999980984));
#7701=CARTESIAN_POINT('Ctrl Pts',(-7.44732656196876,2.14977431152271,11.499999997532));
#7702=CARTESIAN_POINT('Ctrl Pts',(-7.49028745115249,2.08853401972211,11.4999999969678));
#7703=CARTESIAN_POINT('Ctrl Pts',(-7.53568504514495,2.02889690793696,11.4999999964566));
#7704=CARTESIAN_POINT('Ctrl Pts',(-7.58355022252211,1.97089651518451,11.4999999963457));
#7705=CARTESIAN_POINT('Ctrl Pts',(-7.63077959011369,1.91366656180573,11.4999999962363));
#7706=CARTESIAN_POINT('Ctrl Pts',(-7.68041199495519,1.85802961137275,11.4999999965595));
#7707=CARTESIAN_POINT('Ctrl Pts',(-7.73250867761497,1.80405746215798,11.4999999973004));
#7708=CARTESIAN_POINT('Ctrl Pts',(-7.7442029172746,1.79194223301787,11.4999999974666));
#7709=CARTESIAN_POINT('Ctrl Pts',(-7.75602143355493,1.77991106660821,11.499999997651));
#7710=CARTESIAN_POINT('Ctrl Pts',(-7.76796509481925,1.76796509481924,11.4999999978467));
#7711=CARTESIAN_POINT('Ctrl Pts',(-7.82002725872971,1.71589285938127,11.4999999987));
#7712=CARTESIAN_POINT('Ctrl Pts',(-7.87369109384495,1.666217354011,11.4999999991447));
#7713=CARTESIAN_POINT('Ctrl Pts',(-7.92888539445976,1.61886224264891,11.4999999994276));
#7714=CARTESIAN_POINT('Ctrl Pts',(-7.98492105188331,1.57078527151272,11.4999999997148));
#7715=CARTESIAN_POINT('Ctrl Pts',(-8.04253468823793,1.52509937631805,11.4999999998311));
#7716=CARTESIAN_POINT('Ctrl Pts',(-8.10169548452361,1.48175599014021,11.4999999998988));
#7717=CARTESIAN_POINT('Ctrl Pts',(-8.16093821636192,1.43835257494786,11.4999999999667));
#7718=CARTESIAN_POINT('Ctrl Pts',(-8.22173303081626,1.39729768249881,11.4999999999825));
#7719=CARTESIAN_POINT('Ctrl Pts',(-8.28408376469121,1.3585817408123,11.4999999999913));
#7720=CARTESIAN_POINT('Ctrl Pts',(-8.34593511585942,1.32017588483853,11.5));
#7721=CARTESIAN_POINT('Ctrl Pts',(-8.40931825091138,1.2840713136481,11.4999999999996));
#7722=CARTESIAN_POINT('Ctrl Pts',(-8.47426119080114,1.25030329843206,11.4999999999999));
#7723=CARTESIAN_POINT('Ctrl Pts',(-8.53909874890298,1.21659007799163,11.5000000000001));
#7724=CARTESIAN_POINT('Ctrl Pts',(-8.60549174808615,1.18520548806488,11.5));
#7725=CARTESIAN_POINT('Ctrl Pts',(-8.67348210577104,1.15623455394463,11.5));
#7726=CARTESIAN_POINT('Ctrl Pts',(-8.68577260584711,1.15099752798782,11.5));
#7727=CARTESIAN_POINT('Ctrl Pts',(-8.69865655339109,1.1456150606217,11.4999999999995));
#7728=CARTESIAN_POINT('Ctrl Pts',(-8.71125773039958,1.14045764002848,11.4999999999915));
#7729=CARTESIAN_POINT('Ctrl Pts',(-8.72195251243469,1.13608047041403,11.4999999999847));
#7730=CARTESIAN_POINT('Ctrl Pts',(-8.73244313427167,1.13186440457438,11.4999999999738));
#7731=CARTESIAN_POINT('Ctrl Pts',(-8.74218289319527,1.12800840375723,11.4999999999752));
#7732=CARTESIAN_POINT('Ctrl Pts',(-8.81268858891196,1.10009497977727,11.4999999999855));
#7733=CARTESIAN_POINT('Ctrl Pts',(-8.88381758448903,1.07516160939112,11.4999999999766));
#7734=CARTESIAN_POINT('Ctrl Pts',(-8.95551883370317,1.05312223819765,11.4999999998614));
#7735=CARTESIAN_POINT('Ctrl Pts',(-9.02822011903156,1.03077547811806,11.4999999997445));
#7736=CARTESIAN_POINT('Ctrl Pts',(-9.10151046783223,1.0114036413744,11.4999999994852));
#7737=CARTESIAN_POINT('Ctrl Pts',(-9.17536358562199,0.994963224432722,11.4999999990622));
#7738=CARTESIAN_POINT('Ctrl Pts',(-9.24924525465369,0.978516451708979,11.4999999986391));
#7739=CARTESIAN_POINT('Ctrl Pts',(-9.32369094019289,0.965003172929584,11.4999999980534));
#7740=CARTESIAN_POINT('Ctrl Pts',(-9.39868930797294,0.95442980572599,11.4999999975957));
#7741=CARTESIAN_POINT('Ctrl Pts',(-9.47297633687804,0.943956723999982,11.4999999971424));
#7742=CARTESIAN_POINT('Ctrl Pts',(-9.54780641965456,0.936368013276376,11.4999999968497));
#7743=CARTESIAN_POINT('Ctrl Pts',(-9.62317117978873,0.931720499542556,11.4999999970312));
#7744=CARTESIAN_POINT('Ctrl Pts',(-9.68179296645148,0.928105473658692,11.4999999971723));
#7745=CARTESIAN_POINT('Ctrl Pts',(-9.74073842822321,0.926270982530524,11.4999999976149));
#7746=CARTESIAN_POINT('Ctrl Pts',(-9.8,0.92626533727498,11.4999999982284));
#7747=CARTESIAN_POINT('Ctrl Pts',(-9.87373022504427,0.92625831373596,11.4999999989917));
#7748=CARTESIAN_POINT('Ctrl Pts',(-9.94694246410447,0.929086060449656,11.4999999993599));
#7749=CARTESIAN_POINT('Ctrl Pts',(-10.0196403303358,0.934654309683962,11.4999999995868));
#7750=CARTESIAN_POINT('Ctrl Pts',(-10.0932972452892,0.940296016676924,11.4999999998167));
#7751=CARTESIAN_POINT('Ctrl Pts',(-10.1664269084913,0.94875095624501,11.4999999998965));
#7752=CARTESIAN_POINT('Ctrl Pts',(-10.2390401603015,0.959973943118566,11.4999999999416));
#7753=CARTESIAN_POINT('Ctrl Pts',(-10.3116979187867,0.971203808871885,11.4999999999866));
#7754=CARTESIAN_POINT('Ctrl Pts',(-10.3838394197618,0.985205231852633,11.4999999999929));
#7755=CARTESIAN_POINT('Ctrl Pts',(-10.4554707199196,1.00198489214907,11.4999999999969));
#7756=CARTESIAN_POINT('Ctrl Pts',(-10.5265162753337,1.01862734150839,11.5000000000008));
#7757=CARTESIAN_POINT('Ctrl Pts',(-10.5970606744666,1.03800301849693,11.5));
#7758=CARTESIAN_POINT('Ctrl Pts',(-10.6670937929688,1.06016675145752,11.5));
#7759=CARTESIAN_POINT('Ctrl Pts',(-10.7095509037972,1.07360336668767,11.5));
#7760=CARTESIAN_POINT('Ctrl Pts',(-10.7518197447365,1.08806560323211,11.5));
#7761=CARTESIAN_POINT('Ctrl Pts',(-10.793893422893,1.10357381638132,11.5));
#7762=CARTESIAN_POINT('Ctrl Pts',(-10.8056923167125,1.107922848087,11.5));
#7763=CARTESIAN_POINT('Ctrl Pts',(-10.8169282600817,1.11214932558878,11.4999999999992));
#7764=CARTESIAN_POINT('Ctrl Pts',(-10.8285095409997,1.11658950557141,11.4999999999893));
#7765=CARTESIAN_POINT('Ctrl Pts',(-10.8378940819672,1.12018747122349,11.4999999999813));
#7766=CARTESIAN_POINT('Ctrl Pts',(-10.8475051560013,1.12392647852443,11.4999999999691));
#7767=CARTESIAN_POINT('Ctrl Pts',(-10.8578169849658,1.12800871151611,11.4999999999707));
#7768=CARTESIAN_POINT('Ctrl Pts',(-10.9278207908818,1.15572172411929,11.4999999999819));
#7769=CARTESIAN_POINT('Ctrl Pts',(-10.9962136625419,1.18597770001167,11.499999999972));
#7770=CARTESIAN_POINT('Ctrl Pts',(-11.0630246677494,1.21867178633504,11.4999999998654));
#7771=CARTESIAN_POINT('Ctrl Pts',(-11.130603453802,1.2517415876046,11.4999999997577));
#7772=CARTESIAN_POINT('Ctrl Pts',(-11.1965645676066,1.28730610872757,11.4999999995235));
#7773=CARTESIAN_POINT('Ctrl Pts',(-11.2609276547773,1.32530891447405,11.4999999991113));
#7774=CARTESIAN_POINT('Ctrl Pts',(-11.3256423979107,1.36351935341263,11.4999999986968));
#7775=CARTESIAN_POINT('Ctrl Pts',(-11.3887423353908,1.40419516201636,11.4999999980984));
#7776=CARTESIAN_POINT('Ctrl Pts',(-11.4502256885947,1.4473265620515,11.499999997532));
#7777=CARTESIAN_POINT('Ctrl Pts',(-11.5114659804064,1.49028745124762,11.4999999969678));
#7778=CARTESIAN_POINT('Ctrl Pts',(-11.5711030922019,1.53568504525349,11.4999999964566));
#7779=CARTESIAN_POINT('Ctrl Pts',(-11.6291034849639,1.58355022264501,11.4999999963457));
#7780=CARTESIAN_POINT('Ctrl Pts',(-11.6863334383518,1.63077959025063,11.4999999962363));
#7781=CARTESIAN_POINT('Ctrl Pts',(-11.7419703887932,1.68041199510709,11.4999999965595));
#7782=CARTESIAN_POINT('Ctrl Pts',(-11.7959425380153,1.73250867778266,11.4999999973003));
#7783=CARTESIAN_POINT('Ctrl Pts',(-11.8080577670968,1.74420291738765,11.4999999974666));
#7784=CARTESIAN_POINT('Ctrl Pts',(-11.8200889334486,1.75602143361216,11.499999997651));
#7785=CARTESIAN_POINT('Ctrl Pts',(-11.8320349051806,1.76796509481943,11.4999999978467));
#7786=CARTESIAN_POINT('Ctrl Pts',(-11.8841071406186,1.82002725872991,11.4999999987));
#7787=CARTESIAN_POINT('Ctrl Pts',(-11.9337826459891,1.87369109384525,11.4999999991447));
#7788=CARTESIAN_POINT('Ctrl Pts',(-11.9811377573513,1.92888539446025,11.4999999994276));
#7789=CARTESIAN_POINT('Ctrl Pts',(-12.0292147284874,1.98492105188369,11.4999999997148));
#7790=CARTESIAN_POINT('Ctrl Pts',(-12.0749006236821,2.04253468823826,11.4999999998311));
#7791=CARTESIAN_POINT('Ctrl Pts',(-12.11824400986,2.101695484524,11.4999999998988));
#7792=CARTESIAN_POINT('Ctrl Pts',(-12.1616474250523,2.16093821636219,11.4999999999667));
#7793=CARTESIAN_POINT('Ctrl Pts',(-12.2027023175013,2.2217330308165,11.4999999999825));
#7794=CARTESIAN_POINT('Ctrl Pts',(-12.2414182591879,2.28408376469153,11.4999999999913));
#7795=CARTESIAN_POINT('Ctrl Pts',(-12.2798241151615,2.34593511585948,11.5));
#7796=CARTESIAN_POINT('Ctrl Pts',(-12.3159286863518,2.40931825091127,11.4999999999996));
#7797=CARTESIAN_POINT('Ctrl Pts',(-12.3496967015678,2.47426119080096,11.4999999999999));
#7798=CARTESIAN_POINT('Ctrl Pts',(-12.3834099220082,2.5390987489026,11.5000000000001));
#7799=CARTESIAN_POINT('Ctrl Pts',(-12.4147945119349,2.60549174808566,11.5));
#7800=CARTESIAN_POINT('Ctrl Pts',(-12.4437654460552,2.67348210577054,11.5));
#7801=CARTESIAN_POINT('Ctrl Pts',(-12.4490098395387,2.68578989630661,11.5));
#7802=CARTESIAN_POINT('Ctrl Pts',(-12.4543987777855,2.69868970753235,11.4999999999995));
#7803=CARTESIAN_POINT('Ctrl Pts',(-12.4595623731471,2.71130663402969,11.4999999999914));
#7804=CARTESIAN_POINT('Ctrl Pts',(-12.4639313727697,2.72198201489237,11.4999999999846));
#7805=CARTESIAN_POINT('Ctrl Pts',(-12.4681400523464,2.73245439714018,11.4999999999737));
#7806=CARTESIAN_POINT('Ctrl Pts',(-12.4719915944413,2.74218289390847,11.4999999999752));
#7807=CARTESIAN_POINT('Ctrl Pts',(-12.4991551950048,2.81079463273627,11.4999999999852));
#7808=CARTESIAN_POINT('Ctrl Pts',(-12.5234862487525,2.87996209004158,11.4999999999903));
#7809=CARTESIAN_POINT('Ctrl Pts',(-12.545075112826,2.94965321782501,11.4999999999936));
#7810=CARTESIAN_POINT('Ctrl Pts',(-12.5669519774984,3.02027404188492,11.4999999999969));
#7811=CARTESIAN_POINT('Ctrl Pts',(-12.5860133399073,3.09143330983897,11.4999999999982));
#7812=CARTESIAN_POINT('Ctrl Pts',(-12.6023066455599,3.16312392806395,11.4999999999989));
#7813=CARTESIAN_POINT('Ctrl Pts',(-12.6186050118809,3.23483681325269,11.4999999999997));
#7814=CARTESIAN_POINT('Ctrl Pts',(-12.6321337801123,3.30708215473736,11.4999999999998));
#7815=CARTESIAN_POINT('Ctrl Pts',(-12.642890400924,3.37986767883694,11.4999999999999));
#7816=CARTESIAN_POINT('Ctrl Pts',(-12.6535449848111,3.45196276202864,11.5));
#7817=CARTESIAN_POINT('Ctrl Pts',(-12.6614797983459,3.52458859680772,11.5));
#7818=CARTESIAN_POINT('Ctrl Pts',(-12.6666418348366,3.59775572046684,11.5));
#7819=CARTESIAN_POINT('Ctrl Pts',(-12.6713659682412,3.66471597028716,11.5));
#7820=CARTESIAN_POINT('Ctrl Pts',(-12.6737672661116,3.73213005003895,11.5));
#7821=CARTESIAN_POINT('Ctrl Pts',(-12.6737672661116,3.79999999999999,11.5));
#7822=CARTESIAN_POINT('Ctrl Pts',(-12.6737672661116,3.79999999999999,11.5));
#7823=CARTESIAN_POINT('Ctrl Pts',(-12.6737672661116,3.87376215740958,11.5));
#7824=CARTESIAN_POINT('Ctrl Pts',(-12.6709315804811,3.946999460034,11.5));
#7825=CARTESIAN_POINT('Ctrl Pts',(-12.6653557358908,4.01971528524844,11.5));
#7826=CARTESIAN_POINT('Ctrl Pts',(-12.6597044907374,4.09341442592122,11.5));
#7827=CARTESIAN_POINT('Ctrl Pts',(-12.651238532003,4.1665786717241,11.5));
#7828=CARTESIAN_POINT('Ctrl Pts',(-12.6400044313705,4.23921877187809,11.5));
#7829=CARTESIAN_POINT('Ctrl Pts',(-12.6287611229844,4.31191840969955,11.5));
#7830=CARTESIAN_POINT('Ctrl Pts',(-12.6147450177718,4.3840938298804,11.5));
#7831=CARTESIAN_POINT('Ctrl Pts',(-12.5979508082483,4.45575115279886,11.5));
#7832=CARTESIAN_POINT('Ctrl Pts',(-12.5812888237435,4.52684429966278,11.5));
#7833=CARTESIAN_POINT('Ctrl Pts',(-12.5618920678222,4.59742821152165,11.5));
#7834=CARTESIAN_POINT('Ctrl Pts',(-12.539706968128,4.66749295591676,11.5));
#7835=CARTESIAN_POINT('Ctrl Pts',(-12.5263019099233,4.70982866725718,11.5));
#7836=CARTESIAN_POINT('Ctrl Pts',(-12.5118778977804,4.75197447322166,11.5));
#7837=CARTESIAN_POINT('Ctrl Pts',(-12.4964150533683,4.79392361866649,11.5));
#7838=CARTESIAN_POINT('Ctrl Pts',(-12.4920738843829,4.8057007745582,11.5));
#7839=CARTESIAN_POINT('Ctrl Pts',(-12.4878562921814,4.81691311003556,11.4999999999992));
#7840=CARTESIAN_POINT('Ctrl Pts',(-12.4834254542243,4.8284705233689,11.4999999999894));
#7841=CARTESIAN_POINT('Ctrl Pts',(-12.4798238185605,4.83786504252003,11.4999999999814));
#7842=CARTESIAN_POINT('Ctrl Pts',(-12.4760805710012,4.84748734871248,11.4999999999691));
#7843=CARTESIAN_POINT('Ctrl Pts',(-12.4719912884839,4.8578169849658,11.4999999999707));
#7844=CARTESIAN_POINT('Ctrl Pts',(-12.44427827588,4.92782079088352,11.4999999999819));
#7845=CARTESIAN_POINT('Ctrl Pts',(-12.4140222999868,4.99621366254537,11.499999999972));
#7846=CARTESIAN_POINT('Ctrl Pts',(-12.3813282136623,5.06302466775459,11.4999999998655));
#7847=CARTESIAN_POINT('Ctrl Pts',(-12.3482584123916,5.13060345380899,11.4999999997577));
#7848=CARTESIAN_POINT('Ctrl Pts',(-12.3126938912674,5.19656456761532,11.4999999995235));
#7849=CARTESIAN_POINT('Ctrl Pts',(-12.2746910855194,5.26092765478771,11.4999999991113));
#7850=CARTESIAN_POINT('Ctrl Pts',(-12.2364806465795,5.32564239792267,11.4999999986968));
#7851=CARTESIAN_POINT('Ctrl Pts',(-12.1958048379742,5.38874233540427,11.4999999980984));
#7852=CARTESIAN_POINT('Ctrl Pts',(-12.1526734379374,5.45022568860958,11.499999997532));
#7853=CARTESIAN_POINT('Ctrl Pts',(-12.1097125487397,5.5114659804226,11.4999999969678));
#7854=CARTESIAN_POINT('Ctrl Pts',(-12.0643149547321,5.57110309221938,11.4999999964566));
#7855=CARTESIAN_POINT('Ctrl Pts',(-12.0164497773387,5.62910348498253,11.4999999963457));
#7856=CARTESIAN_POINT('Ctrl Pts',(-11.9692204097314,5.6863334383716,11.4999999962363));
#7857=CARTESIAN_POINT('Ctrl Pts',(-11.9195880048731,5.74197038881397,11.4999999965595));
#7858=CARTESIAN_POINT('Ctrl Pts',(-11.8674913221955,5.79594253803709,11.4999999973003));
#7859=CARTESIAN_POINT('Ctrl Pts',(-11.8557970825975,5.8080577671111,11.4999999974666));
#7860=CARTESIAN_POINT('Ctrl Pts',(-11.8439785663802,5.82008893345554,11.499999997651));
#7861=CARTESIAN_POINT('Ctrl Pts',(-11.8320349051802,5.83203490518021,11.4999999978467));
#7862=CARTESIAN_POINT('Ctrl Pts',(-11.7799727412704,5.88410714061775,11.4999999987));
#7863=CARTESIAN_POINT('Ctrl Pts',(-11.7263089061558,5.93378264598765,11.4999999991447));
#7864=CARTESIAN_POINT('Ctrl Pts',(-11.6711146055415,5.98113775734945,11.4999999994276));
#7865=CARTESIAN_POINT('Ctrl Pts',(-11.6150789481188,6.02921472848513,11.4999999997148));
#7866=CARTESIAN_POINT('Ctrl Pts',(-11.557465311765,6.0749006236794,11.4999999998311));
#7867=CARTESIAN_POINT('Ctrl Pts',(-11.49830451548,6.11824400985692,11.4999999998988));
#7868=CARTESIAN_POINT('Ctrl Pts',(-11.4390617836426,6.16164742504886,11.4999999999667));
#7869=CARTESIAN_POINT('Ctrl Pts',(-11.378266969189,6.20270231749759,11.4999999999825));
#7870=CARTESIAN_POINT('Ctrl Pts',(-11.3159162353148,6.24141825918387,11.4999999999913));
#7871=CARTESIAN_POINT('Ctrl Pts',(-11.2540648841477,6.27982411515725,11.5));
#7872=CARTESIAN_POINT('Ctrl Pts',(-11.1906817490967,6.31592868634739,11.4999999999996));
#7873=CARTESIAN_POINT('Ctrl Pts',(-11.1257388092079,6.34969670156324,11.4999999999999));
#7874=CARTESIAN_POINT('Ctrl Pts',(-11.0609012511034,6.38340992200533,11.5000000000001));
#7875=CARTESIAN_POINT('Ctrl Pts',(-10.9945082519174,6.41479451193358,11.5));
#7876=CARTESIAN_POINT('Ctrl Pts',(-10.9265178942294,6.44376544605516,11.5));
#7877=CARTESIAN_POINT('Ctrl Pts',(-10.9142273941535,6.44900247201191,11.5));
#7878=CARTESIAN_POINT('Ctrl Pts',(-10.9013434466097,6.45438493937799,11.4999999999995));
#7879=CARTESIAN_POINT('Ctrl Pts',(-10.8887422696013,6.45954235997117,11.4999999999915));
#7880=CARTESIAN_POINT('Ctrl Pts',(-10.8780474875659,6.46391952958576,11.4999999999847));
#7881=CARTESIAN_POINT('Ctrl Pts',(-10.8675568657286,6.46813559542555,11.4999999999738));
#7882=CARTESIAN_POINT('Ctrl Pts',(-10.8578171068047,6.47199159624278,11.4999999999752));
#7883=CARTESIAN_POINT('Ctrl Pts',(-10.7873114110952,6.49990502021989,11.4999999999855));
#7884=CARTESIAN_POINT('Ctrl Pts',(-10.7161824155256,6.52483839060374,11.4999999999766));
#7885=CARTESIAN_POINT('Ctrl Pts',(-10.6444811663191,6.5468777617955,11.4999999998614));
#7886=CARTESIAN_POINT('Ctrl Pts',(-10.5717798809985,6.56922452187331,11.4999999997445));
#7887=CARTESIAN_POINT('Ctrl Pts',(-10.4984895322059,6.5885963586158,11.4999999994852));
#7888=CARTESIAN_POINT('Ctrl Pts',(-10.4246364144243,6.60503677555693,11.4999999990622));
#7889=CARTESIAN_POINT('Ctrl Pts',(-10.3507547454007,6.62148354828013,11.499999998639));
#7890=CARTESIAN_POINT('Ctrl Pts',(-10.2763090598697,6.63499682705961,11.4999999980534));
#7891=CARTESIAN_POINT('Ctrl Pts',(-10.2013106920979,6.64557019426393,11.4999999975957));
#7892=CARTESIAN_POINT('Ctrl Pts',(-10.1270236632009,6.65604327599067,11.4999999971424));
#7893=CARTESIAN_POINT('Ctrl Pts',(-10.0521935804326,6.66363198671564,11.4999999968497));
#7894=CARTESIAN_POINT('Ctrl Pts',(-9.97682882030656,6.66827950045147,11.4999999970312));
#7895=CARTESIAN_POINT('Ctrl Pts',(-9.91820703361249,6.67189452633922,11.4999999971723));
#7896=CARTESIAN_POINT('Ctrl Pts',(-9.859261571809,6.67372901746938,11.4999999976149));
#7897=CARTESIAN_POINT('Ctrl Pts',(-9.8,6.67373466272494,11.4999999982284));
#7898=CARTESIAN_POINT('Ctrl Pts',(-9.72626977495614,6.67374168626398,11.4999999989917));
#7899=CARTESIAN_POINT('Ctrl Pts',(-9.65305753589642,6.67091393955033,11.4999999993599));
#7900=CARTESIAN_POINT('Ctrl Pts',(-9.58035966966564,6.66534569031611,11.4999999995868));
#7901=CARTESIAN_POINT('Ctrl Pts',(-9.50670275471253,6.65970398332321,11.4999999998167));
#7902=CARTESIAN_POINT('Ctrl Pts',(-9.43357309151082,6.65124904375522,11.4999999998965));
#7903=CARTESIAN_POINT('Ctrl Pts',(-9.36095983970095,6.6400260568818,11.4999999999416));
#7904=CARTESIAN_POINT('Ctrl Pts',(-9.28830208121605,6.6287961911286,11.4999999999866));
#7905=CARTESIAN_POINT('Ctrl Pts',(-9.21616058024138,6.614794768148,11.4999999999929));
#7906=CARTESIAN_POINT('Ctrl Pts',(-9.14452928008393,6.59801510785176,11.4999999999969));
#7907=CARTESIAN_POINT('Ctrl Pts',(-9.07348372467002,6.58137265849257,11.5000000000008));
#7908=CARTESIAN_POINT('Ctrl Pts',(-9.00293932553731,6.5619969815042,11.5));
#7909=CARTESIAN_POINT('Ctrl Pts',(-8.93290620703548,6.53983324854381,11.5));
#7910=CARTESIAN_POINT('Ctrl Pts',(-8.89044909620549,6.52639663331325,11.5));
#7911=CARTESIAN_POINT('Ctrl Pts',(-8.84818025526471,6.51193439676833,11.5));
#7912=CARTESIAN_POINT('Ctrl Pts',(-8.80610657710674,6.49642618361858,11.5));
#7913=CARTESIAN_POINT('Ctrl Pts',(-8.79430768328783,6.4920771519131,11.5));
#7914=CARTESIAN_POINT('Ctrl Pts',(-8.7830717399192,6.48785067441157,11.4999999999992));
#7915=CARTESIAN_POINT('Ctrl Pts',(-8.77149045900186,6.48341049442921,11.4999999999893));
#7916=CARTESIAN_POINT('Ctrl Pts',(-8.76210591803394,6.47981252877698,11.4999999999813));
#7917=CARTESIAN_POINT('Ctrl Pts',(-8.7524948439993,6.47607352147588,11.4999999999691));
#7918=CARTESIAN_POINT('Ctrl Pts',(-8.74218301503418,6.47199128848393,11.4999999999707));
#7919=CARTESIAN_POINT('Ctrl Pts',(-8.67217920913411,6.44427827588703,11.4999999999819));
#7920=CARTESIAN_POINT('Ctrl Pts',(-8.60378633748953,6.41402230000226,11.499999999972));
#7921=CARTESIAN_POINT('Ctrl Pts',(-8.53697533229702,6.38132821368777,11.4999999998654));
#7922=CARTESIAN_POINT('Ctrl Pts',(-8.46939654625965,6.34825841242722,11.4999999997577));
#7923=CARTESIAN_POINT('Ctrl Pts',(-8.40343543246979,6.31269389131456,11.4999999995235));
#7924=CARTESIAN_POINT('Ctrl Pts',(-8.33907234531313,6.2746910855796,11.4999999991113));
#7925=CARTESIAN_POINT('Ctrl Pts',(-8.2743576021938,6.23648064665261,11.4999999986968));
#7926=CARTESIAN_POINT('Ctrl Pts',(-8.21125766472709,6.19580483806171,11.4999999980984));
#7927=CARTESIAN_POINT('Ctrl Pts',(-8.14977431153578,6.15267343804055,11.499999997532));
#7928=CARTESIAN_POINT('Ctrl Pts',(-8.08853401973647,6.10971254885825,11.4999999969678));
#7929=CARTESIAN_POINT('Ctrl Pts',(-8.02889690795252,6.06431495486733,11.4999999964566));
#7930=CARTESIAN_POINT('Ctrl Pts',(-7.97089651520117,6.01644977749182,11.4999999963457));
#7931=CARTESIAN_POINT('Ctrl Pts',(-7.91366656182345,5.96922040990185,11.4999999962363));
#7932=CARTESIAN_POINT('Ctrl Pts',(-7.85802961139145,5.91958800506205,11.4999999965595));
#7933=CARTESIAN_POINT('Ctrl Pts',(-7.80405746217754,5.86749132240407,11.4999999973003));
#7934=CARTESIAN_POINT('Ctrl Pts',(-7.7919422330308,5.85579708273826,11.4999999974666));
#7935=CARTESIAN_POINT('Ctrl Pts',(-7.77991106661459,5.84397856645161,11.499999997651));
#7936=CARTESIAN_POINT('Ctrl Pts',(-7.76796509481917,5.83203490518083,11.4999999978467));
#7937=CARTESIAN_POINT('Ctrl Pts',(-7.71589285938114,5.77997274127028,11.4999999987));
#7938=CARTESIAN_POINT('Ctrl Pts',(-7.66621735401082,5.72630890615495,11.4999999991447));
#7939=CARTESIAN_POINT('Ctrl Pts',(-7.6188622426487,5.67111460554007,11.4999999994276));
#7940=CARTESIAN_POINT('Ctrl Pts',(-7.57078527151243,5.61507894811639,11.4999999997148));
#7941=CARTESIAN_POINT('Ctrl Pts',(-7.52509937631769,5.55746531176166,11.4999999998311));
#7942=CARTESIAN_POINT('Ctrl Pts',(-7.48175599013981,5.49830451547587,11.4999999998988));
#7943=CARTESIAN_POINT('Ctrl Pts',(-7.43835257494738,5.43906178363743,11.4999999999667));
#7944=CARTESIAN_POINT('Ctrl Pts',(-7.39729768249829,5.37826696918296,11.4999999999825));
#7945=CARTESIAN_POINT('Ctrl Pts',(-7.35858174081174,5.31591623530789,11.4999999999913));
#7946=CARTESIAN_POINT('Ctrl Pts',(-7.32017588483791,5.25406488413954,11.5));
#7947=CARTESIAN_POINT('Ctrl Pts',(-7.28407131364745,5.19068174908744,11.4999999999996));
#7948=CARTESIAN_POINT('Ctrl Pts',(-7.25030329843138,5.12573880919754,11.4999999999999));
#7949=CARTESIAN_POINT('Ctrl Pts',(-7.21659007799119,5.06090125109609,11.5000000000001));
#7950=CARTESIAN_POINT('Ctrl Pts',(-7.18520548806467,4.99450825191333,11.5));
#7951=CARTESIAN_POINT('Ctrl Pts',(-7.15623455394461,4.92651789422889,11.5));
#7952=CARTESIAN_POINT('Ctrl Pts',(-7.1509901604609,4.91421010369241,11.5));
#7953=CARTESIAN_POINT('Ctrl Pts',(-7.1456012222139,4.90131029246631,11.4999999999995));
#7954=CARTESIAN_POINT('Ctrl Pts',(-7.14043762685221,4.88869336596862,11.4999999999914));
#7955=CARTESIAN_POINT('Ctrl Pts',(-7.13606862722987,4.87801798510659,11.4999999999846));
#7956=CARTESIAN_POINT('Ctrl Pts',(-7.1318599476534,4.8675456028594,11.4999999999737));
#7957=CARTESIAN_POINT('Ctrl Pts',(-7.1280084055587,4.85781710609154,11.4999999999752));
#7958=CARTESIAN_POINT('Ctrl Pts',(-7.10084480499512,4.78920536726364,11.4999999999852));
#7959=CARTESIAN_POINT('Ctrl Pts',(-7.0765137512474,4.72003790995827,11.4999999999903));
#7960=CARTESIAN_POINT('Ctrl Pts',(-7.05492488717395,4.65034678217484,11.4999999999936));
#7961=CARTESIAN_POINT('Ctrl Pts',(-7.03304802250143,4.57972595811452,11.4999999999969));
#7962=CARTESIAN_POINT('Ctrl Pts',(-7.01398666009248,4.50856669016011,11.4999999999982));
#7963=CARTESIAN_POINT('Ctrl Pts',(-6.99769335443984,4.43687607193482,11.4999999999989));
#7964=CARTESIAN_POINT('Ctrl Pts',(-6.98139498811878,4.3651631867457,11.4999999999997));
#7965=CARTESIAN_POINT('Ctrl Pts',(-6.9678662198874,4.2929178452607,11.4999999999998));
#7966=CARTESIAN_POINT('Ctrl Pts',(-6.95710959907564,4.22013232116084,11.4999999999999));
#7967=CARTESIAN_POINT('Ctrl Pts',(-6.94645501518851,4.14803723796861,11.5));
#7968=CARTESIAN_POINT('Ctrl Pts',(-6.93852020165378,4.07541140318904,11.5));
#7969=CARTESIAN_POINT('Ctrl Pts',(-6.93335816516319,4.0022442795295,11.5));
#7970=CARTESIAN_POINT('Ctrl Pts',(-6.92863403175876,3.93528402971032,11.5));
#7971=CARTESIAN_POINT('Ctrl Pts',(-6.92623273388843,3.86786994995975,11.5));
#7972=CARTESIAN_POINT('Ctrl Pts',(-6.92623273388843,3.8,11.5));
#7973=CARTESIAN_POINT('Origin',(-26.,6.20595841807601,2.2));
#7974=CARTESIAN_POINT('',(-29.9968582925033,6.20595841807601,2.20000000001619));
#7975=CARTESIAN_POINT('Origin',(-26.,6.20595841807601,2.20000000001619));
#7976=CARTESIAN_POINT('Origin',(-30.2299840482588,5.43314864104404,3.20000000004939));
#7977=CARTESIAN_POINT('',(-29.9874082621293,5.47746676069958,7.60000000002492));
#7978=CARTESIAN_POINT('',(-30.3248095577359,5.71776790032284,2.5));
#7979=CARTESIAN_POINT('Origin',(-34.75,19.,11.5000000000001));
#7980=CARTESIAN_POINT('',(-35.273168490357,5.00977860322798,2.4999999999999));
#7981=CARTESIAN_POINT('',(-35.273168490357,5.00977860322798,2.4999999999999));
#7982=CARTESIAN_POINT('Origin',(-34.75,19.,2.49999999999989));
#7983=CARTESIAN_POINT('Origin',(-34.75,19.,11.5000000000001));
#7984=CARTESIAN_POINT('Origin',(-26.,6.20595841807601,2.49999999999992));
#7985=CARTESIAN_POINT('',(-21.,14.1067495177065,2.49999999999996));
#7986=CARTESIAN_POINT('',(-21.,14.1067495177065,2.5));
#7987=CARTESIAN_POINT('Origin',(-26.,6.20595841807601,2.49999999999992));
#7988=CARTESIAN_POINT('Origin',(-34.75,19.,2.5));
#7989=CARTESIAN_POINT('',(-20.9999999999997,16.3377640976051,2.49999999999943));
#7990=CARTESIAN_POINT('',(-21.,19.,2.5));
#7991=CARTESIAN_POINT('Origin',(-20.6999999997955,16.337764097578,2.4999999999995));
#7992=CARTESIAN_POINT('Origin',(-20.7,16.3377640976051,2.49999999999773));
#7993=CARTESIAN_POINT('',(-21.,16.3377640976051,2.5));
#7994=CARTESIAN_POINT('Origin',(-18.,3.,7.5));
#7995=CARTESIAN_POINT('Origin',(-18.,5.0276425950798,7.5));
#7996=CARTESIAN_POINT('',(-18.,5.00774511426743,9.4));
#7997=CARTESIAN_POINT('Origin',(-18.,5.0276425950798,7.5));
#7998=CARTESIAN_POINT('',(-18.,3.,9.4));
#7999=CARTESIAN_POINT('Origin',(-18.,5.0276425950798,7.5));
#8000=CARTESIAN_POINT('Origin',(0.,5.07999561354924,2.5008377427293));
#8001=CARTESIAN_POINT('Origin',(-9.8,3.8,2.50000000011141));
#8002=CARTESIAN_POINT('',(-12.931134004819,2.9078677618069,11.5000000000121));
#8003=CARTESIAN_POINT('Ctrl Pts',(-12.931134004819,2.9078677618069,11.5000000000121));
#8004=CARTESIAN_POINT('Ctrl Pts',(-12.9384525235199,2.88395933841302,10.2023240714581));
#8005=CARTESIAN_POINT('Ctrl Pts',(-12.9454039566182,2.85950332002161,8.90467842817781));
#8006=CARTESIAN_POINT('Ctrl Pts',(-12.9519620355275,2.83443043043717,7.60467480616322));
#8007=CARTESIAN_POINT('Ctrl Pts',(-12.9519738255658,2.83438534763752,7.60233740323284));
#8008=CARTESIAN_POINT('Ctrl Pts',(-12.951985614287,2.83434026298144,7.60000000031947));
#8009=CARTESIAN_POINT('Origin',(-9.8,3.8,11.5000000000123));
#8010=CARTESIAN_POINT('Ctrl Pts',(-13.3101713563505,2.4057487750992,11.5000000000121));
#8011=CARTESIAN_POINT('Ctrl Pts',(-13.2866427589184,2.41933850240924,10.2023240714581));
#8012=CARTESIAN_POINT('Ctrl Pts',(-13.2628772839507,2.43292791256095,8.90467842817791));
#8013=CARTESIAN_POINT('Ctrl Pts',(-13.2387997790797,2.44655198429193,7.60372296890103));
#8014=CARTESIAN_POINT('Ctrl Pts',(-13.2387389017272,2.44658643041787,7.60043372641354));
#8015=CARTESIAN_POINT('Ctrl Pts',(-13.2386780227515,2.44662087652354,7.59714448586133));
#8016=CARTESIAN_POINT('Ctrl Pts',(-13.2502649491765,2.40573740144732,11.501086064061));
#8017=CARTESIAN_POINT('Ctrl Pts',(-13.2313560430959,2.41932792932482,10.2033336897386));
#8018=CARTESIAN_POINT('Ctrl Pts',(-13.2122434159741,2.43291816196706,8.90560950727286));
#8019=CARTESIAN_POINT('Ctrl Pts',(-13.1928649037022,2.44654308212073,7.60457303255474));
#8020=CARTESIAN_POINT('Ctrl Pts',(-13.1928159071874,2.4465775304009,7.60128358436132));
#8021=CARTESIAN_POINT('Ctrl Pts',(-13.1927669092193,2.44661197864661,7.59799413945787));
#8022=CARTESIAN_POINT('Ctrl Pts',(-13.1138027998006,2.43393663975772,11.5031738166335));
#8023=CARTESIAN_POINT('Ctrl Pts',(-13.1052847768675,2.44541822502609,10.2052785900925));
#8024=CARTESIAN_POINT('Ctrl Pts',(-13.0966657695729,2.45686913013705,8.90740673337201));
#8025=CARTESIAN_POINT('Ctrl Pts',(-13.0879159196113,2.46831766920889,7.60621696809936));
#8026=CARTESIAN_POINT('Ctrl Pts',(-13.0878937970404,2.46834661528464,7.60292713228045));
#8027=CARTESIAN_POINT('Ctrl Pts',(-13.0878716729377,2.46837556024928,7.59963729983322));
#8028=CARTESIAN_POINT('Ctrl Pts',(-12.9585579124219,2.58575652643532,11.5039104834671));
#8029=CARTESIAN_POINT('Ctrl Pts',(-12.9620861252609,2.58623586788549,10.2059663226209));
#8030=CARTESIAN_POINT('Ctrl Pts',(-12.965583963558,2.58645312551829,8.90804359368788));
#8031=CARTESIAN_POINT('Ctrl Pts',(-12.9690537065402,2.5863907744455,7.60680063277858));
#8032=CARTESIAN_POINT('Ctrl Pts',(-12.9690624803393,2.58639061447434,7.60351066129454));
#8033=CARTESIAN_POINT('Ctrl Pts',(-12.9690712518797,2.58639045347485,7.60022069498238));
#8034=CARTESIAN_POINT('Ctrl Pts',(-12.9068861849388,2.76611798506439,11.5023791587213));
#8035=CARTESIAN_POINT('Ctrl Pts',(-12.9151776567807,2.75323452476389,10.2045377474147));
#8036=CARTESIAN_POINT('Ctrl Pts',(-12.9233070979721,2.73987034459307,8.90672163395181));
#8037=CARTESIAN_POINT('Ctrl Pts',(-12.9312721976479,2.72596176059449,7.60558987663711));
#8038=CARTESIAN_POINT('Ctrl Pts',(-12.9312923346936,2.72592659099165,7.60230018781714));
#8039=CARTESIAN_POINT('Ctrl Pts',(-12.9313124706972,2.72589141941221,7.59901050185401));
#8040=CARTESIAN_POINT('Ctrl Pts',(-12.9188142467764,2.86465999576809,11.5008145480488));
#8041=CARTESIAN_POINT('Ctrl Pts',(-12.9268042189072,2.84416297269737,10.2030812851685));
#8042=CARTESIAN_POINT('Ctrl Pts',(-12.9344942765908,2.82312800658407,8.90537673749902));
#8043=CARTESIAN_POINT('Ctrl Pts',(-12.941869418333,2.80147388265539,7.60436051664131));
#8044=CARTESIAN_POINT('Ctrl Pts',(-12.9418880631655,2.80141913000188,7.60107111987438));
#8045=CARTESIAN_POINT('Ctrl Pts',(-12.9419067054456,2.80136437424487,7.59778172605874));
#8046=CARTESIAN_POINT('Ctrl Pts',(-12.931134004819,2.9078677618069,11.5000000000121));
#8047=CARTESIAN_POINT('Ctrl Pts',(-12.9384525235199,2.88395933841302,10.2023240714581));
#8048=CARTESIAN_POINT('Ctrl Pts',(-12.9454039566182,2.85950332002161,8.90467842817781));
#8049=CARTESIAN_POINT('Ctrl Pts',(-12.9519668372248,2.8344120725571,7.60372296890104));
#8050=CARTESIAN_POINT('Ctrl Pts',(-12.9519834276294,2.83434863005565,7.60043372641355));
#8051=CARTESIAN_POINT('Ctrl Pts',(-12.9520000154589,2.83428518387956,7.59714448586133));
#8052=CARTESIAN_POINT('',(-13.3101713563502,2.40574877509933,11.4999999999999));
#8053=CARTESIAN_POINT('Ctrl Pts',(-13.2387308736857,2.44659097255294,7.60000000031948));
#8054=CARTESIAN_POINT('Ctrl Pts',(-13.2387741348812,2.44656649443209,7.60233740323285));
#8055=CARTESIAN_POINT('Ctrl Pts',(-13.2388173952603,2.44654201631106,7.60467480616322));
#8056=CARTESIAN_POINT('Ctrl Pts',(-13.2628772839507,2.43292791256095,8.90467842817791));
#8057=CARTESIAN_POINT('Ctrl Pts',(-13.2866427589184,2.41933850240924,10.2023240714581));
#8058=CARTESIAN_POINT('Ctrl Pts',(-13.3101713563505,2.4057487750992,11.5000000000121));
#8059=CARTESIAN_POINT('Ctrl Pts',(-13.3101713563502,2.40574877509933,11.5));
#8060=CARTESIAN_POINT('Ctrl Pts',(-13.2967788523341,2.40574877509933,11.5));
#8061=CARTESIAN_POINT('Ctrl Pts',(-13.2833372617552,2.40645257209169,11.5000012097592));
#8062=CARTESIAN_POINT('Ctrl Pts',(-13.2699788219493,2.407823362726,11.5000025186293));
#8063=CARTESIAN_POINT('Ctrl Pts',(-13.2557777526228,2.40928062069272,11.500003910061));
#8064=CARTESIAN_POINT('Ctrl Pts',(-13.2416697008859,2.41149109350172,11.5000054387106));
#8065=CARTESIAN_POINT('Ctrl Pts',(-13.227752663623,2.41442848115109,11.5000066285074));
#8066=CARTESIAN_POINT('Ctrl Pts',(-13.2126377329033,2.41761870116546,11.5000079207147));
#8067=CARTESIAN_POINT('Ctrl Pts',(-13.1977469948819,2.4216654478356,11.5000088459789));
#8068=CARTESIAN_POINT('Ctrl Pts',(-13.1831529078869,2.42656767499807,11.5000093099131));
#8069=CARTESIAN_POINT('Ctrl Pts',(-13.174807115411,2.42937106863153,11.500009575219));
#8070=CARTESIAN_POINT('Ctrl Pts',(-13.1665574881496,2.43245489113413,11.500009695913));
#8071=CARTESIAN_POINT('Ctrl Pts',(-13.1584129876299,2.43582490502733,11.5000096559994));
#8072=CARTESIAN_POINT('Ctrl Pts',(-13.1451270511017,2.44132233124469,11.5000095908892));
#8073=CARTESIAN_POINT('Ctrl Pts',(-13.1321990922775,2.44754846472252,11.5000090339388));
#8074=CARTESIAN_POINT('Ctrl Pts',(-13.1196728875281,2.45451187020417,11.5000075547642));
#8075=CARTESIAN_POINT('Ctrl Pts',(-13.1062771091222,2.46195867780865,11.5000059729048));
#8076=CARTESIAN_POINT('Ctrl Pts',(-13.0933399833901,2.47024631732428,11.5000033833953));
#8077=CARTESIAN_POINT('Ctrl Pts',(-13.0809076389854,2.47925622379062,11.500001159939));
#8078=CARTESIAN_POINT('Ctrl Pts',(-13.0676581981933,2.48885829226476,11.4999987903495));
#8079=CARTESIAN_POINT('Ctrl Pts',(-13.0549807894456,2.4992811812745,11.4999968529834));
#8080=CARTESIAN_POINT('Ctrl Pts',(-13.04293620428,2.51043966182014,11.4999961232415));
#8081=CARTESIAN_POINT('Ctrl Pts',(-13.0386386523332,2.51442104840445,11.4999958628669));
#8082=CARTESIAN_POINT('Ctrl Pts',(-13.0344218051029,2.51849655715297,11.4999957471861));
#8083=CARTESIAN_POINT('Ctrl Pts',(-13.030289065041,2.52266375602045,11.4999957801057));
#8084=CARTESIAN_POINT('Ctrl Pts',(-13.0183127359713,2.5347399437766,11.4999958755038));
#8085=CARTESIAN_POINT('Ctrl Pts',(-13.0071205325478,2.54750242470216,11.4999972851981));
#8086=CARTESIAN_POINT('Ctrl Pts',(-12.9967924975568,2.56088530865413,11.4999993144258));
#8087=CARTESIAN_POINT('Ctrl Pts',(-12.9867658613523,2.57387764542205,11.5000012844354));
#8088=CARTESIAN_POINT('Ctrl Pts',(-12.977552604859,2.5874558332986,11.5000038425988));
#8089=CARTESIAN_POINT('Ctrl Pts',(-12.9692625071549,2.6015906444549,11.5000052658855));
#8090=CARTESIAN_POINT('Ctrl Pts',(-12.9677788189061,2.60412036774153,11.5000055206128));
#8091=CARTESIAN_POINT('Ctrl Pts',(-12.9663248213424,2.60666797798567,11.5000057359979));
#8092=CARTESIAN_POINT('Ctrl Pts',(-12.9649013134156,2.60923337571656,11.5000058981571));
#8093=CARTESIAN_POINT('Ctrl Pts',(-12.9577289386793,2.62215918633307,11.5000067151998));
#8094=CARTESIAN_POINT('Ctrl Pts',(-12.9513281831137,2.63553659441686,11.5000062242941));
#8095=CARTESIAN_POINT('Ctrl Pts',(-12.94569068467,2.64929320291447,11.5000054702035));
#8096=CARTESIAN_POINT('Ctrl Pts',(-12.9395017383888,2.66439545293794,11.5000046423495));
#8097=CARTESIAN_POINT('Ctrl Pts',(-12.9342684831376,2.67986480473897,11.5000035352639));
#8098=CARTESIAN_POINT('Ctrl Pts',(-12.9299846088724,2.69560246902594,11.5000027200883));
#8099=CARTESIAN_POINT('Ctrl Pts',(-12.9259822186596,2.71030604565228,11.5000019584761));
#8100=CARTESIAN_POINT('Ctrl Pts',(-12.9228090110221,2.72524513991179,11.5000014253368));
#8101=CARTESIAN_POINT('Ctrl Pts',(-12.9204996212081,2.74032048683056,11.5000011212547));
#8102=CARTESIAN_POINT('Ctrl Pts',(-12.9193115127474,2.74807627890797,11.500000964814));
#8103=CARTESIAN_POINT('Ctrl Pts',(-12.918352660483,2.75586770996726,11.5000008635159));
#8104=CARTESIAN_POINT('Ctrl Pts',(-12.9176317733325,2.76367743399653,11.5000007974683));
#8105=CARTESIAN_POINT('Ctrl Pts',(-12.9169991107965,2.77053137751092,11.5000007395038));
#8106=CARTESIAN_POINT('Ctrl Pts',(-12.916549846996,2.77739930638112,11.500000708022));
#8107=CARTESIAN_POINT('Ctrl Pts',(-12.9162827574561,2.78427750315677,11.5000007089141));
#8108=CARTESIAN_POINT('Ctrl Pts',(-12.9156868151934,2.7996244469225,11.5000007109044));
#8109=CARTESIAN_POINT('Ctrl Pts',(-12.9159988276667,2.81494756638764,11.5000009016246));
#8110=CARTESIAN_POINT('Ctrl Pts',(-12.9171943613318,2.83021413891349,11.5000009336637));
#8111=CARTESIAN_POINT('Ctrl Pts',(-12.9182913545307,2.84422238202727,11.5000009630621));
#8112=CARTESIAN_POINT('Ctrl Pts',(-12.9201332729682,2.85818346443581,11.5000008337209));
#8113=CARTESIAN_POINT('Ctrl Pts',(-12.9227146241479,2.87203298585949,11.5000005699757));
#8114=CARTESIAN_POINT('Ctrl Pts',(-12.9249614049316,2.8840874629266,11.5000003404147));
#8115=CARTESIAN_POINT('Ctrl Pts',(-12.9277689384411,2.8960573223748,11.5));
#8116=CARTESIAN_POINT('Ctrl Pts',(-12.9311340048191,2.90786776180668,11.5));
#8117=CARTESIAN_POINT('Origin',(0.,0.,11.5));
#8118=CARTESIAN_POINT('',(-24.4764187707806,2.40574877509933,11.5000000000061));
#8119=CARTESIAN_POINT('',(0.,2.40574877509933,11.5));
#8120=CARTESIAN_POINT('Origin',(-26.,6.20595841807601,11.5000000000123));
#8121=CARTESIAN_POINT('Origin',(-26.,6.20595841807601,11.4999999998986));
#8122=CARTESIAN_POINT('',(-30.0942512249,6.20595841807601,11.4999999998986));
#8123=CARTESIAN_POINT('Ctrl Pts',(-24.4932872749521,2.49266934917439,3.19999999999627));
#8124=CARTESIAN_POINT('Ctrl Pts',(-24.4876329649462,2.46369582515441,5.96666660252535));
#8125=CARTESIAN_POINT('Ctrl Pts',(-24.4820104787022,2.43472230045156,8.73333327025822));
#8126=CARTESIAN_POINT('Ctrl Pts',(-24.4764187707806,2.40574877509933,11.5000000000061));
#8127=CARTESIAN_POINT('Origin',(-21.,0.,2.5));
#8128=CARTESIAN_POINT('',(-20.9414621777348,2.44146217773479,8.08974592576436));
#8129=CARTESIAN_POINT('',(-20.9414621777348,5.02146656442608,8.08974592576437));
#8130=CARTESIAN_POINT('',(-20.9414621777348,0.,8.08974592576435));
#8131=CARTESIAN_POINT('',(-20.9465909725563,5.02659535924757,7.6));
#8132=CARTESIAN_POINT('',(-20.9414621777348,2.44146217773479,8.08974592576435));
#8133=CARTESIAN_POINT('Origin',(0.,5.07999561354924,2.5008377427293));
#8134=CARTESIAN_POINT('Origin',(-18.,5.0276425950798,7.5));
#8135=CARTESIAN_POINT('Origin',(0.,5.07999561354924,2.5008377427293));
#8136=CARTESIAN_POINT('Origin',(-18.,5.0276425950798,7.5));
#8137=CARTESIAN_POINT('Origin',(0.,2.5,2.5));
#8138=CARTESIAN_POINT('Origin',(-18.,2.44763820838851,7.50000000000002));
#8139=CARTESIAN_POINT('Origin',(-18.,5.,7.5));
#8140=UNCERTAINTY_MEASURE_WITH_UNIT(LENGTH_MEASURE(0.01),#8144,
'DISTANCE_ACCURACY_VALUE',
'Maximum model space distance between geometric entities at asserted c
onnectivities');
#8141=UNCERTAINTY_MEASURE_WITH_UNIT(LENGTH_MEASURE(0.01),#8144,
'DISTANCE_ACCURACY_VALUE',
'Maximum model space distance between geometric entities at asserted c
onnectivities');
#8142=(
GEOMETRIC_REPRESENTATION_CONTEXT(3)
GLOBAL_UNCERTAINTY_ASSIGNED_CONTEXT((#8140))
GLOBAL_UNIT_ASSIGNED_CONTEXT((#8144,#8146,#8147))
REPRESENTATION_CONTEXT('','3D')
);
#8143=(
GEOMETRIC_REPRESENTATION_CONTEXT(3)
GLOBAL_UNCERTAINTY_ASSIGNED_CONTEXT((#8141))
GLOBAL_UNIT_ASSIGNED_CONTEXT((#8144,#8146,#8147))
REPRESENTATION_CONTEXT('','3D')
);
#8144=(
LENGTH_UNIT()
NAMED_UNIT(*)
SI_UNIT(.MILLI.,.METRE.)
);
#8145=(
LENGTH_UNIT()
NAMED_UNIT(*)
SI_UNIT($,.METRE.)
);
#8146=(
NAMED_UNIT(*)
PLANE_ANGLE_UNIT()
SI_UNIT($,.RADIAN.)
);
#8147=(
NAMED_UNIT(*)
SI_UNIT($,.STERADIAN.)
SOLID_ANGLE_UNIT()
);
#8148=SHAPE_DEFINITION_REPRESENTATION(#8149,#8150);
#8149=PRODUCT_DEFINITION_SHAPE('',$,#8152);
#8150=SHAPE_REPRESENTATION('',(#3792),#8142);
#8151=PRODUCT_DEFINITION_CONTEXT('part definition',#8156,'design');
#8152=PRODUCT_DEFINITION('\X\BC\X\B7\X\B3\X\F6\X\B3\X\DD\X\CD\X\E2\X\BF
\X\C7','extruder rear opt v2',#8153,#8151);
#8153=PRODUCT_DEFINITION_FORMATION('',$,#8158);
#8154=PRODUCT_RELATED_PRODUCT_CATEGORY('extruder rear opt v2',
'extruder rear opt v2',(#8158));
#8155=APPLICATION_PROTOCOL_DEFINITION('international standard',
'automotive_design',2009,#8156);
#8156=APPLICATION_CONTEXT(
'Core Data for Automotive Mechanical Design Process');
#8157=PRODUCT_CONTEXT('part definition',#8156,'mechanical');
#8158=PRODUCT('\X\BC\X\B7\X\B3\X\F6\X\B3\X\DD\X\CD\X\E2\X\BF\X\C7',
'extruder rear opt v2','STEP AP214',(#8157));
#8159=PRESENTATION_STYLE_ASSIGNMENT((#8162));
#8160=PRESENTATION_STYLE_ASSIGNMENT((#8163));
#8161=PRESENTATION_STYLE_ASSIGNMENT((#8164));
#8162=SURFACE_STYLE_USAGE(.BOTH.,#8165);
#8163=SURFACE_STYLE_USAGE(.BOTH.,#8166);
#8164=SURFACE_STYLE_USAGE(.BOTH.,#8167);
#8165=SURFACE_SIDE_STYLE('',(#8168));
#8166=SURFACE_SIDE_STYLE('',(#8169));
#8167=SURFACE_SIDE_STYLE('',(#8170));
#8168=SURFACE_STYLE_FILL_AREA(#8171);
#8169=SURFACE_STYLE_FILL_AREA(#8172);
#8170=SURFACE_STYLE_FILL_AREA(#8173);
#8171=FILL_AREA_STYLE('ABS (White)',(#8174));
#8172=FILL_AREA_STYLE('Brass - Matte',(#8175));
#8173=FILL_AREA_STYLE('Powder Coat - Rough (Dark Grey)',(#8176));
#8174=FILL_AREA_STYLE_COLOUR('ABS (White)',#8177);
#8175=FILL_AREA_STYLE_COLOUR('Brass - Matte',#8178);
#8176=FILL_AREA_STYLE_COLOUR('Powder Coat - Rough (Dark Grey)',#8179);
#8177=COLOUR_RGB('ABS (White)',0.964705882352941,0.964705882352941,0.952941176470588);
#8178=COLOUR_RGB('Brass - Matte',0.952941176470588,0.796078431372549,0.486274509803922);
#8179=COLOUR_RGB('Powder Coat - Rough (Dark Grey)',0.349019607843137,0.349019607843137,
0.349019607843137);
ENDSEC;
END-ISO-10303-21;
