ISO-10303-21;
HEADER;
/* Generated by software containing ST-Developer
 * from STEP Tools, Inc. (www.steptools.com) 
 */

FILE_DESCRIPTION(
/* description */ ('STEP AP214'),
/* implementation_level */ '2;1');

FILE_NAME(
/* name */ 'filamentcutter_opt.step',
/* time_stamp */ '2026-03-07T12:31:28-05:00',
/* author */ (''),
/* organization */ (''),
/* preprocessor_version */ 'ST-DEVELOPER v20.1',
/* originating_system */ 'Autodesk Translation Framework v14.24.0.0',
/* authorisation */ '');

FILE_SCHEMA (('AUTOMOTIVE_DESIGN { 1 0 10303 214 3 1 1 }'));
ENDSEC;

DATA;
#10=MECHANICAL_DESIGN_GEOMETRIC_PRESENTATION_REPRESENTATION('',(#17),#4996);
#11=ITEM_DEFINED_TRANSFORMATION($,$,#2423,#2553);
#12=(
REPRESENTATION_RELATIONSHIP($,$,#5007,#5006)
REPRESENTATION_RELATIONSHIP_WITH_TRANSFORMATION(#11)
SHAPE_REPRESENTATION_RELATIONSHIP()
);
#13=CONTEXT_DEPENDENT_SHAPE_REPRESENTATION(#12,#5005);
#14=NEXT_ASSEMBLY_USAGE_OCCURRENCE('Component1:1','Component1:1',
'Component1:1',#5009,#5010,'Component1:1');
#15=SHAPE_REPRESENTATION_RELATIONSHIP('SRR','None',#5007,#16);
#16=ADVANCED_BREP_SHAPE_REPRESENTATION('',(#2409),#4995);
#17=STYLED_ITEM('',(#5020),#2409);
#18=ORIENTED_CLOSED_SHELL('',*,#2408,.F.);
#19=CONICAL_SURFACE('',#2463,2.19790567294982,0.792379480397957);
#20=CONICAL_SURFACE('',#2467,2.04999999999993,0.0139626340161709);
#21=CONICAL_SURFACE('',#2476,2.14484380710918,0.778416846386937);
#22=CONICAL_SURFACE('',#2483,2.45,0.785398163397449);
#23=CONICAL_SURFACE('',#2487,2.45,0.785398163397447);
#24=CONICAL_SURFACE('',#2499,5.00000000000079,0.0139626340159079);
#25=CONICAL_SURFACE('',#2511,5.00000000000079,0.0139626340159079);
#26=FACE_BOUND('',#476,.T.);
#27=FACE_BOUND('',#479,.T.);
#28=FACE_BOUND('',#483,.T.);
#29=FACE_BOUND('',#484,.T.);
#30=FACE_BOUND('',#487,.T.);
#31=FACE_BOUND('',#488,.T.);
#32=FACE_BOUND('',#561,.T.);
#33=FACE_BOUND('',#563,.T.);
#34=CIRCLE('',#2436,2.52574168456749);
#35=CIRCLE('',#2437,2.52574168456749);
#36=CIRCLE('',#2445,2.83874708933152);
#37=CIRCLE('',#2446,2.83874708933152);
#38=CIRCLE('',#2452,2.75819995823881);
#39=CIRCLE('',#2453,2.75819995823881);
#40=CIRCLE('',#2460,1.);
#41=CIRCLE('',#2461,1.);
#42=CIRCLE('',#2462,1.);
#43=CIRCLE('',#2464,2.35000000000073);
#44=CIRCLE('',#2465,2.04581134589892);
#45=CIRCLE('',#2466,2.04581134589892);
#46=CIRCLE('',#2468,1.99693813416008);
#47=CIRCLE('',#2469,1.99693813416008);
#48=CIRCLE('',#2471,4.99301822927639);
#49=CIRCLE('',#2472,4.99301822927639);
#50=CIRCLE('',#2475,2.6);
#51=CIRCLE('',#2477,2.29274948005828);
#52=CIRCLE('',#2479,2.);
#53=CIRCLE('',#2480,4.935767709335);
#54=CIRCLE('',#2481,4.935767709335);
#55=CIRCLE('',#2482,2.6);
#56=CIRCLE('',#2484,2.3);
#57=CIRCLE('',#2486,2.3);
#58=CIRCLE('',#2497,2.);
#59=CIRCLE('',#2500,5.00000000000079);
#60=CIRCLE('',#2502,5.00000000000079);
#61=CIRCLE('',#2530,0.252574168456749);
#62=CIRCLE('',#2531,0.252574168456749);
#63=CIRCLE('',#2539,0.283874708933152);
#64=CIRCLE('',#2540,0.283874708933152);
#65=CIRCLE('',#2546,0.275819995823882);
#66=CIRCLE('',#2547,0.275819995823882);
#67=CYLINDRICAL_SURFACE('',#2435,2.52574168456749);
#68=CYLINDRICAL_SURFACE('',#2444,2.83874708933152);
#69=CYLINDRICAL_SURFACE('',#2451,2.75819995823881);
#70=CYLINDRICAL_SURFACE('',#2485,2.3);
#71=CYLINDRICAL_SURFACE('',#2493,1.);
#72=CYLINDRICAL_SURFACE('',#2495,2.);
#73=CYLINDRICAL_SURFACE('',#2498,1.);
#74=CYLINDRICAL_SURFACE('',#2506,1.);
#75=CYLINDRICAL_SURFACE('',#2512,0.300000029718715);
#76=CYLINDRICAL_SURFACE('',#2513,0.5);
#77=CYLINDRICAL_SURFACE('',#2517,0.30000002973824);
#78=CYLINDRICAL_SURFACE('',#2529,0.252574168456749);
#79=CYLINDRICAL_SURFACE('',#2538,0.283874708933152);
#80=CYLINDRICAL_SURFACE('',#2545,0.275819995823882);
#81=PLANE('',#2432);
#82=PLANE('',#2454);
#83=PLANE('',#2457);
#84=PLANE('',#2458);
#85=PLANE('',#2459);
#86=PLANE('',#2470);
#87=PLANE('',#2478);
#88=PLANE('',#2488);
#89=PLANE('',#2494);
#90=PLANE('',#2501);
#91=PLANE('',#2505);
#92=PLANE('',#2507);
#93=PLANE('',#2508);
#94=PLANE('',#2509);
#95=PLANE('',#2510);
#96=PLANE('',#2514);
#97=PLANE('',#2515);
#98=PLANE('',#2516);
#99=PLANE('',#2526);
#100=PLANE('',#2548);
#101=PLANE('',#2551);
#102=PLANE('',#2552);
#103=ELLIPSE('',#2424,1.6702162224775,1.52787423223202);
#104=ELLIPSE('',#2425,1.6702162224775,1.52787423223202);
#105=ELLIPSE('',#2426,1.62558814874365,1.38696057574437);
#106=ELLIPSE('',#2427,1.62558814874365,1.38696057574437);
#107=ELLIPSE('',#2428,2.9549969406202,2.08946934099219);
#108=ELLIPSE('',#2429,2.9549969406202,2.08946934099219);
#109=ELLIPSE('',#2430,1.17592274930693,0.448944090214681);
#110=ELLIPSE('',#2431,1.17592274930693,0.448944090214681);
#111=ELLIPSE('',#2433,3.50842338438042,2.99925233002631);
#112=ELLIPSE('',#2434,3.50842338438042,2.99925233002631);
#113=ELLIPSE('',#2438,4.06828346466655,3.23965208823794);
#114=ELLIPSE('',#2439,4.06828346466655,3.23965208823794);
#115=ELLIPSE('',#2440,3.67669248022047,3.15788000340488);
#116=ELLIPSE('',#2441,3.67669248022047,3.15788000340488);
#117=ELLIPSE('',#2442,3.22455757066441,2.88800217528004);
#118=ELLIPSE('',#2443,3.22455757066441,2.88800217528004);
#119=ELLIPSE('',#2447,3.59464207394172,3.04496900395142);
#120=ELLIPSE('',#2448,3.59464207394172,3.04496900395142);
#121=ELLIPSE('',#2449,3.39285731911461,2.96437443454178);
#122=ELLIPSE('',#2450,3.39285731911461,2.96437443454178);
#123=ELLIPSE('',#2455,2.60918977389338,1.97366722890547);
#124=ELLIPSE('',#2456,2.60918977389338,1.97366722890547);
#125=ELLIPSE('',#2473,0.300031971013993,0.300000029718715);
#126=ELLIPSE('',#2474,0.300031972626343,0.30000002973824);
#127=ELLIPSE('',#2489,1.00009748549319,1.);
#128=ELLIPSE('',#2490,1.00009748549319,1.);
#129=ELLIPSE('',#2491,1.00009748549319,1.);
#130=ELLIPSE('',#2492,0.500048742746596,0.5);
#131=ELLIPSE('',#2496,128.381315424128,1.50010452220779);
#132=ELLIPSE('',#2503,0.300031972626343,0.30000002973824);
#133=ELLIPSE('',#2504,0.300031971013993,0.300000029718715);
#134=ELLIPSE('',#2518,0.16702162224775,0.152787423223202);
#135=ELLIPSE('',#2519,0.16702162224775,0.152787423223202);
#136=ELLIPSE('',#2520,0.162558814874365,0.138696057574437);
#137=ELLIPSE('',#2521,0.162558814874365,0.138696057574437);
#138=ELLIPSE('',#2522,0.29549969406202,0.208946934099219);
#139=ELLIPSE('',#2523,0.29549969406202,0.208946934099219);
#140=ELLIPSE('',#2524,0.117592274930693,0.0448944090214681);
#141=ELLIPSE('',#2525,0.117592274930693,0.0448944090214681);
#142=ELLIPSE('',#2527,0.350842338438042,0.299925233002631);
#143=ELLIPSE('',#2528,0.350842338438042,0.299925233002631);
#144=ELLIPSE('',#2532,0.406828346466655,0.323965208823794);
#145=ELLIPSE('',#2533,0.406828346466655,0.323965208823794);
#146=ELLIPSE('',#2534,0.367669248022047,0.315788000340488);
#147=ELLIPSE('',#2535,0.367669248022047,0.315788000340488);
#148=ELLIPSE('',#2536,0.322455757066441,0.288800217528004);
#149=ELLIPSE('',#2537,0.322455757066441,0.288800217528004);
#150=ELLIPSE('',#2541,0.359464207394172,0.304496900395142);
#151=ELLIPSE('',#2542,0.359464207394172,0.304496900395142);
#152=ELLIPSE('',#2543,0.339285731911461,0.296437443454178);
#153=ELLIPSE('',#2544,0.339285731911461,0.296437443454178);
#154=ELLIPSE('',#2549,0.260918977389338,0.197366722890547);
#155=ELLIPSE('',#2550,0.260918977389338,0.197366722890547);
#156=(
BOUNDED_CURVE()
B_SPLINE_CURVE(3,(#3049,#3050,#3051,#3052),.UNSPECIFIED.,.F.,.F.)
B_SPLINE_CURVE_WITH_KNOTS((4,4),(0.,1.),.UNSPECIFIED.)
CURVE()
GEOMETRIC_REPRESENTATION_ITEM()
RATIONAL_B_SPLINE_CURVE((1.,1.,1.,1.))
REPRESENTATION_ITEM('')
);
#157=(
BOUNDED_CURVE()
B_SPLINE_CURVE(3,(#3055,#3056,#3057,#3058),.UNSPECIFIED.,.F.,.F.)
B_SPLINE_CURVE_WITH_KNOTS((4,4),(0.,1.),.UNSPECIFIED.)
CURVE()
GEOMETRIC_REPRESENTATION_ITEM()
RATIONAL_B_SPLINE_CURVE((1.,1.,1.,1.))
REPRESENTATION_ITEM('')
);
#158=(
BOUNDED_CURVE()
B_SPLINE_CURVE(3,(#3068,#3069,#3070,#3071),.UNSPECIFIED.,.F.,.F.)
B_SPLINE_CURVE_WITH_KNOTS((4,4),(0.,1.),.UNSPECIFIED.)
CURVE()
GEOMETRIC_REPRESENTATION_ITEM()
RATIONAL_B_SPLINE_CURVE((1.,1.,1.,1.))
REPRESENTATION_ITEM('')
);
#159=(
BOUNDED_CURVE()
B_SPLINE_CURVE(3,(#3074,#3075,#3076,#3077),.UNSPECIFIED.,.F.,.F.)
B_SPLINE_CURVE_WITH_KNOTS((4,4),(0.,1.),.UNSPECIFIED.)
CURVE()
GEOMETRIC_REPRESENTATION_ITEM()
RATIONAL_B_SPLINE_CURVE((1.,1.,1.,1.))
REPRESENTATION_ITEM('')
);
#160=(
BOUNDED_CURVE()
B_SPLINE_CURVE(3,(#3087,#3088,#3089,#3090),.UNSPECIFIED.,.F.,.F.)
B_SPLINE_CURVE_WITH_KNOTS((4,4),(0.,1.),.UNSPECIFIED.)
CURVE()
GEOMETRIC_REPRESENTATION_ITEM()
RATIONAL_B_SPLINE_CURVE((1.,1.,1.,1.))
REPRESENTATION_ITEM('')
);
#161=(
BOUNDED_CURVE()
B_SPLINE_CURVE(3,(#3093,#3094,#3095,#3096),.UNSPECIFIED.,.F.,.F.)
B_SPLINE_CURVE_WITH_KNOTS((4,4),(0.,1.),.UNSPECIFIED.)
CURVE()
GEOMETRIC_REPRESENTATION_ITEM()
RATIONAL_B_SPLINE_CURVE((1.,1.,1.,1.))
REPRESENTATION_ITEM('')
);
#162=(
BOUNDED_CURVE()
B_SPLINE_CURVE(3,(#3106,#3107,#3108,#3109),.UNSPECIFIED.,.F.,.F.)
B_SPLINE_CURVE_WITH_KNOTS((4,4),(0.,1.),.UNSPECIFIED.)
CURVE()
GEOMETRIC_REPRESENTATION_ITEM()
RATIONAL_B_SPLINE_CURVE((1.,1.,1.,1.))
REPRESENTATION_ITEM('')
);
#163=(
BOUNDED_CURVE()
B_SPLINE_CURVE(3,(#3112,#3113,#3114,#3115),.UNSPECIFIED.,.F.,.F.)
B_SPLINE_CURVE_WITH_KNOTS((4,4),(0.,1.),.UNSPECIFIED.)
CURVE()
GEOMETRIC_REPRESENTATION_ITEM()
RATIONAL_B_SPLINE_CURVE((1.,1.,1.,1.))
REPRESENTATION_ITEM('')
);
#164=(
BOUNDED_CURVE()
B_SPLINE_CURVE(3,(#3125,#3126,#3127,#3128),.UNSPECIFIED.,.F.,.F.)
B_SPLINE_CURVE_WITH_KNOTS((4,4),(0.,1.),.UNSPECIFIED.)
CURVE()
GEOMETRIC_REPRESENTATION_ITEM()
RATIONAL_B_SPLINE_CURVE((1.,1.,1.,1.))
REPRESENTATION_ITEM('')
);
#165=(
BOUNDED_CURVE()
B_SPLINE_CURVE(3,(#3131,#3132,#3133,#3134),.UNSPECIFIED.,.F.,.F.)
B_SPLINE_CURVE_WITH_KNOTS((4,4),(0.,1.),.UNSPECIFIED.)
CURVE()
GEOMETRIC_REPRESENTATION_ITEM()
RATIONAL_B_SPLINE_CURVE((1.,1.,1.,1.))
REPRESENTATION_ITEM('')
);
#166=(
BOUNDED_CURVE()
B_SPLINE_CURVE(3,(#3144,#3145,#3146,#3147),.UNSPECIFIED.,.F.,.F.)
B_SPLINE_CURVE_WITH_KNOTS((4,4),(0.0362016358774113,1.),.UNSPECIFIED.)
CURVE()
GEOMETRIC_REPRESENTATION_ITEM()
RATIONAL_B_SPLINE_CURVE((1.,1.,1.,1.))
REPRESENTATION_ITEM('')
);
#167=(
BOUNDED_CURVE()
B_SPLINE_CURVE(3,(#3150,#3151,#3152,#3153),.UNSPECIFIED.,.F.,.F.)
B_SPLINE_CURVE_WITH_KNOTS((4,4),(0.0362016358774113,1.),.UNSPECIFIED.)
CURVE()
GEOMETRIC_REPRESENTATION_ITEM()
RATIONAL_B_SPLINE_CURVE((1.,1.,1.,1.))
REPRESENTATION_ITEM('')
);
#168=(
BOUNDED_CURVE()
B_SPLINE_CURVE(3,(#3182,#3183,#3184,#3185),.UNSPECIFIED.,.F.,.F.)
B_SPLINE_CURVE_WITH_KNOTS((4,4),(0.,1.),.UNSPECIFIED.)
CURVE()
GEOMETRIC_REPRESENTATION_ITEM()
RATIONAL_B_SPLINE_CURVE((1.,1.,1.,1.))
REPRESENTATION_ITEM('')
);
#169=(
BOUNDED_CURVE()
B_SPLINE_CURVE(3,(#3188,#3189,#3190,#3191),.UNSPECIFIED.,.F.,.F.)
B_SPLINE_CURVE_WITH_KNOTS((4,4),(0.,1.),.UNSPECIFIED.)
CURVE()
GEOMETRIC_REPRESENTATION_ITEM()
RATIONAL_B_SPLINE_CURVE((1.,1.,1.,1.))
REPRESENTATION_ITEM('')
);
#170=(
BOUNDED_CURVE()
B_SPLINE_CURVE(3,(#3296,#3297,#3298,#3299),.UNSPECIFIED.,.F.,.F.)
B_SPLINE_CURVE_WITH_KNOTS((4,4),(0.,1.),.UNSPECIFIED.)
CURVE()
GEOMETRIC_REPRESENTATION_ITEM()
RATIONAL_B_SPLINE_CURVE((1.,1.,1.,1.))
REPRESENTATION_ITEM('')
);
#171=(
BOUNDED_CURVE()
B_SPLINE_CURVE(3,(#3302,#3303,#3304,#3305),.UNSPECIFIED.,.F.,.F.)
B_SPLINE_CURVE_WITH_KNOTS((4,4),(0.,1.),.UNSPECIFIED.)
CURVE()
GEOMETRIC_REPRESENTATION_ITEM()
RATIONAL_B_SPLINE_CURVE((1.,1.,1.,1.))
REPRESENTATION_ITEM('')
);
#172=(
BOUNDED_CURVE()
B_SPLINE_CURVE(3,(#3315,#3316,#3317,#3318),.UNSPECIFIED.,.F.,.F.)
B_SPLINE_CURVE_WITH_KNOTS((4,4),(0.,1.),.UNSPECIFIED.)
CURVE()
GEOMETRIC_REPRESENTATION_ITEM()
RATIONAL_B_SPLINE_CURVE((1.,1.,1.,1.))
REPRESENTATION_ITEM('')
);
#173=(
BOUNDED_CURVE()
B_SPLINE_CURVE(3,(#3321,#3322,#3323,#3324),.UNSPECIFIED.,.F.,.F.)
B_SPLINE_CURVE_WITH_KNOTS((4,4),(0.,1.),.UNSPECIFIED.)
CURVE()
GEOMETRIC_REPRESENTATION_ITEM()
RATIONAL_B_SPLINE_CURVE((1.,1.,1.,1.))
REPRESENTATION_ITEM('')
);
#174=(
BOUNDED_CURVE()
B_SPLINE_CURVE(3,(#3383,#3384,#3385,#3386),.UNSPECIFIED.,.F.,.F.)
B_SPLINE_CURVE_WITH_KNOTS((4,4),(0.0373110261308425,1.),.UNSPECIFIED.)
CURVE()
GEOMETRIC_REPRESENTATION_ITEM()
RATIONAL_B_SPLINE_CURVE((1.,1.,1.,1.))
REPRESENTATION_ITEM('')
);
#175=(
BOUNDED_CURVE()
B_SPLINE_CURVE(3,(#3389,#3390,#3391,#3392),.UNSPECIFIED.,.F.,.F.)
B_SPLINE_CURVE_WITH_KNOTS((4,4),(0.0373110261308425,1.),.UNSPECIFIED.)
CURVE()
GEOMETRIC_REPRESENTATION_ITEM()
RATIONAL_B_SPLINE_CURVE((1.,1.,1.,1.))
REPRESENTATION_ITEM('')
);
#176=(
BOUNDED_CURVE()
B_SPLINE_CURVE(3,(#3402,#3403,#3404,#3405),.UNSPECIFIED.,.F.,.F.)
B_SPLINE_CURVE_WITH_KNOTS((4,4),(-1.,-0.180924469168394),.UNSPECIFIED.)
CURVE()
GEOMETRIC_REPRESENTATION_ITEM()
RATIONAL_B_SPLINE_CURVE((1.,1.,1.,1.))
REPRESENTATION_ITEM('')
);
#177=(
BOUNDED_CURVE()
B_SPLINE_CURVE(3,(#3408,#3409,#3410,#3411),.UNSPECIFIED.,.F.,.F.)
B_SPLINE_CURVE_WITH_KNOTS((4,4),(-1.,-0.180924469168394),.UNSPECIFIED.)
CURVE()
GEOMETRIC_REPRESENTATION_ITEM()
RATIONAL_B_SPLINE_CURVE((1.,1.,1.,1.))
REPRESENTATION_ITEM('')
);
#178=(
BOUNDED_CURVE()
B_SPLINE_CURVE(3,(#3421,#3422,#3423,#3424),.UNSPECIFIED.,.F.,.F.)
B_SPLINE_CURVE_WITH_KNOTS((4,4),(0.,1.),.UNSPECIFIED.)
CURVE()
GEOMETRIC_REPRESENTATION_ITEM()
RATIONAL_B_SPLINE_CURVE((1.,1.,1.,1.))
REPRESENTATION_ITEM('')
);
#179=(
BOUNDED_CURVE()
B_SPLINE_CURVE(3,(#3427,#3428,#3429,#3430),.UNSPECIFIED.,.F.,.F.)
B_SPLINE_CURVE_WITH_KNOTS((4,4),(0.,1.),.UNSPECIFIED.)
CURVE()
GEOMETRIC_REPRESENTATION_ITEM()
RATIONAL_B_SPLINE_CURVE((1.,1.,1.,1.))
REPRESENTATION_ITEM('')
);
#180=(
BOUNDED_CURVE()
B_SPLINE_CURVE(3,(#3440,#3441,#3442,#3443),.UNSPECIFIED.,.F.,.F.)
B_SPLINE_CURVE_WITH_KNOTS((4,4),(0.0050789873113008,1.),.UNSPECIFIED.)
CURVE()
GEOMETRIC_REPRESENTATION_ITEM()
RATIONAL_B_SPLINE_CURVE((1.,1.,1.,1.))
REPRESENTATION_ITEM('')
);
#181=(
BOUNDED_CURVE()
B_SPLINE_CURVE(3,(#3446,#3447,#3448,#3449),.UNSPECIFIED.,.F.,.F.)
B_SPLINE_CURVE_WITH_KNOTS((4,4),(0.00507898731130081,1.),.UNSPECIFIED.)
CURVE()
GEOMETRIC_REPRESENTATION_ITEM()
RATIONAL_B_SPLINE_CURVE((1.,1.,1.,1.))
REPRESENTATION_ITEM('')
);
#182=(
BOUNDED_CURVE()
B_SPLINE_CURVE(3,(#3459,#3460,#3461,#3462),.UNSPECIFIED.,.F.,.F.)
B_SPLINE_CURVE_WITH_KNOTS((4,4),(-1.,-0.0608725872633385),.UNSPECIFIED.)
CURVE()
GEOMETRIC_REPRESENTATION_ITEM()
RATIONAL_B_SPLINE_CURVE((1.,1.,1.,1.))
REPRESENTATION_ITEM('')
);
#183=(
BOUNDED_CURVE()
B_SPLINE_CURVE(3,(#3465,#3466,#3467,#3468),.UNSPECIFIED.,.F.,.F.)
B_SPLINE_CURVE_WITH_KNOTS((4,4),(-1.,-0.0608725872633385),.UNSPECIFIED.)
CURVE()
GEOMETRIC_REPRESENTATION_ITEM()
RATIONAL_B_SPLINE_CURVE((1.,1.,1.,1.))
REPRESENTATION_ITEM('')
);
#184=(
BOUNDED_CURVE()
B_SPLINE_CURVE(3,(#3489,#3490,#3491,#3492),.UNSPECIFIED.,.F.,.F.)
B_SPLINE_CURVE_WITH_KNOTS((4,4),(0.,1.),.UNSPECIFIED.)
CURVE()
GEOMETRIC_REPRESENTATION_ITEM()
RATIONAL_B_SPLINE_CURVE((1.,1.,1.,1.))
REPRESENTATION_ITEM('')
);
#185=(
BOUNDED_CURVE()
B_SPLINE_CURVE(3,(#3495,#3496,#3497,#3498),.UNSPECIFIED.,.F.,.F.)
B_SPLINE_CURVE_WITH_KNOTS((4,4),(0.,1.),.UNSPECIFIED.)
CURVE()
GEOMETRIC_REPRESENTATION_ITEM()
RATIONAL_B_SPLINE_CURVE((1.,1.,1.,1.))
REPRESENTATION_ITEM('')
);
#186=(
BOUNDED_CURVE()
B_SPLINE_CURVE(3,(#3562,#3563,#3564,#3565),.UNSPECIFIED.,.F.,.F.)
B_SPLINE_CURVE_WITH_KNOTS((4,4),(0.0288068616775596,1.),.UNSPECIFIED.)
CURVE()
GEOMETRIC_REPRESENTATION_ITEM()
RATIONAL_B_SPLINE_CURVE((1.,1.,1.,1.))
REPRESENTATION_ITEM('')
);
#187=(
BOUNDED_CURVE()
B_SPLINE_CURVE(3,(#3568,#3569,#3570,#3571),.UNSPECIFIED.,.F.,.F.)
B_SPLINE_CURVE_WITH_KNOTS((4,4),(0.0288068616775596,1.),.UNSPECIFIED.)
CURVE()
GEOMETRIC_REPRESENTATION_ITEM()
RATIONAL_B_SPLINE_CURVE((1.,1.,1.,1.))
REPRESENTATION_ITEM('')
);
#188=(
BOUNDED_CURVE()
B_SPLINE_CURVE(3,(#3611,#3612,#3613,#3614),.UNSPECIFIED.,.F.,.F.)
B_SPLINE_CURVE_WITH_KNOTS((4,4),(-1.,-0.0569521929502635),.UNSPECIFIED.)
CURVE()
GEOMETRIC_REPRESENTATION_ITEM()
RATIONAL_B_SPLINE_CURVE((1.,1.,1.,1.))
REPRESENTATION_ITEM('')
);
#189=(
BOUNDED_CURVE()
B_SPLINE_CURVE(3,(#3617,#3618,#3619,#3620),.UNSPECIFIED.,.F.,.F.)
B_SPLINE_CURVE_WITH_KNOTS((4,4),(-1.,-0.0569521929502635),.UNSPECIFIED.)
CURVE()
GEOMETRIC_REPRESENTATION_ITEM()
RATIONAL_B_SPLINE_CURVE((1.,1.,1.,1.))
REPRESENTATION_ITEM('')
);
#190=(
BOUNDED_CURVE()
B_SPLINE_CURVE(3,(#3750,#3751,#3752,#3753),.UNSPECIFIED.,.F.,.F.)
B_SPLINE_CURVE_WITH_KNOTS((4,4),(0.,1.),.UNSPECIFIED.)
CURVE()
GEOMETRIC_REPRESENTATION_ITEM()
RATIONAL_B_SPLINE_CURVE((1.,1.,1.,1.))
REPRESENTATION_ITEM('')
);
#191=(
BOUNDED_CURVE()
B_SPLINE_CURVE(3,(#3756,#3757,#3758,#3759),.UNSPECIFIED.,.F.,.F.)
B_SPLINE_CURVE_WITH_KNOTS((4,4),(0.,1.),.UNSPECIFIED.)
CURVE()
GEOMETRIC_REPRESENTATION_ITEM()
RATIONAL_B_SPLINE_CURVE((1.,1.,1.,1.))
REPRESENTATION_ITEM('')
);
#192=(
BOUNDED_CURVE()
B_SPLINE_CURVE(3,(#3805,#3806,#3807,#3808),.UNSPECIFIED.,.F.,.F.)
B_SPLINE_CURVE_WITH_KNOTS((4,4),(0.,1.),.UNSPECIFIED.)
CURVE()
GEOMETRIC_REPRESENTATION_ITEM()
RATIONAL_B_SPLINE_CURVE((1.,1.,1.,1.))
REPRESENTATION_ITEM('')
);
#193=(
BOUNDED_CURVE()
B_SPLINE_CURVE(3,(#3811,#3812,#3813,#3814),.UNSPECIFIED.,.F.,.F.)
B_SPLINE_CURVE_WITH_KNOTS((4,4),(0.,1.),.UNSPECIFIED.)
CURVE()
GEOMETRIC_REPRESENTATION_ITEM()
RATIONAL_B_SPLINE_CURVE((1.,1.,1.,1.))
REPRESENTATION_ITEM('')
);
#194=(
BOUNDED_CURVE()
B_SPLINE_CURVE(3,(#3845,#3846,#3847,#3848),.UNSPECIFIED.,.T.,.F.)
B_SPLINE_CURVE_WITH_KNOTS((4,4),(-1.,0.),.UNSPECIFIED.)
CURVE()
GEOMETRIC_REPRESENTATION_ITEM()
RATIONAL_B_SPLINE_CURVE((1.,1.,1.,1.))
REPRESENTATION_ITEM('')
);
#195=(
BOUNDED_CURVE()
B_SPLINE_CURVE(3,(#3850,#3851,#3852,#3853),.UNSPECIFIED.,.T.,.F.)
B_SPLINE_CURVE_WITH_KNOTS((4,4),(-1.,0.),.UNSPECIFIED.)
CURVE()
GEOMETRIC_REPRESENTATION_ITEM()
RATIONAL_B_SPLINE_CURVE((1.,1.,1.,1.))
REPRESENTATION_ITEM('')
);
#196=(
BOUNDED_CURVE()
B_SPLINE_CURVE(3,(#3875,#3876,#3877,#3878),.UNSPECIFIED.,.F.,.F.)
B_SPLINE_CURVE_WITH_KNOTS((4,4),(0.00688200813118507,1.),.UNSPECIFIED.)
CURVE()
GEOMETRIC_REPRESENTATION_ITEM()
RATIONAL_B_SPLINE_CURVE((1.,1.,1.,1.))
REPRESENTATION_ITEM('')
);
#197=(
BOUNDED_CURVE()
B_SPLINE_CURVE(3,(#3881,#3882,#3883,#3884),.UNSPECIFIED.,.F.,.F.)
B_SPLINE_CURVE_WITH_KNOTS((4,4),(0.00688200813118507,1.),.UNSPECIFIED.)
CURVE()
GEOMETRIC_REPRESENTATION_ITEM()
RATIONAL_B_SPLINE_CURVE((1.,1.,1.,1.))
REPRESENTATION_ITEM('')
);
#198=(
BOUNDED_CURVE()
B_SPLINE_CURVE(3,(#4193,#4194,#4195,#4196),.UNSPECIFIED.,.F.,.F.)
B_SPLINE_CURVE_WITH_KNOTS((4,4),(0.,1.),.UNSPECIFIED.)
CURVE()
GEOMETRIC_REPRESENTATION_ITEM()
RATIONAL_B_SPLINE_CURVE((1.,1.,1.,1.))
REPRESENTATION_ITEM('')
);
#199=(
BOUNDED_CURVE()
B_SPLINE_CURVE(3,(#4199,#4200,#4201,#4202),.UNSPECIFIED.,.F.,.F.)
B_SPLINE_CURVE_WITH_KNOTS((4,4),(0.,1.),.UNSPECIFIED.)
CURVE()
GEOMETRIC_REPRESENTATION_ITEM()
RATIONAL_B_SPLINE_CURVE((1.,1.,1.,1.))
REPRESENTATION_ITEM('')
);
#200=(
BOUNDED_CURVE()
B_SPLINE_CURVE(3,(#4212,#4213,#4214,#4215),.UNSPECIFIED.,.F.,.F.)
B_SPLINE_CURVE_WITH_KNOTS((4,4),(0.,1.),.UNSPECIFIED.)
CURVE()
GEOMETRIC_REPRESENTATION_ITEM()
RATIONAL_B_SPLINE_CURVE((1.,1.,1.,1.))
REPRESENTATION_ITEM('')
);
#201=(
BOUNDED_CURVE()
B_SPLINE_CURVE(3,(#4218,#4219,#4220,#4221),.UNSPECIFIED.,.F.,.F.)
B_SPLINE_CURVE_WITH_KNOTS((4,4),(0.,1.),.UNSPECIFIED.)
CURVE()
GEOMETRIC_REPRESENTATION_ITEM()
RATIONAL_B_SPLINE_CURVE((1.,1.,1.,1.))
REPRESENTATION_ITEM('')
);
#202=(
BOUNDED_CURVE()
B_SPLINE_CURVE(3,(#4231,#4232,#4233,#4234),.UNSPECIFIED.,.F.,.F.)
B_SPLINE_CURVE_WITH_KNOTS((4,4),(0.,1.),.UNSPECIFIED.)
CURVE()
GEOMETRIC_REPRESENTATION_ITEM()
RATIONAL_B_SPLINE_CURVE((1.,1.,1.,1.))
REPRESENTATION_ITEM('')
);
#203=(
BOUNDED_CURVE()
B_SPLINE_CURVE(3,(#4237,#4238,#4239,#4240),.UNSPECIFIED.,.F.,.F.)
B_SPLINE_CURVE_WITH_KNOTS((4,4),(0.,1.),.UNSPECIFIED.)
CURVE()
GEOMETRIC_REPRESENTATION_ITEM()
RATIONAL_B_SPLINE_CURVE((1.,1.,1.,1.))
REPRESENTATION_ITEM('')
);
#204=(
BOUNDED_CURVE()
B_SPLINE_CURVE(3,(#4250,#4251,#4252,#4253),.UNSPECIFIED.,.F.,.F.)
B_SPLINE_CURVE_WITH_KNOTS((4,4),(0.,1.),.UNSPECIFIED.)
CURVE()
GEOMETRIC_REPRESENTATION_ITEM()
RATIONAL_B_SPLINE_CURVE((1.,1.,1.,1.))
REPRESENTATION_ITEM('')
);
#205=(
BOUNDED_CURVE()
B_SPLINE_CURVE(3,(#4256,#4257,#4258,#4259),.UNSPECIFIED.,.F.,.F.)
B_SPLINE_CURVE_WITH_KNOTS((4,4),(0.,1.),.UNSPECIFIED.)
CURVE()
GEOMETRIC_REPRESENTATION_ITEM()
RATIONAL_B_SPLINE_CURVE((1.,1.,1.,1.))
REPRESENTATION_ITEM('')
);
#206=(
BOUNDED_CURVE()
B_SPLINE_CURVE(3,(#4269,#4270,#4271,#4272),.UNSPECIFIED.,.F.,.F.)
B_SPLINE_CURVE_WITH_KNOTS((4,4),(0.,1.),.UNSPECIFIED.)
CURVE()
GEOMETRIC_REPRESENTATION_ITEM()
RATIONAL_B_SPLINE_CURVE((1.,1.,1.,1.))
REPRESENTATION_ITEM('')
);
#207=(
BOUNDED_CURVE()
B_SPLINE_CURVE(3,(#4275,#4276,#4277,#4278),.UNSPECIFIED.,.F.,.F.)
B_SPLINE_CURVE_WITH_KNOTS((4,4),(0.,1.),.UNSPECIFIED.)
CURVE()
GEOMETRIC_REPRESENTATION_ITEM()
RATIONAL_B_SPLINE_CURVE((1.,1.,1.,1.))
REPRESENTATION_ITEM('')
);
#208=(
BOUNDED_CURVE()
B_SPLINE_CURVE(3,(#4288,#4289,#4290,#4291),.UNSPECIFIED.,.F.,.F.)
B_SPLINE_CURVE_WITH_KNOTS((4,4),(0.0362016358774113,1.),.UNSPECIFIED.)
CURVE()
GEOMETRIC_REPRESENTATION_ITEM()
RATIONAL_B_SPLINE_CURVE((1.,1.,1.,1.))
REPRESENTATION_ITEM('')
);
#209=(
BOUNDED_CURVE()
B_SPLINE_CURVE(3,(#4294,#4295,#4296,#4297),.UNSPECIFIED.,.F.,.F.)
B_SPLINE_CURVE_WITH_KNOTS((4,4),(0.0362016358774113,1.),.UNSPECIFIED.)
CURVE()
GEOMETRIC_REPRESENTATION_ITEM()
RATIONAL_B_SPLINE_CURVE((1.,1.,1.,1.))
REPRESENTATION_ITEM('')
);
#210=(
BOUNDED_CURVE()
B_SPLINE_CURVE(3,(#4326,#4327,#4328,#4329),.UNSPECIFIED.,.F.,.F.)
B_SPLINE_CURVE_WITH_KNOTS((4,4),(0.,1.),.UNSPECIFIED.)
CURVE()
GEOMETRIC_REPRESENTATION_ITEM()
RATIONAL_B_SPLINE_CURVE((1.,1.,1.,1.))
REPRESENTATION_ITEM('')
);
#211=(
BOUNDED_CURVE()
B_SPLINE_CURVE(3,(#4332,#4333,#4334,#4335),.UNSPECIFIED.,.F.,.F.)
B_SPLINE_CURVE_WITH_KNOTS((4,4),(0.,1.),.UNSPECIFIED.)
CURVE()
GEOMETRIC_REPRESENTATION_ITEM()
RATIONAL_B_SPLINE_CURVE((1.,1.,1.,1.))
REPRESENTATION_ITEM('')
);
#212=(
BOUNDED_CURVE()
B_SPLINE_CURVE(3,(#4440,#4441,#4442,#4443),.UNSPECIFIED.,.F.,.F.)
B_SPLINE_CURVE_WITH_KNOTS((4,4),(0.,1.),.UNSPECIFIED.)
CURVE()
GEOMETRIC_REPRESENTATION_ITEM()
RATIONAL_B_SPLINE_CURVE((1.,1.,1.,1.))
REPRESENTATION_ITEM('')
);
#213=(
BOUNDED_CURVE()
B_SPLINE_CURVE(3,(#4446,#4447,#4448,#4449),.UNSPECIFIED.,.F.,.F.)
B_SPLINE_CURVE_WITH_KNOTS((4,4),(0.,1.),.UNSPECIFIED.)
CURVE()
GEOMETRIC_REPRESENTATION_ITEM()
RATIONAL_B_SPLINE_CURVE((1.,1.,1.,1.))
REPRESENTATION_ITEM('')
);
#214=(
BOUNDED_CURVE()
B_SPLINE_CURVE(3,(#4459,#4460,#4461,#4462),.UNSPECIFIED.,.F.,.F.)
B_SPLINE_CURVE_WITH_KNOTS((4,4),(0.,1.),.UNSPECIFIED.)
CURVE()
GEOMETRIC_REPRESENTATION_ITEM()
RATIONAL_B_SPLINE_CURVE((1.,1.,1.,1.))
REPRESENTATION_ITEM('')
);
#215=(
BOUNDED_CURVE()
B_SPLINE_CURVE(3,(#4465,#4466,#4467,#4468),.UNSPECIFIED.,.F.,.F.)
B_SPLINE_CURVE_WITH_KNOTS((4,4),(0.,1.),.UNSPECIFIED.)
CURVE()
GEOMETRIC_REPRESENTATION_ITEM()
RATIONAL_B_SPLINE_CURVE((1.,1.,1.,1.))
REPRESENTATION_ITEM('')
);
#216=(
BOUNDED_CURVE()
B_SPLINE_CURVE(3,(#4527,#4528,#4529,#4530),.UNSPECIFIED.,.F.,.F.)
B_SPLINE_CURVE_WITH_KNOTS((4,4),(0.0373110261308425,1.),.UNSPECIFIED.)
CURVE()
GEOMETRIC_REPRESENTATION_ITEM()
RATIONAL_B_SPLINE_CURVE((1.,1.,1.,1.))
REPRESENTATION_ITEM('')
);
#217=(
BOUNDED_CURVE()
B_SPLINE_CURVE(3,(#4533,#4534,#4535,#4536),.UNSPECIFIED.,.F.,.F.)
B_SPLINE_CURVE_WITH_KNOTS((4,4),(0.0373110261308425,1.),.UNSPECIFIED.)
CURVE()
GEOMETRIC_REPRESENTATION_ITEM()
RATIONAL_B_SPLINE_CURVE((1.,1.,1.,1.))
REPRESENTATION_ITEM('')
);
#218=(
BOUNDED_CURVE()
B_SPLINE_CURVE(3,(#4546,#4547,#4548,#4549),.UNSPECIFIED.,.F.,.F.)
B_SPLINE_CURVE_WITH_KNOTS((4,4),(0.,1.),.UNSPECIFIED.)
CURVE()
GEOMETRIC_REPRESENTATION_ITEM()
RATIONAL_B_SPLINE_CURVE((1.,1.,1.,1.))
REPRESENTATION_ITEM('')
);
#219=(
BOUNDED_CURVE()
B_SPLINE_CURVE(3,(#4552,#4553,#4554,#4555),.UNSPECIFIED.,.F.,.F.)
B_SPLINE_CURVE_WITH_KNOTS((4,4),(0.,1.),.UNSPECIFIED.)
CURVE()
GEOMETRIC_REPRESENTATION_ITEM()
RATIONAL_B_SPLINE_CURVE((1.,1.,1.,1.))
REPRESENTATION_ITEM('')
);
#220=(
BOUNDED_CURVE()
B_SPLINE_CURVE(3,(#4565,#4566,#4567,#4568),.UNSPECIFIED.,.F.,.F.)
B_SPLINE_CURVE_WITH_KNOTS((4,4),(0.00507898731130081,1.),.UNSPECIFIED.)
CURVE()
GEOMETRIC_REPRESENTATION_ITEM()
RATIONAL_B_SPLINE_CURVE((1.,1.,1.,1.))
REPRESENTATION_ITEM('')
);
#221=(
BOUNDED_CURVE()
B_SPLINE_CURVE(3,(#4571,#4572,#4573,#4574),.UNSPECIFIED.,.F.,.F.)
B_SPLINE_CURVE_WITH_KNOTS((4,4),(0.00507898731130081,1.),.UNSPECIFIED.)
CURVE()
GEOMETRIC_REPRESENTATION_ITEM()
RATIONAL_B_SPLINE_CURVE((1.,1.,1.,1.))
REPRESENTATION_ITEM('')
);
#222=(
BOUNDED_CURVE()
B_SPLINE_CURVE(3,(#4595,#4596,#4597,#4598),.UNSPECIFIED.,.F.,.F.)
B_SPLINE_CURVE_WITH_KNOTS((4,4),(0.,1.),.UNSPECIFIED.)
CURVE()
GEOMETRIC_REPRESENTATION_ITEM()
RATIONAL_B_SPLINE_CURVE((1.,1.,1.,1.))
REPRESENTATION_ITEM('')
);
#223=(
BOUNDED_CURVE()
B_SPLINE_CURVE(3,(#4601,#4602,#4603,#4604),.UNSPECIFIED.,.F.,.F.)
B_SPLINE_CURVE_WITH_KNOTS((4,4),(0.,1.),.UNSPECIFIED.)
CURVE()
GEOMETRIC_REPRESENTATION_ITEM()
RATIONAL_B_SPLINE_CURVE((1.,1.,1.,1.))
REPRESENTATION_ITEM('')
);
#224=(
BOUNDED_CURVE()
B_SPLINE_CURVE(3,(#4676,#4677,#4678,#4679),.UNSPECIFIED.,.F.,.F.)
B_SPLINE_CURVE_WITH_KNOTS((4,4),(0.0288068616775596,1.),.UNSPECIFIED.)
CURVE()
GEOMETRIC_REPRESENTATION_ITEM()
RATIONAL_B_SPLINE_CURVE((1.,1.,1.,1.))
REPRESENTATION_ITEM('')
);
#225=(
BOUNDED_CURVE()
B_SPLINE_CURVE(3,(#4682,#4683,#4684,#4685),.UNSPECIFIED.,.F.,.F.)
B_SPLINE_CURVE_WITH_KNOTS((4,4),(0.0288068616775596,1.),.UNSPECIFIED.)
CURVE()
GEOMETRIC_REPRESENTATION_ITEM()
RATIONAL_B_SPLINE_CURVE((1.,1.,1.,1.))
REPRESENTATION_ITEM('')
);
#226=(
BOUNDED_CURVE()
B_SPLINE_CURVE(3,(#4845,#4846,#4847,#4848),.UNSPECIFIED.,.F.,.F.)
B_SPLINE_CURVE_WITH_KNOTS((4,4),(0.,1.),.UNSPECIFIED.)
CURVE()
GEOMETRIC_REPRESENTATION_ITEM()
RATIONAL_B_SPLINE_CURVE((1.,1.,1.,1.))
REPRESENTATION_ITEM('')
);
#227=(
BOUNDED_CURVE()
B_SPLINE_CURVE(3,(#4851,#4852,#4853,#4854),.UNSPECIFIED.,.F.,.F.)
B_SPLINE_CURVE_WITH_KNOTS((4,4),(0.,1.),.UNSPECIFIED.)
CURVE()
GEOMETRIC_REPRESENTATION_ITEM()
RATIONAL_B_SPLINE_CURVE((1.,1.,1.,1.))
REPRESENTATION_ITEM('')
);
#228=(
BOUNDED_CURVE()
B_SPLINE_CURVE(3,(#4900,#4901,#4902,#4903),.UNSPECIFIED.,.F.,.F.)
B_SPLINE_CURVE_WITH_KNOTS((4,4),(0.,1.),.UNSPECIFIED.)
CURVE()
GEOMETRIC_REPRESENTATION_ITEM()
RATIONAL_B_SPLINE_CURVE((1.,1.,1.,1.))
REPRESENTATION_ITEM('')
);
#229=(
BOUNDED_CURVE()
B_SPLINE_CURVE(3,(#4906,#4907,#4908,#4909),.UNSPECIFIED.,.F.,.F.)
B_SPLINE_CURVE_WITH_KNOTS((4,4),(0.,1.),.UNSPECIFIED.)
CURVE()
GEOMETRIC_REPRESENTATION_ITEM()
RATIONAL_B_SPLINE_CURVE((1.,1.,1.,1.))
REPRESENTATION_ITEM('')
);
#230=(
BOUNDED_CURVE()
B_SPLINE_CURVE(3,(#4940,#4941,#4942,#4943),.UNSPECIFIED.,.T.,.F.)
B_SPLINE_CURVE_WITH_KNOTS((4,4),(-1.,0.),.UNSPECIFIED.)
CURVE()
GEOMETRIC_REPRESENTATION_ITEM()
RATIONAL_B_SPLINE_CURVE((1.,1.,1.,1.))
REPRESENTATION_ITEM('')
);
#231=(
BOUNDED_CURVE()
B_SPLINE_CURVE(3,(#4945,#4946,#4947,#4948),.UNSPECIFIED.,.T.,.F.)
B_SPLINE_CURVE_WITH_KNOTS((4,4),(-1.,0.),.UNSPECIFIED.)
CURVE()
GEOMETRIC_REPRESENTATION_ITEM()
RATIONAL_B_SPLINE_CURVE((1.,1.,1.,1.))
REPRESENTATION_ITEM('')
);
#232=(
BOUNDED_CURVE()
B_SPLINE_CURVE(3,(#4970,#4971,#4972,#4973),.UNSPECIFIED.,.F.,.F.)
B_SPLINE_CURVE_WITH_KNOTS((4,4),(0.00688200813118507,1.),.UNSPECIFIED.)
CURVE()
GEOMETRIC_REPRESENTATION_ITEM()
RATIONAL_B_SPLINE_CURVE((1.,1.,1.,1.))
REPRESENTATION_ITEM('')
);
#233=(
BOUNDED_CURVE()
B_SPLINE_CURVE(3,(#4976,#4977,#4978,#4979),.UNSPECIFIED.,.F.,.F.)
B_SPLINE_CURVE_WITH_KNOTS((4,4),(0.00688200813118507,1.),.UNSPECIFIED.)
CURVE()
GEOMETRIC_REPRESENTATION_ITEM()
RATIONAL_B_SPLINE_CURVE((1.,1.,1.,1.))
REPRESENTATION_ITEM('')
);
#234=(
BOUNDED_SURFACE()
B_SPLINE_SURFACE(3,1,((#3040,#3041),(#3042,#3043),(#3044,#3045),(#3046,
#3047)),.UNSPECIFIED.,.F.,.F.,.F.)
B_SPLINE_SURFACE_WITH_KNOTS((4,4),(2,2),(0.,1.),(0.,0.02),.UNSPECIFIED.)
GEOMETRIC_REPRESENTATION_ITEM()
RATIONAL_B_SPLINE_SURFACE(((1.,1.),(1.,1.),(1.,1.),(1.,1.)))
REPRESENTATION_ITEM('')
SURFACE()
);
#235=(
BOUNDED_SURFACE()
B_SPLINE_SURFACE(3,1,((#3059,#3060),(#3061,#3062),(#3063,#3064),(#3065,
#3066)),.UNSPECIFIED.,.F.,.F.,.F.)
B_SPLINE_SURFACE_WITH_KNOTS((4,4),(2,2),(0.,1.),(0.,0.02),.UNSPECIFIED.)
GEOMETRIC_REPRESENTATION_ITEM()
RATIONAL_B_SPLINE_SURFACE(((1.,1.),(1.,1.),(1.,1.),(1.,1.)))
REPRESENTATION_ITEM('')
SURFACE()
);
#236=(
BOUNDED_SURFACE()
B_SPLINE_SURFACE(3,1,((#3078,#3079),(#3080,#3081),(#3082,#3083),(#3084,
#3085)),.UNSPECIFIED.,.F.,.F.,.F.)
B_SPLINE_SURFACE_WITH_KNOTS((4,4),(2,2),(0.,1.),(0.,0.02),.UNSPECIFIED.)
GEOMETRIC_REPRESENTATION_ITEM()
RATIONAL_B_SPLINE_SURFACE(((1.,1.),(1.,1.),(1.,1.),(1.,1.)))
REPRESENTATION_ITEM('')
SURFACE()
);
#237=(
BOUNDED_SURFACE()
B_SPLINE_SURFACE(3,1,((#3097,#3098),(#3099,#3100),(#3101,#3102),(#3103,
#3104)),.UNSPECIFIED.,.F.,.F.,.F.)
B_SPLINE_SURFACE_WITH_KNOTS((4,4),(2,2),(0.,1.),(0.,0.02),.UNSPECIFIED.)
GEOMETRIC_REPRESENTATION_ITEM()
RATIONAL_B_SPLINE_SURFACE(((1.,1.),(1.,1.),(1.,1.),(1.,1.)))
REPRESENTATION_ITEM('')
SURFACE()
);
#238=(
BOUNDED_SURFACE()
B_SPLINE_SURFACE(3,1,((#3116,#3117),(#3118,#3119),(#3120,#3121),(#3122,
#3123)),.UNSPECIFIED.,.F.,.F.,.F.)
B_SPLINE_SURFACE_WITH_KNOTS((4,4),(2,2),(0.,1.),(0.,0.02),.UNSPECIFIED.)
GEOMETRIC_REPRESENTATION_ITEM()
RATIONAL_B_SPLINE_SURFACE(((1.,1.),(1.,1.),(1.,1.),(1.,1.)))
REPRESENTATION_ITEM('')
SURFACE()
);
#239=(
BOUNDED_SURFACE()
B_SPLINE_SURFACE(3,1,((#3135,#3136),(#3137,#3138),(#3139,#3140),(#3141,
#3142)),.UNSPECIFIED.,.F.,.F.,.F.)
B_SPLINE_SURFACE_WITH_KNOTS((4,4),(2,2),(0.0362016358774113,1.),(0.,0.02),
 .UNSPECIFIED.)
GEOMETRIC_REPRESENTATION_ITEM()
RATIONAL_B_SPLINE_SURFACE(((1.,1.),(1.,1.),(1.,1.),(1.,1.)))
REPRESENTATION_ITEM('')
SURFACE()
);
#240=(
BOUNDED_SURFACE()
B_SPLINE_SURFACE(3,1,((#3173,#3174),(#3175,#3176),(#3177,#3178),(#3179,
#3180)),.UNSPECIFIED.,.F.,.F.,.F.)
B_SPLINE_SURFACE_WITH_KNOTS((4,4),(2,2),(0.,1.),(0.,0.02),.UNSPECIFIED.)
GEOMETRIC_REPRESENTATION_ITEM()
RATIONAL_B_SPLINE_SURFACE(((1.,1.),(1.,1.),(1.,1.),(1.,1.)))
REPRESENTATION_ITEM('')
SURFACE()
);
#241=(
BOUNDED_SURFACE()
B_SPLINE_SURFACE(1,2,((#3273,#3274,#3275),(#3276,#3277,#3278)),
 .UNSPECIFIED.,.F.,.F.,.F.)
B_SPLINE_SURFACE_WITH_KNOTS((2,2),(3,3),(0.,0.119744975116654),(0.641757200755251,
1.21082867834315),.UNSPECIFIED.)
GEOMETRIC_REPRESENTATION_ITEM()
RATIONAL_B_SPLINE_SURFACE(((1.,0.959792079728141,1.),(1.,0.959792079728141,
1.)))
REPRESENTATION_ITEM('')
SURFACE()
);
#242=(
BOUNDED_SURFACE()
B_SPLINE_SURFACE(3,1,((#3287,#3288),(#3289,#3290),(#3291,#3292),(#3293,
#3294)),.UNSPECIFIED.,.F.,.F.,.F.)
B_SPLINE_SURFACE_WITH_KNOTS((4,4),(2,2),(0.,1.),(0.,0.02),.UNSPECIFIED.)
GEOMETRIC_REPRESENTATION_ITEM()
RATIONAL_B_SPLINE_SURFACE(((1.,1.),(1.,1.),(1.,1.),(1.,1.)))
REPRESENTATION_ITEM('')
SURFACE()
);
#243=(
BOUNDED_SURFACE()
B_SPLINE_SURFACE(3,1,((#3306,#3307),(#3308,#3309),(#3310,#3311),(#3312,
#3313)),.UNSPECIFIED.,.F.,.F.,.F.)
B_SPLINE_SURFACE_WITH_KNOTS((4,4),(2,2),(0.,1.),(0.,0.02),.UNSPECIFIED.)
GEOMETRIC_REPRESENTATION_ITEM()
RATIONAL_B_SPLINE_SURFACE(((1.,1.),(1.,1.),(1.,1.),(1.,1.)))
REPRESENTATION_ITEM('')
SURFACE()
);
#244=(
BOUNDED_SURFACE()
B_SPLINE_SURFACE(1,2,((#3325,#3326,#3327),(#3328,#3329,#3330)),
 .UNSPECIFIED.,.F.,.F.,.F.)
B_SPLINE_SURFACE_WITH_KNOTS((2,2),(3,3),(0.,0.123032393016996),(1.90374108887183,
2.17626088805532),.UNSPECIFIED.)
GEOMETRIC_REPRESENTATION_ITEM()
RATIONAL_B_SPLINE_SURFACE(((1.,0.990730974519503,1.),(1.,0.990730974519503,
1.)))
REPRESENTATION_ITEM('')
SURFACE()
);
#245=(
BOUNDED_SURFACE()
B_SPLINE_SURFACE(1,2,((#3363,#3364,#3365),(#3366,#3367,#3368)),
 .UNSPECIFIED.,.F.,.F.,.F.)
B_SPLINE_SURFACE_WITH_KNOTS((2,2),(3,3),(0.,0.0676819651657656),(2.74712510963563,
3.19383614173799),.UNSPECIFIED.)
GEOMETRIC_REPRESENTATION_ITEM()
RATIONAL_B_SPLINE_SURFACE(((1.,0.975159683654043,1.),(1.,0.975159683654043,
1.)))
REPRESENTATION_ITEM('')
SURFACE()
);
#246=(
BOUNDED_SURFACE()
B_SPLINE_SURFACE(3,1,((#3374,#3375),(#3376,#3377),(#3378,#3379),(#3380,
#3381)),.UNSPECIFIED.,.F.,.F.,.F.)
B_SPLINE_SURFACE_WITH_KNOTS((4,4),(2,2),(0.0373110261308425,1.),(0.,0.02),
 .UNSPECIFIED.)
GEOMETRIC_REPRESENTATION_ITEM()
RATIONAL_B_SPLINE_SURFACE(((1.,1.),(1.,1.),(1.,1.),(1.,1.)))
REPRESENTATION_ITEM('')
SURFACE()
);
#247=(
BOUNDED_SURFACE()
B_SPLINE_SURFACE(3,1,((#3393,#3394),(#3395,#3396),(#3397,#3398),(#3399,
#3400)),.UNSPECIFIED.,.F.,.F.,.F.)
B_SPLINE_SURFACE_WITH_KNOTS((4,4),(2,2),(-1.,-0.180924469168394),(0.,0.02),
 .UNSPECIFIED.)
GEOMETRIC_REPRESENTATION_ITEM()
RATIONAL_B_SPLINE_SURFACE(((1.,1.),(1.,1.),(1.,1.),(1.,1.)))
REPRESENTATION_ITEM('')
SURFACE()
);
#248=(
BOUNDED_SURFACE()
B_SPLINE_SURFACE(3,1,((#3412,#3413),(#3414,#3415),(#3416,#3417),(#3418,
#3419)),.UNSPECIFIED.,.F.,.F.,.F.)
B_SPLINE_SURFACE_WITH_KNOTS((4,4),(2,2),(0.,1.),(0.,0.02),.UNSPECIFIED.)
GEOMETRIC_REPRESENTATION_ITEM()
RATIONAL_B_SPLINE_SURFACE(((1.,1.),(1.,1.),(1.,1.),(1.,1.)))
REPRESENTATION_ITEM('')
SURFACE()
);
#249=(
BOUNDED_SURFACE()
B_SPLINE_SURFACE(3,1,((#3431,#3432),(#3433,#3434),(#3435,#3436),(#3437,
#3438)),.UNSPECIFIED.,.F.,.F.,.F.)
B_SPLINE_SURFACE_WITH_KNOTS((4,4),(2,2),(0.0050789873113008,1.),(0.,0.02),
 .UNSPECIFIED.)
GEOMETRIC_REPRESENTATION_ITEM()
RATIONAL_B_SPLINE_SURFACE(((1.,1.),(1.,1.),(1.,1.),(1.,1.)))
REPRESENTATION_ITEM('')
SURFACE()
);
#250=(
BOUNDED_SURFACE()
B_SPLINE_SURFACE(3,1,((#3450,#3451),(#3452,#3453),(#3454,#3455),(#3456,
#3457)),.UNSPECIFIED.,.F.,.F.,.F.)
B_SPLINE_SURFACE_WITH_KNOTS((4,4),(2,2),(-1.,-0.0608725872633385),(0.,0.02),
 .UNSPECIFIED.)
GEOMETRIC_REPRESENTATION_ITEM()
RATIONAL_B_SPLINE_SURFACE(((1.,1.),(1.,1.),(1.,1.),(1.,1.)))
REPRESENTATION_ITEM('')
SURFACE()
);
#251=(
BOUNDED_SURFACE()
B_SPLINE_SURFACE(1,2,((#3469,#3470,#3471),(#3472,#3473,#3474)),
 .UNSPECIFIED.,.F.,.F.,.F.)
B_SPLINE_SURFACE_WITH_KNOTS((2,2),(3,3),(0.,0.170079199605482),(-0.946648312914505,
-0.839534619080535),.UNSPECIFIED.)
GEOMETRIC_REPRESENTATION_ITEM()
RATIONAL_B_SPLINE_SURFACE(((1.,0.998566174847654,1.),(1.,0.998566174847654,
1.)))
REPRESENTATION_ITEM('')
SURFACE()
);
#252=(
BOUNDED_SURFACE()
B_SPLINE_SURFACE(3,1,((#3480,#3481),(#3482,#3483),(#3484,#3485),(#3486,
#3487)),.UNSPECIFIED.,.F.,.F.,.F.)
B_SPLINE_SURFACE_WITH_KNOTS((4,4),(2,2),(0.,1.),(0.,0.02),.UNSPECIFIED.)
GEOMETRIC_REPRESENTATION_ITEM()
RATIONAL_B_SPLINE_SURFACE(((1.,1.),(1.,1.),(1.,1.),(1.,1.)))
REPRESENTATION_ITEM('')
SURFACE()
);
#253=(
BOUNDED_SURFACE()
B_SPLINE_SURFACE(1,2,((#3536,#3537,#3538),(#3539,#3540,#3541)),
 .UNSPECIFIED.,.F.,.F.,.F.)
B_SPLINE_SURFACE_WITH_KNOTS((2,2),(3,3),(0.,0.0570056626832452),(-0.087901579797133,
0.769148386383007),.UNSPECIFIED.)
GEOMETRIC_REPRESENTATION_ITEM()
RATIONAL_B_SPLINE_SURFACE(((1.,0.90957965212796,1.),(1.,0.90957965212796,
1.)))
REPRESENTATION_ITEM('')
SURFACE()
);
#254=(
BOUNDED_SURFACE()
B_SPLINE_SURFACE(3,1,((#3553,#3554),(#3555,#3556),(#3557,#3558),(#3559,
#3560)),.UNSPECIFIED.,.F.,.F.,.F.)
B_SPLINE_SURFACE_WITH_KNOTS((4,4),(2,2),(0.0288068616775596,1.),(0.,0.02),
 .UNSPECIFIED.)
GEOMETRIC_REPRESENTATION_ITEM()
RATIONAL_B_SPLINE_SURFACE(((1.,1.),(1.,1.),(1.,1.),(1.,1.)))
REPRESENTATION_ITEM('')
SURFACE()
);
#255=(
BOUNDED_SURFACE()
B_SPLINE_SURFACE(1,2,((#3591,#3592,#3593),(#3594,#3595,#3596)),
 .UNSPECIFIED.,.F.,.F.,.F.)
B_SPLINE_SURFACE_WITH_KNOTS((2,2),(3,3),(0.,0.0491607828552313),(-0.346455967962851,
0.0751783184229348),.UNSPECIFIED.)
GEOMETRIC_REPRESENTATION_ITEM()
RATIONAL_B_SPLINE_SURFACE(((1.,0.977860246628106,1.),(1.,0.977860246628106,
1.)))
REPRESENTATION_ITEM('')
SURFACE()
);
#256=(
BOUNDED_SURFACE()
B_SPLINE_SURFACE(3,1,((#3602,#3603),(#3604,#3605),(#3606,#3607),(#3608,
#3609)),.UNSPECIFIED.,.F.,.F.,.F.)
B_SPLINE_SURFACE_WITH_KNOTS((4,4),(2,2),(-1.,-0.0569521929502635),(0.,0.02),
 .UNSPECIFIED.)
GEOMETRIC_REPRESENTATION_ITEM()
RATIONAL_B_SPLINE_SURFACE(((1.,1.),(1.,1.),(1.,1.),(1.,1.)))
REPRESENTATION_ITEM('')
SURFACE()
);
#257=(
BOUNDED_SURFACE()
B_SPLINE_SURFACE(1,2,((#3730,#3731,#3732),(#3733,#3734,#3735)),
 .UNSPECIFIED.,.F.,.F.,.F.)
B_SPLINE_SURFACE_WITH_KNOTS((2,2),(3,3),(0.,0.0543967169068236),(-3.09818145559797,
-2.66851124678188),.UNSPECIFIED.)
GEOMETRIC_REPRESENTATION_ITEM()
RATIONAL_B_SPLINE_SURFACE(((1.,0.977011560974919,1.),(1.,0.977011560974919,
1.)))
REPRESENTATION_ITEM('')
SURFACE()
);
#258=(
BOUNDED_SURFACE()
B_SPLINE_SURFACE(3,1,((#3741,#3742),(#3743,#3744),(#3745,#3746),(#3747,
#3748)),.UNSPECIFIED.,.F.,.F.,.F.)
B_SPLINE_SURFACE_WITH_KNOTS((4,4),(2,2),(0.,1.),(0.,0.02),.UNSPECIFIED.)
GEOMETRIC_REPRESENTATION_ITEM()
RATIONAL_B_SPLINE_SURFACE(((1.,1.),(1.,1.),(1.,1.),(1.,1.)))
REPRESENTATION_ITEM('')
SURFACE()
);
#259=(
BOUNDED_SURFACE()
B_SPLINE_SURFACE(1,2,((#3760,#3761,#3762),(#3763,#3764,#3765)),
 .UNSPECIFIED.,.F.,.F.,.F.)
B_SPLINE_SURFACE_WITH_KNOTS((2,2),(3,3),(-8.60756088467353E-17,0.0620240127884553),
(-3.8198983963453,-2.82718173871398),.UNSPECIFIED.)
GEOMETRIC_REPRESENTATION_ITEM()
RATIONAL_B_SPLINE_SURFACE(((1.,0.879322649058187,1.),(1.,0.879322649058187,
1.)))
REPRESENTATION_ITEM('')
SURFACE()
);
#260=(
BOUNDED_SURFACE()
B_SPLINE_SURFACE(3,1,((#3796,#3797),(#3798,#3799),(#3800,#3801),(#3802,
#3803)),.UNSPECIFIED.,.F.,.F.,.F.)
B_SPLINE_SURFACE_WITH_KNOTS((4,4),(2,2),(0.,1.),(0.,0.02),.UNSPECIFIED.)
GEOMETRIC_REPRESENTATION_ITEM()
RATIONAL_B_SPLINE_SURFACE(((1.,1.),(1.,1.),(1.,1.),(1.,1.)))
REPRESENTATION_ITEM('')
SURFACE()
);
#261=(
BOUNDED_SURFACE()
B_SPLINE_SURFACE(1,2,((#3815,#3816,#3817),(#3818,#3819,#3820)),
 .UNSPECIFIED.,.F.,.F.,.F.)
B_SPLINE_SURFACE_WITH_KNOTS((2,2),(3,3),(-7.72137393506705E-17,0.0556383628428099),
(-3.51087469630793,-3.03374949659816),.UNSPECIFIED.)
GEOMETRIC_REPRESENTATION_ITEM()
RATIONAL_B_SPLINE_SURFACE(((1.,0.971678645074258,1.),(1.,0.971678645074258,
1.)))
REPRESENTATION_ITEM('')
SURFACE()
);
#262=(
BOUNDED_SURFACE()
B_SPLINE_SURFACE(1,2,((#3826,#3827,#3828),(#3829,#3830,#3831)),
 .UNSPECIFIED.,.F.,.F.,.F.)
B_SPLINE_SURFACE_WITH_KNOTS((2,2),(3,3),(-8.18059028278617E-17,0.0589473653587624),
(-3.51222950668501,-2.2392520595057),.UNSPECIFIED.)
GEOMETRIC_REPRESENTATION_ITEM()
RATIONAL_B_SPLINE_SURFACE(((1.,0.804187727301982,1.),(1.,0.804187727301982,
1.)))
REPRESENTATION_ITEM('')
SURFACE()
);
#263=(
BOUNDED_SURFACE()
B_SPLINE_SURFACE(3,1,((#3837,#3838),(#3839,#3840),(#3841,#3842),(#3843,
#3844)),.UNSPECIFIED.,.T.,.F.,.F.)
B_SPLINE_SURFACE_WITH_KNOTS((4,4),(2,2),(-1.,0.),(0.,0.02),
 .UNSPECIFIED.)
GEOMETRIC_REPRESENTATION_ITEM()
RATIONAL_B_SPLINE_SURFACE(((1.,1.),(1.,1.),(1.,1.),(1.,1.)))
REPRESENTATION_ITEM('')
SURFACE()
);
#264=(
BOUNDED_SURFACE()
B_SPLINE_SURFACE(3,1,((#3866,#3867),(#3868,#3869),(#3870,#3871),(#3872,
#3873)),.UNSPECIFIED.,.F.,.F.,.F.)
B_SPLINE_SURFACE_WITH_KNOTS((4,4),(2,2),(0.00688200813118507,1.),(0.,0.02),
 .UNSPECIFIED.)
GEOMETRIC_REPRESENTATION_ITEM()
RATIONAL_B_SPLINE_SURFACE(((1.,1.),(1.,1.),(1.,1.),(1.,1.)))
REPRESENTATION_ITEM('')
SURFACE()
);
#265=(
BOUNDED_SURFACE()
B_SPLINE_SURFACE(1,2,((#3885,#3886,#3887),(#3888,#3889,#3890)),
 .UNSPECIFIED.,.F.,.F.,.F.)
B_SPLINE_SURFACE_WITH_KNOTS((2,2),(3,3),(0.,0.076652147728436),(-0.315341048132665,
0.165915205605988),.UNSPECIFIED.)
GEOMETRIC_REPRESENTATION_ITEM()
RATIONAL_B_SPLINE_SURFACE(((1.,0.97118847583781,1.),(1.,0.97118847583781,
1.)))
REPRESENTATION_ITEM('')
SURFACE()
);
#266=(
BOUNDED_SURFACE()
B_SPLINE_SURFACE(3,2,((#4101,#4102,#4103),(#4104,#4105,#4106),(#4107,#4108,
#4109),(#4110,#4111,#4112)),.UNSPECIFIED.,.F.,.F.,.F.)
B_SPLINE_SURFACE_WITH_KNOTS((4,4),(3,3),(0.00221100430138685,0.00778477464870848),
(0.,1.),.UNSPECIFIED.)
GEOMETRIC_REPRESENTATION_ITEM()
RATIONAL_B_SPLINE_SURFACE(((1.,0.712025206455006,1.),(1.,0.712026631958853,
1.),(1.,0.712026899776342,1.),(1.,0.71202601411297,1.)))
REPRESENTATION_ITEM('')
SURFACE()
);
#267=(
BOUNDED_SURFACE()
B_SPLINE_SURFACE(3,1,((#4184,#4185),(#4186,#4187),(#4188,#4189),(#4190,
#4191)),.UNSPECIFIED.,.F.,.F.,.F.)
B_SPLINE_SURFACE_WITH_KNOTS((4,4),(2,2),(0.,1.),(0.,0.001),
 .UNSPECIFIED.)
GEOMETRIC_REPRESENTATION_ITEM()
RATIONAL_B_SPLINE_SURFACE(((1.,1.),(1.,1.),(1.,1.),(1.,1.)))
REPRESENTATION_ITEM('')
SURFACE()
);
#268=(
BOUNDED_SURFACE()
B_SPLINE_SURFACE(3,1,((#4203,#4204),(#4205,#4206),(#4207,#4208),(#4209,
#4210)),.UNSPECIFIED.,.F.,.F.,.F.)
B_SPLINE_SURFACE_WITH_KNOTS((4,4),(2,2),(0.,1.),(0.,0.001),
 .UNSPECIFIED.)
GEOMETRIC_REPRESENTATION_ITEM()
RATIONAL_B_SPLINE_SURFACE(((1.,1.),(1.,1.),(1.,1.),(1.,1.)))
REPRESENTATION_ITEM('')
SURFACE()
);
#269=(
BOUNDED_SURFACE()
B_SPLINE_SURFACE(3,1,((#4222,#4223),(#4224,#4225),(#4226,#4227),(#4228,
#4229)),.UNSPECIFIED.,.F.,.F.,.F.)
B_SPLINE_SURFACE_WITH_KNOTS((4,4),(2,2),(0.,1.),(0.,0.001),
 .UNSPECIFIED.)
GEOMETRIC_REPRESENTATION_ITEM()
RATIONAL_B_SPLINE_SURFACE(((1.,1.),(1.,1.),(1.,1.),(1.,1.)))
REPRESENTATION_ITEM('')
SURFACE()
);
#270=(
BOUNDED_SURFACE()
B_SPLINE_SURFACE(3,1,((#4241,#4242),(#4243,#4244),(#4245,#4246),(#4247,
#4248)),.UNSPECIFIED.,.F.,.F.,.F.)
B_SPLINE_SURFACE_WITH_KNOTS((4,4),(2,2),(0.,1.),(0.,0.001),
 .UNSPECIFIED.)
GEOMETRIC_REPRESENTATION_ITEM()
RATIONAL_B_SPLINE_SURFACE(((1.,1.),(1.,1.),(1.,1.),(1.,1.)))
REPRESENTATION_ITEM('')
SURFACE()
);
#271=(
BOUNDED_SURFACE()
B_SPLINE_SURFACE(3,1,((#4260,#4261),(#4262,#4263),(#4264,#4265),(#4266,
#4267)),.UNSPECIFIED.,.F.,.F.,.F.)
B_SPLINE_SURFACE_WITH_KNOTS((4,4),(2,2),(0.,1.),(0.,0.001),
 .UNSPECIFIED.)
GEOMETRIC_REPRESENTATION_ITEM()
RATIONAL_B_SPLINE_SURFACE(((1.,1.),(1.,1.),(1.,1.),(1.,1.)))
REPRESENTATION_ITEM('')
SURFACE()
);
#272=(
BOUNDED_SURFACE()
B_SPLINE_SURFACE(3,1,((#4279,#4280),(#4281,#4282),(#4283,#4284),(#4285,
#4286)),.UNSPECIFIED.,.F.,.F.,.F.)
B_SPLINE_SURFACE_WITH_KNOTS((4,4),(2,2),(0.0362016358774113,1.),(0.,0.001),
 .UNSPECIFIED.)
GEOMETRIC_REPRESENTATION_ITEM()
RATIONAL_B_SPLINE_SURFACE(((1.,1.),(1.,1.),(1.,1.),(1.,1.)))
REPRESENTATION_ITEM('')
SURFACE()
);
#273=(
BOUNDED_SURFACE()
B_SPLINE_SURFACE(3,1,((#4317,#4318),(#4319,#4320),(#4321,#4322),(#4323,
#4324)),.UNSPECIFIED.,.F.,.F.,.F.)
B_SPLINE_SURFACE_WITH_KNOTS((4,4),(2,2),(0.,1.),(0.,0.001),
 .UNSPECIFIED.)
GEOMETRIC_REPRESENTATION_ITEM()
RATIONAL_B_SPLINE_SURFACE(((1.,1.),(1.,1.),(1.,1.),(1.,1.)))
REPRESENTATION_ITEM('')
SURFACE()
);
#274=(
BOUNDED_SURFACE()
B_SPLINE_SURFACE(1,2,((#4417,#4418,#4419),(#4420,#4421,#4422)),
 .UNSPECIFIED.,.F.,.F.,.F.)
B_SPLINE_SURFACE_WITH_KNOTS((2,2),(3,3),(0.,0.0598724875583271),(0.641757200755251,
1.21082867834315),.UNSPECIFIED.)
GEOMETRIC_REPRESENTATION_ITEM()
RATIONAL_B_SPLINE_SURFACE(((1.,0.959792079728141,1.),(1.,0.959792079728141,
1.)))
REPRESENTATION_ITEM('')
SURFACE()
);
#275=(
BOUNDED_SURFACE()
B_SPLINE_SURFACE(3,1,((#4431,#4432),(#4433,#4434),(#4435,#4436),(#4437,
#4438)),.UNSPECIFIED.,.F.,.F.,.F.)
B_SPLINE_SURFACE_WITH_KNOTS((4,4),(2,2),(0.,1.),(0.,0.001),
 .UNSPECIFIED.)
GEOMETRIC_REPRESENTATION_ITEM()
RATIONAL_B_SPLINE_SURFACE(((1.,1.),(1.,1.),(1.,1.),(1.,1.)))
REPRESENTATION_ITEM('')
SURFACE()
);
#276=(
BOUNDED_SURFACE()
B_SPLINE_SURFACE(3,1,((#4450,#4451),(#4452,#4453),(#4454,#4455),(#4456,
#4457)),.UNSPECIFIED.,.F.,.F.,.F.)
B_SPLINE_SURFACE_WITH_KNOTS((4,4),(2,2),(0.,1.),(0.,0.001),
 .UNSPECIFIED.)
GEOMETRIC_REPRESENTATION_ITEM()
RATIONAL_B_SPLINE_SURFACE(((1.,1.),(1.,1.),(1.,1.),(1.,1.)))
REPRESENTATION_ITEM('')
SURFACE()
);
#277=(
BOUNDED_SURFACE()
B_SPLINE_SURFACE(1,2,((#4469,#4470,#4471),(#4472,#4473,#4474)),
 .UNSPECIFIED.,.F.,.F.,.F.)
B_SPLINE_SURFACE_WITH_KNOTS((2,2),(3,3),(0.,0.061516196508498),(1.90374108887183,
2.17626088805532),.UNSPECIFIED.)
GEOMETRIC_REPRESENTATION_ITEM()
RATIONAL_B_SPLINE_SURFACE(((1.,0.990730974519503,1.),(1.,0.990730974519503,
1.)))
REPRESENTATION_ITEM('')
SURFACE()
);
#278=(
BOUNDED_SURFACE()
B_SPLINE_SURFACE(1,2,((#4507,#4508,#4509),(#4510,#4511,#4512)),
 .UNSPECIFIED.,.F.,.F.,.F.)
B_SPLINE_SURFACE_WITH_KNOTS((2,2),(3,3),(0.,0.0338409825828828),(2.74712510963563,
3.19383614173799),.UNSPECIFIED.)
GEOMETRIC_REPRESENTATION_ITEM()
RATIONAL_B_SPLINE_SURFACE(((1.,0.975159683654043,1.),(1.,0.975159683654043,
1.)))
REPRESENTATION_ITEM('')
SURFACE()
);
#279=(
BOUNDED_SURFACE()
B_SPLINE_SURFACE(3,1,((#4518,#4519),(#4520,#4521),(#4522,#4523),(#4524,
#4525)),.UNSPECIFIED.,.F.,.F.,.F.)
B_SPLINE_SURFACE_WITH_KNOTS((4,4),(2,2),(0.0373110261308425,1.),(0.,0.001),
 .UNSPECIFIED.)
GEOMETRIC_REPRESENTATION_ITEM()
RATIONAL_B_SPLINE_SURFACE(((1.,1.),(1.,1.),(1.,1.),(1.,1.)))
REPRESENTATION_ITEM('')
SURFACE()
);
#280=(
BOUNDED_SURFACE()
B_SPLINE_SURFACE(3,1,((#4537,#4538),(#4539,#4540),(#4541,#4542),(#4543,
#4544)),.UNSPECIFIED.,.F.,.F.,.F.)
B_SPLINE_SURFACE_WITH_KNOTS((4,4),(2,2),(0.,1.),(0.,0.001),
 .UNSPECIFIED.)
GEOMETRIC_REPRESENTATION_ITEM()
RATIONAL_B_SPLINE_SURFACE(((1.,1.),(1.,1.),(1.,1.),(1.,1.)))
REPRESENTATION_ITEM('')
SURFACE()
);
#281=(
BOUNDED_SURFACE()
B_SPLINE_SURFACE(3,1,((#4556,#4557),(#4558,#4559),(#4560,#4561),(#4562,
#4563)),.UNSPECIFIED.,.F.,.F.,.F.)
B_SPLINE_SURFACE_WITH_KNOTS((4,4),(2,2),(0.00507898731130081,1.),(0.,0.001),
 .UNSPECIFIED.)
GEOMETRIC_REPRESENTATION_ITEM()
RATIONAL_B_SPLINE_SURFACE(((1.,1.),(1.,1.),(1.,1.),(1.,1.)))
REPRESENTATION_ITEM('')
SURFACE()
);
#282=(
BOUNDED_SURFACE()
B_SPLINE_SURFACE(1,2,((#4575,#4576,#4577),(#4578,#4579,#4580)),
 .UNSPECIFIED.,.F.,.F.,.F.)
B_SPLINE_SURFACE_WITH_KNOTS((2,2),(3,3),(0.,0.0850395998027411),(-0.946901097822113,
-0.839534619080534),.UNSPECIFIED.)
GEOMETRIC_REPRESENTATION_ITEM()
RATIONAL_B_SPLINE_SURFACE(((1.,0.998559400925882,1.),(1.,0.998559400925882,
1.)))
REPRESENTATION_ITEM('')
SURFACE()
);
#283=(
BOUNDED_SURFACE()
B_SPLINE_SURFACE(3,1,((#4586,#4587),(#4588,#4589),(#4590,#4591),(#4592,
#4593)),.UNSPECIFIED.,.F.,.F.,.F.)
B_SPLINE_SURFACE_WITH_KNOTS((4,4),(2,2),(0.,1.),(0.,0.001),
 .UNSPECIFIED.)
GEOMETRIC_REPRESENTATION_ITEM()
RATIONAL_B_SPLINE_SURFACE(((1.,1.),(1.,1.),(1.,1.),(1.,1.)))
REPRESENTATION_ITEM('')
SURFACE()
);
#284=(
BOUNDED_SURFACE()
B_SPLINE_SURFACE(1,2,((#4650,#4651,#4652),(#4653,#4654,#4655)),
 .UNSPECIFIED.,.F.,.F.,.F.)
B_SPLINE_SURFACE_WITH_KNOTS((2,2),(3,3),(0.,0.0285028313416226),(-0.0879015797971336,
0.769148386383007),.UNSPECIFIED.)
GEOMETRIC_REPRESENTATION_ITEM()
RATIONAL_B_SPLINE_SURFACE(((1.,0.90957965212796,1.),(1.,0.90957965212796,
1.)))
REPRESENTATION_ITEM('')
SURFACE()
);
#285=(
BOUNDED_SURFACE()
B_SPLINE_SURFACE(3,1,((#4667,#4668),(#4669,#4670),(#4671,#4672),(#4673,
#4674)),.UNSPECIFIED.,.F.,.F.,.F.)
B_SPLINE_SURFACE_WITH_KNOTS((4,4),(2,2),(0.0288068616775596,1.),(0.,0.001),
 .UNSPECIFIED.)
GEOMETRIC_REPRESENTATION_ITEM()
RATIONAL_B_SPLINE_SURFACE(((1.,1.),(1.,1.),(1.,1.),(1.,1.)))
REPRESENTATION_ITEM('')
SURFACE()
);
#286=(
BOUNDED_SURFACE()
B_SPLINE_SURFACE(1,2,((#4705,#4706,#4707),(#4708,#4709,#4710)),
 .UNSPECIFIED.,.F.,.F.,.F.)
B_SPLINE_SURFACE_WITH_KNOTS((2,2),(3,3),(0.,0.0245803914276156),(-0.346455967962851,
0.0751783184229363),.UNSPECIFIED.)
GEOMETRIC_REPRESENTATION_ITEM()
RATIONAL_B_SPLINE_SURFACE(((1.,0.977860246628106,1.),(1.,0.977860246628106,
1.)))
REPRESENTATION_ITEM('')
SURFACE()
);
#287=(
BOUNDED_SURFACE()
B_SPLINE_SURFACE(1,2,((#4825,#4826,#4827),(#4828,#4829,#4830)),
 .UNSPECIFIED.,.F.,.F.,.F.)
B_SPLINE_SURFACE_WITH_KNOTS((2,2),(3,3),(0.,0.0271983584534118),(-3.09818145559797,
-2.66851124678188),.UNSPECIFIED.)
GEOMETRIC_REPRESENTATION_ITEM()
RATIONAL_B_SPLINE_SURFACE(((1.,0.977011560974919,1.),(1.,0.977011560974919,
1.)))
REPRESENTATION_ITEM('')
SURFACE()
);
#288=(
BOUNDED_SURFACE()
B_SPLINE_SURFACE(3,1,((#4836,#4837),(#4838,#4839),(#4840,#4841),(#4842,
#4843)),.UNSPECIFIED.,.F.,.F.,.F.)
B_SPLINE_SURFACE_WITH_KNOTS((4,4),(2,2),(0.,1.),(0.,0.001),
 .UNSPECIFIED.)
GEOMETRIC_REPRESENTATION_ITEM()
RATIONAL_B_SPLINE_SURFACE(((1.,1.),(1.,1.),(1.,1.),(1.,1.)))
REPRESENTATION_ITEM('')
SURFACE()
);
#289=(
BOUNDED_SURFACE()
B_SPLINE_SURFACE(1,2,((#4855,#4856,#4857),(#4858,#4859,#4860)),
 .UNSPECIFIED.,.F.,.F.,.F.)
B_SPLINE_SURFACE_WITH_KNOTS((2,2),(3,3),(0.,0.0310120063942277),(-3.8198983963453,
-2.82718173871398),.UNSPECIFIED.)
GEOMETRIC_REPRESENTATION_ITEM()
RATIONAL_B_SPLINE_SURFACE(((1.,0.879322649058187,1.),(1.,0.879322649058187,
1.)))
REPRESENTATION_ITEM('')
SURFACE()
);
#290=(
BOUNDED_SURFACE()
B_SPLINE_SURFACE(3,1,((#4891,#4892),(#4893,#4894),(#4895,#4896),(#4897,
#4898)),.UNSPECIFIED.,.F.,.F.,.F.)
B_SPLINE_SURFACE_WITH_KNOTS((4,4),(2,2),(0.,1.),(0.,0.001),
 .UNSPECIFIED.)
GEOMETRIC_REPRESENTATION_ITEM()
RATIONAL_B_SPLINE_SURFACE(((1.,1.),(1.,1.),(1.,1.),(1.,1.)))
REPRESENTATION_ITEM('')
SURFACE()
);
#291=(
BOUNDED_SURFACE()
B_SPLINE_SURFACE(1,2,((#4910,#4911,#4912),(#4913,#4914,#4915)),
 .UNSPECIFIED.,.F.,.F.,.F.)
B_SPLINE_SURFACE_WITH_KNOTS((2,2),(3,3),(0.,0.027819181421405),(-3.51087469630793,
-3.03374949659816),.UNSPECIFIED.)
GEOMETRIC_REPRESENTATION_ITEM()
RATIONAL_B_SPLINE_SURFACE(((1.,0.971678645074258,1.),(1.,0.971678645074258,
1.)))
REPRESENTATION_ITEM('')
SURFACE()
);
#292=(
BOUNDED_SURFACE()
B_SPLINE_SURFACE(1,2,((#4921,#4922,#4923),(#4924,#4925,#4926)),
 .UNSPECIFIED.,.F.,.F.,.F.)
B_SPLINE_SURFACE_WITH_KNOTS((2,2),(3,3),(0.,0.0294736826793812),(-3.51222950668501,
-2.2392520595057),.UNSPECIFIED.)
GEOMETRIC_REPRESENTATION_ITEM()
RATIONAL_B_SPLINE_SURFACE(((1.,0.804187727301982,1.),(1.,0.804187727301982,
1.)))
REPRESENTATION_ITEM('')
SURFACE()
);
#293=(
BOUNDED_SURFACE()
B_SPLINE_SURFACE(3,1,((#4932,#4933),(#4934,#4935),(#4936,#4937),(#4938,
#4939)),.UNSPECIFIED.,.T.,.F.,.F.)
B_SPLINE_SURFACE_WITH_KNOTS((4,4),(2,2),(-1.,0.),(0.,0.001),
 .UNSPECIFIED.)
GEOMETRIC_REPRESENTATION_ITEM()
RATIONAL_B_SPLINE_SURFACE(((1.,1.),(1.,1.),(1.,1.),(1.,1.)))
REPRESENTATION_ITEM('')
SURFACE()
);
#294=(
BOUNDED_SURFACE()
B_SPLINE_SURFACE(3,1,((#4961,#4962),(#4963,#4964),(#4965,#4966),(#4967,
#4968)),.UNSPECIFIED.,.F.,.F.,.F.)
B_SPLINE_SURFACE_WITH_KNOTS((4,4),(2,2),(0.00688200813118507,1.),(0.,0.001),
 .UNSPECIFIED.)
GEOMETRIC_REPRESENTATION_ITEM()
RATIONAL_B_SPLINE_SURFACE(((1.,1.),(1.,1.),(1.,1.),(1.,1.)))
REPRESENTATION_ITEM('')
SURFACE()
);
#295=(
BOUNDED_SURFACE()
B_SPLINE_SURFACE(1,2,((#4980,#4981,#4982),(#4983,#4984,#4985)),
 .UNSPECIFIED.,.F.,.F.,.F.)
B_SPLINE_SURFACE_WITH_KNOTS((2,2),(3,3),(0.,0.038326073864218),(-0.315341048132665,
0.165915205605988),.UNSPECIFIED.)
GEOMETRIC_REPRESENTATION_ITEM()
RATIONAL_B_SPLINE_SURFACE(((1.,0.97118847583781,1.),(1.,0.97118847583781,
1.)))
REPRESENTATION_ITEM('')
SURFACE()
);
#296=FACE_OUTER_BOUND('',#426,.T.);
#297=FACE_OUTER_BOUND('',#427,.T.);
#298=FACE_OUTER_BOUND('',#428,.T.);
#299=FACE_OUTER_BOUND('',#429,.T.);
#300=FACE_OUTER_BOUND('',#430,.T.);
#301=FACE_OUTER_BOUND('',#431,.T.);
#302=FACE_OUTER_BOUND('',#432,.T.);
#303=FACE_OUTER_BOUND('',#433,.T.);
#304=FACE_OUTER_BOUND('',#434,.T.);
#305=FACE_OUTER_BOUND('',#435,.T.);
#306=FACE_OUTER_BOUND('',#436,.T.);
#307=FACE_OUTER_BOUND('',#437,.T.);
#308=FACE_OUTER_BOUND('',#438,.T.);
#309=FACE_OUTER_BOUND('',#439,.T.);
#310=FACE_OUTER_BOUND('',#440,.T.);
#311=FACE_OUTER_BOUND('',#441,.T.);
#312=FACE_OUTER_BOUND('',#442,.T.);
#313=FACE_OUTER_BOUND('',#443,.T.);
#314=FACE_OUTER_BOUND('',#444,.T.);
#315=FACE_OUTER_BOUND('',#445,.T.);
#316=FACE_OUTER_BOUND('',#446,.T.);
#317=FACE_OUTER_BOUND('',#447,.T.);
#318=FACE_OUTER_BOUND('',#448,.T.);
#319=FACE_OUTER_BOUND('',#449,.T.);
#320=FACE_OUTER_BOUND('',#450,.T.);
#321=FACE_OUTER_BOUND('',#451,.T.);
#322=FACE_OUTER_BOUND('',#452,.T.);
#323=FACE_OUTER_BOUND('',#453,.T.);
#324=FACE_OUTER_BOUND('',#454,.T.);
#325=FACE_OUTER_BOUND('',#455,.T.);
#326=FACE_OUTER_BOUND('',#456,.T.);
#327=FACE_OUTER_BOUND('',#457,.T.);
#328=FACE_OUTER_BOUND('',#458,.T.);
#329=FACE_OUTER_BOUND('',#459,.T.);
#330=FACE_OUTER_BOUND('',#460,.T.);
#331=FACE_OUTER_BOUND('',#461,.T.);
#332=FACE_OUTER_BOUND('',#462,.T.);
#333=FACE_OUTER_BOUND('',#463,.T.);
#334=FACE_OUTER_BOUND('',#464,.T.);
#335=FACE_OUTER_BOUND('',#465,.T.);
#336=FACE_OUTER_BOUND('',#466,.T.);
#337=FACE_OUTER_BOUND('',#467,.T.);
#338=FACE_OUTER_BOUND('',#468,.T.);
#339=FACE_OUTER_BOUND('',#469,.T.);
#340=FACE_OUTER_BOUND('',#470,.T.);
#341=FACE_OUTER_BOUND('',#471,.T.);
#342=FACE_OUTER_BOUND('',#472,.T.);
#343=FACE_OUTER_BOUND('',#473,.T.);
#344=FACE_OUTER_BOUND('',#474,.T.);
#345=FACE_OUTER_BOUND('',#475,.T.);
#346=FACE_OUTER_BOUND('',#477,.T.);
#347=FACE_OUTER_BOUND('',#478,.T.);
#348=FACE_OUTER_BOUND('',#480,.T.);
#349=FACE_OUTER_BOUND('',#481,.T.);
#350=FACE_OUTER_BOUND('',#482,.T.);
#351=FACE_OUTER_BOUND('',#485,.T.);
#352=FACE_OUTER_BOUND('',#486,.T.);
#353=FACE_OUTER_BOUND('',#489,.T.);
#354=FACE_OUTER_BOUND('',#490,.T.);
#355=FACE_OUTER_BOUND('',#491,.T.);
#356=FACE_OUTER_BOUND('',#492,.T.);
#357=FACE_OUTER_BOUND('',#493,.T.);
#358=FACE_OUTER_BOUND('',#494,.T.);
#359=FACE_OUTER_BOUND('',#495,.T.);
#360=FACE_OUTER_BOUND('',#496,.T.);
#361=FACE_OUTER_BOUND('',#497,.T.);
#362=FACE_OUTER_BOUND('',#498,.T.);
#363=FACE_OUTER_BOUND('',#499,.T.);
#364=FACE_OUTER_BOUND('',#500,.T.);
#365=FACE_OUTER_BOUND('',#501,.T.);
#366=FACE_OUTER_BOUND('',#502,.T.);
#367=FACE_OUTER_BOUND('',#503,.T.);
#368=FACE_OUTER_BOUND('',#504,.T.);
#369=FACE_OUTER_BOUND('',#505,.T.);
#370=FACE_OUTER_BOUND('',#506,.T.);
#371=FACE_OUTER_BOUND('',#507,.T.);
#372=FACE_OUTER_BOUND('',#508,.T.);
#373=FACE_OUTER_BOUND('',#509,.T.);
#374=FACE_OUTER_BOUND('',#510,.T.);
#375=FACE_OUTER_BOUND('',#511,.T.);
#376=FACE_OUTER_BOUND('',#512,.T.);
#377=FACE_OUTER_BOUND('',#513,.T.);
#378=FACE_OUTER_BOUND('',#514,.T.);
#379=FACE_OUTER_BOUND('',#515,.T.);
#380=FACE_OUTER_BOUND('',#516,.T.);
#381=FACE_OUTER_BOUND('',#517,.T.);
#382=FACE_OUTER_BOUND('',#518,.T.);
#383=FACE_OUTER_BOUND('',#519,.T.);
#384=FACE_OUTER_BOUND('',#520,.T.);
#385=FACE_OUTER_BOUND('',#521,.T.);
#386=FACE_OUTER_BOUND('',#522,.T.);
#387=FACE_OUTER_BOUND('',#523,.T.);
#388=FACE_OUTER_BOUND('',#524,.T.);
#389=FACE_OUTER_BOUND('',#525,.T.);
#390=FACE_OUTER_BOUND('',#526,.T.);
#391=FACE_OUTER_BOUND('',#527,.T.);
#392=FACE_OUTER_BOUND('',#528,.T.);
#393=FACE_OUTER_BOUND('',#529,.T.);
#394=FACE_OUTER_BOUND('',#530,.T.);
#395=FACE_OUTER_BOUND('',#531,.T.);
#396=FACE_OUTER_BOUND('',#532,.T.);
#397=FACE_OUTER_BOUND('',#533,.T.);
#398=FACE_OUTER_BOUND('',#534,.T.);
#399=FACE_OUTER_BOUND('',#535,.T.);
#400=FACE_OUTER_BOUND('',#536,.T.);
#401=FACE_OUTER_BOUND('',#537,.T.);
#402=FACE_OUTER_BOUND('',#538,.T.);
#403=FACE_OUTER_BOUND('',#539,.T.);
#404=FACE_OUTER_BOUND('',#540,.T.);
#405=FACE_OUTER_BOUND('',#541,.T.);
#406=FACE_OUTER_BOUND('',#542,.T.);
#407=FACE_OUTER_BOUND('',#543,.T.);
#408=FACE_OUTER_BOUND('',#544,.T.);
#409=FACE_OUTER_BOUND('',#545,.T.);
#410=FACE_OUTER_BOUND('',#546,.T.);
#411=FACE_OUTER_BOUND('',#547,.T.);
#412=FACE_OUTER_BOUND('',#548,.T.);
#413=FACE_OUTER_BOUND('',#549,.T.);
#414=FACE_OUTER_BOUND('',#550,.T.);
#415=FACE_OUTER_BOUND('',#551,.T.);
#416=FACE_OUTER_BOUND('',#552,.T.);
#417=FACE_OUTER_BOUND('',#553,.T.);
#418=FACE_OUTER_BOUND('',#554,.T.);
#419=FACE_OUTER_BOUND('',#555,.T.);
#420=FACE_OUTER_BOUND('',#556,.T.);
#421=FACE_OUTER_BOUND('',#557,.T.);
#422=FACE_OUTER_BOUND('',#558,.T.);
#423=FACE_OUTER_BOUND('',#559,.T.);
#424=FACE_OUTER_BOUND('',#560,.T.);
#425=FACE_OUTER_BOUND('',#562,.T.);
#426=EDGE_LOOP('',(#1520,#1521,#1522,#1523));
#427=EDGE_LOOP('',(#1524,#1525,#1526,#1527));
#428=EDGE_LOOP('',(#1528,#1529,#1530,#1531));
#429=EDGE_LOOP('',(#1532,#1533,#1534,#1535));
#430=EDGE_LOOP('',(#1536,#1537,#1538,#1539));
#431=EDGE_LOOP('',(#1540,#1541,#1542,#1543));
#432=EDGE_LOOP('',(#1544,#1545,#1546,#1547));
#433=EDGE_LOOP('',(#1548,#1549,#1550,#1551));
#434=EDGE_LOOP('',(#1552,#1553,#1554,#1555));
#435=EDGE_LOOP('',(#1556,#1557,#1558,#1559));
#436=EDGE_LOOP('',(#1560,#1561,#1562,#1563));
#437=EDGE_LOOP('',(#1564,#1565,#1566,#1567));
#438=EDGE_LOOP('',(#1568,#1569,#1570,#1571));
#439=EDGE_LOOP('',(#1572,#1573,#1574,#1575));
#440=EDGE_LOOP('',(#1576,#1577,#1578,#1579));
#441=EDGE_LOOP('',(#1580,#1581,#1582,#1583));
#442=EDGE_LOOP('',(#1584,#1585,#1586,#1587));
#443=EDGE_LOOP('',(#1588,#1589,#1590,#1591));
#444=EDGE_LOOP('',(#1592,#1593,#1594,#1595));
#445=EDGE_LOOP('',(#1596,#1597,#1598,#1599));
#446=EDGE_LOOP('',(#1600,#1601,#1602,#1603));
#447=EDGE_LOOP('',(#1604,#1605,#1606,#1607));
#448=EDGE_LOOP('',(#1608,#1609,#1610,#1611));
#449=EDGE_LOOP('',(#1612,#1613,#1614,#1615));
#450=EDGE_LOOP('',(#1616,#1617,#1618,#1619));
#451=EDGE_LOOP('',(#1620,#1621,#1622,#1623));
#452=EDGE_LOOP('',(#1624,#1625,#1626,#1627));
#453=EDGE_LOOP('',(#1628,#1629,#1630,#1631));
#454=EDGE_LOOP('',(#1632,#1633,#1634,#1635));
#455=EDGE_LOOP('',(#1636,#1637,#1638,#1639));
#456=EDGE_LOOP('',(#1640,#1641,#1642,#1643));
#457=EDGE_LOOP('',(#1644,#1645,#1646,#1647));
#458=EDGE_LOOP('',(#1648,#1649,#1650,#1651));
#459=EDGE_LOOP('',(#1652,#1653,#1654,#1655));
#460=EDGE_LOOP('',(#1656,#1657,#1658,#1659));
#461=EDGE_LOOP('',(#1660,#1661,#1662,#1663));
#462=EDGE_LOOP('',(#1664,#1665,#1666,#1667));
#463=EDGE_LOOP('',(#1668,#1669,#1670,#1671));
#464=EDGE_LOOP('',(#1672,#1673,#1674,#1675));
#465=EDGE_LOOP('',(#1676,#1677,#1678,#1679));
#466=EDGE_LOOP('',(#1680,#1681,#1682,#1683));
#467=EDGE_LOOP('',(#1684,#1685,#1686,#1687));
#468=EDGE_LOOP('',(#1688,#1689,#1690,#1691));
#469=EDGE_LOOP('',(#1692,#1693,#1694,#1695));
#470=EDGE_LOOP('',(#1696,#1697,#1698,#1699));
#471=EDGE_LOOP('',(#1700,#1701,#1702,#1703));
#472=EDGE_LOOP('',(#1704,#1705,#1706,#1707));
#473=EDGE_LOOP('',(#1708,#1709,#1710,#1711));
#474=EDGE_LOOP('',(#1712,#1713,#1714,#1715));
#475=EDGE_LOOP('',(#1716,#1717,#1718,#1719,#1720,#1721,#1722,#1723,#1724,
#1725,#1726,#1727,#1728,#1729,#1730,#1731,#1732,#1733,#1734,#1735,#1736,
#1737,#1738,#1739,#1740,#1741,#1742,#1743,#1744,#1745,#1746,#1747,#1748,
#1749,#1750,#1751,#1752));
#476=EDGE_LOOP('',(#1753,#1754,#1755,#1756,#1757,#1758,#1759,#1760,#1761,
#1762,#1763,#1764));
#477=EDGE_LOOP('',(#1765));
#478=EDGE_LOOP('',(#1766,#1767,#1768,#1769,#1770,#1771,#1772,#1773));
#479=EDGE_LOOP('',(#1774,#1775,#1776,#1777,#1778,#1779,#1780,#1781,#1782,
#1783,#1784,#1785,#1786,#1787,#1788,#1789,#1790,#1791,#1792,#1793,#1794,
#1795,#1796,#1797,#1798,#1799,#1800,#1801,#1802,#1803,#1804,#1805,#1806,
#1807,#1808,#1809));
#480=EDGE_LOOP('',(#1810,#1811,#1812,#1813,#1814));
#481=EDGE_LOOP('',(#1815,#1816,#1817,#1818,#1819,#1820));
#482=EDGE_LOOP('',(#1821,#1822,#1823,#1824,#1825,#1826,#1827,#1828));
#483=EDGE_LOOP('',(#1829));
#484=EDGE_LOOP('',(#1830));
#485=EDGE_LOOP('',(#1831,#1832,#1833,#1834,#1835));
#486=EDGE_LOOP('',(#1836,#1837,#1838,#1839,#1840,#1841,#1842,#1843,#1844,
#1845));
#487=EDGE_LOOP('',(#1846));
#488=EDGE_LOOP('',(#1847));
#489=EDGE_LOOP('',(#1848,#1849,#1850,#1851));
#490=EDGE_LOOP('',(#1852,#1853,#1854,#1855));
#491=EDGE_LOOP('',(#1856,#1857,#1858,#1859));
#492=EDGE_LOOP('',(#1860,#1861,#1862,#1863,#1864,#1865,#1866,#1867,#1868,
#1869));
#493=EDGE_LOOP('',(#1870,#1871,#1872,#1873));
#494=EDGE_LOOP('',(#1874,#1875,#1876,#1877,#1878,#1879,#1880,#1881,#1882,
#1883,#1884,#1885));
#495=EDGE_LOOP('',(#1886,#1887,#1888,#1889,#1890));
#496=EDGE_LOOP('',(#1891,#1892,#1893,#1894));
#497=EDGE_LOOP('',(#1895,#1896,#1897,#1898));
#498=EDGE_LOOP('',(#1899,#1900,#1901,#1902,#1903,#1904));
#499=EDGE_LOOP('',(#1905,#1906,#1907,#1908,#1909,#1910,#1911,#1912,#1913,
#1914,#1915,#1916,#1917));
#500=EDGE_LOOP('',(#1918,#1919,#1920,#1921));
#501=EDGE_LOOP('',(#1922,#1923,#1924,#1925));
#502=EDGE_LOOP('',(#1926,#1927,#1928,#1929));
#503=EDGE_LOOP('',(#1930,#1931,#1932,#1933));
#504=EDGE_LOOP('',(#1934,#1935,#1936,#1937));
#505=EDGE_LOOP('',(#1938,#1939,#1940,#1941));
#506=EDGE_LOOP('',(#1942,#1943,#1944,#1945,#1946,#1947));
#507=EDGE_LOOP('',(#1948,#1949,#1950,#1951));
#508=EDGE_LOOP('',(#1952,#1953,#1954,#1955));
#509=EDGE_LOOP('',(#1956,#1957,#1958,#1959));
#510=EDGE_LOOP('',(#1960,#1961,#1962,#1963));
#511=EDGE_LOOP('',(#1964,#1965,#1966,#1967));
#512=EDGE_LOOP('',(#1968,#1969,#1970,#1971));
#513=EDGE_LOOP('',(#1972,#1973,#1974,#1975));
#514=EDGE_LOOP('',(#1976,#1977,#1978,#1979));
#515=EDGE_LOOP('',(#1980,#1981,#1982,#1983));
#516=EDGE_LOOP('',(#1984,#1985,#1986,#1987));
#517=EDGE_LOOP('',(#1988,#1989,#1990,#1991));
#518=EDGE_LOOP('',(#1992,#1993,#1994,#1995));
#519=EDGE_LOOP('',(#1996,#1997,#1998,#1999));
#520=EDGE_LOOP('',(#2000,#2001,#2002,#2003));
#521=EDGE_LOOP('',(#2004,#2005,#2006,#2007));
#522=EDGE_LOOP('',(#2008,#2009,#2010,#2011));
#523=EDGE_LOOP('',(#2012,#2013,#2014,#2015));
#524=EDGE_LOOP('',(#2016,#2017,#2018,#2019));
#525=EDGE_LOOP('',(#2020,#2021,#2022,#2023));
#526=EDGE_LOOP('',(#2024,#2025,#2026,#2027));
#527=EDGE_LOOP('',(#2028,#2029,#2030,#2031));
#528=EDGE_LOOP('',(#2032,#2033,#2034,#2035));
#529=EDGE_LOOP('',(#2036,#2037,#2038,#2039));
#530=EDGE_LOOP('',(#2040,#2041,#2042,#2043));
#531=EDGE_LOOP('',(#2044,#2045,#2046,#2047));
#532=EDGE_LOOP('',(#2048,#2049,#2050,#2051));
#533=EDGE_LOOP('',(#2052,#2053,#2054,#2055));
#534=EDGE_LOOP('',(#2056,#2057,#2058,#2059));
#535=EDGE_LOOP('',(#2060,#2061,#2062,#2063));
#536=EDGE_LOOP('',(#2064,#2065,#2066,#2067));
#537=EDGE_LOOP('',(#2068,#2069,#2070,#2071));
#538=EDGE_LOOP('',(#2072,#2073,#2074,#2075));
#539=EDGE_LOOP('',(#2076,#2077,#2078,#2079));
#540=EDGE_LOOP('',(#2080,#2081,#2082,#2083));
#541=EDGE_LOOP('',(#2084,#2085,#2086,#2087));
#542=EDGE_LOOP('',(#2088,#2089,#2090,#2091));
#543=EDGE_LOOP('',(#2092,#2093,#2094,#2095));
#544=EDGE_LOOP('',(#2096,#2097,#2098,#2099));
#545=EDGE_LOOP('',(#2100,#2101,#2102,#2103));
#546=EDGE_LOOP('',(#2104,#2105,#2106,#2107));
#547=EDGE_LOOP('',(#2108,#2109,#2110,#2111));
#548=EDGE_LOOP('',(#2112,#2113,#2114,#2115));
#549=EDGE_LOOP('',(#2116,#2117,#2118,#2119));
#550=EDGE_LOOP('',(#2120,#2121,#2122,#2123));
#551=EDGE_LOOP('',(#2124,#2125,#2126,#2127));
#552=EDGE_LOOP('',(#2128,#2129,#2130,#2131));
#553=EDGE_LOOP('',(#2132,#2133,#2134,#2135));
#554=EDGE_LOOP('',(#2136,#2137,#2138,#2139));
#555=EDGE_LOOP('',(#2140,#2141,#2142,#2143));
#556=EDGE_LOOP('',(#2144,#2145,#2146,#2147));
#557=EDGE_LOOP('',(#2148,#2149,#2150,#2151));
#558=EDGE_LOOP('',(#2152,#2153,#2154,#2155));
#559=EDGE_LOOP('',(#2156,#2157,#2158,#2159));
#560=EDGE_LOOP('',(#2160,#2161,#2162,#2163,#2164,#2165,#2166,#2167,#2168,
#2169,#2170,#2171,#2172,#2173,#2174,#2175,#2176,#2177,#2178,#2179,#2180,
#2181,#2182,#2183,#2184,#2185,#2186,#2187,#2188,#2189,#2190,#2191,#2192,
#2193));
#561=EDGE_LOOP('',(#2194,#2195,#2196,#2197,#2198,#2199,#2200,#2201,#2202,
#2203,#2204,#2205));
#562=EDGE_LOOP('',(#2206,#2207,#2208,#2209,#2210,#2211,#2212,#2213,#2214,
#2215,#2216,#2217,#2218,#2219,#2220,#2221,#2222,#2223,#2224,#2225,#2226,
#2227,#2228,#2229,#2230,#2231,#2232,#2233,#2234,#2235,#2236,#2237,#2238,
#2239));
#563=EDGE_LOOP('',(#2240,#2241,#2242,#2243,#2244,#2245,#2246,#2247,#2248,
#2249,#2250,#2251));
#564=LINE('',#2984,#713);
#565=LINE('',#2990,#714);
#566=LINE('',#3026,#715);
#567=LINE('',#3054,#716);
#568=LINE('',#3073,#717);
#569=LINE('',#3092,#718);
#570=LINE('',#3111,#719);
#571=LINE('',#3130,#720);
#572=LINE('',#3149,#721);
#573=LINE('',#3168,#722);
#574=LINE('',#3187,#723);
#575=LINE('',#3227,#724);
#576=LINE('',#3283,#725);
#577=LINE('',#3286,#726);
#578=LINE('',#3301,#727);
#579=LINE('',#3320,#728);
#580=LINE('',#3334,#729);
#581=LINE('',#3356,#730);
#582=LINE('',#3372,#731);
#583=LINE('',#3388,#732);
#584=LINE('',#3407,#733);
#585=LINE('',#3426,#734);
#586=LINE('',#3445,#735);
#587=LINE('',#3464,#736);
#588=LINE('',#3478,#737);
#589=LINE('',#3494,#738);
#590=LINE('',#3501,#739);
#591=LINE('',#3503,#740);
#592=LINE('',#3504,#741);
#593=LINE('',#3528,#742);
#594=LINE('',#3545,#743);
#595=LINE('',#3551,#744);
#596=LINE('',#3567,#745);
#597=LINE('',#3586,#746);
#598=LINE('',#3600,#747);
#599=LINE('',#3616,#748);
#600=LINE('',#3642,#749);
#601=LINE('',#3671,#750);
#602=LINE('',#3717,#751);
#603=LINE('',#3739,#752);
#604=LINE('',#3755,#753);
#605=LINE('',#3769,#754);
#606=LINE('',#3775,#755);
#607=LINE('',#3791,#756);
#608=LINE('',#3810,#757);
#609=LINE('',#3824,#758);
#610=LINE('',#3835,#759);
#611=LINE('',#3849,#760);
#612=LINE('',#3858,#761);
#613=LINE('',#3862,#762);
#614=LINE('',#3864,#763);
#615=LINE('',#3865,#764);
#616=LINE('',#3880,#765);
#617=LINE('',#3898,#766);
#618=LINE('',#3902,#767);
#619=LINE('',#3906,#768);
#620=LINE('',#3908,#769);
#621=LINE('',#3910,#770);
#622=LINE('',#3916,#771);
#623=LINE('',#3925,#772);
#624=LINE('',#3931,#773);
#625=LINE('',#3937,#774);
#626=LINE('',#3939,#775);
#627=LINE('',#3941,#776);
#628=LINE('',#3948,#777);
#629=LINE('',#3960,#778);
#630=LINE('',#3962,#779);
#631=LINE('',#3966,#780);
#632=LINE('',#3970,#781);
#633=LINE('',#3985,#782);
#634=LINE('',#3989,#783);
#635=LINE('',#3992,#784);
#636=LINE('',#3997,#785);
#637=LINE('',#4001,#786);
#638=LINE('',#4005,#787);
#639=LINE('',#4009,#788);
#640=LINE('',#4010,#789);
#641=LINE('',#4012,#790);
#642=LINE('',#4042,#791);
#643=LINE('',#4044,#792);
#644=LINE('',#4045,#793);
#645=LINE('',#4049,#794);
#646=LINE('',#4050,#795);
#647=LINE('',#4052,#796);
#648=LINE('',#4065,#797);
#649=LINE('',#4071,#798);
#650=LINE('',#4073,#799);
#651=LINE('',#4075,#800);
#652=LINE('',#4078,#801);
#653=LINE('',#4079,#802);
#654=LINE('',#4081,#803);
#655=LINE('',#4085,#804);
#656=LINE('',#4086,#805);
#657=LINE('',#4088,#806);
#658=LINE('',#4090,#807);
#659=LINE('',#4092,#808);
#660=LINE('',#4095,#809);
#661=LINE('',#4097,#810);
#662=LINE('',#4099,#811);
#663=LINE('',#4128,#812);
#664=LINE('',#4134,#813);
#665=LINE('',#4170,#814);
#666=LINE('',#4198,#815);
#667=LINE('',#4217,#816);
#668=LINE('',#4236,#817);
#669=LINE('',#4255,#818);
#670=LINE('',#4274,#819);
#671=LINE('',#4293,#820);
#672=LINE('',#4312,#821);
#673=LINE('',#4331,#822);
#674=LINE('',#4371,#823);
#675=LINE('',#4427,#824);
#676=LINE('',#4430,#825);
#677=LINE('',#4445,#826);
#678=LINE('',#4464,#827);
#679=LINE('',#4478,#828);
#680=LINE('',#4500,#829);
#681=LINE('',#4516,#830);
#682=LINE('',#4532,#831);
#683=LINE('',#4551,#832);
#684=LINE('',#4570,#833);
#685=LINE('',#4584,#834);
#686=LINE('',#4600,#835);
#687=LINE('',#4607,#836);
#688=LINE('',#4609,#837);
#689=LINE('',#4610,#838);
#690=LINE('',#4639,#839);
#691=LINE('',#4659,#840);
#692=LINE('',#4665,#841);
#693=LINE('',#4681,#842);
#694=LINE('',#4700,#843);
#695=LINE('',#4714,#844);
#696=LINE('',#4737,#845);
#697=LINE('',#4766,#846);
#698=LINE('',#4812,#847);
#699=LINE('',#4834,#848);
#700=LINE('',#4850,#849);
#701=LINE('',#4864,#850);
#702=LINE('',#4870,#851);
#703=LINE('',#4886,#852);
#704=LINE('',#4905,#853);
#705=LINE('',#4919,#854);
#706=LINE('',#4930,#855);
#707=LINE('',#4944,#856);
#708=LINE('',#4953,#857);
#709=LINE('',#4957,#858);
#710=LINE('',#4959,#859);
#711=LINE('',#4960,#860);
#712=LINE('',#4975,#861);
#713=VECTOR('',#2558,10.);
#714=VECTOR('',#2559,10.);
#715=VECTOR('',#2560,10.);
#716=VECTOR('',#2561,10.);
#717=VECTOR('',#2562,10.);
#718=VECTOR('',#2563,10.);
#719=VECTOR('',#2564,10.);
#720=VECTOR('',#2565,10.);
#721=VECTOR('',#2566,10.);
#722=VECTOR('',#2567,10.);
#723=VECTOR('',#2568,10.);
#724=VECTOR('',#2569,10.);
#725=VECTOR('',#2572,10.);
#726=VECTOR('',#2575,10.);
#727=VECTOR('',#2576,10.);
#728=VECTOR('',#2577,10.);
#729=VECTOR('',#2580,10.);
#730=VECTOR('',#2583,10.);
#731=VECTOR('',#2586,10.);
#732=VECTOR('',#2589,10.);
#733=VECTOR('',#2590,10.);
#734=VECTOR('',#2591,10.);
#735=VECTOR('',#2592,10.);
#736=VECTOR('',#2593,10.);
#737=VECTOR('',#2596,10.);
#738=VECTOR('',#2599,10.);
#739=VECTOR('',#2602,10.);
#740=VECTOR('',#2603,10.);
#741=VECTOR('',#2604,60.);
#742=VECTOR('',#2605,10.);
#743=VECTOR('',#2608,10.);
#744=VECTOR('',#2615,10.);
#745=VECTOR('',#2618,10.);
#746=VECTOR('',#2619,10.);
#747=VECTOR('',#2622,10.);
#748=VECTOR('',#2625,10.);
#749=VECTOR('',#2626,10.);
#750=VECTOR('',#2627,10.);
#751=VECTOR('',#2628,10.);
#752=VECTOR('',#2631,10.);
#753=VECTOR('',#2634,10.);
#754=VECTOR('',#2637,10.);
#755=VECTOR('',#2644,10.);
#756=VECTOR('',#2647,10.);
#757=VECTOR('',#2648,10.);
#758=VECTOR('',#2651,10.);
#759=VECTOR('',#2656,10.);
#760=VECTOR('',#2659,10.);
#761=VECTOR('',#2664,10.);
#762=VECTOR('',#2669,10.);
#763=VECTOR('',#2670,10.);
#764=VECTOR('',#2671,60.);
#765=VECTOR('',#2672,10.);
#766=VECTOR('',#2683,1000.);
#767=VECTOR('',#2686,1000.);
#768=VECTOR('',#2689,10.);
#769=VECTOR('',#2690,1000.);
#770=VECTOR('',#2691,1000.);
#771=VECTOR('',#2698,2.19790567294982);
#772=VECTOR('',#2709,2.04999999999993);
#773=VECTOR('',#2714,1000.);
#774=VECTOR('',#2719,1000.);
#775=VECTOR('',#2720,1000.);
#776=VECTOR('',#2721,1000.);
#777=VECTOR('',#2730,2.14484380710918);
#778=VECTOR('',#2735,10.);
#779=VECTOR('',#2736,10.);
#780=VECTOR('',#2739,10.);
#781=VECTOR('',#2742,10.);
#782=VECTOR('',#2747,2.45);
#783=VECTOR('',#2752,2.15);
#784=VECTOR('',#2757,2.45);
#785=VECTOR('',#2762,1000.);
#786=VECTOR('',#2765,1000.);
#787=VECTOR('',#2768,1000.);
#788=VECTOR('',#2771,1000.);
#789=VECTOR('',#2772,1000.);
#790=VECTOR('',#2775,1000.);
#791=VECTOR('',#2784,1000.);
#792=VECTOR('',#2787,1000.);
#793=VECTOR('',#2788,1000.);
#794=VECTOR('',#2793,10.);
#795=VECTOR('',#2794,1000.);
#796=VECTOR('',#2797,1000.);
#797=VECTOR('',#2798,1000.);
#798=VECTOR('',#2803,1000.);
#799=VECTOR('',#2804,1000.);
#800=VECTOR('',#2805,1000.);
#801=VECTOR('',#2810,1000.);
#802=VECTOR('',#2811,1000.);
#803=VECTOR('',#2814,1000.);
#804=VECTOR('',#2821,1000.);
#805=VECTOR('',#2822,1000.);
#806=VECTOR('',#2825,1000.);
#807=VECTOR('',#2828,10.);
#808=VECTOR('',#2831,1000.);
#809=VECTOR('',#2836,1000.);
#810=VECTOR('',#2839,1000.);
#811=VECTOR('',#2842,1000.);
#812=VECTOR('',#2845,10.);
#813=VECTOR('',#2846,10.);
#814=VECTOR('',#2847,10.);
#815=VECTOR('',#2848,10.);
#816=VECTOR('',#2849,10.);
#817=VECTOR('',#2850,10.);
#818=VECTOR('',#2851,10.);
#819=VECTOR('',#2852,10.);
#820=VECTOR('',#2853,10.);
#821=VECTOR('',#2854,10.);
#822=VECTOR('',#2855,10.);
#823=VECTOR('',#2856,10.);
#824=VECTOR('',#2859,10.);
#825=VECTOR('',#2862,10.);
#826=VECTOR('',#2863,10.);
#827=VECTOR('',#2864,10.);
#828=VECTOR('',#2867,10.);
#829=VECTOR('',#2870,10.);
#830=VECTOR('',#2873,10.);
#831=VECTOR('',#2876,10.);
#832=VECTOR('',#2877,10.);
#833=VECTOR('',#2878,10.);
#834=VECTOR('',#2881,10.);
#835=VECTOR('',#2884,10.);
#836=VECTOR('',#2887,6.);
#837=VECTOR('',#2888,10.);
#838=VECTOR('',#2889,6.);
#839=VECTOR('',#2890,10.);
#840=VECTOR('',#2893,10.);
#841=VECTOR('',#2900,10.);
#842=VECTOR('',#2903,10.);
#843=VECTOR('',#2904,10.);
#844=VECTOR('',#2907,10.);
#845=VECTOR('',#2910,10.);
#846=VECTOR('',#2911,10.);
#847=VECTOR('',#2912,10.);
#848=VECTOR('',#2915,10.);
#849=VECTOR('',#2918,10.);
#850=VECTOR('',#2921,10.);
#851=VECTOR('',#2928,10.);
#852=VECTOR('',#2931,10.);
#853=VECTOR('',#2932,10.);
#854=VECTOR('',#2935,10.);
#855=VECTOR('',#2940,10.);
#856=VECTOR('',#2943,10.);
#857=VECTOR('',#2948,10.);
#858=VECTOR('',#2953,6.);
#859=VECTOR('',#2954,10.);
#860=VECTOR('',#2955,6.);
#861=VECTOR('',#2956,10.);
#862=B_SPLINE_CURVE_WITH_KNOTS('',3,(#2979,#2980,#2981,#2982),
 .UNSPECIFIED.,.F.,.F.,(4,4),(-0.00290299646124328,0.),.UNSPECIFIED.);
#863=B_SPLINE_CURVE_WITH_KNOTS('',3,(#2986,#2987,#2988,#2989),
 .UNSPECIFIED.,.F.,.F.,(4,4),(-0.00290299646124328,0.),.UNSPECIFIED.);
#864=B_SPLINE_CURVE_WITH_KNOTS('',3,(#3012,#3013,#3014,#3015,#3016,#3017,
#3018,#3019,#3020,#3021,#3022,#3023,#3024),.UNSPECIFIED.,.F.,.F.,(4,3,3,
3,4),(-0.0166081275702853,-0.0153760061856631,-0.0148281455708906,-0.0143498182944103,
-0.0134688832785829),.UNSPECIFIED.);
#865=B_SPLINE_CURVE_WITH_KNOTS('',3,(#3027,#3028,#3029,#3030,#3031,#3032,
#3033,#3034,#3035,#3036,#3037,#3038,#3039),.UNSPECIFIED.,.F.,.F.,(4,3,3,
3,4),(-0.0166081275702853,-0.0153760061856631,-0.0148281455708906,-0.0143498182944103,
-0.0134688832785829),.UNSPECIFIED.);
#866=B_SPLINE_CURVE_WITH_KNOTS('',3,(#3163,#3164,#3165,#3166),
 .UNSPECIFIED.,.F.,.F.,(4,4),(-0.0103666969733317,-0.00423939373785812),
 .UNSPECIFIED.);
#867=B_SPLINE_CURVE_WITH_KNOTS('',3,(#3169,#3170,#3171,#3172),
 .UNSPECIFIED.,.F.,.F.,(4,4),(-0.0103666969733317,-0.00423939373785812),
 .UNSPECIFIED.);
#868=B_SPLINE_CURVE_WITH_KNOTS('',3,(#3213,#3214,#3215,#3216,#3217,#3218,
#3219,#3220,#3221,#3222,#3223,#3224,#3225),.UNSPECIFIED.,.F.,.F.,(4,3,3,
3,4),(-0.0405527847498441,-0.0336933042506864,-0.0232124251297671,-0.01153207646508,
0.),.UNSPECIFIED.);
#869=B_SPLINE_CURVE_WITH_KNOTS('',3,(#3228,#3229,#3230,#3231,#3232,#3233,
#3234,#3235,#3236,#3237,#3238,#3239,#3240),.UNSPECIFIED.,.F.,.F.,(4,3,3,
3,4),(-0.0405527847498441,-0.0336933042506864,-0.0232124251297671,-0.01153207646508,
0.),.UNSPECIFIED.);
#870=B_SPLINE_CURVE_WITH_KNOTS('',3,(#3257,#3258,#3259,#3260,#3261,#3262,
#3263,#3264),.UNSPECIFIED.,.F.,.F.,(4,2,2,4),(-0.0252958034771493,-0.0192624956045943,
-0.0130311073799033,-0.00920608192686871),.UNSPECIFIED.);
#871=B_SPLINE_CURVE_WITH_KNOTS('',3,(#3265,#3266,#3267,#3268,#3269,#3270,
#3271,#3272),.UNSPECIFIED.,.F.,.F.,(4,2,2,4),(-0.0252958034771493,-0.0192624956045943,
-0.0130311073799033,-0.00920608192686871),.UNSPECIFIED.);
#872=B_SPLINE_CURVE_WITH_KNOTS('',3,(#3349,#3350,#3351,#3352,#3353,#3354),
 .UNSPECIFIED.,.F.,.F.,(4,2,4),(-0.00241828377130307,-0.000465381771044508,
0.),.UNSPECIFIED.);
#873=B_SPLINE_CURVE_WITH_KNOTS('',3,(#3357,#3358,#3359,#3360,#3361,#3362),
 .UNSPECIFIED.,.F.,.F.,(4,2,4),(-0.00241828377130307,-0.000465381771044508,
0.),.UNSPECIFIED.);
#874=B_SPLINE_CURVE_WITH_KNOTS('',3,(#3520,#3521,#3522,#3523,#3524,#3525,
#3526),.UNSPECIFIED.,.F.,.F.,(4,3,4),(-0.0511410384604213,-0.0423181738776818,
0.),.UNSPECIFIED.);
#875=B_SPLINE_CURVE_WITH_KNOTS('',3,(#3529,#3530,#3531,#3532,#3533,#3534,
#3535),.UNSPECIFIED.,.F.,.F.,(4,3,4),(-0.0511410384604213,-0.0423181738776818,
0.),.UNSPECIFIED.);
#876=B_SPLINE_CURVE_WITH_KNOTS('',3,(#3581,#3582,#3583,#3584),
 .UNSPECIFIED.,.F.,.F.,(4,4),(-0.00395469174593363,-0.00228992251593269),
 .UNSPECIFIED.);
#877=B_SPLINE_CURVE_WITH_KNOTS('',3,(#3587,#3588,#3589,#3590),
 .UNSPECIFIED.,.F.,.F.,(4,4),(-0.00395469174593363,-0.00228992251593269),
 .UNSPECIFIED.);
#878=B_SPLINE_CURVE_WITH_KNOTS('',3,(#3634,#3635,#3636,#3637,#3638,#3639,
#3640),.UNSPECIFIED.,.F.,.F.,(4,3,4),(-0.00601271971844057,-0.00500341557924824,
0.),.UNSPECIFIED.);
#879=B_SPLINE_CURVE_WITH_KNOTS('',3,(#3643,#3644,#3645,#3646,#3647,#3648,
#3649),.UNSPECIFIED.,.F.,.F.,(4,3,4),(-0.00601271971844057,-0.00500341557924824,
0.),.UNSPECIFIED.);
#880=B_SPLINE_CURVE_WITH_KNOTS('',3,(#3663,#3664,#3665,#3666,#3667,#3668,
#3669),.UNSPECIFIED.,.F.,.F.,(4,3,4),(-0.00276846825856487,-0.00186107632061514,
0.),.UNSPECIFIED.);
#881=B_SPLINE_CURVE_WITH_KNOTS('',3,(#3672,#3673,#3674,#3675,#3676,#3677,
#3678),.UNSPECIFIED.,.F.,.F.,(4,3,4),(-0.00276846825856487,-0.00186107632061514,
0.),.UNSPECIFIED.);
#882=B_SPLINE_CURVE_WITH_KNOTS('',3,(#3704,#3705,#3706,#3707,#3708,#3709,
#3710,#3711,#3712,#3713,#3714,#3715),.UNSPECIFIED.,.F.,.F.,(4,2,2,2,2,4),
(-0.0827518506267183,-0.0718997078133325,-0.0615502807712563,-0.0433758627344782,
-0.0250399500341402,-0.00521217060368432),.UNSPECIFIED.);
#883=B_SPLINE_CURVE_WITH_KNOTS('',3,(#3718,#3719,#3720,#3721,#3722,#3723,
#3724,#3725,#3726,#3727,#3728,#3729),.UNSPECIFIED.,.F.,.F.,(4,2,2,2,2,4),
(-0.0827518506267183,-0.0718997078133325,-0.0615502807712563,-0.0433758627344782,
-0.0250399500341402,-0.00521217060368432),.UNSPECIFIED.);
#884=B_SPLINE_CURVE_WITH_KNOTS('',3,(#3786,#3787,#3788,#3789),
 .UNSPECIFIED.,.F.,.F.,(4,4),(-0.047106814072003,-0.0188283862381096),
 .UNSPECIFIED.);
#885=B_SPLINE_CURVE_WITH_KNOTS('',3,(#3792,#3793,#3794,#3795),
 .UNSPECIFIED.,.F.,.F.,(4,4),(-0.047106814072003,-0.0188283862381096),
 .UNSPECIFIED.);
#886=B_SPLINE_CURVE_WITH_KNOTS('',3,(#3952,#3953,#3954,#3955,#3956,#3957),
 .UNSPECIFIED.,.F.,.F.,(4,2,4),(-0.450567650296474,-0.22526501524144,0.),
 .UNSPECIFIED.);
#887=B_SPLINE_CURVE_WITH_KNOTS('',3,(#3971,#3972,#3973,#3974,#3975,#3976,
#3977,#3978,#3979,#3980),.UNSPECIFIED.,.F.,.F.,(4,2,2,2,4),(-0.0780715130808889,
-0.0591073289076196,-0.0398463958587571,-0.0198112504683919,0.),
 .UNSPECIFIED.);
#888=B_SPLINE_CURVE_WITH_KNOTS('',3,(#4019,#4020,#4021,#4022,#4023,#4024,
#4025,#4026,#4027,#4028),.UNSPECIFIED.,.F.,.F.,(4,2,2,2,4),(-0.308229120346642,
-0.289386889393368,-0.270544658440094,-0.25145546995504,-0.232366281469987),
 .UNSPECIFIED.);
#889=B_SPLINE_CURVE_WITH_KNOTS('',3,(#4038,#4039,#4040,#4041),
 .UNSPECIFIED.,.F.,.F.,(4,4),(0.163693602695167,1.),.UNSPECIFIED.);
#890=B_SPLINE_CURVE_WITH_KNOTS('',3,(#4054,#4055,#4056,#4057,#4058,#4059,
#4060,#4061,#4062,#4063),.UNSPECIFIED.,.F.,.F.,(4,2,2,2,4),(0.,0.0197554554536886,
0.0390454451528651,0.058335944588325,0.07809024879447),.UNSPECIFIED.);
#891=B_SPLINE_CURVE_WITH_KNOTS('',3,(#4123,#4124,#4125,#4126),
 .UNSPECIFIED.,.F.,.F.,(4,4),(-0.00290299646124328,0.),.UNSPECIFIED.);
#892=B_SPLINE_CURVE_WITH_KNOTS('',3,(#4130,#4131,#4132,#4133),
 .UNSPECIFIED.,.F.,.F.,(4,4),(-0.00290299646124328,0.),.UNSPECIFIED.);
#893=B_SPLINE_CURVE_WITH_KNOTS('',3,(#4156,#4157,#4158,#4159,#4160,#4161,
#4162,#4163,#4164,#4165,#4166,#4167,#4168),.UNSPECIFIED.,.F.,.F.,(4,3,3,
3,4),(-0.0166081275702853,-0.0153760061856631,-0.0148281455708906,-0.0143498182944103,
-0.0134688832785829),.UNSPECIFIED.);
#894=B_SPLINE_CURVE_WITH_KNOTS('',3,(#4171,#4172,#4173,#4174,#4175,#4176,
#4177,#4178,#4179,#4180,#4181,#4182,#4183),.UNSPECIFIED.,.F.,.F.,(4,3,3,
3,4),(-0.0166081275702853,-0.0153760061856631,-0.0148281455708906,-0.0143498182944103,
-0.0134688832785829),.UNSPECIFIED.);
#895=B_SPLINE_CURVE_WITH_KNOTS('',3,(#4307,#4308,#4309,#4310),
 .UNSPECIFIED.,.F.,.F.,(4,4),(-0.0103666969733317,-0.00423939373785812),
 .UNSPECIFIED.);
#896=B_SPLINE_CURVE_WITH_KNOTS('',3,(#4313,#4314,#4315,#4316),
 .UNSPECIFIED.,.F.,.F.,(4,4),(-0.0103666969733317,-0.00423939373785812),
 .UNSPECIFIED.);
#897=B_SPLINE_CURVE_WITH_KNOTS('',3,(#4357,#4358,#4359,#4360,#4361,#4362,
#4363,#4364,#4365,#4366,#4367,#4368,#4369),.UNSPECIFIED.,.F.,.F.,(4,3,3,
3,4),(-0.0405527847498441,-0.0336933042506864,-0.0232124251297671,-0.01153207646508,
0.),.UNSPECIFIED.);
#898=B_SPLINE_CURVE_WITH_KNOTS('',3,(#4372,#4373,#4374,#4375,#4376,#4377,
#4378,#4379,#4380,#4381,#4382,#4383,#4384),.UNSPECIFIED.,.F.,.F.,(4,3,3,
3,4),(-0.0405527847498441,-0.0336933042506864,-0.0232124251297671,-0.01153207646508,
0.),.UNSPECIFIED.);
#899=B_SPLINE_CURVE_WITH_KNOTS('',3,(#4401,#4402,#4403,#4404,#4405,#4406,
#4407,#4408),.UNSPECIFIED.,.F.,.F.,(4,2,2,4),(-0.0252958034771493,-0.0192624956045943,
-0.0130311073799033,-0.00920608192686871),.UNSPECIFIED.);
#900=B_SPLINE_CURVE_WITH_KNOTS('',3,(#4409,#4410,#4411,#4412,#4413,#4414,
#4415,#4416),.UNSPECIFIED.,.F.,.F.,(4,2,2,4),(-0.0252958034771493,-0.0192624956045943,
-0.0130311073799033,-0.00920608192686871),.UNSPECIFIED.);
#901=B_SPLINE_CURVE_WITH_KNOTS('',3,(#4493,#4494,#4495,#4496,#4497,#4498),
 .UNSPECIFIED.,.F.,.F.,(4,2,4),(-0.00241828377130307,-0.000465381771044508,
0.),.UNSPECIFIED.);
#902=B_SPLINE_CURVE_WITH_KNOTS('',3,(#4501,#4502,#4503,#4504,#4505,#4506),
 .UNSPECIFIED.,.F.,.F.,(4,2,4),(-0.00241828377130307,-0.000465381771044508,
0.),.UNSPECIFIED.);
#903=B_SPLINE_CURVE_WITH_KNOTS('',3,(#4628,#4629,#4630,#4631,#4632,#4633,
#4634,#4635,#4636,#4637),.UNSPECIFIED.,.F.,.F.,(4,3,3,4),(-0.0511410384604213,
-0.0348012792291168,-0.0177620547597663,0.),.UNSPECIFIED.);
#904=B_SPLINE_CURVE_WITH_KNOTS('',3,(#4640,#4641,#4642,#4643,#4644,#4645,
#4646,#4647,#4648,#4649),.UNSPECIFIED.,.F.,.F.,(4,3,3,4),(-0.0511410384604213,
-0.0348012792291168,-0.0177620547597663,0.),.UNSPECIFIED.);
#905=B_SPLINE_CURVE_WITH_KNOTS('',3,(#4695,#4696,#4697,#4698),
 .UNSPECIFIED.,.F.,.F.,(4,4),(-0.00395469174593363,-0.00228992251593269),
 .UNSPECIFIED.);
#906=B_SPLINE_CURVE_WITH_KNOTS('',3,(#4701,#4702,#4703,#4704),
 .UNSPECIFIED.,.F.,.F.,(4,4),(-0.00395469174593363,-0.00228992251593269),
 .UNSPECIFIED.);
#907=B_SPLINE_CURVE_WITH_KNOTS('',3,(#4729,#4730,#4731,#4732,#4733,#4734,
#4735),.UNSPECIFIED.,.F.,.F.,(4,3,4),(-0.00601271971844057,-0.00500341557924824,
0.),.UNSPECIFIED.);
#908=B_SPLINE_CURVE_WITH_KNOTS('',3,(#4738,#4739,#4740,#4741,#4742,#4743,
#4744),.UNSPECIFIED.,.F.,.F.,(4,3,4),(-0.00601271971844057,-0.00500341557924824,
0.),.UNSPECIFIED.);
#909=B_SPLINE_CURVE_WITH_KNOTS('',3,(#4758,#4759,#4760,#4761,#4762,#4763,
#4764),.UNSPECIFIED.,.F.,.F.,(4,3,4),(-0.00276846825856487,-0.00186107632061514,
0.),.UNSPECIFIED.);
#910=B_SPLINE_CURVE_WITH_KNOTS('',3,(#4767,#4768,#4769,#4770,#4771,#4772,
#4773),.UNSPECIFIED.,.F.,.F.,(4,3,4),(-0.00276846825856487,-0.00186107632061514,
0.),.UNSPECIFIED.);
#911=B_SPLINE_CURVE_WITH_KNOTS('',3,(#4799,#4800,#4801,#4802,#4803,#4804,
#4805,#4806,#4807,#4808,#4809,#4810),.UNSPECIFIED.,.F.,.F.,(4,2,2,2,2,4),
(-0.0827518506267183,-0.0718997078133325,-0.0615502807712563,-0.0433758627344782,
-0.0250399500341402,-0.00521217060368432),.UNSPECIFIED.);
#912=B_SPLINE_CURVE_WITH_KNOTS('',3,(#4813,#4814,#4815,#4816,#4817,#4818,
#4819,#4820,#4821,#4822,#4823,#4824),.UNSPECIFIED.,.F.,.F.,(4,2,2,2,2,4),
(-0.0827518506267183,-0.0718997078133325,-0.0615502807712563,-0.0433758627344782,
-0.0250399500341402,-0.00521217060368432),.UNSPECIFIED.);
#913=B_SPLINE_CURVE_WITH_KNOTS('',3,(#4881,#4882,#4883,#4884),
 .UNSPECIFIED.,.F.,.F.,(4,4),(-0.047106814072003,-0.0188283862381096),
 .UNSPECIFIED.);
#914=B_SPLINE_CURVE_WITH_KNOTS('',3,(#4887,#4888,#4889,#4890),
 .UNSPECIFIED.,.F.,.F.,(4,4),(-0.047106814072003,-0.0188283862381096),
 .UNSPECIFIED.);
#915=VERTEX_POINT('',#2977);
#916=VERTEX_POINT('',#2978);
#917=VERTEX_POINT('',#2983);
#918=VERTEX_POINT('',#2985);
#919=VERTEX_POINT('',#3011);
#920=VERTEX_POINT('',#3025);
#921=VERTEX_POINT('',#3048);
#922=VERTEX_POINT('',#3053);
#923=VERTEX_POINT('',#3067);
#924=VERTEX_POINT('',#3072);
#925=VERTEX_POINT('',#3086);
#926=VERTEX_POINT('',#3091);
#927=VERTEX_POINT('',#3105);
#928=VERTEX_POINT('',#3110);
#929=VERTEX_POINT('',#3124);
#930=VERTEX_POINT('',#3129);
#931=VERTEX_POINT('',#3143);
#932=VERTEX_POINT('',#3148);
#933=VERTEX_POINT('',#3162);
#934=VERTEX_POINT('',#3167);
#935=VERTEX_POINT('',#3181);
#936=VERTEX_POINT('',#3186);
#937=VERTEX_POINT('',#3212);
#938=VERTEX_POINT('',#3226);
#939=VERTEX_POINT('',#3279);
#940=VERTEX_POINT('',#3280);
#941=VERTEX_POINT('',#3282);
#942=VERTEX_POINT('',#3284);
#943=VERTEX_POINT('',#3295);
#944=VERTEX_POINT('',#3300);
#945=VERTEX_POINT('',#3314);
#946=VERTEX_POINT('',#3319);
#947=VERTEX_POINT('',#3331);
#948=VERTEX_POINT('',#3333);
#949=VERTEX_POINT('',#3348);
#950=VERTEX_POINT('',#3355);
#951=VERTEX_POINT('',#3369);
#952=VERTEX_POINT('',#3371);
#953=VERTEX_POINT('',#3382);
#954=VERTEX_POINT('',#3387);
#955=VERTEX_POINT('',#3401);
#956=VERTEX_POINT('',#3406);
#957=VERTEX_POINT('',#3420);
#958=VERTEX_POINT('',#3425);
#959=VERTEX_POINT('',#3439);
#960=VERTEX_POINT('',#3444);
#961=VERTEX_POINT('',#3458);
#962=VERTEX_POINT('',#3463);
#963=VERTEX_POINT('',#3475);
#964=VERTEX_POINT('',#3477);
#965=VERTEX_POINT('',#3488);
#966=VERTEX_POINT('',#3493);
#967=VERTEX_POINT('',#3500);
#968=VERTEX_POINT('',#3502);
#969=VERTEX_POINT('',#3519);
#970=VERTEX_POINT('',#3527);
#971=VERTEX_POINT('',#3542);
#972=VERTEX_POINT('',#3544);
#973=VERTEX_POINT('',#3548);
#974=VERTEX_POINT('',#3550);
#975=VERTEX_POINT('',#3561);
#976=VERTEX_POINT('',#3566);
#977=VERTEX_POINT('',#3580);
#978=VERTEX_POINT('',#3585);
#979=VERTEX_POINT('',#3597);
#980=VERTEX_POINT('',#3599);
#981=VERTEX_POINT('',#3610);
#982=VERTEX_POINT('',#3615);
#983=VERTEX_POINT('',#3633);
#984=VERTEX_POINT('',#3641);
#985=VERTEX_POINT('',#3662);
#986=VERTEX_POINT('',#3670);
#987=VERTEX_POINT('',#3703);
#988=VERTEX_POINT('',#3716);
#989=VERTEX_POINT('',#3736);
#990=VERTEX_POINT('',#3738);
#991=VERTEX_POINT('',#3749);
#992=VERTEX_POINT('',#3754);
#993=VERTEX_POINT('',#3766);
#994=VERTEX_POINT('',#3768);
#995=VERTEX_POINT('',#3772);
#996=VERTEX_POINT('',#3774);
#997=VERTEX_POINT('',#3785);
#998=VERTEX_POINT('',#3790);
#999=VERTEX_POINT('',#3804);
#1000=VERTEX_POINT('',#3809);
#1001=VERTEX_POINT('',#3821);
#1002=VERTEX_POINT('',#3823);
#1003=VERTEX_POINT('',#3832);
#1004=VERTEX_POINT('',#3834);
#1005=VERTEX_POINT('',#3855);
#1006=VERTEX_POINT('',#3857);
#1007=VERTEX_POINT('',#3861);
#1008=VERTEX_POINT('',#3863);
#1009=VERTEX_POINT('',#3874);
#1010=VERTEX_POINT('',#3879);
#1011=VERTEX_POINT('',#3896);
#1012=VERTEX_POINT('',#3897);
#1013=VERTEX_POINT('',#3899);
#1014=VERTEX_POINT('',#3901);
#1015=VERTEX_POINT('',#3903);
#1016=VERTEX_POINT('',#3905);
#1017=VERTEX_POINT('',#3907);
#1018=VERTEX_POINT('',#3909);
#1019=VERTEX_POINT('',#3913);
#1020=VERTEX_POINT('',#3915);
#1021=VERTEX_POINT('',#3917);
#1022=VERTEX_POINT('',#3921);
#1023=VERTEX_POINT('',#3922);
#1024=VERTEX_POINT('',#3927);
#1025=VERTEX_POINT('',#3928);
#1026=VERTEX_POINT('',#3930);
#1027=VERTEX_POINT('',#3932);
#1028=VERTEX_POINT('',#3934);
#1029=VERTEX_POINT('',#3936);
#1030=VERTEX_POINT('',#3938);
#1031=VERTEX_POINT('',#3940);
#1032=VERTEX_POINT('',#3943);
#1033=VERTEX_POINT('',#3946);
#1034=VERTEX_POINT('',#3950);
#1035=VERTEX_POINT('',#3951);
#1036=VERTEX_POINT('',#3959);
#1037=VERTEX_POINT('',#3961);
#1038=VERTEX_POINT('',#3963);
#1039=VERTEX_POINT('',#3965);
#1040=VERTEX_POINT('',#3967);
#1041=VERTEX_POINT('',#3969);
#1042=VERTEX_POINT('',#3981);
#1043=VERTEX_POINT('',#3984);
#1044=VERTEX_POINT('',#3988);
#1045=VERTEX_POINT('',#3994);
#1046=VERTEX_POINT('',#3996);
#1047=VERTEX_POINT('',#3998);
#1048=VERTEX_POINT('',#4000);
#1049=VERTEX_POINT('',#4002);
#1050=VERTEX_POINT('',#4004);
#1051=VERTEX_POINT('',#4006);
#1052=VERTEX_POINT('',#4008);
#1053=VERTEX_POINT('',#4015);
#1054=VERTEX_POINT('',#4017);
#1055=VERTEX_POINT('',#4037);
#1056=VERTEX_POINT('',#4047);
#1057=VERTEX_POINT('',#4053);
#1058=VERTEX_POINT('',#4064);
#1059=VERTEX_POINT('',#4066);
#1060=VERTEX_POINT('',#4068);
#1061=VERTEX_POINT('',#4070);
#1062=VERTEX_POINT('',#4072);
#1063=VERTEX_POINT('',#4074);
#1064=VERTEX_POINT('',#4121);
#1065=VERTEX_POINT('',#4122);
#1066=VERTEX_POINT('',#4127);
#1067=VERTEX_POINT('',#4129);
#1068=VERTEX_POINT('',#4155);
#1069=VERTEX_POINT('',#4169);
#1070=VERTEX_POINT('',#4192);
#1071=VERTEX_POINT('',#4197);
#1072=VERTEX_POINT('',#4211);
#1073=VERTEX_POINT('',#4216);
#1074=VERTEX_POINT('',#4230);
#1075=VERTEX_POINT('',#4235);
#1076=VERTEX_POINT('',#4249);
#1077=VERTEX_POINT('',#4254);
#1078=VERTEX_POINT('',#4268);
#1079=VERTEX_POINT('',#4273);
#1080=VERTEX_POINT('',#4287);
#1081=VERTEX_POINT('',#4292);
#1082=VERTEX_POINT('',#4306);
#1083=VERTEX_POINT('',#4311);
#1084=VERTEX_POINT('',#4325);
#1085=VERTEX_POINT('',#4330);
#1086=VERTEX_POINT('',#4356);
#1087=VERTEX_POINT('',#4370);
#1088=VERTEX_POINT('',#4423);
#1089=VERTEX_POINT('',#4424);
#1090=VERTEX_POINT('',#4426);
#1091=VERTEX_POINT('',#4428);
#1092=VERTEX_POINT('',#4439);
#1093=VERTEX_POINT('',#4444);
#1094=VERTEX_POINT('',#4458);
#1095=VERTEX_POINT('',#4463);
#1096=VERTEX_POINT('',#4475);
#1097=VERTEX_POINT('',#4477);
#1098=VERTEX_POINT('',#4492);
#1099=VERTEX_POINT('',#4499);
#1100=VERTEX_POINT('',#4513);
#1101=VERTEX_POINT('',#4515);
#1102=VERTEX_POINT('',#4526);
#1103=VERTEX_POINT('',#4531);
#1104=VERTEX_POINT('',#4545);
#1105=VERTEX_POINT('',#4550);
#1106=VERTEX_POINT('',#4564);
#1107=VERTEX_POINT('',#4569);
#1108=VERTEX_POINT('',#4581);
#1109=VERTEX_POINT('',#4583);
#1110=VERTEX_POINT('',#4594);
#1111=VERTEX_POINT('',#4599);
#1112=VERTEX_POINT('',#4606);
#1113=VERTEX_POINT('',#4608);
#1114=VERTEX_POINT('',#4627);
#1115=VERTEX_POINT('',#4638);
#1116=VERTEX_POINT('',#4656);
#1117=VERTEX_POINT('',#4658);
#1118=VERTEX_POINT('',#4662);
#1119=VERTEX_POINT('',#4664);
#1120=VERTEX_POINT('',#4675);
#1121=VERTEX_POINT('',#4680);
#1122=VERTEX_POINT('',#4694);
#1123=VERTEX_POINT('',#4699);
#1124=VERTEX_POINT('',#4711);
#1125=VERTEX_POINT('',#4713);
#1126=VERTEX_POINT('',#4728);
#1127=VERTEX_POINT('',#4736);
#1128=VERTEX_POINT('',#4757);
#1129=VERTEX_POINT('',#4765);
#1130=VERTEX_POINT('',#4798);
#1131=VERTEX_POINT('',#4811);
#1132=VERTEX_POINT('',#4831);
#1133=VERTEX_POINT('',#4833);
#1134=VERTEX_POINT('',#4844);
#1135=VERTEX_POINT('',#4849);
#1136=VERTEX_POINT('',#4861);
#1137=VERTEX_POINT('',#4863);
#1138=VERTEX_POINT('',#4867);
#1139=VERTEX_POINT('',#4869);
#1140=VERTEX_POINT('',#4880);
#1141=VERTEX_POINT('',#4885);
#1142=VERTEX_POINT('',#4899);
#1143=VERTEX_POINT('',#4904);
#1144=VERTEX_POINT('',#4916);
#1145=VERTEX_POINT('',#4918);
#1146=VERTEX_POINT('',#4927);
#1147=VERTEX_POINT('',#4929);
#1148=VERTEX_POINT('',#4950);
#1149=VERTEX_POINT('',#4952);
#1150=VERTEX_POINT('',#4956);
#1151=VERTEX_POINT('',#4958);
#1152=VERTEX_POINT('',#4969);
#1153=VERTEX_POINT('',#4974);
#1154=EDGE_CURVE('',#915,#916,#862,.T.);
#1155=EDGE_CURVE('',#915,#917,#564,.T.);
#1156=EDGE_CURVE('',#917,#918,#863,.T.);
#1157=EDGE_CURVE('',#916,#918,#565,.T.);
#1158=EDGE_CURVE('',#919,#915,#864,.T.);
#1159=EDGE_CURVE('',#919,#920,#566,.T.);
#1160=EDGE_CURVE('',#920,#917,#865,.T.);
#1161=EDGE_CURVE('',#921,#919,#156,.T.);
#1162=EDGE_CURVE('',#921,#922,#567,.T.);
#1163=EDGE_CURVE('',#922,#920,#157,.T.);
#1164=EDGE_CURVE('',#923,#921,#158,.T.);
#1165=EDGE_CURVE('',#923,#924,#568,.T.);
#1166=EDGE_CURVE('',#924,#922,#159,.T.);
#1167=EDGE_CURVE('',#925,#923,#160,.T.);
#1168=EDGE_CURVE('',#925,#926,#569,.T.);
#1169=EDGE_CURVE('',#926,#924,#161,.T.);
#1170=EDGE_CURVE('',#927,#925,#162,.T.);
#1171=EDGE_CURVE('',#927,#928,#570,.T.);
#1172=EDGE_CURVE('',#928,#926,#163,.T.);
#1173=EDGE_CURVE('',#929,#927,#164,.T.);
#1174=EDGE_CURVE('',#929,#930,#571,.T.);
#1175=EDGE_CURVE('',#930,#928,#165,.T.);
#1176=EDGE_CURVE('',#931,#929,#166,.T.);
#1177=EDGE_CURVE('',#931,#932,#572,.T.);
#1178=EDGE_CURVE('',#932,#930,#167,.T.);
#1179=EDGE_CURVE('',#933,#931,#866,.T.);
#1180=EDGE_CURVE('',#933,#934,#573,.T.);
#1181=EDGE_CURVE('',#934,#932,#867,.T.);
#1182=EDGE_CURVE('',#935,#933,#168,.T.);
#1183=EDGE_CURVE('',#935,#936,#574,.T.);
#1184=EDGE_CURVE('',#936,#934,#169,.T.);
#1185=EDGE_CURVE('',#937,#935,#868,.T.);
#1186=EDGE_CURVE('',#937,#938,#575,.T.);
#1187=EDGE_CURVE('',#938,#936,#869,.T.);
#1188=EDGE_CURVE('',#916,#937,#870,.T.);
#1189=EDGE_CURVE('',#918,#938,#871,.T.);
#1190=EDGE_CURVE('',#939,#940,#103,.T.);
#1191=EDGE_CURVE('',#939,#941,#576,.T.);
#1192=EDGE_CURVE('',#941,#942,#104,.T.);
#1193=EDGE_CURVE('',#940,#942,#577,.T.);
#1194=EDGE_CURVE('',#943,#939,#170,.T.);
#1195=EDGE_CURVE('',#943,#944,#578,.T.);
#1196=EDGE_CURVE('',#944,#941,#171,.T.);
#1197=EDGE_CURVE('',#945,#943,#172,.T.);
#1198=EDGE_CURVE('',#945,#946,#579,.T.);
#1199=EDGE_CURVE('',#946,#944,#173,.T.);
#1200=EDGE_CURVE('',#947,#945,#105,.T.);
#1201=EDGE_CURVE('',#947,#948,#580,.T.);
#1202=EDGE_CURVE('',#948,#946,#106,.T.);
#1203=EDGE_CURVE('',#949,#947,#872,.T.);
#1204=EDGE_CURVE('',#949,#950,#581,.T.);
#1205=EDGE_CURVE('',#950,#948,#873,.T.);
#1206=EDGE_CURVE('',#951,#949,#107,.T.);
#1207=EDGE_CURVE('',#951,#952,#582,.T.);
#1208=EDGE_CURVE('',#952,#950,#108,.T.);
#1209=EDGE_CURVE('',#953,#951,#174,.T.);
#1210=EDGE_CURVE('',#953,#954,#583,.T.);
#1211=EDGE_CURVE('',#954,#952,#175,.T.);
#1212=EDGE_CURVE('',#955,#953,#176,.T.);
#1213=EDGE_CURVE('',#955,#956,#584,.T.);
#1214=EDGE_CURVE('',#956,#954,#177,.T.);
#1215=EDGE_CURVE('',#957,#955,#178,.T.);
#1216=EDGE_CURVE('',#957,#958,#585,.T.);
#1217=EDGE_CURVE('',#958,#956,#179,.T.);
#1218=EDGE_CURVE('',#959,#957,#180,.T.);
#1219=EDGE_CURVE('',#959,#960,#586,.T.);
#1220=EDGE_CURVE('',#960,#958,#181,.T.);
#1221=EDGE_CURVE('',#961,#959,#182,.T.);
#1222=EDGE_CURVE('',#961,#962,#587,.T.);
#1223=EDGE_CURVE('',#962,#960,#183,.T.);
#1224=EDGE_CURVE('',#963,#961,#109,.T.);
#1225=EDGE_CURVE('',#963,#964,#588,.T.);
#1226=EDGE_CURVE('',#964,#962,#110,.T.);
#1227=EDGE_CURVE('',#965,#963,#184,.T.);
#1228=EDGE_CURVE('',#965,#966,#589,.T.);
#1229=EDGE_CURVE('',#966,#964,#185,.T.);
#1230=EDGE_CURVE('',#967,#965,#590,.T.);
#1231=EDGE_CURVE('',#967,#968,#591,.T.);
#1232=EDGE_CURVE('',#968,#966,#592,.T.);
#1233=EDGE_CURVE('',#969,#967,#874,.T.);
#1234=EDGE_CURVE('',#969,#970,#593,.T.);
#1235=EDGE_CURVE('',#970,#968,#875,.T.);
#1236=EDGE_CURVE('',#971,#969,#111,.T.);
#1237=EDGE_CURVE('',#971,#972,#594,.T.);
#1238=EDGE_CURVE('',#972,#970,#112,.T.);
#1239=EDGE_CURVE('',#973,#971,#34,.T.);
#1240=EDGE_CURVE('',#973,#974,#595,.T.);
#1241=EDGE_CURVE('',#974,#972,#35,.T.);
#1242=EDGE_CURVE('',#975,#973,#186,.T.);
#1243=EDGE_CURVE('',#975,#976,#596,.T.);
#1244=EDGE_CURVE('',#976,#974,#187,.T.);
#1245=EDGE_CURVE('',#977,#975,#876,.T.);
#1246=EDGE_CURVE('',#977,#978,#597,.T.);
#1247=EDGE_CURVE('',#978,#976,#877,.T.);
#1248=EDGE_CURVE('',#979,#977,#113,.T.);
#1249=EDGE_CURVE('',#979,#980,#598,.T.);
#1250=EDGE_CURVE('',#980,#978,#114,.T.);
#1251=EDGE_CURVE('',#981,#979,#188,.T.);
#1252=EDGE_CURVE('',#981,#982,#599,.T.);
#1253=EDGE_CURVE('',#982,#980,#189,.T.);
#1254=EDGE_CURVE('',#983,#981,#878,.T.);
#1255=EDGE_CURVE('',#983,#984,#600,.T.);
#1256=EDGE_CURVE('',#984,#982,#879,.T.);
#1257=EDGE_CURVE('',#985,#983,#880,.T.);
#1258=EDGE_CURVE('',#985,#986,#601,.T.);
#1259=EDGE_CURVE('',#986,#984,#881,.T.);
#1260=EDGE_CURVE('',#987,#985,#882,.T.);
#1261=EDGE_CURVE('',#987,#988,#602,.T.);
#1262=EDGE_CURVE('',#988,#986,#883,.T.);
#1263=EDGE_CURVE('',#989,#987,#115,.T.);
#1264=EDGE_CURVE('',#989,#990,#603,.T.);
#1265=EDGE_CURVE('',#990,#988,#116,.T.);
#1266=EDGE_CURVE('',#991,#989,#190,.T.);
#1267=EDGE_CURVE('',#991,#992,#604,.T.);
#1268=EDGE_CURVE('',#992,#990,#191,.T.);
#1269=EDGE_CURVE('',#993,#991,#117,.T.);
#1270=EDGE_CURVE('',#993,#994,#605,.T.);
#1271=EDGE_CURVE('',#994,#992,#118,.T.);
#1272=EDGE_CURVE('',#995,#993,#36,.T.);
#1273=EDGE_CURVE('',#995,#996,#606,.T.);
#1274=EDGE_CURVE('',#996,#994,#37,.T.);
#1275=EDGE_CURVE('',#997,#995,#884,.T.);
#1276=EDGE_CURVE('',#997,#998,#607,.T.);
#1277=EDGE_CURVE('',#998,#996,#885,.T.);
#1278=EDGE_CURVE('',#999,#997,#192,.T.);
#1279=EDGE_CURVE('',#999,#1000,#608,.T.);
#1280=EDGE_CURVE('',#1000,#998,#193,.T.);
#1281=EDGE_CURVE('',#1001,#999,#119,.T.);
#1282=EDGE_CURVE('',#1001,#1002,#609,.T.);
#1283=EDGE_CURVE('',#1002,#1000,#120,.T.);
#1284=EDGE_CURVE('',#1003,#1001,#121,.T.);
#1285=EDGE_CURVE('',#1003,#1004,#610,.T.);
#1286=EDGE_CURVE('',#1004,#1002,#122,.T.);
#1287=EDGE_CURVE('',#1003,#1003,#194,.T.);
#1288=EDGE_CURVE('',#1003,#1004,#611,.T.);
#1289=EDGE_CURVE('',#1004,#1004,#195,.T.);
#1290=EDGE_CURVE('',#1005,#1003,#38,.T.);
#1291=EDGE_CURVE('',#1005,#1006,#612,.T.);
#1292=EDGE_CURVE('',#1006,#1004,#39,.T.);
#1293=EDGE_CURVE('',#1007,#1005,#613,.T.);
#1294=EDGE_CURVE('',#1007,#1008,#614,.T.);
#1295=EDGE_CURVE('',#1008,#1006,#615,.T.);
#1296=EDGE_CURVE('',#1009,#1007,#196,.T.);
#1297=EDGE_CURVE('',#1009,#1010,#616,.T.);
#1298=EDGE_CURVE('',#1010,#1008,#197,.T.);
#1299=EDGE_CURVE('',#940,#1009,#123,.T.);
#1300=EDGE_CURVE('',#942,#1010,#124,.T.);
#1301=EDGE_CURVE('',#1011,#1012,#617,.T.);
#1302=EDGE_CURVE('',#1013,#1011,#40,.T.);
#1303=EDGE_CURVE('',#1014,#1013,#618,.T.);
#1304=EDGE_CURVE('',#1015,#1014,#41,.T.);
#1305=EDGE_CURVE('',#1016,#1015,#619,.T.);
#1306=EDGE_CURVE('',#1016,#1017,#620,.T.);
#1307=EDGE_CURVE('',#1017,#1018,#621,.T.);
#1308=EDGE_CURVE('',#1012,#1018,#42,.T.);
#1309=EDGE_CURVE('',#1019,#1019,#43,.T.);
#1310=EDGE_CURVE('',#1019,#1020,#622,.T.);
#1311=EDGE_CURVE('',#1020,#1021,#44,.T.);
#1312=EDGE_CURVE('',#1021,#1020,#45,.T.);
#1313=EDGE_CURVE('',#1022,#1023,#46,.T.);
#1314=EDGE_CURVE('',#1023,#1022,#47,.T.);
#1315=EDGE_CURVE('',#1023,#1021,#623,.T.);
#1316=EDGE_CURVE('',#1024,#1025,#48,.T.);
#1317=EDGE_CURVE('',#1026,#1024,#624,.T.);
#1318=EDGE_CURVE('',#1027,#1026,#49,.T.);
#1319=EDGE_CURVE('',#1027,#1028,#125,.T.);
#1320=EDGE_CURVE('',#1028,#1029,#625,.T.);
#1321=EDGE_CURVE('',#1029,#1030,#626,.T.);
#1322=EDGE_CURVE('',#1030,#1031,#627,.T.);
#1323=EDGE_CURVE('',#1031,#1025,#126,.T.);
#1324=EDGE_CURVE('',#1032,#1032,#50,.T.);
#1325=EDGE_CURVE('',#1033,#1033,#51,.T.);
#1326=EDGE_CURVE('',#1033,#1022,#628,.T.);
#1327=EDGE_CURVE('',#1034,#1035,#886,.T.);
#1328=EDGE_CURVE('',#1035,#1016,#52,.T.);
#1329=EDGE_CURVE('',#1015,#1036,#629,.T.);
#1330=EDGE_CURVE('',#1036,#1037,#630,.T.);
#1331=EDGE_CURVE('',#1037,#1038,#53,.T.);
#1332=EDGE_CURVE('',#1038,#1039,#631,.T.);
#1333=EDGE_CURVE('',#1039,#1040,#54,.T.);
#1334=EDGE_CURVE('',#1040,#1041,#632,.T.);
#1335=EDGE_CURVE('',#1041,#1034,#887,.T.);
#1336=EDGE_CURVE('',#1042,#1042,#55,.T.);
#1337=EDGE_CURVE('',#1042,#1043,#633,.T.);
#1338=EDGE_CURVE('',#1043,#1043,#56,.T.);
#1339=EDGE_CURVE('',#1043,#1044,#634,.T.);
#1340=EDGE_CURVE('',#1044,#1044,#57,.T.);
#1341=EDGE_CURVE('',#1032,#1044,#635,.T.);
#1342=EDGE_CURVE('',#1036,#1045,#127,.T.);
#1343=EDGE_CURVE('',#1045,#1046,#636,.T.);
#1344=EDGE_CURVE('',#1046,#1047,#128,.F.);
#1345=EDGE_CURVE('',#1047,#1048,#637,.T.);
#1346=EDGE_CURVE('',#1048,#1049,#129,.T.);
#1347=EDGE_CURVE('',#1049,#1050,#638,.T.);
#1348=EDGE_CURVE('',#1050,#1051,#130,.T.);
#1349=EDGE_CURVE('',#1051,#1052,#639,.T.);
#1350=EDGE_CURVE('',#1052,#1037,#640,.T.);
#1351=EDGE_CURVE('',#1014,#1045,#641,.T.);
#1352=EDGE_CURVE('',#1053,#1035,#131,.T.);
#1353=EDGE_CURVE('',#1054,#1053,#58,.T.);
#1354=EDGE_CURVE('',#1017,#1054,#888,.T.);
#1355=EDGE_CURVE('',#1034,#1055,#889,.T.);
#1356=EDGE_CURVE('',#1053,#1055,#642,.T.);
#1357=EDGE_CURVE('',#1047,#1011,#643,.T.);
#1358=EDGE_CURVE('',#1013,#1046,#644,.T.);
#1359=EDGE_CURVE('',#1052,#1056,#59,.T.);
#1360=EDGE_CURVE('',#1056,#1027,#645,.T.);
#1361=EDGE_CURVE('',#1026,#1038,#646,.T.);
#1362=EDGE_CURVE('',#1051,#1054,#647,.T.);
#1363=EDGE_CURVE('',#1057,#1055,#890,.T.);
#1364=EDGE_CURVE('',#1057,#1058,#648,.T.);
#1365=EDGE_CURVE('',#1058,#1059,#60,.T.);
#1366=EDGE_CURVE('',#1059,#1060,#132,.T.);
#1367=EDGE_CURVE('',#1060,#1061,#649,.T.);
#1368=EDGE_CURVE('',#1061,#1062,#650,.T.);
#1369=EDGE_CURVE('',#1062,#1063,#651,.T.);
#1370=EDGE_CURVE('',#1063,#1056,#133,.T.);
#1371=EDGE_CURVE('',#1018,#1049,#652,.T.);
#1372=EDGE_CURVE('',#1050,#1017,#653,.T.);
#1373=EDGE_CURVE('',#1048,#1012,#654,.T.);
#1374=EDGE_CURVE('',#1040,#1058,#655,.T.);
#1375=EDGE_CURVE('',#1057,#1041,#656,.T.);
#1376=EDGE_CURVE('',#1024,#1039,#657,.T.);
#1377=EDGE_CURVE('',#1025,#1059,#658,.T.);
#1378=EDGE_CURVE('',#1063,#1028,#659,.T.);
#1379=EDGE_CURVE('',#1062,#1029,#660,.T.);
#1380=EDGE_CURVE('',#1061,#1030,#661,.T.);
#1381=EDGE_CURVE('',#1060,#1031,#662,.T.);
#1382=EDGE_CURVE('',#1064,#1065,#891,.T.);
#1383=EDGE_CURVE('',#1064,#1066,#663,.T.);
#1384=EDGE_CURVE('',#1066,#1067,#892,.T.);
#1385=EDGE_CURVE('',#1065,#1067,#664,.T.);
#1386=EDGE_CURVE('',#1068,#1064,#893,.T.);
#1387=EDGE_CURVE('',#1068,#1069,#665,.T.);
#1388=EDGE_CURVE('',#1069,#1066,#894,.T.);
#1389=EDGE_CURVE('',#1070,#1068,#198,.T.);
#1390=EDGE_CURVE('',#1070,#1071,#666,.T.);
#1391=EDGE_CURVE('',#1071,#1069,#199,.T.);
#1392=EDGE_CURVE('',#1072,#1070,#200,.T.);
#1393=EDGE_CURVE('',#1072,#1073,#667,.T.);
#1394=EDGE_CURVE('',#1073,#1071,#201,.T.);
#1395=EDGE_CURVE('',#1074,#1072,#202,.T.);
#1396=EDGE_CURVE('',#1074,#1075,#668,.T.);
#1397=EDGE_CURVE('',#1075,#1073,#203,.T.);
#1398=EDGE_CURVE('',#1076,#1074,#204,.T.);
#1399=EDGE_CURVE('',#1076,#1077,#669,.T.);
#1400=EDGE_CURVE('',#1077,#1075,#205,.T.);
#1401=EDGE_CURVE('',#1078,#1076,#206,.T.);
#1402=EDGE_CURVE('',#1078,#1079,#670,.T.);
#1403=EDGE_CURVE('',#1079,#1077,#207,.T.);
#1404=EDGE_CURVE('',#1080,#1078,#208,.T.);
#1405=EDGE_CURVE('',#1080,#1081,#671,.T.);
#1406=EDGE_CURVE('',#1081,#1079,#209,.T.);
#1407=EDGE_CURVE('',#1082,#1080,#895,.T.);
#1408=EDGE_CURVE('',#1082,#1083,#672,.T.);
#1409=EDGE_CURVE('',#1083,#1081,#896,.T.);
#1410=EDGE_CURVE('',#1084,#1082,#210,.T.);
#1411=EDGE_CURVE('',#1084,#1085,#673,.T.);
#1412=EDGE_CURVE('',#1085,#1083,#211,.T.);
#1413=EDGE_CURVE('',#1086,#1084,#897,.T.);
#1414=EDGE_CURVE('',#1086,#1087,#674,.T.);
#1415=EDGE_CURVE('',#1087,#1085,#898,.T.);
#1416=EDGE_CURVE('',#1065,#1086,#899,.T.);
#1417=EDGE_CURVE('',#1067,#1087,#900,.T.);
#1418=EDGE_CURVE('',#1088,#1089,#134,.T.);
#1419=EDGE_CURVE('',#1088,#1090,#675,.T.);
#1420=EDGE_CURVE('',#1090,#1091,#135,.T.);
#1421=EDGE_CURVE('',#1089,#1091,#676,.T.);
#1422=EDGE_CURVE('',#1092,#1088,#212,.T.);
#1423=EDGE_CURVE('',#1092,#1093,#677,.T.);
#1424=EDGE_CURVE('',#1093,#1090,#213,.T.);
#1425=EDGE_CURVE('',#1094,#1092,#214,.T.);
#1426=EDGE_CURVE('',#1094,#1095,#678,.T.);
#1427=EDGE_CURVE('',#1095,#1093,#215,.T.);
#1428=EDGE_CURVE('',#1096,#1094,#136,.T.);
#1429=EDGE_CURVE('',#1096,#1097,#679,.T.);
#1430=EDGE_CURVE('',#1097,#1095,#137,.T.);
#1431=EDGE_CURVE('',#1098,#1096,#901,.T.);
#1432=EDGE_CURVE('',#1098,#1099,#680,.T.);
#1433=EDGE_CURVE('',#1099,#1097,#902,.T.);
#1434=EDGE_CURVE('',#1100,#1098,#138,.T.);
#1435=EDGE_CURVE('',#1100,#1101,#681,.T.);
#1436=EDGE_CURVE('',#1101,#1099,#139,.T.);
#1437=EDGE_CURVE('',#1102,#1100,#216,.T.);
#1438=EDGE_CURVE('',#1102,#1103,#682,.T.);
#1439=EDGE_CURVE('',#1103,#1101,#217,.T.);
#1440=EDGE_CURVE('',#1104,#1102,#218,.T.);
#1441=EDGE_CURVE('',#1104,#1105,#683,.T.);
#1442=EDGE_CURVE('',#1105,#1103,#219,.T.);
#1443=EDGE_CURVE('',#1106,#1104,#220,.T.);
#1444=EDGE_CURVE('',#1106,#1107,#684,.T.);
#1445=EDGE_CURVE('',#1107,#1105,#221,.T.);
#1446=EDGE_CURVE('',#1108,#1106,#140,.T.);
#1447=EDGE_CURVE('',#1108,#1109,#685,.T.);
#1448=EDGE_CURVE('',#1109,#1107,#141,.T.);
#1449=EDGE_CURVE('',#1110,#1108,#222,.T.);
#1450=EDGE_CURVE('',#1110,#1111,#686,.T.);
#1451=EDGE_CURVE('',#1111,#1109,#223,.T.);
#1452=EDGE_CURVE('',#1112,#1110,#687,.T.);
#1453=EDGE_CURVE('',#1112,#1113,#688,.T.);
#1454=EDGE_CURVE('',#1113,#1111,#689,.T.);
#1455=EDGE_CURVE('',#1114,#1112,#903,.T.);
#1456=EDGE_CURVE('',#1114,#1115,#690,.T.);
#1457=EDGE_CURVE('',#1115,#1113,#904,.T.);
#1458=EDGE_CURVE('',#1116,#1114,#142,.T.);
#1459=EDGE_CURVE('',#1116,#1117,#691,.T.);
#1460=EDGE_CURVE('',#1117,#1115,#143,.T.);
#1461=EDGE_CURVE('',#1118,#1116,#61,.T.);
#1462=EDGE_CURVE('',#1118,#1119,#692,.T.);
#1463=EDGE_CURVE('',#1119,#1117,#62,.T.);
#1464=EDGE_CURVE('',#1120,#1118,#224,.T.);
#1465=EDGE_CURVE('',#1120,#1121,#693,.T.);
#1466=EDGE_CURVE('',#1121,#1119,#225,.T.);
#1467=EDGE_CURVE('',#1122,#1120,#905,.T.);
#1468=EDGE_CURVE('',#1122,#1123,#694,.T.);
#1469=EDGE_CURVE('',#1123,#1121,#906,.T.);
#1470=EDGE_CURVE('',#1124,#1122,#144,.T.);
#1471=EDGE_CURVE('',#1124,#1125,#695,.T.);
#1472=EDGE_CURVE('',#1125,#1123,#145,.T.);
#1473=EDGE_CURVE('',#1126,#1124,#907,.T.);
#1474=EDGE_CURVE('',#1126,#1127,#696,.T.);
#1475=EDGE_CURVE('',#1127,#1125,#908,.T.);
#1476=EDGE_CURVE('',#1128,#1126,#909,.T.);
#1477=EDGE_CURVE('',#1128,#1129,#697,.T.);
#1478=EDGE_CURVE('',#1129,#1127,#910,.T.);
#1479=EDGE_CURVE('',#1130,#1128,#911,.T.);
#1480=EDGE_CURVE('',#1130,#1131,#698,.T.);
#1481=EDGE_CURVE('',#1131,#1129,#912,.T.);
#1482=EDGE_CURVE('',#1132,#1130,#146,.T.);
#1483=EDGE_CURVE('',#1132,#1133,#699,.T.);
#1484=EDGE_CURVE('',#1133,#1131,#147,.T.);
#1485=EDGE_CURVE('',#1134,#1132,#226,.T.);
#1486=EDGE_CURVE('',#1134,#1135,#700,.T.);
#1487=EDGE_CURVE('',#1135,#1133,#227,.T.);
#1488=EDGE_CURVE('',#1136,#1134,#148,.T.);
#1489=EDGE_CURVE('',#1136,#1137,#701,.T.);
#1490=EDGE_CURVE('',#1137,#1135,#149,.T.);
#1491=EDGE_CURVE('',#1138,#1136,#63,.T.);
#1492=EDGE_CURVE('',#1138,#1139,#702,.T.);
#1493=EDGE_CURVE('',#1139,#1137,#64,.T.);
#1494=EDGE_CURVE('',#1140,#1138,#913,.T.);
#1495=EDGE_CURVE('',#1140,#1141,#703,.T.);
#1496=EDGE_CURVE('',#1141,#1139,#914,.T.);
#1497=EDGE_CURVE('',#1142,#1140,#228,.T.);
#1498=EDGE_CURVE('',#1142,#1143,#704,.T.);
#1499=EDGE_CURVE('',#1143,#1141,#229,.T.);
#1500=EDGE_CURVE('',#1144,#1142,#150,.T.);
#1501=EDGE_CURVE('',#1144,#1145,#705,.T.);
#1502=EDGE_CURVE('',#1145,#1143,#151,.T.);
#1503=EDGE_CURVE('',#1146,#1144,#152,.T.);
#1504=EDGE_CURVE('',#1146,#1147,#706,.T.);
#1505=EDGE_CURVE('',#1147,#1145,#153,.T.);
#1506=EDGE_CURVE('',#1146,#1146,#230,.T.);
#1507=EDGE_CURVE('',#1146,#1147,#707,.T.);
#1508=EDGE_CURVE('',#1147,#1147,#231,.T.);
#1509=EDGE_CURVE('',#1148,#1146,#65,.T.);
#1510=EDGE_CURVE('',#1148,#1149,#708,.T.);
#1511=EDGE_CURVE('',#1149,#1147,#66,.T.);
#1512=EDGE_CURVE('',#1150,#1148,#709,.T.);
#1513=EDGE_CURVE('',#1150,#1151,#710,.T.);
#1514=EDGE_CURVE('',#1151,#1149,#711,.T.);
#1515=EDGE_CURVE('',#1152,#1150,#232,.T.);
#1516=EDGE_CURVE('',#1152,#1153,#712,.T.);
#1517=EDGE_CURVE('',#1153,#1151,#233,.T.);
#1518=EDGE_CURVE('',#1089,#1152,#154,.T.);
#1519=EDGE_CURVE('',#1091,#1153,#155,.T.);
#1520=ORIENTED_EDGE('',*,*,#1154,.F.);
#1521=ORIENTED_EDGE('',*,*,#1155,.T.);
#1522=ORIENTED_EDGE('',*,*,#1156,.T.);
#1523=ORIENTED_EDGE('',*,*,#1157,.F.);
#1524=ORIENTED_EDGE('',*,*,#1158,.F.);
#1525=ORIENTED_EDGE('',*,*,#1159,.T.);
#1526=ORIENTED_EDGE('',*,*,#1160,.T.);
#1527=ORIENTED_EDGE('',*,*,#1155,.F.);
#1528=ORIENTED_EDGE('',*,*,#1161,.F.);
#1529=ORIENTED_EDGE('',*,*,#1162,.T.);
#1530=ORIENTED_EDGE('',*,*,#1163,.T.);
#1531=ORIENTED_EDGE('',*,*,#1159,.F.);
#1532=ORIENTED_EDGE('',*,*,#1164,.F.);
#1533=ORIENTED_EDGE('',*,*,#1165,.T.);
#1534=ORIENTED_EDGE('',*,*,#1166,.T.);
#1535=ORIENTED_EDGE('',*,*,#1162,.F.);
#1536=ORIENTED_EDGE('',*,*,#1167,.F.);
#1537=ORIENTED_EDGE('',*,*,#1168,.T.);
#1538=ORIENTED_EDGE('',*,*,#1169,.T.);
#1539=ORIENTED_EDGE('',*,*,#1165,.F.);
#1540=ORIENTED_EDGE('',*,*,#1170,.F.);
#1541=ORIENTED_EDGE('',*,*,#1171,.T.);
#1542=ORIENTED_EDGE('',*,*,#1172,.T.);
#1543=ORIENTED_EDGE('',*,*,#1168,.F.);
#1544=ORIENTED_EDGE('',*,*,#1173,.F.);
#1545=ORIENTED_EDGE('',*,*,#1174,.T.);
#1546=ORIENTED_EDGE('',*,*,#1175,.T.);
#1547=ORIENTED_EDGE('',*,*,#1171,.F.);
#1548=ORIENTED_EDGE('',*,*,#1176,.F.);
#1549=ORIENTED_EDGE('',*,*,#1177,.T.);
#1550=ORIENTED_EDGE('',*,*,#1178,.T.);
#1551=ORIENTED_EDGE('',*,*,#1174,.F.);
#1552=ORIENTED_EDGE('',*,*,#1179,.F.);
#1553=ORIENTED_EDGE('',*,*,#1180,.T.);
#1554=ORIENTED_EDGE('',*,*,#1181,.T.);
#1555=ORIENTED_EDGE('',*,*,#1177,.F.);
#1556=ORIENTED_EDGE('',*,*,#1182,.F.);
#1557=ORIENTED_EDGE('',*,*,#1183,.T.);
#1558=ORIENTED_EDGE('',*,*,#1184,.T.);
#1559=ORIENTED_EDGE('',*,*,#1180,.F.);
#1560=ORIENTED_EDGE('',*,*,#1185,.F.);
#1561=ORIENTED_EDGE('',*,*,#1186,.T.);
#1562=ORIENTED_EDGE('',*,*,#1187,.T.);
#1563=ORIENTED_EDGE('',*,*,#1183,.F.);
#1564=ORIENTED_EDGE('',*,*,#1188,.F.);
#1565=ORIENTED_EDGE('',*,*,#1157,.T.);
#1566=ORIENTED_EDGE('',*,*,#1189,.T.);
#1567=ORIENTED_EDGE('',*,*,#1186,.F.);
#1568=ORIENTED_EDGE('',*,*,#1190,.F.);
#1569=ORIENTED_EDGE('',*,*,#1191,.T.);
#1570=ORIENTED_EDGE('',*,*,#1192,.T.);
#1571=ORIENTED_EDGE('',*,*,#1193,.F.);
#1572=ORIENTED_EDGE('',*,*,#1194,.F.);
#1573=ORIENTED_EDGE('',*,*,#1195,.T.);
#1574=ORIENTED_EDGE('',*,*,#1196,.T.);
#1575=ORIENTED_EDGE('',*,*,#1191,.F.);
#1576=ORIENTED_EDGE('',*,*,#1197,.F.);
#1577=ORIENTED_EDGE('',*,*,#1198,.T.);
#1578=ORIENTED_EDGE('',*,*,#1199,.T.);
#1579=ORIENTED_EDGE('',*,*,#1195,.F.);
#1580=ORIENTED_EDGE('',*,*,#1200,.F.);
#1581=ORIENTED_EDGE('',*,*,#1201,.T.);
#1582=ORIENTED_EDGE('',*,*,#1202,.T.);
#1583=ORIENTED_EDGE('',*,*,#1198,.F.);
#1584=ORIENTED_EDGE('',*,*,#1203,.F.);
#1585=ORIENTED_EDGE('',*,*,#1204,.T.);
#1586=ORIENTED_EDGE('',*,*,#1205,.T.);
#1587=ORIENTED_EDGE('',*,*,#1201,.F.);
#1588=ORIENTED_EDGE('',*,*,#1206,.F.);
#1589=ORIENTED_EDGE('',*,*,#1207,.T.);
#1590=ORIENTED_EDGE('',*,*,#1208,.T.);
#1591=ORIENTED_EDGE('',*,*,#1204,.F.);
#1592=ORIENTED_EDGE('',*,*,#1209,.F.);
#1593=ORIENTED_EDGE('',*,*,#1210,.T.);
#1594=ORIENTED_EDGE('',*,*,#1211,.T.);
#1595=ORIENTED_EDGE('',*,*,#1207,.F.);
#1596=ORIENTED_EDGE('',*,*,#1212,.F.);
#1597=ORIENTED_EDGE('',*,*,#1213,.T.);
#1598=ORIENTED_EDGE('',*,*,#1214,.T.);
#1599=ORIENTED_EDGE('',*,*,#1210,.F.);
#1600=ORIENTED_EDGE('',*,*,#1215,.F.);
#1601=ORIENTED_EDGE('',*,*,#1216,.T.);
#1602=ORIENTED_EDGE('',*,*,#1217,.T.);
#1603=ORIENTED_EDGE('',*,*,#1213,.F.);
#1604=ORIENTED_EDGE('',*,*,#1218,.F.);
#1605=ORIENTED_EDGE('',*,*,#1219,.T.);
#1606=ORIENTED_EDGE('',*,*,#1220,.T.);
#1607=ORIENTED_EDGE('',*,*,#1216,.F.);
#1608=ORIENTED_EDGE('',*,*,#1221,.F.);
#1609=ORIENTED_EDGE('',*,*,#1222,.T.);
#1610=ORIENTED_EDGE('',*,*,#1223,.T.);
#1611=ORIENTED_EDGE('',*,*,#1219,.F.);
#1612=ORIENTED_EDGE('',*,*,#1224,.F.);
#1613=ORIENTED_EDGE('',*,*,#1225,.T.);
#1614=ORIENTED_EDGE('',*,*,#1226,.T.);
#1615=ORIENTED_EDGE('',*,*,#1222,.F.);
#1616=ORIENTED_EDGE('',*,*,#1227,.F.);
#1617=ORIENTED_EDGE('',*,*,#1228,.T.);
#1618=ORIENTED_EDGE('',*,*,#1229,.T.);
#1619=ORIENTED_EDGE('',*,*,#1225,.F.);
#1620=ORIENTED_EDGE('',*,*,#1230,.F.);
#1621=ORIENTED_EDGE('',*,*,#1231,.T.);
#1622=ORIENTED_EDGE('',*,*,#1232,.T.);
#1623=ORIENTED_EDGE('',*,*,#1228,.F.);
#1624=ORIENTED_EDGE('',*,*,#1233,.F.);
#1625=ORIENTED_EDGE('',*,*,#1234,.T.);
#1626=ORIENTED_EDGE('',*,*,#1235,.T.);
#1627=ORIENTED_EDGE('',*,*,#1231,.F.);
#1628=ORIENTED_EDGE('',*,*,#1236,.F.);
#1629=ORIENTED_EDGE('',*,*,#1237,.T.);
#1630=ORIENTED_EDGE('',*,*,#1238,.T.);
#1631=ORIENTED_EDGE('',*,*,#1234,.F.);
#1632=ORIENTED_EDGE('',*,*,#1239,.F.);
#1633=ORIENTED_EDGE('',*,*,#1240,.T.);
#1634=ORIENTED_EDGE('',*,*,#1241,.T.);
#1635=ORIENTED_EDGE('',*,*,#1237,.F.);
#1636=ORIENTED_EDGE('',*,*,#1242,.F.);
#1637=ORIENTED_EDGE('',*,*,#1243,.T.);
#1638=ORIENTED_EDGE('',*,*,#1244,.T.);
#1639=ORIENTED_EDGE('',*,*,#1240,.F.);
#1640=ORIENTED_EDGE('',*,*,#1245,.F.);
#1641=ORIENTED_EDGE('',*,*,#1246,.T.);
#1642=ORIENTED_EDGE('',*,*,#1247,.T.);
#1643=ORIENTED_EDGE('',*,*,#1243,.F.);
#1644=ORIENTED_EDGE('',*,*,#1248,.F.);
#1645=ORIENTED_EDGE('',*,*,#1249,.T.);
#1646=ORIENTED_EDGE('',*,*,#1250,.T.);
#1647=ORIENTED_EDGE('',*,*,#1246,.F.);
#1648=ORIENTED_EDGE('',*,*,#1251,.F.);
#1649=ORIENTED_EDGE('',*,*,#1252,.T.);
#1650=ORIENTED_EDGE('',*,*,#1253,.T.);
#1651=ORIENTED_EDGE('',*,*,#1249,.F.);
#1652=ORIENTED_EDGE('',*,*,#1254,.F.);
#1653=ORIENTED_EDGE('',*,*,#1255,.T.);
#1654=ORIENTED_EDGE('',*,*,#1256,.T.);
#1655=ORIENTED_EDGE('',*,*,#1252,.F.);
#1656=ORIENTED_EDGE('',*,*,#1257,.F.);
#1657=ORIENTED_EDGE('',*,*,#1258,.T.);
#1658=ORIENTED_EDGE('',*,*,#1259,.T.);
#1659=ORIENTED_EDGE('',*,*,#1255,.F.);
#1660=ORIENTED_EDGE('',*,*,#1260,.F.);
#1661=ORIENTED_EDGE('',*,*,#1261,.T.);
#1662=ORIENTED_EDGE('',*,*,#1262,.T.);
#1663=ORIENTED_EDGE('',*,*,#1258,.F.);
#1664=ORIENTED_EDGE('',*,*,#1263,.F.);
#1665=ORIENTED_EDGE('',*,*,#1264,.T.);
#1666=ORIENTED_EDGE('',*,*,#1265,.T.);
#1667=ORIENTED_EDGE('',*,*,#1261,.F.);
#1668=ORIENTED_EDGE('',*,*,#1266,.F.);
#1669=ORIENTED_EDGE('',*,*,#1267,.T.);
#1670=ORIENTED_EDGE('',*,*,#1268,.T.);
#1671=ORIENTED_EDGE('',*,*,#1264,.F.);
#1672=ORIENTED_EDGE('',*,*,#1269,.F.);
#1673=ORIENTED_EDGE('',*,*,#1270,.T.);
#1674=ORIENTED_EDGE('',*,*,#1271,.T.);
#1675=ORIENTED_EDGE('',*,*,#1267,.F.);
#1676=ORIENTED_EDGE('',*,*,#1272,.F.);
#1677=ORIENTED_EDGE('',*,*,#1273,.T.);
#1678=ORIENTED_EDGE('',*,*,#1274,.T.);
#1679=ORIENTED_EDGE('',*,*,#1270,.F.);
#1680=ORIENTED_EDGE('',*,*,#1275,.F.);
#1681=ORIENTED_EDGE('',*,*,#1276,.T.);
#1682=ORIENTED_EDGE('',*,*,#1277,.T.);
#1683=ORIENTED_EDGE('',*,*,#1273,.F.);
#1684=ORIENTED_EDGE('',*,*,#1278,.F.);
#1685=ORIENTED_EDGE('',*,*,#1279,.T.);
#1686=ORIENTED_EDGE('',*,*,#1280,.T.);
#1687=ORIENTED_EDGE('',*,*,#1276,.F.);
#1688=ORIENTED_EDGE('',*,*,#1281,.F.);
#1689=ORIENTED_EDGE('',*,*,#1282,.T.);
#1690=ORIENTED_EDGE('',*,*,#1283,.T.);
#1691=ORIENTED_EDGE('',*,*,#1279,.F.);
#1692=ORIENTED_EDGE('',*,*,#1284,.F.);
#1693=ORIENTED_EDGE('',*,*,#1285,.T.);
#1694=ORIENTED_EDGE('',*,*,#1286,.T.);
#1695=ORIENTED_EDGE('',*,*,#1282,.F.);
#1696=ORIENTED_EDGE('',*,*,#1287,.F.);
#1697=ORIENTED_EDGE('',*,*,#1288,.T.);
#1698=ORIENTED_EDGE('',*,*,#1289,.T.);
#1699=ORIENTED_EDGE('',*,*,#1288,.F.);
#1700=ORIENTED_EDGE('',*,*,#1290,.F.);
#1701=ORIENTED_EDGE('',*,*,#1291,.T.);
#1702=ORIENTED_EDGE('',*,*,#1292,.T.);
#1703=ORIENTED_EDGE('',*,*,#1285,.F.);
#1704=ORIENTED_EDGE('',*,*,#1293,.F.);
#1705=ORIENTED_EDGE('',*,*,#1294,.T.);
#1706=ORIENTED_EDGE('',*,*,#1295,.T.);
#1707=ORIENTED_EDGE('',*,*,#1291,.F.);
#1708=ORIENTED_EDGE('',*,*,#1296,.F.);
#1709=ORIENTED_EDGE('',*,*,#1297,.T.);
#1710=ORIENTED_EDGE('',*,*,#1298,.T.);
#1711=ORIENTED_EDGE('',*,*,#1294,.F.);
#1712=ORIENTED_EDGE('',*,*,#1299,.F.);
#1713=ORIENTED_EDGE('',*,*,#1193,.T.);
#1714=ORIENTED_EDGE('',*,*,#1300,.T.);
#1715=ORIENTED_EDGE('',*,*,#1297,.F.);
#1716=ORIENTED_EDGE('',*,*,#1300,.F.);
#1717=ORIENTED_EDGE('',*,*,#1192,.F.);
#1718=ORIENTED_EDGE('',*,*,#1196,.F.);
#1719=ORIENTED_EDGE('',*,*,#1199,.F.);
#1720=ORIENTED_EDGE('',*,*,#1202,.F.);
#1721=ORIENTED_EDGE('',*,*,#1205,.F.);
#1722=ORIENTED_EDGE('',*,*,#1208,.F.);
#1723=ORIENTED_EDGE('',*,*,#1211,.F.);
#1724=ORIENTED_EDGE('',*,*,#1214,.F.);
#1725=ORIENTED_EDGE('',*,*,#1217,.F.);
#1726=ORIENTED_EDGE('',*,*,#1220,.F.);
#1727=ORIENTED_EDGE('',*,*,#1223,.F.);
#1728=ORIENTED_EDGE('',*,*,#1226,.F.);
#1729=ORIENTED_EDGE('',*,*,#1229,.F.);
#1730=ORIENTED_EDGE('',*,*,#1232,.F.);
#1731=ORIENTED_EDGE('',*,*,#1235,.F.);
#1732=ORIENTED_EDGE('',*,*,#1238,.F.);
#1733=ORIENTED_EDGE('',*,*,#1241,.F.);
#1734=ORIENTED_EDGE('',*,*,#1244,.F.);
#1735=ORIENTED_EDGE('',*,*,#1247,.F.);
#1736=ORIENTED_EDGE('',*,*,#1250,.F.);
#1737=ORIENTED_EDGE('',*,*,#1253,.F.);
#1738=ORIENTED_EDGE('',*,*,#1256,.F.);
#1739=ORIENTED_EDGE('',*,*,#1259,.F.);
#1740=ORIENTED_EDGE('',*,*,#1262,.F.);
#1741=ORIENTED_EDGE('',*,*,#1265,.F.);
#1742=ORIENTED_EDGE('',*,*,#1268,.F.);
#1743=ORIENTED_EDGE('',*,*,#1271,.F.);
#1744=ORIENTED_EDGE('',*,*,#1274,.F.);
#1745=ORIENTED_EDGE('',*,*,#1277,.F.);
#1746=ORIENTED_EDGE('',*,*,#1280,.F.);
#1747=ORIENTED_EDGE('',*,*,#1283,.F.);
#1748=ORIENTED_EDGE('',*,*,#1286,.F.);
#1749=ORIENTED_EDGE('',*,*,#1289,.F.);
#1750=ORIENTED_EDGE('',*,*,#1292,.F.);
#1751=ORIENTED_EDGE('',*,*,#1295,.F.);
#1752=ORIENTED_EDGE('',*,*,#1298,.F.);
#1753=ORIENTED_EDGE('',*,*,#1189,.F.);
#1754=ORIENTED_EDGE('',*,*,#1156,.F.);
#1755=ORIENTED_EDGE('',*,*,#1160,.F.);
#1756=ORIENTED_EDGE('',*,*,#1163,.F.);
#1757=ORIENTED_EDGE('',*,*,#1166,.F.);
#1758=ORIENTED_EDGE('',*,*,#1169,.F.);
#1759=ORIENTED_EDGE('',*,*,#1172,.F.);
#1760=ORIENTED_EDGE('',*,*,#1175,.F.);
#1761=ORIENTED_EDGE('',*,*,#1178,.F.);
#1762=ORIENTED_EDGE('',*,*,#1181,.F.);
#1763=ORIENTED_EDGE('',*,*,#1184,.F.);
#1764=ORIENTED_EDGE('',*,*,#1187,.F.);
#1765=ORIENTED_EDGE('',*,*,#1287,.T.);
#1766=ORIENTED_EDGE('',*,*,#1301,.F.);
#1767=ORIENTED_EDGE('',*,*,#1302,.F.);
#1768=ORIENTED_EDGE('',*,*,#1303,.F.);
#1769=ORIENTED_EDGE('',*,*,#1304,.F.);
#1770=ORIENTED_EDGE('',*,*,#1305,.F.);
#1771=ORIENTED_EDGE('',*,*,#1306,.T.);
#1772=ORIENTED_EDGE('',*,*,#1307,.T.);
#1773=ORIENTED_EDGE('',*,*,#1308,.F.);
#1774=ORIENTED_EDGE('',*,*,#1190,.T.);
#1775=ORIENTED_EDGE('',*,*,#1299,.T.);
#1776=ORIENTED_EDGE('',*,*,#1296,.T.);
#1777=ORIENTED_EDGE('',*,*,#1293,.T.);
#1778=ORIENTED_EDGE('',*,*,#1290,.T.);
#1779=ORIENTED_EDGE('',*,*,#1284,.T.);
#1780=ORIENTED_EDGE('',*,*,#1281,.T.);
#1781=ORIENTED_EDGE('',*,*,#1278,.T.);
#1782=ORIENTED_EDGE('',*,*,#1275,.T.);
#1783=ORIENTED_EDGE('',*,*,#1272,.T.);
#1784=ORIENTED_EDGE('',*,*,#1269,.T.);
#1785=ORIENTED_EDGE('',*,*,#1266,.T.);
#1786=ORIENTED_EDGE('',*,*,#1263,.T.);
#1787=ORIENTED_EDGE('',*,*,#1260,.T.);
#1788=ORIENTED_EDGE('',*,*,#1257,.T.);
#1789=ORIENTED_EDGE('',*,*,#1254,.T.);
#1790=ORIENTED_EDGE('',*,*,#1251,.T.);
#1791=ORIENTED_EDGE('',*,*,#1248,.T.);
#1792=ORIENTED_EDGE('',*,*,#1245,.T.);
#1793=ORIENTED_EDGE('',*,*,#1242,.T.);
#1794=ORIENTED_EDGE('',*,*,#1239,.T.);
#1795=ORIENTED_EDGE('',*,*,#1236,.T.);
#1796=ORIENTED_EDGE('',*,*,#1233,.T.);
#1797=ORIENTED_EDGE('',*,*,#1230,.T.);
#1798=ORIENTED_EDGE('',*,*,#1227,.T.);
#1799=ORIENTED_EDGE('',*,*,#1224,.T.);
#1800=ORIENTED_EDGE('',*,*,#1221,.T.);
#1801=ORIENTED_EDGE('',*,*,#1218,.T.);
#1802=ORIENTED_EDGE('',*,*,#1215,.T.);
#1803=ORIENTED_EDGE('',*,*,#1212,.T.);
#1804=ORIENTED_EDGE('',*,*,#1209,.T.);
#1805=ORIENTED_EDGE('',*,*,#1206,.T.);
#1806=ORIENTED_EDGE('',*,*,#1203,.T.);
#1807=ORIENTED_EDGE('',*,*,#1200,.T.);
#1808=ORIENTED_EDGE('',*,*,#1197,.T.);
#1809=ORIENTED_EDGE('',*,*,#1194,.T.);
#1810=ORIENTED_EDGE('',*,*,#1309,.T.);
#1811=ORIENTED_EDGE('',*,*,#1310,.T.);
#1812=ORIENTED_EDGE('',*,*,#1311,.T.);
#1813=ORIENTED_EDGE('',*,*,#1312,.T.);
#1814=ORIENTED_EDGE('',*,*,#1310,.F.);
#1815=ORIENTED_EDGE('',*,*,#1313,.F.);
#1816=ORIENTED_EDGE('',*,*,#1314,.F.);
#1817=ORIENTED_EDGE('',*,*,#1315,.T.);
#1818=ORIENTED_EDGE('',*,*,#1311,.F.);
#1819=ORIENTED_EDGE('',*,*,#1312,.F.);
#1820=ORIENTED_EDGE('',*,*,#1315,.F.);
#1821=ORIENTED_EDGE('',*,*,#1316,.F.);
#1822=ORIENTED_EDGE('',*,*,#1317,.F.);
#1823=ORIENTED_EDGE('',*,*,#1318,.F.);
#1824=ORIENTED_EDGE('',*,*,#1319,.T.);
#1825=ORIENTED_EDGE('',*,*,#1320,.T.);
#1826=ORIENTED_EDGE('',*,*,#1321,.T.);
#1827=ORIENTED_EDGE('',*,*,#1322,.T.);
#1828=ORIENTED_EDGE('',*,*,#1323,.T.);
#1829=ORIENTED_EDGE('',*,*,#1324,.F.);
#1830=ORIENTED_EDGE('',*,*,#1309,.F.);
#1831=ORIENTED_EDGE('',*,*,#1325,.T.);
#1832=ORIENTED_EDGE('',*,*,#1326,.T.);
#1833=ORIENTED_EDGE('',*,*,#1313,.T.);
#1834=ORIENTED_EDGE('',*,*,#1314,.T.);
#1835=ORIENTED_EDGE('',*,*,#1326,.F.);
#1836=ORIENTED_EDGE('',*,*,#1327,.T.);
#1837=ORIENTED_EDGE('',*,*,#1328,.T.);
#1838=ORIENTED_EDGE('',*,*,#1305,.T.);
#1839=ORIENTED_EDGE('',*,*,#1329,.T.);
#1840=ORIENTED_EDGE('',*,*,#1330,.T.);
#1841=ORIENTED_EDGE('',*,*,#1331,.T.);
#1842=ORIENTED_EDGE('',*,*,#1332,.T.);
#1843=ORIENTED_EDGE('',*,*,#1333,.T.);
#1844=ORIENTED_EDGE('',*,*,#1334,.T.);
#1845=ORIENTED_EDGE('',*,*,#1335,.T.);
#1846=ORIENTED_EDGE('',*,*,#1336,.F.);
#1847=ORIENTED_EDGE('',*,*,#1325,.F.);
#1848=ORIENTED_EDGE('',*,*,#1336,.T.);
#1849=ORIENTED_EDGE('',*,*,#1337,.T.);
#1850=ORIENTED_EDGE('',*,*,#1338,.T.);
#1851=ORIENTED_EDGE('',*,*,#1337,.F.);
#1852=ORIENTED_EDGE('',*,*,#1338,.F.);
#1853=ORIENTED_EDGE('',*,*,#1339,.T.);
#1854=ORIENTED_EDGE('',*,*,#1340,.F.);
#1855=ORIENTED_EDGE('',*,*,#1339,.F.);
#1856=ORIENTED_EDGE('',*,*,#1324,.T.);
#1857=ORIENTED_EDGE('',*,*,#1341,.T.);
#1858=ORIENTED_EDGE('',*,*,#1340,.T.);
#1859=ORIENTED_EDGE('',*,*,#1341,.F.);
#1860=ORIENTED_EDGE('',*,*,#1330,.F.);
#1861=ORIENTED_EDGE('',*,*,#1342,.T.);
#1862=ORIENTED_EDGE('',*,*,#1343,.T.);
#1863=ORIENTED_EDGE('',*,*,#1344,.T.);
#1864=ORIENTED_EDGE('',*,*,#1345,.T.);
#1865=ORIENTED_EDGE('',*,*,#1346,.T.);
#1866=ORIENTED_EDGE('',*,*,#1347,.T.);
#1867=ORIENTED_EDGE('',*,*,#1348,.T.);
#1868=ORIENTED_EDGE('',*,*,#1349,.T.);
#1869=ORIENTED_EDGE('',*,*,#1350,.T.);
#1870=ORIENTED_EDGE('',*,*,#1329,.F.);
#1871=ORIENTED_EDGE('',*,*,#1304,.T.);
#1872=ORIENTED_EDGE('',*,*,#1351,.T.);
#1873=ORIENTED_EDGE('',*,*,#1342,.F.);
#1874=ORIENTED_EDGE('',*,*,#1154,.T.);
#1875=ORIENTED_EDGE('',*,*,#1188,.T.);
#1876=ORIENTED_EDGE('',*,*,#1185,.T.);
#1877=ORIENTED_EDGE('',*,*,#1182,.T.);
#1878=ORIENTED_EDGE('',*,*,#1179,.T.);
#1879=ORIENTED_EDGE('',*,*,#1176,.T.);
#1880=ORIENTED_EDGE('',*,*,#1173,.T.);
#1881=ORIENTED_EDGE('',*,*,#1170,.T.);
#1882=ORIENTED_EDGE('',*,*,#1167,.T.);
#1883=ORIENTED_EDGE('',*,*,#1164,.T.);
#1884=ORIENTED_EDGE('',*,*,#1161,.T.);
#1885=ORIENTED_EDGE('',*,*,#1158,.T.);
#1886=ORIENTED_EDGE('',*,*,#1328,.F.);
#1887=ORIENTED_EDGE('',*,*,#1352,.F.);
#1888=ORIENTED_EDGE('',*,*,#1353,.F.);
#1889=ORIENTED_EDGE('',*,*,#1354,.F.);
#1890=ORIENTED_EDGE('',*,*,#1306,.F.);
#1891=ORIENTED_EDGE('',*,*,#1327,.F.);
#1892=ORIENTED_EDGE('',*,*,#1355,.T.);
#1893=ORIENTED_EDGE('',*,*,#1356,.F.);
#1894=ORIENTED_EDGE('',*,*,#1352,.T.);
#1895=ORIENTED_EDGE('',*,*,#1302,.T.);
#1896=ORIENTED_EDGE('',*,*,#1357,.F.);
#1897=ORIENTED_EDGE('',*,*,#1344,.F.);
#1898=ORIENTED_EDGE('',*,*,#1358,.F.);
#1899=ORIENTED_EDGE('',*,*,#1331,.F.);
#1900=ORIENTED_EDGE('',*,*,#1350,.F.);
#1901=ORIENTED_EDGE('',*,*,#1359,.T.);
#1902=ORIENTED_EDGE('',*,*,#1360,.T.);
#1903=ORIENTED_EDGE('',*,*,#1318,.T.);
#1904=ORIENTED_EDGE('',*,*,#1361,.T.);
#1905=ORIENTED_EDGE('',*,*,#1362,.T.);
#1906=ORIENTED_EDGE('',*,*,#1353,.T.);
#1907=ORIENTED_EDGE('',*,*,#1356,.T.);
#1908=ORIENTED_EDGE('',*,*,#1363,.F.);
#1909=ORIENTED_EDGE('',*,*,#1364,.T.);
#1910=ORIENTED_EDGE('',*,*,#1365,.T.);
#1911=ORIENTED_EDGE('',*,*,#1366,.T.);
#1912=ORIENTED_EDGE('',*,*,#1367,.T.);
#1913=ORIENTED_EDGE('',*,*,#1368,.T.);
#1914=ORIENTED_EDGE('',*,*,#1369,.T.);
#1915=ORIENTED_EDGE('',*,*,#1370,.T.);
#1916=ORIENTED_EDGE('',*,*,#1359,.F.);
#1917=ORIENTED_EDGE('',*,*,#1349,.F.);
#1918=ORIENTED_EDGE('',*,*,#1371,.F.);
#1919=ORIENTED_EDGE('',*,*,#1307,.F.);
#1920=ORIENTED_EDGE('',*,*,#1372,.F.);
#1921=ORIENTED_EDGE('',*,*,#1347,.F.);
#1922=ORIENTED_EDGE('',*,*,#1346,.F.);
#1923=ORIENTED_EDGE('',*,*,#1373,.T.);
#1924=ORIENTED_EDGE('',*,*,#1308,.T.);
#1925=ORIENTED_EDGE('',*,*,#1371,.T.);
#1926=ORIENTED_EDGE('',*,*,#1301,.T.);
#1927=ORIENTED_EDGE('',*,*,#1373,.F.);
#1928=ORIENTED_EDGE('',*,*,#1345,.F.);
#1929=ORIENTED_EDGE('',*,*,#1357,.T.);
#1930=ORIENTED_EDGE('',*,*,#1343,.F.);
#1931=ORIENTED_EDGE('',*,*,#1351,.F.);
#1932=ORIENTED_EDGE('',*,*,#1303,.T.);
#1933=ORIENTED_EDGE('',*,*,#1358,.T.);
#1934=ORIENTED_EDGE('',*,*,#1334,.F.);
#1935=ORIENTED_EDGE('',*,*,#1374,.T.);
#1936=ORIENTED_EDGE('',*,*,#1364,.F.);
#1937=ORIENTED_EDGE('',*,*,#1375,.T.);
#1938=ORIENTED_EDGE('',*,*,#1332,.F.);
#1939=ORIENTED_EDGE('',*,*,#1361,.F.);
#1940=ORIENTED_EDGE('',*,*,#1317,.T.);
#1941=ORIENTED_EDGE('',*,*,#1376,.T.);
#1942=ORIENTED_EDGE('',*,*,#1333,.F.);
#1943=ORIENTED_EDGE('',*,*,#1376,.F.);
#1944=ORIENTED_EDGE('',*,*,#1316,.T.);
#1945=ORIENTED_EDGE('',*,*,#1377,.T.);
#1946=ORIENTED_EDGE('',*,*,#1365,.F.);
#1947=ORIENTED_EDGE('',*,*,#1374,.F.);
#1948=ORIENTED_EDGE('',*,*,#1370,.F.);
#1949=ORIENTED_EDGE('',*,*,#1378,.T.);
#1950=ORIENTED_EDGE('',*,*,#1319,.F.);
#1951=ORIENTED_EDGE('',*,*,#1360,.F.);
#1952=ORIENTED_EDGE('',*,*,#1372,.T.);
#1953=ORIENTED_EDGE('',*,*,#1354,.T.);
#1954=ORIENTED_EDGE('',*,*,#1362,.F.);
#1955=ORIENTED_EDGE('',*,*,#1348,.F.);
#1956=ORIENTED_EDGE('',*,*,#1369,.F.);
#1957=ORIENTED_EDGE('',*,*,#1379,.T.);
#1958=ORIENTED_EDGE('',*,*,#1320,.F.);
#1959=ORIENTED_EDGE('',*,*,#1378,.F.);
#1960=ORIENTED_EDGE('',*,*,#1321,.F.);
#1961=ORIENTED_EDGE('',*,*,#1379,.F.);
#1962=ORIENTED_EDGE('',*,*,#1368,.F.);
#1963=ORIENTED_EDGE('',*,*,#1380,.T.);
#1964=ORIENTED_EDGE('',*,*,#1322,.F.);
#1965=ORIENTED_EDGE('',*,*,#1380,.F.);
#1966=ORIENTED_EDGE('',*,*,#1367,.F.);
#1967=ORIENTED_EDGE('',*,*,#1381,.T.);
#1968=ORIENTED_EDGE('',*,*,#1323,.F.);
#1969=ORIENTED_EDGE('',*,*,#1381,.F.);
#1970=ORIENTED_EDGE('',*,*,#1366,.F.);
#1971=ORIENTED_EDGE('',*,*,#1377,.F.);
#1972=ORIENTED_EDGE('',*,*,#1335,.F.);
#1973=ORIENTED_EDGE('',*,*,#1375,.F.);
#1974=ORIENTED_EDGE('',*,*,#1363,.T.);
#1975=ORIENTED_EDGE('',*,*,#1355,.F.);
#1976=ORIENTED_EDGE('',*,*,#1382,.F.);
#1977=ORIENTED_EDGE('',*,*,#1383,.T.);
#1978=ORIENTED_EDGE('',*,*,#1384,.T.);
#1979=ORIENTED_EDGE('',*,*,#1385,.F.);
#1980=ORIENTED_EDGE('',*,*,#1386,.F.);
#1981=ORIENTED_EDGE('',*,*,#1387,.T.);
#1982=ORIENTED_EDGE('',*,*,#1388,.T.);
#1983=ORIENTED_EDGE('',*,*,#1383,.F.);
#1984=ORIENTED_EDGE('',*,*,#1389,.F.);
#1985=ORIENTED_EDGE('',*,*,#1390,.T.);
#1986=ORIENTED_EDGE('',*,*,#1391,.T.);
#1987=ORIENTED_EDGE('',*,*,#1387,.F.);
#1988=ORIENTED_EDGE('',*,*,#1392,.F.);
#1989=ORIENTED_EDGE('',*,*,#1393,.T.);
#1990=ORIENTED_EDGE('',*,*,#1394,.T.);
#1991=ORIENTED_EDGE('',*,*,#1390,.F.);
#1992=ORIENTED_EDGE('',*,*,#1395,.F.);
#1993=ORIENTED_EDGE('',*,*,#1396,.T.);
#1994=ORIENTED_EDGE('',*,*,#1397,.T.);
#1995=ORIENTED_EDGE('',*,*,#1393,.F.);
#1996=ORIENTED_EDGE('',*,*,#1398,.F.);
#1997=ORIENTED_EDGE('',*,*,#1399,.T.);
#1998=ORIENTED_EDGE('',*,*,#1400,.T.);
#1999=ORIENTED_EDGE('',*,*,#1396,.F.);
#2000=ORIENTED_EDGE('',*,*,#1401,.F.);
#2001=ORIENTED_EDGE('',*,*,#1402,.T.);
#2002=ORIENTED_EDGE('',*,*,#1403,.T.);
#2003=ORIENTED_EDGE('',*,*,#1399,.F.);
#2004=ORIENTED_EDGE('',*,*,#1404,.F.);
#2005=ORIENTED_EDGE('',*,*,#1405,.T.);
#2006=ORIENTED_EDGE('',*,*,#1406,.T.);
#2007=ORIENTED_EDGE('',*,*,#1402,.F.);
#2008=ORIENTED_EDGE('',*,*,#1407,.F.);
#2009=ORIENTED_EDGE('',*,*,#1408,.T.);
#2010=ORIENTED_EDGE('',*,*,#1409,.T.);
#2011=ORIENTED_EDGE('',*,*,#1405,.F.);
#2012=ORIENTED_EDGE('',*,*,#1410,.F.);
#2013=ORIENTED_EDGE('',*,*,#1411,.T.);
#2014=ORIENTED_EDGE('',*,*,#1412,.T.);
#2015=ORIENTED_EDGE('',*,*,#1408,.F.);
#2016=ORIENTED_EDGE('',*,*,#1413,.F.);
#2017=ORIENTED_EDGE('',*,*,#1414,.T.);
#2018=ORIENTED_EDGE('',*,*,#1415,.T.);
#2019=ORIENTED_EDGE('',*,*,#1411,.F.);
#2020=ORIENTED_EDGE('',*,*,#1416,.F.);
#2021=ORIENTED_EDGE('',*,*,#1385,.T.);
#2022=ORIENTED_EDGE('',*,*,#1417,.T.);
#2023=ORIENTED_EDGE('',*,*,#1414,.F.);
#2024=ORIENTED_EDGE('',*,*,#1418,.F.);
#2025=ORIENTED_EDGE('',*,*,#1419,.T.);
#2026=ORIENTED_EDGE('',*,*,#1420,.T.);
#2027=ORIENTED_EDGE('',*,*,#1421,.F.);
#2028=ORIENTED_EDGE('',*,*,#1422,.F.);
#2029=ORIENTED_EDGE('',*,*,#1423,.T.);
#2030=ORIENTED_EDGE('',*,*,#1424,.T.);
#2031=ORIENTED_EDGE('',*,*,#1419,.F.);
#2032=ORIENTED_EDGE('',*,*,#1425,.F.);
#2033=ORIENTED_EDGE('',*,*,#1426,.T.);
#2034=ORIENTED_EDGE('',*,*,#1427,.T.);
#2035=ORIENTED_EDGE('',*,*,#1423,.F.);
#2036=ORIENTED_EDGE('',*,*,#1428,.F.);
#2037=ORIENTED_EDGE('',*,*,#1429,.T.);
#2038=ORIENTED_EDGE('',*,*,#1430,.T.);
#2039=ORIENTED_EDGE('',*,*,#1426,.F.);
#2040=ORIENTED_EDGE('',*,*,#1431,.F.);
#2041=ORIENTED_EDGE('',*,*,#1432,.T.);
#2042=ORIENTED_EDGE('',*,*,#1433,.T.);
#2043=ORIENTED_EDGE('',*,*,#1429,.F.);
#2044=ORIENTED_EDGE('',*,*,#1434,.F.);
#2045=ORIENTED_EDGE('',*,*,#1435,.T.);
#2046=ORIENTED_EDGE('',*,*,#1436,.T.);
#2047=ORIENTED_EDGE('',*,*,#1432,.F.);
#2048=ORIENTED_EDGE('',*,*,#1437,.F.);
#2049=ORIENTED_EDGE('',*,*,#1438,.T.);
#2050=ORIENTED_EDGE('',*,*,#1439,.T.);
#2051=ORIENTED_EDGE('',*,*,#1435,.F.);
#2052=ORIENTED_EDGE('',*,*,#1440,.F.);
#2053=ORIENTED_EDGE('',*,*,#1441,.T.);
#2054=ORIENTED_EDGE('',*,*,#1442,.T.);
#2055=ORIENTED_EDGE('',*,*,#1438,.F.);
#2056=ORIENTED_EDGE('',*,*,#1443,.F.);
#2057=ORIENTED_EDGE('',*,*,#1444,.T.);
#2058=ORIENTED_EDGE('',*,*,#1445,.T.);
#2059=ORIENTED_EDGE('',*,*,#1441,.F.);
#2060=ORIENTED_EDGE('',*,*,#1446,.F.);
#2061=ORIENTED_EDGE('',*,*,#1447,.T.);
#2062=ORIENTED_EDGE('',*,*,#1448,.T.);
#2063=ORIENTED_EDGE('',*,*,#1444,.F.);
#2064=ORIENTED_EDGE('',*,*,#1449,.F.);
#2065=ORIENTED_EDGE('',*,*,#1450,.T.);
#2066=ORIENTED_EDGE('',*,*,#1451,.T.);
#2067=ORIENTED_EDGE('',*,*,#1447,.F.);
#2068=ORIENTED_EDGE('',*,*,#1452,.F.);
#2069=ORIENTED_EDGE('',*,*,#1453,.T.);
#2070=ORIENTED_EDGE('',*,*,#1454,.T.);
#2071=ORIENTED_EDGE('',*,*,#1450,.F.);
#2072=ORIENTED_EDGE('',*,*,#1455,.F.);
#2073=ORIENTED_EDGE('',*,*,#1456,.T.);
#2074=ORIENTED_EDGE('',*,*,#1457,.T.);
#2075=ORIENTED_EDGE('',*,*,#1453,.F.);
#2076=ORIENTED_EDGE('',*,*,#1458,.F.);
#2077=ORIENTED_EDGE('',*,*,#1459,.T.);
#2078=ORIENTED_EDGE('',*,*,#1460,.T.);
#2079=ORIENTED_EDGE('',*,*,#1456,.F.);
#2080=ORIENTED_EDGE('',*,*,#1461,.F.);
#2081=ORIENTED_EDGE('',*,*,#1462,.T.);
#2082=ORIENTED_EDGE('',*,*,#1463,.T.);
#2083=ORIENTED_EDGE('',*,*,#1459,.F.);
#2084=ORIENTED_EDGE('',*,*,#1464,.F.);
#2085=ORIENTED_EDGE('',*,*,#1465,.T.);
#2086=ORIENTED_EDGE('',*,*,#1466,.T.);
#2087=ORIENTED_EDGE('',*,*,#1462,.F.);
#2088=ORIENTED_EDGE('',*,*,#1467,.F.);
#2089=ORIENTED_EDGE('',*,*,#1468,.T.);
#2090=ORIENTED_EDGE('',*,*,#1469,.T.);
#2091=ORIENTED_EDGE('',*,*,#1465,.F.);
#2092=ORIENTED_EDGE('',*,*,#1470,.F.);
#2093=ORIENTED_EDGE('',*,*,#1471,.T.);
#2094=ORIENTED_EDGE('',*,*,#1472,.T.);
#2095=ORIENTED_EDGE('',*,*,#1468,.F.);
#2096=ORIENTED_EDGE('',*,*,#1473,.F.);
#2097=ORIENTED_EDGE('',*,*,#1474,.T.);
#2098=ORIENTED_EDGE('',*,*,#1475,.T.);
#2099=ORIENTED_EDGE('',*,*,#1471,.F.);
#2100=ORIENTED_EDGE('',*,*,#1476,.F.);
#2101=ORIENTED_EDGE('',*,*,#1477,.T.);
#2102=ORIENTED_EDGE('',*,*,#1478,.T.);
#2103=ORIENTED_EDGE('',*,*,#1474,.F.);
#2104=ORIENTED_EDGE('',*,*,#1479,.F.);
#2105=ORIENTED_EDGE('',*,*,#1480,.T.);
#2106=ORIENTED_EDGE('',*,*,#1481,.T.);
#2107=ORIENTED_EDGE('',*,*,#1477,.F.);
#2108=ORIENTED_EDGE('',*,*,#1482,.F.);
#2109=ORIENTED_EDGE('',*,*,#1483,.T.);
#2110=ORIENTED_EDGE('',*,*,#1484,.T.);
#2111=ORIENTED_EDGE('',*,*,#1480,.F.);
#2112=ORIENTED_EDGE('',*,*,#1485,.F.);
#2113=ORIENTED_EDGE('',*,*,#1486,.T.);
#2114=ORIENTED_EDGE('',*,*,#1487,.T.);
#2115=ORIENTED_EDGE('',*,*,#1483,.F.);
#2116=ORIENTED_EDGE('',*,*,#1488,.F.);
#2117=ORIENTED_EDGE('',*,*,#1489,.T.);
#2118=ORIENTED_EDGE('',*,*,#1490,.T.);
#2119=ORIENTED_EDGE('',*,*,#1486,.F.);
#2120=ORIENTED_EDGE('',*,*,#1491,.F.);
#2121=ORIENTED_EDGE('',*,*,#1492,.T.);
#2122=ORIENTED_EDGE('',*,*,#1493,.T.);
#2123=ORIENTED_EDGE('',*,*,#1489,.F.);
#2124=ORIENTED_EDGE('',*,*,#1494,.F.);
#2125=ORIENTED_EDGE('',*,*,#1495,.T.);
#2126=ORIENTED_EDGE('',*,*,#1496,.T.);
#2127=ORIENTED_EDGE('',*,*,#1492,.F.);
#2128=ORIENTED_EDGE('',*,*,#1497,.F.);
#2129=ORIENTED_EDGE('',*,*,#1498,.T.);
#2130=ORIENTED_EDGE('',*,*,#1499,.T.);
#2131=ORIENTED_EDGE('',*,*,#1495,.F.);
#2132=ORIENTED_EDGE('',*,*,#1500,.F.);
#2133=ORIENTED_EDGE('',*,*,#1501,.T.);
#2134=ORIENTED_EDGE('',*,*,#1502,.T.);
#2135=ORIENTED_EDGE('',*,*,#1498,.F.);
#2136=ORIENTED_EDGE('',*,*,#1503,.F.);
#2137=ORIENTED_EDGE('',*,*,#1504,.T.);
#2138=ORIENTED_EDGE('',*,*,#1505,.T.);
#2139=ORIENTED_EDGE('',*,*,#1501,.F.);
#2140=ORIENTED_EDGE('',*,*,#1506,.F.);
#2141=ORIENTED_EDGE('',*,*,#1507,.T.);
#2142=ORIENTED_EDGE('',*,*,#1508,.T.);
#2143=ORIENTED_EDGE('',*,*,#1507,.F.);
#2144=ORIENTED_EDGE('',*,*,#1509,.F.);
#2145=ORIENTED_EDGE('',*,*,#1510,.T.);
#2146=ORIENTED_EDGE('',*,*,#1511,.T.);
#2147=ORIENTED_EDGE('',*,*,#1504,.F.);
#2148=ORIENTED_EDGE('',*,*,#1512,.F.);
#2149=ORIENTED_EDGE('',*,*,#1513,.T.);
#2150=ORIENTED_EDGE('',*,*,#1514,.T.);
#2151=ORIENTED_EDGE('',*,*,#1510,.F.);
#2152=ORIENTED_EDGE('',*,*,#1515,.F.);
#2153=ORIENTED_EDGE('',*,*,#1516,.T.);
#2154=ORIENTED_EDGE('',*,*,#1517,.T.);
#2155=ORIENTED_EDGE('',*,*,#1513,.F.);
#2156=ORIENTED_EDGE('',*,*,#1518,.F.);
#2157=ORIENTED_EDGE('',*,*,#1421,.T.);
#2158=ORIENTED_EDGE('',*,*,#1519,.T.);
#2159=ORIENTED_EDGE('',*,*,#1516,.F.);
#2160=ORIENTED_EDGE('',*,*,#1475,.F.);
#2161=ORIENTED_EDGE('',*,*,#1478,.F.);
#2162=ORIENTED_EDGE('',*,*,#1481,.F.);
#2163=ORIENTED_EDGE('',*,*,#1484,.F.);
#2164=ORIENTED_EDGE('',*,*,#1487,.F.);
#2165=ORIENTED_EDGE('',*,*,#1490,.F.);
#2166=ORIENTED_EDGE('',*,*,#1493,.F.);
#2167=ORIENTED_EDGE('',*,*,#1496,.F.);
#2168=ORIENTED_EDGE('',*,*,#1499,.F.);
#2169=ORIENTED_EDGE('',*,*,#1502,.F.);
#2170=ORIENTED_EDGE('',*,*,#1505,.F.);
#2171=ORIENTED_EDGE('',*,*,#1508,.F.);
#2172=ORIENTED_EDGE('',*,*,#1511,.F.);
#2173=ORIENTED_EDGE('',*,*,#1514,.F.);
#2174=ORIENTED_EDGE('',*,*,#1517,.F.);
#2175=ORIENTED_EDGE('',*,*,#1519,.F.);
#2176=ORIENTED_EDGE('',*,*,#1420,.F.);
#2177=ORIENTED_EDGE('',*,*,#1424,.F.);
#2178=ORIENTED_EDGE('',*,*,#1427,.F.);
#2179=ORIENTED_EDGE('',*,*,#1430,.F.);
#2180=ORIENTED_EDGE('',*,*,#1433,.F.);
#2181=ORIENTED_EDGE('',*,*,#1436,.F.);
#2182=ORIENTED_EDGE('',*,*,#1439,.F.);
#2183=ORIENTED_EDGE('',*,*,#1442,.F.);
#2184=ORIENTED_EDGE('',*,*,#1445,.F.);
#2185=ORIENTED_EDGE('',*,*,#1448,.F.);
#2186=ORIENTED_EDGE('',*,*,#1451,.F.);
#2187=ORIENTED_EDGE('',*,*,#1454,.F.);
#2188=ORIENTED_EDGE('',*,*,#1457,.F.);
#2189=ORIENTED_EDGE('',*,*,#1460,.F.);
#2190=ORIENTED_EDGE('',*,*,#1463,.F.);
#2191=ORIENTED_EDGE('',*,*,#1466,.F.);
#2192=ORIENTED_EDGE('',*,*,#1469,.F.);
#2193=ORIENTED_EDGE('',*,*,#1472,.F.);
#2194=ORIENTED_EDGE('',*,*,#1417,.F.);
#2195=ORIENTED_EDGE('',*,*,#1384,.F.);
#2196=ORIENTED_EDGE('',*,*,#1388,.F.);
#2197=ORIENTED_EDGE('',*,*,#1391,.F.);
#2198=ORIENTED_EDGE('',*,*,#1394,.F.);
#2199=ORIENTED_EDGE('',*,*,#1397,.F.);
#2200=ORIENTED_EDGE('',*,*,#1400,.F.);
#2201=ORIENTED_EDGE('',*,*,#1403,.F.);
#2202=ORIENTED_EDGE('',*,*,#1406,.F.);
#2203=ORIENTED_EDGE('',*,*,#1409,.F.);
#2204=ORIENTED_EDGE('',*,*,#1412,.F.);
#2205=ORIENTED_EDGE('',*,*,#1415,.F.);
#2206=ORIENTED_EDGE('',*,*,#1470,.T.);
#2207=ORIENTED_EDGE('',*,*,#1467,.T.);
#2208=ORIENTED_EDGE('',*,*,#1464,.T.);
#2209=ORIENTED_EDGE('',*,*,#1461,.T.);
#2210=ORIENTED_EDGE('',*,*,#1458,.T.);
#2211=ORIENTED_EDGE('',*,*,#1455,.T.);
#2212=ORIENTED_EDGE('',*,*,#1452,.T.);
#2213=ORIENTED_EDGE('',*,*,#1449,.T.);
#2214=ORIENTED_EDGE('',*,*,#1446,.T.);
#2215=ORIENTED_EDGE('',*,*,#1443,.T.);
#2216=ORIENTED_EDGE('',*,*,#1440,.T.);
#2217=ORIENTED_EDGE('',*,*,#1437,.T.);
#2218=ORIENTED_EDGE('',*,*,#1434,.T.);
#2219=ORIENTED_EDGE('',*,*,#1431,.T.);
#2220=ORIENTED_EDGE('',*,*,#1428,.T.);
#2221=ORIENTED_EDGE('',*,*,#1425,.T.);
#2222=ORIENTED_EDGE('',*,*,#1422,.T.);
#2223=ORIENTED_EDGE('',*,*,#1418,.T.);
#2224=ORIENTED_EDGE('',*,*,#1518,.T.);
#2225=ORIENTED_EDGE('',*,*,#1515,.T.);
#2226=ORIENTED_EDGE('',*,*,#1512,.T.);
#2227=ORIENTED_EDGE('',*,*,#1509,.T.);
#2228=ORIENTED_EDGE('',*,*,#1506,.T.);
#2229=ORIENTED_EDGE('',*,*,#1503,.T.);
#2230=ORIENTED_EDGE('',*,*,#1500,.T.);
#2231=ORIENTED_EDGE('',*,*,#1497,.T.);
#2232=ORIENTED_EDGE('',*,*,#1494,.T.);
#2233=ORIENTED_EDGE('',*,*,#1491,.T.);
#2234=ORIENTED_EDGE('',*,*,#1488,.T.);
#2235=ORIENTED_EDGE('',*,*,#1485,.T.);
#2236=ORIENTED_EDGE('',*,*,#1482,.T.);
#2237=ORIENTED_EDGE('',*,*,#1479,.T.);
#2238=ORIENTED_EDGE('',*,*,#1476,.T.);
#2239=ORIENTED_EDGE('',*,*,#1473,.T.);
#2240=ORIENTED_EDGE('',*,*,#1416,.T.);
#2241=ORIENTED_EDGE('',*,*,#1413,.T.);
#2242=ORIENTED_EDGE('',*,*,#1410,.T.);
#2243=ORIENTED_EDGE('',*,*,#1407,.T.);
#2244=ORIENTED_EDGE('',*,*,#1404,.T.);
#2245=ORIENTED_EDGE('',*,*,#1401,.T.);
#2246=ORIENTED_EDGE('',*,*,#1398,.T.);
#2247=ORIENTED_EDGE('',*,*,#1395,.T.);
#2248=ORIENTED_EDGE('',*,*,#1392,.T.);
#2249=ORIENTED_EDGE('',*,*,#1389,.T.);
#2250=ORIENTED_EDGE('',*,*,#1386,.T.);
#2251=ORIENTED_EDGE('',*,*,#1382,.T.);
#2252=B_SPLINE_SURFACE_WITH_KNOTS('',3,1,((#2969,#2970),(#2971,#2972),(#2973,
#2974),(#2975,#2976)),.UNSPECIFIED.,.F.,.F.,.F.,(4,4),(2,2),(-0.00290299646124328,
0.),(0.,0.02),.UNSPECIFIED.);
#2253=B_SPLINE_SURFACE_WITH_KNOTS('',3,1,((#2991,#2992),(#2993,#2994),(#2995,
#2996),(#2997,#2998),(#2999,#3000),(#3001,#3002),(#3003,#3004),(#3005,#3006),
(#3007,#3008),(#3009,#3010)),.UNSPECIFIED.,.F.,.F.,.F.,(4,2,2,2,4),(2,2),
(-0.0166081275702853,-0.0153760061856631,-0.0148281455708906,-0.0143498182944103,
-0.0134688832785829),(0.,0.02),.UNSPECIFIED.);
#2254=B_SPLINE_SURFACE_WITH_KNOTS('',3,1,((#3154,#3155),(#3156,#3157),(#3158,
#3159),(#3160,#3161)),.UNSPECIFIED.,.F.,.F.,.F.,(4,4),(2,2),(-0.0103666969733317,
-0.00423939373785812),(0.,0.02),.UNSPECIFIED.);
#2255=B_SPLINE_SURFACE_WITH_KNOTS('',3,1,((#3192,#3193),(#3194,#3195),(#3196,
#3197),(#3198,#3199),(#3200,#3201),(#3202,#3203),(#3204,#3205),(#3206,#3207),
(#3208,#3209),(#3210,#3211)),.UNSPECIFIED.,.F.,.F.,.F.,(4,2,2,2,4),(2,2),
(-0.0405527847498441,-0.0336933042506864,-0.0232124251297671,-0.01153207646508,
0.),(0.,0.02),.UNSPECIFIED.);
#2256=B_SPLINE_SURFACE_WITH_KNOTS('',3,1,((#3241,#3242),(#3243,#3244),(#3245,
#3246),(#3247,#3248),(#3249,#3250),(#3251,#3252),(#3253,#3254),(#3255,#3256)),
 .UNSPECIFIED.,.F.,.F.,.F.,(4,2,2,4),(2,2),(-0.0252958034771493,-0.0192624956045943,
-0.0130311073799033,-0.00920608192686871),(0.,0.02),.UNSPECIFIED.);
#2257=B_SPLINE_SURFACE_WITH_KNOTS('',3,1,((#3336,#3337),(#3338,#3339),(#3340,
#3341),(#3342,#3343),(#3344,#3345),(#3346,#3347)),.UNSPECIFIED.,.F.,.F.,
 .F.,(4,2,4),(2,2),(-0.00241828377130307,-0.000465381771044508,0.),(0.,
0.02),.UNSPECIFIED.);
#2258=B_SPLINE_SURFACE_WITH_KNOTS('',3,1,((#3505,#3506),(#3507,#3508),(#3509,
#3510),(#3511,#3512),(#3513,#3514),(#3515,#3516),(#3517,#3518)),
 .UNSPECIFIED.,.F.,.F.,.F.,(4,3,4),(2,2),(-0.0511410384604213,-0.0423181738776818,
0.),(0.,0.02),.UNSPECIFIED.);
#2259=B_SPLINE_SURFACE_WITH_KNOTS('',3,1,((#3572,#3573),(#3574,#3575),(#3576,
#3577),(#3578,#3579)),.UNSPECIFIED.,.F.,.F.,.F.,(4,4),(2,2),(-0.00395469174593363,
-0.00228992251593269),(0.,0.02),.UNSPECIFIED.);
#2260=B_SPLINE_SURFACE_WITH_KNOTS('',3,1,((#3621,#3622),(#3623,#3624),(#3625,
#3626),(#3627,#3628),(#3629,#3630),(#3631,#3632)),.UNSPECIFIED.,.F.,.F.,
 .F.,(4,2,4),(2,2),(-0.00601271971844057,-0.00500341557924824,0.),(0.,0.02),
 .UNSPECIFIED.);
#2261=B_SPLINE_SURFACE_WITH_KNOTS('',3,1,((#3650,#3651),(#3652,#3653),(#3654,
#3655),(#3656,#3657),(#3658,#3659),(#3660,#3661)),.UNSPECIFIED.,.F.,.F.,
 .F.,(4,2,4),(2,2),(-0.00276846825856487,-0.00186107632061514,0.),(0.,0.02),
 .UNSPECIFIED.);
#2262=B_SPLINE_SURFACE_WITH_KNOTS('',3,1,((#3679,#3680),(#3681,#3682),(#3683,
#3684),(#3685,#3686),(#3687,#3688),(#3689,#3690),(#3691,#3692),(#3693,#3694),
(#3695,#3696),(#3697,#3698),(#3699,#3700),(#3701,#3702)),.UNSPECIFIED.,
 .F.,.F.,.F.,(4,2,2,2,2,4),(2,2),(-0.0827518506267183,-0.0718997078133325,
-0.0615502807712563,-0.0433758627344782,-0.0250399500341402,-0.00521217060368432),
(0.,0.02),.UNSPECIFIED.);
#2263=B_SPLINE_SURFACE_WITH_KNOTS('',3,1,((#3777,#3778),(#3779,#3780),(#3781,
#3782),(#3783,#3784)),.UNSPECIFIED.,.F.,.F.,.F.,(4,4),(2,2),(-0.047106814072003,
-0.0188283862381096),(0.,0.02),.UNSPECIFIED.);
#2264=B_SPLINE_SURFACE_WITH_KNOTS('',1,3,((#4029,#4030,#4031,#4032),(#4033,
#4034,#4035,#4036)),.UNSPECIFIED.,.F.,.F.,.F.,(2,2),(4,4),(0.,1.),(4.67316113481699,
4.71450365587904),.UNSPECIFIED.);
#2265=B_SPLINE_SURFACE_WITH_KNOTS('',3,1,((#4113,#4114),(#4115,#4116),(#4117,
#4118),(#4119,#4120)),.UNSPECIFIED.,.F.,.F.,.F.,(4,4),(2,2),(-0.00290299646124328,
0.),(0.,0.001),.UNSPECIFIED.);
#2266=B_SPLINE_SURFACE_WITH_KNOTS('',3,1,((#4135,#4136),(#4137,#4138),(#4139,
#4140),(#4141,#4142),(#4143,#4144),(#4145,#4146),(#4147,#4148),(#4149,#4150),
(#4151,#4152),(#4153,#4154)),.UNSPECIFIED.,.F.,.F.,.F.,(4,2,2,2,4),(2,2),
(-0.0166081275702853,-0.0153760061856631,-0.0148281455708906,-0.0143498182944103,
-0.0134688832785829),(0.,0.001),.UNSPECIFIED.);
#2267=B_SPLINE_SURFACE_WITH_KNOTS('',3,1,((#4298,#4299),(#4300,#4301),(#4302,
#4303),(#4304,#4305)),.UNSPECIFIED.,.F.,.F.,.F.,(4,4),(2,2),(-0.0103666969733317,
-0.00423939373785812),(0.,0.001),.UNSPECIFIED.);
#2268=B_SPLINE_SURFACE_WITH_KNOTS('',3,1,((#4336,#4337),(#4338,#4339),(#4340,
#4341),(#4342,#4343),(#4344,#4345),(#4346,#4347),(#4348,#4349),(#4350,#4351),
(#4352,#4353),(#4354,#4355)),.UNSPECIFIED.,.F.,.F.,.F.,(4,2,2,2,4),(2,2),
(-0.0405527847498441,-0.0336933042506864,-0.0232124251297671,-0.01153207646508,
0.),(0.,0.001),.UNSPECIFIED.);
#2269=B_SPLINE_SURFACE_WITH_KNOTS('',3,1,((#4385,#4386),(#4387,#4388),(#4389,
#4390),(#4391,#4392),(#4393,#4394),(#4395,#4396),(#4397,#4398),(#4399,#4400)),
 .UNSPECIFIED.,.F.,.F.,.F.,(4,2,2,4),(2,2),(-0.0252958034771493,-0.0192624956045943,
-0.0130311073799033,-0.00920608192686871),(0.,0.001),.UNSPECIFIED.);
#2270=B_SPLINE_SURFACE_WITH_KNOTS('',3,1,((#4480,#4481),(#4482,#4483),(#4484,
#4485),(#4486,#4487),(#4488,#4489),(#4490,#4491)),.UNSPECIFIED.,.F.,.F.,
 .F.,(4,2,4),(2,2),(-0.00241828377130307,-0.000465381771044508,0.),(0.,
0.001),.UNSPECIFIED.);
#2271=B_SPLINE_SURFACE_WITH_KNOTS('',3,1,((#4611,#4612),(#4613,#4614),(#4615,
#4616),(#4617,#4618),(#4619,#4620),(#4621,#4622),(#4623,#4624),(#4625,#4626)),
 .UNSPECIFIED.,.F.,.F.,.F.,(4,2,2,4),(2,2),(-0.0511410384604213,-0.0348012792291168,
-0.0177620547597663,0.),(0.,0.001),.UNSPECIFIED.);
#2272=B_SPLINE_SURFACE_WITH_KNOTS('',3,1,((#4686,#4687),(#4688,#4689),(#4690,
#4691),(#4692,#4693)),.UNSPECIFIED.,.F.,.F.,.F.,(4,4),(2,2),(-0.00395469174593363,
-0.00228992251593269),(0.,0.001),.UNSPECIFIED.);
#2273=B_SPLINE_SURFACE_WITH_KNOTS('',3,1,((#4716,#4717),(#4718,#4719),(#4720,
#4721),(#4722,#4723),(#4724,#4725),(#4726,#4727)),.UNSPECIFIED.,.F.,.F.,
 .F.,(4,2,4),(2,2),(-0.00601271971844057,-0.00500341557924824,0.),(0.,0.001),
 .UNSPECIFIED.);
#2274=B_SPLINE_SURFACE_WITH_KNOTS('',3,1,((#4745,#4746),(#4747,#4748),(#4749,
#4750),(#4751,#4752),(#4753,#4754),(#4755,#4756)),.UNSPECIFIED.,.F.,.F.,
 .F.,(4,2,4),(2,2),(-0.00276846825856487,-0.00186107632061514,0.),(0.,0.001),
 .UNSPECIFIED.);
#2275=B_SPLINE_SURFACE_WITH_KNOTS('',3,1,((#4774,#4775),(#4776,#4777),(#4778,
#4779),(#4780,#4781),(#4782,#4783),(#4784,#4785),(#4786,#4787),(#4788,#4789),
(#4790,#4791),(#4792,#4793),(#4794,#4795),(#4796,#4797)),.UNSPECIFIED.,
 .F.,.F.,.F.,(4,2,2,2,2,4),(2,2),(-0.0827518506267183,-0.0718997078133325,
-0.0615502807712563,-0.0433758627344782,-0.0250399500341402,-0.00521217060368432),
(0.,0.001),.UNSPECIFIED.);
#2276=B_SPLINE_SURFACE_WITH_KNOTS('',3,1,((#4872,#4873),(#4874,#4875),(#4876,
#4877),(#4878,#4879)),.UNSPECIFIED.,.F.,.F.,.F.,(4,4),(2,2),(-0.047106814072003,
-0.0188283862381096),(0.,0.001),.UNSPECIFIED.);
#2277=ADVANCED_FACE('',(#296),#2252,.F.);
#2278=ADVANCED_FACE('',(#297),#2253,.F.);
#2279=ADVANCED_FACE('',(#298),#234,.F.);
#2280=ADVANCED_FACE('',(#299),#235,.F.);
#2281=ADVANCED_FACE('',(#300),#236,.F.);
#2282=ADVANCED_FACE('',(#301),#237,.F.);
#2283=ADVANCED_FACE('',(#302),#238,.F.);
#2284=ADVANCED_FACE('',(#303),#239,.F.);
#2285=ADVANCED_FACE('',(#304),#2254,.F.);
#2286=ADVANCED_FACE('',(#305),#240,.F.);
#2287=ADVANCED_FACE('',(#306),#2255,.F.);
#2288=ADVANCED_FACE('',(#307),#2256,.F.);
#2289=ADVANCED_FACE('',(#308),#241,.F.);
#2290=ADVANCED_FACE('',(#309),#242,.F.);
#2291=ADVANCED_FACE('',(#310),#243,.F.);
#2292=ADVANCED_FACE('',(#311),#244,.F.);
#2293=ADVANCED_FACE('',(#312),#2257,.F.);
#2294=ADVANCED_FACE('',(#313),#245,.F.);
#2295=ADVANCED_FACE('',(#314),#246,.F.);
#2296=ADVANCED_FACE('',(#315),#247,.F.);
#2297=ADVANCED_FACE('',(#316),#248,.F.);
#2298=ADVANCED_FACE('',(#317),#249,.F.);
#2299=ADVANCED_FACE('',(#318),#250,.F.);
#2300=ADVANCED_FACE('',(#319),#251,.F.);
#2301=ADVANCED_FACE('',(#320),#252,.F.);
#2302=ADVANCED_FACE('',(#321),#81,.F.);
#2303=ADVANCED_FACE('',(#322),#2258,.F.);
#2304=ADVANCED_FACE('',(#323),#253,.T.);
#2305=ADVANCED_FACE('',(#324),#67,.F.);
#2306=ADVANCED_FACE('',(#325),#254,.F.);
#2307=ADVANCED_FACE('',(#326),#2259,.F.);
#2308=ADVANCED_FACE('',(#327),#255,.T.);
#2309=ADVANCED_FACE('',(#328),#256,.F.);
#2310=ADVANCED_FACE('',(#329),#2260,.F.);
#2311=ADVANCED_FACE('',(#330),#2261,.F.);
#2312=ADVANCED_FACE('',(#331),#2262,.F.);
#2313=ADVANCED_FACE('',(#332),#257,.T.);
#2314=ADVANCED_FACE('',(#333),#258,.F.);
#2315=ADVANCED_FACE('',(#334),#259,.T.);
#2316=ADVANCED_FACE('',(#335),#68,.F.);
#2317=ADVANCED_FACE('',(#336),#2263,.F.);
#2318=ADVANCED_FACE('',(#337),#260,.F.);
#2319=ADVANCED_FACE('',(#338),#261,.T.);
#2320=ADVANCED_FACE('',(#339),#262,.T.);
#2321=ADVANCED_FACE('',(#340),#263,.F.);
#2322=ADVANCED_FACE('',(#341),#69,.F.);
#2323=ADVANCED_FACE('',(#342),#82,.F.);
#2324=ADVANCED_FACE('',(#343),#264,.F.);
#2325=ADVANCED_FACE('',(#344),#265,.F.);
#2326=ADVANCED_FACE('',(#345,#26),#83,.F.);
#2327=ADVANCED_FACE('',(#346),#84,.F.);
#2328=ADVANCED_FACE('',(#347,#27),#85,.F.);
#2329=ADVANCED_FACE('',(#348),#19,.F.);
#2330=ADVANCED_FACE('',(#349),#20,.F.);
#2331=ADVANCED_FACE('',(#350,#28,#29),#86,.T.);
#2332=ADVANCED_FACE('',(#351),#21,.F.);
#2333=ADVANCED_FACE('',(#352,#30,#31),#87,.T.);
#2334=ADVANCED_FACE('',(#353),#22,.F.);
#2335=ADVANCED_FACE('',(#354),#70,.F.);
#2336=ADVANCED_FACE('',(#355),#23,.F.);
#2337=ADVANCED_FACE('',(#356),#88,.T.);
#2338=ADVANCED_FACE('',(#357),#71,.T.);
#2339=ADVANCED_FACE('',(#358),#89,.F.);
#2340=ADVANCED_FACE('',(#359),#72,.F.);
#2341=ADVANCED_FACE('',(#360),#2264,.T.);
#2342=ADVANCED_FACE('',(#361),#73,.T.);
#2343=ADVANCED_FACE('',(#362),#24,.T.);
#2344=ADVANCED_FACE('',(#363),#90,.T.);
#2345=ADVANCED_FACE('',(#364),#91,.F.);
#2346=ADVANCED_FACE('',(#365),#74,.T.);
#2347=ADVANCED_FACE('',(#366),#92,.T.);
#2348=ADVANCED_FACE('',(#367),#93,.T.);
#2349=ADVANCED_FACE('',(#368),#94,.T.);
#2350=ADVANCED_FACE('',(#369),#95,.T.);
#2351=ADVANCED_FACE('',(#370),#25,.T.);
#2352=ADVANCED_FACE('',(#371),#75,.T.);
#2353=ADVANCED_FACE('',(#372),#76,.F.);
#2354=ADVANCED_FACE('',(#373),#96,.T.);
#2355=ADVANCED_FACE('',(#374),#97,.T.);
#2356=ADVANCED_FACE('',(#375),#98,.T.);
#2357=ADVANCED_FACE('',(#376),#77,.T.);
#2358=ADVANCED_FACE('',(#377),#266,.T.);
#2359=ADVANCED_FACE('',(#378),#2265,.F.);
#2360=ADVANCED_FACE('',(#379),#2266,.F.);
#2361=ADVANCED_FACE('',(#380),#267,.F.);
#2362=ADVANCED_FACE('',(#381),#268,.F.);
#2363=ADVANCED_FACE('',(#382),#269,.F.);
#2364=ADVANCED_FACE('',(#383),#270,.F.);
#2365=ADVANCED_FACE('',(#384),#271,.F.);
#2366=ADVANCED_FACE('',(#385),#272,.F.);
#2367=ADVANCED_FACE('',(#386),#2267,.F.);
#2368=ADVANCED_FACE('',(#387),#273,.F.);
#2369=ADVANCED_FACE('',(#388),#2268,.F.);
#2370=ADVANCED_FACE('',(#389),#2269,.F.);
#2371=ADVANCED_FACE('',(#390),#274,.F.);
#2372=ADVANCED_FACE('',(#391),#275,.F.);
#2373=ADVANCED_FACE('',(#392),#276,.F.);
#2374=ADVANCED_FACE('',(#393),#277,.F.);
#2375=ADVANCED_FACE('',(#394),#2270,.F.);
#2376=ADVANCED_FACE('',(#395),#278,.F.);
#2377=ADVANCED_FACE('',(#396),#279,.F.);
#2378=ADVANCED_FACE('',(#397),#280,.F.);
#2379=ADVANCED_FACE('',(#398),#281,.F.);
#2380=ADVANCED_FACE('',(#399),#282,.F.);
#2381=ADVANCED_FACE('',(#400),#283,.F.);
#2382=ADVANCED_FACE('',(#401),#99,.F.);
#2383=ADVANCED_FACE('',(#402),#2271,.F.);
#2384=ADVANCED_FACE('',(#403),#284,.T.);
#2385=ADVANCED_FACE('',(#404),#78,.F.);
#2386=ADVANCED_FACE('',(#405),#285,.F.);
#2387=ADVANCED_FACE('',(#406),#2272,.F.);
#2388=ADVANCED_FACE('',(#407),#286,.T.);
#2389=ADVANCED_FACE('',(#408),#2273,.F.);
#2390=ADVANCED_FACE('',(#409),#2274,.F.);
#2391=ADVANCED_FACE('',(#410),#2275,.F.);
#2392=ADVANCED_FACE('',(#411),#287,.T.);
#2393=ADVANCED_FACE('',(#412),#288,.F.);
#2394=ADVANCED_FACE('',(#413),#289,.T.);
#2395=ADVANCED_FACE('',(#414),#79,.F.);
#2396=ADVANCED_FACE('',(#415),#2276,.F.);
#2397=ADVANCED_FACE('',(#416),#290,.F.);
#2398=ADVANCED_FACE('',(#417),#291,.T.);
#2399=ADVANCED_FACE('',(#418),#292,.T.);
#2400=ADVANCED_FACE('',(#419),#293,.F.);
#2401=ADVANCED_FACE('',(#420),#80,.F.);
#2402=ADVANCED_FACE('',(#421),#100,.F.);
#2403=ADVANCED_FACE('',(#422),#294,.F.);
#2404=ADVANCED_FACE('',(#423),#295,.F.);
#2405=ADVANCED_FACE('',(#424,#32),#101,.F.);
#2406=ADVANCED_FACE('',(#425,#33),#102,.T.);
#2407=CLOSED_SHELL('',(#2277,#2278,#2279,#2280,#2281,#2282,#2283,#2284,
#2285,#2286,#2287,#2288,#2289,#2290,#2291,#2292,#2293,#2294,#2295,#2296,
#2297,#2298,#2299,#2300,#2301,#2302,#2303,#2304,#2305,#2306,#2307,#2308,
#2309,#2310,#2311,#2312,#2313,#2314,#2315,#2316,#2317,#2318,#2319,#2320,
#2321,#2322,#2323,#2324,#2325,#2326,#2327,#2328,#2329,#2330,#2331,#2332,
#2333,#2334,#2335,#2336,#2337,#2338,#2339,#2340,#2341,#2342,#2343,#2344,
#2345,#2346,#2347,#2348,#2349,#2350,#2351,#2352,#2353,#2354,#2355,#2356,
#2357,#2358));
#2408=CLOSED_SHELL('',(#2359,#2360,#2361,#2362,#2363,#2364,#2365,#2366,
#2367,#2368,#2369,#2370,#2371,#2372,#2373,#2374,#2375,#2376,#2377,#2378,
#2379,#2380,#2381,#2382,#2383,#2384,#2385,#2386,#2387,#2388,#2389,#2390,
#2391,#2392,#2393,#2394,#2395,#2396,#2397,#2398,#2399,#2400,#2401,#2402,
#2403,#2404,#2405,#2406));
#2409=BREP_WITH_VOIDS('Body1',#2407,(#18));
#2410=DERIVED_UNIT_ELEMENT(#2412,1.);
#2411=DERIVED_UNIT_ELEMENT(#4998,-3.);
#2412=(
MASS_UNIT()
NAMED_UNIT(*)
SI_UNIT(.KILO.,.GRAM.)
);
#2413=DERIVED_UNIT((#2410,#2411));
#2414=MEASURE_REPRESENTATION_ITEM('density measure',
POSITIVE_RATIO_MEASURE(7850.),#2413);
#2415=PROPERTY_DEFINITION_REPRESENTATION(#2420,#2417);
#2416=PROPERTY_DEFINITION_REPRESENTATION(#2421,#2418);
#2417=REPRESENTATION('material name',(#2419),#4995);
#2418=REPRESENTATION('density',(#2414),#4995);
#2419=DESCRIPTIVE_REPRESENTATION_ITEM('Steel','Steel');
#2420=PROPERTY_DEFINITION('material property','material name',#5010);
#2421=PROPERTY_DEFINITION('material property','density of part',#5010);
#2422=AXIS2_PLACEMENT_3D('',#2967,#2554,#2555);
#2423=AXIS2_PLACEMENT_3D('',#2968,#2556,#2557);
#2424=AXIS2_PLACEMENT_3D('',#3281,#2570,#2571);
#2425=AXIS2_PLACEMENT_3D('',#3285,#2573,#2574);
#2426=AXIS2_PLACEMENT_3D('',#3332,#2578,#2579);
#2427=AXIS2_PLACEMENT_3D('',#3335,#2581,#2582);
#2428=AXIS2_PLACEMENT_3D('',#3370,#2584,#2585);
#2429=AXIS2_PLACEMENT_3D('',#3373,#2587,#2588);
#2430=AXIS2_PLACEMENT_3D('',#3476,#2594,#2595);
#2431=AXIS2_PLACEMENT_3D('',#3479,#2597,#2598);
#2432=AXIS2_PLACEMENT_3D('',#3499,#2600,#2601);
#2433=AXIS2_PLACEMENT_3D('',#3543,#2606,#2607);
#2434=AXIS2_PLACEMENT_3D('',#3546,#2609,#2610);
#2435=AXIS2_PLACEMENT_3D('',#3547,#2611,#2612);
#2436=AXIS2_PLACEMENT_3D('',#3549,#2613,#2614);
#2437=AXIS2_PLACEMENT_3D('',#3552,#2616,#2617);
#2438=AXIS2_PLACEMENT_3D('',#3598,#2620,#2621);
#2439=AXIS2_PLACEMENT_3D('',#3601,#2623,#2624);
#2440=AXIS2_PLACEMENT_3D('',#3737,#2629,#2630);
#2441=AXIS2_PLACEMENT_3D('',#3740,#2632,#2633);
#2442=AXIS2_PLACEMENT_3D('',#3767,#2635,#2636);
#2443=AXIS2_PLACEMENT_3D('',#3770,#2638,#2639);
#2444=AXIS2_PLACEMENT_3D('',#3771,#2640,#2641);
#2445=AXIS2_PLACEMENT_3D('',#3773,#2642,#2643);
#2446=AXIS2_PLACEMENT_3D('',#3776,#2645,#2646);
#2447=AXIS2_PLACEMENT_3D('',#3822,#2649,#2650);
#2448=AXIS2_PLACEMENT_3D('',#3825,#2652,#2653);
#2449=AXIS2_PLACEMENT_3D('',#3833,#2654,#2655);
#2450=AXIS2_PLACEMENT_3D('',#3836,#2657,#2658);
#2451=AXIS2_PLACEMENT_3D('',#3854,#2660,#2661);
#2452=AXIS2_PLACEMENT_3D('',#3856,#2662,#2663);
#2453=AXIS2_PLACEMENT_3D('',#3859,#2665,#2666);
#2454=AXIS2_PLACEMENT_3D('',#3860,#2667,#2668);
#2455=AXIS2_PLACEMENT_3D('',#3891,#2673,#2674);
#2456=AXIS2_PLACEMENT_3D('',#3892,#2675,#2676);
#2457=AXIS2_PLACEMENT_3D('',#3893,#2677,#2678);
#2458=AXIS2_PLACEMENT_3D('',#3894,#2679,#2680);
#2459=AXIS2_PLACEMENT_3D('',#3895,#2681,#2682);
#2460=AXIS2_PLACEMENT_3D('',#3900,#2684,#2685);
#2461=AXIS2_PLACEMENT_3D('',#3904,#2687,#2688);
#2462=AXIS2_PLACEMENT_3D('',#3911,#2692,#2693);
#2463=AXIS2_PLACEMENT_3D('',#3912,#2694,#2695);
#2464=AXIS2_PLACEMENT_3D('',#3914,#2696,#2697);
#2465=AXIS2_PLACEMENT_3D('',#3918,#2699,#2700);
#2466=AXIS2_PLACEMENT_3D('',#3919,#2701,#2702);
#2467=AXIS2_PLACEMENT_3D('',#3920,#2703,#2704);
#2468=AXIS2_PLACEMENT_3D('',#3923,#2705,#2706);
#2469=AXIS2_PLACEMENT_3D('',#3924,#2707,#2708);
#2470=AXIS2_PLACEMENT_3D('',#3926,#2710,#2711);
#2471=AXIS2_PLACEMENT_3D('',#3929,#2712,#2713);
#2472=AXIS2_PLACEMENT_3D('',#3933,#2715,#2716);
#2473=AXIS2_PLACEMENT_3D('',#3935,#2717,#2718);
#2474=AXIS2_PLACEMENT_3D('',#3942,#2722,#2723);
#2475=AXIS2_PLACEMENT_3D('',#3944,#2724,#2725);
#2476=AXIS2_PLACEMENT_3D('',#3945,#2726,#2727);
#2477=AXIS2_PLACEMENT_3D('',#3947,#2728,#2729);
#2478=AXIS2_PLACEMENT_3D('',#3949,#2731,#2732);
#2479=AXIS2_PLACEMENT_3D('',#3958,#2733,#2734);
#2480=AXIS2_PLACEMENT_3D('',#3964,#2737,#2738);
#2481=AXIS2_PLACEMENT_3D('',#3968,#2740,#2741);
#2482=AXIS2_PLACEMENT_3D('',#3982,#2743,#2744);
#2483=AXIS2_PLACEMENT_3D('',#3983,#2745,#2746);
#2484=AXIS2_PLACEMENT_3D('',#3986,#2748,#2749);
#2485=AXIS2_PLACEMENT_3D('',#3987,#2750,#2751);
#2486=AXIS2_PLACEMENT_3D('',#3990,#2753,#2754);
#2487=AXIS2_PLACEMENT_3D('',#3991,#2755,#2756);
#2488=AXIS2_PLACEMENT_3D('',#3993,#2758,#2759);
#2489=AXIS2_PLACEMENT_3D('',#3995,#2760,#2761);
#2490=AXIS2_PLACEMENT_3D('',#3999,#2763,#2764);
#2491=AXIS2_PLACEMENT_3D('',#4003,#2766,#2767);
#2492=AXIS2_PLACEMENT_3D('',#4007,#2769,#2770);
#2493=AXIS2_PLACEMENT_3D('',#4011,#2773,#2774);
#2494=AXIS2_PLACEMENT_3D('',#4013,#2776,#2777);
#2495=AXIS2_PLACEMENT_3D('',#4014,#2778,#2779);
#2496=AXIS2_PLACEMENT_3D('',#4016,#2780,#2781);
#2497=AXIS2_PLACEMENT_3D('',#4018,#2782,#2783);
#2498=AXIS2_PLACEMENT_3D('',#4043,#2785,#2786);
#2499=AXIS2_PLACEMENT_3D('',#4046,#2789,#2790);
#2500=AXIS2_PLACEMENT_3D('',#4048,#2791,#2792);
#2501=AXIS2_PLACEMENT_3D('',#4051,#2795,#2796);
#2502=AXIS2_PLACEMENT_3D('',#4067,#2799,#2800);
#2503=AXIS2_PLACEMENT_3D('',#4069,#2801,#2802);
#2504=AXIS2_PLACEMENT_3D('',#4076,#2806,#2807);
#2505=AXIS2_PLACEMENT_3D('',#4077,#2808,#2809);
#2506=AXIS2_PLACEMENT_3D('',#4080,#2812,#2813);
#2507=AXIS2_PLACEMENT_3D('',#4082,#2815,#2816);
#2508=AXIS2_PLACEMENT_3D('',#4083,#2817,#2818);
#2509=AXIS2_PLACEMENT_3D('',#4084,#2819,#2820);
#2510=AXIS2_PLACEMENT_3D('',#4087,#2823,#2824);
#2511=AXIS2_PLACEMENT_3D('',#4089,#2826,#2827);
#2512=AXIS2_PLACEMENT_3D('',#4091,#2829,#2830);
#2513=AXIS2_PLACEMENT_3D('',#4093,#2832,#2833);
#2514=AXIS2_PLACEMENT_3D('',#4094,#2834,#2835);
#2515=AXIS2_PLACEMENT_3D('',#4096,#2837,#2838);
#2516=AXIS2_PLACEMENT_3D('',#4098,#2840,#2841);
#2517=AXIS2_PLACEMENT_3D('',#4100,#2843,#2844);
#2518=AXIS2_PLACEMENT_3D('',#4425,#2857,#2858);
#2519=AXIS2_PLACEMENT_3D('',#4429,#2860,#2861);
#2520=AXIS2_PLACEMENT_3D('',#4476,#2865,#2866);
#2521=AXIS2_PLACEMENT_3D('',#4479,#2868,#2869);
#2522=AXIS2_PLACEMENT_3D('',#4514,#2871,#2872);
#2523=AXIS2_PLACEMENT_3D('',#4517,#2874,#2875);
#2524=AXIS2_PLACEMENT_3D('',#4582,#2879,#2880);
#2525=AXIS2_PLACEMENT_3D('',#4585,#2882,#2883);
#2526=AXIS2_PLACEMENT_3D('',#4605,#2885,#2886);
#2527=AXIS2_PLACEMENT_3D('',#4657,#2891,#2892);
#2528=AXIS2_PLACEMENT_3D('',#4660,#2894,#2895);
#2529=AXIS2_PLACEMENT_3D('',#4661,#2896,#2897);
#2530=AXIS2_PLACEMENT_3D('',#4663,#2898,#2899);
#2531=AXIS2_PLACEMENT_3D('',#4666,#2901,#2902);
#2532=AXIS2_PLACEMENT_3D('',#4712,#2905,#2906);
#2533=AXIS2_PLACEMENT_3D('',#4715,#2908,#2909);
#2534=AXIS2_PLACEMENT_3D('',#4832,#2913,#2914);
#2535=AXIS2_PLACEMENT_3D('',#4835,#2916,#2917);
#2536=AXIS2_PLACEMENT_3D('',#4862,#2919,#2920);
#2537=AXIS2_PLACEMENT_3D('',#4865,#2922,#2923);
#2538=AXIS2_PLACEMENT_3D('',#4866,#2924,#2925);
#2539=AXIS2_PLACEMENT_3D('',#4868,#2926,#2927);
#2540=AXIS2_PLACEMENT_3D('',#4871,#2929,#2930);
#2541=AXIS2_PLACEMENT_3D('',#4917,#2933,#2934);
#2542=AXIS2_PLACEMENT_3D('',#4920,#2936,#2937);
#2543=AXIS2_PLACEMENT_3D('',#4928,#2938,#2939);
#2544=AXIS2_PLACEMENT_3D('',#4931,#2941,#2942);
#2545=AXIS2_PLACEMENT_3D('',#4949,#2944,#2945);
#2546=AXIS2_PLACEMENT_3D('',#4951,#2946,#2947);
#2547=AXIS2_PLACEMENT_3D('',#4954,#2949,#2950);
#2548=AXIS2_PLACEMENT_3D('',#4955,#2951,#2952);
#2549=AXIS2_PLACEMENT_3D('',#4986,#2957,#2958);
#2550=AXIS2_PLACEMENT_3D('',#4987,#2959,#2960);
#2551=AXIS2_PLACEMENT_3D('',#4988,#2961,#2962);
#2552=AXIS2_PLACEMENT_3D('',#4989,#2963,#2964);
#2553=AXIS2_PLACEMENT_3D('',#4990,#2965,#2966);
#2554=DIRECTION('axis',(0.,0.,1.));
#2555=DIRECTION('refdir',(1.,0.,0.));
#2556=DIRECTION('axis',(0.,0.,1.));
#2557=DIRECTION('refdir',(1.,0.,0.));
#2558=DIRECTION('',(0.,-1.,0.));
#2559=DIRECTION('',(0.,-1.,0.));
#2560=DIRECTION('',(0.,-1.,0.));
#2561=DIRECTION('',(0.,-1.,0.));
#2562=DIRECTION('',(0.,-1.,0.));
#2563=DIRECTION('',(0.,-1.,0.));
#2564=DIRECTION('',(0.,-1.,0.));
#2565=DIRECTION('',(0.,-1.,0.));
#2566=DIRECTION('',(0.,-1.,0.));
#2567=DIRECTION('',(0.,-1.,0.));
#2568=DIRECTION('',(0.,-1.,0.));
#2569=DIRECTION('',(0.,-1.,0.));
#2570=DIRECTION('center_axis',(0.,1.,0.));
#2571=DIRECTION('ref_axis',(-0.985741411330189,0.,0.168267257625386));
#2572=DIRECTION('',(0.,-1.,0.));
#2573=DIRECTION('center_axis',(0.,1.,0.));
#2574=DIRECTION('ref_axis',(-0.985741411330189,0.,0.168267257625386));
#2575=DIRECTION('',(0.,-1.,0.));
#2576=DIRECTION('',(0.,-1.,0.));
#2577=DIRECTION('',(0.,-1.,0.));
#2578=DIRECTION('center_axis',(0.,1.,0.));
#2579=DIRECTION('ref_axis',(-0.980498176474527,0.,-0.196528181007528));
#2580=DIRECTION('',(0.,-1.,0.));
#2581=DIRECTION('center_axis',(0.,1.,0.));
#2582=DIRECTION('ref_axis',(-0.980498176474527,0.,-0.196528181007528));
#2583=DIRECTION('',(0.,-1.,0.));
#2584=DIRECTION('center_axis',(0.,1.,0.));
#2585=DIRECTION('ref_axis',(-0.974720714884123,0.,0.223426784374175));
#2586=DIRECTION('',(0.,-1.,0.));
#2587=DIRECTION('center_axis',(0.,1.,0.));
#2588=DIRECTION('ref_axis',(-0.974720714884123,0.,0.223426784374175));
#2589=DIRECTION('',(0.,-1.,0.));
#2590=DIRECTION('',(0.,-1.,0.));
#2591=DIRECTION('',(0.,-1.,0.));
#2592=DIRECTION('',(0.,-1.,0.));
#2593=DIRECTION('',(0.,-1.,0.));
#2594=DIRECTION('center_axis',(0.,1.,0.));
#2595=DIRECTION('ref_axis',(0.324046771384705,0.,0.946041061453016));
#2596=DIRECTION('',(0.,-1.,0.));
#2597=DIRECTION('center_axis',(0.,1.,0.));
#2598=DIRECTION('ref_axis',(0.324046771384705,0.,0.946041061453016));
#2599=DIRECTION('',(0.,-1.,0.));
#2600=DIRECTION('center_axis',(-1.,0.,6.12323399573677E-17));
#2601=DIRECTION('ref_axis',(-6.12323399573677E-17,0.,-1.));
#2602=DIRECTION('',(-6.12323399573677E-17,0.,-1.));
#2603=DIRECTION('',(0.,-1.,0.));
#2604=DIRECTION('',(-6.12323399573677E-17,0.,-1.));
#2605=DIRECTION('',(0.,-1.,0.));
#2606=DIRECTION('center_axis',(0.,-1.,0.));
#2607=DIRECTION('ref_axis',(0.748800252891336,0.,-0.662795731179577));
#2608=DIRECTION('',(0.,-1.,0.));
#2609=DIRECTION('center_axis',(0.,-1.,0.));
#2610=DIRECTION('ref_axis',(0.748800252891336,0.,-0.662795731179577));
#2611=DIRECTION('center_axis',(0.,-1.,0.));
#2612=DIRECTION('ref_axis',(0.685081231462558,0.,-0.728466681666186));
#2613=DIRECTION('center_axis',(0.,-1.,0.));
#2614=DIRECTION('ref_axis',(0.685081231462558,0.,-0.728466681666186));
#2615=DIRECTION('',(0.,-1.,0.));
#2616=DIRECTION('center_axis',(0.,-1.,0.));
#2617=DIRECTION('ref_axis',(0.685081231462558,0.,-0.728466681666186));
#2618=DIRECTION('',(0.,-1.,0.));
#2619=DIRECTION('',(0.,-1.,0.));
#2620=DIRECTION('center_axis',(0.,-1.,0.));
#2621=DIRECTION('ref_axis',(0.766795274376556,0.,0.641891741023189));
#2622=DIRECTION('',(0.,-1.,0.));
#2623=DIRECTION('center_axis',(0.,-1.,0.));
#2624=DIRECTION('ref_axis',(0.766795274376556,0.,0.641891741023189));
#2625=DIRECTION('',(0.,-1.,0.));
#2626=DIRECTION('',(0.,-1.,0.));
#2627=DIRECTION('',(0.,-1.,0.));
#2628=DIRECTION('',(0.,-1.,0.));
#2629=DIRECTION('center_axis',(0.,-1.,0.));
#2630=DIRECTION('ref_axis',(0.511859481160146,0.,0.859069189033378));
#2631=DIRECTION('',(0.,-1.,0.));
#2632=DIRECTION('center_axis',(0.,-1.,0.));
#2633=DIRECTION('ref_axis',(0.511859481160146,0.,0.859069189033378));
#2634=DIRECTION('',(0.,-1.,0.));
#2635=DIRECTION('center_axis',(0.,-1.,0.));
#2636=DIRECTION('ref_axis',(0.737497898055471,0.,0.675349428343404));
#2637=DIRECTION('',(0.,-1.,0.));
#2638=DIRECTION('center_axis',(0.,-1.,0.));
#2639=DIRECTION('ref_axis',(0.737497898055471,0.,0.675349428343404));
#2640=DIRECTION('center_axis',(0.,-1.,0.));
#2641=DIRECTION('ref_axis',(-0.992304376696273,0.,0.123822550407512));
#2642=DIRECTION('center_axis',(0.,-1.,0.));
#2643=DIRECTION('ref_axis',(-0.992304376696273,0.,0.123822550407512));
#2644=DIRECTION('',(0.,-1.,0.));
#2645=DIRECTION('center_axis',(0.,-1.,0.));
#2646=DIRECTION('ref_axis',(-0.992304376696273,0.,0.123822550407512));
#2647=DIRECTION('',(0.,-1.,0.));
#2648=DIRECTION('',(0.,-1.,0.));
#2649=DIRECTION('center_axis',(0.,-1.,0.));
#2650=DIRECTION('ref_axis',(0.765997687003597,0.,0.642843327339671));
#2651=DIRECTION('',(0.,-1.,0.));
#2652=DIRECTION('center_axis',(0.,-1.,0.));
#2653=DIRECTION('ref_axis',(0.765997687003597,0.,0.642843327339671));
#2654=DIRECTION('center_axis',(0.,-1.,0.));
#2655=DIRECTION('ref_axis',(0.753880167858827,0.,-0.657011942440278));
#2656=DIRECTION('',(0.,-1.,0.));
#2657=DIRECTION('center_axis',(0.,-1.,0.));
#2658=DIRECTION('ref_axis',(0.753880167858827,0.,-0.657011942440278));
#2659=DIRECTION('',(0.,-1.,0.));
#2660=DIRECTION('center_axis',(0.,-1.,0.));
#2661=DIRECTION('ref_axis',(-0.426115016853113,0.,0.904668996048981));
#2662=DIRECTION('center_axis',(0.,-1.,0.));
#2663=DIRECTION('ref_axis',(-0.426115016853113,0.,0.904668996048981));
#2664=DIRECTION('',(0.,-1.,0.));
#2665=DIRECTION('center_axis',(0.,-1.,0.));
#2666=DIRECTION('ref_axis',(-0.426115016853113,0.,0.904668996048981));
#2667=DIRECTION('center_axis',(1.,0.,1.31408185151474E-15));
#2668=DIRECTION('ref_axis',(-1.31408185151474E-15,0.,1.));
#2669=DIRECTION('',(-1.31408185151474E-15,0.,1.));
#2670=DIRECTION('',(0.,-1.,0.));
#2671=DIRECTION('',(-1.31408185151474E-15,0.,1.));
#2672=DIRECTION('',(0.,-1.,0.));
#2673=DIRECTION('center_axis',(0.,1.,0.));
#2674=DIRECTION('ref_axis',(-0.95572988902241,0.,-0.294245440456114));
#2675=DIRECTION('center_axis',(0.,1.,0.));
#2676=DIRECTION('ref_axis',(-0.95572988902241,0.,-0.294245440456114));
#2677=DIRECTION('center_axis',(0.,-1.,0.));
#2678=DIRECTION('ref_axis',(6.12323399573677E-17,0.,1.));
#2679=DIRECTION('center_axis',(0.,-1.,0.));
#2680=DIRECTION('ref_axis',(0.,0.,-1.));
#2681=DIRECTION('center_axis',(0.,-1.,0.));
#2682=DIRECTION('ref_axis',(0.,0.,-1.));
#2683=DIRECTION('',(-1.,0.,0.));
#2684=DIRECTION('center_axis',(1.44560289664734E-16,-1.,0.));
#2685=DIRECTION('ref_axis',(1.,1.44560289664734E-16,0.));
#2686=DIRECTION('',(0.0139621803391453,0.,0.999902524009304));
#2687=DIRECTION('center_axis',(1.44560289664734E-16,-1.,0.));
#2688=DIRECTION('ref_axis',(-1.,-1.44560289664734E-16,0.));
#2689=DIRECTION('',(1.,0.,0.));
#2690=DIRECTION('',(0.,0.,1.));
#2691=DIRECTION('',(0.013962180339142,0.,0.999902524009304));
#2692=DIRECTION('center_axis',(1.44560289664734E-16,-1.,0.));
#2693=DIRECTION('ref_axis',(-1.,-1.44560289664734E-16,1.73472347597681E-15));
#2694=DIRECTION('center_axis',(0.,4.17606759362003E-16,1.));
#2695=DIRECTION('ref_axis',(-1.,-2.84975414009913E-17,0.));
#2696=DIRECTION('center_axis',(0.,0.,1.));
#2697=DIRECTION('ref_axis',(-1.,0.,0.));
#2698=DIRECTION('',(-0.712026045985752,-4.0071289457633E-16,-0.70215305300048));
#2699=DIRECTION('center_axis',(0.,0.,-1.));
#2700=DIRECTION('ref_axis',(-1.,-6.12323399573677E-17,0.));
#2701=DIRECTION('center_axis',(0.,0.,-1.));
#2702=DIRECTION('ref_axis',(-1.,-6.12323399573677E-17,0.));
#2703=DIRECTION('center_axis',(0.,0.,1.));
#2704=DIRECTION('ref_axis',(1.,0.,0.));
#2705=DIRECTION('center_axis',(0.,0.,1.));
#2706=DIRECTION('ref_axis',(-1.,-6.12323399573677E-17,0.));
#2707=DIRECTION('center_axis',(0.,0.,1.));
#2708=DIRECTION('ref_axis',(-1.,-6.12323399573677E-17,0.));
#2709=DIRECTION('',(-0.0139621803393615,-1.70987394617172E-18,0.999902524009301));
#2710=DIRECTION('center_axis',(0.,0.,1.));
#2711=DIRECTION('ref_axis',(1.,0.,0.));
#2712=DIRECTION('center_axis',(0.,0.,-1.));
#2713=DIRECTION('ref_axis',(1.,1.78057788017922E-15,0.));
#2714=DIRECTION('',(-2.89064217446766E-16,1.,-4.03636018179318E-18));
#2715=DIRECTION('center_axis',(0.,0.,-1.));
#2716=DIRECTION('ref_axis',(1.,1.78057788017922E-15,0.));
#2717=DIRECTION('center_axis',(0.,0.,-1.));
#2718=DIRECTION('ref_axis',(0.290513035459894,0.956871034271536,0.));
#2719=DIRECTION('',(1.,0.,0.));
#2720=DIRECTION('',(0.,1.,0.));
#2721=DIRECTION('',(-1.,0.,0.));
#2722=DIRECTION('center_axis',(0.,0.,-1.));
#2723=DIRECTION('ref_axis',(0.290591607628492,-0.956847175663851,0.));
#2724=DIRECTION('center_axis',(0.,0.,1.));
#2725=DIRECTION('ref_axis',(1.,0.,0.));
#2726=DIRECTION('center_axis',(0.,4.07630383189201E-16,-1.));
#2727=DIRECTION('ref_axis',(-1.,-2.85049182368032E-17,0.));
#2728=DIRECTION('center_axis',(0.,0.,-1.));
#2729=DIRECTION('ref_axis',(-1.,0.,0.));
#2730=DIRECTION('',(-0.702153052993358,-2.24269316448038E-16,0.712026045992776));
#2731=DIRECTION('center_axis',(0.,0.,-1.));
#2732=DIRECTION('ref_axis',(-1.,0.,0.));
#2733=DIRECTION('center_axis',(0.,0.,1.));
#2734=DIRECTION('ref_axis',(1.,0.,0.));
#2735=DIRECTION('',(1.44560289664734E-16,-1.,0.));
#2736=DIRECTION('',(-1.,-3.33600668457079E-17,0.));
#2737=DIRECTION('center_axis',(0.,0.,-1.));
#2738=DIRECTION('ref_axis',(1.,0.,0.));
#2739=DIRECTION('',(-2.89120579329468E-16,1.,0.));
#2740=DIRECTION('center_axis',(0.,0.,-1.));
#2741=DIRECTION('ref_axis',(1.,0.,0.));
#2742=DIRECTION('',(1.,1.66800334228539E-16,0.));
#2743=DIRECTION('center_axis',(0.,0.,-1.));
#2744=DIRECTION('ref_axis',(1.,0.,0.));
#2745=DIRECTION('center_axis',(0.,0.,-1.));
#2746=DIRECTION('ref_axis',(1.,0.,0.));
#2747=DIRECTION('',(0.707106781186548,-8.65956056235494E-17,0.707106781186547));
#2748=DIRECTION('center_axis',(0.,0.,1.));
#2749=DIRECTION('ref_axis',(1.,0.,0.));
#2750=DIRECTION('center_axis',(0.,0.,1.));
#2751=DIRECTION('ref_axis',(1.,0.,0.));
#2752=DIRECTION('',(0.,0.,1.));
#2753=DIRECTION('center_axis',(0.,0.,-1.));
#2754=DIRECTION('ref_axis',(1.,0.,0.));
#2755=DIRECTION('center_axis',(0.,0.,1.));
#2756=DIRECTION('ref_axis',(1.,0.,0.));
#2757=DIRECTION('',(0.707106781186547,8.65956056235493E-17,-0.707106781186548));
#2758=DIRECTION('center_axis',(3.33568150401424E-17,-0.999902524009304,
-0.0139621803391453));
#2759=DIRECTION('ref_axis',(0.,0.0139621803391453,-0.999902524009304));
#2760=DIRECTION('center_axis',(3.33568150401424E-17,-0.999902524009304,
-0.0139621803391453));
#2761=DIRECTION('ref_axis',(2.0183768341781E-18,-0.0139621803391453,0.999902524009304));
#2762=DIRECTION('',(0.0139608196270576,-0.013960819627058,0.999805076517759));
#2763=DIRECTION('center_axis',(-3.33568150401424E-17,0.999902524009304,
0.0139621803391453));
#2764=DIRECTION('ref_axis',(2.0183768341781E-18,-0.0139621803391453,0.999902524009304));
#2765=DIRECTION('',(-1.,-3.33535635515499E-17,-4.65733867129982E-19));
#2766=DIRECTION('center_axis',(3.33568150401424E-17,-0.999902524009304,
-0.0139621803391453));
#2767=DIRECTION('ref_axis',(2.0183768341781E-18,-0.0139621803391453,0.999902524009304));
#2768=DIRECTION('',(-0.0139608196270584,0.013960819627058,-0.999805076517759));
#2769=DIRECTION('center_axis',(-3.33568150401424E-17,0.999902524009304,
0.0139621803391453));
#2770=DIRECTION('ref_axis',(2.0183768341781E-18,-0.0139621803391453,0.999902524009304));
#2771=DIRECTION('',(-1.,-3.33535635515499E-17,-4.65733867129982E-19));
#2772=DIRECTION('',(0.,0.0139621803391453,-0.999902524009304));
#2773=DIRECTION('center_axis',(-1.44560289664734E-16,1.,0.));
#2774=DIRECTION('ref_axis',(-1.,-1.44560289664734E-16,0.));
#2775=DIRECTION('',(1.44560289664734E-16,-1.,0.));
#2776=DIRECTION('center_axis',(0.,-1.,0.));
#2777=DIRECTION('ref_axis',(0.,0.,-1.));
#2778=DIRECTION('center_axis',(0.,0.,1.));
#2779=DIRECTION('ref_axis',(1.,0.,0.));
#2780=DIRECTION('center_axis',(3.2740668022376E-13,-0.999908988208199,0.0134913046239539));
#2781=DIRECTION('ref_axis',(6.26364407853161E-5,-0.0134913045974885,-0.999908986246715));
#2782=DIRECTION('center_axis',(0.,0.,-1.));
#2783=DIRECTION('ref_axis',(1.,0.,0.));
#2784=DIRECTION('',(-0.0139608723139022,0.999902542273113,0.));
#2785=DIRECTION('center_axis',(1.44560289664734E-16,-1.,0.));
#2786=DIRECTION('ref_axis',(1.,1.44560289664734E-16,0.));
#2787=DIRECTION('',(0.,1.,0.));
#2788=DIRECTION('',(1.44532108723383E-16,-1.,-2.01818009089659E-18));
#2789=DIRECTION('center_axis',(0.,0.,1.));
#2790=DIRECTION('ref_axis',(1.,0.,0.));
#2791=DIRECTION('center_axis',(0.,0.,-1.));
#2792=DIRECTION('ref_axis',(1.,0.,0.));
#2793=DIRECTION('',(0.00401450905270268,0.0141126030930403,-0.999892353281594));
#2794=DIRECTION('',(0.0139621803391453,0.,-0.999902524009304));
#2795=DIRECTION('center_axis',(0.,0.,1.));
#2796=DIRECTION('ref_axis',(1.,0.,0.));
#2797=DIRECTION('',(0.,1.,0.));
#2798=DIRECTION('',(-1.,0.,0.));
#2799=DIRECTION('center_axis',(0.,0.,1.));
#2800=DIRECTION('ref_axis',(1.,0.,0.));
#2801=DIRECTION('center_axis',(0.,0.,1.));
#2802=DIRECTION('ref_axis',(0.290591607628492,-0.956847175663851,0.));
#2803=DIRECTION('',(1.,0.,0.));
#2804=DIRECTION('',(0.,-1.,0.));
#2805=DIRECTION('',(-1.,0.,0.));
#2806=DIRECTION('center_axis',(0.,0.,1.));
#2807=DIRECTION('ref_axis',(0.290513035459894,0.956871034271536,0.));
#2808=DIRECTION('center_axis',(0.999902524009304,1.44546198507284E-16,-0.013962180339142));
#2809=DIRECTION('ref_axis',(-0.013962180339142,-3.85185988877447E-34,-0.999902524009304));
#2810=DIRECTION('',(1.44532108723383E-16,-1.,-2.01818009089611E-18));
#2811=DIRECTION('',(-1.44532108723383E-16,1.,2.01818009089611E-18));
#2812=DIRECTION('center_axis',(-1.44560289664734E-16,1.,0.));
#2813=DIRECTION('ref_axis',(-1.,-1.44560289664734E-16,0.));
#2814=DIRECTION('',(-1.44560289664734E-16,1.,0.));
#2815=DIRECTION('center_axis',(0.,0.,1.));
#2816=DIRECTION('ref_axis',(1.,0.,0.));
#2817=DIRECTION('center_axis',(0.999902524009304,1.44546198507284E-16,-0.0139621803391453));
#2818=DIRECTION('ref_axis',(-0.0139621803391453,0.,-0.999902524009304));
#2819=DIRECTION('center_axis',(-1.66784075200712E-16,0.999902524009304,
-0.0139621803391453));
#2820=DIRECTION('ref_axis',(0.,0.0139621803391453,0.999902524009304));
#2821=DIRECTION('',(0.,0.0139621803391453,0.999902524009304));
#2822=DIRECTION('',(0.000255614552797024,-0.0139621798830092,-0.999902491343088));
#2823=DIRECTION('center_axis',(-0.999902524009304,-2.89092397014567E-16,
-0.0139621803391453));
#2824=DIRECTION('ref_axis',(-0.0139621803391453,7.70371977754894E-34,0.999902524009304));
#2825=DIRECTION('',(0.0139621803391453,0.,-0.999902524009304));
#2826=DIRECTION('center_axis',(0.,0.,1.));
#2827=DIRECTION('ref_axis',(1.,0.,0.));
#2828=DIRECTION('',(-0.00401450905261387,0.0141126030928938,0.999892353281597));
#2829=DIRECTION('center_axis',(-0.00423898185199899,-0.0139620548956016,
0.999893540361148));
#2830=DIRECTION('ref_axis',(8.88178331715064E-13,0.999902524009304,0.0139621803391481));
#2831=DIRECTION('',(0.00423783819668377,0.0139620549632882,-0.999893545207999));
#2832=DIRECTION('center_axis',(1.44560289664734E-16,-1.,0.));
#2833=DIRECTION('ref_axis',(1.,1.44560289664734E-16,0.));
#2834=DIRECTION('center_axis',(0.,0.999902524009304,0.0139621803391453));
#2835=DIRECTION('ref_axis',(0.,-0.0139621803391453,0.999902524009304));
#2836=DIRECTION('',(-0.0139608196270592,0.0139608196270574,-0.999805076517759));
#2837=DIRECTION('center_axis',(-0.999902524009304,0.,0.0139621803391453));
#2838=DIRECTION('ref_axis',(0.0139621803391453,0.,0.999902524009304));
#2839=DIRECTION('',(-0.0139608196270592,-0.0139608196270574,-0.999805076517759));
#2840=DIRECTION('center_axis',(0.,-0.999902524009304,0.0139621803391453));
#2841=DIRECTION('ref_axis',(0.,-0.0139621803391453,-0.999902524009304));
#2842=DIRECTION('',(0.0042396369862454,-0.0139620548568236,-0.999893537584077));
#2843=DIRECTION('center_axis',(0.00424023403063555,-0.0139620548214758,
-0.999893535052871));
#2844=DIRECTION('ref_axis',(3.03460929982896E-13,-0.999902524009304,0.0139621803391424));
#2845=DIRECTION('',(0.,0.,1.));
#2846=DIRECTION('',(0.,0.,1.));
#2847=DIRECTION('',(0.,0.,1.));
#2848=DIRECTION('',(0.,0.,1.));
#2849=DIRECTION('',(0.,0.,1.));
#2850=DIRECTION('',(0.,0.,1.));
#2851=DIRECTION('',(0.,0.,1.));
#2852=DIRECTION('',(0.,0.,1.));
#2853=DIRECTION('',(0.,0.,1.));
#2854=DIRECTION('',(0.,0.,1.));
#2855=DIRECTION('',(0.,0.,1.));
#2856=DIRECTION('',(0.,0.,1.));
#2857=DIRECTION('center_axis',(0.,0.,-1.));
#2858=DIRECTION('ref_axis',(0.168267257625386,0.985741411330189,0.));
#2859=DIRECTION('',(0.,0.,1.));
#2860=DIRECTION('center_axis',(0.,0.,-1.));
#2861=DIRECTION('ref_axis',(0.168267257625386,0.985741411330189,0.));
#2862=DIRECTION('',(0.,0.,1.));
#2863=DIRECTION('',(0.,0.,1.));
#2864=DIRECTION('',(0.,0.,1.));
#2865=DIRECTION('center_axis',(0.,0.,-1.));
#2866=DIRECTION('ref_axis',(-0.196528181007528,0.980498176474527,0.));
#2867=DIRECTION('',(0.,0.,1.));
#2868=DIRECTION('center_axis',(0.,0.,-1.));
#2869=DIRECTION('ref_axis',(-0.196528181007528,0.980498176474527,0.));
#2870=DIRECTION('',(0.,0.,1.));
#2871=DIRECTION('center_axis',(0.,0.,-1.));
#2872=DIRECTION('ref_axis',(0.223426784374175,0.974720714884123,0.));
#2873=DIRECTION('',(0.,0.,1.));
#2874=DIRECTION('center_axis',(0.,0.,-1.));
#2875=DIRECTION('ref_axis',(0.223426784374175,0.974720714884123,0.));
#2876=DIRECTION('',(0.,0.,1.));
#2877=DIRECTION('',(0.,0.,1.));
#2878=DIRECTION('',(0.,0.,1.));
#2879=DIRECTION('center_axis',(0.,0.,-1.));
#2880=DIRECTION('ref_axis',(0.946041061453016,-0.324046771384705,0.));
#2881=DIRECTION('',(0.,0.,1.));
#2882=DIRECTION('center_axis',(0.,0.,-1.));
#2883=DIRECTION('ref_axis',(0.946041061453016,-0.324046771384705,0.));
#2884=DIRECTION('',(0.,0.,1.));
#2885=DIRECTION('center_axis',(0.,1.,0.));
#2886=DIRECTION('ref_axis',(-1.,0.,0.));
#2887=DIRECTION('',(-1.,0.,0.));
#2888=DIRECTION('',(0.,0.,1.));
#2889=DIRECTION('',(-1.,0.,0.));
#2890=DIRECTION('',(0.,0.,1.));
#2891=DIRECTION('center_axis',(0.,0.,1.));
#2892=DIRECTION('ref_axis',(-0.662795731179577,-0.748800252891336,0.));
#2893=DIRECTION('',(0.,0.,1.));
#2894=DIRECTION('center_axis',(0.,0.,1.));
#2895=DIRECTION('ref_axis',(-0.662795731179577,-0.748800252891336,0.));
#2896=DIRECTION('center_axis',(0.,0.,1.));
#2897=DIRECTION('ref_axis',(-0.728466681666186,-0.685081231462559,0.));
#2898=DIRECTION('center_axis',(0.,0.,1.));
#2899=DIRECTION('ref_axis',(-0.728466681666186,-0.685081231462559,0.));
#2900=DIRECTION('',(0.,0.,1.));
#2901=DIRECTION('center_axis',(0.,0.,1.));
#2902=DIRECTION('ref_axis',(-0.728466681666186,-0.685081231462559,0.));
#2903=DIRECTION('',(0.,0.,1.));
#2904=DIRECTION('',(0.,0.,1.));
#2905=DIRECTION('center_axis',(0.,0.,1.));
#2906=DIRECTION('ref_axis',(0.64189174102319,-0.766795274376557,0.));
#2907=DIRECTION('',(0.,0.,1.));
#2908=DIRECTION('center_axis',(0.,0.,1.));
#2909=DIRECTION('ref_axis',(0.64189174102319,-0.766795274376557,0.));
#2910=DIRECTION('',(0.,0.,1.));
#2911=DIRECTION('',(0.,0.,1.));
#2912=DIRECTION('',(0.,0.,1.));
#2913=DIRECTION('center_axis',(0.,0.,1.));
#2914=DIRECTION('ref_axis',(0.859069189033378,-0.511859481160146,0.));
#2915=DIRECTION('',(0.,0.,1.));
#2916=DIRECTION('center_axis',(0.,0.,1.));
#2917=DIRECTION('ref_axis',(0.859069189033378,-0.511859481160146,0.));
#2918=DIRECTION('',(0.,0.,1.));
#2919=DIRECTION('center_axis',(0.,0.,1.));
#2920=DIRECTION('ref_axis',(0.675349428343404,-0.737497898055471,0.));
#2921=DIRECTION('',(0.,0.,1.));
#2922=DIRECTION('center_axis',(0.,0.,1.));
#2923=DIRECTION('ref_axis',(0.675349428343404,-0.737497898055471,0.));
#2924=DIRECTION('center_axis',(0.,0.,1.));
#2925=DIRECTION('ref_axis',(0.123822550407512,0.992304376696273,0.));
#2926=DIRECTION('center_axis',(0.,0.,1.));
#2927=DIRECTION('ref_axis',(0.123822550407512,0.992304376696273,0.));
#2928=DIRECTION('',(0.,0.,1.));
#2929=DIRECTION('center_axis',(0.,0.,1.));
#2930=DIRECTION('ref_axis',(0.123822550407512,0.992304376696273,0.));
#2931=DIRECTION('',(0.,0.,1.));
#2932=DIRECTION('',(0.,0.,1.));
#2933=DIRECTION('center_axis',(0.,0.,1.));
#2934=DIRECTION('ref_axis',(0.642843327339671,-0.765997687003597,0.));
#2935=DIRECTION('',(0.,0.,1.));
#2936=DIRECTION('center_axis',(0.,0.,1.));
#2937=DIRECTION('ref_axis',(0.642843327339671,-0.765997687003597,0.));
#2938=DIRECTION('center_axis',(0.,0.,1.));
#2939=DIRECTION('ref_axis',(-0.657011942440278,-0.753880167858827,0.));
#2940=DIRECTION('',(0.,0.,1.));
#2941=DIRECTION('center_axis',(0.,0.,1.));
#2942=DIRECTION('ref_axis',(-0.657011942440278,-0.753880167858827,0.));
#2943=DIRECTION('',(0.,0.,1.));
#2944=DIRECTION('center_axis',(0.,0.,1.));
#2945=DIRECTION('ref_axis',(0.904668996048981,0.426115016853113,0.));
#2946=DIRECTION('center_axis',(0.,0.,1.));
#2947=DIRECTION('ref_axis',(0.904668996048981,0.426115016853113,0.));
#2948=DIRECTION('',(0.,0.,1.));
#2949=DIRECTION('center_axis',(0.,0.,1.));
#2950=DIRECTION('ref_axis',(0.904668996048981,0.426115016853113,0.));
#2951=DIRECTION('center_axis',(1.37531419147211E-15,-1.,0.));
#2952=DIRECTION('ref_axis',(1.,1.37531419147211E-15,0.));
#2953=DIRECTION('',(1.,1.37531419147211E-15,0.));
#2954=DIRECTION('',(0.,0.,1.));
#2955=DIRECTION('',(1.,1.37531419147211E-15,0.));
#2956=DIRECTION('',(0.,0.,1.));
#2957=DIRECTION('center_axis',(0.,0.,-1.));
#2958=DIRECTION('ref_axis',(-0.294245440456114,0.95572988902241,0.));
#2959=DIRECTION('center_axis',(0.,0.,-1.));
#2960=DIRECTION('ref_axis',(-0.294245440456114,0.95572988902241,0.));
#2961=DIRECTION('center_axis',(0.,0.,1.));
#2962=DIRECTION('ref_axis',(1.,0.,0.));
#2963=DIRECTION('center_axis',(0.,0.,1.));
#2964=DIRECTION('ref_axis',(1.,0.,0.));
#2965=DIRECTION('',(0.,0.,1.));
#2966=DIRECTION('',(1.,0.,0.));
#2967=CARTESIAN_POINT('',(0.,0.,0.));
#2968=CARTESIAN_POINT('',(0.,0.,0.));
#2969=CARTESIAN_POINT('Ctrl Pts',(20.511407490195,-1.,6.77968304524698));
#2970=CARTESIAN_POINT('Ctrl Pts',(20.511407490195,-1.2,6.77968304524698));
#2971=CARTESIAN_POINT('Ctrl Pts',(20.6516904694864,-1.,6.60121130841442));
#2972=CARTESIAN_POINT('Ctrl Pts',(20.6516904694864,-1.2,6.60121130841442));
#2973=CARTESIAN_POINT('Ctrl Pts',(20.6794793459219,-1.,6.56345730242939));
#2974=CARTESIAN_POINT('Ctrl Pts',(20.6794793459219,-1.2,6.56345730242939));
#2975=CARTESIAN_POINT('Ctrl Pts',(20.7111421768882,-1.,6.51479088159536));
#2976=CARTESIAN_POINT('Ctrl Pts',(20.7111421768882,-1.2,6.51479088159536));
#2977=CARTESIAN_POINT('',(20.511407490195,-1.,6.77968304524701));
#2978=CARTESIAN_POINT('',(20.7111421768882,-1.,6.51479088159536));
#2979=CARTESIAN_POINT('Ctrl Pts',(20.511407490195,-1.,6.77968304524698));
#2980=CARTESIAN_POINT('Ctrl Pts',(20.6516904694864,-1.,6.60121130841442));
#2981=CARTESIAN_POINT('Ctrl Pts',(20.6794793459219,-1.,6.56345730242939));
#2982=CARTESIAN_POINT('Ctrl Pts',(20.7111421768882,-1.,6.51479088159536));
#2983=CARTESIAN_POINT('',(20.511407490195,-1.2,6.77968304524701));
#2984=CARTESIAN_POINT('',(20.511407490195,-1.,6.77968304524701));
#2985=CARTESIAN_POINT('',(20.7111421768882,-1.2,6.51479088159536));
#2986=CARTESIAN_POINT('Ctrl Pts',(20.511407490195,-1.2,6.77968304524698));
#2987=CARTESIAN_POINT('Ctrl Pts',(20.6516904694864,-1.2,6.60121130841442));
#2988=CARTESIAN_POINT('Ctrl Pts',(20.6794793459219,-1.2,6.56345730242939));
#2989=CARTESIAN_POINT('Ctrl Pts',(20.7111421768882,-1.2,6.51479088159536));
#2990=CARTESIAN_POINT('',(20.7111421768882,-1.,6.51479088159536));
#2991=CARTESIAN_POINT('Ctrl Pts',(20.4272932236412,-1.,6.84868522973989));
#2992=CARTESIAN_POINT('Ctrl Pts',(20.4272932236412,-1.2,6.84868522973989));
#2993=CARTESIAN_POINT('Ctrl Pts',(20.4310456992896,-1.,6.84568515403114));
#2994=CARTESIAN_POINT('Ctrl Pts',(20.4310456992896,-1.2,6.84568515403114));
#2995=CARTESIAN_POINT('Ctrl Pts',(20.4335696107026,-1.,6.84265548795717));
#2996=CARTESIAN_POINT('Ctrl Pts',(20.4335696107026,-1.2,6.84265548795717));
#2997=CARTESIAN_POINT('Ctrl Pts',(20.4382152277489,-1.,6.83831154118542));
#2998=CARTESIAN_POINT('Ctrl Pts',(20.4382152277489,-1.2,6.83831154118542));
#2999=CARTESIAN_POINT('Ctrl Pts',(20.4392029676982,-1.,6.8375203413281));
#3000=CARTESIAN_POINT('Ctrl Pts',(20.4392029676982,-1.2,6.8375203413281));
#3001=CARTESIAN_POINT('Ctrl Pts',(20.4552213536242,-1.,6.82468928729561));
#3002=CARTESIAN_POINT('Ctrl Pts',(20.4552213536242,-1.2,6.82468928729561));
#3003=CARTESIAN_POINT('Ctrl Pts',(20.4626878526727,-1.,6.81870846918028));
#3004=CARTESIAN_POINT('Ctrl Pts',(20.4626878526727,-1.2,6.81870846918028));
#3005=CARTESIAN_POINT('Ctrl Pts',(20.4839053978792,-1.,6.80171278245897));
#3006=CARTESIAN_POINT('Ctrl Pts',(20.4839053978792,-1.2,6.80171278245897));
#3007=CARTESIAN_POINT('Ctrl Pts',(20.4976564440371,-1.,6.79069791385299));
#3008=CARTESIAN_POINT('Ctrl Pts',(20.4976564440371,-1.2,6.79069791385299));
#3009=CARTESIAN_POINT('Ctrl Pts',(20.511407490195,-1.,6.779683045247));
#3010=CARTESIAN_POINT('Ctrl Pts',(20.511407490195,-1.2,6.779683045247));
#3011=CARTESIAN_POINT('',(20.4272932236412,-1.,6.84868522973989));
#3012=CARTESIAN_POINT('Ctrl Pts',(20.4272932236412,-1.,6.84868522973989));
#3013=CARTESIAN_POINT('Ctrl Pts',(20.4310456992896,-1.,6.84568515403114));
#3014=CARTESIAN_POINT('Ctrl Pts',(20.4335696107026,-1.,6.84265548795717));
#3015=CARTESIAN_POINT('Ctrl Pts',(20.4367853533952,-1.,6.83964856445291));
#3016=CARTESIAN_POINT('Ctrl Pts',(20.4382152277489,-1.,6.83831154118542));
#3017=CARTESIAN_POINT('Ctrl Pts',(20.4392029676982,-1.,6.8375203413281));
#3018=CARTESIAN_POINT('Ctrl Pts',(20.4477548545757,-1.,6.83067010541094));
#3019=CARTESIAN_POINT('Ctrl Pts',(20.4552213536242,-1.,6.82468928729561));
#3020=CARTESIAN_POINT('Ctrl Pts',(20.4626878526727,-1.,6.81870846918028));
#3021=CARTESIAN_POINT('Ctrl Pts',(20.4701543517213,-1.,6.81272765106495));
#3022=CARTESIAN_POINT('Ctrl Pts',(20.4839053978792,-1.,6.80171278245897));
#3023=CARTESIAN_POINT('Ctrl Pts',(20.4976564440371,-1.,6.79069791385299));
#3024=CARTESIAN_POINT('Ctrl Pts',(20.511407490195,-1.,6.779683045247));
#3025=CARTESIAN_POINT('',(20.4272932236412,-1.2,6.84868522973989));
#3026=CARTESIAN_POINT('',(20.4272932236412,-1.,6.84868522973989));
#3027=CARTESIAN_POINT('Ctrl Pts',(20.4272932236412,-1.2,6.84868522973989));
#3028=CARTESIAN_POINT('Ctrl Pts',(20.4310456992896,-1.2,6.84568515403114));
#3029=CARTESIAN_POINT('Ctrl Pts',(20.4335696107026,-1.2,6.84265548795717));
#3030=CARTESIAN_POINT('Ctrl Pts',(20.4367853533952,-1.2,6.83964856445291));
#3031=CARTESIAN_POINT('Ctrl Pts',(20.4382152277489,-1.2,6.83831154118542));
#3032=CARTESIAN_POINT('Ctrl Pts',(20.4392029676982,-1.2,6.8375203413281));
#3033=CARTESIAN_POINT('Ctrl Pts',(20.4477548545757,-1.2,6.83067010541094));
#3034=CARTESIAN_POINT('Ctrl Pts',(20.4552213536242,-1.2,6.82468928729561));
#3035=CARTESIAN_POINT('Ctrl Pts',(20.4626878526727,-1.2,6.81870846918028));
#3036=CARTESIAN_POINT('Ctrl Pts',(20.4701543517213,-1.2,6.81272765106495));
#3037=CARTESIAN_POINT('Ctrl Pts',(20.4839053978792,-1.2,6.80171278245897));
#3038=CARTESIAN_POINT('Ctrl Pts',(20.4976564440371,-1.2,6.79069791385299));
#3039=CARTESIAN_POINT('Ctrl Pts',(20.511407490195,-1.2,6.779683045247));
#3040=CARTESIAN_POINT('Ctrl Pts',(20.0745531265953,-1.,7.09314705224967));
#3041=CARTESIAN_POINT('Ctrl Pts',(20.0745531265953,-1.2,7.09314705224967));
#3042=CARTESIAN_POINT('Ctrl Pts',(20.202331179879,-1.,7.02584253641103));
#3043=CARTESIAN_POINT('Ctrl Pts',(20.202331179879,-1.2,7.02584253641103));
#3044=CARTESIAN_POINT('Ctrl Pts',(20.3212434952476,-1.,6.94381023736929));
#3045=CARTESIAN_POINT('Ctrl Pts',(20.3212434952476,-1.2,6.94381023736929));
#3046=CARTESIAN_POINT('Ctrl Pts',(20.4272932236412,-1.,6.84868522973989));
#3047=CARTESIAN_POINT('Ctrl Pts',(20.4272932236412,-1.2,6.84868522973989));
#3048=CARTESIAN_POINT('',(20.0745531265953,-1.,7.09314705224967));
#3049=CARTESIAN_POINT('Ctrl Pts',(20.0745531265953,-1.,7.09314705224967));
#3050=CARTESIAN_POINT('Ctrl Pts',(20.202331179879,-1.,7.02584253641103));
#3051=CARTESIAN_POINT('Ctrl Pts',(20.3212434952476,-1.,6.94381023736929));
#3052=CARTESIAN_POINT('Ctrl Pts',(20.4272932236412,-1.,6.84868522973989));
#3053=CARTESIAN_POINT('',(20.0745531265953,-1.2,7.09314705224967));
#3054=CARTESIAN_POINT('',(20.0745531265953,-1.,7.09314705224967));
#3055=CARTESIAN_POINT('Ctrl Pts',(20.0745531265953,-1.2,7.09314705224967));
#3056=CARTESIAN_POINT('Ctrl Pts',(20.202331179879,-1.2,7.02584253641103));
#3057=CARTESIAN_POINT('Ctrl Pts',(20.3212434952476,-1.2,6.94381023736929));
#3058=CARTESIAN_POINT('Ctrl Pts',(20.4272932236412,-1.2,6.84868522973989));
#3059=CARTESIAN_POINT('Ctrl Pts',(19.2443227951744,-1.,7.43114725442861));
#3060=CARTESIAN_POINT('Ctrl Pts',(19.2443227951744,-1.2,7.43114725442861));
#3061=CARTESIAN_POINT('Ctrl Pts',(19.9220915024498,-1.,7.23532587381338));
#3062=CARTESIAN_POINT('Ctrl Pts',(19.9220915024498,-1.2,7.23532587381338));
#3063=CARTESIAN_POINT('Ctrl Pts',(20.0771934693077,-1.,7.09474579187369));
#3064=CARTESIAN_POINT('Ctrl Pts',(20.0771934693077,-1.2,7.09474579187369));
#3065=CARTESIAN_POINT('Ctrl Pts',(20.0745531265953,-1.,7.09314705224967));
#3066=CARTESIAN_POINT('Ctrl Pts',(20.0745531265953,-1.2,7.09314705224967));
#3067=CARTESIAN_POINT('',(19.2443227951744,-1.,7.43114725442861));
#3068=CARTESIAN_POINT('Ctrl Pts',(19.2443227951744,-1.,7.43114725442861));
#3069=CARTESIAN_POINT('Ctrl Pts',(19.9220915024498,-1.,7.23532587381338));
#3070=CARTESIAN_POINT('Ctrl Pts',(20.0771934693077,-1.,7.09474579187369));
#3071=CARTESIAN_POINT('Ctrl Pts',(20.0745531265953,-1.,7.09314705224967));
#3072=CARTESIAN_POINT('',(19.2443227951744,-1.2,7.43114725442861));
#3073=CARTESIAN_POINT('',(19.2443227951744,-1.,7.43114725442861));
#3074=CARTESIAN_POINT('Ctrl Pts',(19.2443227951744,-1.2,7.43114725442861));
#3075=CARTESIAN_POINT('Ctrl Pts',(19.9220915024498,-1.2,7.23532587381338));
#3076=CARTESIAN_POINT('Ctrl Pts',(20.0771934693077,-1.2,7.09474579187369));
#3077=CARTESIAN_POINT('Ctrl Pts',(20.0745531265953,-1.2,7.09314705224967));
#3078=CARTESIAN_POINT('Ctrl Pts',(18.3534130280235,-1.,7.07838293405507));
#3079=CARTESIAN_POINT('Ctrl Pts',(18.3534130280235,-1.2,7.07838293405507));
#3080=CARTESIAN_POINT('Ctrl Pts',(18.6263372605064,-1.,7.24311367364858));
#3081=CARTESIAN_POINT('Ctrl Pts',(18.6263372605064,-1.2,7.24311367364858));
#3082=CARTESIAN_POINT('Ctrl Pts',(18.927893466256,-1.,7.34052778573965));
#3083=CARTESIAN_POINT('Ctrl Pts',(18.927893466256,-1.2,7.34052778573965));
#3084=CARTESIAN_POINT('Ctrl Pts',(19.2443227951744,-1.,7.43114725442861));
#3085=CARTESIAN_POINT('Ctrl Pts',(19.2443227951744,-1.2,7.43114725442861));
#3086=CARTESIAN_POINT('',(18.3534130280235,-1.,7.07838293405507));
#3087=CARTESIAN_POINT('Ctrl Pts',(18.3534130280235,-1.,7.07838293405507));
#3088=CARTESIAN_POINT('Ctrl Pts',(18.6263372605064,-1.,7.24311367364858));
#3089=CARTESIAN_POINT('Ctrl Pts',(18.927893466256,-1.,7.34052778573965));
#3090=CARTESIAN_POINT('Ctrl Pts',(19.2443227951744,-1.,7.43114725442861));
#3091=CARTESIAN_POINT('',(18.3534130280235,-1.2,7.07838293405507));
#3092=CARTESIAN_POINT('',(18.3534130280235,-1.,7.07838293405507));
#3093=CARTESIAN_POINT('Ctrl Pts',(18.3534130280235,-1.2,7.07838293405507));
#3094=CARTESIAN_POINT('Ctrl Pts',(18.6263372605064,-1.2,7.24311367364858));
#3095=CARTESIAN_POINT('Ctrl Pts',(18.927893466256,-1.2,7.34052778573965));
#3096=CARTESIAN_POINT('Ctrl Pts',(19.2443227951744,-1.2,7.43114725442861));
#3097=CARTESIAN_POINT('Ctrl Pts',(17.7012241547325,-1.,6.44424043985341));
#3098=CARTESIAN_POINT('Ctrl Pts',(17.7012241547325,-1.2,6.44424043985341));
#3099=CARTESIAN_POINT('Ctrl Pts',(17.8525230591515,-1.,6.71096350046131));
#3100=CARTESIAN_POINT('Ctrl Pts',(17.8525230591515,-1.2,6.71096350046131));
#3101=CARTESIAN_POINT('Ctrl Pts',(18.0808279221275,-1.,6.92927624078726));
#3102=CARTESIAN_POINT('Ctrl Pts',(18.0808279221275,-1.2,6.92927624078726));
#3103=CARTESIAN_POINT('Ctrl Pts',(18.3534130280235,-1.,7.07838293405507));
#3104=CARTESIAN_POINT('Ctrl Pts',(18.3534130280235,-1.2,7.07838293405507));
#3105=CARTESIAN_POINT('',(17.7012241547325,-1.,6.44424043985341));
#3106=CARTESIAN_POINT('Ctrl Pts',(17.7012241547325,-1.,6.44424043985341));
#3107=CARTESIAN_POINT('Ctrl Pts',(17.8525230591515,-1.,6.71096350046131));
#3108=CARTESIAN_POINT('Ctrl Pts',(18.0808279221275,-1.,6.92927624078726));
#3109=CARTESIAN_POINT('Ctrl Pts',(18.3534130280235,-1.,7.07838293405507));
#3110=CARTESIAN_POINT('',(17.7012241547325,-1.2,6.44424043985341));
#3111=CARTESIAN_POINT('',(17.7012241547325,-1.,6.44424043985341));
#3112=CARTESIAN_POINT('Ctrl Pts',(17.7012241547325,-1.2,6.44424043985341));
#3113=CARTESIAN_POINT('Ctrl Pts',(17.8525230591515,-1.2,6.71096350046131));
#3114=CARTESIAN_POINT('Ctrl Pts',(18.0808279221275,-1.2,6.92927624078726));
#3115=CARTESIAN_POINT('Ctrl Pts',(18.3534130280235,-1.2,7.07838293405507));
#3116=CARTESIAN_POINT('Ctrl Pts',(17.5338651840904,-1.,5.99550329538319));
#3117=CARTESIAN_POINT('Ctrl Pts',(17.5338651840904,-1.2,5.99550329538319));
#3118=CARTESIAN_POINT('Ctrl Pts',(17.5659368698814,-1.,6.15643097253774));
#3119=CARTESIAN_POINT('Ctrl Pts',(17.5659368698814,-1.2,6.15643097253774));
#3120=CARTESIAN_POINT('Ctrl Pts',(17.6229343598106,-1.,6.3069547304723));
#3121=CARTESIAN_POINT('Ctrl Pts',(17.6229343598106,-1.2,6.3069547304723));
#3122=CARTESIAN_POINT('Ctrl Pts',(17.7012241547325,-1.,6.44424043985341));
#3123=CARTESIAN_POINT('Ctrl Pts',(17.7012241547325,-1.2,6.44424043985341));
#3124=CARTESIAN_POINT('',(17.5338651840904,-1.,5.99550329538319));
#3125=CARTESIAN_POINT('Ctrl Pts',(17.5338651840904,-1.,5.99550329538319));
#3126=CARTESIAN_POINT('Ctrl Pts',(17.5659368698814,-1.,6.15643097253774));
#3127=CARTESIAN_POINT('Ctrl Pts',(17.6229343598106,-1.,6.3069547304723));
#3128=CARTESIAN_POINT('Ctrl Pts',(17.7012241547325,-1.,6.44424043985341));
#3129=CARTESIAN_POINT('',(17.5338651840904,-1.2,5.99550329538319));
#3130=CARTESIAN_POINT('',(17.5338651840904,-1.,5.99550329538319));
#3131=CARTESIAN_POINT('Ctrl Pts',(17.5338651840904,-1.2,5.99550329538319));
#3132=CARTESIAN_POINT('Ctrl Pts',(17.5659368698814,-1.2,6.15643097253774));
#3133=CARTESIAN_POINT('Ctrl Pts',(17.6229343598106,-1.2,6.3069547304723));
#3134=CARTESIAN_POINT('Ctrl Pts',(17.7012241547325,-1.2,6.44424043985341));
#3135=CARTESIAN_POINT('Ctrl Pts',(17.5172489339433,-1.,5.90103217174478));
#3136=CARTESIAN_POINT('Ctrl Pts',(17.5172489339433,-1.2,5.90103217174478));
#3137=CARTESIAN_POINT('Ctrl Pts',(17.5226217225545,-1.,5.93610053977723));
#3138=CARTESIAN_POINT('Ctrl Pts',(17.5226217225545,-1.2,5.93610053977723));
#3139=CARTESIAN_POINT('Ctrl Pts',(17.5277484263604,-1.,5.96629694454231));
#3140=CARTESIAN_POINT('Ctrl Pts',(17.5277484263604,-1.2,5.96629694454231));
#3141=CARTESIAN_POINT('Ctrl Pts',(17.5338651840904,-1.,5.99550329538319));
#3142=CARTESIAN_POINT('Ctrl Pts',(17.5338651840904,-1.2,5.99550329538319));
#3143=CARTESIAN_POINT('',(17.5172489339433,-1.,5.90103217174478));
#3144=CARTESIAN_POINT('Ctrl Pts',(17.5172489339433,-1.,5.90103217174478));
#3145=CARTESIAN_POINT('Ctrl Pts',(17.5226217225545,-1.,5.93610053977723));
#3146=CARTESIAN_POINT('Ctrl Pts',(17.5277484263604,-1.,5.96629694454231));
#3147=CARTESIAN_POINT('Ctrl Pts',(17.5338651840904,-1.,5.99550329538319));
#3148=CARTESIAN_POINT('',(17.5172489339433,-1.2,5.90103217174478));
#3149=CARTESIAN_POINT('',(17.5172489339433,-1.,5.90103217174478));
#3150=CARTESIAN_POINT('Ctrl Pts',(17.5172489339433,-1.2,5.90103217174478));
#3151=CARTESIAN_POINT('Ctrl Pts',(17.5226217225545,-1.2,5.93610053977723));
#3152=CARTESIAN_POINT('Ctrl Pts',(17.5277484263604,-1.2,5.96629694454231));
#3153=CARTESIAN_POINT('Ctrl Pts',(17.5338651840904,-1.2,5.99550329538319));
#3154=CARTESIAN_POINT('Ctrl Pts',(17.5043369477012,-1.,5.70427833887075));
#3155=CARTESIAN_POINT('Ctrl Pts',(17.5043369477012,-1.2,5.70427833887075));
#3156=CARTESIAN_POINT('Ctrl Pts',(17.5043369477012,-1.,5.75250947959847));
#3157=CARTESIAN_POINT('Ctrl Pts',(17.5043369477012,-1.2,5.75250947959847));
#3158=CARTESIAN_POINT('Ctrl Pts',(17.5074271199162,-1.,5.79100536193758));
#3159=CARTESIAN_POINT('Ctrl Pts',(17.5074271199162,-1.2,5.79100536193758));
#3160=CARTESIAN_POINT('Ctrl Pts',(17.5172489339433,-1.,5.90103217174478));
#3161=CARTESIAN_POINT('Ctrl Pts',(17.5172489339433,-1.2,5.90103217174478));
#3162=CARTESIAN_POINT('',(17.5043369477012,-1.,5.70427833887075));
#3163=CARTESIAN_POINT('Ctrl Pts',(17.5043369477012,-1.,5.70427833887075));
#3164=CARTESIAN_POINT('Ctrl Pts',(17.5043369477012,-1.,5.75250947959847));
#3165=CARTESIAN_POINT('Ctrl Pts',(17.5074271199162,-1.,5.79100536193758));
#3166=CARTESIAN_POINT('Ctrl Pts',(17.5172489339433,-1.,5.90103217174478));
#3167=CARTESIAN_POINT('',(17.5043369477012,-1.2,5.70427833887075));
#3168=CARTESIAN_POINT('',(17.5043369477012,-1.,5.70427833887075));
#3169=CARTESIAN_POINT('Ctrl Pts',(17.5043369477012,-1.2,5.70427833887075));
#3170=CARTESIAN_POINT('Ctrl Pts',(17.5043369477012,-1.2,5.75250947959847));
#3171=CARTESIAN_POINT('Ctrl Pts',(17.5074271199162,-1.2,5.79100536193758));
#3172=CARTESIAN_POINT('Ctrl Pts',(17.5172489339433,-1.2,5.90103217174478));
#3173=CARTESIAN_POINT('Ctrl Pts',(19.228747195504,-1.,4.09718166681265));
#3174=CARTESIAN_POINT('Ctrl Pts',(19.228747195504,-1.2,4.09718166681265));
#3175=CARTESIAN_POINT('Ctrl Pts',(18.3265493576744,-1.,4.09718166681265));
#3176=CARTESIAN_POINT('Ctrl Pts',(18.3265493576744,-1.2,4.09718166681265));
#3177=CARTESIAN_POINT('Ctrl Pts',(17.5059841339805,-1.,4.77308517786002));
#3178=CARTESIAN_POINT('Ctrl Pts',(17.5059841339805,-1.2,4.77308517786002));
#3179=CARTESIAN_POINT('Ctrl Pts',(17.5043369477012,-1.,5.70427833887075));
#3180=CARTESIAN_POINT('Ctrl Pts',(17.5043369477012,-1.2,5.70427833887075));
#3181=CARTESIAN_POINT('',(19.228747195504,-1.,4.09718166681265));
#3182=CARTESIAN_POINT('Ctrl Pts',(19.228747195504,-1.,4.09718166681265));
#3183=CARTESIAN_POINT('Ctrl Pts',(18.3265493576744,-1.,4.09718166681265));
#3184=CARTESIAN_POINT('Ctrl Pts',(17.5059841339805,-1.,4.77308517786002));
#3185=CARTESIAN_POINT('Ctrl Pts',(17.5043369477012,-1.,5.70427833887075));
#3186=CARTESIAN_POINT('',(19.228747195504,-1.2,4.09718166681265));
#3187=CARTESIAN_POINT('',(19.228747195504,-1.,4.09718166681265));
#3188=CARTESIAN_POINT('Ctrl Pts',(19.228747195504,-1.2,4.09718166681265));
#3189=CARTESIAN_POINT('Ctrl Pts',(18.3265493576744,-1.2,4.09718166681265));
#3190=CARTESIAN_POINT('Ctrl Pts',(17.5059841339805,-1.2,4.77308517786002));
#3191=CARTESIAN_POINT('Ctrl Pts',(17.5043369477012,-1.2,5.70427833887075));
#3192=CARTESIAN_POINT('Ctrl Pts',(20.9498630707481,-1.,5.59754140201253));
#3193=CARTESIAN_POINT('Ctrl Pts',(20.9498630707481,-1.2,5.59754140201253));
#3194=CARTESIAN_POINT('Ctrl Pts',(20.9222210777073,-1.,5.35461644726295));
#3195=CARTESIAN_POINT('Ctrl Pts',(20.9222210777073,-1.2,5.35461644726295));
#3196=CARTESIAN_POINT('Ctrl Pts',(20.8871777211023,-1.,5.24365164775379));
#3197=CARTESIAN_POINT('Ctrl Pts',(20.8871777211023,-1.2,5.24365164775379));
#3198=CARTESIAN_POINT('Ctrl Pts',(20.7531508169242,-1.,4.92460380117616));
#3199=CARTESIAN_POINT('Ctrl Pts',(20.7531508169242,-1.2,4.92460380117616));
#3200=CARTESIAN_POINT('Ctrl Pts',(20.6334277279848,-1.,4.75146980949011));
#3201=CARTESIAN_POINT('Ctrl Pts',(20.6334277279848,-1.2,4.75146980949011));
#3202=CARTESIAN_POINT('Ctrl Pts',(20.3185101396118,-1.,4.44119806899305));
#3203=CARTESIAN_POINT('Ctrl Pts',(20.3185101396118,-1.2,4.44119806899305));
#3204=CARTESIAN_POINT('Ctrl Pts',(20.1191755183545,-1.,4.31324066644367));
#3205=CARTESIAN_POINT('Ctrl Pts',(20.1191755183545,-1.2,4.31324066644367));
#3206=CARTESIAN_POINT('Ctrl Pts',(19.688632461586,-1.,4.14145127227149));
#3207=CARTESIAN_POINT('Ctrl Pts',(19.688632461586,-1.2,4.14145127227149));
#3208=CARTESIAN_POINT('Ctrl Pts',(19.4593887248056,-1.,4.09718166681265));
#3209=CARTESIAN_POINT('Ctrl Pts',(19.4593887248056,-1.2,4.09718166681265));
#3210=CARTESIAN_POINT('Ctrl Pts',(19.228747195504,-1.,4.09718166681265));
#3211=CARTESIAN_POINT('Ctrl Pts',(19.228747195504,-1.2,4.09718166681265));
#3212=CARTESIAN_POINT('',(20.9498630707481,-1.,5.59754140201253));
#3213=CARTESIAN_POINT('Ctrl Pts',(20.9498630707481,-1.,5.59754140201253));
#3214=CARTESIAN_POINT('Ctrl Pts',(20.9222210777073,-1.,5.35461644726295));
#3215=CARTESIAN_POINT('Ctrl Pts',(20.8871777211023,-1.,5.24365164775379));
#3216=CARTESIAN_POINT('Ctrl Pts',(20.8341595048879,-1.,5.11744304944054));
#3217=CARTESIAN_POINT('Ctrl Pts',(20.7531508169242,-1.,4.92460380117616));
#3218=CARTESIAN_POINT('Ctrl Pts',(20.6334277279848,-1.,4.75146980949011));
#3219=CARTESIAN_POINT('Ctrl Pts',(20.4844913419361,-1.,4.60473061984561));
#3220=CARTESIAN_POINT('Ctrl Pts',(20.3185101396118,-1.,4.44119806899305));
#3221=CARTESIAN_POINT('Ctrl Pts',(20.1191755183545,-1.,4.31324066644367));
#3222=CARTESIAN_POINT('Ctrl Pts',(19.9025289167994,-1.,4.22679730649275));
#3223=CARTESIAN_POINT('Ctrl Pts',(19.688632461586,-1.,4.14145127227149));
#3224=CARTESIAN_POINT('Ctrl Pts',(19.4593887248056,-1.,4.09718166681265));
#3225=CARTESIAN_POINT('Ctrl Pts',(19.228747195504,-1.,4.09718166681265));
#3226=CARTESIAN_POINT('',(20.9498630707481,-1.2,5.59754140201253));
#3227=CARTESIAN_POINT('',(20.9498630707481,-1.,5.59754140201253));
#3228=CARTESIAN_POINT('Ctrl Pts',(20.9498630707481,-1.2,5.59754140201253));
#3229=CARTESIAN_POINT('Ctrl Pts',(20.9222210777073,-1.2,5.35461644726295));
#3230=CARTESIAN_POINT('Ctrl Pts',(20.8871777211023,-1.2,5.24365164775379));
#3231=CARTESIAN_POINT('Ctrl Pts',(20.8341595048879,-1.2,5.11744304944054));
#3232=CARTESIAN_POINT('Ctrl Pts',(20.7531508169242,-1.2,4.92460380117616));
#3233=CARTESIAN_POINT('Ctrl Pts',(20.6334277279848,-1.2,4.75146980949011));
#3234=CARTESIAN_POINT('Ctrl Pts',(20.4844913419361,-1.2,4.60473061984561));
#3235=CARTESIAN_POINT('Ctrl Pts',(20.3185101396118,-1.2,4.44119806899305));
#3236=CARTESIAN_POINT('Ctrl Pts',(20.1191755183545,-1.2,4.31324066644367));
#3237=CARTESIAN_POINT('Ctrl Pts',(19.9025289167994,-1.2,4.22679730649275));
#3238=CARTESIAN_POINT('Ctrl Pts',(19.688632461586,-1.2,4.14145127227149));
#3239=CARTESIAN_POINT('Ctrl Pts',(19.4593887248056,-1.2,4.09718166681265));
#3240=CARTESIAN_POINT('Ctrl Pts',(19.228747195504,-1.2,4.09718166681265));
#3241=CARTESIAN_POINT('Ctrl Pts',(20.7111421768882,-1.,6.51479088159536));
#3242=CARTESIAN_POINT('Ctrl Pts',(20.7111421768882,-1.2,6.51479088159536));
#3243=CARTESIAN_POINT('Ctrl Pts',(20.7760365323746,-1.,6.41315125931349));
#3244=CARTESIAN_POINT('Ctrl Pts',(20.7760365323746,-1.2,6.41315125931349));
#3245=CARTESIAN_POINT('Ctrl Pts',(20.8287421449874,-1.,6.30456890553041));
#3246=CARTESIAN_POINT('Ctrl Pts',(20.8287421449874,-1.2,6.30456890553041));
#3247=CARTESIAN_POINT('Ctrl Pts',(20.9084258774571,-1.,6.07269087999243));
#3248=CARTESIAN_POINT('Ctrl Pts',(20.9084258774571,-1.2,6.07269087999243));
#3249=CARTESIAN_POINT('Ctrl Pts',(20.9338723158419,-1.,5.95090301079384));
#3250=CARTESIAN_POINT('Ctrl Pts',(20.9338723158419,-1.2,5.95090301079384));
#3251=CARTESIAN_POINT('Ctrl Pts',(20.9507865463967,-1.,5.75048721493992));
#3252=CARTESIAN_POINT('Ctrl Pts',(20.9507865463967,-1.2,5.75048721493992));
#3253=CARTESIAN_POINT('Ctrl Pts',(20.9498630707481,-1.,5.67402631376386));
#3254=CARTESIAN_POINT('Ctrl Pts',(20.9498630707481,-1.2,5.67402631376386));
#3255=CARTESIAN_POINT('Ctrl Pts',(20.9498630707481,-1.,5.59754140201387));
#3256=CARTESIAN_POINT('Ctrl Pts',(20.9498630707481,-1.2,5.59754140201387));
#3257=CARTESIAN_POINT('Ctrl Pts',(20.7111421768882,-1.,6.51479088159536));
#3258=CARTESIAN_POINT('Ctrl Pts',(20.7760365323746,-1.,6.41315125931349));
#3259=CARTESIAN_POINT('Ctrl Pts',(20.8287421449874,-1.,6.30456890553041));
#3260=CARTESIAN_POINT('Ctrl Pts',(20.9084258774571,-1.,6.07269087999243));
#3261=CARTESIAN_POINT('Ctrl Pts',(20.9338723158419,-1.,5.95090301079384));
#3262=CARTESIAN_POINT('Ctrl Pts',(20.9507865463967,-1.,5.75048721493992));
#3263=CARTESIAN_POINT('Ctrl Pts',(20.9498630707481,-1.,5.67402631376386));
#3264=CARTESIAN_POINT('Ctrl Pts',(20.9498630707481,-1.,5.59754140201387));
#3265=CARTESIAN_POINT('Ctrl Pts',(20.7111421768882,-1.2,6.51479088159536));
#3266=CARTESIAN_POINT('Ctrl Pts',(20.7760365323746,-1.2,6.41315125931349));
#3267=CARTESIAN_POINT('Ctrl Pts',(20.8287421449874,-1.2,6.30456890553041));
#3268=CARTESIAN_POINT('Ctrl Pts',(20.9084258774571,-1.2,6.07269087999243));
#3269=CARTESIAN_POINT('Ctrl Pts',(20.9338723158419,-1.2,5.95090301079384));
#3270=CARTESIAN_POINT('Ctrl Pts',(20.9507865463967,-1.2,5.75048721493992));
#3271=CARTESIAN_POINT('Ctrl Pts',(20.9498630707481,-1.2,5.67402631376386));
#3272=CARTESIAN_POINT('Ctrl Pts',(20.9498630707481,-1.2,5.59754140201387));
#3273=CARTESIAN_POINT('Ctrl Pts',(17.7012241547325,-1.,9.56654259057973));
#3274=CARTESIAN_POINT('Ctrl Pts',(17.9292351822234,-1.,9.16448823829545));
#3275=CARTESIAN_POINT('Ctrl Pts',(18.3534130280235,-1.,8.93240009637807));
#3276=CARTESIAN_POINT('Ctrl Pts',(17.7012241547325,-1.2,9.56654259057973));
#3277=CARTESIAN_POINT('Ctrl Pts',(17.9292351822234,-1.2,9.16448823829545));
#3278=CARTESIAN_POINT('Ctrl Pts',(18.3534130280235,-1.2,8.93240009637807));
#3279=CARTESIAN_POINT('',(18.3534130280235,-1.,8.93240009637807));
#3280=CARTESIAN_POINT('',(17.7012241547325,-1.,9.56654259057973));
#3281=CARTESIAN_POINT('Origin',(19.173961706721,-1.,10.2429654860561));
#3282=CARTESIAN_POINT('',(18.3534130280235,-1.2,8.93240009637807));
#3283=CARTESIAN_POINT('',(18.3534130280235,-1.,8.93240009637807));
#3284=CARTESIAN_POINT('',(17.7012241547325,-1.2,9.56654259057973));
#3285=CARTESIAN_POINT('Origin',(19.173961706721,-1.2,10.2429654860561));
#3286=CARTESIAN_POINT('',(17.7012241547325,-1.,9.56654259057973));
#3287=CARTESIAN_POINT('Ctrl Pts',(19.2435234253624,-1.,8.580471480808));
#3288=CARTESIAN_POINT('Ctrl Pts',(19.2435234253624,-1.2,8.580471480808));
#3289=CARTESIAN_POINT('Ctrl Pts',(18.9273121063927,-1.,8.67104250284171));
#3290=CARTESIAN_POINT('Ctrl Pts',(18.9273121063927,-1.2,8.67104250284171));
#3291=CARTESIAN_POINT('Ctrl Pts',(18.6261434738853,-1.,8.76779047342274));
#3292=CARTESIAN_POINT('Ctrl Pts',(18.6261434738853,-1.2,8.76779047342274));
#3293=CARTESIAN_POINT('Ctrl Pts',(18.3534130280235,-1.,8.93240009637807));
#3294=CARTESIAN_POINT('Ctrl Pts',(18.3534130280235,-1.2,8.93240009637807));
#3295=CARTESIAN_POINT('',(19.2435234253624,-1.,8.580471480808));
#3296=CARTESIAN_POINT('Ctrl Pts',(19.2435234253624,-1.,8.580471480808));
#3297=CARTESIAN_POINT('Ctrl Pts',(18.9273121063927,-1.,8.67104250284171));
#3298=CARTESIAN_POINT('Ctrl Pts',(18.6261434738853,-1.,8.76779047342274));
#3299=CARTESIAN_POINT('Ctrl Pts',(18.3534130280235,-1.,8.93240009637807));
#3300=CARTESIAN_POINT('',(19.2435234253624,-1.2,8.580471480808));
#3301=CARTESIAN_POINT('',(19.2435234253624,-1.,8.580471480808));
#3302=CARTESIAN_POINT('Ctrl Pts',(19.2435234253624,-1.2,8.580471480808));
#3303=CARTESIAN_POINT('Ctrl Pts',(18.9273121063927,-1.2,8.67104250284171));
#3304=CARTESIAN_POINT('Ctrl Pts',(18.6261434738853,-1.2,8.76779047342274));
#3305=CARTESIAN_POINT('Ctrl Pts',(18.3534130280235,-1.2,8.93240009637807));
#3306=CARTESIAN_POINT('Ctrl Pts',(20.072905940316,-1.,8.91845957132313));
#3307=CARTESIAN_POINT('Ctrl Pts',(20.072905940316,-1.2,8.91845957132313));
#3308=CARTESIAN_POINT('Ctrl Pts',(20.0760791962364,-1.,8.91640058847404));
#3309=CARTESIAN_POINT('Ctrl Pts',(20.0760791962364,-1.2,8.91640058847404));
#3310=CARTESIAN_POINT('Ctrl Pts',(19.9248045151451,-1.,8.77731024118398));
#3311=CARTESIAN_POINT('Ctrl Pts',(19.9248045151451,-1.2,8.77731024118398));
#3312=CARTESIAN_POINT('Ctrl Pts',(19.2435234253624,-1.,8.580471480808));
#3313=CARTESIAN_POINT('Ctrl Pts',(19.2435234253624,-1.2,8.580471480808));
#3314=CARTESIAN_POINT('',(20.072905940316,-1.,8.91845957132313));
#3315=CARTESIAN_POINT('Ctrl Pts',(20.072905940316,-1.,8.91845957132313));
#3316=CARTESIAN_POINT('Ctrl Pts',(20.0760791962364,-1.,8.91640058847404));
#3317=CARTESIAN_POINT('Ctrl Pts',(19.9248045151451,-1.,8.77731024118398));
#3318=CARTESIAN_POINT('Ctrl Pts',(19.2435234253624,-1.,8.580471480808));
#3319=CARTESIAN_POINT('',(20.072905940316,-1.2,8.91845957132313));
#3320=CARTESIAN_POINT('',(20.072905940316,-1.,8.91845957132313));
#3321=CARTESIAN_POINT('Ctrl Pts',(20.072905940316,-1.2,8.91845957132313));
#3322=CARTESIAN_POINT('Ctrl Pts',(20.0760791962364,-1.2,8.91640058847404));
#3323=CARTESIAN_POINT('Ctrl Pts',(19.9248045151451,-1.2,8.77731024118398));
#3324=CARTESIAN_POINT('Ctrl Pts',(19.2435234253624,-1.2,8.580471480808));
#3325=CARTESIAN_POINT('Ctrl Pts',(20.072905940316,-1.,8.91845957132313));
#3326=CARTESIAN_POINT('Ctrl Pts',(20.2672272444391,-1.,9.02079624414356));
#3327=CARTESIAN_POINT('Ctrl Pts',(20.4256460373619,-1.,9.16293350549672));
#3328=CARTESIAN_POINT('Ctrl Pts',(20.072905940316,-1.2,8.91845957132313));
#3329=CARTESIAN_POINT('Ctrl Pts',(20.2672272444391,-1.2,9.02079624414356));
#3330=CARTESIAN_POINT('Ctrl Pts',(20.4256460373619,-1.2,9.16293350549672));
#3331=CARTESIAN_POINT('',(20.4256460373619,-1.,9.16293350549672));
#3332=CARTESIAN_POINT('Origin',(19.2943720976993,-1.,10.0992781135982));
#3333=CARTESIAN_POINT('',(20.4256460373619,-1.2,9.16293350549672));
#3334=CARTESIAN_POINT('',(20.4256460373619,-1.,9.16293350549672));
#3335=CARTESIAN_POINT('Origin',(19.2943720976993,-1.2,10.0992781135982));
#3336=CARTESIAN_POINT('Ctrl Pts',(20.510749399461,-1.,9.24329221345623));
#3337=CARTESIAN_POINT('Ctrl Pts',(20.510749399461,-1.2,9.24329221345623));
#3338=CARTESIAN_POINT('Ctrl Pts',(20.4890200894286,-1.,9.22294944034964));
#3339=CARTESIAN_POINT('Ctrl Pts',(20.4890200894286,-1.2,9.22294944034964));
#3340=CARTESIAN_POINT('Ctrl Pts',(20.467125855391,-1.,9.20278543654353));
#3341=CARTESIAN_POINT('Ctrl Pts',(20.467125855391,-1.2,9.20278543654353));
#3342=CARTESIAN_POINT('Ctrl Pts',(20.4406473317343,-1.,9.17714284808304));
#3343=CARTESIAN_POINT('Ctrl Pts',(20.4406473317343,-1.2,9.17714284808304));
#3344=CARTESIAN_POINT('Ctrl Pts',(20.4324896237036,-1.,9.16924202379434));
#3345=CARTESIAN_POINT('Ctrl Pts',(20.4324896237036,-1.2,9.16924202379434));
#3346=CARTESIAN_POINT('Ctrl Pts',(20.4256460373619,-1.,9.16293350549672));
#3347=CARTESIAN_POINT('Ctrl Pts',(20.4256460373619,-1.2,9.16293350549672));
#3348=CARTESIAN_POINT('',(20.5107493994283,-1.,9.2432922134746));
#3349=CARTESIAN_POINT('Ctrl Pts',(20.510749399461,-1.,9.24329221345623));
#3350=CARTESIAN_POINT('Ctrl Pts',(20.4890200894286,-1.,9.22294944034964));
#3351=CARTESIAN_POINT('Ctrl Pts',(20.467125855391,-1.,9.20278543654353));
#3352=CARTESIAN_POINT('Ctrl Pts',(20.4406473317343,-1.,9.17714284808304));
#3353=CARTESIAN_POINT('Ctrl Pts',(20.4324896237036,-1.,9.16924202379434));
#3354=CARTESIAN_POINT('Ctrl Pts',(20.4256460373619,-1.,9.16293350549672));
#3355=CARTESIAN_POINT('',(20.5107493994283,-1.2,9.2432922134746));
#3356=CARTESIAN_POINT('',(20.5107493994283,-1.,9.2432922134746));
#3357=CARTESIAN_POINT('Ctrl Pts',(20.510749399461,-1.2,9.24329221345623));
#3358=CARTESIAN_POINT('Ctrl Pts',(20.4890200894286,-1.2,9.22294944034964));
#3359=CARTESIAN_POINT('Ctrl Pts',(20.467125855391,-1.2,9.20278543654353));
#3360=CARTESIAN_POINT('Ctrl Pts',(20.4406473317343,-1.2,9.17714284808304));
#3361=CARTESIAN_POINT('Ctrl Pts',(20.4324896237036,-1.2,9.16924202379434));
#3362=CARTESIAN_POINT('Ctrl Pts',(20.4256460373619,-1.2,9.16293350549672));
#3363=CARTESIAN_POINT('Ctrl Pts',(20.5107493993956,-1.,9.24329221349297));
#3364=CARTESIAN_POINT('Ctrl Pts',(20.860084595545,-1.,9.61274452119197));
#3365=CARTESIAN_POINT('Ctrl Pts',(20.9318166916588,-1.,10.0825600275609));
#3366=CARTESIAN_POINT('Ctrl Pts',(20.5107493993956,-1.2,9.24329221349297));
#3367=CARTESIAN_POINT('Ctrl Pts',(20.860084595545,-1.2,9.61274452119197));
#3368=CARTESIAN_POINT('Ctrl Pts',(20.9318166916588,-1.2,10.0825600275609));
#3369=CARTESIAN_POINT('',(20.9318166916588,-1.,10.0825600275609));
#3370=CARTESIAN_POINT('Origin',(18.0310713471097,-1.,10.6355314376791));
#3371=CARTESIAN_POINT('',(20.9318166916588,-1.2,10.0825600275609));
#3372=CARTESIAN_POINT('',(20.9318166916588,-1.,10.0825600275609));
#3373=CARTESIAN_POINT('Origin',(18.0310713471097,-1.2,10.6355314376791));
#3374=CARTESIAN_POINT('Ctrl Pts',(20.9326104582323,-1.,10.0910151122521));
#3375=CARTESIAN_POINT('Ctrl Pts',(20.9326104582323,-1.2,10.0910151122521));
#3376=CARTESIAN_POINT('Ctrl Pts',(20.9323539109342,-1.,10.0862436432927));
#3377=CARTESIAN_POINT('Ctrl Pts',(20.9323539109342,-1.2,10.0862436432927));
#3378=CARTESIAN_POINT('Ctrl Pts',(20.9320965260239,-1.,10.0843906106994));
#3379=CARTESIAN_POINT('Ctrl Pts',(20.9320965260239,-1.2,10.0843906106994));
#3380=CARTESIAN_POINT('Ctrl Pts',(20.9318166916588,-1.,10.0825600275609));
#3381=CARTESIAN_POINT('Ctrl Pts',(20.9318166916588,-1.2,10.0825600275609));
#3382=CARTESIAN_POINT('',(20.9326073090298,-1.,10.0910152815751));
#3383=CARTESIAN_POINT('Ctrl Pts',(20.9326104582323,-1.,10.0910151122521));
#3384=CARTESIAN_POINT('Ctrl Pts',(20.9323539109342,-1.,10.0862436432927));
#3385=CARTESIAN_POINT('Ctrl Pts',(20.9320965260239,-1.,10.0843906106994));
#3386=CARTESIAN_POINT('Ctrl Pts',(20.9318166916588,-1.,10.0825600275609));
#3387=CARTESIAN_POINT('',(20.9326073090298,-1.2,10.0910152815751));
#3388=CARTESIAN_POINT('',(20.9326073090298,-1.,10.0910152815751));
#3389=CARTESIAN_POINT('Ctrl Pts',(20.9326104582323,-1.2,10.0910151122521));
#3390=CARTESIAN_POINT('Ctrl Pts',(20.9323539109342,-1.2,10.0862436432927));
#3391=CARTESIAN_POINT('Ctrl Pts',(20.9320965260239,-1.2,10.0843906106994));
#3392=CARTESIAN_POINT('Ctrl Pts',(20.9318166916588,-1.2,10.0825600275609));
#3393=CARTESIAN_POINT('Ctrl Pts',(20.9326402847984,-1.,10.0915832171056));
#3394=CARTESIAN_POINT('Ctrl Pts',(20.9326402847984,-1.2,10.0915832171056));
#3395=CARTESIAN_POINT('Ctrl Pts',(20.932779169943,-1.,10.0897975509608));
#3396=CARTESIAN_POINT('Ctrl Pts',(20.932779169943,-1.2,10.0897975509608));
#3397=CARTESIAN_POINT('Ctrl Pts',(20.9325930338775,-1.,10.0902139035144));
#3398=CARTESIAN_POINT('Ctrl Pts',(20.9325930338775,-1.2,10.0902139035144));
#3399=CARTESIAN_POINT('Ctrl Pts',(20.9326009995963,-1.,10.0910153442861));
#3400=CARTESIAN_POINT('Ctrl Pts',(20.9326009995963,-1.2,10.0910153442861));
#3401=CARTESIAN_POINT('',(20.9326402847984,-1.,10.0915832171056));
#3402=CARTESIAN_POINT('Ctrl Pts',(20.9326402847984,-1.,10.0915832171056));
#3403=CARTESIAN_POINT('Ctrl Pts',(20.932779169943,-1.,10.0897975509608));
#3404=CARTESIAN_POINT('Ctrl Pts',(20.9325930338775,-1.,10.0902139035144));
#3405=CARTESIAN_POINT('Ctrl Pts',(20.9326009995963,-1.,10.0910153442861));
#3406=CARTESIAN_POINT('',(20.9326402847984,-1.2,10.0915832171056));
#3407=CARTESIAN_POINT('',(20.9326402847984,-1.,10.0915832171056));
#3408=CARTESIAN_POINT('Ctrl Pts',(20.9326402847984,-1.2,10.0915832171056));
#3409=CARTESIAN_POINT('Ctrl Pts',(20.932779169943,-1.2,10.0897975509608));
#3410=CARTESIAN_POINT('Ctrl Pts',(20.9325930338775,-1.2,10.0902139035144));
#3411=CARTESIAN_POINT('Ctrl Pts',(20.9326009995963,-1.2,10.0910153442861));
#3412=CARTESIAN_POINT('Ctrl Pts',(20.9408519928673,-1.,10.1645923266027));
#3413=CARTESIAN_POINT('Ctrl Pts',(20.9408519928673,-1.2,10.1645923266027));
#3414=CARTESIAN_POINT('Ctrl Pts',(20.9376545136192,-1.,10.1401631006811));
#3415=CARTESIAN_POINT('Ctrl Pts',(20.9376545136192,-1.2,10.1401631006811));
#3416=CARTESIAN_POINT('Ctrl Pts',(20.9358135407188,-1.,10.1156006464574));
#3417=CARTESIAN_POINT('Ctrl Pts',(20.9358135407188,-1.2,10.1156006464574));
#3418=CARTESIAN_POINT('Ctrl Pts',(20.9326402847984,-1.,10.0915832171056));
#3419=CARTESIAN_POINT('Ctrl Pts',(20.9326402847984,-1.2,10.0915832171056));
#3420=CARTESIAN_POINT('',(20.9408519928673,-1.,10.1645923266027));
#3421=CARTESIAN_POINT('Ctrl Pts',(20.9408519928673,-1.,10.1645923266027));
#3422=CARTESIAN_POINT('Ctrl Pts',(20.9376545136192,-1.,10.1401631006811));
#3423=CARTESIAN_POINT('Ctrl Pts',(20.9358135407188,-1.,10.1156006464574));
#3424=CARTESIAN_POINT('Ctrl Pts',(20.9326402847984,-1.,10.0915832171056));
#3425=CARTESIAN_POINT('',(20.9408519928673,-1.2,10.1645923266027));
#3426=CARTESIAN_POINT('',(20.9408519928673,-1.,10.1645923266027));
#3427=CARTESIAN_POINT('Ctrl Pts',(20.9408519928673,-1.2,10.1645923266027));
#3428=CARTESIAN_POINT('Ctrl Pts',(20.9376545136192,-1.2,10.1401631006811));
#3429=CARTESIAN_POINT('Ctrl Pts',(20.9358135407188,-1.2,10.1156006464574));
#3430=CARTESIAN_POINT('Ctrl Pts',(20.9326402847984,-1.2,10.0915832171056));
#3431=CARTESIAN_POINT('Ctrl Pts',(20.9457555523932,-1.,10.2045425221298));
#3432=CARTESIAN_POINT('Ctrl Pts',(20.9457555523932,-1.2,10.2045425221298));
#3433=CARTESIAN_POINT('Ctrl Pts',(20.9448482356955,-1.,10.1883445776083));
#3434=CARTESIAN_POINT('Ctrl Pts',(20.9448482356955,-1.2,10.1883445776083));
#3435=CARTESIAN_POINT('Ctrl Pts',(20.9424185122154,-1.,10.1766063249877));
#3436=CARTESIAN_POINT('Ctrl Pts',(20.9424185122154,-1.2,10.1766063249877));
#3437=CARTESIAN_POINT('Ctrl Pts',(20.9408519928673,-1.,10.1645923266027));
#3438=CARTESIAN_POINT('Ctrl Pts',(20.9408519928673,-1.2,10.1645923266027));
#3439=CARTESIAN_POINT('',(20.945755279724,-1.,10.2045425374031));
#3440=CARTESIAN_POINT('Ctrl Pts',(20.9457555523932,-1.,10.2045425221298));
#3441=CARTESIAN_POINT('Ctrl Pts',(20.9448482356955,-1.,10.1883445776083));
#3442=CARTESIAN_POINT('Ctrl Pts',(20.9424185122154,-1.,10.1766063249877));
#3443=CARTESIAN_POINT('Ctrl Pts',(20.9408519928673,-1.,10.1645923266027));
#3444=CARTESIAN_POINT('',(20.945755279724,-1.2,10.2045425374031));
#3445=CARTESIAN_POINT('',(20.945755279724,-1.,10.2045425374031));
#3446=CARTESIAN_POINT('Ctrl Pts',(20.9457555523932,-1.2,10.2045425221298));
#3447=CARTESIAN_POINT('Ctrl Pts',(20.9448482356955,-1.2,10.1883445776083));
#3448=CARTESIAN_POINT('Ctrl Pts',(20.9424185122154,-1.2,10.1766063249877));
#3449=CARTESIAN_POINT('Ctrl Pts',(20.9408519928673,-1.2,10.1645923266027));
#3450=CARTESIAN_POINT('Ctrl Pts',(20.9457693283775,-1.,10.2047909388158));
#3451=CARTESIAN_POINT('Ctrl Pts',(20.9457693283775,-1.2,10.2047909388158));
#3452=CARTESIAN_POINT('Ctrl Pts',(20.9458603235416,-1.,10.2022771974091));
#3453=CARTESIAN_POINT('Ctrl Pts',(20.9458603235416,-1.2,10.2022771974091));
#3454=CARTESIAN_POINT('Ctrl Pts',(20.9456949505467,-1.,10.2032778361812));
#3455=CARTESIAN_POINT('Ctrl Pts',(20.9456949505467,-1.2,10.2032778361812));
#3456=CARTESIAN_POINT('Ctrl Pts',(20.9457547341245,-1.,10.2045425631936));
#3457=CARTESIAN_POINT('Ctrl Pts',(20.9457547341245,-1.2,10.2045425631936));
#3458=CARTESIAN_POINT('',(20.9457693283775,-1.,10.2047909388158));
#3459=CARTESIAN_POINT('Ctrl Pts',(20.9457693283775,-1.,10.2047909388158));
#3460=CARTESIAN_POINT('Ctrl Pts',(20.9458603235416,-1.,10.2022771974091));
#3461=CARTESIAN_POINT('Ctrl Pts',(20.9456949505467,-1.,10.2032778361812));
#3462=CARTESIAN_POINT('Ctrl Pts',(20.9457547341245,-1.,10.2045425631936));
#3463=CARTESIAN_POINT('',(20.9457693283775,-1.2,10.2047909388158));
#3464=CARTESIAN_POINT('',(20.9457693283775,-1.,10.2047909388158));
#3465=CARTESIAN_POINT('Ctrl Pts',(20.9457693283775,-1.2,10.2047909388158));
#3466=CARTESIAN_POINT('Ctrl Pts',(20.9458603235416,-1.2,10.2022771974091));
#3467=CARTESIAN_POINT('Ctrl Pts',(20.9456949505467,-1.2,10.2032778361812));
#3468=CARTESIAN_POINT('Ctrl Pts',(20.9457547341245,-1.2,10.2045425631936));
#3469=CARTESIAN_POINT('Ctrl Pts',(20.9457693283775,-1.,10.2047909388158));
#3470=CARTESIAN_POINT('Ctrl Pts',(20.9490395225117,-1.,10.2577421426779));
#3471=CARTESIAN_POINT('Ctrl Pts',(20.9490394776085,-1.,10.3073403963659));
#3472=CARTESIAN_POINT('Ctrl Pts',(20.9457693283775,-1.2,10.2047909388158));
#3473=CARTESIAN_POINT('Ctrl Pts',(20.9490395225117,-1.2,10.2577421426779));
#3474=CARTESIAN_POINT('Ctrl Pts',(20.9490394776085,-1.2,10.3073403963659));
#3475=CARTESIAN_POINT('',(20.9490394776085,-1.,10.3073403963659));
#3476=CARTESIAN_POINT('Origin',(20.3784355702976,-1.,9.67270643150129));
#3477=CARTESIAN_POINT('',(20.9490394776085,-1.2,10.3073403963659));
#3478=CARTESIAN_POINT('',(20.9490394776085,-1.,10.3073403963659));
#3479=CARTESIAN_POINT('Origin',(20.3784355702976,-1.2,9.67270643150129));
#3480=CARTESIAN_POINT('Ctrl Pts',(20.1089986984947,-1.,11.6839157709691));
#3481=CARTESIAN_POINT('Ctrl Pts',(20.1089986984947,-1.2,11.6839157709691));
#3482=CARTESIAN_POINT('Ctrl Pts',(20.6002962296226,-1.,11.4100468287084));
#3483=CARTESIAN_POINT('Ctrl Pts',(20.6002962296226,-1.2,11.4100468287084));
#3484=CARTESIAN_POINT('Ctrl Pts',(20.9490394776085,-1.,10.9132748255346));
#3485=CARTESIAN_POINT('Ctrl Pts',(20.9490394776085,-1.2,10.9132748255346));
#3486=CARTESIAN_POINT('Ctrl Pts',(20.9490394776085,-1.,10.3073403963659));
#3487=CARTESIAN_POINT('Ctrl Pts',(20.9490394776085,-1.2,10.3073403963659));
#3488=CARTESIAN_POINT('',(20.1089986984947,-1.,11.6839157709691));
#3489=CARTESIAN_POINT('Ctrl Pts',(20.1089986984947,-1.,11.6839157709691));
#3490=CARTESIAN_POINT('Ctrl Pts',(20.6002962296226,-1.,11.4100468287084));
#3491=CARTESIAN_POINT('Ctrl Pts',(20.9490394776085,-1.,10.9132748255346));
#3492=CARTESIAN_POINT('Ctrl Pts',(20.9490394776085,-1.,10.3073403963659));
#3493=CARTESIAN_POINT('',(20.1089986984947,-1.2,11.6839157709691));
#3494=CARTESIAN_POINT('',(20.1089986984947,-1.,11.6839157709691));
#3495=CARTESIAN_POINT('Ctrl Pts',(20.1089986984947,-1.2,11.6839157709691));
#3496=CARTESIAN_POINT('Ctrl Pts',(20.6002962296226,-1.2,11.4100468287084));
#3497=CARTESIAN_POINT('Ctrl Pts',(20.9490394776085,-1.2,10.9132748255346));
#3498=CARTESIAN_POINT('Ctrl Pts',(20.9490394776085,-1.2,10.3073403963659));
#3499=CARTESIAN_POINT('Origin',(20.1089986984947,-1.,12.9185545572851));
#3500=CARTESIAN_POINT('',(20.1089986984947,-1.,12.9185545572851));
#3501=CARTESIAN_POINT('',(20.1089986984947,-1.,11.9018596822098));
#3502=CARTESIAN_POINT('',(20.1089986984947,-1.2,12.9185545572851));
#3503=CARTESIAN_POINT('',(20.1089986984947,-1.,12.9185545572851));
#3504=CARTESIAN_POINT('',(20.1089986984947,-1.2,12.9185545572851));
#3505=CARTESIAN_POINT('Ctrl Pts',(21.9539929840395,-1.,10.7030695482172));
#3506=CARTESIAN_POINT('Ctrl Pts',(21.9539929840395,-1.2,10.7030695482172));
#3507=CARTESIAN_POINT('Ctrl Pts',(21.9314426443414,-1.,10.8778790454537));
#3508=CARTESIAN_POINT('Ctrl Pts',(21.9314426443414,-1.2,10.8778790454537));
#3509=CARTESIAN_POINT('Ctrl Pts',(21.8932757316699,-1.,11.049454371655));
#3510=CARTESIAN_POINT('Ctrl Pts',(21.8932757316699,-1.2,11.049454371655));
#3511=CARTESIAN_POINT('Ctrl Pts',(21.8391324516633,-1.,11.2158716910579));
#3512=CARTESIAN_POINT('Ctrl Pts',(21.8391324516633,-1.2,11.2158716910579));
#3513=CARTESIAN_POINT('Ctrl Pts',(21.5794384808288,-1.,12.0140792338242));
#3514=CARTESIAN_POINT('Ctrl Pts',(21.5794384808288,-1.2,12.0140792338242));
#3515=CARTESIAN_POINT('Ctrl Pts',(20.9169468628274,-1.,12.6664615191265));
#3516=CARTESIAN_POINT('Ctrl Pts',(20.9169468628274,-1.2,12.6664615191265));
#3517=CARTESIAN_POINT('Ctrl Pts',(20.1089986984947,-1.,12.9185545572851));
#3518=CARTESIAN_POINT('Ctrl Pts',(20.1089986984947,-1.2,12.9185545572851));
#3519=CARTESIAN_POINT('',(21.9539929840395,-1.,10.7030695482172));
#3520=CARTESIAN_POINT('Ctrl Pts',(21.9539929840395,-1.,10.7030695482172));
#3521=CARTESIAN_POINT('Ctrl Pts',(21.9314426443414,-1.,10.8778790454537));
#3522=CARTESIAN_POINT('Ctrl Pts',(21.8932757316699,-1.,11.049454371655));
#3523=CARTESIAN_POINT('Ctrl Pts',(21.8391324516633,-1.,11.2158716910579));
#3524=CARTESIAN_POINT('Ctrl Pts',(21.5794384808288,-1.,12.0140792338242));
#3525=CARTESIAN_POINT('Ctrl Pts',(20.9169468628274,-1.,12.6664615191265));
#3526=CARTESIAN_POINT('Ctrl Pts',(20.1089986984947,-1.,12.9185545572851));
#3527=CARTESIAN_POINT('',(21.9539929840395,-1.2,10.7030695482172));
#3528=CARTESIAN_POINT('',(21.9539929840395,-1.,10.7030695482172));
#3529=CARTESIAN_POINT('Ctrl Pts',(21.9539929840395,-1.2,10.7030695482172));
#3530=CARTESIAN_POINT('Ctrl Pts',(21.9314426443414,-1.2,10.8778790454537));
#3531=CARTESIAN_POINT('Ctrl Pts',(21.8932757316699,-1.2,11.049454371655));
#3532=CARTESIAN_POINT('Ctrl Pts',(21.8391324516633,-1.2,11.2158716910579));
#3533=CARTESIAN_POINT('Ctrl Pts',(21.5794384808288,-1.2,12.0140792338242));
#3534=CARTESIAN_POINT('Ctrl Pts',(20.9169468628274,-1.2,12.6664615191265));
#3535=CARTESIAN_POINT('Ctrl Pts',(20.1089986984947,-1.2,12.9185545572851));
#3536=CARTESIAN_POINT('Ctrl Pts',(21.1262331192711,-1.,8.29826971384024));
#3537=CARTESIAN_POINT('Ctrl Pts',(22.1362294735414,-1.,9.22703280559936));
#3538=CARTESIAN_POINT('Ctrl Pts',(21.9539929840395,-1.,10.7030695482172));
#3539=CARTESIAN_POINT('Ctrl Pts',(21.1262331192711,-1.2,8.29826971384024));
#3540=CARTESIAN_POINT('Ctrl Pts',(22.1362294735414,-1.2,9.22703280559936));
#3541=CARTESIAN_POINT('Ctrl Pts',(21.9539929840395,-1.2,10.7030695482172));
#3542=CARTESIAN_POINT('',(21.1262331192711,-1.,8.29826971384024));
#3543=CARTESIAN_POINT('Origin',(18.6837815684213,-1.,10.8118186796878));
#3544=CARTESIAN_POINT('',(21.1262331192711,-1.2,8.29826971384024));
#3545=CARTESIAN_POINT('',(21.1262331192711,-1.,8.29826971384024));
#3546=CARTESIAN_POINT('Origin',(18.6837815684213,-1.2,10.8118186796878));
#3547=CARTESIAN_POINT('Origin',(19.3958948956513,-1.,10.1381883775431));
#3548=CARTESIAN_POINT('',(20.7488821213463,-1.,8.00539757104847));
#3549=CARTESIAN_POINT('Origin',(19.3958948956513,-1.,10.1381883775431));
#3550=CARTESIAN_POINT('',(20.7488821213463,-1.2,8.00539757104847));
#3551=CARTESIAN_POINT('',(20.7488821213463,-1.,8.00539757104847));
#3552=CARTESIAN_POINT('Origin',(19.3958948956513,-1.2,10.1381883775431));
#3553=CARTESIAN_POINT('Ctrl Pts',(21.116760260166,-1.,7.72284228601006));
#3554=CARTESIAN_POINT('Ctrl Pts',(21.116760260166,-1.2,7.72284228601006));
#3555=CARTESIAN_POINT('Ctrl Pts',(21.0006085818735,-1.,7.82915989356854));
#3556=CARTESIAN_POINT('Ctrl Pts',(21.0006085818735,-1.2,7.82915989356854));
#3557=CARTESIAN_POINT('Ctrl Pts',(20.8787665702023,-1.,7.92309350578447));
#3558=CARTESIAN_POINT('Ctrl Pts',(20.8787665702023,-1.2,7.92309350578447));
#3559=CARTESIAN_POINT('Ctrl Pts',(20.7488821213463,-1.,8.00539757104847));
#3560=CARTESIAN_POINT('Ctrl Pts',(20.7488821213463,-1.2,8.00539757104847));
#3561=CARTESIAN_POINT('',(21.116760260166,-1.,7.72284228601006));
#3562=CARTESIAN_POINT('Ctrl Pts',(21.116760260166,-1.,7.72284228601006));
#3563=CARTESIAN_POINT('Ctrl Pts',(21.0006085818735,-1.,7.82915989356854));
#3564=CARTESIAN_POINT('Ctrl Pts',(20.8787665702023,-1.,7.92309350578447));
#3565=CARTESIAN_POINT('Ctrl Pts',(20.7488821213463,-1.,8.00539757104847));
#3566=CARTESIAN_POINT('',(21.116760260166,-1.2,7.72284228601006));
#3567=CARTESIAN_POINT('',(21.116760260166,-1.,7.72284228601006));
#3568=CARTESIAN_POINT('Ctrl Pts',(21.116760260166,-1.2,7.72284228601006));
#3569=CARTESIAN_POINT('Ctrl Pts',(21.0006085818735,-1.2,7.82915989356854));
#3570=CARTESIAN_POINT('Ctrl Pts',(20.8787665702023,-1.2,7.92309350578447));
#3571=CARTESIAN_POINT('Ctrl Pts',(20.7488821213463,-1.2,8.00539757104847));
#3572=CARTESIAN_POINT('Ctrl Pts',(21.1886081879356,-1.,7.65345684381459));
#3573=CARTESIAN_POINT('Ctrl Pts',(21.1886081879356,-1.2,7.65345684381459));
#3574=CARTESIAN_POINT('Ctrl Pts',(21.1657539553174,-1.,7.677669788433));
#3575=CARTESIAN_POINT('Ctrl Pts',(21.1657539553174,-1.2,7.677669788433));
#3576=CARTESIAN_POINT('Ctrl Pts',(21.1407306353789,-1.,7.69971832235121));
#3577=CARTESIAN_POINT('Ctrl Pts',(21.1407306353789,-1.2,7.69971832235121));
#3578=CARTESIAN_POINT('Ctrl Pts',(21.116760260166,-1.,7.72284228601006));
#3579=CARTESIAN_POINT('Ctrl Pts',(21.116760260166,-1.2,7.72284228601006));
#3580=CARTESIAN_POINT('',(21.1886081879356,-1.,7.65345684381459));
#3581=CARTESIAN_POINT('Ctrl Pts',(21.1886081879356,-1.,7.65345684381459));
#3582=CARTESIAN_POINT('Ctrl Pts',(21.1657539553174,-1.,7.677669788433));
#3583=CARTESIAN_POINT('Ctrl Pts',(21.1407306353789,-1.,7.69971832235121));
#3584=CARTESIAN_POINT('Ctrl Pts',(21.116760260166,-1.,7.72284228601006));
#3585=CARTESIAN_POINT('',(21.1886081879356,-1.2,7.65345684381459));
#3586=CARTESIAN_POINT('',(21.1886081879356,-1.,7.65345684381459));
#3587=CARTESIAN_POINT('Ctrl Pts',(21.1886081879356,-1.2,7.65345684381459));
#3588=CARTESIAN_POINT('Ctrl Pts',(21.1657539553174,-1.2,7.677669788433));
#3589=CARTESIAN_POINT('Ctrl Pts',(21.1407306353789,-1.2,7.69971832235121));
#3590=CARTESIAN_POINT('Ctrl Pts',(21.116760260166,-1.2,7.72284228601006));
#3591=CARTESIAN_POINT('Ctrl Pts',(21.8743798899006,-1.,6.47555658240389));
#3592=CARTESIAN_POINT('Ctrl Pts',(21.682498642809,-1.,7.16533050433444));
#3593=CARTESIAN_POINT('Ctrl Pts',(21.1886081879356,-1.,7.65345684381459));
#3594=CARTESIAN_POINT('Ctrl Pts',(21.8743798899006,-1.2,6.47555658240389));
#3595=CARTESIAN_POINT('Ctrl Pts',(21.682498642809,-1.2,7.16533050433444));
#3596=CARTESIAN_POINT('Ctrl Pts',(21.1886081879356,-1.2,7.65345684381459));
#3597=CARTESIAN_POINT('',(21.8743800413607,-1.,6.47555664950239));
#3598=CARTESIAN_POINT('Origin',(18.2340655180884,-1.,4.86285698722229));
#3599=CARTESIAN_POINT('',(21.8743800413607,-1.2,6.47555664950239));
#3600=CARTESIAN_POINT('',(21.8743800413607,-1.,6.47555664950239));
#3601=CARTESIAN_POINT('Origin',(18.2340655180884,-1.2,4.86285698722229));
#3602=CARTESIAN_POINT('Ctrl Pts',(21.8744190399864,-1.,6.47541586252187));
#3603=CARTESIAN_POINT('Ctrl Pts',(21.8744190399864,-1.2,6.47541586252187));
#3604=CARTESIAN_POINT('Ctrl Pts',(21.8738479460862,-1.,6.47684359727233));
#3605=CARTESIAN_POINT('Ctrl Pts',(21.8738479460862,-1.2,6.47684359727233));
#3606=CARTESIAN_POINT('Ctrl Pts',(21.8741601051003,-1.,6.4763217127851));
#3607=CARTESIAN_POINT('Ctrl Pts',(21.8741601051003,-1.2,6.4763217127851));
#3608=CARTESIAN_POINT('Ctrl Pts',(21.8743803563764,-1.,6.47555674020188));
#3609=CARTESIAN_POINT('Ctrl Pts',(21.8743803563764,-1.2,6.47555674020188));
#3610=CARTESIAN_POINT('',(21.8744190399864,-1.,6.47541586252187));
#3611=CARTESIAN_POINT('Ctrl Pts',(21.8744190399864,-1.,6.47541586252187));
#3612=CARTESIAN_POINT('Ctrl Pts',(21.8738479460862,-1.,6.47684359727233));
#3613=CARTESIAN_POINT('Ctrl Pts',(21.8741601051003,-1.,6.47632171278511));
#3614=CARTESIAN_POINT('Ctrl Pts',(21.8743803563764,-1.,6.47555674020188));
#3615=CARTESIAN_POINT('',(21.8744190399864,-1.2,6.47541586252187));
#3616=CARTESIAN_POINT('',(21.8744190399864,-1.,6.47541586252187));
#3617=CARTESIAN_POINT('Ctrl Pts',(21.8744190399864,-1.2,6.47541586252187));
#3618=CARTESIAN_POINT('Ctrl Pts',(21.8738479460862,-1.2,6.47684359727233));
#3619=CARTESIAN_POINT('Ctrl Pts',(21.8741601051003,-1.2,6.47632171278511));
#3620=CARTESIAN_POINT('Ctrl Pts',(21.8743803563764,-1.2,6.47555674020188));
#3621=CARTESIAN_POINT('Ctrl Pts',(21.954699267624,-1.,6.07382881607263));
#3622=CARTESIAN_POINT('Ctrl Pts',(21.954699267624,-1.2,6.07382881607263));
#3623=CARTESIAN_POINT('Ctrl Pts',(21.9444982684861,-1.,6.14590016082222));
#3624=CARTESIAN_POINT('Ctrl Pts',(21.9444982684861,-1.2,6.14590016082222));
#3625=CARTESIAN_POINT('Ctrl Pts',(21.9418531792984,-1.,6.162717813218));
#3626=CARTESIAN_POINT('Ctrl Pts',(21.9418531792984,-1.2,6.162717813218));
#3627=CARTESIAN_POINT('Ctrl Pts',(21.9223526078412,-1.,6.2813779046003));
#3628=CARTESIAN_POINT('Ctrl Pts',(21.9223526078412,-1.2,6.2813779046003));
#3629=CARTESIAN_POINT('Ctrl Pts',(21.9009982708209,-1.,6.37894197241831));
#3630=CARTESIAN_POINT('Ctrl Pts',(21.9009982708209,-1.2,6.37894197241831));
#3631=CARTESIAN_POINT('Ctrl Pts',(21.8744190399864,-1.,6.47541586252187));
#3632=CARTESIAN_POINT('Ctrl Pts',(21.8744190399864,-1.2,6.47541586252187));
#3633=CARTESIAN_POINT('',(21.954699267624,-1.,6.07382881607262));
#3634=CARTESIAN_POINT('Ctrl Pts',(21.954699267624,-1.,6.07382881607263));
#3635=CARTESIAN_POINT('Ctrl Pts',(21.9444982684861,-1.,6.14590016082222));
#3636=CARTESIAN_POINT('Ctrl Pts',(21.9418531792984,-1.,6.162717813218));
#3637=CARTESIAN_POINT('Ctrl Pts',(21.9385797841611,-1.,6.18263627391421));
#3638=CARTESIAN_POINT('Ctrl Pts',(21.9223526078412,-1.,6.2813779046003));
#3639=CARTESIAN_POINT('Ctrl Pts',(21.9009982708209,-1.,6.37894197241831));
#3640=CARTESIAN_POINT('Ctrl Pts',(21.8744190399864,-1.,6.47541586252187));
#3641=CARTESIAN_POINT('',(21.954699267624,-1.2,6.07382881607262));
#3642=CARTESIAN_POINT('',(21.954699267624,-1.,6.07382881607262));
#3643=CARTESIAN_POINT('Ctrl Pts',(21.954699267624,-1.2,6.07382881607263));
#3644=CARTESIAN_POINT('Ctrl Pts',(21.9444982684861,-1.2,6.14590016082222));
#3645=CARTESIAN_POINT('Ctrl Pts',(21.9418531792984,-1.2,6.162717813218));
#3646=CARTESIAN_POINT('Ctrl Pts',(21.9385797841611,-1.2,6.18263627391421));
#3647=CARTESIAN_POINT('Ctrl Pts',(21.9223526078412,-1.2,6.2813779046003));
#3648=CARTESIAN_POINT('Ctrl Pts',(21.9009982708209,-1.2,6.37894197241831));
#3649=CARTESIAN_POINT('Ctrl Pts',(21.8744190399864,-1.2,6.47541586252187));
#3650=CARTESIAN_POINT('Ctrl Pts',(21.9787346450813,-1.,5.63449027820287));
#3651=CARTESIAN_POINT('Ctrl Pts',(21.9787346450813,-1.2,5.63449027820287));
#3652=CARTESIAN_POINT('Ctrl Pts',(21.977156878217,-1.,5.78778019011475));
#3653=CARTESIAN_POINT('Ctrl Pts',(21.977156878217,-1.2,5.78778019011475));
#3654=CARTESIAN_POINT('Ctrl Pts',(21.9755679312001,-1.,5.82754829546069));
#3655=CARTESIAN_POINT('Ctrl Pts',(21.9755679312001,-1.2,5.82754829546069));
#3656=CARTESIAN_POINT('Ctrl Pts',(21.9675839522294,-1.,5.96909975692978));
#3657=CARTESIAN_POINT('Ctrl Pts',(21.9675839522294,-1.2,5.96909975692978));
#3658=CARTESIAN_POINT('Ctrl Pts',(21.9592443173516,-1.,6.03688582551372));
#3659=CARTESIAN_POINT('Ctrl Pts',(21.9592443173516,-1.2,6.03688582551372));
#3660=CARTESIAN_POINT('Ctrl Pts',(21.954699267624,-1.,6.07382881607263));
#3661=CARTESIAN_POINT('Ctrl Pts',(21.954699267624,-1.2,6.07382881607263));
#3662=CARTESIAN_POINT('',(21.9787346450813,-1.,5.63449027820306));
#3663=CARTESIAN_POINT('Ctrl Pts',(21.9787346450813,-1.,5.63449027820287));
#3664=CARTESIAN_POINT('Ctrl Pts',(21.977156878217,-1.,5.78778019011475));
#3665=CARTESIAN_POINT('Ctrl Pts',(21.9755679312001,-1.,5.82754829546069));
#3666=CARTESIAN_POINT('Ctrl Pts',(21.9729511057666,-1.,5.87394314017119));
#3667=CARTESIAN_POINT('Ctrl Pts',(21.9675839522294,-1.,5.96909975692978));
#3668=CARTESIAN_POINT('Ctrl Pts',(21.9592443173516,-1.,6.03688582551372));
#3669=CARTESIAN_POINT('Ctrl Pts',(21.954699267624,-1.,6.07382881607263));
#3670=CARTESIAN_POINT('',(21.9787346450813,-1.2,5.63449027820306));
#3671=CARTESIAN_POINT('',(21.9787346450813,-1.,5.63449027820306));
#3672=CARTESIAN_POINT('Ctrl Pts',(21.9787346450813,-1.2,5.63449027820287));
#3673=CARTESIAN_POINT('Ctrl Pts',(21.977156878217,-1.2,5.78778019011475));
#3674=CARTESIAN_POINT('Ctrl Pts',(21.9755679312001,-1.2,5.82754829546069));
#3675=CARTESIAN_POINT('Ctrl Pts',(21.9729511057666,-1.2,5.87394314017119));
#3676=CARTESIAN_POINT('Ctrl Pts',(21.9675839522294,-1.2,5.96909975692978));
#3677=CARTESIAN_POINT('Ctrl Pts',(21.9592443173516,-1.2,6.03688582551372));
#3678=CARTESIAN_POINT('Ctrl Pts',(21.954699267624,-1.2,6.07382881607263));
#3679=CARTESIAN_POINT('Ctrl Pts',(19.2271000092247,-1.,2.96098648401235));
#3680=CARTESIAN_POINT('Ctrl Pts',(19.2271000092247,-1.2,2.96098648401235));
#3681=CARTESIAN_POINT('Ctrl Pts',(19.4307591234746,-1.,2.96098648401235));
#3682=CARTESIAN_POINT('Ctrl Pts',(19.4307591234746,-1.2,2.96098648401235));
#3683=CARTESIAN_POINT('Ctrl Pts',(19.6336609502626,-1.,2.98061971713059));
#3684=CARTESIAN_POINT('Ctrl Pts',(19.6336609502626,-1.2,2.98061971713059));
#3685=CARTESIAN_POINT('Ctrl Pts',(20.0232621180201,-1.,3.06046742805079));
#3686=CARTESIAN_POINT('Ctrl Pts',(20.0232621180201,-1.2,3.06046742805079));
#3687=CARTESIAN_POINT('Ctrl Pts',(20.2087309363253,-1.,3.11845528742741));
#3688=CARTESIAN_POINT('Ctrl Pts',(20.2087309363253,-1.2,3.11845528742741));
#3689=CARTESIAN_POINT('Ctrl Pts',(20.6991949428292,-1.,3.33179485767911));
#3690=CARTESIAN_POINT('Ctrl Pts',(20.6991949428292,-1.2,3.33179485767911));
#3691=CARTESIAN_POINT('Ctrl Pts',(20.9816627386492,-1.,3.52465595604171));
#3692=CARTESIAN_POINT('Ctrl Pts',(20.9816627386492,-1.2,3.52465595604171));
#3693=CARTESIAN_POINT('Ctrl Pts',(21.4598975536766,-1.,4.01366010956777));
#3694=CARTESIAN_POINT('Ctrl Pts',(21.4598975536766,-1.2,4.01366010956777));
#3695=CARTESIAN_POINT('Ctrl Pts',(21.647370647072,-1.,4.30301574265699));
#3696=CARTESIAN_POINT('Ctrl Pts',(21.647370647072,-1.2,4.30301574265699));
#3697=CARTESIAN_POINT('Ctrl Pts',(21.9144772191838,-1.,4.96702890179223));
#3698=CARTESIAN_POINT('Ctrl Pts',(21.9144772191838,-1.2,4.96702890179223));
#3699=CARTESIAN_POINT('Ctrl Pts',(21.9613336199624,-1.,5.27317513561905));
#3700=CARTESIAN_POINT('Ctrl Pts',(21.9613336199624,-1.2,5.27317513561905));
#3701=CARTESIAN_POINT('Ctrl Pts',(21.9787346450813,-1.,5.63449027820305));
#3702=CARTESIAN_POINT('Ctrl Pts',(21.9787346450813,-1.2,5.63449027820305));
#3703=CARTESIAN_POINT('',(19.2271000092247,-1.,2.96098648401235));
#3704=CARTESIAN_POINT('Ctrl Pts',(19.2271000092247,-1.,2.96098648401235));
#3705=CARTESIAN_POINT('Ctrl Pts',(19.4307591234746,-1.,2.96098648401235));
#3706=CARTESIAN_POINT('Ctrl Pts',(19.6336609502626,-1.,2.98061971713059));
#3707=CARTESIAN_POINT('Ctrl Pts',(20.0232621180201,-1.,3.06046742805079));
#3708=CARTESIAN_POINT('Ctrl Pts',(20.2087309363253,-1.,3.11845528742741));
#3709=CARTESIAN_POINT('Ctrl Pts',(20.6991949428292,-1.,3.33179485767911));
#3710=CARTESIAN_POINT('Ctrl Pts',(20.9816627386492,-1.,3.52465595604171));
#3711=CARTESIAN_POINT('Ctrl Pts',(21.4598975536766,-1.,4.01366010956777));
#3712=CARTESIAN_POINT('Ctrl Pts',(21.647370647072,-1.,4.30301574265699));
#3713=CARTESIAN_POINT('Ctrl Pts',(21.9144772191838,-1.,4.96702890179223));
#3714=CARTESIAN_POINT('Ctrl Pts',(21.9613336199624,-1.,5.27317513561905));
#3715=CARTESIAN_POINT('Ctrl Pts',(21.9787346450813,-1.,5.63449027820305));
#3716=CARTESIAN_POINT('',(19.2271000092247,-1.2,2.96098648401235));
#3717=CARTESIAN_POINT('',(19.2271000092247,-1.,2.96098648401235));
#3718=CARTESIAN_POINT('Ctrl Pts',(19.2271000092247,-1.2,2.96098648401235));
#3719=CARTESIAN_POINT('Ctrl Pts',(19.4307591234746,-1.2,2.96098648401235));
#3720=CARTESIAN_POINT('Ctrl Pts',(19.6336609502626,-1.2,2.98061971713059));
#3721=CARTESIAN_POINT('Ctrl Pts',(20.0232621180201,-1.2,3.06046742805079));
#3722=CARTESIAN_POINT('Ctrl Pts',(20.2087309363253,-1.2,3.11845528742741));
#3723=CARTESIAN_POINT('Ctrl Pts',(20.6991949428292,-1.2,3.33179485767911));
#3724=CARTESIAN_POINT('Ctrl Pts',(20.9816627386492,-1.2,3.52465595604171));
#3725=CARTESIAN_POINT('Ctrl Pts',(21.4598975536766,-1.2,4.01366010956777));
#3726=CARTESIAN_POINT('Ctrl Pts',(21.647370647072,-1.2,4.30301574265699));
#3727=CARTESIAN_POINT('Ctrl Pts',(21.9144772191838,-1.2,4.96702890179223));
#3728=CARTESIAN_POINT('Ctrl Pts',(21.9613336199624,-1.2,5.27317513561905));
#3729=CARTESIAN_POINT('Ctrl Pts',(21.9787346450813,-1.2,5.63449027820305));
#3730=CARTESIAN_POINT('Ctrl Pts',(17.9038522904136,-1.,3.28338686319326));
#3731=CARTESIAN_POINT('Ctrl Pts',(18.5130634441056,-1.,2.96092828420665));
#3732=CARTESIAN_POINT('Ctrl Pts',(19.2271000092247,-1.,2.96098648401235));
#3733=CARTESIAN_POINT('Ctrl Pts',(17.9038522904136,-1.2,3.28338686319326));
#3734=CARTESIAN_POINT('Ctrl Pts',(18.5130634441056,-1.2,2.96092828420665));
#3735=CARTESIAN_POINT('Ctrl Pts',(19.2271000092247,-1.2,2.96098648401235));
#3736=CARTESIAN_POINT('',(17.9038522904136,-1.,3.28338686319326));
#3737=CARTESIAN_POINT('Origin',(19.6662986405595,-1.,6.50909180378513));
#3738=CARTESIAN_POINT('',(17.9038522904136,-1.2,3.28338686319326));
#3739=CARTESIAN_POINT('',(17.9038522904136,-1.,3.28338686319326));
#3740=CARTESIAN_POINT('Origin',(19.6662986405595,-1.2,6.50909180378513));
#3741=CARTESIAN_POINT('Ctrl Pts',(17.8964883988121,-1.,3.28666912408804));
#3742=CARTESIAN_POINT('Ctrl Pts',(17.8964883988121,-1.2,3.28666912408804));
#3743=CARTESIAN_POINT('Ctrl Pts',(17.8980629151085,-1.,3.28542162271475));
#3744=CARTESIAN_POINT('Ctrl Pts',(17.8980629151085,-1.2,3.28542162271475));
#3745=CARTESIAN_POINT('Ctrl Pts',(17.9006790344932,-1.,3.28465858789419));
#3746=CARTESIAN_POINT('Ctrl Pts',(17.9006790344932,-1.2,3.28465858789419));
#3747=CARTESIAN_POINT('Ctrl Pts',(17.9038522904136,-1.,3.28338686319326));
#3748=CARTESIAN_POINT('Ctrl Pts',(17.9038522904136,-1.2,3.28338686319326));
#3749=CARTESIAN_POINT('',(17.8964883988121,-1.,3.28666912408804));
#3750=CARTESIAN_POINT('Ctrl Pts',(17.8964883988121,-1.,3.28666912408804));
#3751=CARTESIAN_POINT('Ctrl Pts',(17.8980629151085,-1.,3.28542162271475));
#3752=CARTESIAN_POINT('Ctrl Pts',(17.9006790344932,-1.,3.28465858789419));
#3753=CARTESIAN_POINT('Ctrl Pts',(17.9038522904136,-1.,3.28338686319326));
#3754=CARTESIAN_POINT('',(17.8964883988121,-1.2,3.28666912408804));
#3755=CARTESIAN_POINT('',(17.8964883988121,-1.,3.28666912408804));
#3756=CARTESIAN_POINT('Ctrl Pts',(17.8964883988121,-1.2,3.28666912408804));
#3757=CARTESIAN_POINT('Ctrl Pts',(17.8980629151085,-1.2,3.28542162271475));
#3758=CARTESIAN_POINT('Ctrl Pts',(17.9006790344932,-1.2,3.28465858789419));
#3759=CARTESIAN_POINT('Ctrl Pts',(17.9038522904136,-1.2,3.28338686319326));
#3760=CARTESIAN_POINT('Ctrl Pts',(16.4793250060593,-1.,5.65711760123454));
#3761=CARTESIAN_POINT('Ctrl Pts',(16.4936560361765,-1.,4.01889894968265));
#3762=CARTESIAN_POINT('Ctrl Pts',(17.8964883988121,-1.,3.28666912408804));
#3763=CARTESIAN_POINT('Ctrl Pts',(16.4793250060593,-1.2,5.65711760123454));
#3764=CARTESIAN_POINT('Ctrl Pts',(16.4936560361765,-1.2,4.01889894968265));
#3765=CARTESIAN_POINT('Ctrl Pts',(17.8964883988121,-1.2,3.28666912408804));
#3766=CARTESIAN_POINT('',(16.4793250060593,-1.,5.65711760123454));
#3767=CARTESIAN_POINT('Origin',(19.5548383060439,-1.,6.01630209634606));
#3768=CARTESIAN_POINT('',(16.4793250060593,-1.2,5.65711760123454));
#3769=CARTESIAN_POINT('',(16.4793250060593,-1.,5.65711760123454));
#3770=CARTESIAN_POINT('Origin',(19.5548383060439,-1.2,6.01630209634606));
#3771=CARTESIAN_POINT('Origin',(19.3171327315815,-1.,5.73014054389645));
#3772=CARTESIAN_POINT('',(17.1073195685967,-1.,7.51205266908323));
#3773=CARTESIAN_POINT('Origin',(19.3171327315815,-1.,5.73014054389645));
#3774=CARTESIAN_POINT('',(17.1073195685967,-1.2,7.51205266908323));
#3775=CARTESIAN_POINT('',(17.1073195685967,-1.,7.51205266908323));
#3776=CARTESIAN_POINT('Origin',(19.3171327315815,-1.2,5.73014054389645));
#3777=CARTESIAN_POINT('Ctrl Pts',(17.7233642761924,-1.,8.00457397790884));
#3778=CARTESIAN_POINT('Ctrl Pts',(17.7233642761924,-1.2,8.00457397790884));
#3779=CARTESIAN_POINT('Ctrl Pts',(17.4902172153626,-1.,7.85990662694035));
#3780=CARTESIAN_POINT('Ctrl Pts',(17.4902172153626,-1.2,7.85990662694035));
#3781=CARTESIAN_POINT('Ctrl Pts',(17.4150675956287,-1.,7.80309859089945));
#3782=CARTESIAN_POINT('Ctrl Pts',(17.4150675956287,-1.2,7.80309859089945));
#3783=CARTESIAN_POINT('Ctrl Pts',(17.1073195685986,-1.,7.51205266908495));
#3784=CARTESIAN_POINT('Ctrl Pts',(17.1073195685986,-1.2,7.51205266908495));
#3785=CARTESIAN_POINT('',(17.7233642761924,-1.,8.00457397790884));
#3786=CARTESIAN_POINT('Ctrl Pts',(17.7233642761924,-1.,8.00457397790884));
#3787=CARTESIAN_POINT('Ctrl Pts',(17.4902172153626,-1.,7.85990662694035));
#3788=CARTESIAN_POINT('Ctrl Pts',(17.4150675956287,-1.,7.80309859089945));
#3789=CARTESIAN_POINT('Ctrl Pts',(17.1073195685986,-1.,7.51205266908495));
#3790=CARTESIAN_POINT('',(17.7233642761924,-1.2,8.00457397790884));
#3791=CARTESIAN_POINT('',(17.7233642761924,-1.,8.00457397790884));
#3792=CARTESIAN_POINT('Ctrl Pts',(17.7233642761924,-1.2,8.00457397790884));
#3793=CARTESIAN_POINT('Ctrl Pts',(17.4902172153626,-1.2,7.85990662694035));
#3794=CARTESIAN_POINT('Ctrl Pts',(17.4150675956287,-1.2,7.80309859089945));
#3795=CARTESIAN_POINT('Ctrl Pts',(17.1073195685986,-1.2,7.51205266908495));
#3796=CARTESIAN_POINT('Ctrl Pts',(17.3271433060387,-1.,8.28842293115592));
#3797=CARTESIAN_POINT('Ctrl Pts',(17.3271433060387,-1.2,8.28842293115592));
#3798=CARTESIAN_POINT('Ctrl Pts',(17.3930307572105,-1.,8.23078352304434));
#3799=CARTESIAN_POINT('Ctrl Pts',(17.3930307572105,-1.2,8.23078352304434));
#3800=CARTESIAN_POINT('Ctrl Pts',(17.41907083442,-1.,8.19339481683706));
#3801=CARTESIAN_POINT('Ctrl Pts',(17.41907083442,-1.2,8.19339481683706));
#3802=CARTESIAN_POINT('Ctrl Pts',(17.7233642761924,-1.,8.00457397790884));
#3803=CARTESIAN_POINT('Ctrl Pts',(17.7233642761924,-1.2,8.00457397790884));
#3804=CARTESIAN_POINT('',(17.3271433060387,-1.,8.28842293115592));
#3805=CARTESIAN_POINT('Ctrl Pts',(17.3271433060387,-1.,8.28842293115592));
#3806=CARTESIAN_POINT('Ctrl Pts',(17.3930307572105,-1.,8.23078352304434));
#3807=CARTESIAN_POINT('Ctrl Pts',(17.41907083442,-1.,8.19339481683706));
#3808=CARTESIAN_POINT('Ctrl Pts',(17.7233642761924,-1.,8.00457397790884));
#3809=CARTESIAN_POINT('',(17.3271433060387,-1.2,8.28842293115592));
#3810=CARTESIAN_POINT('',(17.3271433060387,-1.,8.28842293115592));
#3811=CARTESIAN_POINT('Ctrl Pts',(17.3271433060387,-1.2,8.28842293115592));
#3812=CARTESIAN_POINT('Ctrl Pts',(17.3930307572105,-1.2,8.23078352304434));
#3813=CARTESIAN_POINT('Ctrl Pts',(17.41907083442,-1.2,8.19339481683706));
#3814=CARTESIAN_POINT('Ctrl Pts',(17.7233642761924,-1.2,8.00457397790884));
#3815=CARTESIAN_POINT('Ctrl Pts',(16.5795519775347,-1.,9.52371140093604));
#3816=CARTESIAN_POINT('Ctrl Pts',(16.7817968895334,-1.,8.79187504506015));
#3817=CARTESIAN_POINT('Ctrl Pts',(17.3271433060387,-1.,8.28842293115591));
#3818=CARTESIAN_POINT('Ctrl Pts',(16.5795519775347,-1.2,9.52371140093604));
#3819=CARTESIAN_POINT('Ctrl Pts',(16.7817968895334,-1.2,8.79187504506015));
#3820=CARTESIAN_POINT('Ctrl Pts',(17.3271433060387,-1.2,8.28842293115591));
#3821=CARTESIAN_POINT('',(16.5795519775347,-1.,9.52371140093604));
#3822=CARTESIAN_POINT('Origin',(19.8539472489638,-1.,10.8368405198417));
#3823=CARTESIAN_POINT('',(16.5795519775347,-1.2,9.52371140093604));
#3824=CARTESIAN_POINT('',(16.5795519775347,-1.,9.52371140093604));
#3825=CARTESIAN_POINT('Origin',(19.8539472489638,-1.2,10.8368405198417));
#3826=CARTESIAN_POINT('Ctrl Pts',(18.0146013443688,-1.,12.7831946024511));
#3827=CARTESIAN_POINT('Ctrl Pts',(15.9881061738457,-1.,11.840385949043));
#3828=CARTESIAN_POINT('Ctrl Pts',(16.5795519775347,-1.,9.52371140093604));
#3829=CARTESIAN_POINT('Ctrl Pts',(18.0146013443688,-1.2,12.7831946024511));
#3830=CARTESIAN_POINT('Ctrl Pts',(15.9881061738457,-1.2,11.840385949043));
#3831=CARTESIAN_POINT('Ctrl Pts',(16.5795519775347,-1.2,9.52371140093604));
#3832=CARTESIAN_POINT('',(18.0146013443688,-1.,12.7831946024511));
#3833=CARTESIAN_POINT('Origin',(19.6932768854651,-1.,9.89595415135386));
#3834=CARTESIAN_POINT('',(18.0146013443688,-1.2,12.7831946024511));
#3835=CARTESIAN_POINT('',(18.0146013443688,-1.,12.7831946024511));
#3836=CARTESIAN_POINT('Origin',(19.6932768854651,-1.2,9.89595415135386));
#3837=CARTESIAN_POINT('Ctrl Pts',(18.0146013443688,-1.,12.7831946024511));
#3838=CARTESIAN_POINT('Ctrl Pts',(18.0146013443688,-1.2,12.7831946024511));
#3839=CARTESIAN_POINT('Ctrl Pts',(18.0120821182945,-1.,12.7814868578527));
#3840=CARTESIAN_POINT('Ctrl Pts',(18.0120821182945,-1.2,12.7814868578527));
#3841=CARTESIAN_POINT('Ctrl Pts',(18.0130268280723,-1.,12.7824315676305));
#3842=CARTESIAN_POINT('Ctrl Pts',(18.0130268280723,-1.2,12.7824315676305));
#3843=CARTESIAN_POINT('Ctrl Pts',(18.0146013443688,-1.,12.7831946024511));
#3844=CARTESIAN_POINT('Ctrl Pts',(18.0146013443688,-1.2,12.7831946024511));
#3845=CARTESIAN_POINT('Ctrl Pts',(18.0146013443688,-1.,12.7831946024511));
#3846=CARTESIAN_POINT('Ctrl Pts',(18.0120821182945,-1.,12.7814868578527));
#3847=CARTESIAN_POINT('Ctrl Pts',(18.0130268280723,-1.,12.7824315676305));
#3848=CARTESIAN_POINT('Ctrl Pts',(18.0146013443688,-1.,12.7831946024511));
#3849=CARTESIAN_POINT('',(18.0146013443688,-1.,12.7831946024511));
#3850=CARTESIAN_POINT('Ctrl Pts',(18.0146013443688,-1.2,12.7831946024511));
#3851=CARTESIAN_POINT('Ctrl Pts',(18.0120821182945,-1.2,12.7814868578527));
#3852=CARTESIAN_POINT('Ctrl Pts',(18.0130268280723,-1.2,12.7824315676305));
#3853=CARTESIAN_POINT('Ctrl Pts',(18.0146013443688,-1.2,12.7831946024511));
#3854=CARTESIAN_POINT('Origin',(19.1899117660579,-1.,10.2879366153288));
#3855=CARTESIAN_POINT('',(18.4288929169395,-1.,12.9390717157934));
#3856=CARTESIAN_POINT('Origin',(19.1899117660579,-1.,10.2879366153288));
#3857=CARTESIAN_POINT('',(18.4288929169395,-1.2,12.9390717157934));
#3858=CARTESIAN_POINT('',(18.4288929169395,-1.,12.9390717157934));
#3859=CARTESIAN_POINT('Origin',(19.1899117660579,-1.2,10.2879366153288));
#3860=CARTESIAN_POINT('Origin',(18.4288929169395,-1.,11.7281960138891));
#3861=CARTESIAN_POINT('',(18.4288929169395,-1.,11.7281960138891));
#3862=CARTESIAN_POINT('',(18.4288929169395,-1.,11.3066804105118));
#3863=CARTESIAN_POINT('',(18.4288929169395,-1.2,11.7281960138891));
#3864=CARTESIAN_POINT('',(18.4288929169395,-1.,11.7281960138891));
#3865=CARTESIAN_POINT('',(18.4288929169395,-1.2,11.7281960138891));
#3866=CARTESIAN_POINT('Ctrl Pts',(17.5139172360186,-1.,10.4904034694484));
#3867=CARTESIAN_POINT('Ctrl Pts',(17.5139172360186,-1.2,10.4904034694484));
#3868=CARTESIAN_POINT('Ctrl Pts',(17.5818035791232,-1.,11.0480999753288));
#3869=CARTESIAN_POINT('Ctrl Pts',(17.5818035791232,-1.2,11.0480999753288));
#3870=CARTESIAN_POINT('Ctrl Pts',(17.9457878239155,-1.,11.4920562074393));
#3871=CARTESIAN_POINT('Ctrl Pts',(17.9457878239155,-1.2,11.4920562074393));
#3872=CARTESIAN_POINT('Ctrl Pts',(18.4288929169395,-1.,11.7281960138891));
#3873=CARTESIAN_POINT('Ctrl Pts',(18.4288929169395,-1.2,11.7281960138891));
#3874=CARTESIAN_POINT('',(17.5139172360186,-1.,10.4904034694484));
#3875=CARTESIAN_POINT('Ctrl Pts',(17.5139172360186,-1.,10.4904034694484));
#3876=CARTESIAN_POINT('Ctrl Pts',(17.5818035791232,-1.,11.0480999753288));
#3877=CARTESIAN_POINT('Ctrl Pts',(17.9457878239155,-1.,11.4920562074393));
#3878=CARTESIAN_POINT('Ctrl Pts',(18.4288929169395,-1.,11.7281960138891));
#3879=CARTESIAN_POINT('',(17.5139172360186,-1.2,10.4904034694484));
#3880=CARTESIAN_POINT('',(17.5139172360186,-1.,10.4904034694484));
#3881=CARTESIAN_POINT('Ctrl Pts',(17.5139172360186,-1.2,10.4904034694484));
#3882=CARTESIAN_POINT('Ctrl Pts',(17.5818035791232,-1.2,11.0480999753288));
#3883=CARTESIAN_POINT('Ctrl Pts',(17.9457878239155,-1.2,11.4920562074393));
#3884=CARTESIAN_POINT('Ctrl Pts',(18.4288929169395,-1.2,11.7281960138891));
#3885=CARTESIAN_POINT('Ctrl Pts',(17.5139172360186,-1.,10.4904034694484));
#3886=CARTESIAN_POINT('Ctrl Pts',(17.4596176694829,-1.,9.99193605283035));
#3887=CARTESIAN_POINT('Ctrl Pts',(17.7012241547325,-1.,9.56654259057973));
#3888=CARTESIAN_POINT('Ctrl Pts',(17.5139172360186,-1.2,10.4904034694484));
#3889=CARTESIAN_POINT('Ctrl Pts',(17.4596176694829,-1.2,9.99193605283035));
#3890=CARTESIAN_POINT('Ctrl Pts',(17.7012241547325,-1.2,9.56654259057973));
#3891=CARTESIAN_POINT('Origin',(20.0647480682706,-1.,10.6352726075704));
#3892=CARTESIAN_POINT('Origin',(20.0647480682706,-1.2,10.6352726075704));
#3893=CARTESIAN_POINT('Origin',(19.2275118057945,-1.2,7.95002909990286));
#3894=CARTESIAN_POINT('Origin',(15.,-1.,10.8851648071345));
#3895=CARTESIAN_POINT('Origin',(15.,-1.,10.8851648071345));
#3896=CARTESIAN_POINT('',(22.1185926168248,-1.,15.));
#3897=CARTESIAN_POINT('',(16.1118058170866,-0.999999999999999,15.));
#3898=CARTESIAN_POINT('',(15.,-0.999999999999999,15.));
#3899=CARTESIAN_POINT('',(23.1184951408341,-1.,13.9860378196609));
#3900=CARTESIAN_POINT('Origin',(22.1185926168248,-1.,14.));
#3901=CARTESIAN_POINT('',(22.9369691019948,-1.,0.986037819660854));
#3902=CARTESIAN_POINT('',(23.,-1.,5.5));
#3903=CARTESIAN_POINT('',(22.9320540150921,-1.,0.9));
#3904=CARTESIAN_POINT('Origin',(21.9370665779855,-1.,1.));
#3905=CARTESIAN_POINT('',(15.,-1.,0.9));
#3906=CARTESIAN_POINT('',(3.25,-1.,0.900000000000001));
#3907=CARTESIAN_POINT('',(15.,-1.,5.99999999999889));
#3908=CARTESIAN_POINT('',(15.,-1.,5.5));
#3909=CARTESIAN_POINT('',(15.1119032930773,-1.,14.0139621803391));
#3910=CARTESIAN_POINT('',(15.1256718730426,-1.,15.));
#3911=CARTESIAN_POINT('Origin',(16.1118058170866,-1.,14.));
#3912=CARTESIAN_POINT('Origin',(-8.5,-6.26349079103612E-17,4.85001462139633));
#3913=CARTESIAN_POINT('',(-6.14999999999927,2.87791997799717E-16,5.));
#3914=CARTESIAN_POINT('Origin',(-8.5,0.,5.));
#3915=CARTESIAN_POINT('',(-6.45418865410108,-2.50539631641445E-16,4.70002924279266));
#3916=CARTESIAN_POINT('',(-6.30209432705018,2.69165814720581E-16,4.85001462139633));
#3917=CARTESIAN_POINT('',(-10.5458113458989,-2.50539631641445E-16,4.70002924279266));
#3918=CARTESIAN_POINT('Origin',(-8.5,-1.25269815820722E-16,4.70002924279266));
#3919=CARTESIAN_POINT('Origin',(-8.5,-1.25269815820722E-16,4.70002924279266));
#3920=CARTESIAN_POINT('Origin',(-8.5,0.,4.99999999993861));
#3921=CARTESIAN_POINT('',(-6.50306186583991,2.44554389409444E-16,1.19997075720425));
#3922=CARTESIAN_POINT('',(-10.4969381341601,-2.44554389409444E-16,1.19997075720425));
#3923=CARTESIAN_POINT('Origin',(-8.5,-1.22277194704722E-16,1.19997075720425));
#3924=CARTESIAN_POINT('Origin',(-8.5,-1.22277194704722E-16,1.19997075720425));
#3925=CARTESIAN_POINT('',(-10.5499999999999,-2.51052593825199E-16,4.99999999993861));
#3926=CARTESIAN_POINT('Origin',(0.,0.,5.));
#3927=CARTESIAN_POINT('',(-12.9930182292754,0.999999999999997,4.99999999999773));
#3928=CARTESIAN_POINT('',(-10.7772156186534,5.14937403301079,4.99999999984908));
#3929=CARTESIAN_POINT('Origin',(-8.,0.999999999999998,4.99999999999545));
#3930=CARTESIAN_POINT('',(-12.993018229276,-1.,4.99999999998238));
#3931=CARTESIAN_POINT('',(-12.9930182292754,-3.75856753128308E-15,5.));
#3932=CARTESIAN_POINT('',(-10.7772156662596,-5.14937410413859,4.99999999969127));
#3933=CARTESIAN_POINT('Origin',(-8.,-1.,4.99999999999545));
#3934=CARTESIAN_POINT('',(-10.6103310569285,-4.59999999999994,4.99999999999268));
#3935=CARTESIAN_POINT('Origin',(-10.6103485254371,-4.90002927536957,5.));
#3936=CARTESIAN_POINT('',(11.7,-4.6,5.));
#3937=CARTESIAN_POINT('',(0.,-4.6,5.));
#3938=CARTESIAN_POINT('',(11.7,4.6,5.));
#3939=CARTESIAN_POINT('',(11.7,0.,5.));
#3940=CARTESIAN_POINT('',(-10.6103303862873,4.6,5.));
#3941=CARTESIAN_POINT('',(0.,4.6,5.));
#3942=CARTESIAN_POINT('Origin',(-10.6103482123534,4.9000292753891,5.));
#3943=CARTESIAN_POINT('',(4.9,-3.18408167778312E-16,5.));
#3944=CARTESIAN_POINT('Origin',(7.5,0.,5.));
#3945=CARTESIAN_POINT('Origin',(-8.5,-6.11385973523609E-17,1.04998537860212));
#3946=CARTESIAN_POINT('',(-6.20725051994172,-2.80780831200013E-16,0.9));
#3947=CARTESIAN_POINT('Origin',(-8.5,0.,0.9));
#3948=CARTESIAN_POINT('',(-6.35515619289082,-2.62667610304728E-16,1.04998537860212));
#3949=CARTESIAN_POINT('Origin',(-8.5,0.,0.9));
#3950=CARTESIAN_POINT('',(12.938051046067,5.44270042280533,0.899999999997079));
#3951=CARTESIAN_POINT('',(13.0009779454191,0.937463364135288,0.899999999999999));
#3952=CARTESIAN_POINT('Ctrl Pts',(12.9380510594493,5.44270042299225,0.9));
#3953=CARTESIAN_POINT('Ctrl Pts',(12.9485397944282,4.69176488690549,0.9));
#3954=CARTESIAN_POINT('Ctrl Pts',(12.9590285073183,3.94082935051022,0.899999999762804));
#3955=CARTESIAN_POINT('Ctrl Pts',(12.980004136156,2.43908366423107,0.899999999762804));
#3956=CARTESIAN_POINT('Ctrl Pts',(12.9904910521112,1.6882735143473,0.900000000000003));
#3957=CARTESIAN_POINT('Ctrl Pts',(13.0009779445658,0.937463364135287,0.900000000000003));
#3958=CARTESIAN_POINT('Origin',(15.,0.999999999999998,0.9));
#3959=CARTESIAN_POINT('',(22.9320540150921,-5.93576770933377,0.9));
#3960=CARTESIAN_POINT('',(22.9320540150921,3.31506437102904E-15,0.9));
#3961=CARTESIAN_POINT('',(-8.,-5.93576770933377,0.9));
#3962=CARTESIAN_POINT('',(-4.25,-5.93576770933377,0.900000000000001));
#3963=CARTESIAN_POINT('',(-12.9357677093347,-1.,0.9));
#3964=CARTESIAN_POINT('Origin',(-8.,-1.,0.9));
#3965=CARTESIAN_POINT('',(-12.9357677093338,0.999999999999997,0.9));
#3966=CARTESIAN_POINT('',(-12.9357677093338,-2.51123419204376E-15,0.900000000000001));
#3967=CARTESIAN_POINT('',(-8.,5.93576770933376,0.9));
#3968=CARTESIAN_POINT('Origin',(-8.,0.999999999999998,0.9));
#3969=CARTESIAN_POINT('',(12.4382912950318,5.93576770933377,0.9));
#3970=CARTESIAN_POINT('',(-4.25,5.93576770933376,0.900000000000001));
#3971=CARTESIAN_POINT('Ctrl Pts',(12.4382912950171,5.93576767149203,0.9));
#3972=CARTESIAN_POINT('Ctrl Pts',(12.5015038094675,5.93574307689288,0.9));
#3973=CARTESIAN_POINT('Ctrl Pts',(12.5641422589156,5.9237300682826,0.9));
#3974=CARTESIAN_POINT('Ctrl Pts',(12.682536813924,5.87663736441055,0.9));
#3975=CARTESIAN_POINT('Ctrl Pts',(12.7370681853299,5.84163790431624,0.9));
#3976=CARTESIAN_POINT('Ctrl Pts',(12.8317755858411,5.7511502713212,0.9));
#3977=CARTESIAN_POINT('Ctrl Pts',(12.8703338354803,5.69580531885524,0.900000000000001));
#3978=CARTESIAN_POINT('Ctrl Pts',(12.9231364973059,5.57393095032502,0.900000000000001));
#3979=CARTESIAN_POINT('Ctrl Pts',(12.9371287534459,5.50873148359335,0.900000000000001));
#3980=CARTESIAN_POINT('Ctrl Pts',(12.938051046067,5.44270042280541,0.900000000000001));
#3981=CARTESIAN_POINT('',(4.9,3.18408167778312E-16,0.9));
#3982=CARTESIAN_POINT('Origin',(7.5,0.,0.9));
#3983=CARTESIAN_POINT('Origin',(7.5,0.,1.05));
#3984=CARTESIAN_POINT('',(5.2,-2.81668763803891E-16,1.2));
#3985=CARTESIAN_POINT('',(5.05,3.00038465791102E-16,1.05));
#3986=CARTESIAN_POINT('Origin',(7.5,0.,1.2));
#3987=CARTESIAN_POINT('Origin',(7.5,0.,-5.));
#3988=CARTESIAN_POINT('',(5.2,2.81668763803891E-16,4.7));
#3989=CARTESIAN_POINT('',(5.2,-2.81668763803891E-16,-5.));
#3990=CARTESIAN_POINT('Origin',(7.5,0.,4.7));
#3991=CARTESIAN_POINT('Origin',(7.5,0.,4.85));
#3992=CARTESIAN_POINT('',(5.05,-3.00038465791102E-16,4.85));
#3993=CARTESIAN_POINT('Origin',(2.00160401074247E-16,-6.,5.5));
#3994=CARTESIAN_POINT('',(22.9369691019948,-5.9369691019948,0.986037819660854));
#3995=CARTESIAN_POINT('Origin',(21.9370665779855,-5.93716406347868,1.));
#3996=CARTESIAN_POINT('',(23.1184951408341,-6.11849514083416,13.9860378196609));
#3997=CARTESIAN_POINT('',(22.9369691019948,-5.9369691019948,0.986037819660855));
#3998=CARTESIAN_POINT('',(22.1185926168248,-6.13265364376723,15.));
#3999=CARTESIAN_POINT('Origin',(22.1185926168248,-6.11869010231805,14.));
#4000=CARTESIAN_POINT('',(16.1118058170866,-6.13265364376723,15.));
#4001=CARTESIAN_POINT('',(2.00160401074247E-16,-6.13265364376723,15.));
#4002=CARTESIAN_POINT('',(15.1119032930773,-6.11888506380193,14.0139621803391));
#4003=CARTESIAN_POINT('Origin',(16.1118058170866,-6.11869010231805,14.));
#4004=CARTESIAN_POINT('',(15.,-6.00698177072459,6.00000000000006));
#4005=CARTESIAN_POINT('',(15.1119032930773,-6.11888506380193,14.0139621803391));
#4006=CARTESIAN_POINT('',(14.5,-6.,5.5));
#4007=CARTESIAN_POINT('Origin',(14.5,-6.00698177072459,6.));
#4008=CARTESIAN_POINT('',(-8.,-5.99999999999989,5.49999999999181));
#4009=CARTESIAN_POINT('',(2.00160401074247E-16,-6.,5.5));
#4010=CARTESIAN_POINT('',(-8.,-6.,5.5));
#4011=CARTESIAN_POINT('Origin',(21.9370665779855,3.17122869890814E-15,1.));
#4012=CARTESIAN_POINT('',(22.9369691019948,3.31577489741542E-15,0.986037819660853));
#4013=CARTESIAN_POINT('Origin',(15.,-1.,10.8851648071345));
#4014=CARTESIAN_POINT('Origin',(15.,0.999999999999998,5.5));
#4015=CARTESIAN_POINT('',(13.0000000546173,0.999529014111522,5.50000000000002));
#4016=CARTESIAN_POINT('Origin',(14.500126071789,0.990716044296885,4.84682612419298));
#4017=CARTESIAN_POINT('',(14.5,-0.93649167310371,5.5));
#4018=CARTESIAN_POINT('Origin',(15.,0.999999999999998,5.5));
#4019=CARTESIAN_POINT('Ctrl Pts',(15.,-1.,5.99999999999889));
#4020=CARTESIAN_POINT('Ctrl Pts',(14.9999999999999,-1.,5.93719256348788));
#4021=CARTESIAN_POINT('Ctrl Pts',(14.9874411033026,-1.00012348558499,5.87020380534105));
#4022=CARTESIAN_POINT('Ctrl Pts',(14.9363941474745,-0.999151315047727,5.74700587422027));
#4023=CARTESIAN_POINT('Ctrl Pts',(14.8979052248329,-0.997887470746103,5.6907984436464));
#4024=CARTESIAN_POINT('Ctrl Pts',(14.8086202547264,-0.991332132833683,5.60151347353983));
#4025=CARTESIAN_POINT('Ctrl Pts',(14.7517503261369,-0.985517710508147,5.56287296904635));
#4026=CARTESIAN_POINT('Ctrl Pts',(14.6282258833462,-0.966136436705784,5.51213077137912));
#4027=CARTESIAN_POINT('Ctrl Pts',(14.5616100909128,-0.952399330174611,5.5));
#4028=CARTESIAN_POINT('Ctrl Pts',(14.5,-0.93649167310371,5.5));
#4029=CARTESIAN_POINT('Ctrl Pts',(13.0015386265464,0.921564428898162,-0.278350699925336));
#4030=CARTESIAN_POINT('Ctrl Pts',(13.0004577010645,0.949104905660038,1.76281366640629));
#4031=CARTESIAN_POINT('Ctrl Pts',(12.9999461704828,0.97666772848787,3.80563421298299));
#4032=CARTESIAN_POINT('Ctrl Pts',(13.0000044718508,1.00422934783651,5.84836556361533));
#4033=CARTESIAN_POINT('Ctrl Pts',(12.9317746309894,5.91833895307425,-0.348161601621063));
#4034=CARTESIAN_POINT('Ctrl Pts',(12.930655971638,5.94684083630812,1.69300276471057));
#4035=CARTESIAN_POINT('Ctrl Pts',(12.9301265841101,5.97536584568348,3.73582331128727));
#4036=CARTESIAN_POINT('Ctrl Pts',(12.930186920712,6.00388960956758,5.77855466191961));
#4037=CARTESIAN_POINT('',(12.9370666099871,5.50693300958011,5.50000000000844));
#4038=CARTESIAN_POINT('Ctrl Pts',(12.938051046067,5.44270042280537,0.899999999997077));
#4039=CARTESIAN_POINT('Ctrl Pts',(12.9373917530194,5.4641055929795,2.4328454113997));
#4040=CARTESIAN_POINT('Ctrl Pts',(12.9370635356279,5.48551989230037,3.96642492402678));
#4041=CARTESIAN_POINT('Ctrl Pts',(12.9370665997525,5.506933009437,5.50000000001046));
#4042=CARTESIAN_POINT('',(13.0000000554569,0.999529014111489,5.5));
#4043=CARTESIAN_POINT('Origin',(22.1185926168248,3.19747015566445E-15,14.));
#4044=CARTESIAN_POINT('',(22.1185926168248,-1.,15.));
#4045=CARTESIAN_POINT('',(23.1184951408341,3.32488666228888E-15,13.9860378196609));
#4046=CARTESIAN_POINT('Origin',(-8.,-1.,5.49999999998363));
#4047=CARTESIAN_POINT('',(-10.7792230906429,-5.15643109630311,5.49999999983936));
#4048=CARTESIAN_POINT('Origin',(-8.,-1.,5.49999999998363));
#4049=CARTESIAN_POINT('',(-10.7792230658592,-5.1564310592382,5.49999999999181));
#4050=CARTESIAN_POINT('',(-12.993018229276,-1.,4.99999999998238));
#4051=CARTESIAN_POINT('Origin',(0.,0.,5.5));
#4052=CARTESIAN_POINT('',(14.5,0.,5.5));
#4053=CARTESIAN_POINT('',(12.4371153534256,6.,5.5));
#4054=CARTESIAN_POINT('Ctrl Pts',(12.4371153534256,6.,5.5));
#4055=CARTESIAN_POINT('Ctrl Pts',(12.5029668716045,5.99999999999671,5.5));
#4056=CARTESIAN_POINT('Ctrl Pts',(12.5681738118709,5.98698947472875,5.5));
#4057=CARTESIAN_POINT('Ctrl Pts',(12.6883596430511,5.9370415467626,5.5));
#4058=CARTESIAN_POINT('Ctrl Pts',(12.7424220024749,5.90114114899618,5.49999999999999));
#4059=CARTESIAN_POINT('Ctrl Pts',(12.8339829561678,5.81083590607819,5.49999999999999));
#4060=CARTESIAN_POINT('Ctrl Pts',(12.8706273486657,5.75727265836855,5.5));
#4061=CARTESIAN_POINT('Ctrl Pts',(12.9222329545661,5.63779116155073,5.5));
#4062=CARTESIAN_POINT('Ctrl Pts',(12.9361473127192,5.57277453853782,5.5));
#4063=CARTESIAN_POINT('Ctrl Pts',(12.9370665997525,5.50693300943722,5.5));
#4064=CARTESIAN_POINT('',(-8.,5.99999999999988,5.49999999999181));
#4065=CARTESIAN_POINT('',(0.,6.,5.5));
#4066=CARTESIAN_POINT('',(-10.7792231398269,5.15643116986023,5.4999999996774));
#4067=CARTESIAN_POINT('Origin',(-8.,0.999999999999998,5.49999999998363));
#4068=CARTESIAN_POINT('',(-10.6124504304855,4.60698177072459,5.5));
#4069=CARTESIAN_POINT('Origin',(-10.6124685551109,4.90701104611369,5.5));
#4070=CARTESIAN_POINT('',(11.7069817707246,4.60698177072459,5.5));
#4071=CARTESIAN_POINT('',(0.,4.60698177072459,5.5));
#4072=CARTESIAN_POINT('',(11.7069817707246,-4.60698177072459,5.5));
#4073=CARTESIAN_POINT('',(11.7069817707246,0.,5.5));
#4074=CARTESIAN_POINT('',(-10.612450204825,-4.60698177072472,5.50000000000625));
#4075=CARTESIAN_POINT('',(0.,-4.60698177072459,5.5));
#4076=CARTESIAN_POINT('Origin',(-10.6124682420273,-4.90701104609416,5.5));
#4077=CARTESIAN_POINT('Origin',(15.1256718730426,-1.,15.));
#4078=CARTESIAN_POINT('',(15.1119032930773,-1.,14.0139621803391));
#4079=CARTESIAN_POINT('',(15.,-1.,6.));
#4080=CARTESIAN_POINT('Origin',(16.1118058170866,-1.,14.));
#4081=CARTESIAN_POINT('',(16.1118058170866,-1.,15.));
#4082=CARTESIAN_POINT('Origin',(15.,-1.,15.));
#4083=CARTESIAN_POINT('Origin',(23.,3.32488666228888E-15,5.5));
#4084=CARTESIAN_POINT('Origin',(-1.00080200537124E-15,6.,5.5));
#4085=CARTESIAN_POINT('',(-8.,6.,5.5));
#4086=CARTESIAN_POINT('',(12.4371153534244,6.,5.5));
#4087=CARTESIAN_POINT('Origin',(-13.,-3.75856753128308E-15,5.5));
#4088=CARTESIAN_POINT('',(-13.,0.999999999999997,5.5));
#4089=CARTESIAN_POINT('Origin',(-8.,0.999999999999998,5.49999999998363));
#4090=CARTESIAN_POINT('',(-10.7772155952353,5.14937399802236,4.99999999999773));
#4091=CARTESIAN_POINT('Origin',(-10.6114083837264,-4.9035201607129,5.24999999864214));
#4092=CARTESIAN_POINT('',(-10.6114083837262,-4.60354937379429,5.25418865315882));
#4093=CARTESIAN_POINT('Origin',(14.5,2.09612420013864E-15,6.));
#4094=CARTESIAN_POINT('Origin',(-28.7,-4.6,5.));
#4095=CARTESIAN_POINT('',(11.7069817707246,-4.60698177072459,5.5));
#4096=CARTESIAN_POINT('Origin',(11.7,4.6,5.));
#4097=CARTESIAN_POINT('',(11.7069817707246,4.60698177072459,5.5));
#4098=CARTESIAN_POINT('Origin',(-28.7,4.6,5.));
#4099=CARTESIAN_POINT('',(-10.6124504304855,4.60698177072459,5.5));
#4100=CARTESIAN_POINT('Origin',(-10.6114083837264,4.90352016073243,5.24999999864187));
#4101=CARTESIAN_POINT('Ctrl Pts',(12.4385421045039,5.92263941335581,-0.0401838370110022));
#4102=CARTESIAN_POINT('Ctrl Pts',(12.9316101896177,5.92264297816677,-0.0399285428242867));
#4103=CARTESIAN_POINT('Ctrl Pts',(12.938493316174,5.42967098018128,-0.0330413433492041));
#4104=CARTESIAN_POINT('Ctrl Pts',(12.4375800401451,5.94858007210278,1.81755825809996));
#4105=CARTESIAN_POINT('Ctrl Pts',(12.930646169402,5.94858238174837,1.8177236624945));
#4106=CARTESIAN_POINT('Ctrl Pts',(12.9375312687199,5.45561244886282,1.82461335083256));
#4107=CARTESIAN_POINT('Ctrl Pts',(12.4371048358897,5.97452073422267,3.6753005947623));
#4108=CARTESIAN_POINT('Ctrl Pts',(12.9301706090378,5.97452192776452,3.67538607036666));
#4109=CARTESIAN_POINT('Ctrl Pts',(12.9370560814032,5.48155227526736,3.68226852279797));
#4110=CARTESIAN_POINT('Ctrl Pts',(12.4371154916949,6.00046139644626,5.53304293885147));
#4111=CARTESIAN_POINT('Ctrl Pts',(12.930182508484,6.00046135696256,5.53304011122383));
#4112=CARTESIAN_POINT('Ctrl Pts',(12.9370667543252,5.50749045869598,5.53992369130773));
#4113=CARTESIAN_POINT('Ctrl Pts',(-0.117031695475303,-0.144923966650148,
1.99));
#4114=CARTESIAN_POINT('Ctrl Pts',(-0.117031695475303,-0.144923966650148,
2.));
#4115=CARTESIAN_POINT('Ctrl Pts',(-0.134878869158558,-0.15895226457928,
1.99));
#4116=CARTESIAN_POINT('Ctrl Pts',(-0.134878869158558,-0.15895226457928,
2.));
#4117=CARTESIAN_POINT('Ctrl Pts',(-0.138654269757061,-0.161731152222837,
1.99));
#4118=CARTESIAN_POINT('Ctrl Pts',(-0.138654269757061,-0.161731152222837,
2.));
#4119=CARTESIAN_POINT('Ctrl Pts',(-0.143520911840464,-0.164897435319468,
1.99));
#4120=CARTESIAN_POINT('Ctrl Pts',(-0.143520911840464,-0.164897435319468,
2.));
#4121=CARTESIAN_POINT('',(-0.1170316954753,-0.144923966650146,1.99));
#4122=CARTESIAN_POINT('',(-0.143520911840464,-0.164897435319468,1.99));
#4123=CARTESIAN_POINT('Ctrl Pts',(-0.117031695475303,-0.144923966650148,
1.99));
#4124=CARTESIAN_POINT('Ctrl Pts',(-0.134878869158558,-0.15895226457928,
1.99));
#4125=CARTESIAN_POINT('Ctrl Pts',(-0.138654269757061,-0.161731152222837,
1.99));
#4126=CARTESIAN_POINT('Ctrl Pts',(-0.143520911840464,-0.164897435319468,
1.99));
#4127=CARTESIAN_POINT('',(-0.1170316954753,-0.144923966650146,2.));
#4128=CARTESIAN_POINT('',(-0.1170316954753,-0.144923966650146,1.99));
#4129=CARTESIAN_POINT('',(-0.143520911840464,-0.164897435319468,2.));
#4130=CARTESIAN_POINT('Ctrl Pts',(-0.117031695475303,-0.144923966650148,
2.));
#4131=CARTESIAN_POINT('Ctrl Pts',(-0.134878869158558,-0.15895226457928,
2.));
#4132=CARTESIAN_POINT('Ctrl Pts',(-0.138654269757061,-0.161731152222837,
2.));
#4133=CARTESIAN_POINT('Ctrl Pts',(-0.143520911840464,-0.164897435319468,
2.));
#4134=CARTESIAN_POINT('',(-0.143520911840464,-0.164897435319468,1.99));
#4135=CARTESIAN_POINT('Ctrl Pts',(-0.110131477026012,-0.136512539994766,
1.99));
#4136=CARTESIAN_POINT('Ctrl Pts',(-0.110131477026012,-0.136512539994766,
2.));
#4137=CARTESIAN_POINT('Ctrl Pts',(-0.110431484596887,-0.136887787559607,
1.99));
#4138=CARTESIAN_POINT('Ctrl Pts',(-0.110431484596887,-0.136887787559607,
2.));
#4139=CARTESIAN_POINT('Ctrl Pts',(-0.110734451204284,-0.137140178700901,
1.99));
#4140=CARTESIAN_POINT('Ctrl Pts',(-0.110734451204284,-0.137140178700901,
2.));
#4141=CARTESIAN_POINT('Ctrl Pts',(-0.111168845881458,-0.137604740405533,
1.99));
#4142=CARTESIAN_POINT('Ctrl Pts',(-0.111168845881458,-0.137604740405533,
2.));
#4143=CARTESIAN_POINT('Ctrl Pts',(-0.11124796586719,-0.13770351440046,1.99));
#4144=CARTESIAN_POINT('Ctrl Pts',(-0.11124796586719,-0.13770351440046,2.));
#4145=CARTESIAN_POINT('Ctrl Pts',(-0.11253107127044,-0.139305352993068,
1.99));
#4146=CARTESIAN_POINT('Ctrl Pts',(-0.11253107127044,-0.139305352993068,
2.));
#4147=CARTESIAN_POINT('Ctrl Pts',(-0.113129153081973,-0.140052002897918,
1.99));
#4148=CARTESIAN_POINT('Ctrl Pts',(-0.113129153081973,-0.140052002897918,
2.));
#4149=CARTESIAN_POINT('Ctrl Pts',(-0.114828721754104,-0.142173757418561,
1.99));
#4150=CARTESIAN_POINT('Ctrl Pts',(-0.114828721754104,-0.142173757418561,
2.));
#4151=CARTESIAN_POINT('Ctrl Pts',(-0.115930208614702,-0.143548862034354,
1.99));
#4152=CARTESIAN_POINT('Ctrl Pts',(-0.115930208614702,-0.143548862034354,
2.));
#4153=CARTESIAN_POINT('Ctrl Pts',(-0.1170316954753,-0.144923966650146,1.99));
#4154=CARTESIAN_POINT('Ctrl Pts',(-0.1170316954753,-0.144923966650146,2.));
#4155=CARTESIAN_POINT('',(-0.110131477026012,-0.136512539994766,1.99));
#4156=CARTESIAN_POINT('Ctrl Pts',(-0.110131477026012,-0.136512539994766,
1.99));
#4157=CARTESIAN_POINT('Ctrl Pts',(-0.110431484596887,-0.136887787559607,
1.99));
#4158=CARTESIAN_POINT('Ctrl Pts',(-0.110734451204284,-0.137140178700901,
1.99));
#4159=CARTESIAN_POINT('Ctrl Pts',(-0.111035143554709,-0.137461752970162,
1.99));
#4160=CARTESIAN_POINT('Ctrl Pts',(-0.111168845881458,-0.137604740405533,
1.99));
#4161=CARTESIAN_POINT('Ctrl Pts',(-0.11124796586719,-0.13770351440046,1.99));
#4162=CARTESIAN_POINT('Ctrl Pts',(-0.111932989458907,-0.138558703088217,
1.99));
#4163=CARTESIAN_POINT('Ctrl Pts',(-0.11253107127044,-0.139305352993068,
1.99));
#4164=CARTESIAN_POINT('Ctrl Pts',(-0.113129153081973,-0.140052002897918,
1.99));
#4165=CARTESIAN_POINT('Ctrl Pts',(-0.113727234893505,-0.140798652802769,
1.99));
#4166=CARTESIAN_POINT('Ctrl Pts',(-0.114828721754104,-0.142173757418561,
1.99));
#4167=CARTESIAN_POINT('Ctrl Pts',(-0.115930208614702,-0.143548862034354,
1.99));
#4168=CARTESIAN_POINT('Ctrl Pts',(-0.1170316954753,-0.144923966650146,1.99));
#4169=CARTESIAN_POINT('',(-0.110131477026012,-0.136512539994766,2.));
#4170=CARTESIAN_POINT('',(-0.110131477026012,-0.136512539994766,1.99));
#4171=CARTESIAN_POINT('Ctrl Pts',(-0.110131477026012,-0.136512539994766,
2.));
#4172=CARTESIAN_POINT('Ctrl Pts',(-0.110431484596887,-0.136887787559607,
2.));
#4173=CARTESIAN_POINT('Ctrl Pts',(-0.110734451204284,-0.137140178700901,
2.));
#4174=CARTESIAN_POINT('Ctrl Pts',(-0.111035143554709,-0.137461752970162,
2.));
#4175=CARTESIAN_POINT('Ctrl Pts',(-0.111168845881458,-0.137604740405533,
2.));
#4176=CARTESIAN_POINT('Ctrl Pts',(-0.11124796586719,-0.13770351440046,2.));
#4177=CARTESIAN_POINT('Ctrl Pts',(-0.111932989458907,-0.138558703088217,
2.));
#4178=CARTESIAN_POINT('Ctrl Pts',(-0.11253107127044,-0.139305352993068,
2.));
#4179=CARTESIAN_POINT('Ctrl Pts',(-0.113129153081973,-0.140052002897918,
2.));
#4180=CARTESIAN_POINT('Ctrl Pts',(-0.113727234893505,-0.140798652802769,
2.));
#4181=CARTESIAN_POINT('Ctrl Pts',(-0.114828721754104,-0.142173757418561,
2.));
#4182=CARTESIAN_POINT('Ctrl Pts',(-0.115930208614702,-0.143548862034354,
2.));
#4183=CARTESIAN_POINT('Ctrl Pts',(-0.1170316954753,-0.144923966650146,2.));
#4184=CARTESIAN_POINT('Ctrl Pts',(-0.0856852947750335,-0.101238530290176,
1.99));
#4185=CARTESIAN_POINT('Ctrl Pts',(-0.0856852947750335,-0.101238530290176,
2.));
#4186=CARTESIAN_POINT('Ctrl Pts',(-0.0924157463588972,-0.114016335618543,
1.99));
#4187=CARTESIAN_POINT('Ctrl Pts',(-0.0924157463588972,-0.114016335618543,
2.));
#4188=CARTESIAN_POINT('Ctrl Pts',(-0.100618976263071,-0.125907567155409,
1.99));
#4189=CARTESIAN_POINT('Ctrl Pts',(-0.100618976263071,-0.125907567155409,
2.));
#4190=CARTESIAN_POINT('Ctrl Pts',(-0.110131477026012,-0.136512539994766,
1.99));
#4191=CARTESIAN_POINT('Ctrl Pts',(-0.110131477026012,-0.136512539994766,
2.));
#4192=CARTESIAN_POINT('',(-0.0856852947750335,-0.101238530290176,1.99));
#4193=CARTESIAN_POINT('Ctrl Pts',(-0.0856852947750335,-0.101238530290176,
1.99));
#4194=CARTESIAN_POINT('Ctrl Pts',(-0.0924157463588972,-0.114016335618543,
1.99));
#4195=CARTESIAN_POINT('Ctrl Pts',(-0.100618976263071,-0.125907567155409,
1.99));
#4196=CARTESIAN_POINT('Ctrl Pts',(-0.110131477026012,-0.136512539994766,
1.99));
#4197=CARTESIAN_POINT('',(-0.0856852947750335,-0.101238530290176,2.));
#4198=CARTESIAN_POINT('',(-0.0856852947750335,-0.101238530290176,1.99));
#4199=CARTESIAN_POINT('Ctrl Pts',(-0.0856852947750335,-0.101238530290176,
2.));
#4200=CARTESIAN_POINT('Ctrl Pts',(-0.0924157463588972,-0.114016335618543,
2.));
#4201=CARTESIAN_POINT('Ctrl Pts',(-0.100618976263071,-0.125907567155409,
2.));
#4202=CARTESIAN_POINT('Ctrl Pts',(-0.110131477026012,-0.136512539994766,
2.));
#4203=CARTESIAN_POINT('Ctrl Pts',(-0.0518852745571391,-0.0182154971480833,
1.99));
#4204=CARTESIAN_POINT('Ctrl Pts',(-0.0518852745571391,-0.0182154971480833,
2.));
#4205=CARTESIAN_POINT('Ctrl Pts',(-0.0714674126186621,-0.085992367875625,
1.99));
#4206=CARTESIAN_POINT('Ctrl Pts',(-0.0714674126186621,-0.085992367875625,
2.));
#4207=CARTESIAN_POINT('Ctrl Pts',(-0.0855254208126315,-0.101502564561411,
1.99));
#4208=CARTESIAN_POINT('Ctrl Pts',(-0.0855254208126315,-0.101502564561411,
2.));
#4209=CARTESIAN_POINT('Ctrl Pts',(-0.0856852947750335,-0.101238530290176,
1.99));
#4210=CARTESIAN_POINT('Ctrl Pts',(-0.0856852947750335,-0.101238530290176,
2.));
#4211=CARTESIAN_POINT('',(-0.0518852745571391,-0.0182154971480833,1.99));
#4212=CARTESIAN_POINT('Ctrl Pts',(-0.0518852745571391,-0.0182154971480833,
1.99));
#4213=CARTESIAN_POINT('Ctrl Pts',(-0.0714674126186621,-0.085992367875625,
1.99));
#4214=CARTESIAN_POINT('Ctrl Pts',(-0.0855254208126315,-0.101502564561411,
1.99));
#4215=CARTESIAN_POINT('Ctrl Pts',(-0.0856852947750335,-0.101238530290176,
1.99));
#4216=CARTESIAN_POINT('',(-0.0518852745571391,-0.0182154971480833,2.));
#4217=CARTESIAN_POINT('',(-0.0518852745571391,-0.0182154971480833,1.99));
#4218=CARTESIAN_POINT('Ctrl Pts',(-0.0518852745571391,-0.0182154971480833,
2.));
#4219=CARTESIAN_POINT('Ctrl Pts',(-0.0714674126186621,-0.085992367875625,
2.));
#4220=CARTESIAN_POINT('Ctrl Pts',(-0.0855254208126315,-0.101502564561411,
2.));
#4221=CARTESIAN_POINT('Ctrl Pts',(-0.0856852947750335,-0.101238530290176,
2.));
#4222=CARTESIAN_POINT('Ctrl Pts',(-0.0871617065944931,0.0708754795670027,
1.99));
#4223=CARTESIAN_POINT('Ctrl Pts',(-0.0871617065944931,0.0708754795670027,
2.));
#4224=CARTESIAN_POINT('Ctrl Pts',(-0.0706886326351421,0.0435830563187142,
1.99));
#4225=CARTESIAN_POINT('Ctrl Pts',(-0.0706886326351421,0.0435830563187142,
2.));
#4226=CARTESIAN_POINT('Ctrl Pts',(-0.0609472214260354,0.01342743574376,
1.99));
#4227=CARTESIAN_POINT('Ctrl Pts',(-0.0609472214260354,0.01342743574376,
2.));
#4228=CARTESIAN_POINT('Ctrl Pts',(-0.0518852745571391,-0.0182154971480833,
1.99));
#4229=CARTESIAN_POINT('Ctrl Pts',(-0.0518852745571391,-0.0182154971480833,
2.));
#4230=CARTESIAN_POINT('',(-0.0871617065944931,0.0708754795670027,1.99));
#4231=CARTESIAN_POINT('Ctrl Pts',(-0.0871617065944931,0.0708754795670027,
1.99));
#4232=CARTESIAN_POINT('Ctrl Pts',(-0.0706886326351421,0.0435830563187142,
1.99));
#4233=CARTESIAN_POINT('Ctrl Pts',(-0.0609472214260354,0.01342743574376,
1.99));
#4234=CARTESIAN_POINT('Ctrl Pts',(-0.0518852745571391,-0.0182154971480833,
1.99));
#4235=CARTESIAN_POINT('',(-0.0871617065944931,0.0708754795670027,2.));
#4236=CARTESIAN_POINT('',(-0.0871617065944931,0.0708754795670027,1.99));
#4237=CARTESIAN_POINT('Ctrl Pts',(-0.0871617065944931,0.0708754795670027,
2.));
#4238=CARTESIAN_POINT('Ctrl Pts',(-0.0706886326351421,0.0435830563187142,
2.));
#4239=CARTESIAN_POINT('Ctrl Pts',(-0.0609472214260354,0.01342743574376,
2.));
#4240=CARTESIAN_POINT('Ctrl Pts',(-0.0518852745571391,-0.0182154971480833,
2.));
#4241=CARTESIAN_POINT('Ctrl Pts',(-0.150575956014659,0.136094366896108,
1.99));
#4242=CARTESIAN_POINT('Ctrl Pts',(-0.150575956014659,0.136094366896108,
2.));
#4243=CARTESIAN_POINT('Ctrl Pts',(-0.123903649953869,0.120964476454209,
1.99));
#4244=CARTESIAN_POINT('Ctrl Pts',(-0.123903649953869,0.120964476454209,
2.));
#4245=CARTESIAN_POINT('Ctrl Pts',(-0.102072375921274,0.0981339901566056,
1.99));
#4246=CARTESIAN_POINT('Ctrl Pts',(-0.102072375921274,0.0981339901566056,
2.));
#4247=CARTESIAN_POINT('Ctrl Pts',(-0.0871617065944931,0.0708754795670027,
1.99));
#4248=CARTESIAN_POINT('Ctrl Pts',(-0.0871617065944931,0.0708754795670027,
2.));
#4249=CARTESIAN_POINT('',(-0.150575956014659,0.136094366896108,1.99));
#4250=CARTESIAN_POINT('Ctrl Pts',(-0.150575956014659,0.136094366896108,
1.99));
#4251=CARTESIAN_POINT('Ctrl Pts',(-0.123903649953869,0.120964476454209,
1.99));
#4252=CARTESIAN_POINT('Ctrl Pts',(-0.102072375921274,0.0981339901566056,
1.99));
#4253=CARTESIAN_POINT('Ctrl Pts',(-0.0871617065944931,0.0708754795670027,
1.99));
#4254=CARTESIAN_POINT('',(-0.150575956014659,0.136094366896108,2.));
#4255=CARTESIAN_POINT('',(-0.150575956014659,0.136094366896108,1.99));
#4256=CARTESIAN_POINT('Ctrl Pts',(-0.150575956014659,0.136094366896108,
2.));
#4257=CARTESIAN_POINT('Ctrl Pts',(-0.123903649953869,0.120964476454209,
2.));
#4258=CARTESIAN_POINT('Ctrl Pts',(-0.102072375921274,0.0981339901566056,
2.));
#4259=CARTESIAN_POINT('Ctrl Pts',(-0.0871617065944931,0.0708754795670027,
2.));
#4260=CARTESIAN_POINT('Ctrl Pts',(-0.195449670461681,0.152830263960314,
1.99));
#4261=CARTESIAN_POINT('Ctrl Pts',(-0.195449670461681,0.152830263960314,
2.));
#4262=CARTESIAN_POINT('Ctrl Pts',(-0.179356902746226,0.149623095381214,
1.99));
#4263=CARTESIAN_POINT('Ctrl Pts',(-0.179356902746226,0.149623095381214,
2.));
#4264=CARTESIAN_POINT('Ctrl Pts',(-0.16430452695277,0.143923346388292,1.99));
#4265=CARTESIAN_POINT('Ctrl Pts',(-0.16430452695277,0.143923346388292,2.));
#4266=CARTESIAN_POINT('Ctrl Pts',(-0.150575956014659,0.136094366896108,
1.99));
#4267=CARTESIAN_POINT('Ctrl Pts',(-0.150575956014659,0.136094366896108,
2.));
#4268=CARTESIAN_POINT('',(-0.195449670461681,0.152830263960314,1.99));
#4269=CARTESIAN_POINT('Ctrl Pts',(-0.195449670461681,0.152830263960314,
1.99));
#4270=CARTESIAN_POINT('Ctrl Pts',(-0.179356902746226,0.149623095381214,
1.99));
#4271=CARTESIAN_POINT('Ctrl Pts',(-0.16430452695277,0.143923346388292,1.99));
#4272=CARTESIAN_POINT('Ctrl Pts',(-0.150575956014659,0.136094366896108,
1.99));
#4273=CARTESIAN_POINT('',(-0.195449670461681,0.152830263960314,2.));
#4274=CARTESIAN_POINT('',(-0.195449670461681,0.152830263960314,1.99));
#4275=CARTESIAN_POINT('Ctrl Pts',(-0.195449670461681,0.152830263960314,
2.));
#4276=CARTESIAN_POINT('Ctrl Pts',(-0.179356902746226,0.149623095381214,
2.));
#4277=CARTESIAN_POINT('Ctrl Pts',(-0.16430452695277,0.143923346388292,2.));
#4278=CARTESIAN_POINT('Ctrl Pts',(-0.150575956014659,0.136094366896108,
2.));
#4279=CARTESIAN_POINT('Ctrl Pts',(-0.204896782825522,0.154491888975021,
1.99));
#4280=CARTESIAN_POINT('Ctrl Pts',(-0.204896782825522,0.154491888975021,
2.));
#4281=CARTESIAN_POINT('Ctrl Pts',(-0.201389946022277,0.153954610113911,
1.99));
#4282=CARTESIAN_POINT('Ctrl Pts',(-0.201389946022277,0.153954610113911,
2.));
#4283=CARTESIAN_POINT('Ctrl Pts',(-0.198370305545769,0.153441939733319,
1.99));
#4284=CARTESIAN_POINT('Ctrl Pts',(-0.198370305545769,0.153441939733319,
2.));
#4285=CARTESIAN_POINT('Ctrl Pts',(-0.195449670461681,0.152830263960314,
1.99));
#4286=CARTESIAN_POINT('Ctrl Pts',(-0.195449670461681,0.152830263960314,
2.));
#4287=CARTESIAN_POINT('',(-0.204896782825522,0.154491888975021,1.99));
#4288=CARTESIAN_POINT('Ctrl Pts',(-0.204896782825522,0.154491888975021,
1.99));
#4289=CARTESIAN_POINT('Ctrl Pts',(-0.201389946022277,0.153954610113911,
1.99));
#4290=CARTESIAN_POINT('Ctrl Pts',(-0.198370305545769,0.153441939733319,
1.99));
#4291=CARTESIAN_POINT('Ctrl Pts',(-0.195449670461681,0.152830263960314,
1.99));
#4292=CARTESIAN_POINT('',(-0.204896782825522,0.154491888975021,2.));
#4293=CARTESIAN_POINT('',(-0.204896782825522,0.154491888975021,1.99));
#4294=CARTESIAN_POINT('Ctrl Pts',(-0.204896782825522,0.154491888975021,
2.));
#4295=CARTESIAN_POINT('Ctrl Pts',(-0.201389946022277,0.153954610113911,
2.));
#4296=CARTESIAN_POINT('Ctrl Pts',(-0.198370305545769,0.153441939733319,
2.));
#4297=CARTESIAN_POINT('Ctrl Pts',(-0.195449670461681,0.152830263960314,
2.));
#4298=CARTESIAN_POINT('Ctrl Pts',(-0.224572166112925,0.155783087599234,
1.99));
#4299=CARTESIAN_POINT('Ctrl Pts',(-0.224572166112925,0.155783087599234,
2.));
#4300=CARTESIAN_POINT('Ctrl Pts',(-0.219749052040153,0.155783087599234,
1.99));
#4301=CARTESIAN_POINT('Ctrl Pts',(-0.219749052040153,0.155783087599234,
2.));
#4302=CARTESIAN_POINT('Ctrl Pts',(-0.215899463806242,0.155474070377736,
1.99));
#4303=CARTESIAN_POINT('Ctrl Pts',(-0.215899463806242,0.155474070377736,
2.));
#4304=CARTESIAN_POINT('Ctrl Pts',(-0.204896782825522,0.154491888975021,
1.99));
#4305=CARTESIAN_POINT('Ctrl Pts',(-0.204896782825522,0.154491888975021,
2.));
#4306=CARTESIAN_POINT('',(-0.224572166112925,0.155783087599234,1.99));
#4307=CARTESIAN_POINT('Ctrl Pts',(-0.224572166112925,0.155783087599234,
1.99));
#4308=CARTESIAN_POINT('Ctrl Pts',(-0.219749052040153,0.155783087599234,
1.99));
#4309=CARTESIAN_POINT('Ctrl Pts',(-0.215899463806242,0.155474070377736,
1.99));
#4310=CARTESIAN_POINT('Ctrl Pts',(-0.204896782825522,0.154491888975021,
1.99));
#4311=CARTESIAN_POINT('',(-0.224572166112925,0.155783087599234,2.));
#4312=CARTESIAN_POINT('',(-0.224572166112925,0.155783087599234,1.99));
#4313=CARTESIAN_POINT('Ctrl Pts',(-0.224572166112925,0.155783087599234,
2.));
#4314=CARTESIAN_POINT('Ctrl Pts',(-0.219749052040153,0.155783087599234,
2.));
#4315=CARTESIAN_POINT('Ctrl Pts',(-0.215899463806242,0.155474070377736,
2.));
#4316=CARTESIAN_POINT('Ctrl Pts',(-0.204896782825522,0.154491888975021,
2.));
#4317=CARTESIAN_POINT('Ctrl Pts',(-0.385281833318735,-0.016657937181043,
1.99));
#4318=CARTESIAN_POINT('Ctrl Pts',(-0.385281833318735,-0.016657937181043,
2.));
#4319=CARTESIAN_POINT('Ctrl Pts',(-0.385281833318735,0.0735618466019147,
1.99));
#4320=CARTESIAN_POINT('Ctrl Pts',(-0.385281833318735,0.0735618466019147,
2.));
#4321=CARTESIAN_POINT('Ctrl Pts',(-0.317691482213998,0.155618368971302,
1.99));
#4322=CARTESIAN_POINT('Ctrl Pts',(-0.317691482213998,0.155618368971302,
2.));
#4323=CARTESIAN_POINT('Ctrl Pts',(-0.224572166112925,0.155783087599234,
1.99));
#4324=CARTESIAN_POINT('Ctrl Pts',(-0.224572166112925,0.155783087599234,
2.));
#4325=CARTESIAN_POINT('',(-0.385281833318735,-0.016657937181043,1.99));
#4326=CARTESIAN_POINT('Ctrl Pts',(-0.385281833318735,-0.016657937181043,
1.99));
#4327=CARTESIAN_POINT('Ctrl Pts',(-0.385281833318735,0.0735618466019147,
1.99));
#4328=CARTESIAN_POINT('Ctrl Pts',(-0.317691482213998,0.155618368971302,
1.99));
#4329=CARTESIAN_POINT('Ctrl Pts',(-0.224572166112925,0.155783087599234,
1.99));
#4330=CARTESIAN_POINT('',(-0.385281833318735,-0.016657937181043,2.));
#4331=CARTESIAN_POINT('',(-0.385281833318735,-0.016657937181043,1.99));
#4332=CARTESIAN_POINT('Ctrl Pts',(-0.385281833318735,-0.016657937181043,
2.));
#4333=CARTESIAN_POINT('Ctrl Pts',(-0.385281833318735,0.0735618466019147,
2.));
#4334=CARTESIAN_POINT('Ctrl Pts',(-0.317691482213998,0.155618368971302,
2.));
#4335=CARTESIAN_POINT('Ctrl Pts',(-0.224572166112925,0.155783087599234,
2.));
#4336=CARTESIAN_POINT('Ctrl Pts',(-0.235245859798747,-0.188769524705455,
1.99));
#4337=CARTESIAN_POINT('Ctrl Pts',(-0.235245859798747,-0.188769524705455,
2.));
#4338=CARTESIAN_POINT('Ctrl Pts',(-0.259538355273705,-0.186005325401379,
1.99));
#4339=CARTESIAN_POINT('Ctrl Pts',(-0.259538355273705,-0.186005325401379,
2.));
#4340=CARTESIAN_POINT('Ctrl Pts',(-0.270634835224622,-0.182500989740869,
1.99));
#4341=CARTESIAN_POINT('Ctrl Pts',(-0.270634835224622,-0.182500989740869,
2.));
#4342=CARTESIAN_POINT('Ctrl Pts',(-0.302539619882385,-0.169098299323062,
1.99));
#4343=CARTESIAN_POINT('Ctrl Pts',(-0.302539619882385,-0.169098299323062,
2.));
#4344=CARTESIAN_POINT('Ctrl Pts',(-0.31985301905099,-0.15712599042912,1.99));
#4345=CARTESIAN_POINT('Ctrl Pts',(-0.31985301905099,-0.15712599042912,2.));
#4346=CARTESIAN_POINT('Ctrl Pts',(-0.350880193100696,-0.12563423159182,
1.99));
#4347=CARTESIAN_POINT('Ctrl Pts',(-0.350880193100696,-0.12563423159182,
2.));
#4348=CARTESIAN_POINT('Ctrl Pts',(-0.363675933355633,-0.105700769466099,
1.99));
#4349=CARTESIAN_POINT('Ctrl Pts',(-0.363675933355633,-0.105700769466099,
2.));
#4350=CARTESIAN_POINT('Ctrl Pts',(-0.380854872772851,-0.0626464637892413,
1.99));
#4351=CARTESIAN_POINT('Ctrl Pts',(-0.380854872772851,-0.0626464637892413,
2.));
#4352=CARTESIAN_POINT('Ctrl Pts',(-0.385281833318735,-0.039722090111203,
1.99));
#4353=CARTESIAN_POINT('Ctrl Pts',(-0.385281833318735,-0.039722090111203,
2.));
#4354=CARTESIAN_POINT('Ctrl Pts',(-0.385281833318735,-0.016657937181043,
1.99));
#4355=CARTESIAN_POINT('Ctrl Pts',(-0.385281833318735,-0.016657937181043,
2.));
#4356=CARTESIAN_POINT('',(-0.235245859798747,-0.188769524705455,1.99));
#4357=CARTESIAN_POINT('Ctrl Pts',(-0.235245859798747,-0.188769524705455,
1.99));
#4358=CARTESIAN_POINT('Ctrl Pts',(-0.259538355273705,-0.186005325401379,
1.99));
#4359=CARTESIAN_POINT('Ctrl Pts',(-0.270634835224622,-0.182500989740869,
1.99));
#4360=CARTESIAN_POINT('Ctrl Pts',(-0.283255695055946,-0.177199168119434,
1.99));
#4361=CARTESIAN_POINT('Ctrl Pts',(-0.302539619882385,-0.169098299323062,
1.99));
#4362=CARTESIAN_POINT('Ctrl Pts',(-0.31985301905099,-0.15712599042912,1.99));
#4363=CARTESIAN_POINT('Ctrl Pts',(-0.334526938015439,-0.142232351824257,
1.99));
#4364=CARTESIAN_POINT('Ctrl Pts',(-0.350880193100696,-0.12563423159182,
1.99));
#4365=CARTESIAN_POINT('Ctrl Pts',(-0.363675933355633,-0.105700769466099,
1.99));
#4366=CARTESIAN_POINT('Ctrl Pts',(-0.372320269350726,-0.0840361093105849,
1.99));
#4367=CARTESIAN_POINT('Ctrl Pts',(-0.380854872772851,-0.0626464637892413,
1.99));
#4368=CARTESIAN_POINT('Ctrl Pts',(-0.385281833318735,-0.039722090111203,
1.99));
#4369=CARTESIAN_POINT('Ctrl Pts',(-0.385281833318735,-0.016657937181043,
1.99));
#4370=CARTESIAN_POINT('',(-0.235245859798747,-0.188769524705455,2.));
#4371=CARTESIAN_POINT('',(-0.235245859798747,-0.188769524705455,1.99));
#4372=CARTESIAN_POINT('Ctrl Pts',(-0.235245859798747,-0.188769524705455,
2.));
#4373=CARTESIAN_POINT('Ctrl Pts',(-0.259538355273705,-0.186005325401379,
2.));
#4374=CARTESIAN_POINT('Ctrl Pts',(-0.270634835224622,-0.182500989740869,
2.));
#4375=CARTESIAN_POINT('Ctrl Pts',(-0.283255695055946,-0.177199168119434,
2.));
#4376=CARTESIAN_POINT('Ctrl Pts',(-0.302539619882385,-0.169098299323062,
2.));
#4377=CARTESIAN_POINT('Ctrl Pts',(-0.31985301905099,-0.15712599042912,2.));
#4378=CARTESIAN_POINT('Ctrl Pts',(-0.334526938015439,-0.142232351824257,
2.));
#4379=CARTESIAN_POINT('Ctrl Pts',(-0.350880193100696,-0.12563423159182,
2.));
#4380=CARTESIAN_POINT('Ctrl Pts',(-0.363675933355633,-0.105700769466099,
2.));
#4381=CARTESIAN_POINT('Ctrl Pts',(-0.372320269350726,-0.0840361093105849,
2.));
#4382=CARTESIAN_POINT('Ctrl Pts',(-0.380854872772851,-0.0626464637892413,
2.));
#4383=CARTESIAN_POINT('Ctrl Pts',(-0.385281833318735,-0.039722090111203,
2.));
#4384=CARTESIAN_POINT('Ctrl Pts',(-0.385281833318735,-0.016657937181043,
2.));
#4385=CARTESIAN_POINT('Ctrl Pts',(-0.143520911840464,-0.164897435319468,
1.99));
#4386=CARTESIAN_POINT('Ctrl Pts',(-0.143520911840464,-0.164897435319468,
2.));
#4387=CARTESIAN_POINT('Ctrl Pts',(-0.153684874068651,-0.171386870868101,
1.99));
#4388=CARTESIAN_POINT('Ctrl Pts',(-0.153684874068651,-0.171386870868101,
2.));
#4389=CARTESIAN_POINT('Ctrl Pts',(-0.164543109446959,-0.17665743212938,
1.99));
#4390=CARTESIAN_POINT('Ctrl Pts',(-0.164543109446959,-0.17665743212938,
2.));
#4391=CARTESIAN_POINT('Ctrl Pts',(-0.187730912000757,-0.184625805376353,
1.99));
#4392=CARTESIAN_POINT('Ctrl Pts',(-0.187730912000757,-0.184625805376353,
2.));
#4393=CARTESIAN_POINT('Ctrl Pts',(-0.199909698920616,-0.187170449214839,
1.99));
#4394=CARTESIAN_POINT('Ctrl Pts',(-0.199909698920616,-0.187170449214839,
2.));
#4395=CARTESIAN_POINT('Ctrl Pts',(-0.219951278506008,-0.188861872270315,
1.99));
#4396=CARTESIAN_POINT('Ctrl Pts',(-0.219951278506008,-0.188861872270315,
2.));
#4397=CARTESIAN_POINT('Ctrl Pts',(-0.227597368623614,-0.188769524705456,
1.99));
#4398=CARTESIAN_POINT('Ctrl Pts',(-0.227597368623614,-0.188769524705456,
2.));
#4399=CARTESIAN_POINT('Ctrl Pts',(-0.235245859798613,-0.188769524705456,
1.99));
#4400=CARTESIAN_POINT('Ctrl Pts',(-0.235245859798613,-0.188769524705456,
2.));
#4401=CARTESIAN_POINT('Ctrl Pts',(-0.143520911840464,-0.164897435319468,
1.99));
#4402=CARTESIAN_POINT('Ctrl Pts',(-0.153684874068651,-0.171386870868101,
1.99));
#4403=CARTESIAN_POINT('Ctrl Pts',(-0.164543109446959,-0.17665743212938,
1.99));
#4404=CARTESIAN_POINT('Ctrl Pts',(-0.187730912000757,-0.184625805376353,
1.99));
#4405=CARTESIAN_POINT('Ctrl Pts',(-0.199909698920616,-0.187170449214839,
1.99));
#4406=CARTESIAN_POINT('Ctrl Pts',(-0.219951278506008,-0.188861872270315,
1.99));
#4407=CARTESIAN_POINT('Ctrl Pts',(-0.227597368623614,-0.188769524705456,
1.99));
#4408=CARTESIAN_POINT('Ctrl Pts',(-0.235245859798613,-0.188769524705456,
1.99));
#4409=CARTESIAN_POINT('Ctrl Pts',(-0.143520911840464,-0.164897435319468,
2.));
#4410=CARTESIAN_POINT('Ctrl Pts',(-0.153684874068651,-0.171386870868101,
2.));
#4411=CARTESIAN_POINT('Ctrl Pts',(-0.164543109446959,-0.17665743212938,
2.));
#4412=CARTESIAN_POINT('Ctrl Pts',(-0.187730912000757,-0.184625805376353,
2.));
#4413=CARTESIAN_POINT('Ctrl Pts',(-0.199909698920616,-0.187170449214839,
2.));
#4414=CARTESIAN_POINT('Ctrl Pts',(-0.219951278506008,-0.188861872270315,
2.));
#4415=CARTESIAN_POINT('Ctrl Pts',(-0.227597368623614,-0.188769524705456,
2.));
#4416=CARTESIAN_POINT('Ctrl Pts',(-0.235245859798613,-0.188769524705456,
2.));
#4417=CARTESIAN_POINT('Ctrl Pts',(0.161654259057973,0.136094366896107,1.99));
#4418=CARTESIAN_POINT('Ctrl Pts',(0.121448823829545,0.113293264147012,1.99));
#4419=CARTESIAN_POINT('Ctrl Pts',(0.0982400096378065,0.0708754795670029,
1.99));
#4420=CARTESIAN_POINT('Ctrl Pts',(0.161654259057973,0.136094366896107,2.));
#4421=CARTESIAN_POINT('Ctrl Pts',(0.121448823829545,0.113293264147012,2.));
#4422=CARTESIAN_POINT('Ctrl Pts',(0.0982400096378065,0.0708754795670029,
2.));
#4423=CARTESIAN_POINT('',(0.0982400096378067,0.0708754795670027,1.99));
#4424=CARTESIAN_POINT('',(0.161654259057973,0.136094366896108,1.99));
#4425=CARTESIAN_POINT('Origin',(0.229296548605606,-0.0111793883027403,1.99));
#4426=CARTESIAN_POINT('',(0.0982400096378067,0.0708754795670027,2.));
#4427=CARTESIAN_POINT('',(0.0982400096378067,0.0708754795670027,1.99));
#4428=CARTESIAN_POINT('',(0.161654259057973,0.136094366896108,2.));
#4429=CARTESIAN_POINT('Origin',(0.229296548605606,-0.0111793883027403,2.));
#4430=CARTESIAN_POINT('',(0.161654259057973,0.136094366896108,1.99));
#4431=CARTESIAN_POINT('Ctrl Pts',(0.0630471480807993,-0.0181355601668834,
1.99));
#4432=CARTESIAN_POINT('Ctrl Pts',(0.0630471480807993,-0.0181355601668834,
2.));
#4433=CARTESIAN_POINT('Ctrl Pts',(0.0721042502841707,0.0134855717300894,
1.99));
#4434=CARTESIAN_POINT('Ctrl Pts',(0.0721042502841707,0.0134855717300894,
2.));
#4435=CARTESIAN_POINT('Ctrl Pts',(0.0817790473422741,0.0436024349808237,
1.99));
#4436=CARTESIAN_POINT('Ctrl Pts',(0.0817790473422741,0.0436024349808237,
2.));
#4437=CARTESIAN_POINT('Ctrl Pts',(0.0982400096378067,0.0708754795670027,
1.99));
#4438=CARTESIAN_POINT('Ctrl Pts',(0.0982400096378067,0.0708754795670027,
2.));
#4439=CARTESIAN_POINT('',(0.0630471480807993,-0.0181355601668834,1.99));
#4440=CARTESIAN_POINT('Ctrl Pts',(0.0630471480807993,-0.0181355601668834,
1.99));
#4441=CARTESIAN_POINT('Ctrl Pts',(0.0721042502841707,0.0134855717300894,
1.99));
#4442=CARTESIAN_POINT('Ctrl Pts',(0.0817790473422741,0.0436024349808237,
1.99));
#4443=CARTESIAN_POINT('Ctrl Pts',(0.0982400096378067,0.0708754795670027,
1.99));
#4444=CARTESIAN_POINT('',(0.0630471480807993,-0.0181355601668834,2.));
#4445=CARTESIAN_POINT('',(0.0630471480807993,-0.0181355601668834,1.99));
#4446=CARTESIAN_POINT('Ctrl Pts',(0.0630471480807993,-0.0181355601668834,
2.));
#4447=CARTESIAN_POINT('Ctrl Pts',(0.0721042502841707,0.0134855717300894,
2.));
#4448=CARTESIAN_POINT('Ctrl Pts',(0.0817790473422741,0.0436024349808237,
2.));
#4449=CARTESIAN_POINT('Ctrl Pts',(0.0982400096378067,0.0708754795670027,
2.));
#4450=CARTESIAN_POINT('Ctrl Pts',(0.0968459571323131,-0.101073811662244,
1.99));
#4451=CARTESIAN_POINT('Ctrl Pts',(0.0968459571323131,-0.101073811662244,
2.));
#4452=CARTESIAN_POINT('Ctrl Pts',(0.0966400588474033,-0.101391137254287,
1.99));
#4453=CARTESIAN_POINT('Ctrl Pts',(0.0966400588474033,-0.101391137254287,
2.));
#4454=CARTESIAN_POINT('Ctrl Pts',(0.0827310241183979,-0.0862636691451549,
1.99));
#4455=CARTESIAN_POINT('Ctrl Pts',(0.0827310241183979,-0.0862636691451549,
2.));
#4456=CARTESIAN_POINT('Ctrl Pts',(0.0630471480807993,-0.0181355601668834,
1.99));
#4457=CARTESIAN_POINT('Ctrl Pts',(0.0630471480807993,-0.0181355601668834,
2.));
#4458=CARTESIAN_POINT('',(0.0968459571323131,-0.101073811662244,1.99));
#4459=CARTESIAN_POINT('Ctrl Pts',(0.0968459571323131,-0.101073811662244,
1.99));
#4460=CARTESIAN_POINT('Ctrl Pts',(0.0966400588474033,-0.101391137254287,
1.99));
#4461=CARTESIAN_POINT('Ctrl Pts',(0.0827310241183979,-0.0862636691451549,
1.99));
#4462=CARTESIAN_POINT('Ctrl Pts',(0.0630471480807993,-0.0181355601668834,
1.99));
#4463=CARTESIAN_POINT('',(0.0968459571323131,-0.101073811662244,2.));
#4464=CARTESIAN_POINT('',(0.0968459571323131,-0.101073811662244,1.99));
#4465=CARTESIAN_POINT('Ctrl Pts',(0.0968459571323131,-0.101073811662244,
2.));
#4466=CARTESIAN_POINT('Ctrl Pts',(0.0966400588474033,-0.101391137254287,
2.));
#4467=CARTESIAN_POINT('Ctrl Pts',(0.0827310241183979,-0.0862636691451549,
2.));
#4468=CARTESIAN_POINT('Ctrl Pts',(0.0630471480807993,-0.0181355601668834,
2.));
#4469=CARTESIAN_POINT('Ctrl Pts',(0.0968459571323131,-0.101073811662243,
1.99));
#4470=CARTESIAN_POINT('Ctrl Pts',(0.107079624414356,-0.12050594207455,1.99));
#4471=CARTESIAN_POINT('Ctrl Pts',(0.121293350549672,-0.136347821366833,
1.99));
#4472=CARTESIAN_POINT('Ctrl Pts',(0.0968459571323131,-0.101073811662243,
2.));
#4473=CARTESIAN_POINT('Ctrl Pts',(0.107079624414356,-0.12050594207455,2.));
#4474=CARTESIAN_POINT('Ctrl Pts',(0.121293350549672,-0.136347821366833,
2.));
#4475=CARTESIAN_POINT('',(0.121293350549672,-0.136347821366834,1.99));
#4476=CARTESIAN_POINT('Origin',(0.214927811359821,-0.0232204274005723,1.99));
#4477=CARTESIAN_POINT('',(0.121293350549672,-0.136347821366834,2.));
#4478=CARTESIAN_POINT('',(0.121293350549672,-0.136347821366834,1.99));
#4479=CARTESIAN_POINT('Origin',(0.214927811359821,-0.0232204274005723,2.));
#4480=CARTESIAN_POINT('Ctrl Pts',(0.129329221345623,-0.144858157576748,
1.99));
#4481=CARTESIAN_POINT('Ctrl Pts',(0.129329221345623,-0.144858157576748,
2.));
#4482=CARTESIAN_POINT('Ctrl Pts',(0.127294944034964,-0.142685226573501,
1.99));
#4483=CARTESIAN_POINT('Ctrl Pts',(0.127294944034964,-0.142685226573501,
2.));
#4484=CARTESIAN_POINT('Ctrl Pts',(0.125278543654352,-0.140495803169745,
1.99));
#4485=CARTESIAN_POINT('Ctrl Pts',(0.125278543654352,-0.140495803169745,
2.));
#4486=CARTESIAN_POINT('Ctrl Pts',(0.122714284808304,-0.137847950804077,
1.99));
#4487=CARTESIAN_POINT('Ctrl Pts',(0.122714284808304,-0.137847950804077,
2.));
#4488=CARTESIAN_POINT('Ctrl Pts',(0.121924202379434,-0.137032180001007,
1.99));
#4489=CARTESIAN_POINT('Ctrl Pts',(0.121924202379434,-0.137032180001007,
2.));
#4490=CARTESIAN_POINT('Ctrl Pts',(0.121293350549672,-0.136347821366834,
1.99));
#4491=CARTESIAN_POINT('Ctrl Pts',(0.121293350549672,-0.136347821366834,
2.));
#4492=CARTESIAN_POINT('',(0.12932922134746,-0.144858157573476,1.99));
#4493=CARTESIAN_POINT('Ctrl Pts',(0.129329221345623,-0.144858157576748,
1.99));
#4494=CARTESIAN_POINT('Ctrl Pts',(0.127294944034964,-0.142685226573501,
1.99));
#4495=CARTESIAN_POINT('Ctrl Pts',(0.125278543654352,-0.140495803169745,
1.99));
#4496=CARTESIAN_POINT('Ctrl Pts',(0.122714284808304,-0.137847950804077,
1.99));
#4497=CARTESIAN_POINT('Ctrl Pts',(0.121924202379434,-0.137032180001007,
1.99));
#4498=CARTESIAN_POINT('Ctrl Pts',(0.121293350549672,-0.136347821366834,
1.99));
#4499=CARTESIAN_POINT('',(0.12932922134746,-0.144858157573476,2.));
#4500=CARTESIAN_POINT('',(0.12932922134746,-0.144858157573476,1.99));
#4501=CARTESIAN_POINT('Ctrl Pts',(0.129329221345623,-0.144858157576748,
2.));
#4502=CARTESIAN_POINT('Ctrl Pts',(0.127294944034964,-0.142685226573501,
2.));
#4503=CARTESIAN_POINT('Ctrl Pts',(0.125278543654352,-0.140495803169745,
2.));
#4504=CARTESIAN_POINT('Ctrl Pts',(0.122714284808304,-0.137847950804077,
2.));
#4505=CARTESIAN_POINT('Ctrl Pts',(0.121924202379434,-0.137032180001007,
2.));
#4506=CARTESIAN_POINT('Ctrl Pts',(0.121293350549672,-0.136347821366834,
2.));
#4507=CARTESIAN_POINT('Ctrl Pts',(0.129329221349297,-0.144858157570203,
1.99));
#4508=CARTESIAN_POINT('Ctrl Pts',(0.166274452119197,-0.179791677185143,
1.99));
#4509=CARTESIAN_POINT('Ctrl Pts',(0.213256002756094,-0.186964886796523,
1.99));
#4510=CARTESIAN_POINT('Ctrl Pts',(0.129329221349297,-0.144858157570203,
2.));
#4511=CARTESIAN_POINT('Ctrl Pts',(0.166274452119197,-0.179791677185143,
2.));
#4512=CARTESIAN_POINT('Ctrl Pts',(0.213256002756094,-0.186964886796523,
2.));
#4513=CARTESIAN_POINT('',(0.213256002756095,-0.186964886796523,1.99));
#4514=CARTESIAN_POINT('Origin',(0.268553143767909,0.103109647658386,1.99));
#4515=CARTESIAN_POINT('',(0.213256002756095,-0.186964886796523,2.));
#4516=CARTESIAN_POINT('',(0.213256002756095,-0.186964886796523,1.99));
#4517=CARTESIAN_POINT('Origin',(0.268553143767909,0.103109647658386,2.));
#4518=CARTESIAN_POINT('Ctrl Pts',(0.214101511225211,-0.187044263453871,
1.99));
#4519=CARTESIAN_POINT('Ctrl Pts',(0.214101511225211,-0.187044263453871,
2.));
#4520=CARTESIAN_POINT('Ctrl Pts',(0.213624364329269,-0.187018608724063,
1.99));
#4521=CARTESIAN_POINT('Ctrl Pts',(0.213624364329269,-0.187018608724063,
2.));
#4522=CARTESIAN_POINT('Ctrl Pts',(0.21343906106994,-0.186992870233035,1.99));
#4523=CARTESIAN_POINT('Ctrl Pts',(0.21343906106994,-0.186992870233035,2.));
#4524=CARTESIAN_POINT('Ctrl Pts',(0.213256002756095,-0.186964886796523,
1.99));
#4525=CARTESIAN_POINT('Ctrl Pts',(0.213256002756095,-0.186964886796523,
2.));
#4526=CARTESIAN_POINT('',(0.21410152815751,-0.187043948533624,1.99));
#4527=CARTESIAN_POINT('Ctrl Pts',(0.214101511225211,-0.187044263453871,
1.99));
#4528=CARTESIAN_POINT('Ctrl Pts',(0.213624364329269,-0.187018608724063,
1.99));
#4529=CARTESIAN_POINT('Ctrl Pts',(0.21343906106994,-0.186992870233035,1.99));
#4530=CARTESIAN_POINT('Ctrl Pts',(0.213256002756095,-0.186964886796523,
1.99));
#4531=CARTESIAN_POINT('',(0.21410152815751,-0.187043948533624,2.));
#4532=CARTESIAN_POINT('',(0.21410152815751,-0.187043948533624,1.99));
#4533=CARTESIAN_POINT('Ctrl Pts',(0.214101511225211,-0.187044263453871,
2.));
#4534=CARTESIAN_POINT('Ctrl Pts',(0.213624364329269,-0.187018608724063,
2.));
#4535=CARTESIAN_POINT('Ctrl Pts',(0.21343906106994,-0.186992870233035,2.));
#4536=CARTESIAN_POINT('Ctrl Pts',(0.213256002756095,-0.186964886796523,
2.));
#4537=CARTESIAN_POINT('Ctrl Pts',(0.221459232660268,-0.187868416917372,
1.99));
#4538=CARTESIAN_POINT('Ctrl Pts',(0.221459232660268,-0.187868416917372,
2.));
#4539=CARTESIAN_POINT('Ctrl Pts',(0.219016310068105,-0.187548668992568,
1.99));
#4540=CARTESIAN_POINT('Ctrl Pts',(0.219016310068105,-0.187548668992568,
2.));
#4541=CARTESIAN_POINT('Ctrl Pts',(0.216560064645741,-0.187364571702527,
1.99));
#4542=CARTESIAN_POINT('Ctrl Pts',(0.216560064645741,-0.187364571702527,
2.));
#4543=CARTESIAN_POINT('Ctrl Pts',(0.214158321710561,-0.187047246110484,
1.99));
#4544=CARTESIAN_POINT('Ctrl Pts',(0.214158321710561,-0.187047246110484,
2.));
#4545=CARTESIAN_POINT('',(0.221459232660268,-0.187868416917372,1.99));
#4546=CARTESIAN_POINT('Ctrl Pts',(0.221459232660268,-0.187868416917372,
1.99));
#4547=CARTESIAN_POINT('Ctrl Pts',(0.219016310068105,-0.187548668992568,
1.99));
#4548=CARTESIAN_POINT('Ctrl Pts',(0.216560064645741,-0.187364571702527,
1.99));
#4549=CARTESIAN_POINT('Ctrl Pts',(0.214158321710561,-0.187047246110484,
1.99));
#4550=CARTESIAN_POINT('',(0.221459232660268,-0.187868416917372,2.));
#4551=CARTESIAN_POINT('',(0.221459232660268,-0.187868416917372,1.99));
#4552=CARTESIAN_POINT('Ctrl Pts',(0.221459232660268,-0.187868416917372,
2.));
#4553=CARTESIAN_POINT('Ctrl Pts',(0.219016310068105,-0.187548668992568,
2.));
#4554=CARTESIAN_POINT('Ctrl Pts',(0.216560064645741,-0.187364571702527,
2.));
#4555=CARTESIAN_POINT('Ctrl Pts',(0.214158321710561,-0.187047246110484,
2.));
#4556=CARTESIAN_POINT('Ctrl Pts',(0.225454252212976,-0.188358772869966,
1.99));
#4557=CARTESIAN_POINT('Ctrl Pts',(0.225454252212976,-0.188358772869966,
2.));
#4558=CARTESIAN_POINT('Ctrl Pts',(0.223834457760829,-0.188268041200197,
1.99));
#4559=CARTESIAN_POINT('Ctrl Pts',(0.223834457760829,-0.188268041200197,
2.));
#4560=CARTESIAN_POINT('Ctrl Pts',(0.22266063249877,-0.188025068852182,1.99));
#4561=CARTESIAN_POINT('Ctrl Pts',(0.22266063249877,-0.188025068852182,2.));
#4562=CARTESIAN_POINT('Ctrl Pts',(0.221459232660268,-0.187868416917372,
1.99));
#4563=CARTESIAN_POINT('Ctrl Pts',(0.221459232660268,-0.187868416917372,
2.));
#4564=CARTESIAN_POINT('',(0.225454256734091,-0.188358693854065,1.99));
#4565=CARTESIAN_POINT('Ctrl Pts',(0.225454252212976,-0.188358772869966,
1.99));
#4566=CARTESIAN_POINT('Ctrl Pts',(0.223834457760829,-0.188268041200197,
1.99));
#4567=CARTESIAN_POINT('Ctrl Pts',(0.22266063249877,-0.188025068852182,1.99));
#4568=CARTESIAN_POINT('Ctrl Pts',(0.221459232660268,-0.187868416917372,
1.99));
#4569=CARTESIAN_POINT('',(0.225455384404689,-0.188359480663054,2.));
#4570=CARTESIAN_POINT('',(0.225454253740314,-0.188358745603047,1.99));
#4571=CARTESIAN_POINT('Ctrl Pts',(0.225454252212976,-0.188358772869966,
2.));
#4572=CARTESIAN_POINT('Ctrl Pts',(0.223834457760829,-0.188268041200197,
2.));
#4573=CARTESIAN_POINT('Ctrl Pts',(0.22266063249877,-0.188025068852182,2.));
#4574=CARTESIAN_POINT('Ctrl Pts',(0.221459232660268,-0.187868416917372,
2.));
#4575=CARTESIAN_POINT('Ctrl Pts',(0.22545412345106,-0.188358606621016,1.99));
#4576=CARTESIAN_POINT('Ctrl Pts',(0.230762486745651,-0.188687169892429,
1.99));
#4577=CARTESIAN_POINT('Ctrl Pts',(0.235734039636586,-0.188687165391489,
1.99));
#4578=CARTESIAN_POINT('Ctrl Pts',(0.22545412345106,-0.188358606621016,2.));
#4579=CARTESIAN_POINT('Ctrl Pts',(0.230762486745651,-0.188687169892429,
2.));
#4580=CARTESIAN_POINT('Ctrl Pts',(0.235734039636586,-0.188687165391489,
2.));
#4581=CARTESIAN_POINT('',(0.235734039636586,-0.188687165391489,1.99));
#4582=CARTESIAN_POINT('Origin',(0.172270643150129,-0.131626774660402,1.99));
#4583=CARTESIAN_POINT('',(0.235734039636586,-0.188687165391489,2.));
#4584=CARTESIAN_POINT('',(0.235734039636586,-0.188687165391489,1.99));
#4585=CARTESIAN_POINT('Origin',(0.172270643150129,-0.131626774660402,2.));
#4586=CARTESIAN_POINT('Ctrl Pts',(0.373391577096913,-0.104683087480114,
1.99));
#4587=CARTESIAN_POINT('Ctrl Pts',(0.373391577096913,-0.104683087480114,
2.));
#4588=CARTESIAN_POINT('Ctrl Pts',(0.34600468287084,-0.153812840592909,1.99));
#4589=CARTESIAN_POINT('Ctrl Pts',(0.34600468287084,-0.153812840592909,2.));
#4590=CARTESIAN_POINT('Ctrl Pts',(0.296327482553456,-0.188687165391489,
1.99));
#4591=CARTESIAN_POINT('Ctrl Pts',(0.296327482553456,-0.188687165391489,
2.));
#4592=CARTESIAN_POINT('Ctrl Pts',(0.235734039636586,-0.188687165391489,
1.99));
#4593=CARTESIAN_POINT('Ctrl Pts',(0.235734039636586,-0.188687165391489,
2.));
#4594=CARTESIAN_POINT('',(0.373391577096913,-0.104683087480114,1.99));
#4595=CARTESIAN_POINT('Ctrl Pts',(0.373391577096913,-0.104683087480114,
1.99));
#4596=CARTESIAN_POINT('Ctrl Pts',(0.34600468287084,-0.153812840592909,1.99));
#4597=CARTESIAN_POINT('Ctrl Pts',(0.296327482553456,-0.188687165391489,
1.99));
#4598=CARTESIAN_POINT('Ctrl Pts',(0.235734039636586,-0.188687165391489,
1.99));
#4599=CARTESIAN_POINT('',(0.373391577096913,-0.104683087480114,2.));
#4600=CARTESIAN_POINT('',(0.373391577096913,-0.104683087480114,1.99));
#4601=CARTESIAN_POINT('Ctrl Pts',(0.373391577096913,-0.104683087480114,
2.));
#4602=CARTESIAN_POINT('Ctrl Pts',(0.34600468287084,-0.153812840592909,2.));
#4603=CARTESIAN_POINT('Ctrl Pts',(0.296327482553456,-0.188687165391489,
2.));
#4604=CARTESIAN_POINT('Ctrl Pts',(0.235734039636586,-0.188687165391489,
2.));
#4605=CARTESIAN_POINT('Origin',(0.496855455728507,-0.104683087480114,1.99));
#4606=CARTESIAN_POINT('',(0.496855455728507,-0.104683087480114,1.99));
#4607=CARTESIAN_POINT('',(0.496855455728507,-0.104683087480114,1.99));
#4608=CARTESIAN_POINT('',(0.496855455728507,-0.104683087480114,2.));
#4609=CARTESIAN_POINT('',(0.496855455728507,-0.104683087480114,1.99));
#4610=CARTESIAN_POINT('',(0.496855455728507,-0.104683087480114,2.));
#4611=CARTESIAN_POINT('Ctrl Pts',(0.275306954821717,-0.28918251603459,1.99));
#4612=CARTESIAN_POINT('Ctrl Pts',(0.275306954821717,-0.28918251603459,2.));
#4613=CARTESIAN_POINT('Ctrl Pts',(0.307681305231427,-0.285006240656062,
1.99));
#4614=CARTESIAN_POINT('Ctrl Pts',(0.307681305231427,-0.285006240656062,
2.));
#4615=CARTESIAN_POINT('Ctrl Pts',(0.338947809611032,-0.275479514853021,
1.99));
#4616=CARTESIAN_POINT('Ctrl Pts',(0.338947809611032,-0.275479514853021,
2.));
#4617=CARTESIAN_POINT('Ctrl Pts',(0.398051642349446,-0.24458043134031,1.99));
#4618=CARTESIAN_POINT('Ctrl Pts',(0.398051642349446,-0.24458043134031,2.));
#4619=CARTESIAN_POINT('Ctrl Pts',(0.424704648959608,-0.223209344094636,
1.99));
#4620=CARTESIAN_POINT('Ctrl Pts',(0.424704648959608,-0.223209344094636,
2.));
#4621=CARTESIAN_POINT('Ctrl Pts',(0.469385897173545,-0.169980357684016,
1.99));
#4622=CARTESIAN_POINT('Ctrl Pts',(0.469385897173545,-0.169980357684016,
2.));
#4623=CARTESIAN_POINT('Ctrl Pts',(0.48627444540119,-0.138594804888836,1.99));
#4624=CARTESIAN_POINT('Ctrl Pts',(0.48627444540119,-0.138594804888836,2.));
#4625=CARTESIAN_POINT('Ctrl Pts',(0.496855455728507,-0.104683087480114,
1.99));
#4626=CARTESIAN_POINT('Ctrl Pts',(0.496855455728507,-0.104683087480114,
2.));
#4627=CARTESIAN_POINT('',(0.275306954821717,-0.289182516034591,1.99));
#4628=CARTESIAN_POINT('Ctrl Pts',(0.275306954821717,-0.28918251603459,1.99));
#4629=CARTESIAN_POINT('Ctrl Pts',(0.307681305231427,-0.285006240656062,
1.99));
#4630=CARTESIAN_POINT('Ctrl Pts',(0.338947809611032,-0.275479514853021,
1.99));
#4631=CARTESIAN_POINT('Ctrl Pts',(0.367880457928124,-0.260353722240715,
1.99));
#4632=CARTESIAN_POINT('Ctrl Pts',(0.398051642349446,-0.24458043134031,1.99));
#4633=CARTESIAN_POINT('Ctrl Pts',(0.424704648959608,-0.223209344094636,
1.99));
#4634=CARTESIAN_POINT('Ctrl Pts',(0.446581253347503,-0.19714763981775,1.99));
#4635=CARTESIAN_POINT('Ctrl Pts',(0.469385897173545,-0.169980357684016,
1.99));
#4636=CARTESIAN_POINT('Ctrl Pts',(0.48627444540119,-0.138594804888836,1.99));
#4637=CARTESIAN_POINT('Ctrl Pts',(0.496855455728507,-0.104683087480114,
1.99));
#4638=CARTESIAN_POINT('',(0.275306954821717,-0.289182516034591,2.));
#4639=CARTESIAN_POINT('',(0.275306954821717,-0.289182516034591,1.99));
#4640=CARTESIAN_POINT('Ctrl Pts',(0.275306954821717,-0.28918251603459,2.));
#4641=CARTESIAN_POINT('Ctrl Pts',(0.307681305231427,-0.285006240656062,
2.));
#4642=CARTESIAN_POINT('Ctrl Pts',(0.338947809611032,-0.275479514853021,
2.));
#4643=CARTESIAN_POINT('Ctrl Pts',(0.367880457928124,-0.260353722240715,
2.));
#4644=CARTESIAN_POINT('Ctrl Pts',(0.398051642349446,-0.24458043134031,2.));
#4645=CARTESIAN_POINT('Ctrl Pts',(0.424704648959608,-0.223209344094636,
2.));
#4646=CARTESIAN_POINT('Ctrl Pts',(0.446581253347503,-0.19714763981775,2.));
#4647=CARTESIAN_POINT('Ctrl Pts',(0.469385897173545,-0.169980357684016,
2.));
#4648=CARTESIAN_POINT('Ctrl Pts',(0.48627444540119,-0.138594804888836,2.));
#4649=CARTESIAN_POINT('Ctrl Pts',(0.496855455728507,-0.104683087480114,
2.));
#4650=CARTESIAN_POINT('Ctrl Pts',(0.0348269713840233,-0.206406529557751,
1.99));
#4651=CARTESIAN_POINT('Ctrl Pts',(0.127703280559935,-0.307406164984782,
1.99));
#4652=CARTESIAN_POINT('Ctrl Pts',(0.275306954821718,-0.289182516034591,
1.99));
#4653=CARTESIAN_POINT('Ctrl Pts',(0.0348269713840233,-0.206406529557751,
2.));
#4654=CARTESIAN_POINT('Ctrl Pts',(0.127703280559935,-0.307406164984782,
2.));
#4655=CARTESIAN_POINT('Ctrl Pts',(0.275306954821718,-0.289182516034591,
2.));
#4656=CARTESIAN_POINT('',(0.0348269713840238,-0.20640652955775,1.99));
#4657=CARTESIAN_POINT('Origin',(0.286181867968781,0.0378386255272264,1.99));
#4658=CARTESIAN_POINT('',(0.0348269713840238,-0.20640652955775,2.));
#4659=CARTESIAN_POINT('',(0.0348269713840238,-0.20640652955775,1.99));
#4660=CARTESIAN_POINT('Origin',(0.286181867968781,0.0378386255272264,2.));
#4661=CARTESIAN_POINT('Origin',(0.218818837754308,-0.0333727071957693,1.99));
#4662=CARTESIAN_POINT('',(0.00553975710484711,-0.168671429765271,1.99));
#4663=CARTESIAN_POINT('Origin',(0.218818837754308,-0.0333727071957693,1.99));
#4664=CARTESIAN_POINT('',(0.00553975710484711,-0.168671429765271,2.));
#4665=CARTESIAN_POINT('',(0.00553975710484711,-0.168671429765271,1.99));
#4666=CARTESIAN_POINT('Origin',(0.218818837754308,-0.0333727071957693,2.));
#4667=CARTESIAN_POINT('Ctrl Pts',(-0.0227157713989945,-0.205459243647246,
1.99));
#4668=CARTESIAN_POINT('Ctrl Pts',(-0.0227157713989945,-0.205459243647246,
2.));
#4669=CARTESIAN_POINT('Ctrl Pts',(-0.0120840106431458,-0.193844075817991,
1.99));
#4670=CARTESIAN_POINT('Ctrl Pts',(-0.0120840106431458,-0.193844075817991,
2.));
#4671=CARTESIAN_POINT('Ctrl Pts',(-0.00269064942155367,-0.181659874650873,
1.99));
#4672=CARTESIAN_POINT('Ctrl Pts',(-0.00269064942155367,-0.181659874650873,
2.));
#4673=CARTESIAN_POINT('Ctrl Pts',(0.00553975710484711,-0.168671429765271,
1.99));
#4674=CARTESIAN_POINT('Ctrl Pts',(0.00553975710484711,-0.168671429765271,
2.));
#4675=CARTESIAN_POINT('',(-0.0227157713989945,-0.205459243647246,1.99));
#4676=CARTESIAN_POINT('Ctrl Pts',(-0.0227157713989945,-0.205459243647246,
1.99));
#4677=CARTESIAN_POINT('Ctrl Pts',(-0.0120840106431458,-0.193844075817991,
1.99));
#4678=CARTESIAN_POINT('Ctrl Pts',(-0.00269064942155367,-0.181659874650873,
1.99));
#4679=CARTESIAN_POINT('Ctrl Pts',(0.00553975710484711,-0.168671429765271,
1.99));
#4680=CARTESIAN_POINT('',(-0.0227157713989945,-0.205459243647246,2.));
#4681=CARTESIAN_POINT('',(-0.0227157713989945,-0.205459243647246,1.99));
#4682=CARTESIAN_POINT('Ctrl Pts',(-0.0227157713989945,-0.205459243647246,
2.));
#4683=CARTESIAN_POINT('Ctrl Pts',(-0.0120840106431458,-0.193844075817991,
2.));
#4684=CARTESIAN_POINT('Ctrl Pts',(-0.00269064942155367,-0.181659874650873,
2.));
#4685=CARTESIAN_POINT('Ctrl Pts',(0.00553975710484711,-0.168671429765271,
2.));
#4686=CARTESIAN_POINT('Ctrl Pts',(-0.0296543156185408,-0.212644036424209,
1.99));
#4687=CARTESIAN_POINT('Ctrl Pts',(-0.0296543156185408,-0.212644036424209,
2.));
#4688=CARTESIAN_POINT('Ctrl Pts',(-0.0272330211566996,-0.210358613162385,
1.99));
#4689=CARTESIAN_POINT('Ctrl Pts',(-0.0272330211566996,-0.210358613162385,
2.));
#4690=CARTESIAN_POINT('Ctrl Pts',(-0.0250281677648785,-0.207856281168534,
1.99));
#4691=CARTESIAN_POINT('Ctrl Pts',(-0.0250281677648785,-0.207856281168534,
2.));
#4692=CARTESIAN_POINT('Ctrl Pts',(-0.022715771398994,-0.205459243647246,
1.99));
#4693=CARTESIAN_POINT('Ctrl Pts',(-0.022715771398994,-0.205459243647246,
2.));
#4694=CARTESIAN_POINT('',(-0.0296543156185408,-0.212644036424209,1.99));
#4695=CARTESIAN_POINT('Ctrl Pts',(-0.0296543156185408,-0.212644036424209,
1.99));
#4696=CARTESIAN_POINT('Ctrl Pts',(-0.0272330211566996,-0.210358613162385,
1.99));
#4697=CARTESIAN_POINT('Ctrl Pts',(-0.0250281677648785,-0.207856281168534,
1.99));
#4698=CARTESIAN_POINT('Ctrl Pts',(-0.022715771398994,-0.205459243647246,
1.99));
#4699=CARTESIAN_POINT('',(-0.0296543156185408,-0.212644036424209,2.));
#4700=CARTESIAN_POINT('',(-0.0296543156185408,-0.212644036424209,1.99));
#4701=CARTESIAN_POINT('Ctrl Pts',(-0.0296543156185408,-0.212644036424209,
2.));
#4702=CARTESIAN_POINT('Ctrl Pts',(-0.0272330211566996,-0.210358613162385,
2.));
#4703=CARTESIAN_POINT('Ctrl Pts',(-0.0250281677648785,-0.207856281168534,
2.));
#4704=CARTESIAN_POINT('Ctrl Pts',(-0.022715771398994,-0.205459243647246,
2.));
#4705=CARTESIAN_POINT('Ctrl Pts',(-0.147444341759611,-0.281221206620701,
1.99));
#4706=CARTESIAN_POINT('Ctrl Pts',(-0.078466949566556,-0.262033081911549,
1.99));
#4707=CARTESIAN_POINT('Ctrl Pts',(-0.0296543156185405,-0.212644036424209,
1.99));
#4708=CARTESIAN_POINT('Ctrl Pts',(-0.147444341759611,-0.281221206620701,
2.));
#4709=CARTESIAN_POINT('Ctrl Pts',(-0.078466949566556,-0.262033081911549,
2.));
#4710=CARTESIAN_POINT('Ctrl Pts',(-0.0296543156185405,-0.212644036424209,
2.));
#4711=CARTESIAN_POINT('',(-0.147451367364424,-0.281223178137611,1.99));
#4712=CARTESIAN_POINT('Origin',(-0.308714301277771,0.0828102305605125,1.99));
#4713=CARTESIAN_POINT('',(-0.147444335049762,-0.28122122176671,2.));
#4714=CARTESIAN_POINT('',(-0.147444335049762,-0.28122122176671,1.99));
#4715=CARTESIAN_POINT('Origin',(-0.308714301277771,0.0828102305605125,2.));
#4716=CARTESIAN_POINT('Ctrl Pts',(-0.187617118392737,-0.289253144393046,
1.99));
#4717=CARTESIAN_POINT('Ctrl Pts',(-0.187617118392737,-0.289253144393046,
2.));
#4718=CARTESIAN_POINT('Ctrl Pts',(-0.180409983917779,-0.288233044479255,
1.99));
#4719=CARTESIAN_POINT('Ctrl Pts',(-0.180409983917779,-0.288233044479255,
2.));
#4720=CARTESIAN_POINT('Ctrl Pts',(-0.1787282186782,-0.287968535560487,1.99));
#4721=CARTESIAN_POINT('Ctrl Pts',(-0.1787282186782,-0.287968535560487,2.));
#4722=CARTESIAN_POINT('Ctrl Pts',(-0.16686220953997,-0.286018478414762,
1.99));
#4723=CARTESIAN_POINT('Ctrl Pts',(-0.16686220953997,-0.286018478414762,
2.));
#4724=CARTESIAN_POINT('Ctrl Pts',(-0.157105802758169,-0.283883044712733,
1.99));
#4725=CARTESIAN_POINT('Ctrl Pts',(-0.157105802758169,-0.283883044712733,
2.));
#4726=CARTESIAN_POINT('Ctrl Pts',(-0.147458413747813,-0.281225121629286,
1.99));
#4727=CARTESIAN_POINT('Ctrl Pts',(-0.147458413747813,-0.281225121629286,
2.));
#4728=CARTESIAN_POINT('',(-0.187617118392738,-0.289253144393046,1.99));
#4729=CARTESIAN_POINT('Ctrl Pts',(-0.187617118392737,-0.289253144393046,
1.99));
#4730=CARTESIAN_POINT('Ctrl Pts',(-0.180409983917779,-0.288233044479255,
1.99));
#4731=CARTESIAN_POINT('Ctrl Pts',(-0.1787282186782,-0.287968535560487,1.99));
#4732=CARTESIAN_POINT('Ctrl Pts',(-0.176736372608579,-0.287641196046755,
1.99));
#4733=CARTESIAN_POINT('Ctrl Pts',(-0.16686220953997,-0.286018478414762,
1.99));
#4734=CARTESIAN_POINT('Ctrl Pts',(-0.157105802758169,-0.283883044712733,
1.99));
#4735=CARTESIAN_POINT('Ctrl Pts',(-0.147458413747813,-0.281225121629286,
1.99));
#4736=CARTESIAN_POINT('',(-0.187617118392738,-0.289253144393046,2.));
#4737=CARTESIAN_POINT('',(-0.187617118392738,-0.289253144393046,1.99));
#4738=CARTESIAN_POINT('Ctrl Pts',(-0.187617118392737,-0.289253144393046,
2.));
#4739=CARTESIAN_POINT('Ctrl Pts',(-0.180409983917779,-0.288233044479255,
2.));
#4740=CARTESIAN_POINT('Ctrl Pts',(-0.1787282186782,-0.287968535560487,2.));
#4741=CARTESIAN_POINT('Ctrl Pts',(-0.176736372608579,-0.287641196046755,
2.));
#4742=CARTESIAN_POINT('Ctrl Pts',(-0.16686220953997,-0.286018478414762,
2.));
#4743=CARTESIAN_POINT('Ctrl Pts',(-0.157105802758169,-0.283883044712733,
2.));
#4744=CARTESIAN_POINT('Ctrl Pts',(-0.147458413747813,-0.281225121629286,
2.));
#4745=CARTESIAN_POINT('Ctrl Pts',(-0.231550972179713,-0.291656682138776,
1.99));
#4746=CARTESIAN_POINT('Ctrl Pts',(-0.231550972179713,-0.291656682138776,
2.));
#4747=CARTESIAN_POINT('Ctrl Pts',(-0.216221980988525,-0.291498905452342,
1.99));
#4748=CARTESIAN_POINT('Ctrl Pts',(-0.216221980988525,-0.291498905452342,
2.));
#4749=CARTESIAN_POINT('Ctrl Pts',(-0.212245170453932,-0.291340010750654,
1.99));
#4750=CARTESIAN_POINT('Ctrl Pts',(-0.212245170453932,-0.291340010750654,
2.));
#4751=CARTESIAN_POINT('Ctrl Pts',(-0.198090024307022,-0.290541612853588,
1.99));
#4752=CARTESIAN_POINT('Ctrl Pts',(-0.198090024307022,-0.290541612853588,
2.));
#4753=CARTESIAN_POINT('Ctrl Pts',(-0.191311417448628,-0.28970764936581,
1.99));
#4754=CARTESIAN_POINT('Ctrl Pts',(-0.191311417448628,-0.28970764936581,
2.));
#4755=CARTESIAN_POINT('Ctrl Pts',(-0.187617118392738,-0.289253144393047,
1.99));
#4756=CARTESIAN_POINT('Ctrl Pts',(-0.187617118392738,-0.289253144393047,
2.));
#4757=CARTESIAN_POINT('',(-0.231550972179694,-0.291656682138776,1.99));
#4758=CARTESIAN_POINT('Ctrl Pts',(-0.231550972179713,-0.291656682138776,
1.99));
#4759=CARTESIAN_POINT('Ctrl Pts',(-0.216221980988525,-0.291498905452342,
1.99));
#4760=CARTESIAN_POINT('Ctrl Pts',(-0.212245170453932,-0.291340010750654,
1.99));
#4761=CARTESIAN_POINT('Ctrl Pts',(-0.207605685982882,-0.291078328207308,
1.99));
#4762=CARTESIAN_POINT('Ctrl Pts',(-0.198090024307022,-0.290541612853588,
1.99));
#4763=CARTESIAN_POINT('Ctrl Pts',(-0.191311417448628,-0.28970764936581,
1.99));
#4764=CARTESIAN_POINT('Ctrl Pts',(-0.187617118392738,-0.289253144393047,
1.99));
#4765=CARTESIAN_POINT('',(-0.231550972179694,-0.291656682138776,2.));
#4766=CARTESIAN_POINT('',(-0.231550972179694,-0.291656682138776,1.99));
#4767=CARTESIAN_POINT('Ctrl Pts',(-0.231550972179713,-0.291656682138776,
2.));
#4768=CARTESIAN_POINT('Ctrl Pts',(-0.216221980988525,-0.291498905452342,
2.));
#4769=CARTESIAN_POINT('Ctrl Pts',(-0.212245170453932,-0.291340010750654,
2.));
#4770=CARTESIAN_POINT('Ctrl Pts',(-0.207605685982882,-0.291078328207308,
2.));
#4771=CARTESIAN_POINT('Ctrl Pts',(-0.198090024307022,-0.290541612853588,
2.));
#4772=CARTESIAN_POINT('Ctrl Pts',(-0.191311417448628,-0.28970764936581,
2.));
#4773=CARTESIAN_POINT('Ctrl Pts',(-0.187617118392738,-0.289253144393047,
2.));
#4774=CARTESIAN_POINT('Ctrl Pts',(-0.498901351598765,-0.0164932185531111,
1.99));
#4775=CARTESIAN_POINT('Ctrl Pts',(-0.498901351598765,-0.0164932185531111,
2.));
#4776=CARTESIAN_POINT('Ctrl Pts',(-0.498901351598765,-0.0368591299781088,
1.99));
#4777=CARTESIAN_POINT('Ctrl Pts',(-0.498901351598765,-0.0368591299781088,
2.));
#4778=CARTESIAN_POINT('Ctrl Pts',(-0.496938028286942,-0.0571493126569037,
1.99));
#4779=CARTESIAN_POINT('Ctrl Pts',(-0.496938028286942,-0.0571493126569037,
2.));
#4780=CARTESIAN_POINT('Ctrl Pts',(-0.488953257194921,-0.0961094294326495,
1.99));
#4781=CARTESIAN_POINT('Ctrl Pts',(-0.488953257194921,-0.0961094294326495,
2.));
#4782=CARTESIAN_POINT('Ctrl Pts',(-0.48315447125726,-0.114656311263173,
1.99));
#4783=CARTESIAN_POINT('Ctrl Pts',(-0.48315447125726,-0.114656311263173,
2.));
#4784=CARTESIAN_POINT('Ctrl Pts',(-0.461820514232089,-0.163702711913569,
1.99));
#4785=CARTESIAN_POINT('Ctrl Pts',(-0.461820514232089,-0.163702711913569,
2.));
#4786=CARTESIAN_POINT('Ctrl Pts',(-0.442534404395829,-0.191949491495569,
1.99));
#4787=CARTESIAN_POINT('Ctrl Pts',(-0.442534404395829,-0.191949491495569,
2.));
#4788=CARTESIAN_POINT('Ctrl Pts',(-0.393633989043224,-0.239772972998307,
1.99));
#4789=CARTESIAN_POINT('Ctrl Pts',(-0.393633989043224,-0.239772972998307,
2.));
#4790=CARTESIAN_POINT('Ctrl Pts',(-0.364698425734301,-0.258520282337841,
1.99));
#4791=CARTESIAN_POINT('Ctrl Pts',(-0.364698425734301,-0.258520282337841,
2.));
#4792=CARTESIAN_POINT('Ctrl Pts',(-0.298297109820778,-0.285230939549029,
1.99));
#4793=CARTESIAN_POINT('Ctrl Pts',(-0.298297109820778,-0.285230939549029,
2.));
#4794=CARTESIAN_POINT('Ctrl Pts',(-0.267682486438095,-0.289916579626882,
1.99));
#4795=CARTESIAN_POINT('Ctrl Pts',(-0.267682486438095,-0.289916579626882,
2.));
#4796=CARTESIAN_POINT('Ctrl Pts',(-0.231550972179695,-0.291656682138776,
1.99));
#4797=CARTESIAN_POINT('Ctrl Pts',(-0.231550972179695,-0.291656682138776,
2.));
#4798=CARTESIAN_POINT('',(-0.498901351598765,-0.0164932185531111,1.99));
#4799=CARTESIAN_POINT('Ctrl Pts',(-0.498901351598765,-0.0164932185531111,
1.99));
#4800=CARTESIAN_POINT('Ctrl Pts',(-0.498901351598765,-0.0368591299781088,
1.99));
#4801=CARTESIAN_POINT('Ctrl Pts',(-0.496938028286942,-0.0571493126569037,
1.99));
#4802=CARTESIAN_POINT('Ctrl Pts',(-0.488953257194921,-0.0961094294326495,
1.99));
#4803=CARTESIAN_POINT('Ctrl Pts',(-0.48315447125726,-0.114656311263173,
1.99));
#4804=CARTESIAN_POINT('Ctrl Pts',(-0.461820514232089,-0.163702711913569,
1.99));
#4805=CARTESIAN_POINT('Ctrl Pts',(-0.442534404395829,-0.191949491495569,
1.99));
#4806=CARTESIAN_POINT('Ctrl Pts',(-0.393633989043224,-0.239772972998307,
1.99));
#4807=CARTESIAN_POINT('Ctrl Pts',(-0.364698425734301,-0.258520282337841,
1.99));
#4808=CARTESIAN_POINT('Ctrl Pts',(-0.298297109820778,-0.285230939549029,
1.99));
#4809=CARTESIAN_POINT('Ctrl Pts',(-0.267682486438095,-0.289916579626882,
1.99));
#4810=CARTESIAN_POINT('Ctrl Pts',(-0.231550972179695,-0.291656682138776,
1.99));
#4811=CARTESIAN_POINT('',(-0.498901351598765,-0.0164932185531111,2.));
#4812=CARTESIAN_POINT('',(-0.498901351598765,-0.0164932185531111,1.99));
#4813=CARTESIAN_POINT('Ctrl Pts',(-0.498901351598765,-0.0164932185531111,
2.));
#4814=CARTESIAN_POINT('Ctrl Pts',(-0.498901351598765,-0.0368591299781088,
2.));
#4815=CARTESIAN_POINT('Ctrl Pts',(-0.496938028286942,-0.0571493126569037,
2.));
#4816=CARTESIAN_POINT('Ctrl Pts',(-0.488953257194921,-0.0961094294326495,
2.));
#4817=CARTESIAN_POINT('Ctrl Pts',(-0.48315447125726,-0.114656311263173,
2.));
#4818=CARTESIAN_POINT('Ctrl Pts',(-0.461820514232089,-0.163702711913569,
2.));
#4819=CARTESIAN_POINT('Ctrl Pts',(-0.442534404395829,-0.191949491495569,
2.));
#4820=CARTESIAN_POINT('Ctrl Pts',(-0.393633989043224,-0.239772972998307,
2.));
#4821=CARTESIAN_POINT('Ctrl Pts',(-0.364698425734301,-0.258520282337841,
2.));
#4822=CARTESIAN_POINT('Ctrl Pts',(-0.298297109820778,-0.285230939549029,
2.));
#4823=CARTESIAN_POINT('Ctrl Pts',(-0.267682486438095,-0.289916579626882,
2.));
#4824=CARTESIAN_POINT('Ctrl Pts',(-0.231550972179695,-0.291656682138776,
2.));
#4825=CARTESIAN_POINT('Ctrl Pts',(-0.466661313680674,0.115831553327991,
1.99));
#4826=CARTESIAN_POINT('Ctrl Pts',(-0.498907171579335,0.0549104379587919,
1.99));
#4827=CARTESIAN_POINT('Ctrl Pts',(-0.498901351598765,-0.0164932185531114,
1.99));
#4828=CARTESIAN_POINT('Ctrl Pts',(-0.466661313680674,0.115831553327991,
2.));
#4829=CARTESIAN_POINT('Ctrl Pts',(-0.498907171579335,0.0549104379587919,
2.));
#4830=CARTESIAN_POINT('Ctrl Pts',(-0.498901351598765,-0.0164932185531114,
2.));
#4831=CARTESIAN_POINT('',(-0.466661313680675,0.115831553327992,1.99));
#4832=CARTESIAN_POINT('Origin',(-0.144090819621487,-0.0604130816865947,
1.99));
#4833=CARTESIAN_POINT('',(-0.466661313680675,0.115831553327992,2.));
#4834=CARTESIAN_POINT('',(-0.466661313680675,0.115831553327992,1.99));
#4835=CARTESIAN_POINT('Origin',(-0.144090819621487,-0.0604130816865947,
2.));
#4836=CARTESIAN_POINT('Ctrl Pts',(-0.466333087591196,0.116567942488147,
1.99));
#4837=CARTESIAN_POINT('Ctrl Pts',(-0.466333087591196,0.116567942488147,
2.));
#4838=CARTESIAN_POINT('Ctrl Pts',(-0.466457837728526,0.116410490858509,
1.99));
#4839=CARTESIAN_POINT('Ctrl Pts',(-0.466457837728526,0.116410490858509,
2.));
#4840=CARTESIAN_POINT('Ctrl Pts',(-0.466534141210581,0.116148878920034,
1.99));
#4841=CARTESIAN_POINT('Ctrl Pts',(-0.466534141210581,0.116148878920034,
2.));
#4842=CARTESIAN_POINT('Ctrl Pts',(-0.466661313680675,0.11583155332799,1.99));
#4843=CARTESIAN_POINT('Ctrl Pts',(-0.466661313680675,0.11583155332799,2.));
#4844=CARTESIAN_POINT('',(-0.466333087591196,0.116567942488147,1.99));
#4845=CARTESIAN_POINT('Ctrl Pts',(-0.466333087591196,0.116567942488147,
1.99));
#4846=CARTESIAN_POINT('Ctrl Pts',(-0.466457837728526,0.116410490858509,
1.99));
#4847=CARTESIAN_POINT('Ctrl Pts',(-0.466534141210581,0.116148878920034,
1.99));
#4848=CARTESIAN_POINT('Ctrl Pts',(-0.466661313680675,0.11583155332799,1.99));
#4849=CARTESIAN_POINT('',(-0.466333087591196,0.116567942488147,2.));
#4850=CARTESIAN_POINT('',(-0.466333087591196,0.116567942488147,1.99));
#4851=CARTESIAN_POINT('Ctrl Pts',(-0.466333087591196,0.116567942488147,
2.));
#4852=CARTESIAN_POINT('Ctrl Pts',(-0.466457837728526,0.116410490858509,
2.));
#4853=CARTESIAN_POINT('Ctrl Pts',(-0.466534141210581,0.116148878920034,
2.));
#4854=CARTESIAN_POINT('Ctrl Pts',(-0.466661313680675,0.11583155332799,2.));
#4855=CARTESIAN_POINT('Ctrl Pts',(-0.229288239876546,0.258284281763424,
1.99));
#4856=CARTESIAN_POINT('Ctrl Pts',(-0.393110105031736,0.256851178751701,
1.99));
#4857=CARTESIAN_POINT('Ctrl Pts',(-0.466333087591196,0.116567942488147,
1.99));
#4858=CARTESIAN_POINT('Ctrl Pts',(-0.229288239876546,0.258284281763424,
2.));
#4859=CARTESIAN_POINT('Ctrl Pts',(-0.393110105031736,0.256851178751701,
2.));
#4860=CARTESIAN_POINT('Ctrl Pts',(-0.466333087591196,0.116567942488147,
2.));
#4861=CARTESIAN_POINT('',(-0.229288239876546,0.258284281763423,1.99));
#4862=CARTESIAN_POINT('Origin',(-0.193369790365394,-0.0492670482350391,
1.99));
#4863=CARTESIAN_POINT('',(-0.229288239876546,0.258284281763423,2.));
#4864=CARTESIAN_POINT('',(-0.229288239876546,0.258284281763423,1.99));
#4865=CARTESIAN_POINT('Origin',(-0.193369790365394,-0.0492670482350391,
2.));
#4866=CARTESIAN_POINT('Origin',(-0.221985945610356,-0.0254964907887914,
1.99));
#4867=CARTESIAN_POINT('',(-0.0437947330916777,0.195484825509682,1.99));
#4868=CARTESIAN_POINT('Origin',(-0.221985945610356,-0.0254964907887914,
1.99));
#4869=CARTESIAN_POINT('',(-0.0437947330916777,0.195484825509682,2.));
#4870=CARTESIAN_POINT('',(-0.0437947330916777,0.195484825509682,1.99));
#4871=CARTESIAN_POINT('Origin',(-0.221985945610356,-0.0254964907887914,
2.));
#4872=CARTESIAN_POINT('Ctrl Pts',(0.00545739779088367,0.133880354750111,
1.99));
#4873=CARTESIAN_POINT('Ctrl Pts',(0.00545739779088367,0.133880354750111,
2.));
#4874=CARTESIAN_POINT('Ctrl Pts',(-0.00900933730596599,0.157195060833097,
1.99));
#4875=CARTESIAN_POINT('Ctrl Pts',(-0.00900933730596599,0.157195060833097,
2.));
#4876=CARTESIAN_POINT('Ctrl Pts',(-0.0146901409100554,0.164710022806487,
1.99));
#4877=CARTESIAN_POINT('Ctrl Pts',(-0.0146901409100554,0.164710022806487,
2.));
#4878=CARTESIAN_POINT('Ctrl Pts',(-0.0437947330915047,0.195484825509498,
1.99));
#4879=CARTESIAN_POINT('Ctrl Pts',(-0.0437947330915047,0.195484825509498,
2.));
#4880=CARTESIAN_POINT('',(0.00545739779088367,0.133880354750111,1.99));
#4881=CARTESIAN_POINT('Ctrl Pts',(0.00545739779088367,0.133880354750111,
1.99));
#4882=CARTESIAN_POINT('Ctrl Pts',(-0.00900933730596599,0.157195060833097,
1.99));
#4883=CARTESIAN_POINT('Ctrl Pts',(-0.0146901409100554,0.164710022806487,
1.99));
#4884=CARTESIAN_POINT('Ctrl Pts',(-0.0437947330915047,0.195484825509498,
1.99));
#4885=CARTESIAN_POINT('',(0.00545739779088367,0.133880354750111,2.));
#4886=CARTESIAN_POINT('',(0.00545739779088367,0.133880354750111,1.99));
#4887=CARTESIAN_POINT('Ctrl Pts',(0.00545739779088367,0.133880354750111,
2.));
#4888=CARTESIAN_POINT('Ctrl Pts',(-0.00900933730596599,0.157195060833097,
2.));
#4889=CARTESIAN_POINT('Ctrl Pts',(-0.0146901409100554,0.164710022806487,
2.));
#4890=CARTESIAN_POINT('Ctrl Pts',(-0.0437947330915047,0.195484825509498,
2.));
#4891=CARTESIAN_POINT('Ctrl Pts',(0.0338422931155913,0.173502451765489,
1.99));
#4892=CARTESIAN_POINT('Ctrl Pts',(0.0338422931155913,0.173502451765489,
2.));
#4893=CARTESIAN_POINT('Ctrl Pts',(0.0280783523044335,0.166913706648301,
1.99));
#4894=CARTESIAN_POINT('Ctrl Pts',(0.0280783523044335,0.166913706648301,
2.));
#4895=CARTESIAN_POINT('Ctrl Pts',(0.0243394816837057,0.164309698927356,
1.99));
#4896=CARTESIAN_POINT('Ctrl Pts',(0.0243394816837057,0.164309698927356,
2.));
#4897=CARTESIAN_POINT('Ctrl Pts',(0.00545739779088367,0.133880354750111,
1.99));
#4898=CARTESIAN_POINT('Ctrl Pts',(0.00545739779088367,0.133880354750111,
2.));
#4899=CARTESIAN_POINT('',(0.0338422931155913,0.173502451765489,1.99));
#4900=CARTESIAN_POINT('Ctrl Pts',(0.0338422931155913,0.173502451765489,
1.99));
#4901=CARTESIAN_POINT('Ctrl Pts',(0.0280783523044335,0.166913706648301,
1.99));
#4902=CARTESIAN_POINT('Ctrl Pts',(0.0243394816837057,0.164309698927356,
1.99));
#4903=CARTESIAN_POINT('Ctrl Pts',(0.00545739779088367,0.133880354750111,
1.99));
#4904=CARTESIAN_POINT('',(0.0338422931155913,0.173502451765489,2.));
#4905=CARTESIAN_POINT('',(0.0338422931155913,0.173502451765489,1.99));
#4906=CARTESIAN_POINT('Ctrl Pts',(0.0338422931155913,0.173502451765489,
2.));
#4907=CARTESIAN_POINT('Ctrl Pts',(0.0280783523044335,0.166913706648301,
2.));
#4908=CARTESIAN_POINT('Ctrl Pts',(0.0243394816837057,0.164309698927356,
2.));
#4909=CARTESIAN_POINT('Ctrl Pts',(0.00545739779088367,0.133880354750111,
2.));
#4910=CARTESIAN_POINT('Ctrl Pts',(0.157371140093604,0.248261584615889,1.99));
#4911=CARTESIAN_POINT('Ctrl Pts',(0.0841875045060143,0.228037093416015,
1.99));
#4912=CARTESIAN_POINT('Ctrl Pts',(0.0338422931155909,0.173502451765489,
1.99));
#4913=CARTESIAN_POINT('Ctrl Pts',(0.157371140093604,0.248261584615889,2.));
#4914=CARTESIAN_POINT('Ctrl Pts',(0.0841875045060143,0.228037093416015,
2.));
#4915=CARTESIAN_POINT('Ctrl Pts',(0.0338422931155909,0.173502451765489,
2.));
#4916=CARTESIAN_POINT('',(0.157371140093604,0.248261584615888,1.99));
#4917=CARTESIAN_POINT('Origin',(0.288684051984174,-0.0791779425270236,1.99));
#4918=CARTESIAN_POINT('',(0.157371140093604,0.248261584615888,2.));
#4919=CARTESIAN_POINT('',(0.157371140093604,0.248261584615888,1.99));
#4920=CARTESIAN_POINT('Origin',(0.288684051984174,-0.0791779425270236,2.));
#4921=CARTESIAN_POINT('Ctrl Pts',(0.483319460245107,0.10475664793248,1.99));
#4922=CARTESIAN_POINT('Ctrl Pts',(0.389038594904298,0.307406164984782,1.99));
#4923=CARTESIAN_POINT('Ctrl Pts',(0.157371140093603,0.248261584615889,1.99));
#4924=CARTESIAN_POINT('Ctrl Pts',(0.483319460245107,0.10475664793248,2.));
#4925=CARTESIAN_POINT('Ctrl Pts',(0.389038594904298,0.307406164984782,2.));
#4926=CARTESIAN_POINT('Ctrl Pts',(0.157371140093603,0.248261584615889,2.));
#4927=CARTESIAN_POINT('',(0.483319460245107,0.10475664793248,1.99));
#4928=CARTESIAN_POINT('Origin',(0.194595415135386,-0.0631109061771565,1.99));
#4929=CARTESIAN_POINT('',(0.483319460245107,0.10475664793248,2.));
#4930=CARTESIAN_POINT('',(0.483319460245107,0.10475664793248,1.99));
#4931=CARTESIAN_POINT('Origin',(0.194595415135386,-0.0631109061771565,2.));
#4932=CARTESIAN_POINT('Ctrl Pts',(0.483319460245107,0.10475664793248,1.99));
#4933=CARTESIAN_POINT('Ctrl Pts',(0.483319460245107,0.10475664793248,2.));
#4934=CARTESIAN_POINT('Ctrl Pts',(0.48314868578527,0.105008570539906,1.99));
#4935=CARTESIAN_POINT('Ctrl Pts',(0.48314868578527,0.105008570539906,2.));
#4936=CARTESIAN_POINT('Ctrl Pts',(0.483243156763051,0.104914099562124,1.99));
#4937=CARTESIAN_POINT('Ctrl Pts',(0.483243156763051,0.104914099562124,2.));
#4938=CARTESIAN_POINT('Ctrl Pts',(0.483319460245107,0.10475664793248,1.99));
#4939=CARTESIAN_POINT('Ctrl Pts',(0.483319460245107,0.10475664793248,2.));
#4940=CARTESIAN_POINT('Ctrl Pts',(0.483319460245107,0.10475664793248,1.99));
#4941=CARTESIAN_POINT('Ctrl Pts',(0.48314868578527,0.105008570539906,1.99));
#4942=CARTESIAN_POINT('Ctrl Pts',(0.483243156763051,0.104914099562124,1.99));
#4943=CARTESIAN_POINT('Ctrl Pts',(0.483319460245107,0.10475664793248,1.99));
#4944=CARTESIAN_POINT('',(0.483319460245107,0.10475664793248,1.99));
#4945=CARTESIAN_POINT('Ctrl Pts',(0.483319460245107,0.10475664793248,2.));
#4946=CARTESIAN_POINT('Ctrl Pts',(0.48314868578527,0.105008570539906,2.));
#4947=CARTESIAN_POINT('Ctrl Pts',(0.483243156763051,0.104914099562124,2.));
#4948=CARTESIAN_POINT('Ctrl Pts',(0.483319460245107,0.10475664793248,2.));
#4949=CARTESIAN_POINT('Origin',(0.233793661532882,-0.0127743942364381,1.99));
#4950=CARTESIAN_POINT('',(0.498907171579335,0.0633274906754031,1.99));
#4951=CARTESIAN_POINT('Origin',(0.233793661532882,-0.0127743942364381,1.99));
#4952=CARTESIAN_POINT('',(0.498907171579335,0.0633274906754031,2.));
#4953=CARTESIAN_POINT('',(0.498907171579335,0.0633274906754031,1.99));
#4954=CARTESIAN_POINT('Origin',(0.233793661532882,-0.0127743942364381,2.));
#4955=CARTESIAN_POINT('Origin',(0.377819601388907,0.0633274906754031,1.99));
#4956=CARTESIAN_POINT('',(0.377819601388907,0.0633274906754031,1.99));
#4957=CARTESIAN_POINT('',(0.377819601388907,0.0633274906754031,1.99));
#4958=CARTESIAN_POINT('',(0.377819601388907,0.0633274906754031,2.));
#4959=CARTESIAN_POINT('',(0.377819601388907,0.0633274906754031,1.99));
#4960=CARTESIAN_POINT('',(0.377819601388907,0.0633274906754031,2.));
#4961=CARTESIAN_POINT('Ctrl Pts',(0.254040346944843,0.154825058767498,1.99));
#4962=CARTESIAN_POINT('Ctrl Pts',(0.254040346944843,0.154825058767498,2.));
#4963=CARTESIAN_POINT('Ctrl Pts',(0.309809997532883,0.14803642445704,1.99));
#4964=CARTESIAN_POINT('Ctrl Pts',(0.309809997532883,0.14803642445704,2.));
#4965=CARTESIAN_POINT('Ctrl Pts',(0.354205620743929,0.111637999977811,1.99));
#4966=CARTESIAN_POINT('Ctrl Pts',(0.354205620743929,0.111637999977811,2.));
#4967=CARTESIAN_POINT('Ctrl Pts',(0.377819601388907,0.0633274906754031,
1.99));
#4968=CARTESIAN_POINT('Ctrl Pts',(0.377819601388907,0.0633274906754031,
2.));
#4969=CARTESIAN_POINT('',(0.254040346944843,0.154825058767498,1.99));
#4970=CARTESIAN_POINT('Ctrl Pts',(0.254040346944843,0.154825058767498,1.99));
#4971=CARTESIAN_POINT('Ctrl Pts',(0.309809997532883,0.14803642445704,1.99));
#4972=CARTESIAN_POINT('Ctrl Pts',(0.354205620743929,0.111637999977811,1.99));
#4973=CARTESIAN_POINT('Ctrl Pts',(0.377819601388907,0.0633274906754031,
1.99));
#4974=CARTESIAN_POINT('',(0.254040346944843,0.154825058767498,2.));
#4975=CARTESIAN_POINT('',(0.254040346944843,0.154825058767498,1.99));
#4976=CARTESIAN_POINT('Ctrl Pts',(0.254040346944843,0.154825058767498,2.));
#4977=CARTESIAN_POINT('Ctrl Pts',(0.309809997532883,0.14803642445704,2.));
#4978=CARTESIAN_POINT('Ctrl Pts',(0.354205620743929,0.111637999977811,2.));
#4979=CARTESIAN_POINT('Ctrl Pts',(0.377819601388907,0.0633274906754031,
2.));
#4980=CARTESIAN_POINT('Ctrl Pts',(0.254040346944843,0.154825058767499,1.99));
#4981=CARTESIAN_POINT('Ctrl Pts',(0.204193605283035,0.16025501542107,1.99));
#4982=CARTESIAN_POINT('Ctrl Pts',(0.161654259057973,0.136094366896108,1.99));
#4983=CARTESIAN_POINT('Ctrl Pts',(0.254040346944843,0.154825058767499,2.));
#4984=CARTESIAN_POINT('Ctrl Pts',(0.204193605283035,0.16025501542107,2.));
#4985=CARTESIAN_POINT('Ctrl Pts',(0.161654259057973,0.136094366896108,2.));
#4986=CARTESIAN_POINT('Origin',(0.268527260757039,-0.100258024457701,1.99));
#4987=CARTESIAN_POINT('Origin',(0.268527260757039,-0.100258024457701,2.));
#4988=CARTESIAN_POINT('Origin',(2.90999028540462E-6,-0.0165343982100943,
2.));
#4989=CARTESIAN_POINT('Origin',(2.90999028540462E-6,-0.0165343982100943,
1.99));
#4990=CARTESIAN_POINT('',(0.,0.,0.));
#4991=UNCERTAINTY_MEASURE_WITH_UNIT(LENGTH_MEASURE(0.01),#4997,
'DISTANCE_ACCURACY_VALUE',
'Maximum model space distance between geometric entities at asserted c
onnectivities');
#4992=UNCERTAINTY_MEASURE_WITH_UNIT(LENGTH_MEASURE(0.01),#4997,
'DISTANCE_ACCURACY_VALUE',
'Maximum model space distance between geometric entities at asserted c
onnectivities');
#4993=UNCERTAINTY_MEASURE_WITH_UNIT(LENGTH_MEASURE(0.01),#4997,
'DISTANCE_ACCURACY_VALUE',
'Maximum model space distance between geometric entities at asserted c
onnectivities');
#4994=(
GEOMETRIC_REPRESENTATION_CONTEXT(3)
GLOBAL_UNCERTAINTY_ASSIGNED_CONTEXT((#4991))
GLOBAL_UNIT_ASSIGNED_CONTEXT((#4997,#4999,#5000))
REPRESENTATION_CONTEXT('','3D')
);
#4995=(
GEOMETRIC_REPRESENTATION_CONTEXT(3)
GLOBAL_UNCERTAINTY_ASSIGNED_CONTEXT((#4992))
GLOBAL_UNIT_ASSIGNED_CONTEXT((#4997,#4999,#5000))
REPRESENTATION_CONTEXT('','3D')
);
#4996=(
GEOMETRIC_REPRESENTATION_CONTEXT(3)
GLOBAL_UNCERTAINTY_ASSIGNED_CONTEXT((#4993))
GLOBAL_UNIT_ASSIGNED_CONTEXT((#4997,#4999,#5000))
REPRESENTATION_CONTEXT('','3D')
);
#4997=(
LENGTH_UNIT()
NAMED_UNIT(*)
SI_UNIT(.MILLI.,.METRE.)
);
#4998=(
LENGTH_UNIT()
NAMED_UNIT(*)
SI_UNIT($,.METRE.)
);
#4999=(
NAMED_UNIT(*)
PLANE_ANGLE_UNIT()
SI_UNIT($,.RADIAN.)
);
#5000=(
NAMED_UNIT(*)
SI_UNIT($,.STERADIAN.)
SOLID_ANGLE_UNIT()
);
#5001=SHAPE_DEFINITION_REPRESENTATION(#5003,#5006);
#5002=SHAPE_DEFINITION_REPRESENTATION(#5004,#5007);
#5003=PRODUCT_DEFINITION_SHAPE('',$,#5009);
#5004=PRODUCT_DEFINITION_SHAPE('',$,#5010);
#5005=PRODUCT_DEFINITION_SHAPE($,$,#14);
#5006=SHAPE_REPRESENTATION('',(#2422,#2553),#4994);
#5007=SHAPE_REPRESENTATION('',(#2423),#4995);
#5008=PRODUCT_DEFINITION_CONTEXT('part definition',#5016,'design');
#5009=PRODUCT_DEFINITION('\X\C7\X\D0\X\B5\X\B6\X\D6\X\A7\X\BC\X\DC',
'filament cutter optimized v5',#5011,#5008);
#5010=PRODUCT_DEFINITION('Component1','Component1',#5012,#5008);
#5011=PRODUCT_DEFINITION_FORMATION('',$,#5018);
#5012=PRODUCT_DEFINITION_FORMATION('',$,#5019);
#5013=PRODUCT_RELATED_PRODUCT_CATEGORY('filament cutter optimized v5',
'filament cutter optimized v5',(#5018));
#5014=PRODUCT_RELATED_PRODUCT_CATEGORY('Component1','Component1',(#5019));
#5015=APPLICATION_PROTOCOL_DEFINITION('international standard',
'automotive_design',2009,#5016);
#5016=APPLICATION_CONTEXT(
'Core Data for Automotive Mechanical Design Process');
#5017=PRODUCT_CONTEXT('part definition',#5016,'mechanical');
#5018=PRODUCT('\X\C7\X\D0\X\B5\X\B6\X\D6\X\A7\X\BC\X\DC',
'filament cutter optimized v5','STEP AP214',(#5017));
#5019=PRODUCT('Component1','Component1',$,(#5017));
#5020=PRESENTATION_STYLE_ASSIGNMENT((#5022));
#5021=PRESENTATION_STYLE_ASSIGNMENT((#5023));
#5022=SURFACE_STYLE_USAGE(.BOTH.,#5024);
#5023=SURFACE_STYLE_USAGE(.BOTH.,#5025);
#5024=SURFACE_SIDE_STYLE('',(#5026));
#5025=SURFACE_SIDE_STYLE('',(#5027));
#5026=SURFACE_STYLE_FILL_AREA(#5028);
#5027=SURFACE_STYLE_FILL_AREA(#5029);
#5028=FILL_AREA_STYLE('Powder Coat - Rough (Dark Grey)',(#5030));
#5029=FILL_AREA_STYLE('Brass - Matte',(#5031));
#5030=FILL_AREA_STYLE_COLOUR('Powder Coat - Rough (Dark Grey)',#5032);
#5031=FILL_AREA_STYLE_COLOUR('Brass - Matte',#5033);
#5032=COLOUR_RGB('Powder Coat - Rough (Dark Grey)',0.349019607843137,0.349019607843137,
0.349019607843137);
#5033=COLOUR_RGB('Brass - Matte',0.952941176470588,0.796078431372549,0.486274509803922);
ENDSEC;
END-ISO-10303-21;
