ISO-10303-21;
HEADER;
/* Generated by software containing ST-Developer
 * from STEP Tools, Inc. (www.steptools.com) 
 */

FILE_DESCRIPTION(
/* description */ ('STEP AP214'),
/* implementation_level */ '2;1');

FILE_NAME(
/* name */ 'Lfront_top rodmount opt.step',
/* time_stamp */ '2026-02-24T20:37:51-05:00',
/* author */ (''),
/* organization */ (''),
/* preprocessor_version */ 'ST-DEVELOPER v20.1',
/* originating_system */ 'Autodesk Translation Framework v14.24.0.0',
/* authorisation */ '');

FILE_SCHEMA (('AUTOMOTIVE_DESIGN { 1 0 10303 214 3 1 1 }'));
ENDSEC;

DATA;
#10=MECHANICAL_DESIGN_GEOMETRIC_PRESENTATION_REPRESENTATION('',(#21),#3923);
#11=ITEM_DEFINED_TRANSFORMATION($,$,#2239,#2458);
#12=ITEM_DEFINED_TRANSFORMATION($,$,#2457,#2459);
#13=(
REPRESENTATION_RELATIONSHIP($,$,#3937,#3936)
REPRESENTATION_RELATIONSHIP_WITH_TRANSFORMATION(#11)
SHAPE_REPRESENTATION_RELATIONSHIP()
);
#14=(
REPRESENTATION_RELATIONSHIP($,$,#3938,#3936)
REPRESENTATION_RELATIONSHIP_WITH_TRANSFORMATION(#12)
SHAPE_REPRESENTATION_RELATIONSHIP()
);
#15=CONTEXT_DEPENDENT_SHAPE_REPRESENTATION(#13,#3934);
#16=CONTEXT_DEPENDENT_SHAPE_REPRESENTATION(#14,#3935);
#17=NEXT_ASSEMBLY_USAGE_OCCURRENCE('mount_presupported:1',
'mount_presupported:1','mount_presupported:1',#3940,#3941,
'mount_presupported:1');
#18=NEXT_ASSEMBLY_USAGE_OCCURRENCE('top rodmount template cut v1:1',
'top rodmount template cut v1:1','top rodmount template cut v1:1',#3940,
#3942,'top rodmount template cut v1:1');
#19=SHAPE_REPRESENTATION_RELATIONSHIP('SRR','None',#3937,#20);
#20=ADVANCED_BREP_SHAPE_REPRESENTATION('',(#22),#3921);
#21=STYLED_ITEM('',(#3955),#22);
#22=MANIFOLD_SOLID_BREP('Body1',#2214);
#23=ELLIPSE('',#2420,0.231609833841675,0.19999999999974);
#24=ELLIPSE('',#2425,2.48922688718966,2.488782786963);
#25=ELLIPSE('',#2430,2.55851890215732,2.55838309348556);
#26=ELLIPSE('',#2447,2.30066460653089,2.30025414749299);
#27=ELLIPSE('',#2450,2.30017385836844,2.30005176290287);
#28=TOROIDAL_SURFACE('',#2416,7.80346054737688,0.200000000000009);
#29=TOROIDAL_SURFACE('',#2431,15.1965394526231,0.200000000000008);
#30=TOROIDAL_SURFACE('',#2434,8.80346054737686,0.200000000000009);
#31=B_SPLINE_SURFACE_WITH_KNOTS('',3,3,((#3708,#3709,#3710,#3711,#3712,
#3713,#3714,#3715,#3716,#3717),(#3718,#3719,#3720,#3721,#3722,#3723,#3724,
#3725,#3726,#3727),(#3728,#3729,#3730,#3731,#3732,#3733,#3734,#3735,#3736,
#3737),(#3738,#3739,#3740,#3741,#3742,#3743,#3744,#3745,#3746,#3747)),
 .UNSPECIFIED.,.F.,.T.,.F.,(4,4),(4,1,1,1,1,1,1,4),(0.,1.),(-4.71214524586022,
-3.81454734483457,-2.91694944380891,-2.01935154278326,-1.1217536417576,
-0.224155740731945,0.67344216029371,1.57104006131937),.UNSPECIFIED.);
#32=B_SPLINE_CURVE_WITH_KNOTS('',3,(#3585,#3586,#3587,#3588,#3589,#3590,
#3591,#3592,#3593,#3594,#3595,#3596,#3597,#3598,#3599,#3600,#3601,#3602,
#3603,#3604,#3605,#3606,#3607,#3608,#3609,#3610,#3611,#3612,#3613,#3614,
#3615,#3616,#3617,#3618,#3619,#3620,#3621,#3622,#3623,#3624,#3625,#3626,
#3627,#3628,#3629,#3630,#3631,#3632,#3633,#3634,#3635,#3636,#3637,#3638,
#3639,#3640,#3641,#3642,#3643,#3644,#3645,#3646,#3647,#3648,#3649,#3650,
#3651,#3652,#3653,#3654),.UNSPECIFIED.,.F.,.F.,(4,3,3,3,3,3,3,3,3,3,3,3,
3,3,3,3,3,3,3,3,3,3,3,4),(0.,0.0585937500000001,0.116383381062141,0.175379190531071,
0.234375,0.244507133128639,0.25,0.308979833656398,0.368288799960515,0.427589211705394,
0.486641546858851,0.499999999999998,0.558593749999998,0.614923413418533,
0.671234166532327,0.727325147529903,0.734374999999996,0.744300568654871,
0.749999999999996,0.80749503191521,0.865264448593217,0.923017014461439,
0.980531351704405,1.),.UNSPECIFIED.);
#33=B_SPLINE_CURVE_WITH_KNOTS('',3,(#3685,#3686,#3687,#3688,#3689,#3690,
#3691),.UNSPECIFIED.,.F.,.F.,(4,1,1,1,4),(-4.71214524586022,-3.81454734483457,
-2.91694944380891,-2.01935154278326,-1.56865795506444),.UNSPECIFIED.);
#34=B_SPLINE_CURVE_WITH_KNOTS('',3,(#3692,#3693,#3694,#3695,#3696,#3697,
#3698),.UNSPECIFIED.,.F.,.F.,(4,1,1,1,4),(-1.56865795506444,-1.1217536417576,
-0.224155740731945,0.67344216029371,1.57104006131937),.UNSPECIFIED.);
#35=B_SPLINE_CURVE_WITH_KNOTS('',3,(#3750,#3751,#3752,#3753,#3754,#3755,
#3756,#3757,#3758,#3759),.UNSPECIFIED.,.T.,.F.,(4,1,1,1,1,1,1,4),(-1.57104006131937,
-0.67344216029371,0.224155740731945,1.1217536417576,2.01935154278326,2.91694944380891,
3.81454734483457,4.71214524586022),.UNSPECIFIED.);
#36=CONICAL_SURFACE('',#2346,7.99724628400694,0.0139626340159545);
#37=CONICAL_SURFACE('',#2372,7.02656991359186,0.0174532925199439);
#38=CONICAL_SURFACE('',#2373,7.02656991359186,0.0174532925199439);
#39=CONICAL_SURFACE('',#2374,7.02656991359186,0.0174532925199439);
#40=CONICAL_SURFACE('',#2375,7.02656991359186,0.0174532925199439);
#41=CONICAL_SURFACE('',#2383,7.02656991359186,0.0174532925199439);
#42=CONICAL_SURFACE('',#2385,4.92674965387842,0.0174532925196956);
#43=CONICAL_SURFACE('',#2387,1.94451081434435,0.794124809657659);
#44=CONICAL_SURFACE('',#2391,1.79712867531002,0.0174532925204421);
#45=CONICAL_SURFACE('',#2395,2.45,0.785398163397456);
#46=CONICAL_SURFACE('',#2404,5.05594759763628,0.0174532925202128);
#47=CONICAL_SURFACE('',#2436,5.12972656086774,0.0139626340159058);
#48=CONICAL_SURFACE('',#2439,8.17455064928219,0.0174532925199434);
#49=CONICAL_SURFACE('',#2446,2.06230534426987,0.0314055048289045);
#50=CONICAL_SURFACE('',#2449,2.12170888062289,0.0234791044470762);
#51=CONICAL_SURFACE('',#2452,14.9965699135919,0.0174532925199433);
#52=CONICAL_SURFACE('',#2454,9.17455064928219,0.0174532925199431);
#53=(
BOUNDED_CURVE()
B_SPLINE_CURVE(2,(#3213,#3214,#3215),.UNSPECIFIED.,.F.,.F.)
B_SPLINE_CURVE_WITH_KNOTS((3,3),(0.,0.022510971560577),.UNSPECIFIED.)
CURVE()
GEOMETRIC_REPRESENTATION_ITEM()
RATIONAL_B_SPLINE_CURVE((1.,1.00002679238651,1.))
REPRESENTATION_ITEM('')
);
#54=(
BOUNDED_CURVE()
B_SPLINE_CURVE(2,(#3221,#3222,#3223),.UNSPECIFIED.,.F.,.F.)
B_SPLINE_CURVE_WITH_KNOTS((3,3),(0.,0.0225109715605779),.UNSPECIFIED.)
CURVE()
GEOMETRIC_REPRESENTATION_ITEM()
RATIONAL_B_SPLINE_CURVE((1.,1.00002679242595,1.))
REPRESENTATION_ITEM('')
);
#55=(
BOUNDED_CURVE()
B_SPLINE_CURVE(2,(#3236,#3237,#3238),.UNSPECIFIED.,.F.,.F.)
B_SPLINE_CURVE_WITH_KNOTS((3,3),(0.,0.0225109715605691),.UNSPECIFIED.)
CURVE()
GEOMETRIC_REPRESENTATION_ITEM()
RATIONAL_B_SPLINE_CURVE((1.,1.00002679242575,1.))
REPRESENTATION_ITEM('')
);
#56=(
BOUNDED_CURVE()
B_SPLINE_CURVE(2,(#3245,#3246,#3247),.UNSPECIFIED.,.F.,.F.)
B_SPLINE_CURVE_WITH_KNOTS((3,3),(0.,0.0225109715605714),.UNSPECIFIED.)
CURVE()
GEOMETRIC_REPRESENTATION_ITEM()
RATIONAL_B_SPLINE_CURVE((1.,1.00002679252604,1.))
REPRESENTATION_ITEM('')
);
#57=(
BOUNDED_CURVE()
B_SPLINE_CURVE(2,(#3262,#3263,#3264),.UNSPECIFIED.,.F.,.F.)
B_SPLINE_CURVE_WITH_KNOTS((3,3),(0.,0.0225109715605799),.UNSPECIFIED.)
CURVE()
GEOMETRIC_REPRESENTATION_ITEM()
RATIONAL_B_SPLINE_CURVE((1.,1.00002679242255,1.))
REPRESENTATION_ITEM('')
);
#58=(
BOUNDED_CURVE()
B_SPLINE_CURVE(2,(#3270,#3271,#3272),.UNSPECIFIED.,.F.,.F.)
B_SPLINE_CURVE_WITH_KNOTS((3,3),(0.,0.0225109715605799),.UNSPECIFIED.)
CURVE()
GEOMETRIC_REPRESENTATION_ITEM()
RATIONAL_B_SPLINE_CURVE((1.,1.00002679241112,1.))
REPRESENTATION_ITEM('')
);
#59=(
BOUNDED_CURVE()
B_SPLINE_CURVE(2,(#3285,#3286,#3287),.UNSPECIFIED.,.F.,.F.)
B_SPLINE_CURVE_WITH_KNOTS((3,3),(0.,0.0225109715605647),.UNSPECIFIED.)
CURVE()
GEOMETRIC_REPRESENTATION_ITEM()
RATIONAL_B_SPLINE_CURVE((1.,1.00002679247455,1.))
REPRESENTATION_ITEM('')
);
#60=(
BOUNDED_CURVE()
B_SPLINE_CURVE(2,(#3293,#3294,#3295),.UNSPECIFIED.,.F.,.F.)
B_SPLINE_CURVE_WITH_KNOTS((3,3),(0.,0.0225109715605635),.UNSPECIFIED.)
CURVE()
GEOMETRIC_REPRESENTATION_ITEM()
RATIONAL_B_SPLINE_CURVE((1.,1.00002679242647,1.))
REPRESENTATION_ITEM('')
);
#61=(
BOUNDED_CURVE()
B_SPLINE_CURVE(2,(#3308,#3309,#3310),.UNSPECIFIED.,.F.,.F.)
B_SPLINE_CURVE_WITH_KNOTS((3,3),(0.,0.0225109715605756),.UNSPECIFIED.)
CURVE()
GEOMETRIC_REPRESENTATION_ITEM()
RATIONAL_B_SPLINE_CURVE((1.,1.00002679244634,1.))
REPRESENTATION_ITEM('')
);
#62=(
BOUNDED_CURVE()
B_SPLINE_CURVE(2,(#3316,#3317,#3318),.UNSPECIFIED.,.F.,.F.)
B_SPLINE_CURVE_WITH_KNOTS((3,3),(0.,0.0225109715605764),.UNSPECIFIED.)
CURVE()
GEOMETRIC_REPRESENTATION_ITEM()
RATIONAL_B_SPLINE_CURVE((1.,1.00002679247806,1.))
REPRESENTATION_ITEM('')
);
#63=(
BOUNDED_CURVE()
B_SPLINE_CURVE(2,(#3332,#3333,#3334),.UNSPECIFIED.,.F.,.F.)
B_SPLINE_CURVE_WITH_KNOTS((3,3),(0.,0.0225109715605755),.UNSPECIFIED.)
CURVE()
GEOMETRIC_REPRESENTATION_ITEM()
RATIONAL_B_SPLINE_CURVE((1.,1.00002679239805,1.))
REPRESENTATION_ITEM('')
);
#64=(
BOUNDED_CURVE()
B_SPLINE_CURVE(2,(#3342,#3343,#3344),.UNSPECIFIED.,.F.,.F.)
B_SPLINE_CURVE_WITH_KNOTS((3,3),(0.,0.0225109715605751),.UNSPECIFIED.)
CURVE()
GEOMETRIC_REPRESENTATION_ITEM()
RATIONAL_B_SPLINE_CURVE((1.,1.00002679238332,1.))
REPRESENTATION_ITEM('')
);
#65=(
BOUNDED_CURVE()
B_SPLINE_CURVE(2,(#3361,#3362,#3363),.UNSPECIFIED.,.F.,.F.)
B_SPLINE_CURVE_WITH_KNOTS((3,3),(0.,0.0897820218628469),.UNSPECIFIED.)
CURVE()
GEOMETRIC_REPRESENTATION_ITEM()
RATIONAL_B_SPLINE_CURVE((1.,1.00085164929906,1.))
REPRESENTATION_ITEM('')
);
#66=(
BOUNDED_CURVE()
B_SPLINE_CURVE(2,(#3373,#3374,#3375),.UNSPECIFIED.,.F.,.F.)
B_SPLINE_CURVE_WITH_KNOTS((3,3),(0.,0.0470672700007974),.UNSPECIFIED.)
CURVE()
GEOMETRIC_REPRESENTATION_ITEM()
RATIONAL_B_SPLINE_CURVE((1.,1.00035446415,1.))
REPRESENTATION_ITEM('')
);
#67=(
BOUNDED_CURVE()
B_SPLINE_CURVE(2,(#3391,#3392,#3393),.UNSPECIFIED.,.F.,.F.)
B_SPLINE_CURVE_WITH_KNOTS((3,3),(0.,0.0897820218630073),.UNSPECIFIED.)
CURVE()
GEOMETRIC_REPRESENTATION_ITEM()
RATIONAL_B_SPLINE_CURVE((1.,1.00085164929708,1.))
REPRESENTATION_ITEM('')
);
#68=(
BOUNDED_CURVE()
B_SPLINE_CURVE(2,(#3403,#3404,#3405),.UNSPECIFIED.,.F.,.F.)
B_SPLINE_CURVE_WITH_KNOTS((3,3),(0.,0.0470672700009729),.UNSPECIFIED.)
CURVE()
GEOMETRIC_REPRESENTATION_ITEM()
RATIONAL_B_SPLINE_CURVE((1.,1.00035446415088,1.))
REPRESENTATION_ITEM('')
);
#69=CYLINDRICAL_SURFACE('',#2246,4.98254493506917);
#70=CYLINDRICAL_SURFACE('',#2250,4.98254493506917);
#71=CYLINDRICAL_SURFACE('',#2305,7.98882916684066);
#72=CYLINDRICAL_SURFACE('',#2307,7.98882916684066);
#73=CYLINDRICAL_SURFACE('',#2309,7.98882916684066);
#74=CYLINDRICAL_SURFACE('',#2311,7.98882916684066);
#75=CYLINDRICAL_SURFACE('',#2313,7.98882916684066);
#76=CYLINDRICAL_SURFACE('',#2315,7.98882916684066);
#77=CYLINDRICAL_SURFACE('',#2333,4.93856041762353);
#78=CYLINDRICAL_SURFACE('',#2337,6.97414379222971);
#79=CYLINDRICAL_SURFACE('',#2340,6.97414379222971);
#80=CYLINDRICAL_SURFACE('',#2342,6.97414379222971);
#81=CYLINDRICAL_SURFACE('',#2344,6.97414379222971);
#82=CYLINDRICAL_SURFACE('',#2398,2.3);
#83=CYLINDRICAL_SURFACE('',#2405,2.5);
#84=CYLINDRICAL_SURFACE('',#2409,5.);
#85=CYLINDRICAL_SURFACE('',#2413,0.200000000000004);
#86=CYLINDRICAL_SURFACE('',#2419,0.200000000000002);
#87=CYLINDRICAL_SURFACE('',#2421,5.);
#88=CYLINDRICAL_SURFACE('',#2427,0.200000000000001);
#89=FACE_BOUND('',#316,.T.);
#90=FACE_BOUND('',#361,.T.);
#91=FACE_BOUND('',#381,.T.);
#92=FACE_BOUND('',#395,.T.);
#93=FACE_BOUND('',#396,.T.);
#94=FACE_BOUND('',#402,.T.);
#95=FACE_BOUND('',#405,.T.);
#96=FACE_BOUND('',#409,.T.);
#97=FACE_BOUND('',#418,.T.);
#98=FACE_BOUND('',#445,.T.);
#99=FACE_BOUND('',#446,.T.);
#100=CIRCLE('',#2243,2.5);
#101=CIRCLE('',#2245,4.98254493506917);
#102=CIRCLE('',#2247,4.98254493507051);
#103=CIRCLE('',#2248,4.98254493506917);
#104=CIRCLE('',#2251,4.98254493507051);
#105=CIRCLE('',#2252,4.98254493507051);
#106=CIRCLE('',#2256,4.98254493507051);
#107=CIRCLE('',#2258,7.02301797402872);
#108=CIRCLE('',#2259,7.02301797402872);
#109=CIRCLE('',#2261,7.02301797402872);
#110=CIRCLE('',#2263,7.02301797402872);
#111=CIRCLE('',#2265,7.02301797402872);
#112=CIRCLE('',#2267,7.02301797402872);
#113=CIRCLE('',#2271,7.02650898701436);
#114=CIRCLE('',#2272,7.98882916684066);
#115=CIRCLE('',#2276,7.02650898701436);
#116=CIRCLE('',#2277,7.98882916684066);
#117=CIRCLE('',#2281,7.02650898701436);
#118=CIRCLE('',#2282,7.98882916684066);
#119=CIRCLE('',#2286,7.02650898701436);
#120=CIRCLE('',#2287,7.98882916684066);
#121=CIRCLE('',#2291,7.02650898701436);
#122=CIRCLE('',#2292,7.98882916684066);
#123=CIRCLE('',#2296,7.02650898701436);
#124=CIRCLE('',#2297,7.98882916684066);
#125=CIRCLE('',#2299,7.02301797402872);
#126=CIRCLE('',#2306,7.98882916684066);
#127=CIRCLE('',#2308,7.98882916684066);
#128=CIRCLE('',#2310,7.98882916684066);
#129=CIRCLE('',#2312,7.98882916684066);
#130=CIRCLE('',#2314,7.98882916684066);
#131=CIRCLE('',#2316,7.98882916684066);
#132=CIRCLE('',#2319,4.93856041762353);
#133=CIRCLE('',#2325,6.97414379222971);
#134=CIRCLE('',#2328,6.97414379222971);
#135=CIRCLE('',#2332,6.97414379222971);
#136=CIRCLE('',#2334,4.93856041762353);
#137=CIRCLE('',#2336,6.97414379222971);
#138=CIRCLE('',#2338,6.9741437922297);
#139=CIRCLE('',#2341,6.9741437922297);
#140=CIRCLE('',#2343,6.9741437922297);
#141=CIRCLE('',#2345,6.9741437922297);
#142=CIRCLE('',#2347,7.98882916684066);
#143=CIRCLE('',#2348,7.98882916684066);
#144=CIRCLE('',#2349,7.98882916684066);
#145=CIRCLE('',#2350,7.98882916684066);
#146=CIRCLE('',#2351,8.);
#147=CIRCLE('',#2352,7.98882916684066);
#148=CIRCLE('',#2353,7.98882916684066);
#149=CIRCLE('',#2354,7.98882916684066);
#150=CIRCLE('',#2356,4.86908701303843);
#151=CIRCLE('',#2358,6.9741437922297);
#152=CIRCLE('',#2359,6.9741437922297);
#153=CIRCLE('',#2361,6.9741437922297);
#154=CIRCLE('',#2363,6.9741437922297);
#155=CIRCLE('',#2366,7.03);
#156=CIRCLE('',#2368,7.03);
#157=CIRCLE('',#2371,7.03);
#158=CIRCLE('',#2376,6.9741437922297);
#159=CIRCLE('',#2378,5.);
#160=CIRCLE('',#2379,5.);
#161=CIRCLE('',#2380,8.80346054737689);
#162=CIRCLE('',#2381,7.80346054737688);
#163=CIRCLE('',#2382,5.0610927272487);
#164=CIRCLE('',#2384,7.03);
#165=CIRCLE('',#2386,4.82544935071851);
#166=CIRCLE('',#2388,1.79189295337869);
#167=CIRCLE('',#2389,1.79189295337869);
#168=CIRCLE('',#2390,2.09712867531002);
#169=CIRCLE('',#2393,0.200000000000001);
#170=CIRCLE('',#2396,2.3);
#171=CIRCLE('',#2397,2.6);
#172=CIRCLE('',#2399,2.3);
#173=CIRCLE('',#2402,4.98254493507051);
#174=CIRCLE('',#2406,2.5);
#175=CIRCLE('',#2410,5.);
#176=CIRCLE('',#2412,5.09481770724573);
#177=CIRCLE('',#2414,0.200000000000007);
#178=CIRCLE('',#2415,0.200000000000004);
#179=CIRCLE('',#2417,0.200000000000002);
#180=CIRCLE('',#2418,8.00343008640812);
#181=CIRCLE('',#2422,5.);
#182=CIRCLE('',#2428,0.200000000000006);
#183=CIRCLE('',#2432,0.2);
#184=CIRCLE('',#2433,14.9965699135918);
#185=CIRCLE('',#2435,9.00343008640813);
#186=CIRCLE('',#2437,5.12972656086853);
#187=CIRCLE('',#2440,8.17455064928219);
#188=CIRCLE('',#2453,14.8254493507178);
#189=CIRCLE('',#2455,9.17455064928218);
#190=FACE_OUTER_BOUND('',#313,.T.);
#191=FACE_OUTER_BOUND('',#314,.T.);
#192=FACE_OUTER_BOUND('',#315,.T.);
#193=FACE_OUTER_BOUND('',#317,.T.);
#194=FACE_OUTER_BOUND('',#318,.T.);
#195=FACE_OUTER_BOUND('',#319,.T.);
#196=FACE_OUTER_BOUND('',#320,.T.);
#197=FACE_OUTER_BOUND('',#321,.T.);
#198=FACE_OUTER_BOUND('',#322,.T.);
#199=FACE_OUTER_BOUND('',#323,.T.);
#200=FACE_OUTER_BOUND('',#324,.T.);
#201=FACE_OUTER_BOUND('',#325,.T.);
#202=FACE_OUTER_BOUND('',#326,.T.);
#203=FACE_OUTER_BOUND('',#327,.T.);
#204=FACE_OUTER_BOUND('',#328,.T.);
#205=FACE_OUTER_BOUND('',#329,.T.);
#206=FACE_OUTER_BOUND('',#330,.T.);
#207=FACE_OUTER_BOUND('',#331,.T.);
#208=FACE_OUTER_BOUND('',#332,.T.);
#209=FACE_OUTER_BOUND('',#333,.T.);
#210=FACE_OUTER_BOUND('',#334,.T.);
#211=FACE_OUTER_BOUND('',#335,.T.);
#212=FACE_OUTER_BOUND('',#336,.T.);
#213=FACE_OUTER_BOUND('',#337,.T.);
#214=FACE_OUTER_BOUND('',#338,.T.);
#215=FACE_OUTER_BOUND('',#339,.T.);
#216=FACE_OUTER_BOUND('',#340,.T.);
#217=FACE_OUTER_BOUND('',#341,.T.);
#218=FACE_OUTER_BOUND('',#342,.T.);
#219=FACE_OUTER_BOUND('',#343,.T.);
#220=FACE_OUTER_BOUND('',#344,.T.);
#221=FACE_OUTER_BOUND('',#345,.T.);
#222=FACE_OUTER_BOUND('',#346,.T.);
#223=FACE_OUTER_BOUND('',#347,.T.);
#224=FACE_OUTER_BOUND('',#348,.T.);
#225=FACE_OUTER_BOUND('',#349,.T.);
#226=FACE_OUTER_BOUND('',#350,.T.);
#227=FACE_OUTER_BOUND('',#351,.T.);
#228=FACE_OUTER_BOUND('',#352,.T.);
#229=FACE_OUTER_BOUND('',#353,.T.);
#230=FACE_OUTER_BOUND('',#354,.T.);
#231=FACE_OUTER_BOUND('',#355,.T.);
#232=FACE_OUTER_BOUND('',#356,.T.);
#233=FACE_OUTER_BOUND('',#357,.T.);
#234=FACE_OUTER_BOUND('',#358,.T.);
#235=FACE_OUTER_BOUND('',#359,.T.);
#236=FACE_OUTER_BOUND('',#360,.T.);
#237=FACE_OUTER_BOUND('',#362,.T.);
#238=FACE_OUTER_BOUND('',#363,.T.);
#239=FACE_OUTER_BOUND('',#364,.T.);
#240=FACE_OUTER_BOUND('',#365,.T.);
#241=FACE_OUTER_BOUND('',#366,.T.);
#242=FACE_OUTER_BOUND('',#367,.T.);
#243=FACE_OUTER_BOUND('',#368,.T.);
#244=FACE_OUTER_BOUND('',#369,.T.);
#245=FACE_OUTER_BOUND('',#370,.T.);
#246=FACE_OUTER_BOUND('',#371,.T.);
#247=FACE_OUTER_BOUND('',#372,.T.);
#248=FACE_OUTER_BOUND('',#373,.T.);
#249=FACE_OUTER_BOUND('',#374,.T.);
#250=FACE_OUTER_BOUND('',#375,.T.);
#251=FACE_OUTER_BOUND('',#376,.T.);
#252=FACE_OUTER_BOUND('',#377,.T.);
#253=FACE_OUTER_BOUND('',#378,.T.);
#254=FACE_OUTER_BOUND('',#379,.T.);
#255=FACE_OUTER_BOUND('',#380,.T.);
#256=FACE_OUTER_BOUND('',#382,.T.);
#257=FACE_OUTER_BOUND('',#383,.T.);
#258=FACE_OUTER_BOUND('',#384,.T.);
#259=FACE_OUTER_BOUND('',#385,.T.);
#260=FACE_OUTER_BOUND('',#386,.T.);
#261=FACE_OUTER_BOUND('',#387,.T.);
#262=FACE_OUTER_BOUND('',#388,.T.);
#263=FACE_OUTER_BOUND('',#389,.T.);
#264=FACE_OUTER_BOUND('',#390,.T.);
#265=FACE_OUTER_BOUND('',#391,.T.);
#266=FACE_OUTER_BOUND('',#392,.T.);
#267=FACE_OUTER_BOUND('',#393,.T.);
#268=FACE_OUTER_BOUND('',#394,.T.);
#269=FACE_OUTER_BOUND('',#397,.T.);
#270=FACE_OUTER_BOUND('',#398,.T.);
#271=FACE_OUTER_BOUND('',#399,.T.);
#272=FACE_OUTER_BOUND('',#400,.T.);
#273=FACE_OUTER_BOUND('',#401,.T.);
#274=FACE_OUTER_BOUND('',#403,.T.);
#275=FACE_OUTER_BOUND('',#404,.T.);
#276=FACE_OUTER_BOUND('',#406,.T.);
#277=FACE_OUTER_BOUND('',#407,.T.);
#278=FACE_OUTER_BOUND('',#408,.T.);
#279=FACE_OUTER_BOUND('',#410,.T.);
#280=FACE_OUTER_BOUND('',#411,.T.);
#281=FACE_OUTER_BOUND('',#412,.T.);
#282=FACE_OUTER_BOUND('',#413,.T.);
#283=FACE_OUTER_BOUND('',#414,.T.);
#284=FACE_OUTER_BOUND('',#415,.T.);
#285=FACE_OUTER_BOUND('',#416,.T.);
#286=FACE_OUTER_BOUND('',#417,.T.);
#287=FACE_OUTER_BOUND('',#419,.T.);
#288=FACE_OUTER_BOUND('',#420,.T.);
#289=FACE_OUTER_BOUND('',#421,.T.);
#290=FACE_OUTER_BOUND('',#422,.T.);
#291=FACE_OUTER_BOUND('',#423,.T.);
#292=FACE_OUTER_BOUND('',#424,.T.);
#293=FACE_OUTER_BOUND('',#425,.T.);
#294=FACE_OUTER_BOUND('',#426,.T.);
#295=FACE_OUTER_BOUND('',#427,.T.);
#296=FACE_OUTER_BOUND('',#428,.T.);
#297=FACE_OUTER_BOUND('',#429,.T.);
#298=FACE_OUTER_BOUND('',#430,.T.);
#299=FACE_OUTER_BOUND('',#431,.T.);
#300=FACE_OUTER_BOUND('',#432,.T.);
#301=FACE_OUTER_BOUND('',#433,.T.);
#302=FACE_OUTER_BOUND('',#434,.T.);
#303=FACE_OUTER_BOUND('',#435,.T.);
#304=FACE_OUTER_BOUND('',#436,.T.);
#305=FACE_OUTER_BOUND('',#437,.T.);
#306=FACE_OUTER_BOUND('',#438,.T.);
#307=FACE_OUTER_BOUND('',#439,.T.);
#308=FACE_OUTER_BOUND('',#440,.T.);
#309=FACE_OUTER_BOUND('',#441,.T.);
#310=FACE_OUTER_BOUND('',#442,.T.);
#311=FACE_OUTER_BOUND('',#443,.T.);
#312=FACE_OUTER_BOUND('',#444,.T.);
#313=EDGE_LOOP('',(#1373,#1374,#1375,#1376));
#314=EDGE_LOOP('',(#1377,#1378,#1379,#1380));
#315=EDGE_LOOP('',(#1381,#1382,#1383,#1384));
#316=EDGE_LOOP('',(#1385));
#317=EDGE_LOOP('',(#1386,#1387,#1388,#1389));
#318=EDGE_LOOP('',(#1390,#1391,#1392,#1393));
#319=EDGE_LOOP('',(#1394,#1395,#1396,#1397,#1398,#1399,#1400,#1401));
#320=EDGE_LOOP('',(#1402,#1403,#1404,#1405,#1406));
#321=EDGE_LOOP('',(#1407,#1408,#1409,#1410,#1411,#1412,#1413,#1414));
#322=EDGE_LOOP('',(#1415,#1416,#1417,#1418));
#323=EDGE_LOOP('',(#1419,#1420));
#324=EDGE_LOOP('',(#1421,#1422,#1423,#1424,#1425));
#325=EDGE_LOOP('',(#1426,#1427,#1428,#1429));
#326=EDGE_LOOP('',(#1430,#1431,#1432,#1433));
#327=EDGE_LOOP('',(#1434,#1435,#1436,#1437));
#328=EDGE_LOOP('',(#1438,#1439,#1440,#1441));
#329=EDGE_LOOP('',(#1442,#1443,#1444,#1445));
#330=EDGE_LOOP('',(#1446,#1447,#1448,#1449));
#331=EDGE_LOOP('',(#1450,#1451,#1452,#1453,#1454,#1455));
#332=EDGE_LOOP('',(#1456,#1457,#1458,#1459));
#333=EDGE_LOOP('',(#1460,#1461,#1462,#1463));
#334=EDGE_LOOP('',(#1464,#1465,#1466,#1467,#1468,#1469));
#335=EDGE_LOOP('',(#1470,#1471,#1472,#1473));
#336=EDGE_LOOP('',(#1474,#1475,#1476,#1477));
#337=EDGE_LOOP('',(#1478,#1479,#1480,#1481,#1482,#1483));
#338=EDGE_LOOP('',(#1484,#1485,#1486,#1487));
#339=EDGE_LOOP('',(#1488,#1489,#1490,#1491));
#340=EDGE_LOOP('',(#1492,#1493,#1494,#1495,#1496,#1497));
#341=EDGE_LOOP('',(#1498,#1499,#1500,#1501));
#342=EDGE_LOOP('',(#1502,#1503,#1504,#1505));
#343=EDGE_LOOP('',(#1506,#1507,#1508,#1509,#1510,#1511));
#344=EDGE_LOOP('',(#1512,#1513,#1514,#1515));
#345=EDGE_LOOP('',(#1516,#1517,#1518,#1519));
#346=EDGE_LOOP('',(#1520,#1521,#1522,#1523,#1524,#1525));
#347=EDGE_LOOP('',(#1526,#1527,#1528,#1529));
#348=EDGE_LOOP('',(#1530,#1531,#1532,#1533,#1534,#1535,#1536,#1537,#1538,
#1539));
#349=EDGE_LOOP('',(#1540,#1541,#1542,#1543,#1544,#1545,#1546,#1547,#1548,
#1549));
#350=EDGE_LOOP('',(#1550,#1551,#1552,#1553,#1554,#1555,#1556,#1557));
#351=EDGE_LOOP('',(#1558,#1559,#1560,#1561,#1562,#1563,#1564,#1565,#1566,
#1567));
#352=EDGE_LOOP('',(#1568,#1569,#1570,#1571,#1572,#1573,#1574,#1575,#1576,
#1577));
#353=EDGE_LOOP('',(#1578,#1579,#1580,#1581));
#354=EDGE_LOOP('',(#1582,#1583,#1584,#1585));
#355=EDGE_LOOP('',(#1586,#1587,#1588,#1589));
#356=EDGE_LOOP('',(#1590,#1591,#1592,#1593));
#357=EDGE_LOOP('',(#1594,#1595,#1596,#1597));
#358=EDGE_LOOP('',(#1598,#1599,#1600,#1601));
#359=EDGE_LOOP('',(#1602,#1603,#1604,#1605,#1606,#1607,#1608,#1609));
#360=EDGE_LOOP('',(#1610,#1611,#1612,#1613,#1614,#1615,#1616,#1617));
#361=EDGE_LOOP('',(#1618));
#362=EDGE_LOOP('',(#1619,#1620,#1621,#1622,#1623,#1624,#1625,#1626));
#363=EDGE_LOOP('',(#1627,#1628,#1629,#1630));
#364=EDGE_LOOP('',(#1631,#1632,#1633,#1634,#1635,#1636,#1637,#1638));
#365=EDGE_LOOP('',(#1639,#1640,#1641,#1642));
#366=EDGE_LOOP('',(#1643,#1644,#1645,#1646));
#367=EDGE_LOOP('',(#1647,#1648,#1649,#1650,#1651,#1652,#1653,#1654));
#368=EDGE_LOOP('',(#1655,#1656,#1657,#1658));
#369=EDGE_LOOP('',(#1659,#1660,#1661,#1662));
#370=EDGE_LOOP('',(#1663,#1664,#1665,#1666));
#371=EDGE_LOOP('',(#1667,#1668,#1669,#1670));
#372=EDGE_LOOP('',(#1671,#1672,#1673,#1674));
#373=EDGE_LOOP('',(#1675,#1676,#1677,#1678));
#374=EDGE_LOOP('',(#1679,#1680,#1681,#1682));
#375=EDGE_LOOP('',(#1683,#1684,#1685,#1686,#1687,#1688,#1689,#1690));
#376=EDGE_LOOP('',(#1691,#1692,#1693,#1694));
#377=EDGE_LOOP('',(#1695,#1696,#1697,#1698));
#378=EDGE_LOOP('',(#1699,#1700,#1701,#1702));
#379=EDGE_LOOP('',(#1703,#1704,#1705,#1706,#1707,#1708,#1709,#1710,#1711,
#1712,#1713,#1714,#1715,#1716,#1717,#1718));
#380=EDGE_LOOP('',(#1719));
#381=EDGE_LOOP('',(#1720));
#382=EDGE_LOOP('',(#1721,#1722,#1723));
#383=EDGE_LOOP('',(#1724,#1725));
#384=EDGE_LOOP('',(#1726,#1727));
#385=EDGE_LOOP('',(#1728,#1729));
#386=EDGE_LOOP('',(#1730,#1731,#1732,#1733));
#387=EDGE_LOOP('',(#1734,#1735,#1736,#1737));
#388=EDGE_LOOP('',(#1738,#1739,#1740));
#389=EDGE_LOOP('',(#1741,#1742,#1743,#1744));
#390=EDGE_LOOP('',(#1745,#1746));
#391=EDGE_LOOP('',(#1747,#1748));
#392=EDGE_LOOP('',(#1749,#1750));
#393=EDGE_LOOP('',(#1751,#1752,#1753,#1754,#1755,#1756,#1757,#1758,#1759,
#1760,#1761,#1762,#1763,#1764,#1765,#1766,#1767,#1768,#1769,#1770,#1771,
#1772,#1773,#1774,#1775,#1776,#1777,#1778,#1779,#1780,#1781,#1782,#1783,
#1784,#1785,#1786));
#394=EDGE_LOOP('',(#1787,#1788,#1789,#1790,#1791,#1792,#1793,#1794,#1795,
#1796,#1797,#1798,#1799));
#395=EDGE_LOOP('',(#1800));
#396=EDGE_LOOP('',(#1801));
#397=EDGE_LOOP('',(#1802,#1803));
#398=EDGE_LOOP('',(#1804,#1805,#1806,#1807));
#399=EDGE_LOOP('',(#1808,#1809,#1810,#1811,#1812));
#400=EDGE_LOOP('',(#1813,#1814,#1815,#1816,#1817,#1818));
#401=EDGE_LOOP('',(#1819,#1820,#1821,#1822,#1823));
#402=EDGE_LOOP('',(#1824));
#403=EDGE_LOOP('',(#1825,#1826,#1827,#1828,#1829));
#404=EDGE_LOOP('',(#1830,#1831,#1832,#1833));
#405=EDGE_LOOP('',(#1834));
#406=EDGE_LOOP('',(#1835,#1836,#1837,#1838));
#407=EDGE_LOOP('',(#1839,#1840,#1841,#1842));
#408=EDGE_LOOP('',(#1843,#1844,#1845,#1846,#1847,#1848));
#409=EDGE_LOOP('',(#1849));
#410=EDGE_LOOP('',(#1850,#1851));
#411=EDGE_LOOP('',(#1852,#1853,#1854,#1855));
#412=EDGE_LOOP('',(#1856,#1857,#1858,#1859,#1860,#1861,#1862,#1863));
#413=EDGE_LOOP('',(#1864,#1865,#1866,#1867));
#414=EDGE_LOOP('',(#1868));
#415=EDGE_LOOP('',(#1869,#1870,#1871,#1872,#1873,#1874));
#416=EDGE_LOOP('',(#1875,#1876,#1877,#1878));
#417=EDGE_LOOP('',(#1879));
#418=EDGE_LOOP('',(#1880));
#419=EDGE_LOOP('',(#1881,#1882,#1883,#1884));
#420=EDGE_LOOP('',(#1885,#1886,#1887,#1888));
#421=EDGE_LOOP('',(#1889,#1890,#1891,#1892));
#422=EDGE_LOOP('',(#1893,#1894,#1895,#1896));
#423=EDGE_LOOP('',(#1897,#1898));
#424=EDGE_LOOP('',(#1899,#1900,#1901,#1902,#1903,#1904,#1905,#1906));
#425=EDGE_LOOP('',(#1907,#1908,#1909,#1910));
#426=EDGE_LOOP('',(#1911,#1912,#1913,#1914));
#427=EDGE_LOOP('',(#1915,#1916,#1917,#1918,#1919,#1920,#1921,#1922));
#428=EDGE_LOOP('',(#1923,#1924,#1925,#1926));
#429=EDGE_LOOP('',(#1927,#1928,#1929,#1930));
#430=EDGE_LOOP('',(#1931,#1932,#1933,#1934));
#431=EDGE_LOOP('',(#1935,#1936,#1937,#1938));
#432=EDGE_LOOP('',(#1939,#1940,#1941,#1942));
#433=EDGE_LOOP('',(#1943,#1944,#1945,#1946));
#434=EDGE_LOOP('',(#1947,#1948,#1949,#1950,#1951));
#435=EDGE_LOOP('',(#1952,#1953,#1954,#1955));
#436=EDGE_LOOP('',(#1956,#1957,#1958,#1959));
#437=EDGE_LOOP('',(#1960,#1961,#1962,#1963));
#438=EDGE_LOOP('',(#1964,#1965,#1966,#1967));
#439=EDGE_LOOP('',(#1968,#1969,#1970,#1971,#1972,#1973));
#440=EDGE_LOOP('',(#1974,#1975,#1976,#1977));
#441=EDGE_LOOP('',(#1978,#1979,#1980,#1981,#1982,#1983));
#442=EDGE_LOOP('',(#1984,#1985,#1986,#1987));
#443=EDGE_LOOP('',(#1988,#1989,#1990,#1991));
#444=EDGE_LOOP('',(#1992,#1993,#1994,#1995,#1996,#1997,#1998,#1999,#2000,
#2001,#2002,#2003,#2004,#2005,#2006));
#445=EDGE_LOOP('',(#2007));
#446=EDGE_LOOP('',(#2008));
#447=LINE('',#3112,#650);
#448=LINE('',#3114,#651);
#449=LINE('',#3116,#652);
#450=LINE('',#3117,#653);
#451=LINE('',#3121,#654);
#452=LINE('',#3123,#655);
#453=LINE('',#3125,#656);
#454=LINE('',#3126,#657);
#455=LINE('',#3128,#658);
#456=LINE('',#3129,#659);
#457=LINE('',#3134,#660);
#458=LINE('',#3137,#661);
#459=LINE('',#3143,#662);
#460=LINE('',#3146,#663);
#461=LINE('',#3149,#664);
#462=LINE('',#3150,#665);
#463=LINE('',#3151,#666);
#464=LINE('',#3156,#667);
#465=LINE('',#3159,#668);
#466=LINE('',#3160,#669);
#467=LINE('',#3169,#670);
#468=LINE('',#3171,#671);
#469=LINE('',#3173,#672);
#470=LINE('',#3180,#673);
#471=LINE('',#3182,#674);
#472=LINE('',#3183,#675);
#473=LINE('',#3189,#676);
#474=LINE('',#3191,#677);
#475=LINE('',#3192,#678);
#476=LINE('',#3198,#679);
#477=LINE('',#3200,#680);
#478=LINE('',#3201,#681);
#479=LINE('',#3207,#682);
#480=LINE('',#3209,#683);
#481=LINE('',#3210,#684);
#482=LINE('',#3217,#685);
#483=LINE('',#3218,#686);
#484=LINE('',#3225,#687);
#485=LINE('',#3226,#688);
#486=LINE('',#3230,#689);
#487=LINE('',#3233,#690);
#488=LINE('',#3240,#691);
#489=LINE('',#3241,#692);
#490=LINE('',#3249,#693);
#491=LINE('',#3251,#694);
#492=LINE('',#3252,#695);
#493=LINE('',#3256,#696);
#494=LINE('',#3259,#697);
#495=LINE('',#3266,#698);
#496=LINE('',#3267,#699);
#497=LINE('',#3274,#700);
#498=LINE('',#3275,#701);
#499=LINE('',#3279,#702);
#500=LINE('',#3282,#703);
#501=LINE('',#3289,#704);
#502=LINE('',#3290,#705);
#503=LINE('',#3297,#706);
#504=LINE('',#3298,#707);
#505=LINE('',#3302,#708);
#506=LINE('',#3305,#709);
#507=LINE('',#3312,#710);
#508=LINE('',#3313,#711);
#509=LINE('',#3320,#712);
#510=LINE('',#3321,#713);
#511=LINE('',#3325,#714);
#512=LINE('',#3328,#715);
#513=LINE('',#3336,#716);
#514=LINE('',#3338,#717);
#515=LINE('',#3339,#718);
#516=LINE('',#3346,#719);
#517=LINE('',#3347,#720);
#518=LINE('',#3351,#721);
#519=LINE('',#3354,#722);
#520=LINE('',#3357,#723);
#521=LINE('',#3365,#724);
#522=LINE('',#3366,#725);
#523=LINE('',#3368,#726);
#524=LINE('',#3369,#727);
#525=LINE('',#3377,#728);
#526=LINE('',#3378,#729);
#527=LINE('',#3380,#730);
#528=LINE('',#3381,#731);
#529=LINE('',#3384,#732);
#530=LINE('',#3386,#733);
#531=LINE('',#3387,#734);
#532=LINE('',#3395,#735);
#533=LINE('',#3396,#736);
#534=LINE('',#3398,#737);
#535=LINE('',#3399,#738);
#536=LINE('',#3407,#739);
#537=LINE('',#3408,#740);
#538=LINE('',#3410,#741);
#539=LINE('',#3411,#742);
#540=LINE('',#3421,#743);
#541=LINE('',#3426,#744);
#542=LINE('',#3429,#745);
#543=LINE('',#3433,#746);
#544=LINE('',#3435,#747);
#545=LINE('',#3437,#748);
#546=LINE('',#3439,#749);
#547=LINE('',#3441,#750);
#548=LINE('',#3443,#751);
#549=LINE('',#3445,#752);
#550=LINE('',#3446,#753);
#551=LINE('',#3451,#754);
#552=LINE('',#3453,#755);
#553=LINE('',#3455,#756);
#554=LINE('',#3457,#757);
#555=LINE('',#3459,#758);
#556=LINE('',#3461,#759);
#557=LINE('',#3462,#760);
#558=LINE('',#3465,#761);
#559=LINE('',#3466,#762);
#560=LINE('',#3469,#763);
#561=LINE('',#3471,#764);
#562=LINE('',#3473,#765);
#563=LINE('',#3475,#766);
#564=LINE('',#3477,#767);
#565=LINE('',#3478,#768);
#566=LINE('',#3481,#769);
#567=LINE('',#3482,#770);
#568=LINE('',#3485,#771);
#569=LINE('',#3489,#772);
#570=LINE('',#3491,#773);
#571=LINE('',#3493,#774);
#572=LINE('',#3495,#775);
#573=LINE('',#3496,#776);
#574=LINE('',#3499,#777);
#575=LINE('',#3502,#778);
#576=LINE('',#3504,#779);
#577=LINE('',#3507,#780);
#578=LINE('',#3508,#781);
#579=LINE('',#3511,#782);
#580=LINE('',#3515,#783);
#581=LINE('',#3521,#784);
#582=LINE('',#3525,#785);
#583=LINE('',#3526,#786);
#584=LINE('',#3540,#787);
#585=LINE('',#3569,#788);
#586=LINE('',#3573,#789);
#587=LINE('',#3577,#790);
#588=LINE('',#3581,#791);
#589=LINE('',#3583,#792);
#590=LINE('',#3658,#793);
#591=LINE('',#3662,#794);
#592=LINE('',#3664,#795);
#593=LINE('',#3665,#796);
#594=LINE('',#3673,#797);
#595=LINE('',#3680,#798);
#596=LINE('',#3699,#799);
#597=LINE('',#3702,#800);
#598=LINE('',#3704,#801);
#599=LINE('',#3706,#802);
#600=LINE('',#3749,#803);
#601=LINE('',#3763,#804);
#602=LINE('',#3765,#805);
#603=LINE('',#3767,#806);
#604=LINE('',#3768,#807);
#605=LINE('',#3773,#808);
#606=LINE('',#3778,#809);
#607=LINE('',#3781,#810);
#608=LINE('',#3783,#811);
#609=LINE('',#3785,#812);
#610=LINE('',#3787,#813);
#611=LINE('',#3788,#814);
#612=LINE('',#3793,#815);
#613=LINE('',#3797,#816);
#614=LINE('',#3802,#817);
#615=LINE('',#3803,#818);
#616=LINE('',#3805,#819);
#617=LINE('',#3807,#820);
#618=LINE('',#3808,#821);
#619=LINE('',#3819,#822);
#620=LINE('',#3827,#823);
#621=LINE('',#3836,#824);
#622=LINE('',#3837,#825);
#623=LINE('',#3839,#826);
#624=LINE('',#3840,#827);
#625=LINE('',#3843,#828);
#626=LINE('',#3844,#829);
#627=LINE('',#3847,#830);
#628=LINE('',#3850,#831);
#629=LINE('',#3852,#832);
#630=LINE('',#3862,#833);
#631=LINE('',#3866,#834);
#632=LINE('',#3868,#835);
#633=LINE('',#3869,#836);
#634=LINE('',#3873,#837);
#635=LINE('',#3876,#838);
#636=LINE('',#3877,#839);
#637=LINE('',#3880,#840);
#638=LINE('',#3881,#841);
#639=LINE('',#3883,#842);
#640=LINE('',#3886,#843);
#641=LINE('',#3887,#844);
#642=LINE('',#3890,#845);
#643=LINE('',#3891,#846);
#644=LINE('',#3895,#847);
#645=LINE('',#3898,#848);
#646=LINE('',#3899,#849);
#647=LINE('',#3904,#850);
#648=LINE('',#3905,#851);
#649=LINE('',#3909,#852);
#650=VECTOR('',#2466,10.);
#651=VECTOR('',#2467,10.);
#652=VECTOR('',#2468,10.);
#653=VECTOR('',#2469,10.);
#654=VECTOR('',#2472,10.);
#655=VECTOR('',#2473,10.);
#656=VECTOR('',#2474,10.);
#657=VECTOR('',#2475,10.);
#658=VECTOR('',#2478,10.);
#659=VECTOR('',#2479,10.);
#660=VECTOR('',#2484,10.);
#661=VECTOR('',#2487,10.);
#662=VECTOR('',#2492,10.);
#663=VECTOR('',#2495,10.);
#664=VECTOR('',#2498,10.);
#665=VECTOR('',#2499,10.);
#666=VECTOR('',#2500,10.);
#667=VECTOR('',#2505,10.);
#668=VECTOR('',#2510,10.);
#669=VECTOR('',#2511,10.);
#670=VECTOR('',#2522,10.);
#671=VECTOR('',#2523,10.);
#672=VECTOR('',#2524,10.);
#673=VECTOR('',#2531,10.);
#674=VECTOR('',#2532,10.);
#675=VECTOR('',#2533,10.);
#676=VECTOR('',#2538,10.);
#677=VECTOR('',#2539,10.);
#678=VECTOR('',#2540,10.);
#679=VECTOR('',#2545,10.);
#680=VECTOR('',#2546,10.);
#681=VECTOR('',#2547,10.);
#682=VECTOR('',#2552,10.);
#683=VECTOR('',#2553,10.);
#684=VECTOR('',#2554,10.);
#685=VECTOR('',#2557,10.);
#686=VECTOR('',#2558,10.);
#687=VECTOR('',#2561,10.);
#688=VECTOR('',#2562,10.);
#689=VECTOR('',#2567,10.);
#690=VECTOR('',#2570,10.);
#691=VECTOR('',#2573,10.);
#692=VECTOR('',#2574,10.);
#693=VECTOR('',#2577,10.);
#694=VECTOR('',#2578,10.);
#695=VECTOR('',#2579,10.);
#696=VECTOR('',#2584,10.);
#697=VECTOR('',#2587,10.);
#698=VECTOR('',#2590,10.);
#699=VECTOR('',#2591,10.);
#700=VECTOR('',#2594,10.);
#701=VECTOR('',#2595,10.);
#702=VECTOR('',#2600,10.);
#703=VECTOR('',#2603,10.);
#704=VECTOR('',#2606,10.);
#705=VECTOR('',#2607,10.);
#706=VECTOR('',#2610,10.);
#707=VECTOR('',#2611,10.);
#708=VECTOR('',#2616,10.);
#709=VECTOR('',#2619,10.);
#710=VECTOR('',#2622,10.);
#711=VECTOR('',#2623,10.);
#712=VECTOR('',#2626,10.);
#713=VECTOR('',#2627,10.);
#714=VECTOR('',#2632,10.);
#715=VECTOR('',#2635,10.);
#716=VECTOR('',#2638,10.);
#717=VECTOR('',#2639,10.);
#718=VECTOR('',#2640,10.);
#719=VECTOR('',#2643,10.);
#720=VECTOR('',#2644,10.);
#721=VECTOR('',#2649,10.);
#722=VECTOR('',#2652,10.);
#723=VECTOR('',#2657,10.);
#724=VECTOR('',#2660,10.);
#725=VECTOR('',#2661,10.);
#726=VECTOR('',#2662,10.);
#727=VECTOR('',#2663,10.);
#728=VECTOR('',#2666,10.);
#729=VECTOR('',#2667,10.);
#730=VECTOR('',#2668,10.);
#731=VECTOR('',#2669,10.);
#732=VECTOR('',#2672,10.);
#733=VECTOR('',#2673,10.);
#734=VECTOR('',#2674,10.);
#735=VECTOR('',#2677,10.);
#736=VECTOR('',#2678,10.);
#737=VECTOR('',#2679,10.);
#738=VECTOR('',#2680,10.);
#739=VECTOR('',#2683,10.);
#740=VECTOR('',#2684,10.);
#741=VECTOR('',#2685,10.);
#742=VECTOR('',#2686,10.);
#743=VECTOR('',#2703,10.);
#744=VECTOR('',#2710,10.);
#745=VECTOR('',#2715,10.);
#746=VECTOR('',#2718,10.);
#747=VECTOR('',#2719,10.);
#748=VECTOR('',#2720,10.);
#749=VECTOR('',#2721,10.);
#750=VECTOR('',#2722,10.);
#751=VECTOR('',#2723,10.);
#752=VECTOR('',#2724,10.);
#753=VECTOR('',#2725,10.);
#754=VECTOR('',#2730,10.);
#755=VECTOR('',#2731,10.);
#756=VECTOR('',#2732,10.);
#757=VECTOR('',#2733,10.);
#758=VECTOR('',#2734,10.);
#759=VECTOR('',#2735,10.);
#760=VECTOR('',#2736,10.);
#761=VECTOR('',#2739,10.);
#762=VECTOR('',#2740,10.);
#763=VECTOR('',#2743,10.);
#764=VECTOR('',#2744,10.);
#765=VECTOR('',#2745,10.);
#766=VECTOR('',#2746,10.);
#767=VECTOR('',#2747,10.);
#768=VECTOR('',#2748,10.);
#769=VECTOR('',#2751,10.);
#770=VECTOR('',#2752,10.);
#771=VECTOR('',#2755,10.);
#772=VECTOR('',#2760,10.);
#773=VECTOR('',#2761,10.);
#774=VECTOR('',#2762,10.);
#775=VECTOR('',#2763,10.);
#776=VECTOR('',#2764,10.);
#777=VECTOR('',#2767,10.);
#778=VECTOR('',#2770,10.);
#779=VECTOR('',#2773,10.);
#780=VECTOR('',#2776,10.);
#781=VECTOR('',#2777,10.);
#782=VECTOR('',#2780,10.);
#783=VECTOR('',#2785,4.93856041762353);
#784=VECTOR('',#2794,10.);
#785=VECTOR('',#2799,10.);
#786=VECTOR('',#2800,10.);
#787=VECTOR('',#2823,7.99724628400694);
#788=VECTOR('',#2876,7.02656991359186);
#789=VECTOR('',#2879,1000.);
#790=VECTOR('',#2882,1000.);
#791=VECTOR('',#2885,1000.);
#792=VECTOR('',#2886,1000.);
#793=VECTOR('',#2889,1000.);
#794=VECTOR('',#2892,1000.);
#795=VECTOR('',#2893,1000.);
#796=VECTOR('',#2894,1000.);
#797=VECTOR('',#2905,4.92674965387843);
#798=VECTOR('',#2912,1.94451081434436);
#799=VECTOR('',#2917,1.79712867531002);
#800=VECTOR('',#2920,1000.);
#801=VECTOR('',#2921,1000.);
#802=VECTOR('',#2922,1000.);
#803=VECTOR('',#2925,10.);
#804=VECTOR('',#2928,10.0004730128459);
#805=VECTOR('',#2929,10.);
#806=VECTOR('',#2930,1000.);
#807=VECTOR('',#2931,1000.);
#808=VECTOR('',#2936,2.45);
#809=VECTOR('',#2943,2.15);
#810=VECTOR('',#2946,1000.);
#811=VECTOR('',#2947,1000.);
#812=VECTOR('',#2948,1000.);
#813=VECTOR('',#2949,1000.);
#814=VECTOR('',#2950,1000.);
#815=VECTOR('',#2959,5.05594759763628);
#816=VECTOR('',#2964,2.5);
#817=VECTOR('',#2969,1000.);
#818=VECTOR('',#2970,1000.);
#819=VECTOR('',#2971,1000.);
#820=VECTOR('',#2972,1000.);
#821=VECTOR('',#2973,1000.);
#822=VECTOR('',#2988,1000.);
#823=VECTOR('',#2999,1000.);
#824=VECTOR('',#3010,1000.);
#825=VECTOR('',#3011,1000.);
#826=VECTOR('',#3012,1000.);
#827=VECTOR('',#3013,1000.);
#828=VECTOR('',#3016,1000.);
#829=VECTOR('',#3017,1000.);
#830=VECTOR('',#3020,1000.);
#831=VECTOR('',#3025,1000.);
#832=VECTOR('',#3026,1000.);
#833=VECTOR('',#3041,5.12972656086774);
#834=VECTOR('',#3046,1000.);
#835=VECTOR('',#3047,1000.);
#836=VECTOR('',#3048,1000.);
#837=VECTOR('',#3053,1000.);
#838=VECTOR('',#3056,1000.);
#839=VECTOR('',#3057,1000.);
#840=VECTOR('',#3060,1000.);
#841=VECTOR('',#3061,1000.);
#842=VECTOR('',#3064,1000.);
#843=VECTOR('',#3067,1000.);
#844=VECTOR('',#3068,1000.);
#845=VECTOR('',#3071,10.);
#846=VECTOR('',#3072,10.0008465873468);
#847=VECTOR('',#3077,10.0008465873468);
#848=VECTOR('',#3080,10.);
#849=VECTOR('',#3081,10.0004730128459);
#850=VECTOR('',#3088,1000.);
#851=VECTOR('',#3089,1000.);
#852=VECTOR('',#3094,1000.);
#853=VERTEX_POINT('',#3110);
#854=VERTEX_POINT('',#3111);
#855=VERTEX_POINT('',#3113);
#856=VERTEX_POINT('',#3115);
#857=VERTEX_POINT('',#3119);
#858=VERTEX_POINT('',#3120);
#859=VERTEX_POINT('',#3122);
#860=VERTEX_POINT('',#3124);
#861=VERTEX_POINT('',#3130);
#862=VERTEX_POINT('',#3133);
#863=VERTEX_POINT('',#3135);
#864=VERTEX_POINT('',#3139);
#865=VERTEX_POINT('',#3140);
#866=VERTEX_POINT('',#3142);
#867=VERTEX_POINT('',#3144);
#868=VERTEX_POINT('',#3148);
#869=VERTEX_POINT('',#3153);
#870=VERTEX_POINT('',#3154);
#871=VERTEX_POINT('',#3165);
#872=VERTEX_POINT('',#3166);
#873=VERTEX_POINT('',#3168);
#874=VERTEX_POINT('',#3170);
#875=VERTEX_POINT('',#3172);
#876=VERTEX_POINT('',#3176);
#877=VERTEX_POINT('',#3177);
#878=VERTEX_POINT('',#3179);
#879=VERTEX_POINT('',#3181);
#880=VERTEX_POINT('',#3185);
#881=VERTEX_POINT('',#3186);
#882=VERTEX_POINT('',#3188);
#883=VERTEX_POINT('',#3190);
#884=VERTEX_POINT('',#3194);
#885=VERTEX_POINT('',#3195);
#886=VERTEX_POINT('',#3197);
#887=VERTEX_POINT('',#3199);
#888=VERTEX_POINT('',#3203);
#889=VERTEX_POINT('',#3204);
#890=VERTEX_POINT('',#3206);
#891=VERTEX_POINT('',#3208);
#892=VERTEX_POINT('',#3212);
#893=VERTEX_POINT('',#3216);
#894=VERTEX_POINT('',#3220);
#895=VERTEX_POINT('',#3224);
#896=VERTEX_POINT('',#3229);
#897=VERTEX_POINT('',#3231);
#898=VERTEX_POINT('',#3235);
#899=VERTEX_POINT('',#3239);
#900=VERTEX_POINT('',#3243);
#901=VERTEX_POINT('',#3244);
#902=VERTEX_POINT('',#3248);
#903=VERTEX_POINT('',#3250);
#904=VERTEX_POINT('',#3255);
#905=VERTEX_POINT('',#3257);
#906=VERTEX_POINT('',#3261);
#907=VERTEX_POINT('',#3265);
#908=VERTEX_POINT('',#3269);
#909=VERTEX_POINT('',#3273);
#910=VERTEX_POINT('',#3278);
#911=VERTEX_POINT('',#3280);
#912=VERTEX_POINT('',#3284);
#913=VERTEX_POINT('',#3288);
#914=VERTEX_POINT('',#3292);
#915=VERTEX_POINT('',#3296);
#916=VERTEX_POINT('',#3301);
#917=VERTEX_POINT('',#3303);
#918=VERTEX_POINT('',#3307);
#919=VERTEX_POINT('',#3311);
#920=VERTEX_POINT('',#3315);
#921=VERTEX_POINT('',#3319);
#922=VERTEX_POINT('',#3324);
#923=VERTEX_POINT('',#3326);
#924=VERTEX_POINT('',#3330);
#925=VERTEX_POINT('',#3331);
#926=VERTEX_POINT('',#3335);
#927=VERTEX_POINT('',#3337);
#928=VERTEX_POINT('',#3341);
#929=VERTEX_POINT('',#3345);
#930=VERTEX_POINT('',#3350);
#931=VERTEX_POINT('',#3352);
#932=VERTEX_POINT('',#3359);
#933=VERTEX_POINT('',#3360);
#934=VERTEX_POINT('',#3364);
#935=VERTEX_POINT('',#3367);
#936=VERTEX_POINT('',#3371);
#937=VERTEX_POINT('',#3372);
#938=VERTEX_POINT('',#3376);
#939=VERTEX_POINT('',#3379);
#940=VERTEX_POINT('',#3383);
#941=VERTEX_POINT('',#3385);
#942=VERTEX_POINT('',#3389);
#943=VERTEX_POINT('',#3390);
#944=VERTEX_POINT('',#3394);
#945=VERTEX_POINT('',#3397);
#946=VERTEX_POINT('',#3401);
#947=VERTEX_POINT('',#3402);
#948=VERTEX_POINT('',#3406);
#949=VERTEX_POINT('',#3409);
#950=VERTEX_POINT('',#3419);
#951=VERTEX_POINT('',#3425);
#952=VERTEX_POINT('',#3431);
#953=VERTEX_POINT('',#3432);
#954=VERTEX_POINT('',#3434);
#955=VERTEX_POINT('',#3436);
#956=VERTEX_POINT('',#3438);
#957=VERTEX_POINT('',#3440);
#958=VERTEX_POINT('',#3442);
#959=VERTEX_POINT('',#3444);
#960=VERTEX_POINT('',#3447);
#961=VERTEX_POINT('',#3450);
#962=VERTEX_POINT('',#3452);
#963=VERTEX_POINT('',#3454);
#964=VERTEX_POINT('',#3456);
#965=VERTEX_POINT('',#3458);
#966=VERTEX_POINT('',#3460);
#967=VERTEX_POINT('',#3464);
#968=VERTEX_POINT('',#3468);
#969=VERTEX_POINT('',#3470);
#970=VERTEX_POINT('',#3472);
#971=VERTEX_POINT('',#3474);
#972=VERTEX_POINT('',#3476);
#973=VERTEX_POINT('',#3480);
#974=VERTEX_POINT('',#3484);
#975=VERTEX_POINT('',#3488);
#976=VERTEX_POINT('',#3490);
#977=VERTEX_POINT('',#3492);
#978=VERTEX_POINT('',#3494);
#979=VERTEX_POINT('',#3498);
#980=VERTEX_POINT('',#3500);
#981=VERTEX_POINT('',#3506);
#982=VERTEX_POINT('',#3510);
#983=VERTEX_POINT('',#3514);
#984=VERTEX_POINT('',#3520);
#985=VERTEX_POINT('',#3524);
#986=VERTEX_POINT('',#3537);
#987=VERTEX_POINT('',#3539);
#988=VERTEX_POINT('',#3546);
#989=VERTEX_POINT('',#3549);
#990=VERTEX_POINT('',#3571);
#991=VERTEX_POINT('',#3572);
#992=VERTEX_POINT('',#3574);
#993=VERTEX_POINT('',#3576);
#994=VERTEX_POINT('',#3578);
#995=VERTEX_POINT('',#3580);
#996=VERTEX_POINT('',#3582);
#997=VERTEX_POINT('',#3584);
#998=VERTEX_POINT('',#3655);
#999=VERTEX_POINT('',#3657);
#1000=VERTEX_POINT('',#3659);
#1001=VERTEX_POINT('',#3661);
#1002=VERTEX_POINT('',#3663);
#1003=VERTEX_POINT('',#3666);
#1004=VERTEX_POINT('',#3671);
#1005=VERTEX_POINT('',#3675);
#1006=VERTEX_POINT('',#3676);
#1007=VERTEX_POINT('',#3679);
#1008=VERTEX_POINT('',#3683);
#1009=VERTEX_POINT('',#3684);
#1010=VERTEX_POINT('',#3701);
#1011=VERTEX_POINT('',#3703);
#1012=VERTEX_POINT('',#3705);
#1013=VERTEX_POINT('',#3748);
#1014=VERTEX_POINT('',#3761);
#1015=VERTEX_POINT('',#3762);
#1016=VERTEX_POINT('',#3764);
#1017=VERTEX_POINT('',#3766);
#1018=VERTEX_POINT('',#3770);
#1019=VERTEX_POINT('',#3772);
#1020=VERTEX_POINT('',#3776);
#1021=VERTEX_POINT('',#3780);
#1022=VERTEX_POINT('',#3782);
#1023=VERTEX_POINT('',#3784);
#1024=VERTEX_POINT('',#3786);
#1025=VERTEX_POINT('',#3795);
#1026=VERTEX_POINT('',#3800);
#1027=VERTEX_POINT('',#3801);
#1028=VERTEX_POINT('',#3804);
#1029=VERTEX_POINT('',#3806);
#1030=VERTEX_POINT('',#3812);
#1031=VERTEX_POINT('',#3815);
#1032=VERTEX_POINT('',#3817);
#1033=VERTEX_POINT('',#3821);
#1034=VERTEX_POINT('',#3825);
#1035=VERTEX_POINT('',#3832);
#1036=VERTEX_POINT('',#3833);
#1037=VERTEX_POINT('',#3835);
#1038=VERTEX_POINT('',#3838);
#1039=VERTEX_POINT('',#3842);
#1040=VERTEX_POINT('',#3846);
#1041=VERTEX_POINT('',#3851);
#1042=VERTEX_POINT('',#3855);
#1043=VERTEX_POINT('',#3861);
#1044=VERTEX_POINT('',#3865);
#1045=VERTEX_POINT('',#3867);
#1046=VERTEX_POINT('',#3871);
#1047=VERTEX_POINT('',#3875);
#1048=VERTEX_POINT('',#3879);
#1049=VERTEX_POINT('',#3885);
#1050=VERTEX_POINT('',#3889);
#1051=VERTEX_POINT('',#3893);
#1052=VERTEX_POINT('',#3897);
#1053=VERTEX_POINT('',#3903);
#1054=VERTEX_POINT('',#3907);
#1055=EDGE_CURVE('',#853,#854,#447,.T.);
#1056=EDGE_CURVE('',#853,#855,#448,.T.);
#1057=EDGE_CURVE('',#855,#856,#449,.T.);
#1058=EDGE_CURVE('',#854,#856,#450,.T.);
#1059=EDGE_CURVE('',#857,#858,#451,.T.);
#1060=EDGE_CURVE('',#857,#859,#452,.T.);
#1061=EDGE_CURVE('',#859,#860,#453,.T.);
#1062=EDGE_CURVE('',#858,#860,#454,.T.);
#1063=EDGE_CURVE('',#856,#859,#455,.T.);
#1064=EDGE_CURVE('',#860,#855,#456,.T.);
#1065=EDGE_CURVE('',#861,#861,#100,.T.);
#1066=EDGE_CURVE('',#862,#854,#457,.T.);
#1067=EDGE_CURVE('',#863,#862,#101,.T.);
#1068=EDGE_CURVE('',#853,#863,#458,.T.);
#1069=EDGE_CURVE('',#864,#865,#102,.T.);
#1070=EDGE_CURVE('',#864,#866,#459,.T.);
#1071=EDGE_CURVE('',#866,#867,#103,.T.);
#1072=EDGE_CURVE('',#865,#867,#460,.T.);
#1073=EDGE_CURVE('',#868,#864,#461,.T.);
#1074=EDGE_CURVE('',#868,#862,#462,.T.);
#1075=EDGE_CURVE('',#857,#866,#463,.T.);
#1076=EDGE_CURVE('',#869,#870,#104,.T.);
#1077=EDGE_CURVE('',#869,#863,#464,.T.);
#1078=EDGE_CURVE('',#870,#868,#105,.T.);
#1079=EDGE_CURVE('',#865,#869,#465,.T.);
#1080=EDGE_CURVE('',#867,#858,#466,.T.);
#1081=EDGE_CURVE('',#865,#869,#106,.T.);
#1082=EDGE_CURVE('',#871,#872,#107,.T.);
#1083=EDGE_CURVE('',#873,#871,#467,.T.);
#1084=EDGE_CURVE('',#874,#873,#468,.T.);
#1085=EDGE_CURVE('',#875,#874,#469,.T.);
#1086=EDGE_CURVE('',#872,#875,#108,.T.);
#1087=EDGE_CURVE('',#876,#877,#109,.T.);
#1088=EDGE_CURVE('',#878,#876,#470,.T.);
#1089=EDGE_CURVE('',#879,#878,#471,.T.);
#1090=EDGE_CURVE('',#877,#879,#472,.T.);
#1091=EDGE_CURVE('',#880,#881,#110,.T.);
#1092=EDGE_CURVE('',#882,#880,#473,.T.);
#1093=EDGE_CURVE('',#883,#882,#474,.T.);
#1094=EDGE_CURVE('',#881,#883,#475,.T.);
#1095=EDGE_CURVE('',#884,#885,#111,.T.);
#1096=EDGE_CURVE('',#886,#884,#476,.T.);
#1097=EDGE_CURVE('',#887,#886,#477,.T.);
#1098=EDGE_CURVE('',#885,#887,#478,.T.);
#1099=EDGE_CURVE('',#888,#889,#112,.T.);
#1100=EDGE_CURVE('',#890,#888,#479,.T.);
#1101=EDGE_CURVE('',#891,#890,#480,.T.);
#1102=EDGE_CURVE('',#889,#891,#481,.T.);
#1103=EDGE_CURVE('',#877,#892,#53,.T.);
#1104=EDGE_CURVE('',#893,#879,#482,.T.);
#1105=EDGE_CURVE('',#892,#893,#483,.T.);
#1106=EDGE_CURVE('',#894,#880,#54,.T.);
#1107=EDGE_CURVE('',#895,#894,#484,.T.);
#1108=EDGE_CURVE('',#882,#895,#485,.T.);
#1109=EDGE_CURVE('',#892,#894,#113,.T.);
#1110=EDGE_CURVE('',#896,#893,#486,.T.);
#1111=EDGE_CURVE('',#897,#896,#114,.T.);
#1112=EDGE_CURVE('',#895,#897,#487,.T.);
#1113=EDGE_CURVE('',#889,#898,#55,.T.);
#1114=EDGE_CURVE('',#899,#891,#488,.T.);
#1115=EDGE_CURVE('',#898,#899,#489,.T.);
#1116=EDGE_CURVE('',#900,#901,#56,.T.);
#1117=EDGE_CURVE('',#902,#900,#490,.T.);
#1118=EDGE_CURVE('',#903,#902,#491,.T.);
#1119=EDGE_CURVE('',#903,#901,#492,.T.);
#1120=EDGE_CURVE('',#898,#900,#115,.T.);
#1121=EDGE_CURVE('',#904,#899,#493,.T.);
#1122=EDGE_CURVE('',#905,#904,#116,.T.);
#1123=EDGE_CURVE('',#902,#905,#494,.T.);
#1124=EDGE_CURVE('',#875,#906,#57,.T.);
#1125=EDGE_CURVE('',#907,#874,#495,.T.);
#1126=EDGE_CURVE('',#906,#907,#496,.T.);
#1127=EDGE_CURVE('',#908,#876,#58,.T.);
#1128=EDGE_CURVE('',#909,#908,#497,.T.);
#1129=EDGE_CURVE('',#878,#909,#498,.T.);
#1130=EDGE_CURVE('',#906,#908,#117,.T.);
#1131=EDGE_CURVE('',#910,#907,#499,.T.);
#1132=EDGE_CURVE('',#911,#910,#118,.T.);
#1133=EDGE_CURVE('',#909,#911,#500,.T.);
#1134=EDGE_CURVE('',#885,#912,#59,.T.);
#1135=EDGE_CURVE('',#913,#887,#501,.T.);
#1136=EDGE_CURVE('',#912,#913,#502,.T.);
#1137=EDGE_CURVE('',#914,#888,#60,.T.);
#1138=EDGE_CURVE('',#915,#914,#503,.T.);
#1139=EDGE_CURVE('',#890,#915,#504,.T.);
#1140=EDGE_CURVE('',#912,#914,#119,.T.);
#1141=EDGE_CURVE('',#916,#913,#505,.T.);
#1142=EDGE_CURVE('',#917,#916,#120,.T.);
#1143=EDGE_CURVE('',#915,#917,#506,.T.);
#1144=EDGE_CURVE('',#881,#918,#61,.T.);
#1145=EDGE_CURVE('',#919,#883,#507,.T.);
#1146=EDGE_CURVE('',#918,#919,#508,.T.);
#1147=EDGE_CURVE('',#920,#884,#62,.T.);
#1148=EDGE_CURVE('',#921,#920,#509,.T.);
#1149=EDGE_CURVE('',#921,#886,#510,.T.);
#1150=EDGE_CURVE('',#918,#920,#121,.T.);
#1151=EDGE_CURVE('',#922,#919,#511,.T.);
#1152=EDGE_CURVE('',#923,#922,#122,.T.);
#1153=EDGE_CURVE('',#921,#923,#512,.T.);
#1154=EDGE_CURVE('',#924,#925,#63,.T.);
#1155=EDGE_CURVE('',#924,#926,#513,.T.);
#1156=EDGE_CURVE('',#927,#926,#514,.T.);
#1157=EDGE_CURVE('',#925,#927,#515,.T.);
#1158=EDGE_CURVE('',#928,#871,#64,.T.);
#1159=EDGE_CURVE('',#929,#928,#516,.T.);
#1160=EDGE_CURVE('',#929,#873,#517,.T.);
#1161=EDGE_CURVE('',#925,#928,#123,.T.);
#1162=EDGE_CURVE('',#930,#927,#518,.T.);
#1163=EDGE_CURVE('',#931,#930,#124,.T.);
#1164=EDGE_CURVE('',#929,#931,#519,.T.);
#1165=EDGE_CURVE('',#901,#924,#125,.T.);
#1166=EDGE_CURVE('',#926,#903,#520,.T.);
#1167=EDGE_CURVE('',#932,#933,#65,.T.);
#1168=EDGE_CURVE('',#934,#932,#521,.T.);
#1169=EDGE_CURVE('',#896,#934,#522,.T.);
#1170=EDGE_CURVE('',#935,#911,#523,.T.);
#1171=EDGE_CURVE('',#933,#935,#524,.T.);
#1172=EDGE_CURVE('',#936,#937,#66,.T.);
#1173=EDGE_CURVE('',#938,#936,#525,.T.);
#1174=EDGE_CURVE('',#910,#938,#526,.T.);
#1175=EDGE_CURVE('',#939,#931,#527,.T.);
#1176=EDGE_CURVE('',#937,#939,#528,.T.);
#1177=EDGE_CURVE('',#940,#905,#529,.T.);
#1178=EDGE_CURVE('',#941,#940,#530,.T.);
#1179=EDGE_CURVE('',#941,#930,#531,.T.);
#1180=EDGE_CURVE('',#942,#943,#67,.T.);
#1181=EDGE_CURVE('',#944,#942,#532,.T.);
#1182=EDGE_CURVE('',#904,#944,#533,.T.);
#1183=EDGE_CURVE('',#945,#917,#534,.T.);
#1184=EDGE_CURVE('',#943,#945,#535,.T.);
#1185=EDGE_CURVE('',#946,#947,#68,.T.);
#1186=EDGE_CURVE('',#948,#946,#536,.T.);
#1187=EDGE_CURVE('',#916,#948,#537,.T.);
#1188=EDGE_CURVE('',#949,#923,#538,.T.);
#1189=EDGE_CURVE('',#947,#949,#539,.T.);
#1190=EDGE_CURVE('',#938,#935,#126,.T.);
#1191=EDGE_CURVE('',#941,#939,#127,.T.);
#1192=EDGE_CURVE('',#944,#940,#128,.T.);
#1193=EDGE_CURVE('',#934,#950,#129,.T.);
#1194=EDGE_CURVE('',#950,#897,#540,.T.);
#1195=EDGE_CURVE('',#948,#945,#130,.T.);
#1196=EDGE_CURVE('',#951,#922,#541,.T.);
#1197=EDGE_CURVE('',#951,#949,#131,.T.);
#1198=EDGE_CURVE('',#951,#950,#542,.T.);
#1199=EDGE_CURVE('',#952,#953,#543,.T.);
#1200=EDGE_CURVE('',#954,#952,#544,.T.);
#1201=EDGE_CURVE('',#955,#954,#545,.T.);
#1202=EDGE_CURVE('',#956,#955,#546,.T.);
#1203=EDGE_CURVE('',#957,#956,#547,.T.);
#1204=EDGE_CURVE('',#958,#957,#548,.T.);
#1205=EDGE_CURVE('',#959,#958,#549,.T.);
#1206=EDGE_CURVE('',#953,#959,#550,.T.);
#1207=EDGE_CURVE('',#960,#960,#132,.T.);
#1208=EDGE_CURVE('',#961,#957,#551,.T.);
#1209=EDGE_CURVE('',#961,#962,#552,.T.);
#1210=EDGE_CURVE('',#963,#962,#553,.T.);
#1211=EDGE_CURVE('',#964,#963,#554,.T.);
#1212=EDGE_CURVE('',#965,#964,#555,.T.);
#1213=EDGE_CURVE('',#965,#966,#556,.T.);
#1214=EDGE_CURVE('',#966,#958,#557,.T.);
#1215=EDGE_CURVE('',#967,#956,#558,.T.);
#1216=EDGE_CURVE('',#961,#967,#559,.T.);
#1217=EDGE_CURVE('',#955,#968,#560,.T.);
#1218=EDGE_CURVE('',#968,#969,#561,.T.);
#1219=EDGE_CURVE('',#970,#969,#562,.T.);
#1220=EDGE_CURVE('',#971,#970,#563,.T.);
#1221=EDGE_CURVE('',#971,#972,#564,.T.);
#1222=EDGE_CURVE('',#972,#967,#565,.T.);
#1223=EDGE_CURVE('',#973,#954,#566,.T.);
#1224=EDGE_CURVE('',#968,#973,#567,.T.);
#1225=EDGE_CURVE('',#974,#973,#568,.T.);
#1226=EDGE_CURVE('',#969,#974,#133,.T.);
#1227=EDGE_CURVE('',#975,#952,#569,.T.);
#1228=EDGE_CURVE('',#975,#976,#570,.T.);
#1229=EDGE_CURVE('',#977,#976,#571,.T.);
#1230=EDGE_CURVE('',#978,#977,#572,.T.);
#1231=EDGE_CURVE('',#974,#978,#573,.T.);
#1232=EDGE_CURVE('',#979,#966,#574,.T.);
#1233=EDGE_CURVE('',#980,#965,#134,.T.);
#1234=EDGE_CURVE('',#979,#980,#575,.T.);
#1235=EDGE_CURVE('',#959,#979,#576,.T.);
#1236=EDGE_CURVE('',#981,#953,#577,.T.);
#1237=EDGE_CURVE('',#975,#981,#578,.T.);
#1238=EDGE_CURVE('',#982,#981,#579,.T.);
#1239=EDGE_CURVE('',#976,#982,#135,.T.);
#1240=EDGE_CURVE('',#960,#983,#580,.T.);
#1241=EDGE_CURVE('',#983,#983,#136,.T.);
#1242=EDGE_CURVE('',#962,#972,#137,.T.);
#1243=EDGE_CURVE('',#984,#982,#581,.T.);
#1244=EDGE_CURVE('',#984,#977,#138,.T.);
#1245=EDGE_CURVE('',#985,#980,#582,.T.);
#1246=EDGE_CURVE('',#984,#985,#583,.T.);
#1247=EDGE_CURVE('',#964,#985,#139,.T.);
#1248=EDGE_CURVE('',#978,#970,#140,.T.);
#1249=EDGE_CURVE('',#971,#963,#141,.T.);
#1250=EDGE_CURVE('',#950,#951,#142,.T.);
#1251=EDGE_CURVE('',#935,#934,#143,.T.);
#1252=EDGE_CURVE('',#939,#938,#144,.T.);
#1253=EDGE_CURVE('',#986,#941,#145,.T.);
#1254=EDGE_CURVE('',#986,#987,#584,.T.);
#1255=EDGE_CURVE('',#987,#987,#146,.T.);
#1256=EDGE_CURVE('',#940,#986,#147,.T.);
#1257=EDGE_CURVE('',#945,#944,#148,.T.);
#1258=EDGE_CURVE('',#949,#948,#149,.T.);
#1259=EDGE_CURVE('',#988,#988,#150,.T.);
#1260=EDGE_CURVE('',#963,#989,#151,.T.);
#1261=EDGE_CURVE('',#989,#964,#152,.T.);
#1262=EDGE_CURVE('',#985,#984,#153,.T.);
#1263=EDGE_CURVE('',#970,#971,#154,.T.);
#1264=EDGE_CURVE('',#946,#947,#155,.T.);
#1265=EDGE_CURVE('',#942,#943,#156,.T.);
#1266=EDGE_CURVE('',#936,#937,#157,.T.);
#1267=EDGE_CURVE('',#977,#978,#158,.T.);
#1268=EDGE_CURVE('',#989,#872,#585,.T.);
#1269=EDGE_CURVE('',#990,#991,#586,.T.);
#1270=EDGE_CURVE('',#991,#992,#159,.T.);
#1271=EDGE_CURVE('',#992,#993,#587,.T.);
#1272=EDGE_CURVE('',#993,#994,#160,.T.);
#1273=EDGE_CURVE('',#994,#995,#588,.T.);
#1274=EDGE_CURVE('',#995,#996,#589,.T.);
#1275=EDGE_CURVE('',#996,#997,#32,.T.);
#1276=EDGE_CURVE('',#997,#998,#161,.T.);
#1277=EDGE_CURVE('',#998,#999,#590,.T.);
#1278=EDGE_CURVE('',#999,#1000,#162,.T.);
#1279=EDGE_CURVE('',#1000,#1001,#591,.T.);
#1280=EDGE_CURVE('',#1001,#1002,#592,.T.);
#1281=EDGE_CURVE('',#1002,#990,#593,.T.);
#1282=EDGE_CURVE('',#1003,#1003,#163,.T.);
#1283=EDGE_CURVE('',#932,#933,#164,.T.);
#1284=EDGE_CURVE('',#1004,#1004,#165,.T.);
#1285=EDGE_CURVE('',#1004,#988,#594,.T.);
#1286=EDGE_CURVE('',#1005,#1006,#166,.T.);
#1287=EDGE_CURVE('',#1006,#1005,#167,.T.);
#1288=EDGE_CURVE('',#1005,#1007,#595,.T.);
#1289=EDGE_CURVE('',#1007,#1007,#168,.T.);
#1290=EDGE_CURVE('',#1008,#1009,#33,.T.);
#1291=EDGE_CURVE('',#1009,#1008,#34,.T.);
#1292=EDGE_CURVE('',#1009,#1006,#596,.T.);
#1293=EDGE_CURVE('',#1010,#994,#597,.T.);
#1294=EDGE_CURVE('',#1011,#1010,#598,.T.);
#1295=EDGE_CURVE('',#1012,#1011,#599,.T.);
#1296=EDGE_CURVE('',#995,#1012,#169,.T.);
#1297=EDGE_CURVE('',#1013,#1008,#600,.T.);
#1298=EDGE_CURVE('',#1013,#1013,#35,.T.);
#1299=EDGE_CURVE('',#1014,#1015,#601,.T.);
#1300=EDGE_CURVE('',#1014,#1016,#602,.F.);
#1301=EDGE_CURVE('',#1017,#1016,#603,.T.);
#1302=EDGE_CURVE('',#1015,#1017,#604,.T.);
#1303=EDGE_CURVE('',#1018,#1018,#170,.T.);
#1304=EDGE_CURVE('',#1018,#1019,#605,.T.);
#1305=EDGE_CURVE('',#1019,#1019,#171,.T.);
#1306=EDGE_CURVE('',#1020,#1020,#172,.F.);
#1307=EDGE_CURVE('',#1020,#1018,#606,.T.);
#1308=EDGE_CURVE('',#1021,#990,#607,.T.);
#1309=EDGE_CURVE('',#1022,#1021,#608,.T.);
#1310=EDGE_CURVE('',#1023,#1022,#609,.T.);
#1311=EDGE_CURVE('',#1024,#1023,#610,.T.);
#1312=EDGE_CURVE('',#991,#1024,#611,.T.);
#1313=EDGE_CURVE('',#868,#864,#173,.T.);
#1314=EDGE_CURVE('',#870,#1003,#612,.T.);
#1315=EDGE_CURVE('',#1025,#1025,#174,.T.);
#1316=EDGE_CURVE('',#1025,#861,#613,.T.);
#1317=EDGE_CURVE('',#1026,#1027,#614,.T.);
#1318=EDGE_CURVE('',#993,#1026,#615,.T.);
#1319=EDGE_CURVE('',#1028,#992,#616,.T.);
#1320=EDGE_CURVE('',#1029,#1028,#617,.T.);
#1321=EDGE_CURVE('',#1027,#1029,#618,.T.);
#1322=EDGE_CURVE('',#1026,#1010,#175,.T.);
#1323=EDGE_CURVE('',#1030,#1030,#176,.T.);
#1324=EDGE_CURVE('',#999,#1031,#177,.T.);
#1325=EDGE_CURVE('',#998,#1032,#178,.T.);
#1326=EDGE_CURVE('',#1032,#1031,#619,.T.);
#1327=EDGE_CURVE('',#1000,#1033,#179,.T.);
#1328=EDGE_CURVE('',#1031,#1033,#180,.T.);
#1329=EDGE_CURVE('',#1034,#1001,#23,.T.);
#1330=EDGE_CURVE('',#1033,#1034,#620,.T.);
#1331=EDGE_CURVE('',#1024,#1028,#181,.T.);
#1332=EDGE_CURVE('',#1035,#1036,#24,.T.);
#1333=EDGE_CURVE('',#1037,#1035,#621,.T.);
#1334=EDGE_CURVE('',#1029,#1037,#622,.T.);
#1335=EDGE_CURVE('',#1038,#1023,#623,.T.);
#1336=EDGE_CURVE('',#1036,#1038,#624,.T.);
#1337=EDGE_CURVE('',#1037,#1039,#625,.T.);
#1338=EDGE_CURVE('',#1027,#1039,#626,.T.);
#1339=EDGE_CURVE('',#1012,#1040,#627,.T.);
#1340=EDGE_CURVE('',#996,#1040,#182,.T.);
#1341=EDGE_CURVE('',#1011,#1017,#628,.T.);
#1342=EDGE_CURVE('',#1039,#1041,#629,.T.);
#1343=EDGE_CURVE('',#1015,#1041,#25,.T.);
#1344=EDGE_CURVE('',#997,#1042,#183,.T.);
#1345=EDGE_CURVE('',#1040,#1042,#184,.T.);
#1346=EDGE_CURVE('',#1042,#1032,#185,.T.);
#1347=EDGE_CURVE('',#1030,#1043,#630,.T.);
#1348=EDGE_CURVE('',#1043,#1043,#186,.T.);
#1349=EDGE_CURVE('',#1031,#1044,#631,.T.);
#1350=EDGE_CURVE('',#1032,#1045,#632,.T.);
#1351=EDGE_CURVE('',#1045,#1044,#633,.T.);
#1352=EDGE_CURVE('',#1044,#1046,#187,.T.);
#1353=EDGE_CURVE('',#1033,#1046,#634,.T.);
#1354=EDGE_CURVE('',#1047,#1034,#635,.T.);
#1355=EDGE_CURVE('',#1046,#1047,#636,.T.);
#1356=EDGE_CURVE('',#1048,#1047,#637,.T.);
#1357=EDGE_CURVE('',#1002,#1048,#638,.T.);
#1358=EDGE_CURVE('',#1048,#1021,#639,.T.);
#1359=EDGE_CURVE('',#1049,#1038,#640,.T.);
#1360=EDGE_CURVE('',#1022,#1049,#641,.T.);
#1361=EDGE_CURVE('',#1049,#1050,#642,.T.);
#1362=EDGE_CURVE('',#1036,#1050,#643,.T.);
#1363=EDGE_CURVE('',#1051,#1050,#26,.T.);
#1364=EDGE_CURVE('',#1051,#1035,#644,.T.);
#1365=EDGE_CURVE('',#1051,#1052,#645,.F.);
#1366=EDGE_CURVE('',#1041,#1052,#646,.T.);
#1367=EDGE_CURVE('',#1014,#1052,#27,.T.);
#1368=EDGE_CURVE('',#1016,#1053,#647,.T.);
#1369=EDGE_CURVE('',#1053,#1040,#648,.T.);
#1370=EDGE_CURVE('',#1053,#1054,#188,.T.);
#1371=EDGE_CURVE('',#1042,#1054,#649,.T.);
#1372=EDGE_CURVE('',#1054,#1045,#189,.T.);
#1373=ORIENTED_EDGE('',*,*,#1055,.F.);
#1374=ORIENTED_EDGE('',*,*,#1056,.T.);
#1375=ORIENTED_EDGE('',*,*,#1057,.T.);
#1376=ORIENTED_EDGE('',*,*,#1058,.F.);
#1377=ORIENTED_EDGE('',*,*,#1059,.F.);
#1378=ORIENTED_EDGE('',*,*,#1060,.T.);
#1379=ORIENTED_EDGE('',*,*,#1061,.T.);
#1380=ORIENTED_EDGE('',*,*,#1062,.F.);
#1381=ORIENTED_EDGE('',*,*,#1061,.F.);
#1382=ORIENTED_EDGE('',*,*,#1063,.F.);
#1383=ORIENTED_EDGE('',*,*,#1057,.F.);
#1384=ORIENTED_EDGE('',*,*,#1064,.F.);
#1385=ORIENTED_EDGE('',*,*,#1065,.F.);
#1386=ORIENTED_EDGE('',*,*,#1055,.T.);
#1387=ORIENTED_EDGE('',*,*,#1066,.F.);
#1388=ORIENTED_EDGE('',*,*,#1067,.F.);
#1389=ORIENTED_EDGE('',*,*,#1068,.F.);
#1390=ORIENTED_EDGE('',*,*,#1069,.F.);
#1391=ORIENTED_EDGE('',*,*,#1070,.T.);
#1392=ORIENTED_EDGE('',*,*,#1071,.T.);
#1393=ORIENTED_EDGE('',*,*,#1072,.F.);
#1394=ORIENTED_EDGE('',*,*,#1073,.F.);
#1395=ORIENTED_EDGE('',*,*,#1074,.T.);
#1396=ORIENTED_EDGE('',*,*,#1066,.T.);
#1397=ORIENTED_EDGE('',*,*,#1058,.T.);
#1398=ORIENTED_EDGE('',*,*,#1063,.T.);
#1399=ORIENTED_EDGE('',*,*,#1060,.F.);
#1400=ORIENTED_EDGE('',*,*,#1075,.T.);
#1401=ORIENTED_EDGE('',*,*,#1070,.F.);
#1402=ORIENTED_EDGE('',*,*,#1076,.F.);
#1403=ORIENTED_EDGE('',*,*,#1077,.T.);
#1404=ORIENTED_EDGE('',*,*,#1067,.T.);
#1405=ORIENTED_EDGE('',*,*,#1074,.F.);
#1406=ORIENTED_EDGE('',*,*,#1078,.F.);
#1407=ORIENTED_EDGE('',*,*,#1079,.F.);
#1408=ORIENTED_EDGE('',*,*,#1072,.T.);
#1409=ORIENTED_EDGE('',*,*,#1080,.T.);
#1410=ORIENTED_EDGE('',*,*,#1062,.T.);
#1411=ORIENTED_EDGE('',*,*,#1064,.T.);
#1412=ORIENTED_EDGE('',*,*,#1056,.F.);
#1413=ORIENTED_EDGE('',*,*,#1068,.T.);
#1414=ORIENTED_EDGE('',*,*,#1077,.F.);
#1415=ORIENTED_EDGE('',*,*,#1059,.T.);
#1416=ORIENTED_EDGE('',*,*,#1080,.F.);
#1417=ORIENTED_EDGE('',*,*,#1071,.F.);
#1418=ORIENTED_EDGE('',*,*,#1075,.F.);
#1419=ORIENTED_EDGE('',*,*,#1079,.T.);
#1420=ORIENTED_EDGE('',*,*,#1081,.F.);
#1421=ORIENTED_EDGE('',*,*,#1082,.F.);
#1422=ORIENTED_EDGE('',*,*,#1083,.F.);
#1423=ORIENTED_EDGE('',*,*,#1084,.F.);
#1424=ORIENTED_EDGE('',*,*,#1085,.F.);
#1425=ORIENTED_EDGE('',*,*,#1086,.F.);
#1426=ORIENTED_EDGE('',*,*,#1087,.F.);
#1427=ORIENTED_EDGE('',*,*,#1088,.F.);
#1428=ORIENTED_EDGE('',*,*,#1089,.F.);
#1429=ORIENTED_EDGE('',*,*,#1090,.F.);
#1430=ORIENTED_EDGE('',*,*,#1091,.F.);
#1431=ORIENTED_EDGE('',*,*,#1092,.F.);
#1432=ORIENTED_EDGE('',*,*,#1093,.F.);
#1433=ORIENTED_EDGE('',*,*,#1094,.F.);
#1434=ORIENTED_EDGE('',*,*,#1095,.F.);
#1435=ORIENTED_EDGE('',*,*,#1096,.F.);
#1436=ORIENTED_EDGE('',*,*,#1097,.F.);
#1437=ORIENTED_EDGE('',*,*,#1098,.F.);
#1438=ORIENTED_EDGE('',*,*,#1099,.F.);
#1439=ORIENTED_EDGE('',*,*,#1100,.F.);
#1440=ORIENTED_EDGE('',*,*,#1101,.F.);
#1441=ORIENTED_EDGE('',*,*,#1102,.F.);
#1442=ORIENTED_EDGE('',*,*,#1103,.F.);
#1443=ORIENTED_EDGE('',*,*,#1090,.T.);
#1444=ORIENTED_EDGE('',*,*,#1104,.F.);
#1445=ORIENTED_EDGE('',*,*,#1105,.F.);
#1446=ORIENTED_EDGE('',*,*,#1106,.F.);
#1447=ORIENTED_EDGE('',*,*,#1107,.F.);
#1448=ORIENTED_EDGE('',*,*,#1108,.F.);
#1449=ORIENTED_EDGE('',*,*,#1092,.T.);
#1450=ORIENTED_EDGE('',*,*,#1109,.F.);
#1451=ORIENTED_EDGE('',*,*,#1105,.T.);
#1452=ORIENTED_EDGE('',*,*,#1110,.F.);
#1453=ORIENTED_EDGE('',*,*,#1111,.F.);
#1454=ORIENTED_EDGE('',*,*,#1112,.F.);
#1455=ORIENTED_EDGE('',*,*,#1107,.T.);
#1456=ORIENTED_EDGE('',*,*,#1113,.F.);
#1457=ORIENTED_EDGE('',*,*,#1102,.T.);
#1458=ORIENTED_EDGE('',*,*,#1114,.F.);
#1459=ORIENTED_EDGE('',*,*,#1115,.F.);
#1460=ORIENTED_EDGE('',*,*,#1116,.F.);
#1461=ORIENTED_EDGE('',*,*,#1117,.F.);
#1462=ORIENTED_EDGE('',*,*,#1118,.F.);
#1463=ORIENTED_EDGE('',*,*,#1119,.T.);
#1464=ORIENTED_EDGE('',*,*,#1120,.F.);
#1465=ORIENTED_EDGE('',*,*,#1115,.T.);
#1466=ORIENTED_EDGE('',*,*,#1121,.F.);
#1467=ORIENTED_EDGE('',*,*,#1122,.F.);
#1468=ORIENTED_EDGE('',*,*,#1123,.F.);
#1469=ORIENTED_EDGE('',*,*,#1117,.T.);
#1470=ORIENTED_EDGE('',*,*,#1124,.F.);
#1471=ORIENTED_EDGE('',*,*,#1085,.T.);
#1472=ORIENTED_EDGE('',*,*,#1125,.F.);
#1473=ORIENTED_EDGE('',*,*,#1126,.F.);
#1474=ORIENTED_EDGE('',*,*,#1127,.F.);
#1475=ORIENTED_EDGE('',*,*,#1128,.F.);
#1476=ORIENTED_EDGE('',*,*,#1129,.F.);
#1477=ORIENTED_EDGE('',*,*,#1088,.T.);
#1478=ORIENTED_EDGE('',*,*,#1130,.F.);
#1479=ORIENTED_EDGE('',*,*,#1126,.T.);
#1480=ORIENTED_EDGE('',*,*,#1131,.F.);
#1481=ORIENTED_EDGE('',*,*,#1132,.F.);
#1482=ORIENTED_EDGE('',*,*,#1133,.F.);
#1483=ORIENTED_EDGE('',*,*,#1128,.T.);
#1484=ORIENTED_EDGE('',*,*,#1134,.F.);
#1485=ORIENTED_EDGE('',*,*,#1098,.T.);
#1486=ORIENTED_EDGE('',*,*,#1135,.F.);
#1487=ORIENTED_EDGE('',*,*,#1136,.F.);
#1488=ORIENTED_EDGE('',*,*,#1137,.F.);
#1489=ORIENTED_EDGE('',*,*,#1138,.F.);
#1490=ORIENTED_EDGE('',*,*,#1139,.F.);
#1491=ORIENTED_EDGE('',*,*,#1100,.T.);
#1492=ORIENTED_EDGE('',*,*,#1140,.F.);
#1493=ORIENTED_EDGE('',*,*,#1136,.T.);
#1494=ORIENTED_EDGE('',*,*,#1141,.F.);
#1495=ORIENTED_EDGE('',*,*,#1142,.F.);
#1496=ORIENTED_EDGE('',*,*,#1143,.F.);
#1497=ORIENTED_EDGE('',*,*,#1138,.T.);
#1498=ORIENTED_EDGE('',*,*,#1144,.F.);
#1499=ORIENTED_EDGE('',*,*,#1094,.T.);
#1500=ORIENTED_EDGE('',*,*,#1145,.F.);
#1501=ORIENTED_EDGE('',*,*,#1146,.F.);
#1502=ORIENTED_EDGE('',*,*,#1147,.F.);
#1503=ORIENTED_EDGE('',*,*,#1148,.F.);
#1504=ORIENTED_EDGE('',*,*,#1149,.T.);
#1505=ORIENTED_EDGE('',*,*,#1096,.T.);
#1506=ORIENTED_EDGE('',*,*,#1150,.F.);
#1507=ORIENTED_EDGE('',*,*,#1146,.T.);
#1508=ORIENTED_EDGE('',*,*,#1151,.F.);
#1509=ORIENTED_EDGE('',*,*,#1152,.F.);
#1510=ORIENTED_EDGE('',*,*,#1153,.F.);
#1511=ORIENTED_EDGE('',*,*,#1148,.T.);
#1512=ORIENTED_EDGE('',*,*,#1154,.F.);
#1513=ORIENTED_EDGE('',*,*,#1155,.T.);
#1514=ORIENTED_EDGE('',*,*,#1156,.F.);
#1515=ORIENTED_EDGE('',*,*,#1157,.F.);
#1516=ORIENTED_EDGE('',*,*,#1158,.F.);
#1517=ORIENTED_EDGE('',*,*,#1159,.F.);
#1518=ORIENTED_EDGE('',*,*,#1160,.T.);
#1519=ORIENTED_EDGE('',*,*,#1083,.T.);
#1520=ORIENTED_EDGE('',*,*,#1161,.F.);
#1521=ORIENTED_EDGE('',*,*,#1157,.T.);
#1522=ORIENTED_EDGE('',*,*,#1162,.F.);
#1523=ORIENTED_EDGE('',*,*,#1163,.F.);
#1524=ORIENTED_EDGE('',*,*,#1164,.F.);
#1525=ORIENTED_EDGE('',*,*,#1159,.T.);
#1526=ORIENTED_EDGE('',*,*,#1165,.F.);
#1527=ORIENTED_EDGE('',*,*,#1119,.F.);
#1528=ORIENTED_EDGE('',*,*,#1166,.F.);
#1529=ORIENTED_EDGE('',*,*,#1155,.F.);
#1530=ORIENTED_EDGE('',*,*,#1167,.F.);
#1531=ORIENTED_EDGE('',*,*,#1168,.F.);
#1532=ORIENTED_EDGE('',*,*,#1169,.F.);
#1533=ORIENTED_EDGE('',*,*,#1110,.T.);
#1534=ORIENTED_EDGE('',*,*,#1104,.T.);
#1535=ORIENTED_EDGE('',*,*,#1089,.T.);
#1536=ORIENTED_EDGE('',*,*,#1129,.T.);
#1537=ORIENTED_EDGE('',*,*,#1133,.T.);
#1538=ORIENTED_EDGE('',*,*,#1170,.F.);
#1539=ORIENTED_EDGE('',*,*,#1171,.F.);
#1540=ORIENTED_EDGE('',*,*,#1172,.F.);
#1541=ORIENTED_EDGE('',*,*,#1173,.F.);
#1542=ORIENTED_EDGE('',*,*,#1174,.F.);
#1543=ORIENTED_EDGE('',*,*,#1131,.T.);
#1544=ORIENTED_EDGE('',*,*,#1125,.T.);
#1545=ORIENTED_EDGE('',*,*,#1084,.T.);
#1546=ORIENTED_EDGE('',*,*,#1160,.F.);
#1547=ORIENTED_EDGE('',*,*,#1164,.T.);
#1548=ORIENTED_EDGE('',*,*,#1175,.F.);
#1549=ORIENTED_EDGE('',*,*,#1176,.F.);
#1550=ORIENTED_EDGE('',*,*,#1166,.T.);
#1551=ORIENTED_EDGE('',*,*,#1118,.T.);
#1552=ORIENTED_EDGE('',*,*,#1123,.T.);
#1553=ORIENTED_EDGE('',*,*,#1177,.F.);
#1554=ORIENTED_EDGE('',*,*,#1178,.F.);
#1555=ORIENTED_EDGE('',*,*,#1179,.T.);
#1556=ORIENTED_EDGE('',*,*,#1162,.T.);
#1557=ORIENTED_EDGE('',*,*,#1156,.T.);
#1558=ORIENTED_EDGE('',*,*,#1180,.F.);
#1559=ORIENTED_EDGE('',*,*,#1181,.F.);
#1560=ORIENTED_EDGE('',*,*,#1182,.F.);
#1561=ORIENTED_EDGE('',*,*,#1121,.T.);
#1562=ORIENTED_EDGE('',*,*,#1114,.T.);
#1563=ORIENTED_EDGE('',*,*,#1101,.T.);
#1564=ORIENTED_EDGE('',*,*,#1139,.T.);
#1565=ORIENTED_EDGE('',*,*,#1143,.T.);
#1566=ORIENTED_EDGE('',*,*,#1183,.F.);
#1567=ORIENTED_EDGE('',*,*,#1184,.F.);
#1568=ORIENTED_EDGE('',*,*,#1185,.F.);
#1569=ORIENTED_EDGE('',*,*,#1186,.F.);
#1570=ORIENTED_EDGE('',*,*,#1187,.F.);
#1571=ORIENTED_EDGE('',*,*,#1141,.T.);
#1572=ORIENTED_EDGE('',*,*,#1135,.T.);
#1573=ORIENTED_EDGE('',*,*,#1097,.T.);
#1574=ORIENTED_EDGE('',*,*,#1149,.F.);
#1575=ORIENTED_EDGE('',*,*,#1153,.T.);
#1576=ORIENTED_EDGE('',*,*,#1188,.F.);
#1577=ORIENTED_EDGE('',*,*,#1189,.F.);
#1578=ORIENTED_EDGE('',*,*,#1132,.T.);
#1579=ORIENTED_EDGE('',*,*,#1174,.T.);
#1580=ORIENTED_EDGE('',*,*,#1190,.T.);
#1581=ORIENTED_EDGE('',*,*,#1170,.T.);
#1582=ORIENTED_EDGE('',*,*,#1163,.T.);
#1583=ORIENTED_EDGE('',*,*,#1179,.F.);
#1584=ORIENTED_EDGE('',*,*,#1191,.T.);
#1585=ORIENTED_EDGE('',*,*,#1175,.T.);
#1586=ORIENTED_EDGE('',*,*,#1122,.T.);
#1587=ORIENTED_EDGE('',*,*,#1182,.T.);
#1588=ORIENTED_EDGE('',*,*,#1192,.T.);
#1589=ORIENTED_EDGE('',*,*,#1177,.T.);
#1590=ORIENTED_EDGE('',*,*,#1111,.T.);
#1591=ORIENTED_EDGE('',*,*,#1169,.T.);
#1592=ORIENTED_EDGE('',*,*,#1193,.T.);
#1593=ORIENTED_EDGE('',*,*,#1194,.T.);
#1594=ORIENTED_EDGE('',*,*,#1142,.T.);
#1595=ORIENTED_EDGE('',*,*,#1187,.T.);
#1596=ORIENTED_EDGE('',*,*,#1195,.T.);
#1597=ORIENTED_EDGE('',*,*,#1183,.T.);
#1598=ORIENTED_EDGE('',*,*,#1152,.T.);
#1599=ORIENTED_EDGE('',*,*,#1196,.F.);
#1600=ORIENTED_EDGE('',*,*,#1197,.T.);
#1601=ORIENTED_EDGE('',*,*,#1188,.T.);
#1602=ORIENTED_EDGE('',*,*,#1093,.T.);
#1603=ORIENTED_EDGE('',*,*,#1108,.T.);
#1604=ORIENTED_EDGE('',*,*,#1112,.T.);
#1605=ORIENTED_EDGE('',*,*,#1194,.F.);
#1606=ORIENTED_EDGE('',*,*,#1198,.F.);
#1607=ORIENTED_EDGE('',*,*,#1196,.T.);
#1608=ORIENTED_EDGE('',*,*,#1151,.T.);
#1609=ORIENTED_EDGE('',*,*,#1145,.T.);
#1610=ORIENTED_EDGE('',*,*,#1199,.F.);
#1611=ORIENTED_EDGE('',*,*,#1200,.F.);
#1612=ORIENTED_EDGE('',*,*,#1201,.F.);
#1613=ORIENTED_EDGE('',*,*,#1202,.F.);
#1614=ORIENTED_EDGE('',*,*,#1203,.F.);
#1615=ORIENTED_EDGE('',*,*,#1204,.F.);
#1616=ORIENTED_EDGE('',*,*,#1205,.F.);
#1617=ORIENTED_EDGE('',*,*,#1206,.F.);
#1618=ORIENTED_EDGE('',*,*,#1207,.T.);
#1619=ORIENTED_EDGE('',*,*,#1204,.T.);
#1620=ORIENTED_EDGE('',*,*,#1208,.F.);
#1621=ORIENTED_EDGE('',*,*,#1209,.T.);
#1622=ORIENTED_EDGE('',*,*,#1210,.F.);
#1623=ORIENTED_EDGE('',*,*,#1211,.F.);
#1624=ORIENTED_EDGE('',*,*,#1212,.F.);
#1625=ORIENTED_EDGE('',*,*,#1213,.T.);
#1626=ORIENTED_EDGE('',*,*,#1214,.T.);
#1627=ORIENTED_EDGE('',*,*,#1203,.T.);
#1628=ORIENTED_EDGE('',*,*,#1215,.F.);
#1629=ORIENTED_EDGE('',*,*,#1216,.F.);
#1630=ORIENTED_EDGE('',*,*,#1208,.T.);
#1631=ORIENTED_EDGE('',*,*,#1202,.T.);
#1632=ORIENTED_EDGE('',*,*,#1217,.T.);
#1633=ORIENTED_EDGE('',*,*,#1218,.T.);
#1634=ORIENTED_EDGE('',*,*,#1219,.F.);
#1635=ORIENTED_EDGE('',*,*,#1220,.F.);
#1636=ORIENTED_EDGE('',*,*,#1221,.T.);
#1637=ORIENTED_EDGE('',*,*,#1222,.T.);
#1638=ORIENTED_EDGE('',*,*,#1215,.T.);
#1639=ORIENTED_EDGE('',*,*,#1201,.T.);
#1640=ORIENTED_EDGE('',*,*,#1223,.F.);
#1641=ORIENTED_EDGE('',*,*,#1224,.F.);
#1642=ORIENTED_EDGE('',*,*,#1217,.F.);
#1643=ORIENTED_EDGE('',*,*,#1224,.T.);
#1644=ORIENTED_EDGE('',*,*,#1225,.F.);
#1645=ORIENTED_EDGE('',*,*,#1226,.F.);
#1646=ORIENTED_EDGE('',*,*,#1218,.F.);
#1647=ORIENTED_EDGE('',*,*,#1200,.T.);
#1648=ORIENTED_EDGE('',*,*,#1227,.F.);
#1649=ORIENTED_EDGE('',*,*,#1228,.T.);
#1650=ORIENTED_EDGE('',*,*,#1229,.F.);
#1651=ORIENTED_EDGE('',*,*,#1230,.F.);
#1652=ORIENTED_EDGE('',*,*,#1231,.F.);
#1653=ORIENTED_EDGE('',*,*,#1225,.T.);
#1654=ORIENTED_EDGE('',*,*,#1223,.T.);
#1655=ORIENTED_EDGE('',*,*,#1232,.T.);
#1656=ORIENTED_EDGE('',*,*,#1213,.F.);
#1657=ORIENTED_EDGE('',*,*,#1233,.F.);
#1658=ORIENTED_EDGE('',*,*,#1234,.F.);
#1659=ORIENTED_EDGE('',*,*,#1205,.T.);
#1660=ORIENTED_EDGE('',*,*,#1214,.F.);
#1661=ORIENTED_EDGE('',*,*,#1232,.F.);
#1662=ORIENTED_EDGE('',*,*,#1235,.F.);
#1663=ORIENTED_EDGE('',*,*,#1199,.T.);
#1664=ORIENTED_EDGE('',*,*,#1236,.F.);
#1665=ORIENTED_EDGE('',*,*,#1237,.F.);
#1666=ORIENTED_EDGE('',*,*,#1227,.T.);
#1667=ORIENTED_EDGE('',*,*,#1237,.T.);
#1668=ORIENTED_EDGE('',*,*,#1238,.F.);
#1669=ORIENTED_EDGE('',*,*,#1239,.F.);
#1670=ORIENTED_EDGE('',*,*,#1228,.F.);
#1671=ORIENTED_EDGE('',*,*,#1207,.F.);
#1672=ORIENTED_EDGE('',*,*,#1240,.T.);
#1673=ORIENTED_EDGE('',*,*,#1241,.T.);
#1674=ORIENTED_EDGE('',*,*,#1240,.F.);
#1675=ORIENTED_EDGE('',*,*,#1216,.T.);
#1676=ORIENTED_EDGE('',*,*,#1222,.F.);
#1677=ORIENTED_EDGE('',*,*,#1242,.F.);
#1678=ORIENTED_EDGE('',*,*,#1209,.F.);
#1679=ORIENTED_EDGE('',*,*,#1239,.T.);
#1680=ORIENTED_EDGE('',*,*,#1243,.F.);
#1681=ORIENTED_EDGE('',*,*,#1244,.T.);
#1682=ORIENTED_EDGE('',*,*,#1229,.T.);
#1683=ORIENTED_EDGE('',*,*,#1206,.T.);
#1684=ORIENTED_EDGE('',*,*,#1235,.T.);
#1685=ORIENTED_EDGE('',*,*,#1234,.T.);
#1686=ORIENTED_EDGE('',*,*,#1245,.F.);
#1687=ORIENTED_EDGE('',*,*,#1246,.F.);
#1688=ORIENTED_EDGE('',*,*,#1243,.T.);
#1689=ORIENTED_EDGE('',*,*,#1238,.T.);
#1690=ORIENTED_EDGE('',*,*,#1236,.T.);
#1691=ORIENTED_EDGE('',*,*,#1233,.T.);
#1692=ORIENTED_EDGE('',*,*,#1212,.T.);
#1693=ORIENTED_EDGE('',*,*,#1247,.T.);
#1694=ORIENTED_EDGE('',*,*,#1245,.T.);
#1695=ORIENTED_EDGE('',*,*,#1226,.T.);
#1696=ORIENTED_EDGE('',*,*,#1231,.T.);
#1697=ORIENTED_EDGE('',*,*,#1248,.T.);
#1698=ORIENTED_EDGE('',*,*,#1219,.T.);
#1699=ORIENTED_EDGE('',*,*,#1242,.T.);
#1700=ORIENTED_EDGE('',*,*,#1221,.F.);
#1701=ORIENTED_EDGE('',*,*,#1249,.T.);
#1702=ORIENTED_EDGE('',*,*,#1210,.T.);
#1703=ORIENTED_EDGE('',*,*,#1250,.F.);
#1704=ORIENTED_EDGE('',*,*,#1193,.F.);
#1705=ORIENTED_EDGE('',*,*,#1251,.F.);
#1706=ORIENTED_EDGE('',*,*,#1190,.F.);
#1707=ORIENTED_EDGE('',*,*,#1252,.F.);
#1708=ORIENTED_EDGE('',*,*,#1191,.F.);
#1709=ORIENTED_EDGE('',*,*,#1253,.F.);
#1710=ORIENTED_EDGE('',*,*,#1254,.T.);
#1711=ORIENTED_EDGE('',*,*,#1255,.F.);
#1712=ORIENTED_EDGE('',*,*,#1254,.F.);
#1713=ORIENTED_EDGE('',*,*,#1256,.F.);
#1714=ORIENTED_EDGE('',*,*,#1192,.F.);
#1715=ORIENTED_EDGE('',*,*,#1257,.F.);
#1716=ORIENTED_EDGE('',*,*,#1195,.F.);
#1717=ORIENTED_EDGE('',*,*,#1258,.F.);
#1718=ORIENTED_EDGE('',*,*,#1197,.F.);
#1719=ORIENTED_EDGE('',*,*,#1241,.F.);
#1720=ORIENTED_EDGE('',*,*,#1259,.F.);
#1721=ORIENTED_EDGE('',*,*,#1211,.T.);
#1722=ORIENTED_EDGE('',*,*,#1260,.T.);
#1723=ORIENTED_EDGE('',*,*,#1261,.T.);
#1724=ORIENTED_EDGE('',*,*,#1246,.T.);
#1725=ORIENTED_EDGE('',*,*,#1262,.T.);
#1726=ORIENTED_EDGE('',*,*,#1220,.T.);
#1727=ORIENTED_EDGE('',*,*,#1263,.T.);
#1728=ORIENTED_EDGE('',*,*,#1198,.T.);
#1729=ORIENTED_EDGE('',*,*,#1250,.T.);
#1730=ORIENTED_EDGE('',*,*,#1189,.T.);
#1731=ORIENTED_EDGE('',*,*,#1258,.T.);
#1732=ORIENTED_EDGE('',*,*,#1186,.T.);
#1733=ORIENTED_EDGE('',*,*,#1264,.T.);
#1734=ORIENTED_EDGE('',*,*,#1184,.T.);
#1735=ORIENTED_EDGE('',*,*,#1257,.T.);
#1736=ORIENTED_EDGE('',*,*,#1181,.T.);
#1737=ORIENTED_EDGE('',*,*,#1265,.T.);
#1738=ORIENTED_EDGE('',*,*,#1178,.T.);
#1739=ORIENTED_EDGE('',*,*,#1256,.T.);
#1740=ORIENTED_EDGE('',*,*,#1253,.T.);
#1741=ORIENTED_EDGE('',*,*,#1176,.T.);
#1742=ORIENTED_EDGE('',*,*,#1252,.T.);
#1743=ORIENTED_EDGE('',*,*,#1173,.T.);
#1744=ORIENTED_EDGE('',*,*,#1266,.T.);
#1745=ORIENTED_EDGE('',*,*,#1185,.T.);
#1746=ORIENTED_EDGE('',*,*,#1264,.F.);
#1747=ORIENTED_EDGE('',*,*,#1180,.T.);
#1748=ORIENTED_EDGE('',*,*,#1265,.F.);
#1749=ORIENTED_EDGE('',*,*,#1172,.T.);
#1750=ORIENTED_EDGE('',*,*,#1266,.F.);
#1751=ORIENTED_EDGE('',*,*,#1267,.F.);
#1752=ORIENTED_EDGE('',*,*,#1244,.F.);
#1753=ORIENTED_EDGE('',*,*,#1262,.F.);
#1754=ORIENTED_EDGE('',*,*,#1247,.F.);
#1755=ORIENTED_EDGE('',*,*,#1261,.F.);
#1756=ORIENTED_EDGE('',*,*,#1268,.T.);
#1757=ORIENTED_EDGE('',*,*,#1086,.T.);
#1758=ORIENTED_EDGE('',*,*,#1124,.T.);
#1759=ORIENTED_EDGE('',*,*,#1130,.T.);
#1760=ORIENTED_EDGE('',*,*,#1127,.T.);
#1761=ORIENTED_EDGE('',*,*,#1087,.T.);
#1762=ORIENTED_EDGE('',*,*,#1103,.T.);
#1763=ORIENTED_EDGE('',*,*,#1109,.T.);
#1764=ORIENTED_EDGE('',*,*,#1106,.T.);
#1765=ORIENTED_EDGE('',*,*,#1091,.T.);
#1766=ORIENTED_EDGE('',*,*,#1144,.T.);
#1767=ORIENTED_EDGE('',*,*,#1150,.T.);
#1768=ORIENTED_EDGE('',*,*,#1147,.T.);
#1769=ORIENTED_EDGE('',*,*,#1095,.T.);
#1770=ORIENTED_EDGE('',*,*,#1134,.T.);
#1771=ORIENTED_EDGE('',*,*,#1140,.T.);
#1772=ORIENTED_EDGE('',*,*,#1137,.T.);
#1773=ORIENTED_EDGE('',*,*,#1099,.T.);
#1774=ORIENTED_EDGE('',*,*,#1113,.T.);
#1775=ORIENTED_EDGE('',*,*,#1120,.T.);
#1776=ORIENTED_EDGE('',*,*,#1116,.T.);
#1777=ORIENTED_EDGE('',*,*,#1165,.T.);
#1778=ORIENTED_EDGE('',*,*,#1154,.T.);
#1779=ORIENTED_EDGE('',*,*,#1161,.T.);
#1780=ORIENTED_EDGE('',*,*,#1158,.T.);
#1781=ORIENTED_EDGE('',*,*,#1082,.T.);
#1782=ORIENTED_EDGE('',*,*,#1268,.F.);
#1783=ORIENTED_EDGE('',*,*,#1260,.F.);
#1784=ORIENTED_EDGE('',*,*,#1249,.F.);
#1785=ORIENTED_EDGE('',*,*,#1263,.F.);
#1786=ORIENTED_EDGE('',*,*,#1248,.F.);
#1787=ORIENTED_EDGE('',*,*,#1269,.T.);
#1788=ORIENTED_EDGE('',*,*,#1270,.T.);
#1789=ORIENTED_EDGE('',*,*,#1271,.T.);
#1790=ORIENTED_EDGE('',*,*,#1272,.T.);
#1791=ORIENTED_EDGE('',*,*,#1273,.T.);
#1792=ORIENTED_EDGE('',*,*,#1274,.T.);
#1793=ORIENTED_EDGE('',*,*,#1275,.T.);
#1794=ORIENTED_EDGE('',*,*,#1276,.T.);
#1795=ORIENTED_EDGE('',*,*,#1277,.T.);
#1796=ORIENTED_EDGE('',*,*,#1278,.T.);
#1797=ORIENTED_EDGE('',*,*,#1279,.T.);
#1798=ORIENTED_EDGE('',*,*,#1280,.T.);
#1799=ORIENTED_EDGE('',*,*,#1281,.T.);
#1800=ORIENTED_EDGE('',*,*,#1255,.T.);
#1801=ORIENTED_EDGE('',*,*,#1282,.F.);
#1802=ORIENTED_EDGE('',*,*,#1167,.T.);
#1803=ORIENTED_EDGE('',*,*,#1283,.F.);
#1804=ORIENTED_EDGE('',*,*,#1284,.T.);
#1805=ORIENTED_EDGE('',*,*,#1285,.T.);
#1806=ORIENTED_EDGE('',*,*,#1259,.T.);
#1807=ORIENTED_EDGE('',*,*,#1285,.F.);
#1808=ORIENTED_EDGE('',*,*,#1286,.T.);
#1809=ORIENTED_EDGE('',*,*,#1287,.T.);
#1810=ORIENTED_EDGE('',*,*,#1288,.T.);
#1811=ORIENTED_EDGE('',*,*,#1289,.T.);
#1812=ORIENTED_EDGE('',*,*,#1288,.F.);
#1813=ORIENTED_EDGE('',*,*,#1290,.F.);
#1814=ORIENTED_EDGE('',*,*,#1291,.F.);
#1815=ORIENTED_EDGE('',*,*,#1292,.T.);
#1816=ORIENTED_EDGE('',*,*,#1286,.F.);
#1817=ORIENTED_EDGE('',*,*,#1287,.F.);
#1818=ORIENTED_EDGE('',*,*,#1292,.F.);
#1819=ORIENTED_EDGE('',*,*,#1273,.F.);
#1820=ORIENTED_EDGE('',*,*,#1293,.F.);
#1821=ORIENTED_EDGE('',*,*,#1294,.F.);
#1822=ORIENTED_EDGE('',*,*,#1295,.F.);
#1823=ORIENTED_EDGE('',*,*,#1296,.F.);
#1824=ORIENTED_EDGE('',*,*,#1289,.F.);
#1825=ORIENTED_EDGE('',*,*,#1297,.T.);
#1826=ORIENTED_EDGE('',*,*,#1290,.T.);
#1827=ORIENTED_EDGE('',*,*,#1291,.T.);
#1828=ORIENTED_EDGE('',*,*,#1297,.F.);
#1829=ORIENTED_EDGE('',*,*,#1298,.T.);
#1830=ORIENTED_EDGE('',*,*,#1299,.F.);
#1831=ORIENTED_EDGE('',*,*,#1300,.T.);
#1832=ORIENTED_EDGE('',*,*,#1301,.F.);
#1833=ORIENTED_EDGE('',*,*,#1302,.F.);
#1834=ORIENTED_EDGE('',*,*,#1298,.F.);
#1835=ORIENTED_EDGE('',*,*,#1303,.T.);
#1836=ORIENTED_EDGE('',*,*,#1304,.T.);
#1837=ORIENTED_EDGE('',*,*,#1305,.T.);
#1838=ORIENTED_EDGE('',*,*,#1304,.F.);
#1839=ORIENTED_EDGE('',*,*,#1306,.F.);
#1840=ORIENTED_EDGE('',*,*,#1307,.T.);
#1841=ORIENTED_EDGE('',*,*,#1303,.F.);
#1842=ORIENTED_EDGE('',*,*,#1307,.F.);
#1843=ORIENTED_EDGE('',*,*,#1269,.F.);
#1844=ORIENTED_EDGE('',*,*,#1308,.F.);
#1845=ORIENTED_EDGE('',*,*,#1309,.F.);
#1846=ORIENTED_EDGE('',*,*,#1310,.F.);
#1847=ORIENTED_EDGE('',*,*,#1311,.F.);
#1848=ORIENTED_EDGE('',*,*,#1312,.F.);
#1849=ORIENTED_EDGE('',*,*,#1305,.F.);
#1850=ORIENTED_EDGE('',*,*,#1073,.T.);
#1851=ORIENTED_EDGE('',*,*,#1313,.F.);
#1852=ORIENTED_EDGE('',*,*,#1171,.T.);
#1853=ORIENTED_EDGE('',*,*,#1251,.T.);
#1854=ORIENTED_EDGE('',*,*,#1168,.T.);
#1855=ORIENTED_EDGE('',*,*,#1283,.T.);
#1856=ORIENTED_EDGE('',*,*,#1076,.T.);
#1857=ORIENTED_EDGE('',*,*,#1314,.T.);
#1858=ORIENTED_EDGE('',*,*,#1282,.T.);
#1859=ORIENTED_EDGE('',*,*,#1314,.F.);
#1860=ORIENTED_EDGE('',*,*,#1078,.T.);
#1861=ORIENTED_EDGE('',*,*,#1313,.T.);
#1862=ORIENTED_EDGE('',*,*,#1069,.T.);
#1863=ORIENTED_EDGE('',*,*,#1081,.T.);
#1864=ORIENTED_EDGE('',*,*,#1315,.F.);
#1865=ORIENTED_EDGE('',*,*,#1316,.T.);
#1866=ORIENTED_EDGE('',*,*,#1065,.T.);
#1867=ORIENTED_EDGE('',*,*,#1316,.F.);
#1868=ORIENTED_EDGE('',*,*,#1306,.T.);
#1869=ORIENTED_EDGE('',*,*,#1317,.F.);
#1870=ORIENTED_EDGE('',*,*,#1318,.F.);
#1871=ORIENTED_EDGE('',*,*,#1271,.F.);
#1872=ORIENTED_EDGE('',*,*,#1319,.F.);
#1873=ORIENTED_EDGE('',*,*,#1320,.F.);
#1874=ORIENTED_EDGE('',*,*,#1321,.F.);
#1875=ORIENTED_EDGE('',*,*,#1272,.F.);
#1876=ORIENTED_EDGE('',*,*,#1318,.T.);
#1877=ORIENTED_EDGE('',*,*,#1322,.T.);
#1878=ORIENTED_EDGE('',*,*,#1293,.T.);
#1879=ORIENTED_EDGE('',*,*,#1323,.T.);
#1880=ORIENTED_EDGE('',*,*,#1315,.T.);
#1881=ORIENTED_EDGE('',*,*,#1324,.F.);
#1882=ORIENTED_EDGE('',*,*,#1277,.F.);
#1883=ORIENTED_EDGE('',*,*,#1325,.T.);
#1884=ORIENTED_EDGE('',*,*,#1326,.T.);
#1885=ORIENTED_EDGE('',*,*,#1327,.F.);
#1886=ORIENTED_EDGE('',*,*,#1278,.F.);
#1887=ORIENTED_EDGE('',*,*,#1324,.T.);
#1888=ORIENTED_EDGE('',*,*,#1328,.T.);
#1889=ORIENTED_EDGE('',*,*,#1329,.T.);
#1890=ORIENTED_EDGE('',*,*,#1279,.F.);
#1891=ORIENTED_EDGE('',*,*,#1327,.T.);
#1892=ORIENTED_EDGE('',*,*,#1330,.T.);
#1893=ORIENTED_EDGE('',*,*,#1270,.F.);
#1894=ORIENTED_EDGE('',*,*,#1312,.T.);
#1895=ORIENTED_EDGE('',*,*,#1331,.T.);
#1896=ORIENTED_EDGE('',*,*,#1319,.T.);
#1897=ORIENTED_EDGE('',*,*,#1230,.T.);
#1898=ORIENTED_EDGE('',*,*,#1267,.T.);
#1899=ORIENTED_EDGE('',*,*,#1332,.F.);
#1900=ORIENTED_EDGE('',*,*,#1333,.F.);
#1901=ORIENTED_EDGE('',*,*,#1334,.F.);
#1902=ORIENTED_EDGE('',*,*,#1320,.T.);
#1903=ORIENTED_EDGE('',*,*,#1331,.F.);
#1904=ORIENTED_EDGE('',*,*,#1311,.T.);
#1905=ORIENTED_EDGE('',*,*,#1335,.F.);
#1906=ORIENTED_EDGE('',*,*,#1336,.F.);
#1907=ORIENTED_EDGE('',*,*,#1321,.T.);
#1908=ORIENTED_EDGE('',*,*,#1334,.T.);
#1909=ORIENTED_EDGE('',*,*,#1337,.T.);
#1910=ORIENTED_EDGE('',*,*,#1338,.F.);
#1911=ORIENTED_EDGE('',*,*,#1296,.T.);
#1912=ORIENTED_EDGE('',*,*,#1339,.T.);
#1913=ORIENTED_EDGE('',*,*,#1340,.F.);
#1914=ORIENTED_EDGE('',*,*,#1274,.F.);
#1915=ORIENTED_EDGE('',*,*,#1302,.T.);
#1916=ORIENTED_EDGE('',*,*,#1341,.F.);
#1917=ORIENTED_EDGE('',*,*,#1294,.T.);
#1918=ORIENTED_EDGE('',*,*,#1322,.F.);
#1919=ORIENTED_EDGE('',*,*,#1317,.T.);
#1920=ORIENTED_EDGE('',*,*,#1338,.T.);
#1921=ORIENTED_EDGE('',*,*,#1342,.T.);
#1922=ORIENTED_EDGE('',*,*,#1343,.F.);
#1923=ORIENTED_EDGE('',*,*,#1344,.F.);
#1924=ORIENTED_EDGE('',*,*,#1275,.F.);
#1925=ORIENTED_EDGE('',*,*,#1340,.T.);
#1926=ORIENTED_EDGE('',*,*,#1345,.T.);
#1927=ORIENTED_EDGE('',*,*,#1346,.T.);
#1928=ORIENTED_EDGE('',*,*,#1325,.F.);
#1929=ORIENTED_EDGE('',*,*,#1276,.F.);
#1930=ORIENTED_EDGE('',*,*,#1344,.T.);
#1931=ORIENTED_EDGE('',*,*,#1323,.F.);
#1932=ORIENTED_EDGE('',*,*,#1347,.T.);
#1933=ORIENTED_EDGE('',*,*,#1348,.T.);
#1934=ORIENTED_EDGE('',*,*,#1347,.F.);
#1935=ORIENTED_EDGE('',*,*,#1349,.F.);
#1936=ORIENTED_EDGE('',*,*,#1326,.F.);
#1937=ORIENTED_EDGE('',*,*,#1350,.T.);
#1938=ORIENTED_EDGE('',*,*,#1351,.T.);
#1939=ORIENTED_EDGE('',*,*,#1328,.F.);
#1940=ORIENTED_EDGE('',*,*,#1349,.T.);
#1941=ORIENTED_EDGE('',*,*,#1352,.T.);
#1942=ORIENTED_EDGE('',*,*,#1353,.F.);
#1943=ORIENTED_EDGE('',*,*,#1354,.T.);
#1944=ORIENTED_EDGE('',*,*,#1330,.F.);
#1945=ORIENTED_EDGE('',*,*,#1353,.T.);
#1946=ORIENTED_EDGE('',*,*,#1355,.T.);
#1947=ORIENTED_EDGE('',*,*,#1354,.F.);
#1948=ORIENTED_EDGE('',*,*,#1356,.F.);
#1949=ORIENTED_EDGE('',*,*,#1357,.F.);
#1950=ORIENTED_EDGE('',*,*,#1280,.F.);
#1951=ORIENTED_EDGE('',*,*,#1329,.F.);
#1952=ORIENTED_EDGE('',*,*,#1358,.T.);
#1953=ORIENTED_EDGE('',*,*,#1308,.T.);
#1954=ORIENTED_EDGE('',*,*,#1281,.F.);
#1955=ORIENTED_EDGE('',*,*,#1357,.T.);
#1956=ORIENTED_EDGE('',*,*,#1359,.T.);
#1957=ORIENTED_EDGE('',*,*,#1335,.T.);
#1958=ORIENTED_EDGE('',*,*,#1310,.T.);
#1959=ORIENTED_EDGE('',*,*,#1360,.T.);
#1960=ORIENTED_EDGE('',*,*,#1361,.T.);
#1961=ORIENTED_EDGE('',*,*,#1362,.F.);
#1962=ORIENTED_EDGE('',*,*,#1336,.T.);
#1963=ORIENTED_EDGE('',*,*,#1359,.F.);
#1964=ORIENTED_EDGE('',*,*,#1363,.F.);
#1965=ORIENTED_EDGE('',*,*,#1364,.T.);
#1966=ORIENTED_EDGE('',*,*,#1332,.T.);
#1967=ORIENTED_EDGE('',*,*,#1362,.T.);
#1968=ORIENTED_EDGE('',*,*,#1364,.F.);
#1969=ORIENTED_EDGE('',*,*,#1365,.T.);
#1970=ORIENTED_EDGE('',*,*,#1366,.F.);
#1971=ORIENTED_EDGE('',*,*,#1342,.F.);
#1972=ORIENTED_EDGE('',*,*,#1337,.F.);
#1973=ORIENTED_EDGE('',*,*,#1333,.T.);
#1974=ORIENTED_EDGE('',*,*,#1367,.F.);
#1975=ORIENTED_EDGE('',*,*,#1299,.T.);
#1976=ORIENTED_EDGE('',*,*,#1343,.T.);
#1977=ORIENTED_EDGE('',*,*,#1366,.T.);
#1978=ORIENTED_EDGE('',*,*,#1295,.T.);
#1979=ORIENTED_EDGE('',*,*,#1341,.T.);
#1980=ORIENTED_EDGE('',*,*,#1301,.T.);
#1981=ORIENTED_EDGE('',*,*,#1368,.T.);
#1982=ORIENTED_EDGE('',*,*,#1369,.T.);
#1983=ORIENTED_EDGE('',*,*,#1339,.F.);
#1984=ORIENTED_EDGE('',*,*,#1369,.F.);
#1985=ORIENTED_EDGE('',*,*,#1370,.T.);
#1986=ORIENTED_EDGE('',*,*,#1371,.F.);
#1987=ORIENTED_EDGE('',*,*,#1345,.F.);
#1988=ORIENTED_EDGE('',*,*,#1346,.F.);
#1989=ORIENTED_EDGE('',*,*,#1371,.T.);
#1990=ORIENTED_EDGE('',*,*,#1372,.T.);
#1991=ORIENTED_EDGE('',*,*,#1350,.F.);
#1992=ORIENTED_EDGE('',*,*,#1372,.F.);
#1993=ORIENTED_EDGE('',*,*,#1370,.F.);
#1994=ORIENTED_EDGE('',*,*,#1368,.F.);
#1995=ORIENTED_EDGE('',*,*,#1300,.F.);
#1996=ORIENTED_EDGE('',*,*,#1367,.T.);
#1997=ORIENTED_EDGE('',*,*,#1365,.F.);
#1998=ORIENTED_EDGE('',*,*,#1363,.T.);
#1999=ORIENTED_EDGE('',*,*,#1361,.F.);
#2000=ORIENTED_EDGE('',*,*,#1360,.F.);
#2001=ORIENTED_EDGE('',*,*,#1309,.T.);
#2002=ORIENTED_EDGE('',*,*,#1358,.F.);
#2003=ORIENTED_EDGE('',*,*,#1356,.T.);
#2004=ORIENTED_EDGE('',*,*,#1355,.F.);
#2005=ORIENTED_EDGE('',*,*,#1352,.F.);
#2006=ORIENTED_EDGE('',*,*,#1351,.F.);
#2007=ORIENTED_EDGE('',*,*,#1284,.F.);
#2008=ORIENTED_EDGE('',*,*,#1348,.F.);
#2009=PLANE('',#2240);
#2010=PLANE('',#2241);
#2011=PLANE('',#2242);
#2012=PLANE('',#2244);
#2013=PLANE('',#2249);
#2014=PLANE('',#2253);
#2015=PLANE('',#2254);
#2016=PLANE('',#2255);
#2017=PLANE('',#2257);
#2018=PLANE('',#2260);
#2019=PLANE('',#2262);
#2020=PLANE('',#2264);
#2021=PLANE('',#2266);
#2022=PLANE('',#2268);
#2023=PLANE('',#2269);
#2024=PLANE('',#2270);
#2025=PLANE('',#2273);
#2026=PLANE('',#2274);
#2027=PLANE('',#2275);
#2028=PLANE('',#2278);
#2029=PLANE('',#2279);
#2030=PLANE('',#2280);
#2031=PLANE('',#2283);
#2032=PLANE('',#2284);
#2033=PLANE('',#2285);
#2034=PLANE('',#2288);
#2035=PLANE('',#2289);
#2036=PLANE('',#2290);
#2037=PLANE('',#2293);
#2038=PLANE('',#2294);
#2039=PLANE('',#2295);
#2040=PLANE('',#2298);
#2041=PLANE('',#2300);
#2042=PLANE('',#2301);
#2043=PLANE('',#2302);
#2044=PLANE('',#2303);
#2045=PLANE('',#2304);
#2046=PLANE('',#2317);
#2047=PLANE('',#2318);
#2048=PLANE('',#2320);
#2049=PLANE('',#2321);
#2050=PLANE('',#2322);
#2051=PLANE('',#2323);
#2052=PLANE('',#2324);
#2053=PLANE('',#2326);
#2054=PLANE('',#2327);
#2055=PLANE('',#2329);
#2056=PLANE('',#2330);
#2057=PLANE('',#2331);
#2058=PLANE('',#2335);
#2059=PLANE('',#2339);
#2060=PLANE('',#2355);
#2061=PLANE('',#2357);
#2062=PLANE('',#2360);
#2063=PLANE('',#2362);
#2064=PLANE('',#2364);
#2065=PLANE('',#2365);
#2066=PLANE('',#2367);
#2067=PLANE('',#2369);
#2068=PLANE('',#2370);
#2069=PLANE('',#2377);
#2070=PLANE('',#2392);
#2071=PLANE('',#2394);
#2072=PLANE('',#2400);
#2073=PLANE('',#2401);
#2074=PLANE('',#2403);
#2075=PLANE('',#2407);
#2076=PLANE('',#2408);
#2077=PLANE('',#2411);
#2078=PLANE('',#2423);
#2079=PLANE('',#2424);
#2080=PLANE('',#2426);
#2081=PLANE('',#2429);
#2082=PLANE('',#2438);
#2083=PLANE('',#2441);
#2084=PLANE('',#2442);
#2085=PLANE('',#2443);
#2086=PLANE('',#2444);
#2087=PLANE('',#2445);
#2088=PLANE('',#2448);
#2089=PLANE('',#2451);
#2090=PLANE('',#2456);
#2091=ADVANCED_FACE('',(#190),#2009,.F.);
#2092=ADVANCED_FACE('',(#191),#2010,.F.);
#2093=ADVANCED_FACE('',(#192,#89),#2011,.F.);
#2094=ADVANCED_FACE('',(#193),#2012,.T.);
#2095=ADVANCED_FACE('',(#194),#69,.F.);
#2096=ADVANCED_FACE('',(#195),#2013,.F.);
#2097=ADVANCED_FACE('',(#196),#70,.F.);
#2098=ADVANCED_FACE('',(#197),#2014,.F.);
#2099=ADVANCED_FACE('',(#198),#2015,.T.);
#2100=ADVANCED_FACE('',(#199),#2016,.T.);
#2101=ADVANCED_FACE('',(#200),#2017,.F.);
#2102=ADVANCED_FACE('',(#201),#2018,.F.);
#2103=ADVANCED_FACE('',(#202),#2019,.F.);
#2104=ADVANCED_FACE('',(#203),#2020,.F.);
#2105=ADVANCED_FACE('',(#204),#2021,.F.);
#2106=ADVANCED_FACE('',(#205),#2022,.F.);
#2107=ADVANCED_FACE('',(#206),#2023,.F.);
#2108=ADVANCED_FACE('',(#207),#2024,.T.);
#2109=ADVANCED_FACE('',(#208),#2025,.F.);
#2110=ADVANCED_FACE('',(#209),#2026,.F.);
#2111=ADVANCED_FACE('',(#210),#2027,.T.);
#2112=ADVANCED_FACE('',(#211),#2028,.F.);
#2113=ADVANCED_FACE('',(#212),#2029,.F.);
#2114=ADVANCED_FACE('',(#213),#2030,.T.);
#2115=ADVANCED_FACE('',(#214),#2031,.F.);
#2116=ADVANCED_FACE('',(#215),#2032,.F.);
#2117=ADVANCED_FACE('',(#216),#2033,.T.);
#2118=ADVANCED_FACE('',(#217),#2034,.F.);
#2119=ADVANCED_FACE('',(#218),#2035,.F.);
#2120=ADVANCED_FACE('',(#219),#2036,.T.);
#2121=ADVANCED_FACE('',(#220),#2037,.F.);
#2122=ADVANCED_FACE('',(#221),#2038,.F.);
#2123=ADVANCED_FACE('',(#222),#2039,.T.);
#2124=ADVANCED_FACE('',(#223),#2040,.F.);
#2125=ADVANCED_FACE('',(#224),#2041,.F.);
#2126=ADVANCED_FACE('',(#225),#2042,.F.);
#2127=ADVANCED_FACE('',(#226),#2043,.F.);
#2128=ADVANCED_FACE('',(#227),#2044,.F.);
#2129=ADVANCED_FACE('',(#228),#2045,.F.);
#2130=ADVANCED_FACE('',(#229),#71,.F.);
#2131=ADVANCED_FACE('',(#230),#72,.F.);
#2132=ADVANCED_FACE('',(#231),#73,.F.);
#2133=ADVANCED_FACE('',(#232),#74,.F.);
#2134=ADVANCED_FACE('',(#233),#75,.F.);
#2135=ADVANCED_FACE('',(#234),#76,.F.);
#2136=ADVANCED_FACE('',(#235),#2046,.F.);
#2137=ADVANCED_FACE('',(#236,#90),#2047,.F.);
#2138=ADVANCED_FACE('',(#237),#2048,.F.);
#2139=ADVANCED_FACE('',(#238),#2049,.F.);
#2140=ADVANCED_FACE('',(#239),#2050,.F.);
#2141=ADVANCED_FACE('',(#240),#2051,.F.);
#2142=ADVANCED_FACE('',(#241),#2052,.T.);
#2143=ADVANCED_FACE('',(#242),#2053,.F.);
#2144=ADVANCED_FACE('',(#243),#2054,.T.);
#2145=ADVANCED_FACE('',(#244),#2055,.F.);
#2146=ADVANCED_FACE('',(#245),#2056,.F.);
#2147=ADVANCED_FACE('',(#246),#2057,.T.);
#2148=ADVANCED_FACE('',(#247),#77,.F.);
#2149=ADVANCED_FACE('',(#248),#2058,.T.);
#2150=ADVANCED_FACE('',(#249),#78,.F.);
#2151=ADVANCED_FACE('',(#250),#2059,.F.);
#2152=ADVANCED_FACE('',(#251),#79,.F.);
#2153=ADVANCED_FACE('',(#252),#80,.F.);
#2154=ADVANCED_FACE('',(#253),#81,.F.);
#2155=ADVANCED_FACE('',(#254),#36,.F.);
#2156=ADVANCED_FACE('',(#255,#91),#2060,.T.);
#2157=ADVANCED_FACE('',(#256),#2061,.T.);
#2158=ADVANCED_FACE('',(#257),#2062,.T.);
#2159=ADVANCED_FACE('',(#258),#2063,.T.);
#2160=ADVANCED_FACE('',(#259),#2064,.T.);
#2161=ADVANCED_FACE('',(#260),#2065,.T.);
#2162=ADVANCED_FACE('',(#261),#2066,.T.);
#2163=ADVANCED_FACE('',(#262),#2067,.T.);
#2164=ADVANCED_FACE('',(#263),#2068,.T.);
#2165=ADVANCED_FACE('',(#264),#37,.F.);
#2166=ADVANCED_FACE('',(#265),#38,.F.);
#2167=ADVANCED_FACE('',(#266),#39,.F.);
#2168=ADVANCED_FACE('',(#267),#40,.F.);
#2169=ADVANCED_FACE('',(#268,#92,#93),#2069,.T.);
#2170=ADVANCED_FACE('',(#269),#41,.F.);
#2171=ADVANCED_FACE('',(#270),#42,.F.);
#2172=ADVANCED_FACE('',(#271),#43,.F.);
#2173=ADVANCED_FACE('',(#272),#44,.F.);
#2174=ADVANCED_FACE('',(#273,#94),#2070,.F.);
#2175=ADVANCED_FACE('',(#274),#31,.T.);
#2176=ADVANCED_FACE('',(#275,#95),#2071,.T.);
#2177=ADVANCED_FACE('',(#276),#45,.F.);
#2178=ADVANCED_FACE('',(#277),#82,.F.);
#2179=ADVANCED_FACE('',(#278,#96),#2072,.F.);
#2180=ADVANCED_FACE('',(#279),#2073,.T.);
#2181=ADVANCED_FACE('',(#280),#2074,.T.);
#2182=ADVANCED_FACE('',(#281),#46,.F.);
#2183=ADVANCED_FACE('',(#282),#83,.F.);
#2184=ADVANCED_FACE('',(#283),#2075,.T.);
#2185=ADVANCED_FACE('',(#284),#2076,.F.);
#2186=ADVANCED_FACE('',(#285),#84,.T.);
#2187=ADVANCED_FACE('',(#286,#97),#2077,.T.);
#2188=ADVANCED_FACE('',(#287),#85,.T.);
#2189=ADVANCED_FACE('',(#288),#28,.T.);
#2190=ADVANCED_FACE('',(#289),#86,.T.);
#2191=ADVANCED_FACE('',(#290),#87,.T.);
#2192=ADVANCED_FACE('',(#291),#2078,.T.);
#2193=ADVANCED_FACE('',(#292),#2079,.F.);
#2194=ADVANCED_FACE('',(#293),#2080,.T.);
#2195=ADVANCED_FACE('',(#294),#88,.T.);
#2196=ADVANCED_FACE('',(#295),#2081,.T.);
#2197=ADVANCED_FACE('',(#296),#29,.T.);
#2198=ADVANCED_FACE('',(#297),#30,.T.);
#2199=ADVANCED_FACE('',(#298),#47,.F.);
#2200=ADVANCED_FACE('',(#299),#2082,.T.);
#2201=ADVANCED_FACE('',(#300),#48,.T.);
#2202=ADVANCED_FACE('',(#301),#2083,.T.);
#2203=ADVANCED_FACE('',(#302),#2084,.F.);
#2204=ADVANCED_FACE('',(#303),#2085,.T.);
#2205=ADVANCED_FACE('',(#304),#2086,.T.);
#2206=ADVANCED_FACE('',(#305),#2087,.T.);
#2207=ADVANCED_FACE('',(#306),#49,.F.);
#2208=ADVANCED_FACE('',(#307),#2088,.T.);
#2209=ADVANCED_FACE('',(#308),#50,.F.);
#2210=ADVANCED_FACE('',(#309),#2089,.T.);
#2211=ADVANCED_FACE('',(#310),#51,.F.);
#2212=ADVANCED_FACE('',(#311),#52,.T.);
#2213=ADVANCED_FACE('',(#312,#98,#99),#2090,.F.);
#2214=CLOSED_SHELL('',(#2091,#2092,#2093,#2094,#2095,#2096,#2097,#2098,
#2099,#2100,#2101,#2102,#2103,#2104,#2105,#2106,#2107,#2108,#2109,#2110,
#2111,#2112,#2113,#2114,#2115,#2116,#2117,#2118,#2119,#2120,#2121,#2122,
#2123,#2124,#2125,#2126,#2127,#2128,#2129,#2130,#2131,#2132,#2133,#2134,
#2135,#2136,#2137,#2138,#2139,#2140,#2141,#2142,#2143,#2144,#2145,#2146,
#2147,#2148,#2149,#2150,#2151,#2152,#2153,#2154,#2155,#2156,#2157,#2158,
#2159,#2160,#2161,#2162,#2163,#2164,#2165,#2166,#2167,#2168,#2169,#2170,
#2171,#2172,#2173,#2174,#2175,#2176,#2177,#2178,#2179,#2180,#2181,#2182,
#2183,#2184,#2185,#2186,#2187,#2188,#2189,#2190,#2191,#2192,#2193,#2194,
#2195,#2196,#2197,#2198,#2199,#2200,#2201,#2202,#2203,#2204,#2205,#2206,
#2207,#2208,#2209,#2210,#2211,#2212,#2213));
#2215=DERIVED_UNIT_ELEMENT(#2219,1.);
#2216=DERIVED_UNIT_ELEMENT(#3925,-3.);
#2217=DERIVED_UNIT_ELEMENT(#2219,1.);
#2218=DERIVED_UNIT_ELEMENT(#3925,-3.);
#2219=(
MASS_UNIT()
NAMED_UNIT(*)
SI_UNIT(.KILO.,.GRAM.)
);
#2220=DERIVED_UNIT((#2215,#2216));
#2221=DERIVED_UNIT((#2217,#2218));
#2222=MEASURE_REPRESENTATION_ITEM('density measure',
POSITIVE_RATIO_MEASURE(1100.),#2220);
#2223=MEASURE_REPRESENTATION_ITEM('density measure',
POSITIVE_RATIO_MEASURE(1060.),#2221);
#2224=PROPERTY_DEFINITION_REPRESENTATION(#2234,#2228);
#2225=PROPERTY_DEFINITION_REPRESENTATION(#2235,#2229);
#2226=PROPERTY_DEFINITION_REPRESENTATION(#2236,#2230);
#2227=PROPERTY_DEFINITION_REPRESENTATION(#2237,#2231);
#2228=REPRESENTATION('material name',(#2232),#3921);
#2229=REPRESENTATION('density',(#2222),#3921);
#2230=REPRESENTATION('material name',(#2233),#3922);
#2231=REPRESENTATION('density',(#2223),#3922);
#2232=DESCRIPTIVE_REPRESENTATION_ITEM(
'PA 12 - Nylon - PA 603-CF (with EOS P 3D Printers)',
'PA 12 - Nylon - PA 603-CF (with EOS P 3D Printers)');
#2233=DESCRIPTIVE_REPRESENTATION_ITEM('ABS Plastic','ABS Plastic');
#2234=PROPERTY_DEFINITION('material property','material name',#3941);
#2235=PROPERTY_DEFINITION('material property','density of part',#3941);
#2236=PROPERTY_DEFINITION('material property','material name',#3942);
#2237=PROPERTY_DEFINITION('material property','density of part',#3942);
#2238=AXIS2_PLACEMENT_3D('',#3107,#2460,#2461);
#2239=AXIS2_PLACEMENT_3D('',#3108,#2462,#2463);
#2240=AXIS2_PLACEMENT_3D('',#3109,#2464,#2465);
#2241=AXIS2_PLACEMENT_3D('',#3118,#2470,#2471);
#2242=AXIS2_PLACEMENT_3D('',#3127,#2476,#2477);
#2243=AXIS2_PLACEMENT_3D('',#3131,#2480,#2481);
#2244=AXIS2_PLACEMENT_3D('',#3132,#2482,#2483);
#2245=AXIS2_PLACEMENT_3D('',#3136,#2485,#2486);
#2246=AXIS2_PLACEMENT_3D('',#3138,#2488,#2489);
#2247=AXIS2_PLACEMENT_3D('',#3141,#2490,#2491);
#2248=AXIS2_PLACEMENT_3D('',#3145,#2493,#2494);
#2249=AXIS2_PLACEMENT_3D('',#3147,#2496,#2497);
#2250=AXIS2_PLACEMENT_3D('',#3152,#2501,#2502);
#2251=AXIS2_PLACEMENT_3D('',#3155,#2503,#2504);
#2252=AXIS2_PLACEMENT_3D('',#3157,#2506,#2507);
#2253=AXIS2_PLACEMENT_3D('',#3158,#2508,#2509);
#2254=AXIS2_PLACEMENT_3D('',#3161,#2512,#2513);
#2255=AXIS2_PLACEMENT_3D('',#3162,#2514,#2515);
#2256=AXIS2_PLACEMENT_3D('',#3163,#2516,#2517);
#2257=AXIS2_PLACEMENT_3D('',#3164,#2518,#2519);
#2258=AXIS2_PLACEMENT_3D('',#3167,#2520,#2521);
#2259=AXIS2_PLACEMENT_3D('',#3174,#2525,#2526);
#2260=AXIS2_PLACEMENT_3D('',#3175,#2527,#2528);
#2261=AXIS2_PLACEMENT_3D('',#3178,#2529,#2530);
#2262=AXIS2_PLACEMENT_3D('',#3184,#2534,#2535);
#2263=AXIS2_PLACEMENT_3D('',#3187,#2536,#2537);
#2264=AXIS2_PLACEMENT_3D('',#3193,#2541,#2542);
#2265=AXIS2_PLACEMENT_3D('',#3196,#2543,#2544);
#2266=AXIS2_PLACEMENT_3D('',#3202,#2548,#2549);
#2267=AXIS2_PLACEMENT_3D('',#3205,#2550,#2551);
#2268=AXIS2_PLACEMENT_3D('',#3211,#2555,#2556);
#2269=AXIS2_PLACEMENT_3D('',#3219,#2559,#2560);
#2270=AXIS2_PLACEMENT_3D('',#3227,#2563,#2564);
#2271=AXIS2_PLACEMENT_3D('',#3228,#2565,#2566);
#2272=AXIS2_PLACEMENT_3D('',#3232,#2568,#2569);
#2273=AXIS2_PLACEMENT_3D('',#3234,#2571,#2572);
#2274=AXIS2_PLACEMENT_3D('',#3242,#2575,#2576);
#2275=AXIS2_PLACEMENT_3D('',#3253,#2580,#2581);
#2276=AXIS2_PLACEMENT_3D('',#3254,#2582,#2583);
#2277=AXIS2_PLACEMENT_3D('',#3258,#2585,#2586);
#2278=AXIS2_PLACEMENT_3D('',#3260,#2588,#2589);
#2279=AXIS2_PLACEMENT_3D('',#3268,#2592,#2593);
#2280=AXIS2_PLACEMENT_3D('',#3276,#2596,#2597);
#2281=AXIS2_PLACEMENT_3D('',#3277,#2598,#2599);
#2282=AXIS2_PLACEMENT_3D('',#3281,#2601,#2602);
#2283=AXIS2_PLACEMENT_3D('',#3283,#2604,#2605);
#2284=AXIS2_PLACEMENT_3D('',#3291,#2608,#2609);
#2285=AXIS2_PLACEMENT_3D('',#3299,#2612,#2613);
#2286=AXIS2_PLACEMENT_3D('',#3300,#2614,#2615);
#2287=AXIS2_PLACEMENT_3D('',#3304,#2617,#2618);
#2288=AXIS2_PLACEMENT_3D('',#3306,#2620,#2621);
#2289=AXIS2_PLACEMENT_3D('',#3314,#2624,#2625);
#2290=AXIS2_PLACEMENT_3D('',#3322,#2628,#2629);
#2291=AXIS2_PLACEMENT_3D('',#3323,#2630,#2631);
#2292=AXIS2_PLACEMENT_3D('',#3327,#2633,#2634);
#2293=AXIS2_PLACEMENT_3D('',#3329,#2636,#2637);
#2294=AXIS2_PLACEMENT_3D('',#3340,#2641,#2642);
#2295=AXIS2_PLACEMENT_3D('',#3348,#2645,#2646);
#2296=AXIS2_PLACEMENT_3D('',#3349,#2647,#2648);
#2297=AXIS2_PLACEMENT_3D('',#3353,#2650,#2651);
#2298=AXIS2_PLACEMENT_3D('',#3355,#2653,#2654);
#2299=AXIS2_PLACEMENT_3D('',#3356,#2655,#2656);
#2300=AXIS2_PLACEMENT_3D('',#3358,#2658,#2659);
#2301=AXIS2_PLACEMENT_3D('',#3370,#2664,#2665);
#2302=AXIS2_PLACEMENT_3D('',#3382,#2670,#2671);
#2303=AXIS2_PLACEMENT_3D('',#3388,#2675,#2676);
#2304=AXIS2_PLACEMENT_3D('',#3400,#2681,#2682);
#2305=AXIS2_PLACEMENT_3D('',#3412,#2687,#2688);
#2306=AXIS2_PLACEMENT_3D('',#3413,#2689,#2690);
#2307=AXIS2_PLACEMENT_3D('',#3414,#2691,#2692);
#2308=AXIS2_PLACEMENT_3D('',#3415,#2693,#2694);
#2309=AXIS2_PLACEMENT_3D('',#3416,#2695,#2696);
#2310=AXIS2_PLACEMENT_3D('',#3417,#2697,#2698);
#2311=AXIS2_PLACEMENT_3D('',#3418,#2699,#2700);
#2312=AXIS2_PLACEMENT_3D('',#3420,#2701,#2702);
#2313=AXIS2_PLACEMENT_3D('',#3422,#2704,#2705);
#2314=AXIS2_PLACEMENT_3D('',#3423,#2706,#2707);
#2315=AXIS2_PLACEMENT_3D('',#3424,#2708,#2709);
#2316=AXIS2_PLACEMENT_3D('',#3427,#2711,#2712);
#2317=AXIS2_PLACEMENT_3D('',#3428,#2713,#2714);
#2318=AXIS2_PLACEMENT_3D('',#3430,#2716,#2717);
#2319=AXIS2_PLACEMENT_3D('',#3448,#2726,#2727);
#2320=AXIS2_PLACEMENT_3D('',#3449,#2728,#2729);
#2321=AXIS2_PLACEMENT_3D('',#3463,#2737,#2738);
#2322=AXIS2_PLACEMENT_3D('',#3467,#2741,#2742);
#2323=AXIS2_PLACEMENT_3D('',#3479,#2749,#2750);
#2324=AXIS2_PLACEMENT_3D('',#3483,#2753,#2754);
#2325=AXIS2_PLACEMENT_3D('',#3486,#2756,#2757);
#2326=AXIS2_PLACEMENT_3D('',#3487,#2758,#2759);
#2327=AXIS2_PLACEMENT_3D('',#3497,#2765,#2766);
#2328=AXIS2_PLACEMENT_3D('',#3501,#2768,#2769);
#2329=AXIS2_PLACEMENT_3D('',#3503,#2771,#2772);
#2330=AXIS2_PLACEMENT_3D('',#3505,#2774,#2775);
#2331=AXIS2_PLACEMENT_3D('',#3509,#2778,#2779);
#2332=AXIS2_PLACEMENT_3D('',#3512,#2781,#2782);
#2333=AXIS2_PLACEMENT_3D('',#3513,#2783,#2784);
#2334=AXIS2_PLACEMENT_3D('',#3516,#2786,#2787);
#2335=AXIS2_PLACEMENT_3D('',#3517,#2788,#2789);
#2336=AXIS2_PLACEMENT_3D('',#3518,#2790,#2791);
#2337=AXIS2_PLACEMENT_3D('',#3519,#2792,#2793);
#2338=AXIS2_PLACEMENT_3D('',#3522,#2795,#2796);
#2339=AXIS2_PLACEMENT_3D('',#3523,#2797,#2798);
#2340=AXIS2_PLACEMENT_3D('',#3527,#2801,#2802);
#2341=AXIS2_PLACEMENT_3D('',#3528,#2803,#2804);
#2342=AXIS2_PLACEMENT_3D('',#3529,#2805,#2806);
#2343=AXIS2_PLACEMENT_3D('',#3530,#2807,#2808);
#2344=AXIS2_PLACEMENT_3D('',#3531,#2809,#2810);
#2345=AXIS2_PLACEMENT_3D('',#3532,#2811,#2812);
#2346=AXIS2_PLACEMENT_3D('',#3533,#2813,#2814);
#2347=AXIS2_PLACEMENT_3D('',#3534,#2815,#2816);
#2348=AXIS2_PLACEMENT_3D('',#3535,#2817,#2818);
#2349=AXIS2_PLACEMENT_3D('',#3536,#2819,#2820);
#2350=AXIS2_PLACEMENT_3D('',#3538,#2821,#2822);
#2351=AXIS2_PLACEMENT_3D('',#3541,#2824,#2825);
#2352=AXIS2_PLACEMENT_3D('',#3542,#2826,#2827);
#2353=AXIS2_PLACEMENT_3D('',#3543,#2828,#2829);
#2354=AXIS2_PLACEMENT_3D('',#3544,#2830,#2831);
#2355=AXIS2_PLACEMENT_3D('',#3545,#2832,#2833);
#2356=AXIS2_PLACEMENT_3D('',#3547,#2834,#2835);
#2357=AXIS2_PLACEMENT_3D('',#3548,#2836,#2837);
#2358=AXIS2_PLACEMENT_3D('',#3550,#2838,#2839);
#2359=AXIS2_PLACEMENT_3D('',#3551,#2840,#2841);
#2360=AXIS2_PLACEMENT_3D('',#3552,#2842,#2843);
#2361=AXIS2_PLACEMENT_3D('',#3553,#2844,#2845);
#2362=AXIS2_PLACEMENT_3D('',#3554,#2846,#2847);
#2363=AXIS2_PLACEMENT_3D('',#3555,#2848,#2849);
#2364=AXIS2_PLACEMENT_3D('',#3556,#2850,#2851);
#2365=AXIS2_PLACEMENT_3D('',#3557,#2852,#2853);
#2366=AXIS2_PLACEMENT_3D('',#3558,#2854,#2855);
#2367=AXIS2_PLACEMENT_3D('',#3559,#2856,#2857);
#2368=AXIS2_PLACEMENT_3D('',#3560,#2858,#2859);
#2369=AXIS2_PLACEMENT_3D('',#3561,#2860,#2861);
#2370=AXIS2_PLACEMENT_3D('',#3562,#2862,#2863);
#2371=AXIS2_PLACEMENT_3D('',#3563,#2864,#2865);
#2372=AXIS2_PLACEMENT_3D('',#3564,#2866,#2867);
#2373=AXIS2_PLACEMENT_3D('',#3565,#2868,#2869);
#2374=AXIS2_PLACEMENT_3D('',#3566,#2870,#2871);
#2375=AXIS2_PLACEMENT_3D('',#3567,#2872,#2873);
#2376=AXIS2_PLACEMENT_3D('',#3568,#2874,#2875);
#2377=AXIS2_PLACEMENT_3D('',#3570,#2877,#2878);
#2378=AXIS2_PLACEMENT_3D('',#3575,#2880,#2881);
#2379=AXIS2_PLACEMENT_3D('',#3579,#2883,#2884);
#2380=AXIS2_PLACEMENT_3D('',#3656,#2887,#2888);
#2381=AXIS2_PLACEMENT_3D('',#3660,#2890,#2891);
#2382=AXIS2_PLACEMENT_3D('',#3667,#2895,#2896);
#2383=AXIS2_PLACEMENT_3D('',#3668,#2897,#2898);
#2384=AXIS2_PLACEMENT_3D('',#3669,#2899,#2900);
#2385=AXIS2_PLACEMENT_3D('',#3670,#2901,#2902);
#2386=AXIS2_PLACEMENT_3D('',#3672,#2903,#2904);
#2387=AXIS2_PLACEMENT_3D('',#3674,#2906,#2907);
#2388=AXIS2_PLACEMENT_3D('',#3677,#2908,#2909);
#2389=AXIS2_PLACEMENT_3D('',#3678,#2910,#2911);
#2390=AXIS2_PLACEMENT_3D('',#3681,#2913,#2914);
#2391=AXIS2_PLACEMENT_3D('',#3682,#2915,#2916);
#2392=AXIS2_PLACEMENT_3D('',#3700,#2918,#2919);
#2393=AXIS2_PLACEMENT_3D('',#3707,#2923,#2924);
#2394=AXIS2_PLACEMENT_3D('',#3760,#2926,#2927);
#2395=AXIS2_PLACEMENT_3D('',#3769,#2932,#2933);
#2396=AXIS2_PLACEMENT_3D('',#3771,#2934,#2935);
#2397=AXIS2_PLACEMENT_3D('',#3774,#2937,#2938);
#2398=AXIS2_PLACEMENT_3D('',#3775,#2939,#2940);
#2399=AXIS2_PLACEMENT_3D('',#3777,#2941,#2942);
#2400=AXIS2_PLACEMENT_3D('',#3779,#2944,#2945);
#2401=AXIS2_PLACEMENT_3D('',#3789,#2951,#2952);
#2402=AXIS2_PLACEMENT_3D('',#3790,#2953,#2954);
#2403=AXIS2_PLACEMENT_3D('',#3791,#2955,#2956);
#2404=AXIS2_PLACEMENT_3D('',#3792,#2957,#2958);
#2405=AXIS2_PLACEMENT_3D('',#3794,#2960,#2961);
#2406=AXIS2_PLACEMENT_3D('',#3796,#2962,#2963);
#2407=AXIS2_PLACEMENT_3D('',#3798,#2965,#2966);
#2408=AXIS2_PLACEMENT_3D('',#3799,#2967,#2968);
#2409=AXIS2_PLACEMENT_3D('',#3809,#2974,#2975);
#2410=AXIS2_PLACEMENT_3D('',#3810,#2976,#2977);
#2411=AXIS2_PLACEMENT_3D('',#3811,#2978,#2979);
#2412=AXIS2_PLACEMENT_3D('',#3813,#2980,#2981);
#2413=AXIS2_PLACEMENT_3D('',#3814,#2982,#2983);
#2414=AXIS2_PLACEMENT_3D('',#3816,#2984,#2985);
#2415=AXIS2_PLACEMENT_3D('',#3818,#2986,#2987);
#2416=AXIS2_PLACEMENT_3D('',#3820,#2989,#2990);
#2417=AXIS2_PLACEMENT_3D('',#3822,#2991,#2992);
#2418=AXIS2_PLACEMENT_3D('',#3823,#2993,#2994);
#2419=AXIS2_PLACEMENT_3D('',#3824,#2995,#2996);
#2420=AXIS2_PLACEMENT_3D('',#3826,#2997,#2998);
#2421=AXIS2_PLACEMENT_3D('',#3828,#3000,#3001);
#2422=AXIS2_PLACEMENT_3D('',#3829,#3002,#3003);
#2423=AXIS2_PLACEMENT_3D('',#3830,#3004,#3005);
#2424=AXIS2_PLACEMENT_3D('',#3831,#3006,#3007);
#2425=AXIS2_PLACEMENT_3D('',#3834,#3008,#3009);
#2426=AXIS2_PLACEMENT_3D('',#3841,#3014,#3015);
#2427=AXIS2_PLACEMENT_3D('',#3845,#3018,#3019);
#2428=AXIS2_PLACEMENT_3D('',#3848,#3021,#3022);
#2429=AXIS2_PLACEMENT_3D('',#3849,#3023,#3024);
#2430=AXIS2_PLACEMENT_3D('',#3853,#3027,#3028);
#2431=AXIS2_PLACEMENT_3D('',#3854,#3029,#3030);
#2432=AXIS2_PLACEMENT_3D('',#3856,#3031,#3032);
#2433=AXIS2_PLACEMENT_3D('',#3857,#3033,#3034);
#2434=AXIS2_PLACEMENT_3D('',#3858,#3035,#3036);
#2435=AXIS2_PLACEMENT_3D('',#3859,#3037,#3038);
#2436=AXIS2_PLACEMENT_3D('',#3860,#3039,#3040);
#2437=AXIS2_PLACEMENT_3D('',#3863,#3042,#3043);
#2438=AXIS2_PLACEMENT_3D('',#3864,#3044,#3045);
#2439=AXIS2_PLACEMENT_3D('',#3870,#3049,#3050);
#2440=AXIS2_PLACEMENT_3D('',#3872,#3051,#3052);
#2441=AXIS2_PLACEMENT_3D('',#3874,#3054,#3055);
#2442=AXIS2_PLACEMENT_3D('',#3878,#3058,#3059);
#2443=AXIS2_PLACEMENT_3D('',#3882,#3062,#3063);
#2444=AXIS2_PLACEMENT_3D('',#3884,#3065,#3066);
#2445=AXIS2_PLACEMENT_3D('',#3888,#3069,#3070);
#2446=AXIS2_PLACEMENT_3D('',#3892,#3073,#3074);
#2447=AXIS2_PLACEMENT_3D('',#3894,#3075,#3076);
#2448=AXIS2_PLACEMENT_3D('',#3896,#3078,#3079);
#2449=AXIS2_PLACEMENT_3D('',#3900,#3082,#3083);
#2450=AXIS2_PLACEMENT_3D('',#3901,#3084,#3085);
#2451=AXIS2_PLACEMENT_3D('',#3902,#3086,#3087);
#2452=AXIS2_PLACEMENT_3D('',#3906,#3090,#3091);
#2453=AXIS2_PLACEMENT_3D('',#3908,#3092,#3093);
#2454=AXIS2_PLACEMENT_3D('',#3910,#3095,#3096);
#2455=AXIS2_PLACEMENT_3D('',#3911,#3097,#3098);
#2456=AXIS2_PLACEMENT_3D('',#3912,#3099,#3100);
#2457=AXIS2_PLACEMENT_3D('',#3913,#3101,#3102);
#2458=AXIS2_PLACEMENT_3D('',#3914,#3103,#3104);
#2459=AXIS2_PLACEMENT_3D('',#3915,#3105,#3106);
#2460=DIRECTION('axis',(0.,0.,1.));
#2461=DIRECTION('refdir',(1.,0.,0.));
#2462=DIRECTION('axis',(0.,0.,1.));
#2463=DIRECTION('refdir',(1.,0.,0.));
#2464=DIRECTION('center_axis',(-1.,-2.77444778244991E-17,0.));
#2465=DIRECTION('ref_axis',(-2.77444778244991E-17,1.,0.));
#2466=DIRECTION('',(-2.77444778244991E-17,1.,0.));
#2467=DIRECTION('',(0.,0.,-1.));
#2468=DIRECTION('',(-2.77444778244991E-17,1.,0.));
#2469=DIRECTION('',(0.,0.,-1.));
#2470=DIRECTION('center_axis',(1.,0.,0.));
#2471=DIRECTION('ref_axis',(0.,-1.,0.));
#2472=DIRECTION('',(0.,-1.,0.));
#2473=DIRECTION('',(0.,0.,-1.));
#2474=DIRECTION('',(0.,-1.,0.));
#2475=DIRECTION('',(0.,0.,-1.));
#2476=DIRECTION('center_axis',(0.,0.,-1.));
#2477=DIRECTION('ref_axis',(-1.,0.,0.));
#2478=DIRECTION('',(1.,0.,0.));
#2479=DIRECTION('',(-1.,0.,0.));
#2480=DIRECTION('center_axis',(0.,0.,1.));
#2481=DIRECTION('ref_axis',(1.,0.,0.));
#2482=DIRECTION('center_axis',(0.,0.,1.));
#2483=DIRECTION('ref_axis',(1.,0.,0.));
#2484=DIRECTION('',(1.,0.,0.));
#2485=DIRECTION('center_axis',(0.,0.,-1.));
#2486=DIRECTION('ref_axis',(1.,0.,0.));
#2487=DIRECTION('',(-1.,0.,0.));
#2488=DIRECTION('center_axis',(0.,0.,-1.));
#2489=DIRECTION('ref_axis',(1.,0.,0.));
#2490=DIRECTION('center_axis',(0.,0.,-1.));
#2491=DIRECTION('ref_axis',(1.,0.,0.));
#2492=DIRECTION('',(0.,0.,-1.));
#2493=DIRECTION('center_axis',(0.,0.,-1.));
#2494=DIRECTION('ref_axis',(1.,0.,0.));
#2495=DIRECTION('',(0.,0.,-1.));
#2496=DIRECTION('center_axis',(0.,1.,0.));
#2497=DIRECTION('ref_axis',(1.,0.,0.));
#2498=DIRECTION('',(1.,0.,0.));
#2499=DIRECTION('',(0.,0.,-1.));
#2500=DIRECTION('',(1.,0.,0.));
#2501=DIRECTION('center_axis',(0.,0.,-1.));
#2502=DIRECTION('ref_axis',(-1.,-1.22464679914735E-16,0.));
#2503=DIRECTION('center_axis',(0.,0.,-1.));
#2504=DIRECTION('ref_axis',(1.,0.,0.));
#2505=DIRECTION('',(0.,0.,-1.));
#2506=DIRECTION('center_axis',(0.,0.,-1.));
#2507=DIRECTION('ref_axis',(1.,0.,0.));
#2508=DIRECTION('center_axis',(0.,-1.,0.));
#2509=DIRECTION('ref_axis',(-1.,0.,0.));
#2510=DIRECTION('',(-1.,0.,0.));
#2511=DIRECTION('',(-1.,0.,0.));
#2512=DIRECTION('center_axis',(0.,0.,1.));
#2513=DIRECTION('ref_axis',(1.,0.,0.));
#2514=DIRECTION('center_axis',(0.,0.,1.));
#2515=DIRECTION('ref_axis',(1.,0.,0.));
#2516=DIRECTION('center_axis',(0.,0.,-1.));
#2517=DIRECTION('ref_axis',(1.,0.,0.));
#2518=DIRECTION('center_axis',(0.,0.,-1.));
#2519=DIRECTION('ref_axis',(-1.,0.,0.));
#2520=DIRECTION('center_axis',(0.,0.,1.));
#2521=DIRECTION('ref_axis',(1.,0.,0.));
#2522=DIRECTION('',(0.766044443118977,0.642787609686541,0.));
#2523=DIRECTION('',(0.342020143325669,0.939692620785908,0.));
#2524=DIRECTION('',(-0.173648177666929,0.984807753012208,0.));
#2525=DIRECTION('center_axis',(0.,0.,1.));
#2526=DIRECTION('ref_axis',(1.,0.,0.));
#2527=DIRECTION('center_axis',(0.,0.,-1.));
#2528=DIRECTION('ref_axis',(-1.,0.,0.));
#2529=DIRECTION('center_axis',(0.,0.,1.));
#2530=DIRECTION('ref_axis',(1.,0.,0.));
#2531=DIRECTION('',(-0.173648177666929,0.984807753012208,0.));
#2532=DIRECTION('',(-0.642787609686538,0.766044443118979,0.));
#2533=DIRECTION('',(-0.939692620785908,0.342020143325669,0.));
#2534=DIRECTION('center_axis',(0.,0.,-1.));
#2535=DIRECTION('ref_axis',(-1.,0.,0.));
#2536=DIRECTION('center_axis',(0.,0.,1.));
#2537=DIRECTION('ref_axis',(1.,0.,0.));
#2538=DIRECTION('',(-0.939692620785908,0.342020143325669,0.));
#2539=DIRECTION('',(-0.987688340595138,-0.156434465040227,0.));
#2540=DIRECTION('',(-0.766044443118975,-0.642787609686543,0.));
#2541=DIRECTION('center_axis',(0.,0.,-1.));
#2542=DIRECTION('ref_axis',(-1.,0.,0.));
#2543=DIRECTION('center_axis',(0.,0.,1.));
#2544=DIRECTION('ref_axis',(1.,0.,0.));
#2545=DIRECTION('',(-0.766044443118975,-0.642787609686543,0.));
#2546=DIRECTION('',(-0.34202014332567,-0.939692620785908,0.));
#2547=DIRECTION('',(0.173648177666931,-0.984807753012208,0.));
#2548=DIRECTION('center_axis',(0.,0.,-1.));
#2549=DIRECTION('ref_axis',(-1.,0.,0.));
#2550=DIRECTION('center_axis',(0.,0.,1.));
#2551=DIRECTION('ref_axis',(1.,0.,0.));
#2552=DIRECTION('',(0.173648177666931,-0.984807753012208,0.));
#2553=DIRECTION('',(0.64278760968654,-0.766044443118977,0.));
#2554=DIRECTION('',(0.93969262078591,-0.342020143325664,0.));
#2555=DIRECTION('center_axis',(-0.342020143325669,-0.939692620785908,0.));
#2556=DIRECTION('ref_axis',(-0.939692620785908,0.342020143325669,0.));
#2557=DIRECTION('',(0.,0.,-1.));
#2558=DIRECTION('',(-0.939692620785908,0.342020143325669,0.));
#2559=DIRECTION('center_axis',(-0.342020143325669,-0.939692620785908,0.));
#2560=DIRECTION('ref_axis',(-0.939692620785908,0.342020143325669,0.));
#2561=DIRECTION('',(-0.939692620785908,0.342020143325669,0.));
#2562=DIRECTION('',(0.,0.,1.));
#2563=DIRECTION('center_axis',(0.,0.,1.));
#2564=DIRECTION('ref_axis',(1.,0.,0.));
#2565=DIRECTION('center_axis',(0.,0.,1.));
#2566=DIRECTION('ref_axis',(1.,0.,0.));
#2567=DIRECTION('',(-0.642787609686538,0.766044443118979,0.));
#2568=DIRECTION('center_axis',(0.,0.,-1.));
#2569=DIRECTION('ref_axis',(1.,0.,0.));
#2570=DIRECTION('',(-0.987688340595138,-0.156434465040227,0.));
#2571=DIRECTION('center_axis',(0.342020143325664,0.93969262078591,0.));
#2572=DIRECTION('ref_axis',(0.93969262078591,-0.342020143325664,0.));
#2573=DIRECTION('',(0.,0.,-1.));
#2574=DIRECTION('',(0.93969262078591,-0.342020143325664,0.));
#2575=DIRECTION('center_axis',(0.342020143325664,0.93969262078591,0.));
#2576=DIRECTION('ref_axis',(0.93969262078591,-0.342020143325664,0.));
#2577=DIRECTION('',(0.93969262078591,-0.342020143325664,0.));
#2578=DIRECTION('',(0.,0.,1.));
#2579=DIRECTION('',(0.93969262078591,-0.342020143325664,0.));
#2580=DIRECTION('center_axis',(0.,0.,1.));
#2581=DIRECTION('ref_axis',(1.,0.,0.));
#2582=DIRECTION('center_axis',(0.,0.,1.));
#2583=DIRECTION('ref_axis',(1.,0.,0.));
#2584=DIRECTION('',(0.64278760968654,-0.766044443118977,0.));
#2585=DIRECTION('center_axis',(0.,0.,-1.));
#2586=DIRECTION('ref_axis',(1.,0.,0.));
#2587=DIRECTION('',(0.987688340595138,0.156434465040231,0.));
#2588=DIRECTION('center_axis',(-0.984807753012208,-0.173648177666929,0.));
#2589=DIRECTION('ref_axis',(-0.173648177666929,0.984807753012208,0.));
#2590=DIRECTION('',(0.,0.,-1.));
#2591=DIRECTION('',(-0.173648177666929,0.984807753012208,0.));
#2592=DIRECTION('center_axis',(-0.984807753012208,-0.173648177666929,0.));
#2593=DIRECTION('ref_axis',(-0.173648177666929,0.984807753012208,0.));
#2594=DIRECTION('',(-0.173648177666929,0.984807753012208,0.));
#2595=DIRECTION('',(0.,0.,1.));
#2596=DIRECTION('center_axis',(0.,0.,1.));
#2597=DIRECTION('ref_axis',(1.,0.,0.));
#2598=DIRECTION('center_axis',(0.,0.,1.));
#2599=DIRECTION('ref_axis',(1.,0.,0.));
#2600=DIRECTION('',(0.342020143325669,0.939692620785908,0.));
#2601=DIRECTION('center_axis',(0.,0.,-1.));
#2602=DIRECTION('ref_axis',(1.,0.,0.));
#2603=DIRECTION('',(-0.642787609686538,0.766044443118979,0.));
#2604=DIRECTION('center_axis',(0.984807753012208,0.173648177666931,0.));
#2605=DIRECTION('ref_axis',(0.173648177666931,-0.984807753012208,0.));
#2606=DIRECTION('',(0.,0.,-1.));
#2607=DIRECTION('',(0.173648177666931,-0.984807753012208,0.));
#2608=DIRECTION('center_axis',(0.984807753012208,0.173648177666931,0.));
#2609=DIRECTION('ref_axis',(0.173648177666931,-0.984807753012208,0.));
#2610=DIRECTION('',(0.173648177666931,-0.984807753012208,0.));
#2611=DIRECTION('',(0.,0.,1.));
#2612=DIRECTION('center_axis',(0.,0.,1.));
#2613=DIRECTION('ref_axis',(1.,0.,0.));
#2614=DIRECTION('center_axis',(0.,0.,1.));
#2615=DIRECTION('ref_axis',(1.,0.,0.));
#2616=DIRECTION('',(-0.34202014332567,-0.939692620785908,0.));
#2617=DIRECTION('center_axis',(0.,0.,-1.));
#2618=DIRECTION('ref_axis',(1.,0.,0.));
#2619=DIRECTION('',(0.64278760968654,-0.766044443118977,0.));
#2620=DIRECTION('center_axis',(0.642787609686543,-0.766044443118975,0.));
#2621=DIRECTION('ref_axis',(-0.766044443118975,-0.642787609686543,0.));
#2622=DIRECTION('',(0.,0.,-1.));
#2623=DIRECTION('',(-0.766044443118975,-0.642787609686543,0.));
#2624=DIRECTION('center_axis',(0.642787609686543,-0.766044443118975,0.));
#2625=DIRECTION('ref_axis',(-0.766044443118975,-0.642787609686543,0.));
#2626=DIRECTION('',(-0.766044443118975,-0.642787609686543,0.));
#2627=DIRECTION('',(0.,0.,-1.));
#2628=DIRECTION('center_axis',(0.,0.,1.));
#2629=DIRECTION('ref_axis',(1.,0.,0.));
#2630=DIRECTION('center_axis',(0.,0.,1.));
#2631=DIRECTION('ref_axis',(1.,0.,0.));
#2632=DIRECTION('',(-0.987688340595138,-0.156434465040227,0.));
#2633=DIRECTION('center_axis',(0.,0.,-1.));
#2634=DIRECTION('ref_axis',(1.,0.,0.));
#2635=DIRECTION('',(-0.34202014332567,-0.939692620785908,0.));
#2636=DIRECTION('center_axis',(-0.642787609686541,0.766044443118977,0.));
#2637=DIRECTION('ref_axis',(0.766044443118977,0.642787609686541,0.));
#2638=DIRECTION('',(0.766044443118977,0.642787609686541,0.));
#2639=DIRECTION('',(0.,0.,-1.));
#2640=DIRECTION('',(0.766044443118977,0.642787609686541,0.));
#2641=DIRECTION('center_axis',(-0.642787609686541,0.766044443118977,0.));
#2642=DIRECTION('ref_axis',(0.766044443118977,0.642787609686541,0.));
#2643=DIRECTION('',(0.766044443118977,0.642787609686541,0.));
#2644=DIRECTION('',(0.,0.,-1.));
#2645=DIRECTION('center_axis',(0.,0.,1.));
#2646=DIRECTION('ref_axis',(1.,0.,0.));
#2647=DIRECTION('center_axis',(0.,0.,1.));
#2648=DIRECTION('ref_axis',(1.,0.,0.));
#2649=DIRECTION('',(0.987688340595138,0.156434465040231,0.));
#2650=DIRECTION('center_axis',(0.,0.,-1.));
#2651=DIRECTION('ref_axis',(1.,0.,0.));
#2652=DIRECTION('',(0.342020143325669,0.939692620785908,0.));
#2653=DIRECTION('center_axis',(0.,0.,-1.));
#2654=DIRECTION('ref_axis',(-1.,0.,0.));
#2655=DIRECTION('center_axis',(0.,0.,1.));
#2656=DIRECTION('ref_axis',(1.,0.,0.));
#2657=DIRECTION('',(0.987688340595138,0.156434465040231,0.));
#2658=DIRECTION('center_axis',(-0.766044443118979,-0.642787609686538,0.));
#2659=DIRECTION('ref_axis',(-0.642787609686538,0.766044443118979,0.));
#2660=DIRECTION('',(-0.642787609686538,0.766044443118979,0.));
#2661=DIRECTION('',(0.,0.,1.));
#2662=DIRECTION('',(0.,0.,-1.));
#2663=DIRECTION('',(-0.642787609686538,0.766044443118979,0.));
#2664=DIRECTION('center_axis',(-0.939692620785908,0.342020143325669,0.));
#2665=DIRECTION('ref_axis',(0.342020143325669,0.939692620785908,0.));
#2666=DIRECTION('',(0.342020143325669,0.939692620785908,0.));
#2667=DIRECTION('',(0.,0.,1.));
#2668=DIRECTION('',(0.,0.,-1.));
#2669=DIRECTION('',(0.342020143325669,0.939692620785908,0.));
#2670=DIRECTION('center_axis',(-0.156434465040231,0.987688340595138,0.));
#2671=DIRECTION('ref_axis',(0.987688340595138,0.156434465040231,0.));
#2672=DIRECTION('',(0.,0.,-1.));
#2673=DIRECTION('',(0.987688340595138,0.156434465040231,0.));
#2674=DIRECTION('',(0.,0.,-1.));
#2675=DIRECTION('center_axis',(0.766044443118977,0.64278760968654,0.));
#2676=DIRECTION('ref_axis',(0.64278760968654,-0.766044443118977,0.));
#2677=DIRECTION('',(0.64278760968654,-0.766044443118977,0.));
#2678=DIRECTION('',(0.,0.,1.));
#2679=DIRECTION('',(0.,0.,-1.));
#2680=DIRECTION('',(0.64278760968654,-0.766044443118977,0.));
#2681=DIRECTION('center_axis',(0.939692620785908,-0.34202014332567,0.));
#2682=DIRECTION('ref_axis',(-0.34202014332567,-0.939692620785908,0.));
#2683=DIRECTION('',(-0.34202014332567,-0.939692620785908,0.));
#2684=DIRECTION('',(0.,0.,1.));
#2685=DIRECTION('',(0.,0.,-1.));
#2686=DIRECTION('',(-0.34202014332567,-0.939692620785908,0.));
#2687=DIRECTION('center_axis',(0.,0.,-1.));
#2688=DIRECTION('ref_axis',(1.,0.,0.));
#2689=DIRECTION('center_axis',(0.,1.0845754990977E-16,1.));
#2690=DIRECTION('ref_axis',(0.,-1.,1.0845754990977E-16));
#2691=DIRECTION('center_axis',(0.,0.,-1.));
#2692=DIRECTION('ref_axis',(1.,0.,0.));
#2693=DIRECTION('center_axis',(0.,1.0845754990977E-16,1.));
#2694=DIRECTION('ref_axis',(0.,-1.,1.0845754990977E-16));
#2695=DIRECTION('center_axis',(0.,0.,-1.));
#2696=DIRECTION('ref_axis',(1.,0.,0.));
#2697=DIRECTION('center_axis',(0.,1.0845754990977E-16,1.));
#2698=DIRECTION('ref_axis',(0.,-1.,1.0845754990977E-16));
#2699=DIRECTION('center_axis',(0.,0.,-1.));
#2700=DIRECTION('ref_axis',(1.,0.,0.));
#2701=DIRECTION('center_axis',(0.,1.0845754990977E-16,1.));
#2702=DIRECTION('ref_axis',(0.,-1.,1.0845754990977E-16));
#2703=DIRECTION('',(0.,0.,-1.));
#2704=DIRECTION('center_axis',(0.,0.,-1.));
#2705=DIRECTION('ref_axis',(1.,0.,0.));
#2706=DIRECTION('center_axis',(0.,1.0845754990977E-16,1.));
#2707=DIRECTION('ref_axis',(0.,-1.,1.0845754990977E-16));
#2708=DIRECTION('center_axis',(0.,0.,-1.));
#2709=DIRECTION('ref_axis',(1.,0.,0.));
#2710=DIRECTION('',(0.,0.,-1.));
#2711=DIRECTION('center_axis',(0.,1.0845754990977E-16,1.));
#2712=DIRECTION('ref_axis',(0.,-1.,1.0845754990977E-16));
#2713=DIRECTION('center_axis',(0.156434465040227,-0.987688340595138,0.));
#2714=DIRECTION('ref_axis',(-0.987688340595138,-0.156434465040227,0.));
#2715=DIRECTION('',(-0.987688340595138,-0.156434465040227,0.));
#2716=DIRECTION('center_axis',(0.,0.,-1.));
#2717=DIRECTION('ref_axis',(-1.,0.,0.));
#2718=DIRECTION('',(-0.707106781186549,-0.707106781186546,0.));
#2719=DIRECTION('',(0.,-1.,0.));
#2720=DIRECTION('',(0.707106781186548,-0.707106781186548,0.));
#2721=DIRECTION('',(1.,0.,0.));
#2722=DIRECTION('',(0.707106781186549,0.707106781186546,0.));
#2723=DIRECTION('',(0.,1.,0.));
#2724=DIRECTION('',(-0.707106781186548,0.707106781186548,0.));
#2725=DIRECTION('',(-1.,0.,0.));
#2726=DIRECTION('center_axis',(0.,0.,-1.));
#2727=DIRECTION('ref_axis',(1.,0.,0.));
#2728=DIRECTION('center_axis',(-1.,0.,0.));
#2729=DIRECTION('ref_axis',(0.,1.,0.));
#2730=DIRECTION('',(0.,0.,-1.));
#2731=DIRECTION('',(0.,1.,0.));
#2732=DIRECTION('',(0.,0.,-1.));
#2733=DIRECTION('',(0.,1.,0.));
#2734=DIRECTION('',(0.,0.,1.));
#2735=DIRECTION('',(0.,1.,0.));
#2736=DIRECTION('',(0.,0.,-1.));
#2737=DIRECTION('center_axis',(-0.707106781186546,0.707106781186549,0.));
#2738=DIRECTION('ref_axis',(0.707106781186549,0.707106781186546,0.));
#2739=DIRECTION('',(0.,0.,-1.));
#2740=DIRECTION('',(0.707106781186549,0.707106781186546,0.));
#2741=DIRECTION('center_axis',(0.,1.,0.));
#2742=DIRECTION('ref_axis',(1.,0.,0.));
#2743=DIRECTION('',(0.,0.,1.));
#2744=DIRECTION('',(1.,0.,0.));
#2745=DIRECTION('',(0.,0.,-1.));
#2746=DIRECTION('',(1.,0.,0.));
#2747=DIRECTION('',(0.,0.,-1.));
#2748=DIRECTION('',(1.,0.,0.));
#2749=DIRECTION('center_axis',(0.707106781186548,0.707106781186548,0.));
#2750=DIRECTION('ref_axis',(0.707106781186548,-0.707106781186548,0.));
#2751=DIRECTION('',(0.,0.,-1.));
#2752=DIRECTION('',(0.707106781186548,-0.707106781186548,0.));
#2753=DIRECTION('center_axis',(0.,0.,1.));
#2754=DIRECTION('ref_axis',(1.,0.,0.));
#2755=DIRECTION('',(0.,-1.,0.));
#2756=DIRECTION('center_axis',(0.,0.,-1.));
#2757=DIRECTION('ref_axis',(1.,0.,0.));
#2758=DIRECTION('center_axis',(1.,0.,0.));
#2759=DIRECTION('ref_axis',(0.,-1.,0.));
#2760=DIRECTION('',(0.,0.,-1.));
#2761=DIRECTION('',(0.,-1.,0.));
#2762=DIRECTION('',(0.,0.,-1.));
#2763=DIRECTION('',(0.,-1.,0.));
#2764=DIRECTION('',(0.,0.,1.));
#2765=DIRECTION('center_axis',(0.,0.,1.));
#2766=DIRECTION('ref_axis',(1.,0.,0.));
#2767=DIRECTION('',(-0.707106781186548,0.707106781186548,0.));
#2768=DIRECTION('center_axis',(0.,0.,-1.));
#2769=DIRECTION('ref_axis',(1.,0.,0.));
#2770=DIRECTION('',(-1.,0.,0.));
#2771=DIRECTION('center_axis',(-0.707106781186548,-0.707106781186548,0.));
#2772=DIRECTION('ref_axis',(-0.707106781186548,0.707106781186548,0.));
#2773=DIRECTION('',(0.,0.,1.));
#2774=DIRECTION('center_axis',(0.707106781186546,-0.707106781186549,0.));
#2775=DIRECTION('ref_axis',(-0.707106781186549,-0.707106781186546,0.));
#2776=DIRECTION('',(0.,0.,-1.));
#2777=DIRECTION('',(-0.707106781186549,-0.707106781186546,0.));
#2778=DIRECTION('center_axis',(0.,0.,1.));
#2779=DIRECTION('ref_axis',(1.,0.,0.));
#2780=DIRECTION('',(-1.,0.,0.));
#2781=DIRECTION('center_axis',(0.,0.,-1.));
#2782=DIRECTION('ref_axis',(1.,0.,0.));
#2783=DIRECTION('center_axis',(0.,0.,1.));
#2784=DIRECTION('ref_axis',(1.,0.,0.));
#2785=DIRECTION('',(0.,0.,-1.));
#2786=DIRECTION('center_axis',(0.,0.,-1.));
#2787=DIRECTION('ref_axis',(1.,0.,0.));
#2788=DIRECTION('center_axis',(0.,0.,1.));
#2789=DIRECTION('ref_axis',(1.,0.,0.));
#2790=DIRECTION('center_axis',(0.,0.,-1.));
#2791=DIRECTION('ref_axis',(1.,0.,0.));
#2792=DIRECTION('center_axis',(0.,0.,-1.));
#2793=DIRECTION('ref_axis',(1.,0.,0.));
#2794=DIRECTION('',(0.,0.,-1.));
#2795=DIRECTION('center_axis',(0.,0.,1.));
#2796=DIRECTION('ref_axis',(1.,0.,0.));
#2797=DIRECTION('center_axis',(0.,-1.,0.));
#2798=DIRECTION('ref_axis',(-1.,0.,0.));
#2799=DIRECTION('',(0.,0.,-1.));
#2800=DIRECTION('',(-1.,0.,0.));
#2801=DIRECTION('center_axis',(0.,0.,-1.));
#2802=DIRECTION('ref_axis',(1.,0.,0.));
#2803=DIRECTION('center_axis',(0.,0.,1.));
#2804=DIRECTION('ref_axis',(1.,0.,0.));
#2805=DIRECTION('center_axis',(0.,0.,-1.));
#2806=DIRECTION('ref_axis',(1.,0.,0.));
#2807=DIRECTION('center_axis',(0.,0.,1.));
#2808=DIRECTION('ref_axis',(1.,0.,0.));
#2809=DIRECTION('center_axis',(0.,0.,-1.));
#2810=DIRECTION('ref_axis',(1.,0.,0.));
#2811=DIRECTION('center_axis',(0.,0.,1.));
#2812=DIRECTION('ref_axis',(1.,0.,0.));
#2813=DIRECTION('center_axis',(0.,1.0845754990977E-16,1.));
#2814=DIRECTION('ref_axis',(0.,-1.,1.0845754990977E-16));
#2815=DIRECTION('center_axis',(0.,1.0845754990977E-16,1.));
#2816=DIRECTION('ref_axis',(0.,-1.,1.0845754990977E-16));
#2817=DIRECTION('center_axis',(0.,1.0845754990977E-16,1.));
#2818=DIRECTION('ref_axis',(0.,-1.,1.0845754990977E-16));
#2819=DIRECTION('center_axis',(0.,1.0845754990977E-16,1.));
#2820=DIRECTION('ref_axis',(0.,-1.,1.0845754990977E-16));
#2821=DIRECTION('center_axis',(0.,1.0845754990977E-16,1.));
#2822=DIRECTION('ref_axis',(0.,-1.,1.0845754990977E-16));
#2823=DIRECTION('',(-1.70987394614522E-18,0.0139621803391452,0.999902524009304));
#2824=DIRECTION('center_axis',(0.,0.,-1.));
#2825=DIRECTION('ref_axis',(1.,0.,0.));
#2826=DIRECTION('center_axis',(0.,1.0845754990977E-16,1.));
#2827=DIRECTION('ref_axis',(0.,-1.,1.0845754990977E-16));
#2828=DIRECTION('center_axis',(0.,1.0845754990977E-16,1.));
#2829=DIRECTION('ref_axis',(0.,-1.,1.0845754990977E-16));
#2830=DIRECTION('center_axis',(0.,1.0845754990977E-16,1.));
#2831=DIRECTION('ref_axis',(0.,-1.,1.0845754990977E-16));
#2832=DIRECTION('center_axis',(0.,0.,1.));
#2833=DIRECTION('ref_axis',(-1.,0.,0.));
#2834=DIRECTION('center_axis',(0.,0.,1.));
#2835=DIRECTION('ref_axis',(1.,0.,0.));
#2836=DIRECTION('center_axis',(0.,0.,1.));
#2837=DIRECTION('ref_axis',(1.,0.,0.));
#2838=DIRECTION('center_axis',(0.,0.,1.));
#2839=DIRECTION('ref_axis',(1.,0.,0.));
#2840=DIRECTION('center_axis',(0.,0.,1.));
#2841=DIRECTION('ref_axis',(1.,0.,0.));
#2842=DIRECTION('center_axis',(0.,0.,1.));
#2843=DIRECTION('ref_axis',(1.,0.,0.));
#2844=DIRECTION('center_axis',(0.,0.,1.));
#2845=DIRECTION('ref_axis',(1.,0.,0.));
#2846=DIRECTION('center_axis',(0.,0.,1.));
#2847=DIRECTION('ref_axis',(1.,0.,0.));
#2848=DIRECTION('center_axis',(0.,0.,1.));
#2849=DIRECTION('ref_axis',(1.,0.,0.));
#2850=DIRECTION('center_axis',(0.,0.,1.));
#2851=DIRECTION('ref_axis',(1.,0.,0.));
#2852=DIRECTION('center_axis',(0.,0.,1.));
#2853=DIRECTION('ref_axis',(1.,0.,0.));
#2854=DIRECTION('center_axis',(0.,0.,-1.));
#2855=DIRECTION('ref_axis',(1.,0.,0.));
#2856=DIRECTION('center_axis',(0.,0.,1.));
#2857=DIRECTION('ref_axis',(1.,0.,0.));
#2858=DIRECTION('center_axis',(0.,0.,-1.));
#2859=DIRECTION('ref_axis',(1.,0.,0.));
#2860=DIRECTION('center_axis',(0.,0.,1.));
#2861=DIRECTION('ref_axis',(1.,0.,0.));
#2862=DIRECTION('center_axis',(0.,0.,1.));
#2863=DIRECTION('ref_axis',(1.,0.,0.));
#2864=DIRECTION('center_axis',(0.,0.,-1.));
#2865=DIRECTION('ref_axis',(1.,0.,0.));
#2866=DIRECTION('center_axis',(0.,0.,1.));
#2867=DIRECTION('ref_axis',(1.,0.,0.));
#2868=DIRECTION('center_axis',(0.,0.,1.));
#2869=DIRECTION('ref_axis',(1.,0.,0.));
#2870=DIRECTION('center_axis',(0.,0.,1.));
#2871=DIRECTION('ref_axis',(1.,0.,0.));
#2872=DIRECTION('center_axis',(0.,0.,1.));
#2873=DIRECTION('ref_axis',(1.,0.,0.));
#2874=DIRECTION('center_axis',(0.,0.,1.));
#2875=DIRECTION('ref_axis',(1.,0.,0.));
#2876=DIRECTION('',(-0.0174524064372841,-2.13730336808386E-18,0.999847695156391));
#2877=DIRECTION('center_axis',(0.,0.,1.));
#2878=DIRECTION('ref_axis',(1.,0.,0.));
#2879=DIRECTION('',(0.,-1.,0.));
#2880=DIRECTION('center_axis',(0.,0.,1.));
#2881=DIRECTION('ref_axis',(-1.,0.,0.));
#2882=DIRECTION('',(0.70710678118655,-0.707106781186545,0.));
#2883=DIRECTION('center_axis',(0.,0.,1.));
#2884=DIRECTION('ref_axis',(-1.,0.,0.));
#2885=DIRECTION('',(1.,0.,0.));
#2886=DIRECTION('',(0.,1.,0.));
#2887=DIRECTION('center_axis',(2.65506758255547E-15,-1.27545321066703E-15,
1.));
#2888=DIRECTION('ref_axis',(1.,1.19146788948042E-31,-2.65506758255547E-15));
#2889=DIRECTION('',(-0.734338741220939,0.678783185665383,0.));
#2890=DIRECTION('center_axis',(-1.77675061894459E-16,-1.62720714476129E-15,
1.));
#2891=DIRECTION('ref_axis',(1.26317037231201E-32,-1.,-1.62720714476129E-15));
#2892=DIRECTION('',(-0.863521192871464,-0.504312551362588,0.));
#2893=DIRECTION('',(0.,-1.,0.));
#2894=DIRECTION('',(0.999847695156391,-0.0174524064372853,0.));
#2895=DIRECTION('center_axis',(0.,0.,1.));
#2896=DIRECTION('ref_axis',(1.,0.,0.));
#2897=DIRECTION('center_axis',(0.,0.,1.));
#2898=DIRECTION('ref_axis',(1.,0.,0.));
#2899=DIRECTION('center_axis',(0.,0.,-1.));
#2900=DIRECTION('ref_axis',(1.,0.,0.));
#2901=DIRECTION('center_axis',(0.,0.,1.));
#2902=DIRECTION('ref_axis',(1.,0.,0.));
#2903=DIRECTION('center_axis',(0.,0.,-1.));
#2904=DIRECTION('ref_axis',(1.,0.,0.));
#2905=DIRECTION('',(-0.0174524064370358,-2.13730336805346E-18,0.999847695156395));
#2906=DIRECTION('center_axis',(0.,-1.,0.));
#2907=DIRECTION('ref_axis',(-1.,8.65233629622409E-16,0.));
#2908=DIRECTION('center_axis',(1.85874332927944E-15,1.,1.93619096799942E-17));
#2909=DIRECTION('ref_axis',(-1.,1.85874332927944E-15,0.));
#2910=DIRECTION('center_axis',(1.85874332927944E-15,1.,1.93619096799942E-17));
#2911=DIRECTION('ref_axis',(-1.,1.85874332927944E-15,0.));
#2912=DIRECTION('',(0.713250449154345,-0.700909264299685,-8.7347987954728E-17));
#2913=DIRECTION('center_axis',(-1.63286239886314E-17,-1.,0.));
#2914=DIRECTION('ref_axis',(-1.,1.63286239886313E-17,0.));
#2915=DIRECTION('center_axis',(-1.88907433389646E-15,-1.,0.));
#2916=DIRECTION('ref_axis',(1.,-1.88907433389646E-15,0.));
#2917=DIRECTION('',(-0.0174524064377841,-0.999847695156382,-2.13730336814487E-18));
#2918=DIRECTION('center_axis',(1.63286239886314E-17,1.,0.));
#2919=DIRECTION('ref_axis',(-1.,1.63286239886314E-17,0.));
#2920=DIRECTION('',(0.,0.,1.));
#2921=DIRECTION('',(-1.,1.63286239886314E-17,0.));
#2922=DIRECTION('',(0.0174524064372834,-2.84973782411173E-19,-0.999847695156391));
#2923=DIRECTION('center_axis',(-2.16840434497101E-16,1.,0.));
#2924=DIRECTION('ref_axis',(-1.,-2.16840434497101E-16,0.));
#2925=DIRECTION('',(-0.700915780822575,-0.71317688573276,0.0097876376312841));
#2926=DIRECTION('center_axis',(-6.30409638448338E-17,0.999902524009304,
-0.0139621803391453));
#2927=DIRECTION('ref_axis',(0.,0.0139621803391453,0.999902524009304));
#2928=DIRECTION('',(0.0039429233188908,-0.0139620718061978,-0.999894751414657));
#2929=DIRECTION('',(-1.,-6.30471094242855E-17,0.));
#2930=DIRECTION('',(-0.01745070576476,0.0139600542459049,0.99975026369277));
#2931=DIRECTION('',(1.,0.,0.));
#2932=DIRECTION('center_axis',(-1.,0.,0.));
#2933=DIRECTION('ref_axis',(0.,0.,1.));
#2934=DIRECTION('center_axis',(1.,-1.15648231731787E-16,0.));
#2935=DIRECTION('ref_axis',(0.,0.,1.));
#2936=DIRECTION('',(-0.707106781186542,8.659560562355E-17,-0.707106781186553));
#2937=DIRECTION('center_axis',(-1.,1.15648231731787E-16,0.));
#2938=DIRECTION('ref_axis',(0.,0.,1.));
#2939=DIRECTION('center_axis',(-1.,0.,0.));
#2940=DIRECTION('ref_axis',(0.,0.,1.));
#2941=DIRECTION('center_axis',(1.,0.,0.));
#2942=DIRECTION('ref_axis',(0.,0.,1.));
#2943=DIRECTION('',(-1.,0.,0.));
#2944=DIRECTION('center_axis',(1.,-1.15648231731787E-16,0.));
#2945=DIRECTION('ref_axis',(1.15648231731787E-16,1.,0.));
#2946=DIRECTION('',(0.,0.,1.));
#2947=DIRECTION('',(0.,1.,0.));
#2948=DIRECTION('',(2.04439122224451E-16,0.707106781186544,0.707106781186551));
#2949=DIRECTION('',(1.15648231731787E-16,1.,0.));
#2950=DIRECTION('',(0.,0.,-1.));
#2951=DIRECTION('center_axis',(0.,0.,1.));
#2952=DIRECTION('ref_axis',(1.,0.,0.));
#2953=DIRECTION('center_axis',(0.,0.,-1.));
#2954=DIRECTION('ref_axis',(1.,0.,0.));
#2955=DIRECTION('center_axis',(0.,0.,1.));
#2956=DIRECTION('ref_axis',(1.,0.,0.));
#2957=DIRECTION('center_axis',(0.,0.,1.));
#2958=DIRECTION('ref_axis',(1.,0.,0.));
#2959=DIRECTION('',(-0.017452406437553,-2.13730336811679E-18,0.999847695156386));
#2960=DIRECTION('center_axis',(0.,0.,1.));
#2961=DIRECTION('ref_axis',(1.,0.,0.));
#2962=DIRECTION('center_axis',(0.,0.,1.));
#2963=DIRECTION('ref_axis',(1.,0.,0.));
#2964=DIRECTION('',(0.,0.,1.));
#2965=DIRECTION('center_axis',(-1.,0.,0.));
#2966=DIRECTION('ref_axis',(0.,0.,1.));
#2967=DIRECTION('center_axis',(0.707106781186545,0.70710678118655,0.));
#2968=DIRECTION('ref_axis',(-0.70710678118655,0.707106781186545,0.));
#2969=DIRECTION('',(-0.70710678118655,0.707106781186545,0.));
#2970=DIRECTION('',(0.,0.,-1.));
#2971=DIRECTION('',(0.,0.,1.));
#2972=DIRECTION('',(-0.70710678118655,0.707106781186545,0.));
#2973=DIRECTION('',(-0.500000000000001,0.499999999999998,0.707106781186548));
#2974=DIRECTION('center_axis',(0.,0.,-1.));
#2975=DIRECTION('ref_axis',(-1.,0.,0.));
#2976=DIRECTION('center_axis',(0.,0.,1.));
#2977=DIRECTION('ref_axis',(-1.,0.,0.));
#2978=DIRECTION('center_axis',(0.,0.,-1.));
#2979=DIRECTION('ref_axis',(-1.,0.,0.));
#2980=DIRECTION('center_axis',(0.,0.,-1.));
#2981=DIRECTION('ref_axis',(-1.,0.,0.));
#2982=DIRECTION('center_axis',(-0.734338741220939,0.678783185665383,0.));
#2983=DIRECTION('ref_axis',(-0.678783185665383,-0.734338741220939,0.));
#2984=DIRECTION('center_axis',(-0.734338741220934,0.678783185665389,6.41112663406886E-14));
#2985=DIRECTION('ref_axis',(-0.678783185665389,-0.734338741220934,-5.99534287967969E-28));
#2986=DIRECTION('center_axis',(-0.734338741220939,0.678783185665383,0.));
#2987=DIRECTION('ref_axis',(-0.678783185665383,-0.734338741220939,0.));
#2988=DIRECTION('',(-0.734338741220939,0.678783185665383,0.));
#2989=DIRECTION('center_axis',(-1.77675061894459E-16,-1.62720714476129E-15,
1.));
#2990=DIRECTION('ref_axis',(0.108545046004482,0.994091531493899,1.55364017879455E-15));
#2991=DIRECTION('center_axis',(-0.863521192871465,-0.504312551362588,0.));
#2992=DIRECTION('ref_axis',(0.504312551362588,-0.863521192871465,0.));
#2993=DIRECTION('center_axis',(0.,0.,1.));
#2994=DIRECTION('ref_axis',(1.,0.,0.));
#2995=DIRECTION('center_axis',(-0.863521192871465,-0.504312551362588,0.));
#2996=DIRECTION('ref_axis',(0.504312551362588,-0.863521192871465,0.));
#2997=DIRECTION('center_axis',(1.,-1.36779631745251E-14,-3.87175157328178E-14));
#2998=DIRECTION('ref_axis',(1.36779631743769E-14,1.,-3.82709554620963E-12));
#2999=DIRECTION('',(-0.863521192871465,-0.504312551362588,0.));
#3000=DIRECTION('center_axis',(0.,0.,-1.));
#3001=DIRECTION('ref_axis',(-1.,0.,0.));
#3002=DIRECTION('center_axis',(0.,0.,1.));
#3003=DIRECTION('ref_axis',(-1.,0.,0.));
#3004=DIRECTION('center_axis',(0.,0.,1.));
#3005=DIRECTION('ref_axis',(1.,0.,0.));
#3006=DIRECTION('center_axis',(0.,0.,1.));
#3007=DIRECTION('ref_axis',(1.,0.,0.));
#3008=DIRECTION('center_axis',(0.,0.,-1.));
#3009=DIRECTION('ref_axis',(0.923879532513561,0.382683432359598,-4.46011181358643E-16));
#3010=DIRECTION('',(-0.707106781186483,0.707106781186612,0.));
#3011=DIRECTION('',(0.707106781186546,0.707106781186549,0.));
#3012=DIRECTION('',(-1.,0.,0.));
#3013=DIRECTION('',(5.9414667460187E-16,1.,-8.29639171769667E-18));
#3014=DIRECTION('center_axis',(-0.500000000000003,0.499999999999999,-0.707106781186546));
#3015=DIRECTION('ref_axis',(-0.816496580927724,0.,0.577350269189629));
#3016=DIRECTION('',(0.492994198798492,-0.506957059642897,-0.70707231569993));
#3017=DIRECTION('',(0.707106781186545,0.70710678118655,0.));
#3018=DIRECTION('center_axis',(-2.16840434497101E-16,1.,0.));
#3019=DIRECTION('ref_axis',(-1.,-2.16840434497101E-16,0.));
#3020=DIRECTION('',(-2.16840434497101E-16,1.,0.));
#3021=DIRECTION('center_axis',(1.5013741033153E-14,1.,-1.47539622224076E-14));
#3022=DIRECTION('ref_axis',(-1.,1.5013741033153E-14,-2.95568332885156E-29));
#3023=DIRECTION('center_axis',(0.,0.,-1.));
#3024=DIRECTION('ref_axis',(-1.,0.,0.));
#3025=DIRECTION('',(-2.16774387830169E-16,1.,-3.78381101435024E-18));
#3026=DIRECTION('',(0.707106781186546,-0.707106781186549,0.));
#3027=DIRECTION('center_axis',(0.,0.,-1.));
#3028=DIRECTION('ref_axis',(0.382683432354854,0.923879532515527,0.));
#3029=DIRECTION('center_axis',(7.79304295859744E-16,-3.74365674445184E-16,
1.));
#3030=DIRECTION('ref_axis',(1.,0.,-8.0761640718449E-16));
#3031=DIRECTION('center_axis',(0.780624749799825,0.624999999999968,3.90476336940771E-14));
#3032=DIRECTION('ref_axis',(-0.624999999999968,0.780624749799825,-1.1675141397271E-28));
#3033=DIRECTION('center_axis',(-7.79304295859744E-16,3.74365674445184E-16,
-1.));
#3034=DIRECTION('ref_axis',(-1.,1.13876376023965E-32,7.79304295859744E-16));
#3035=DIRECTION('center_axis',(-1.591879879817E-15,-6.963252176346E-16,
1.));
#3036=DIRECTION('ref_axis',(1.,0.,1.57837696299367E-15));
#3037=DIRECTION('center_axis',(3.11304726834898E-15,1.36171914987022E-15,
1.));
#3038=DIRECTION('ref_axis',(1.,-4.12183299775121E-32,-3.11304726834898E-15));
#3039=DIRECTION('center_axis',(0.,0.,-1.));
#3040=DIRECTION('ref_axis',(-1.,0.,0.));
#3041=DIRECTION('',(0.0139621803390965,-1.70987394613926E-18,-0.999902524009305));
#3042=DIRECTION('center_axis',(0.,0.,-1.));
#3043=DIRECTION('ref_axis',(-1.,0.,0.));
#3044=DIRECTION('center_axis',(0.678679803698446,0.734226897873802,0.0174524064372836));
#3045=DIRECTION('ref_axis',(-0.734338741220939,0.678783185665383,0.));
#3046=DIRECTION('',(0.0118464000390264,0.0128159781744311,-0.999847695156391));
#3047=DIRECTION('',(0.0118464000390264,0.012815978174431,-0.999847695156391));
#3048=DIRECTION('',(-0.734338741220939,0.678783185665383,0.));
#3049=DIRECTION('center_axis',(0.,1.88480568732556E-31,-1.));
#3050=DIRECTION('ref_axis',(0.,1.,1.88480568732556E-31));
#3051=DIRECTION('center_axis',(0.,-1.88480568732556E-31,1.));
#3052=DIRECTION('ref_axis',(0.,1.,1.88480568732556E-31));
#3053=DIRECTION('',(-0.00880146761780331,0.0150705228252007,-0.999847695156391));
#3054=DIRECTION('center_axis',(-0.504235742118323,0.863389674411232,0.0174524064372835));
#3055=DIRECTION('ref_axis',(-0.863521192871465,-0.504312551362588,-8.67361737988403E-19));
#3056=DIRECTION('',(0.,-0.0202096950331668,0.99979576325701));
#3057=DIRECTION('',(-0.863521192871465,-0.504312551362588,0.));
#3058=DIRECTION('center_axis',(1.,3.46944695195361E-16,0.));
#3059=DIRECTION('ref_axis',(-3.46944695195361E-16,1.,0.));
#3060=DIRECTION('',(0.,1.,0.));
#3061=DIRECTION('',(0.,0.,-1.));
#3062=DIRECTION('center_axis',(-0.0174524064372837,-0.999847695156391,0.));
#3063=DIRECTION('ref_axis',(0.999847695156391,-0.0174524064372837,0.));
#3064=DIRECTION('',(0.999847695156391,-0.0174524064372837,0.));
#3065=DIRECTION('center_axis',(0.,0.707106781186551,-0.707106781186544));
#3066=DIRECTION('ref_axis',(0.,0.707106781186544,0.707106781186551));
#3067=DIRECTION('',(-0.00987323358784532,-0.707072315699925,-0.707072315699933));
#3068=DIRECTION('',(1.,0.,0.));
#3069=DIRECTION('center_axis',(0.999902524009304,-5.94204595283471E-16,
-0.0139621803391453));
#3070=DIRECTION('ref_axis',(-0.0139621803391453,1.54074395550979E-33,-0.999902524009304));
#3071=DIRECTION('',(-1.15648231731787E-16,-1.,0.));
#3072=DIRECTION('',(0.0139618155717549,-0.00722842272857345,0.999876401167063));
#3073=DIRECTION('center_axis',(0.0174423509041381,0.00722485830416467,-0.999821767025214));
#3074=DIRECTION('ref_axis',(-0.999847865532139,0.000226974949498694,-0.0174411660504252));
#3075=DIRECTION('center_axis',(0.,0.,-1.));
#3076=DIRECTION('ref_axis',(0.923879532512361,0.382683432362496,0.));
#3077=DIRECTION('',(-0.00476122773980655,-0.014983761197121,-0.999876401167063));
#3078=DIRECTION('center_axis',(0.707037855252521,0.707037855252526,-0.0139621803391453));
#3079=DIRECTION('ref_axis',(-0.70710678118655,0.707106781186545,-8.67361737988403E-19));
#3080=DIRECTION('',(-0.70710678118655,0.707106781186545,0.));
#3081=DIRECTION('',(0.0126607434700621,0.00708460783708978,0.999894751414657));
#3082=DIRECTION('center_axis',(0.00394183656440913,0.00951643529445466,
-0.999946948284651));
#3083=DIRECTION('ref_axis',(9.25678029341575E-5,-0.999954716188981,-0.00951614431462631));
#3084=DIRECTION('center_axis',(0.,0.,-1.));
#3085=DIRECTION('ref_axis',(0.382683432321724,0.923879532529249,0.));
#3086=DIRECTION('center_axis',(0.999847695156391,2.16807408648637E-16,0.0174524064372835));
#3087=DIRECTION('ref_axis',(0.0174524064372835,7.70371977754894E-34,-0.999847695156391));
#3088=DIRECTION('',(-2.16774387830169E-16,1.,-3.78381101435024E-18));
#3089=DIRECTION('',(-0.0174524064372835,2.13730336808379E-18,0.999847695156391));
#3090=DIRECTION('center_axis',(0.,0.,1.));
#3091=DIRECTION('ref_axis',(1.,0.,0.));
#3092=DIRECTION('center_axis',(0.,0.,-1.));
#3093=DIRECTION('ref_axis',(1.,1.75514761975105E-15,0.));
#3094=DIRECTION('',(0.0109077540233021,-0.0136237804085087,-0.999847695156391));
#3095=DIRECTION('center_axis',(0.,0.,-1.));
#3096=DIRECTION('ref_axis',(0.999370423610475,-0.035478957321486,0.));
#3097=DIRECTION('center_axis',(0.,0.,1.));
#3098=DIRECTION('ref_axis',(-1.,1.89079938875538E-15,0.));
#3099=DIRECTION('center_axis',(0.,0.,1.));
#3100=DIRECTION('ref_axis',(1.,0.,0.));
#3101=DIRECTION('axis',(0.,0.,1.));
#3102=DIRECTION('refdir',(1.,0.,0.));
#3103=DIRECTION('',(0.,0.,1.));
#3104=DIRECTION('',(1.,0.,0.));
#3105=DIRECTION('',(0.,0.,1.));
#3106=DIRECTION('',(1.,0.,0.));
#3107=CARTESIAN_POINT('',(0.,0.,0.));
#3108=CARTESIAN_POINT('',(0.,0.,0.));
#3109=CARTESIAN_POINT('Origin',(-5.501,40.499,5.3));
#3110=CARTESIAN_POINT('',(-5.501,40.499,5.3));
#3111=CARTESIAN_POINT('',(-5.501,45.501,5.3));
#3112=CARTESIAN_POINT('',(-5.501,41.7495,5.3));
#3113=CARTESIAN_POINT('',(-5.501,40.499,5.1));
#3114=CARTESIAN_POINT('',(-5.501,40.499,5.3));
#3115=CARTESIAN_POINT('',(-5.501,45.501,5.1));
#3116=CARTESIAN_POINT('',(-5.501,40.499,5.1));
#3117=CARTESIAN_POINT('',(-5.501,45.501,5.3));
#3118=CARTESIAN_POINT('Origin',(-0.499000000000009,45.501,5.3));
#3119=CARTESIAN_POINT('',(-0.499000000000009,45.501,5.3));
#3120=CARTESIAN_POINT('',(-0.499000000000009,40.499,5.3));
#3121=CARTESIAN_POINT('',(-0.499000000000009,44.2505,5.3));
#3122=CARTESIAN_POINT('',(-0.499000000000009,45.501,5.1));
#3123=CARTESIAN_POINT('',(-0.499000000000009,45.501,5.3));
#3124=CARTESIAN_POINT('',(-0.499000000000009,40.499,5.1));
#3125=CARTESIAN_POINT('',(-0.499000000000009,40.499,5.1));
#3126=CARTESIAN_POINT('',(-0.499000000000009,40.499,5.3));
#3127=CARTESIAN_POINT('Origin',(-3.00000000000001,43.,5.1));
#3128=CARTESIAN_POINT('',(1.30937965721093,45.501,5.1));
#3129=CARTESIAN_POINT('',(-7.30937965721094,40.499,5.1));
#3130=CARTESIAN_POINT('',(-5.50000000000001,43.,5.1));
#3131=CARTESIAN_POINT('Origin',(-3.00000000000001,43.,5.1));
#3132=CARTESIAN_POINT('Origin',(-3.00000000000001,43.,5.3));
#3133=CARTESIAN_POINT('',(-7.30937965721094,45.501,5.3));
#3134=CARTESIAN_POINT('',(-7.30937965721094,45.501,5.3));
#3135=CARTESIAN_POINT('',(-7.30937965721094,40.499,5.3));
#3136=CARTESIAN_POINT('Origin',(-3.00000000000001,43.,5.3));
#3137=CARTESIAN_POINT('',(-7.30937965721094,40.499,5.3));
#3138=CARTESIAN_POINT('Origin',(-3.00000000000001,43.,5.5));
#3139=CARTESIAN_POINT('',(1.30937965721093,45.501,5.5));
#3140=CARTESIAN_POINT('',(1.30937965721093,40.499,5.5));
#3141=CARTESIAN_POINT('Origin',(-3.00000000000001,43.,5.5));
#3142=CARTESIAN_POINT('',(1.30937965721093,45.501,5.3));
#3143=CARTESIAN_POINT('',(1.30937965721093,45.501,5.5));
#3144=CARTESIAN_POINT('',(1.30937965721093,40.499,5.3));
#3145=CARTESIAN_POINT('Origin',(-3.00000000000001,43.,5.3));
#3146=CARTESIAN_POINT('',(1.30937965721093,40.499,5.5));
#3147=CARTESIAN_POINT('Origin',(-7.30937965721094,45.501,5.5));
#3148=CARTESIAN_POINT('',(-7.30937965721094,45.501,5.5));
#3149=CARTESIAN_POINT('',(-5.15468982860547,45.501,5.5));
#3150=CARTESIAN_POINT('',(-7.30937965721094,45.501,5.5));
#3151=CARTESIAN_POINT('',(-7.30937965721094,45.501,5.3));
#3152=CARTESIAN_POINT('Origin',(-3.00000000000001,43.,5.5));
#3153=CARTESIAN_POINT('',(-7.30937965721094,40.499,5.5));
#3154=CARTESIAN_POINT('',(-7.98254493507051,43.,5.5));
#3155=CARTESIAN_POINT('Origin',(-3.00000000000001,43.,5.5));
#3156=CARTESIAN_POINT('',(-7.30937965721094,40.499,5.5));
#3157=CARTESIAN_POINT('Origin',(-3.00000000000001,43.,5.5));
#3158=CARTESIAN_POINT('Origin',(1.30937965721093,40.499,5.5));
#3159=CARTESIAN_POINT('',(-0.845310171394541,40.499,5.5));
#3160=CARTESIAN_POINT('',(-7.30937965721094,40.499,5.3));
#3161=CARTESIAN_POINT('Origin',(-3.00000000000001,43.,5.3));
#3162=CARTESIAN_POINT('Origin',(-3.00000000000001,43.,5.5));
#3163=CARTESIAN_POINT('Origin',(-3.00000000000001,43.,5.5));
#3164=CARTESIAN_POINT('Origin',(15.,25.,8.8));
#3165=CARTESIAN_POINT('',(10.344015078661,30.2578118904915,8.8));
#3166=CARTESIAN_POINT('',(7.97698202597128,25.,8.8));
#3167=CARTESIAN_POINT('Origin',(15.,25.,8.8));
#3168=CARTESIAN_POINT('',(9.03555486468623,29.1598834075352,8.8));
#3169=CARTESIAN_POINT('',(9.7614235478082,29.768959551826,8.8));
#3170=CARTESIAN_POINT('',(7.75704843570063,25.6472158632697,8.8));
#3171=CARTESIAN_POINT('',(7.74656444566864,25.618411337391,8.8));
#3172=CARTESIAN_POINT('',(8.05365228649194,23.9650918366483,8.8));
#3173=CARTESIAN_POINT('',(8.25006544661412,22.8511774525137,8.8));
#3174=CARTESIAN_POINT('Origin',(15.,25.,8.8));
#3175=CARTESIAN_POINT('Origin',(15.,25.,8.8));
#3176=CARTESIAN_POINT('',(8.11860887384495,23.5967047237288,8.8));
#3177=CARTESIAN_POINT('',(12.4230829032925,18.4668323349062,8.8));
#3178=CARTESIAN_POINT('Origin',(15.,25.,8.8));
#3179=CARTESIAN_POINT('',(8.41400031305979,21.9214566248389,8.8));
#3180=CARTESIAN_POINT('',(8.25006544661412,22.8511774525137,8.8));
#3181=CARTESIAN_POINT('',(10.8245797724048,19.0486398939307,8.8));
#3182=CARTESIAN_POINT('',(10.8424695417289,19.0273196970679,8.8));
#3183=CARTESIAN_POINT('',(13.4620559785037,18.0886770613253,8.8));
#3184=CARTESIAN_POINT('Origin',(15.,25.,8.8));
#3185=CARTESIAN_POINT('',(12.774593795184,18.3388928332373,8.8));
#3186=CARTESIAN_POINT('',(19.3694306168006,19.501740498258,8.8));
#3187=CARTESIAN_POINT('Origin',(15.,25.,8.8));
#3188=CARTESIAN_POINT('',(14.3252736077691,17.7744915385789,8.8));
#3189=CARTESIAN_POINT('',(13.4620559785037,18.0886770613253,8.8));
#3190=CARTESIAN_POINT('',(18.0056694030518,18.3574089667875,8.8));
#3191=CARTESIAN_POINT('',(17.9730144145311,18.3522369247068,8.8));
#3192=CARTESIAN_POINT('',(20.2385764521918,20.2310404481741,8.8));
#3193=CARTESIAN_POINT('Origin',(15.,25.,8.8));
#3194=CARTESIAN_POINT('',(19.6559849213391,19.7421881095085,8.8));
#3195=CARTESIAN_POINT('',(21.946347713508,26.0349081633518,8.8));
#3196=CARTESIAN_POINT('Origin',(15.,25.,8.8));
#3197=CARTESIAN_POINT('',(20.9644451353138,20.8401165924648,8.8));
#3198=CARTESIAN_POINT('',(20.2385764521918,20.2310404481741,8.8));
#3199=CARTESIAN_POINT('',(22.2429515642994,24.3527841367303,8.8));
#3200=CARTESIAN_POINT('',(22.2534355543313,24.381588662609,8.8));
#3201=CARTESIAN_POINT('',(21.7499345533858,27.1488225474863,8.8));
#3202=CARTESIAN_POINT('Origin',(15.,25.,8.8));
#3203=CARTESIAN_POINT('',(21.881391126155,26.4032952762712,8.8));
#3204=CARTESIAN_POINT('',(17.5769170967075,31.5331676650938,8.8));
#3205=CARTESIAN_POINT('Origin',(15.,25.,8.8));
#3206=CARTESIAN_POINT('',(21.5859996869402,28.0785433751611,8.8));
#3207=CARTESIAN_POINT('',(21.7499345533858,27.1488225474863,8.8));
#3208=CARTESIAN_POINT('',(19.1754202275952,30.9513601060694,8.8));
#3209=CARTESIAN_POINT('',(19.157530458271,30.9726803029321,8.8));
#3210=CARTESIAN_POINT('',(16.5379440214963,31.9113229386747,8.8));
#3211=CARTESIAN_POINT('Origin',(14.3252736077691,17.7744915385789,8.6));
#3212=CARTESIAN_POINT('',(12.3264422419588,18.5020066590514,9.));
#3213=CARTESIAN_POINT('Ctrl Pts',(12.4230829032928,18.4668323349061,8.8));
#3214=CARTESIAN_POINT('Ctrl Pts',(12.3747745792153,18.4844151269376,8.87843571875669));
#3215=CARTESIAN_POINT('Ctrl Pts',(12.326442241959,18.5020066590514,9.));
#3216=CARTESIAN_POINT('',(10.8245797724048,19.0486398939307,9.));
#3217=CARTESIAN_POINT('',(10.8245797724048,19.0486398939307,8.6));
#3218=CARTESIAN_POINT('',(13.4620559785037,18.0886770613253,9.));
#3219=CARTESIAN_POINT('Origin',(14.3252736077691,17.7744915385789,8.6));
#3220=CARTESIAN_POINT('',(12.8712344565177,18.3037185090921,9.));
#3221=CARTESIAN_POINT('Ctrl Pts',(12.8712344565175,18.3037185090921,9.));
#3222=CARTESIAN_POINT('Ctrl Pts',(12.8229021192612,18.3213100412059,8.87843571875669));
#3223=CARTESIAN_POINT('Ctrl Pts',(12.7745937951837,18.3388928332374,8.8));
#3224=CARTESIAN_POINT('',(14.3252736077691,17.7744915385789,9.));
#3225=CARTESIAN_POINT('',(13.4620559785037,18.0886770613253,9.));
#3226=CARTESIAN_POINT('',(14.3252736077691,17.7744915385789,8.9));
#3227=CARTESIAN_POINT('Origin',(15.,25.,9.));
#3228=CARTESIAN_POINT('Origin',(15.,25.,9.));
#3229=CARTESIAN_POINT('',(12.0656490407256,17.5695911347511,9.));
#3230=CARTESIAN_POINT('',(10.8424695417289,19.0273196970679,9.));
#3231=CARTESIAN_POINT('',(12.3536433420313,17.4622159824131,9.));
#3232=CARTESIAN_POINT('Origin',(15.,25.,9.));
#3233=CARTESIAN_POINT('',(17.9730144145311,18.3522369247068,9.));
#3234=CARTESIAN_POINT('Origin',(15.6747263922309,32.2255084614211,8.6));
#3235=CARTESIAN_POINT('',(17.673557758041,31.4979933409486,9.));
#3236=CARTESIAN_POINT('Ctrl Pts',(17.5769170967076,31.5331676650937,8.8));
#3237=CARTESIAN_POINT('Ctrl Pts',(17.625225420785,31.5155848730623,8.87843571875672));
#3238=CARTESIAN_POINT('Ctrl Pts',(17.6735577580412,31.4979933409485,9.));
#3239=CARTESIAN_POINT('',(19.1754202275952,30.9513601060694,9.));
#3240=CARTESIAN_POINT('',(19.1754202275952,30.9513601060694,8.6));
#3241=CARTESIAN_POINT('',(16.5379440214963,31.9113229386747,9.));
#3242=CARTESIAN_POINT('Origin',(15.6747263922309,32.2255084614211,8.6));
#3243=CARTESIAN_POINT('',(17.1287655434823,31.6962814909079,9.));
#3244=CARTESIAN_POINT('',(17.2254062048158,31.6611071667627,8.8));
#3245=CARTESIAN_POINT('Ctrl Pts',(17.1287655434821,31.696281490908,9.));
#3246=CARTESIAN_POINT('Ctrl Pts',(17.1770978807384,31.6786899587942,8.87843571875672));
#3247=CARTESIAN_POINT('Ctrl Pts',(17.2254062048157,31.6611071667627,8.8));
#3248=CARTESIAN_POINT('',(15.6747263922309,32.2255084614211,9.));
#3249=CARTESIAN_POINT('',(16.5379440214963,31.9113229386747,9.));
#3250=CARTESIAN_POINT('',(15.6747263922309,32.2255084614211,8.8));
#3251=CARTESIAN_POINT('',(15.6747263922309,32.2255084614211,8.9));
#3252=CARTESIAN_POINT('',(16.5379440214963,31.9113229386747,8.8));
#3253=CARTESIAN_POINT('Origin',(15.,25.,9.));
#3254=CARTESIAN_POINT('Origin',(15.,25.,9.));
#3255=CARTESIAN_POINT('',(17.9343509592744,32.4304088652489,9.));
#3256=CARTESIAN_POINT('',(19.157530458271,30.9726803029321,9.));
#3257=CARTESIAN_POINT('',(17.6463566579687,32.5377840175869,9.));
#3258=CARTESIAN_POINT('Origin',(15.,25.,9.));
#3259=CARTESIAN_POINT('',(12.0269855854689,31.6477630752932,9.));
#3260=CARTESIAN_POINT('Origin',(8.41400031305979,21.9214566248389,8.8));
#3261=CARTESIAN_POINT('',(8.03579381409585,24.0663722664744,9.));
#3262=CARTESIAN_POINT('Ctrl Pts',(8.05365228649201,23.9650918366479,8.8));
#3263=CARTESIAN_POINT('Ctrl Pts',(8.04472526902198,24.0157194685291,8.87843571875682));
#3264=CARTESIAN_POINT('Ctrl Pts',(8.03579381409589,24.0663722664742,9.));
#3265=CARTESIAN_POINT('',(7.75704843570063,25.6472158632697,9.));
#3266=CARTESIAN_POINT('',(7.75704843570063,25.6472158632697,8.8));
#3267=CARTESIAN_POINT('',(8.25006544661412,22.8511774525137,9.));
#3268=CARTESIAN_POINT('Origin',(8.41400031305979,21.9214566248389,8.8));
#3269=CARTESIAN_POINT('',(8.13646734624104,23.4954242939026,9.));
#3270=CARTESIAN_POINT('Ctrl Pts',(8.136467346241,23.4954242939029,9.));
#3271=CARTESIAN_POINT('Ctrl Pts',(8.12753589131491,23.5460770918479,8.87843571875685));
#3272=CARTESIAN_POINT('Ctrl Pts',(8.11860887384488,23.5967047237291,8.8));
#3273=CARTESIAN_POINT('',(8.41400031305979,21.9214566248389,9.));
#3274=CARTESIAN_POINT('',(8.25006544661412,22.8511774525137,9.));
#3275=CARTESIAN_POINT('',(8.41400031305979,21.9214566248389,8.8));
#3276=CARTESIAN_POINT('Origin',(15.,25.,9.));
#3277=CARTESIAN_POINT('Origin',(15.,25.,9.));
#3278=CARTESIAN_POINT('',(7.09682724114386,23.8332730393796,9.));
#3279=CARTESIAN_POINT('',(7.74656444566864,25.618411337391,9.));
#3280=CARTESIAN_POINT('',(7.17293104473903,23.4005053840185,9.));
#3281=CARTESIAN_POINT('Origin',(15.,25.,9.));
#3282=CARTESIAN_POINT('',(10.8424695417289,19.0273196970679,9.));
#3283=CARTESIAN_POINT('Origin',(21.5859996869402,28.0785433751611,8.8));
#3284=CARTESIAN_POINT('',(21.9642061859041,25.9336277335256,9.));
#3285=CARTESIAN_POINT('Ctrl Pts',(21.9463477135081,26.0349081633515,8.8));
#3286=CARTESIAN_POINT('Ctrl Pts',(21.955274730978,25.9842805314709,8.87843571875621));
#3287=CARTESIAN_POINT('Ctrl Pts',(21.9642061859041,25.9336277335256,9.));
#3288=CARTESIAN_POINT('',(22.2429515642994,24.3527841367303,9.));
#3289=CARTESIAN_POINT('',(22.2429515642994,24.3527841367303,8.8));
#3290=CARTESIAN_POINT('',(21.7499345533858,27.1488225474863,9.));
#3291=CARTESIAN_POINT('Origin',(21.5859996869402,28.0785433751611,8.8));
#3292=CARTESIAN_POINT('',(21.8635326537589,26.5045757060973,9.));
#3293=CARTESIAN_POINT('Ctrl Pts',(21.8635326537589,26.5045757060974,9.));
#3294=CARTESIAN_POINT('Ctrl Pts',(21.8724641086851,26.4539229081521,8.8784357187562));
#3295=CARTESIAN_POINT('Ctrl Pts',(21.881391126155,26.4032952762714,8.8));
#3296=CARTESIAN_POINT('',(21.5859996869402,28.0785433751611,9.));
#3297=CARTESIAN_POINT('',(21.7499345533858,27.1488225474863,9.));
#3298=CARTESIAN_POINT('',(21.5859996869402,28.0785433751611,8.8));
#3299=CARTESIAN_POINT('Origin',(15.,25.,9.));
#3300=CARTESIAN_POINT('Origin',(15.,25.,9.));
#3301=CARTESIAN_POINT('',(22.9031727588561,26.1667269606204,9.));
#3302=CARTESIAN_POINT('',(22.2534355543313,24.381588662609,9.));
#3303=CARTESIAN_POINT('',(22.8270689552609,26.5994946159816,9.));
#3304=CARTESIAN_POINT('Origin',(15.,25.,9.));
#3305=CARTESIAN_POINT('',(19.157530458271,30.9726803029321,9.));
#3306=CARTESIAN_POINT('Origin',(20.9644451353138,20.8401165924648,9.));
#3307=CARTESIAN_POINT('',(19.290648427863,19.4356343925772,9.));
#3308=CARTESIAN_POINT('Ctrl Pts',(19.3694306168007,19.5017404982581,8.8));
#3309=CARTESIAN_POINT('Ctrl Pts',(19.3300493101932,19.4686956584085,8.8784357187567));
#3310=CARTESIAN_POINT('Ctrl Pts',(19.2906484278631,19.4356343925772,9.));
#3311=CARTESIAN_POINT('',(18.0056694030518,18.3574089667875,9.));
#3312=CARTESIAN_POINT('',(18.0056694030518,18.3574089667875,9.));
#3313=CARTESIAN_POINT('',(20.2385764521918,20.231040448174,9.));
#3314=CARTESIAN_POINT('Origin',(20.9644451353138,20.8401165924648,9.));
#3315=CARTESIAN_POINT('',(19.7347671102766,19.8082942151894,9.));
#3316=CARTESIAN_POINT('Ctrl Pts',(19.7347671102766,19.8082942151894,9.));
#3317=CARTESIAN_POINT('Ctrl Pts',(19.6953662279464,19.775232949358,8.87843571875672));
#3318=CARTESIAN_POINT('Ctrl Pts',(19.655984921339,19.7421881095085,8.8));
#3319=CARTESIAN_POINT('',(20.9644451353138,20.8401165924648,9.));
#3320=CARTESIAN_POINT('',(20.2385764521918,20.231040448174,9.));
#3321=CARTESIAN_POINT('',(20.9644451353138,20.8401165924648,9.));
#3322=CARTESIAN_POINT('Origin',(15.,25.,9.));
#3323=CARTESIAN_POINT('Origin',(15.,25.,9.));
#3324=CARTESIAN_POINT('',(19.8461381053644,18.6489105721381,9.));
#3325=CARTESIAN_POINT('',(17.9730144145311,18.3522369247068,9.));
#3326=CARTESIAN_POINT('',(20.304223940757,19.0261737685747,9.));
#3327=CARTESIAN_POINT('Origin',(15.,25.,9.));
#3328=CARTESIAN_POINT('',(22.2534355543313,24.381588662609,9.));
#3329=CARTESIAN_POINT('Origin',(9.03555486468623,29.1598834075352,9.));
#3330=CARTESIAN_POINT('',(10.6305693831993,30.4982595017419,8.8));
#3331=CARTESIAN_POINT('',(10.7093515721369,30.5643656074228,9.));
#3332=CARTESIAN_POINT('Ctrl Pts',(10.6305693831993,30.4982595017419,8.8));
#3333=CARTESIAN_POINT('Ctrl Pts',(10.6699506898068,30.5313043415915,8.87843571875672));
#3334=CARTESIAN_POINT('Ctrl Pts',(10.7093515721369,30.5643656074228,9.));
#3335=CARTESIAN_POINT('',(11.9943305969482,31.6425910332125,8.8));
#3336=CARTESIAN_POINT('',(9.7614235478082,29.768959551826,8.8));
#3337=CARTESIAN_POINT('',(11.9943305969482,31.6425910332125,9.));
#3338=CARTESIAN_POINT('',(11.9943305969482,31.6425910332125,9.));
#3339=CARTESIAN_POINT('',(9.76142354780819,29.768959551826,9.));
#3340=CARTESIAN_POINT('Origin',(9.03555486468623,29.1598834075352,9.));
#3341=CARTESIAN_POINT('',(10.2652328897234,30.1917057848107,9.));
#3342=CARTESIAN_POINT('Ctrl Pts',(10.2652328897234,30.1917057848107,9.));
#3343=CARTESIAN_POINT('Ctrl Pts',(10.3046337720536,30.224767050642,8.87843571875671));
#3344=CARTESIAN_POINT('Ctrl Pts',(10.344015078661,30.2578118904916,8.8));
#3345=CARTESIAN_POINT('',(9.03555486468623,29.1598834075352,9.));
#3346=CARTESIAN_POINT('',(9.76142354780819,29.768959551826,9.));
#3347=CARTESIAN_POINT('',(9.03555486468623,29.1598834075352,9.));
#3348=CARTESIAN_POINT('Origin',(15.,25.,9.));
#3349=CARTESIAN_POINT('Origin',(15.,25.,9.));
#3350=CARTESIAN_POINT('',(10.1538618946356,31.3510894278619,9.));
#3351=CARTESIAN_POINT('',(12.0269855854689,31.6477630752932,9.));
#3352=CARTESIAN_POINT('',(9.69577605924298,30.9738262314252,9.));
#3353=CARTESIAN_POINT('Origin',(15.,25.,9.));
#3354=CARTESIAN_POINT('',(7.74656444566864,25.618411337391,9.));
#3355=CARTESIAN_POINT('Origin',(15.,25.,8.8));
#3356=CARTESIAN_POINT('Origin',(15.,25.,8.8));
#3357=CARTESIAN_POINT('',(12.0269855854689,31.6477630752932,8.8));
#3358=CARTESIAN_POINT('Origin',(12.0656490407256,17.5695911347511,8.8));
#3359=CARTESIAN_POINT('',(9.80566645777909,20.2629334971779,9.2));
#3360=CARTESIAN_POINT('',(9.43291362768551,20.7071630215916,9.2));
#3361=CARTESIAN_POINT('Ctrl Pts',(9.80566645777909,20.2629334971779,9.2));
#3362=CARTESIAN_POINT('Ctrl Pts',(9.6192900427323,20.4850482593848,8.51487451818971));
#3363=CARTESIAN_POINT('Ctrl Pts',(9.43291362768551,20.7071630215916,9.2));
#3364=CARTESIAN_POINT('',(12.0656490407256,17.5695911347511,9.2));
#3365=CARTESIAN_POINT('',(10.8424695417289,19.0273196970679,9.2));
#3366=CARTESIAN_POINT('',(12.0656490407256,17.5695911347511,9.2));
#3367=CARTESIAN_POINT('',(7.17293104473902,23.4005053840184,9.2));
#3368=CARTESIAN_POINT('',(7.17293104473903,23.4005053840185,9.));
#3369=CARTESIAN_POINT('',(10.8424695417289,19.0273196970679,9.2));
#3370=CARTESIAN_POINT('Origin',(7.09682724114386,23.8332730393796,9.));
#3371=CARTESIAN_POINT('',(8.33229976984997,27.2277059143561,9.2));
#3372=CARTESIAN_POINT('',(8.46030353053689,27.5793933564487,9.2));
#3373=CARTESIAN_POINT('Ctrl Pts',(8.33229976985,27.2277059143562,9.2));
#3374=CARTESIAN_POINT('Ctrl Pts',(8.39630165019342,27.4035496354024,8.91463197856102));
#3375=CARTESIAN_POINT('Ctrl Pts',(8.46030353053684,27.5793933564486,9.2));
#3376=CARTESIAN_POINT('',(7.09682724114386,23.8332730393796,9.2));
#3377=CARTESIAN_POINT('',(7.74656444566864,25.618411337391,9.2));
#3378=CARTESIAN_POINT('',(7.09682724114387,23.8332730393796,9.2));
#3379=CARTESIAN_POINT('',(9.69577605924299,30.9738262314252,9.2));
#3380=CARTESIAN_POINT('',(9.69577605924299,30.9738262314252,9.));
#3381=CARTESIAN_POINT('',(7.74656444566864,25.618411337391,9.2));
#3382=CARTESIAN_POINT('Origin',(10.1538618946356,31.3510894278619,9.2));
#3383=CARTESIAN_POINT('',(17.6463566579686,32.5377840175869,9.2));
#3384=CARTESIAN_POINT('',(17.6463566579686,32.5377840175869,9.));
#3385=CARTESIAN_POINT('',(10.1538618946356,31.3510894278619,9.2));
#3386=CARTESIAN_POINT('',(12.0269855854689,31.6477630752932,9.2));
#3387=CARTESIAN_POINT('',(10.1538618946356,31.3510894278619,9.2));
#3388=CARTESIAN_POINT('Origin',(17.9343509592744,32.4304088652489,8.8));
#3389=CARTESIAN_POINT('',(20.1943335422206,29.7370665028223,9.2));
#3390=CARTESIAN_POINT('',(20.5670863723147,29.2928369784081,9.2));
#3391=CARTESIAN_POINT('Ctrl Pts',(20.1943335422206,29.7370665028224,9.2));
#3392=CARTESIAN_POINT('Ctrl Pts',(20.3807099572677,29.5149517406152,8.51487451818767));
#3393=CARTESIAN_POINT('Ctrl Pts',(20.5670863723147,29.2928369784081,9.2));
#3394=CARTESIAN_POINT('',(17.9343509592744,32.4304088652489,9.2));
#3395=CARTESIAN_POINT('',(19.157530458271,30.9726803029321,9.2));
#3396=CARTESIAN_POINT('',(17.9343509592744,32.4304088652489,9.2));
#3397=CARTESIAN_POINT('',(22.8270689552609,26.5994946159816,9.2));
#3398=CARTESIAN_POINT('',(22.8270689552609,26.5994946159816,8.8));
#3399=CARTESIAN_POINT('',(19.157530458271,30.9726803029321,9.2));
#3400=CARTESIAN_POINT('Origin',(22.9031727588561,26.1667269606204,9.));
#3401=CARTESIAN_POINT('',(21.6677002301501,22.7722940856443,9.2));
#3402=CARTESIAN_POINT('',(21.5396964694629,22.4206066435509,9.2));
#3403=CARTESIAN_POINT('Ctrl Pts',(21.6677002301501,22.7722940856442,9.2));
#3404=CARTESIAN_POINT('Ctrl Pts',(21.6036983498065,22.5964503645976,8.91463197855953));
#3405=CARTESIAN_POINT('Ctrl Pts',(21.539696469463,22.4206066435509,9.2));
#3406=CARTESIAN_POINT('',(22.9031727588561,26.1667269606204,9.2));
#3407=CARTESIAN_POINT('',(22.2534355543313,24.381588662609,9.2));
#3408=CARTESIAN_POINT('',(22.9031727588561,26.1667269606204,9.2));
#3409=CARTESIAN_POINT('',(20.304223940757,19.0261737685748,9.2));
#3410=CARTESIAN_POINT('',(20.304223940757,19.0261737685748,9.));
#3411=CARTESIAN_POINT('',(22.2534355543313,24.381588662609,9.2));
#3412=CARTESIAN_POINT('Origin',(15.,25.,9.2));
#3413=CARTESIAN_POINT('Origin',(15.,25.,9.19999999999999));
#3414=CARTESIAN_POINT('Origin',(15.,25.,9.2));
#3415=CARTESIAN_POINT('Origin',(15.,25.,9.19999999999999));
#3416=CARTESIAN_POINT('Origin',(15.,25.,9.2));
#3417=CARTESIAN_POINT('Origin',(15.,25.,9.19999999999999));
#3418=CARTESIAN_POINT('Origin',(15.,25.,9.2));
#3419=CARTESIAN_POINT('',(12.3536433420313,17.4622159824131,9.2));
#3420=CARTESIAN_POINT('Origin',(15.,25.,9.19999999999999));
#3421=CARTESIAN_POINT('',(12.3536433420313,17.4622159824131,9.2));
#3422=CARTESIAN_POINT('Origin',(15.,25.,9.2));
#3423=CARTESIAN_POINT('Origin',(15.,25.,9.19999999999999));
#3424=CARTESIAN_POINT('Origin',(15.,25.,9.2));
#3425=CARTESIAN_POINT('',(19.8461381053644,18.6489105721381,9.2));
#3426=CARTESIAN_POINT('',(19.8461381053644,18.6489105721381,9.2));
#3427=CARTESIAN_POINT('Origin',(15.,25.,9.19999999999999));
#3428=CARTESIAN_POINT('Origin',(19.8461381053644,18.6489105721381,9.2));
#3429=CARTESIAN_POINT('',(17.9730144145311,18.3522369247068,9.2));
#3430=CARTESIAN_POINT('Origin',(15.,25.,5.6));
#3431=CARTESIAN_POINT('',(19.9423531,22.9567597901589,5.6));
#3432=CARTESIAN_POINT('',(17.040447509841,20.0548542,5.6));
#3433=CARTESIAN_POINT('',(19.2175748774602,22.2319815676192,5.6));
#3434=CARTESIAN_POINT('',(19.9423531,27.0432402098411,5.6));
#3435=CARTESIAN_POINT('',(19.9423531,27.4602757706005,5.6));
#3436=CARTESIAN_POINT('',(17.0404475098411,29.9451458,5.6));
#3437=CARTESIAN_POINT('',(17.7666220823808,29.2189712274603,5.6));
#3438=CARTESIAN_POINT('',(12.9595524901589,29.9451458,5.6));
#3439=CARTESIAN_POINT('',(12.541127562711,29.9451458,5.6));
#3440=CARTESIAN_POINT('',(10.0576469,27.0432402098411,5.6));
#3441=CARTESIAN_POINT('',(10.7824251225397,27.7680184323808,5.6));
#3442=CARTESIAN_POINT('',(10.0576469,22.9567597901589,5.6));
#3443=CARTESIAN_POINT('',(10.0576469,22.5397242293994,5.6));
#3444=CARTESIAN_POINT('',(12.9595524901589,20.0548542,5.6));
#3445=CARTESIAN_POINT('',(12.2333779176192,20.7810287725397,5.6));
#3446=CARTESIAN_POINT('',(17.458872437289,20.0548542,5.6));
#3447=CARTESIAN_POINT('',(10.0614395823765,25.,5.6));
#3448=CARTESIAN_POINT('Origin',(15.,25.,5.6));
#3449=CARTESIAN_POINT('Origin',(10.0576469,20.0794484587989,5.8));
#3450=CARTESIAN_POINT('',(10.0576469,27.0432402098411,5.8));
#3451=CARTESIAN_POINT('',(10.0576469,27.0432402098411,5.8));
#3452=CARTESIAN_POINT('',(10.0576469,29.9205515412011,5.8));
#3453=CARTESIAN_POINT('',(10.0576469,22.5397242293994,5.8));
#3454=CARTESIAN_POINT('',(10.0576469,29.9205515412011,6.));
#3455=CARTESIAN_POINT('',(10.0576469,29.9205515412011,5.8));
#3456=CARTESIAN_POINT('',(10.0576469,20.0794484587989,6.));
#3457=CARTESIAN_POINT('',(10.0576469,22.5397242293994,6.));
#3458=CARTESIAN_POINT('',(10.0576469,20.0794484587989,5.8));
#3459=CARTESIAN_POINT('',(10.0576469,20.0794484587989,6.));
#3460=CARTESIAN_POINT('',(10.0576469,22.9567597901589,5.8));
#3461=CARTESIAN_POINT('',(10.0576469,22.5397242293994,5.8));
#3462=CARTESIAN_POINT('',(10.0576469,22.9567597901589,5.6));
#3463=CARTESIAN_POINT('Origin',(10.0576469,27.0432402098411,5.8));
#3464=CARTESIAN_POINT('',(12.9595524901589,29.9451458,5.8));
#3465=CARTESIAN_POINT('',(12.9595524901589,29.9451458,5.8));
#3466=CARTESIAN_POINT('',(10.7824251225397,27.7680184323808,5.8));
#3467=CARTESIAN_POINT('Origin',(10.082255125422,29.9451458,6.));
#3468=CARTESIAN_POINT('',(17.0404475098411,29.9451458,5.8));
#3469=CARTESIAN_POINT('',(17.0404475098411,29.9451458,5.8));
#3470=CARTESIAN_POINT('',(19.917744874578,29.9451458,5.8));
#3471=CARTESIAN_POINT('',(12.541127562711,29.9451458,5.8));
#3472=CARTESIAN_POINT('',(19.917744874578,29.9451458,6.));
#3473=CARTESIAN_POINT('',(19.917744874578,29.9451458,6.));
#3474=CARTESIAN_POINT('',(10.082255125422,29.9451458,6.));
#3475=CARTESIAN_POINT('',(12.541127562711,29.9451458,6.));
#3476=CARTESIAN_POINT('',(10.082255125422,29.9451458,5.8));
#3477=CARTESIAN_POINT('',(10.082255125422,29.9451458,6.));
#3478=CARTESIAN_POINT('',(12.541127562711,29.9451458,5.8));
#3479=CARTESIAN_POINT('Origin',(17.0404475098411,29.9451458,5.6));
#3480=CARTESIAN_POINT('',(19.9423531,27.0432402098411,5.8));
#3481=CARTESIAN_POINT('',(19.9423531,27.0432402098411,5.6));
#3482=CARTESIAN_POINT('',(17.7666220823808,29.2189712274603,5.8));
#3483=CARTESIAN_POINT('Origin',(15.,24.9999999999999,5.8));
#3484=CARTESIAN_POINT('',(19.9423531,29.9205515412011,5.8));
#3485=CARTESIAN_POINT('',(19.9423531,27.4602757706005,5.8));
#3486=CARTESIAN_POINT('Origin',(15.,25.,5.8));
#3487=CARTESIAN_POINT('Origin',(19.9423531,29.9205515412011,5.8));
#3488=CARTESIAN_POINT('',(19.9423531,22.9567597901589,5.8));
#3489=CARTESIAN_POINT('',(19.9423531,22.9567597901589,5.8));
#3490=CARTESIAN_POINT('',(19.9423531,20.0794484587989,5.8));
#3491=CARTESIAN_POINT('',(19.9423531,27.4602757706005,5.8));
#3492=CARTESIAN_POINT('',(19.9423531,20.0794484587989,6.));
#3493=CARTESIAN_POINT('',(19.9423531,20.0794484587989,5.8));
#3494=CARTESIAN_POINT('',(19.9423531,29.9205515412011,6.));
#3495=CARTESIAN_POINT('',(19.9423531,27.4602757706005,6.));
#3496=CARTESIAN_POINT('',(19.9423531,29.9205515412011,6.));
#3497=CARTESIAN_POINT('Origin',(15.,24.9999999999999,5.8));
#3498=CARTESIAN_POINT('',(12.9595524901589,20.0548542,5.8));
#3499=CARTESIAN_POINT('',(12.2333779176192,20.7810287725397,5.8));
#3500=CARTESIAN_POINT('',(10.0822551254221,20.0548541999999,5.8));
#3501=CARTESIAN_POINT('Origin',(15.,25.,5.8));
#3502=CARTESIAN_POINT('',(17.458872437289,20.0548542,5.8));
#3503=CARTESIAN_POINT('Origin',(12.9595524901589,20.0548542,5.6));
#3504=CARTESIAN_POINT('',(12.9595524901589,20.0548542,5.8));
#3505=CARTESIAN_POINT('Origin',(19.9423531,22.9567597901589,5.8));
#3506=CARTESIAN_POINT('',(17.040447509841,20.0548542,5.8));
#3507=CARTESIAN_POINT('',(17.040447509841,20.0548542,5.8));
#3508=CARTESIAN_POINT('',(19.2175748774603,22.2319815676192,5.8));
#3509=CARTESIAN_POINT('Origin',(15.,25.,5.8));
#3510=CARTESIAN_POINT('',(19.917744874578,20.0548542,5.8));
#3511=CARTESIAN_POINT('',(17.458872437289,20.0548542,5.8));
#3512=CARTESIAN_POINT('Origin',(15.,25.,5.8));
#3513=CARTESIAN_POINT('Origin',(15.,25.,5.6));
#3514=CARTESIAN_POINT('',(10.0614395823765,25.,2.5));
#3515=CARTESIAN_POINT('',(10.0614395823765,25.,5.6));
#3516=CARTESIAN_POINT('Origin',(15.,25.,2.5));
#3517=CARTESIAN_POINT('Origin',(15.,25.,5.8));
#3518=CARTESIAN_POINT('Origin',(15.,25.,5.8));
#3519=CARTESIAN_POINT('Origin',(15.,25.,6.));
#3520=CARTESIAN_POINT('',(19.917744874578,20.0548542,6.));
#3521=CARTESIAN_POINT('',(19.917744874578,20.0548542,6.));
#3522=CARTESIAN_POINT('Origin',(15.,25.,6.00000000000001));
#3523=CARTESIAN_POINT('Origin',(19.917744874578,20.0548542,6.));
#3524=CARTESIAN_POINT('',(10.082255125422,20.0548542,6.));
#3525=CARTESIAN_POINT('',(10.0822551254221,20.0548541999999,5.8));
#3526=CARTESIAN_POINT('',(17.458872437289,20.0548542,6.));
#3527=CARTESIAN_POINT('Origin',(15.,25.,6.));
#3528=CARTESIAN_POINT('Origin',(15.,25.,6.00000000000001));
#3529=CARTESIAN_POINT('Origin',(15.,25.,6.));
#3530=CARTESIAN_POINT('Origin',(15.,25.,6.00000000000001));
#3531=CARTESIAN_POINT('Origin',(15.,25.,6.));
#3532=CARTESIAN_POINT('Origin',(15.,25.,6.00000000000001));
#3533=CARTESIAN_POINT('Origin',(15.,25.,9.80279243606787));
#3534=CARTESIAN_POINT('Origin',(15.,25.,9.19999999999999));
#3535=CARTESIAN_POINT('Origin',(15.,25.,9.19999999999999));
#3536=CARTESIAN_POINT('Origin',(15.,25.,9.19999999999999));
#3537=CARTESIAN_POINT('',(15.,32.9888291668407,9.19999999999998));
#3538=CARTESIAN_POINT('Origin',(15.,25.,9.19999999999999));
#3539=CARTESIAN_POINT('',(15.,33.,10.));
#3540=CARTESIAN_POINT('',(15.,32.9972462840069,9.80279243606787));
#3541=CARTESIAN_POINT('Origin',(15.,25.,10.));
#3542=CARTESIAN_POINT('Origin',(15.,25.,9.19999999999999));
#3543=CARTESIAN_POINT('Origin',(15.,25.,9.19999999999999));
#3544=CARTESIAN_POINT('Origin',(15.,25.,9.19999999999999));
#3545=CARTESIAN_POINT('Origin',(15.,25.,2.5));
#3546=CARTESIAN_POINT('',(10.1309129869616,25.,2.5));
#3547=CARTESIAN_POINT('Origin',(15.,25.,2.5));
#3548=CARTESIAN_POINT('Origin',(15.,25.,6.));
#3549=CARTESIAN_POINT('',(8.02585620777029,25.,6.00000000000001));
#3550=CARTESIAN_POINT('Origin',(15.,25.,6.00000000000001));
#3551=CARTESIAN_POINT('Origin',(15.,25.,6.00000000000001));
#3552=CARTESIAN_POINT('Origin',(15.,25.,6.));
#3553=CARTESIAN_POINT('Origin',(15.,25.,6.00000000000001));
#3554=CARTESIAN_POINT('Origin',(15.,25.,6.));
#3555=CARTESIAN_POINT('Origin',(15.,25.,6.00000000000001));
#3556=CARTESIAN_POINT('Origin',(15.,25.,9.2));
#3557=CARTESIAN_POINT('Origin',(15.,25.,9.2));
#3558=CARTESIAN_POINT('Origin',(15.,25.,9.2));
#3559=CARTESIAN_POINT('Origin',(15.,25.,9.2));
#3560=CARTESIAN_POINT('Origin',(15.,25.,9.2));
#3561=CARTESIAN_POINT('Origin',(15.,25.,9.2));
#3562=CARTESIAN_POINT('Origin',(15.,25.,9.2));
#3563=CARTESIAN_POINT('Origin',(15.,25.,9.2));
#3564=CARTESIAN_POINT('Origin',(15.,25.,9.00349048128744));
#3565=CARTESIAN_POINT('Origin',(15.,25.,9.00349048128744));
#3566=CARTESIAN_POINT('Origin',(15.,25.,9.00349048128744));
#3567=CARTESIAN_POINT('Origin',(15.,25.,9.00349048128744));
#3568=CARTESIAN_POINT('Origin',(15.,25.,6.00000000000001));
#3569=CARTESIAN_POINT('',(7.97343008640813,25.,9.00349048128744));
#3570=CARTESIAN_POINT('Origin',(-3.00000000000001,43.,10.));
#3571=CARTESIAN_POINT('',(-15.0000000000001,30.,10.));
#3572=CARTESIAN_POINT('',(-15.0000000000001,17.0710678118655,10.));
#3573=CARTESIAN_POINT('',(-15.0000000000001,43.,10.));
#3574=CARTESIAN_POINT('',(-13.5355339059328,13.5355339059327,10.));
#3575=CARTESIAN_POINT('Origin',(-10.0000000000001,17.0710678118655,10.));
#3576=CARTESIAN_POINT('',(-1.46446609406726,1.46446609406725,10.));
#3577=CARTESIAN_POINT('',(-13.5355339059328,13.5355339059327,10.));
#3578=CARTESIAN_POINT('',(2.07106781186547,-8.4544218887272E-18,10.));
#3579=CARTESIAN_POINT('Origin',(2.07106781186547,5.,10.));
#3580=CARTESIAN_POINT('',(14.8034605473769,0.,10.));
#3581=CARTESIAN_POINT('',(-3.00000000000001,0.,10.));
#3582=CARTESIAN_POINT('',(14.8034605473769,6.26500600480481,10.));
#3583=CARTESIAN_POINT('',(14.8034605473769,43.,10.));
#3584=CARTESIAN_POINT('',(20.5021628421105,18.1278008128315,10.));
#3585=CARTESIAN_POINT('Ctrl Pts',(14.8034605473769,6.26500600480481,10.));
#3586=CARTESIAN_POINT('Ctrl Pts',(14.8034605473769,6.5284652546883,10.));
#3587=CARTESIAN_POINT('Ctrl Pts',(14.8103012523683,6.79118748767979,10.0000000000517));
#3588=CARTESIAN_POINT('Ctrl Pts',(14.8239000758898,7.05317553048657,9.99999999954778));
#3589=CARTESIAN_POINT('Ctrl Pts',(14.8373122741905,7.31156814636278,9.99999999905072));
#3590=CARTESIAN_POINT('Ctrl Pts',(14.857298530449,7.56924713547231,9.99999999788493));
#3591=CARTESIAN_POINT('Ctrl Pts',(14.8838324818608,7.82621750210541,9.99999999678195));
#3592=CARTESIAN_POINT('Ctrl Pts',(14.9109202467969,8.08855132411487,9.99999999565595));
#3593=CARTESIAN_POINT('Ctrl Pts',(14.9448317618224,8.3501472224629,9.9999999948459));
#3594=CARTESIAN_POINT('Ctrl Pts',(14.9855946311339,8.6110043308508,9.9999999956665));
#3595=CARTESIAN_POINT('Ctrl Pts',(15.0263575004455,8.87186143923871,9.9999999964871));
#3596=CARTESIAN_POINT('Ctrl Pts',(15.0739718235337,9.13198034174798,9.9999999996022));
#3597=CARTESIAN_POINT('Ctrl Pts',(15.1285201785716,9.39134521114971,9.99999999997424));
#3598=CARTESIAN_POINT('Ctrl Pts',(15.137888491341,9.43588938147852,10.0000000000381));
#3599=CARTESIAN_POINT('Ctrl Pts',(15.1473030512657,9.47968897187946,9.99999999997815));
#3600=CARTESIAN_POINT('Ctrl Pts',(15.1570654147104,9.52415036986601,9.9999999999817));
#3601=CARTESIAN_POINT('Ctrl Pts',(15.1623578207685,9.54825393591218,9.99999999998363));
#3602=CARTESIAN_POINT('Ctrl Pts',(15.1677533040957,9.57255182500143,10.));
#3603=CARTESIAN_POINT('Ctrl Pts',(15.1733061722028,9.59726671967886,10.));
#3604=CARTESIAN_POINT('Ctrl Pts',(15.2329302710463,9.86264369149476,10.));
#3605=CARTESIAN_POINT('Ctrl Pts',(15.2995318262543,10.1257247779896,9.99999999863606));
#3606=CARTESIAN_POINT('Ctrl Pts',(15.3730065093459,10.3864782982194,9.99999999881715));
#3607=CARTESIAN_POINT('Ctrl Pts',(15.4468912125323,10.6486869343965,9.99999999899924));
#3608=CARTESIAN_POINT('Ctrl Pts',(15.5277260597875,10.9085425227953,9.99999999988472));
#3609=CARTESIAN_POINT('Ctrl Pts',(15.6154571051779,11.166006380627,9.99999999998762));
#3610=CARTESIAN_POINT('Ctrl Pts',(15.7031754964879,11.4234331025926,10.0000000000905));
#3611=CARTESIAN_POINT('Ctrl Pts',(15.7977882727801,11.6784693358997,9.99999999933036));
#3612=CARTESIAN_POINT('Ctrl Pts',(15.8992914003405,11.9310615551416,9.99999999888166));
#3613=CARTESIAN_POINT('Ctrl Pts',(16.0003699010027,12.1825970832927,9.99999999843484));
#3614=CARTESIAN_POINT('Ctrl Pts',(16.108281462279,12.431709521796,9.99999999899367));
#3615=CARTESIAN_POINT('Ctrl Pts',(16.2230684253942,12.6783232956288,9.99999999970697));
#3616=CARTESIAN_POINT('Ctrl Pts',(16.2490348205249,12.73411073457,9.99999999986833));
#3617=CARTESIAN_POINT('Ctrl Pts',(16.2753532280675,12.7897701999192,10.));
#3618=CARTESIAN_POINT('Ctrl Pts',(16.302024448489,12.8453006125969,10.));
#3619=CARTESIAN_POINT('Ctrl Pts',(16.4190115580786,13.0888718617122,10.));
#3620=CARTESIAN_POINT('Ctrl Pts',(16.5421555757829,13.3286234785461,9.99999999727719));
#3621=CARTESIAN_POINT('Ctrl Pts',(16.671375219887,13.5645975422698,9.99999999420095));
#3622=CARTESIAN_POINT('Ctrl Pts',(16.7956017638348,13.7914534711881,9.99999999124357));
#3623=CARTESIAN_POINT('Ctrl Pts',(16.9254440827893,14.0148184971189,9.99999998809132));
#3624=CARTESIAN_POINT('Ctrl Pts',(17.0608794078639,14.2347092784279,9.9999999868936));
#3625=CARTESIAN_POINT('Ctrl Pts',(17.1962692662498,14.4545262406968,9.99999998569628));
#3626=CARTESIAN_POINT('Ctrl Pts',(17.3372486593755,14.6708717391956,9.99999998663554));
#3627=CARTESIAN_POINT('Ctrl Pts',(17.4838391657906,14.8837351596663,9.99999998957199));
#3628=CARTESIAN_POINT('Ctrl Pts',(17.6298575522458,15.0957678072953,9.99999999249697));
#3629=CARTESIAN_POINT('Ctrl Pts',(17.7814436652768,15.3043459137177,9.99999999763904));
#3630=CARTESIAN_POINT('Ctrl Pts',(17.9386582235545,15.509425552822,9.9999999994595));
#3631=CARTESIAN_POINT('Ctrl Pts',(17.9584178965411,15.5352011975797,9.99999999968831));
#3632=CARTESIAN_POINT('Ctrl Pts',(17.978266529369,15.5609215289644,9.99999999985477));
#3633=CARTESIAN_POINT('Ctrl Pts',(17.9982042827217,15.5865864171918,9.99999999993871));
#3634=CARTESIAN_POINT('Ctrl Pts',(18.0262748757681,15.6227203095252,10.0000000000569));
#3635=CARTESIAN_POINT('Ctrl Pts',(18.0549910063529,15.6593447107043,9.99999999998436));
#3636=CARTESIAN_POINT('Ctrl Pts',(18.083457668918,15.6953162923068,9.9999999999835));
#3637=CARTESIAN_POINT('Ctrl Pts',(18.099803713619,15.715971789926,9.99999999998301));
#3638=CARTESIAN_POINT('Ctrl Pts',(18.1160667224007,15.7364126422899,10.));
#3639=CARTESIAN_POINT('Ctrl Pts',(18.1320711708106,15.756427217691,10.));
#3640=CARTESIAN_POINT('Ctrl Pts',(18.2935217114684,15.9583313343955,10.));
#3641=CARTESIAN_POINT('Ctrl Pts',(18.4596842700219,16.1555590336565,9.99999999812573));
#3642=CARTESIAN_POINT('Ctrl Pts',(18.6304929798457,16.3481649552239,9.99999999743797));
#3643=CARTESIAN_POINT('Ctrl Pts',(18.8021168437057,16.5416900541243,9.99999999674693));
#3644=CARTESIAN_POINT('Ctrl Pts',(18.9784316251757,16.7305495811943,9.99999999694198));
#3645=CARTESIAN_POINT('Ctrl Pts',(19.1594137857437,16.9147692600908,9.99999999752899));
#3646=CARTESIAN_POINT('Ctrl Pts',(19.3403431554729,17.0989352037941,9.99999999811582));
#3647=CARTESIAN_POINT('Ctrl Pts',(19.5259375516495,17.2784643856718,9.99999999894518));
#3648=CARTESIAN_POINT('Ctrl Pts',(19.716211408969,17.4533468908528,9.99999999940665));
#3649=CARTESIAN_POINT('Ctrl Pts',(19.9057003889628,17.6275080078467,9.99999999986622));
#3650=CARTESIAN_POINT('Ctrl Pts',(20.0998307090654,17.7970610348764,9.99999999997944));
#3651=CARTESIAN_POINT('Ctrl Pts',(20.298648448755,17.9619555778922,9.99999999999569));
#3652=CARTESIAN_POINT('Ctrl Pts',(20.3659484096776,18.0177725101169,10.0000000000012));
#3653=CARTESIAN_POINT('Ctrl Pts',(20.4337857107839,18.0730552938224,10.));
#3654=CARTESIAN_POINT('Ctrl Pts',(20.5021628421105,18.1278008128315,10.));
#3655=CARTESIAN_POINT('',(20.975640995228,31.4647221367489,10.));
#3656=CARTESIAN_POINT('Origin',(15.,25.,10.));
#3657=CARTESIAN_POINT('',(2.2968578095626,48.730383395528,10.));
#3658=CARTESIAN_POINT('',(20.975640995228,31.4647221367489,10.));
#3659=CARTESIAN_POINT('',(-6.93538309810493,49.7384535603963,10.));
#3660=CARTESIAN_POINT('Origin',(-3.00000000000001,43.,10.));
#3661=CARTESIAN_POINT('',(-24.0000000000001,39.7723976501728,10.));
#3662=CARTESIAN_POINT('',(-6.93538309810493,49.7384535603963,10.));
#3663=CARTESIAN_POINT('',(-24.0000000000001,30.157095584354,10.));
#3664=CARTESIAN_POINT('',(-24.0000000000001,43.,10.));
#3665=CARTESIAN_POINT('',(-24.0000000000001,30.157095584354,10.));
#3666=CARTESIAN_POINT('',(-8.06109272724871,43.,10.));
#3667=CARTESIAN_POINT('Origin',(-3.00000000000001,43.,10.));
#3668=CARTESIAN_POINT('Origin',(15.,25.,9.00349048128744));
#3669=CARTESIAN_POINT('Origin',(15.,25.,9.2));
#3670=CARTESIAN_POINT('Origin',(15.,25.,5.80349048129847));
#3671=CARTESIAN_POINT('',(10.1745506492815,25.,-1.11022302462516E-15));
#3672=CARTESIAN_POINT('Origin',(15.,25.,0.));
#3673=CARTESIAN_POINT('',(10.0732503461216,25.,5.80349048129847));
#3674=CARTESIAN_POINT('Origin',(10.,0.149977154273462,-6.5));
#3675=CARTESIAN_POINT('',(11.7918929533787,0.299954308546921,-6.5));
#3676=CARTESIAN_POINT('',(8.20810704662131,0.299954308546928,-6.5));
#3677=CARTESIAN_POINT('Origin',(10.,0.299954308546925,-6.5));
#3678=CARTESIAN_POINT('Origin',(10.,0.299954308546925,-6.5));
#3679=CARTESIAN_POINT('',(12.09712867531,-2.07715573192594E-16,-6.5));
#3680=CARTESIAN_POINT('',(11.9445108143444,0.149977154273461,-6.5));
#3681=CARTESIAN_POINT('Origin',(10.,-1.73472347597681E-16,-6.5));
#3682=CARTESIAN_POINT('Origin',(10.,3.39490965523751E-15,-6.5));
#3683=CARTESIAN_POINT('',(11.7586425065725,2.20458527138768,-6.49581070797377));
#3684=CARTESIAN_POINT('',(8.24299794513703,2.20453403001345,-6.49952036951171));
#3685=CARTESIAN_POINT('Ctrl Pts',(11.7586425065725,2.20458527138768,-6.49581070797377));
#3686=CARTESIAN_POINT('Ctrl Pts',(11.7572612057884,2.21191081666882,-5.96962639027177));
#3687=CARTESIAN_POINT('Ctrl Pts',(11.2517470776473,2.22648063725015,-4.92455298817544));
#3688=CARTESIAN_POINT('Ctrl Pts',(9.55362214964981,2.23185343466773,-4.53983735538224));
#3689=CARTESIAN_POINT('Ctrl Pts',(8.41396290387499,2.21924802582445,-5.44296999947424));
#3690=CARTESIAN_POINT('Ctrl Pts',(8.2428179481112,2.2082210998704,-6.23468002415674));
#3691=CARTESIAN_POINT('Ctrl Pts',(8.24299794513703,2.20453403001345,-6.49952036951171));
#3692=CARTESIAN_POINT('Ctrl Pts',(8.24299794513703,2.20453403001345,-6.49952036951171));
#3693=CARTESIAN_POINT('Ctrl Pts',(8.24317642881068,2.20087795975322,-6.76213402966134));
#3694=CARTESIAN_POINT('Ctrl Pts',(8.41347492529036,2.18987550211853,-7.55277948028325));
#3695=CARTESIAN_POINT('Ctrl Pts',(9.5500922222154,2.17718364038768,-8.46674167130777));
#3696=CARTESIAN_POINT('Ctrl Pts',(11.2594246591815,2.18267764153862,-8.07085096427498));
#3697=CARTESIAN_POINT('Ctrl Pts',(11.7600238073566,2.19725972610653,-7.02199502567576));
#3698=CARTESIAN_POINT('Ctrl Pts',(11.7586425065725,2.20458527138768,-6.49581070797377));
#3699=CARTESIAN_POINT('',(8.20287132468998,6.78981931047502E-15,-6.5));
#3700=CARTESIAN_POINT('Origin',(15.,-2.44929359829471E-16,10.));
#3701=CARTESIAN_POINT('',(2.07106781186547,-1.69088437774544E-17,-11.));
#3702=CARTESIAN_POINT('',(2.07106781186547,-3.38176875549088E-17,10.));
#3703=CARTESIAN_POINT('',(15.3665563634926,-1.67276480573054E-16,-11.));
#3704=CARTESIAN_POINT('',(15.,-2.44929359829471E-16,-11.));
#3705=CARTESIAN_POINT('',(15.0034300864081,-3.95656012403059E-17,9.80349048128746));
#3706=CARTESIAN_POINT('',(15.0034300864081,-2.44985368420678E-16,9.80349048128746));
#3707=CARTESIAN_POINT('Origin',(14.8034605473769,0.,9.8));
#3708=CARTESIAN_POINT('Ctrl Pts',(12.0534122744101,2.50451144053152,-6.49992689389965));
#3709=CARTESIAN_POINT('Ctrl Pts',(12.0532625331738,2.51309011021256,-5.88556486315996));
#3710=CARTESIAN_POINT('Ctrl Pts',(11.4656530090981,2.53017628907386,-4.66193696593271));
#3711=CARTESIAN_POINT('Ctrl Pts',(9.47699973281517,2.53648826138553,-4.20990462624038));
#3712=CARTESIAN_POINT('Ctrl Pts',(7.87996399621075,2.51874336846522,-5.48070637699202));
#3713=CARTESIAN_POINT('Ctrl Pts',(7.88410561371311,2.49027188851786,-7.51969340982825));
#3714=CARTESIAN_POINT('Ctrl Pts',(9.47647694339379,2.47246591862939,-8.79486919193731));
#3715=CARTESIAN_POINT('Ctrl Pts',(11.466489718617,2.47887957174407,-8.33555497440706));
#3716=CARTESIAN_POINT('Ctrl Pts',(12.0535620156464,2.49593277085048,-7.11428892463934));
#3717=CARTESIAN_POINT('Ctrl Pts',(12.0534122744101,2.50451144053152,-6.49992689389965));
#3718=CARTESIAN_POINT('Ctrl Pts',(11.9551556851309,2.40453605081691,-6.49855483192436));
#3719=CARTESIAN_POINT('Ctrl Pts',(11.9545954240453,2.41269701236465,-5.91358537219723));
#3720=CARTESIAN_POINT('Ctrl Pts',(11.3943510319478,2.42894440513263,-4.74947564001362));
#3721=CARTESIAN_POINT('Ctrl Pts',(9.50254053842673,2.43494331914627,-4.31988220262101));
#3722=CARTESIAN_POINT('Ctrl Pts',(7.98237091666105,2.41807548057561,-5.52803167355526));
#3723=CARTESIAN_POINT('Ctrl Pts',(7.98440337510193,2.39099017382451,-7.46948235781578));
#3724=CARTESIAN_POINT('Ctrl Pts',(9.50101536966765,2.37403849254882,-8.68549335172745));
#3725=CARTESIAN_POINT('Ctrl Pts',(11.3974680321385,2.38014559500892,-8.24732030436304));
#3726=CARTESIAN_POINT('Ctrl Pts',(11.9557159462164,2.39637508926917,-7.08352429165148));
#3727=CARTESIAN_POINT('Ctrl Pts',(11.9551556851309,2.40453605081691,-6.49855483192436));
#3728=CARTESIAN_POINT('Ctrl Pts',(11.8568990958517,2.30456066110229,-6.49718276994906));
#3729=CARTESIAN_POINT('Ctrl Pts',(11.8559283149168,2.31230391451674,-5.9416058812345));
#3730=CARTESIAN_POINT('Ctrl Pts',(11.3230490547976,2.32771252119139,-4.83701431409453));
#3731=CARTESIAN_POINT('Ctrl Pts',(9.52808134403826,2.333398376907,-4.42985977900162));
#3732=CARTESIAN_POINT('Ctrl Pts',(8.08477783711137,2.317407592686,-5.57535697011851));
#3733=CARTESIAN_POINT('Ctrl Pts',(8.08470113649072,2.29170845913115,-7.4192713058033));
#3734=CARTESIAN_POINT('Ctrl Pts',(9.52555379594154,2.27561106646825,-8.57611751151761));
#3735=CARTESIAN_POINT('Ctrl Pts',(11.32844634566,2.28141161827377,-8.15908563431901));
#3736=CARTESIAN_POINT('Ctrl Pts',(11.8578698767865,2.29681740768785,-7.05275965866362));
#3737=CARTESIAN_POINT('Ctrl Pts',(11.8568990958517,2.30456066110229,-6.49718276994906));
#3738=CARTESIAN_POINT('Ctrl Pts',(11.7586425065725,2.20458527138768,-6.49581070797377));
#3739=CARTESIAN_POINT('Ctrl Pts',(11.7572612057884,2.21191081666882,-5.96962639027177));
#3740=CARTESIAN_POINT('Ctrl Pts',(11.2517470776473,2.22648063725015,-4.92455298817544));
#3741=CARTESIAN_POINT('Ctrl Pts',(9.55362214964981,2.23185343466773,-4.53983735538224));
#3742=CARTESIAN_POINT('Ctrl Pts',(8.18718475756169,2.21673970479639,-5.62268226668176));
#3743=CARTESIAN_POINT('Ctrl Pts',(8.18499889787952,2.19242674443779,-7.36906025379082));
#3744=CARTESIAN_POINT('Ctrl Pts',(9.5500922222154,2.17718364038768,-8.46674167130777));
#3745=CARTESIAN_POINT('Ctrl Pts',(11.2594246591815,2.18267764153862,-8.07085096427498));
#3746=CARTESIAN_POINT('Ctrl Pts',(11.7600238073566,2.19725972610653,-7.02199502567576));
#3747=CARTESIAN_POINT('Ctrl Pts',(11.7586425065725,2.20458527138768,-6.49581070797377));
#3748=CARTESIAN_POINT('',(12.0534122744101,2.50451144053152,-6.49992689389965));
#3749=CARTESIAN_POINT('',(12.0534122744101,2.50451144053152,-6.49992689389965));
#3750=CARTESIAN_POINT('Ctrl Pts',(12.0534122744101,2.50451144053152,-6.49992689389965));
#3751=CARTESIAN_POINT('Ctrl Pts',(12.0535620156464,2.49593277085048,-7.11428892463934));
#3752=CARTESIAN_POINT('Ctrl Pts',(11.466489718617,2.47887957174407,-8.33555497440706));
#3753=CARTESIAN_POINT('Ctrl Pts',(9.47647694339379,2.47246591862939,-8.79486919193731));
#3754=CARTESIAN_POINT('Ctrl Pts',(7.88410561371311,2.49027188851786,-7.51969340982825));
#3755=CARTESIAN_POINT('Ctrl Pts',(7.87996399621075,2.51874336846522,-5.48070637699202));
#3756=CARTESIAN_POINT('Ctrl Pts',(9.47699973281517,2.53648826138553,-4.20990462624038));
#3757=CARTESIAN_POINT('Ctrl Pts',(11.4656530090981,2.53017628907386,-4.66193696593271));
#3758=CARTESIAN_POINT('Ctrl Pts',(12.0532625331738,2.51309011021256,-5.88556486315996));
#3759=CARTESIAN_POINT('Ctrl Pts',(12.0534122744101,2.50451144053152,-6.49992689389965));
#3760=CARTESIAN_POINT('Origin',(-3.00000000000001,2.7,7.5));
#3761=CARTESIAN_POINT('',(2.0276669254315,2.59527343913114,0.));
#3762=CARTESIAN_POINT('',(2.07104364727791,2.44167448318997,-11.));
#3763=CARTESIAN_POINT('',(1.99780078769588,2.70103079881418,7.57382072935667));
#3764=CARTESIAN_POINT('',(15.1745506492822,2.59527343913114,-4.26436602652611E-15));
#3765=CARTESIAN_POINT('',(-3.00000000000001,2.59527343913114,0.));
#3766=CARTESIAN_POINT('',(15.3665563634926,2.44167448319008,-11.));
#3767=CARTESIAN_POINT('',(15.3665563634926,2.44167448319014,-11.));
#3768=CARTESIAN_POINT('',(2.07106781186547,2.44167448318997,-11.));
#3769=CARTESIAN_POINT('Origin',(-14.8500000000001,25.,5.));
#3770=CARTESIAN_POINT('',(-14.7000000000001,25.,2.7));
#3771=CARTESIAN_POINT('Origin',(-14.7000000000001,25.,5.));
#3772=CARTESIAN_POINT('',(-15.0000000000001,25.,2.4));
#3773=CARTESIAN_POINT('',(-14.8500000000001,25.,2.55));
#3774=CARTESIAN_POINT('Origin',(-15.0000000000001,25.,5.));
#3775=CARTESIAN_POINT('Origin',(-10.0000000000001,25.,5.));
#3776=CARTESIAN_POINT('',(-10.0000000000001,25.,2.7));
#3777=CARTESIAN_POINT('Origin',(-10.0000000000001,25.,5.));
#3778=CARTESIAN_POINT('',(-10.0000000000001,25.,2.7));
#3779=CARTESIAN_POINT('Origin',(-15.0000000000001,15.,10.));
#3780=CARTESIAN_POINT('',(-15.0000000000001,30.,0.));
#3781=CARTESIAN_POINT('',(-15.0000000000001,30.,10.));
#3782=CARTESIAN_POINT('',(-15.0000000000001,23.4999999999999,-6.50521303491303E-16));
#3783=CARTESIAN_POINT('',(-15.0000000000001,43.,0.));
#3784=CARTESIAN_POINT('',(-15.0000000000001,17.4999999999999,-6.));
#3785=CARTESIAN_POINT('',(-15.0000000000001,17.4999999999999,-6.));
#3786=CARTESIAN_POINT('',(-15.0000000000001,17.0710678118655,-6.));
#3787=CARTESIAN_POINT('',(-15.0000000000001,15.,-6.));
#3788=CARTESIAN_POINT('',(-15.0000000000001,17.0710678118655,10.));
#3789=CARTESIAN_POINT('Origin',(-3.00000000000001,43.,5.5));
#3790=CARTESIAN_POINT('Origin',(-3.00000000000001,43.,5.5));
#3791=CARTESIAN_POINT('Origin',(15.,25.,9.2));
#3792=CARTESIAN_POINT('Origin',(-3.00000000000001,43.,9.70523572192405));
#3793=CARTESIAN_POINT('',(-8.05594759763629,43.,9.70523572192405));
#3794=CARTESIAN_POINT('Origin',(-3.00000000000001,43.,-5.65306828266108));
#3795=CARTESIAN_POINT('',(-5.50000000000001,43.,2.5));
#3796=CARTESIAN_POINT('Origin',(-3.00000000000001,43.,2.5));
#3797=CARTESIAN_POINT('',(-5.50000000000001,43.,-5.65306828266108));
#3798=CARTESIAN_POINT('Origin',(-10.0000000000001,25.,5.));
#3799=CARTESIAN_POINT('Origin',(0.,0.,10.));
#3800=CARTESIAN_POINT('',(-1.46446609406726,1.46446609406725,-11.));
#3801=CARTESIAN_POINT('',(-8.53553390593276,8.5355339059327,-11.));
#3802=CARTESIAN_POINT('',(0.,0.,-11.));
#3803=CARTESIAN_POINT('',(-1.46446609406726,1.46446609406725,10.));
#3804=CARTESIAN_POINT('',(-13.5355339059328,13.5355339059327,-6.));
#3805=CARTESIAN_POINT('',(-13.5355339059328,13.5355339059327,10.));
#3806=CARTESIAN_POINT('',(-12.0710678118655,12.0710678118654,-6.));
#3807=CARTESIAN_POINT('',(0.,0.,-6.));
#3808=CARTESIAN_POINT('',(-8.53553390593276,8.5355339059327,-11.));
#3809=CARTESIAN_POINT('Origin',(2.07106781186547,5.,10.));
#3810=CARTESIAN_POINT('Origin',(2.07106781186547,5.,-11.));
#3811=CARTESIAN_POINT('Origin',(-3.00000000000001,43.,2.5));
#3812=CARTESIAN_POINT('',(2.09481770724572,43.,2.49999999999773));
#3813=CARTESIAN_POINT('Origin',(-3.00000000000001,43.,2.49999999999773));
#3814=CARTESIAN_POINT('Origin',(2.2968578095626,48.730383395528,9.8));
#3815=CARTESIAN_POINT('',(2.43259377030229,48.8772287751028,9.80349048128746));
#3816=CARTESIAN_POINT('Origin',(2.2968578095626,48.730383395528,9.79999999999999));
#3817=CARTESIAN_POINT('',(21.1113769559677,31.6115675163237,9.80349048128746));
#3818=CARTESIAN_POINT('Origin',(20.975640995228,31.4647221367489,9.8));
#3819=CARTESIAN_POINT('',(2.43259377030229,48.8772287751028,9.80349048128746));
#3820=CARTESIAN_POINT('Origin',(-3.00000000000001,43.,9.79999999999998));
#3821=CARTESIAN_POINT('',(-7.0362302465286,49.9111314952785,9.80349048128746));
#3822=CARTESIAN_POINT('Origin',(-6.93538309810493,49.7384535603963,9.8));
#3823=CARTESIAN_POINT('Origin',(-3.00000000000001,43.,9.80349048128746));
#3824=CARTESIAN_POINT('Origin',(-6.93538309810493,49.7384535603963,9.8));
#3825=CARTESIAN_POINT('',(-24.0000000000001,40.0039722087153,9.80349048128745));
#3826=CARTESIAN_POINT('Origin',(-24.0000000000001,39.7723976501731,9.80000000000026));
#3827=CARTESIAN_POINT('',(-7.0362302465286,49.9111314952785,9.80349048128746));
#3828=CARTESIAN_POINT('Origin',(-10.0000000000001,17.0710678118655,10.));
#3829=CARTESIAN_POINT('Origin',(-10.0000000000001,17.0710678118655,-6.));
#3830=CARTESIAN_POINT('Origin',(15.,25.,6.));
#3831=CARTESIAN_POINT('Origin',(0.,0.,-6.));
#3832=CARTESIAN_POINT('',(-11.759671217762,15.3114575352709,-6.));
#3833=CARTESIAN_POINT('',(-12.4885078095634,17.0710247199525,-5.99999999995043));
#3834=CARTESIAN_POINT('Origin',(-9.99934595439473,17.0713387264256,-6.));
#3835=CARTESIAN_POINT('',(-10.2951746531111,13.8469609706198,-6.));
#3836=CARTESIAN_POINT('',(-10.2951746531111,13.8469609706198,-6.));
#3837=CARTESIAN_POINT('',(-12.0710678118655,12.0710678118654,-6.));
#3838=CARTESIAN_POINT('',(-12.4885078095636,17.5000000000165,-5.99999999998348));
#3839=CARTESIAN_POINT('',(0.,17.4999999999999,-6.));
#3840=CARTESIAN_POINT('',(-12.4885078095634,43.,-5.99999999995043));
#3841=CARTESIAN_POINT('Origin',(-5.00000000000004,12.0710678118655,-11.));
#3842=CARTESIAN_POINT('',(-6.80900932141887,10.2620584904466,-11.));
#3843=CARTESIAN_POINT('',(-10.2951746531111,13.8469609706198,-5.99999999999999));
#3844=CARTESIAN_POINT('',(-8.53553390593276,8.5355339059327,-11.));
#3845=CARTESIAN_POINT('Origin',(14.8034605473769,43.,9.8));
#3846=CARTESIAN_POINT('',(15.0034300864081,6.26500600480481,9.80349048128746));
#3847=CARTESIAN_POINT('',(15.0034300864081,43.,9.80349048128746));
#3848=CARTESIAN_POINT('Origin',(14.8034605473768,6.26500600480481,9.8));
#3849=CARTESIAN_POINT('Origin',(2.07106781186547,5.,-11.));
#3850=CARTESIAN_POINT('',(15.3665563634926,43.,-11.));
#3851=CARTESIAN_POINT('',(0.262075577390321,3.19097359163739,-11.));
#3852=CARTESIAN_POINT('',(-6.80900932141887,10.2620584904466,-11.));
#3853=CARTESIAN_POINT('Origin',(2.07113967670842,5.00017349707851,-11.));
#3854=CARTESIAN_POINT('Origin',(30.,6.26500600480481,9.79999999999998));
#3855=CARTESIAN_POINT('',(20.6271438040051,17.9716996414577,9.80349048128746));
#3856=CARTESIAN_POINT('Origin',(20.5021628421106,18.1278008128315,9.8));
#3857=CARTESIAN_POINT('Origin',(30.,6.26500600480481,9.80349048128744));
#3858=CARTESIAN_POINT('Origin',(15.,25.,9.79999999999998));
#3859=CARTESIAN_POINT('Origin',(15.,25.,9.80349048128748));
#3860=CARTESIAN_POINT('Origin',(-3.00000000000001,43.,5.6843418860808E-11));
#3861=CARTESIAN_POINT('',(2.12972656086852,43.,-3.13786053906325E-17));
#3862=CARTESIAN_POINT('',(2.12972656086773,43.,5.6843418860808E-11));
#3863=CARTESIAN_POINT('Origin',(-3.00000000000001,43.,0.));
#3864=CARTESIAN_POINT('Origin',(2.43026548532306,48.8747099297675,10.));
#3865=CARTESIAN_POINT('',(2.54874753110278,49.0028892338407,5.65713988416414E-31));
#3866=CARTESIAN_POINT('',(2.54874753110278,49.0028892338407,-1.90819582357449E-14));
#3867=CARTESIAN_POINT('',(21.2275307167682,31.7372279750616,-5.20417042793042E-15));
#3868=CARTESIAN_POINT('',(21.1090486709885,31.6090486709885,10.));
#3869=CARTESIAN_POINT('',(2.54874753110278,49.0028892338407,-8.67361737988404E-15));
#3870=CARTESIAN_POINT('Origin',(-3.00000000000001,43.,-1.72803320390368E-14));
#3871=CARTESIAN_POINT('',(-7.1225284941822,50.0588977278564,-4.77048955893622E-15));
#3872=CARTESIAN_POINT('Origin',(-3.00000000000001,43.,0.));
#3873=CARTESIAN_POINT('',(-7.03450041090071,49.9081695429717,10.));
#3874=CARTESIAN_POINT('Origin',(-7.03450041090072,49.9081695429717,10.));
#3875=CARTESIAN_POINT('',(-24.0000000000001,40.2021382343863,-4.3012262305657E-15));
#3876=CARTESIAN_POINT('',(-24.0000000000001,40.2021382343863,-1.73472347597681E-15));
#3877=CARTESIAN_POINT('',(-7.12252849418221,50.0588977278564,-8.67361737988404E-15));
#3878=CARTESIAN_POINT('Origin',(-24.0000000000001,30.,10.));
#3879=CARTESIAN_POINT('',(-24.0000000000001,30.157095584354,0.));
#3880=CARTESIAN_POINT('',(-24.0000000000001,43.,0.));
#3881=CARTESIAN_POINT('',(-24.0000000000001,30.157095584354,10.));
#3882=CARTESIAN_POINT('Origin',(-15.0000000000001,30.,10.));
#3883=CARTESIAN_POINT('',(-15.0000000000001,30.,0.));
#3884=CARTESIAN_POINT('Origin',(-15.0000000000001,25.,1.50000000000013));
#3885=CARTESIAN_POINT('',(-12.404726560869,23.4999999999999,-4.13010492639061E-15));
#3886=CARTESIAN_POINT('',(-12.404726560869,23.4999999999999,-8.67361737988404E-16));
#3887=CARTESIAN_POINT('',(-15.0000000000001,23.4999999999999,-8.67361737988404E-16));
#3888=CARTESIAN_POINT('Origin',(-12.3000000000001,43.,7.5));
#3889=CARTESIAN_POINT('',(-12.404726560869,17.0276488223711,0.));
#3890=CARTESIAN_POINT('',(-12.404726560869,34.,1.11022302462516E-15));
#3891=CARTESIAN_POINT('',(-12.2994856377576,16.9731626506633,7.53683608806635));
#3892=CARTESIAN_POINT('Origin',(-10.2374940412138,16.972694559012,7.57280509802244));
#3893=CARTESIAN_POINT('',(-11.7311003199936,15.4013712156795,0.));
#3894=CARTESIAN_POINT('Origin',(-10.1041220600955,17.0279390424317,0.));
#3895=CARTESIAN_POINT('',(-11.6952112910987,15.5143153275653,7.53683608806635));
#3896=CARTESIAN_POINT('Origin',(-21.0908116907963,24.9091883092035,7.5));
#3897=CARTESIAN_POINT('',(0.401358414882655,3.26891248080325,0.));
#3898=CARTESIAN_POINT('',(-21.1648645521571,24.8351354478428,0.));
#3899=CARTESIAN_POINT('',(0.497258709595631,3.32257567847481,7.57382072935667));
#3900=CARTESIAN_POINT('Origin',(1.99760438576633,4.82264360037308,7.5940112172583));
#3901=CARTESIAN_POINT('Origin',(2.0277532583429,4.89542941743768,0.));
#3902=CARTESIAN_POINT('Origin',(15.,43.,10.));
#3903=CARTESIAN_POINT('',(15.1745506492822,6.2650060048048,-3.00101651423664E-15));
#3904=CARTESIAN_POINT('',(15.1745506492822,43.,-5.20417042793042E-15));
#3905=CARTESIAN_POINT('',(15.0034300864081,6.26500600480481,9.80349048128744));
#3906=CARTESIAN_POINT('Origin',(30.,6.2650060048048,9.8034904812875));
#3907=CARTESIAN_POINT('',(20.7340941558014,17.8381186948785,0.));
#3908=CARTESIAN_POINT('Origin',(30.,6.2650060048048,0.));
#3909=CARTESIAN_POINT('',(20.7340941558014,17.8381186948785,-3.46944695195361E-14));
#3910=CARTESIAN_POINT('Origin',(15.,25.,-3.06165162651455E-14));
#3911=CARTESIAN_POINT('Origin',(15.,25.,0.));
#3912=CARTESIAN_POINT('Origin',(15.,25.,1.11022302462516E-15));
#3913=CARTESIAN_POINT('',(0.,0.,0.));
#3914=CARTESIAN_POINT('',(0.,0.,0.));
#3915=CARTESIAN_POINT('',(30.,-4.44089209850063E-15,0.));
#3916=UNCERTAINTY_MEASURE_WITH_UNIT(LENGTH_MEASURE(0.01),#3924,
'DISTANCE_ACCURACY_VALUE',
'Maximum model space distance between geometric entities at asserted c
onnectivities');
#3917=UNCERTAINTY_MEASURE_WITH_UNIT(LENGTH_MEASURE(0.01),#3924,
'DISTANCE_ACCURACY_VALUE',
'Maximum model space distance between geometric entities at asserted c
onnectivities');
#3918=UNCERTAINTY_MEASURE_WITH_UNIT(LENGTH_MEASURE(0.01),#3924,
'DISTANCE_ACCURACY_VALUE',
'Maximum model space distance between geometric entities at asserted c
onnectivities');
#3919=UNCERTAINTY_MEASURE_WITH_UNIT(LENGTH_MEASURE(0.01),#3924,
'DISTANCE_ACCURACY_VALUE',
'Maximum model space distance between geometric entities at asserted c
onnectivities');
#3920=(
GEOMETRIC_REPRESENTATION_CONTEXT(3)
GLOBAL_UNCERTAINTY_ASSIGNED_CONTEXT((#3916))
GLOBAL_UNIT_ASSIGNED_CONTEXT((#3924,#3926,#3927))
REPRESENTATION_CONTEXT('','3D')
);
#3921=(
GEOMETRIC_REPRESENTATION_CONTEXT(3)
GLOBAL_UNCERTAINTY_ASSIGNED_CONTEXT((#3917))
GLOBAL_UNIT_ASSIGNED_CONTEXT((#3924,#3926,#3927))
REPRESENTATION_CONTEXT('','3D')
);
#3922=(
GEOMETRIC_REPRESENTATION_CONTEXT(3)
GLOBAL_UNCERTAINTY_ASSIGNED_CONTEXT((#3918))
GLOBAL_UNIT_ASSIGNED_CONTEXT((#3924,#3926,#3927))
REPRESENTATION_CONTEXT('','3D')
);
#3923=(
GEOMETRIC_REPRESENTATION_CONTEXT(3)
GLOBAL_UNCERTAINTY_ASSIGNED_CONTEXT((#3919))
GLOBAL_UNIT_ASSIGNED_CONTEXT((#3924,#3926,#3927))
REPRESENTATION_CONTEXT('','3D')
);
#3924=(
LENGTH_UNIT()
NAMED_UNIT(*)
SI_UNIT(.MILLI.,.METRE.)
);
#3925=(
LENGTH_UNIT()
NAMED_UNIT(*)
SI_UNIT($,.METRE.)
);
#3926=(
NAMED_UNIT(*)
PLANE_ANGLE_UNIT()
SI_UNIT($,.RADIAN.)
);
#3927=(
NAMED_UNIT(*)
SI_UNIT($,.STERADIAN.)
SOLID_ANGLE_UNIT()
);
#3928=SHAPE_DEFINITION_REPRESENTATION(#3931,#3936);
#3929=SHAPE_DEFINITION_REPRESENTATION(#3932,#3937);
#3930=SHAPE_DEFINITION_REPRESENTATION(#3933,#3938);
#3931=PRODUCT_DEFINITION_SHAPE('',$,#3940);
#3932=PRODUCT_DEFINITION_SHAPE('',$,#3941);
#3933=PRODUCT_DEFINITION_SHAPE('',$,#3942);
#3934=PRODUCT_DEFINITION_SHAPE($,$,#17);
#3935=PRODUCT_DEFINITION_SHAPE($,$,#18);
#3936=SHAPE_REPRESENTATION('',(#2238,#2458,#2459),#3920);
#3937=SHAPE_REPRESENTATION('',(#2239),#3921);
#3938=SHAPE_REPRESENTATION('',(#2457),#3922);
#3939=PRODUCT_DEFINITION_CONTEXT('part definition',#3950,'design');
#3940=PRODUCT_DEFINITION('Z\X\D6\X\E1\X\D7\X\F3\X\C7\X\B0\X\B9\X\CC\X\B6
\X\A8\X\BF\X\E9-B\X\B0\X\E6\X\B1\X\BE','Lfront_top rodmount opt v4',#3943,
#3939);
#3941=PRODUCT_DEFINITION('mount_presupported','mount_presupported',#3944,
#3939);
#3942=PRODUCT_DEFINITION('top rodmount template cut v1',
'top rodmount template cut v1',#3945,#3939);
#3943=PRODUCT_DEFINITION_FORMATION('',$,#3952);
#3944=PRODUCT_DEFINITION_FORMATION('',$,#3953);
#3945=PRODUCT_DEFINITION_FORMATION('',$,#3954);
#3946=PRODUCT_RELATED_PRODUCT_CATEGORY('Lfront_top rodmount opt v4',
'Lfront_top rodmount opt v4',(#3952));
#3947=PRODUCT_RELATED_PRODUCT_CATEGORY('mount_presupported',
'mount_presupported',(#3953));
#3948=PRODUCT_RELATED_PRODUCT_CATEGORY('top rodmount template cut v1',
'top rodmount template cut v1',(#3954));
#3949=APPLICATION_PROTOCOL_DEFINITION('international standard',
'automotive_design',2009,#3950);
#3950=APPLICATION_CONTEXT(
'Core Data for Automotive Mechanical Design Process');
#3951=PRODUCT_CONTEXT('part definition',#3950,'mechanical');
#3952=PRODUCT('Z\X\D6\X\E1\X\D7\X\F3\X\C7\X\B0\X\B9\X\CC\X\B6\X\A8\X\BF
\X\E9-B\X\B0\X\E6\X\B1\X\BE','Lfront_top rodmount opt v4','STEP AP214',
(#3951));
#3953=PRODUCT('mount_presupported','mount_presupported',$,(#3951));
#3954=PRODUCT('top rodmount template cut v1',
'top rodmount template cut v1',$,(#3951));
#3955=PRESENTATION_STYLE_ASSIGNMENT((#3958));
#3956=PRESENTATION_STYLE_ASSIGNMENT((#3959));
#3957=PRESENTATION_STYLE_ASSIGNMENT((#3960));
#3958=SURFACE_STYLE_USAGE(.BOTH.,#3961);
#3959=SURFACE_STYLE_USAGE(.BOTH.,#3962);
#3960=SURFACE_STYLE_USAGE(.BOTH.,#3963);
#3961=SURFACE_SIDE_STYLE('',(#3964));
#3962=SURFACE_SIDE_STYLE('',(#3965));
#3963=SURFACE_SIDE_STYLE('',(#3966));
#3964=SURFACE_STYLE_FILL_AREA(#3967);
#3965=SURFACE_STYLE_FILL_AREA(#3968);
#3966=SURFACE_STYLE_FILL_AREA(#3969);
#3967=FILL_AREA_STYLE(
'PA 12 - Nylon - PA 603-CF (with EOS P 3D Printers)',(#3970));
#3968=FILL_AREA_STYLE('Black',(#3971));
#3969=FILL_AREA_STYLE('Plastic - Glossy (Green)',(#3972));
#3970=FILL_AREA_STYLE_COLOUR(
'PA 12 - Nylon - PA 603-CF (with EOS P 3D Printers)',#3973);
#3971=FILL_AREA_STYLE_COLOUR('Black',#3974);
#3972=FILL_AREA_STYLE_COLOUR('Plastic - Glossy (Green)',#3975);
#3973=COLOUR_RGB('PA 12 - Nylon - PA 603-CF (with EOS P 3D Printers)',0.247058823529412,
0.247058823529412,0.247058823529412);
#3974=COLOUR_RGB('Black',0.450980392156863,0.450980392156863,0.450980392156863);
#3975=COLOUR_RGB('Plastic - Glossy (Green)',0.266666666666667,0.588235294117647,
0.282352941176471);
ENDSEC;
END-ISO-10303-21;
