ISO-10303-21;
HEADER;
/* Generated by software containing ST-Developer
 * from STEP Tools, Inc. (www.steptools.com) 
 */

FILE_DESCRIPTION(
/* description */ ('STEP AP214'),
/* implementation_level */ '2;1');

FILE_NAME(
/* name */ 'rear_top rodmount opt.step',
/* time_stamp */ '2026-02-24T20:37:06-05:00',
/* author */ (''),
/* organization */ (''),
/* preprocessor_version */ 'ST-DEVELOPER v20.1',
/* originating_system */ 'Autodesk Translation Framework v14.24.0.0',
/* authorisation */ '');

FILE_SCHEMA (('AUTOMOTIVE_DESIGN { 1 0 10303 214 3 1 1 }'));
ENDSEC;

DATA;
#10=MECHANICAL_DESIGN_GEOMETRIC_PRESENTATION_REPRESENTATION('',(#17),#6401);
#11=ITEM_DEFINED_TRANSFORMATION($,$,#3290,#3594);
#12=(
REPRESENTATION_RELATIONSHIP($,$,#6412,#6411)
REPRESENTATION_RELATIONSHIP_WITH_TRANSFORMATION(#11)
SHAPE_REPRESENTATION_RELATIONSHIP()
);
#13=CONTEXT_DEPENDENT_SHAPE_REPRESENTATION(#12,#6410);
#14=NEXT_ASSEMBLY_USAGE_OCCURRENCE('mount_presupported:1',
'mount_presupported:1','mount_presupported:1',#6414,#6415,
'mount_presupported:1');
#15=SHAPE_REPRESENTATION_RELATIONSHIP('SRR','None',#6412,#16);
#16=ADVANCED_BREP_SHAPE_REPRESENTATION('',(#18),#6400);
#17=STYLED_ITEM('',(#6427),#18);
#18=MANIFOLD_SOLID_BREP('Body1',#3276);
#19=(
BOUNDED_SURFACE()
B_SPLINE_SURFACE(3,2,((#5822,#5823,#5824),(#5825,#5826,#5827),(#5828,#5829,
#5830),(#5831,#5832,#5833),(#5834,#5835,#5836),(#5837,#5838,#5839),(#5840,
#5841,#5842),(#5843,#5844,#5845),(#5846,#5847,#5848),(#5849,#5850,#5851)),
 .UNSPECIFIED.,.F.,.F.,.F.)
B_SPLINE_SURFACE_WITH_KNOTS((4,2,2,2,4),(3,3),(1.58824961931484,1.97658537788358,
2.36492113645232,2.75325689502105,3.14159265358979),(0.,1.),
 .UNSPECIFIED.)
GEOMETRIC_REPRESENTATION_ITEM()
RATIONAL_B_SPLINE_SURFACE(((1.,0.707214460574178,1.),(1.,0.708013113813158,
1.),(1.,0.708806966059903,1.),(1.,0.710269656409959,1.),(1.,0.710937799676765,
1.),(1.,0.712050560592018,1.),(1.,0.71249479726383,1.),(1.,0.713094841482387,
1.),(1.,0.713251143017344,1.),(1.,0.713250449154182,1.)))
REPRESENTATION_ITEM('')
SURFACE()
);
#20=(
BOUNDED_SURFACE()
B_SPLINE_SURFACE(3,2,((#5868,#5869,#5870),(#5871,#5872,#5873),(#5874,#5875,
#5876),(#5877,#5878,#5879),(#5880,#5881,#5882),(#5883,#5884,#5885),(#5886,
#5887,#5888),(#5889,#5890,#5891),(#5892,#5893,#5894),(#5895,#5896,#5897)),
 .UNSPECIFIED.,.F.,.F.,.F.)
B_SPLINE_SURFACE_WITH_KNOTS((4,2,2,2,4),(3,3),(0.,0.388335758568738,0.776671517137476,
1.16500727570621,1.55334303427495),(0.,1.),.UNSPECIFIED.)
GEOMETRIC_REPRESENTATION_ITEM()
RATIONAL_B_SPLINE_SURFACE(((1.,0.713250449154182,1.),(1.,0.713251143017344,
1.),(1.,0.713094841482387,1.),(1.,0.71249479726383,1.),(1.,0.712050560592018,
1.),(1.,0.710937799676765,1.),(1.,0.710269656409959,1.),(1.,0.708806966059903,
1.),(1.,0.708013113813157,1.),(1.,0.707214460574178,1.)))
REPRESENTATION_ITEM('')
SURFACE()
);
#21=(
BOUNDED_SURFACE()
B_SPLINE_SURFACE(3,2,((#5916,#5917,#5918),(#5919,#5920,#5921),(#5922,#5923,
#5924),(#5925,#5926,#5927),(#5928,#5929,#5930),(#5931,#5932,#5933),(#5934,
#5935,#5936),(#5937,#5938,#5939),(#5940,#5941,#5942),(#5943,#5944,#5945)),
 .UNSPECIFIED.,.F.,.F.,.F.)
B_SPLINE_SURFACE_WITH_KNOTS((4,2,2,2,4),(3,3),(4.72984227290463,5.11817803147337,
5.50651379004211,5.89484954861085,6.28318530717959),(0.,1.),
 .UNSPECIFIED.)
GEOMETRIC_REPRESENTATION_ITEM()
RATIONAL_B_SPLINE_SURFACE(((1.,0.707214460574177,1.),(1.,0.70801311381315,
1.),(1.,0.708806966059913,1.),(1.,0.710269656409949,1.),(1.,0.710937799676876,
1.),(1.,0.712050560591907,1.),(1.,0.71249479726383,1.),(1.,0.713094841482387,
1.),(1.,0.713251143017344,1.),(1.,0.713250449154182,1.)))
REPRESENTATION_ITEM('')
SURFACE()
);
#22=(
BOUNDED_SURFACE()
B_SPLINE_SURFACE(3,2,((#5962,#5963,#5964),(#5965,#5966,#5967),(#5968,#5969,
#5970),(#5971,#5972,#5973),(#5974,#5975,#5976),(#5977,#5978,#5979),(#5980,
#5981,#5982),(#5983,#5984,#5985),(#5986,#5987,#5988),(#5989,#5990,#5991)),
 .UNSPECIFIED.,.F.,.F.,.F.)
B_SPLINE_SURFACE_WITH_KNOTS((4,2,2,2,4),(3,3),(3.14159265358979,3.52992841215853,
3.91826417072727,4.30659992929601,4.69493568786475),(0.,1.),
 .UNSPECIFIED.)
GEOMETRIC_REPRESENTATION_ITEM()
RATIONAL_B_SPLINE_SURFACE(((1.,0.713250449154182,1.),(1.,0.713251143017389,
1.),(1.,0.713094841482326,1.),(1.,0.71249479726389,1.),(1.,0.712050560592108,
1.),(1.,0.710937799676674,1.),(1.,0.710269656409949,1.),(1.,0.708806966059913,
1.),(1.,0.708013113813151,1.),(1.,0.707214460574178,1.)))
REPRESENTATION_ITEM('')
SURFACE()
);
#23=(
BOUNDED_SURFACE()
B_SPLINE_SURFACE(3,2,((#6069,#6070,#6071),(#6072,#6073,#6074),(#6075,#6076,
#6077),(#6078,#6079,#6080),(#6081,#6082,#6083),(#6084,#6085,#6086)),
 .UNSPECIFIED.,.F.,.F.,.F.)
B_SPLINE_SURFACE_WITH_KNOTS((4,2,4),(3,3),(1.58824961931484,2.36492113645232,
3.14159265358979),(0.,1.),.UNSPECIFIED.)
GEOMETRIC_REPRESENTATION_ITEM()
RATIONAL_B_SPLINE_SURFACE(((1.,0.707214460574178,1.),(1.,0.708816169051575,
1.),(1.,0.710381419631947,1.),(1.,0.712606940636833,1.),(1.,0.713260930954995,
1.),(1.,0.713250449154182,1.)))
REPRESENTATION_ITEM('')
SURFACE()
);
#24=(
BOUNDED_SURFACE()
B_SPLINE_SURFACE(3,2,((#6151,#6152,#6153),(#6154,#6155,#6156),(#6157,#6158,
#6159),(#6160,#6161,#6162),(#6163,#6164,#6165),(#6166,#6167,#6168)),
 .UNSPECIFIED.,.F.,.F.,.F.)
B_SPLINE_SURFACE_WITH_KNOTS((4,2,4),(3,3),(0.,0.776671517137477,1.55334303427495),
(0.,1.),.UNSPECIFIED.)
GEOMETRIC_REPRESENTATION_ITEM()
RATIONAL_B_SPLINE_SURFACE(((1.,0.713250449154182,1.),(1.,0.713260930954989,
1.),(1.,0.712606940636841,1.),(1.,0.710381419631938,1.),(1.,0.708816169051581,
1.),(1.,0.707214460574178,1.)))
REPRESENTATION_ITEM('')
SURFACE()
);
#25=(
BOUNDED_SURFACE()
B_SPLINE_SURFACE(3,2,((#6235,#6236,#6237),(#6238,#6239,#6240),(#6241,#6242,
#6243),(#6244,#6245,#6246),(#6247,#6248,#6249),(#6250,#6251,#6252)),
 .UNSPECIFIED.,.F.,.F.,.F.)
B_SPLINE_SURFACE_WITH_KNOTS((4,2,4),(3,3),(4.72984227290463,5.50651379004211,
6.28318530717959),(0.,1.),.UNSPECIFIED.)
GEOMETRIC_REPRESENTATION_ITEM()
RATIONAL_B_SPLINE_SURFACE(((1.,0.707214460574178,1.),(1.,0.708816169051657,
1.),(1.,0.710381419631834,1.),(1.,0.712606940636945,1.),(1.,0.713260930954908,
1.),(1.,0.713250449154182,1.)))
REPRESENTATION_ITEM('')
SURFACE()
);
#26=(
BOUNDED_SURFACE()
B_SPLINE_SURFACE(3,2,((#6317,#6318,#6319),(#6320,#6321,#6322),(#6323,#6324,
#6325),(#6326,#6327,#6328),(#6329,#6330,#6331),(#6332,#6333,#6334)),
 .UNSPECIFIED.,.F.,.F.,.F.)
B_SPLINE_SURFACE_WITH_KNOTS((4,2,4),(3,3),(3.14159265358979,3.91826417072727,
4.69493568786475),(0.,1.),.UNSPECIFIED.)
GEOMETRIC_REPRESENTATION_ITEM()
RATIONAL_B_SPLINE_SURFACE(((1.,0.713250449154182,1.),(1.,0.713260930954902,
1.),(1.,0.712606940636953,1.),(1.,0.710381419631826,1.),(1.,0.708816169051665,
1.),(1.,0.70721446057418,1.)))
REPRESENTATION_ITEM('')
SURFACE()
);
#27=SPHERICAL_SURFACE('',#3540,0.199999999999995);
#28=TOROIDAL_SURFACE('',#3532,9.80346054737686,0.200000000000008);
#29=TOROIDAL_SURFACE('',#3537,9.80346054737687,0.2);
#30=ELLIPSE('',#3494,0.40012185315642,0.4);
#31=ELLIPSE('',#3495,0.40012185315642,0.4);
#32=ELLIPSE('',#3496,0.40012185315642,0.4);
#33=ELLIPSE('',#3497,0.40012185315642,0.4);
#34=ELLIPSE('',#3498,0.40012185315642,0.4);
#35=ELLIPSE('',#3499,0.40012185315642,0.4);
#36=ELLIPSE('',#3500,0.40012185315642,0.4);
#37=ELLIPSE('',#3501,0.40012185315642,0.4);
#38=ELLIPSE('',#3512,4.77624626374207,0.173202925662096);
#39=B_SPLINE_SURFACE_WITH_KNOTS('',3,3,((#5061,#5062,#5063,#5064,#5065,
#5066,#5067,#5068,#5069,#5070),(#5071,#5072,#5073,#5074,#5075,#5076,#5077,
#5078,#5079,#5080),(#5081,#5082,#5083,#5084,#5085,#5086,#5087,#5088,#5089,
#5090),(#5091,#5092,#5093,#5094,#5095,#5096,#5097,#5098,#5099,#5100)),
 .UNSPECIFIED.,.F.,.T.,.F.,(4,4),(4,1,1,1,1,1,1,4),(0.,1.),(-6.2831853071793,
-5.38558740615364,-4.48798950512799,-3.59039160410233,-2.69279370307668,
-1.79519580205102,-0.897597901025367,2.88657986402541E-13),
 .UNSPECIFIED.);
#40=B_SPLINE_SURFACE_WITH_KNOTS('',3,3,((#5496,#5497,#5498,#5499,#5500,
#5501,#5502,#5503,#5504,#5505),(#5506,#5507,#5508,#5509,#5510,#5511,#5512,
#5513,#5514,#5515),(#5516,#5517,#5518,#5519,#5520,#5521,#5522,#5523,#5524,
#5525),(#5526,#5527,#5528,#5529,#5530,#5531,#5532,#5533,#5534,#5535)),
 .UNSPECIFIED.,.F.,.T.,.F.,(4,4),(4,1,1,1,1,1,1,4),(0.,1.),(-6.28318530718613,
-5.38558740616048,-4.48798950513482,-3.59039160410917,-2.69279370308351,
-1.79519580205786,-0.897597901032203,-6.54765131002932E-12),
 .UNSPECIFIED.);
#41=B_SPLINE_CURVE_WITH_KNOTS('',3,(#5046,#5047,#5048,#5049,#5050,#5051,
#5052),.UNSPECIFIED.,.F.,.F.,(4,1,1,1,4),(-6.2831853071793,-5.38558740615364,
-4.48798950512799,-3.59039160410233,-3.14159265358951),.UNSPECIFIED.);
#42=B_SPLINE_CURVE_WITH_KNOTS('',3,(#5053,#5054,#5055,#5056,#5057,#5058,
#5059),.UNSPECIFIED.,.F.,.F.,(4,1,1,1,4),(-3.14159265358951,-2.69279370307668,
-1.79519580205102,-0.897597901025367,2.88657986402541E-13),
 .UNSPECIFIED.);
#43=B_SPLINE_CURVE_WITH_KNOTS('',3,(#5103,#5104,#5105,#5106,#5107,#5108,
#5109,#5110,#5111,#5112),.UNSPECIFIED.,.T.,.F.,(4,1,1,1,1,1,1,4),(-2.88657986402541E-13,
0.897597901025367,1.79519580205102,2.69279370307668,3.59039160410233,4.48798950512799,
5.38558740615364,6.2831853071793),.UNSPECIFIED.);
#44=B_SPLINE_CURVE_WITH_KNOTS('',3,(#5125,#5126,#5127,#5128,#5129,#5130,
#5131,#5132,#5133,#5134,#5135,#5136,#5137,#5138,#5139,#5140,#5141,#5142,
#5143,#5144,#5145,#5146,#5147,#5148,#5149,#5150,#5151,#5152,#5153,#5154,
#5155,#5156,#5157,#5158,#5159,#5160,#5161,#5162,#5163,#5164,#5165,#5166,
#5167,#5168,#5169,#5170,#5171,#5172,#5173,#5174,#5175,#5176,#5177,#5178,
#5179,#5180,#5181,#5182,#5183,#5184,#5185,#5186,#5187,#5188,#5189,#5190,
#5191,#5192,#5193,#5194,#5195,#5196,#5197,#5198,#5199,#5200,#5201,#5202,
#5203),.UNSPECIFIED.,.F.,.F.,(4,3,3,3,3,3,3,3,3,3,3,3,3,3,3,3,3,3,3,3,3,
3,3,3,3,3,4),(0.,0.0573420446827195,0.115222957146786,0.172887063152674,
0.218750000000009,0.234375000000009,0.249028070432658,0.250000000000009,
0.259335687614377,0.315920794524624,0.373557231982134,0.431116166715844,
0.487662730557806,0.500000000000007,0.554687500000006,0.608044610489257,
0.66339730524463,0.715979120254426,0.718750000000004,0.732928928675319,
0.740344806870884,0.750000000000003,0.806873246539935,0.864719796186453,
0.922472097451962,0.979202179460531,1.),.UNSPECIFIED.);
#45=B_SPLINE_CURVE_WITH_KNOTS('',3,(#5207,#5208,#5209,#5210,#5211,#5212,
#5213,#5214,#5215,#5216,#5217,#5218,#5219,#5220,#5221,#5222,#5223,#5224,
#5225,#5226,#5227,#5228,#5229,#5230,#5231,#5232,#5233,#5234,#5235,#5236,
#5237,#5238,#5239,#5240,#5241,#5242,#5243,#5244,#5245,#5246,#5247,#5248,
#5249,#5250,#5251,#5252,#5253,#5254,#5255,#5256,#5257,#5258,#5259,#5260,
#5261,#5262,#5263,#5264,#5265,#5266,#5267,#5268,#5269,#5270,#5271,#5272,
#5273,#5274,#5275,#5276,#5277,#5278,#5279,#5280,#5281,#5282,#5283,#5284,
#5285),.UNSPECIFIED.,.F.,.F.,(4,3,3,3,3,3,3,3,3,3,3,3,3,3,3,3,3,3,3,3,3,
3,3,3,3,3,4),(0.,0.0573396766858389,0.115218232852268,0.172880533962179,
0.218750000000003,0.234375000000003,0.249027844416734,0.250000000000003,
0.259335687281659,0.315923849086016,0.373564740706771,0.431128871548834,
0.48768147718429,0.500000000000005,0.554687500000006,0.608045926091573,
0.66339796304579,0.715982183096098,0.718750000000008,0.732929105855115,
0.740344805625087,0.750000000000009,0.806874812035452,0.864723673050084,
0.922478469212439,0.979210892539147,1.),.UNSPECIFIED.);
#46=B_SPLINE_CURVE_WITH_KNOTS('',3,(#5293,#5294,#5295,#5296,#5297,#5298,
#5299,#5300,#5301,#5302,#5303,#5304,#5305,#5306,#5307,#5308,#5309,#5310,
#5311,#5312,#5313,#5314,#5315,#5316,#5317,#5318,#5319,#5320,#5321,#5322,
#5323,#5324,#5325,#5326,#5327,#5328,#5329,#5330,#5331,#5332,#5333,#5334,
#5335,#5336,#5337,#5338,#5339,#5340,#5341,#5342,#5343,#5344,#5345,#5346,
#5347,#5348,#5349,#5350,#5351,#5352,#5353,#5354,#5355,#5356,#5357,#5358,
#5359,#5360,#5361,#5362,#5363,#5364,#5365,#5366,#5367,#5368,#5369,#5370,
#5371),.UNSPECIFIED.,.F.,.F.,(4,3,3,3,3,3,3,3,3,3,3,3,3,3,3,3,3,3,3,3,3,
3,3,3,3,3,4),(0.,0.0573420446817986,0.115222957145189,0.172887063150824,
0.218749999999996,0.234374999999996,0.249028070432258,0.249999999999995,
0.259335687614356,0.315920794539797,0.37355723201328,0.431116166763233,
0.487662730621609,0.499999999999991,0.55468749999999,0.608044610490153,
0.663397305245071,0.715979120254394,0.718749999999988,0.73292892867348,
0.740344806870902,0.749999999999987,0.80687324654024,0.864719796186182,
0.922472097450515,0.979202179457167,1.),.UNSPECIFIED.);
#47=B_SPLINE_CURVE_WITH_KNOTS('',3,(#5375,#5376,#5377,#5378,#5379,#5380,
#5381,#5382,#5383,#5384,#5385,#5386,#5387,#5388,#5389,#5390,#5391,#5392,
#5393,#5394,#5395,#5396,#5397,#5398,#5399,#5400,#5401,#5402,#5403,#5404,
#5405,#5406,#5407,#5408,#5409,#5410,#5411,#5412,#5413,#5414,#5415,#5416,
#5417,#5418,#5419,#5420,#5421,#5422,#5423,#5424,#5425,#5426,#5427,#5428,
#5429,#5430,#5431,#5432,#5433,#5434,#5435,#5436,#5437,#5438,#5439,#5440,
#5441,#5442,#5443,#5444,#5445,#5446,#5447,#5448,#5449,#5450,#5451,#5452,
#5453),.UNSPECIFIED.,.F.,.F.,(4,3,3,3,3,3,3,3,3,3,3,3,3,3,3,3,3,3,3,3,3,
3,3,3,3,3,4),(0.,0.0573396766838934,0.11521823284903,0.17288053395876,0.218749999999998,
0.234374999999997,0.249027844415395,0.249999999999997,0.259335687281603,
0.31592384909508,0.373564740725854,0.43112887157832,0.487681477224489,0.500000000000001,
0.554687500000002,0.608045926091649,0.663397963045827,0.715982183094888,
0.718750000000004,0.732929105853696,0.740344805625153,0.750000000000004,
0.806874812035427,0.864723673049472,0.922478469210869,0.979210892536104,
1.),.UNSPECIFIED.);
#48=B_SPLINE_CURVE_WITH_KNOTS('',3,(#5464,#5465,#5466,#5467,#5468,#5469,
#5470,#5471,#5472,#5473),.UNSPECIFIED.,.T.,.F.,(4,1,1,1,1,1,1,4),(6.54765131002932E-12,
0.897597901032203,1.79519580205786,2.69279370308351,3.59039160410917,4.48798950513482,
5.38558740616048,6.28318530718613),.UNSPECIFIED.);
#49=B_SPLINE_CURVE_WITH_KNOTS('',3,(#5481,#5482,#5483,#5484,#5485,#5486,
#5487),.UNSPECIFIED.,.F.,.F.,(4,1,1,1,4),(-6.28318530718613,-5.38558740616048,
-4.48798950513482,-3.59039160410917,-3.14159265359634),.UNSPECIFIED.);
#50=B_SPLINE_CURVE_WITH_KNOTS('',3,(#5488,#5489,#5490,#5491,#5492,#5493,
#5494),.UNSPECIFIED.,.F.,.F.,(4,1,1,1,4),(-3.14159265359634,-2.69279370308351,
-1.79519580205786,-0.897597901032203,-6.54765131002932E-12),
 .UNSPECIFIED.);
#51=B_SPLINE_CURVE_WITH_KNOTS('',3,(#5746,#5747,#5748,#5749),
 .UNSPECIFIED.,.F.,.F.,(4,4),(0.,1.),.UNSPECIFIED.);
#52=B_SPLINE_CURVE_WITH_KNOTS('',3,(#5854,#5855,#5856,#5857,#5858,#5859,
#5860,#5861,#5862,#5863),.UNSPECIFIED.,.F.,.F.,(4,2,2,2,4),(0.,0.25,0.5,
0.75,1.),.UNSPECIFIED.);
#53=B_SPLINE_CURVE_WITH_KNOTS('',3,(#5900,#5901,#5902,#5903,#5904,#5905,
#5906,#5907,#5908,#5909),.UNSPECIFIED.,.F.,.F.,(4,2,2,2,4),(0.,0.25,0.5,
0.75,1.),.UNSPECIFIED.);
#54=B_SPLINE_CURVE_WITH_KNOTS('',3,(#5948,#5949,#5950,#5951,#5952,#5953,
#5954,#5955,#5956,#5957),.UNSPECIFIED.,.F.,.F.,(4,2,2,2,4),(0.,0.25,0.5,
0.75,1.),.UNSPECIFIED.);
#55=B_SPLINE_CURVE_WITH_KNOTS('',3,(#5992,#5993,#5994,#5995,#5996,#5997,
#5998,#5999,#6000,#6001),.UNSPECIFIED.,.F.,.F.,(4,2,2,2,4),(0.,0.25,0.5,
0.75,1.),.UNSPECIFIED.);
#56=B_SPLINE_CURVE_WITH_KNOTS('',3,(#6016,#6017,#6018,#6019,#6020,#6021),
 .UNSPECIFIED.,.F.,.F.,(4,2,4),(0.,0.5,1.),.UNSPECIFIED.);
#57=B_SPLINE_CURVE_WITH_KNOTS('',3,(#6029,#6030,#6031,#6032,#6033,#6034),
 .UNSPECIFIED.,.F.,.F.,(4,2,4),(0.,0.5,1.),.UNSPECIFIED.);
#58=B_SPLINE_CURVE_WITH_KNOTS('',3,(#6044,#6045,#6046,#6047,#6048,#6049),
 .UNSPECIFIED.,.F.,.F.,(4,2,4),(0.,0.5,1.),.UNSPECIFIED.);
#59=B_SPLINE_CURVE_WITH_KNOTS('',3,(#6055,#6056,#6057,#6058,#6059,#6060),
 .UNSPECIFIED.,.F.,.F.,(4,2,4),(0.,0.5,1.),.UNSPECIFIED.);
#60=B_SPLINE_CURVE_WITH_KNOTS('',3,(#6089,#6090,#6091,#6092,#6093,#6094,
#6095,#6096,#6097,#6098,#6099,#6100,#6101,#6102,#6103,#6104,#6105,#6106,
#6107,#6108,#6109,#6110,#6111,#6112,#6113,#6114,#6115,#6116,#6117,#6118,
#6119,#6120,#6121,#6122,#6123,#6124,#6125,#6126,#6127,#6128,#6129,#6130,
#6131,#6132,#6133,#6134,#6135,#6136,#6137,#6138,#6139,#6140,#6141,#6142,
#6143,#6144,#6145,#6146),.UNSPECIFIED.,.F.,.F.,(4,3,3,3,3,3,3,3,3,3,3,3,
3,3,3,3,3,3,3,4),(0.,0.0711189974790181,0.143831963012269,0.187499999999996,
0.214567743039505,0.24105425619146,0.249999999999994,0.332503810475037,
0.416251905237516,0.499999999999995,0.565519082003412,0.632382663877913,
0.687499999999996,0.712029269316643,0.736995964483462,0.749999999999997,
0.822146615288689,0.894112380279172,0.964053601150793,1.),.UNSPECIFIED.);
#61=B_SPLINE_CURVE_WITH_KNOTS('',3,(#6171,#6172,#6173,#6174,#6175,#6176,
#6177,#6178,#6179,#6180,#6181,#6182,#6183,#6184,#6185,#6186,#6187,#6188,
#6189,#6190,#6191,#6192,#6193,#6194,#6195,#6196,#6197,#6198,#6199,#6200,
#6201,#6202,#6203,#6204,#6205,#6206,#6207,#6208,#6209,#6210,#6211,#6212,
#6213,#6214,#6215,#6216,#6217,#6218,#6219,#6220,#6221,#6222,#6223,#6224,
#6225,#6226,#6227,#6228),.UNSPECIFIED.,.F.,.F.,(4,3,3,3,3,3,3,3,3,3,3,3,
3,3,3,3,3,3,3,4),(0.,0.0710801910644109,0.143734063290731,0.187500000000005,
0.214567743167683,0.241054500189956,0.250000000000006,0.332629602891342,
0.416314801445675,0.500000000000007,0.565473812419068,0.63228718580558,
0.687500000000005,0.712029186825748,0.736996073827744,0.750000000000003,
0.822209212792454,0.894226244689024,0.964200383614777,1.),.UNSPECIFIED.);
#62=B_SPLINE_CURVE_WITH_KNOTS('',3,(#6255,#6256,#6257,#6258,#6259,#6260,
#6261,#6262,#6263,#6264,#6265,#6266,#6267,#6268,#6269,#6270,#6271,#6272,
#6273,#6274,#6275,#6276,#6277,#6278,#6279,#6280,#6281,#6282,#6283,#6284,
#6285,#6286,#6287,#6288,#6289,#6290,#6291,#6292,#6293,#6294,#6295,#6296,
#6297,#6298,#6299,#6300,#6301,#6302,#6303,#6304,#6305,#6306,#6307,#6308,
#6309,#6310,#6311,#6312),.UNSPECIFIED.,.F.,.F.,(4,3,3,3,3,3,3,3,3,3,3,3,
3,3,3,3,3,3,3,4),(0.,0.0711189974789023,0.143831963012078,0.187500000000004,
0.214567743038311,0.241054256189038,0.250000000000006,0.332503810434063,
0.416251905217031,0.5,0.565519082002745,0.632382663877347,0.687499999999996,
0.712029269317898,0.736995964485961,0.749999999999995,0.822146615288652,
0.894112380279105,0.964053601150715,1.),.UNSPECIFIED.);
#63=B_SPLINE_CURVE_WITH_KNOTS('',3,(#6335,#6336,#6337,#6338,#6339,#6340,
#6341,#6342,#6343,#6344,#6345,#6346,#6347,#6348,#6349,#6350,#6351,#6352,
#6353,#6354,#6355,#6356,#6357,#6358,#6359,#6360,#6361,#6362,#6363,#6364,
#6365,#6366,#6367,#6368,#6369,#6370,#6371,#6372,#6373,#6374,#6375,#6376,
#6377,#6378,#6379,#6380,#6381,#6382,#6383,#6384,#6385,#6386,#6387,#6388,
#6389,#6390,#6391,#6392),.UNSPECIFIED.,.F.,.F.,(4,3,3,3,3,3,3,3,3,3,3,3,
3,3,3,3,3,3,3,4),(0.,0.071080191064062,0.143734063290172,0.187500000000007,
0.21456774316822,0.24105450019105,0.250000000000008,0.332629602918294,0.416314801459152,
0.50000000000001,0.565473812419466,0.632287185805607,0.687500000000008,
0.712029186824836,0.736996073825894,0.750000000000007,0.822209212792371,
0.894226244688612,0.964200383613829,1.),.UNSPECIFIED.);
#64=(
BOUNDED_CURVE()
B_SPLINE_CURVE(2,(#4646,#4647,#4648),.UNSPECIFIED.,.F.,.F.)
B_SPLINE_CURVE_WITH_KNOTS((3,3),(5.69447193491255,5.72310374957186),
 .UNSPECIFIED.)
CURVE()
GEOMETRIC_REPRESENTATION_ITEM()
RATIONAL_B_SPLINE_CURVE((1.0450792150763,1.04495156289364,1.04482148740152))
REPRESENTATION_ITEM('')
);
#65=(
BOUNDED_CURVE()
B_SPLINE_CURVE(2,(#4657,#4658,#4659),.UNSPECIFIED.,.F.,.F.)
B_SPLINE_CURVE_WITH_KNOTS((3,3),(2.63735527679543,2.66551994640853),
 .UNSPECIFIED.)
CURVE()
GEOMETRIC_REPRESENTATION_ITEM()
RATIONAL_B_SPLINE_CURVE((1.04483254354342,1.04496260800272,1.04509033753556))
REPRESENTATION_ITEM('')
);
#66=(
BOUNDED_CURVE()
B_SPLINE_CURVE(2,(#4667,#4668,#4669),.UNSPECIFIED.,.F.,.F.)
B_SPLINE_CURVE_WITH_KNOTS((3,3),(5.74695326557365,5.77511793518677),
 .UNSPECIFIED.)
CURVE()
GEOMETRIC_REPRESENTATION_ITEM()
RATIONAL_B_SPLINE_CURVE((1.04509033753556,1.04496260800272,1.04483254354342))
REPRESENTATION_ITEM('')
);
#67=(
BOUNDED_CURVE()
B_SPLINE_CURVE(2,(#4682,#4683,#4684),.UNSPECIFIED.,.F.,.F.)
B_SPLINE_CURVE_WITH_KNOTS((3,3),(5.79903010513701,5.82675339040278),
 .UNSPECIFIED.)
CURVE()
GEOMETRIC_REPRESENTATION_ITEM()
RATIONAL_B_SPLINE_CURVE((1.04510146548489,1.04497366169557,1.04484360514126))
REPRESENTATION_ITEM('')
);
#68=(
BOUNDED_CURVE()
B_SPLINE_CURVE(2,(#4693,#4694,#4695),.UNSPECIFIED.,.F.,.F.)
B_SPLINE_CURVE_WITH_KNOTS((3,3),(2.62571378518284,2.6534370704486),
 .UNSPECIFIED.)
CURVE()
GEOMETRIC_REPRESENTATION_ITEM()
RATIONAL_B_SPLINE_CURVE((1.04484360514124,1.04497366169554,1.04510146548486))
REPRESENTATION_ITEM('')
);
#69=(
BOUNDED_CURVE()
B_SPLINE_CURVE(2,(#4703,#4704,#4705),.UNSPECIFIED.,.F.,.F.)
B_SPLINE_CURVE_WITH_KNOTS((3,3),(5.79903010513705,5.8267533904028),
 .UNSPECIFIED.)
CURVE()
GEOMETRIC_REPRESENTATION_ITEM()
RATIONAL_B_SPLINE_CURVE((1.04510146548486,1.04497366169554,1.04484360514124))
REPRESENTATION_ITEM('')
);
#70=(
BOUNDED_CURVE()
B_SPLINE_CURVE(2,(#4718,#4719,#4720),.UNSPECIFIED.,.F.,.F.)
B_SPLINE_CURVE_WITH_KNOTS((3,3),(5.74695326557358,5.77511793518671),
 .UNSPECIFIED.)
CURVE()
GEOMETRIC_REPRESENTATION_ITEM()
RATIONAL_B_SPLINE_CURVE((1.04509033753559,1.04496260800274,1.04483254354344))
REPRESENTATION_ITEM('')
);
#71=(
BOUNDED_CURVE()
B_SPLINE_CURVE(2,(#4729,#4730,#4731),.UNSPECIFIED.,.F.,.F.)
B_SPLINE_CURVE_WITH_KNOTS((3,3),(2.64937549683477,2.67800731149411),
 .UNSPECIFIED.)
CURVE()
GEOMETRIC_REPRESENTATION_ITEM()
RATIONAL_B_SPLINE_CURVE((1.04482148740149,1.04495156289361,1.04507921507627))
REPRESENTATION_ITEM('')
);
#72=(
BOUNDED_CURVE()
B_SPLINE_CURVE(2,(#4739,#4740,#4741),.UNSPECIFIED.,.F.,.F.)
B_SPLINE_CURVE_WITH_KNOTS((3,3),(5.69447193491256,5.72310374957189),
 .UNSPECIFIED.)
CURVE()
GEOMETRIC_REPRESENTATION_ITEM()
RATIONAL_B_SPLINE_CURVE((1.04507921507627,1.04495156289361,1.04482148740149))
REPRESENTATION_ITEM('')
);
#73=(
BOUNDED_CURVE()
B_SPLINE_CURVE(2,(#4762,#4763,#4764),.UNSPECIFIED.,.F.,.F.)
B_SPLINE_CURVE_WITH_KNOTS((3,3),(2.62571378518282,2.65343707044858),
 .UNSPECIFIED.)
CURVE()
GEOMETRIC_REPRESENTATION_ITEM()
RATIONAL_B_SPLINE_CURVE((1.04484360514126,1.04497366169557,1.04510146548489))
REPRESENTATION_ITEM('')
);
#74=(
BOUNDED_CURVE()
B_SPLINE_CURVE(2,(#4770,#4771,#4772),.UNSPECIFIED.,.F.,.F.)
B_SPLINE_CURVE_WITH_KNOTS((3,3),(2.63735527679542,2.66551994640854),
 .UNSPECIFIED.)
CURVE()
GEOMETRIC_REPRESENTATION_ITEM()
RATIONAL_B_SPLINE_CURVE((1.04483254354344,1.04496260800274,1.04509033753559))
REPRESENTATION_ITEM('')
);
#75=(
BOUNDED_CURVE()
B_SPLINE_CURVE(2,(#4792,#4793,#4794),.UNSPECIFIED.,.F.,.F.)
B_SPLINE_CURVE_WITH_KNOTS((3,3),(2.64937549683476,2.67800731149409),
 .UNSPECIFIED.)
CURVE()
GEOMETRIC_REPRESENTATION_ITEM()
RATIONAL_B_SPLINE_CURVE((1.04482148740152,1.04495156289364,1.0450792150763))
REPRESENTATION_ITEM('')
);
#76=FACE_BOUND('',#359,.T.);
#77=FACE_BOUND('',#360,.T.);
#78=FACE_BOUND('',#388,.T.);
#79=FACE_BOUND('',#407,.T.);
#80=FACE_BOUND('',#411,.T.);
#81=FACE_BOUND('',#416,.T.);
#82=FACE_BOUND('',#419,.T.);
#83=FACE_BOUND('',#420,.T.);
#84=FACE_BOUND('',#423,.T.);
#85=FACE_BOUND('',#428,.T.);
#86=FACE_BOUND('',#429,.T.);
#87=FACE_BOUND('',#430,.T.);
#88=FACE_BOUND('',#431,.T.);
#89=FACE_BOUND('',#432,.T.);
#90=FACE_BOUND('',#433,.T.);
#91=FACE_BOUND('',#445,.T.);
#92=FACE_BOUND('',#446,.T.);
#93=FACE_BOUND('',#467,.T.);
#94=FACE_BOUND('',#468,.T.);
#95=FACE_BOUND('',#469,.T.);
#96=FACE_BOUND('',#470,.T.);
#97=CONICAL_SURFACE('',#3317,5.02807482808603,0.7766715171376);
#98=CONICAL_SURFACE('',#3320,4.97674203863602,0.0174532925196956);
#99=CONICAL_SURFACE('',#3401,7.12160037456058,0.0174532925199415);
#100=CONICAL_SURFACE('',#3414,5.175,0.785398163397449);
#101=CONICAL_SURFACE('',#3419,2.9,0.785398163397447);
#102=CONICAL_SURFACE('',#3422,8.21135380737918,0.794124809657427);
#103=CONICAL_SURFACE('',#3429,8.06052635029226,0.0174532925199476);
#104=CONICAL_SURFACE('',#3432,5.20847486628311,0.794124809657326);
#105=CONICAL_SURFACE('',#3434,5.05594759763639,0.0174532925197587);
#106=CONICAL_SURFACE('',#3435,2.45971424286772,0.79412624013725);
#107=CONICAL_SURFACE('',#3445,2.31233210383394,0.0174532925200671);
#108=CONICAL_SURFACE('',#3447,2.45971424286773,0.79412624013725);
#109=CONICAL_SURFACE('',#3450,2.31233210383396,0.0174532925200671);
#110=CONICAL_SURFACE('',#3452,2.45971424286774,0.79412624013725);
#111=CONICAL_SURFACE('',#3455,2.31233210383396,0.0174532925200671);
#112=CONICAL_SURFACE('',#3457,2.45971424286597,0.794126240137159);
#113=CONICAL_SURFACE('',#3460,2.31233210383217,0.0174532925198947);
#114=CONICAL_SURFACE('',#3462,1.4,0.785398163397467);
#115=CONICAL_SURFACE('',#3466,1.4,0.785398163397467);
#116=CONICAL_SURFACE('',#3544,10.1745506492822,0.0174532925199434);
#117=CONICAL_SURFACE('',#3546,10.1745506492822,0.0174532925199434);
#118=CYLINDRICAL_SURFACE('',#3302,4.98254493506917);
#119=CYLINDRICAL_SURFACE('',#3307,4.98254493507252);
#120=CYLINDRICAL_SURFACE('',#3312,4.98254493507252);
#121=CYLINDRICAL_SURFACE('',#3328,2.75);
#122=CYLINDRICAL_SURFACE('',#3359,7.98882916684066);
#123=CYLINDRICAL_SURFACE('',#3361,7.98882916684066);
#124=CYLINDRICAL_SURFACE('',#3363,7.98882916684066);
#125=CYLINDRICAL_SURFACE('',#3365,7.98882916684066);
#126=CYLINDRICAL_SURFACE('',#3367,7.98882916684066);
#127=CYLINDRICAL_SURFACE('',#3369,7.98882916684066);
#128=CYLINDRICAL_SURFACE('',#3387,4.93856041762353);
#129=CYLINDRICAL_SURFACE('',#3391,6.97414379222971);
#130=CYLINDRICAL_SURFACE('',#3394,6.97414379222971);
#131=CYLINDRICAL_SURFACE('',#3396,6.97414379222971);
#132=CYLINDRICAL_SURFACE('',#3398,6.97414379222971);
#133=CYLINDRICAL_SURFACE('',#3410,4.98254493506917);
#134=CYLINDRICAL_SURFACE('',#3417,5.025);
#135=CYLINDRICAL_SURFACE('',#3464,1.25);
#136=CYLINDRICAL_SURFACE('',#3468,1.25);
#137=CYLINDRICAL_SURFACE('',#3469,3.);
#138=CYLINDRICAL_SURFACE('',#3475,3.);
#139=CYLINDRICAL_SURFACE('',#3479,3.);
#140=CYLINDRICAL_SURFACE('',#3485,3.);
#141=CYLINDRICAL_SURFACE('',#3521,0.200000000000001);
#142=CYLINDRICAL_SURFACE('',#3525,0.2);
#143=CYLINDRICAL_SURFACE('',#3528,0.200000000000001);
#144=CYLINDRICAL_SURFACE('',#3535,0.200000000000001);
#145=CYLINDRICAL_SURFACE('',#3547,0.200000000000001);
#146=CYLINDRICAL_SURFACE('',#3551,0.4);
#147=CYLINDRICAL_SURFACE('',#3553,0.4);
#148=CYLINDRICAL_SURFACE('',#3556,0.399999999999999);
#149=CYLINDRICAL_SURFACE('',#3559,0.4);
#150=CYLINDRICAL_SURFACE('',#3560,0.4);
#151=CYLINDRICAL_SURFACE('',#3563,0.399999999999999);
#152=CYLINDRICAL_SURFACE('',#3570,1.);
#153=CYLINDRICAL_SURFACE('',#3572,1.);
#154=CYLINDRICAL_SURFACE('',#3575,1.);
#155=CYLINDRICAL_SURFACE('',#3577,1.);
#156=CYLINDRICAL_SURFACE('',#3578,0.4);
#157=CYLINDRICAL_SURFACE('',#3580,0.4);
#158=CYLINDRICAL_SURFACE('',#3583,0.399999999999999);
#159=CYLINDRICAL_SURFACE('',#3586,0.4);
#160=CYLINDRICAL_SURFACE('',#3587,0.4);
#161=CYLINDRICAL_SURFACE('',#3590,0.399999999999999);
#162=FACE_OUTER_BOUND('',#342,.T.);
#163=FACE_OUTER_BOUND('',#343,.T.);
#164=FACE_OUTER_BOUND('',#344,.T.);
#165=FACE_OUTER_BOUND('',#345,.T.);
#166=FACE_OUTER_BOUND('',#346,.T.);
#167=FACE_OUTER_BOUND('',#347,.T.);
#168=FACE_OUTER_BOUND('',#348,.T.);
#169=FACE_OUTER_BOUND('',#349,.T.);
#170=FACE_OUTER_BOUND('',#350,.T.);
#171=FACE_OUTER_BOUND('',#351,.T.);
#172=FACE_OUTER_BOUND('',#352,.T.);
#173=FACE_OUTER_BOUND('',#353,.T.);
#174=FACE_OUTER_BOUND('',#354,.T.);
#175=FACE_OUTER_BOUND('',#355,.T.);
#176=FACE_OUTER_BOUND('',#356,.T.);
#177=FACE_OUTER_BOUND('',#357,.T.);
#178=FACE_OUTER_BOUND('',#358,.T.);
#179=FACE_OUTER_BOUND('',#361,.T.);
#180=FACE_OUTER_BOUND('',#362,.T.);
#181=FACE_OUTER_BOUND('',#363,.T.);
#182=FACE_OUTER_BOUND('',#364,.T.);
#183=FACE_OUTER_BOUND('',#365,.T.);
#184=FACE_OUTER_BOUND('',#366,.T.);
#185=FACE_OUTER_BOUND('',#367,.T.);
#186=FACE_OUTER_BOUND('',#368,.T.);
#187=FACE_OUTER_BOUND('',#369,.T.);
#188=FACE_OUTER_BOUND('',#370,.T.);
#189=FACE_OUTER_BOUND('',#371,.T.);
#190=FACE_OUTER_BOUND('',#372,.T.);
#191=FACE_OUTER_BOUND('',#373,.T.);
#192=FACE_OUTER_BOUND('',#374,.T.);
#193=FACE_OUTER_BOUND('',#375,.T.);
#194=FACE_OUTER_BOUND('',#376,.T.);
#195=FACE_OUTER_BOUND('',#377,.T.);
#196=FACE_OUTER_BOUND('',#378,.T.);
#197=FACE_OUTER_BOUND('',#379,.T.);
#198=FACE_OUTER_BOUND('',#380,.T.);
#199=FACE_OUTER_BOUND('',#381,.T.);
#200=FACE_OUTER_BOUND('',#382,.T.);
#201=FACE_OUTER_BOUND('',#383,.T.);
#202=FACE_OUTER_BOUND('',#384,.T.);
#203=FACE_OUTER_BOUND('',#385,.T.);
#204=FACE_OUTER_BOUND('',#386,.T.);
#205=FACE_OUTER_BOUND('',#387,.T.);
#206=FACE_OUTER_BOUND('',#389,.T.);
#207=FACE_OUTER_BOUND('',#390,.T.);
#208=FACE_OUTER_BOUND('',#391,.T.);
#209=FACE_OUTER_BOUND('',#392,.T.);
#210=FACE_OUTER_BOUND('',#393,.T.);
#211=FACE_OUTER_BOUND('',#394,.T.);
#212=FACE_OUTER_BOUND('',#395,.T.);
#213=FACE_OUTER_BOUND('',#396,.T.);
#214=FACE_OUTER_BOUND('',#397,.T.);
#215=FACE_OUTER_BOUND('',#398,.T.);
#216=FACE_OUTER_BOUND('',#399,.T.);
#217=FACE_OUTER_BOUND('',#400,.T.);
#218=FACE_OUTER_BOUND('',#401,.T.);
#219=FACE_OUTER_BOUND('',#402,.T.);
#220=FACE_OUTER_BOUND('',#403,.T.);
#221=FACE_OUTER_BOUND('',#404,.T.);
#222=FACE_OUTER_BOUND('',#405,.T.);
#223=FACE_OUTER_BOUND('',#406,.T.);
#224=FACE_OUTER_BOUND('',#408,.T.);
#225=FACE_OUTER_BOUND('',#409,.T.);
#226=FACE_OUTER_BOUND('',#410,.T.);
#227=FACE_OUTER_BOUND('',#412,.T.);
#228=FACE_OUTER_BOUND('',#413,.T.);
#229=FACE_OUTER_BOUND('',#414,.T.);
#230=FACE_OUTER_BOUND('',#415,.T.);
#231=FACE_OUTER_BOUND('',#417,.T.);
#232=FACE_OUTER_BOUND('',#418,.T.);
#233=FACE_OUTER_BOUND('',#421,.T.);
#234=FACE_OUTER_BOUND('',#422,.T.);
#235=FACE_OUTER_BOUND('',#424,.T.);
#236=FACE_OUTER_BOUND('',#425,.T.);
#237=FACE_OUTER_BOUND('',#426,.T.);
#238=FACE_OUTER_BOUND('',#427,.T.);
#239=FACE_OUTER_BOUND('',#434,.T.);
#240=FACE_OUTER_BOUND('',#435,.T.);
#241=FACE_OUTER_BOUND('',#436,.T.);
#242=FACE_OUTER_BOUND('',#437,.T.);
#243=FACE_OUTER_BOUND('',#438,.T.);
#244=FACE_OUTER_BOUND('',#439,.T.);
#245=FACE_OUTER_BOUND('',#440,.T.);
#246=FACE_OUTER_BOUND('',#441,.T.);
#247=FACE_OUTER_BOUND('',#442,.T.);
#248=FACE_OUTER_BOUND('',#443,.T.);
#249=FACE_OUTER_BOUND('',#444,.T.);
#250=FACE_OUTER_BOUND('',#447,.T.);
#251=FACE_OUTER_BOUND('',#448,.T.);
#252=FACE_OUTER_BOUND('',#449,.T.);
#253=FACE_OUTER_BOUND('',#450,.T.);
#254=FACE_OUTER_BOUND('',#451,.T.);
#255=FACE_OUTER_BOUND('',#452,.T.);
#256=FACE_OUTER_BOUND('',#453,.T.);
#257=FACE_OUTER_BOUND('',#454,.T.);
#258=FACE_OUTER_BOUND('',#455,.T.);
#259=FACE_OUTER_BOUND('',#456,.T.);
#260=FACE_OUTER_BOUND('',#457,.T.);
#261=FACE_OUTER_BOUND('',#458,.T.);
#262=FACE_OUTER_BOUND('',#459,.T.);
#263=FACE_OUTER_BOUND('',#460,.T.);
#264=FACE_OUTER_BOUND('',#461,.T.);
#265=FACE_OUTER_BOUND('',#462,.T.);
#266=FACE_OUTER_BOUND('',#463,.T.);
#267=FACE_OUTER_BOUND('',#464,.T.);
#268=FACE_OUTER_BOUND('',#465,.T.);
#269=FACE_OUTER_BOUND('',#466,.T.);
#270=FACE_OUTER_BOUND('',#471,.T.);
#271=FACE_OUTER_BOUND('',#472,.T.);
#272=FACE_OUTER_BOUND('',#473,.T.);
#273=FACE_OUTER_BOUND('',#474,.T.);
#274=FACE_OUTER_BOUND('',#475,.T.);
#275=FACE_OUTER_BOUND('',#476,.T.);
#276=FACE_OUTER_BOUND('',#477,.T.);
#277=FACE_OUTER_BOUND('',#478,.T.);
#278=FACE_OUTER_BOUND('',#479,.T.);
#279=FACE_OUTER_BOUND('',#480,.T.);
#280=FACE_OUTER_BOUND('',#481,.T.);
#281=FACE_OUTER_BOUND('',#482,.T.);
#282=FACE_OUTER_BOUND('',#483,.T.);
#283=FACE_OUTER_BOUND('',#484,.T.);
#284=FACE_OUTER_BOUND('',#485,.T.);
#285=FACE_OUTER_BOUND('',#486,.T.);
#286=FACE_OUTER_BOUND('',#487,.T.);
#287=FACE_OUTER_BOUND('',#488,.T.);
#288=FACE_OUTER_BOUND('',#489,.T.);
#289=FACE_OUTER_BOUND('',#490,.T.);
#290=FACE_OUTER_BOUND('',#491,.T.);
#291=FACE_OUTER_BOUND('',#492,.T.);
#292=FACE_OUTER_BOUND('',#493,.T.);
#293=FACE_OUTER_BOUND('',#494,.T.);
#294=FACE_OUTER_BOUND('',#495,.T.);
#295=FACE_OUTER_BOUND('',#496,.T.);
#296=FACE_OUTER_BOUND('',#497,.T.);
#297=FACE_OUTER_BOUND('',#498,.T.);
#298=FACE_OUTER_BOUND('',#499,.T.);
#299=FACE_OUTER_BOUND('',#500,.T.);
#300=FACE_OUTER_BOUND('',#501,.T.);
#301=FACE_OUTER_BOUND('',#502,.T.);
#302=FACE_OUTER_BOUND('',#503,.T.);
#303=FACE_OUTER_BOUND('',#504,.T.);
#304=FACE_OUTER_BOUND('',#505,.T.);
#305=FACE_OUTER_BOUND('',#506,.T.);
#306=FACE_OUTER_BOUND('',#507,.T.);
#307=FACE_OUTER_BOUND('',#508,.T.);
#308=FACE_OUTER_BOUND('',#509,.T.);
#309=FACE_OUTER_BOUND('',#510,.T.);
#310=FACE_OUTER_BOUND('',#511,.T.);
#311=FACE_OUTER_BOUND('',#512,.T.);
#312=FACE_OUTER_BOUND('',#513,.T.);
#313=FACE_OUTER_BOUND('',#514,.T.);
#314=FACE_OUTER_BOUND('',#515,.T.);
#315=FACE_OUTER_BOUND('',#516,.T.);
#316=FACE_OUTER_BOUND('',#517,.T.);
#317=FACE_OUTER_BOUND('',#518,.T.);
#318=FACE_OUTER_BOUND('',#519,.T.);
#319=FACE_OUTER_BOUND('',#520,.T.);
#320=FACE_OUTER_BOUND('',#521,.T.);
#321=FACE_OUTER_BOUND('',#522,.T.);
#322=FACE_OUTER_BOUND('',#523,.T.);
#323=FACE_OUTER_BOUND('',#524,.T.);
#324=FACE_OUTER_BOUND('',#525,.T.);
#325=FACE_OUTER_BOUND('',#526,.T.);
#326=FACE_OUTER_BOUND('',#527,.T.);
#327=FACE_OUTER_BOUND('',#528,.T.);
#328=FACE_OUTER_BOUND('',#529,.T.);
#329=FACE_OUTER_BOUND('',#530,.T.);
#330=FACE_OUTER_BOUND('',#531,.T.);
#331=FACE_OUTER_BOUND('',#532,.T.);
#332=FACE_OUTER_BOUND('',#533,.T.);
#333=FACE_OUTER_BOUND('',#534,.T.);
#334=FACE_OUTER_BOUND('',#535,.T.);
#335=FACE_OUTER_BOUND('',#536,.T.);
#336=FACE_OUTER_BOUND('',#537,.T.);
#337=FACE_OUTER_BOUND('',#538,.T.);
#338=FACE_OUTER_BOUND('',#539,.T.);
#339=FACE_OUTER_BOUND('',#540,.T.);
#340=FACE_OUTER_BOUND('',#541,.T.);
#341=FACE_OUTER_BOUND('',#542,.T.);
#342=EDGE_LOOP('',(#2050,#2051,#2052,#2053));
#343=EDGE_LOOP('',(#2054,#2055,#2056,#2057,#2058,#2059,#2060));
#344=EDGE_LOOP('',(#2061,#2062,#2063,#2064));
#345=EDGE_LOOP('',(#2065,#2066,#2067,#2068,#2069,#2070,#2071));
#346=EDGE_LOOP('',(#2072,#2073,#2074,#2075,#2076));
#347=EDGE_LOOP('',(#2077,#2078,#2079,#2080,#2081,#2082,#2083));
#348=EDGE_LOOP('',(#2084,#2085,#2086,#2087));
#349=EDGE_LOOP('',(#2088,#2089,#2090,#2091));
#350=EDGE_LOOP('',(#2092,#2093,#2094,#2095));
#351=EDGE_LOOP('',(#2096,#2097,#2098,#2099,#2100,#2101,#2102));
#352=EDGE_LOOP('',(#2103,#2104,#2105,#2106));
#353=EDGE_LOOP('',(#2107,#2108,#2109,#2110));
#354=EDGE_LOOP('',(#2111,#2112,#2113,#2114));
#355=EDGE_LOOP('',(#2115,#2116,#2117,#2118));
#356=EDGE_LOOP('',(#2119,#2120,#2121,#2122));
#357=EDGE_LOOP('',(#2123,#2124,#2125,#2126));
#358=EDGE_LOOP('',(#2127,#2128,#2129,#2130,#2131,#2132,#2133,#2134));
#359=EDGE_LOOP('',(#2135));
#360=EDGE_LOOP('',(#2136));
#361=EDGE_LOOP('',(#2137,#2138,#2139,#2140));
#362=EDGE_LOOP('',(#2141,#2142,#2143,#2144,#2145,#2146,#2147,#2148,#2149,
#2150,#2151,#2152));
#363=EDGE_LOOP('',(#2153,#2154,#2155,#2156));
#364=EDGE_LOOP('',(#2157,#2158,#2159,#2160));
#365=EDGE_LOOP('',(#2161,#2162,#2163,#2164));
#366=EDGE_LOOP('',(#2165,#2166,#2167,#2168));
#367=EDGE_LOOP('',(#2169,#2170,#2171,#2172));
#368=EDGE_LOOP('',(#2173,#2174,#2175,#2176));
#369=EDGE_LOOP('',(#2177,#2178,#2179,#2180));
#370=EDGE_LOOP('',(#2181,#2182,#2183,#2184));
#371=EDGE_LOOP('',(#2185,#2186,#2187,#2188));
#372=EDGE_LOOP('',(#2189,#2190,#2191,#2192));
#373=EDGE_LOOP('',(#2193,#2194,#2195,#2196));
#374=EDGE_LOOP('',(#2197,#2198,#2199,#2200));
#375=EDGE_LOOP('',(#2201,#2202,#2203,#2204));
#376=EDGE_LOOP('',(#2205,#2206,#2207,#2208));
#377=EDGE_LOOP('',(#2209,#2210,#2211,#2212));
#378=EDGE_LOOP('',(#2213,#2214,#2215,#2216));
#379=EDGE_LOOP('',(#2217,#2218,#2219,#2220));
#380=EDGE_LOOP('',(#2221,#2222,#2223,#2224));
#381=EDGE_LOOP('',(#2225,#2226,#2227,#2228));
#382=EDGE_LOOP('',(#2229,#2230,#2231,#2232));
#383=EDGE_LOOP('',(#2233,#2234,#2235,#2236));
#384=EDGE_LOOP('',(#2237,#2238,#2239,#2240));
#385=EDGE_LOOP('',(#2241,#2242,#2243,#2244));
#386=EDGE_LOOP('',(#2245,#2246,#2247,#2248));
#387=EDGE_LOOP('',(#2249,#2250,#2251,#2252,#2253,#2254,#2255,#2256));
#388=EDGE_LOOP('',(#2257));
#389=EDGE_LOOP('',(#2258,#2259,#2260,#2261,#2262,#2263,#2264,#2265));
#390=EDGE_LOOP('',(#2266,#2267,#2268,#2269));
#391=EDGE_LOOP('',(#2270,#2271,#2272,#2273,#2274,#2275,#2276,#2277));
#392=EDGE_LOOP('',(#2278,#2279,#2280,#2281));
#393=EDGE_LOOP('',(#2282,#2283,#2284,#2285));
#394=EDGE_LOOP('',(#2286,#2287,#2288,#2289,#2290,#2291,#2292,#2293));
#395=EDGE_LOOP('',(#2294,#2295,#2296,#2297));
#396=EDGE_LOOP('',(#2298,#2299,#2300,#2301));
#397=EDGE_LOOP('',(#2302,#2303,#2304,#2305));
#398=EDGE_LOOP('',(#2306,#2307,#2308,#2309));
#399=EDGE_LOOP('',(#2310,#2311,#2312,#2313));
#400=EDGE_LOOP('',(#2314,#2315,#2316,#2317));
#401=EDGE_LOOP('',(#2318,#2319,#2320,#2321));
#402=EDGE_LOOP('',(#2322,#2323,#2324,#2325,#2326,#2327,#2328,#2329));
#403=EDGE_LOOP('',(#2330,#2331,#2332,#2333));
#404=EDGE_LOOP('',(#2334,#2335,#2336,#2337));
#405=EDGE_LOOP('',(#2338,#2339,#2340,#2341));
#406=EDGE_LOOP('',(#2342));
#407=EDGE_LOOP('',(#2343));
#408=EDGE_LOOP('',(#2344,#2345,#2346,#2347,#2348,#2349,#2350,#2351,#2352,
#2353,#2354,#2355,#2356,#2357,#2358,#2359,#2360,#2361,#2362,#2363,#2364,
#2365,#2366,#2367,#2368,#2369,#2370,#2371));
#409=EDGE_LOOP('',(#2372,#2373,#2374,#2375,#2376));
#410=EDGE_LOOP('',(#2377));
#411=EDGE_LOOP('',(#2378,#2379,#2380,#2381,#2382,#2383,#2384,#2385));
#412=EDGE_LOOP('',(#2386,#2387,#2388,#2389,#2390));
#413=EDGE_LOOP('',(#2391,#2392,#2393,#2394,#2395));
#414=EDGE_LOOP('',(#2396,#2397,#2398,#2399));
#415=EDGE_LOOP('',(#2400));
#416=EDGE_LOOP('',(#2401));
#417=EDGE_LOOP('',(#2402,#2403,#2404,#2405));
#418=EDGE_LOOP('',(#2406,#2407,#2408,#2409,#2410,#2411,#2412));
#419=EDGE_LOOP('',(#2413));
#420=EDGE_LOOP('',(#2414));
#421=EDGE_LOOP('',(#2415,#2416,#2417,#2418));
#422=EDGE_LOOP('',(#2419));
#423=EDGE_LOOP('',(#2420,#2421,#2422,#2423,#2424,#2425,#2426,#2427,#2428,
#2429,#2430,#2431,#2432,#2433,#2434,#2435,#2436,#2437,#2438,#2439,#2440,
#2441,#2442,#2443,#2444));
#424=EDGE_LOOP('',(#2445,#2446,#2447,#2448));
#425=EDGE_LOOP('',(#2449,#2450,#2451,#2452,#2453,#2454,#2455,#2456));
#426=EDGE_LOOP('',(#2457,#2458,#2459,#2460,#2461));
#427=EDGE_LOOP('',(#2462,#2463,#2464,#2465,#2466,#2467,#2468,#2469,#2470,
#2471));
#428=EDGE_LOOP('',(#2472));
#429=EDGE_LOOP('',(#2473));
#430=EDGE_LOOP('',(#2474));
#431=EDGE_LOOP('',(#2475));
#432=EDGE_LOOP('',(#2476));
#433=EDGE_LOOP('',(#2477));
#434=EDGE_LOOP('',(#2478,#2479,#2480,#2481,#2482));
#435=EDGE_LOOP('',(#2483,#2484,#2485,#2486,#2487));
#436=EDGE_LOOP('',(#2488,#2489,#2490,#2491,#2492));
#437=EDGE_LOOP('',(#2493,#2494,#2495,#2496,#2497));
#438=EDGE_LOOP('',(#2498,#2499,#2500,#2501,#2502));
#439=EDGE_LOOP('',(#2503,#2504,#2505,#2506,#2507));
#440=EDGE_LOOP('',(#2508,#2509,#2510,#2511,#2512));
#441=EDGE_LOOP('',(#2513,#2514,#2515,#2516));
#442=EDGE_LOOP('',(#2517,#2518,#2519,#2520,#2521));
#443=EDGE_LOOP('',(#2522,#2523,#2524,#2525,#2526));
#444=EDGE_LOOP('',(#2527,#2528,#2529,#2530,#2531,#2532,#2533,#2534,#2535,
#2536,#2537,#2538,#2539,#2540,#2541,#2542,#2543,#2544,#2545,#2546));
#445=EDGE_LOOP('',(#2547));
#446=EDGE_LOOP('',(#2548));
#447=EDGE_LOOP('',(#2549,#2550,#2551,#2552));
#448=EDGE_LOOP('',(#2553,#2554,#2555,#2556,#2557));
#449=EDGE_LOOP('',(#2558,#2559,#2560,#2561,#2562));
#450=EDGE_LOOP('',(#2563,#2564,#2565,#2566));
#451=EDGE_LOOP('',(#2567,#2568,#2569,#2570,#2571,#2572,#2573,#2574,#2575,
#2576,#2577,#2578));
#452=EDGE_LOOP('',(#2579,#2580,#2581,#2582));
#453=EDGE_LOOP('',(#2583,#2584,#2585,#2586));
#454=EDGE_LOOP('',(#2587,#2588,#2589,#2590,#2591,#2592,#2593,#2594,#2595,
#2596,#2597,#2598));
#455=EDGE_LOOP('',(#2599,#2600,#2601,#2602));
#456=EDGE_LOOP('',(#2603,#2604,#2605,#2606));
#457=EDGE_LOOP('',(#2607,#2608,#2609,#2610,#2611,#2612,#2613,#2614,#2615,
#2616,#2617,#2618));
#458=EDGE_LOOP('',(#2619,#2620,#2621,#2622));
#459=EDGE_LOOP('',(#2623,#2624,#2625,#2626));
#460=EDGE_LOOP('',(#2627,#2628,#2629,#2630,#2631,#2632,#2633,#2634,#2635,
#2636,#2637,#2638));
#461=EDGE_LOOP('',(#2639,#2640,#2641,#2642));
#462=EDGE_LOOP('',(#2643,#2644,#2645,#2646));
#463=EDGE_LOOP('',(#2647,#2648,#2649,#2650));
#464=EDGE_LOOP('',(#2651,#2652,#2653,#2654));
#465=EDGE_LOOP('',(#2655,#2656,#2657,#2658));
#466=EDGE_LOOP('',(#2659,#2660,#2661,#2662,#2663,#2664,#2665,#2666,#2667,
#2668,#2669,#2670,#2671,#2672,#2673,#2674,#2675,#2676,#2677,#2678,#2679,
#2680));
#467=EDGE_LOOP('',(#2681,#2682,#2683,#2684));
#468=EDGE_LOOP('',(#2685,#2686,#2687,#2688));
#469=EDGE_LOOP('',(#2689,#2690,#2691,#2692));
#470=EDGE_LOOP('',(#2693,#2694,#2695,#2696));
#471=EDGE_LOOP('',(#2697,#2698,#2699,#2700));
#472=EDGE_LOOP('',(#2701,#2702,#2703,#2704));
#473=EDGE_LOOP('',(#2705,#2706,#2707,#2708));
#474=EDGE_LOOP('',(#2709,#2710,#2711,#2712));
#475=EDGE_LOOP('',(#2713,#2714,#2715,#2716));
#476=EDGE_LOOP('',(#2717,#2718,#2719,#2720));
#477=EDGE_LOOP('',(#2721,#2722,#2723,#2724));
#478=EDGE_LOOP('',(#2725,#2726,#2727,#2728));
#479=EDGE_LOOP('',(#2729,#2730,#2731,#2732));
#480=EDGE_LOOP('',(#2733,#2734,#2735,#2736,#2737,#2738,#2739,#2740));
#481=EDGE_LOOP('',(#2741,#2742,#2743,#2744));
#482=EDGE_LOOP('',(#2745,#2746,#2747,#2748));
#483=EDGE_LOOP('',(#2749,#2750,#2751,#2752));
#484=EDGE_LOOP('',(#2753,#2754,#2755,#2756,#2757,#2758,#2759,#2760));
#485=EDGE_LOOP('',(#2761,#2762,#2763,#2764));
#486=EDGE_LOOP('',(#2765,#2766,#2767,#2768));
#487=EDGE_LOOP('',(#2769));
#488=EDGE_LOOP('',(#2770));
#489=EDGE_LOOP('',(#2771,#2772,#2773,#2774));
#490=EDGE_LOOP('',(#2775,#2776,#2777,#2778));
#491=EDGE_LOOP('',(#2779,#2780,#2781,#2782));
#492=EDGE_LOOP('',(#2783,#2784,#2785,#2786));
#493=EDGE_LOOP('',(#2787,#2788,#2789,#2790,#2791,#2792));
#494=EDGE_LOOP('',(#2793,#2794,#2795,#2796));
#495=EDGE_LOOP('',(#2797,#2798,#2799,#2800));
#496=EDGE_LOOP('',(#2801,#2802,#2803,#2804));
#497=EDGE_LOOP('',(#2805,#2806,#2807,#2808));
#498=EDGE_LOOP('',(#2809,#2810,#2811));
#499=EDGE_LOOP('',(#2812,#2813,#2814,#2815,#2816,#2817));
#500=EDGE_LOOP('',(#2818,#2819,#2820,#2821,#2822,#2823));
#501=EDGE_LOOP('',(#2824,#2825,#2826,#2827,#2828));
#502=EDGE_LOOP('',(#2829,#2830,#2831,#2832));
#503=EDGE_LOOP('',(#2833,#2834,#2835,#2836));
#504=EDGE_LOOP('',(#2837,#2838,#2839,#2840,#2841));
#505=EDGE_LOOP('',(#2842,#2843,#2844,#2845));
#506=EDGE_LOOP('',(#2846,#2847,#2848,#2849,#2850));
#507=EDGE_LOOP('',(#2851,#2852,#2853,#2854,#2855));
#508=EDGE_LOOP('',(#2856,#2857,#2858,#2859));
#509=EDGE_LOOP('',(#2860,#2861,#2862,#2863));
#510=EDGE_LOOP('',(#2864,#2865,#2866,#2867));
#511=EDGE_LOOP('',(#2868,#2869,#2870,#2871));
#512=EDGE_LOOP('',(#2872,#2873,#2874,#2875));
#513=EDGE_LOOP('',(#2876,#2877,#2878,#2879));
#514=EDGE_LOOP('',(#2880,#2881,#2882,#2883));
#515=EDGE_LOOP('',(#2884,#2885,#2886,#2887));
#516=EDGE_LOOP('',(#2888,#2889,#2890,#2891));
#517=EDGE_LOOP('',(#2892,#2893,#2894,#2895));
#518=EDGE_LOOP('',(#2896,#2897,#2898,#2899));
#519=EDGE_LOOP('',(#2900));
#520=EDGE_LOOP('',(#2901));
#521=EDGE_LOOP('',(#2902,#2903,#2904,#2905));
#522=EDGE_LOOP('',(#2906,#2907,#2908,#2909));
#523=EDGE_LOOP('',(#2910,#2911,#2912,#2913));
#524=EDGE_LOOP('',(#2914,#2915,#2916,#2917));
#525=EDGE_LOOP('',(#2918,#2919,#2920,#2921));
#526=EDGE_LOOP('',(#2922,#2923,#2924,#2925));
#527=EDGE_LOOP('',(#2926,#2927,#2928,#2929));
#528=EDGE_LOOP('',(#2930,#2931,#2932,#2933));
#529=EDGE_LOOP('',(#2934,#2935,#2936,#2937));
#530=EDGE_LOOP('',(#2938,#2939,#2940,#2941));
#531=EDGE_LOOP('',(#2942,#2943,#2944,#2945));
#532=EDGE_LOOP('',(#2946,#2947,#2948,#2949));
#533=EDGE_LOOP('',(#2950,#2951,#2952,#2953));
#534=EDGE_LOOP('',(#2954,#2955,#2956,#2957));
#535=EDGE_LOOP('',(#2958,#2959,#2960,#2961));
#536=EDGE_LOOP('',(#2962,#2963,#2964,#2965));
#537=EDGE_LOOP('',(#2966,#2967,#2968,#2969));
#538=EDGE_LOOP('',(#2970,#2971,#2972,#2973));
#539=EDGE_LOOP('',(#2974,#2975,#2976,#2977));
#540=EDGE_LOOP('',(#2978,#2979,#2980,#2981));
#541=EDGE_LOOP('',(#2982,#2983,#2984,#2985,#2986,#2987));
#542=EDGE_LOOP('',(#2988,#2989,#2990,#2991,#2992,#2993));
#543=LINE('',#4518,#847);
#544=LINE('',#4520,#848);
#545=LINE('',#4521,#849);
#546=LINE('',#4524,#850);
#547=LINE('',#4526,#851);
#548=LINE('',#4528,#852);
#549=LINE('',#4530,#853);
#550=LINE('',#4532,#854);
#551=LINE('',#4533,#855);
#552=LINE('',#4536,#856);
#553=LINE('',#4537,#857);
#554=LINE('',#4540,#858);
#555=LINE('',#4542,#859);
#556=LINE('',#4544,#860);
#557=LINE('',#4546,#861);
#558=LINE('',#4547,#862);
#559=LINE('',#4551,#863);
#560=LINE('',#4553,#864);
#561=LINE('',#4558,#865);
#562=LINE('',#4561,#866);
#563=LINE('',#4563,#867);
#564=LINE('',#4565,#868);
#565=LINE('',#4567,#869);
#566=LINE('',#4569,#870);
#567=LINE('',#4570,#871);
#568=LINE('',#4577,#872);
#569=LINE('',#4579,#873);
#570=LINE('',#4583,#874);
#571=LINE('',#4585,#875);
#572=LINE('',#4587,#876);
#573=LINE('',#4588,#877);
#574=LINE('',#4589,#878);
#575=LINE('',#4604,#879);
#576=LINE('',#4608,#880);
#577=LINE('',#4613,#881);
#578=LINE('',#4615,#882);
#579=LINE('',#4619,#883);
#580=LINE('',#4623,#884);
#581=LINE('',#4626,#885);
#582=LINE('',#4633,#886);
#583=LINE('',#4639,#887);
#584=LINE('',#4642,#888);
#585=LINE('',#4650,#889);
#586=LINE('',#4652,#890);
#587=LINE('',#4653,#891);
#588=LINE('',#4661,#892);
#589=LINE('',#4663,#893);
#590=LINE('',#4664,#894);
#591=LINE('',#4671,#895);
#592=LINE('',#4672,#896);
#593=LINE('',#4678,#897);
#594=LINE('',#4686,#898);
#595=LINE('',#4688,#899);
#596=LINE('',#4689,#900);
#597=LINE('',#4697,#901);
#598=LINE('',#4699,#902);
#599=LINE('',#4700,#903);
#600=LINE('',#4707,#904);
#601=LINE('',#4708,#905);
#602=LINE('',#4714,#906);
#603=LINE('',#4722,#907);
#604=LINE('',#4724,#908);
#605=LINE('',#4725,#909);
#606=LINE('',#4733,#910);
#607=LINE('',#4735,#911);
#608=LINE('',#4736,#912);
#609=LINE('',#4743,#913);
#610=LINE('',#4744,#914);
#611=LINE('',#4749,#915);
#612=LINE('',#4755,#916);
#613=LINE('',#4766,#917);
#614=LINE('',#4767,#918);
#615=LINE('',#4774,#919);
#616=LINE('',#4775,#920);
#617=LINE('',#4788,#921);
#618=LINE('',#4795,#922);
#619=LINE('',#4799,#923);
#620=LINE('',#4801,#924);
#621=LINE('',#4803,#925);
#622=LINE('',#4805,#926);
#623=LINE('',#4807,#927);
#624=LINE('',#4809,#928);
#625=LINE('',#4811,#929);
#626=LINE('',#4812,#930);
#627=LINE('',#4817,#931);
#628=LINE('',#4819,#932);
#629=LINE('',#4821,#933);
#630=LINE('',#4823,#934);
#631=LINE('',#4825,#935);
#632=LINE('',#4827,#936);
#633=LINE('',#4828,#937);
#634=LINE('',#4831,#938);
#635=LINE('',#4832,#939);
#636=LINE('',#4835,#940);
#637=LINE('',#4837,#941);
#638=LINE('',#4839,#942);
#639=LINE('',#4841,#943);
#640=LINE('',#4843,#944);
#641=LINE('',#4844,#945);
#642=LINE('',#4847,#946);
#643=LINE('',#4848,#947);
#644=LINE('',#4851,#948);
#645=LINE('',#4855,#949);
#646=LINE('',#4857,#950);
#647=LINE('',#4859,#951);
#648=LINE('',#4861,#952);
#649=LINE('',#4862,#953);
#650=LINE('',#4865,#954);
#651=LINE('',#4868,#955);
#652=LINE('',#4870,#956);
#653=LINE('',#4873,#957);
#654=LINE('',#4874,#958);
#655=LINE('',#4877,#959);
#656=LINE('',#4881,#960);
#657=LINE('',#4887,#961);
#658=LINE('',#4891,#962);
#659=LINE('',#4892,#963);
#660=LINE('',#4904,#964);
#661=LINE('',#4922,#965);
#662=LINE('',#4925,#966);
#663=LINE('',#4929,#967);
#664=LINE('',#4936,#968);
#665=LINE('',#4941,#969);
#666=LINE('',#4943,#970);
#667=LINE('',#4947,#971);
#668=LINE('',#4951,#972);
#669=LINE('',#4952,#973);
#670=LINE('',#4958,#974);
#671=LINE('',#4962,#975);
#672=LINE('',#4965,#976);
#673=LINE('',#4972,#977);
#674=LINE('',#4977,#978);
#675=LINE('',#4979,#979);
#676=LINE('',#4981,#980);
#677=LINE('',#4983,#981);
#678=LINE('',#4985,#982);
#679=LINE('',#4987,#983);
#680=LINE('',#4989,#984);
#681=LINE('',#4991,#985);
#682=LINE('',#4993,#986);
#683=LINE('',#4994,#987);
#684=LINE('',#5008,#988);
#685=LINE('',#5014,#989);
#686=LINE('',#5018,#990);
#687=LINE('',#5024,#991);
#688=LINE('',#5028,#992);
#689=LINE('',#5034,#993);
#690=LINE('',#5038,#994);
#691=LINE('',#5041,#995);
#692=LINE('',#5060,#996);
#693=LINE('',#5102,#997);
#694=LINE('',#5115,#998);
#695=LINE('',#5117,#999);
#696=LINE('',#5119,#1000);
#697=LINE('',#5121,#1001);
#698=LINE('',#5123,#1002);
#699=LINE('',#5205,#1003);
#700=LINE('',#5287,#1004);
#701=LINE('',#5289,#1005);
#702=LINE('',#5291,#1006);
#703=LINE('',#5373,#1007);
#704=LINE('',#5455,#1008);
#705=LINE('',#5457,#1009);
#706=LINE('',#5459,#1010);
#707=LINE('',#5461,#1011);
#708=LINE('',#5462,#1012);
#709=LINE('',#5476,#1013);
#710=LINE('',#5495,#1014);
#711=LINE('',#5536,#1015);
#712=LINE('',#5542,#1016);
#713=LINE('',#5545,#1017);
#714=LINE('',#5548,#1018);
#715=LINE('',#5550,#1019);
#716=LINE('',#5552,#1020);
#717=LINE('',#5556,#1021);
#718=LINE('',#5558,#1022);
#719=LINE('',#5560,#1023);
#720=LINE('',#5562,#1024);
#721=LINE('',#5564,#1025);
#722=LINE('',#5566,#1026);
#723=LINE('',#5567,#1027);
#724=LINE('',#5570,#1028);
#725=LINE('',#5571,#1029);
#726=LINE('',#5574,#1030);
#727=LINE('',#5577,#1031);
#728=LINE('',#5580,#1032);
#729=LINE('',#5582,#1033);
#730=LINE('',#5584,#1034);
#731=LINE('',#5586,#1035);
#732=LINE('',#5588,#1036);
#733=LINE('',#5590,#1037);
#734=LINE('',#5591,#1038);
#735=LINE('',#5593,#1039);
#736=LINE('',#5594,#1040);
#737=LINE('',#5596,#1041);
#738=LINE('',#5602,#1042);
#739=LINE('',#5605,#1043);
#740=LINE('',#5608,#1044);
#741=LINE('',#5610,#1045);
#742=LINE('',#5612,#1046);
#743=LINE('',#5616,#1047);
#744=LINE('',#5618,#1048);
#745=LINE('',#5620,#1049);
#746=LINE('',#5622,#1050);
#747=LINE('',#5624,#1051);
#748=LINE('',#5626,#1052);
#749=LINE('',#5627,#1053);
#750=LINE('',#5630,#1054);
#751=LINE('',#5631,#1055);
#752=LINE('',#5634,#1056);
#753=LINE('',#5637,#1057);
#754=LINE('',#5640,#1058);
#755=LINE('',#5642,#1059);
#756=LINE('',#5644,#1060);
#757=LINE('',#5646,#1061);
#758=LINE('',#5648,#1062);
#759=LINE('',#5650,#1063);
#760=LINE('',#5651,#1064);
#761=LINE('',#5653,#1065);
#762=LINE('',#5654,#1066);
#763=LINE('',#5656,#1067);
#764=LINE('',#5659,#1068);
#765=LINE('',#5662,#1069);
#766=LINE('',#5665,#1070);
#767=LINE('',#5667,#1071);
#768=LINE('',#5668,#1072);
#769=LINE('',#5672,#1073);
#770=LINE('',#5676,#1074);
#771=LINE('',#5680,#1075);
#772=LINE('',#5685,#1076);
#773=LINE('',#5689,#1077);
#774=LINE('',#5693,#1078);
#775=LINE('',#5695,#1079);
#776=LINE('',#5696,#1080);
#777=LINE('',#5697,#1081);
#778=LINE('',#5698,#1082);
#779=LINE('',#5699,#1083);
#780=LINE('',#5700,#1084);
#781=LINE('',#5701,#1085);
#782=LINE('',#5703,#1086);
#783=LINE('',#5705,#1087);
#784=LINE('',#5709,#1088);
#785=LINE('',#5712,#1089);
#786=LINE('',#5716,#1090);
#787=LINE('',#5717,#1091);
#788=LINE('',#5721,#1092);
#789=LINE('',#5722,#1093);
#790=LINE('',#5725,#1094);
#791=LINE('',#5726,#1095);
#792=LINE('',#5730,#1096);
#793=LINE('',#5731,#1097);
#794=LINE('',#5732,#1098);
#795=LINE('',#5734,#1099);
#796=LINE('',#5737,#1100);
#797=LINE('',#5738,#1101);
#798=LINE('',#5742,#1102);
#799=LINE('',#5743,#1103);
#800=LINE('',#5745,#1104);
#801=LINE('',#5750,#1105);
#802=LINE('',#5753,#1106);
#803=LINE('',#5754,#1107);
#804=LINE('',#5756,#1108);
#805=LINE('',#5762,#1109);
#806=LINE('',#5766,#1110);
#807=LINE('',#5771,#1111);
#808=LINE('',#5777,#1112);
#809=LINE('',#5780,#1113);
#810=LINE('',#5781,#1114);
#811=LINE('',#5789,#1115);
#812=LINE('',#5793,#1116);
#813=LINE('',#5794,#1117);
#814=LINE('',#5798,#1118);
#815=LINE('',#5800,#1119);
#816=LINE('',#5802,#1120);
#817=LINE('',#5804,#1121);
#818=LINE('',#5809,#1122);
#819=LINE('',#5810,#1123);
#820=LINE('',#5812,#1124);
#821=LINE('',#5816,#1125);
#822=LINE('',#5821,#1126);
#823=LINE('',#5867,#1127);
#824=LINE('',#5911,#1128);
#825=LINE('',#5915,#1129);
#826=LINE('',#5961,#1130);
#827=LINE('',#6007,#1131);
#828=LINE('',#6008,#1132);
#829=LINE('',#6011,#1133);
#830=LINE('',#6012,#1134);
#831=LINE('',#6015,#1135);
#832=LINE('',#6024,#1136);
#833=LINE('',#6025,#1137);
#834=LINE('',#6028,#1138);
#835=LINE('',#6036,#1139);
#836=LINE('',#6039,#1140);
#837=LINE('',#6040,#1141);
#838=LINE('',#6043,#1142);
#839=LINE('',#6052,#1143);
#840=LINE('',#6053,#1144);
#841=LINE('',#6063,#1145);
#842=LINE('',#6068,#1146);
#843=LINE('',#6150,#1147);
#844=LINE('',#6230,#1148);
#845=LINE('',#6234,#1149);
#846=LINE('',#6316,#1150);
#847=VECTOR('',#3603,10.);
#848=VECTOR('',#3604,10.);
#849=VECTOR('',#3605,10.);
#850=VECTOR('',#3608,10.);
#851=VECTOR('',#3609,10.);
#852=VECTOR('',#3610,10.);
#853=VECTOR('',#3611,10.);
#854=VECTOR('',#3612,10.);
#855=VECTOR('',#3613,10.);
#856=VECTOR('',#3616,10.);
#857=VECTOR('',#3617,10.);
#858=VECTOR('',#3620,10.);
#859=VECTOR('',#3621,10.);
#860=VECTOR('',#3622,10.);
#861=VECTOR('',#3623,10.);
#862=VECTOR('',#3624,10.);
#863=VECTOR('',#3627,10.);
#864=VECTOR('',#3628,10.);
#865=VECTOR('',#3633,10.);
#866=VECTOR('',#3636,10.);
#867=VECTOR('',#3637,10.);
#868=VECTOR('',#3638,10.);
#869=VECTOR('',#3639,10.);
#870=VECTOR('',#3640,10.);
#871=VECTOR('',#3641,10.);
#872=VECTOR('',#3652,10.);
#873=VECTOR('',#3653,10.);
#874=VECTOR('',#3658,10.);
#875=VECTOR('',#3659,10.);
#876=VECTOR('',#3660,10.);
#877=VECTOR('',#3661,10.);
#878=VECTOR('',#3662,10.);
#879=VECTOR('',#3687,5.02807482808603);
#880=VECTOR('',#3692,4.9267496538782);
#881=VECTOR('',#3697,1000.);
#882=VECTOR('',#3698,1000.);
#883=VECTOR('',#3701,1000.);
#884=VECTOR('',#3704,1000.);
#885=VECTOR('',#3707,1000.);
#886=VECTOR('',#3716,2.5);
#887=VECTOR('',#3721,10.);
#888=VECTOR('',#3724,10.);
#889=VECTOR('',#3727,10.);
#890=VECTOR('',#3728,10.);
#891=VECTOR('',#3729,10.);
#892=VECTOR('',#3732,10.);
#893=VECTOR('',#3733,10.);
#894=VECTOR('',#3734,10.);
#895=VECTOR('',#3737,10.);
#896=VECTOR('',#3738,10.);
#897=VECTOR('',#3745,10.);
#898=VECTOR('',#3748,10.);
#899=VECTOR('',#3749,10.);
#900=VECTOR('',#3750,10.);
#901=VECTOR('',#3753,10.);
#902=VECTOR('',#3754,10.);
#903=VECTOR('',#3755,10.);
#904=VECTOR('',#3758,10.);
#905=VECTOR('',#3759,10.);
#906=VECTOR('',#3766,10.);
#907=VECTOR('',#3769,10.);
#908=VECTOR('',#3770,10.);
#909=VECTOR('',#3771,10.);
#910=VECTOR('',#3774,10.);
#911=VECTOR('',#3775,10.);
#912=VECTOR('',#3776,10.);
#913=VECTOR('',#3779,10.);
#914=VECTOR('',#3780,10.);
#915=VECTOR('',#3785,10.);
#916=VECTOR('',#3792,10.);
#917=VECTOR('',#3803,10.);
#918=VECTOR('',#3804,10.);
#919=VECTOR('',#3807,10.);
#920=VECTOR('',#3808,10.);
#921=VECTOR('',#3831,10.);
#922=VECTOR('',#3836,10.);
#923=VECTOR('',#3839,10.);
#924=VECTOR('',#3840,10.);
#925=VECTOR('',#3841,10.);
#926=VECTOR('',#3842,10.);
#927=VECTOR('',#3843,10.);
#928=VECTOR('',#3844,10.);
#929=VECTOR('',#3845,10.);
#930=VECTOR('',#3846,10.);
#931=VECTOR('',#3851,10.);
#932=VECTOR('',#3852,10.);
#933=VECTOR('',#3853,10.);
#934=VECTOR('',#3854,10.);
#935=VECTOR('',#3855,10.);
#936=VECTOR('',#3856,10.);
#937=VECTOR('',#3857,10.);
#938=VECTOR('',#3860,10.);
#939=VECTOR('',#3861,10.);
#940=VECTOR('',#3864,10.);
#941=VECTOR('',#3865,10.);
#942=VECTOR('',#3866,10.);
#943=VECTOR('',#3867,10.);
#944=VECTOR('',#3868,10.);
#945=VECTOR('',#3869,10.);
#946=VECTOR('',#3872,10.);
#947=VECTOR('',#3873,10.);
#948=VECTOR('',#3876,10.);
#949=VECTOR('',#3881,10.);
#950=VECTOR('',#3882,10.);
#951=VECTOR('',#3883,10.);
#952=VECTOR('',#3884,10.);
#953=VECTOR('',#3885,10.);
#954=VECTOR('',#3888,10.);
#955=VECTOR('',#3891,10.);
#956=VECTOR('',#3894,10.);
#957=VECTOR('',#3897,10.);
#958=VECTOR('',#3898,10.);
#959=VECTOR('',#3901,10.);
#960=VECTOR('',#3906,4.93856041762353);
#961=VECTOR('',#3915,10.);
#962=VECTOR('',#3920,10.);
#963=VECTOR('',#3921,10.);
#964=VECTOR('',#3940,7.32156991359186);
#965=VECTOR('',#3969,5.175);
#966=VECTOR('',#3972,5.025);
#967=VECTOR('',#3977,2.9);
#968=VECTOR('',#3986,8.21135380737915);
#969=VECTOR('',#3991,1000.);
#970=VECTOR('',#3992,1000.);
#971=VECTOR('',#3995,1000.);
#972=VECTOR('',#3998,1000.);
#973=VECTOR('',#3999,1000.);
#974=VECTOR('',#4006,8.01053396553444);
#975=VECTOR('',#4011,5.20847486628311);
#976=VECTOR('',#4016,5.05594759763639);
#977=VECTOR('',#4023,2.45971424286772);
#978=VECTOR('',#4028,1000.);
#979=VECTOR('',#4029,1000.);
#980=VECTOR('',#4030,1000.);
#981=VECTOR('',#4031,1000.);
#982=VECTOR('',#4032,1000.);
#983=VECTOR('',#4033,1000.);
#984=VECTOR('',#4034,1000.);
#985=VECTOR('',#4035,1000.);
#986=VECTOR('',#4036,1000.);
#987=VECTOR('',#4037,1000.);
#988=VECTOR('',#4052,2.31233210383394);
#989=VECTOR('',#4059,2.45971424286773);
#990=VECTOR('',#4064,2.31233210383396);
#991=VECTOR('',#4071,2.45971424286774);
#992=VECTOR('',#4076,2.31233210383396);
#993=VECTOR('',#4083,2.45971424286597);
#994=VECTOR('',#4088,2.31233210383217);
#995=VECTOR('',#4091,1.4);
#996=VECTOR('',#4096,1.25);
#997=VECTOR('',#4097,10.);
#998=VECTOR('',#4100,1000.);
#999=VECTOR('',#4101,1000.);
#1000=VECTOR('',#4102,1000.);
#1001=VECTOR('',#4103,1000.);
#1002=VECTOR('',#4104,1000.);
#1003=VECTOR('',#4105,1000.);
#1004=VECTOR('',#4106,1000.);
#1005=VECTOR('',#4107,1000.);
#1006=VECTOR('',#4108,1000.);
#1007=VECTOR('',#4109,1000.);
#1008=VECTOR('',#4110,1000.);
#1009=VECTOR('',#4111,1000.);
#1010=VECTOR('',#4112,1000.);
#1011=VECTOR('',#4113,1000.);
#1012=VECTOR('',#4114,1000.);
#1013=VECTOR('',#4117,1.4);
#1014=VECTOR('',#4122,1.25);
#1015=VECTOR('',#4123,10.);
#1016=VECTOR('',#4128,10.);
#1017=VECTOR('',#4131,10.);
#1018=VECTOR('',#4134,10.);
#1019=VECTOR('',#4135,10.);
#1020=VECTOR('',#4136,10.);
#1021=VECTOR('',#4139,10.);
#1022=VECTOR('',#4140,10.);
#1023=VECTOR('',#4141,10.);
#1024=VECTOR('',#4142,10.);
#1025=VECTOR('',#4143,10.);
#1026=VECTOR('',#4144,10.);
#1027=VECTOR('',#4145,10.);
#1028=VECTOR('',#4148,10.);
#1029=VECTOR('',#4149,10.);
#1030=VECTOR('',#4152,10.);
#1031=VECTOR('',#4155,10.);
#1032=VECTOR('',#4158,10.);
#1033=VECTOR('',#4159,10.);
#1034=VECTOR('',#4160,10.);
#1035=VECTOR('',#4161,10.);
#1036=VECTOR('',#4162,10.);
#1037=VECTOR('',#4163,10.);
#1038=VECTOR('',#4164,10.);
#1039=VECTOR('',#4165,10.);
#1040=VECTOR('',#4166,10.);
#1041=VECTOR('',#4169,10.);
#1042=VECTOR('',#4174,10.);
#1043=VECTOR('',#4177,10.);
#1044=VECTOR('',#4180,10.);
#1045=VECTOR('',#4181,10.);
#1046=VECTOR('',#4182,10.);
#1047=VECTOR('',#4185,10.);
#1048=VECTOR('',#4186,10.);
#1049=VECTOR('',#4187,10.);
#1050=VECTOR('',#4188,10.);
#1051=VECTOR('',#4189,10.);
#1052=VECTOR('',#4190,10.);
#1053=VECTOR('',#4191,10.);
#1054=VECTOR('',#4194,10.);
#1055=VECTOR('',#4195,10.);
#1056=VECTOR('',#4198,10.);
#1057=VECTOR('',#4201,10.);
#1058=VECTOR('',#4204,10.);
#1059=VECTOR('',#4205,10.);
#1060=VECTOR('',#4206,10.);
#1061=VECTOR('',#4207,10.);
#1062=VECTOR('',#4208,10.);
#1063=VECTOR('',#4209,10.);
#1064=VECTOR('',#4210,10.);
#1065=VECTOR('',#4211,10.);
#1066=VECTOR('',#4212,10.);
#1067=VECTOR('',#4215,10.);
#1068=VECTOR('',#4220,10.);
#1069=VECTOR('',#4225,10.);
#1070=VECTOR('',#4228,1000.);
#1071=VECTOR('',#4229,1000.);
#1072=VECTOR('',#4230,1000.);
#1073=VECTOR('',#4233,1000.);
#1074=VECTOR('',#4236,1000.);
#1075=VECTOR('',#4239,1000.);
#1076=VECTOR('',#4244,1000.);
#1077=VECTOR('',#4247,1000.);
#1078=VECTOR('',#4250,1000.);
#1079=VECTOR('',#4253,1000.);
#1080=VECTOR('',#4254,10.);
#1081=VECTOR('',#4255,10.);
#1082=VECTOR('',#4256,10.);
#1083=VECTOR('',#4257,10.);
#1084=VECTOR('',#4258,10.);
#1085=VECTOR('',#4259,10.);
#1086=VECTOR('',#4262,10.);
#1087=VECTOR('',#4265,10.);
#1088=VECTOR('',#4272,10.);
#1089=VECTOR('',#4277,10.);
#1090=VECTOR('',#4282,1000.);
#1091=VECTOR('',#4283,1000.);
#1092=VECTOR('',#4286,1000.);
#1093=VECTOR('',#4287,1000.);
#1094=VECTOR('',#4290,1000.);
#1095=VECTOR('',#4291,1000.);
#1096=VECTOR('',#4294,1000.);
#1097=VECTOR('',#4295,1000.);
#1098=VECTOR('',#4296,1000.);
#1099=VECTOR('',#4299,10.);
#1100=VECTOR('',#4302,1000.);
#1101=VECTOR('',#4303,1000.);
#1102=VECTOR('',#4306,1000.);
#1103=VECTOR('',#4307,1000.);
#1104=VECTOR('',#4308,1000.);
#1105=VECTOR('',#4309,1000.);
#1106=VECTOR('',#4312,1000.);
#1107=VECTOR('',#4313,1000.);
#1108=VECTOR('',#4316,1000.);
#1109=VECTOR('',#4323,1000.);
#1110=VECTOR('',#4330,10.);
#1111=VECTOR('',#4335,1000.);
#1112=VECTOR('',#4342,1000.);
#1113=VECTOR('',#4347,1000.);
#1114=VECTOR('',#4348,1000.);
#1115=VECTOR('',#4359,1000.);
#1116=VECTOR('',#4366,1000.);
#1117=VECTOR('',#4367,1000.);
#1118=VECTOR('',#4374,1000.);
#1119=VECTOR('',#4377,1000.);
#1120=VECTOR('',#4380,1000.);
#1121=VECTOR('',#4383,1000.);
#1122=VECTOR('',#4390,1000.);
#1123=VECTOR('',#4391,1000.);
#1124=VECTOR('',#4394,1000.);
#1125=VECTOR('',#4399,1000.);
#1126=VECTOR('',#4406,1000.);
#1127=VECTOR('',#4413,1000.);
#1128=VECTOR('',#4418,1000.);
#1129=VECTOR('',#4423,1000.);
#1130=VECTOR('',#4430,1000.);
#1131=VECTOR('',#4439,1000.);
#1132=VECTOR('',#4440,1000.);
#1133=VECTOR('',#4443,1000.);
#1134=VECTOR('',#4444,1000.);
#1135=VECTOR('',#4447,1000.);
#1136=VECTOR('',#4450,1000.);
#1137=VECTOR('',#4451,1000.);
#1138=VECTOR('',#4454,1000.);
#1139=VECTOR('',#4457,1000.);
#1140=VECTOR('',#4460,1000.);
#1141=VECTOR('',#4461,1000.);
#1142=VECTOR('',#4464,1000.);
#1143=VECTOR('',#4467,1000.);
#1144=VECTOR('',#4468,1000.);
#1145=VECTOR('',#4473,1000.);
#1146=VECTOR('',#4480,1000.);
#1147=VECTOR('',#4487,1000.);
#1148=VECTOR('',#4492,1000.);
#1149=VECTOR('',#4497,1000.);
#1150=VECTOR('',#4504,1000.);
#1151=CIRCLE('',#3292,2.75);
#1152=CIRCLE('',#3297,2.75);
#1153=CIRCLE('',#3298,2.75);
#1154=CIRCLE('',#3301,4.98254493506917);
#1155=CIRCLE('',#3303,4.98254493507252);
#1156=CIRCLE('',#3305,4.98254493506917);
#1157=CIRCLE('',#3308,4.98254493507252);
#1158=CIRCLE('',#3309,4.98254493507252);
#1159=CIRCLE('',#3311,2.75);
#1160=CIRCLE('',#3313,4.98254493507252);
#1161=CIRCLE('',#3314,4.98254493507252);
#1162=CIRCLE('',#3316,2.75);
#1163=CIRCLE('',#3318,5.17545696712048);
#1164=CIRCLE('',#3319,4.88069268905159);
#1165=CIRCLE('',#3321,4.9190946294404);
#1166=CIRCLE('',#3323,10.1745506492822);
#1167=CIRCLE('',#3324,10.1745506492822);
#1168=CIRCLE('',#3325,0.19996669840226);
#1169=CIRCLE('',#3326,5.325);
#1170=CIRCLE('',#3329,2.75);
#1171=CIRCLE('',#3331,7.12147852140558);
#1172=CIRCLE('',#3332,7.98882916684066);
#1173=CIRCLE('',#3337,7.12147852140558);
#1174=CIRCLE('',#3338,7.98882916684066);
#1175=CIRCLE('',#3343,7.12147852140558);
#1176=CIRCLE('',#3344,7.98882916684066);
#1177=CIRCLE('',#3349,7.12147852140558);
#1178=CIRCLE('',#3350,7.98882916684066);
#1179=CIRCLE('',#3352,7.12147852140558);
#1180=CIRCLE('',#3353,7.98882916684066);
#1181=CIRCLE('',#3355,7.12147852140558);
#1182=CIRCLE('',#3356,7.98882916684066);
#1183=CIRCLE('',#3360,7.98882916684066);
#1184=CIRCLE('',#3362,7.98882916684066);
#1185=CIRCLE('',#3364,7.98882916684066);
#1186=CIRCLE('',#3366,7.98882916684066);
#1187=CIRCLE('',#3368,7.98882916684066);
#1188=CIRCLE('',#3370,7.98882916684066);
#1189=CIRCLE('',#3373,4.93856041762353);
#1190=CIRCLE('',#3379,6.97414379222971);
#1191=CIRCLE('',#3382,6.97414379222971);
#1192=CIRCLE('',#3386,6.97414379222971);
#1193=CIRCLE('',#3388,4.93856041762353);
#1194=CIRCLE('',#3390,6.97414379222971);
#1195=CIRCLE('',#3392,6.97414379222971);
#1196=CIRCLE('',#3395,6.97414379222971);
#1197=CIRCLE('',#3397,6.97414379222971);
#1198=CIRCLE('',#3399,6.97414379222971);
#1199=CIRCLE('',#3402,7.06911332662093);
#1200=CIRCLE('',#3403,7.12496953439122);
#1201=CIRCLE('',#3404,7.12496953439122);
#1202=CIRCLE('',#3405,7.12496953439122);
#1203=CIRCLE('',#3406,7.12496953439122);
#1204=CIRCLE('',#3407,7.12496953439122);
#1205=CIRCLE('',#3408,7.12496953439122);
#1206=CIRCLE('',#3409,7.12496953439122);
#1207=CIRCLE('',#3411,4.98254493507252);
#1208=CIRCLE('',#3412,4.98254493507252);
#1209=CIRCLE('',#3415,5.025);
#1210=CIRCLE('',#3416,5.025);
#1211=CIRCLE('',#3418,5.025);
#1212=CIRCLE('',#3420,3.05);
#1213=CIRCLE('',#3423,8.05873594641359);
#1214=CIRCLE('',#3424,8.36397166834477);
#1215=CIRCLE('',#3426,9.80346054737687);
#1216=CIRCLE('',#3427,9.80346054737686);
#1217=CIRCLE('',#3428,5.36109272724867);
#1218=CIRCLE('',#3430,8.0500076164022);
#1219=CIRCLE('',#3433,5.05585700531754);
#1220=CIRCLE('',#3436,2.30709638190272);
#1221=CIRCLE('',#3437,2.30709638190272);
#1222=CIRCLE('',#3438,2.61233210383271);
#1223=CIRCLE('',#3440,2.61233210383273);
#1224=CIRCLE('',#3441,2.61233210383095);
#1225=CIRCLE('',#3442,1.55);
#1226=CIRCLE('',#3443,1.55);
#1227=CIRCLE('',#3444,2.61233210383273);
#1228=CIRCLE('',#3446,2.13254493507251);
#1229=CIRCLE('',#3448,2.30709638190273);
#1230=CIRCLE('',#3449,2.30709638190273);
#1231=CIRCLE('',#3451,2.13254493507252);
#1232=CIRCLE('',#3453,2.30709638190274);
#1233=CIRCLE('',#3454,2.30709638190274);
#1234=CIRCLE('',#3456,2.13254493507252);
#1235=CIRCLE('',#3458,2.307096381901);
#1236=CIRCLE('',#3459,2.307096381901);
#1237=CIRCLE('',#3461,2.13254493507251);
#1238=CIRCLE('',#3463,1.25);
#1239=CIRCLE('',#3467,1.25);
#1240=CIRCLE('',#3470,3.);
#1241=CIRCLE('',#3471,3.);
#1242=CIRCLE('',#3473,3.);
#1243=CIRCLE('',#3476,3.);
#1244=CIRCLE('',#3480,3.);
#1245=CIRCLE('',#3481,3.);
#1246=CIRCLE('',#3483,3.);
#1247=CIRCLE('',#3486,3.);
#1248=CIRCLE('',#3522,0.200014589482395);
#1249=CIRCLE('',#3523,0.200000000000001);
#1250=CIRCLE('',#3526,0.2);
#1251=CIRCLE('',#3527,0.199999999999998);
#1252=CIRCLE('',#3529,0.200014589482395);
#1253=CIRCLE('',#3530,0.200000000000001);
#1254=CIRCLE('',#3533,0.200000000000007);
#1255=CIRCLE('',#3534,10.0034300864081);
#1256=CIRCLE('',#3536,0.200000000000001);
#1257=CIRCLE('',#3538,10.0034300864082);
#1258=CIRCLE('',#3541,0.200000000000004);
#1259=CIRCLE('',#3552,0.4);
#1260=CIRCLE('',#3554,0.4);
#1261=CIRCLE('',#3555,0.399999999999999);
#1262=CIRCLE('',#3557,0.399999999999999);
#1263=CIRCLE('',#3558,0.400000000000002);
#1264=CIRCLE('',#3561,0.4);
#1265=CIRCLE('',#3562,0.399999999999999);
#1266=CIRCLE('',#3564,0.399999999999999);
#1267=CIRCLE('',#3579,0.4);
#1268=CIRCLE('',#3581,0.4);
#1269=CIRCLE('',#3582,0.399999999999998);
#1270=CIRCLE('',#3584,0.399999999999999);
#1271=CIRCLE('',#3585,0.399999999999999);
#1272=CIRCLE('',#3588,0.4);
#1273=CIRCLE('',#3589,0.399999999999998);
#1274=CIRCLE('',#3591,0.399999999999999);
#1275=VERTEX_POINT('',#4514);
#1276=VERTEX_POINT('',#4515);
#1277=VERTEX_POINT('',#4517);
#1278=VERTEX_POINT('',#4519);
#1279=VERTEX_POINT('',#4523);
#1280=VERTEX_POINT('',#4525);
#1281=VERTEX_POINT('',#4527);
#1282=VERTEX_POINT('',#4529);
#1283=VERTEX_POINT('',#4531);
#1284=VERTEX_POINT('',#4535);
#1285=VERTEX_POINT('',#4539);
#1286=VERTEX_POINT('',#4541);
#1287=VERTEX_POINT('',#4543);
#1288=VERTEX_POINT('',#4545);
#1289=VERTEX_POINT('',#4549);
#1290=VERTEX_POINT('',#4550);
#1291=VERTEX_POINT('',#4552);
#1292=VERTEX_POINT('',#4554);
#1293=VERTEX_POINT('',#4556);
#1294=VERTEX_POINT('',#4560);
#1295=VERTEX_POINT('',#4562);
#1296=VERTEX_POINT('',#4564);
#1297=VERTEX_POINT('',#4566);
#1298=VERTEX_POINT('',#4568);
#1299=VERTEX_POINT('',#4576);
#1300=VERTEX_POINT('',#4578);
#1301=VERTEX_POINT('',#4582);
#1302=VERTEX_POINT('',#4584);
#1303=VERTEX_POINT('',#4586);
#1304=VERTEX_POINT('',#4601);
#1305=VERTEX_POINT('',#4603);
#1306=VERTEX_POINT('',#4607);
#1307=VERTEX_POINT('',#4611);
#1308=VERTEX_POINT('',#4612);
#1309=VERTEX_POINT('',#4614);
#1310=VERTEX_POINT('',#4616);
#1311=VERTEX_POINT('',#4618);
#1312=VERTEX_POINT('',#4620);
#1313=VERTEX_POINT('',#4622);
#1314=VERTEX_POINT('',#4624);
#1315=VERTEX_POINT('',#4627);
#1316=VERTEX_POINT('',#4631);
#1317=VERTEX_POINT('',#4635);
#1318=VERTEX_POINT('',#4636);
#1319=VERTEX_POINT('',#4638);
#1320=VERTEX_POINT('',#4640);
#1321=VERTEX_POINT('',#4644);
#1322=VERTEX_POINT('',#4645);
#1323=VERTEX_POINT('',#4649);
#1324=VERTEX_POINT('',#4651);
#1325=VERTEX_POINT('',#4655);
#1326=VERTEX_POINT('',#4656);
#1327=VERTEX_POINT('',#4660);
#1328=VERTEX_POINT('',#4662);
#1329=VERTEX_POINT('',#4666);
#1330=VERTEX_POINT('',#4670);
#1331=VERTEX_POINT('',#4674);
#1332=VERTEX_POINT('',#4676);
#1333=VERTEX_POINT('',#4680);
#1334=VERTEX_POINT('',#4681);
#1335=VERTEX_POINT('',#4685);
#1336=VERTEX_POINT('',#4687);
#1337=VERTEX_POINT('',#4691);
#1338=VERTEX_POINT('',#4692);
#1339=VERTEX_POINT('',#4696);
#1340=VERTEX_POINT('',#4698);
#1341=VERTEX_POINT('',#4702);
#1342=VERTEX_POINT('',#4706);
#1343=VERTEX_POINT('',#4710);
#1344=VERTEX_POINT('',#4712);
#1345=VERTEX_POINT('',#4716);
#1346=VERTEX_POINT('',#4717);
#1347=VERTEX_POINT('',#4721);
#1348=VERTEX_POINT('',#4723);
#1349=VERTEX_POINT('',#4727);
#1350=VERTEX_POINT('',#4728);
#1351=VERTEX_POINT('',#4732);
#1352=VERTEX_POINT('',#4734);
#1353=VERTEX_POINT('',#4738);
#1354=VERTEX_POINT('',#4742);
#1355=VERTEX_POINT('',#4746);
#1356=VERTEX_POINT('',#4748);
#1357=VERTEX_POINT('',#4752);
#1358=VERTEX_POINT('',#4754);
#1359=VERTEX_POINT('',#4761);
#1360=VERTEX_POINT('',#4765);
#1361=VERTEX_POINT('',#4769);
#1362=VERTEX_POINT('',#4773);
#1363=VERTEX_POINT('',#4787);
#1364=VERTEX_POINT('',#4791);
#1365=VERTEX_POINT('',#4797);
#1366=VERTEX_POINT('',#4798);
#1367=VERTEX_POINT('',#4800);
#1368=VERTEX_POINT('',#4802);
#1369=VERTEX_POINT('',#4804);
#1370=VERTEX_POINT('',#4806);
#1371=VERTEX_POINT('',#4808);
#1372=VERTEX_POINT('',#4810);
#1373=VERTEX_POINT('',#4813);
#1374=VERTEX_POINT('',#4816);
#1375=VERTEX_POINT('',#4818);
#1376=VERTEX_POINT('',#4820);
#1377=VERTEX_POINT('',#4822);
#1378=VERTEX_POINT('',#4824);
#1379=VERTEX_POINT('',#4826);
#1380=VERTEX_POINT('',#4830);
#1381=VERTEX_POINT('',#4834);
#1382=VERTEX_POINT('',#4836);
#1383=VERTEX_POINT('',#4838);
#1384=VERTEX_POINT('',#4840);
#1385=VERTEX_POINT('',#4842);
#1386=VERTEX_POINT('',#4846);
#1387=VERTEX_POINT('',#4850);
#1388=VERTEX_POINT('',#4854);
#1389=VERTEX_POINT('',#4856);
#1390=VERTEX_POINT('',#4858);
#1391=VERTEX_POINT('',#4860);
#1392=VERTEX_POINT('',#4864);
#1393=VERTEX_POINT('',#4866);
#1394=VERTEX_POINT('',#4872);
#1395=VERTEX_POINT('',#4876);
#1396=VERTEX_POINT('',#4880);
#1397=VERTEX_POINT('',#4886);
#1398=VERTEX_POINT('',#4890);
#1399=VERTEX_POINT('',#4901);
#1400=VERTEX_POINT('',#4903);
#1401=VERTEX_POINT('',#4913);
#1402=VERTEX_POINT('',#4918);
#1403=VERTEX_POINT('',#4919);
#1404=VERTEX_POINT('',#4924);
#1405=VERTEX_POINT('',#4928);
#1406=VERTEX_POINT('',#4933);
#1407=VERTEX_POINT('',#4935);
#1408=VERTEX_POINT('',#4939);
#1409=VERTEX_POINT('',#4940);
#1410=VERTEX_POINT('',#4942);
#1411=VERTEX_POINT('',#4944);
#1412=VERTEX_POINT('',#4946);
#1413=VERTEX_POINT('',#4948);
#1414=VERTEX_POINT('',#4950);
#1415=VERTEX_POINT('',#4953);
#1416=VERTEX_POINT('',#4956);
#1417=VERTEX_POINT('',#4961);
#1418=VERTEX_POINT('',#4967);
#1419=VERTEX_POINT('',#4968);
#1420=VERTEX_POINT('',#4971);
#1421=VERTEX_POINT('',#4975);
#1422=VERTEX_POINT('',#4976);
#1423=VERTEX_POINT('',#4978);
#1424=VERTEX_POINT('',#4980);
#1425=VERTEX_POINT('',#4982);
#1426=VERTEX_POINT('',#4984);
#1427=VERTEX_POINT('',#4986);
#1428=VERTEX_POINT('',#4988);
#1429=VERTEX_POINT('',#4990);
#1430=VERTEX_POINT('',#4992);
#1431=VERTEX_POINT('',#4995);
#1432=VERTEX_POINT('',#4997);
#1433=VERTEX_POINT('',#4999);
#1434=VERTEX_POINT('',#5001);
#1435=VERTEX_POINT('',#5003);
#1436=VERTEX_POINT('',#5006);
#1437=VERTEX_POINT('',#5010);
#1438=VERTEX_POINT('',#5011);
#1439=VERTEX_POINT('',#5016);
#1440=VERTEX_POINT('',#5020);
#1441=VERTEX_POINT('',#5021);
#1442=VERTEX_POINT('',#5026);
#1443=VERTEX_POINT('',#5030);
#1444=VERTEX_POINT('',#5031);
#1445=VERTEX_POINT('',#5036);
#1446=VERTEX_POINT('',#5040);
#1447=VERTEX_POINT('',#5044);
#1448=VERTEX_POINT('',#5045);
#1449=VERTEX_POINT('',#5101);
#1450=VERTEX_POINT('',#5114);
#1451=VERTEX_POINT('',#5116);
#1452=VERTEX_POINT('',#5118);
#1453=VERTEX_POINT('',#5120);
#1454=VERTEX_POINT('',#5122);
#1455=VERTEX_POINT('',#5124);
#1456=VERTEX_POINT('',#5204);
#1457=VERTEX_POINT('',#5206);
#1458=VERTEX_POINT('',#5286);
#1459=VERTEX_POINT('',#5288);
#1460=VERTEX_POINT('',#5290);
#1461=VERTEX_POINT('',#5292);
#1462=VERTEX_POINT('',#5372);
#1463=VERTEX_POINT('',#5374);
#1464=VERTEX_POINT('',#5454);
#1465=VERTEX_POINT('',#5456);
#1466=VERTEX_POINT('',#5458);
#1467=VERTEX_POINT('',#5460);
#1468=VERTEX_POINT('',#5463);
#1469=VERTEX_POINT('',#5475);
#1470=VERTEX_POINT('',#5479);
#1471=VERTEX_POINT('',#5480);
#1472=VERTEX_POINT('',#5538);
#1473=VERTEX_POINT('',#5539);
#1474=VERTEX_POINT('',#5541);
#1475=VERTEX_POINT('',#5543);
#1476=VERTEX_POINT('',#5547);
#1477=VERTEX_POINT('',#5549);
#1478=VERTEX_POINT('',#5551);
#1479=VERTEX_POINT('',#5553);
#1480=VERTEX_POINT('',#5555);
#1481=VERTEX_POINT('',#5557);
#1482=VERTEX_POINT('',#5559);
#1483=VERTEX_POINT('',#5561);
#1484=VERTEX_POINT('',#5563);
#1485=VERTEX_POINT('',#5565);
#1486=VERTEX_POINT('',#5569);
#1487=VERTEX_POINT('',#5573);
#1488=VERTEX_POINT('',#5575);
#1489=VERTEX_POINT('',#5579);
#1490=VERTEX_POINT('',#5581);
#1491=VERTEX_POINT('',#5583);
#1492=VERTEX_POINT('',#5585);
#1493=VERTEX_POINT('',#5587);
#1494=VERTEX_POINT('',#5589);
#1495=VERTEX_POINT('',#5592);
#1496=VERTEX_POINT('',#5598);
#1497=VERTEX_POINT('',#5599);
#1498=VERTEX_POINT('',#5601);
#1499=VERTEX_POINT('',#5603);
#1500=VERTEX_POINT('',#5607);
#1501=VERTEX_POINT('',#5609);
#1502=VERTEX_POINT('',#5611);
#1503=VERTEX_POINT('',#5613);
#1504=VERTEX_POINT('',#5615);
#1505=VERTEX_POINT('',#5617);
#1506=VERTEX_POINT('',#5619);
#1507=VERTEX_POINT('',#5621);
#1508=VERTEX_POINT('',#5623);
#1509=VERTEX_POINT('',#5625);
#1510=VERTEX_POINT('',#5629);
#1511=VERTEX_POINT('',#5633);
#1512=VERTEX_POINT('',#5635);
#1513=VERTEX_POINT('',#5639);
#1514=VERTEX_POINT('',#5641);
#1515=VERTEX_POINT('',#5643);
#1516=VERTEX_POINT('',#5645);
#1517=VERTEX_POINT('',#5647);
#1518=VERTEX_POINT('',#5649);
#1519=VERTEX_POINT('',#5652);
#1520=VERTEX_POINT('',#5664);
#1521=VERTEX_POINT('',#5666);
#1522=VERTEX_POINT('',#5669);
#1523=VERTEX_POINT('',#5671);
#1524=VERTEX_POINT('',#5673);
#1525=VERTEX_POINT('',#5675);
#1526=VERTEX_POINT('',#5677);
#1527=VERTEX_POINT('',#5679);
#1528=VERTEX_POINT('',#5682);
#1529=VERTEX_POINT('',#5684);
#1530=VERTEX_POINT('',#5686);
#1531=VERTEX_POINT('',#5688);
#1532=VERTEX_POINT('',#5690);
#1533=VERTEX_POINT('',#5692);
#1534=VERTEX_POINT('',#5715);
#1535=VERTEX_POINT('',#5719);
#1536=VERTEX_POINT('',#5720);
#1537=VERTEX_POINT('',#5723);
#1538=VERTEX_POINT('',#5728);
#1539=VERTEX_POINT('',#5729);
#1540=VERTEX_POINT('',#5736);
#1541=VERTEX_POINT('',#5740);
#1542=VERTEX_POINT('',#5741);
#1543=VERTEX_POINT('',#5744);
#1544=VERTEX_POINT('',#5752);
#1545=VERTEX_POINT('',#5760);
#1546=VERTEX_POINT('',#5761);
#1547=VERTEX_POINT('',#5768);
#1548=VERTEX_POINT('',#5770);
#1549=VERTEX_POINT('',#5774);
#1550=VERTEX_POINT('',#5776);
#1551=VERTEX_POINT('',#5783);
#1552=VERTEX_POINT('',#5787);
#1553=VERTEX_POINT('',#5808);
#1554=VERTEX_POINT('',#5815);
#1555=VERTEX_POINT('',#5819);
#1556=VERTEX_POINT('',#5852);
#1557=VERTEX_POINT('',#5865);
#1558=VERTEX_POINT('',#5898);
#1559=VERTEX_POINT('',#5913);
#1560=VERTEX_POINT('',#5946);
#1561=VERTEX_POINT('',#5959);
#1562=VERTEX_POINT('',#6006);
#1563=VERTEX_POINT('',#6010);
#1564=VERTEX_POINT('',#6014);
#1565=VERTEX_POINT('',#6023);
#1566=VERTEX_POINT('',#6027);
#1567=VERTEX_POINT('',#6038);
#1568=VERTEX_POINT('',#6042);
#1569=VERTEX_POINT('',#6051);
#1570=VERTEX_POINT('',#6062);
#1571=VERTEX_POINT('',#6066);
#1572=VERTEX_POINT('',#6087);
#1573=VERTEX_POINT('',#6148);
#1574=VERTEX_POINT('',#6169);
#1575=VERTEX_POINT('',#6232);
#1576=VERTEX_POINT('',#6253);
#1577=VERTEX_POINT('',#6314);
#1578=EDGE_CURVE('',#1275,#1276,#1151,.T.);
#1579=EDGE_CURVE('',#1277,#1276,#543,.T.);
#1580=EDGE_CURVE('',#1278,#1277,#544,.T.);
#1581=EDGE_CURVE('',#1275,#1278,#545,.T.);
#1582=EDGE_CURVE('',#1278,#1279,#546,.T.);
#1583=EDGE_CURVE('',#1279,#1280,#547,.T.);
#1584=EDGE_CURVE('',#1281,#1280,#548,.T.);
#1585=EDGE_CURVE('',#1281,#1282,#549,.T.);
#1586=EDGE_CURVE('',#1283,#1282,#550,.T.);
#1587=EDGE_CURVE('',#1275,#1283,#551,.T.);
#1588=EDGE_CURVE('',#1284,#1277,#552,.T.);
#1589=EDGE_CURVE('',#1279,#1284,#553,.T.);
#1590=EDGE_CURVE('',#1276,#1285,#554,.T.);
#1591=EDGE_CURVE('',#1286,#1285,#555,.T.);
#1592=EDGE_CURVE('',#1287,#1286,#556,.T.);
#1593=EDGE_CURVE('',#1287,#1288,#557,.T.);
#1594=EDGE_CURVE('',#1288,#1284,#558,.T.);
#1595=EDGE_CURVE('',#1289,#1290,#559,.T.);
#1596=EDGE_CURVE('',#1291,#1289,#560,.T.);
#1597=EDGE_CURVE('',#1291,#1292,#1152,.T.);
#1598=EDGE_CURVE('',#1292,#1293,#1153,.T.);
#1599=EDGE_CURVE('',#1290,#1293,#561,.T.);
#1600=EDGE_CURVE('',#1289,#1294,#562,.T.);
#1601=EDGE_CURVE('',#1294,#1295,#563,.T.);
#1602=EDGE_CURVE('',#1296,#1295,#564,.T.);
#1603=EDGE_CURVE('',#1296,#1297,#565,.T.);
#1604=EDGE_CURVE('',#1298,#1297,#566,.T.);
#1605=EDGE_CURVE('',#1291,#1298,#567,.T.);
#1606=EDGE_CURVE('',#1280,#1288,#1154,.T.);
#1607=EDGE_CURVE('',#1287,#1281,#1155,.T.);
#1608=EDGE_CURVE('',#1294,#1299,#568,.T.);
#1609=EDGE_CURVE('',#1300,#1299,#569,.T.);
#1610=EDGE_CURVE('',#1295,#1300,#1156,.T.);
#1611=EDGE_CURVE('',#1293,#1301,#570,.T.);
#1612=EDGE_CURVE('',#1302,#1301,#571,.T.);
#1613=EDGE_CURVE('',#1303,#1302,#572,.T.);
#1614=EDGE_CURVE('',#1303,#1300,#573,.T.);
#1615=EDGE_CURVE('',#1299,#1290,#574,.T.);
#1616=EDGE_CURVE('',#1281,#1303,#1157,.T.);
#1617=EDGE_CURVE('',#1282,#1302,#1158,.T.);
#1618=EDGE_CURVE('',#1301,#1283,#1159,.T.);
#1619=EDGE_CURVE('',#1296,#1287,#1160,.T.);
#1620=EDGE_CURVE('',#1297,#1286,#1161,.T.);
#1621=EDGE_CURVE('',#1285,#1298,#1162,.T.);
#1622=EDGE_CURVE('',#1304,#1304,#1163,.T.);
#1623=EDGE_CURVE('',#1304,#1305,#575,.T.);
#1624=EDGE_CURVE('',#1305,#1305,#1164,.T.);
#1625=EDGE_CURVE('',#1305,#1306,#576,.T.);
#1626=EDGE_CURVE('',#1306,#1306,#1165,.F.);
#1627=EDGE_CURVE('',#1307,#1308,#577,.T.);
#1628=EDGE_CURVE('',#1309,#1307,#578,.T.);
#1629=EDGE_CURVE('',#1310,#1309,#1166,.T.);
#1630=EDGE_CURVE('',#1311,#1310,#579,.T.);
#1631=EDGE_CURVE('',#1312,#1311,#1167,.T.);
#1632=EDGE_CURVE('',#1313,#1312,#580,.T.);
#1633=EDGE_CURVE('',#1314,#1313,#1168,.T.);
#1634=EDGE_CURVE('',#1308,#1314,#581,.T.);
#1635=EDGE_CURVE('',#1315,#1315,#1169,.T.);
#1636=EDGE_CURVE('',#1316,#1316,#1170,.T.);
#1637=EDGE_CURVE('',#1316,#1292,#582,.T.);
#1638=EDGE_CURVE('',#1317,#1318,#1171,.F.);
#1639=EDGE_CURVE('',#1319,#1317,#583,.T.);
#1640=EDGE_CURVE('',#1320,#1319,#1172,.T.);
#1641=EDGE_CURVE('',#1318,#1320,#584,.T.);
#1642=EDGE_CURVE('',#1321,#1322,#64,.T.);
#1643=EDGE_CURVE('',#1321,#1323,#585,.T.);
#1644=EDGE_CURVE('',#1324,#1323,#586,.T.);
#1645=EDGE_CURVE('',#1322,#1324,#587,.T.);
#1646=EDGE_CURVE('',#1325,#1326,#65,.T.);
#1647=EDGE_CURVE('',#1327,#1325,#588,.T.);
#1648=EDGE_CURVE('',#1328,#1327,#589,.T.);
#1649=EDGE_CURVE('',#1328,#1326,#590,.T.);
#1650=EDGE_CURVE('',#1318,#1329,#66,.T.);
#1651=EDGE_CURVE('',#1330,#1320,#591,.T.);
#1652=EDGE_CURVE('',#1329,#1330,#592,.T.);
#1653=EDGE_CURVE('',#1326,#1331,#1173,.F.);
#1654=EDGE_CURVE('',#1332,#1328,#1174,.T.);
#1655=EDGE_CURVE('',#1331,#1332,#593,.T.);
#1656=EDGE_CURVE('',#1333,#1334,#67,.T.);
#1657=EDGE_CURVE('',#1333,#1335,#594,.T.);
#1658=EDGE_CURVE('',#1336,#1335,#595,.T.);
#1659=EDGE_CURVE('',#1334,#1336,#596,.T.);
#1660=EDGE_CURVE('',#1337,#1338,#68,.T.);
#1661=EDGE_CURVE('',#1339,#1337,#597,.T.);
#1662=EDGE_CURVE('',#1340,#1339,#598,.T.);
#1663=EDGE_CURVE('',#1340,#1338,#599,.T.);
#1664=EDGE_CURVE('',#1331,#1341,#69,.T.);
#1665=EDGE_CURVE('',#1342,#1332,#600,.T.);
#1666=EDGE_CURVE('',#1341,#1342,#601,.T.);
#1667=EDGE_CURVE('',#1338,#1343,#1175,.F.);
#1668=EDGE_CURVE('',#1344,#1340,#1176,.T.);
#1669=EDGE_CURVE('',#1343,#1344,#602,.T.);
#1670=EDGE_CURVE('',#1345,#1346,#70,.T.);
#1671=EDGE_CURVE('',#1345,#1347,#603,.T.);
#1672=EDGE_CURVE('',#1348,#1347,#604,.T.);
#1673=EDGE_CURVE('',#1346,#1348,#605,.T.);
#1674=EDGE_CURVE('',#1349,#1350,#71,.T.);
#1675=EDGE_CURVE('',#1351,#1349,#606,.T.);
#1676=EDGE_CURVE('',#1351,#1352,#607,.T.);
#1677=EDGE_CURVE('',#1352,#1350,#608,.T.);
#1678=EDGE_CURVE('',#1343,#1353,#72,.T.);
#1679=EDGE_CURVE('',#1354,#1344,#609,.T.);
#1680=EDGE_CURVE('',#1353,#1354,#610,.T.);
#1681=EDGE_CURVE('',#1355,#1321,#1177,.F.);
#1682=EDGE_CURVE('',#1356,#1355,#611,.T.);
#1683=EDGE_CURVE('',#1323,#1356,#1178,.T.);
#1684=EDGE_CURVE('',#1357,#1333,#1179,.F.);
#1685=EDGE_CURVE('',#1358,#1357,#612,.T.);
#1686=EDGE_CURVE('',#1335,#1358,#1180,.T.);
#1687=EDGE_CURVE('',#1350,#1345,#1181,.F.);
#1688=EDGE_CURVE('',#1347,#1352,#1182,.T.);
#1689=EDGE_CURVE('',#1359,#1355,#73,.T.);
#1690=EDGE_CURVE('',#1360,#1359,#613,.T.);
#1691=EDGE_CURVE('',#1356,#1360,#614,.T.);
#1692=EDGE_CURVE('',#1361,#1357,#74,.T.);
#1693=EDGE_CURVE('',#1362,#1361,#615,.T.);
#1694=EDGE_CURVE('',#1358,#1362,#616,.T.);
#1695=EDGE_CURVE('',#1336,#1362,#1183,.T.);
#1696=EDGE_CURVE('',#1348,#1351,#1184,.T.);
#1697=EDGE_CURVE('',#1354,#1339,#1185,.T.);
#1698=EDGE_CURVE('',#1324,#1360,#1186,.T.);
#1699=EDGE_CURVE('',#1342,#1327,#1187,.T.);
#1700=EDGE_CURVE('',#1363,#1319,#617,.T.);
#1701=EDGE_CURVE('',#1330,#1363,#1188,.T.);
#1702=EDGE_CURVE('',#1364,#1317,#75,.T.);
#1703=EDGE_CURVE('',#1363,#1364,#618,.T.);
#1704=EDGE_CURVE('',#1365,#1366,#619,.T.);
#1705=EDGE_CURVE('',#1367,#1365,#620,.T.);
#1706=EDGE_CURVE('',#1368,#1367,#621,.T.);
#1707=EDGE_CURVE('',#1369,#1368,#622,.T.);
#1708=EDGE_CURVE('',#1370,#1369,#623,.T.);
#1709=EDGE_CURVE('',#1371,#1370,#624,.T.);
#1710=EDGE_CURVE('',#1372,#1371,#625,.T.);
#1711=EDGE_CURVE('',#1366,#1372,#626,.T.);
#1712=EDGE_CURVE('',#1373,#1373,#1189,.T.);
#1713=EDGE_CURVE('',#1374,#1370,#627,.T.);
#1714=EDGE_CURVE('',#1374,#1375,#628,.T.);
#1715=EDGE_CURVE('',#1376,#1375,#629,.T.);
#1716=EDGE_CURVE('',#1377,#1376,#630,.T.);
#1717=EDGE_CURVE('',#1378,#1377,#631,.T.);
#1718=EDGE_CURVE('',#1378,#1379,#632,.T.);
#1719=EDGE_CURVE('',#1379,#1371,#633,.T.);
#1720=EDGE_CURVE('',#1380,#1369,#634,.T.);
#1721=EDGE_CURVE('',#1374,#1380,#635,.T.);
#1722=EDGE_CURVE('',#1368,#1381,#636,.T.);
#1723=EDGE_CURVE('',#1381,#1382,#637,.T.);
#1724=EDGE_CURVE('',#1383,#1382,#638,.T.);
#1725=EDGE_CURVE('',#1384,#1383,#639,.T.);
#1726=EDGE_CURVE('',#1384,#1385,#640,.T.);
#1727=EDGE_CURVE('',#1385,#1380,#641,.T.);
#1728=EDGE_CURVE('',#1386,#1367,#642,.T.);
#1729=EDGE_CURVE('',#1381,#1386,#643,.T.);
#1730=EDGE_CURVE('',#1387,#1386,#644,.T.);
#1731=EDGE_CURVE('',#1382,#1387,#1190,.T.);
#1732=EDGE_CURVE('',#1388,#1365,#645,.T.);
#1733=EDGE_CURVE('',#1388,#1389,#646,.T.);
#1734=EDGE_CURVE('',#1390,#1389,#647,.T.);
#1735=EDGE_CURVE('',#1391,#1390,#648,.T.);
#1736=EDGE_CURVE('',#1387,#1391,#649,.T.);
#1737=EDGE_CURVE('',#1392,#1379,#650,.T.);
#1738=EDGE_CURVE('',#1393,#1378,#1191,.T.);
#1739=EDGE_CURVE('',#1392,#1393,#651,.T.);
#1740=EDGE_CURVE('',#1372,#1392,#652,.T.);
#1741=EDGE_CURVE('',#1394,#1366,#653,.T.);
#1742=EDGE_CURVE('',#1388,#1394,#654,.T.);
#1743=EDGE_CURVE('',#1395,#1394,#655,.T.);
#1744=EDGE_CURVE('',#1389,#1395,#1192,.T.);
#1745=EDGE_CURVE('',#1373,#1396,#656,.T.);
#1746=EDGE_CURVE('',#1396,#1396,#1193,.T.);
#1747=EDGE_CURVE('',#1375,#1385,#1194,.T.);
#1748=EDGE_CURVE('',#1397,#1395,#657,.T.);
#1749=EDGE_CURVE('',#1390,#1397,#1195,.T.);
#1750=EDGE_CURVE('',#1398,#1393,#658,.T.);
#1751=EDGE_CURVE('',#1397,#1398,#659,.T.);
#1752=EDGE_CURVE('',#1398,#1377,#1196,.T.);
#1753=EDGE_CURVE('',#1383,#1391,#1197,.T.);
#1754=EDGE_CURVE('',#1376,#1384,#1198,.T.);
#1755=EDGE_CURVE('',#1399,#1399,#1199,.F.);
#1756=EDGE_CURVE('',#1399,#1400,#660,.T.);
#1757=EDGE_CURVE('',#1349,#1400,#1200,.T.);
#1758=EDGE_CURVE('',#1361,#1346,#1201,.T.);
#1759=EDGE_CURVE('',#1359,#1334,#1202,.T.);
#1760=EDGE_CURVE('',#1364,#1322,#1203,.T.);
#1761=EDGE_CURVE('',#1325,#1329,#1204,.T.);
#1762=EDGE_CURVE('',#1337,#1341,#1205,.T.);
#1763=EDGE_CURVE('',#1400,#1353,#1206,.T.);
#1764=EDGE_CURVE('',#1303,#1401,#1207,.T.);
#1765=EDGE_CURVE('',#1401,#1296,#1208,.T.);
#1766=EDGE_CURVE('',#1402,#1403,#1209,.T.);
#1767=EDGE_CURVE('',#1403,#1402,#1210,.T.);
#1768=EDGE_CURVE('',#1402,#1315,#661,.T.);
#1769=EDGE_CURVE('',#1403,#1404,#662,.T.);
#1770=EDGE_CURVE('',#1404,#1404,#1211,.T.);
#1771=EDGE_CURVE('',#1316,#1405,#663,.T.);
#1772=EDGE_CURVE('',#1405,#1405,#1212,.T.);
#1773=EDGE_CURVE('',#1406,#1406,#1213,.T.);
#1774=EDGE_CURVE('',#1406,#1407,#664,.T.);
#1775=EDGE_CURVE('',#1407,#1407,#1214,.T.);
#1776=EDGE_CURVE('',#1408,#1409,#665,.T.);
#1777=EDGE_CURVE('',#1409,#1410,#666,.T.);
#1778=EDGE_CURVE('',#1410,#1411,#1215,.T.);
#1779=EDGE_CURVE('',#1411,#1412,#667,.T.);
#1780=EDGE_CURVE('',#1412,#1413,#1216,.T.);
#1781=EDGE_CURVE('',#1413,#1414,#668,.T.);
#1782=EDGE_CURVE('',#1414,#1408,#669,.T.);
#1783=EDGE_CURVE('',#1415,#1415,#1217,.T.);
#1784=EDGE_CURVE('',#1416,#1416,#1218,.F.);
#1785=EDGE_CURVE('',#1416,#1406,#670,.T.);
#1786=EDGE_CURVE('',#1415,#1417,#671,.T.);
#1787=EDGE_CURVE('',#1417,#1417,#1219,.T.);
#1788=EDGE_CURVE('',#1401,#1417,#672,.T.);
#1789=EDGE_CURVE('',#1418,#1419,#1220,.T.);
#1790=EDGE_CURVE('',#1419,#1418,#1221,.T.);
#1791=EDGE_CURVE('',#1418,#1420,#673,.T.);
#1792=EDGE_CURVE('',#1420,#1420,#1222,.T.);
#1793=EDGE_CURVE('',#1421,#1422,#674,.T.);
#1794=EDGE_CURVE('',#1423,#1421,#675,.T.);
#1795=EDGE_CURVE('',#1424,#1423,#676,.T.);
#1796=EDGE_CURVE('',#1425,#1424,#677,.T.);
#1797=EDGE_CURVE('',#1426,#1425,#678,.T.);
#1798=EDGE_CURVE('',#1427,#1426,#679,.T.);
#1799=EDGE_CURVE('',#1428,#1427,#680,.T.);
#1800=EDGE_CURVE('',#1429,#1428,#681,.T.);
#1801=EDGE_CURVE('',#1429,#1430,#682,.T.);
#1802=EDGE_CURVE('',#1422,#1430,#683,.T.);
#1803=EDGE_CURVE('',#1431,#1431,#1223,.T.);
#1804=EDGE_CURVE('',#1432,#1432,#1224,.T.);
#1805=EDGE_CURVE('',#1433,#1433,#1225,.T.);
#1806=EDGE_CURVE('',#1434,#1434,#1226,.T.);
#1807=EDGE_CURVE('',#1435,#1435,#1227,.T.);
#1808=EDGE_CURVE('',#1436,#1436,#1228,.T.);
#1809=EDGE_CURVE('',#1436,#1419,#684,.T.);
#1810=EDGE_CURVE('',#1437,#1438,#1229,.T.);
#1811=EDGE_CURVE('',#1438,#1437,#1230,.T.);
#1812=EDGE_CURVE('',#1437,#1431,#685,.T.);
#1813=EDGE_CURVE('',#1439,#1439,#1231,.T.);
#1814=EDGE_CURVE('',#1439,#1438,#686,.T.);
#1815=EDGE_CURVE('',#1440,#1441,#1232,.T.);
#1816=EDGE_CURVE('',#1441,#1440,#1233,.T.);
#1817=EDGE_CURVE('',#1440,#1435,#687,.T.);
#1818=EDGE_CURVE('',#1442,#1442,#1234,.T.);
#1819=EDGE_CURVE('',#1442,#1441,#688,.T.);
#1820=EDGE_CURVE('',#1443,#1444,#1235,.T.);
#1821=EDGE_CURVE('',#1444,#1443,#1236,.T.);
#1822=EDGE_CURVE('',#1443,#1432,#689,.T.);
#1823=EDGE_CURVE('',#1445,#1445,#1237,.T.);
#1824=EDGE_CURVE('',#1445,#1444,#690,.T.);
#1825=EDGE_CURVE('',#1434,#1446,#691,.T.);
#1826=EDGE_CURVE('',#1446,#1446,#1238,.T.);
#1827=EDGE_CURVE('',#1447,#1448,#41,.T.);
#1828=EDGE_CURVE('',#1448,#1447,#42,.T.);
#1829=EDGE_CURVE('',#1448,#1446,#692,.T.);
#1830=EDGE_CURVE('',#1449,#1447,#693,.T.);
#1831=EDGE_CURVE('',#1449,#1449,#43,.T.);
#1832=EDGE_CURVE('',#1308,#1450,#694,.T.);
#1833=EDGE_CURVE('',#1450,#1451,#695,.T.);
#1834=EDGE_CURVE('',#1451,#1452,#696,.T.);
#1835=EDGE_CURVE('',#1452,#1453,#697,.T.);
#1836=EDGE_CURVE('',#1453,#1454,#698,.T.);
#1837=EDGE_CURVE('',#1454,#1455,#44,.T.);
#1838=EDGE_CURVE('',#1455,#1456,#699,.T.);
#1839=EDGE_CURVE('',#1456,#1457,#45,.T.);
#1840=EDGE_CURVE('',#1457,#1458,#700,.T.);
#1841=EDGE_CURVE('',#1458,#1459,#701,.T.);
#1842=EDGE_CURVE('',#1459,#1460,#702,.T.);
#1843=EDGE_CURVE('',#1460,#1461,#46,.T.);
#1844=EDGE_CURVE('',#1461,#1462,#703,.T.);
#1845=EDGE_CURVE('',#1462,#1463,#47,.T.);
#1846=EDGE_CURVE('',#1463,#1464,#704,.T.);
#1847=EDGE_CURVE('',#1464,#1465,#705,.T.);
#1848=EDGE_CURVE('',#1465,#1466,#706,.T.);
#1849=EDGE_CURVE('',#1466,#1467,#707,.T.);
#1850=EDGE_CURVE('',#1467,#1307,#708,.T.);
#1851=EDGE_CURVE('',#1468,#1468,#48,.T.);
#1852=EDGE_CURVE('',#1433,#1469,#709,.T.);
#1853=EDGE_CURVE('',#1469,#1469,#1239,.T.);
#1854=EDGE_CURVE('',#1470,#1471,#49,.T.);
#1855=EDGE_CURVE('',#1471,#1470,#50,.T.);
#1856=EDGE_CURVE('',#1471,#1469,#710,.T.);
#1857=EDGE_CURVE('',#1468,#1470,#711,.T.);
#1858=EDGE_CURVE('',#1472,#1473,#1240,.T.);
#1859=EDGE_CURVE('',#1472,#1474,#712,.T.);
#1860=EDGE_CURVE('',#1475,#1474,#1241,.T.);
#1861=EDGE_CURVE('',#1475,#1473,#713,.T.);
#1862=EDGE_CURVE('',#1474,#1476,#714,.T.);
#1863=EDGE_CURVE('',#1476,#1477,#715,.T.);
#1864=EDGE_CURVE('',#1477,#1478,#716,.T.);
#1865=EDGE_CURVE('',#1478,#1479,#1242,.T.);
#1866=EDGE_CURVE('',#1479,#1480,#717,.T.);
#1867=EDGE_CURVE('',#1481,#1480,#718,.T.);
#1868=EDGE_CURVE('',#1481,#1482,#719,.T.);
#1869=EDGE_CURVE('',#1482,#1483,#720,.T.);
#1870=EDGE_CURVE('',#1483,#1484,#721,.T.);
#1871=EDGE_CURVE('',#1485,#1484,#722,.T.);
#1872=EDGE_CURVE('',#1485,#1475,#723,.T.);
#1873=EDGE_CURVE('',#1486,#1472,#724,.T.);
#1874=EDGE_CURVE('',#1486,#1476,#725,.T.);
#1875=EDGE_CURVE('',#1478,#1487,#726,.T.);
#1876=EDGE_CURVE('',#1488,#1487,#1243,.T.);
#1877=EDGE_CURVE('',#1488,#1479,#727,.T.);
#1878=EDGE_CURVE('',#1489,#1473,#728,.T.);
#1879=EDGE_CURVE('',#1490,#1489,#729,.T.);
#1880=EDGE_CURVE('',#1491,#1490,#730,.T.);
#1881=EDGE_CURVE('',#1492,#1491,#731,.T.);
#1882=EDGE_CURVE('',#1493,#1492,#732,.T.);
#1883=EDGE_CURVE('',#1494,#1493,#733,.T.);
#1884=EDGE_CURVE('',#1488,#1494,#734,.T.);
#1885=EDGE_CURVE('',#1487,#1495,#735,.T.);
#1886=EDGE_CURVE('',#1486,#1495,#736,.T.);
#1887=EDGE_CURVE('',#1477,#1495,#737,.T.);
#1888=EDGE_CURVE('',#1496,#1497,#1244,.T.);
#1889=EDGE_CURVE('',#1496,#1498,#738,.T.);
#1890=EDGE_CURVE('',#1499,#1498,#1245,.T.);
#1891=EDGE_CURVE('',#1499,#1497,#739,.T.);
#1892=EDGE_CURVE('',#1498,#1500,#740,.T.);
#1893=EDGE_CURVE('',#1501,#1500,#741,.T.);
#1894=EDGE_CURVE('',#1501,#1502,#742,.T.);
#1895=EDGE_CURVE('',#1502,#1503,#1246,.T.);
#1896=EDGE_CURVE('',#1504,#1503,#743,.T.);
#1897=EDGE_CURVE('',#1505,#1504,#744,.T.);
#1898=EDGE_CURVE('',#1506,#1505,#745,.T.);
#1899=EDGE_CURVE('',#1507,#1506,#746,.T.);
#1900=EDGE_CURVE('',#1508,#1507,#747,.T.);
#1901=EDGE_CURVE('',#1509,#1508,#748,.T.);
#1902=EDGE_CURVE('',#1499,#1509,#749,.T.);
#1903=EDGE_CURVE('',#1510,#1496,#750,.T.);
#1904=EDGE_CURVE('',#1510,#1500,#751,.T.);
#1905=EDGE_CURVE('',#1502,#1511,#752,.T.);
#1906=EDGE_CURVE('',#1512,#1511,#1247,.T.);
#1907=EDGE_CURVE('',#1512,#1503,#753,.T.);
#1908=EDGE_CURVE('',#1513,#1497,#754,.T.);
#1909=EDGE_CURVE('',#1514,#1513,#755,.T.);
#1910=EDGE_CURVE('',#1515,#1514,#756,.T.);
#1911=EDGE_CURVE('',#1516,#1515,#757,.T.);
#1912=EDGE_CURVE('',#1517,#1516,#758,.T.);
#1913=EDGE_CURVE('',#1518,#1517,#759,.T.);
#1914=EDGE_CURVE('',#1512,#1518,#760,.T.);
#1915=EDGE_CURVE('',#1511,#1519,#761,.T.);
#1916=EDGE_CURVE('',#1510,#1519,#762,.T.);
#1917=EDGE_CURVE('',#1501,#1519,#763,.T.);
#1918=EDGE_CURVE('',#1489,#1485,#764,.T.);
#1919=EDGE_CURVE('',#1504,#1518,#765,.T.);
#1920=EDGE_CURVE('',#1520,#1427,#766,.T.);
#1921=EDGE_CURVE('',#1426,#1521,#767,.T.);
#1922=EDGE_CURVE('',#1521,#1465,#768,.T.);
#1923=EDGE_CURVE('',#1464,#1522,#30,.T.);
#1924=EDGE_CURVE('',#1523,#1522,#769,.T.);
#1925=EDGE_CURVE('',#1523,#1524,#31,.T.);
#1926=EDGE_CURVE('',#1525,#1524,#770,.T.);
#1927=EDGE_CURVE('',#1525,#1526,#32,.T.);
#1928=EDGE_CURVE('',#1527,#1526,#771,.T.);
#1929=EDGE_CURVE('',#1527,#1459,#33,.T.);
#1930=EDGE_CURVE('',#1458,#1528,#34,.T.);
#1931=EDGE_CURVE('',#1529,#1528,#772,.T.);
#1932=EDGE_CURVE('',#1529,#1530,#35,.T.);
#1933=EDGE_CURVE('',#1531,#1530,#773,.T.);
#1934=EDGE_CURVE('',#1531,#1532,#36,.T.);
#1935=EDGE_CURVE('',#1533,#1532,#774,.T.);
#1936=EDGE_CURVE('',#1533,#1453,#37,.T.);
#1937=EDGE_CURVE('',#1452,#1520,#775,.T.);
#1938=EDGE_CURVE('',#1517,#1505,#776,.T.);
#1939=EDGE_CURVE('',#1484,#1490,#777,.T.);
#1940=EDGE_CURVE('',#1480,#1494,#778,.T.);
#1941=EDGE_CURVE('',#1493,#1481,#779,.T.);
#1942=EDGE_CURVE('',#1508,#1514,#780,.T.);
#1943=EDGE_CURVE('',#1513,#1509,#781,.T.);
#1944=EDGE_CURVE('',#1515,#1507,#782,.T.);
#1945=EDGE_CURVE('',#1516,#1506,#783,.T.);
#1946=EDGE_CURVE('',#1482,#1492,#784,.T.);
#1947=EDGE_CURVE('',#1483,#1491,#785,.T.);
#1948=EDGE_CURVE('',#1520,#1534,#786,.T.);
#1949=EDGE_CURVE('',#1534,#1451,#787,.T.);
#1950=EDGE_CURVE('',#1535,#1536,#788,.T.);
#1951=EDGE_CURVE('',#1450,#1535,#789,.T.);
#1952=EDGE_CURVE('',#1537,#1314,#38,.T.);
#1953=EDGE_CURVE('',#1430,#1537,#790,.T.);
#1954=EDGE_CURVE('',#1536,#1429,#791,.T.);
#1955=EDGE_CURVE('',#1538,#1539,#792,.T.);
#1956=EDGE_CURVE('',#1538,#1421,#793,.T.);
#1957=EDGE_CURVE('',#1539,#1422,#794,.T.);
#1958=EDGE_CURVE('',#1534,#1535,#795,.T.);
#1959=EDGE_CURVE('',#1540,#1521,#796,.T.);
#1960=EDGE_CURVE('',#1466,#1540,#797,.T.);
#1961=EDGE_CURVE('',#1541,#1542,#798,.T.);
#1962=EDGE_CURVE('',#1424,#1541,#799,.T.);
#1963=EDGE_CURVE('',#1543,#1423,#800,.T.);
#1964=EDGE_CURVE('',#1309,#1543,#51,.T.);
#1965=EDGE_CURVE('',#1542,#1467,#801,.T.);
#1966=EDGE_CURVE('',#1544,#1425,#802,.T.);
#1967=EDGE_CURVE('',#1521,#1544,#803,.T.);
#1968=EDGE_CURVE('',#1541,#1544,#804,.T.);
#1969=EDGE_CURVE('',#1545,#1546,#805,.T.);
#1970=EDGE_CURVE('',#1414,#1546,#1248,.T.);
#1971=EDGE_CURVE('',#1413,#1545,#1249,.T.);
#1972=EDGE_CURVE('',#1542,#1540,#806,.T.);
#1973=EDGE_CURVE('',#1409,#1547,#1250,.T.);
#1974=EDGE_CURVE('',#1547,#1548,#807,.T.);
#1975=EDGE_CURVE('',#1548,#1410,#1251,.T.);
#1976=EDGE_CURVE('',#1408,#1549,#1252,.T.);
#1977=EDGE_CURVE('',#1549,#1550,#808,.T.);
#1978=EDGE_CURVE('',#1550,#1409,#1253,.T.);
#1979=EDGE_CURVE('',#1546,#1538,#809,.T.);
#1980=EDGE_CURVE('',#1539,#1549,#810,.T.);
#1981=EDGE_CURVE('',#1412,#1551,#1254,.T.);
#1982=EDGE_CURVE('',#1551,#1545,#1255,.T.);
#1983=EDGE_CURVE('',#1411,#1552,#1256,.T.);
#1984=EDGE_CURVE('',#1552,#1551,#811,.T.);
#1985=EDGE_CURVE('',#1548,#1552,#1257,.T.);
#1986=EDGE_CURVE('',#1312,#1548,#812,.T.);
#1987=EDGE_CURVE('',#1547,#1313,#813,.T.);
#1988=EDGE_CURVE('',#1550,#1547,#1258,.T.);
#1989=EDGE_CURVE('',#1537,#1550,#814,.T.);
#1990=EDGE_CURVE('',#1545,#1543,#815,.T.);
#1991=EDGE_CURVE('',#1551,#1310,#816,.T.);
#1992=EDGE_CURVE('',#1552,#1311,#817,.T.);
#1993=EDGE_CURVE('',#1428,#1553,#818,.T.);
#1994=EDGE_CURVE('',#1553,#1536,#819,.T.);
#1995=EDGE_CURVE('',#1553,#1520,#820,.T.);
#1996=EDGE_CURVE('',#1527,#1554,#821,.T.);
#1997=EDGE_CURVE('',#1554,#1460,#1259,.T.);
#1998=EDGE_CURVE('',#1457,#1555,#1260,.T.);
#1999=EDGE_CURVE('',#1555,#1528,#822,.T.);
#2000=EDGE_CURVE('',#1456,#1556,#1261,.T.);
#2001=EDGE_CURVE('',#1556,#1555,#52,.T.);
#2002=EDGE_CURVE('',#1455,#1557,#1262,.T.);
#2003=EDGE_CURVE('',#1557,#1556,#823,.T.);
#2004=EDGE_CURVE('',#1454,#1558,#1263,.T.);
#2005=EDGE_CURVE('',#1558,#1557,#53,.T.);
#2006=EDGE_CURVE('',#1533,#1558,#824,.T.);
#2007=EDGE_CURVE('',#1463,#1559,#1264,.T.);
#2008=EDGE_CURVE('',#1559,#1522,#825,.T.);
#2009=EDGE_CURVE('',#1462,#1560,#1265,.T.);
#2010=EDGE_CURVE('',#1560,#1559,#54,.T.);
#2011=EDGE_CURVE('',#1461,#1561,#1266,.T.);
#2012=EDGE_CURVE('',#1561,#1560,#826,.T.);
#2013=EDGE_CURVE('',#1554,#1561,#55,.T.);
#2014=EDGE_CURVE('',#1526,#1562,#827,.T.);
#2015=EDGE_CURVE('',#1562,#1554,#828,.T.);
#2016=EDGE_CURVE('',#1555,#1563,#829,.T.);
#2017=EDGE_CURVE('',#1563,#1529,#830,.T.);
#2018=EDGE_CURVE('',#1564,#1556,#831,.T.);
#2019=EDGE_CURVE('',#1563,#1564,#56,.T.);
#2020=EDGE_CURVE('',#1557,#1565,#832,.T.);
#2021=EDGE_CURVE('',#1565,#1564,#833,.T.);
#2022=EDGE_CURVE('',#1566,#1558,#834,.T.);
#2023=EDGE_CURVE('',#1565,#1566,#57,.T.);
#2024=EDGE_CURVE('',#1532,#1566,#835,.T.);
#2025=EDGE_CURVE('',#1559,#1567,#836,.T.);
#2026=EDGE_CURVE('',#1567,#1523,#837,.T.);
#2027=EDGE_CURVE('',#1568,#1560,#838,.T.);
#2028=EDGE_CURVE('',#1567,#1568,#58,.T.);
#2029=EDGE_CURVE('',#1569,#1561,#839,.T.);
#2030=EDGE_CURVE('',#1568,#1569,#840,.T.);
#2031=EDGE_CURVE('',#1569,#1562,#59,.T.);
#2032=EDGE_CURVE('',#1570,#1525,#841,.T.);
#2033=EDGE_CURVE('',#1562,#1570,#1267,.T.);
#2034=EDGE_CURVE('',#1571,#1563,#1268,.T.);
#2035=EDGE_CURVE('',#1530,#1571,#842,.T.);
#2036=EDGE_CURVE('',#1572,#1564,#1269,.T.);
#2037=EDGE_CURVE('',#1571,#1572,#60,.T.);
#2038=EDGE_CURVE('',#1573,#1565,#1270,.T.);
#2039=EDGE_CURVE('',#1572,#1573,#843,.T.);
#2040=EDGE_CURVE('',#1574,#1566,#1271,.T.);
#2041=EDGE_CURVE('',#1573,#1574,#61,.T.);
#2042=EDGE_CURVE('',#1574,#1531,#844,.T.);
#2043=EDGE_CURVE('',#1575,#1567,#1272,.T.);
#2044=EDGE_CURVE('',#1524,#1575,#845,.T.);
#2045=EDGE_CURVE('',#1576,#1568,#1273,.T.);
#2046=EDGE_CURVE('',#1575,#1576,#62,.T.);
#2047=EDGE_CURVE('',#1577,#1569,#1274,.T.);
#2048=EDGE_CURVE('',#1576,#1577,#846,.T.);
#2049=EDGE_CURVE('',#1577,#1570,#63,.T.);
#2050=ORIENTED_EDGE('',*,*,#1578,.T.);
#2051=ORIENTED_EDGE('',*,*,#1579,.F.);
#2052=ORIENTED_EDGE('',*,*,#1580,.F.);
#2053=ORIENTED_EDGE('',*,*,#1581,.F.);
#2054=ORIENTED_EDGE('',*,*,#1581,.T.);
#2055=ORIENTED_EDGE('',*,*,#1582,.T.);
#2056=ORIENTED_EDGE('',*,*,#1583,.T.);
#2057=ORIENTED_EDGE('',*,*,#1584,.F.);
#2058=ORIENTED_EDGE('',*,*,#1585,.T.);
#2059=ORIENTED_EDGE('',*,*,#1586,.F.);
#2060=ORIENTED_EDGE('',*,*,#1587,.F.);
#2061=ORIENTED_EDGE('',*,*,#1580,.T.);
#2062=ORIENTED_EDGE('',*,*,#1588,.F.);
#2063=ORIENTED_EDGE('',*,*,#1589,.F.);
#2064=ORIENTED_EDGE('',*,*,#1582,.F.);
#2065=ORIENTED_EDGE('',*,*,#1579,.T.);
#2066=ORIENTED_EDGE('',*,*,#1590,.T.);
#2067=ORIENTED_EDGE('',*,*,#1591,.F.);
#2068=ORIENTED_EDGE('',*,*,#1592,.F.);
#2069=ORIENTED_EDGE('',*,*,#1593,.T.);
#2070=ORIENTED_EDGE('',*,*,#1594,.T.);
#2071=ORIENTED_EDGE('',*,*,#1588,.T.);
#2072=ORIENTED_EDGE('',*,*,#1595,.F.);
#2073=ORIENTED_EDGE('',*,*,#1596,.F.);
#2074=ORIENTED_EDGE('',*,*,#1597,.T.);
#2075=ORIENTED_EDGE('',*,*,#1598,.T.);
#2076=ORIENTED_EDGE('',*,*,#1599,.F.);
#2077=ORIENTED_EDGE('',*,*,#1596,.T.);
#2078=ORIENTED_EDGE('',*,*,#1600,.T.);
#2079=ORIENTED_EDGE('',*,*,#1601,.T.);
#2080=ORIENTED_EDGE('',*,*,#1602,.F.);
#2081=ORIENTED_EDGE('',*,*,#1603,.T.);
#2082=ORIENTED_EDGE('',*,*,#1604,.F.);
#2083=ORIENTED_EDGE('',*,*,#1605,.F.);
#2084=ORIENTED_EDGE('',*,*,#1589,.T.);
#2085=ORIENTED_EDGE('',*,*,#1594,.F.);
#2086=ORIENTED_EDGE('',*,*,#1606,.F.);
#2087=ORIENTED_EDGE('',*,*,#1583,.F.);
#2088=ORIENTED_EDGE('',*,*,#1606,.T.);
#2089=ORIENTED_EDGE('',*,*,#1593,.F.);
#2090=ORIENTED_EDGE('',*,*,#1607,.T.);
#2091=ORIENTED_EDGE('',*,*,#1584,.T.);
#2092=ORIENTED_EDGE('',*,*,#1608,.T.);
#2093=ORIENTED_EDGE('',*,*,#1609,.F.);
#2094=ORIENTED_EDGE('',*,*,#1610,.F.);
#2095=ORIENTED_EDGE('',*,*,#1601,.F.);
#2096=ORIENTED_EDGE('',*,*,#1599,.T.);
#2097=ORIENTED_EDGE('',*,*,#1611,.T.);
#2098=ORIENTED_EDGE('',*,*,#1612,.F.);
#2099=ORIENTED_EDGE('',*,*,#1613,.F.);
#2100=ORIENTED_EDGE('',*,*,#1614,.T.);
#2101=ORIENTED_EDGE('',*,*,#1609,.T.);
#2102=ORIENTED_EDGE('',*,*,#1615,.T.);
#2103=ORIENTED_EDGE('',*,*,#1616,.T.);
#2104=ORIENTED_EDGE('',*,*,#1613,.T.);
#2105=ORIENTED_EDGE('',*,*,#1617,.F.);
#2106=ORIENTED_EDGE('',*,*,#1585,.F.);
#2107=ORIENTED_EDGE('',*,*,#1586,.T.);
#2108=ORIENTED_EDGE('',*,*,#1617,.T.);
#2109=ORIENTED_EDGE('',*,*,#1612,.T.);
#2110=ORIENTED_EDGE('',*,*,#1618,.T.);
#2111=ORIENTED_EDGE('',*,*,#1619,.T.);
#2112=ORIENTED_EDGE('',*,*,#1592,.T.);
#2113=ORIENTED_EDGE('',*,*,#1620,.F.);
#2114=ORIENTED_EDGE('',*,*,#1603,.F.);
#2115=ORIENTED_EDGE('',*,*,#1591,.T.);
#2116=ORIENTED_EDGE('',*,*,#1621,.T.);
#2117=ORIENTED_EDGE('',*,*,#1604,.T.);
#2118=ORIENTED_EDGE('',*,*,#1620,.T.);
#2119=ORIENTED_EDGE('',*,*,#1622,.T.);
#2120=ORIENTED_EDGE('',*,*,#1623,.T.);
#2121=ORIENTED_EDGE('',*,*,#1624,.T.);
#2122=ORIENTED_EDGE('',*,*,#1623,.F.);
#2123=ORIENTED_EDGE('',*,*,#1624,.F.);
#2124=ORIENTED_EDGE('',*,*,#1625,.T.);
#2125=ORIENTED_EDGE('',*,*,#1626,.T.);
#2126=ORIENTED_EDGE('',*,*,#1625,.F.);
#2127=ORIENTED_EDGE('',*,*,#1627,.F.);
#2128=ORIENTED_EDGE('',*,*,#1628,.F.);
#2129=ORIENTED_EDGE('',*,*,#1629,.F.);
#2130=ORIENTED_EDGE('',*,*,#1630,.F.);
#2131=ORIENTED_EDGE('',*,*,#1631,.F.);
#2132=ORIENTED_EDGE('',*,*,#1632,.F.);
#2133=ORIENTED_EDGE('',*,*,#1633,.F.);
#2134=ORIENTED_EDGE('',*,*,#1634,.F.);
#2135=ORIENTED_EDGE('',*,*,#1635,.F.);
#2136=ORIENTED_EDGE('',*,*,#1622,.F.);
#2137=ORIENTED_EDGE('',*,*,#1595,.T.);
#2138=ORIENTED_EDGE('',*,*,#1615,.F.);
#2139=ORIENTED_EDGE('',*,*,#1608,.F.);
#2140=ORIENTED_EDGE('',*,*,#1600,.F.);
#2141=ORIENTED_EDGE('',*,*,#1636,.F.);
#2142=ORIENTED_EDGE('',*,*,#1637,.T.);
#2143=ORIENTED_EDGE('',*,*,#1597,.F.);
#2144=ORIENTED_EDGE('',*,*,#1605,.T.);
#2145=ORIENTED_EDGE('',*,*,#1621,.F.);
#2146=ORIENTED_EDGE('',*,*,#1590,.F.);
#2147=ORIENTED_EDGE('',*,*,#1578,.F.);
#2148=ORIENTED_EDGE('',*,*,#1587,.T.);
#2149=ORIENTED_EDGE('',*,*,#1618,.F.);
#2150=ORIENTED_EDGE('',*,*,#1611,.F.);
#2151=ORIENTED_EDGE('',*,*,#1598,.F.);
#2152=ORIENTED_EDGE('',*,*,#1637,.F.);
#2153=ORIENTED_EDGE('',*,*,#1638,.F.);
#2154=ORIENTED_EDGE('',*,*,#1639,.F.);
#2155=ORIENTED_EDGE('',*,*,#1640,.F.);
#2156=ORIENTED_EDGE('',*,*,#1641,.F.);
#2157=ORIENTED_EDGE('',*,*,#1642,.F.);
#2158=ORIENTED_EDGE('',*,*,#1643,.T.);
#2159=ORIENTED_EDGE('',*,*,#1644,.F.);
#2160=ORIENTED_EDGE('',*,*,#1645,.F.);
#2161=ORIENTED_EDGE('',*,*,#1646,.F.);
#2162=ORIENTED_EDGE('',*,*,#1647,.F.);
#2163=ORIENTED_EDGE('',*,*,#1648,.F.);
#2164=ORIENTED_EDGE('',*,*,#1649,.T.);
#2165=ORIENTED_EDGE('',*,*,#1650,.F.);
#2166=ORIENTED_EDGE('',*,*,#1641,.T.);
#2167=ORIENTED_EDGE('',*,*,#1651,.F.);
#2168=ORIENTED_EDGE('',*,*,#1652,.F.);
#2169=ORIENTED_EDGE('',*,*,#1653,.F.);
#2170=ORIENTED_EDGE('',*,*,#1649,.F.);
#2171=ORIENTED_EDGE('',*,*,#1654,.F.);
#2172=ORIENTED_EDGE('',*,*,#1655,.F.);
#2173=ORIENTED_EDGE('',*,*,#1656,.F.);
#2174=ORIENTED_EDGE('',*,*,#1657,.T.);
#2175=ORIENTED_EDGE('',*,*,#1658,.F.);
#2176=ORIENTED_EDGE('',*,*,#1659,.F.);
#2177=ORIENTED_EDGE('',*,*,#1660,.F.);
#2178=ORIENTED_EDGE('',*,*,#1661,.F.);
#2179=ORIENTED_EDGE('',*,*,#1662,.F.);
#2180=ORIENTED_EDGE('',*,*,#1663,.T.);
#2181=ORIENTED_EDGE('',*,*,#1664,.F.);
#2182=ORIENTED_EDGE('',*,*,#1655,.T.);
#2183=ORIENTED_EDGE('',*,*,#1665,.F.);
#2184=ORIENTED_EDGE('',*,*,#1666,.F.);
#2185=ORIENTED_EDGE('',*,*,#1667,.F.);
#2186=ORIENTED_EDGE('',*,*,#1663,.F.);
#2187=ORIENTED_EDGE('',*,*,#1668,.F.);
#2188=ORIENTED_EDGE('',*,*,#1669,.F.);
#2189=ORIENTED_EDGE('',*,*,#1670,.F.);
#2190=ORIENTED_EDGE('',*,*,#1671,.T.);
#2191=ORIENTED_EDGE('',*,*,#1672,.F.);
#2192=ORIENTED_EDGE('',*,*,#1673,.F.);
#2193=ORIENTED_EDGE('',*,*,#1674,.F.);
#2194=ORIENTED_EDGE('',*,*,#1675,.F.);
#2195=ORIENTED_EDGE('',*,*,#1676,.T.);
#2196=ORIENTED_EDGE('',*,*,#1677,.T.);
#2197=ORIENTED_EDGE('',*,*,#1678,.F.);
#2198=ORIENTED_EDGE('',*,*,#1669,.T.);
#2199=ORIENTED_EDGE('',*,*,#1679,.F.);
#2200=ORIENTED_EDGE('',*,*,#1680,.F.);
#2201=ORIENTED_EDGE('',*,*,#1681,.F.);
#2202=ORIENTED_EDGE('',*,*,#1682,.F.);
#2203=ORIENTED_EDGE('',*,*,#1683,.F.);
#2204=ORIENTED_EDGE('',*,*,#1643,.F.);
#2205=ORIENTED_EDGE('',*,*,#1684,.F.);
#2206=ORIENTED_EDGE('',*,*,#1685,.F.);
#2207=ORIENTED_EDGE('',*,*,#1686,.F.);
#2208=ORIENTED_EDGE('',*,*,#1657,.F.);
#2209=ORIENTED_EDGE('',*,*,#1687,.F.);
#2210=ORIENTED_EDGE('',*,*,#1677,.F.);
#2211=ORIENTED_EDGE('',*,*,#1688,.F.);
#2212=ORIENTED_EDGE('',*,*,#1671,.F.);
#2213=ORIENTED_EDGE('',*,*,#1689,.F.);
#2214=ORIENTED_EDGE('',*,*,#1690,.F.);
#2215=ORIENTED_EDGE('',*,*,#1691,.F.);
#2216=ORIENTED_EDGE('',*,*,#1682,.T.);
#2217=ORIENTED_EDGE('',*,*,#1692,.F.);
#2218=ORIENTED_EDGE('',*,*,#1693,.F.);
#2219=ORIENTED_EDGE('',*,*,#1694,.F.);
#2220=ORIENTED_EDGE('',*,*,#1685,.T.);
#2221=ORIENTED_EDGE('',*,*,#1686,.T.);
#2222=ORIENTED_EDGE('',*,*,#1694,.T.);
#2223=ORIENTED_EDGE('',*,*,#1695,.F.);
#2224=ORIENTED_EDGE('',*,*,#1658,.T.);
#2225=ORIENTED_EDGE('',*,*,#1688,.T.);
#2226=ORIENTED_EDGE('',*,*,#1676,.F.);
#2227=ORIENTED_EDGE('',*,*,#1696,.F.);
#2228=ORIENTED_EDGE('',*,*,#1672,.T.);
#2229=ORIENTED_EDGE('',*,*,#1668,.T.);
#2230=ORIENTED_EDGE('',*,*,#1662,.T.);
#2231=ORIENTED_EDGE('',*,*,#1697,.F.);
#2232=ORIENTED_EDGE('',*,*,#1679,.T.);
#2233=ORIENTED_EDGE('',*,*,#1683,.T.);
#2234=ORIENTED_EDGE('',*,*,#1691,.T.);
#2235=ORIENTED_EDGE('',*,*,#1698,.F.);
#2236=ORIENTED_EDGE('',*,*,#1644,.T.);
#2237=ORIENTED_EDGE('',*,*,#1654,.T.);
#2238=ORIENTED_EDGE('',*,*,#1648,.T.);
#2239=ORIENTED_EDGE('',*,*,#1699,.F.);
#2240=ORIENTED_EDGE('',*,*,#1665,.T.);
#2241=ORIENTED_EDGE('',*,*,#1640,.T.);
#2242=ORIENTED_EDGE('',*,*,#1700,.F.);
#2243=ORIENTED_EDGE('',*,*,#1701,.F.);
#2244=ORIENTED_EDGE('',*,*,#1651,.T.);
#2245=ORIENTED_EDGE('',*,*,#1702,.F.);
#2246=ORIENTED_EDGE('',*,*,#1703,.F.);
#2247=ORIENTED_EDGE('',*,*,#1700,.T.);
#2248=ORIENTED_EDGE('',*,*,#1639,.T.);
#2249=ORIENTED_EDGE('',*,*,#1704,.F.);
#2250=ORIENTED_EDGE('',*,*,#1705,.F.);
#2251=ORIENTED_EDGE('',*,*,#1706,.F.);
#2252=ORIENTED_EDGE('',*,*,#1707,.F.);
#2253=ORIENTED_EDGE('',*,*,#1708,.F.);
#2254=ORIENTED_EDGE('',*,*,#1709,.F.);
#2255=ORIENTED_EDGE('',*,*,#1710,.F.);
#2256=ORIENTED_EDGE('',*,*,#1711,.F.);
#2257=ORIENTED_EDGE('',*,*,#1712,.T.);
#2258=ORIENTED_EDGE('',*,*,#1709,.T.);
#2259=ORIENTED_EDGE('',*,*,#1713,.F.);
#2260=ORIENTED_EDGE('',*,*,#1714,.T.);
#2261=ORIENTED_EDGE('',*,*,#1715,.F.);
#2262=ORIENTED_EDGE('',*,*,#1716,.F.);
#2263=ORIENTED_EDGE('',*,*,#1717,.F.);
#2264=ORIENTED_EDGE('',*,*,#1718,.T.);
#2265=ORIENTED_EDGE('',*,*,#1719,.T.);
#2266=ORIENTED_EDGE('',*,*,#1708,.T.);
#2267=ORIENTED_EDGE('',*,*,#1720,.F.);
#2268=ORIENTED_EDGE('',*,*,#1721,.F.);
#2269=ORIENTED_EDGE('',*,*,#1713,.T.);
#2270=ORIENTED_EDGE('',*,*,#1707,.T.);
#2271=ORIENTED_EDGE('',*,*,#1722,.T.);
#2272=ORIENTED_EDGE('',*,*,#1723,.T.);
#2273=ORIENTED_EDGE('',*,*,#1724,.F.);
#2274=ORIENTED_EDGE('',*,*,#1725,.F.);
#2275=ORIENTED_EDGE('',*,*,#1726,.T.);
#2276=ORIENTED_EDGE('',*,*,#1727,.T.);
#2277=ORIENTED_EDGE('',*,*,#1720,.T.);
#2278=ORIENTED_EDGE('',*,*,#1706,.T.);
#2279=ORIENTED_EDGE('',*,*,#1728,.F.);
#2280=ORIENTED_EDGE('',*,*,#1729,.F.);
#2281=ORIENTED_EDGE('',*,*,#1722,.F.);
#2282=ORIENTED_EDGE('',*,*,#1729,.T.);
#2283=ORIENTED_EDGE('',*,*,#1730,.F.);
#2284=ORIENTED_EDGE('',*,*,#1731,.F.);
#2285=ORIENTED_EDGE('',*,*,#1723,.F.);
#2286=ORIENTED_EDGE('',*,*,#1705,.T.);
#2287=ORIENTED_EDGE('',*,*,#1732,.F.);
#2288=ORIENTED_EDGE('',*,*,#1733,.T.);
#2289=ORIENTED_EDGE('',*,*,#1734,.F.);
#2290=ORIENTED_EDGE('',*,*,#1735,.F.);
#2291=ORIENTED_EDGE('',*,*,#1736,.F.);
#2292=ORIENTED_EDGE('',*,*,#1730,.T.);
#2293=ORIENTED_EDGE('',*,*,#1728,.T.);
#2294=ORIENTED_EDGE('',*,*,#1737,.T.);
#2295=ORIENTED_EDGE('',*,*,#1718,.F.);
#2296=ORIENTED_EDGE('',*,*,#1738,.F.);
#2297=ORIENTED_EDGE('',*,*,#1739,.F.);
#2298=ORIENTED_EDGE('',*,*,#1710,.T.);
#2299=ORIENTED_EDGE('',*,*,#1719,.F.);
#2300=ORIENTED_EDGE('',*,*,#1737,.F.);
#2301=ORIENTED_EDGE('',*,*,#1740,.F.);
#2302=ORIENTED_EDGE('',*,*,#1704,.T.);
#2303=ORIENTED_EDGE('',*,*,#1741,.F.);
#2304=ORIENTED_EDGE('',*,*,#1742,.F.);
#2305=ORIENTED_EDGE('',*,*,#1732,.T.);
#2306=ORIENTED_EDGE('',*,*,#1742,.T.);
#2307=ORIENTED_EDGE('',*,*,#1743,.F.);
#2308=ORIENTED_EDGE('',*,*,#1744,.F.);
#2309=ORIENTED_EDGE('',*,*,#1733,.F.);
#2310=ORIENTED_EDGE('',*,*,#1712,.F.);
#2311=ORIENTED_EDGE('',*,*,#1745,.T.);
#2312=ORIENTED_EDGE('',*,*,#1746,.T.);
#2313=ORIENTED_EDGE('',*,*,#1745,.F.);
#2314=ORIENTED_EDGE('',*,*,#1721,.T.);
#2315=ORIENTED_EDGE('',*,*,#1727,.F.);
#2316=ORIENTED_EDGE('',*,*,#1747,.F.);
#2317=ORIENTED_EDGE('',*,*,#1714,.F.);
#2318=ORIENTED_EDGE('',*,*,#1744,.T.);
#2319=ORIENTED_EDGE('',*,*,#1748,.F.);
#2320=ORIENTED_EDGE('',*,*,#1749,.F.);
#2321=ORIENTED_EDGE('',*,*,#1734,.T.);
#2322=ORIENTED_EDGE('',*,*,#1711,.T.);
#2323=ORIENTED_EDGE('',*,*,#1740,.T.);
#2324=ORIENTED_EDGE('',*,*,#1739,.T.);
#2325=ORIENTED_EDGE('',*,*,#1750,.F.);
#2326=ORIENTED_EDGE('',*,*,#1751,.F.);
#2327=ORIENTED_EDGE('',*,*,#1748,.T.);
#2328=ORIENTED_EDGE('',*,*,#1743,.T.);
#2329=ORIENTED_EDGE('',*,*,#1741,.T.);
#2330=ORIENTED_EDGE('',*,*,#1738,.T.);
#2331=ORIENTED_EDGE('',*,*,#1717,.T.);
#2332=ORIENTED_EDGE('',*,*,#1752,.F.);
#2333=ORIENTED_EDGE('',*,*,#1750,.T.);
#2334=ORIENTED_EDGE('',*,*,#1731,.T.);
#2335=ORIENTED_EDGE('',*,*,#1736,.T.);
#2336=ORIENTED_EDGE('',*,*,#1753,.F.);
#2337=ORIENTED_EDGE('',*,*,#1724,.T.);
#2338=ORIENTED_EDGE('',*,*,#1747,.T.);
#2339=ORIENTED_EDGE('',*,*,#1726,.F.);
#2340=ORIENTED_EDGE('',*,*,#1754,.F.);
#2341=ORIENTED_EDGE('',*,*,#1715,.T.);
#2342=ORIENTED_EDGE('',*,*,#1746,.F.);
#2343=ORIENTED_EDGE('',*,*,#1626,.F.);
#2344=ORIENTED_EDGE('',*,*,#1755,.F.);
#2345=ORIENTED_EDGE('',*,*,#1756,.T.);
#2346=ORIENTED_EDGE('',*,*,#1757,.F.);
#2347=ORIENTED_EDGE('',*,*,#1674,.T.);
#2348=ORIENTED_EDGE('',*,*,#1687,.T.);
#2349=ORIENTED_EDGE('',*,*,#1670,.T.);
#2350=ORIENTED_EDGE('',*,*,#1758,.F.);
#2351=ORIENTED_EDGE('',*,*,#1692,.T.);
#2352=ORIENTED_EDGE('',*,*,#1684,.T.);
#2353=ORIENTED_EDGE('',*,*,#1656,.T.);
#2354=ORIENTED_EDGE('',*,*,#1759,.F.);
#2355=ORIENTED_EDGE('',*,*,#1689,.T.);
#2356=ORIENTED_EDGE('',*,*,#1681,.T.);
#2357=ORIENTED_EDGE('',*,*,#1642,.T.);
#2358=ORIENTED_EDGE('',*,*,#1760,.F.);
#2359=ORIENTED_EDGE('',*,*,#1702,.T.);
#2360=ORIENTED_EDGE('',*,*,#1638,.T.);
#2361=ORIENTED_EDGE('',*,*,#1650,.T.);
#2362=ORIENTED_EDGE('',*,*,#1761,.F.);
#2363=ORIENTED_EDGE('',*,*,#1646,.T.);
#2364=ORIENTED_EDGE('',*,*,#1653,.T.);
#2365=ORIENTED_EDGE('',*,*,#1664,.T.);
#2366=ORIENTED_EDGE('',*,*,#1762,.F.);
#2367=ORIENTED_EDGE('',*,*,#1660,.T.);
#2368=ORIENTED_EDGE('',*,*,#1667,.T.);
#2369=ORIENTED_EDGE('',*,*,#1678,.T.);
#2370=ORIENTED_EDGE('',*,*,#1763,.F.);
#2371=ORIENTED_EDGE('',*,*,#1756,.F.);
#2372=ORIENTED_EDGE('',*,*,#1610,.T.);
#2373=ORIENTED_EDGE('',*,*,#1614,.F.);
#2374=ORIENTED_EDGE('',*,*,#1764,.T.);
#2375=ORIENTED_EDGE('',*,*,#1765,.T.);
#2376=ORIENTED_EDGE('',*,*,#1602,.T.);
#2377=ORIENTED_EDGE('',*,*,#1755,.T.);
#2378=ORIENTED_EDGE('',*,*,#1754,.T.);
#2379=ORIENTED_EDGE('',*,*,#1725,.T.);
#2380=ORIENTED_EDGE('',*,*,#1753,.T.);
#2381=ORIENTED_EDGE('',*,*,#1735,.T.);
#2382=ORIENTED_EDGE('',*,*,#1749,.T.);
#2383=ORIENTED_EDGE('',*,*,#1751,.T.);
#2384=ORIENTED_EDGE('',*,*,#1752,.T.);
#2385=ORIENTED_EDGE('',*,*,#1716,.T.);
#2386=ORIENTED_EDGE('',*,*,#1766,.T.);
#2387=ORIENTED_EDGE('',*,*,#1767,.T.);
#2388=ORIENTED_EDGE('',*,*,#1768,.T.);
#2389=ORIENTED_EDGE('',*,*,#1635,.T.);
#2390=ORIENTED_EDGE('',*,*,#1768,.F.);
#2391=ORIENTED_EDGE('',*,*,#1766,.F.);
#2392=ORIENTED_EDGE('',*,*,#1767,.F.);
#2393=ORIENTED_EDGE('',*,*,#1769,.T.);
#2394=ORIENTED_EDGE('',*,*,#1770,.F.);
#2395=ORIENTED_EDGE('',*,*,#1769,.F.);
#2396=ORIENTED_EDGE('',*,*,#1636,.T.);
#2397=ORIENTED_EDGE('',*,*,#1771,.T.);
#2398=ORIENTED_EDGE('',*,*,#1772,.T.);
#2399=ORIENTED_EDGE('',*,*,#1771,.F.);
#2400=ORIENTED_EDGE('',*,*,#1770,.T.);
#2401=ORIENTED_EDGE('',*,*,#1772,.F.);
#2402=ORIENTED_EDGE('',*,*,#1773,.T.);
#2403=ORIENTED_EDGE('',*,*,#1774,.T.);
#2404=ORIENTED_EDGE('',*,*,#1775,.T.);
#2405=ORIENTED_EDGE('',*,*,#1774,.F.);
#2406=ORIENTED_EDGE('',*,*,#1776,.T.);
#2407=ORIENTED_EDGE('',*,*,#1777,.T.);
#2408=ORIENTED_EDGE('',*,*,#1778,.T.);
#2409=ORIENTED_EDGE('',*,*,#1779,.T.);
#2410=ORIENTED_EDGE('',*,*,#1780,.T.);
#2411=ORIENTED_EDGE('',*,*,#1781,.T.);
#2412=ORIENTED_EDGE('',*,*,#1782,.T.);
#2413=ORIENTED_EDGE('',*,*,#1783,.F.);
#2414=ORIENTED_EDGE('',*,*,#1775,.F.);
#2415=ORIENTED_EDGE('',*,*,#1784,.F.);
#2416=ORIENTED_EDGE('',*,*,#1785,.T.);
#2417=ORIENTED_EDGE('',*,*,#1773,.F.);
#2418=ORIENTED_EDGE('',*,*,#1785,.F.);
#2419=ORIENTED_EDGE('',*,*,#1784,.T.);
#2420=ORIENTED_EDGE('',*,*,#1697,.T.);
#2421=ORIENTED_EDGE('',*,*,#1661,.T.);
#2422=ORIENTED_EDGE('',*,*,#1762,.T.);
#2423=ORIENTED_EDGE('',*,*,#1666,.T.);
#2424=ORIENTED_EDGE('',*,*,#1699,.T.);
#2425=ORIENTED_EDGE('',*,*,#1647,.T.);
#2426=ORIENTED_EDGE('',*,*,#1761,.T.);
#2427=ORIENTED_EDGE('',*,*,#1652,.T.);
#2428=ORIENTED_EDGE('',*,*,#1701,.T.);
#2429=ORIENTED_EDGE('',*,*,#1703,.T.);
#2430=ORIENTED_EDGE('',*,*,#1760,.T.);
#2431=ORIENTED_EDGE('',*,*,#1645,.T.);
#2432=ORIENTED_EDGE('',*,*,#1698,.T.);
#2433=ORIENTED_EDGE('',*,*,#1690,.T.);
#2434=ORIENTED_EDGE('',*,*,#1759,.T.);
#2435=ORIENTED_EDGE('',*,*,#1659,.T.);
#2436=ORIENTED_EDGE('',*,*,#1695,.T.);
#2437=ORIENTED_EDGE('',*,*,#1693,.T.);
#2438=ORIENTED_EDGE('',*,*,#1758,.T.);
#2439=ORIENTED_EDGE('',*,*,#1673,.T.);
#2440=ORIENTED_EDGE('',*,*,#1696,.T.);
#2441=ORIENTED_EDGE('',*,*,#1675,.T.);
#2442=ORIENTED_EDGE('',*,*,#1757,.T.);
#2443=ORIENTED_EDGE('',*,*,#1763,.T.);
#2444=ORIENTED_EDGE('',*,*,#1680,.T.);
#2445=ORIENTED_EDGE('',*,*,#1783,.T.);
#2446=ORIENTED_EDGE('',*,*,#1786,.T.);
#2447=ORIENTED_EDGE('',*,*,#1787,.T.);
#2448=ORIENTED_EDGE('',*,*,#1786,.F.);
#2449=ORIENTED_EDGE('',*,*,#1764,.F.);
#2450=ORIENTED_EDGE('',*,*,#1616,.F.);
#2451=ORIENTED_EDGE('',*,*,#1607,.F.);
#2452=ORIENTED_EDGE('',*,*,#1619,.F.);
#2453=ORIENTED_EDGE('',*,*,#1765,.F.);
#2454=ORIENTED_EDGE('',*,*,#1788,.T.);
#2455=ORIENTED_EDGE('',*,*,#1787,.F.);
#2456=ORIENTED_EDGE('',*,*,#1788,.F.);
#2457=ORIENTED_EDGE('',*,*,#1789,.T.);
#2458=ORIENTED_EDGE('',*,*,#1790,.T.);
#2459=ORIENTED_EDGE('',*,*,#1791,.T.);
#2460=ORIENTED_EDGE('',*,*,#1792,.T.);
#2461=ORIENTED_EDGE('',*,*,#1791,.F.);
#2462=ORIENTED_EDGE('',*,*,#1793,.F.);
#2463=ORIENTED_EDGE('',*,*,#1794,.F.);
#2464=ORIENTED_EDGE('',*,*,#1795,.F.);
#2465=ORIENTED_EDGE('',*,*,#1796,.F.);
#2466=ORIENTED_EDGE('',*,*,#1797,.F.);
#2467=ORIENTED_EDGE('',*,*,#1798,.F.);
#2468=ORIENTED_EDGE('',*,*,#1799,.F.);
#2469=ORIENTED_EDGE('',*,*,#1800,.F.);
#2470=ORIENTED_EDGE('',*,*,#1801,.T.);
#2471=ORIENTED_EDGE('',*,*,#1802,.F.);
#2472=ORIENTED_EDGE('',*,*,#1803,.F.);
#2473=ORIENTED_EDGE('',*,*,#1804,.F.);
#2474=ORIENTED_EDGE('',*,*,#1805,.F.);
#2475=ORIENTED_EDGE('',*,*,#1806,.F.);
#2476=ORIENTED_EDGE('',*,*,#1807,.F.);
#2477=ORIENTED_EDGE('',*,*,#1792,.F.);
#2478=ORIENTED_EDGE('',*,*,#1808,.F.);
#2479=ORIENTED_EDGE('',*,*,#1809,.T.);
#2480=ORIENTED_EDGE('',*,*,#1789,.F.);
#2481=ORIENTED_EDGE('',*,*,#1790,.F.);
#2482=ORIENTED_EDGE('',*,*,#1809,.F.);
#2483=ORIENTED_EDGE('',*,*,#1810,.T.);
#2484=ORIENTED_EDGE('',*,*,#1811,.T.);
#2485=ORIENTED_EDGE('',*,*,#1812,.T.);
#2486=ORIENTED_EDGE('',*,*,#1803,.T.);
#2487=ORIENTED_EDGE('',*,*,#1812,.F.);
#2488=ORIENTED_EDGE('',*,*,#1813,.F.);
#2489=ORIENTED_EDGE('',*,*,#1814,.T.);
#2490=ORIENTED_EDGE('',*,*,#1810,.F.);
#2491=ORIENTED_EDGE('',*,*,#1811,.F.);
#2492=ORIENTED_EDGE('',*,*,#1814,.F.);
#2493=ORIENTED_EDGE('',*,*,#1815,.T.);
#2494=ORIENTED_EDGE('',*,*,#1816,.T.);
#2495=ORIENTED_EDGE('',*,*,#1817,.T.);
#2496=ORIENTED_EDGE('',*,*,#1807,.T.);
#2497=ORIENTED_EDGE('',*,*,#1817,.F.);
#2498=ORIENTED_EDGE('',*,*,#1818,.F.);
#2499=ORIENTED_EDGE('',*,*,#1819,.T.);
#2500=ORIENTED_EDGE('',*,*,#1815,.F.);
#2501=ORIENTED_EDGE('',*,*,#1816,.F.);
#2502=ORIENTED_EDGE('',*,*,#1819,.F.);
#2503=ORIENTED_EDGE('',*,*,#1820,.T.);
#2504=ORIENTED_EDGE('',*,*,#1821,.T.);
#2505=ORIENTED_EDGE('',*,*,#1822,.T.);
#2506=ORIENTED_EDGE('',*,*,#1804,.T.);
#2507=ORIENTED_EDGE('',*,*,#1822,.F.);
#2508=ORIENTED_EDGE('',*,*,#1823,.F.);
#2509=ORIENTED_EDGE('',*,*,#1824,.T.);
#2510=ORIENTED_EDGE('',*,*,#1820,.F.);
#2511=ORIENTED_EDGE('',*,*,#1821,.F.);
#2512=ORIENTED_EDGE('',*,*,#1824,.F.);
#2513=ORIENTED_EDGE('',*,*,#1806,.T.);
#2514=ORIENTED_EDGE('',*,*,#1825,.T.);
#2515=ORIENTED_EDGE('',*,*,#1826,.T.);
#2516=ORIENTED_EDGE('',*,*,#1825,.F.);
#2517=ORIENTED_EDGE('',*,*,#1827,.F.);
#2518=ORIENTED_EDGE('',*,*,#1828,.F.);
#2519=ORIENTED_EDGE('',*,*,#1829,.T.);
#2520=ORIENTED_EDGE('',*,*,#1826,.F.);
#2521=ORIENTED_EDGE('',*,*,#1829,.F.);
#2522=ORIENTED_EDGE('',*,*,#1830,.T.);
#2523=ORIENTED_EDGE('',*,*,#1827,.T.);
#2524=ORIENTED_EDGE('',*,*,#1828,.T.);
#2525=ORIENTED_EDGE('',*,*,#1830,.F.);
#2526=ORIENTED_EDGE('',*,*,#1831,.T.);
#2527=ORIENTED_EDGE('',*,*,#1627,.T.);
#2528=ORIENTED_EDGE('',*,*,#1832,.T.);
#2529=ORIENTED_EDGE('',*,*,#1833,.T.);
#2530=ORIENTED_EDGE('',*,*,#1834,.T.);
#2531=ORIENTED_EDGE('',*,*,#1835,.T.);
#2532=ORIENTED_EDGE('',*,*,#1836,.T.);
#2533=ORIENTED_EDGE('',*,*,#1837,.T.);
#2534=ORIENTED_EDGE('',*,*,#1838,.T.);
#2535=ORIENTED_EDGE('',*,*,#1839,.T.);
#2536=ORIENTED_EDGE('',*,*,#1840,.T.);
#2537=ORIENTED_EDGE('',*,*,#1841,.T.);
#2538=ORIENTED_EDGE('',*,*,#1842,.T.);
#2539=ORIENTED_EDGE('',*,*,#1843,.T.);
#2540=ORIENTED_EDGE('',*,*,#1844,.T.);
#2541=ORIENTED_EDGE('',*,*,#1845,.T.);
#2542=ORIENTED_EDGE('',*,*,#1846,.T.);
#2543=ORIENTED_EDGE('',*,*,#1847,.T.);
#2544=ORIENTED_EDGE('',*,*,#1848,.T.);
#2545=ORIENTED_EDGE('',*,*,#1849,.T.);
#2546=ORIENTED_EDGE('',*,*,#1850,.T.);
#2547=ORIENTED_EDGE('',*,*,#1851,.F.);
#2548=ORIENTED_EDGE('',*,*,#1831,.F.);
#2549=ORIENTED_EDGE('',*,*,#1805,.T.);
#2550=ORIENTED_EDGE('',*,*,#1852,.T.);
#2551=ORIENTED_EDGE('',*,*,#1853,.T.);
#2552=ORIENTED_EDGE('',*,*,#1852,.F.);
#2553=ORIENTED_EDGE('',*,*,#1854,.F.);
#2554=ORIENTED_EDGE('',*,*,#1855,.F.);
#2555=ORIENTED_EDGE('',*,*,#1856,.T.);
#2556=ORIENTED_EDGE('',*,*,#1853,.F.);
#2557=ORIENTED_EDGE('',*,*,#1856,.F.);
#2558=ORIENTED_EDGE('',*,*,#1857,.T.);
#2559=ORIENTED_EDGE('',*,*,#1854,.T.);
#2560=ORIENTED_EDGE('',*,*,#1855,.T.);
#2561=ORIENTED_EDGE('',*,*,#1857,.F.);
#2562=ORIENTED_EDGE('',*,*,#1851,.T.);
#2563=ORIENTED_EDGE('',*,*,#1858,.F.);
#2564=ORIENTED_EDGE('',*,*,#1859,.T.);
#2565=ORIENTED_EDGE('',*,*,#1860,.F.);
#2566=ORIENTED_EDGE('',*,*,#1861,.T.);
#2567=ORIENTED_EDGE('',*,*,#1860,.T.);
#2568=ORIENTED_EDGE('',*,*,#1862,.T.);
#2569=ORIENTED_EDGE('',*,*,#1863,.T.);
#2570=ORIENTED_EDGE('',*,*,#1864,.T.);
#2571=ORIENTED_EDGE('',*,*,#1865,.T.);
#2572=ORIENTED_EDGE('',*,*,#1866,.T.);
#2573=ORIENTED_EDGE('',*,*,#1867,.F.);
#2574=ORIENTED_EDGE('',*,*,#1868,.T.);
#2575=ORIENTED_EDGE('',*,*,#1869,.T.);
#2576=ORIENTED_EDGE('',*,*,#1870,.T.);
#2577=ORIENTED_EDGE('',*,*,#1871,.F.);
#2578=ORIENTED_EDGE('',*,*,#1872,.T.);
#2579=ORIENTED_EDGE('',*,*,#1859,.F.);
#2580=ORIENTED_EDGE('',*,*,#1873,.F.);
#2581=ORIENTED_EDGE('',*,*,#1874,.T.);
#2582=ORIENTED_EDGE('',*,*,#1862,.F.);
#2583=ORIENTED_EDGE('',*,*,#1865,.F.);
#2584=ORIENTED_EDGE('',*,*,#1875,.T.);
#2585=ORIENTED_EDGE('',*,*,#1876,.F.);
#2586=ORIENTED_EDGE('',*,*,#1877,.T.);
#2587=ORIENTED_EDGE('',*,*,#1858,.T.);
#2588=ORIENTED_EDGE('',*,*,#1878,.F.);
#2589=ORIENTED_EDGE('',*,*,#1879,.F.);
#2590=ORIENTED_EDGE('',*,*,#1880,.F.);
#2591=ORIENTED_EDGE('',*,*,#1881,.F.);
#2592=ORIENTED_EDGE('',*,*,#1882,.F.);
#2593=ORIENTED_EDGE('',*,*,#1883,.F.);
#2594=ORIENTED_EDGE('',*,*,#1884,.F.);
#2595=ORIENTED_EDGE('',*,*,#1876,.T.);
#2596=ORIENTED_EDGE('',*,*,#1885,.T.);
#2597=ORIENTED_EDGE('',*,*,#1886,.F.);
#2598=ORIENTED_EDGE('',*,*,#1873,.T.);
#2599=ORIENTED_EDGE('',*,*,#1875,.F.);
#2600=ORIENTED_EDGE('',*,*,#1864,.F.);
#2601=ORIENTED_EDGE('',*,*,#1887,.T.);
#2602=ORIENTED_EDGE('',*,*,#1885,.F.);
#2603=ORIENTED_EDGE('',*,*,#1888,.F.);
#2604=ORIENTED_EDGE('',*,*,#1889,.T.);
#2605=ORIENTED_EDGE('',*,*,#1890,.F.);
#2606=ORIENTED_EDGE('',*,*,#1891,.T.);
#2607=ORIENTED_EDGE('',*,*,#1890,.T.);
#2608=ORIENTED_EDGE('',*,*,#1892,.T.);
#2609=ORIENTED_EDGE('',*,*,#1893,.F.);
#2610=ORIENTED_EDGE('',*,*,#1894,.T.);
#2611=ORIENTED_EDGE('',*,*,#1895,.T.);
#2612=ORIENTED_EDGE('',*,*,#1896,.F.);
#2613=ORIENTED_EDGE('',*,*,#1897,.F.);
#2614=ORIENTED_EDGE('',*,*,#1898,.F.);
#2615=ORIENTED_EDGE('',*,*,#1899,.F.);
#2616=ORIENTED_EDGE('',*,*,#1900,.F.);
#2617=ORIENTED_EDGE('',*,*,#1901,.F.);
#2618=ORIENTED_EDGE('',*,*,#1902,.F.);
#2619=ORIENTED_EDGE('',*,*,#1889,.F.);
#2620=ORIENTED_EDGE('',*,*,#1903,.F.);
#2621=ORIENTED_EDGE('',*,*,#1904,.T.);
#2622=ORIENTED_EDGE('',*,*,#1892,.F.);
#2623=ORIENTED_EDGE('',*,*,#1895,.F.);
#2624=ORIENTED_EDGE('',*,*,#1905,.T.);
#2625=ORIENTED_EDGE('',*,*,#1906,.F.);
#2626=ORIENTED_EDGE('',*,*,#1907,.T.);
#2627=ORIENTED_EDGE('',*,*,#1888,.T.);
#2628=ORIENTED_EDGE('',*,*,#1908,.F.);
#2629=ORIENTED_EDGE('',*,*,#1909,.F.);
#2630=ORIENTED_EDGE('',*,*,#1910,.F.);
#2631=ORIENTED_EDGE('',*,*,#1911,.F.);
#2632=ORIENTED_EDGE('',*,*,#1912,.F.);
#2633=ORIENTED_EDGE('',*,*,#1913,.F.);
#2634=ORIENTED_EDGE('',*,*,#1914,.F.);
#2635=ORIENTED_EDGE('',*,*,#1906,.T.);
#2636=ORIENTED_EDGE('',*,*,#1915,.T.);
#2637=ORIENTED_EDGE('',*,*,#1916,.F.);
#2638=ORIENTED_EDGE('',*,*,#1903,.T.);
#2639=ORIENTED_EDGE('',*,*,#1905,.F.);
#2640=ORIENTED_EDGE('',*,*,#1894,.F.);
#2641=ORIENTED_EDGE('',*,*,#1917,.T.);
#2642=ORIENTED_EDGE('',*,*,#1915,.F.);
#2643=ORIENTED_EDGE('',*,*,#1887,.F.);
#2644=ORIENTED_EDGE('',*,*,#1863,.F.);
#2645=ORIENTED_EDGE('',*,*,#1874,.F.);
#2646=ORIENTED_EDGE('',*,*,#1886,.T.);
#2647=ORIENTED_EDGE('',*,*,#1861,.F.);
#2648=ORIENTED_EDGE('',*,*,#1872,.F.);
#2649=ORIENTED_EDGE('',*,*,#1918,.F.);
#2650=ORIENTED_EDGE('',*,*,#1878,.T.);
#2651=ORIENTED_EDGE('',*,*,#1904,.F.);
#2652=ORIENTED_EDGE('',*,*,#1916,.T.);
#2653=ORIENTED_EDGE('',*,*,#1917,.F.);
#2654=ORIENTED_EDGE('',*,*,#1893,.T.);
#2655=ORIENTED_EDGE('',*,*,#1907,.F.);
#2656=ORIENTED_EDGE('',*,*,#1914,.T.);
#2657=ORIENTED_EDGE('',*,*,#1919,.F.);
#2658=ORIENTED_EDGE('',*,*,#1896,.T.);
#2659=ORIENTED_EDGE('',*,*,#1920,.T.);
#2660=ORIENTED_EDGE('',*,*,#1798,.T.);
#2661=ORIENTED_EDGE('',*,*,#1921,.T.);
#2662=ORIENTED_EDGE('',*,*,#1922,.T.);
#2663=ORIENTED_EDGE('',*,*,#1847,.F.);
#2664=ORIENTED_EDGE('',*,*,#1923,.T.);
#2665=ORIENTED_EDGE('',*,*,#1924,.F.);
#2666=ORIENTED_EDGE('',*,*,#1925,.T.);
#2667=ORIENTED_EDGE('',*,*,#1926,.F.);
#2668=ORIENTED_EDGE('',*,*,#1927,.T.);
#2669=ORIENTED_EDGE('',*,*,#1928,.F.);
#2670=ORIENTED_EDGE('',*,*,#1929,.T.);
#2671=ORIENTED_EDGE('',*,*,#1841,.F.);
#2672=ORIENTED_EDGE('',*,*,#1930,.T.);
#2673=ORIENTED_EDGE('',*,*,#1931,.F.);
#2674=ORIENTED_EDGE('',*,*,#1932,.T.);
#2675=ORIENTED_EDGE('',*,*,#1933,.F.);
#2676=ORIENTED_EDGE('',*,*,#1934,.T.);
#2677=ORIENTED_EDGE('',*,*,#1935,.F.);
#2678=ORIENTED_EDGE('',*,*,#1936,.T.);
#2679=ORIENTED_EDGE('',*,*,#1835,.F.);
#2680=ORIENTED_EDGE('',*,*,#1937,.T.);
#2681=ORIENTED_EDGE('',*,*,#1938,.T.);
#2682=ORIENTED_EDGE('',*,*,#1897,.T.);
#2683=ORIENTED_EDGE('',*,*,#1919,.T.);
#2684=ORIENTED_EDGE('',*,*,#1913,.T.);
#2685=ORIENTED_EDGE('',*,*,#1871,.T.);
#2686=ORIENTED_EDGE('',*,*,#1939,.T.);
#2687=ORIENTED_EDGE('',*,*,#1879,.T.);
#2688=ORIENTED_EDGE('',*,*,#1918,.T.);
#2689=ORIENTED_EDGE('',*,*,#1867,.T.);
#2690=ORIENTED_EDGE('',*,*,#1940,.T.);
#2691=ORIENTED_EDGE('',*,*,#1883,.T.);
#2692=ORIENTED_EDGE('',*,*,#1941,.T.);
#2693=ORIENTED_EDGE('',*,*,#1942,.T.);
#2694=ORIENTED_EDGE('',*,*,#1909,.T.);
#2695=ORIENTED_EDGE('',*,*,#1943,.T.);
#2696=ORIENTED_EDGE('',*,*,#1901,.T.);
#2697=ORIENTED_EDGE('',*,*,#1942,.F.);
#2698=ORIENTED_EDGE('',*,*,#1900,.T.);
#2699=ORIENTED_EDGE('',*,*,#1944,.F.);
#2700=ORIENTED_EDGE('',*,*,#1910,.T.);
#2701=ORIENTED_EDGE('',*,*,#1944,.T.);
#2702=ORIENTED_EDGE('',*,*,#1899,.T.);
#2703=ORIENTED_EDGE('',*,*,#1945,.F.);
#2704=ORIENTED_EDGE('',*,*,#1911,.T.);
#2705=ORIENTED_EDGE('',*,*,#1945,.T.);
#2706=ORIENTED_EDGE('',*,*,#1898,.T.);
#2707=ORIENTED_EDGE('',*,*,#1938,.F.);
#2708=ORIENTED_EDGE('',*,*,#1912,.T.);
#2709=ORIENTED_EDGE('',*,*,#1891,.F.);
#2710=ORIENTED_EDGE('',*,*,#1902,.T.);
#2711=ORIENTED_EDGE('',*,*,#1943,.F.);
#2712=ORIENTED_EDGE('',*,*,#1908,.T.);
#2713=ORIENTED_EDGE('',*,*,#1941,.F.);
#2714=ORIENTED_EDGE('',*,*,#1882,.T.);
#2715=ORIENTED_EDGE('',*,*,#1946,.F.);
#2716=ORIENTED_EDGE('',*,*,#1868,.F.);
#2717=ORIENTED_EDGE('',*,*,#1877,.F.);
#2718=ORIENTED_EDGE('',*,*,#1884,.T.);
#2719=ORIENTED_EDGE('',*,*,#1940,.F.);
#2720=ORIENTED_EDGE('',*,*,#1866,.F.);
#2721=ORIENTED_EDGE('',*,*,#1869,.F.);
#2722=ORIENTED_EDGE('',*,*,#1946,.T.);
#2723=ORIENTED_EDGE('',*,*,#1881,.T.);
#2724=ORIENTED_EDGE('',*,*,#1947,.F.);
#2725=ORIENTED_EDGE('',*,*,#1939,.F.);
#2726=ORIENTED_EDGE('',*,*,#1870,.F.);
#2727=ORIENTED_EDGE('',*,*,#1947,.T.);
#2728=ORIENTED_EDGE('',*,*,#1880,.T.);
#2729=ORIENTED_EDGE('',*,*,#1948,.F.);
#2730=ORIENTED_EDGE('',*,*,#1937,.F.);
#2731=ORIENTED_EDGE('',*,*,#1834,.F.);
#2732=ORIENTED_EDGE('',*,*,#1949,.F.);
#2733=ORIENTED_EDGE('',*,*,#1950,.F.);
#2734=ORIENTED_EDGE('',*,*,#1951,.F.);
#2735=ORIENTED_EDGE('',*,*,#1832,.F.);
#2736=ORIENTED_EDGE('',*,*,#1634,.T.);
#2737=ORIENTED_EDGE('',*,*,#1952,.F.);
#2738=ORIENTED_EDGE('',*,*,#1953,.F.);
#2739=ORIENTED_EDGE('',*,*,#1801,.F.);
#2740=ORIENTED_EDGE('',*,*,#1954,.F.);
#2741=ORIENTED_EDGE('',*,*,#1955,.F.);
#2742=ORIENTED_EDGE('',*,*,#1956,.T.);
#2743=ORIENTED_EDGE('',*,*,#1793,.T.);
#2744=ORIENTED_EDGE('',*,*,#1957,.F.);
#2745=ORIENTED_EDGE('',*,*,#1958,.F.);
#2746=ORIENTED_EDGE('',*,*,#1949,.T.);
#2747=ORIENTED_EDGE('',*,*,#1833,.F.);
#2748=ORIENTED_EDGE('',*,*,#1951,.T.);
#2749=ORIENTED_EDGE('',*,*,#1959,.F.);
#2750=ORIENTED_EDGE('',*,*,#1960,.F.);
#2751=ORIENTED_EDGE('',*,*,#1848,.F.);
#2752=ORIENTED_EDGE('',*,*,#1922,.F.);
#2753=ORIENTED_EDGE('',*,*,#1961,.F.);
#2754=ORIENTED_EDGE('',*,*,#1962,.F.);
#2755=ORIENTED_EDGE('',*,*,#1795,.T.);
#2756=ORIENTED_EDGE('',*,*,#1963,.F.);
#2757=ORIENTED_EDGE('',*,*,#1964,.F.);
#2758=ORIENTED_EDGE('',*,*,#1628,.T.);
#2759=ORIENTED_EDGE('',*,*,#1850,.F.);
#2760=ORIENTED_EDGE('',*,*,#1965,.F.);
#2761=ORIENTED_EDGE('',*,*,#1966,.F.);
#2762=ORIENTED_EDGE('',*,*,#1967,.F.);
#2763=ORIENTED_EDGE('',*,*,#1921,.F.);
#2764=ORIENTED_EDGE('',*,*,#1797,.T.);
#2765=ORIENTED_EDGE('',*,*,#1796,.T.);
#2766=ORIENTED_EDGE('',*,*,#1962,.T.);
#2767=ORIENTED_EDGE('',*,*,#1968,.T.);
#2768=ORIENTED_EDGE('',*,*,#1966,.T.);
#2769=ORIENTED_EDGE('',*,*,#1823,.T.);
#2770=ORIENTED_EDGE('',*,*,#1818,.T.);
#2771=ORIENTED_EDGE('',*,*,#1969,.T.);
#2772=ORIENTED_EDGE('',*,*,#1970,.F.);
#2773=ORIENTED_EDGE('',*,*,#1781,.F.);
#2774=ORIENTED_EDGE('',*,*,#1971,.T.);
#2775=ORIENTED_EDGE('',*,*,#1972,.F.);
#2776=ORIENTED_EDGE('',*,*,#1965,.T.);
#2777=ORIENTED_EDGE('',*,*,#1849,.F.);
#2778=ORIENTED_EDGE('',*,*,#1960,.T.);
#2779=ORIENTED_EDGE('',*,*,#1973,.T.);
#2780=ORIENTED_EDGE('',*,*,#1974,.T.);
#2781=ORIENTED_EDGE('',*,*,#1975,.T.);
#2782=ORIENTED_EDGE('',*,*,#1777,.F.);
#2783=ORIENTED_EDGE('',*,*,#1776,.F.);
#2784=ORIENTED_EDGE('',*,*,#1976,.T.);
#2785=ORIENTED_EDGE('',*,*,#1977,.T.);
#2786=ORIENTED_EDGE('',*,*,#1978,.T.);
#2787=ORIENTED_EDGE('',*,*,#1782,.F.);
#2788=ORIENTED_EDGE('',*,*,#1970,.T.);
#2789=ORIENTED_EDGE('',*,*,#1979,.T.);
#2790=ORIENTED_EDGE('',*,*,#1955,.T.);
#2791=ORIENTED_EDGE('',*,*,#1980,.T.);
#2792=ORIENTED_EDGE('',*,*,#1976,.F.);
#2793=ORIENTED_EDGE('',*,*,#1981,.T.);
#2794=ORIENTED_EDGE('',*,*,#1982,.T.);
#2795=ORIENTED_EDGE('',*,*,#1971,.F.);
#2796=ORIENTED_EDGE('',*,*,#1780,.F.);
#2797=ORIENTED_EDGE('',*,*,#1983,.T.);
#2798=ORIENTED_EDGE('',*,*,#1984,.T.);
#2799=ORIENTED_EDGE('',*,*,#1981,.F.);
#2800=ORIENTED_EDGE('',*,*,#1779,.F.);
#2801=ORIENTED_EDGE('',*,*,#1975,.F.);
#2802=ORIENTED_EDGE('',*,*,#1985,.T.);
#2803=ORIENTED_EDGE('',*,*,#1983,.F.);
#2804=ORIENTED_EDGE('',*,*,#1778,.F.);
#2805=ORIENTED_EDGE('',*,*,#1986,.T.);
#2806=ORIENTED_EDGE('',*,*,#1974,.F.);
#2807=ORIENTED_EDGE('',*,*,#1987,.T.);
#2808=ORIENTED_EDGE('',*,*,#1632,.T.);
#2809=ORIENTED_EDGE('',*,*,#1973,.F.);
#2810=ORIENTED_EDGE('',*,*,#1978,.F.);
#2811=ORIENTED_EDGE('',*,*,#1988,.T.);
#2812=ORIENTED_EDGE('',*,*,#1977,.F.);
#2813=ORIENTED_EDGE('',*,*,#1980,.F.);
#2814=ORIENTED_EDGE('',*,*,#1957,.T.);
#2815=ORIENTED_EDGE('',*,*,#1802,.T.);
#2816=ORIENTED_EDGE('',*,*,#1953,.T.);
#2817=ORIENTED_EDGE('',*,*,#1989,.T.);
#2818=ORIENTED_EDGE('',*,*,#1956,.F.);
#2819=ORIENTED_EDGE('',*,*,#1979,.F.);
#2820=ORIENTED_EDGE('',*,*,#1969,.F.);
#2821=ORIENTED_EDGE('',*,*,#1990,.T.);
#2822=ORIENTED_EDGE('',*,*,#1963,.T.);
#2823=ORIENTED_EDGE('',*,*,#1794,.T.);
#2824=ORIENTED_EDGE('',*,*,#1982,.F.);
#2825=ORIENTED_EDGE('',*,*,#1991,.T.);
#2826=ORIENTED_EDGE('',*,*,#1629,.T.);
#2827=ORIENTED_EDGE('',*,*,#1964,.T.);
#2828=ORIENTED_EDGE('',*,*,#1990,.F.);
#2829=ORIENTED_EDGE('',*,*,#1991,.F.);
#2830=ORIENTED_EDGE('',*,*,#1984,.F.);
#2831=ORIENTED_EDGE('',*,*,#1992,.T.);
#2832=ORIENTED_EDGE('',*,*,#1630,.T.);
#2833=ORIENTED_EDGE('',*,*,#1992,.F.);
#2834=ORIENTED_EDGE('',*,*,#1985,.F.);
#2835=ORIENTED_EDGE('',*,*,#1986,.F.);
#2836=ORIENTED_EDGE('',*,*,#1631,.T.);
#2837=ORIENTED_EDGE('',*,*,#1987,.F.);
#2838=ORIENTED_EDGE('',*,*,#1988,.F.);
#2839=ORIENTED_EDGE('',*,*,#1989,.F.);
#2840=ORIENTED_EDGE('',*,*,#1952,.T.);
#2841=ORIENTED_EDGE('',*,*,#1633,.T.);
#2842=ORIENTED_EDGE('',*,*,#1993,.T.);
#2843=ORIENTED_EDGE('',*,*,#1994,.T.);
#2844=ORIENTED_EDGE('',*,*,#1954,.T.);
#2845=ORIENTED_EDGE('',*,*,#1800,.T.);
#2846=ORIENTED_EDGE('',*,*,#1948,.T.);
#2847=ORIENTED_EDGE('',*,*,#1958,.T.);
#2848=ORIENTED_EDGE('',*,*,#1950,.T.);
#2849=ORIENTED_EDGE('',*,*,#1994,.F.);
#2850=ORIENTED_EDGE('',*,*,#1995,.T.);
#2851=ORIENTED_EDGE('',*,*,#1959,.T.);
#2852=ORIENTED_EDGE('',*,*,#1967,.T.);
#2853=ORIENTED_EDGE('',*,*,#1968,.F.);
#2854=ORIENTED_EDGE('',*,*,#1961,.T.);
#2855=ORIENTED_EDGE('',*,*,#1972,.T.);
#2856=ORIENTED_EDGE('',*,*,#1929,.F.);
#2857=ORIENTED_EDGE('',*,*,#1996,.T.);
#2858=ORIENTED_EDGE('',*,*,#1997,.T.);
#2859=ORIENTED_EDGE('',*,*,#1842,.F.);
#2860=ORIENTED_EDGE('',*,*,#1930,.F.);
#2861=ORIENTED_EDGE('',*,*,#1840,.F.);
#2862=ORIENTED_EDGE('',*,*,#1998,.T.);
#2863=ORIENTED_EDGE('',*,*,#1999,.T.);
#2864=ORIENTED_EDGE('',*,*,#1998,.F.);
#2865=ORIENTED_EDGE('',*,*,#1839,.F.);
#2866=ORIENTED_EDGE('',*,*,#2000,.T.);
#2867=ORIENTED_EDGE('',*,*,#2001,.T.);
#2868=ORIENTED_EDGE('',*,*,#2000,.F.);
#2869=ORIENTED_EDGE('',*,*,#1838,.F.);
#2870=ORIENTED_EDGE('',*,*,#2002,.T.);
#2871=ORIENTED_EDGE('',*,*,#2003,.T.);
#2872=ORIENTED_EDGE('',*,*,#2002,.F.);
#2873=ORIENTED_EDGE('',*,*,#1837,.F.);
#2874=ORIENTED_EDGE('',*,*,#2004,.T.);
#2875=ORIENTED_EDGE('',*,*,#2005,.T.);
#2876=ORIENTED_EDGE('',*,*,#1936,.F.);
#2877=ORIENTED_EDGE('',*,*,#2006,.T.);
#2878=ORIENTED_EDGE('',*,*,#2004,.F.);
#2879=ORIENTED_EDGE('',*,*,#1836,.F.);
#2880=ORIENTED_EDGE('',*,*,#2007,.T.);
#2881=ORIENTED_EDGE('',*,*,#2008,.T.);
#2882=ORIENTED_EDGE('',*,*,#1923,.F.);
#2883=ORIENTED_EDGE('',*,*,#1846,.F.);
#2884=ORIENTED_EDGE('',*,*,#2009,.T.);
#2885=ORIENTED_EDGE('',*,*,#2010,.T.);
#2886=ORIENTED_EDGE('',*,*,#2007,.F.);
#2887=ORIENTED_EDGE('',*,*,#1845,.F.);
#2888=ORIENTED_EDGE('',*,*,#2011,.T.);
#2889=ORIENTED_EDGE('',*,*,#2012,.T.);
#2890=ORIENTED_EDGE('',*,*,#2009,.F.);
#2891=ORIENTED_EDGE('',*,*,#1844,.F.);
#2892=ORIENTED_EDGE('',*,*,#1997,.F.);
#2893=ORIENTED_EDGE('',*,*,#2013,.T.);
#2894=ORIENTED_EDGE('',*,*,#2011,.F.);
#2895=ORIENTED_EDGE('',*,*,#1843,.F.);
#2896=ORIENTED_EDGE('',*,*,#1995,.F.);
#2897=ORIENTED_EDGE('',*,*,#1993,.F.);
#2898=ORIENTED_EDGE('',*,*,#1799,.T.);
#2899=ORIENTED_EDGE('',*,*,#1920,.F.);
#2900=ORIENTED_EDGE('',*,*,#1808,.T.);
#2901=ORIENTED_EDGE('',*,*,#1813,.T.);
#2902=ORIENTED_EDGE('',*,*,#1928,.T.);
#2903=ORIENTED_EDGE('',*,*,#2014,.T.);
#2904=ORIENTED_EDGE('',*,*,#2015,.T.);
#2905=ORIENTED_EDGE('',*,*,#1996,.F.);
#2906=ORIENTED_EDGE('',*,*,#1931,.T.);
#2907=ORIENTED_EDGE('',*,*,#1999,.F.);
#2908=ORIENTED_EDGE('',*,*,#2016,.T.);
#2909=ORIENTED_EDGE('',*,*,#2017,.T.);
#2910=ORIENTED_EDGE('',*,*,#2018,.F.);
#2911=ORIENTED_EDGE('',*,*,#2019,.F.);
#2912=ORIENTED_EDGE('',*,*,#2016,.F.);
#2913=ORIENTED_EDGE('',*,*,#2001,.F.);
#2914=ORIENTED_EDGE('',*,*,#2018,.T.);
#2915=ORIENTED_EDGE('',*,*,#2003,.F.);
#2916=ORIENTED_EDGE('',*,*,#2020,.T.);
#2917=ORIENTED_EDGE('',*,*,#2021,.T.);
#2918=ORIENTED_EDGE('',*,*,#2022,.F.);
#2919=ORIENTED_EDGE('',*,*,#2023,.F.);
#2920=ORIENTED_EDGE('',*,*,#2020,.F.);
#2921=ORIENTED_EDGE('',*,*,#2005,.F.);
#2922=ORIENTED_EDGE('',*,*,#2022,.T.);
#2923=ORIENTED_EDGE('',*,*,#2006,.F.);
#2924=ORIENTED_EDGE('',*,*,#1935,.T.);
#2925=ORIENTED_EDGE('',*,*,#2024,.T.);
#2926=ORIENTED_EDGE('',*,*,#1924,.T.);
#2927=ORIENTED_EDGE('',*,*,#2008,.F.);
#2928=ORIENTED_EDGE('',*,*,#2025,.T.);
#2929=ORIENTED_EDGE('',*,*,#2026,.T.);
#2930=ORIENTED_EDGE('',*,*,#2025,.F.);
#2931=ORIENTED_EDGE('',*,*,#2010,.F.);
#2932=ORIENTED_EDGE('',*,*,#2027,.F.);
#2933=ORIENTED_EDGE('',*,*,#2028,.F.);
#2934=ORIENTED_EDGE('',*,*,#2027,.T.);
#2935=ORIENTED_EDGE('',*,*,#2012,.F.);
#2936=ORIENTED_EDGE('',*,*,#2029,.F.);
#2937=ORIENTED_EDGE('',*,*,#2030,.F.);
#2938=ORIENTED_EDGE('',*,*,#2029,.T.);
#2939=ORIENTED_EDGE('',*,*,#2013,.F.);
#2940=ORIENTED_EDGE('',*,*,#2015,.F.);
#2941=ORIENTED_EDGE('',*,*,#2031,.F.);
#2942=ORIENTED_EDGE('',*,*,#1927,.F.);
#2943=ORIENTED_EDGE('',*,*,#2032,.F.);
#2944=ORIENTED_EDGE('',*,*,#2033,.F.);
#2945=ORIENTED_EDGE('',*,*,#2014,.F.);
#2946=ORIENTED_EDGE('',*,*,#2034,.F.);
#2947=ORIENTED_EDGE('',*,*,#2035,.F.);
#2948=ORIENTED_EDGE('',*,*,#1932,.F.);
#2949=ORIENTED_EDGE('',*,*,#2017,.F.);
#2950=ORIENTED_EDGE('',*,*,#2036,.F.);
#2951=ORIENTED_EDGE('',*,*,#2037,.F.);
#2952=ORIENTED_EDGE('',*,*,#2034,.T.);
#2953=ORIENTED_EDGE('',*,*,#2019,.T.);
#2954=ORIENTED_EDGE('',*,*,#2038,.F.);
#2955=ORIENTED_EDGE('',*,*,#2039,.F.);
#2956=ORIENTED_EDGE('',*,*,#2036,.T.);
#2957=ORIENTED_EDGE('',*,*,#2021,.F.);
#2958=ORIENTED_EDGE('',*,*,#2040,.F.);
#2959=ORIENTED_EDGE('',*,*,#2041,.F.);
#2960=ORIENTED_EDGE('',*,*,#2038,.T.);
#2961=ORIENTED_EDGE('',*,*,#2023,.T.);
#2962=ORIENTED_EDGE('',*,*,#1934,.F.);
#2963=ORIENTED_EDGE('',*,*,#2042,.F.);
#2964=ORIENTED_EDGE('',*,*,#2040,.T.);
#2965=ORIENTED_EDGE('',*,*,#2024,.F.);
#2966=ORIENTED_EDGE('',*,*,#2043,.F.);
#2967=ORIENTED_EDGE('',*,*,#2044,.F.);
#2968=ORIENTED_EDGE('',*,*,#1925,.F.);
#2969=ORIENTED_EDGE('',*,*,#2026,.F.);
#2970=ORIENTED_EDGE('',*,*,#2045,.F.);
#2971=ORIENTED_EDGE('',*,*,#2046,.F.);
#2972=ORIENTED_EDGE('',*,*,#2043,.T.);
#2973=ORIENTED_EDGE('',*,*,#2028,.T.);
#2974=ORIENTED_EDGE('',*,*,#2047,.F.);
#2975=ORIENTED_EDGE('',*,*,#2048,.F.);
#2976=ORIENTED_EDGE('',*,*,#2045,.T.);
#2977=ORIENTED_EDGE('',*,*,#2030,.T.);
#2978=ORIENTED_EDGE('',*,*,#2033,.T.);
#2979=ORIENTED_EDGE('',*,*,#2049,.F.);
#2980=ORIENTED_EDGE('',*,*,#2047,.T.);
#2981=ORIENTED_EDGE('',*,*,#2031,.T.);
#2982=ORIENTED_EDGE('',*,*,#1926,.T.);
#2983=ORIENTED_EDGE('',*,*,#2044,.T.);
#2984=ORIENTED_EDGE('',*,*,#2046,.T.);
#2985=ORIENTED_EDGE('',*,*,#2048,.T.);
#2986=ORIENTED_EDGE('',*,*,#2049,.T.);
#2987=ORIENTED_EDGE('',*,*,#2032,.T.);
#2988=ORIENTED_EDGE('',*,*,#1933,.T.);
#2989=ORIENTED_EDGE('',*,*,#2035,.T.);
#2990=ORIENTED_EDGE('',*,*,#2037,.T.);
#2991=ORIENTED_EDGE('',*,*,#2039,.T.);
#2992=ORIENTED_EDGE('',*,*,#2041,.T.);
#2993=ORIENTED_EDGE('',*,*,#2042,.T.);
#2994=PLANE('',#3291);
#2995=PLANE('',#3293);
#2996=PLANE('',#3294);
#2997=PLANE('',#3295);
#2998=PLANE('',#3296);
#2999=PLANE('',#3299);
#3000=PLANE('',#3300);
#3001=PLANE('',#3304);
#3002=PLANE('',#3306);
#3003=PLANE('',#3310);
#3004=PLANE('',#3315);
#3005=PLANE('',#3322);
#3006=PLANE('',#3327);
#3007=PLANE('',#3330);
#3008=PLANE('',#3333);
#3009=PLANE('',#3334);
#3010=PLANE('',#3335);
#3011=PLANE('',#3336);
#3012=PLANE('',#3339);
#3013=PLANE('',#3340);
#3014=PLANE('',#3341);
#3015=PLANE('',#3342);
#3016=PLANE('',#3345);
#3017=PLANE('',#3346);
#3018=PLANE('',#3347);
#3019=PLANE('',#3348);
#3020=PLANE('',#3351);
#3021=PLANE('',#3354);
#3022=PLANE('',#3357);
#3023=PLANE('',#3358);
#3024=PLANE('',#3371);
#3025=PLANE('',#3372);
#3026=PLANE('',#3374);
#3027=PLANE('',#3375);
#3028=PLANE('',#3376);
#3029=PLANE('',#3377);
#3030=PLANE('',#3378);
#3031=PLANE('',#3380);
#3032=PLANE('',#3381);
#3033=PLANE('',#3383);
#3034=PLANE('',#3384);
#3035=PLANE('',#3385);
#3036=PLANE('',#3389);
#3037=PLANE('',#3393);
#3038=PLANE('',#3400);
#3039=PLANE('',#3413);
#3040=PLANE('',#3421);
#3041=PLANE('',#3425);
#3042=PLANE('',#3431);
#3043=PLANE('',#3439);
#3044=PLANE('',#3465);
#3045=PLANE('',#3472);
#3046=PLANE('',#3474);
#3047=PLANE('',#3477);
#3048=PLANE('',#3478);
#3049=PLANE('',#3482);
#3050=PLANE('',#3484);
#3051=PLANE('',#3487);
#3052=PLANE('',#3488);
#3053=PLANE('',#3489);
#3054=PLANE('',#3490);
#3055=PLANE('',#3491);
#3056=PLANE('',#3492);
#3057=PLANE('',#3493);
#3058=PLANE('',#3502);
#3059=PLANE('',#3503);
#3060=PLANE('',#3504);
#3061=PLANE('',#3505);
#3062=PLANE('',#3506);
#3063=PLANE('',#3507);
#3064=PLANE('',#3508);
#3065=PLANE('',#3509);
#3066=PLANE('',#3510);
#3067=PLANE('',#3511);
#3068=PLANE('',#3513);
#3069=PLANE('',#3514);
#3070=PLANE('',#3515);
#3071=PLANE('',#3516);
#3072=PLANE('',#3517);
#3073=PLANE('',#3518);
#3074=PLANE('',#3519);
#3075=PLANE('',#3520);
#3076=PLANE('',#3524);
#3077=PLANE('',#3531);
#3078=PLANE('',#3539);
#3079=PLANE('',#3542);
#3080=PLANE('',#3543);
#3081=PLANE('',#3545);
#3082=PLANE('',#3548);
#3083=PLANE('',#3549);
#3084=PLANE('',#3550);
#3085=PLANE('',#3565);
#3086=PLANE('',#3566);
#3087=PLANE('',#3567);
#3088=PLANE('',#3568);
#3089=PLANE('',#3569);
#3090=PLANE('',#3571);
#3091=PLANE('',#3573);
#3092=PLANE('',#3574);
#3093=PLANE('',#3576);
#3094=PLANE('',#3592);
#3095=PLANE('',#3593);
#3096=ADVANCED_FACE('',(#162),#2994,.F.);
#3097=ADVANCED_FACE('',(#163),#2995,.F.);
#3098=ADVANCED_FACE('',(#164),#2996,.F.);
#3099=ADVANCED_FACE('',(#165),#2997,.F.);
#3100=ADVANCED_FACE('',(#166),#2998,.F.);
#3101=ADVANCED_FACE('',(#167),#2999,.F.);
#3102=ADVANCED_FACE('',(#168),#3000,.T.);
#3103=ADVANCED_FACE('',(#169),#118,.F.);
#3104=ADVANCED_FACE('',(#170),#3001,.T.);
#3105=ADVANCED_FACE('',(#171),#3002,.F.);
#3106=ADVANCED_FACE('',(#172),#119,.T.);
#3107=ADVANCED_FACE('',(#173),#3003,.T.);
#3108=ADVANCED_FACE('',(#174),#120,.T.);
#3109=ADVANCED_FACE('',(#175),#3004,.T.);
#3110=ADVANCED_FACE('',(#176),#97,.F.);
#3111=ADVANCED_FACE('',(#177),#98,.F.);
#3112=ADVANCED_FACE('',(#178,#76,#77),#3005,.F.);
#3113=ADVANCED_FACE('',(#179),#3006,.F.);
#3114=ADVANCED_FACE('',(#180),#121,.F.);
#3115=ADVANCED_FACE('',(#181),#3007,.T.);
#3116=ADVANCED_FACE('',(#182),#3008,.F.);
#3117=ADVANCED_FACE('',(#183),#3009,.F.);
#3118=ADVANCED_FACE('',(#184),#3010,.F.);
#3119=ADVANCED_FACE('',(#185),#3011,.T.);
#3120=ADVANCED_FACE('',(#186),#3012,.F.);
#3121=ADVANCED_FACE('',(#187),#3013,.F.);
#3122=ADVANCED_FACE('',(#188),#3014,.F.);
#3123=ADVANCED_FACE('',(#189),#3015,.T.);
#3124=ADVANCED_FACE('',(#190),#3016,.F.);
#3125=ADVANCED_FACE('',(#191),#3017,.F.);
#3126=ADVANCED_FACE('',(#192),#3018,.F.);
#3127=ADVANCED_FACE('',(#193),#3019,.T.);
#3128=ADVANCED_FACE('',(#194),#3020,.T.);
#3129=ADVANCED_FACE('',(#195),#3021,.T.);
#3130=ADVANCED_FACE('',(#196),#3022,.F.);
#3131=ADVANCED_FACE('',(#197),#3023,.F.);
#3132=ADVANCED_FACE('',(#198),#122,.F.);
#3133=ADVANCED_FACE('',(#199),#123,.F.);
#3134=ADVANCED_FACE('',(#200),#124,.F.);
#3135=ADVANCED_FACE('',(#201),#125,.F.);
#3136=ADVANCED_FACE('',(#202),#126,.F.);
#3137=ADVANCED_FACE('',(#203),#127,.F.);
#3138=ADVANCED_FACE('',(#204),#3024,.F.);
#3139=ADVANCED_FACE('',(#205,#78),#3025,.F.);
#3140=ADVANCED_FACE('',(#206),#3026,.F.);
#3141=ADVANCED_FACE('',(#207),#3027,.F.);
#3142=ADVANCED_FACE('',(#208),#3028,.F.);
#3143=ADVANCED_FACE('',(#209),#3029,.F.);
#3144=ADVANCED_FACE('',(#210),#3030,.T.);
#3145=ADVANCED_FACE('',(#211),#3031,.F.);
#3146=ADVANCED_FACE('',(#212),#3032,.T.);
#3147=ADVANCED_FACE('',(#213),#3033,.F.);
#3148=ADVANCED_FACE('',(#214),#3034,.F.);
#3149=ADVANCED_FACE('',(#215),#3035,.T.);
#3150=ADVANCED_FACE('',(#216),#128,.F.);
#3151=ADVANCED_FACE('',(#217),#3036,.T.);
#3152=ADVANCED_FACE('',(#218),#129,.F.);
#3153=ADVANCED_FACE('',(#219),#3037,.F.);
#3154=ADVANCED_FACE('',(#220),#130,.F.);
#3155=ADVANCED_FACE('',(#221),#131,.F.);
#3156=ADVANCED_FACE('',(#222),#132,.F.);
#3157=ADVANCED_FACE('',(#223,#79),#3038,.T.);
#3158=ADVANCED_FACE('',(#224),#99,.F.);
#3159=ADVANCED_FACE('',(#225),#133,.F.);
#3160=ADVANCED_FACE('',(#226,#80),#3039,.T.);
#3161=ADVANCED_FACE('',(#227),#100,.F.);
#3162=ADVANCED_FACE('',(#228),#134,.F.);
#3163=ADVANCED_FACE('',(#229),#101,.F.);
#3164=ADVANCED_FACE('',(#230,#81),#3040,.F.);
#3165=ADVANCED_FACE('',(#231),#102,.F.);
#3166=ADVANCED_FACE('',(#232,#82,#83),#3041,.T.);
#3167=ADVANCED_FACE('',(#233),#103,.F.);
#3168=ADVANCED_FACE('',(#234,#84),#3042,.T.);
#3169=ADVANCED_FACE('',(#235),#104,.F.);
#3170=ADVANCED_FACE('',(#236),#105,.F.);
#3171=ADVANCED_FACE('',(#237),#106,.F.);
#3172=ADVANCED_FACE('',(#238,#85,#86,#87,#88,#89,#90),#3043,.T.);
#3173=ADVANCED_FACE('',(#239),#107,.F.);
#3174=ADVANCED_FACE('',(#240),#108,.F.);
#3175=ADVANCED_FACE('',(#241),#109,.F.);
#3176=ADVANCED_FACE('',(#242),#110,.F.);
#3177=ADVANCED_FACE('',(#243),#111,.F.);
#3178=ADVANCED_FACE('',(#244),#112,.F.);
#3179=ADVANCED_FACE('',(#245),#113,.F.);
#3180=ADVANCED_FACE('',(#246),#114,.F.);
#3181=ADVANCED_FACE('',(#247),#135,.F.);
#3182=ADVANCED_FACE('',(#248),#39,.T.);
#3183=ADVANCED_FACE('',(#249,#91,#92),#3044,.T.);
#3184=ADVANCED_FACE('',(#250),#115,.F.);
#3185=ADVANCED_FACE('',(#251),#136,.F.);
#3186=ADVANCED_FACE('',(#252),#40,.T.);
#3187=ADVANCED_FACE('',(#253),#137,.F.);
#3188=ADVANCED_FACE('',(#254),#3045,.T.);
#3189=ADVANCED_FACE('',(#255),#3046,.T.);
#3190=ADVANCED_FACE('',(#256),#138,.F.);
#3191=ADVANCED_FACE('',(#257),#3047,.F.);
#3192=ADVANCED_FACE('',(#258),#3048,.T.);
#3193=ADVANCED_FACE('',(#259),#139,.F.);
#3194=ADVANCED_FACE('',(#260),#3049,.F.);
#3195=ADVANCED_FACE('',(#261),#3050,.T.);
#3196=ADVANCED_FACE('',(#262),#140,.F.);
#3197=ADVANCED_FACE('',(#263),#3051,.F.);
#3198=ADVANCED_FACE('',(#264),#3052,.T.);
#3199=ADVANCED_FACE('',(#265),#3053,.F.);
#3200=ADVANCED_FACE('',(#266),#3054,.F.);
#3201=ADVANCED_FACE('',(#267),#3055,.F.);
#3202=ADVANCED_FACE('',(#268),#3056,.F.);
#3203=ADVANCED_FACE('',(#269,#93,#94,#95,#96),#3057,.T.);
#3204=ADVANCED_FACE('',(#270),#3058,.F.);
#3205=ADVANCED_FACE('',(#271),#3059,.F.);
#3206=ADVANCED_FACE('',(#272),#3060,.F.);
#3207=ADVANCED_FACE('',(#273),#3061,.F.);
#3208=ADVANCED_FACE('',(#274),#3062,.F.);
#3209=ADVANCED_FACE('',(#275),#3063,.F.);
#3210=ADVANCED_FACE('',(#276),#3064,.F.);
#3211=ADVANCED_FACE('',(#277),#3065,.F.);
#3212=ADVANCED_FACE('',(#278),#3066,.T.);
#3213=ADVANCED_FACE('',(#279),#3067,.F.);
#3214=ADVANCED_FACE('',(#280),#3068,.T.);
#3215=ADVANCED_FACE('',(#281),#3069,.T.);
#3216=ADVANCED_FACE('',(#282),#3070,.T.);
#3217=ADVANCED_FACE('',(#283),#3071,.F.);
#3218=ADVANCED_FACE('',(#284),#3072,.T.);
#3219=ADVANCED_FACE('',(#285),#3073,.T.);
#3220=ADVANCED_FACE('',(#286),#3074,.T.);
#3221=ADVANCED_FACE('',(#287),#3075,.T.);
#3222=ADVANCED_FACE('',(#288),#141,.T.);
#3223=ADVANCED_FACE('',(#289),#3076,.T.);
#3224=ADVANCED_FACE('',(#290),#142,.T.);
#3225=ADVANCED_FACE('',(#291),#143,.T.);
#3226=ADVANCED_FACE('',(#292),#3077,.T.);
#3227=ADVANCED_FACE('',(#293),#28,.T.);
#3228=ADVANCED_FACE('',(#294),#144,.T.);
#3229=ADVANCED_FACE('',(#295),#29,.T.);
#3230=ADVANCED_FACE('',(#296),#3078,.T.);
#3231=ADVANCED_FACE('',(#297),#27,.T.);
#3232=ADVANCED_FACE('',(#298),#3079,.T.);
#3233=ADVANCED_FACE('',(#299),#3080,.T.);
#3234=ADVANCED_FACE('',(#300),#116,.T.);
#3235=ADVANCED_FACE('',(#301),#3081,.T.);
#3236=ADVANCED_FACE('',(#302),#117,.T.);
#3237=ADVANCED_FACE('',(#303),#145,.T.);
#3238=ADVANCED_FACE('',(#304),#3082,.T.);
#3239=ADVANCED_FACE('',(#305),#3083,.T.);
#3240=ADVANCED_FACE('',(#306),#3084,.T.);
#3241=ADVANCED_FACE('',(#307),#146,.T.);
#3242=ADVANCED_FACE('',(#308),#147,.T.);
#3243=ADVANCED_FACE('',(#309),#19,.T.);
#3244=ADVANCED_FACE('',(#310),#148,.T.);
#3245=ADVANCED_FACE('',(#311),#20,.T.);
#3246=ADVANCED_FACE('',(#312),#149,.T.);
#3247=ADVANCED_FACE('',(#313),#150,.T.);
#3248=ADVANCED_FACE('',(#314),#21,.T.);
#3249=ADVANCED_FACE('',(#315),#151,.T.);
#3250=ADVANCED_FACE('',(#316),#22,.T.);
#3251=ADVANCED_FACE('',(#317),#3085,.T.);
#3252=ADVANCED_FACE('',(#318),#3086,.T.);
#3253=ADVANCED_FACE('',(#319),#3087,.T.);
#3254=ADVANCED_FACE('',(#320),#3088,.T.);
#3255=ADVANCED_FACE('',(#321),#3089,.T.);
#3256=ADVANCED_FACE('',(#322),#152,.F.);
#3257=ADVANCED_FACE('',(#323),#3090,.T.);
#3258=ADVANCED_FACE('',(#324),#153,.F.);
#3259=ADVANCED_FACE('',(#325),#3091,.T.);
#3260=ADVANCED_FACE('',(#326),#3092,.T.);
#3261=ADVANCED_FACE('',(#327),#154,.F.);
#3262=ADVANCED_FACE('',(#328),#3093,.F.);
#3263=ADVANCED_FACE('',(#329),#155,.F.);
#3264=ADVANCED_FACE('',(#330),#156,.F.);
#3265=ADVANCED_FACE('',(#331),#157,.F.);
#3266=ADVANCED_FACE('',(#332),#23,.F.);
#3267=ADVANCED_FACE('',(#333),#158,.F.);
#3268=ADVANCED_FACE('',(#334),#24,.F.);
#3269=ADVANCED_FACE('',(#335),#159,.F.);
#3270=ADVANCED_FACE('',(#336),#160,.F.);
#3271=ADVANCED_FACE('',(#337),#25,.F.);
#3272=ADVANCED_FACE('',(#338),#161,.F.);
#3273=ADVANCED_FACE('',(#339),#26,.F.);
#3274=ADVANCED_FACE('',(#340),#3094,.T.);
#3275=ADVANCED_FACE('',(#341),#3095,.T.);
#3276=CLOSED_SHELL('',(#3096,#3097,#3098,#3099,#3100,#3101,#3102,#3103,
#3104,#3105,#3106,#3107,#3108,#3109,#3110,#3111,#3112,#3113,#3114,#3115,
#3116,#3117,#3118,#3119,#3120,#3121,#3122,#3123,#3124,#3125,#3126,#3127,
#3128,#3129,#3130,#3131,#3132,#3133,#3134,#3135,#3136,#3137,#3138,#3139,
#3140,#3141,#3142,#3143,#3144,#3145,#3146,#3147,#3148,#3149,#3150,#3151,
#3152,#3153,#3154,#3155,#3156,#3157,#3158,#3159,#3160,#3161,#3162,#3163,
#3164,#3165,#3166,#3167,#3168,#3169,#3170,#3171,#3172,#3173,#3174,#3175,
#3176,#3177,#3178,#3179,#3180,#3181,#3182,#3183,#3184,#3185,#3186,#3187,
#3188,#3189,#3190,#3191,#3192,#3193,#3194,#3195,#3196,#3197,#3198,#3199,
#3200,#3201,#3202,#3203,#3204,#3205,#3206,#3207,#3208,#3209,#3210,#3211,
#3212,#3213,#3214,#3215,#3216,#3217,#3218,#3219,#3220,#3221,#3222,#3223,
#3224,#3225,#3226,#3227,#3228,#3229,#3230,#3231,#3232,#3233,#3234,#3235,
#3236,#3237,#3238,#3239,#3240,#3241,#3242,#3243,#3244,#3245,#3246,#3247,
#3248,#3249,#3250,#3251,#3252,#3253,#3254,#3255,#3256,#3257,#3258,#3259,
#3260,#3261,#3262,#3263,#3264,#3265,#3266,#3267,#3268,#3269,#3270,#3271,
#3272,#3273,#3274,#3275));
#3277=DERIVED_UNIT_ELEMENT(#3279,1.);
#3278=DERIVED_UNIT_ELEMENT(#6403,-3.);
#3279=(
MASS_UNIT()
NAMED_UNIT(*)
SI_UNIT(.KILO.,.GRAM.)
);
#3280=DERIVED_UNIT((#3277,#3278));
#3281=MEASURE_REPRESENTATION_ITEM('density measure',
POSITIVE_RATIO_MEASURE(1060.),#3280);
#3282=PROPERTY_DEFINITION_REPRESENTATION(#3287,#3284);
#3283=PROPERTY_DEFINITION_REPRESENTATION(#3288,#3285);
#3284=REPRESENTATION('material name',(#3286),#6400);
#3285=REPRESENTATION('density',(#3281),#6400);
#3286=DESCRIPTIVE_REPRESENTATION_ITEM('ABS Plastic','ABS Plastic');
#3287=PROPERTY_DEFINITION('material property','material name',#6415);
#3288=PROPERTY_DEFINITION('material property','density of part',#6415);
#3289=AXIS2_PLACEMENT_3D('',#4511,#3595,#3596);
#3290=AXIS2_PLACEMENT_3D('',#4512,#3597,#3598);
#3291=AXIS2_PLACEMENT_3D('',#4513,#3599,#3600);
#3292=AXIS2_PLACEMENT_3D('',#4516,#3601,#3602);
#3293=AXIS2_PLACEMENT_3D('',#4522,#3606,#3607);
#3294=AXIS2_PLACEMENT_3D('',#4534,#3614,#3615);
#3295=AXIS2_PLACEMENT_3D('',#4538,#3618,#3619);
#3296=AXIS2_PLACEMENT_3D('',#4548,#3625,#3626);
#3297=AXIS2_PLACEMENT_3D('',#4555,#3629,#3630);
#3298=AXIS2_PLACEMENT_3D('',#4557,#3631,#3632);
#3299=AXIS2_PLACEMENT_3D('',#4559,#3634,#3635);
#3300=AXIS2_PLACEMENT_3D('',#4571,#3642,#3643);
#3301=AXIS2_PLACEMENT_3D('',#4572,#3644,#3645);
#3302=AXIS2_PLACEMENT_3D('',#4573,#3646,#3647);
#3303=AXIS2_PLACEMENT_3D('',#4574,#3648,#3649);
#3304=AXIS2_PLACEMENT_3D('',#4575,#3650,#3651);
#3305=AXIS2_PLACEMENT_3D('',#4580,#3654,#3655);
#3306=AXIS2_PLACEMENT_3D('',#4581,#3656,#3657);
#3307=AXIS2_PLACEMENT_3D('',#4590,#3663,#3664);
#3308=AXIS2_PLACEMENT_3D('',#4591,#3665,#3666);
#3309=AXIS2_PLACEMENT_3D('',#4592,#3667,#3668);
#3310=AXIS2_PLACEMENT_3D('',#4593,#3669,#3670);
#3311=AXIS2_PLACEMENT_3D('',#4594,#3671,#3672);
#3312=AXIS2_PLACEMENT_3D('',#4595,#3673,#3674);
#3313=AXIS2_PLACEMENT_3D('',#4596,#3675,#3676);
#3314=AXIS2_PLACEMENT_3D('',#4597,#3677,#3678);
#3315=AXIS2_PLACEMENT_3D('',#4598,#3679,#3680);
#3316=AXIS2_PLACEMENT_3D('',#4599,#3681,#3682);
#3317=AXIS2_PLACEMENT_3D('',#4600,#3683,#3684);
#3318=AXIS2_PLACEMENT_3D('',#4602,#3685,#3686);
#3319=AXIS2_PLACEMENT_3D('',#4605,#3688,#3689);
#3320=AXIS2_PLACEMENT_3D('',#4606,#3690,#3691);
#3321=AXIS2_PLACEMENT_3D('',#4609,#3693,#3694);
#3322=AXIS2_PLACEMENT_3D('',#4610,#3695,#3696);
#3323=AXIS2_PLACEMENT_3D('',#4617,#3699,#3700);
#3324=AXIS2_PLACEMENT_3D('',#4621,#3702,#3703);
#3325=AXIS2_PLACEMENT_3D('',#4625,#3705,#3706);
#3326=AXIS2_PLACEMENT_3D('',#4628,#3708,#3709);
#3327=AXIS2_PLACEMENT_3D('',#4629,#3710,#3711);
#3328=AXIS2_PLACEMENT_3D('',#4630,#3712,#3713);
#3329=AXIS2_PLACEMENT_3D('',#4632,#3714,#3715);
#3330=AXIS2_PLACEMENT_3D('',#4634,#3717,#3718);
#3331=AXIS2_PLACEMENT_3D('',#4637,#3719,#3720);
#3332=AXIS2_PLACEMENT_3D('',#4641,#3722,#3723);
#3333=AXIS2_PLACEMENT_3D('',#4643,#3725,#3726);
#3334=AXIS2_PLACEMENT_3D('',#4654,#3730,#3731);
#3335=AXIS2_PLACEMENT_3D('',#4665,#3735,#3736);
#3336=AXIS2_PLACEMENT_3D('',#4673,#3739,#3740);
#3337=AXIS2_PLACEMENT_3D('',#4675,#3741,#3742);
#3338=AXIS2_PLACEMENT_3D('',#4677,#3743,#3744);
#3339=AXIS2_PLACEMENT_3D('',#4679,#3746,#3747);
#3340=AXIS2_PLACEMENT_3D('',#4690,#3751,#3752);
#3341=AXIS2_PLACEMENT_3D('',#4701,#3756,#3757);
#3342=AXIS2_PLACEMENT_3D('',#4709,#3760,#3761);
#3343=AXIS2_PLACEMENT_3D('',#4711,#3762,#3763);
#3344=AXIS2_PLACEMENT_3D('',#4713,#3764,#3765);
#3345=AXIS2_PLACEMENT_3D('',#4715,#3767,#3768);
#3346=AXIS2_PLACEMENT_3D('',#4726,#3772,#3773);
#3347=AXIS2_PLACEMENT_3D('',#4737,#3777,#3778);
#3348=AXIS2_PLACEMENT_3D('',#4745,#3781,#3782);
#3349=AXIS2_PLACEMENT_3D('',#4747,#3783,#3784);
#3350=AXIS2_PLACEMENT_3D('',#4750,#3786,#3787);
#3351=AXIS2_PLACEMENT_3D('',#4751,#3788,#3789);
#3352=AXIS2_PLACEMENT_3D('',#4753,#3790,#3791);
#3353=AXIS2_PLACEMENT_3D('',#4756,#3793,#3794);
#3354=AXIS2_PLACEMENT_3D('',#4757,#3795,#3796);
#3355=AXIS2_PLACEMENT_3D('',#4758,#3797,#3798);
#3356=AXIS2_PLACEMENT_3D('',#4759,#3799,#3800);
#3357=AXIS2_PLACEMENT_3D('',#4760,#3801,#3802);
#3358=AXIS2_PLACEMENT_3D('',#4768,#3805,#3806);
#3359=AXIS2_PLACEMENT_3D('',#4776,#3809,#3810);
#3360=AXIS2_PLACEMENT_3D('',#4777,#3811,#3812);
#3361=AXIS2_PLACEMENT_3D('',#4778,#3813,#3814);
#3362=AXIS2_PLACEMENT_3D('',#4779,#3815,#3816);
#3363=AXIS2_PLACEMENT_3D('',#4780,#3817,#3818);
#3364=AXIS2_PLACEMENT_3D('',#4781,#3819,#3820);
#3365=AXIS2_PLACEMENT_3D('',#4782,#3821,#3822);
#3366=AXIS2_PLACEMENT_3D('',#4783,#3823,#3824);
#3367=AXIS2_PLACEMENT_3D('',#4784,#3825,#3826);
#3368=AXIS2_PLACEMENT_3D('',#4785,#3827,#3828);
#3369=AXIS2_PLACEMENT_3D('',#4786,#3829,#3830);
#3370=AXIS2_PLACEMENT_3D('',#4789,#3832,#3833);
#3371=AXIS2_PLACEMENT_3D('',#4790,#3834,#3835);
#3372=AXIS2_PLACEMENT_3D('',#4796,#3837,#3838);
#3373=AXIS2_PLACEMENT_3D('',#4814,#3847,#3848);
#3374=AXIS2_PLACEMENT_3D('',#4815,#3849,#3850);
#3375=AXIS2_PLACEMENT_3D('',#4829,#3858,#3859);
#3376=AXIS2_PLACEMENT_3D('',#4833,#3862,#3863);
#3377=AXIS2_PLACEMENT_3D('',#4845,#3870,#3871);
#3378=AXIS2_PLACEMENT_3D('',#4849,#3874,#3875);
#3379=AXIS2_PLACEMENT_3D('',#4852,#3877,#3878);
#3380=AXIS2_PLACEMENT_3D('',#4853,#3879,#3880);
#3381=AXIS2_PLACEMENT_3D('',#4863,#3886,#3887);
#3382=AXIS2_PLACEMENT_3D('',#4867,#3889,#3890);
#3383=AXIS2_PLACEMENT_3D('',#4869,#3892,#3893);
#3384=AXIS2_PLACEMENT_3D('',#4871,#3895,#3896);
#3385=AXIS2_PLACEMENT_3D('',#4875,#3899,#3900);
#3386=AXIS2_PLACEMENT_3D('',#4878,#3902,#3903);
#3387=AXIS2_PLACEMENT_3D('',#4879,#3904,#3905);
#3388=AXIS2_PLACEMENT_3D('',#4882,#3907,#3908);
#3389=AXIS2_PLACEMENT_3D('',#4883,#3909,#3910);
#3390=AXIS2_PLACEMENT_3D('',#4884,#3911,#3912);
#3391=AXIS2_PLACEMENT_3D('',#4885,#3913,#3914);
#3392=AXIS2_PLACEMENT_3D('',#4888,#3916,#3917);
#3393=AXIS2_PLACEMENT_3D('',#4889,#3918,#3919);
#3394=AXIS2_PLACEMENT_3D('',#4893,#3922,#3923);
#3395=AXIS2_PLACEMENT_3D('',#4894,#3924,#3925);
#3396=AXIS2_PLACEMENT_3D('',#4895,#3926,#3927);
#3397=AXIS2_PLACEMENT_3D('',#4896,#3928,#3929);
#3398=AXIS2_PLACEMENT_3D('',#4897,#3930,#3931);
#3399=AXIS2_PLACEMENT_3D('',#4898,#3932,#3933);
#3400=AXIS2_PLACEMENT_3D('',#4899,#3934,#3935);
#3401=AXIS2_PLACEMENT_3D('',#4900,#3936,#3937);
#3402=AXIS2_PLACEMENT_3D('',#4902,#3938,#3939);
#3403=AXIS2_PLACEMENT_3D('',#4905,#3941,#3942);
#3404=AXIS2_PLACEMENT_3D('',#4906,#3943,#3944);
#3405=AXIS2_PLACEMENT_3D('',#4907,#3945,#3946);
#3406=AXIS2_PLACEMENT_3D('',#4908,#3947,#3948);
#3407=AXIS2_PLACEMENT_3D('',#4909,#3949,#3950);
#3408=AXIS2_PLACEMENT_3D('',#4910,#3951,#3952);
#3409=AXIS2_PLACEMENT_3D('',#4911,#3953,#3954);
#3410=AXIS2_PLACEMENT_3D('',#4912,#3955,#3956);
#3411=AXIS2_PLACEMENT_3D('',#4914,#3957,#3958);
#3412=AXIS2_PLACEMENT_3D('',#4915,#3959,#3960);
#3413=AXIS2_PLACEMENT_3D('',#4916,#3961,#3962);
#3414=AXIS2_PLACEMENT_3D('',#4917,#3963,#3964);
#3415=AXIS2_PLACEMENT_3D('',#4920,#3965,#3966);
#3416=AXIS2_PLACEMENT_3D('',#4921,#3967,#3968);
#3417=AXIS2_PLACEMENT_3D('',#4923,#3970,#3971);
#3418=AXIS2_PLACEMENT_3D('',#4926,#3973,#3974);
#3419=AXIS2_PLACEMENT_3D('',#4927,#3975,#3976);
#3420=AXIS2_PLACEMENT_3D('',#4930,#3978,#3979);
#3421=AXIS2_PLACEMENT_3D('',#4931,#3980,#3981);
#3422=AXIS2_PLACEMENT_3D('',#4932,#3982,#3983);
#3423=AXIS2_PLACEMENT_3D('',#4934,#3984,#3985);
#3424=AXIS2_PLACEMENT_3D('',#4937,#3987,#3988);
#3425=AXIS2_PLACEMENT_3D('',#4938,#3989,#3990);
#3426=AXIS2_PLACEMENT_3D('',#4945,#3993,#3994);
#3427=AXIS2_PLACEMENT_3D('',#4949,#3996,#3997);
#3428=AXIS2_PLACEMENT_3D('',#4954,#4000,#4001);
#3429=AXIS2_PLACEMENT_3D('',#4955,#4002,#4003);
#3430=AXIS2_PLACEMENT_3D('',#4957,#4004,#4005);
#3431=AXIS2_PLACEMENT_3D('',#4959,#4007,#4008);
#3432=AXIS2_PLACEMENT_3D('',#4960,#4009,#4010);
#3433=AXIS2_PLACEMENT_3D('',#4963,#4012,#4013);
#3434=AXIS2_PLACEMENT_3D('',#4964,#4014,#4015);
#3435=AXIS2_PLACEMENT_3D('',#4966,#4017,#4018);
#3436=AXIS2_PLACEMENT_3D('',#4969,#4019,#4020);
#3437=AXIS2_PLACEMENT_3D('',#4970,#4021,#4022);
#3438=AXIS2_PLACEMENT_3D('',#4973,#4024,#4025);
#3439=AXIS2_PLACEMENT_3D('',#4974,#4026,#4027);
#3440=AXIS2_PLACEMENT_3D('',#4996,#4038,#4039);
#3441=AXIS2_PLACEMENT_3D('',#4998,#4040,#4041);
#3442=AXIS2_PLACEMENT_3D('',#5000,#4042,#4043);
#3443=AXIS2_PLACEMENT_3D('',#5002,#4044,#4045);
#3444=AXIS2_PLACEMENT_3D('',#5004,#4046,#4047);
#3445=AXIS2_PLACEMENT_3D('',#5005,#4048,#4049);
#3446=AXIS2_PLACEMENT_3D('',#5007,#4050,#4051);
#3447=AXIS2_PLACEMENT_3D('',#5009,#4053,#4054);
#3448=AXIS2_PLACEMENT_3D('',#5012,#4055,#4056);
#3449=AXIS2_PLACEMENT_3D('',#5013,#4057,#4058);
#3450=AXIS2_PLACEMENT_3D('',#5015,#4060,#4061);
#3451=AXIS2_PLACEMENT_3D('',#5017,#4062,#4063);
#3452=AXIS2_PLACEMENT_3D('',#5019,#4065,#4066);
#3453=AXIS2_PLACEMENT_3D('',#5022,#4067,#4068);
#3454=AXIS2_PLACEMENT_3D('',#5023,#4069,#4070);
#3455=AXIS2_PLACEMENT_3D('',#5025,#4072,#4073);
#3456=AXIS2_PLACEMENT_3D('',#5027,#4074,#4075);
#3457=AXIS2_PLACEMENT_3D('',#5029,#4077,#4078);
#3458=AXIS2_PLACEMENT_3D('',#5032,#4079,#4080);
#3459=AXIS2_PLACEMENT_3D('',#5033,#4081,#4082);
#3460=AXIS2_PLACEMENT_3D('',#5035,#4084,#4085);
#3461=AXIS2_PLACEMENT_3D('',#5037,#4086,#4087);
#3462=AXIS2_PLACEMENT_3D('',#5039,#4089,#4090);
#3463=AXIS2_PLACEMENT_3D('',#5042,#4092,#4093);
#3464=AXIS2_PLACEMENT_3D('',#5043,#4094,#4095);
#3465=AXIS2_PLACEMENT_3D('',#5113,#4098,#4099);
#3466=AXIS2_PLACEMENT_3D('',#5474,#4115,#4116);
#3467=AXIS2_PLACEMENT_3D('',#5477,#4118,#4119);
#3468=AXIS2_PLACEMENT_3D('',#5478,#4120,#4121);
#3469=AXIS2_PLACEMENT_3D('',#5537,#4124,#4125);
#3470=AXIS2_PLACEMENT_3D('',#5540,#4126,#4127);
#3471=AXIS2_PLACEMENT_3D('',#5544,#4129,#4130);
#3472=AXIS2_PLACEMENT_3D('',#5546,#4132,#4133);
#3473=AXIS2_PLACEMENT_3D('',#5554,#4137,#4138);
#3474=AXIS2_PLACEMENT_3D('',#5568,#4146,#4147);
#3475=AXIS2_PLACEMENT_3D('',#5572,#4150,#4151);
#3476=AXIS2_PLACEMENT_3D('',#5576,#4153,#4154);
#3477=AXIS2_PLACEMENT_3D('',#5578,#4156,#4157);
#3478=AXIS2_PLACEMENT_3D('',#5595,#4167,#4168);
#3479=AXIS2_PLACEMENT_3D('',#5597,#4170,#4171);
#3480=AXIS2_PLACEMENT_3D('',#5600,#4172,#4173);
#3481=AXIS2_PLACEMENT_3D('',#5604,#4175,#4176);
#3482=AXIS2_PLACEMENT_3D('',#5606,#4178,#4179);
#3483=AXIS2_PLACEMENT_3D('',#5614,#4183,#4184);
#3484=AXIS2_PLACEMENT_3D('',#5628,#4192,#4193);
#3485=AXIS2_PLACEMENT_3D('',#5632,#4196,#4197);
#3486=AXIS2_PLACEMENT_3D('',#5636,#4199,#4200);
#3487=AXIS2_PLACEMENT_3D('',#5638,#4202,#4203);
#3488=AXIS2_PLACEMENT_3D('',#5655,#4213,#4214);
#3489=AXIS2_PLACEMENT_3D('',#5657,#4216,#4217);
#3490=AXIS2_PLACEMENT_3D('',#5658,#4218,#4219);
#3491=AXIS2_PLACEMENT_3D('',#5660,#4221,#4222);
#3492=AXIS2_PLACEMENT_3D('',#5661,#4223,#4224);
#3493=AXIS2_PLACEMENT_3D('',#5663,#4226,#4227);
#3494=AXIS2_PLACEMENT_3D('',#5670,#4231,#4232);
#3495=AXIS2_PLACEMENT_3D('',#5674,#4234,#4235);
#3496=AXIS2_PLACEMENT_3D('',#5678,#4237,#4238);
#3497=AXIS2_PLACEMENT_3D('',#5681,#4240,#4241);
#3498=AXIS2_PLACEMENT_3D('',#5683,#4242,#4243);
#3499=AXIS2_PLACEMENT_3D('',#5687,#4245,#4246);
#3500=AXIS2_PLACEMENT_3D('',#5691,#4248,#4249);
#3501=AXIS2_PLACEMENT_3D('',#5694,#4251,#4252);
#3502=AXIS2_PLACEMENT_3D('',#5702,#4260,#4261);
#3503=AXIS2_PLACEMENT_3D('',#5704,#4263,#4264);
#3504=AXIS2_PLACEMENT_3D('',#5706,#4266,#4267);
#3505=AXIS2_PLACEMENT_3D('',#5707,#4268,#4269);
#3506=AXIS2_PLACEMENT_3D('',#5708,#4270,#4271);
#3507=AXIS2_PLACEMENT_3D('',#5710,#4273,#4274);
#3508=AXIS2_PLACEMENT_3D('',#5711,#4275,#4276);
#3509=AXIS2_PLACEMENT_3D('',#5713,#4278,#4279);
#3510=AXIS2_PLACEMENT_3D('',#5714,#4280,#4281);
#3511=AXIS2_PLACEMENT_3D('',#5718,#4284,#4285);
#3512=AXIS2_PLACEMENT_3D('',#5724,#4288,#4289);
#3513=AXIS2_PLACEMENT_3D('',#5727,#4292,#4293);
#3514=AXIS2_PLACEMENT_3D('',#5733,#4297,#4298);
#3515=AXIS2_PLACEMENT_3D('',#5735,#4300,#4301);
#3516=AXIS2_PLACEMENT_3D('',#5739,#4304,#4305);
#3517=AXIS2_PLACEMENT_3D('',#5751,#4310,#4311);
#3518=AXIS2_PLACEMENT_3D('',#5755,#4314,#4315);
#3519=AXIS2_PLACEMENT_3D('',#5757,#4317,#4318);
#3520=AXIS2_PLACEMENT_3D('',#5758,#4319,#4320);
#3521=AXIS2_PLACEMENT_3D('',#5759,#4321,#4322);
#3522=AXIS2_PLACEMENT_3D('',#5763,#4324,#4325);
#3523=AXIS2_PLACEMENT_3D('',#5764,#4326,#4327);
#3524=AXIS2_PLACEMENT_3D('',#5765,#4328,#4329);
#3525=AXIS2_PLACEMENT_3D('',#5767,#4331,#4332);
#3526=AXIS2_PLACEMENT_3D('',#5769,#4333,#4334);
#3527=AXIS2_PLACEMENT_3D('',#5772,#4336,#4337);
#3528=AXIS2_PLACEMENT_3D('',#5773,#4338,#4339);
#3529=AXIS2_PLACEMENT_3D('',#5775,#4340,#4341);
#3530=AXIS2_PLACEMENT_3D('',#5778,#4343,#4344);
#3531=AXIS2_PLACEMENT_3D('',#5779,#4345,#4346);
#3532=AXIS2_PLACEMENT_3D('',#5782,#4349,#4350);
#3533=AXIS2_PLACEMENT_3D('',#5784,#4351,#4352);
#3534=AXIS2_PLACEMENT_3D('',#5785,#4353,#4354);
#3535=AXIS2_PLACEMENT_3D('',#5786,#4355,#4356);
#3536=AXIS2_PLACEMENT_3D('',#5788,#4357,#4358);
#3537=AXIS2_PLACEMENT_3D('',#5790,#4360,#4361);
#3538=AXIS2_PLACEMENT_3D('',#5791,#4362,#4363);
#3539=AXIS2_PLACEMENT_3D('',#5792,#4364,#4365);
#3540=AXIS2_PLACEMENT_3D('',#5795,#4368,#4369);
#3541=AXIS2_PLACEMENT_3D('',#5796,#4370,#4371);
#3542=AXIS2_PLACEMENT_3D('',#5797,#4372,#4373);
#3543=AXIS2_PLACEMENT_3D('',#5799,#4375,#4376);
#3544=AXIS2_PLACEMENT_3D('',#5801,#4378,#4379);
#3545=AXIS2_PLACEMENT_3D('',#5803,#4381,#4382);
#3546=AXIS2_PLACEMENT_3D('',#5805,#4384,#4385);
#3547=AXIS2_PLACEMENT_3D('',#5806,#4386,#4387);
#3548=AXIS2_PLACEMENT_3D('',#5807,#4388,#4389);
#3549=AXIS2_PLACEMENT_3D('',#5811,#4392,#4393);
#3550=AXIS2_PLACEMENT_3D('',#5813,#4395,#4396);
#3551=AXIS2_PLACEMENT_3D('',#5814,#4397,#4398);
#3552=AXIS2_PLACEMENT_3D('',#5817,#4400,#4401);
#3553=AXIS2_PLACEMENT_3D('',#5818,#4402,#4403);
#3554=AXIS2_PLACEMENT_3D('',#5820,#4404,#4405);
#3555=AXIS2_PLACEMENT_3D('',#5853,#4407,#4408);
#3556=AXIS2_PLACEMENT_3D('',#5864,#4409,#4410);
#3557=AXIS2_PLACEMENT_3D('',#5866,#4411,#4412);
#3558=AXIS2_PLACEMENT_3D('',#5899,#4414,#4415);
#3559=AXIS2_PLACEMENT_3D('',#5910,#4416,#4417);
#3560=AXIS2_PLACEMENT_3D('',#5912,#4419,#4420);
#3561=AXIS2_PLACEMENT_3D('',#5914,#4421,#4422);
#3562=AXIS2_PLACEMENT_3D('',#5947,#4424,#4425);
#3563=AXIS2_PLACEMENT_3D('',#5958,#4426,#4427);
#3564=AXIS2_PLACEMENT_3D('',#5960,#4428,#4429);
#3565=AXIS2_PLACEMENT_3D('',#6002,#4431,#4432);
#3566=AXIS2_PLACEMENT_3D('',#6003,#4433,#4434);
#3567=AXIS2_PLACEMENT_3D('',#6004,#4435,#4436);
#3568=AXIS2_PLACEMENT_3D('',#6005,#4437,#4438);
#3569=AXIS2_PLACEMENT_3D('',#6009,#4441,#4442);
#3570=AXIS2_PLACEMENT_3D('',#6013,#4445,#4446);
#3571=AXIS2_PLACEMENT_3D('',#6022,#4448,#4449);
#3572=AXIS2_PLACEMENT_3D('',#6026,#4452,#4453);
#3573=AXIS2_PLACEMENT_3D('',#6035,#4455,#4456);
#3574=AXIS2_PLACEMENT_3D('',#6037,#4458,#4459);
#3575=AXIS2_PLACEMENT_3D('',#6041,#4462,#4463);
#3576=AXIS2_PLACEMENT_3D('',#6050,#4465,#4466);
#3577=AXIS2_PLACEMENT_3D('',#6054,#4469,#4470);
#3578=AXIS2_PLACEMENT_3D('',#6061,#4471,#4472);
#3579=AXIS2_PLACEMENT_3D('',#6064,#4474,#4475);
#3580=AXIS2_PLACEMENT_3D('',#6065,#4476,#4477);
#3581=AXIS2_PLACEMENT_3D('',#6067,#4478,#4479);
#3582=AXIS2_PLACEMENT_3D('',#6088,#4481,#4482);
#3583=AXIS2_PLACEMENT_3D('',#6147,#4483,#4484);
#3584=AXIS2_PLACEMENT_3D('',#6149,#4485,#4486);
#3585=AXIS2_PLACEMENT_3D('',#6170,#4488,#4489);
#3586=AXIS2_PLACEMENT_3D('',#6229,#4490,#4491);
#3587=AXIS2_PLACEMENT_3D('',#6231,#4493,#4494);
#3588=AXIS2_PLACEMENT_3D('',#6233,#4495,#4496);
#3589=AXIS2_PLACEMENT_3D('',#6254,#4498,#4499);
#3590=AXIS2_PLACEMENT_3D('',#6313,#4500,#4501);
#3591=AXIS2_PLACEMENT_3D('',#6315,#4502,#4503);
#3592=AXIS2_PLACEMENT_3D('',#6393,#4505,#4506);
#3593=AXIS2_PLACEMENT_3D('',#6394,#4507,#4508);
#3594=AXIS2_PLACEMENT_3D('',#6395,#4509,#4510);
#3595=DIRECTION('axis',(0.,0.,1.));
#3596=DIRECTION('refdir',(1.,0.,0.));
#3597=DIRECTION('axis',(0.,0.,1.));
#3598=DIRECTION('refdir',(1.,0.,0.));
#3599=DIRECTION('center_axis',(0.,0.,-1.));
#3600=DIRECTION('ref_axis',(-1.,0.,0.));
#3601=DIRECTION('center_axis',(0.,0.,-1.));
#3602=DIRECTION('ref_axis',(1.,0.,0.));
#3603=DIRECTION('',(-1.,0.,0.));
#3604=DIRECTION('',(0.,-1.,0.));
#3605=DIRECTION('',(1.,0.,0.));
#3606=DIRECTION('center_axis',(0.,1.,0.));
#3607=DIRECTION('ref_axis',(1.,0.,0.));
#3608=DIRECTION('',(0.,0.,1.));
#3609=DIRECTION('',(1.,0.,0.));
#3610=DIRECTION('',(0.,0.,-1.));
#3611=DIRECTION('',(0.,0.,1.));
#3612=DIRECTION('',(1.,0.,0.));
#3613=DIRECTION('',(0.,0.,1.));
#3614=DIRECTION('center_axis',(1.,0.,0.));
#3615=DIRECTION('ref_axis',(0.,-1.,0.));
#3616=DIRECTION('',(0.,0.,-1.));
#3617=DIRECTION('',(0.,-1.,0.));
#3618=DIRECTION('center_axis',(0.,-1.,0.));
#3619=DIRECTION('ref_axis',(-1.,0.,0.));
#3620=DIRECTION('',(0.,0.,1.));
#3621=DIRECTION('',(-1.,0.,0.));
#3622=DIRECTION('',(0.,0.,1.));
#3623=DIRECTION('',(0.,0.,-1.));
#3624=DIRECTION('',(-1.,0.,0.));
#3625=DIRECTION('center_axis',(0.,0.,-1.));
#3626=DIRECTION('ref_axis',(-1.,0.,0.));
#3627=DIRECTION('',(-2.77444778244991E-17,1.,0.));
#3628=DIRECTION('',(-1.,0.,0.));
#3629=DIRECTION('center_axis',(0.,0.,-1.));
#3630=DIRECTION('ref_axis',(1.,0.,0.));
#3631=DIRECTION('center_axis',(0.,0.,-1.));
#3632=DIRECTION('ref_axis',(1.,0.,0.));
#3633=DIRECTION('',(1.,0.,0.));
#3634=DIRECTION('center_axis',(0.,-1.,0.));
#3635=DIRECTION('ref_axis',(-1.,0.,0.));
#3636=DIRECTION('',(0.,0.,1.));
#3637=DIRECTION('',(-1.,0.,0.));
#3638=DIRECTION('',(0.,0.,-1.));
#3639=DIRECTION('',(0.,0.,1.));
#3640=DIRECTION('',(-1.,0.,0.));
#3641=DIRECTION('',(0.,0.,1.));
#3642=DIRECTION('center_axis',(0.,0.,1.));
#3643=DIRECTION('ref_axis',(1.,0.,0.));
#3644=DIRECTION('center_axis',(0.,0.,-1.));
#3645=DIRECTION('ref_axis',(1.,0.,0.));
#3646=DIRECTION('center_axis',(0.,0.,-1.));
#3647=DIRECTION('ref_axis',(1.,0.,0.));
#3648=DIRECTION('center_axis',(0.,0.,1.));
#3649=DIRECTION('ref_axis',(1.,0.,0.));
#3650=DIRECTION('center_axis',(0.,0.,1.));
#3651=DIRECTION('ref_axis',(1.,0.,0.));
#3652=DIRECTION('',(-2.77444778244991E-17,1.,0.));
#3653=DIRECTION('',(1.,0.,0.));
#3654=DIRECTION('center_axis',(0.,0.,-1.));
#3655=DIRECTION('ref_axis',(1.,0.,0.));
#3656=DIRECTION('center_axis',(0.,1.,0.));
#3657=DIRECTION('ref_axis',(1.,0.,0.));
#3658=DIRECTION('',(0.,0.,1.));
#3659=DIRECTION('',(1.,0.,0.));
#3660=DIRECTION('',(0.,0.,1.));
#3661=DIRECTION('',(0.,0.,-1.));
#3662=DIRECTION('',(0.,0.,-1.));
#3663=DIRECTION('center_axis',(0.,0.,1.));
#3664=DIRECTION('ref_axis',(1.,0.,0.));
#3665=DIRECTION('center_axis',(0.,0.,1.));
#3666=DIRECTION('ref_axis',(1.,0.,0.));
#3667=DIRECTION('center_axis',(0.,0.,1.));
#3668=DIRECTION('ref_axis',(1.,0.,0.));
#3669=DIRECTION('center_axis',(0.,0.,1.));
#3670=DIRECTION('ref_axis',(1.,0.,0.));
#3671=DIRECTION('center_axis',(0.,0.,-1.));
#3672=DIRECTION('ref_axis',(1.,0.,0.));
#3673=DIRECTION('center_axis',(0.,0.,1.));
#3674=DIRECTION('ref_axis',(1.,0.,0.));
#3675=DIRECTION('center_axis',(0.,0.,1.));
#3676=DIRECTION('ref_axis',(1.,0.,0.));
#3677=DIRECTION('center_axis',(0.,0.,1.));
#3678=DIRECTION('ref_axis',(1.,0.,0.));
#3679=DIRECTION('center_axis',(0.,0.,1.));
#3680=DIRECTION('ref_axis',(1.,0.,0.));
#3681=DIRECTION('center_axis',(0.,0.,-1.));
#3682=DIRECTION('ref_axis',(1.,0.,0.));
#3683=DIRECTION('center_axis',(0.,0.,-1.));
#3684=DIRECTION('ref_axis',(1.,0.,0.));
#3685=DIRECTION('center_axis',(0.,0.,-1.));
#3686=DIRECTION('ref_axis',(1.,0.,0.));
#3687=DIRECTION('',(0.700909264299939,-8.58366287017647E-17,0.713250449154095));
#3688=DIRECTION('center_axis',(0.,0.,1.));
#3689=DIRECTION('ref_axis',(1.,0.,0.));
#3690=DIRECTION('center_axis',(0.,0.,1.));
#3691=DIRECTION('ref_axis',(1.,0.,0.));
#3692=DIRECTION('',(-0.0174524064370358,-2.13730336805346E-18,0.999847695156395));
#3693=DIRECTION('center_axis',(0.,0.,-1.));
#3694=DIRECTION('ref_axis',(1.,0.,0.));
#3695=DIRECTION('center_axis',(0.,0.,1.));
#3696=DIRECTION('ref_axis',(1.,0.,0.));
#3697=DIRECTION('',(-1.,0.,0.));
#3698=DIRECTION('',(0.,1.,0.));
#3699=DIRECTION('center_axis',(0.,0.,1.));
#3700=DIRECTION('ref_axis',(-1.,0.,0.));
#3701=DIRECTION('',(1.,0.,0.));
#3702=DIRECTION('center_axis',(0.,0.,1.));
#3703=DIRECTION('ref_axis',(-1.,0.,0.));
#3704=DIRECTION('',(0.715474021164313,-0.698639338313388,0.));
#3705=DIRECTION('center_axis',(4.99672256821932E-14,2.51834072990756E-14,
1.));
#3706=DIRECTION('ref_axis',(-0.698635269914838,-0.715477993813242,5.29270399330987E-14));
#3707=DIRECTION('',(0.,-1.,0.));
#3708=DIRECTION('center_axis',(0.,0.,-1.));
#3709=DIRECTION('ref_axis',(-1.,0.,0.));
#3710=DIRECTION('center_axis',(-1.,-2.77444778244991E-17,0.));
#3711=DIRECTION('ref_axis',(-2.77444778244991E-17,1.,0.));
#3712=DIRECTION('center_axis',(0.,0.,1.));
#3713=DIRECTION('ref_axis',(1.,0.,0.));
#3714=DIRECTION('center_axis',(0.,0.,1.));
#3715=DIRECTION('ref_axis',(1.,0.,0.));
#3716=DIRECTION('',(0.,0.,1.));
#3717=DIRECTION('center_axis',(0.,0.,1.));
#3718=DIRECTION('ref_axis',(1.,0.,0.));
#3719=DIRECTION('center_axis',(0.,0.,-1.));
#3720=DIRECTION('ref_axis',(1.09476442525376E-47,-1.,2.36933266560283E-16));
#3721=DIRECTION('',(-0.987688340595138,-0.156434465040227,0.));
#3722=DIRECTION('center_axis',(0.,0.,-1.));
#3723=DIRECTION('ref_axis',(1.,0.,0.));
#3724=DIRECTION('',(-0.34202014332567,-0.939692620785908,0.));
#3725=DIRECTION('center_axis',(0.156434465040227,-0.987688340595138,0.));
#3726=DIRECTION('ref_axis',(-0.987688340595138,-0.156434465040227,0.));
#3727=DIRECTION('',(-0.987688340595138,-0.156434465040227,0.));
#3728=DIRECTION('',(0.,0.,-1.));
#3729=DIRECTION('',(-0.987688340595138,-0.156434465040227,0.));
#3730=DIRECTION('center_axis',(0.939692620785908,-0.34202014332567,0.));
#3731=DIRECTION('ref_axis',(-0.34202014332567,-0.939692620785908,0.));
#3732=DIRECTION('',(-0.34202014332567,-0.939692620785908,0.));
#3733=DIRECTION('',(0.,0.,1.));
#3734=DIRECTION('',(-0.34202014332567,-0.939692620785908,0.));
#3735=DIRECTION('center_axis',(0.939692620785908,-0.34202014332567,0.));
#3736=DIRECTION('ref_axis',(-0.34202014332567,-0.939692620785908,0.));
#3737=DIRECTION('',(0.,0.,-1.));
#3738=DIRECTION('',(-0.34202014332567,-0.939692620785908,0.));
#3739=DIRECTION('center_axis',(0.,0.,1.));
#3740=DIRECTION('ref_axis',(1.,0.,0.));
#3741=DIRECTION('center_axis',(0.,0.,-1.));
#3742=DIRECTION('ref_axis',(1.09476442525376E-47,-1.,2.36933266560283E-16));
#3743=DIRECTION('center_axis',(0.,0.,-1.));
#3744=DIRECTION('ref_axis',(1.,0.,0.));
#3745=DIRECTION('',(0.64278760968654,-0.766044443118977,0.));
#3746=DIRECTION('center_axis',(-0.766044443118979,-0.642787609686538,0.));
#3747=DIRECTION('ref_axis',(-0.642787609686538,0.766044443118979,0.));
#3748=DIRECTION('',(-0.642787609686538,0.766044443118979,0.));
#3749=DIRECTION('',(0.,0.,-1.));
#3750=DIRECTION('',(-0.642787609686538,0.766044443118979,0.));
#3751=DIRECTION('center_axis',(0.766044443118977,0.64278760968654,0.));
#3752=DIRECTION('ref_axis',(0.64278760968654,-0.766044443118977,0.));
#3753=DIRECTION('',(0.64278760968654,-0.766044443118977,0.));
#3754=DIRECTION('',(0.,0.,1.));
#3755=DIRECTION('',(0.64278760968654,-0.766044443118977,0.));
#3756=DIRECTION('center_axis',(0.766044443118977,0.64278760968654,0.));
#3757=DIRECTION('ref_axis',(0.64278760968654,-0.766044443118977,0.));
#3758=DIRECTION('',(0.,0.,-1.));
#3759=DIRECTION('',(0.64278760968654,-0.766044443118977,0.));
#3760=DIRECTION('center_axis',(0.,0.,1.));
#3761=DIRECTION('ref_axis',(1.,0.,0.));
#3762=DIRECTION('center_axis',(0.,0.,-1.));
#3763=DIRECTION('ref_axis',(1.09476442525376E-47,-1.,2.36933266560283E-16));
#3764=DIRECTION('center_axis',(0.,0.,-1.));
#3765=DIRECTION('ref_axis',(1.,0.,0.));
#3766=DIRECTION('',(0.987688340595138,0.156434465040231,0.));
#3767=DIRECTION('center_axis',(-0.939692620785908,0.342020143325669,0.));
#3768=DIRECTION('ref_axis',(0.342020143325669,0.939692620785908,0.));
#3769=DIRECTION('',(0.342020143325669,0.939692620785908,0.));
#3770=DIRECTION('',(0.,0.,-1.));
#3771=DIRECTION('',(0.342020143325669,0.939692620785908,0.));
#3772=DIRECTION('center_axis',(-0.156434465040231,0.987688340595138,0.));
#3773=DIRECTION('ref_axis',(0.987688340595138,0.156434465040231,0.));
#3774=DIRECTION('',(0.987688340595138,0.156434465040231,0.));
#3775=DIRECTION('',(0.,0.,-1.));
#3776=DIRECTION('',(0.987688340595138,0.156434465040231,0.));
#3777=DIRECTION('center_axis',(-0.156434465040231,0.987688340595138,0.));
#3778=DIRECTION('ref_axis',(0.987688340595138,0.156434465040231,0.));
#3779=DIRECTION('',(0.,0.,-1.));
#3780=DIRECTION('',(0.987688340595138,0.156434465040231,0.));
#3781=DIRECTION('center_axis',(0.,0.,1.));
#3782=DIRECTION('ref_axis',(1.,0.,0.));
#3783=DIRECTION('center_axis',(0.,0.,-1.));
#3784=DIRECTION('ref_axis',(1.09476442525376E-47,-1.,2.36933266560283E-16));
#3785=DIRECTION('',(-0.642787609686538,0.766044443118979,0.));
#3786=DIRECTION('center_axis',(0.,0.,-1.));
#3787=DIRECTION('ref_axis',(1.,0.,0.));
#3788=DIRECTION('center_axis',(0.,0.,1.));
#3789=DIRECTION('ref_axis',(1.,0.,0.));
#3790=DIRECTION('center_axis',(0.,0.,-1.));
#3791=DIRECTION('ref_axis',(1.09476442525376E-47,-1.,2.36933266560283E-16));
#3792=DIRECTION('',(0.342020143325669,0.939692620785908,0.));
#3793=DIRECTION('center_axis',(0.,0.,-1.));
#3794=DIRECTION('ref_axis',(1.,0.,0.));
#3795=DIRECTION('center_axis',(0.,0.,1.));
#3796=DIRECTION('ref_axis',(1.,0.,0.));
#3797=DIRECTION('center_axis',(0.,0.,-1.));
#3798=DIRECTION('ref_axis',(1.09476442525376E-47,-1.,2.36933266560283E-16));
#3799=DIRECTION('center_axis',(0.,0.,-1.));
#3800=DIRECTION('ref_axis',(1.,0.,0.));
#3801=DIRECTION('center_axis',(-0.766044443118979,-0.642787609686538,0.));
#3802=DIRECTION('ref_axis',(-0.642787609686538,0.766044443118979,0.));
#3803=DIRECTION('',(-0.642787609686538,0.766044443118979,0.));
#3804=DIRECTION('',(0.,0.,1.));
#3805=DIRECTION('center_axis',(-0.939692620785908,0.342020143325669,0.));
#3806=DIRECTION('ref_axis',(0.342020143325669,0.939692620785908,0.));
#3807=DIRECTION('',(0.342020143325669,0.939692620785908,0.));
#3808=DIRECTION('',(0.,0.,1.));
#3809=DIRECTION('center_axis',(0.,0.,-1.));
#3810=DIRECTION('ref_axis',(1.,0.,0.));
#3811=DIRECTION('center_axis',(0.,0.,-1.));
#3812=DIRECTION('ref_axis',(1.,0.,0.));
#3813=DIRECTION('center_axis',(0.,0.,-1.));
#3814=DIRECTION('ref_axis',(1.,0.,0.));
#3815=DIRECTION('center_axis',(0.,0.,-1.));
#3816=DIRECTION('ref_axis',(1.,0.,0.));
#3817=DIRECTION('center_axis',(0.,0.,-1.));
#3818=DIRECTION('ref_axis',(1.,0.,0.));
#3819=DIRECTION('center_axis',(0.,0.,-1.));
#3820=DIRECTION('ref_axis',(1.,0.,0.));
#3821=DIRECTION('center_axis',(0.,0.,-1.));
#3822=DIRECTION('ref_axis',(1.,0.,0.));
#3823=DIRECTION('center_axis',(0.,0.,-1.));
#3824=DIRECTION('ref_axis',(1.,0.,0.));
#3825=DIRECTION('center_axis',(0.,0.,-1.));
#3826=DIRECTION('ref_axis',(1.,0.,0.));
#3827=DIRECTION('center_axis',(0.,0.,-1.));
#3828=DIRECTION('ref_axis',(1.,0.,0.));
#3829=DIRECTION('center_axis',(0.,0.,-1.));
#3830=DIRECTION('ref_axis',(1.,0.,0.));
#3831=DIRECTION('',(0.,0.,-1.));
#3832=DIRECTION('center_axis',(0.,0.,-1.));
#3833=DIRECTION('ref_axis',(1.,0.,0.));
#3834=DIRECTION('center_axis',(0.156434465040227,-0.987688340595138,0.));
#3835=DIRECTION('ref_axis',(-0.987688340595138,-0.156434465040227,0.));
#3836=DIRECTION('',(-0.987688340595138,-0.156434465040227,0.));
#3837=DIRECTION('center_axis',(0.,0.,-1.));
#3838=DIRECTION('ref_axis',(-1.,0.,0.));
#3839=DIRECTION('',(-0.707106781186549,-0.707106781186546,0.));
#3840=DIRECTION('',(0.,-1.,0.));
#3841=DIRECTION('',(0.707106781186548,-0.707106781186548,0.));
#3842=DIRECTION('',(1.,0.,0.));
#3843=DIRECTION('',(0.707106781186549,0.707106781186546,0.));
#3844=DIRECTION('',(0.,1.,0.));
#3845=DIRECTION('',(-0.707106781186548,0.707106781186548,0.));
#3846=DIRECTION('',(-1.,0.,0.));
#3847=DIRECTION('center_axis',(0.,0.,-1.));
#3848=DIRECTION('ref_axis',(1.,0.,0.));
#3849=DIRECTION('center_axis',(-1.,0.,0.));
#3850=DIRECTION('ref_axis',(0.,1.,0.));
#3851=DIRECTION('',(0.,0.,-1.));
#3852=DIRECTION('',(0.,1.,0.));
#3853=DIRECTION('',(0.,0.,-1.));
#3854=DIRECTION('',(0.,1.,0.));
#3855=DIRECTION('',(0.,0.,1.));
#3856=DIRECTION('',(0.,1.,0.));
#3857=DIRECTION('',(0.,0.,-1.));
#3858=DIRECTION('center_axis',(-0.707106781186546,0.707106781186549,0.));
#3859=DIRECTION('ref_axis',(0.707106781186549,0.707106781186546,0.));
#3860=DIRECTION('',(0.,0.,-1.));
#3861=DIRECTION('',(0.707106781186549,0.707106781186546,0.));
#3862=DIRECTION('center_axis',(0.,1.,0.));
#3863=DIRECTION('ref_axis',(1.,0.,0.));
#3864=DIRECTION('',(0.,0.,1.));
#3865=DIRECTION('',(1.,0.,0.));
#3866=DIRECTION('',(0.,0.,-1.));
#3867=DIRECTION('',(1.,0.,0.));
#3868=DIRECTION('',(0.,0.,-1.));
#3869=DIRECTION('',(1.,0.,0.));
#3870=DIRECTION('center_axis',(0.707106781186548,0.707106781186548,0.));
#3871=DIRECTION('ref_axis',(0.707106781186548,-0.707106781186548,0.));
#3872=DIRECTION('',(0.,0.,-1.));
#3873=DIRECTION('',(0.707106781186548,-0.707106781186548,0.));
#3874=DIRECTION('center_axis',(0.,0.,1.));
#3875=DIRECTION('ref_axis',(1.,0.,0.));
#3876=DIRECTION('',(0.,-1.,0.));
#3877=DIRECTION('center_axis',(0.,0.,-1.));
#3878=DIRECTION('ref_axis',(1.,0.,0.));
#3879=DIRECTION('center_axis',(1.,0.,0.));
#3880=DIRECTION('ref_axis',(0.,-1.,0.));
#3881=DIRECTION('',(0.,0.,-1.));
#3882=DIRECTION('',(0.,-1.,0.));
#3883=DIRECTION('',(0.,0.,-1.));
#3884=DIRECTION('',(0.,-1.,0.));
#3885=DIRECTION('',(0.,0.,1.));
#3886=DIRECTION('center_axis',(0.,0.,1.));
#3887=DIRECTION('ref_axis',(1.,0.,0.));
#3888=DIRECTION('',(-0.707106781186548,0.707106781186548,0.));
#3889=DIRECTION('center_axis',(0.,0.,-1.));
#3890=DIRECTION('ref_axis',(1.,0.,0.));
#3891=DIRECTION('',(-1.,0.,0.));
#3892=DIRECTION('center_axis',(-0.707106781186548,-0.707106781186548,0.));
#3893=DIRECTION('ref_axis',(-0.707106781186548,0.707106781186548,0.));
#3894=DIRECTION('',(0.,0.,1.));
#3895=DIRECTION('center_axis',(0.707106781186546,-0.707106781186549,0.));
#3896=DIRECTION('ref_axis',(-0.707106781186549,-0.707106781186546,0.));
#3897=DIRECTION('',(0.,0.,-1.));
#3898=DIRECTION('',(-0.707106781186549,-0.707106781186546,0.));
#3899=DIRECTION('center_axis',(0.,0.,1.));
#3900=DIRECTION('ref_axis',(1.,0.,0.));
#3901=DIRECTION('',(-1.,0.,0.));
#3902=DIRECTION('center_axis',(0.,0.,-1.));
#3903=DIRECTION('ref_axis',(1.,0.,0.));
#3904=DIRECTION('center_axis',(0.,0.,1.));
#3905=DIRECTION('ref_axis',(1.,0.,0.));
#3906=DIRECTION('',(0.,0.,-1.));
#3907=DIRECTION('center_axis',(0.,0.,-1.));
#3908=DIRECTION('ref_axis',(1.,0.,0.));
#3909=DIRECTION('center_axis',(0.,0.,1.));
#3910=DIRECTION('ref_axis',(1.,0.,0.));
#3911=DIRECTION('center_axis',(0.,0.,-1.));
#3912=DIRECTION('ref_axis',(1.,0.,0.));
#3913=DIRECTION('center_axis',(0.,0.,-1.));
#3914=DIRECTION('ref_axis',(1.,0.,0.));
#3915=DIRECTION('',(0.,0.,-1.));
#3916=DIRECTION('center_axis',(0.,0.,-1.));
#3917=DIRECTION('ref_axis',(1.,0.,0.));
#3918=DIRECTION('center_axis',(0.,-1.,0.));
#3919=DIRECTION('ref_axis',(-1.,0.,0.));
#3920=DIRECTION('',(0.,0.,-1.));
#3921=DIRECTION('',(-1.,0.,0.));
#3922=DIRECTION('center_axis',(0.,0.,-1.));
#3923=DIRECTION('ref_axis',(1.,0.,0.));
#3924=DIRECTION('center_axis',(0.,0.,-1.));
#3925=DIRECTION('ref_axis',(1.,0.,0.));
#3926=DIRECTION('center_axis',(0.,0.,-1.));
#3927=DIRECTION('ref_axis',(1.,0.,0.));
#3928=DIRECTION('center_axis',(0.,0.,-1.));
#3929=DIRECTION('ref_axis',(1.,0.,0.));
#3930=DIRECTION('center_axis',(0.,0.,-1.));
#3931=DIRECTION('ref_axis',(1.,0.,0.));
#3932=DIRECTION('center_axis',(0.,0.,-1.));
#3933=DIRECTION('ref_axis',(1.,0.,0.));
#3934=DIRECTION('center_axis',(0.,0.,1.));
#3935=DIRECTION('ref_axis',(-1.,0.,0.));
#3936=DIRECTION('center_axis',(1.18466633280141E-16,2.36933266560283E-16,
1.));
#3937=DIRECTION('ref_axis',(1.09476442525376E-47,-1.,2.36933266560283E-16));
#3938=DIRECTION('center_axis',(0.,0.,-1.));
#3939=DIRECTION('ref_axis',(1.09476442525376E-47,-1.,2.36933266560283E-16));
#3940=DIRECTION('',(1.16311286870003E-16,0.0174524064372819,0.999847695156391));
#3941=DIRECTION('center_axis',(0.,0.,-1.));
#3942=DIRECTION('ref_axis',(1.09476442525376E-47,-1.,2.36933266560283E-16));
#3943=DIRECTION('center_axis',(0.,0.,-1.));
#3944=DIRECTION('ref_axis',(1.09476442525376E-47,-1.,2.36933266560283E-16));
#3945=DIRECTION('center_axis',(0.,0.,-1.));
#3946=DIRECTION('ref_axis',(1.09476442525376E-47,-1.,2.36933266560283E-16));
#3947=DIRECTION('center_axis',(0.,0.,-1.));
#3948=DIRECTION('ref_axis',(1.09476442525376E-47,-1.,2.36933266560283E-16));
#3949=DIRECTION('center_axis',(0.,0.,-1.));
#3950=DIRECTION('ref_axis',(1.09476442525376E-47,-1.,2.36933266560283E-16));
#3951=DIRECTION('center_axis',(0.,0.,-1.));
#3952=DIRECTION('ref_axis',(1.09476442525376E-47,-1.,2.36933266560283E-16));
#3953=DIRECTION('center_axis',(0.,0.,-1.));
#3954=DIRECTION('ref_axis',(1.09476442525376E-47,-1.,2.36933266560283E-16));
#3955=DIRECTION('center_axis',(0.,0.,-1.));
#3956=DIRECTION('ref_axis',(-1.,-1.22464679914735E-16,0.));
#3957=DIRECTION('center_axis',(0.,0.,1.));
#3958=DIRECTION('ref_axis',(1.,0.,0.));
#3959=DIRECTION('center_axis',(0.,0.,1.));
#3960=DIRECTION('ref_axis',(1.,0.,0.));
#3961=DIRECTION('center_axis',(0.,0.,1.));
#3962=DIRECTION('ref_axis',(1.,0.,0.));
#3963=DIRECTION('center_axis',(0.,0.,-1.));
#3964=DIRECTION('ref_axis',(-1.,0.,0.));
#3965=DIRECTION('center_axis',(0.,0.,1.));
#3966=DIRECTION('ref_axis',(-1.,0.,0.));
#3967=DIRECTION('center_axis',(0.,0.,1.));
#3968=DIRECTION('ref_axis',(-1.,0.,0.));
#3969=DIRECTION('',(0.707106781186548,8.65956056235494E-17,-0.707106781186547));
#3970=DIRECTION('center_axis',(0.,0.,1.));
#3971=DIRECTION('ref_axis',(1.,0.,0.));
#3972=DIRECTION('',(0.,0.,1.));
#3973=DIRECTION('center_axis',(0.,0.,-1.));
#3974=DIRECTION('ref_axis',(1.,0.,0.));
#3975=DIRECTION('center_axis',(0.,0.,-1.));
#3976=DIRECTION('ref_axis',(1.,0.,0.));
#3977=DIRECTION('',(-0.707106781186547,-8.65956056235492E-17,-0.707106781186548));
#3978=DIRECTION('center_axis',(0.,0.,-1.));
#3979=DIRECTION('ref_axis',(1.,0.,0.));
#3980=DIRECTION('center_axis',(0.,0.,1.));
#3981=DIRECTION('ref_axis',(1.,0.,0.));
#3982=DIRECTION('center_axis',(0.,0.,1.));
#3983=DIRECTION('ref_axis',(0.,-1.,1.35205844330742E-16));
#3984=DIRECTION('center_axis',(0.,-2.75532796212102E-16,-1.));
#3985=DIRECTION('ref_axis',(0.,-1.,2.75532796212102E-16));
#3986=DIRECTION('',(8.73479879547089E-17,0.713250449154189,0.700909264299843));
#3987=DIRECTION('center_axis',(0.,0.,1.));
#3988=DIRECTION('ref_axis',(0.,-1.,0.));
#3989=DIRECTION('center_axis',(0.,0.,1.));
#3990=DIRECTION('ref_axis',(1.,0.,0.));
#3991=DIRECTION('',(0.,-1.,0.));
#3992=DIRECTION('',(0.715474021164313,-0.698639338313388,0.));
#3993=DIRECTION('center_axis',(0.,0.,1.));
#3994=DIRECTION('ref_axis',(1.,0.,0.));
#3995=DIRECTION('',(1.,0.,0.));
#3996=DIRECTION('center_axis',(0.,0.,1.));
#3997=DIRECTION('ref_axis',(1.,0.,0.));
#3998=DIRECTION('',(0.,1.,0.));
#3999=DIRECTION('',(-1.,0.,0.));
#4000=DIRECTION('center_axis',(0.,0.,1.));
#4001=DIRECTION('ref_axis',(1.,0.,0.));
#4002=DIRECTION('center_axis',(0.,2.16555286256885E-16,1.));
#4003=DIRECTION('ref_axis',(0.,-1.,2.16555286256885E-16));
#4004=DIRECTION('center_axis',(0.,0.,-1.));
#4005=DIRECTION('ref_axis',(0.,-1.,2.16555286256885E-16));
#4006=DIRECTION('',(-2.13730336808432E-18,0.0174524064372881,0.999847695156391));
#4007=DIRECTION('center_axis',(0.,0.,1.));
#4008=DIRECTION('ref_axis',(1.,0.,0.));
#4009=DIRECTION('center_axis',(0.,0.,1.));
#4010=DIRECTION('ref_axis',(1.,0.,0.));
#4011=DIRECTION('',(0.713250449154116,8.73479879547E-17,-0.700909264299918));
#4012=DIRECTION('center_axis',(0.,0.,-1.));
#4013=DIRECTION('ref_axis',(1.,0.,0.));
#4014=DIRECTION('center_axis',(0.,0.,1.));
#4015=DIRECTION('ref_axis',(1.,0.,0.));
#4016=DIRECTION('',(-0.0174524064370989,-2.13730336806119E-18,0.999847695156395));
#4017=DIRECTION('center_axis',(0.,1.,0.));
#4018=DIRECTION('ref_axis',(0.,0.,-1.));
#4019=DIRECTION('center_axis',(0.,-1.,0.));
#4020=DIRECTION('ref_axis',(0.,0.,-1.));
#4021=DIRECTION('center_axis',(0.,-1.,0.));
#4022=DIRECTION('ref_axis',(0.,0.,-1.));
#4023=DIRECTION('',(-8.73481107421847E-17,0.700908244008753,0.713251451790017));
#4024=DIRECTION('center_axis',(0.,1.,0.));
#4025=DIRECTION('ref_axis',(0.,0.,-1.));
#4026=DIRECTION('center_axis',(0.,1.,0.));
#4027=DIRECTION('ref_axis',(0.,0.,1.));
#4028=DIRECTION('',(-1.,0.,0.));
#4029=DIRECTION('',(-0.0174524064372835,0.,0.999847695156391));
#4030=DIRECTION('',(0.013962180339142,0.,0.999902524009304));
#4031=DIRECTION('',(1.,0.,0.));
#4032=DIRECTION('',(0.,0.,1.));
#4033=DIRECTION('',(1.,0.,0.));
#4034=DIRECTION('',(0.,0.,-1.));
#4035=DIRECTION('',(1.,0.,0.));
#4036=DIRECTION('',(-0.0139621803391417,0.,0.999902524009304));
#4037=DIRECTION('',(-0.0174524064372835,0.,-0.999847695156391));
#4038=DIRECTION('center_axis',(0.,1.,0.));
#4039=DIRECTION('ref_axis',(0.,0.,-1.));
#4040=DIRECTION('center_axis',(0.,1.,0.));
#4041=DIRECTION('ref_axis',(0.,0.,-1.));
#4042=DIRECTION('center_axis',(0.,1.,0.));
#4043=DIRECTION('ref_axis',(0.,0.,1.));
#4044=DIRECTION('center_axis',(0.,1.,0.));
#4045=DIRECTION('ref_axis',(0.,0.,1.));
#4046=DIRECTION('center_axis',(0.,1.,0.));
#4047=DIRECTION('ref_axis',(0.,0.,-1.));
#4048=DIRECTION('center_axis',(0.,1.,0.));
#4049=DIRECTION('ref_axis',(0.,0.,1.));
#4050=DIRECTION('center_axis',(0.,1.,0.));
#4051=DIRECTION('ref_axis',(0.,0.,1.));
#4052=DIRECTION('',(-2.13730336809896E-18,0.999847695156389,-0.0174524064374073));
#4053=DIRECTION('center_axis',(0.,1.,0.));
#4054=DIRECTION('ref_axis',(0.,0.,-1.));
#4055=DIRECTION('center_axis',(0.,-1.,0.));
#4056=DIRECTION('ref_axis',(0.,0.,-1.));
#4057=DIRECTION('center_axis',(0.,-1.,0.));
#4058=DIRECTION('ref_axis',(0.,0.,-1.));
#4059=DIRECTION('',(-8.73481107421847E-17,0.700908244008753,0.713251451790017));
#4060=DIRECTION('center_axis',(0.,1.,0.));
#4061=DIRECTION('ref_axis',(0.,0.,1.));
#4062=DIRECTION('center_axis',(0.,1.,0.));
#4063=DIRECTION('ref_axis',(0.,0.,1.));
#4064=DIRECTION('',(-2.13730336809896E-18,0.999847695156389,-0.0174524064374073));
#4065=DIRECTION('center_axis',(0.,1.,1.85065886667799E-15));
#4066=DIRECTION('ref_axis',(0.,0.,-1.));
#4067=DIRECTION('center_axis',(0.,-1.,0.));
#4068=DIRECTION('ref_axis',(0.,0.,-1.));
#4069=DIRECTION('center_axis',(0.,-1.,0.));
#4070=DIRECTION('ref_axis',(0.,0.,-1.));
#4071=DIRECTION('',(-8.73481107421847E-17,0.700908244008752,0.713251451790018));
#4072=DIRECTION('center_axis',(0.,1.,0.));
#4073=DIRECTION('ref_axis',(0.,0.,1.));
#4074=DIRECTION('center_axis',(0.,1.,0.));
#4075=DIRECTION('ref_axis',(0.,0.,1.));
#4076=DIRECTION('',(-2.13730336809896E-18,0.999847695156389,-0.0174524064374073));
#4077=DIRECTION('center_axis',(0.,1.,0.));
#4078=DIRECTION('ref_axis',(0.,0.,-1.));
#4079=DIRECTION('center_axis',(0.,-1.,0.));
#4080=DIRECTION('ref_axis',(0.,0.,-1.));
#4081=DIRECTION('center_axis',(0.,-1.,0.));
#4082=DIRECTION('ref_axis',(0.,0.,-1.));
#4083=DIRECTION('',(-8.73481107421769E-17,0.700908244008817,0.713251451789954));
#4084=DIRECTION('center_axis',(0.,1.,0.));
#4085=DIRECTION('ref_axis',(0.,0.,1.));
#4086=DIRECTION('center_axis',(0.,1.,0.));
#4087=DIRECTION('ref_axis',(0.,0.,1.));
#4088=DIRECTION('',(-2.13730336807785E-18,0.999847695156392,-0.017452406437235));
#4089=DIRECTION('center_axis',(0.,1.,0.));
#4090=DIRECTION('ref_axis',(0.,0.,1.));
#4091=DIRECTION('',(8.65956056235509E-17,-0.707106781186534,0.707106781186561));
#4092=DIRECTION('center_axis',(0.,-1.,0.));
#4093=DIRECTION('ref_axis',(0.,0.,1.));
#4094=DIRECTION('center_axis',(0.,1.,0.));
#4095=DIRECTION('ref_axis',(0.,0.,1.));
#4096=DIRECTION('',(0.,1.,0.));
#4097=DIRECTION('',(-1.03771218645731E-14,0.713250449154182,-0.70090926429985));
#4098=DIRECTION('center_axis',(0.,-0.999847695156391,-0.0174524064372835));
#4099=DIRECTION('ref_axis',(0.,0.0174524064372835,-0.999847695156391));
#4100=DIRECTION('',(0.0139600542459007,0.01745070576476,-0.99975026369277));
#4101=DIRECTION('',(1.,0.,0.));
#4102=DIRECTION('',(0.017449749160683,-0.0174497491606826,0.999695459881887));
#4103=DIRECTION('',(1.,0.,0.));
#4104=DIRECTION('',(0.0174497491606827,-0.0174497491606828,0.999695459881887));
#4105=DIRECTION('',(1.,0.,0.));
#4106=DIRECTION('',(0.0174497491606826,0.0174497491606828,-0.999695459881887));
#4107=DIRECTION('',(1.,0.,0.));
#4108=DIRECTION('',(0.0174497491606826,-0.0174497491606828,0.999695459881887));
#4109=DIRECTION('',(1.,0.,0.));
#4110=DIRECTION('',(0.0174497491606827,0.0174497491606828,-0.999695459881887));
#4111=DIRECTION('',(1.,0.,0.));
#4112=DIRECTION('',(0.017449749160683,0.0174497491606827,-0.999695459881887));
#4113=DIRECTION('',(1.,0.,0.));
#4114=DIRECTION('',(0.013960054245901,-0.0174507057647601,0.99975026369277));
#4115=DIRECTION('center_axis',(0.,1.,0.));
#4116=DIRECTION('ref_axis',(0.,0.,1.));
#4117=DIRECTION('',(8.65956056235509E-17,-0.707106781186534,0.707106781186561));
#4118=DIRECTION('center_axis',(0.,-1.,0.));
#4119=DIRECTION('ref_axis',(0.,0.,1.));
#4120=DIRECTION('center_axis',(0.,1.,0.));
#4121=DIRECTION('ref_axis',(0.,0.,1.));
#4122=DIRECTION('',(0.,1.,0.));
#4123=DIRECTION('',(-1.03771218645732E-14,0.713250449154178,-0.700909264299854));
#4124=DIRECTION('center_axis',(1.,0.,0.));
#4125=DIRECTION('ref_axis',(0.,0.707084394841946,0.707129166822441));
#4126=DIRECTION('center_axis',(-1.,0.,0.));
#4127=DIRECTION('ref_axis',(0.,0.707084394841946,0.707129166822441));
#4128=DIRECTION('',(-1.,0.,0.));
#4129=DIRECTION('center_axis',(1.,0.,0.));
#4130=DIRECTION('ref_axis',(0.,0.707084394841946,0.707129166822441));
#4131=DIRECTION('',(1.,0.,0.));
#4132=DIRECTION('center_axis',(1.,0.,0.));
#4133=DIRECTION('ref_axis',(0.,0.,-1.));
#4134=DIRECTION('',(0.,-0.866035956448558,0.499981721804139));
#4135=DIRECTION('',(0.,-1.,0.));
#4136=DIRECTION('',(0.,-0.866035956448558,-0.499981721804138));
#4137=DIRECTION('center_axis',(1.,0.,0.));
#4138=DIRECTION('ref_axis',(0.,-0.707084394841947,0.707129166822439));
#4139=DIRECTION('',(0.,-0.500036555723538,-0.866004297298888));
#4140=DIRECTION('',(0.,-1.,0.));
#4141=DIRECTION('',(0.,0.500036555723538,0.866004297298888));
#4142=DIRECTION('',(0.,0.999999280122056,0.00119989806685754));
#4143=DIRECTION('',(0.,0.500036555723538,-0.866004297298888));
#4144=DIRECTION('',(0.,-1.,0.));
#4145=DIRECTION('',(0.,-0.500036555723541,0.866004297298887));
#4146=DIRECTION('center_axis',(0.,-0.499981721804139,-0.866035956448558));
#4147=DIRECTION('ref_axis',(-1.,0.,0.));
#4148=DIRECTION('',(0.,0.866035956448558,-0.499981721804139));
#4149=DIRECTION('',(-1.,0.,0.));
#4150=DIRECTION('center_axis',(-1.,0.,0.));
#4151=DIRECTION('ref_axis',(0.,-0.707084394841947,0.707129166822439));
#4152=DIRECTION('',(1.,0.,0.));
#4153=DIRECTION('center_axis',(-1.,0.,0.));
#4154=DIRECTION('ref_axis',(0.,-0.707084394841947,0.707129166822439));
#4155=DIRECTION('',(-1.,0.,0.));
#4156=DIRECTION('center_axis',(1.,0.,0.));
#4157=DIRECTION('ref_axis',(0.,0.,-1.));
#4158=DIRECTION('',(0.,-0.500036555723541,0.866004297298887));
#4159=DIRECTION('',(0.,1.,0.));
#4160=DIRECTION('',(0.,0.500036555723538,-0.866004297298888));
#4161=DIRECTION('',(0.,0.999999280122055,0.00119989806685754));
#4162=DIRECTION('',(0.,0.500036555723538,0.866004297298888));
#4163=DIRECTION('',(0.,1.,0.));
#4164=DIRECTION('',(0.,-0.500036555723538,-0.866004297298888));
#4165=DIRECTION('',(0.,0.866035956448558,0.499981721804138));
#4166=DIRECTION('',(0.,-1.,0.));
#4167=DIRECTION('center_axis',(0.,0.499981721804138,-0.866035956448558));
#4168=DIRECTION('ref_axis',(-1.,0.,0.));
#4169=DIRECTION('',(1.,0.,0.));
#4170=DIRECTION('center_axis',(-1.,0.,0.));
#4171=DIRECTION('ref_axis',(0.,-0.707084394841947,0.707129166822439));
#4172=DIRECTION('center_axis',(1.,0.,0.));
#4173=DIRECTION('ref_axis',(0.,-0.707084394841947,0.707129166822439));
#4174=DIRECTION('',(1.,0.,0.));
#4175=DIRECTION('center_axis',(-1.,0.,0.));
#4176=DIRECTION('ref_axis',(0.,-0.707084394841947,0.707129166822439));
#4177=DIRECTION('',(-1.,0.,0.));
#4178=DIRECTION('center_axis',(1.,0.,0.));
#4179=DIRECTION('ref_axis',(0.,0.,-1.));
#4180=DIRECTION('',(0.,0.866035956448558,0.499981721804138));
#4181=DIRECTION('',(0.,-1.,0.));
#4182=DIRECTION('',(0.,0.866035956448559,-0.499981721804138));
#4183=DIRECTION('center_axis',(-1.,0.,0.));
#4184=DIRECTION('ref_axis',(0.,0.707084394841946,0.707129166822441));
#4185=DIRECTION('',(0.,-0.500036555723541,0.866004297298887));
#4186=DIRECTION('',(0.,1.,0.));
#4187=DIRECTION('',(0.,0.500036555723538,-0.866004297298888));
#4188=DIRECTION('',(0.,0.999999280122055,0.00119989806685754));
#4189=DIRECTION('',(0.,0.500036555723538,0.866004297298888));
#4190=DIRECTION('',(0.,1.,0.));
#4191=DIRECTION('',(0.,-0.500036555723538,-0.866004297298888));
#4192=DIRECTION('center_axis',(0.,0.499981721804138,-0.866035956448558));
#4193=DIRECTION('ref_axis',(-1.,0.,0.));
#4194=DIRECTION('',(0.,-0.866035956448558,-0.499981721804138));
#4195=DIRECTION('',(1.,0.,0.));
#4196=DIRECTION('center_axis',(1.,0.,0.));
#4197=DIRECTION('ref_axis',(0.,0.707084394841946,0.707129166822441));
#4198=DIRECTION('',(-1.,0.,0.));
#4199=DIRECTION('center_axis',(1.,0.,0.));
#4200=DIRECTION('ref_axis',(0.,0.707084394841946,0.707129166822441));
#4201=DIRECTION('',(1.,0.,0.));
#4202=DIRECTION('center_axis',(-1.,0.,0.));
#4203=DIRECTION('ref_axis',(0.,0.,1.));
#4204=DIRECTION('',(0.,0.500036555723538,0.866004297298888));
#4205=DIRECTION('',(0.,-1.,0.));
#4206=DIRECTION('',(0.,-0.500036555723538,-0.866004297298888));
#4207=DIRECTION('',(0.,-0.999999280122056,-0.00119989806685754));
#4208=DIRECTION('',(0.,-0.500036555723538,0.866004297298888));
#4209=DIRECTION('',(0.,-1.,0.));
#4210=DIRECTION('',(0.,0.500036555723541,-0.866004297298887));
#4211=DIRECTION('',(0.,-0.866035956448559,0.499981721804138));
#4212=DIRECTION('',(0.,1.,0.));
#4213=DIRECTION('center_axis',(0.,-0.499981721804138,-0.866035956448559));
#4214=DIRECTION('ref_axis',(-1.,0.,0.));
#4215=DIRECTION('',(-1.,0.,0.));
#4216=DIRECTION('center_axis',(0.,0.,1.));
#4217=DIRECTION('ref_axis',(0.,-1.,0.));
#4218=DIRECTION('center_axis',(0.,0.866004297298887,0.500036555723541));
#4219=DIRECTION('ref_axis',(0.,-0.500036555723541,0.866004297298887));
#4220=DIRECTION('',(-1.,0.,0.));
#4221=DIRECTION('center_axis',(0.,0.,1.));
#4222=DIRECTION('ref_axis',(0.,-1.,0.));
#4223=DIRECTION('center_axis',(0.,0.866004297298887,0.500036555723541));
#4224=DIRECTION('ref_axis',(0.,-0.500036555723541,0.866004297298887));
#4225=DIRECTION('',(-1.,0.,0.));
#4226=DIRECTION('center_axis',(0.,0.,-1.));
#4227=DIRECTION('ref_axis',(-1.,0.,0.));
#4228=DIRECTION('',(0.0174524064372763,0.999847695156391,0.));
#4229=DIRECTION('',(0.0174524064372851,-0.999847695156391,0.));
#4230=DIRECTION('',(0.,-1.,0.));
#4231=DIRECTION('center_axis',(0.,0.,-1.));
#4232=DIRECTION('ref_axis',(-0.707106781186297,-0.707106781186798,0.));
#4233=DIRECTION('',(0.,-1.,0.));
#4234=DIRECTION('center_axis',(0.,0.,1.));
#4235=DIRECTION('ref_axis',(0.707106781186297,0.707106781186798,0.));
#4236=DIRECTION('',(1.,0.,0.));
#4237=DIRECTION('center_axis',(0.,0.,1.));
#4238=DIRECTION('ref_axis',(0.707106781186297,-0.707106781186798,0.));
#4239=DIRECTION('',(0.,1.,0.));
#4240=DIRECTION('center_axis',(0.,0.,-1.));
#4241=DIRECTION('ref_axis',(0.707106781186297,-0.707106781186798,0.));
#4242=DIRECTION('center_axis',(0.,0.,-1.));
#4243=DIRECTION('ref_axis',(-0.707106781186297,-0.707106781186798,0.));
#4244=DIRECTION('',(0.,-1.,0.));
#4245=DIRECTION('center_axis',(0.,0.,1.));
#4246=DIRECTION('ref_axis',(0.707106781186297,0.707106781186798,0.));
#4247=DIRECTION('',(1.,0.,0.));
#4248=DIRECTION('center_axis',(0.,0.,1.));
#4249=DIRECTION('ref_axis',(0.707106781186297,-0.707106781186798,0.));
#4250=DIRECTION('',(0.,1.,0.));
#4251=DIRECTION('center_axis',(0.,0.,-1.));
#4252=DIRECTION('ref_axis',(0.707106781186297,-0.707106781186798,0.));
#4253=DIRECTION('',(0.,1.,0.));
#4254=DIRECTION('',(1.,0.,0.));
#4255=DIRECTION('',(1.,0.,0.));
#4256=DIRECTION('',(1.,0.,0.));
#4257=DIRECTION('',(-1.,0.,0.));
#4258=DIRECTION('',(-1.,0.,0.));
#4259=DIRECTION('',(1.,0.,0.));
#4260=DIRECTION('center_axis',(0.,0.866004297298888,-0.500036555723538));
#4261=DIRECTION('ref_axis',(0.,0.500036555723538,0.866004297298888));
#4262=DIRECTION('',(1.,0.,0.));
#4263=DIRECTION('center_axis',(0.,0.00119989806685754,-0.999999280122056));
#4264=DIRECTION('ref_axis',(0.,0.999999280122055,0.00119989806685754));
#4265=DIRECTION('',(1.,0.,0.));
#4266=DIRECTION('center_axis',(0.,-0.866004297298888,-0.500036555723538));
#4267=DIRECTION('ref_axis',(0.,0.500036555723538,-0.866004297298888));
#4268=DIRECTION('center_axis',(0.,-0.866004297298888,0.500036555723538));
#4269=DIRECTION('ref_axis',(0.,-0.500036555723538,-0.866004297298888));
#4270=DIRECTION('center_axis',(0.,0.866004297298888,-0.500036555723538));
#4271=DIRECTION('ref_axis',(0.,0.500036555723538,0.866004297298888));
#4272=DIRECTION('',(1.,0.,0.));
#4273=DIRECTION('center_axis',(0.,-0.866004297298888,0.500036555723538));
#4274=DIRECTION('ref_axis',(0.,-0.500036555723538,-0.866004297298888));
#4275=DIRECTION('center_axis',(0.,0.00119989806685754,-0.999999280122056));
#4276=DIRECTION('ref_axis',(0.,0.999999280122055,0.00119989806685754));
#4277=DIRECTION('',(1.,0.,0.));
#4278=DIRECTION('center_axis',(0.,-0.866004297298888,-0.500036555723538));
#4279=DIRECTION('ref_axis',(0.,0.500036555723538,-0.866004297298888));
#4280=DIRECTION('center_axis',(0.999847695156391,0.,-0.0174524064372835));
#4281=DIRECTION('ref_axis',(-0.0174524064372835,0.,-0.999847695156391));
#4282=DIRECTION('',(-0.0174524064372578,0.,-0.999847695156392));
#4283=DIRECTION('',(0.,-1.,0.));
#4284=DIRECTION('center_axis',(0.999902524009304,0.,0.0139621803391416));
#4285=DIRECTION('ref_axis',(0.0139621803391416,0.,-0.999902524009304));
#4286=DIRECTION('',(-0.0139621803391416,0.,0.999902524009304));
#4287=DIRECTION('',(0.,1.,0.));
#4288=DIRECTION('center_axis',(0.999902524009251,-2.74798736827657E-12,
0.0139621803429645));
#4289=DIRECTION('ref_axis',(0.0139617783303414,-0.00758848506539821,-0.999873733848563));
#4290=DIRECTION('',(0.,-1.,0.));
#4291=DIRECTION('',(-0.000243697393438362,0.999847665466704,0.0174524059190481));
#4292=DIRECTION('center_axis',(0.,0.0174524064372835,-0.999847695156391));
#4293=DIRECTION('ref_axis',(0.,0.999847695156391,0.0174524064372835));
#4294=DIRECTION('',(-1.,0.,0.));
#4295=DIRECTION('',(0.000304632873382619,-0.999847648762863,-0.0174524056274815));
#4296=DIRECTION('',(-0.000304632873380994,-0.999847648762863,-0.0174524056274817));
#4297=DIRECTION('center_axis',(0.,0.,-1.));
#4298=DIRECTION('ref_axis',(-1.,0.,0.));
#4299=DIRECTION('',(-1.,0.,0.));
#4300=DIRECTION('center_axis',(-0.999847695156391,0.,-0.0174524064372835));
#4301=DIRECTION('ref_axis',(-0.0174524064372835,0.,0.999847695156391));
#4302=DIRECTION('',(-0.0174524064372882,0.,0.999847695156391));
#4303=DIRECTION('',(0.,1.,0.));
#4304=DIRECTION('center_axis',(-0.999902524009304,0.,0.013962180339142));
#4305=DIRECTION('ref_axis',(0.013962180339142,0.,0.999902524009304));
#4306=DIRECTION('',(-0.013962180339142,0.,-0.999902524009304));
#4307=DIRECTION('',(-0.000243697393439151,-0.999847665466704,-0.0174524059190481));
#4308=DIRECTION('',(0.,1.,0.));
#4309=DIRECTION('',(0.,-1.,0.));
#4310=DIRECTION('center_axis',(0.999847695156391,0.0174524064372835,0.));
#4311=DIRECTION('ref_axis',(-0.0174524064372835,0.999847695156391,0.));
#4312=DIRECTION('',(-0.0174497491606823,0.999695459881887,0.0174497491606827));
#4313=DIRECTION('',(0.,0.,1.));
#4314=DIRECTION('center_axis',(0.,0.0174524064372835,-0.999847695156391));
#4315=DIRECTION('ref_axis',(0.,0.999847695156391,0.0174524064372835));
#4316=DIRECTION('',(-1.,0.,0.));
#4317=DIRECTION('center_axis',(0.,1.,0.));
#4318=DIRECTION('ref_axis',(0.,0.,1.));
#4319=DIRECTION('center_axis',(0.,1.,0.));
#4320=DIRECTION('ref_axis',(0.,0.,1.));
#4321=DIRECTION('center_axis',(0.,1.,0.));
#4322=DIRECTION('ref_axis',(0.,0.,1.));
#4323=DIRECTION('',(0.,1.,0.));
#4324=DIRECTION('center_axis',(3.84663448159028E-14,0.999847695156391,0.0174524064373125));
#4325=DIRECTION('ref_axis',(0.9998490534746,-0.000303225336842232,0.0173717679106651));
#4326=DIRECTION('center_axis',(0.,1.,0.));
#4327=DIRECTION('ref_axis',(0.,0.,1.));
#4328=DIRECTION('center_axis',(0.,0.,-1.));
#4329=DIRECTION('ref_axis',(-1.,0.,0.));
#4330=DIRECTION('',(-1.,0.,0.));
#4331=DIRECTION('center_axis',(0.715474021164313,-0.698639338313388,0.));
#4332=DIRECTION('ref_axis',(0.698639338313388,0.715474021164313,0.));
#4333=DIRECTION('center_axis',(0.715474021164313,-0.698639338313388,0.));
#4334=DIRECTION('ref_axis',(0.698639338313388,0.715474021164313,0.));
#4335=DIRECTION('',(0.715474021164313,-0.698639338313388,0.));
#4336=DIRECTION('center_axis',(-0.715474021164313,0.698639338313388,0.));
#4337=DIRECTION('ref_axis',(0.698639338313388,0.715474021164313,-8.67361737988411E-15));
#4338=DIRECTION('center_axis',(0.,-1.,0.));
#4339=DIRECTION('ref_axis',(0.,0.,-1.));
#4340=DIRECTION('center_axis',(3.84663448159014E-14,-0.999847695156391,
-0.0174524064373126));
#4341=DIRECTION('ref_axis',(-0.9998490534746,-0.000303225336842232,0.0173717679106651));
#4342=DIRECTION('',(0.,-1.,0.));
#4343=DIRECTION('center_axis',(0.,1.,0.));
#4344=DIRECTION('ref_axis',(0.,0.,-1.));
#4345=DIRECTION('center_axis',(0.,0.999847695156391,0.0174524064372835));
#4346=DIRECTION('ref_axis',(0.,-0.0174524064372835,0.999847695156391));
#4347=DIRECTION('',(0.0174497491606829,0.0174497491606829,-0.999695459881887));
#4348=DIRECTION('',(0.0174497491606864,-0.0174497491606829,0.999695459881887));
#4349=DIRECTION('center_axis',(0.,0.,1.));
#4350=DIRECTION('ref_axis',(1.,0.,0.));
#4351=DIRECTION('center_axis',(1.,-6.00549641326148E-14,6.11123754860227E-14));
#4352=DIRECTION('ref_axis',(6.11123754860227E-14,4.97048727319542E-28,-1.));
#4353=DIRECTION('center_axis',(-2.96034278616809E-16,2.96034278616808E-16,
1.));
#4354=DIRECTION('ref_axis',(1.,-1.50360109581002E-32,2.96034278616809E-16));
#4355=DIRECTION('center_axis',(1.,0.,0.));
#4356=DIRECTION('ref_axis',(0.,0.,-1.));
#4357=DIRECTION('center_axis',(1.,0.,0.));
#4358=DIRECTION('ref_axis',(0.,0.,-1.));
#4359=DIRECTION('',(1.,0.,0.));
#4360=DIRECTION('center_axis',(0.,0.,1.));
#4361=DIRECTION('ref_axis',(1.,0.,0.));
#4362=DIRECTION('center_axis',(-1.3113776793884E-15,-3.22002243154024E-15,
1.));
#4363=DIRECTION('ref_axis',(-9.81199173832374E-32,-1.,-3.22002243154024E-15));
#4364=DIRECTION('center_axis',(-0.698532932158227,-0.715365051005413,0.0174524064372835));
#4365=DIRECTION('ref_axis',(0.715474021164313,-0.698639338313388,1.73472347597681E-18));
#4366=DIRECTION('',(0.0121929376853201,0.0124867434126772,0.999847695156391));
#4367=DIRECTION('',(-0.0174519349133491,-0.00735082825878117,-0.999820681568295));
#4368=DIRECTION('center_axis',(0.,-1.,0.));
#4369=DIRECTION('ref_axis',(0.,0.,1.));
#4370=DIRECTION('center_axis',(0.0174519349133494,0.0073508282587815,0.999820681568295));
#4371=DIRECTION('ref_axis',(-0.999847695156391,-8.65011729779541E-15,0.0174524064372836));
#4372=DIRECTION('center_axis',(-0.999847695156391,0.,0.0174524064372835));
#4373=DIRECTION('ref_axis',(0.0174524064372835,0.,0.999847695156391));
#4374=DIRECTION('',(0.017451934913349,0.00735082825878157,0.999820681568295));
#4375=DIRECTION('center_axis',(0.999847695156391,0.,0.0174524064372835));
#4376=DIRECTION('ref_axis',(0.0174524064372835,0.,-0.999847695156391));
#4377=DIRECTION('',(0.0174524064372835,0.,-0.999847695156391));
#4378=DIRECTION('center_axis',(0.,0.,-1.));
#4379=DIRECTION('ref_axis',(-1.,0.,0.));
#4380=DIRECTION('',(1.87068058215565E-17,-0.0174524064372836,-0.999847695156391));
#4381=DIRECTION('center_axis',(0.,-0.999847695156391,0.0174524064372835));
#4382=DIRECTION('ref_axis',(0.,-0.0174524064372835,-0.999847695156391));
#4383=DIRECTION('',(0.,-0.0174524064372835,-0.999847695156391));
#4384=DIRECTION('center_axis',(0.,0.,-1.));
#4385=DIRECTION('ref_axis',(-1.,0.,0.));
#4386=DIRECTION('center_axis',(-0.0174519349133494,-0.0073508282587815,
-0.999820681568295));
#4387=DIRECTION('ref_axis',(-0.999847695156391,2.08166817117217E-17,0.0174524064372835));
#4388=DIRECTION('center_axis',(0.,0.0174524064372835,-0.999847695156391));
#4389=DIRECTION('ref_axis',(0.,0.999847695156391,0.0174524064372835));
#4390=DIRECTION('',(-0.0174497491606827,-0.999695459881887,-0.0174497491606827));
#4391=DIRECTION('',(-1.,0.,0.));
#4392=DIRECTION('center_axis',(0.,1.,0.));
#4393=DIRECTION('ref_axis',(0.,0.,1.));
#4394=DIRECTION('',(0.,0.,-1.));
#4395=DIRECTION('center_axis',(0.,1.,0.));
#4396=DIRECTION('ref_axis',(0.,0.,1.));
#4397=DIRECTION('center_axis',(0.0174497491606827,-0.0174497491606827,0.999695459881888));
#4398=DIRECTION('ref_axis',(0.999847695156391,1.03541307472366E-17,-0.0174524064372835));
#4399=DIRECTION('',(0.0174497491606828,-0.0174497491606828,0.999695459881887));
#4400=DIRECTION('center_axis',(-0.0174497491606827,0.0174497491606827,-0.999695459881888));
#4401=DIRECTION('ref_axis',(0.999847695156391,-2.74845250725075E-17,-0.0174524064372835));
#4402=DIRECTION('center_axis',(0.0174497491606827,0.0174497491606827,-0.999695459881888));
#4403=DIRECTION('ref_axis',(-0.999847695156391,1.03541307472366E-17,-0.0174524064372835));
#4404=DIRECTION('center_axis',(0.0174497491606827,0.0174497491606827,-0.999695459881888));
#4405=DIRECTION('ref_axis',(-0.999847695156391,-2.74845250725075E-17,-0.0174524064372835));
#4406=DIRECTION('',(0.0174497491606827,0.0174497491606827,-0.999695459881887));
#4407=DIRECTION('center_axis',(1.,0.,0.));
#4408=DIRECTION('ref_axis',(0.,0.,-1.));
#4409=DIRECTION('center_axis',(-1.,0.,0.));
#4410=DIRECTION('ref_axis',(0.,0.,1.));
#4411=DIRECTION('center_axis',(1.,0.,0.));
#4412=DIRECTION('ref_axis',(0.,0.,1.));
#4413=DIRECTION('',(1.,0.,0.));
#4414=DIRECTION('center_axis',(0.0174497491606796,-0.0174497491606796,0.999695459881888));
#4415=DIRECTION('ref_axis',(5.09575021068187E-18,-0.999847695156391,-0.0174524064372804));
#4416=DIRECTION('center_axis',(0.0174497491606827,-0.0174497491606827,0.999695459881888));
#4417=DIRECTION('ref_axis',(0.999847695156391,1.03541307472366E-17,-0.0174524064372835));
#4418=DIRECTION('',(0.0174497491606827,-0.0174497491606826,0.999695459881887));
#4419=DIRECTION('center_axis',(0.0174497491606827,0.0174497491606827,-0.999695459881888));
#4420=DIRECTION('ref_axis',(-0.999847695156391,1.03541307472366E-17,-0.0174524064372835));
#4421=DIRECTION('center_axis',(0.0174497491606827,0.0174497491606827,-0.999695459881888));
#4422=DIRECTION('ref_axis',(-0.999847695156391,-2.74845250725075E-17,-0.0174524064372835));
#4423=DIRECTION('',(0.0174497491606827,0.0174497491606827,-0.999695459881887));
#4424=DIRECTION('center_axis',(1.,8.82633716958149E-15,8.98174595663082E-15));
#4425=DIRECTION('ref_axis',(8.98174595663082E-15,2.71964670995022E-30,-1.));
#4426=DIRECTION('center_axis',(-1.,0.,0.));
#4427=DIRECTION('ref_axis',(0.,0.,1.));
#4428=DIRECTION('center_axis',(1.,0.,0.));
#4429=DIRECTION('ref_axis',(0.,0.,1.));
#4430=DIRECTION('',(1.,0.,0.));
#4431=DIRECTION('center_axis',(-0.999847695156391,0.0174524064372835,0.));
#4432=DIRECTION('ref_axis',(-0.0174524064372835,-0.999847695156391,0.));
#4433=DIRECTION('center_axis',(0.,1.,0.));
#4434=DIRECTION('ref_axis',(0.,0.,1.));
#4435=DIRECTION('center_axis',(0.,1.,0.));
#4436=DIRECTION('ref_axis',(0.,0.,1.));
#4437=DIRECTION('center_axis',(0.999847695156391,0.,-0.0174524064372835));
#4438=DIRECTION('ref_axis',(-0.0174524064372835,0.,-0.999847695156391));
#4439=DIRECTION('',(0.0174497491606825,-0.0174497491613898,0.999695459881875));
#4440=DIRECTION('',(0.,-1.,0.));
#4441=DIRECTION('center_axis',(-0.999847695156391,0.,-0.0174524064372835));
#4442=DIRECTION('ref_axis',(-0.0174524064372835,0.,0.999847695156391));
#4443=DIRECTION('',(0.,1.,0.));
#4444=DIRECTION('',(0.0174497491606827,0.0174497491606826,-0.999695459881887));
#4445=DIRECTION('center_axis',(0.,1.,0.));
#4446=DIRECTION('ref_axis',(0.,0.,1.));
#4447=DIRECTION('',(0.,-1.,0.));
#4448=DIRECTION('center_axis',(0.,0.,-1.));
#4449=DIRECTION('ref_axis',(-1.,0.,0.));
#4450=DIRECTION('',(0.,1.,0.));
#4451=DIRECTION('',(1.,0.,0.));
#4452=DIRECTION('center_axis',(0.,-1.,0.));
#4453=DIRECTION('ref_axis',(0.,0.,-1.));
#4454=DIRECTION('',(0.,-1.,0.));
#4455=DIRECTION('center_axis',(0.999847695156391,0.,-0.0174524064372835));
#4456=DIRECTION('ref_axis',(-0.0174524064372835,0.,-0.999847695156391));
#4457=DIRECTION('',(0.0174497491606825,-0.01744974916139,0.999695459881875));
#4458=DIRECTION('center_axis',(-0.999847695156391,0.,-0.0174524064372835));
#4459=DIRECTION('ref_axis',(-0.0174524064372835,0.,0.999847695156391));
#4460=DIRECTION('',(0.,1.,0.));
#4461=DIRECTION('',(0.0174497491606828,0.0174497491606825,-0.999695459881887));
#4462=DIRECTION('center_axis',(0.,-1.,0.));
#4463=DIRECTION('ref_axis',(0.,0.,-1.));
#4464=DIRECTION('',(0.,-1.,0.));
#4465=DIRECTION('center_axis',(0.,0.,1.));
#4466=DIRECTION('ref_axis',(1.,0.,0.));
#4467=DIRECTION('',(0.,-1.,0.));
#4468=DIRECTION('',(-1.,0.,0.));
#4469=DIRECTION('center_axis',(0.,1.,0.));
#4470=DIRECTION('ref_axis',(0.,0.,1.));
#4471=DIRECTION('center_axis',(0.0174497491606827,-0.0174497491606827,0.999695459881888));
#4472=DIRECTION('ref_axis',(0.999847695156391,-2.74845250725075E-17,-0.0174524064372835));
#4473=DIRECTION('',(-0.0174497491606827,0.0174497491606827,-0.999695459881887));
#4474=DIRECTION('center_axis',(-0.0174497491606827,0.0174497491606827,-0.999695459881888));
#4475=DIRECTION('ref_axis',(0.999847695156391,-2.74845250725075E-17,-0.0174524064372835));
#4476=DIRECTION('center_axis',(-0.0174497491606827,-0.0174497491606827,
0.999695459881888));
#4477=DIRECTION('ref_axis',(0.999847695156391,2.74845250725075E-17,0.0174524064372835));
#4478=DIRECTION('center_axis',(0.0174497491606827,0.0174497491606827,-0.999695459881888));
#4479=DIRECTION('ref_axis',(0.999847695156391,-2.59854529387204E-14,0.0174524064372831));
#4480=DIRECTION('',(-0.0174497491606827,-0.0174497491606827,0.999695459881887));
#4481=DIRECTION('center_axis',(1.,0.,0.));
#4482=DIRECTION('ref_axis',(0.,0.,-1.));
#4483=DIRECTION('center_axis',(-1.,0.,0.));
#4484=DIRECTION('ref_axis',(0.,0.,1.));
#4485=DIRECTION('center_axis',(1.,0.,0.));
#4486=DIRECTION('ref_axis',(0.,0.,1.));
#4487=DIRECTION('',(-1.,0.,0.));
#4488=DIRECTION('center_axis',(0.0174497491606882,-0.0174497491606883,0.999695459881887));
#4489=DIRECTION('ref_axis',(6.3425827090402E-18,-0.999847695156391,-0.0174524064372892));
#4490=DIRECTION('center_axis',(0.0174497491606827,-0.0174497491606827,0.999695459881888));
#4491=DIRECTION('ref_axis',(0.999847695156391,-2.74845250725075E-17,-0.0174524064372835));
#4492=DIRECTION('',(-0.0174497491606827,0.0174497491606827,-0.999695459881887));
#4493=DIRECTION('center_axis',(-0.0174497491606827,-0.0174497491606827,
0.999695459881888));
#4494=DIRECTION('ref_axis',(0.999847695156391,2.74845250725075E-17,0.0174524064372835));
#4495=DIRECTION('center_axis',(0.0174497491606827,0.0174497491606827,-0.999695459881888));
#4496=DIRECTION('ref_axis',(0.999847695156391,-2.59854529387204E-14,0.0174524064372831));
#4497=DIRECTION('',(-0.0174497491606827,-0.0174497491606827,0.999695459881887));
#4498=DIRECTION('center_axis',(1.,-8.8263371695816E-15,-8.98174595663086E-15));
#4499=DIRECTION('ref_axis',(-8.98174595663086E-15,2.71964670995029E-30,
-1.));
#4500=DIRECTION('center_axis',(1.,0.,0.));
#4501=DIRECTION('ref_axis',(0.,0.,-1.));
#4502=DIRECTION('center_axis',(1.,0.,0.));
#4503=DIRECTION('ref_axis',(0.,0.,-1.));
#4504=DIRECTION('',(-1.,0.,0.));
#4505=DIRECTION('center_axis',(0.,-0.999847695156391,-0.0174524064372835));
#4506=DIRECTION('ref_axis',(0.,0.0174524064372835,-0.999847695156391));
#4507=DIRECTION('center_axis',(0.,-0.999847695156391,-0.0174524064372835));
#4508=DIRECTION('ref_axis',(0.,0.0174524064372835,-0.999847695156391));
#4509=DIRECTION('',(0.,0.,1.));
#4510=DIRECTION('',(1.,0.,0.));
#4511=CARTESIAN_POINT('',(0.,0.,0.));
#4512=CARTESIAN_POINT('',(0.,0.,0.));
#4513=CARTESIAN_POINT('Origin',(-5.55111512312578E-16,-11.6,5.2));
#4514=CARTESIAN_POINT('',(1.14345922533337,-9.09899999999999,5.2));
#4515=CARTESIAN_POINT('',(1.14345922533339,-14.101,5.2));
#4516=CARTESIAN_POINT('Origin',(0.,-11.6,5.2));
#4517=CARTESIAN_POINT('',(2.751,-14.101,5.2));
#4518=CARTESIAN_POINT('',(2.15468982860547,-14.101,5.2));
#4519=CARTESIAN_POINT('',(2.751,-9.09899999999999,5.2));
#4520=CARTESIAN_POINT('',(2.751,-10.3495,5.2));
#4521=CARTESIAN_POINT('',(-2.15468982860547,-9.09899999999999,5.2));
#4522=CARTESIAN_POINT('Origin',(-4.30937965721093,-9.09899999999999,5.5));
#4523=CARTESIAN_POINT('',(2.751,-9.09899999999999,5.4));
#4524=CARTESIAN_POINT('',(2.751,-9.09899999999999,5.4));
#4525=CARTESIAN_POINT('',(4.30937965721093,-9.09899999999999,5.4));
#4526=CARTESIAN_POINT('',(-2.15468982860547,-9.09899999999999,5.4));
#4527=CARTESIAN_POINT('',(4.30937965721093,-9.09899999999999,5.5));
#4528=CARTESIAN_POINT('',(4.30937965721093,-9.09899999999999,5.5));
#4529=CARTESIAN_POINT('',(4.30937965721093,-9.09899999999999,5.6));
#4530=CARTESIAN_POINT('',(4.30937965721093,-9.09899999999999,5.5));
#4531=CARTESIAN_POINT('',(1.14345922533337,-9.09899999999999,5.6));
#4532=CARTESIAN_POINT('',(-2.15468982860547,-9.09899999999999,5.6));
#4533=CARTESIAN_POINT('',(1.14345922533337,-9.09899999999999,5.5));
#4534=CARTESIAN_POINT('Origin',(2.751,-9.09899999999999,5.3));
#4535=CARTESIAN_POINT('',(2.751,-14.101,5.4));
#4536=CARTESIAN_POINT('',(2.751,-14.101,5.4));
#4537=CARTESIAN_POINT('',(2.751,-10.3495,5.4));
#4538=CARTESIAN_POINT('Origin',(4.30937965721093,-14.101,5.5));
#4539=CARTESIAN_POINT('',(1.14345922533339,-14.101,5.6));
#4540=CARTESIAN_POINT('',(1.14345922533339,-14.101,5.5));
#4541=CARTESIAN_POINT('',(4.30937965721093,-14.101,5.6));
#4542=CARTESIAN_POINT('',(2.15468982860547,-14.101,5.6));
#4543=CARTESIAN_POINT('',(4.30937965721093,-14.101,5.5));
#4544=CARTESIAN_POINT('',(4.30937965721093,-14.101,5.5));
#4545=CARTESIAN_POINT('',(4.30937965721093,-14.101,5.4));
#4546=CARTESIAN_POINT('',(4.30937965721093,-14.101,5.5));
#4547=CARTESIAN_POINT('',(2.15468982860547,-14.101,5.4));
#4548=CARTESIAN_POINT('Origin',(-5.55111512312578E-16,-11.6,5.2));
#4549=CARTESIAN_POINT('',(-2.751,-14.101,5.2));
#4550=CARTESIAN_POINT('',(-2.751,-9.09899999999999,5.2));
#4551=CARTESIAN_POINT('',(-2.751,-12.8505,5.2));
#4552=CARTESIAN_POINT('',(-1.14345922533339,-14.101,5.2));
#4553=CARTESIAN_POINT('',(2.15468982860547,-14.101,5.2));
#4554=CARTESIAN_POINT('',(-2.75,-11.6,5.2));
#4555=CARTESIAN_POINT('Origin',(0.,-11.6,5.2));
#4556=CARTESIAN_POINT('',(-1.14345922533337,-9.09899999999999,5.2));
#4557=CARTESIAN_POINT('Origin',(0.,-11.6,5.2));
#4558=CARTESIAN_POINT('',(-2.15468982860547,-9.09899999999999,5.2));
#4559=CARTESIAN_POINT('Origin',(4.30937965721093,-14.101,5.5));
#4560=CARTESIAN_POINT('',(-2.751,-14.101,5.4));
#4561=CARTESIAN_POINT('',(-2.751,-14.101,5.4));
#4562=CARTESIAN_POINT('',(-4.30937965721093,-14.101,5.4));
#4563=CARTESIAN_POINT('',(2.15468982860547,-14.101,5.4));
#4564=CARTESIAN_POINT('',(-4.30937965721093,-14.101,5.5));
#4565=CARTESIAN_POINT('',(-4.30937965721093,-14.101,5.5));
#4566=CARTESIAN_POINT('',(-4.30937965721093,-14.101,5.6));
#4567=CARTESIAN_POINT('',(-4.30937965721093,-14.101,5.5));
#4568=CARTESIAN_POINT('',(-1.14345922533339,-14.101,5.6));
#4569=CARTESIAN_POINT('',(2.15468982860547,-14.101,5.6));
#4570=CARTESIAN_POINT('',(-1.14345922533339,-14.101,5.5));
#4571=CARTESIAN_POINT('Origin',(0.,-11.6,5.4));
#4572=CARTESIAN_POINT('Origin',(0.,-11.6,5.4));
#4573=CARTESIAN_POINT('Origin',(0.,-11.6,5.5));
#4574=CARTESIAN_POINT('Origin',(0.,-11.6,5.5));
#4575=CARTESIAN_POINT('Origin',(0.,-11.6,5.4));
#4576=CARTESIAN_POINT('',(-2.751,-9.09899999999999,5.4));
#4577=CARTESIAN_POINT('',(-2.751,-12.8505,5.4));
#4578=CARTESIAN_POINT('',(-4.30937965721093,-9.09899999999999,5.4));
#4579=CARTESIAN_POINT('',(-2.15468982860547,-9.09899999999999,5.4));
#4580=CARTESIAN_POINT('Origin',(0.,-11.6,5.4));
#4581=CARTESIAN_POINT('Origin',(-4.30937965721093,-9.09899999999999,5.5));
#4582=CARTESIAN_POINT('',(-1.14345922533337,-9.09899999999999,5.6));
#4583=CARTESIAN_POINT('',(-1.14345922533337,-9.09899999999999,5.5));
#4584=CARTESIAN_POINT('',(-4.30937965721093,-9.09899999999999,5.6));
#4585=CARTESIAN_POINT('',(-2.15468982860547,-9.09899999999999,5.6));
#4586=CARTESIAN_POINT('',(-4.30937965721093,-9.09899999999999,5.5));
#4587=CARTESIAN_POINT('',(-4.30937965721093,-9.09899999999999,5.5));
#4588=CARTESIAN_POINT('',(-4.30937965721093,-9.09899999999999,5.5));
#4589=CARTESIAN_POINT('',(-2.751,-9.09899999999999,5.4));
#4590=CARTESIAN_POINT('Origin',(0.,-11.6,5.5));
#4591=CARTESIAN_POINT('Origin',(0.,-11.6,5.5));
#4592=CARTESIAN_POINT('Origin',(0.,-11.6,5.6));
#4593=CARTESIAN_POINT('Origin',(0.,-11.6,5.6));
#4594=CARTESIAN_POINT('Origin',(0.,-11.6,5.6));
#4595=CARTESIAN_POINT('Origin',(0.,-11.6,5.5));
#4596=CARTESIAN_POINT('Origin',(0.,-11.6,5.5));
#4597=CARTESIAN_POINT('Origin',(0.,-11.6,5.6));
#4598=CARTESIAN_POINT('Origin',(0.,-11.6,5.6));
#4599=CARTESIAN_POINT('Origin',(0.,-11.6,5.6));
#4600=CARTESIAN_POINT('Origin',(25.,-11.6,0.149977154273459));
#4601=CARTESIAN_POINT('',(19.8245430328795,-11.6,0.));
#4602=CARTESIAN_POINT('Origin',(25.,-11.6,0.));
#4603=CARTESIAN_POINT('',(20.1193073109484,-11.6,0.299954308546918));
#4604=CARTESIAN_POINT('',(19.971925171914,-11.6,0.149977154273459));
#4605=CARTESIAN_POINT('Origin',(25.,-11.6,0.299954308546918));
#4606=CARTESIAN_POINT('Origin',(25.,-11.6,5.80261786097662));
#4607=CARTESIAN_POINT('',(20.0809053705596,-11.6,2.5));
#4608=CARTESIAN_POINT('',(20.023257961364,-11.6,5.80261786097662));
#4609=CARTESIAN_POINT('Origin',(25.,-11.6,2.5));
#4610=CARTESIAN_POINT('Origin',(0.,0.,0.));
#4611=CARTESIAN_POINT('',(38.5243551841775,11.7221854544975,-2.31296463463574E-15));
#4612=CARTESIAN_POINT('',(-31.5243551841775,11.7221854544975,-3.22962766144074E-17));
#4613=CARTESIAN_POINT('',(0.,11.7221854544975,0.));
#4614=CARTESIAN_POINT('',(38.5243551841775,-11.6630674322433,2.34366639156199E-15));
#4615=CARTESIAN_POINT('',(38.5243551841775,0.,0.));
#4616=CARTESIAN_POINT('',(28.35,-21.7745506492822,0.));
#4617=CARTESIAN_POINT('Origin',(28.35,-11.6,0.));
#4618=CARTESIAN_POINT('',(3.07257311794913,-21.7745506492822,-2.16840434497101E-15));
#4619=CARTESIAN_POINT('',(0.,-21.7745506492822,-3.46944695195361E-15));
#4620=CARTESIAN_POINT('',(-4.03576821530142,-18.8796266665819,-1.73472347597681E-15));
#4621=CARTESIAN_POINT('Origin',(3.07257311794913,-11.6,0.));
#4622=CARTESIAN_POINT('',(-31.4642876966826,7.90351588582557,-8.67361737988404E-16));
#4623=CARTESIAN_POINT('',(-11.4069840844514,-11.6818511708237,-1.73472347597681E-15));
#4624=CARTESIAN_POINT('',(-31.5243551841775,8.03774922873943,-1.2464089818847E-15));
#4625=CARTESIAN_POINT('Origin',(-31.3245839083703,8.04658765802787,-1.14510071696147E-14));
#4626=CARTESIAN_POINT('',(-31.5243551841775,0.,0.));
#4627=CARTESIAN_POINT('',(5.325,-11.6,0.));
#4628=CARTESIAN_POINT('Origin',(0.,-11.6,0.));
#4629=CARTESIAN_POINT('Origin',(-2.751,-14.101,5.3));
#4630=CARTESIAN_POINT('Origin',(0.,-11.6,-5.65306828266138));
#4631=CARTESIAN_POINT('',(-2.75,-11.6,2.8));
#4632=CARTESIAN_POINT('Origin',(0.,-11.6,2.8));
#4633=CARTESIAN_POINT('',(-2.75,-11.6,-5.65306828266138));
#4634=CARTESIAN_POINT('Origin',(25.,-11.6,9.));
#4635=CARTESIAN_POINT('',(27.2175487123784,-18.367417087713,9.));
#4636=CARTESIAN_POINT('',(31.2093247143599,-15.0870822936202,9.));
#4637=CARTESIAN_POINT('Origin',(25.,-11.6,9.));
#4638=CARTESIAN_POINT('',(29.8461381053644,-17.9510894278619,9.));
#4639=CARTESIAN_POINT('',(27.9730144145311,-18.2477630752932,9.));
#4640=CARTESIAN_POINT('',(30.304223940757,-17.5738262314253,9.));
#4641=CARTESIAN_POINT('Origin',(25.,-11.6,9.));
#4642=CARTESIAN_POINT('',(32.2534355543313,-12.218411337391,9.));
#4643=CARTESIAN_POINT('Origin',(29.8461381053644,-17.9510894278619,9.2));
#4644=CARTESIAN_POINT('',(24.9822327350173,-18.7214563577358,9.));
#4645=CARTESIAN_POINT('',(24.9607345341796,-18.7248613382435,9.2));
#4646=CARTESIAN_POINT('Ctrl Pts',(24.9822327350321,-18.7214563577335,8.99999999986442));
#4647=CARTESIAN_POINT('Ctrl Pts',(24.9714862686161,-18.7231584308023,9.09904740925481));
#4648=CARTESIAN_POINT('Ctrl Pts',(24.9607345341854,-18.7248613382426,9.19999999994576));
#4649=CARTESIAN_POINT('',(22.3536433420313,-19.1377840175869,9.));
#4650=CARTESIAN_POINT('',(27.9730144145311,-18.2477630752932,9.));
#4651=CARTESIAN_POINT('',(22.3536433420313,-19.1377840175869,9.2));
#4652=CARTESIAN_POINT('',(22.3536433420313,-19.1377840175869,9.2));
#4653=CARTESIAN_POINT('',(27.9730144145311,-18.2477630752932,9.2));
#4654=CARTESIAN_POINT('Origin',(32.9031727588561,-10.4332730393796,9.));
#4655=CARTESIAN_POINT('',(32.0053803132682,-12.8999375109893,9.2));
#4656=CARTESIAN_POINT('',(31.9980719852532,-12.9200169771846,9.));
#4657=CARTESIAN_POINT('Ctrl Pts',(32.0053803132673,-12.8999375109917,9.19999999997539));
#4658=CARTESIAN_POINT('Ctrl Pts',(32.0017252538265,-12.9099797042721,9.09908193242176));
#4659=CARTESIAN_POINT('Ctrl Pts',(31.9980719852509,-12.9200169771907,8.99999999993905));
#4660=CARTESIAN_POINT('',(32.9031727588561,-10.4332730393796,9.2));
#4661=CARTESIAN_POINT('',(32.2534355543313,-12.218411337391,9.2));
#4662=CARTESIAN_POINT('',(32.9031727588561,-10.4332730393796,9.));
#4663=CARTESIAN_POINT('',(32.9031727588561,-10.4332730393796,9.2));
#4664=CARTESIAN_POINT('',(32.2534355543313,-12.218411337391,9.));
#4665=CARTESIAN_POINT('Origin',(32.9031727588561,-10.4332730393796,9.));
#4666=CARTESIAN_POINT('',(31.2020163863449,-15.1071617598155,9.2));
#4667=CARTESIAN_POINT('Ctrl Pts',(31.2093247143622,-15.0870822936141,8.99999999993891));
#4668=CARTESIAN_POINT('Ctrl Pts',(31.2056714457866,-15.0971195665328,9.0990819324217));
#4669=CARTESIAN_POINT('Ctrl Pts',(31.2020163863458,-15.1071617598131,9.19999999997541));
#4670=CARTESIAN_POINT('',(30.304223940757,-17.5738262314252,9.2));
#4671=CARTESIAN_POINT('',(30.304223940757,-17.5738262314252,9.));
#4672=CARTESIAN_POINT('',(32.2534355543313,-12.218411337391,9.2));
#4673=CARTESIAN_POINT('Origin',(25.,-11.6,9.));
#4674=CARTESIAN_POINT('',(31.1354388222499,-7.98449909566189,9.));
#4675=CARTESIAN_POINT('Origin',(25.,-11.6,9.));
#4676=CARTESIAN_POINT('',(32.827068955261,-10.0005053840184,9.));
#4677=CARTESIAN_POINT('Origin',(25.,-11.6,9.));
#4678=CARTESIAN_POINT('',(29.157530458271,-5.62731969706793,9.));
#4679=CARTESIAN_POINT('Origin',(22.0656490407256,-19.0304088652489,8.8));
#4680=CARTESIAN_POINT('',(18.8645611777501,-15.2155009043381,9.));
#4681=CARTESIAN_POINT('',(18.8510682183096,-15.1994206214502,9.2));
#4682=CARTESIAN_POINT('Ctrl Pts',(18.864561177752,-15.2155009043404,8.9999999999723));
#4683=CARTESIAN_POINT('Ctrl Pts',(18.8578163512186,-15.2074627330877,9.09911402517282));
#4684=CARTESIAN_POINT('Ctrl Pts',(18.8510682183103,-15.1994206214511,9.19999999998887));
#4685=CARTESIAN_POINT('',(17.172931044739,-13.1994946159815,9.));
#4686=CARTESIAN_POINT('',(20.842469541729,-17.5726803029321,9.));
#4687=CARTESIAN_POINT('',(17.172931044739,-13.1994946159815,9.2));
#4688=CARTESIAN_POINT('',(17.172931044739,-13.1994946159815,9.));
#4689=CARTESIAN_POINT('',(20.842469541729,-17.5726803029321,9.2));
#4690=CARTESIAN_POINT('Origin',(27.9343509592744,-4.1695911347511,8.8));
#4691=CARTESIAN_POINT('',(29.6124881328449,-6.16951714021969,9.2));
#4692=CARTESIAN_POINT('',(29.6259810922854,-6.18559742310764,9.));
#4693=CARTESIAN_POINT('Ctrl Pts',(29.6124881328457,-6.16951714022058,9.19999999998878));
#4694=CARTESIAN_POINT('Ctrl Pts',(29.6192362657539,-6.17755925185724,9.09911402517278));
#4695=CARTESIAN_POINT('Ctrl Pts',(29.6259810922873,-6.18559742310988,8.99999999997231));
#4696=CARTESIAN_POINT('',(27.9343509592744,-4.1695911347511,9.2));
#4697=CARTESIAN_POINT('',(29.157530458271,-5.62731969706793,9.2));
#4698=CARTESIAN_POINT('',(27.9343509592744,-4.1695911347511,9.));
#4699=CARTESIAN_POINT('',(27.9343509592744,-4.1695911347511,9.2));
#4700=CARTESIAN_POINT('',(29.157530458271,-5.62731969706793,9.));
#4701=CARTESIAN_POINT('Origin',(27.9343509592744,-4.1695911347511,8.8));
#4702=CARTESIAN_POINT('',(31.1489317816904,-8.00057937854984,9.2));
#4703=CARTESIAN_POINT('Ctrl Pts',(31.135438822248,-7.98449909565965,8.99999999997232));
#4704=CARTESIAN_POINT('Ctrl Pts',(31.1421836487814,-7.99253726691228,9.09911402517276));
#4705=CARTESIAN_POINT('Ctrl Pts',(31.1489317816897,-8.00057937854895,9.19999999998872));
#4706=CARTESIAN_POINT('',(32.827068955261,-10.0005053840184,9.2));
#4707=CARTESIAN_POINT('',(32.827068955261,-10.0005053840184,8.8));
#4708=CARTESIAN_POINT('',(29.157530458271,-5.62731969706793,9.2));
#4709=CARTESIAN_POINT('Origin',(25.,-11.6,9.));
#4710=CARTESIAN_POINT('',(25.0177672649827,-4.47854364226417,9.));
#4711=CARTESIAN_POINT('Origin',(25.,-11.6,9.));
#4712=CARTESIAN_POINT('',(27.6463566579687,-4.06221598241307,9.));
#4713=CARTESIAN_POINT('Origin',(25.,-11.6,9.));
#4714=CARTESIAN_POINT('',(22.0269855854689,-4.95223692470684,9.));
#4715=CARTESIAN_POINT('Origin',(17.0968272411439,-12.7667269606204,9.));
#4716=CARTESIAN_POINT('',(18.79067528564,-8.11291770637979,9.));
#4717=CARTESIAN_POINT('',(18.7979836136551,-8.0928382401845,9.2));
#4718=CARTESIAN_POINT('Ctrl Pts',(18.7906752856378,-8.11291770638593,8.99999999993897));
#4719=CARTESIAN_POINT('Ctrl Pts',(18.7943285542134,-8.10288043346726,9.09908193242177));
#4720=CARTESIAN_POINT('Ctrl Pts',(18.7979836136542,-8.0928382401869,9.19999999997548));
#4721=CARTESIAN_POINT('',(19.695776059243,-5.62617376857476,9.));
#4722=CARTESIAN_POINT('',(17.7465644456687,-10.981588662609,9.));
#4723=CARTESIAN_POINT('',(19.695776059243,-5.62617376857475,9.2));
#4724=CARTESIAN_POINT('',(19.695776059243,-5.62617376857475,9.));
#4725=CARTESIAN_POINT('',(17.7465644456687,-10.981588662609,9.2));
#4726=CARTESIAN_POINT('Origin',(20.1538618946356,-5.24891057213809,9.2));
#4727=CARTESIAN_POINT('',(22.7609530867838,-4.83598789279467,9.2));
#4728=CARTESIAN_POINT('',(22.7824512876216,-4.832582912287,9.));
#4729=CARTESIAN_POINT('Ctrl Pts',(22.7609530867896,-4.83598789279376,9.19999999994587));
#4730=CARTESIAN_POINT('Ctrl Pts',(22.7717048212203,-4.83428498535343,9.09904740925481));
#4731=CARTESIAN_POINT('Ctrl Pts',(22.7824512876363,-4.83258291228466,8.99999999986431));
#4732=CARTESIAN_POINT('',(20.1538618946356,-5.24891057213809,9.2));
#4733=CARTESIAN_POINT('',(22.0269855854689,-4.95223692470684,9.2));
#4734=CARTESIAN_POINT('',(20.1538618946356,-5.24891057213809,9.));
#4735=CARTESIAN_POINT('',(20.1538618946356,-5.24891057213809,9.2));
#4736=CARTESIAN_POINT('',(22.0269855854689,-4.95223692470684,9.));
#4737=CARTESIAN_POINT('Origin',(20.1538618946356,-5.24891057213809,9.2));
#4738=CARTESIAN_POINT('',(25.0392654658204,-4.4751386617565,9.2));
#4739=CARTESIAN_POINT('Ctrl Pts',(25.017767264968,-4.4785436422665,8.99999999986439));
#4740=CARTESIAN_POINT('Ctrl Pts',(25.0285137313839,-4.47684156919774,9.09904740925483));
#4741=CARTESIAN_POINT('Ctrl Pts',(25.0392654658147,-4.47513866175741,9.19999999994582));
#4742=CARTESIAN_POINT('',(27.6463566579687,-4.06221598241308,9.2));
#4743=CARTESIAN_POINT('',(27.6463566579686,-4.06221598241307,9.));
#4744=CARTESIAN_POINT('',(22.0269855854689,-4.95223692470684,9.2));
#4745=CARTESIAN_POINT('Origin',(25.,-11.6,9.));
#4746=CARTESIAN_POINT('',(20.3740189077145,-17.0144025768923,9.));
#4747=CARTESIAN_POINT('Origin',(25.,-11.6,9.));
#4748=CARTESIAN_POINT('',(22.0656490407256,-19.0304088652489,9.));
#4749=CARTESIAN_POINT('',(20.8424695417289,-17.5726803029321,9.));
#4750=CARTESIAN_POINT('Origin',(25.,-11.6,9.));
#4751=CARTESIAN_POINT('Origin',(25.,-11.6,9.));
#4752=CARTESIAN_POINT('',(18.0019280147468,-10.2799830228153,9.));
#4753=CARTESIAN_POINT('Origin',(25.,-11.6,9.));
#4754=CARTESIAN_POINT('',(17.0968272411439,-12.7667269606204,9.));
#4755=CARTESIAN_POINT('',(17.7465644456687,-10.981588662609,9.));
#4756=CARTESIAN_POINT('Origin',(25.,-11.6,9.));
#4757=CARTESIAN_POINT('Origin',(25.,-11.6,9.));
#4758=CARTESIAN_POINT('Origin',(25.,-11.6,9.));
#4759=CARTESIAN_POINT('Origin',(25.,-11.6,9.));
#4760=CARTESIAN_POINT('Origin',(22.0656490407256,-19.0304088652489,8.8));
#4761=CARTESIAN_POINT('',(20.387511867155,-17.0304828597803,9.2));
#4762=CARTESIAN_POINT('Ctrl Pts',(20.3875118671543,-17.0304828597794,9.19999999998878));
#4763=CARTESIAN_POINT('Ctrl Pts',(20.380763734246,-17.0224407481427,9.09911402517279));
#4764=CARTESIAN_POINT('Ctrl Pts',(20.3740189077126,-17.0144025768901,8.99999999997233));
#4765=CARTESIAN_POINT('',(22.0656490407256,-19.0304088652489,9.2));
#4766=CARTESIAN_POINT('',(20.842469541729,-17.5726803029321,9.2));
#4767=CARTESIAN_POINT('',(22.0656490407256,-19.0304088652489,9.2));
#4768=CARTESIAN_POINT('Origin',(17.0968272411439,-12.7667269606204,9.));
#4769=CARTESIAN_POINT('',(17.9946196867318,-10.3000624890106,9.2));
#4770=CARTESIAN_POINT('Ctrl Pts',(17.9946196867327,-10.3000624890082,9.19999999997549));
#4771=CARTESIAN_POINT('Ctrl Pts',(17.9982747461735,-10.2900202957279,9.09908193242179));
#4772=CARTESIAN_POINT('Ctrl Pts',(18.0019280147491,-10.2799830228092,8.99999999993901));
#4773=CARTESIAN_POINT('',(17.0968272411439,-12.7667269606204,9.2));
#4774=CARTESIAN_POINT('',(17.7465644456687,-10.981588662609,9.2));
#4775=CARTESIAN_POINT('',(17.0968272411439,-12.7667269606204,9.2));
#4776=CARTESIAN_POINT('Origin',(25.,-11.6,9.2));
#4777=CARTESIAN_POINT('Origin',(25.,-11.6,9.2));
#4778=CARTESIAN_POINT('Origin',(25.,-11.6,9.2));
#4779=CARTESIAN_POINT('Origin',(25.,-11.6,9.2));
#4780=CARTESIAN_POINT('Origin',(25.,-11.6,9.2));
#4781=CARTESIAN_POINT('Origin',(25.,-11.6,9.2));
#4782=CARTESIAN_POINT('Origin',(25.,-11.6,9.2));
#4783=CARTESIAN_POINT('Origin',(25.,-11.6,9.2));
#4784=CARTESIAN_POINT('Origin',(25.,-11.6,9.2));
#4785=CARTESIAN_POINT('Origin',(25.,-11.6,9.2));
#4786=CARTESIAN_POINT('Origin',(25.,-11.6,9.2));
#4787=CARTESIAN_POINT('',(29.8461381053644,-17.9510894278619,9.2));
#4788=CARTESIAN_POINT('',(29.8461381053644,-17.9510894278619,9.2));
#4789=CARTESIAN_POINT('Origin',(25.,-11.6,9.2));
#4790=CARTESIAN_POINT('Origin',(29.8461381053644,-17.9510894278619,9.2));
#4791=CARTESIAN_POINT('',(27.2390469132161,-18.3640121072053,9.2));
#4792=CARTESIAN_POINT('Ctrl Pts',(27.2390469132103,-18.3640121072062,9.19999999994583));
#4793=CARTESIAN_POINT('Ctrl Pts',(27.2282951787796,-18.3657150146466,9.09904740925482));
#4794=CARTESIAN_POINT('Ctrl Pts',(27.2175487123636,-18.3674170877153,8.99999999986436));
#4795=CARTESIAN_POINT('',(27.9730144145311,-18.2477630752932,9.2));
#4796=CARTESIAN_POINT('Origin',(25.,-11.6,5.6));
#4797=CARTESIAN_POINT('',(29.9423531,-13.6432402098411,5.6));
#4798=CARTESIAN_POINT('',(27.0404475098411,-16.5451458,5.6));
#4799=CARTESIAN_POINT('',(29.2175748774603,-14.3680184323808,5.6));
#4800=CARTESIAN_POINT('',(29.9423531,-9.55675979015892,5.6));
#4801=CARTESIAN_POINT('',(29.9423531,-9.13972422939946,5.6));
#4802=CARTESIAN_POINT('',(27.0404475098411,-6.6548542,5.6));
#4803=CARTESIAN_POINT('',(27.7666220823808,-7.38102877253974,5.6));
#4804=CARTESIAN_POINT('',(22.9595524901589,-6.6548542,5.6));
#4805=CARTESIAN_POINT('',(22.541127562711,-6.6548542,5.6));
#4806=CARTESIAN_POINT('',(20.0576469,-9.55675979015893,5.6));
#4807=CARTESIAN_POINT('',(20.7824251225397,-8.8319815676192,5.6));
#4808=CARTESIAN_POINT('',(20.0576469,-13.6432402098411,5.6));
#4809=CARTESIAN_POINT('',(20.0576469,-14.0602757706006,5.6));
#4810=CARTESIAN_POINT('',(22.9595524901589,-16.5451458,5.6));
#4811=CARTESIAN_POINT('',(22.2333779176192,-15.8189712274603,5.6));
#4812=CARTESIAN_POINT('',(27.458872437289,-16.5451458,5.6));
#4813=CARTESIAN_POINT('',(20.0614395823765,-11.6,5.6));
#4814=CARTESIAN_POINT('Origin',(25.,-11.6,5.6));
#4815=CARTESIAN_POINT('Origin',(20.0576469,-16.5205515412011,5.8));
#4816=CARTESIAN_POINT('',(20.0576469,-9.55675979015893,5.8));
#4817=CARTESIAN_POINT('',(20.0576469,-9.55675979015893,5.8));
#4818=CARTESIAN_POINT('',(20.0576469,-6.6794484587989,5.8));
#4819=CARTESIAN_POINT('',(20.0576469,-14.0602757706006,5.8));
#4820=CARTESIAN_POINT('',(20.0576469,-6.6794484587989,6.));
#4821=CARTESIAN_POINT('',(20.0576469,-6.6794484587989,5.8));
#4822=CARTESIAN_POINT('',(20.0576469,-16.5205515412011,6.));
#4823=CARTESIAN_POINT('',(20.0576469,-14.0602757706005,6.));
#4824=CARTESIAN_POINT('',(20.0576469,-16.5205515412011,5.8));
#4825=CARTESIAN_POINT('',(20.0576469,-16.5205515412011,6.));
#4826=CARTESIAN_POINT('',(20.0576469,-13.6432402098411,5.8));
#4827=CARTESIAN_POINT('',(20.0576469,-14.0602757706006,5.8));
#4828=CARTESIAN_POINT('',(20.0576469,-13.6432402098411,5.6));
#4829=CARTESIAN_POINT('Origin',(20.0576469,-9.55675979015893,5.8));
#4830=CARTESIAN_POINT('',(22.9595524901589,-6.6548542,5.8));
#4831=CARTESIAN_POINT('',(22.9595524901589,-6.6548542,5.8));
#4832=CARTESIAN_POINT('',(20.7824251225397,-8.83198156761919,5.8));
#4833=CARTESIAN_POINT('Origin',(20.082255125422,-6.6548542,6.));
#4834=CARTESIAN_POINT('',(27.0404475098411,-6.6548542,5.8));
#4835=CARTESIAN_POINT('',(27.0404475098411,-6.6548542,5.8));
#4836=CARTESIAN_POINT('',(29.917744874578,-6.65485419999996,5.8));
#4837=CARTESIAN_POINT('',(22.541127562711,-6.6548542,5.8));
#4838=CARTESIAN_POINT('',(29.917744874578,-6.6548542,6.));
#4839=CARTESIAN_POINT('',(29.917744874578,-6.6548542,6.));
#4840=CARTESIAN_POINT('',(20.082255125422,-6.6548542,6.));
#4841=CARTESIAN_POINT('',(22.541127562711,-6.6548542,6.));
#4842=CARTESIAN_POINT('',(20.082255125422,-6.6548542,5.8));
#4843=CARTESIAN_POINT('',(20.082255125422,-6.6548542,6.));
#4844=CARTESIAN_POINT('',(22.541127562711,-6.6548542,5.8));
#4845=CARTESIAN_POINT('Origin',(27.0404475098411,-6.6548542,5.6));
#4846=CARTESIAN_POINT('',(29.9423531,-9.55675979015892,5.8));
#4847=CARTESIAN_POINT('',(29.9423531,-9.55675979015892,5.6));
#4848=CARTESIAN_POINT('',(27.7666220823808,-7.38102877253974,5.8));
#4849=CARTESIAN_POINT('Origin',(25.,-11.6000000000001,5.8));
#4850=CARTESIAN_POINT('',(29.9423531,-6.6794484587989,5.8));
#4851=CARTESIAN_POINT('',(29.9423531,-9.13972422939948,5.8));
#4852=CARTESIAN_POINT('Origin',(25.,-11.6,5.8));
#4853=CARTESIAN_POINT('Origin',(29.9423531,-6.6794484587989,5.8));
#4854=CARTESIAN_POINT('',(29.9423531,-13.6432402098411,5.8));
#4855=CARTESIAN_POINT('',(29.9423531,-13.6432402098411,5.8));
#4856=CARTESIAN_POINT('',(29.9423531,-16.5205515412011,5.8));
#4857=CARTESIAN_POINT('',(29.9423531,-9.13972422939945,5.8));
#4858=CARTESIAN_POINT('',(29.9423531,-16.5205515412011,6.));
#4859=CARTESIAN_POINT('',(29.9423531,-16.5205515412011,5.8));
#4860=CARTESIAN_POINT('',(29.9423531,-6.6794484587989,6.));
#4861=CARTESIAN_POINT('',(29.9423531,-9.13972422939945,6.));
#4862=CARTESIAN_POINT('',(29.9423531,-6.6794484587989,6.));
#4863=CARTESIAN_POINT('Origin',(25.,-11.6000000000001,5.8));
#4864=CARTESIAN_POINT('',(22.9595524901589,-16.5451458,5.8));
#4865=CARTESIAN_POINT('',(22.2333779176192,-15.8189712274603,5.8));
#4866=CARTESIAN_POINT('',(20.0822551254221,-16.5451458000001,5.8));
#4867=CARTESIAN_POINT('Origin',(25.,-11.6,5.8));
#4868=CARTESIAN_POINT('',(27.458872437289,-16.5451458,5.8));
#4869=CARTESIAN_POINT('Origin',(22.9595524901589,-16.5451458,5.6));
#4870=CARTESIAN_POINT('',(22.9595524901589,-16.5451458,5.8));
#4871=CARTESIAN_POINT('Origin',(29.9423531,-13.6432402098411,5.8));
#4872=CARTESIAN_POINT('',(27.0404475098411,-16.5451458,5.8));
#4873=CARTESIAN_POINT('',(27.0404475098411,-16.5451458,5.8));
#4874=CARTESIAN_POINT('',(29.2175748774603,-14.3680184323808,5.8));
#4875=CARTESIAN_POINT('Origin',(25.,-11.6,5.8));
#4876=CARTESIAN_POINT('',(29.917744874578,-16.5451458,5.8));
#4877=CARTESIAN_POINT('',(27.458872437289,-16.5451458,5.8));
#4878=CARTESIAN_POINT('Origin',(25.,-11.6,5.8));
#4879=CARTESIAN_POINT('Origin',(25.,-11.6,5.6));
#4880=CARTESIAN_POINT('',(20.0614395823765,-11.6,2.5));
#4881=CARTESIAN_POINT('',(20.0614395823765,-11.6,5.6));
#4882=CARTESIAN_POINT('Origin',(25.,-11.6,2.5));
#4883=CARTESIAN_POINT('Origin',(25.,-11.6,5.8));
#4884=CARTESIAN_POINT('Origin',(25.,-11.6,5.8));
#4885=CARTESIAN_POINT('Origin',(25.,-11.6,6.));
#4886=CARTESIAN_POINT('',(29.917744874578,-16.5451458,6.));
#4887=CARTESIAN_POINT('',(29.917744874578,-16.5451458,6.));
#4888=CARTESIAN_POINT('Origin',(25.,-11.6,6.));
#4889=CARTESIAN_POINT('Origin',(29.917744874578,-16.5451458,6.));
#4890=CARTESIAN_POINT('',(20.082255125422,-16.5451458,6.));
#4891=CARTESIAN_POINT('',(20.0822551254221,-16.5451458000001,5.8));
#4892=CARTESIAN_POINT('',(27.458872437289,-16.5451458,6.));
#4893=CARTESIAN_POINT('Origin',(25.,-11.6,6.));
#4894=CARTESIAN_POINT('Origin',(25.,-11.6,6.));
#4895=CARTESIAN_POINT('Origin',(25.,-11.6,6.));
#4896=CARTESIAN_POINT('Origin',(25.,-11.6,6.));
#4897=CARTESIAN_POINT('Origin',(25.,-11.6,6.));
#4898=CARTESIAN_POINT('Origin',(25.,-11.6,6.));
#4899=CARTESIAN_POINT('Origin',(25.,-11.6,2.5));
#4900=CARTESIAN_POINT('Origin',(25.,-11.6,9.00698096257493));
#4901=CARTESIAN_POINT('',(25.,-4.53088667337907,6.));
#4902=CARTESIAN_POINT('Origin',(25.,-11.6,6.));
#4903=CARTESIAN_POINT('',(25.,-4.47503046560878,9.2));
#4904=CARTESIAN_POINT('',(25.,-4.47839962543941,9.00698096257492));
#4905=CARTESIAN_POINT('Origin',(25.,-11.6,9.2));
#4906=CARTESIAN_POINT('Origin',(25.,-11.6,9.2));
#4907=CARTESIAN_POINT('Origin',(25.,-11.6,9.2));
#4908=CARTESIAN_POINT('Origin',(25.,-11.6,9.2));
#4909=CARTESIAN_POINT('Origin',(25.,-11.6,9.2));
#4910=CARTESIAN_POINT('Origin',(25.,-11.6,9.2));
#4911=CARTESIAN_POINT('Origin',(25.,-11.6,9.2));
#4912=CARTESIAN_POINT('Origin',(0.,-11.6,5.5));
#4913=CARTESIAN_POINT('',(-4.98254493507252,-11.6,5.5));
#4914=CARTESIAN_POINT('Origin',(0.,-11.6,5.5));
#4915=CARTESIAN_POINT('Origin',(0.,-11.6,5.5));
#4916=CARTESIAN_POINT('Origin',(25.,-11.6,6.));
#4917=CARTESIAN_POINT('Origin',(0.,-11.6,0.15));
#4918=CARTESIAN_POINT('',(5.025,-11.6,0.3));
#4919=CARTESIAN_POINT('',(-5.025,-11.6,0.3));
#4920=CARTESIAN_POINT('Origin',(0.,-11.6,0.3));
#4921=CARTESIAN_POINT('Origin',(0.,-11.6,0.3));
#4922=CARTESIAN_POINT('',(5.175,-11.6,0.15));
#4923=CARTESIAN_POINT('Origin',(0.,-11.6,0.));
#4924=CARTESIAN_POINT('',(-5.025,-11.6,2.5));
#4925=CARTESIAN_POINT('',(-5.025,-11.6,0.));
#4926=CARTESIAN_POINT('Origin',(0.,-11.6,2.5));
#4927=CARTESIAN_POINT('Origin',(0.,-11.6,2.65));
#4928=CARTESIAN_POINT('',(-3.05,-11.6,2.5));
#4929=CARTESIAN_POINT('',(-2.9,-11.6,2.65));
#4930=CARTESIAN_POINT('Origin',(0.,-11.6,2.5));
#4931=CARTESIAN_POINT('Origin',(0.,-11.6,2.5));
#4932=CARTESIAN_POINT('Origin',(25.,-11.6,9.85002284572655));
#4933=CARTESIAN_POINT('',(25.,-3.54126405358641,9.70004569145309));
#4934=CARTESIAN_POINT('Origin',(25.,-11.6,9.70004569145309));
#4935=CARTESIAN_POINT('',(25.,-3.23602833165522,10.));
#4936=CARTESIAN_POINT('',(25.,-3.38864619262082,9.85002284572654));
#4937=CARTESIAN_POINT('Origin',(25.,-11.6,10.));
#4938=CARTESIAN_POINT('Origin',(0.,0.,10.));
#4939=CARTESIAN_POINT('',(-31.1534605473769,31.8999238359781,10.));
#4940=CARTESIAN_POINT('',(-31.1534605473769,8.11866559557192,10.));
#4941=CARTESIAN_POINT('',(-31.1534605473769,0.,10.));
#4942=CARTESIAN_POINT('',(-3.77651007205164,-18.6141213391574,10.));
#4943=CARTESIAN_POINT('',(-31.1534605473769,8.11866559557192,10.));
#4944=CARTESIAN_POINT('',(3.07257311794913,-21.4034605473769,10.));
#4945=CARTESIAN_POINT('Origin',(3.07257311794913,-11.6,10.));
#4946=CARTESIAN_POINT('',(28.35,-21.4034605473769,10.));
#4947=CARTESIAN_POINT('',(0.,-21.4034605473769,10.));
#4948=CARTESIAN_POINT('',(38.1534605473769,-11.6,10.));
#4949=CARTESIAN_POINT('Origin',(28.35,-11.6,10.));
#4950=CARTESIAN_POINT('',(38.1534605473769,31.8999238359781,10.));
#4951=CARTESIAN_POINT('',(38.1534605473769,0.,10.));
#4952=CARTESIAN_POINT('',(0.,31.8999238359781,10.));
#4953=CARTESIAN_POINT('',(-5.36109272724867,-11.6,10.));
#4954=CARTESIAN_POINT('Origin',(0.,-11.6,10.));
#4955=CARTESIAN_POINT('Origin',(25.,-11.6,9.8026178609656));
#4956=CARTESIAN_POINT('',(25.,-3.5499923835978,9.2));
#4957=CARTESIAN_POINT('Origin',(25.,-11.6,9.2));
#4958=CARTESIAN_POINT('',(25.,-3.53947364970774,9.8026178609656));
#4959=CARTESIAN_POINT('Origin',(25.,-11.6,9.2));
#4960=CARTESIAN_POINT('Origin',(0.,-11.6,9.85002284572654));
#4961=CARTESIAN_POINT('',(-5.05585700531754,-11.6,9.70004569145308));
#4962=CARTESIAN_POINT('',(-5.20847486628311,-11.6,9.85002284572654));
#4963=CARTESIAN_POINT('Origin',(0.,-11.6,9.70004569145308));
#4964=CARTESIAN_POINT('Origin',(0.,-11.6,9.70523572192405));
#4965=CARTESIAN_POINT('',(-5.05594759763639,-11.6,9.70523572192405));
#4966=CARTESIAN_POINT('Origin',(-21.5,23.2500224165636,-12.9));
#4967=CARTESIAN_POINT('',(-21.5,23.1000456914341,-10.5929036180973));
#4968=CARTESIAN_POINT('',(-21.5,23.1000456914341,-15.2070963819027));
#4969=CARTESIAN_POINT('Origin',(-21.5,23.1000456914341,-12.9));
#4970=CARTESIAN_POINT('Origin',(-21.5,23.1000456914341,-12.9));
#4971=CARTESIAN_POINT('',(-21.5,23.3999991416931,-10.2876678961673));
#4972=CARTESIAN_POINT('',(-21.5,23.2500224165636,-10.4402857571323));
#4973=CARTESIAN_POINT('Origin',(-21.5,23.3999991416931,-12.9));
#4974=CARTESIAN_POINT('Origin',(35.,23.3999991416931,-20.));
#4975=CARTESIAN_POINT('',(38.3908041449082,23.4,7.66233210383242));
#4976=CARTESIAN_POINT('',(-31.3908041449082,23.4,7.66233210383242));
#4977=CARTESIAN_POINT('',(35.,23.4,7.66233210383242));
#4978=CARTESIAN_POINT('',(38.5244420557929,23.4,0.00622131682797905));
#4979=CARTESIAN_POINT('',(38.35,23.4,10.));
#4980=CARTESIAN_POINT('',(38.2570036980074,23.4,-19.1463954286317));
#4981=CARTESIAN_POINT('',(38.1780593562378,23.4,-24.8));
#4982=CARTESIAN_POINT('',(30.1963954286317,23.4,-19.1463954286317));
#4983=CARTESIAN_POINT('',(0.,23.4,-19.1463954286317));
#4984=CARTESIAN_POINT('',(30.1963954286317,23.4,-19.8));
#4985=CARTESIAN_POINT('',(30.1963954286317,23.4,0.));
#4986=CARTESIAN_POINT('',(-23.1963954286317,23.4,-19.8));
#4987=CARTESIAN_POINT('',(0.,23.4,-19.8));
#4988=CARTESIAN_POINT('',(-23.1963954286317,23.4,-19.1463954286317));
#4989=CARTESIAN_POINT('',(-23.1963954286317,23.4,0.));
#4990=CARTESIAN_POINT('',(-31.2570036980074,23.4,-19.1463954286317));
#4991=CARTESIAN_POINT('',(0.,23.4,-19.1463954286317));
#4992=CARTESIAN_POINT('',(-31.5244420557929,23.4,0.00622131683301191));
#4993=CARTESIAN_POINT('',(-31.5244420557929,23.4,0.00622131683301191));
#4994=CARTESIAN_POINT('',(-31.35,23.4,10.));
#4995=CARTESIAN_POINT('',(-21.5,23.3999991416931,5.71233210383273));
#4996=CARTESIAN_POINT('Origin',(-21.5,23.3999991416931,3.1));
#4997=CARTESIAN_POINT('',(28.5,23.3999991416931,-10.2876678961691));
#4998=CARTESIAN_POINT('Origin',(28.5,23.3999991416931,-12.9));
#4999=CARTESIAN_POINT('',(20.,23.3999991416931,-9.55));
#5000=CARTESIAN_POINT('Origin',(20.,23.3999991416931,-8.));
#5001=CARTESIAN_POINT('',(20.,23.3999991416931,-16.55));
#5002=CARTESIAN_POINT('Origin',(20.,23.3999991416931,-15.));
#5003=CARTESIAN_POINT('',(28.5,23.3999991416931,5.71233210383273));
#5004=CARTESIAN_POINT('Origin',(28.5,23.3999991416931,3.1));
#5005=CARTESIAN_POINT('Origin',(-21.5,23.399999999981,-12.9));
#5006=CARTESIAN_POINT('',(-21.5,13.1000000000086,-15.0325449350725));
#5007=CARTESIAN_POINT('Origin',(-21.5,13.1000000000085,-12.9));
#5008=CARTESIAN_POINT('',(-21.5,23.399999999981,-15.2123321038339));
#5009=CARTESIAN_POINT('Origin',(-21.5,23.2500224165636,3.1));
#5010=CARTESIAN_POINT('',(-21.5,23.1000456914341,5.40709638190274));
#5011=CARTESIAN_POINT('',(-21.5,23.1000456914341,0.792903618097271));
#5012=CARTESIAN_POINT('Origin',(-21.5,23.1000456914341,3.1));
#5013=CARTESIAN_POINT('Origin',(-21.5,23.1000456914341,3.1));
#5014=CARTESIAN_POINT('',(-21.5,23.2500224165636,5.55971424286774));
#5015=CARTESIAN_POINT('Origin',(-21.5,23.399999999981,3.1));
#5016=CARTESIAN_POINT('',(-21.5,13.1000000000085,0.967455064927485));
#5017=CARTESIAN_POINT('Origin',(-21.5,13.1000000000085,3.1));
#5018=CARTESIAN_POINT('',(-21.5,23.399999999981,0.787667896166049));
#5019=CARTESIAN_POINT('Origin',(28.5,23.2500224165636,3.1));
#5020=CARTESIAN_POINT('',(28.5,23.1000456914341,5.40709638190274));
#5021=CARTESIAN_POINT('',(28.5,23.1000456914341,0.792903618097262));
#5022=CARTESIAN_POINT('Origin',(28.5,23.1000456914341,3.1));
#5023=CARTESIAN_POINT('Origin',(28.5,23.1000456914341,3.1));
#5024=CARTESIAN_POINT('',(28.5,23.2500224165636,5.55971424286774));
#5025=CARTESIAN_POINT('Origin',(28.5,23.399999999981,3.1));
#5026=CARTESIAN_POINT('',(28.5,13.1000000000085,0.967455064927475));
#5027=CARTESIAN_POINT('Origin',(28.5,13.1000000000085,3.1));
#5028=CARTESIAN_POINT('',(28.5,23.399999999981,0.787667896166039));
#5029=CARTESIAN_POINT('Origin',(28.5,23.2500224165636,-12.9));
#5030=CARTESIAN_POINT('',(28.5,23.1000456914341,-10.592903618099));
#5031=CARTESIAN_POINT('',(28.5,23.1000456914341,-15.207096381901));
#5032=CARTESIAN_POINT('Origin',(28.5,23.1000456914341,-12.9));
#5033=CARTESIAN_POINT('Origin',(28.5,23.1000456914341,-12.9));
#5034=CARTESIAN_POINT('',(28.5,23.2500224165636,-10.440285757134));
#5035=CARTESIAN_POINT('Origin',(28.5,23.399999999981,-12.9));
#5036=CARTESIAN_POINT('',(28.5,13.1000000000085,-15.0325449350725));
#5037=CARTESIAN_POINT('Origin',(28.5,13.1000000000085,-12.9));
#5038=CARTESIAN_POINT('',(28.5,23.399999999981,-15.2123321038322));
#5039=CARTESIAN_POINT('Origin',(20.,23.2499991416931,-15.));
#5040=CARTESIAN_POINT('',(20.,23.0999991416931,-16.25));
#5041=CARTESIAN_POINT('',(20.,23.2499991416931,-16.4));
#5042=CARTESIAN_POINT('Origin',(20.,23.0999991416931,-15.));
#5043=CARTESIAN_POINT('Origin',(20.,-21.7745506492822,-15.));
#5044=CARTESIAN_POINT('',(20.,12.2621925972605,-13.75));
#5045=CARTESIAN_POINT('',(20.0005540753091,12.305809854725,-16.2487916927362));
#5046=CARTESIAN_POINT('Ctrl Pts',(20.,12.2621925972605,-13.75));
#5047=CARTESIAN_POINT('Ctrl Pts',(20.3724323624632,12.2621925972605,-13.75));
#5048=CARTESIAN_POINT('Ctrl Pts',(21.1150246295256,12.2684070209834,-14.104193207224));
#5049=CARTESIAN_POINT('Ctrl Pts',(21.3959095003486,12.2895013375046,-15.3111798335382));
#5050=CARTESIAN_POINT('Ctrl Pts',(20.7533868679181,12.3037038149341,-16.1277143331465));
#5051=CARTESIAN_POINT('Ctrl Pts',(20.1888308145258,12.3058148012847,-16.2490778323917));
#5052=CARTESIAN_POINT('Ctrl Pts',(20.0005540753091,12.305809854725,-16.2487916927362));
#5053=CARTESIAN_POINT('Ctrl Pts',(20.0005540753091,12.305809854725,-16.2487916927362));
#5054=CARTESIAN_POINT('Ctrl Pts',(19.8122773360924,12.3058049081654,-16.2485055530807));
#5055=CARTESIAN_POINT('Ctrl Pts',(19.2471729541844,12.3036642424566,-16.1254252159025));
#5056=CARTESIAN_POINT('Ctrl Pts',(18.6009947983157,12.289522372823,-15.3123341393556));
#5057=CARTESIAN_POINT('Ctrl Pts',(18.8872179272318,12.2684058611141,-14.1041633114624));
#5058=CARTESIAN_POINT('Ctrl Pts',(19.6275676375368,12.2621925972605,-13.75));
#5059=CARTESIAN_POINT('Ctrl Pts',(20.,12.2621925972605,-13.75));
#5060=CARTESIAN_POINT('',(20.,-21.7745506492822,-16.25));
#5061=CARTESIAN_POINT('Ctrl Pts',(20.,11.9569568753293,-13.4500456914531));
#5062=CARTESIAN_POINT('Ctrl Pts',(20.4637725884632,11.9569568753293,-13.4500456914531));
#5063=CARTESIAN_POINT('Ctrl Pts',(21.3880713574303,11.9647031260913,-13.8938281003865));
#5064=CARTESIAN_POINT('Ctrl Pts',(21.7285628200068,11.9908903516724,-15.3940932491459));
#5065=CARTESIAN_POINT('Ctrl Pts',(20.7704066734033,12.011948854622,-16.6005340751309));
#5066=CARTESIAN_POINT('Ctrl Pts',(19.2311081024184,12.0118850903868,-16.5968810245388));
#5067=CARTESIAN_POINT('Ctrl Pts',(18.2676298649515,11.9909175251985,-15.3956500194129));
#5068=CARTESIAN_POINT('Ctrl Pts',(18.6147577962225,11.9647008447049,-13.8936973998489));
#5069=CARTESIAN_POINT('Ctrl Pts',(19.5362274115368,11.9569568753293,-13.4500456914531));
#5070=CARTESIAN_POINT('Ctrl Pts',(20.,11.9569568753293,-13.4500456914531));
#5071=CARTESIAN_POINT('Ctrl Pts',(20.,12.0587021159731,-13.5500304609687));
#5072=CARTESIAN_POINT('Ctrl Pts',(20.4333258464632,12.0587021159731,-13.5500304609687));
#5073=CARTESIAN_POINT('Ctrl Pts',(21.2970557814621,12.065937757722,-13.9639498026657));
#5074=CARTESIAN_POINT('Ctrl Pts',(21.6176783801207,12.0904273469498,-15.3664554439433));
#5075=CARTESIAN_POINT('Ctrl Pts',(20.7218985627462,12.110147339888,-16.4973631277766));
#5076=CARTESIAN_POINT('Ctrl Pts',(19.2795415967317,12.1100875990523,-16.4939351600965));
#5077=CARTESIAN_POINT('Ctrl Pts',(18.3787515094063,12.0904524744067,-15.3678780593938));
#5078=CARTESIAN_POINT('Ctrl Pts',(18.7055778398923,12.0659358501746,-13.96385270372));
#5079=CARTESIAN_POINT('Ctrl Pts',(19.5666741535368,12.0587021159731,-13.5500304609687));
#5080=CARTESIAN_POINT('Ctrl Pts',(20.,12.0587021159731,-13.5500304609687));
#5081=CARTESIAN_POINT('Ctrl Pts',(20.,12.1604473566168,-13.6500152304844));
#5082=CARTESIAN_POINT('Ctrl Pts',(20.4028791044632,12.1604473566168,-13.6500152304844));
#5083=CARTESIAN_POINT('Ctrl Pts',(21.2060402054938,12.1671723893527,-14.0340715049448));
#5084=CARTESIAN_POINT('Ctrl Pts',(21.5067939402346,12.1899643422272,-15.3388176387408));
#5085=CARTESIAN_POINT('Ctrl Pts',(20.6733904520891,12.208345825154,-16.3941921804224));
#5086=CARTESIAN_POINT('Ctrl Pts',(19.3279750910449,12.2082901077178,-16.3909892956542));
#5087=CARTESIAN_POINT('Ctrl Pts',(18.489873153861,12.1899874236148,-15.3401060993747));
#5088=CARTESIAN_POINT('Ctrl Pts',(18.796397883562,12.1671708556444,-14.0340080075912));
#5089=CARTESIAN_POINT('Ctrl Pts',(19.5971208955368,12.1604473566168,-13.6500152304844));
#5090=CARTESIAN_POINT('Ctrl Pts',(20.,12.1604473566168,-13.6500152304844));
#5091=CARTESIAN_POINT('Ctrl Pts',(20.,12.2621925972605,-13.75));
#5092=CARTESIAN_POINT('Ctrl Pts',(20.3724323624632,12.2621925972605,-13.75));
#5093=CARTESIAN_POINT('Ctrl Pts',(21.1150246295256,12.2684070209834,-14.104193207224));
#5094=CARTESIAN_POINT('Ctrl Pts',(21.3959095003486,12.2895013375046,-15.3111798335382));
#5095=CARTESIAN_POINT('Ctrl Pts',(20.6248823414319,12.30654431042,-16.2910212330682));
#5096=CARTESIAN_POINT('Ctrl Pts',(19.3764085853581,12.3064926163833,-16.2880434312119));
#5097=CARTESIAN_POINT('Ctrl Pts',(18.6009947983157,12.289522372823,-15.3123341393556));
#5098=CARTESIAN_POINT('Ctrl Pts',(18.8872179272318,12.2684058611141,-14.1041633114624));
#5099=CARTESIAN_POINT('Ctrl Pts',(19.6275676375368,12.2621925972605,-13.75));
#5100=CARTESIAN_POINT('Ctrl Pts',(20.,12.2621925972605,-13.75));
#5101=CARTESIAN_POINT('',(20.,11.9569568753293,-13.4500456914531));
#5102=CARTESIAN_POINT('',(20.,11.9569568753293,-13.4500456914531));
#5103=CARTESIAN_POINT('Ctrl Pts',(20.,11.9569568753293,-13.4500456914531));
#5104=CARTESIAN_POINT('Ctrl Pts',(19.5362274115368,11.9569568753293,-13.4500456914531));
#5105=CARTESIAN_POINT('Ctrl Pts',(18.6147577962225,11.9647008447049,-13.8936973998489));
#5106=CARTESIAN_POINT('Ctrl Pts',(18.2676298649515,11.9909175251985,-15.3956500194129));
#5107=CARTESIAN_POINT('Ctrl Pts',(19.2311081024184,12.0118850903868,-16.5968810245388));
#5108=CARTESIAN_POINT('Ctrl Pts',(20.7704066734033,12.011948854622,-16.6005340751309));
#5109=CARTESIAN_POINT('Ctrl Pts',(21.7285628200068,11.9908903516724,-15.3940932491459));
#5110=CARTESIAN_POINT('Ctrl Pts',(21.3880713574303,11.9647031260913,-13.8938281003865));
#5111=CARTESIAN_POINT('Ctrl Pts',(20.4637725884632,11.9569568753293,-13.4500456914531));
#5112=CARTESIAN_POINT('Ctrl Pts',(20.,11.9569568753293,-13.4500456914531));
#5113=CARTESIAN_POINT('Origin',(-31.35,11.6,7.));
#5114=CARTESIAN_POINT('',(-31.1780593562378,12.1550710647173,-24.8));
#5115=CARTESIAN_POINT('',(-31.5243551841775,11.7221854544975,-9.14795583034644E-17));
#5116=CARTESIAN_POINT('',(-23.4372753246411,12.1550710647173,-24.8));
#5117=CARTESIAN_POINT('',(-31.35,12.1550710647173,-24.8));
#5118=CARTESIAN_POINT('',(-23.35,12.0677957400762,-19.8));
#5119=CARTESIAN_POINT('',(-23.4372753246411,12.1550710647173,-24.8));
#5120=CARTESIAN_POINT('',(2.30805520772705,12.0677957400762,-19.8));
#5121=CARTESIAN_POINT('',(-31.35,12.0677957400762,-19.8));
#5122=CARTESIAN_POINT('',(2.48291048989674,11.8929404579065,-9.78254759356272));
#5123=CARTESIAN_POINT('',(2.30805520772705,12.0677957400762,-19.8));
#5124=CARTESIAN_POINT('',(3.88269726311569,11.8689298530496,-8.40698096257492));
#5125=CARTESIAN_POINT('Ctrl Pts',(2.48291048989674,11.8929404579065,-9.78254759356272));
#5126=CARTESIAN_POINT('Ctrl Pts',(2.48361438817333,11.8922365596336,-9.74222128851474));
#5127=CARTESIAN_POINT('Ctrl Pts',(2.48607198098729,11.8915386112564,-9.70223585276471));
#5128=CARTESIAN_POINT('Ctrl Pts',(2.49020206771523,11.8908464738067,-9.66258332482436));
#5129=CARTESIAN_POINT('Ctrl Pts',(2.49437096663909,11.8901478320445,-9.62255816507651));
#5130=CARTESIAN_POINT('Ctrl Pts',(2.50024408273396,11.8894550983927,-9.58287148074604));
#5131=CARTESIAN_POINT('Ctrl Pts',(2.50779154371768,11.8887681067781,-9.54351375750294));
#5132=CARTESIAN_POINT('Ctrl Pts',(2.51531073392587,11.8880836884508,-9.50430345779231));
#5133=CARTESIAN_POINT('Ctrl Pts',(2.52449193799066,11.8874049568764,-9.46541895194107));
#5134=CARTESIAN_POINT('Ctrl Pts',(2.53535595985312,11.8867319113446,-9.42686019924511));
#5135=CARTESIAN_POINT('Ctrl Pts',(2.54399662010259,11.8861966070303,-9.39619263562023));
#5136=CARTESIAN_POINT('Ctrl Pts',(2.55370277446051,11.8856649002891,-9.36573117681451));
#5137=CARTESIAN_POINT('Ctrl Pts',(2.56450676321157,11.88513694446,-9.33548460762213));
#5138=CARTESIAN_POINT('Ctrl Pts',(2.56818756378475,11.8849570756945,-9.32517993295195));
#5139=CARTESIAN_POINT('Ctrl Pts',(2.5718489380779,11.8847847071531,-9.3153049457743));
#5140=CARTESIAN_POINT('Ctrl Pts',(2.57570704017829,11.884609223717,-9.30525150456393));
#5141=CARTESIAN_POINT('Ctrl Pts',(2.57932515485435,11.8844446559634,-9.29582342250658));
#5142=CARTESIAN_POINT('Ctrl Pts',(2.58311652274817,11.8842773469136,-9.28623829026947));
#5143=CARTESIAN_POINT('Ctrl Pts',(2.58730558108051,11.8840988566283,-9.27601258897965));
#5144=CARTESIAN_POINT('Ctrl Pts',(2.58758343886269,11.8840870174724,-9.27533432421076));
#5145=CARTESIAN_POINT('Ctrl Pts',(2.587863064048,11.8840751292559,-9.27465324878099));
#5146=CARTESIAN_POINT('Ctrl Pts',(2.58814452991099,11.8840631895751,-9.27396922497276));
#5147=CARTESIAN_POINT('Ctrl Pts',(2.59084809759661,11.8839485052044,-9.26739896226137));
#5148=CARTESIAN_POINT('Ctrl Pts',(2.59359931252451,11.8838343130317,-9.26085689725704));
#5149=CARTESIAN_POINT('Ctrl Pts',(2.59639788437935,11.8837206148921,-9.25434313515575));
#5150=CARTESIAN_POINT('Ctrl Pts',(2.61336047933148,11.8830314721475,-9.21486217348323));
#5151=CARTESIAN_POINT('Ctrl Pts',(2.63205560736449,11.8823606171571,-9.1764289106794));
#5152=CARTESIAN_POINT('Ctrl Pts',(2.65238471205431,11.8817080841643,-9.13904528411764));
#5153=CARTESIAN_POINT('Ctrl Pts',(2.6730915240584,11.8810434273477,-9.10096708347592));
#5154=CARTESIAN_POINT('Ctrl Pts',(2.69549391814461,11.8803977676773,-9.06397719028852));
#5155=CARTESIAN_POINT('Ctrl Pts',(2.71953840584742,11.8797714417677,-9.0280949074765));
#5156=CARTESIAN_POINT('Ctrl Pts',(2.74355056134215,11.8791459580677,-8.99226087495156));
#5157=CARTESIAN_POINT('Ctrl Pts',(2.76920084026469,11.8785397444632,-8.95753080946591));
#5158=CARTESIAN_POINT('Ctrl Pts',(2.79648000256121,11.877953610161,-8.92395115456802));
#5159=CARTESIAN_POINT('Ctrl Pts',(2.82327936741206,11.877377785037,-8.8909621128448));
#5160=CARTESIAN_POINT('Ctrl Pts',(2.85165129814153,11.8768213289221,-8.85908280031233));
#5161=CARTESIAN_POINT('Ctrl Pts',(2.88162260125022,11.8762856260687,-8.82839253117668));
#5162=CARTESIAN_POINT('Ctrl Pts',(2.88816170843663,11.8761687469873,-8.82169656074357));
#5163=CARTESIAN_POINT('Ctrl Pts',(2.89477707045339,11.8760528585072,-8.81505734533478));
#5164=CARTESIAN_POINT('Ctrl Pts',(2.90146916276162,11.8759379797604,-8.80847597946589));
#5165=CARTESIAN_POINT('Ctrl Pts',(2.93113324684609,11.8754287559409,-8.77930271323863));
#5166=CARTESIAN_POINT('Ctrl Pts',(2.96186744329454,11.8749471025565,-8.75170886886869));
#5167=CARTESIAN_POINT('Ctrl Pts',(2.99361183541774,11.874491756151,-8.72562212536276));
#5168=CARTESIAN_POINT('Ctrl Pts',(3.02458397782563,11.8740474870134,-8.70016999726127));
#5169=CARTESIAN_POINT('Ctrl Pts',(3.05651863740555,11.8736282565494,-8.67615230840558));
#5170=CARTESIAN_POINT('Ctrl Pts',(3.08940068640434,11.8732335355338,-8.6535387612747));
#5171=CARTESIAN_POINT('Ctrl Pts',(3.12351254149679,11.8728240517426,-8.63007945547282));
#5172=CARTESIAN_POINT('Ctrl Pts',(3.15864447900458,11.8724409318818,-8.6081305332846));
#5173=CARTESIAN_POINT('Ctrl Pts',(3.19481385420867,11.8720844254032,-8.58770629094318));
#5174=CARTESIAN_POINT('Ctrl Pts',(3.22917264025164,11.8717457651484,-8.56830445807382));
#5175=CARTESIAN_POINT('Ctrl Pts',(3.26446837762015,11.8714311194973,-8.55027842047329));
#5176=CARTESIAN_POINT('Ctrl Pts',(3.30073616218372,11.871141529655,-8.5336878286529));
#5177=CARTESIAN_POINT('Ctrl Pts',(3.30264734896275,11.8711262692721,-8.53281356185869));
#5178=CARTESIAN_POINT('Ctrl Pts',(3.30456123840681,11.8711110786703,-8.53194329281575));
#5179=CARTESIAN_POINT('Ctrl Pts',(3.30647783669837,11.8710959580708,-8.53107703419965));
#5180=CARTESIAN_POINT('Ctrl Pts',(3.3162853032687,11.8710185841238,-8.52664428349957));
#5181=CARTESIAN_POINT('Ctrl Pts',(3.32653689264683,11.8709402306992,-8.52215541645343));
#5182=CARTESIAN_POINT('Ctrl Pts',(3.33672848894066,11.8708649162278,-8.51784064850134));
#5183=CARTESIAN_POINT('Ctrl Pts',(3.34205890835838,11.8708255251737,-8.51558393402682));
#5184=CARTESIAN_POINT('Ctrl Pts',(3.3473725574835,11.8707869515934,-8.51337405203255));
#5185=CARTESIAN_POINT('Ctrl Pts',(3.35259510109377,11.8707496785736,-8.51123867962394));
#5186=CARTESIAN_POINT('Ctrl Pts',(3.35939465548943,11.8707011505106,-8.50845850545385));
#5187=CARTESIAN_POINT('Ctrl Pts',(3.36603959372861,11.8706548331989,-8.50580498625626));
#5188=CARTESIAN_POINT('Ctrl Pts',(3.37236257570629,11.8706116360794,-8.50333022658205));
#5189=CARTESIAN_POINT('Ctrl Pts',(3.4096076632022,11.8703571864385,-8.48875282608926));
#5190=CARTESIAN_POINT('Ctrl Pts',(3.44719902114814,11.8701327349656,-8.47589401421852));
#5191=CARTESIAN_POINT('Ctrl Pts',(3.48511445498686,11.8699369819591,-8.46467933464417));
#5192=CARTESIAN_POINT('Ctrl Pts',(3.52367875647052,11.8697378789238,-8.45327273209842));
#5193=CARTESIAN_POINT('Ctrl Pts',(3.56257900348861,11.8695684612433,-8.44356680050441));
#5194=CARTESIAN_POINT('Ctrl Pts',(3.6018136306195,11.8694282133667,-8.4355320054912));
#5195=CARTESIAN_POINT('Ctrl Pts',(3.64098433345223,11.8692881939936,-8.42751030143028));
#5196=CARTESIAN_POINT('Ctrl Pts',(3.68048905516598,11.8691772472302,-8.42115416564198));
#5197=CARTESIAN_POINT('Ctrl Pts',(3.7203370625662,11.8690957432319,-8.41648480473467));
#5198=CARTESIAN_POINT('Ctrl Pts',(3.75947975780357,11.8690156818593,-8.41189809180039));
#5199=CARTESIAN_POINT('Ctrl Pts',(3.79895437695188,11.8689640294117,-8.40893892504834));
#5200=CARTESIAN_POINT('Ctrl Pts',(3.83876973362445,11.8689420082459,-8.40767733330934));
#5201=CARTESIAN_POINT('Ctrl Pts',(3.85336644516571,11.8689339350644,-8.40721482104684));
#5202=CARTESIAN_POINT('Ctrl Pts',(3.86800890265557,11.8689298530496,-8.40698096257623));
#5203=CARTESIAN_POINT('Ctrl Pts',(3.88269726311569,11.8689298530496,-8.40698096257492));
#5204=CARTESIAN_POINT('',(3.91730273688431,11.8689298530496,-8.40698096257491));
#5205=CARTESIAN_POINT('',(-31.35,11.8689298530496,-8.40698096257492));
#5206=CARTESIAN_POINT('',(5.31708951010326,11.8929404579065,-9.78254759356272));
#5207=CARTESIAN_POINT('Ctrl Pts',(3.91730273688431,11.8689298530496,-8.40698096257492));
#5208=CARTESIAN_POINT('Ctrl Pts',(3.95763352270804,11.8689298530496,-8.40698096257852));
#5209=CARTESIAN_POINT('Ctrl Pts',(3.99765411954928,11.8689605605542,-8.4087401943347));
#5210=CARTESIAN_POINT('Ctrl Pts',(4.03737107157817,11.8690205561383,-8.41217733904568));
#5211=CARTESIAN_POINT('Ctrl Pts',(4.0774612843528,11.8690811155621,-8.41564678611454));
#5212=CARTESIAN_POINT('Ctrl Pts',(4.11724283914108,11.8691715183984,-8.42082596113445));
#5213=CARTESIAN_POINT('Ctrl Pts',(4.15672472864847,11.8692912404159,-8.42768483092547));
#5214=CARTESIAN_POINT('Ctrl Pts',(4.19605909964792,11.869410515109,-8.43451807351753));
#5215=CARTESIAN_POINT('Ctrl Pts',(4.23509675102769,11.869558893376,-8.44301865874307));
#5216=CARTESIAN_POINT('Ctrl Pts',(4.27383808978169,11.8697367381794,-8.45320738070307));
#5217=CARTESIAN_POINT('Ctrl Pts',(4.30465622377967,11.8698782109616,-8.46131235096816));
#5218=CARTESIAN_POINT('Ctrl Pts',(4.33528682868996,11.8700383472217,-8.47048655116577));
#5219=CARTESIAN_POINT('Ctrl Pts',(4.36572168343661,11.8702177142822,-8.48076248317847));
#5220=CARTESIAN_POINT('Ctrl Pts',(4.37608902900423,11.8702788139758,-8.48426288227983));
#5221=CARTESIAN_POINT('Ctrl Pts',(4.38602641175343,11.8703397054951,-8.48775135502708));
#5222=CARTESIAN_POINT('Ctrl Pts',(4.39614565422339,11.870403976071,-8.49143341196998));
#5223=CARTESIAN_POINT('Ctrl Pts',(4.40563529809715,11.870464247863,-8.49488637885112));
#5224=CARTESIAN_POINT('Ctrl Pts',(4.41528498646724,11.8705274954453,-8.49850982722437));
#5225=CARTESIAN_POINT('Ctrl Pts',(4.42558206088688,11.8705974882313,-8.5025197115522));
#5226=CARTESIAN_POINT('Ctrl Pts',(4.42626522915808,11.870602131963,-8.50278575078163));
#5227=CARTESIAN_POINT('Ctrl Pts',(4.4269512398027,11.8706068056973,-8.50305350887881));
#5228=CARTESIAN_POINT('Ctrl Pts',(4.42764023189387,11.8706115106721,-8.50332305675268));
#5229=CARTESIAN_POINT('Ctrl Pts',(4.43425667767002,11.8706566929184,-8.50591154639489));
#5230=CARTESIAN_POINT('Ctrl Pts',(4.44084576189509,11.8707027153019,-8.50854816716561));
#5231=CARTESIAN_POINT('Ctrl Pts',(4.4474073742919,11.8707495727901,-8.51123263082188));
#5232=CARTESIAN_POINT('Ctrl Pts',(4.48718051287358,11.8710335989195,-8.5275044766063));
#5233=CARTESIAN_POINT('Ctrl Pts',(4.52593624957886,11.8713481840044,-8.54552703795949));
#5234=CARTESIAN_POINT('Ctrl Pts',(4.56367091621817,11.8716916093061,-8.56520182409565));
#5235=CARTESIAN_POINT('Ctrl Pts',(4.60210757435916,11.8720414234716,-8.58524262731623));
#5236=CARTESIAN_POINT('Ctrl Pts',(4.63948551848087,11.8724211664456,-8.606998012701));
#5237=CARTESIAN_POINT('Ctrl Pts',(4.67578449925266,11.8728299103804,-8.63041484185822));
#5238=CARTESIAN_POINT('Ctrl Pts',(4.71203514041777,11.8732381099879,-8.6538004866602));
#5239=CARTESIAN_POINT('Ctrl Pts',(4.74721036415898,11.8736752408245,-8.67884358428433));
#5240=CARTESIAN_POINT('Ctrl Pts',(4.7812635546353,11.8741411543056,-8.70553570629628));
#5241=CARTESIAN_POINT('Ctrl Pts',(4.81471835753886,11.8745988806878,-8.73175879049184));
#5242=CARTESIAN_POINT('Ctrl Pts',(4.847090791443,11.8750843949738,-8.7595739217249));
#5243=CARTESIAN_POINT('Ctrl Pts',(4.87830200109839,11.8755981889769,-8.78900928692082));
#5244=CARTESIAN_POINT('Ctrl Pts',(4.88510055607081,11.875710105715,-8.79542102009705));
#5245=CARTESIAN_POINT('Ctrl Pts',(4.8918438625077,11.8758233664238,-8.80190975281838));
#5246=CARTESIAN_POINT('Ctrl Pts',(4.89853083951802,11.8759379797194,-8.80847597714684));
#5247=CARTESIAN_POINT('Ctrl Pts',(4.92821735800103,11.8764468000294,-8.83762641980419));
#5248=CARTESIAN_POINT('Ctrl Pts',(4.95634338065334,11.8769747787608,-8.86787436067125));
#5249=CARTESIAN_POINT('Ctrl Pts',(4.98298016711579,11.8775208473054,-8.89915864126387));
#5250=CARTESIAN_POINT('Ctrl Pts',(5.00896959800537,11.8780536447102,-8.92968261792818));
#5251=CARTESIAN_POINT('Ctrl Pts',(5.03354154103838,11.8786036785444,-8.96119404355918));
#5252=CARTESIAN_POINT('Ctrl Pts',(5.05672602287137,11.8791706752669,-8.99367726876427));
#5253=CARTESIAN_POINT('Ctrl Pts',(5.08077673780404,11.8797588564754,-9.02737415253027));
#5254=CARTESIAN_POINT('Ctrl Pts',(5.10333513808504,11.8803653003608,-9.06211729939408));
#5255=CARTESIAN_POINT('Ctrl Pts',(5.12438722987643,11.8809903141242,-9.09792431405867));
#5256=CARTESIAN_POINT('Ctrl Pts',(5.14438663528572,11.8815840747711,-9.13194083887103));
#5257=CARTESIAN_POINT('Ctrl Pts',(5.16302668093472,11.8821946081875,-9.16691827454869));
#5258=CARTESIAN_POINT('Ctrl Pts',(5.18024832872004,11.8828225451559,-9.2028927585099));
#5259=CARTESIAN_POINT('Ctrl Pts',(5.18115480537422,11.8828555971733,-9.20478630727267));
#5260=CARTESIAN_POINT('Ctrl Pts',(5.18205734076565,11.88288869747,-9.20668262195085));
#5261=CARTESIAN_POINT('Ctrl Pts',(5.18295592237032,11.8829218461573,-9.20858170892599));
#5262=CARTESIAN_POINT('Ctrl Pts',(5.1875592195299,11.8830916618505,-9.21831044322578));
#5263=CARTESIAN_POINT('Ctrl Pts',(5.19222637841093,11.8832692116161,-9.22848226012471));
#5264=CARTESIAN_POINT('Ctrl Pts',(5.1967184095544,11.8834457672943,-9.23859712338467));
#5265=CARTESIAN_POINT('Ctrl Pts',(5.19906775052539,11.8835381062553,-9.24388721642134));
#5266=CARTESIAN_POINT('Ctrl Pts',(5.20136997478675,11.8836301667913,-9.24916135794293));
#5267=CARTESIAN_POINT('Ctrl Pts',(5.20359611417458,11.883720660086,-9.2543457127916));
#5268=CARTESIAN_POINT('Ctrl Pts',(5.20649453363086,11.8838384817856,-9.26109571013848));
#5269=CARTESIAN_POINT('Ctrl Pts',(5.20926361842794,11.8839536436326,-9.2676933257487));
#5270=CARTESIAN_POINT('Ctrl Pts',(5.21184835168587,11.8840632409756,-9.27397215496321));
#5271=CARTESIAN_POINT('Ctrl Pts',(5.22707396108306,11.8847088342222,-9.31095817694383));
#5272=CARTESIAN_POINT('Ctrl Pts',(5.24058719748902,11.8853609947156,-9.34832043099));
#5273=CARTESIAN_POINT('Ctrl Pts',(5.25246212110848,11.8860193123471,-9.3860354254995));
#5274=CARTESIAN_POINT('Ctrl Pts',(5.26454041695575,11.8866889044531,-9.42439633426503));
#5275=CARTESIAN_POINT('Ctrl Pts',(5.27492403212091,11.8873648782478,-9.46312284785059));
#5276=CARTESIAN_POINT('Ctrl Pts',(5.28364246842712,11.8880471973854,-9.50221288552487));
#5277=CARTESIAN_POINT('Ctrl Pts',(5.29234672816342,11.8887284070415,-9.54123936103812));
#5278=CARTESIAN_POINT('Ctrl Pts',(5.29939135992118,11.8894159540822,-9.58062890464851));
#5279=CARTESIAN_POINT('Ctrl Pts',(5.30475531405801,11.8901100066971,-9.6203911523571));
#5280=CARTESIAN_POINT('Ctrl Pts',(5.31002431571703,11.8907917732235,-9.65944953052336));
#5281=CARTESIAN_POINT('Ctrl Pts',(5.31367167270087,11.8914798289494,-9.69886821665123));
#5282=CARTESIAN_POINT('Ctrl Pts',(5.3156275057628,11.8921743490129,-9.73865724444135));
#5283=CARTESIAN_POINT('Ctrl Pts',(5.3163442039279,11.892428849903,-9.75323759066995));
#5284=CARTESIAN_POINT('Ctrl Pts',(5.31683327029004,11.8926842180947,-9.76786762457242));
#5285=CARTESIAN_POINT('Ctrl Pts',(5.31708951010325,11.8929404579065,-9.78254759356272));
#5286=CARTESIAN_POINT('',(5.49194479227295,12.0677957400762,-19.8));
#5287=CARTESIAN_POINT('',(5.31708951010326,11.8929404579065,-9.78254759356273));
#5288=CARTESIAN_POINT('',(11.9080552077271,12.0677957400762,-19.8));
#5289=CARTESIAN_POINT('',(-31.35,12.0677957400762,-19.8));
#5290=CARTESIAN_POINT('',(12.0829104898967,11.8929404579065,-9.78254759356272));
#5291=CARTESIAN_POINT('',(11.9080552077271,12.0677957400762,-19.8));
#5292=CARTESIAN_POINT('',(13.4826972631157,11.8689298530496,-8.40698096257492));
#5293=CARTESIAN_POINT('Ctrl Pts',(12.0829104898967,11.8929404579065,-9.78254759356272));
#5294=CARTESIAN_POINT('Ctrl Pts',(12.0836143881733,11.8922365596336,-9.74222128851508));
#5295=CARTESIAN_POINT('Ctrl Pts',(12.0860719809872,11.8915386112564,-9.70223585276545));
#5296=CARTESIAN_POINT('Ctrl Pts',(12.0902020677151,11.8908464738067,-9.66258332482558));
#5297=CARTESIAN_POINT('Ctrl Pts',(12.0943709666389,11.8901478320445,-9.62255816507803));
#5298=CARTESIAN_POINT('Ctrl Pts',(12.1002440827337,11.8894550983928,-9.58287148074792));
#5299=CARTESIAN_POINT('Ctrl Pts',(12.1077915437172,11.8887681067781,-9.54351375750525));
#5300=CARTESIAN_POINT('Ctrl Pts',(12.1153107339253,11.8880836884508,-9.50430345779476));
#5301=CARTESIAN_POINT('Ctrl Pts',(12.12449193799,11.8874049568765,-9.46541895194373));
#5302=CARTESIAN_POINT('Ctrl Pts',(12.1353559598523,11.8867319113446,-9.42686019924803));
#5303=CARTESIAN_POINT('Ctrl Pts',(12.143996620102,11.8861966070304,-9.396192635622));
#5304=CARTESIAN_POINT('Ctrl Pts',(12.1537027744603,11.8856649002891,-9.36573117681518));
#5305=CARTESIAN_POINT('Ctrl Pts',(12.1645067632117,11.8851369444599,-9.33548460762176));
#5306=CARTESIAN_POINT('Ctrl Pts',(12.1681875637849,11.8849570756945,-9.32517993295164));
#5307=CARTESIAN_POINT('Ctrl Pts',(12.171848938078,11.8847847071531,-9.31530494577408));
#5308=CARTESIAN_POINT('Ctrl Pts',(12.1757070401783,11.884609223717,-9.30525150456379));
#5309=CARTESIAN_POINT('Ctrl Pts',(12.1793251548542,11.8844446559634,-9.29582342250676));
#5310=CARTESIAN_POINT('Ctrl Pts',(12.1831165227479,11.8842773469136,-9.28623829026997));
#5311=CARTESIAN_POINT('Ctrl Pts',(12.1873055810801,11.8840988566283,-9.27601258898045));
#5312=CARTESIAN_POINT('Ctrl Pts',(12.1875834388624,11.8840870174724,-9.2753343242113));
#5313=CARTESIAN_POINT('Ctrl Pts',(12.1878630640478,11.8840751292559,-9.27465324878126));
#5314=CARTESIAN_POINT('Ctrl Pts',(12.1881445299109,11.8840631895751,-9.27396922497275));
#5315=CARTESIAN_POINT('Ctrl Pts',(12.1908480975966,11.8839485052044,-9.26739896226136));
#5316=CARTESIAN_POINT('Ctrl Pts',(12.1935993125245,11.8838343130317,-9.26085689725703));
#5317=CARTESIAN_POINT('Ctrl Pts',(12.1963978843793,11.8837206148921,-9.25434313515573));
#5318=CARTESIAN_POINT('Ctrl Pts',(12.2133604793361,11.8830314721474,-9.21486217347252));
#5319=CARTESIAN_POINT('Ctrl Pts',(12.2320556073747,11.8823606171567,-9.1764289106584));
#5320=CARTESIAN_POINT('Ctrl Pts',(12.2523847120711,11.8817080841638,-9.1390452840869));
#5321=CARTESIAN_POINT('Ctrl Pts',(12.273091524082,11.881043427347,-9.10096708343493));
#5322=CARTESIAN_POINT('Ctrl Pts',(12.2954939181761,11.8803977676765,-9.06397719023788));
#5323=CARTESIAN_POINT('Ctrl Pts',(12.3195384058875,11.8797714417667,-9.02809490741695));
#5324=CARTESIAN_POINT('Ctrl Pts',(12.343550561391,11.8791459580665,-8.99226087488294));
#5325=CARTESIAN_POINT('Ctrl Pts',(12.3692008403232,11.8785397444618,-8.95753080938897));
#5326=CARTESIAN_POINT('Ctrl Pts',(12.3964800026301,11.8779536101596,-8.92395115448367));
#5327=CARTESIAN_POINT('Ctrl Pts',(12.4232793674913,11.8773777850353,-8.8909621127529));
#5328=CARTESIAN_POINT('Ctrl Pts',(12.4516512982319,11.8768213289203,-8.85908280021377));
#5329=CARTESIAN_POINT('Ctrl Pts',(12.4816226013523,11.8762856260669,-8.8283925310725));
#5330=CARTESIAN_POINT('Ctrl Pts',(12.4881617085055,11.8761687469861,-8.82169656067473));
#5331=CARTESIAN_POINT('Ctrl Pts',(12.4947770704883,11.8760528585066,-8.81505734530073));
#5332=CARTESIAN_POINT('Ctrl Pts',(12.5014691627617,11.8759379797604,-8.80847597946604));
#5333=CARTESIAN_POINT('Ctrl Pts',(12.5311332468455,11.8754287559409,-8.77930271323946));
#5334=CARTESIAN_POINT('Ctrl Pts',(12.5618674432933,11.8749471025565,-8.75170886886996));
#5335=CARTESIAN_POINT('Ctrl Pts',(12.593611835416,11.8744917561511,-8.72562212536432));
#5336=CARTESIAN_POINT('Ctrl Pts',(12.6245839778239,11.8740474870134,-8.70016999726267));
#5337=CARTESIAN_POINT('Ctrl Pts',(12.6565186374041,11.8736282565494,-8.67615230840671));
#5338=CARTESIAN_POINT('Ctrl Pts',(12.6894006864033,11.8732335355338,-8.65353876127548));
#5339=CARTESIAN_POINT('Ctrl Pts',(12.7235125414954,11.8728240517426,-8.63007945547384));
#5340=CARTESIAN_POINT('Ctrl Pts',(12.7586444790029,11.8724409318818,-8.60813053328571));
#5341=CARTESIAN_POINT('Ctrl Pts',(12.794813854207,11.8720844254032,-8.58770629094428));
#5342=CARTESIAN_POINT('Ctrl Pts',(12.8291726402499,11.8717457651485,-8.56830445807493));
#5343=CARTESIAN_POINT('Ctrl Pts',(12.8644683776185,11.8714311194973,-8.55027842047432));
#5344=CARTESIAN_POINT('Ctrl Pts',(12.9007361621824,11.871141529655,-8.5336878286538));
#5345=CARTESIAN_POINT('Ctrl Pts',(12.9026473489614,11.8711262692721,-8.53281356185957));
#5346=CARTESIAN_POINT('Ctrl Pts',(12.9045612384055,11.8711110786703,-8.53194329281661));
#5347=CARTESIAN_POINT('Ctrl Pts',(12.9064778366971,11.8710959580708,-8.53107703420049));
#5348=CARTESIAN_POINT('Ctrl Pts',(12.9162853032664,11.8710185841239,-8.52664428350091));
#5349=CARTESIAN_POINT('Ctrl Pts',(12.9265368926435,11.8709402306992,-8.52215541645516));
#5350=CARTESIAN_POINT('Ctrl Pts',(12.9367284889363,11.8708649162278,-8.51784064850342));
#5351=CARTESIAN_POINT('Ctrl Pts',(12.9420589083556,11.8708255251737,-8.51558393402823));
#5352=CARTESIAN_POINT('Ctrl Pts',(12.9473725574822,11.8707869515934,-8.51337405203332));
#5353=CARTESIAN_POINT('Ctrl Pts',(12.9525951010938,11.8707496785736,-8.51123867962411));
#5354=CARTESIAN_POINT('Ctrl Pts',(12.9593946554896,11.8707011505106,-8.50845850545396));
#5355=CARTESIAN_POINT('Ctrl Pts',(12.9660395937288,11.8706548331989,-8.50580498625634));
#5356=CARTESIAN_POINT('Ctrl Pts',(12.9723625757063,11.8706116360794,-8.50333022658218));
#5357=CARTESIAN_POINT('Ctrl Pts',(13.0096076632017,11.8703571864385,-8.48875282608956));
#5358=CARTESIAN_POINT('Ctrl Pts',(13.0471990211473,11.8701327349656,-8.47589401421888));
#5359=CARTESIAN_POINT('Ctrl Pts',(13.0851144549858,11.8699369819591,-8.46467933464454));
#5360=CARTESIAN_POINT('Ctrl Pts',(13.1236787564686,11.8697378789238,-8.45327273209898));
#5361=CARTESIAN_POINT('Ctrl Pts',(13.1625790034861,11.8695684612433,-8.44356680050505));
#5362=CARTESIAN_POINT('Ctrl Pts',(13.2018136306165,11.8694282133667,-8.43553200549184));
#5363=CARTESIAN_POINT('Ctrl Pts',(13.2409843334483,11.8692881939936,-8.42751030143101));
#5364=CARTESIAN_POINT('Ctrl Pts',(13.2804890551613,11.8691772472302,-8.42115416564268));
#5365=CARTESIAN_POINT('Ctrl Pts',(13.320337062561,11.8690957432319,-8.41648480473528));
#5366=CARTESIAN_POINT('Ctrl Pts',(13.3594797577973,11.8690156818593,-8.41189809180097));
#5367=CARTESIAN_POINT('Ctrl Pts',(13.3989543769447,11.8689640294117,-8.40893892504879));
#5368=CARTESIAN_POINT('Ctrl Pts',(13.4387697336166,11.868942008246,-8.40767733330959));
#5369=CARTESIAN_POINT('Ctrl Pts',(13.4533664451604,11.8689339350644,-8.40721482104692));
#5370=CARTESIAN_POINT('Ctrl Pts',(13.4680089026529,11.8689298530496,-8.40698096257623));
#5371=CARTESIAN_POINT('Ctrl Pts',(13.4826972631157,11.8689298530496,-8.40698096257492));
#5372=CARTESIAN_POINT('',(13.5173027368843,11.8689298530496,-8.40698096257492));
#5373=CARTESIAN_POINT('',(-31.35,11.8689298530496,-8.40698096257492));
#5374=CARTESIAN_POINT('',(14.9170895101033,11.8929404579065,-9.78254759356273));
#5375=CARTESIAN_POINT('Ctrl Pts',(13.5173027368843,11.8689298530496,-8.40698096257492));
#5376=CARTESIAN_POINT('Ctrl Pts',(13.5576335227076,11.8689298530496,-8.40698096257852));
#5377=CARTESIAN_POINT('Ctrl Pts',(13.5976541195482,11.8689605605542,-8.40874019433466));
#5378=CARTESIAN_POINT('Ctrl Pts',(13.6373710715762,11.8690205561382,-8.41217733904551));
#5379=CARTESIAN_POINT('Ctrl Pts',(13.6774612843504,11.8690811155621,-8.41564678611428));
#5380=CARTESIAN_POINT('Ctrl Pts',(13.7172428391381,11.8691715183983,-8.42082596113404));
#5381=CARTESIAN_POINT('Ctrl Pts',(13.7567247286447,11.8692912404159,-8.42768483092481));
#5382=CARTESIAN_POINT('Ctrl Pts',(13.7960590996441,11.869410515109,-8.43451807351675));
#5383=CARTESIAN_POINT('Ctrl Pts',(13.8350967510236,11.869558893376,-8.44301865874213));
#5384=CARTESIAN_POINT('Ctrl Pts',(13.8738380897771,11.8697367381794,-8.45320738070187));
#5385=CARTESIAN_POINT('Ctrl Pts',(13.9046562237771,11.8698782109616,-8.46131235096738));
#5386=CARTESIAN_POINT('Ctrl Pts',(13.9352868286893,11.8700383472217,-8.47048655116552));
#5387=CARTESIAN_POINT('Ctrl Pts',(13.9657216834377,11.8702177142822,-8.48076248317885));
#5388=CARTESIAN_POINT('Ctrl Pts',(13.9760890290052,11.8702788139758,-8.48426288228016));
#5389=CARTESIAN_POINT('Ctrl Pts',(13.9860264117541,11.8703397054951,-8.48775135502726));
#5390=CARTESIAN_POINT('Ctrl Pts',(13.9961456542238,11.870403976071,-8.49143341197002));
#5391=CARTESIAN_POINT('Ctrl Pts',(14.0056352980965,11.870464247863,-8.49488637885072));
#5392=CARTESIAN_POINT('Ctrl Pts',(14.0152849864655,11.8705274954453,-8.49850982722352));
#5393=CARTESIAN_POINT('Ctrl Pts',(14.0255820608841,11.8705974882313,-8.50251971155093));
#5394=CARTESIAN_POINT('Ctrl Pts',(14.0262652291562,11.870602131963,-8.50278575078073));
#5395=CARTESIAN_POINT('Ctrl Pts',(14.0269512398018,11.8706068056973,-8.50305350887827));
#5396=CARTESIAN_POINT('Ctrl Pts',(14.0276402318939,11.8706115106721,-8.50332305675251));
#5397=CARTESIAN_POINT('Ctrl Pts',(14.0342566776701,11.8706566929184,-8.50591154639474));
#5398=CARTESIAN_POINT('Ctrl Pts',(14.0408457618951,11.8707027153019,-8.50854816716546));
#5399=CARTESIAN_POINT('Ctrl Pts',(14.047407374292,11.8707495727901,-8.51123263082174));
#5400=CARTESIAN_POINT('Ctrl Pts',(14.0871805128803,11.8710335989195,-8.52750447660895));
#5401=CARTESIAN_POINT('Ctrl Pts',(14.125936249592,11.8713481840045,-8.54552703796558));
#5402=CARTESIAN_POINT('Ctrl Pts',(14.1636709162373,11.8716916093063,-8.5652018241057));
#5403=CARTESIAN_POINT('Ctrl Pts',(14.2021075743849,11.8720414234718,-8.58524262733059));
#5404=CARTESIAN_POINT('Ctrl Pts',(14.2394855185127,11.8724211664459,-8.60699801272025));
#5405=CARTESIAN_POINT('Ctrl Pts',(14.2757844992902,11.8728299103808,-8.63041484188286));
#5406=CARTESIAN_POINT('Ctrl Pts',(14.3120351404612,11.8732381099885,-8.65380048669038));
#5407=CARTESIAN_POINT('Ctrl Pts',(14.3472103642077,11.8736752408251,-8.67884358432056));
#5408=CARTESIAN_POINT('Ctrl Pts',(14.3812635546888,11.8741411543063,-8.70553570633895));
#5409=CARTESIAN_POINT('Ctrl Pts',(14.4147183575974,11.8745988806887,-8.73175879054107));
#5410=CARTESIAN_POINT('Ctrl Pts',(14.4470907915059,11.8750843949748,-8.75957392178111));
#5411=CARTESIAN_POINT('Ctrl Pts',(14.478302001165,11.8755981889781,-8.78900928698432));
#5412=CARTESIAN_POINT('Ctrl Pts',(14.4851005561147,11.8757101057157,-8.79542102014));
#5413=CARTESIAN_POINT('Ctrl Pts',(14.4918438625293,11.8758233664242,-8.80190975284026));
#5414=CARTESIAN_POINT('Ctrl Pts',(14.4985308395177,11.8759379797194,-8.80847597714714));
#5415=CARTESIAN_POINT('Ctrl Pts',(14.5282173580001,11.8764468000294,-8.83762641980377));
#5416=CARTESIAN_POINT('Ctrl Pts',(14.5563433806521,11.8769747787608,-8.86787436067023));
#5417=CARTESIAN_POINT('Ctrl Pts',(14.5829801671143,11.8775208473054,-8.89915864126238));
#5418=CARTESIAN_POINT('Ctrl Pts',(14.6089695980037,11.8780536447102,-8.92968261792627));
#5419=CARTESIAN_POINT('Ctrl Pts',(14.6335415410366,11.8786036785443,-8.96119404355699));
#5420=CARTESIAN_POINT('Ctrl Pts',(14.6567260228696,11.8791706752669,-8.99367726876197));
#5421=CARTESIAN_POINT('Ctrl Pts',(14.6807767378023,11.8797588564754,-9.02737415252778));
#5422=CARTESIAN_POINT('Ctrl Pts',(14.7033351380834,11.8803653003608,-9.06211729939156));
#5423=CARTESIAN_POINT('Ctrl Pts',(14.724387229875,11.8809903141242,-9.09792431405633));
#5424=CARTESIAN_POINT('Ctrl Pts',(14.744386635284,11.8815840747711,-9.13194083886808));
#5425=CARTESIAN_POINT('Ctrl Pts',(14.7630266809328,11.8821946081874,-9.16691827454525));
#5426=CARTESIAN_POINT('Ctrl Pts',(14.7802483287181,11.8828225451559,-9.20289275850613));
#5427=CARTESIAN_POINT('Ctrl Pts',(14.7811548053727,11.8828555971733,-9.20478630726975));
#5428=CARTESIAN_POINT('Ctrl Pts',(14.7820573407645,11.88288869747,-9.20668262194879));
#5429=CARTESIAN_POINT('Ctrl Pts',(14.7829559223696,11.8829218461573,-9.20858170892479));
#5430=CARTESIAN_POINT('Ctrl Pts',(14.7875592195288,11.8830916618505,-9.21831044322377));
#5431=CARTESIAN_POINT('Ctrl Pts',(14.7922263784095,11.883269211616,-9.22848226012194));
#5432=CARTESIAN_POINT('Ctrl Pts',(14.7967184095527,11.8834457672942,-9.23859712338117));
#5433=CARTESIAN_POINT('Ctrl Pts',(14.7990677505243,11.8835381062552,-9.24388721641904));
#5434=CARTESIAN_POINT('Ctrl Pts',(14.8013699747862,11.8836301667913,-9.24916135794184));
#5435=CARTESIAN_POINT('Ctrl Pts',(14.8035961141745,11.883720660086,-9.25434571279165));
#5436=CARTESIAN_POINT('Ctrl Pts',(14.8064945336308,11.8838384817856,-9.26109571013859));
#5437=CARTESIAN_POINT('Ctrl Pts',(14.8092636184279,11.8839536436326,-9.26769332574882));
#5438=CARTESIAN_POINT('Ctrl Pts',(14.8118483516858,11.8840632409756,-9.27397215496323));
#5439=CARTESIAN_POINT('Ctrl Pts',(14.8270739610828,11.8847088342222,-9.31095817694347));
#5440=CARTESIAN_POINT('Ctrl Pts',(14.8405871974887,11.8853609947155,-9.34832043098931));
#5441=CARTESIAN_POINT('Ctrl Pts',(14.8524621211082,11.886019312347,-9.38603542549858));
#5442=CARTESIAN_POINT('Ctrl Pts',(14.8645404169553,11.886688904453,-9.42439633426349));
#5443=CARTESIAN_POINT('Ctrl Pts',(14.8749240321204,11.8873648782477,-9.46312284784851));
#5444=CARTESIAN_POINT('Ctrl Pts',(14.8836424684266,11.8880471973854,-9.50221288552234));
#5445=CARTESIAN_POINT('Ctrl Pts',(14.8923467281628,11.8887284070414,-9.54123936103488));
#5446=CARTESIAN_POINT('Ctrl Pts',(14.8993913599206,11.8894159540821,-9.58062890464465));
#5447=CARTESIAN_POINT('Ctrl Pts',(14.9047553140575,11.890110006697,-9.6203911523527));
#5448=CARTESIAN_POINT('Ctrl Pts',(14.9100243157165,11.8907917732234,-9.65944953051807));
#5449=CARTESIAN_POINT('Ctrl Pts',(14.9136716727004,11.8914798289493,-9.69886821664514));
#5450=CARTESIAN_POINT('Ctrl Pts',(14.9156275057625,11.8921743490128,-9.73865724443452));
#5451=CARTESIAN_POINT('Ctrl Pts',(14.9163442039278,11.8924288499029,-9.75323759066538));
#5452=CARTESIAN_POINT('Ctrl Pts',(14.91683327029,11.8926842180946,-9.76786762457012));
#5453=CARTESIAN_POINT('Ctrl Pts',(14.9170895101033,11.8929404579065,-9.78254759356272));
#5454=CARTESIAN_POINT('',(15.0919447922729,12.0677957400762,-19.8));
#5455=CARTESIAN_POINT('',(14.9170895101033,11.8929404579065,-9.78254759356273));
#5456=CARTESIAN_POINT('',(30.35,12.0677957400762,-19.8));
#5457=CARTESIAN_POINT('',(-31.35,12.0677957400762,-19.8));
#5458=CARTESIAN_POINT('',(30.4372753246411,12.1550710647173,-24.8));
#5459=CARTESIAN_POINT('',(30.35,12.0677957400762,-19.8));
#5460=CARTESIAN_POINT('',(38.1780593562378,12.1550710647173,-24.8));
#5461=CARTESIAN_POINT('',(-31.35,12.1550710647173,-24.8));
#5462=CARTESIAN_POINT('',(38.1780593562378,12.1550710647173,-24.8));
#5463=CARTESIAN_POINT('',(20.,11.8347714208318,-6.45004569145308));
#5464=CARTESIAN_POINT('Ctrl Pts',(20.,11.8347714208318,-6.45004569145308));
#5465=CARTESIAN_POINT('Ctrl Pts',(19.5362274115368,11.8347714208318,-6.45004569145308));
#5466=CARTESIAN_POINT('Ctrl Pts',(18.6147067249521,11.842514432857,-6.89364255328113));
#5467=CARTESIAN_POINT('Ctrl Pts',(18.2677257871358,11.8687317788903,-8.39563330159068));
#5468=CARTESIAN_POINT('Ctrl Pts',(19.2310766041527,11.8897010385409,-9.59696138239811));
#5469=CARTESIAN_POINT('Ctrl Pts',(20.7703687467205,11.889761884654,-9.60044725388237));
#5470=CARTESIAN_POINT('Ctrl Pts',(21.7286638573368,11.8687054159791,-8.39412297142058));
#5471=CARTESIAN_POINT('Ctrl Pts',(21.387977178688,11.8425163155374,-6.89375041196998));
#5472=CARTESIAN_POINT('Ctrl Pts',(20.4637725884632,11.8347714208318,-6.45004569145308));
#5473=CARTESIAN_POINT('Ctrl Pts',(20.,11.8347714208318,-6.45004569145308));
#5474=CARTESIAN_POINT('Origin',(20.,23.2499991416931,-8.));
#5475=CARTESIAN_POINT('',(20.,23.0999991416931,-9.25));
#5476=CARTESIAN_POINT('',(20.,23.2499991416931,-9.4));
#5477=CARTESIAN_POINT('Origin',(20.,23.0999991416931,-8.));
#5478=CARTESIAN_POINT('Origin',(20.,-21.7745506492822,-8.));
#5479=CARTESIAN_POINT('',(20.,12.140007142763,-6.75));
#5480=CARTESIAN_POINT('',(20.0005286464313,12.1836243685009,-9.24879034063245));
#5481=CARTESIAN_POINT('Ctrl Pts',(20.,12.140007142763,-6.75));
#5482=CARTESIAN_POINT('Ctrl Pts',(20.3724323624632,12.140007142763,-6.75));
#5483=CARTESIAN_POINT('Ctrl Pts',(21.1149491725693,12.1462205246983,-7.10413637276337));
#5484=CARTESIAN_POINT('Ctrl Pts',(21.3959915382437,12.1673162718404,-8.31120034650126));
#5485=CARTESIAN_POINT('Ctrl Pts',(20.7533742105054,12.1815174085167,-9.12765958432667));
#5486=CARTESIAN_POINT('Ctrl Pts',(20.1888051535399,12.1836290811562,-9.24906293682225));
#5487=CARTESIAN_POINT('Ctrl Pts',(20.0005286464313,12.1836243685009,-9.24879034063245));
#5488=CARTESIAN_POINT('Ctrl Pts',(20.0005286464313,12.1836243685009,-9.24879034063245));
#5489=CARTESIAN_POINT('Ctrl Pts',(19.8122521393228,12.1836196558457,-9.24851774444265));
#5490=CARTESIAN_POINT('Ctrl Pts',(19.2471621536372,12.1814797072747,-9.12547881480825));
#5491=CARTESIAN_POINT('Ctrl Pts',(18.601071967765,12.1673367025479,-8.31232283843377));
#5492=CARTESIAN_POINT('Ctrl Pts',(18.8871785536846,12.1462196397931,-7.10411975647638));
#5493=CARTESIAN_POINT('Ctrl Pts',(19.6275676375368,12.140007142763,-6.75));
#5494=CARTESIAN_POINT('Ctrl Pts',(20.,12.140007142763,-6.75));
#5495=CARTESIAN_POINT('',(20.,-21.7745506492822,-9.25));
#5496=CARTESIAN_POINT('Ctrl Pts',(20.,11.8347714208318,-6.45004569145308));
#5497=CARTESIAN_POINT('Ctrl Pts',(20.4637725884632,11.8347714208318,-6.45004569145308));
#5498=CARTESIAN_POINT('Ctrl Pts',(21.387977178688,11.8425163155374,-6.89375041196998));
#5499=CARTESIAN_POINT('Ctrl Pts',(21.7286638573368,11.8687054159791,-8.39412297142058));
#5500=CARTESIAN_POINT('Ctrl Pts',(20.7703687467205,11.889761884654,-9.60044725388237));
#5501=CARTESIAN_POINT('Ctrl Pts',(19.2310766041527,11.8897010385409,-9.59696138239811));
#5502=CARTESIAN_POINT('Ctrl Pts',(18.2677257871358,11.8687317788903,-8.39563330159068));
#5503=CARTESIAN_POINT('Ctrl Pts',(18.6147067249521,11.842514432857,-6.89364255328113));
#5504=CARTESIAN_POINT('Ctrl Pts',(19.5362274115368,11.8347714208318,-6.45004569145308));
#5505=CARTESIAN_POINT('Ctrl Pts',(20.,11.8347714208318,-6.45004569145308));
#5506=CARTESIAN_POINT('Ctrl Pts',(20.,11.9365166614755,-6.55003046096872));
#5507=CARTESIAN_POINT('Ctrl Pts',(20.4333258464632,11.9365166614755,-6.55003046096872));
#5508=CARTESIAN_POINT('Ctrl Pts',(21.2969678433151,11.9437510519244,-6.96387906556777));
#5509=CARTESIAN_POINT('Ctrl Pts',(21.6177730843058,11.9682423679329,-8.36648209644748));
#5510=CARTESIAN_POINT('Ctrl Pts',(20.7218627461329,11.9879604683867,-9.49728197988549));
#5511=CARTESIAN_POINT('Ctrl Pts',(19.279511133039,11.9879034617673,-9.4940109249598));
#5512=CARTESIAN_POINT('Ctrl Pts',(18.3788411806789,11.9682667534428,-8.36786314720504));
#5513=CARTESIAN_POINT('Ctrl Pts',(18.7055306678629,11.9437495018357,-6.96380162101288));
#5514=CARTESIAN_POINT('Ctrl Pts',(19.5666741535368,11.9365166614755,-6.55003046096872));
#5515=CARTESIAN_POINT('Ctrl Pts',(20.,11.9365166614755,-6.55003046096872));
#5516=CARTESIAN_POINT('Ctrl Pts',(20.,12.0382619021193,-6.65001523048436));
#5517=CARTESIAN_POINT('Ctrl Pts',(20.4028791044632,12.0382619021193,-6.65001523048436));
#5518=CARTESIAN_POINT('Ctrl Pts',(21.2059585079422,12.0449857883113,-7.03400771916557));
#5519=CARTESIAN_POINT('Ctrl Pts',(21.5068823112747,12.0677793198866,-8.33884122147437));
#5520=CARTESIAN_POINT('Ctrl Pts',(20.6733567455453,12.0861590521193,-9.39411670588862));
#5521=CARTESIAN_POINT('Ctrl Pts',(19.3279456619253,12.0861058849937,-9.39106046752147));
#5522=CARTESIAN_POINT('Ctrl Pts',(18.4899565742219,12.0678017279953,-8.3400929928194));
#5523=CARTESIAN_POINT('Ctrl Pts',(18.7963546107738,12.0449845708144,-7.03396068874463));
#5524=CARTESIAN_POINT('Ctrl Pts',(19.5971208955368,12.0382619021193,-6.65001523048436));
#5525=CARTESIAN_POINT('Ctrl Pts',(20.,12.0382619021193,-6.65001523048436));
#5526=CARTESIAN_POINT('Ctrl Pts',(20.,12.140007142763,-6.75));
#5527=CARTESIAN_POINT('Ctrl Pts',(20.3724323624632,12.140007142763,-6.75));
#5528=CARTESIAN_POINT('Ctrl Pts',(21.1149491725693,12.1462205246983,-7.10413637276337));
#5529=CARTESIAN_POINT('Ctrl Pts',(21.3959915382437,12.1673162718404,-8.31120034650126));
#5530=CARTESIAN_POINT('Ctrl Pts',(20.6248507449577,12.184357635852,-9.29095143189175));
#5531=CARTESIAN_POINT('Ctrl Pts',(19.3763801908116,12.1843083082201,-9.28811001008314));
#5532=CARTESIAN_POINT('Ctrl Pts',(18.601071967765,12.1673367025479,-8.31232283843377));
#5533=CARTESIAN_POINT('Ctrl Pts',(18.8871785536846,12.1462196397931,-7.10411975647638));
#5534=CARTESIAN_POINT('Ctrl Pts',(19.6275676375368,12.140007142763,-6.75));
#5535=CARTESIAN_POINT('Ctrl Pts',(20.,12.140007142763,-6.75));
#5536=CARTESIAN_POINT('',(20.,11.8347714208318,-6.45004569145308));
#5537=CARTESIAN_POINT('Origin',(-35.,19.4626875155119,-19.7856614402828));
#5538=CARTESIAN_POINT('',(-14.,20.9626326809243,-17.1875535709371));
#5539=CARTESIAN_POINT('',(-14.,22.0607004074085,-18.2855517731122));
#5540=CARTESIAN_POINT('Origin',(-14.,19.4626875155119,-19.7856614402828));
#5541=CARTESIAN_POINT('',(-17.,20.9626326809243,-17.1875535709371));
#5542=CARTESIAN_POINT('',(-35.,20.9626326809243,-17.1875535709371));
#5543=CARTESIAN_POINT('',(-17.,22.0607004074085,-18.2855517731122));
#5544=CARTESIAN_POINT('Origin',(-17.,19.4626875155119,-19.7856614402828));
#5545=CARTESIAN_POINT('',(-35.,22.0607004074085,-18.2855517731122));
#5546=CARTESIAN_POINT('Origin',(-17.,19.,-18.3178746050939));
#5547=CARTESIAN_POINT('',(-17.,20.158727644778,-16.7234414042926));
#5548=CARTESIAN_POINT('',(-17.,20.4443998282978,-16.8883662773584));
#5549=CARTESIAN_POINT('',(-17.,17.8401467034155,-16.7234414042926));
#5550=CARTESIAN_POINT('',(-17.,20.079363822389,-16.7234414042926));
#5551=CARTESIAN_POINT('',(-17.,17.0362416672692,-17.1875535709371));
#5552=CARTESIAN_POINT('',(-17.,17.5548966496104,-16.888122572533));
#5553=CARTESIAN_POINT('',(-17.,15.9381739407849,-18.2855517731122));
#5554=CARTESIAN_POINT('Origin',(-17.,18.5361868326816,-19.7856614402828));
#5555=CARTESIAN_POINT('',(-17.,15.0637216112104,-19.8));
#5556=CARTESIAN_POINT('',(-17.,16.7649461057035,-16.8536799639191));
#5557=CARTESIAN_POINT('',(-17.,17.5642844371132,-19.8));
#5558=CARTESIAN_POINT('',(-17.,9.5,-19.8));
#5559=CARTESIAN_POINT('',(-17.,18.2216878364866,-18.6614549028471));
#5560=CARTESIAN_POINT('',(-17.,18.0328195200482,-18.9885525355842));
#5561=CARTESIAN_POINT('',(-17.,19.7772344349329,-18.6595884041471));
#5562=CARTESIAN_POINT('',(-17.,18.6110494884729,-18.6609877082172));
#5563=CARTESIAN_POINT('',(-17.,20.4357155628859,-19.8));
#5564=CARTESIAN_POINT('',(-17.,19.6060791103693,-18.3631675827469));
#5565=CARTESIAN_POINT('',(-17.,22.9351527369831,-19.8));
#5566=CARTESIAN_POINT('',(-17.,9.5,-19.8));
#5567=CARTESIAN_POINT('',(-17.,22.1547051471521,-18.4483568873635));
#5568=CARTESIAN_POINT('Origin',(-35.,20.9087459226398,-17.156443552942));
#5569=CARTESIAN_POINT('',(-14.,20.158727644778,-16.7234414042926));
#5570=CARTESIAN_POINT('',(-14.,20.4443998282978,-16.8883662773584));
#5571=CARTESIAN_POINT('',(-35.,20.158727644778,-16.7234414042926));
#5572=CARTESIAN_POINT('Origin',(-35.,18.5361868326816,-19.7856614402828));
#5573=CARTESIAN_POINT('',(-14.,17.0362416672692,-17.1875535709371));
#5574=CARTESIAN_POINT('',(-35.,17.0362416672692,-17.1875535709371));
#5575=CARTESIAN_POINT('',(-14.,15.9381739407849,-18.2855517731122));
#5576=CARTESIAN_POINT('Origin',(-14.,18.5361868326816,-19.7856614402828));
#5577=CARTESIAN_POINT('',(-35.,15.9381739407849,-18.2855517731122));
#5578=CARTESIAN_POINT('Origin',(-14.,19.,-18.3178746050939));
#5579=CARTESIAN_POINT('',(-14.,22.9351527369831,-19.8));
#5580=CARTESIAN_POINT('',(-14.,23.,-19.9123078058952));
#5581=CARTESIAN_POINT('',(-14.,20.4357155628859,-19.8));
#5582=CARTESIAN_POINT('',(-14.,9.5,-19.8));
#5583=CARTESIAN_POINT('',(-14.,19.7772344349329,-18.6595884041471));
#5584=CARTESIAN_POINT('',(-14.,19.7772344349329,-18.6595884041471));
#5585=CARTESIAN_POINT('',(-14.,18.2216878364866,-18.6614549028471));
#5586=CARTESIAN_POINT('',(-14.,18.2216878364866,-18.6614549028471));
#5587=CARTESIAN_POINT('',(-14.,17.5642844371132,-19.8));
#5588=CARTESIAN_POINT('',(-14.,18.2216878364866,-18.6614549028471));
#5589=CARTESIAN_POINT('',(-14.,15.0637216112104,-19.8));
#5590=CARTESIAN_POINT('',(-14.,9.5,-19.8));
#5591=CARTESIAN_POINT('',(-14.,15.,-19.9103583098222));
#5592=CARTESIAN_POINT('',(-14.,17.8401467034155,-16.7234414042926));
#5593=CARTESIAN_POINT('',(-14.,17.5548966496104,-16.888122572533));
#5594=CARTESIAN_POINT('',(-14.,16.8401467034155,-16.7234414042926));
#5595=CARTESIAN_POINT('Origin',(-35.,17.0901284255537,-17.156443552942));
#5596=CARTESIAN_POINT('',(-35.,17.8401467034155,-16.7234414042926));
#5597=CARTESIAN_POINT('Origin',(-14.,18.5361868326816,-19.7856614402828));
#5598=CARTESIAN_POINT('',(7.25,17.0362416672692,-17.1875535709371));
#5599=CARTESIAN_POINT('',(7.25,15.9381739407849,-18.2855517731122));
#5600=CARTESIAN_POINT('Origin',(7.25,18.5361868326816,-19.7856614402828));
#5601=CARTESIAN_POINT('',(10.25,17.0362416672692,-17.1875535709371));
#5602=CARTESIAN_POINT('',(-14.,17.0362416672692,-17.1875535709371));
#5603=CARTESIAN_POINT('',(10.25,15.9381739407849,-18.2855517731122));
#5604=CARTESIAN_POINT('Origin',(10.25,18.5361868326816,-19.7856614402828));
#5605=CARTESIAN_POINT('',(-14.,15.9381739407849,-18.2855517731122));
#5606=CARTESIAN_POINT('Origin',(10.25,19.,-18.3178746050939));
#5607=CARTESIAN_POINT('',(10.25,17.8401467034155,-16.7234414042926));
#5608=CARTESIAN_POINT('',(10.25,17.5548966496104,-16.888122572533));
#5609=CARTESIAN_POINT('',(10.25,20.158727644778,-16.7234414042926));
#5610=CARTESIAN_POINT('',(10.25,16.8401467034155,-16.7234414042926));
#5611=CARTESIAN_POINT('',(10.25,20.9626326809243,-17.1875535709371));
#5612=CARTESIAN_POINT('',(10.25,20.4443998282978,-16.8883662773584));
#5613=CARTESIAN_POINT('',(10.25,22.0607004074085,-18.2855517731122));
#5614=CARTESIAN_POINT('Origin',(10.25,19.4626875155119,-19.7856614402828));
#5615=CARTESIAN_POINT('',(10.25,22.9351527369831,-19.8));
#5616=CARTESIAN_POINT('',(10.25,23.,-19.9123078058952));
#5617=CARTESIAN_POINT('',(10.25,20.4357155628859,-19.8));
#5618=CARTESIAN_POINT('',(10.25,9.5,-19.8));
#5619=CARTESIAN_POINT('',(10.25,19.7772344349329,-18.6595884041471));
#5620=CARTESIAN_POINT('',(10.25,19.7772344349329,-18.6595884041471));
#5621=CARTESIAN_POINT('',(10.25,18.2216878364866,-18.6614549028471));
#5622=CARTESIAN_POINT('',(10.25,18.2216878364866,-18.6614549028471));
#5623=CARTESIAN_POINT('',(10.25,17.5642844371132,-19.8));
#5624=CARTESIAN_POINT('',(10.25,18.2216878364866,-18.6614549028471));
#5625=CARTESIAN_POINT('',(10.25,15.0637216112104,-19.8));
#5626=CARTESIAN_POINT('',(10.25,9.5,-19.8));
#5627=CARTESIAN_POINT('',(10.25,15.,-19.9103583098222));
#5628=CARTESIAN_POINT('Origin',(-14.,17.0901284255537,-17.156443552942));
#5629=CARTESIAN_POINT('',(7.25,17.8401467034155,-16.7234414042926));
#5630=CARTESIAN_POINT('',(7.25,17.5548966496104,-16.888122572533));
#5631=CARTESIAN_POINT('',(-14.,17.8401467034155,-16.7234414042926));
#5632=CARTESIAN_POINT('Origin',(-14.,19.4626875155119,-19.7856614402828));
#5633=CARTESIAN_POINT('',(7.25,20.9626326809243,-17.1875535709371));
#5634=CARTESIAN_POINT('',(-14.,20.9626326809243,-17.1875535709371));
#5635=CARTESIAN_POINT('',(7.25,22.0607004074085,-18.2855517731122));
#5636=CARTESIAN_POINT('Origin',(7.25,19.4626875155119,-19.7856614402828));
#5637=CARTESIAN_POINT('',(-14.,22.0607004074085,-18.2855517731122));
#5638=CARTESIAN_POINT('Origin',(7.25,19.,-18.3178746050939));
#5639=CARTESIAN_POINT('',(7.25,15.0637216112104,-19.8));
#5640=CARTESIAN_POINT('',(7.25,16.7649461057035,-16.8536799639191));
#5641=CARTESIAN_POINT('',(7.25,17.5642844371132,-19.8));
#5642=CARTESIAN_POINT('',(7.25,9.5,-19.8));
#5643=CARTESIAN_POINT('',(7.25,18.2216878364866,-18.6614549028471));
#5644=CARTESIAN_POINT('',(7.25,18.0646803256534,-18.9333733806731));
#5645=CARTESIAN_POINT('',(7.25,19.7772344349329,-18.6595884041471));
#5646=CARTESIAN_POINT('',(7.25,18.6110494884729,-18.6609877082172));
#5647=CARTESIAN_POINT('',(7.25,20.4357155628859,-19.8));
#5648=CARTESIAN_POINT('',(7.25,19.6060791103693,-18.3631675827469));
#5649=CARTESIAN_POINT('',(7.25,22.9351527369831,-19.8));
#5650=CARTESIAN_POINT('',(7.25,9.5,-19.8));
#5651=CARTESIAN_POINT('',(7.25,22.1222815156436,-18.3922029844159));
#5652=CARTESIAN_POINT('',(7.25,20.158727644778,-16.7234414042926));
#5653=CARTESIAN_POINT('',(7.25,20.4443998282978,-16.8883662773584));
#5654=CARTESIAN_POINT('',(7.25,20.079363822389,-16.7234414042926));
#5655=CARTESIAN_POINT('Origin',(-14.,20.9087459226398,-17.156443552942));
#5656=CARTESIAN_POINT('',(-14.,20.158727644778,-16.7234414042926));
#5657=CARTESIAN_POINT('Origin',(-35.,21.158727644778,-16.7234414042926));
#5658=CARTESIAN_POINT('Origin',(-35.,23.,-19.9123078058952));
#5659=CARTESIAN_POINT('',(-17.5,22.9351527369831,-19.8));
#5660=CARTESIAN_POINT('Origin',(-14.,21.158727644778,-16.7234414042926));
#5661=CARTESIAN_POINT('Origin',(-14.,22.9351527369831,-19.8));
#5662=CARTESIAN_POINT('',(4.,22.9351527369831,-19.8));
#5663=CARTESIAN_POINT('Origin',(0.,0.,-19.8));
#5664=CARTESIAN_POINT('',(-23.35,14.5999999999991,-19.7999999999937));
#5665=CARTESIAN_POINT('',(-23.3500000000001,14.5999999999929,-19.8));
#5666=CARTESIAN_POINT('',(30.35,14.6000000000006,-19.8000000000015));
#5667=CARTESIAN_POINT('',(30.1963954286317,23.4,-19.8));
#5668=CARTESIAN_POINT('',(30.35,0.,-19.8));
#5669=CARTESIAN_POINT('',(14.6920057142104,12.4677348181388,-19.8));
#5670=CARTESIAN_POINT('Origin',(15.092066645428,12.4678566712938,-19.8));
#5671=CARTESIAN_POINT('',(14.6920057142104,12.5833391036837,-19.8));
#5672=CARTESIAN_POINT('',(14.6920057142104,0.,-19.8));
#5673=CARTESIAN_POINT('',(14.2920666361478,12.9832781817463,-19.8));
#5674=CARTESIAN_POINT('Origin',(14.2919447829928,12.5832172505287,-19.8));
#5675=CARTESIAN_POINT('',(12.7079333638522,12.9832781817463,-19.8));
#5676=CARTESIAN_POINT('',(0.,12.9832781817463,-19.8));
#5677=CARTESIAN_POINT('',(12.3079942857896,12.5833391036837,-19.8));
#5678=CARTESIAN_POINT('Origin',(12.7080552170072,12.5832172505287,-19.8));
#5679=CARTESIAN_POINT('',(12.3079942857896,12.4677348181388,-19.8));
#5680=CARTESIAN_POINT('',(12.3079942857896,0.,-19.8));
#5681=CARTESIAN_POINT('Origin',(11.9079333545721,12.4678566712938,-19.8));
#5682=CARTESIAN_POINT('',(5.09200571421039,12.4677348181388,-19.8));
#5683=CARTESIAN_POINT('Origin',(5.49206664542796,12.4678566712938,-19.8));
#5684=CARTESIAN_POINT('',(5.0920057142104,12.5833391036837,-19.8));
#5685=CARTESIAN_POINT('',(5.0920057142104,0.,-19.8));
#5686=CARTESIAN_POINT('',(4.69206663614784,12.9832781817463,-19.8));
#5687=CARTESIAN_POINT('Origin',(4.69194478299283,12.5832172505287,-19.8));
#5688=CARTESIAN_POINT('',(3.10793336385216,12.9832781817463,-19.8));
#5689=CARTESIAN_POINT('',(0.,12.9832781817463,-19.8));
#5690=CARTESIAN_POINT('',(2.70799428578961,12.5833391036837,-19.8));
#5691=CARTESIAN_POINT('Origin',(3.10805521700717,12.5832172505287,-19.8));
#5692=CARTESIAN_POINT('',(2.70799428578961,12.4677348181388,-19.8));
#5693=CARTESIAN_POINT('',(2.70799428578961,0.,-19.8));
#5694=CARTESIAN_POINT('Origin',(2.30793335457205,12.4678566712938,-19.8));
#5695=CARTESIAN_POINT('',(-23.35,0.,-19.8));
#5696=CARTESIAN_POINT('',(4.,20.4357155628859,-19.8));
#5697=CARTESIAN_POINT('',(-17.5,20.4357155628859,-19.8));
#5698=CARTESIAN_POINT('',(-17.5,15.0637216112104,-19.8));
#5699=CARTESIAN_POINT('',(-17.5,17.5642844371132,-19.8));
#5700=CARTESIAN_POINT('',(4.,17.5642844371132,-19.8));
#5701=CARTESIAN_POINT('',(4.,15.0637216112104,-19.8));
#5702=CARTESIAN_POINT('Origin',(-14.,17.5642844371132,-19.8));
#5703=CARTESIAN_POINT('',(-14.,18.2216878364866,-18.6614549028471));
#5704=CARTESIAN_POINT('Origin',(-14.,18.2216878364866,-18.6614549028471));
#5705=CARTESIAN_POINT('',(-14.,19.7772344349329,-18.6595884041471));
#5706=CARTESIAN_POINT('Origin',(-14.,19.7772344349329,-18.6595884041471));
#5707=CARTESIAN_POINT('Origin',(-14.,16.8401467034155,-16.7234414042926));
#5708=CARTESIAN_POINT('Origin',(-35.,17.5005628259028,-19.9103583098222));
#5709=CARTESIAN_POINT('',(-35.,18.2216878364866,-18.6614549028471));
#5710=CARTESIAN_POINT('Origin',(-35.,16.8401467034155,-16.7234414042926));
#5711=CARTESIAN_POINT('Origin',(-35.,18.2216878364866,-18.6614549028471));
#5712=CARTESIAN_POINT('',(-35.,19.7772344349329,-18.6595884041471));
#5713=CARTESIAN_POINT('Origin',(-35.,19.7772344349329,-18.6595884041471));
#5714=CARTESIAN_POINT('Origin',(-23.35,27.6,-19.8));
#5715=CARTESIAN_POINT('',(-23.4372753246411,14.6,-24.8));
#5716=CARTESIAN_POINT('',(-23.3500000000001,14.6,-19.7999999999992));
#5717=CARTESIAN_POINT('',(-23.4372753246411,27.6,-24.8));
#5718=CARTESIAN_POINT('Origin',(-31.5244420557929,0.,0.00622131683292518));
#5719=CARTESIAN_POINT('',(-31.1780593562378,14.6,-24.8));
#5720=CARTESIAN_POINT('',(-31.2548588342083,14.6,-19.3));
#5721=CARTESIAN_POINT('',(-31.5244420557929,14.6,0.00622131683292518));
#5722=CARTESIAN_POINT('',(-31.1780593562378,0.,-24.8));
#5723=CARTESIAN_POINT('',(-31.5244420557929,8.04663463606026,0.00622131683301136));
#5724=CARTESIAN_POINT('Origin',(-31.4577571616824,8.01043782682082,-4.76942204950651));
#5725=CARTESIAN_POINT('',(-31.5244420557929,0.,0.00622131683301191));
#5726=CARTESIAN_POINT('',(-31.2548588342083,14.6,-19.3));
#5727=CARTESIAN_POINT('Origin',(35.,14.1,7.5));
#5728=CARTESIAN_POINT('',(38.3882027545466,31.9381265905247,7.81136565783537));
#5729=CARTESIAN_POINT('',(-31.3882027545466,31.9381265905247,7.81136565783537));
#5730=CARTESIAN_POINT('',(0.,31.9381265905247,7.81136565783537));
#5731=CARTESIAN_POINT('',(38.3882027545466,31.9381265905247,7.81136565783537));
#5732=CARTESIAN_POINT('',(-31.3882027545466,31.9381265905247,7.81136565783537));
#5733=CARTESIAN_POINT('Origin',(-31.35,27.6,-24.8));
#5734=CARTESIAN_POINT('',(-15.675,14.6,-24.8));
#5735=CARTESIAN_POINT('Origin',(30.35,0.,-19.8));
#5736=CARTESIAN_POINT('',(30.4372753246411,14.6,-24.8));
#5737=CARTESIAN_POINT('',(30.4023651947847,14.6,-22.8));
#5738=CARTESIAN_POINT('',(30.4372753246411,27.6,-24.8));
#5739=CARTESIAN_POINT('Origin',(38.1780593562378,27.6,-24.8));
#5740=CARTESIAN_POINT('',(38.2548588342083,14.6,-19.3));
#5741=CARTESIAN_POINT('',(38.1780593562378,14.6,-24.8));
#5742=CARTESIAN_POINT('',(38.1780593562378,14.6,-24.8));
#5743=CARTESIAN_POINT('',(38.2570036980074,23.4,-19.1463954286317));
#5744=CARTESIAN_POINT('',(38.5244420557929,-11.6,0.00622131683272863));
#5745=CARTESIAN_POINT('',(38.5244420557929,0.,0.00622131683273089));
#5746=CARTESIAN_POINT('Ctrl Pts',(38.5243551841775,-11.6630674322433,2.34366639156199E-15));
#5747=CARTESIAN_POINT('Ctrl Pts',(38.5244130985878,-11.6420449323872,0.00414754455515247));
#5748=CARTESIAN_POINT('Ctrl Pts',(38.5244420557929,-11.6210225447241,0.00622131683272636));
#5749=CARTESIAN_POINT('Ctrl Pts',(38.5244420557929,-11.6,0.00622131683272863));
#5750=CARTESIAN_POINT('',(38.1780593562378,27.6,-24.8));
#5751=CARTESIAN_POINT('Origin',(30.35,14.6,0.));
#5752=CARTESIAN_POINT('',(30.35,14.6,-19.3));
#5753=CARTESIAN_POINT('',(30.35,14.6,-19.3));
#5754=CARTESIAN_POINT('',(30.35,14.6,0.));
#5755=CARTESIAN_POINT('Origin',(0.,14.6,-19.3));
#5756=CARTESIAN_POINT('',(0.,14.6,-19.3));
#5757=CARTESIAN_POINT('Origin',(28.5,13.1,-12.9));
#5758=CARTESIAN_POINT('Origin',(28.5,13.1,3.1));
#5759=CARTESIAN_POINT('Origin',(38.1534605473769,0.,9.8));
#5760=CARTESIAN_POINT('',(38.3534300864081,-11.6,9.80349048128746));
#5761=CARTESIAN_POINT('',(38.3534300864081,31.9033539223862,9.80349048128746));
#5762=CARTESIAN_POINT('',(38.3534300864081,0.,9.80349048128746));
#5763=CARTESIAN_POINT('Origin',(38.1534456884331,31.9034145718775,9.80001587426022));
#5764=CARTESIAN_POINT('Origin',(38.1534605473769,-11.6,9.8));
#5765=CARTESIAN_POINT('Origin',(38.35,27.6,-24.8));
#5766=CARTESIAN_POINT('',(19.175,14.6,-24.8));
#5767=CARTESIAN_POINT('Origin',(-11.1477259412016,-11.4163458433992,9.8));
#5768=CARTESIAN_POINT('',(-31.2931671338085,7.97559258537084,9.80349048128763));
#5769=CARTESIAN_POINT('Origin',(-31.1534605473769,8.11866559557192,9.8));
#5770=CARTESIAN_POINT('',(-3.91621665848329,-18.7571943493585,9.80349048128758));
#5771=CARTESIAN_POINT('',(-11.2874325276332,-11.5594188536003,9.80349048128763));
#5772=CARTESIAN_POINT('Origin',(-3.77651007205164,-18.6141213391574,9.8));
#5773=CARTESIAN_POINT('Origin',(-31.1534605473769,0.,9.8));
#5774=CARTESIAN_POINT('',(-31.3534300864081,31.9033539223862,9.80349048128746));
#5775=CARTESIAN_POINT('Origin',(-31.1534456884331,31.9034145718775,9.80001587426022));
#5776=CARTESIAN_POINT('',(-31.3534300864081,8.11866559557192,9.80349048128754));
#5777=CARTESIAN_POINT('',(-31.3534300864081,0.,9.80349048128746));
#5778=CARTESIAN_POINT('Origin',(-31.1534605473769,8.11866559557192,9.8));
#5779=CARTESIAN_POINT('Origin',(0.,31.9000761524218,9.99127379678136));
#5780=CARTESIAN_POINT('',(38.3534300864081,31.9033539223862,9.80349048128746));
#5781=CARTESIAN_POINT('',(-31.3882027545466,31.9381265905247,7.81136565783537));
#5782=CARTESIAN_POINT('Origin',(28.35,-11.6,9.8));
#5783=CARTESIAN_POINT('',(28.35,-21.6034300864081,9.80349048128746));
#5784=CARTESIAN_POINT('Origin',(28.35,-21.4034605473769,9.8));
#5785=CARTESIAN_POINT('Origin',(28.35,-11.6,9.80349048128745));
#5786=CARTESIAN_POINT('Origin',(0.,-21.4034605473769,9.8));
#5787=CARTESIAN_POINT('',(3.07257311794913,-21.6034300864081,9.80349048128746));
#5788=CARTESIAN_POINT('Origin',(3.07257311794913,-21.4034605473769,9.8));
#5789=CARTESIAN_POINT('',(0.,-21.6034300864081,9.80349048128746));
#5790=CARTESIAN_POINT('Origin',(3.07257311794913,-11.6,9.8));
#5791=CARTESIAN_POINT('Origin',(3.07257311794915,-11.6,9.80349048128749));
#5792=CARTESIAN_POINT('Origin',(-11.2850361343347,-11.5569647158849,10.));
#5793=CARTESIAN_POINT('',(-3.91382026518475,-18.7547402116431,10.));
#5794=CARTESIAN_POINT('',(-31.2931671338085,7.97559258537083,9.80349048128763));
#5795=CARTESIAN_POINT('Origin',(-31.1534605473769,8.11866559557192,9.8));
#5796=CARTESIAN_POINT('Origin',(-31.1534605473769,8.11866559557192,9.80000000000017));
#5797=CARTESIAN_POINT('Origin',(-31.35,0.,10.));
#5798=CARTESIAN_POINT('',(-31.5244420557929,8.04663463606026,0.00622131683301191));
#5799=CARTESIAN_POINT('Origin',(38.35,0.,10.));
#5800=CARTESIAN_POINT('',(38.35,-11.6,10.));
#5801=CARTESIAN_POINT('Origin',(28.35,-11.6,4.65408037037845E-15));
#5802=CARTESIAN_POINT('',(28.35,-21.7745506492822,-5.20417042793042E-15));
#5803=CARTESIAN_POINT('Origin',(0.,-21.6,10.));
#5804=CARTESIAN_POINT('',(3.07257311794913,-21.6,10.));
#5805=CARTESIAN_POINT('Origin',(3.07257311794913,-11.6,4.32128937547585E-15));
#5806=CARTESIAN_POINT('Origin',(-31.1464435710009,8.12162117548281,10.202002307346));
#5807=CARTESIAN_POINT('Origin',(0.,14.6,-19.3));
#5808=CARTESIAN_POINT('',(-23.35,14.6,-19.3));
#5809=CARTESIAN_POINT('',(-23.1963954286317,23.4,-19.1463954286317));
#5810=CARTESIAN_POINT('',(0.,14.6,-19.3));
#5811=CARTESIAN_POINT('Origin',(0.,14.6,0.));
#5812=CARTESIAN_POINT('',(-23.35,14.6,0.));
#5813=CARTESIAN_POINT('Origin',(0.,14.6,0.));
#5814=CARTESIAN_POINT('Origin',(12.3625366996612,12.0132533262047,6.24420819737102));
#5815=CARTESIAN_POINT('',(12.4828495679593,12.292879535967,-9.78254759356276));
#5816=CARTESIAN_POINT('',(12.4828495679593,12.2928795359691,-9.78254759356272));
#5817=CARTESIAN_POINT('Origin',(12.0829104898968,12.2928795359691,-9.77556663098781));
#5818=CARTESIAN_POINT('Origin',(5.01307335130259,11.9888633771684,7.64150744183321));
#5819=CARTESIAN_POINT('',(4.9171504320407,12.2928795359691,-9.78254759356272));
#5820=CARTESIAN_POINT('Origin',(5.31708951010326,12.2928795359691,-9.77556663098781));
#5821=CARTESIAN_POINT('',(4.61313427324003,11.9888633771684,7.6345264792583));
#5822=CARTESIAN_POINT('Ctrl Pts',(5.31708951010326,11.8929404579065,-9.78254759356272));
#5823=CARTESIAN_POINT('Ctrl Pts',(4.91727221098866,11.8930622368545,-9.78952430481874));
#5824=CARTESIAN_POINT('Ctrl Pts',(4.9171504320407,12.2928795359691,-9.78254759356272));
#5825=CARTESIAN_POINT('Ctrl Pts',(5.31392618120514,11.889777129025,-9.60132060331205));
#5826=CARTESIAN_POINT('Ctrl Pts',(4.91591698180652,11.890804528597,-9.66018028537154));
#5827=CARTESIAN_POINT('Ctrl Pts',(4.91489091140067,12.2897162070732,-9.65309974279115));
#5828=CARTESIAN_POINT('Ctrl Pts',(5.27514723063566,11.8866269326561,-9.42084597420962));
#5829=CARTESIAN_POINT('Ctrl Pts',(4.88914574017525,11.8885466866731,-9.53082860819482));
#5830=CARTESIAN_POINT('Ctrl Pts',(4.88719166099237,12.2865660107185,-9.52418929402474));
#5831=CARTESIAN_POINT('Ctrl Pts',(5.13207363154988,11.8808141722411,-9.08783315306426));
#5832=CARTESIAN_POINT('Ctrl Pts',(4.78817539171638,11.8843715627691,-9.29163591990932));
#5833=CARTESIAN_POINT('Ctrl Pts',(4.78499623307405,12.2807532503038,-9.28632299320673));
#5834=CARTESIAN_POINT('Ctrl Pts',(5.02783333455128,11.8781543397322,-8.93545145068482));
#5835=CARTESIAN_POINT('Ctrl Pts',(4.71407915878115,11.8824549933093,-9.1818357291022));
#5836=CARTESIAN_POINT('Ctrl Pts',(4.71053887807497,12.2780934177948,-9.17747892007844));
#5837=CARTESIAN_POINT('Ctrl Pts',(4.76931807925692,11.8737200160458,-8.68140921683331));
#5838=CARTESIAN_POINT('Ctrl Pts',(4.52938335587157,11.8792562783375,-8.99858147111083));
#5839=CARTESIAN_POINT('Ctrl Pts',(4.52588512429335,12.2736590941083,-8.99602018161321));
#5840=CARTESIAN_POINT('Ctrl Pts',(4.61514034131538,11.8719471924934,-8.57984422353917));
#5841=CARTESIAN_POINT('Ctrl Pts',(4.41885281776341,11.8779737205135,-8.92510378257905));
#5842=CARTESIAN_POINT('Ctrl Pts',(4.41575816862085,12.2718862705559,-8.92347375783162));
#5843=CARTESIAN_POINT('Ctrl Pts',(4.27968126104006,11.869551660549,-8.44260429036148));
#5844=CARTESIAN_POINT('Ctrl Pts',(4.17796652322878,11.8762408371841,-8.82582696312412));
#5845=CARTESIAN_POINT('Ctrl Pts',(4.17614453985264,12.2694907386116,-8.82544523413325));
#5846=CARTESIAN_POINT('Ctrl Pts',(4.09855733222144,11.8689298530498,-8.40698096259112));
#5847=CARTESIAN_POINT('Ctrl Pts',(4.04766060997588,11.8757900258665,-8.80000000001196));
#5848=CARTESIAN_POINT('Ctrl Pts',(4.04677030498232,12.2688689311128,-8.8));
#5849=CARTESIAN_POINT('Ctrl Pts',(3.91730273688431,11.8689298530496,-8.40698096257492));
#5850=CARTESIAN_POINT('Ctrl Pts',(3.91730273688431,11.8757900258658,-8.8));
#5851=CARTESIAN_POINT('Ctrl Pts',(3.91730273688431,12.2688689311121,-8.8));
#5852=CARTESIAN_POINT('',(3.91730273688431,12.2688689311093,-8.8));
#5853=CARTESIAN_POINT('Origin',(3.91730273688431,12.2688689311121,-8.4));
#5854=CARTESIAN_POINT('Ctrl Pts',(3.91730273688431,12.2688689311093,-8.8));
#5855=CARTESIAN_POINT('Ctrl Pts',(4.04677030498232,12.2688689311128,-8.8));
#5856=CARTESIAN_POINT('Ctrl Pts',(4.17614453985264,12.2694907386116,-8.82544523413325));
#5857=CARTESIAN_POINT('Ctrl Pts',(4.41575816862085,12.2718862705559,-8.92347375783162));
#5858=CARTESIAN_POINT('Ctrl Pts',(4.52588512429335,12.2736590941083,-8.99602018161321));
#5859=CARTESIAN_POINT('Ctrl Pts',(4.71053887807497,12.2780934177948,-9.17747892007844));
#5860=CARTESIAN_POINT('Ctrl Pts',(4.78499623307405,12.2807532503038,-9.28632299320673));
#5861=CARTESIAN_POINT('Ctrl Pts',(4.88719166099237,12.2865660107185,-9.52418929402474));
#5862=CARTESIAN_POINT('Ctrl Pts',(4.91489091140067,12.2897162070732,-9.65309974279115));
#5863=CARTESIAN_POINT('Ctrl Pts',(4.9171504320407,12.2928795359691,-9.78254759356272));
#5864=CARTESIAN_POINT('Origin',(0.,12.2688689311121,-8.4));
#5865=CARTESIAN_POINT('',(3.88269726311569,12.2688689311121,-8.8));
#5866=CARTESIAN_POINT('Origin',(3.88269726311569,12.2688689311121,-8.4));
#5867=CARTESIAN_POINT('',(0.,12.2688689311121,-8.8));
#5868=CARTESIAN_POINT('Ctrl Pts',(3.88269726311569,11.8689298530496,-8.40698096257492));
#5869=CARTESIAN_POINT('Ctrl Pts',(3.88269726311569,11.8757900258658,-8.8));
#5870=CARTESIAN_POINT('Ctrl Pts',(3.88269726311569,12.2688689311121,-8.8));
#5871=CARTESIAN_POINT('Ctrl Pts',(3.70144266777857,11.8689298530498,-8.40698096259112));
#5872=CARTESIAN_POINT('Ctrl Pts',(3.75233939002412,11.8757900258665,-8.80000000001196));
#5873=CARTESIAN_POINT('Ctrl Pts',(3.75322969501775,12.2688689311128,-8.8));
#5874=CARTESIAN_POINT('Ctrl Pts',(3.52031873895995,11.869551660549,-8.44260429036149));
#5875=CARTESIAN_POINT('Ctrl Pts',(3.62203347677124,11.8762408371841,-8.82582696312429));
#5876=CARTESIAN_POINT('Ctrl Pts',(3.62385546014728,12.2694907386116,-8.82544523413329));
#5877=CARTESIAN_POINT('Ctrl Pts',(3.18485965868462,11.8719471924934,-8.57984422353915));
#5878=CARTESIAN_POINT('Ctrl Pts',(3.38114718223658,11.8779737205135,-8.92510378257887));
#5879=CARTESIAN_POINT('Ctrl Pts',(3.38424183137923,12.2718862705559,-8.92347375783159));
#5880=CARTESIAN_POINT('Ctrl Pts',(3.03068192074308,11.8737200160458,-8.68140921683347));
#5881=CARTESIAN_POINT('Ctrl Pts',(3.27061664412847,11.8792562783375,-8.99858147111099));
#5882=CARTESIAN_POINT('Ctrl Pts',(3.27411487570659,12.2736590941083,-8.99602018161326));
#5883=CARTESIAN_POINT('Ctrl Pts',(2.77216666544872,11.8781543397322,-8.93545145068466));
#5884=CARTESIAN_POINT('Ctrl Pts',(3.08592084121881,11.8824549933093,-9.18183572910204));
#5885=CARTESIAN_POINT('Ctrl Pts',(3.08946112192509,12.2780934177948,-9.17747892007838));
#5886=CARTESIAN_POINT('Ctrl Pts',(2.66792636845012,11.8808141722411,-9.08783315306426));
#5887=CARTESIAN_POINT('Ctrl Pts',(3.01182460828355,11.8843715627691,-9.29163591990932));
#5888=CARTESIAN_POINT('Ctrl Pts',(3.01500376692595,12.2807532503038,-9.28632299320675));
#5889=CARTESIAN_POINT('Ctrl Pts',(2.52485276936435,11.8866269326561,-9.42084597420962));
#5890=CARTESIAN_POINT('Ctrl Pts',(2.91085425982484,11.8885466866731,-9.53082860819482));
#5891=CARTESIAN_POINT('Ctrl Pts',(2.91280833900764,12.2865660107185,-9.52418929402473));
#5892=CARTESIAN_POINT('Ctrl Pts',(2.48607381879475,11.889777129025,-9.60132060331205));
#5893=CARTESIAN_POINT('Ctrl Pts',(2.88408301819348,11.890804528597,-9.66018028537154));
#5894=CARTESIAN_POINT('Ctrl Pts',(2.88510908859934,12.2897162070732,-9.65309974279116));
#5895=CARTESIAN_POINT('Ctrl Pts',(2.48291048989674,11.8929404579065,-9.78254759356272));
#5896=CARTESIAN_POINT('Ctrl Pts',(2.88272778901134,11.8930622368545,-9.78952430481874));
#5897=CARTESIAN_POINT('Ctrl Pts',(2.8828495679593,12.2928795359691,-9.78254759356272));
#5898=CARTESIAN_POINT('',(2.8828495679593,12.2928795359616,-9.78254759356285));
#5899=CARTESIAN_POINT('Origin',(2.48291048989674,12.2928795359691,-9.77556663098781));
#5900=CARTESIAN_POINT('Ctrl Pts',(2.8828495679593,12.2928795359616,-9.78254759356285));
#5901=CARTESIAN_POINT('Ctrl Pts',(2.88510908859934,12.2897162070732,-9.65309974279116));
#5902=CARTESIAN_POINT('Ctrl Pts',(2.91280833900764,12.2865660107185,-9.52418929402473));
#5903=CARTESIAN_POINT('Ctrl Pts',(3.01500376692595,12.2807532503038,-9.28632299320675));
#5904=CARTESIAN_POINT('Ctrl Pts',(3.08946112192509,12.2780934177948,-9.17747892007838));
#5905=CARTESIAN_POINT('Ctrl Pts',(3.27411487570659,12.2736590941083,-8.99602018161326));
#5906=CARTESIAN_POINT('Ctrl Pts',(3.38424183137923,12.2718862705559,-8.92347375783159));
#5907=CARTESIAN_POINT('Ctrl Pts',(3.62385546014728,12.2694907386116,-8.82544523413329));
#5908=CARTESIAN_POINT('Ctrl Pts',(3.75322969501775,12.2688689311127,-8.8));
#5909=CARTESIAN_POINT('Ctrl Pts',(3.88269726311569,12.2688689311121,-8.8));
#5910=CARTESIAN_POINT('Origin',(2.76545983962057,12.0103301862453,6.41167477348634));
#5911=CARTESIAN_POINT('',(2.8828495679593,12.2928795359691,-9.78254759356272));
#5912=CARTESIAN_POINT('Origin',(14.6101502113432,11.985940237209,7.80897401794853));
#5913=CARTESIAN_POINT('',(14.5171504320407,12.2928795359691,-9.78254759356272));
#5914=CARTESIAN_POINT('Origin',(14.9170895101033,12.2928795359691,-9.77556663098781));
#5915=CARTESIAN_POINT('',(14.2102111332806,11.985940237209,7.80199305537361));
#5916=CARTESIAN_POINT('Ctrl Pts',(14.9170895101033,11.8929404579065,-9.78254759356272));
#5917=CARTESIAN_POINT('Ctrl Pts',(14.5172722109887,11.8930622368545,-9.78952430481874));
#5918=CARTESIAN_POINT('Ctrl Pts',(14.5171504320407,12.2928795359691,-9.78254759356272));
#5919=CARTESIAN_POINT('Ctrl Pts',(14.9139261812053,11.889777129025,-9.60132060331208));
#5920=CARTESIAN_POINT('Ctrl Pts',(14.5159169818073,11.8908045285975,-9.66018028537143));
#5921=CARTESIAN_POINT('Ctrl Pts',(14.5148909114007,12.2897162070732,-9.6530997427911));
#5922=CARTESIAN_POINT('Ctrl Pts',(14.8751472306356,11.8866269326561,-9.42084597420957));
#5923=CARTESIAN_POINT('Ctrl Pts',(14.4891457401751,11.8885466866731,-9.53082860819494));
#5924=CARTESIAN_POINT('Ctrl Pts',(14.4871916609924,12.2865660107185,-9.5241892940248));
#5925=CARTESIAN_POINT('Ctrl Pts',(14.7320736315499,11.8808141722411,-9.08783315306432));
#5926=CARTESIAN_POINT('Ctrl Pts',(14.3881753917165,11.884371562769,-9.2916359199092));
#5927=CARTESIAN_POINT('Ctrl Pts',(14.384996233074,12.2807532503038,-9.28632299320667));
#5928=CARTESIAN_POINT('Ctrl Pts',(14.6278333345513,11.8781543397322,-8.93545145068482));
#5929=CARTESIAN_POINT('Ctrl Pts',(14.3140791587811,11.8824549933093,-9.18183572910234));
#5930=CARTESIAN_POINT('Ctrl Pts',(14.3105388780751,12.2780934177946,-9.17747892007856));
#5931=CARTESIAN_POINT('Ctrl Pts',(14.3693180792569,11.8737200160458,-8.68140921683331));
#5932=CARTESIAN_POINT('Ctrl Pts',(14.1293833558716,11.8792562783375,-8.99858147111066));
#5933=CARTESIAN_POINT('Ctrl Pts',(14.1258851242932,12.2736590941085,-8.99602018161309));
#5934=CARTESIAN_POINT('Ctrl Pts',(14.2151403413154,11.8719471924934,-8.57984422353917));
#5935=CARTESIAN_POINT('Ctrl Pts',(14.0188528177632,11.8779737205135,-8.92510378257905));
#5936=CARTESIAN_POINT('Ctrl Pts',(14.0157581686207,12.2718862705559,-8.92347375783157));
#5937=CARTESIAN_POINT('Ctrl Pts',(13.8796812610401,11.869551660549,-8.44260429036148));
#5938=CARTESIAN_POINT('Ctrl Pts',(13.7779665232289,11.8762408371841,-8.82582696312412));
#5939=CARTESIAN_POINT('Ctrl Pts',(13.7761445398528,12.2694907386116,-8.82544523413331));
#5940=CARTESIAN_POINT('Ctrl Pts',(13.6985573322214,11.8689298530498,-8.40698096259112));
#5941=CARTESIAN_POINT('Ctrl Pts',(13.6476606099758,11.8757900258665,-8.80000000001196));
#5942=CARTESIAN_POINT('Ctrl Pts',(13.6467703049822,12.2688689311128,-8.8));
#5943=CARTESIAN_POINT('Ctrl Pts',(13.5173027368843,11.8689298530496,-8.40698096257492));
#5944=CARTESIAN_POINT('Ctrl Pts',(13.5173027368843,11.8757900258658,-8.8));
#5945=CARTESIAN_POINT('Ctrl Pts',(13.5173027368843,12.2688689311121,-8.8));
#5946=CARTESIAN_POINT('',(13.5173027368843,12.2688689311101,-8.8));
#5947=CARTESIAN_POINT('Origin',(13.5173027368843,12.2688689311121,-8.4));
#5948=CARTESIAN_POINT('Ctrl Pts',(13.5173027368843,12.2688689311101,-8.8));
#5949=CARTESIAN_POINT('Ctrl Pts',(13.6467703049822,12.2688689311128,-8.8));
#5950=CARTESIAN_POINT('Ctrl Pts',(13.7761445398528,12.2694907386116,-8.82544523413331));
#5951=CARTESIAN_POINT('Ctrl Pts',(14.0157581686207,12.2718862705559,-8.92347375783157));
#5952=CARTESIAN_POINT('Ctrl Pts',(14.1258851242932,12.2736590941085,-8.99602018161309));
#5953=CARTESIAN_POINT('Ctrl Pts',(14.3105388780751,12.2780934177946,-9.17747892007856));
#5954=CARTESIAN_POINT('Ctrl Pts',(14.384996233074,12.2807532503038,-9.28632299320667));
#5955=CARTESIAN_POINT('Ctrl Pts',(14.4871916609924,12.2865660107185,-9.5241892940248));
#5956=CARTESIAN_POINT('Ctrl Pts',(14.5148909114007,12.2897162070732,-9.6530997427911));
#5957=CARTESIAN_POINT('Ctrl Pts',(14.5171504320407,12.2928795359691,-9.78254759356272));
#5958=CARTESIAN_POINT('Origin',(-31.35,12.2688689311121,-8.4));
#5959=CARTESIAN_POINT('',(13.4826972631157,12.2688689311121,-8.8));
#5960=CARTESIAN_POINT('Origin',(13.4826972631157,12.2688689311121,-8.4));
#5961=CARTESIAN_POINT('',(-31.35,12.2688689311121,-8.8));
#5962=CARTESIAN_POINT('Ctrl Pts',(13.4826972631157,11.8689298530496,-8.40698096257492));
#5963=CARTESIAN_POINT('Ctrl Pts',(13.4826972631157,11.8757900258658,-8.8));
#5964=CARTESIAN_POINT('Ctrl Pts',(13.4826972631157,12.2688689311121,-8.8));
#5965=CARTESIAN_POINT('Ctrl Pts',(13.3014426677786,11.8689298530498,-8.40698096259112));
#5966=CARTESIAN_POINT('Ctrl Pts',(13.3523393900243,11.8757900258665,-8.80000000001195));
#5967=CARTESIAN_POINT('Ctrl Pts',(13.3532296950177,12.2688689311128,-8.8));
#5968=CARTESIAN_POINT('Ctrl Pts',(13.12031873896,11.869551660549,-8.44260429036148));
#5969=CARTESIAN_POINT('Ctrl Pts',(13.2220334767711,11.876240837184,-8.82582696312443));
#5970=CARTESIAN_POINT('Ctrl Pts',(13.2238554601473,12.2694907386116,-8.82544523413328));
#5971=CARTESIAN_POINT('Ctrl Pts',(12.7848596586846,11.8719471924934,-8.57984422353917));
#5972=CARTESIAN_POINT('Ctrl Pts',(12.9811471822368,11.8779737205136,-8.92510378257873));
#5973=CARTESIAN_POINT('Ctrl Pts',(12.9842418313792,12.2718862705559,-8.9234737578316));
#5974=CARTESIAN_POINT('Ctrl Pts',(12.6306819207431,11.8737200160458,-8.68140921683347));
#5975=CARTESIAN_POINT('Ctrl Pts',(12.8706166441287,11.8792562783377,-8.99858147111084));
#5976=CARTESIAN_POINT('Ctrl Pts',(12.8741148757066,12.2736590941083,-8.99602018161324));
#5977=CARTESIAN_POINT('Ctrl Pts',(12.3721666654487,11.8781543397322,-8.93545145068466));
#5978=CARTESIAN_POINT('Ctrl Pts',(12.6859208412185,11.8824549933092,-9.18183572910221));
#5979=CARTESIAN_POINT('Ctrl Pts',(12.6894611219251,12.2780934177948,-9.1774789200784));
#5980=CARTESIAN_POINT('Ctrl Pts',(12.2679263684501,11.8808141722411,-9.08783315306431));
#5981=CARTESIAN_POINT('Ctrl Pts',(12.6118246082835,11.8843715627689,-9.29163591990919));
#5982=CARTESIAN_POINT('Ctrl Pts',(12.615003766926,12.2807532503036,-9.28632299320666));
#5983=CARTESIAN_POINT('Ctrl Pts',(12.1248527693644,11.8866269326561,-9.42084597420957));
#5984=CARTESIAN_POINT('Ctrl Pts',(12.5108542598249,11.8885466866733,-9.53082860819493));
#5985=CARTESIAN_POINT('Ctrl Pts',(12.5128083390076,12.2865660107187,-9.5241892940248));
#5986=CARTESIAN_POINT('Ctrl Pts',(12.0860738187947,11.889777129025,-9.60132060331208));
#5987=CARTESIAN_POINT('Ctrl Pts',(12.4840830181927,11.8908045285972,-9.66018028537144));
#5988=CARTESIAN_POINT('Ctrl Pts',(12.4851090885993,12.2897162070732,-9.6530997427911));
#5989=CARTESIAN_POINT('Ctrl Pts',(12.0829104898967,11.8929404579065,-9.78254759356272));
#5990=CARTESIAN_POINT('Ctrl Pts',(12.4827277890113,11.8930622368545,-9.78952430481874));
#5991=CARTESIAN_POINT('Ctrl Pts',(12.4828495679593,12.2928795359691,-9.78254759356272));
#5992=CARTESIAN_POINT('Ctrl Pts',(12.4828495679593,12.292879535967,-9.78254759356276));
#5993=CARTESIAN_POINT('Ctrl Pts',(12.4851090885993,12.2897162070732,-9.6530997427911));
#5994=CARTESIAN_POINT('Ctrl Pts',(12.5128083390076,12.2865660107187,-9.5241892940248));
#5995=CARTESIAN_POINT('Ctrl Pts',(12.615003766926,12.2807532503036,-9.28632299320666));
#5996=CARTESIAN_POINT('Ctrl Pts',(12.6894611219251,12.2780934177948,-9.1774789200784));
#5997=CARTESIAN_POINT('Ctrl Pts',(12.8741148757066,12.2736590941083,-8.99602018161324));
#5998=CARTESIAN_POINT('Ctrl Pts',(12.9842418313792,12.2718862705559,-8.9234737578316));
#5999=CARTESIAN_POINT('Ctrl Pts',(13.2238554601473,12.2694907386116,-8.82544523413328));
#6000=CARTESIAN_POINT('Ctrl Pts',(13.3532296950177,12.2688689311128,-8.8));
#6001=CARTESIAN_POINT('Ctrl Pts',(13.4826972631157,12.2688689311121,-8.8));
#6002=CARTESIAN_POINT('Origin',(-23.35,14.6,0.));
#6003=CARTESIAN_POINT('Origin',(-21.5,13.1,-12.9));
#6004=CARTESIAN_POINT('Origin',(-21.5,13.1,3.1));
#6005=CARTESIAN_POINT('Origin',(12.5,0.,-8.8));
#6006=CARTESIAN_POINT('',(12.4828495679593,12.4084838215084,-9.78254759356282));
#6007=CARTESIAN_POINT('',(12.3079942857896,12.5833391036837,-19.8));
#6008=CARTESIAN_POINT('',(12.4828495679593,0.,-9.78254759356284));
#6009=CARTESIAN_POINT('Origin',(4.9,0.,-8.8));
#6010=CARTESIAN_POINT('',(4.9171504320407,12.408483821514,-9.78254759356272));
#6011=CARTESIAN_POINT('',(4.9171504320407,0.,-9.78254759356272));
#6012=CARTESIAN_POINT('',(4.9171504320407,12.408483821514,-9.78254759356272));
#6013=CARTESIAN_POINT('Origin',(3.91730273688431,0.,-9.8));
#6014=CARTESIAN_POINT('',(3.91730273688431,12.3981935622894,-8.8));
#6015=CARTESIAN_POINT('',(3.91730273688431,0.,-8.8));
#6016=CARTESIAN_POINT('Ctrl Pts',(4.9171504320407,12.408483821514,-9.78254759356272));
#6017=CARTESIAN_POINT('Ctrl Pts',(4.91262002526385,12.405765577448,-9.52300076314514));
#6018=CARTESIAN_POINT('Ctrl Pts',(4.80286568519034,12.4030971252254,-9.26820822074292));
#6019=CARTESIAN_POINT('Ctrl Pts',(4.43355831717798,12.3992962777876,-8.90529088094871));
#6020=CARTESIAN_POINT('Ctrl Pts',(4.17688910022491,12.3981935622926,-8.8));
#6021=CARTESIAN_POINT('Ctrl Pts',(3.91730273688431,12.3981935622894,-8.8));
#6022=CARTESIAN_POINT('Origin',(0.,0.,-8.8));
#6023=CARTESIAN_POINT('',(3.88269726311569,12.3981935622896,-8.8));
#6024=CARTESIAN_POINT('',(3.88269726311569,0.,-8.8));
#6025=CARTESIAN_POINT('',(0.,12.3981935622896,-8.8));
#6026=CARTESIAN_POINT('Origin',(3.88269726311569,0.,-9.8));
#6027=CARTESIAN_POINT('',(2.8828495679593,12.4084838215027,-9.78254759356292));
#6028=CARTESIAN_POINT('',(2.8828495679593,0.,-9.78254759356284));
#6029=CARTESIAN_POINT('Ctrl Pts',(3.88269726311569,12.3981935622896,-8.8));
#6030=CARTESIAN_POINT('Ctrl Pts',(3.62311089977509,12.3981935622926,-8.8));
#6031=CARTESIAN_POINT('Ctrl Pts',(3.36644168282202,12.3992962777876,-8.90529088094872));
#6032=CARTESIAN_POINT('Ctrl Pts',(2.99713431480966,12.4030971252254,-9.26820822074292));
#6033=CARTESIAN_POINT('Ctrl Pts',(2.88737997473615,12.405765577448,-9.52300076314515));
#6034=CARTESIAN_POINT('Ctrl Pts',(2.8828495679593,12.4084838215027,-9.78254759356292));
#6035=CARTESIAN_POINT('Origin',(2.9,0.,-8.8));
#6036=CARTESIAN_POINT('',(2.70799428578961,12.5833391036837,-19.8));
#6037=CARTESIAN_POINT('Origin',(14.5,0.,-8.8));
#6038=CARTESIAN_POINT('',(14.5171504320407,12.408483821514,-9.78254759356272));
#6039=CARTESIAN_POINT('',(14.5171504320407,0.,-9.78254759356272));
#6040=CARTESIAN_POINT('',(14.5171504320407,12.408483821514,-9.78254759356272));
#6041=CARTESIAN_POINT('Origin',(13.5173027368843,0.,-9.8));
#6042=CARTESIAN_POINT('',(13.5173027368843,12.3981935622894,-8.8));
#6043=CARTESIAN_POINT('',(13.5173027368843,0.,-8.8));
#6044=CARTESIAN_POINT('Ctrl Pts',(14.5171504320407,12.408483821514,-9.78254759356272));
#6045=CARTESIAN_POINT('Ctrl Pts',(14.5126200252639,12.405765577448,-9.52300076314527));
#6046=CARTESIAN_POINT('Ctrl Pts',(14.4028656851902,12.4030971252254,-9.26820822074277));
#6047=CARTESIAN_POINT('Ctrl Pts',(14.0335583171781,12.3992962777876,-8.90529088094887));
#6048=CARTESIAN_POINT('Ctrl Pts',(13.7768891002248,12.3981935622926,-8.8));
#6049=CARTESIAN_POINT('Ctrl Pts',(13.5173027368843,12.3981935622894,-8.8));
#6050=CARTESIAN_POINT('Origin',(0.,0.,-8.8));
#6051=CARTESIAN_POINT('',(13.4826972631157,12.3981935622896,-8.8));
#6052=CARTESIAN_POINT('',(13.4826972631157,0.,-8.8));
#6053=CARTESIAN_POINT('',(0.,12.3981935622896,-8.8));
#6054=CARTESIAN_POINT('Origin',(13.4826972631157,0.,-9.8));
#6055=CARTESIAN_POINT('Ctrl Pts',(13.4826972631157,12.3981935622896,-8.8));
#6056=CARTESIAN_POINT('Ctrl Pts',(13.223110899775,12.3981935622926,-8.8));
#6057=CARTESIAN_POINT('Ctrl Pts',(12.9664416828221,12.3992962777876,-8.90529088094865));
#6058=CARTESIAN_POINT('Ctrl Pts',(12.5971343148096,12.4030971252254,-9.26820822074299));
#6059=CARTESIAN_POINT('Ctrl Pts',(12.4873799747362,12.405765577448,-9.52300076314509));
#6060=CARTESIAN_POINT('Ctrl Pts',(12.4828495679593,12.4084838215084,-9.78254759356282));
#6061=CARTESIAN_POINT('Origin',(12.8960111272925,12.3952613402434,-9.0320131114811));
#6062=CARTESIAN_POINT('',(12.8827886460219,12.8084228995766,-9.78254759356272));
#6063=CARTESIAN_POINT('',(12.8960111272925,12.795200418306,-9.02503214890618));
#6064=CARTESIAN_POINT('Origin',(12.8827886460219,12.408483821514,-9.78952855613763));
#6065=CARTESIAN_POINT('Origin',(4.49628783841859,12.3875603059545,-8.59082115255007));
#6066=CARTESIAN_POINT('',(4.51721135397815,12.8084228995766,-9.78254759356272));
#6067=CARTESIAN_POINT('Origin',(4.51721135397815,12.408483821514,-9.78952855613763));
#6068=CARTESIAN_POINT('',(4.49628783841859,12.787499384017,-8.58384018997516));
#6069=CARTESIAN_POINT('Ctrl Pts',(4.51721135397815,12.8084228995766,-9.78254759356272));
#6070=CARTESIAN_POINT('Ctrl Pts',(4.91702865309274,12.8083011206286,-9.77557088230669));
#6071=CARTESIAN_POINT('Ctrl Pts',(4.9171504320407,12.408483821514,-9.78254759356272));
#6072=CARTESIAN_POINT('Ctrl Pts',(4.51449310966971,12.8057046554484,-9.62681949175765));
#6073=CARTESIAN_POINT('Ctrl Pts',(4.91070122325214,12.8037816102515,-9.51664830623321));
#6074=CARTESIAN_POINT('Ctrl Pts',(4.91262002526385,12.405765577448,-9.52300076314514));
#6075=CARTESIAN_POINT('Ctrl Pts',(4.44864050586788,12.803036203288,-9.47394396987088));
#6076=CARTESIAN_POINT('Ctrl Pts',(4.79966588877551,12.7993595186395,-9.26330684743376));
#6077=CARTESIAN_POINT('Ctrl Pts',(4.80286568519034,12.4030971252254,-9.26820822074292));
#6078=CARTESIAN_POINT('Ctrl Pts',(4.22705608506056,12.7992353558502,-9.25619356599428));
#6079=CARTESIAN_POINT('Ctrl Pts',(4.43044148980365,12.7930874353826,-8.90397943829575));
#6080=CARTESIAN_POINT('Ctrl Pts',(4.43355831717798,12.3992962777876,-8.90529088094872));
#6081=CARTESIAN_POINT('Ctrl Pts',(4.07305455488742,12.7981326403553,-9.1930190376053));
#6082=CARTESIAN_POINT('Ctrl Pts',(4.17504285558692,12.7912724675409,-8.80000000028431));
#6083=CARTESIAN_POINT('Ctrl Pts',(4.17688910022491,12.3981935622926,-8.8));
#6084=CARTESIAN_POINT('Ctrl Pts',(3.91730273688431,12.7981326403522,-9.19301903742509));
#6085=CARTESIAN_POINT('Ctrl Pts',(3.91730273688431,12.7912724675359,-8.8));
#6086=CARTESIAN_POINT('Ctrl Pts',(3.91730273688431,12.3981935622896,-8.8));
#6087=CARTESIAN_POINT('',(3.91730273688431,12.7981326403522,-9.19301903742509));
#6088=CARTESIAN_POINT('Origin',(3.91730273688431,12.3981935622896,-9.2));
#6089=CARTESIAN_POINT('Ctrl Pts',(4.51721135397815,12.8084228995766,-9.78254759356272));
#6090=CARTESIAN_POINT('Ctrl Pts',(4.51683815335685,12.8080496989553,-9.76116694428823));
#6091=CARTESIAN_POINT('Ctrl Pts',(4.51533204487013,12.8076802050047,-9.73999851486316));
#6092=CARTESIAN_POINT('Ctrl Pts',(4.5127308293251,12.8073141267949,-9.71902701047783));
#6093=CARTESIAN_POINT('Ctrl Pts',(4.51007131354204,12.8069398437876,-9.69758547826275));
#6094=CARTESIAN_POINT('Ctrl Pts',(4.50626658618863,12.8065691116655,-9.676349012601));
#6095=CARTESIAN_POINT('Ctrl Pts',(4.50130636917737,12.8062020037274,-9.65532056038223));
#6096=CARTESIAN_POINT('Ctrl Pts',(4.4983274927373,12.8059815357146,-9.64269184660952));
#6097=CARTESIAN_POINT('Ctrl Pts',(4.49493093725214,12.8057623842338,-9.63013857863261));
#6098=CARTESIAN_POINT('Ctrl Pts',(4.49110702094832,12.8055446635251,-9.61766646400581));
#6099=CARTESIAN_POINT('Ctrl Pts',(4.48873675676755,12.8054097087938,-9.60993559224777));
#6100=CARTESIAN_POINT('Ctrl Pts',(4.48628277956859,12.8052794349394,-9.60247275098265));
#6101=CARTESIAN_POINT('Ctrl Pts',(4.48365406828584,12.8051483698371,-9.59496464590112));
#6102=CARTESIAN_POINT('Ctrl Pts',(4.48108180373236,12.8050201191162,-9.58761776353647));
#6103=CARTESIAN_POINT('Ctrl Pts',(4.478342121488,12.8048911055516,-9.5802272405873));
#6104=CARTESIAN_POINT('Ctrl Pts',(4.47530379109557,12.8047564907086,-9.57251613222298));
#6105=CARTESIAN_POINT('Ctrl Pts',(4.47427760372464,12.8047110249317,-9.56991172750155));
#6106=CARTESIAN_POINT('Ctrl Pts',(4.47321695606578,12.8046649230556,-9.56727091686181));
#6107=CARTESIAN_POINT('Ctrl Pts',(4.47211553879712,12.8046180084607,-9.56458359393144));
#6108=CARTESIAN_POINT('Ctrl Pts',(4.46195751018236,12.8041853297555,-9.53979925106658));
#6109=CARTESIAN_POINT('Ctrl Pts',(4.45014725789108,12.803767054057,-9.51583325622093));
#6110=CARTESIAN_POINT('Ctrl Pts',(4.43683237969003,12.803365159254,-9.49280417408626));
#6111=CARTESIAN_POINT('Ctrl Pts',(4.42331669265797,12.8029572032596,-9.46942777799252));
#6112=CARTESIAN_POINT('Ctrl Pts',(4.40825095989825,12.802566085311,-9.44701557602933));
#6113=CARTESIAN_POINT('Ctrl Pts',(4.39173611085945,12.8021937252919,-9.42568086648785));
#6114=CARTESIAN_POINT('Ctrl Pts',(4.37522126182064,12.8018213652729,-9.40434615694637));
#6115=CARTESIAN_POINT('Ctrl Pts',(4.35725746015261,12.8014677526194,-9.38408757217633));
#6116=CARTESIAN_POINT('Ctrl Pts',(4.33788927753388,12.8011350475787,-9.36502707705245));
#6117=CARTESIAN_POINT('Ctrl Pts',(4.32273686661812,12.8008747607159,-9.35011538089281));
#6118=CARTESIAN_POINT('Ctrl Pts',(4.3069244332772,12.8006308858813,-9.33614430943681));
#6119=CARTESIAN_POINT('Ctrl Pts',(4.29046978278058,12.8004026968957,-9.32307319321083));
#6120=CARTESIAN_POINT('Ctrl Pts',(4.27367747072347,12.8001698253039,-9.30973384804233));
#6121=CARTESIAN_POINT('Ctrl Pts',(4.25621544312471,12.7999532818416,-9.29733150191152));
#6122=CARTESIAN_POINT('Ctrl Pts',(4.23807733510095,12.7997531800594,-9.28587093921059));
#6123=CARTESIAN_POINT('Ctrl Pts',(4.22312563540829,12.7995882311159,-9.27642370846364));
#6124=CARTESIAN_POINT('Ctrl Pts',(4.20771383152722,12.7994344723363,-9.26761725101602));
#6125=CARTESIAN_POINT('Ctrl Pts',(4.19183218519336,12.7992924352732,-9.25948012374165));
#6126=CARTESIAN_POINT('Ctrl Pts',(4.18476426051623,12.7992292234851,-9.25585879875717));
#6127=CARTESIAN_POINT('Ctrl Pts',(4.17734952041353,12.7991660633694,-9.2522403153782));
#6128=CARTESIAN_POINT('Ctrl Pts',(4.16988325696718,12.7991057306584,-9.24878389404116));
#6129=CARTESIAN_POINT('Ctrl Pts',(4.16228384904786,12.7990443220455,-9.24526583499195));
#6130=CARTESIAN_POINT('Ctrl Pts',(4.15463135864105,12.7989858467573,-9.24191590690229));
#6131=CARTESIAN_POINT('Ctrl Pts',(4.14725997355672,12.7989323483042,-9.23885140388309));
#6132=CARTESIAN_POINT('Ctrl Pts',(4.14342054856265,12.7989044833513,-9.23725524124179));
#6133=CARTESIAN_POINT('Ctrl Pts',(4.13965773200532,12.7988779535049,-9.2357356491371));
#6134=CARTESIAN_POINT('Ctrl Pts',(4.13602057553968,12.7988529564861,-9.23430399339344));
#6135=CARTESIAN_POINT('Ctrl Pts',(4.11584156818943,12.7987142725905,-9.22636114241979));
#6136=CARTESIAN_POINT('Ctrl Pts',(4.09539111235753,12.7985964130382,-9.21960672427932));
#6137=CARTESIAN_POINT('Ctrl Pts',(4.07470216315426,12.7984983544192,-9.21398530877788));
#6138=CARTESIAN_POINT('Ctrl Pts',(4.05406507504825,12.7984005416042,-9.20837798450811));
#6139=CARTESIAN_POINT('Ctrl Pts',(4.03318989317109,12.7983224125305,-9.20389747628448));
#6140=CARTESIAN_POINT('Ctrl Pts',(4.01207891613232,12.7982636860679,-9.20053039524922));
#6141=CARTESIAN_POINT('Ctrl Pts',(3.99156183404364,12.7982066117008,-9.19725803708822));
#6142=CARTESIAN_POINT('Ctrl Pts',(3.97082127180568,12.7981678590384,-9.19503700207063));
#6143=CARTESIAN_POINT('Ctrl Pts',(3.94984213297432,12.7981480211081,-9.1939002838419));
#6144=CARTESIAN_POINT('Ctrl Pts',(3.93905987206227,12.7981378253731,-9.19331606574676));
#6145=CARTESIAN_POINT('Ctrl Pts',(3.92821437868528,12.7981326403522,-9.19301903742509));
#6146=CARTESIAN_POINT('Ctrl Pts',(3.91730273688431,12.7981326403522,-9.19301903742509));
#6147=CARTESIAN_POINT('Origin',(0.,12.3981935622896,-9.2));
#6148=CARTESIAN_POINT('',(3.88269726311569,12.7981326403522,-9.19301903742509));
#6149=CARTESIAN_POINT('Origin',(3.88269726311569,12.3981935622896,-9.2));
#6150=CARTESIAN_POINT('',(0.,12.7981326403522,-9.19301903742509));
#6151=CARTESIAN_POINT('Ctrl Pts',(3.88269726311569,12.7981326403522,-9.19301903742509));
#6152=CARTESIAN_POINT('Ctrl Pts',(3.88269726311569,12.7912724675359,-8.8));
#6153=CARTESIAN_POINT('Ctrl Pts',(3.88269726311569,12.3981935622896,-8.8));
#6154=CARTESIAN_POINT('Ctrl Pts',(3.72694544511258,12.7981326403553,-9.1930190376053));
#6155=CARTESIAN_POINT('Ctrl Pts',(3.62495714441313,12.7912724675409,-8.8000000002843));
#6156=CARTESIAN_POINT('Ctrl Pts',(3.62311089977509,12.3981935622926,-8.8));
#6157=CARTESIAN_POINT('Ctrl Pts',(3.57294391493944,12.7992353558502,-9.25619356599428));
#6158=CARTESIAN_POINT('Ctrl Pts',(3.36955851019628,12.7930874353826,-8.90397943829575));
#6159=CARTESIAN_POINT('Ctrl Pts',(3.36644168282202,12.3992962777876,-8.90529088094872));
#6160=CARTESIAN_POINT('Ctrl Pts',(3.35135949413212,12.803036203288,-9.47394396987088));
#6161=CARTESIAN_POINT('Ctrl Pts',(3.00033411122456,12.7993595186395,-9.26330684743376));
#6162=CARTESIAN_POINT('Ctrl Pts',(2.99713431480966,12.4030971252254,-9.26820822074292));
#6163=CARTESIAN_POINT('Ctrl Pts',(3.28550689033033,12.8057046554484,-9.62681949175765));
#6164=CARTESIAN_POINT('Ctrl Pts',(2.8892987767481,12.8037816102515,-9.51664830623322));
#6165=CARTESIAN_POINT('Ctrl Pts',(2.88737997473615,12.405765577448,-9.52300076314515));
#6166=CARTESIAN_POINT('Ctrl Pts',(3.28278864602186,12.8084228995766,-9.78254759356272));
#6167=CARTESIAN_POINT('Ctrl Pts',(2.88297134690726,12.8083011206286,-9.77557088230669));
#6168=CARTESIAN_POINT('Ctrl Pts',(2.8828495679593,12.408483821514,-9.78254759356272));
#6169=CARTESIAN_POINT('',(3.28278864602186,12.8084228995766,-9.78254759356272));
#6170=CARTESIAN_POINT('Origin',(3.28278864602186,12.408483821514,-9.78952855613763));
#6171=CARTESIAN_POINT('Ctrl Pts',(3.88269726311569,12.7981326403522,-9.19301903742509));
#6172=CARTESIAN_POINT('Ctrl Pts',(3.86132502103652,12.7981326403522,-9.19301903742509));
#6173=CARTESIAN_POINT('Ctrl Pts',(3.84014498895859,12.7981524589108,-9.19415430655282));
#6174=CARTESIAN_POINT('Ctrl Pts',(3.81914255618204,12.7981914067277,-9.19638672488563));
#6175=CARTESIAN_POINT('Ctrl Pts',(3.79767513966923,12.7982312168305,-9.19866856788407));
#6176=CARTESIAN_POINT('Ctrl Pts',(3.77639247825057,12.7982910144654,-9.20209712915915));
#6177=CARTESIAN_POINT('Ctrl Pts',(3.75529730055769,12.7983710008512,-9.20668269354812));
#6178=CARTESIAN_POINT('Ctrl Pts',(3.74258978499814,12.7984191838178,-9.20944498982599));
#6179=CARTESIAN_POINT('Ctrl Pts',(3.72995070751276,12.7984747112838,-9.21262807662622));
#6180=CARTESIAN_POINT('Ctrl Pts',(3.71738565016215,12.7985377703266,-9.21624182601476));
#6181=CARTESIAN_POINT('Ctrl Pts',(3.70961458958796,12.7985767701996,-9.21847680709083));
#6182=CARTESIAN_POINT('Ctrl Pts',(3.70211005891615,12.7986173150472,-9.22080016304881));
#6183=CARTESIAN_POINT('Ctrl Pts',(3.69455722204042,12.7986608945108,-9.22329743865903));
#6184=CARTESIAN_POINT('Ctrl Pts',(3.68716650040111,12.7987035385782,-9.22574111236672));
#6185=CARTESIAN_POINT('Ctrl Pts',(3.67972922243688,12.7987490901888,-9.22835142168897));
#6186=CARTESIAN_POINT('Ctrl Pts',(3.6719661844377,12.7987997509628,-9.23125474645585));
#6187=CARTESIAN_POINT('Ctrl Pts',(3.66934433628587,12.7988168608695,-9.23223530028994));
#6188=CARTESIAN_POINT('Ctrl Pts',(3.66668548773593,12.7988345604409,-9.23324967217726));
#6189=CARTESIAN_POINT('Ctrl Pts',(3.66397942446032,12.7988529564861,-9.23430399339345));
#6190=CARTESIAN_POINT('Ctrl Pts',(3.63898351158675,12.7990228807986,-9.24404276095967));
#6191=CARTESIAN_POINT('Ctrl Pts',(3.61477929219929,12.7992220933448,-9.25545264467352));
#6192=CARTESIAN_POINT('Ctrl Pts',(3.59148857869532,12.7994479573434,-9.26838783230658));
#6193=CARTESIAN_POINT('Ctrl Pts',(3.56790032562559,12.7996767067614,-9.28148826735084));
#6194=CARTESIAN_POINT('Ctrl Pts',(3.54524789469891,12.7999327676712,-9.29615291683181));
#6195=CARTESIAN_POINT('Ctrl Pts',(3.52364609958281,12.8002143598818,-9.31228310242624));
#6196=CARTESIAN_POINT('Ctrl Pts',(3.5020443044667,12.8004959520923,-9.32841328802067));
#6197=CARTESIAN_POINT('Ctrl Pts',(3.48149179661487,12.8008030853833,-9.34600881156116));
#6198=CARTESIAN_POINT('Ctrl Pts',(3.46211072443365,12.801135047614,-9.36502707905402));
#6199=CARTESIAN_POINT('Ctrl Pts',(3.44694731792456,12.801394768965,-9.3799066336213));
#6200=CARTESIAN_POINT('Ctrl Pts',(3.43271167329329,12.8016662744088,-9.39546167683691));
#6201=CARTESIAN_POINT('Ctrl Pts',(3.41936340274866,12.8019492229724,-9.4116736058461));
#6202=CARTESIAN_POINT('Ctrl Pts',(3.40574203336429,12.80223796052,-9.42821722269361));
#6203=CARTESIAN_POINT('Ctrl Pts',(3.39304443161157,12.8025386259462,-9.44544574510683));
#6204=CARTESIAN_POINT('Ctrl Pts',(3.38127520392637,12.8028513612376,-9.46336559821846));
#6205=CARTESIAN_POINT('Ctrl Pts',(3.37154942376503,12.8031097974558,-9.47817409343573));
#6206=CARTESIAN_POINT('Ctrl Pts',(3.36245842513519,12.8033764921745,-9.49345541198642));
#6207=CARTESIAN_POINT('Ctrl Pts',(3.35403079279356,12.8036516590959,-9.50921988489324));
#6208=CARTESIAN_POINT('Ctrl Pts',(3.35028668064817,12.8037739064567,-9.51622350727298));
#6209=CARTESIAN_POINT('Ctrl Pts',(3.34653935598247,12.8039022094148,-9.52357393608098));
#6210=CARTESIAN_POINT('Ctrl Pts',(3.34295316930516,12.8040314595807,-9.53097871038893));
#6211=CARTESIAN_POINT('Ctrl Pts',(3.339302990513,12.8041630160937,-9.53851561590216));
#6212=CARTESIAN_POINT('Ctrl Pts',(3.33581999427806,12.8042955488827,-9.54610853299246));
#6213=CARTESIAN_POINT('Ctrl Pts',(3.33262728979917,12.8044232573261,-9.55342536577587));
#6214=CARTESIAN_POINT('Ctrl Pts',(3.33096437950803,12.8044897738754,-9.55723631558802));
#6215=CARTESIAN_POINT('Ctrl Pts',(3.32937936360784,12.8045549753387,-9.56097200648311));
#6216=CARTESIAN_POINT('Ctrl Pts',(3.32788446120288,12.8046180084607,-9.56458359393145));
#6217=CARTESIAN_POINT('Ctrl Pts',(3.31958345084385,12.8049680236838,-9.58463829765099));
#6218=CARTESIAN_POINT('Ctrl Pts',(3.31246787784104,12.8053232262693,-9.60498559615046));
#6219=CARTESIAN_POINT('Ctrl Pts',(3.30648293979469,12.8056829687253,-9.62559158649384));
#6220=CARTESIAN_POINT('Ctrl Pts',(3.30051393033571,12.8060417537464,-9.64614273511369));
#6221=CARTESIAN_POINT('Ctrl Pts',(3.29566901800632,12.8064050590673,-9.66695198329665));
#6222=CARTESIAN_POINT('Ctrl Pts',(3.29193491408116,12.8067727931493,-9.68801680954222));
#6223=CARTESIAN_POINT('Ctrl Pts',(3.28830673474717,12.8071300957909,-9.70848409400724));
#6224=CARTESIAN_POINT('Ctrl Pts',(3.28572688420799,12.8074915940114,-9.72919341860508));
#6225=CARTESIAN_POINT('Ctrl Pts',(3.28422812875282,12.8078575789187,-9.75016047731339));
#6226=CARTESIAN_POINT('Ctrl Pts',(3.28346134732222,12.8080448212268,-9.76088747831701));
#6227=CARTESIAN_POINT('Ctrl Pts',(3.28297830276626,12.8082332428322,-9.77168216595289));
#6228=CARTESIAN_POINT('Ctrl Pts',(3.28278864602186,12.8084228995766,-9.78254759356272));
#6229=CARTESIAN_POINT('Origin',(3.29893426725186,12.392338200284,-8.86454653536578));
#6230=CARTESIAN_POINT('',(3.29893426725186,12.7922772783466,-8.85756557279086));
#6231=CARTESIAN_POINT('Origin',(14.0962878384186,12.3875603059545,-8.59082115255007));
#6232=CARTESIAN_POINT('',(14.1172113539781,12.8084228995766,-9.78254759356272));
#6233=CARTESIAN_POINT('Origin',(14.1172113539781,12.408483821514,-9.78952855613763));
#6234=CARTESIAN_POINT('',(14.0962878384186,12.787499384017,-8.58384018997516));
#6235=CARTESIAN_POINT('Ctrl Pts',(14.1172113539781,12.8084228995766,-9.78254759356272));
#6236=CARTESIAN_POINT('Ctrl Pts',(14.5170286530927,12.8083011206286,-9.77557088230669));
#6237=CARTESIAN_POINT('Ctrl Pts',(14.5171504320407,12.408483821514,-9.78254759356272));
#6238=CARTESIAN_POINT('Ctrl Pts',(14.1144931096702,12.8057046554484,-9.62681949175771));
#6239=CARTESIAN_POINT('Ctrl Pts',(14.5107012232527,12.8037816102516,-9.5166483062335));
#6240=CARTESIAN_POINT('Ctrl Pts',(14.5126200252639,12.405765577448,-9.52300076314527));
#6241=CARTESIAN_POINT('Ctrl Pts',(14.0486405058678,12.803036203288,-9.47394396987077));
#6242=CARTESIAN_POINT('Ctrl Pts',(14.3996658887755,12.7993595186395,-9.26330684743343));
#6243=CARTESIAN_POINT('Ctrl Pts',(14.4028656851902,12.4030971252254,-9.26820822074277));
#6244=CARTESIAN_POINT('Ctrl Pts',(13.8270560850606,12.7992353558502,-9.25619356599439));
#6245=CARTESIAN_POINT('Ctrl Pts',(14.0304414898038,12.7930874353826,-8.90397943829613));
#6246=CARTESIAN_POINT('Ctrl Pts',(14.0335583171781,12.3992962777876,-8.90529088094887));
#6247=CARTESIAN_POINT('Ctrl Pts',(13.6730545548874,12.7981326403553,-9.1930190376053));
#6248=CARTESIAN_POINT('Ctrl Pts',(13.7750428555869,12.7912724675409,-8.80000000028417));
#6249=CARTESIAN_POINT('Ctrl Pts',(13.7768891002248,12.3981935622926,-8.8));
#6250=CARTESIAN_POINT('Ctrl Pts',(13.5173027368843,12.7981326403522,-9.19301903742509));
#6251=CARTESIAN_POINT('Ctrl Pts',(13.5173027368843,12.7912724675359,-8.8));
#6252=CARTESIAN_POINT('Ctrl Pts',(13.5173027368843,12.3981935622896,-8.8));
#6253=CARTESIAN_POINT('',(13.5173027368843,12.7981326403522,-9.19301903742509));
#6254=CARTESIAN_POINT('Origin',(13.5173027368843,12.3981935622896,-9.2));
#6255=CARTESIAN_POINT('Ctrl Pts',(14.1172113539781,12.8084228995766,-9.78254759356272));
#6256=CARTESIAN_POINT('Ctrl Pts',(14.1168381533569,12.8080496989553,-9.76116694428832));
#6257=CARTESIAN_POINT('Ctrl Pts',(14.1153320448701,12.8076802050047,-9.73999851486331));
#6258=CARTESIAN_POINT('Ctrl Pts',(14.1127308293251,12.8073141267949,-9.71902701047804));
#6259=CARTESIAN_POINT('Ctrl Pts',(14.1100713135421,12.8069398437876,-9.697585478263));
#6260=CARTESIAN_POINT('Ctrl Pts',(14.1062665861887,12.8065691116655,-9.67634901260129));
#6261=CARTESIAN_POINT('Ctrl Pts',(14.1013063691774,12.8062020037274,-9.65532056038252));
#6262=CARTESIAN_POINT('Ctrl Pts',(14.0983274927373,12.8059815357146,-9.64269184660975));
#6263=CARTESIAN_POINT('Ctrl Pts',(14.0949309372522,12.8057623842338,-9.63013857863277));
#6264=CARTESIAN_POINT('Ctrl Pts',(14.0911070209483,12.8055446635251,-9.6176664640059));
#6265=CARTESIAN_POINT('Ctrl Pts',(14.0887367567677,12.8054097087939,-9.6099355922482));
#6266=CARTESIAN_POINT('Ctrl Pts',(14.0862827795688,12.8052794349394,-9.60247275098342));
#6267=CARTESIAN_POINT('Ctrl Pts',(14.0836540682862,12.8051483698371,-9.59496464590225));
#6268=CARTESIAN_POINT('Ctrl Pts',(14.0810818037329,12.8050201191163,-9.58761776353796));
#6269=CARTESIAN_POINT('Ctrl Pts',(14.0783421214887,12.8048911055516,-9.58022724058916));
#6270=CARTESIAN_POINT('Ctrl Pts',(14.0753037910964,12.8047564907087,-9.57251613222519));
#6271=CARTESIAN_POINT('Ctrl Pts',(14.0742776037252,12.8047110249318,-9.56991172750305));
#6272=CARTESIAN_POINT('Ctrl Pts',(14.0732169560661,12.8046649230556,-9.56727091686258));
#6273=CARTESIAN_POINT('Ctrl Pts',(14.0721155387971,12.8046180084607,-9.56458359393145));
#6274=CARTESIAN_POINT('Ctrl Pts',(14.0619575101873,12.8041853297558,-9.53979925107856));
#6275=CARTESIAN_POINT('Ctrl Pts',(14.0501472579027,12.8037670540574,-9.51583325624443));
#6276=CARTESIAN_POINT('Ctrl Pts',(14.0368323797098,12.8033651592546,-9.49280417412039));
#6277=CARTESIAN_POINT('Ctrl Pts',(14.023316692676,12.8029572032601,-9.4694277780201));
#6278=CARTESIAN_POINT('Ctrl Pts',(14.0082509599138,12.8025660853114,-9.4470155760509));
#6279=CARTESIAN_POINT('Ctrl Pts',(13.9917361108717,12.8021937252922,-9.42568086650378));
#6280=CARTESIAN_POINT('Ctrl Pts',(13.9752212618296,12.8018213652731,-9.40434615695666));
#6281=CARTESIAN_POINT('Ctrl Pts',(13.9572574601576,12.8014677526195,-9.38408757218136));
#6282=CARTESIAN_POINT('Ctrl Pts',(13.9378892775338,12.8011350475787,-9.3650270770526));
#6283=CARTESIAN_POINT('Ctrl Pts',(13.9227368666179,12.8008747607159,-9.35011538089293));
#6284=CARTESIAN_POINT('Ctrl Pts',(13.9069244332769,12.8006308858813,-9.33614430943693));
#6285=CARTESIAN_POINT('Ctrl Pts',(13.8904697827804,12.8004026968957,-9.32307319321098));
#6286=CARTESIAN_POINT('Ctrl Pts',(13.8736774707231,12.8001698253039,-9.30973384804236));
#6287=CARTESIAN_POINT('Ctrl Pts',(13.8562154431243,12.7999532818416,-9.29733150191148));
#6288=CARTESIAN_POINT('Ctrl Pts',(13.8380773351005,12.7997531800594,-9.28587093921051));
#6289=CARTESIAN_POINT('Ctrl Pts',(13.8231256354077,12.7995882311159,-9.27642370846346));
#6290=CARTESIAN_POINT('Ctrl Pts',(13.8077138315266,12.7994344723363,-9.26761725101576));
#6291=CARTESIAN_POINT('Ctrl Pts',(13.7918321851927,12.7992924352732,-9.25948012374137));
#6292=CARTESIAN_POINT('Ctrl Pts',(13.7847642605152,12.7992292234851,-9.25585879875673));
#6293=CARTESIAN_POINT('Ctrl Pts',(13.7773495204123,12.7991660633694,-9.25224031537763));
#6294=CARTESIAN_POINT('Ctrl Pts',(13.7698832569657,12.7991057306584,-9.24878389404048));
#6295=CARTESIAN_POINT('Ctrl Pts',(13.7622838490461,12.7990443220455,-9.24526583499116));
#6296=CARTESIAN_POINT('Ctrl Pts',(13.754631358639,12.7989858467573,-9.24191590690141));
#6297=CARTESIAN_POINT('Ctrl Pts',(13.7472599735544,12.7989323483041,-9.23885140388215));
#6298=CARTESIAN_POINT('Ctrl Pts',(13.7434205485612,12.7989044833513,-9.2372552412412));
#6299=CARTESIAN_POINT('Ctrl Pts',(13.7396577320046,12.7988779535049,-9.23573564913683));
#6300=CARTESIAN_POINT('Ctrl Pts',(13.7360205755397,12.7988529564861,-9.23430399339344));
#6301=CARTESIAN_POINT('Ctrl Pts',(13.7158415681894,12.7987142725905,-9.2263611424198));
#6302=CARTESIAN_POINT('Ctrl Pts',(13.6953911123575,12.7985964130382,-9.21960672427933));
#6303=CARTESIAN_POINT('Ctrl Pts',(13.6747021631542,12.7984983544192,-9.21398530877789));
#6304=CARTESIAN_POINT('Ctrl Pts',(13.6540650750482,12.7984005416042,-9.20837798450812));
#6305=CARTESIAN_POINT('Ctrl Pts',(13.6331898931711,12.7983224125305,-9.20389747628449));
#6306=CARTESIAN_POINT('Ctrl Pts',(13.6120789161323,12.7982636860679,-9.20053039524923));
#6307=CARTESIAN_POINT('Ctrl Pts',(13.5915618340436,12.7982066117008,-9.19725803708823));
#6308=CARTESIAN_POINT('Ctrl Pts',(13.5708212718057,12.7981678590384,-9.19503700207063));
#6309=CARTESIAN_POINT('Ctrl Pts',(13.5498421329743,12.7981480211081,-9.1939002838419));
#6310=CARTESIAN_POINT('Ctrl Pts',(13.5390598720623,12.7981378253731,-9.19331606574676));
#6311=CARTESIAN_POINT('Ctrl Pts',(13.5282143786853,12.7981326403522,-9.19301903742509));
#6312=CARTESIAN_POINT('Ctrl Pts',(13.5173027368843,12.7981326403522,-9.19301903742509));
#6313=CARTESIAN_POINT('Origin',(0.,12.3981935622896,-9.2));
#6314=CARTESIAN_POINT('',(13.4826972631157,12.7981326403522,-9.19301903742509));
#6315=CARTESIAN_POINT('Origin',(13.4826972631157,12.3981935622896,-9.2));
#6316=CARTESIAN_POINT('',(0.,12.7981326403522,-9.19301903742509));
#6317=CARTESIAN_POINT('Ctrl Pts',(13.4826972631157,12.7981326403522,-9.19301903742509));
#6318=CARTESIAN_POINT('Ctrl Pts',(13.4826972631157,12.7912724675359,-8.8));
#6319=CARTESIAN_POINT('Ctrl Pts',(13.4826972631157,12.3981935622896,-8.8));
#6320=CARTESIAN_POINT('Ctrl Pts',(13.3269454451125,12.7981326403553,-9.1930190376053));
#6321=CARTESIAN_POINT('Ctrl Pts',(13.224957144413,12.7912724675409,-8.80000000028417));
#6322=CARTESIAN_POINT('Ctrl Pts',(13.223110899775,12.3981935622926,-8.8));
#6323=CARTESIAN_POINT('Ctrl Pts',(13.1729439149395,12.7992353558502,-9.25619356599428));
#6324=CARTESIAN_POINT('Ctrl Pts',(12.9695585101965,12.7930874353826,-8.90397943829591));
#6325=CARTESIAN_POINT('Ctrl Pts',(12.9664416828221,12.3992962777876,-8.90529088094865));
#6326=CARTESIAN_POINT('Ctrl Pts',(12.9513594941321,12.803036203288,-9.47394396987088));
#6327=CARTESIAN_POINT('Ctrl Pts',(12.6003341112243,12.7993595186395,-9.26330684743365));
#6328=CARTESIAN_POINT('Ctrl Pts',(12.5971343148096,12.4030971252254,-9.26820822074299));
#6329=CARTESIAN_POINT('Ctrl Pts',(12.8855068903298,12.8057046554484,-9.62681949175763));
#6330=CARTESIAN_POINT('Ctrl Pts',(12.4892987767473,12.8037816102519,-9.51664830623331));
#6331=CARTESIAN_POINT('Ctrl Pts',(12.4873799747362,12.405765577448,-9.52300076314509));
#6332=CARTESIAN_POINT('Ctrl Pts',(12.8827886460219,12.8084228995766,-9.78254759356272));
#6333=CARTESIAN_POINT('Ctrl Pts',(12.4829713469073,12.8083011206286,-9.77557088230669));
#6334=CARTESIAN_POINT('Ctrl Pts',(12.4828495679593,12.408483821514,-9.78254759356272));
#6335=CARTESIAN_POINT('Ctrl Pts',(13.4826972631157,12.7981326403522,-9.19301903742509));
#6336=CARTESIAN_POINT('Ctrl Pts',(13.4613250210366,12.7981326403522,-9.19301903742509));
#6337=CARTESIAN_POINT('Ctrl Pts',(13.4401449889587,12.7981524589108,-9.19415430655281));
#6338=CARTESIAN_POINT('Ctrl Pts',(13.4191425561822,12.7981914067277,-9.1963867248856));
#6339=CARTESIAN_POINT('Ctrl Pts',(13.3976751396695,12.7982312168305,-9.19866856788402));
#6340=CARTESIAN_POINT('Ctrl Pts',(13.3763924782509,12.7982910144654,-9.20209712915908));
#6341=CARTESIAN_POINT('Ctrl Pts',(13.355297300558,12.7983710008512,-9.20668269354802));
#6342=CARTESIAN_POINT('Ctrl Pts',(13.3425897849983,12.7984191838178,-9.20944498982592));
#6343=CARTESIAN_POINT('Ctrl Pts',(13.3299507075128,12.7984747112838,-9.21262807662617));
#6344=CARTESIAN_POINT('Ctrl Pts',(13.317385650162,12.7985377703266,-9.21624182601476));
#6345=CARTESIAN_POINT('Ctrl Pts',(13.3096145895877,12.7985767701996,-9.21847680709087));
#6346=CARTESIAN_POINT('Ctrl Pts',(13.3021100589158,12.7986173150472,-9.22080016304891));
#6347=CARTESIAN_POINT('Ctrl Pts',(13.2945572220399,12.7986608945108,-9.22329743865919));
#6348=CARTESIAN_POINT('Ctrl Pts',(13.2871665004004,12.7987035385782,-9.22574111236694));
#6349=CARTESIAN_POINT('Ctrl Pts',(13.279729222436,12.7987490901888,-9.22835142168926));
#6350=CARTESIAN_POINT('Ctrl Pts',(13.2719661844367,12.7987997509628,-9.23125474645622));
#6351=CARTESIAN_POINT('Ctrl Pts',(13.2693443362852,12.7988168608695,-9.23223530029019));
#6352=CARTESIAN_POINT('Ctrl Pts',(13.2666854877356,12.7988345604409,-9.23324967217739));
#6353=CARTESIAN_POINT('Ctrl Pts',(13.2639794244603,12.7988529564861,-9.23430399339344));
#6354=CARTESIAN_POINT('Ctrl Pts',(13.2389835115788,12.7990228807987,-9.24404276096279));
#6355=CARTESIAN_POINT('Ctrl Pts',(13.2147792921837,12.7992220933449,-9.25545264468091));
#6356=CARTESIAN_POINT('Ctrl Pts',(13.1914885786726,12.7994479573436,-9.26838783231923));
#6357=CARTESIAN_POINT('Ctrl Pts',(13.1679003256072,12.7996767067616,-9.28148826736242));
#6358=CARTESIAN_POINT('Ctrl Pts',(13.1452478946845,12.7999327676714,-9.29615291684183));
#6359=CARTESIAN_POINT('Ctrl Pts',(13.1236460995722,12.8002143598819,-9.31228310243417));
#6360=CARTESIAN_POINT('Ctrl Pts',(13.1020443044598,12.8004959520924,-9.3284132880265));
#6361=CARTESIAN_POINT('Ctrl Pts',(13.0814917966115,12.8008030853833,-9.34600881156437));
#6362=CARTESIAN_POINT('Ctrl Pts',(13.0621107244336,12.801135047614,-9.36502707905393));
#6363=CARTESIAN_POINT('Ctrl Pts',(13.0469473179245,12.801394768965,-9.37990663362112));
#6364=CARTESIAN_POINT('Ctrl Pts',(13.0327116732933,12.8016662744088,-9.39546167683669));
#6365=CARTESIAN_POINT('Ctrl Pts',(13.0193634027486,12.8019492229724,-9.4116736058459));
#6366=CARTESIAN_POINT('Ctrl Pts',(13.0057420333644,12.80223796052,-9.42821722269323));
#6367=CARTESIAN_POINT('Ctrl Pts',(12.9930444316118,12.8025386259461,-9.44544574510632));
#6368=CARTESIAN_POINT('Ctrl Pts',(12.9812752039267,12.8028513612376,-9.46336559821787));
#6369=CARTESIAN_POINT('Ctrl Pts',(12.9715494237653,12.8031097974558,-9.47817409343514));
#6370=CARTESIAN_POINT('Ctrl Pts',(12.9624584251355,12.8033764921745,-9.49345541198587));
#6371=CARTESIAN_POINT('Ctrl Pts',(12.9540307927938,12.8036516590958,-9.50921988489278));
#6372=CARTESIAN_POINT('Ctrl Pts',(12.9502866806485,12.8037739064567,-9.5162235072723));
#6373=CARTESIAN_POINT('Ctrl Pts',(12.9465393559829,12.8039022094148,-9.5235739360801));
#6374=CARTESIAN_POINT('Ctrl Pts',(12.9429531693057,12.8040314595806,-9.53097871038785));
#6375=CARTESIAN_POINT('Ctrl Pts',(12.9393029905136,12.8041630160937,-9.53851561590087));
#6376=CARTESIAN_POINT('Ctrl Pts',(12.9358199942787,12.8042955488827,-9.54610853299099));
#6377=CARTESIAN_POINT('Ctrl Pts',(12.9326272897999,12.8044232573261,-9.55342536577421));
#6378=CARTESIAN_POINT('Ctrl Pts',(12.9309643795085,12.8044897738754,-9.55723631558694));
#6379=CARTESIAN_POINT('Ctrl Pts',(12.9293793636081,12.8045549753387,-9.5609720064826));
#6380=CARTESIAN_POINT('Ctrl Pts',(12.9278844612029,12.8046180084607,-9.56458359393144));
#6381=CARTESIAN_POINT('Ctrl Pts',(12.9195834508439,12.8049680236838,-9.58463829765093));
#6382=CARTESIAN_POINT('Ctrl Pts',(12.9124678778411,12.8053232262693,-9.60498559615034));
#6383=CARTESIAN_POINT('Ctrl Pts',(12.9064829397947,12.8056829687253,-9.62559158649369));
#6384=CARTESIAN_POINT('Ctrl Pts',(12.9005139303358,12.8060417537464,-9.64614273511343));
#6385=CARTESIAN_POINT('Ctrl Pts',(12.8956690180064,12.8064050590673,-9.6669519832963));
#6386=CARTESIAN_POINT('Ctrl Pts',(12.8919349140812,12.8067727931493,-9.68801680954177));
#6387=CARTESIAN_POINT('Ctrl Pts',(12.8883067347472,12.8071300957909,-9.70848409400664));
#6388=CARTESIAN_POINT('Ctrl Pts',(12.8857268842081,12.8074915940113,-9.72919341860432));
#6389=CARTESIAN_POINT('Ctrl Pts',(12.8842281287529,12.8078575789186,-9.75016047731249));
#6390=CARTESIAN_POINT('Ctrl Pts',(12.8834613473222,12.8080448212268,-9.76088747831641));
#6391=CARTESIAN_POINT('Ctrl Pts',(12.8829783027663,12.8082332428322,-9.77168216595259));
#6392=CARTESIAN_POINT('Ctrl Pts',(12.8827886460219,12.8084228995766,-9.78254759356272));
#6393=CARTESIAN_POINT('Origin',(0.,12.7912724675359,-8.8));
#6394=CARTESIAN_POINT('Origin',(0.,12.7912724675359,-8.8));
#6395=CARTESIAN_POINT('',(0.,0.,0.));
#6396=UNCERTAINTY_MEASURE_WITH_UNIT(LENGTH_MEASURE(0.01),#6402,
'DISTANCE_ACCURACY_VALUE',
'Maximum model space distance between geometric entities at asserted c
onnectivities');
#6397=UNCERTAINTY_MEASURE_WITH_UNIT(LENGTH_MEASURE(0.01),#6402,
'DISTANCE_ACCURACY_VALUE',
'Maximum model space distance between geometric entities at asserted c
onnectivities');
#6398=UNCERTAINTY_MEASURE_WITH_UNIT(LENGTH_MEASURE(0.01),#6402,
'DISTANCE_ACCURACY_VALUE',
'Maximum model space distance between geometric entities at asserted c
onnectivities');
#6399=(
GEOMETRIC_REPRESENTATION_CONTEXT(3)
GLOBAL_UNCERTAINTY_ASSIGNED_CONTEXT((#6396))
GLOBAL_UNIT_ASSIGNED_CONTEXT((#6402,#6404,#6405))
REPRESENTATION_CONTEXT('','3D')
);
#6400=(
GEOMETRIC_REPRESENTATION_CONTEXT(3)
GLOBAL_UNCERTAINTY_ASSIGNED_CONTEXT((#6397))
GLOBAL_UNIT_ASSIGNED_CONTEXT((#6402,#6404,#6405))
REPRESENTATION_CONTEXT('','3D')
);
#6401=(
GEOMETRIC_REPRESENTATION_CONTEXT(3)
GLOBAL_UNCERTAINTY_ASSIGNED_CONTEXT((#6398))
GLOBAL_UNIT_ASSIGNED_CONTEXT((#6402,#6404,#6405))
REPRESENTATION_CONTEXT('','3D')
);
#6402=(
LENGTH_UNIT()
NAMED_UNIT(*)
SI_UNIT(.MILLI.,.METRE.)
);
#6403=(
LENGTH_UNIT()
NAMED_UNIT(*)
SI_UNIT($,.METRE.)
);
#6404=(
NAMED_UNIT(*)
PLANE_ANGLE_UNIT()
SI_UNIT($,.RADIAN.)
);
#6405=(
NAMED_UNIT(*)
SI_UNIT($,.STERADIAN.)
SOLID_ANGLE_UNIT()
);
#6406=SHAPE_DEFINITION_REPRESENTATION(#6408,#6411);
#6407=SHAPE_DEFINITION_REPRESENTATION(#6409,#6412);
#6408=PRODUCT_DEFINITION_SHAPE('',$,#6414);
#6409=PRODUCT_DEFINITION_SHAPE('',$,#6415);
#6410=PRODUCT_DEFINITION_SHAPE($,$,#14);
#6411=SHAPE_REPRESENTATION('',(#3289,#3594),#6399);
#6412=SHAPE_REPRESENTATION('',(#3290),#6400);
#6413=PRODUCT_DEFINITION_CONTEXT('part definition',#6421,'design');
#6414=PRODUCT_DEFINITION('Z\X\D6\X\E1\X\BA\X\F3\X\B9\X\CC\X\B6\X\A8\X\BF
\X\E9-B\X\B0\X\E6\X\B1\X\BE','rear_top rodmount opt v10',#6416,#6413);
#6415=PRODUCT_DEFINITION('mount_presupported','mount_presupported',#6417,
#6413);
#6416=PRODUCT_DEFINITION_FORMATION('',$,#6423);
#6417=PRODUCT_DEFINITION_FORMATION('',$,#6424);
#6418=PRODUCT_RELATED_PRODUCT_CATEGORY('rear_top rodmount opt v10',
'rear_top rodmount opt v10',(#6423));
#6419=PRODUCT_RELATED_PRODUCT_CATEGORY('mount_presupported',
'mount_presupported',(#6424));
#6420=APPLICATION_PROTOCOL_DEFINITION('international standard',
'automotive_design',2009,#6421);
#6421=APPLICATION_CONTEXT(
'Core Data for Automotive Mechanical Design Process');
#6422=PRODUCT_CONTEXT('part definition',#6421,'mechanical');
#6423=PRODUCT('Z\X\D6\X\E1\X\BA\X\F3\X\B9\X\CC\X\B6\X\A8\X\BF\X\E9-B\X\B0
\X\E6\X\B1\X\BE','rear_top rodmount opt v10','STEP AP214',(#6422));
#6424=PRODUCT('mount_presupported','mount_presupported',$,(#6422));
#6425=PRESENTATION_STYLE_ASSIGNMENT((#6429));
#6426=PRESENTATION_STYLE_ASSIGNMENT((#6430));
#6427=PRESENTATION_STYLE_ASSIGNMENT((#6431));
#6428=PRESENTATION_STYLE_ASSIGNMENT((#6432));
#6429=SURFACE_STYLE_USAGE(.BOTH.,#6433);
#6430=SURFACE_STYLE_USAGE(.BOTH.,#6434);
#6431=SURFACE_STYLE_USAGE(.BOTH.,#6435);
#6432=SURFACE_STYLE_USAGE(.BOTH.,#6436);
#6433=SURFACE_SIDE_STYLE('',(#6437));
#6434=SURFACE_SIDE_STYLE('',(#6438));
#6435=SURFACE_SIDE_STYLE('',(#6439));
#6436=SURFACE_SIDE_STYLE('',(#6440));
#6437=SURFACE_STYLE_FILL_AREA(#6441);
#6438=SURFACE_STYLE_FILL_AREA(#6442);
#6439=SURFACE_STYLE_FILL_AREA(#6443);
#6440=SURFACE_STYLE_FILL_AREA(#6444);
#6441=FILL_AREA_STYLE('ABS (White)',(#6445));
#6442=FILL_AREA_STYLE('Black',(#6446));
#6443=FILL_AREA_STYLE(
'PA 12 - Nylon - PA 603-CF (with EOS P 3D Printers)',(#6447));
#6444=FILL_AREA_STYLE('Plastic - Matte (Green)',(#6448));
#6445=FILL_AREA_STYLE_COLOUR('ABS (White)',#6449);
#6446=FILL_AREA_STYLE_COLOUR('Black',#6450);
#6447=FILL_AREA_STYLE_COLOUR(
'PA 12 - Nylon - PA 603-CF (with EOS P 3D Printers)',#6451);
#6448=FILL_AREA_STYLE_COLOUR('Plastic - Matte (Green)',#6452);
#6449=COLOUR_RGB('ABS (White)',0.964705882352941,0.964705882352941,0.952941176470588);
#6450=COLOUR_RGB('Black',0.450980392156863,0.450980392156863,0.450980392156863);
#6451=COLOUR_RGB('PA 12 - Nylon - PA 603-CF (with EOS P 3D Printers)',0.247058823529412,
0.247058823529412,0.247058823529412);
#6452=COLOUR_RGB('Plastic - Matte (Green)',0.266666666666667,0.588235294117647,
0.282352941176471);
ENDSEC;
END-ISO-10303-21;
